<?xml version='1.0' encoding='utf-8'?>
<gpx xmlns="http://www.topografix.com/GPX/1/1" xmlns:xsi="http://www.w3.org/2001/XMLSchema-instance" version="1.1" creator="Bob's Motorcycle Trails" xsi:schemaLocation="http://www.topografix.com/GPX/1/1 http://www.topografix.com/GPX/1/1/gpx.xsd"><trk><name>T001 AU6D793</name><trkseg><trkpt lat="40.927051" lon="-110.348454"></trkpt><trkpt lat="40.926795" lon="-110.347866"></trkpt><trkpt lat="40.926448" lon="-110.346943"></trkpt><trkpt lat="40.926319" lon="-110.346478"></trkpt><trkpt lat="40.925940" lon="-110.345554"></trkpt><trkpt lat="40.925758" lon="-110.344547"></trkpt><trkpt lat="40.925783" lon="-110.344120"></trkpt><trkpt lat="40.925585" lon="-110.343349"></trkpt><trkpt lat="40.925444" lon="-110.343060"></trkpt><trkpt lat="40.925396" lon="-110.342678"></trkpt><trkpt lat="40.925323" lon="-110.342380"></trkpt><trkpt lat="40.925130" lon="-110.341800"></trkpt><trkpt lat="40.924920" lon="-110.340542"></trkpt><trkpt lat="40.924886" lon="-110.340008"></trkpt><trkpt lat="40.924929" lon="-110.339794"></trkpt><trkpt lat="40.925134" lon="-110.339298"></trkpt><trkpt lat="40.925553" lon="-110.338505"></trkpt><trkpt lat="40.926438" lon="-110.337406"></trkpt><trkpt lat="40.926545" lon="-110.337200"></trkpt><trkpt lat="40.926921" lon="-110.336689"></trkpt><trkpt lat="40.927018" lon="-110.336376"></trkpt><trkpt lat="40.927070" lon="-110.336032"></trkpt><trkpt lat="40.927013" lon="-110.335613"></trkpt><trkpt lat="40.926913" lon="-110.335453"></trkpt><trkpt lat="40.926687" lon="-110.335262"></trkpt><trkpt lat="40.926460" lon="-110.334850"></trkpt><trkpt lat="40.926185" lon="-110.334186"></trkpt><trkpt lat="40.926058" lon="-110.333973"></trkpt><trkpt lat="40.925914" lon="-110.333904"></trkpt><trkpt lat="40.925850" lon="-110.333782"></trkpt><trkpt lat="40.925866" lon="-110.333609"></trkpt></trkseg></trk><trk><name>T002 AU6D793</name><trkseg><trkpt lat="41.018335" lon="-110.380551"></trkpt><trkpt lat="41.018119" lon="-110.380643"></trkpt><trkpt lat="41.017997" lon="-110.380635"></trkpt><trkpt lat="41.017866" lon="-110.380582"></trkpt><trkpt lat="41.017601" lon="-110.380681"></trkpt><trkpt lat="41.017430" lon="-110.380604"></trkpt><trkpt lat="41.017051" lon="-110.380650"></trkpt><trkpt lat="41.016402" lon="-110.381337"></trkpt><trkpt lat="41.016190" lon="-110.381276"></trkpt><trkpt lat="41.015807" lon="-110.381230"></trkpt><trkpt lat="41.015196" lon="-110.381467"></trkpt><trkpt lat="41.014984" lon="-110.381467"></trkpt><trkpt lat="41.014627" lon="-110.381230"></trkpt><trkpt lat="41.014098" lon="-110.380978"></trkpt><trkpt lat="41.013720" lon="-110.380963"></trkpt><trkpt lat="41.013027" lon="-110.381139"></trkpt><trkpt lat="41.012965" lon="-110.381238"></trkpt><trkpt lat="41.012912" lon="-110.381452"></trkpt><trkpt lat="41.012778" lon="-110.381634"></trkpt><trkpt lat="41.012387" lon="-110.381795"></trkpt><trkpt lat="41.011580" lon="-110.381787"></trkpt><trkpt lat="41.011314" lon="-110.381741"></trkpt><trkpt lat="41.010926" lon="-110.381528"></trkpt><trkpt lat="41.010737" lon="-110.381589"></trkpt><trkpt lat="41.010449" lon="-110.381627"></trkpt><trkpt lat="41.009935" lon="-110.381535"></trkpt><trkpt lat="41.008418" lon="-110.381612"></trkpt><trkpt lat="41.008044" lon="-110.381696"></trkpt><trkpt lat="41.007496" lon="-110.381917"></trkpt><trkpt lat="41.007221" lon="-110.381955"></trkpt><trkpt lat="41.006640" lon="-110.381864"></trkpt><trkpt lat="41.006307" lon="-110.381978"></trkpt><trkpt lat="41.006001" lon="-110.382039"></trkpt><trkpt lat="41.005583" lon="-110.382229"></trkpt><trkpt lat="41.005404" lon="-110.382375"></trkpt><trkpt lat="41.004065" lon="-110.383077"></trkpt><trkpt lat="41.003814" lon="-110.383176"></trkpt><trkpt lat="41.003257" lon="-110.383519"></trkpt><trkpt lat="41.002422" lon="-110.383962"></trkpt><trkpt lat="41.001739" lon="-110.384397"></trkpt><trkpt lat="41.001528" lon="-110.384495"></trkpt><trkpt lat="41.001246" lon="-110.384816"></trkpt><trkpt lat="41.000900" lon="-110.385037"></trkpt><trkpt lat="41.000149" lon="-110.385137"></trkpt><trkpt lat="40.999945" lon="-110.385007"></trkpt><trkpt lat="40.999827" lon="-110.384748"></trkpt><trkpt lat="40.999614" lon="-110.384549"></trkpt><trkpt lat="40.999687" lon="-110.384717"></trkpt><trkpt lat="40.999725" lon="-110.384999"></trkpt><trkpt lat="40.999636" lon="-110.385373"></trkpt><trkpt lat="40.999453" lon="-110.385670"></trkpt><trkpt lat="40.999423" lon="-110.385969"></trkpt><trkpt lat="40.999470" lon="-110.386197"></trkpt><trkpt lat="40.999570" lon="-110.386388"></trkpt></trkseg></trk><trk><name>T003 AU6D793</name><trkseg><trkpt lat="40.770134" lon="-111.045937"></trkpt><trkpt lat="40.769972" lon="-111.046067"></trkpt><trkpt lat="40.769846" lon="-111.046052"></trkpt><trkpt lat="40.769594" lon="-111.045701"></trkpt><trkpt lat="40.769414" lon="-111.045678"></trkpt><trkpt lat="40.769206" lon="-111.045731"></trkpt><trkpt lat="40.769134" lon="-111.045792"></trkpt><trkpt lat="40.768981" lon="-111.046067"></trkpt><trkpt lat="40.768801" lon="-111.046586"></trkpt><trkpt lat="40.768638" lon="-111.046784"></trkpt><trkpt lat="40.768314" lon="-111.046822"></trkpt><trkpt lat="40.768026" lon="-111.046929"></trkpt><trkpt lat="40.767719" lon="-111.047349"></trkpt><trkpt lat="40.767259" lon="-111.048158"></trkpt><trkpt lat="40.767115" lon="-111.048509"></trkpt><trkpt lat="40.767025" lon="-111.048768"></trkpt><trkpt lat="40.766953" lon="-111.049256"></trkpt><trkpt lat="40.766903" lon="-111.050012"></trkpt><trkpt lat="40.766781" lon="-111.050187"></trkpt><trkpt lat="40.766574" lon="-111.050263"></trkpt><trkpt lat="40.766385" lon="-111.050462"></trkpt><trkpt lat="40.766295" lon="-111.050614"></trkpt><trkpt lat="40.766195" lon="-111.050683"></trkpt><trkpt lat="40.766024" lon="-111.050706"></trkpt><trkpt lat="40.765943" lon="-111.050614"></trkpt><trkpt lat="40.765628" lon="-111.049714"></trkpt><trkpt lat="40.765484" lon="-111.049119"></trkpt><trkpt lat="40.765422" lon="-111.048524"></trkpt><trkpt lat="40.765440" lon="-111.048051"></trkpt><trkpt lat="40.765602" lon="-111.047570"></trkpt><trkpt lat="40.765652" lon="-111.047104"></trkpt><trkpt lat="40.765666" lon="-111.046204"></trkpt><trkpt lat="40.765630" lon="-111.046029"></trkpt><trkpt lat="40.765306" lon="-111.045533"></trkpt><trkpt lat="40.765261" lon="-111.045304"></trkpt><trkpt lat="40.765270" lon="-111.044358"></trkpt><trkpt lat="40.765171" lon="-111.044083"></trkpt><trkpt lat="40.764685" lon="-111.043755"></trkpt><trkpt lat="40.764460" lon="-111.043419"></trkpt><trkpt lat="40.764379" lon="-111.043221"></trkpt><trkpt lat="40.764298" lon="-111.042405"></trkpt><trkpt lat="40.764145" lon="-111.041855"></trkpt><trkpt lat="40.764095" lon="-111.041482"></trkpt><trkpt lat="40.764244" lon="-111.040940"></trkpt><trkpt lat="40.764875" lon="-111.039734"></trkpt><trkpt lat="40.765412" lon="-111.038979"></trkpt><trkpt lat="40.765650" lon="-111.038544"></trkpt><trkpt lat="40.765957" lon="-111.038109"></trkpt><trkpt lat="40.766525" lon="-111.037560"></trkpt><trkpt lat="40.766827" lon="-111.037056"></trkpt><trkpt lat="40.767219" lon="-111.036057"></trkpt><trkpt lat="40.767660" lon="-111.035294"></trkpt><trkpt lat="40.767696" lon="-111.035149"></trkpt><trkpt lat="40.767769" lon="-111.033539"></trkpt><trkpt lat="40.767841" lon="-111.032898"></trkpt><trkpt lat="40.768202" lon="-111.032333"></trkpt><trkpt lat="40.768414" lon="-111.031929"></trkpt><trkpt lat="40.768463" lon="-111.031730"></trkpt><trkpt lat="40.768454" lon="-111.031227"></trkpt><trkpt lat="40.768518" lon="-111.030517"></trkpt><trkpt lat="40.768770" lon="-111.029610"></trkpt><trkpt lat="40.768842" lon="-111.029053"></trkpt><trkpt lat="40.768833" lon="-111.028656"></trkpt><trkpt lat="40.768788" lon="-111.028534"></trkpt><trkpt lat="40.768725" lon="-111.028473"></trkpt><trkpt lat="40.768563" lon="-111.028412"></trkpt><trkpt lat="40.768473" lon="-111.028412"></trkpt><trkpt lat="40.768392" lon="-111.028366"></trkpt><trkpt lat="40.768347" lon="-111.028290"></trkpt><trkpt lat="40.768320" lon="-111.028206"></trkpt><trkpt lat="40.768347" lon="-111.027710"></trkpt><trkpt lat="40.768280" lon="-111.027366"></trkpt><trkpt lat="40.768275" lon="-111.027183"></trkpt><trkpt lat="40.768491" lon="-111.026344"></trkpt><trkpt lat="40.768510" lon="-111.026168"></trkpt><trkpt lat="40.768393" lon="-111.025459"></trkpt><trkpt lat="40.768465" lon="-111.025238"></trkpt><trkpt lat="40.768888" lon="-111.024642"></trkpt><trkpt lat="40.769023" lon="-111.024276"></trkpt><trkpt lat="40.769059" lon="-111.024063"></trkpt><trkpt lat="40.769114" lon="-111.023513"></trkpt><trkpt lat="40.769024" lon="-111.022796"></trkpt><trkpt lat="40.769051" lon="-111.022392"></trkpt><trkpt lat="40.769213" lon="-111.021980"></trkpt><trkpt lat="40.769880" lon="-111.020599"></trkpt><trkpt lat="40.769961" lon="-111.020294"></trkpt><trkpt lat="40.770150" lon="-111.019889"></trkpt><trkpt lat="40.770267" lon="-111.019775"></trkpt><trkpt lat="40.770713" lon="-111.019500"></trkpt><trkpt lat="40.771222" lon="-111.019370"></trkpt><trkpt lat="40.771276" lon="-111.019325"></trkpt><trkpt lat="40.771295" lon="-111.019241"></trkpt><trkpt lat="40.771177" lon="-111.019050"></trkpt><trkpt lat="40.770979" lon="-111.019004"></trkpt><trkpt lat="40.770745" lon="-111.019012"></trkpt><trkpt lat="40.770277" lon="-111.019248"></trkpt><trkpt lat="40.769943" lon="-111.019378"></trkpt><trkpt lat="40.769276" lon="-111.019561"></trkpt><trkpt lat="40.768547" lon="-111.019843"></trkpt><trkpt lat="40.768096" lon="-111.019927"></trkpt><trkpt lat="40.767876" lon="-111.019836"></trkpt><trkpt lat="40.767853" lon="-111.019744"></trkpt><trkpt lat="40.767885" lon="-111.019668"></trkpt><trkpt lat="40.768250" lon="-111.019485"></trkpt><trkpt lat="40.768664" lon="-111.019141"></trkpt><trkpt lat="40.769232" lon="-111.018577"></trkpt><trkpt lat="40.769799" lon="-111.017760"></trkpt><trkpt lat="40.770133" lon="-111.017051"></trkpt><trkpt lat="40.770196" lon="-111.016837"></trkpt><trkpt lat="40.770363" lon="-111.015876"></trkpt></trkseg></trk><trk><name>T004 AU6D793</name><trkseg><trkpt lat="40.775337" lon="-111.030029"></trkpt><trkpt lat="40.775283" lon="-111.030426"></trkpt><trkpt lat="40.775013" lon="-111.031067"></trkpt><trkpt lat="40.774886" lon="-111.031624"></trkpt><trkpt lat="40.774400" lon="-111.032188"></trkpt><trkpt lat="40.774301" lon="-111.032357"></trkpt><trkpt lat="40.774129" lon="-111.032783"></trkpt><trkpt lat="40.773805" lon="-111.033898"></trkpt><trkpt lat="40.773651" lon="-111.034882"></trkpt><trkpt lat="40.773453" lon="-111.035210"></trkpt><trkpt lat="40.773300" lon="-111.035675"></trkpt><trkpt lat="40.773128" lon="-111.035912"></trkpt><trkpt lat="40.773092" lon="-111.036316"></trkpt><trkpt lat="40.773011" lon="-111.036621"></trkpt><trkpt lat="40.772894" lon="-111.036835"></trkpt><trkpt lat="40.772831" lon="-111.037369"></trkpt><trkpt lat="40.772736" lon="-111.037720"></trkpt><trkpt lat="40.772542" lon="-111.038094"></trkpt><trkpt lat="40.771992" lon="-111.038910"></trkpt><trkpt lat="40.771803" lon="-111.039399"></trkpt><trkpt lat="40.771767" lon="-111.039650"></trkpt><trkpt lat="40.771776" lon="-111.039849"></trkpt><trkpt lat="40.772064" lon="-111.040726"></trkpt><trkpt lat="40.772199" lon="-111.041520"></trkpt><trkpt lat="40.772199" lon="-111.042145"></trkpt><trkpt lat="40.772063" lon="-111.042779"></trkpt><trkpt lat="40.771874" lon="-111.043107"></trkpt><trkpt lat="40.771599" lon="-111.043427"></trkpt><trkpt lat="40.771045" lon="-111.043626"></trkpt><trkpt lat="40.770288" lon="-111.043687"></trkpt><trkpt lat="40.770162" lon="-111.043755"></trkpt><trkpt lat="40.770090" lon="-111.043900"></trkpt><trkpt lat="40.770054" lon="-111.044350"></trkpt><trkpt lat="40.770058" lon="-111.044922"></trkpt><trkpt lat="40.770206" lon="-111.045441"></trkpt><trkpt lat="40.770134" lon="-111.045937"></trkpt><trkpt lat="40.770801" lon="-111.046372"></trkpt><trkpt lat="40.771548" lon="-111.046769"></trkpt><trkpt lat="40.771836" lon="-111.047112"></trkpt><trkpt lat="40.772025" lon="-111.047585"></trkpt><trkpt lat="40.772061" lon="-111.047799"></trkpt><trkpt lat="40.772057" lon="-111.048013"></trkpt><trkpt lat="40.771971" lon="-111.048631"></trkpt><trkpt lat="40.771952" lon="-111.050881"></trkpt><trkpt lat="40.772006" lon="-111.051873"></trkpt><trkpt lat="40.771933" lon="-111.052789"></trkpt><trkpt lat="40.772032" lon="-111.053712"></trkpt><trkpt lat="40.772122" lon="-111.053972"></trkpt><trkpt lat="40.772248" lon="-111.054140"></trkpt><trkpt lat="40.772410" lon="-111.054246"></trkpt><trkpt lat="40.772896" lon="-111.054724"></trkpt><trkpt lat="40.773616" lon="-111.055240"></trkpt><trkpt lat="40.774070" lon="-111.055446"></trkpt></trkseg></trk><trk><name>T005 AU6D793</name><trkseg><trkpt lat="40.752718" lon="-111.069582"></trkpt><trkpt lat="40.752673" lon="-111.069178"></trkpt><trkpt lat="40.752547" lon="-111.068697"></trkpt><trkpt lat="40.752358" lon="-111.068216"></trkpt><trkpt lat="40.752268" lon="-111.067896"></trkpt><trkpt lat="40.752143" lon="-111.066911"></trkpt><trkpt lat="40.751972" lon="-111.066156"></trkpt><trkpt lat="40.751784" lon="-111.064653"></trkpt><trkpt lat="40.751532" lon="-111.063539"></trkpt><trkpt lat="40.751370" lon="-111.062639"></trkpt><trkpt lat="40.751362" lon="-111.062150"></trkpt><trkpt lat="40.751308" lon="-111.061593"></trkpt><trkpt lat="40.751137" lon="-111.060663"></trkpt><trkpt lat="40.751110" lon="-111.060197"></trkpt><trkpt lat="40.751047" lon="-111.059915"></trkpt><trkpt lat="40.750633" lon="-111.059228"></trkpt><trkpt lat="40.750453" lon="-111.058824"></trkpt><trkpt lat="40.750431" lon="-111.058633"></trkpt><trkpt lat="40.750463" lon="-111.058259"></trkpt><trkpt lat="40.750508" lon="-111.058099"></trkpt><trkpt lat="40.750629" lon="-111.057885"></trkpt><trkpt lat="40.750977" lon="-111.057534"></trkpt><trkpt lat="40.751022" lon="-111.057191"></trkpt><trkpt lat="40.750995" lon="-111.056695"></trkpt><trkpt lat="40.750950" lon="-111.056558"></trkpt><trkpt lat="40.750743" lon="-111.056314"></trkpt><trkpt lat="40.750698" lon="-111.056191"></trkpt><trkpt lat="40.750671" lon="-111.055924"></trkpt><trkpt lat="40.750734" lon="-111.055734"></trkpt><trkpt lat="40.751185" lon="-111.054879"></trkpt><trkpt lat="40.751239" lon="-111.054681"></trkpt><trkpt lat="40.751266" lon="-111.054498"></trkpt><trkpt lat="40.751212" lon="-111.053887"></trkpt><trkpt lat="40.751244" lon="-111.053811"></trkpt><trkpt lat="40.751735" lon="-111.053483"></trkpt><trkpt lat="40.751816" lon="-111.053376"></trkpt><trkpt lat="40.751924" lon="-111.053102"></trkpt><trkpt lat="40.752060" lon="-111.052865"></trkpt><trkpt lat="40.752375" lon="-111.052743"></trkpt><trkpt lat="40.752492" lon="-111.052750"></trkpt><trkpt lat="40.752591" lon="-111.052834"></trkpt><trkpt lat="40.752627" lon="-111.053010"></trkpt><trkpt lat="40.752618" lon="-111.053254"></trkpt><trkpt lat="40.752659" lon="-111.053468"></trkpt><trkpt lat="40.752735" lon="-111.053597"></trkpt><trkpt lat="40.752825" lon="-111.053704"></trkpt><trkpt lat="40.753275" lon="-111.054002"></trkpt><trkpt lat="40.753627" lon="-111.054345"></trkpt><trkpt lat="40.753897" lon="-111.054696"></trkpt><trkpt lat="40.753978" lon="-111.054727"></trkpt><trkpt lat="40.754095" lon="-111.054704"></trkpt><trkpt lat="40.754149" lon="-111.054383"></trkpt><trkpt lat="40.754203" lon="-111.054246"></trkpt><trkpt lat="40.754379" lon="-111.054040"></trkpt><trkpt lat="40.754816" lon="-111.054002"></trkpt><trkpt lat="40.754933" lon="-111.053956"></trkpt><trkpt lat="40.755284" lon="-111.053720"></trkpt><trkpt lat="40.755947" lon="-111.053086"></trkpt><trkpt lat="40.756330" lon="-111.052918"></trkpt><trkpt lat="40.756519" lon="-111.052789"></trkpt><trkpt lat="40.756862" lon="-111.052514"></trkpt><trkpt lat="40.757290" lon="-111.052110"></trkpt><trkpt lat="40.757812" lon="-111.051698"></trkpt><trkpt lat="40.758231" lon="-111.051202"></trkpt><trkpt lat="40.758574" lon="-111.050553"></trkpt><trkpt lat="40.758818" lon="-111.049874"></trkpt><trkpt lat="40.759214" lon="-111.048936"></trkpt><trkpt lat="40.759422" lon="-111.048600"></trkpt><trkpt lat="40.759593" lon="-111.048539"></trkpt><trkpt lat="40.759773" lon="-111.048539"></trkpt><trkpt lat="40.759845" lon="-111.048462"></trkpt><trkpt lat="40.760007" lon="-111.048135"></trkpt><trkpt lat="40.760278" lon="-111.047173"></trkpt><trkpt lat="40.760269" lon="-111.046975"></trkpt><trkpt lat="40.760080" lon="-111.046395"></trkpt><trkpt lat="40.760067" lon="-111.046273"></trkpt><trkpt lat="40.760288" lon="-111.045792"></trkpt><trkpt lat="40.760486" lon="-111.045044"></trkpt><trkpt lat="40.760549" lon="-111.044922"></trkpt><trkpt lat="40.760937" lon="-111.044533"></trkpt><trkpt lat="40.761058" lon="-111.044304"></trkpt><trkpt lat="40.761153" lon="-111.043976"></trkpt><trkpt lat="40.761297" lon="-111.043740"></trkpt><trkpt lat="40.761379" lon="-111.043679"></trkpt><trkpt lat="40.761707" lon="-111.043557"></trkpt><trkpt lat="40.762505" lon="-111.043053"></trkpt><trkpt lat="40.762757" lon="-111.042694"></trkpt><trkpt lat="40.762982" lon="-111.042519"></trkpt><trkpt lat="40.763253" lon="-111.042374"></trkpt><trkpt lat="40.763577" lon="-111.041954"></trkpt><trkpt lat="40.764095" lon="-111.041482"></trkpt></trkseg></trk><trk><name>T006 AU6D793</name><trkseg><trkpt lat="40.541346" lon="-111.028930"></trkpt><trkpt lat="40.541725" lon="-111.022383"></trkpt><trkpt lat="40.541834" lon="-111.020742"></trkpt><trkpt lat="40.541870" lon="-111.020584"></trkpt><trkpt lat="40.542014" lon="-111.020279"></trkpt><trkpt lat="40.542266" lon="-111.019969"></trkpt><trkpt lat="40.542753" lon="-111.019466"></trkpt><trkpt lat="40.543460" lon="-111.018447"></trkpt><trkpt lat="40.543654" lon="-111.018119"></trkpt><trkpt lat="40.544046" lon="-111.017306"></trkpt><trkpt lat="40.544271" lon="-111.016933"></trkpt><trkpt lat="40.544316" lon="-111.016634"></trkpt><trkpt lat="40.544298" lon="-111.016442"></trkpt><trkpt lat="40.544082" lon="-111.015561"></trkpt><trkpt lat="40.544046" lon="-111.015211"></trkpt><trkpt lat="40.544110" lon="-111.014564"></trkpt><trkpt lat="40.544182" lon="-111.014225"></trkpt><trkpt lat="40.544745" lon="-111.012514"></trkpt><trkpt lat="40.545015" lon="-111.011523"></trkpt><trkpt lat="40.545313" lon="-111.009992"></trkpt><trkpt lat="40.545664" lon="-111.009179"></trkpt><trkpt lat="40.545970" lon="-111.008648"></trkpt><trkpt lat="40.546074" lon="-111.008402"></trkpt><trkpt lat="40.546101" lon="-111.008216"></trkpt><trkpt lat="40.546092" lon="-111.007329"></trkpt><trkpt lat="40.546430" lon="-111.006007"></trkpt><trkpt lat="40.546565" lon="-111.005304"></trkpt><trkpt lat="40.546619" lon="-111.005130"></trkpt><trkpt lat="40.546763" lon="-111.004884"></trkpt><trkpt lat="40.546903" lon="-111.004710"></trkpt><trkpt lat="40.547142" lon="-111.004544"></trkpt><trkpt lat="40.547417" lon="-111.004121"></trkpt><trkpt lat="40.547453" lon="-111.004024"></trkpt><trkpt lat="40.547453" lon="-111.003613"></trkpt><trkpt lat="40.547480" lon="-111.003500"></trkpt><trkpt lat="40.547727" lon="-111.003165"></trkpt><trkpt lat="40.547845" lon="-111.002792"></trkpt><trkpt lat="40.548047" lon="-111.002430"></trkpt><trkpt lat="40.548173" lon="-111.002273"></trkpt><trkpt lat="40.548493" lon="-111.002063"></trkpt><trkpt lat="40.548980" lon="-111.001153"></trkpt><trkpt lat="40.549011" lon="-111.001039"></trkpt><trkpt lat="40.549007" lon="-111.000875"></trkpt><trkpt lat="40.548867" lon="-111.000361"></trkpt><trkpt lat="40.548818" lon="-110.999880"></trkpt><trkpt lat="40.548827" lon="-110.999599"></trkpt><trkpt lat="40.548930" lon="-110.999035"></trkpt><trkpt lat="40.548939" lon="-110.998343"></trkpt><trkpt lat="40.549146" lon="-110.997949"></trkpt><trkpt lat="40.549264" lon="-110.997808"></trkpt><trkpt lat="40.549646" lon="-110.997165"></trkpt><trkpt lat="40.549944" lon="-110.996495"></trkpt><trkpt lat="40.550331" lon="-110.996152"></trkpt><trkpt lat="40.550381" lon="-110.996055"></trkpt><trkpt lat="40.550453" lon="-110.995693"></trkpt><trkpt lat="40.550453" lon="-110.995207"></trkpt><trkpt lat="40.550335" lon="-110.994742"></trkpt><trkpt lat="40.550304" lon="-110.994326"></trkpt><trkpt lat="40.550403" lon="-110.993808"></trkpt><trkpt lat="40.550471" lon="-110.993608"></trkpt><trkpt lat="40.550682" lon="-110.993246"></trkpt><trkpt lat="40.550862" lon="-110.992822"></trkpt><trkpt lat="40.550912" lon="-110.992443"></trkpt><trkpt lat="40.550907" lon="-110.992033"></trkpt><trkpt lat="40.550880" lon="-110.991898"></trkpt><trkpt lat="40.550592" lon="-110.991385"></trkpt><trkpt lat="40.550142" lon="-110.990425"></trkpt><trkpt lat="40.549889" lon="-110.990057"></trkpt><trkpt lat="40.549795" lon="-110.989842"></trkpt><trkpt lat="40.549745" lon="-110.989384"></trkpt><trkpt lat="40.549750" lon="-110.989067"></trkpt><trkpt lat="40.549939" lon="-110.987846"></trkpt><trkpt lat="40.549943" lon="-110.987569"></trkpt><trkpt lat="40.549875" lon="-110.987368"></trkpt><trkpt lat="40.549749" lon="-110.987192"></trkpt><trkpt lat="40.549542" lon="-110.986692"></trkpt><trkpt lat="40.549272" lon="-110.986370"></trkpt><trkpt lat="40.549146" lon="-110.986129"></trkpt><trkpt lat="40.549114" lon="-110.985747"></trkpt><trkpt lat="40.549168" lon="-110.985330"></trkpt><trkpt lat="40.549172" lon="-110.984696"></trkpt><trkpt lat="40.549073" lon="-110.984092"></trkpt><trkpt lat="40.549132" lon="-110.983646"></trkpt><trkpt lat="40.549307" lon="-110.983168"></trkpt><trkpt lat="40.549600" lon="-110.982924"></trkpt><trkpt lat="40.549645" lon="-110.982841"></trkpt><trkpt lat="40.549717" lon="-110.982421"></trkpt><trkpt lat="40.550023" lon="-110.981953"></trkpt><trkpt lat="40.550388" lon="-110.981242"></trkpt><trkpt lat="40.550438" lon="-110.980920"></trkpt><trkpt lat="40.550649" lon="-110.980463"></trkpt><trkpt lat="40.550748" lon="-110.980016"></trkpt><trkpt lat="40.550883" lon="-110.979622"></trkpt><trkpt lat="40.550919" lon="-110.979212"></trkpt><trkpt lat="40.551041" lon="-110.978895"></trkpt><trkpt lat="40.551316" lon="-110.978682"></trkpt><trkpt lat="40.551505" lon="-110.978635"></trkpt><trkpt lat="40.551973" lon="-110.978617"></trkpt><trkpt lat="40.552568" lon="-110.978295"></trkpt><trkpt lat="40.552680" lon="-110.978211"></trkpt><trkpt lat="40.553153" lon="-110.977578"></trkpt><trkpt lat="40.553257" lon="-110.977494"></trkpt><trkpt lat="40.553545" lon="-110.977393"></trkpt><trkpt lat="40.553635" lon="-110.977305"></trkpt><trkpt lat="40.554126" lon="-110.976464"></trkpt><trkpt lat="40.554338" lon="-110.976168"></trkpt><trkpt lat="40.554639" lon="-110.975856"></trkpt><trkpt lat="40.555063" lon="-110.975339"></trkpt><trkpt lat="40.555139" lon="-110.975101"></trkpt><trkpt lat="40.555175" lon="-110.974742"></trkpt><trkpt lat="40.555229" lon="-110.974617"></trkpt><trkpt lat="40.555544" lon="-110.974259"></trkpt><trkpt lat="40.555616" lon="-110.974119"></trkpt><trkpt lat="40.555760" lon="-110.973527"></trkpt><trkpt lat="40.556053" lon="-110.972927"></trkpt><trkpt lat="40.556404" lon="-110.972387"></trkpt><trkpt lat="40.556684" lon="-110.972117"></trkpt><trkpt lat="40.556810" lon="-110.971888"></trkpt><trkpt lat="40.556828" lon="-110.971597"></trkpt><trkpt lat="40.556782" lon="-110.970785"></trkpt><trkpt lat="40.556737" lon="-110.970655"></trkpt><trkpt lat="40.556629" lon="-110.970494"></trkpt><trkpt lat="40.556489" lon="-110.970052"></trkpt><trkpt lat="40.556444" lon="-110.969715"></trkpt><trkpt lat="40.556467" lon="-110.969300"></trkpt><trkpt lat="40.556561" lon="-110.969035"></trkpt><trkpt lat="40.556651" lon="-110.968407"></trkpt><trkpt lat="40.556583" lon="-110.967903"></trkpt><trkpt lat="40.556579" lon="-110.967031"></trkpt><trkpt lat="40.556484" lon="-110.966207"></trkpt><trkpt lat="40.556488" lon="-110.965745"></trkpt><trkpt lat="40.556650" lon="-110.965127"></trkpt><trkpt lat="40.556925" lon="-110.964452"></trkpt><trkpt lat="40.557010" lon="-110.964016"></trkpt><trkpt lat="40.557033" lon="-110.963572"></trkpt><trkpt lat="40.557014" lon="-110.962637"></trkpt><trkpt lat="40.556947" lon="-110.962295"></trkpt><trkpt lat="40.556928" lon="-110.961952"></trkpt><trkpt lat="40.556991" lon="-110.961723"></trkpt><trkpt lat="40.557388" lon="-110.960921"></trkpt><trkpt lat="40.557437" lon="-110.959405"></trkpt><trkpt lat="40.557423" lon="-110.959109"></trkpt><trkpt lat="40.557346" lon="-110.958823"></trkpt><trkpt lat="40.557324" lon="-110.958548"></trkpt><trkpt lat="40.557342" lon="-110.958459"></trkpt><trkpt lat="40.557571" lon="-110.958257"></trkpt><trkpt lat="40.557846" lon="-110.957737"></trkpt><trkpt lat="40.557909" lon="-110.957397"></trkpt><trkpt lat="40.557895" lon="-110.957246"></trkpt><trkpt lat="40.557828" lon="-110.957117"></trkpt><trkpt lat="40.557602" lon="-110.956722"></trkpt><trkpt lat="40.557417" lon="-110.956478"></trkpt><trkpt lat="40.557142" lon="-110.955949"></trkpt><trkpt lat="40.556958" lon="-110.955274"></trkpt><trkpt lat="40.556163" lon="-110.953505"></trkpt><trkpt lat="40.555306" lon="-110.952178"></trkpt><trkpt lat="40.555227" lon="-110.951258"></trkpt><trkpt lat="40.554057" lon="-110.949420"></trkpt><trkpt lat="40.553278" lon="-110.948399"></trkpt><trkpt lat="40.553199" lon="-110.947479"></trkpt><trkpt lat="40.551796" lon="-110.946561"></trkpt><trkpt lat="40.550783" lon="-110.946255"></trkpt><trkpt lat="40.550237" lon="-110.945438"></trkpt><trkpt lat="40.549769" lon="-110.944212"></trkpt><trkpt lat="40.547429" lon="-110.942273"></trkpt><trkpt lat="40.545245" lon="-110.938597"></trkpt><trkpt lat="40.544231" lon="-110.936554"></trkpt><trkpt lat="40.543530" lon="-110.936453"></trkpt><trkpt lat="40.543140" lon="-110.936760"></trkpt><trkpt lat="40.542360" lon="-110.936352"></trkpt><trkpt lat="40.540650" lon="-110.934082"></trkpt><trkpt lat="40.540438" lon="-110.934098"></trkpt><trkpt lat="40.540065" lon="-110.934199"></trkpt><trkpt lat="40.539749" lon="-110.934238"></trkpt><trkpt lat="40.538934" lon="-110.934185"></trkpt><trkpt lat="40.538547" lon="-110.934108"></trkpt><trkpt lat="40.538218" lon="-110.933899"></trkpt><trkpt lat="40.537898" lon="-110.933868"></trkpt><trkpt lat="40.537668" lon="-110.933574"></trkpt><trkpt lat="40.537560" lon="-110.933242"></trkpt><trkpt lat="40.537569" lon="-110.933149"></trkpt><trkpt lat="40.537528" lon="-110.933002"></trkpt><trkpt lat="40.537231" lon="-110.932739"></trkpt><trkpt lat="40.536856" lon="-110.932186"></trkpt><trkpt lat="40.536685" lon="-110.932008"></trkpt><trkpt lat="40.536572" lon="-110.931931"></trkpt><trkpt lat="40.536271" lon="-110.931869"></trkpt><trkpt lat="40.535924" lon="-110.931536"></trkpt><trkpt lat="40.535243" lon="-110.931080"></trkpt><trkpt lat="40.534680" lon="-110.930852"></trkpt><trkpt lat="40.534477" lon="-110.930814"></trkpt><trkpt lat="40.534063" lon="-110.930807"></trkpt><trkpt lat="40.533761" lon="-110.930869"></trkpt><trkpt lat="40.533315" lon="-110.931090"></trkpt><trkpt lat="40.533135" lon="-110.931261"></trkpt><trkpt lat="40.532906" lon="-110.931617"></trkpt><trkpt lat="40.532491" lon="-110.931811"></trkpt><trkpt lat="40.532077" lon="-110.931896"></trkpt><trkpt lat="40.531523" lon="-110.932160"></trkpt><trkpt lat="40.530249" lon="-110.933070"></trkpt><trkpt lat="40.529330" lon="-110.933122"></trkpt><trkpt lat="40.528735" lon="-110.933339"></trkpt><trkpt lat="40.528528" lon="-110.933386"></trkpt><trkpt lat="40.528069" lon="-110.933309"></trkpt><trkpt lat="40.527898" lon="-110.933348"></trkpt><trkpt lat="40.527731" lon="-110.933464"></trkpt><trkpt lat="40.527028" lon="-110.933612"></trkpt><trkpt lat="40.525966" lon="-110.933992"></trkpt><trkpt lat="40.525231" lon="-110.934345"></trkpt><trkpt lat="40.524813" lon="-110.934694"></trkpt><trkpt lat="40.524417" lon="-110.935181"></trkpt><trkpt lat="40.524034" lon="-110.935465"></trkpt><trkpt lat="40.523818" lon="-110.935914"></trkpt><trkpt lat="40.523480" lon="-110.936510"></trkpt><trkpt lat="40.523372" lon="-110.936641"></trkpt><trkpt lat="40.523246" lon="-110.936757"></trkpt><trkpt lat="40.522206" lon="-110.937478"></trkpt><trkpt lat="40.521747" lon="-110.937932"></trkpt><trkpt lat="40.521324" lon="-110.938009"></trkpt><trkpt lat="40.520999" lon="-110.938250"></trkpt><trkpt lat="40.520833" lon="-110.938509"></trkpt><trkpt lat="40.520685" lon="-110.939133"></trkpt><trkpt lat="40.520572" lon="-110.939419"></trkpt><trkpt lat="40.520491" lon="-110.939503"></trkpt><trkpt lat="40.520131" lon="-110.939731"></trkpt><trkpt lat="40.519807" lon="-110.940288"></trkpt><trkpt lat="40.519771" lon="-110.940525"></trkpt><trkpt lat="40.519938" lon="-110.941362"></trkpt><trkpt lat="40.520020" lon="-110.942407"></trkpt><trkpt lat="40.520065" lon="-110.943673"></trkpt><trkpt lat="40.520197" lon="-110.945196"></trkpt><trkpt lat="40.520246" lon="-110.945336"></trkpt><trkpt lat="40.520485" lon="-110.945742"></trkpt><trkpt lat="40.521062" lon="-110.946469"></trkpt><trkpt lat="40.521112" lon="-110.946719"></trkpt><trkpt lat="40.521053" lon="-110.947226"></trkpt><trkpt lat="40.521145" lon="-110.949757"></trkpt><trkpt lat="40.521064" lon="-110.950641"></trkpt><trkpt lat="40.520997" lon="-110.952793"></trkpt><trkpt lat="40.521052" lon="-110.954986"></trkpt><trkpt lat="40.520976" lon="-110.955958"></trkpt><trkpt lat="40.521116" lon="-110.957350"></trkpt><trkpt lat="40.521337" lon="-110.959029"></trkpt><trkpt lat="40.521342" lon="-110.959453"></trkpt><trkpt lat="40.521297" lon="-110.959656"></trkpt><trkpt lat="40.521072" lon="-110.960242"></trkpt><trkpt lat="40.520879" lon="-110.960515"></trkpt><trkpt lat="40.520613" lon="-110.960549"></trkpt><trkpt lat="40.519969" lon="-110.960451"></trkpt><trkpt lat="40.519811" lon="-110.960469"></trkpt><trkpt lat="40.519338" lon="-110.960855"></trkpt><trkpt lat="40.518672" lon="-110.961806"></trkpt><trkpt lat="40.518478" lon="-110.961963"></trkpt><trkpt lat="40.518235" lon="-110.962352"></trkpt><trkpt lat="40.518104" lon="-110.962685"></trkpt><trkpt lat="40.517987" lon="-110.962819"></trkpt><trkpt lat="40.517857" lon="-110.962912"></trkpt><trkpt lat="40.517704" lon="-110.962964"></trkpt><trkpt lat="40.517141" lon="-110.962976"></trkpt><trkpt lat="40.517280" lon="-110.963591"></trkpt><trkpt lat="40.517596" lon="-110.964136"></trkpt><trkpt lat="40.517920" lon="-110.964478"></trkpt><trkpt lat="40.518637" lon="-110.965052"></trkpt><trkpt lat="40.519051" lon="-110.965493"></trkpt><trkpt lat="40.519209" lon="-110.965724"></trkpt><trkpt lat="40.519493" lon="-110.966284"></trkpt><trkpt lat="40.520146" lon="-110.967154"></trkpt><trkpt lat="40.520831" lon="-110.968192"></trkpt><trkpt lat="40.521295" lon="-110.968664"></trkpt><trkpt lat="40.521687" lon="-110.969204"></trkpt><trkpt lat="40.522102" lon="-110.969905"></trkpt><trkpt lat="40.523112" lon="-110.972176"></trkpt><trkpt lat="40.523274" lon="-110.972634"></trkpt><trkpt lat="40.523698" lon="-110.974090"></trkpt><trkpt lat="40.523901" lon="-110.974551"></trkpt><trkpt lat="40.523973" lon="-110.974807"></trkpt><trkpt lat="40.524135" lon="-110.975764"></trkpt><trkpt lat="40.524225" lon="-110.976083"></trkpt><trkpt lat="40.524509" lon="-110.976878"></trkpt><trkpt lat="40.525109" lon="-110.978772"></trkpt><trkpt lat="40.525348" lon="-110.980332"></trkpt><trkpt lat="40.525384" lon="-110.980866"></trkpt><trkpt lat="40.525379" lon="-110.981092"></trkpt><trkpt lat="40.525172" lon="-110.981907"></trkpt><trkpt lat="40.525168" lon="-110.982180"></trkpt><trkpt lat="40.525258" lon="-110.983131"></trkpt><trkpt lat="40.525177" lon="-110.983671"></trkpt><trkpt lat="40.525172" lon="-110.983990"></trkpt><trkpt lat="40.525263" lon="-110.984657"></trkpt><trkpt lat="40.525434" lon="-110.985490"></trkpt><trkpt lat="40.525493" lon="-110.985733"></trkpt><trkpt lat="40.525583" lon="-110.985936"></trkpt><trkpt lat="40.526060" lon="-110.986632"></trkpt><trkpt lat="40.526695" lon="-110.987282"></trkpt><trkpt lat="40.527335" lon="-110.987876"></trkpt><trkpt lat="40.527484" lon="-110.988114"></trkpt><trkpt lat="40.527565" lon="-110.988422"></trkpt><trkpt lat="40.527592" lon="-110.988840"></trkpt><trkpt lat="40.527407" lon="-110.989702"></trkpt><trkpt lat="40.527416" lon="-110.990005"></trkpt><trkpt lat="40.527619" lon="-110.990489"></trkpt><trkpt lat="40.528313" lon="-110.991708"></trkpt><trkpt lat="40.528344" lon="-110.992106"></trkpt><trkpt lat="40.528313" lon="-110.993212"></trkpt><trkpt lat="40.528412" lon="-110.994495"></trkpt><trkpt lat="40.528498" lon="-110.994885"></trkpt><trkpt lat="40.528710" lon="-110.995494"></trkpt><trkpt lat="40.528840" lon="-110.995749"></trkpt><trkpt lat="40.529164" lon="-110.996200"></trkpt><trkpt lat="40.529340" lon="-110.996399"></trkpt><trkpt lat="40.529957" lon="-110.996932"></trkpt><trkpt lat="40.530354" lon="-110.997569"></trkpt><trkpt lat="40.530565" lon="-110.997732"></trkpt><trkpt lat="40.531421" lon="-110.998236"></trkpt><trkpt lat="40.531574" lon="-110.998376"></trkpt><trkpt lat="40.532138" lon="-110.999215"></trkpt><trkpt lat="40.532246" lon="-110.999321"></trkpt><trkpt lat="40.532561" lon="-110.999546"></trkpt><trkpt lat="40.533475" lon="-110.999951"></trkpt><trkpt lat="40.533768" lon="-111.000121"></trkpt><trkpt lat="40.534074" lon="-111.000558"></trkpt><trkpt lat="40.534363" lon="-111.001365"></trkpt><trkpt lat="40.534683" lon="-111.002094"></trkpt><trkpt lat="40.535002" lon="-111.002763"></trkpt><trkpt lat="40.535241" lon="-111.003142"></trkpt><trkpt lat="40.535421" lon="-111.003342"></trkpt><trkpt lat="40.536417" lon="-111.003906"></trkpt><trkpt lat="40.536836" lon="-111.004288"></trkpt><trkpt lat="40.537137" lon="-111.004637"></trkpt><trkpt lat="40.537619" lon="-111.004995"></trkpt><trkpt lat="40.538092" lon="-111.005485"></trkpt><trkpt lat="40.538624" lon="-111.006161"></trkpt><trkpt lat="40.539133" lon="-111.006587"></trkpt><trkpt lat="40.539277" lon="-111.006913"></trkpt><trkpt lat="40.539277" lon="-111.007309"></trkpt><trkpt lat="40.539196" lon="-111.007546"></trkpt><trkpt lat="40.539029" lon="-111.007837"></trkpt><trkpt lat="40.538574" lon="-111.008435"></trkpt><trkpt lat="40.538425" lon="-111.008713"></trkpt><trkpt lat="40.538466" lon="-111.008851"></trkpt><trkpt lat="40.538673" lon="-111.009152"></trkpt><trkpt lat="40.538907" lon="-111.009824"></trkpt><trkpt lat="40.539006" lon="-111.010344"></trkpt><trkpt lat="40.539015" lon="-111.010681"></trkpt><trkpt lat="40.538970" lon="-111.010913"></trkpt><trkpt lat="40.538470" lon="-111.011776"></trkpt><trkpt lat="40.538110" lon="-111.012201"></trkpt><trkpt lat="40.537776" lon="-111.012532"></trkpt><trkpt lat="40.537394" lon="-111.012850"></trkpt><trkpt lat="40.537002" lon="-111.013269"></trkpt><trkpt lat="40.536920" lon="-111.013496"></trkpt><trkpt lat="40.536920" lon="-111.013592"></trkpt><trkpt lat="40.537002" lon="-111.013857"></trkpt><trkpt lat="40.536992" lon="-111.014030"></trkpt><trkpt lat="40.536853" lon="-111.014388"></trkpt><trkpt lat="40.536578" lon="-111.014823"></trkpt><trkpt lat="40.536411" lon="-111.015028"></trkpt><trkpt lat="40.536371" lon="-111.015336"></trkpt><trkpt lat="40.535686" lon="-111.015973"></trkpt><trkpt lat="40.535564" lon="-111.016203"></trkpt><trkpt lat="40.535506" lon="-111.016592"></trkpt><trkpt lat="40.535425" lon="-111.016837"></trkpt><trkpt lat="40.535298" lon="-111.017042"></trkpt><trkpt lat="40.534591" lon="-111.017900"></trkpt><trkpt lat="40.534496" lon="-111.018080"></trkpt><trkpt lat="40.534483" lon="-111.018484"></trkpt><trkpt lat="40.534627" lon="-111.018816"></trkpt><trkpt lat="40.534983" lon="-111.019408"></trkpt><trkpt lat="40.535109" lon="-111.019910"></trkpt><trkpt lat="40.535140" lon="-111.021382"></trkpt><trkpt lat="40.535108" lon="-111.022179"></trkpt><trkpt lat="40.535135" lon="-111.024081"></trkpt><trkpt lat="40.535045" lon="-111.025154"></trkpt><trkpt lat="40.534468" lon="-111.027491"></trkpt><trkpt lat="40.534337" lon="-111.028130"></trkpt><trkpt lat="40.534134" lon="-111.028682"></trkpt><trkpt lat="40.533891" lon="-111.029117"></trkpt><trkpt lat="40.532246" lon="-111.031296"></trkpt><trkpt lat="40.531885" lon="-111.031865"></trkpt><trkpt lat="40.531584" lon="-111.031714"></trkpt><trkpt lat="40.529467" lon="-111.030915"></trkpt><trkpt lat="40.528751" lon="-111.030569"></trkpt><trkpt lat="40.528557" lon="-111.030365"></trkpt><trkpt lat="40.528287" lon="-111.030001"></trkpt><trkpt lat="40.527954" lon="-111.029273"></trkpt><trkpt lat="40.527783" lon="-111.029012"></trkpt><trkpt lat="40.527634" lon="-111.028885"></trkpt><trkpt lat="40.527503" lon="-111.028893"></trkpt><trkpt lat="40.527431" lon="-111.028976"></trkpt><trkpt lat="40.527327" lon="-111.029370"></trkpt><trkpt lat="40.527206" lon="-111.029523"></trkpt><trkpt lat="40.525769" lon="-111.030388"></trkpt><trkpt lat="40.525480" lon="-111.030509"></trkpt><trkpt lat="40.524985" lon="-111.030789"></trkpt><trkpt lat="40.524440" lon="-111.031285"></trkpt><trkpt lat="40.523647" lon="-111.032157"></trkpt><trkpt lat="40.522822" lon="-111.033003"></trkpt><trkpt lat="40.522502" lon="-111.033226"></trkpt><trkpt lat="40.521804" lon="-111.033620"></trkpt><trkpt lat="40.521272" lon="-111.033906"></trkpt><trkpt lat="40.520898" lon="-111.034040"></trkpt><trkpt lat="40.520687" lon="-111.034199"></trkpt><trkpt lat="40.520376" lon="-111.034765"></trkpt><trkpt lat="40.520240" lon="-111.035128"></trkpt><trkpt lat="40.519970" lon="-111.035688"></trkpt><trkpt lat="40.519907" lon="-111.036095"></trkpt><trkpt lat="40.519924" lon="-111.037356"></trkpt><trkpt lat="40.519789" lon="-111.037896"></trkpt><trkpt lat="40.519059" lon="-111.038978"></trkpt><trkpt lat="40.518843" lon="-111.039239"></trkpt><trkpt lat="40.518757" lon="-111.039303"></trkpt><trkpt lat="40.518662" lon="-111.039315"></trkpt><trkpt lat="40.518545" lon="-111.039277"></trkpt><trkpt lat="40.518451" lon="-111.039194"></trkpt><trkpt lat="40.518388" lon="-111.039086"></trkpt><trkpt lat="40.518334" lon="-111.038545"></trkpt><trkpt lat="40.518248" lon="-111.038417"></trkpt><trkpt lat="40.517721" lon="-111.038156"></trkpt><trkpt lat="40.517645" lon="-111.038163"></trkpt><trkpt lat="40.517613" lon="-111.038201"></trkpt><trkpt lat="40.517618" lon="-111.038417"></trkpt><trkpt lat="40.517775" lon="-111.038697"></trkpt><trkpt lat="40.517987" lon="-111.038984"></trkpt><trkpt lat="40.518014" lon="-111.039480"></trkpt><trkpt lat="40.518000" lon="-111.039945"></trkpt><trkpt lat="40.518166" lon="-111.040658"></trkpt><trkpt lat="40.518252" lon="-111.041231"></trkpt><trkpt lat="40.518283" lon="-111.041785"></trkpt><trkpt lat="40.518152" lon="-111.042695"></trkpt><trkpt lat="40.518152" lon="-111.043236"></trkpt><trkpt lat="40.518278" lon="-111.043605"></trkpt><trkpt lat="40.518395" lon="-111.043771"></trkpt><trkpt lat="40.518841" lon="-111.044217"></trkpt><trkpt lat="40.518944" lon="-111.044420"></trkpt><trkpt lat="40.518985" lon="-111.044783"></trkpt><trkpt lat="40.518944" lon="-111.045019"></trkpt><trkpt lat="40.518939" lon="-111.045337"></trkpt><trkpt lat="40.519088" lon="-111.045954"></trkpt><trkpt lat="40.519110" lon="-111.047106"></trkpt><trkpt lat="40.518988" lon="-111.047376"></trkpt><trkpt lat="40.518880" lon="-111.047494"></trkpt><trkpt lat="40.518754" lon="-111.047591"></trkpt><trkpt lat="40.518389" lon="-111.047736"></trkpt><trkpt lat="40.518191" lon="-111.047914"></trkpt><trkpt lat="40.517997" lon="-111.048213"></trkpt><trkpt lat="40.517785" lon="-111.048627"></trkpt><trkpt lat="40.517442" lon="-111.049021"></trkpt><trkpt lat="40.517285" lon="-111.049340"></trkpt><trkpt lat="40.517194" lon="-111.049772"></trkpt><trkpt lat="40.517253" lon="-111.050161"></trkpt><trkpt lat="40.517235" lon="-111.050320"></trkpt><trkpt lat="40.517036" lon="-111.050994"></trkpt><trkpt lat="40.516761" lon="-111.051299"></trkpt><trkpt lat="40.516671" lon="-111.051465"></trkpt><trkpt lat="40.516653" lon="-111.051579"></trkpt><trkpt lat="40.516752" lon="-111.051980"></trkpt><trkpt lat="40.516738" lon="-111.052165"></trkpt><trkpt lat="40.516580" lon="-111.052897"></trkpt><trkpt lat="40.516522" lon="-111.053063"></trkpt><trkpt lat="40.516089" lon="-111.053679"></trkpt><trkpt lat="40.515904" lon="-111.054201"></trkpt><trkpt lat="40.515769" lon="-111.054825"></trkpt><trkpt lat="40.515732" lon="-111.055423"></trkpt><trkpt lat="40.515777" lon="-111.055818"></trkpt><trkpt lat="40.515786" lon="-111.056397"></trkpt><trkpt lat="40.515722" lon="-111.057256"></trkpt><trkpt lat="40.515667" lon="-111.060121"></trkpt><trkpt lat="40.515527" lon="-111.060805"></trkpt><trkpt lat="40.515419" lon="-111.061194"></trkpt><trkpt lat="40.515211" lon="-111.061635"></trkpt><trkpt lat="40.515017" lon="-111.061896"></trkpt><trkpt lat="40.514531" lon="-111.062342"></trkpt><trkpt lat="40.514175" lon="-111.062729"></trkpt><trkpt lat="40.513944" lon="-111.063442"></trkpt><trkpt lat="40.513944" lon="-111.063607"></trkpt><trkpt lat="40.514210" lon="-111.064186"></trkpt><trkpt lat="40.514358" lon="-111.064320"></trkpt><trkpt lat="40.514719" lon="-111.064492"></trkpt><trkpt lat="40.514782" lon="-111.064569"></trkpt><trkpt lat="40.514759" lon="-111.064747"></trkpt><trkpt lat="40.514696" lon="-111.064913"></trkpt><trkpt lat="40.514718" lon="-111.065026"></trkpt><trkpt lat="40.514948" lon="-111.065678"></trkpt><trkpt lat="40.515029" lon="-111.065807"></trkpt><trkpt lat="40.515029" lon="-111.065899"></trkpt><trkpt lat="40.515411" lon="-111.066958"></trkpt><trkpt lat="40.515460" lon="-111.067793"></trkpt><trkpt lat="40.515238" lon="-111.069700"></trkpt><trkpt lat="40.515283" lon="-111.070277"></trkpt><trkpt lat="40.515413" lon="-111.070743"></trkpt><trkpt lat="40.515476" lon="-111.071591"></trkpt><trkpt lat="40.515673" lon="-111.072607"></trkpt><trkpt lat="40.516235" lon="-111.074436"></trkpt><trkpt lat="40.516352" lon="-111.075494"></trkpt><trkpt lat="40.516482" lon="-111.076051"></trkpt><trkpt lat="40.516734" lon="-111.076806"></trkpt><trkpt lat="40.516909" lon="-111.077141"></trkpt><trkpt lat="40.517017" lon="-111.077505"></trkpt><trkpt lat="40.517264" lon="-111.078111"></trkpt><trkpt lat="40.517700" lon="-111.079349"></trkpt><trkpt lat="40.517992" lon="-111.080588"></trkpt><trkpt lat="40.518015" lon="-111.080803"></trkpt><trkpt lat="40.518118" lon="-111.081078"></trkpt><trkpt lat="40.518694" lon="-111.082190"></trkpt><trkpt lat="40.518982" lon="-111.082465"></trkpt><trkpt lat="40.519585" lon="-111.082915"></trkpt><trkpt lat="40.519756" lon="-111.083107"></trkpt><trkpt lat="40.520377" lon="-111.083951"></trkpt><trkpt lat="40.520629" lon="-111.084461"></trkpt><trkpt lat="40.520773" lon="-111.085035"></trkpt><trkpt lat="40.520840" lon="-111.085780"></trkpt><trkpt lat="40.520939" lon="-111.086344"></trkpt><trkpt lat="40.520988" lon="-111.087206"></trkpt><trkpt lat="40.521181" lon="-111.087836"></trkpt><trkpt lat="40.521234" lon="-111.088717"></trkpt><trkpt lat="40.521333" lon="-111.089017"></trkpt><trkpt lat="40.521463" lon="-111.089217"></trkpt><trkpt lat="40.522197" lon="-111.089910"></trkpt><trkpt lat="40.522989" lon="-111.090719"></trkpt><trkpt lat="40.523129" lon="-111.090808"></trkpt><trkpt lat="40.523300" lon="-111.090981"></trkpt><trkpt lat="40.523628" lon="-111.091370"></trkpt><trkpt lat="40.524340" lon="-111.092096"></trkpt><trkpt lat="40.524790" lon="-111.092747"></trkpt><trkpt lat="40.525114" lon="-111.093042"></trkpt><trkpt lat="40.526127" lon="-111.093712"></trkpt><trkpt lat="40.526469" lon="-111.093852"></trkpt><trkpt lat="40.526933" lon="-111.093898"></trkpt><trkpt lat="40.527307" lon="-111.093984"></trkpt><trkpt lat="40.528297" lon="-111.094004"></trkpt><trkpt lat="40.528527" lon="-111.094060"></trkpt><trkpt lat="40.528644" lon="-111.094127"></trkpt><trkpt lat="40.529832" lon="-111.095437"></trkpt><trkpt lat="40.530161" lon="-111.095860"></trkpt><trkpt lat="40.530507" lon="-111.096388"></trkpt><trkpt lat="40.530845" lon="-111.096672"></trkpt><trkpt lat="40.531128" lon="-111.096833"></trkpt><trkpt lat="40.531434" lon="-111.097209"></trkpt><trkpt lat="40.531835" lon="-111.097610"></trkpt><trkpt lat="40.532047" lon="-111.097749"></trkpt><trkpt lat="40.532177" lon="-111.097788"></trkpt><trkpt lat="40.532533" lon="-111.097803"></trkpt><trkpt lat="40.533254" lon="-111.097904"></trkpt><trkpt lat="40.534708" lon="-111.098270"></trkpt><trkpt lat="40.534960" lon="-111.098409"></trkpt><trkpt lat="40.535064" lon="-111.098520"></trkpt><trkpt lat="40.535410" lon="-111.099102"></trkpt><trkpt lat="40.535694" lon="-111.099358"></trkpt><trkpt lat="40.535847" lon="-111.099441"></trkpt><trkpt lat="40.536032" lon="-111.099486"></trkpt><trkpt lat="40.536324" lon="-111.099492"></trkpt><trkpt lat="40.536572" lon="-111.099409"></trkpt><trkpt lat="40.536946" lon="-111.099207"></trkpt><trkpt lat="40.537478" lon="-111.099019"></trkpt><trkpt lat="40.537757" lon="-111.098758"></trkpt><trkpt lat="40.538289" lon="-111.098667"></trkpt><trkpt lat="40.538384" lon="-111.098606"></trkpt><trkpt lat="40.538505" lon="-111.098434"></trkpt><trkpt lat="40.538650" lon="-111.098023"></trkpt><trkpt lat="40.538731" lon="-111.097940"></trkpt><trkpt lat="40.539511" lon="-111.097408"></trkpt><trkpt lat="40.539894" lon="-111.096913"></trkpt><trkpt lat="40.540079" lon="-111.096730"></trkpt><trkpt lat="40.540444" lon="-111.096499"></trkpt><trkpt lat="40.540913" lon="-111.096434"></trkpt><trkpt lat="40.541079" lon="-111.096462"></trkpt><trkpt lat="40.541223" lon="-111.096508"></trkpt><trkpt lat="40.541601" lon="-111.096739"></trkpt><trkpt lat="40.541768" lon="-111.096732"></trkpt><trkpt lat="40.542232" lon="-111.096384"></trkpt><trkpt lat="40.542737" lon="-111.095723"></trkpt><trkpt lat="40.542994" lon="-111.095492"></trkpt><trkpt lat="40.543130" lon="-111.095476"></trkpt><trkpt lat="40.543598" lon="-111.095532"></trkpt><trkpt lat="40.543981" lon="-111.095477"></trkpt><trkpt lat="40.544287" lon="-111.095470"></trkpt><trkpt lat="40.544422" lon="-111.095422"></trkpt><trkpt lat="40.544522" lon="-111.095332"></trkpt><trkpt lat="40.544562" lon="-111.095206"></trkpt><trkpt lat="40.544508" lon="-111.094857"></trkpt><trkpt lat="40.544482" lon="-111.094321"></trkpt><trkpt lat="40.544509" lon="-111.094195"></trkpt><trkpt lat="40.544568" lon="-111.094087"></trkpt><trkpt lat="40.544707" lon="-111.093955"></trkpt><trkpt lat="40.544784" lon="-111.093948"></trkpt><trkpt lat="40.544919" lon="-111.094018"></trkpt><trkpt lat="40.545212" lon="-111.094353"></trkpt><trkpt lat="40.545436" lon="-111.094786"></trkpt><trkpt lat="40.545522" lon="-111.095064"></trkpt><trkpt lat="40.545638" lon="-111.095685"></trkpt><trkpt lat="40.545742" lon="-111.096013"></trkpt><trkpt lat="40.546966" lon="-111.097384"></trkpt><trkpt lat="40.547200" lon="-111.097615"></trkpt><trkpt lat="40.547362" lon="-111.097699"></trkpt><trkpt lat="40.547537" lon="-111.097845"></trkpt><trkpt lat="40.547821" lon="-111.098229"></trkpt><trkpt lat="40.548284" lon="-111.098648"></trkpt><trkpt lat="40.548410" lon="-111.098802"></trkpt><trkpt lat="40.549278" lon="-111.100727"></trkpt><trkpt lat="40.550335" lon="-111.102542"></trkpt><trkpt lat="40.551077" lon="-111.104021"></trkpt><trkpt lat="40.552003" lon="-111.106251"></trkpt><trkpt lat="40.552421" lon="-111.107379"></trkpt><trkpt lat="40.552700" lon="-111.107915"></trkpt><trkpt lat="40.552830" lon="-111.108084"></trkpt><trkpt lat="40.553190" lon="-111.108362"></trkpt><trkpt lat="40.553960" lon="-111.109152"></trkpt><trkpt lat="40.554401" lon="-111.109660"></trkpt><trkpt lat="40.554927" lon="-111.110349"></trkpt><trkpt lat="40.555308" lon="-111.110931"></trkpt></trkseg></trk><trk><name>T007 AU6D793</name><trkseg><trkpt lat="40.531885" lon="-111.031865"></trkpt><trkpt lat="40.532561" lon="-111.032513"></trkpt><trkpt lat="40.532948" lon="-111.032770"></trkpt><trkpt lat="40.533245" lon="-111.032868"></trkpt><trkpt lat="40.533597" lon="-111.032877"></trkpt><trkpt lat="40.535070" lon="-111.032778"></trkpt><trkpt lat="40.535664" lon="-111.032768"></trkpt><trkpt lat="40.535975" lon="-111.032895"></trkpt><trkpt lat="40.536214" lon="-111.033174"></trkpt><trkpt lat="40.536484" lon="-111.033661"></trkpt><trkpt lat="40.537555" lon="-111.035909"></trkpt><trkpt lat="40.538217" lon="-111.037861"></trkpt><trkpt lat="40.538590" lon="-111.039134"></trkpt><trkpt lat="40.538824" lon="-111.039636"></trkpt><trkpt lat="40.539050" lon="-111.039880"></trkpt><trkpt lat="40.539315" lon="-111.040027"></trkpt><trkpt lat="40.540617" lon="-111.040389"></trkpt><trkpt lat="40.541369" lon="-111.040634"></trkpt><trkpt lat="40.541711" lon="-111.040665"></trkpt><trkpt lat="40.541883" lon="-111.040627"></trkpt><trkpt lat="40.542058" lon="-111.040520"></trkpt><trkpt lat="40.542184" lon="-111.040375"></trkpt><trkpt lat="40.542495" lon="-111.039910"></trkpt><trkpt lat="40.542586" lon="-111.039711"></trkpt><trkpt lat="40.542680" lon="-111.039436"></trkpt><trkpt lat="40.542725" lon="-111.038932"></trkpt><trkpt lat="40.542564" lon="-111.038122"></trkpt><trkpt lat="40.542375" lon="-111.037595"></trkpt><trkpt lat="40.541690" lon="-111.036258"></trkpt><trkpt lat="40.541488" lon="-111.035746"></trkpt><trkpt lat="40.541371" lon="-111.034776"></trkpt><trkpt lat="40.541033" lon="-111.033738"></trkpt><trkpt lat="40.540952" lon="-111.033271"></trkpt><trkpt lat="40.541346" lon="-111.028930"></trkpt><trkpt lat="40.541427" lon="-111.028823"></trkpt><trkpt lat="40.541625" lon="-111.028746"></trkpt><trkpt lat="40.541783" lon="-111.028815"></trkpt><trkpt lat="40.541841" lon="-111.028930"></trkpt><trkpt lat="40.542129" lon="-111.030007"></trkpt><trkpt lat="40.542242" lon="-111.030549"></trkpt><trkpt lat="40.542449" lon="-111.031225"></trkpt><trkpt lat="40.542539" lon="-111.031378"></trkpt><trkpt lat="40.542701" lon="-111.031516"></trkpt><trkpt lat="40.542800" lon="-111.031546"></trkpt><trkpt lat="40.543192" lon="-111.031508"></trkpt><trkpt lat="40.544737" lon="-111.031100"></trkpt><trkpt lat="40.544908" lon="-111.031093"></trkpt><trkpt lat="40.545034" lon="-111.031131"></trkpt><trkpt lat="40.545588" lon="-111.031513"></trkpt><trkpt lat="40.547646" lon="-111.033122"></trkpt><trkpt lat="40.548529" lon="-111.033593"></trkpt><trkpt lat="40.549006" lon="-111.033738"></trkpt><trkpt lat="40.549520" lon="-111.033822"></trkpt><trkpt lat="40.550970" lon="-111.033968"></trkpt><trkpt lat="40.551596" lon="-111.033900"></trkpt><trkpt lat="40.551934" lon="-111.033785"></trkpt><trkpt lat="40.552178" lon="-111.033656"></trkpt><trkpt lat="40.552934" lon="-111.033053"></trkpt><trkpt lat="40.554579" lon="-111.031548"></trkpt><trkpt lat="40.555376" lon="-111.030913"></trkpt><trkpt lat="40.555552" lon="-111.030876"></trkpt><trkpt lat="40.555818" lon="-111.030907"></trkpt><trkpt lat="40.555976" lon="-111.031029"></trkpt><trkpt lat="40.556642" lon="-111.031725"></trkpt><trkpt lat="40.557119" lon="-111.032076"></trkpt><trkpt lat="40.559340" lon="-111.033376"></trkpt><trkpt lat="40.559718" lon="-111.033655"></trkpt><trkpt lat="40.560704" lon="-111.034245"></trkpt><trkpt lat="40.561096" lon="-111.034543"></trkpt><trkpt lat="40.561528" lon="-111.034982"></trkpt><trkpt lat="40.561709" lon="-111.035227"></trkpt><trkpt lat="40.562402" lon="-111.036373"></trkpt><trkpt lat="40.562717" lon="-111.036710"></trkpt><trkpt lat="40.562996" lon="-111.037191"></trkpt><trkpt lat="40.563055" lon="-111.037244"></trkpt><trkpt lat="40.563113" lon="-111.037252"></trkpt><trkpt lat="40.563528" lon="-111.037069"></trkpt></trkseg></trk><trk><name>T008 AU6D793</name><trkseg><trkpt lat="40.486059" lon="-111.021172"></trkpt><trkpt lat="40.486172" lon="-111.020863"></trkpt><trkpt lat="40.486519" lon="-111.020441"></trkpt><trkpt lat="40.486906" lon="-111.019828"></trkpt><trkpt lat="40.487104" lon="-111.019627"></trkpt><trkpt lat="40.487366" lon="-111.019510"></trkpt><trkpt lat="40.487875" lon="-111.019541"></trkpt><trkpt lat="40.488163" lon="-111.019634"></trkpt><trkpt lat="40.488811" lon="-111.020264"></trkpt><trkpt lat="40.489370" lon="-111.021006"></trkpt><trkpt lat="40.489901" lon="-111.021788"></trkpt><trkpt lat="40.490775" lon="-111.023448"></trkpt><trkpt lat="40.490959" lon="-111.023602"></trkpt><trkpt lat="40.491032" lon="-111.023621"></trkpt><trkpt lat="40.491216" lon="-111.023579"></trkpt><trkpt lat="40.491410" lon="-111.023461"></trkpt><trkpt lat="40.491815" lon="-111.023107"></trkpt><trkpt lat="40.492365" lon="-111.022440"></trkpt><trkpt lat="40.492744" lon="-111.022082"></trkpt><trkpt lat="40.494095" lon="-111.021000"></trkpt><trkpt lat="40.494654" lon="-111.020497"></trkpt><trkpt lat="40.494856" lon="-111.020347"></trkpt><trkpt lat="40.495239" lon="-111.020202"></trkpt><trkpt lat="40.495609" lon="-111.020121"></trkpt><trkpt lat="40.495721" lon="-111.020060"></trkpt><trkpt lat="40.497104" lon="-111.018848"></trkpt><trkpt lat="40.497339" lon="-111.018580"></trkpt><trkpt lat="40.498105" lon="-111.017293"></trkpt><trkpt lat="40.498645" lon="-111.016096"></trkpt><trkpt lat="40.498848" lon="-111.015811"></trkpt><trkpt lat="40.499465" lon="-111.015114"></trkpt><trkpt lat="40.500132" lon="-111.014878"></trkpt><trkpt lat="40.500700" lon="-111.014756"></trkpt><trkpt lat="40.501056" lon="-111.014516"></trkpt><trkpt lat="40.501447" lon="-111.014164"></trkpt><trkpt lat="40.501704" lon="-111.013884"></trkpt><trkpt lat="40.501839" lon="-111.013556"></trkpt><trkpt lat="40.501889" lon="-111.013112"></trkpt><trkpt lat="40.501993" lon="-111.012660"></trkpt><trkpt lat="40.502078" lon="-111.012434"></trkpt><trkpt lat="40.502128" lon="-111.012089"></trkpt><trkpt lat="40.502087" lon="-111.011460"></trkpt><trkpt lat="40.501943" lon="-111.011142"></trkpt><trkpt lat="40.501912" lon="-111.010820"></trkpt><trkpt lat="40.501795" lon="-111.010494"></trkpt><trkpt lat="40.501804" lon="-111.010280"></trkpt><trkpt lat="40.501831" lon="-111.010259"></trkpt><trkpt lat="40.501966" lon="-111.010299"></trkpt><trkpt lat="40.502196" lon="-111.010620"></trkpt><trkpt lat="40.502551" lon="-111.011004"></trkpt><trkpt lat="40.503123" lon="-111.011727"></trkpt><trkpt lat="40.503299" lon="-111.011853"></trkpt><trkpt lat="40.503822" lon="-111.012182"></trkpt><trkpt lat="40.504128" lon="-111.012286"></trkpt><trkpt lat="40.504700" lon="-111.012372"></trkpt><trkpt lat="40.504795" lon="-111.012280"></trkpt><trkpt lat="40.504835" lon="-111.012068"></trkpt><trkpt lat="40.504781" lon="-111.011596"></trkpt><trkpt lat="40.504768" lon="-111.010944"></trkpt><trkpt lat="40.504538" lon="-111.010485"></trkpt><trkpt lat="40.504488" lon="-111.010335"></trkpt><trkpt lat="40.504479" lon="-111.010147"></trkpt><trkpt lat="40.504507" lon="-111.009839"></trkpt><trkpt lat="40.504664" lon="-111.008992"></trkpt><trkpt lat="40.504885" lon="-111.008296"></trkpt><trkpt lat="40.504899" lon="-111.006171"></trkpt><trkpt lat="40.504840" lon="-111.005808"></trkpt><trkpt lat="40.504592" lon="-111.004987"></trkpt><trkpt lat="40.504579" lon="-111.004390"></trkpt><trkpt lat="40.504489" lon="-111.003832"></trkpt><trkpt lat="40.504543" lon="-111.003627"></trkpt><trkpt lat="40.504606" lon="-111.003560"></trkpt><trkpt lat="40.504683" lon="-111.003535"></trkpt><trkpt lat="40.505466" lon="-111.003630"></trkpt><trkpt lat="40.505678" lon="-111.003732"></trkpt><trkpt lat="40.505845" lon="-111.003691"></trkpt><trkpt lat="40.505926" lon="-111.003619"></trkpt><trkpt lat="40.506002" lon="-111.003300"></trkpt><trkpt lat="40.506138" lon="-111.002280"></trkpt><trkpt lat="40.506327" lon="-111.001886"></trkpt><trkpt lat="40.506426" lon="-111.001316"></trkpt><trkpt lat="40.506629" lon="-111.001025"></trkpt><trkpt lat="40.506719" lon="-111.000595"></trkpt><trkpt lat="40.506759" lon="-110.999722"></trkpt><trkpt lat="40.506732" lon="-110.998939"></trkpt><trkpt lat="40.506863" lon="-110.997981"></trkpt><trkpt lat="40.506980" lon="-110.997669"></trkpt><trkpt lat="40.507061" lon="-110.997540"></trkpt><trkpt lat="40.507174" lon="-110.997389"></trkpt><trkpt lat="40.507435" lon="-110.997173"></trkpt><trkpt lat="40.507457" lon="-110.996312"></trkpt><trkpt lat="40.507426" lon="-110.996102"></trkpt><trkpt lat="40.507453" lon="-110.995946"></trkpt><trkpt lat="40.507570" lon="-110.995683"></trkpt><trkpt lat="40.507692" lon="-110.995252"></trkpt><trkpt lat="40.507764" lon="-110.994824"></trkpt><trkpt lat="40.507912" lon="-110.994517"></trkpt><trkpt lat="40.508025" lon="-110.993935"></trkpt><trkpt lat="40.508295" lon="-110.993397"></trkpt><trkpt lat="40.508732" lon="-110.992967"></trkpt><trkpt lat="40.508808" lon="-110.992552"></trkpt><trkpt lat="40.508872" lon="-110.992450"></trkpt><trkpt lat="40.509142" lon="-110.992299"></trkpt><trkpt lat="40.509628" lon="-110.991733"></trkpt><trkpt lat="40.509962" lon="-110.991086"></trkpt><trkpt lat="40.510038" lon="-110.990854"></trkpt><trkpt lat="40.510119" lon="-110.990500"></trkpt><trkpt lat="40.510227" lon="-110.989670"></trkpt><trkpt lat="40.510191" lon="-110.989062"></trkpt><trkpt lat="40.509921" lon="-110.988177"></trkpt><trkpt lat="40.509858" lon="-110.988060"></trkpt><trkpt lat="40.509650" lon="-110.987238"></trkpt><trkpt lat="40.509569" lon="-110.986789"></trkpt><trkpt lat="40.509231" lon="-110.985836"></trkpt><trkpt lat="40.509213" lon="-110.985701"></trkpt><trkpt lat="40.509245" lon="-110.985068"></trkpt><trkpt lat="40.509285" lon="-110.984913"></trkpt><trkpt lat="40.509627" lon="-110.984217"></trkpt><trkpt lat="40.509776" lon="-110.983245"></trkpt><trkpt lat="40.509884" lon="-110.983030"></trkpt><trkpt lat="40.510474" lon="-110.982224"></trkpt><trkpt lat="40.510708" lon="-110.981752"></trkpt><trkpt lat="40.510852" lon="-110.981621"></trkpt><trkpt lat="40.511852" lon="-110.981007"></trkpt><trkpt lat="40.511956" lon="-110.980908"></trkpt><trkpt lat="40.512190" lon="-110.980390"></trkpt><trkpt lat="40.512379" lon="-110.980130"></trkpt><trkpt lat="40.512573" lon="-110.980055"></trkpt><trkpt lat="40.512825" lon="-110.980022"></trkpt><trkpt lat="40.512983" lon="-110.979938"></trkpt><trkpt lat="40.513109" lon="-110.979658"></trkpt><trkpt lat="40.513383" lon="-110.979345"></trkpt><trkpt lat="40.513541" lon="-110.978700"></trkpt><trkpt lat="40.513829" lon="-110.978305"></trkpt><trkpt lat="40.513964" lon="-110.977866"></trkpt><trkpt lat="40.514041" lon="-110.977717"></trkpt><trkpt lat="40.514171" lon="-110.977609"></trkpt><trkpt lat="40.514721" lon="-110.976945"></trkpt><trkpt lat="40.515261" lon="-110.976529"></trkpt><trkpt lat="40.516103" lon="-110.975641"></trkpt><trkpt lat="40.516275" lon="-110.975496"></trkpt><trkpt lat="40.516581" lon="-110.975360"></trkpt><trkpt lat="40.516702" lon="-110.975276"></trkpt><trkpt lat="40.516752" lon="-110.975197"></trkpt><trkpt lat="40.516792" lon="-110.974715"></trkpt><trkpt lat="40.516725" lon="-110.974216"></trkpt><trkpt lat="40.516734" lon="-110.973881"></trkpt><trkpt lat="40.516986" lon="-110.972755"></trkpt><trkpt lat="40.517017" lon="-110.971419"></trkpt><trkpt lat="40.517093" lon="-110.970856"></trkpt><trkpt lat="40.517075" lon="-110.970519"></trkpt><trkpt lat="40.516990" lon="-110.970262"></trkpt><trkpt lat="40.516899" lon="-110.970113"></trkpt><trkpt lat="40.516809" lon="-110.969968"></trkpt><trkpt lat="40.516580" lon="-110.969716"></trkpt><trkpt lat="40.516494" lon="-110.969225"></trkpt><trkpt lat="40.516314" lon="-110.968823"></trkpt><trkpt lat="40.516268" lon="-110.968561"></trkpt><trkpt lat="40.516120" lon="-110.968185"></trkpt><trkpt lat="40.515750" lon="-110.967947"></trkpt><trkpt lat="40.515083" lon="-110.967205"></trkpt><trkpt lat="40.514511" lon="-110.966716"></trkpt><trkpt lat="40.514146" lon="-110.966222"></trkpt><trkpt lat="40.513993" lon="-110.966166"></trkpt><trkpt lat="40.513912" lon="-110.966086"></trkpt><trkpt lat="40.513781" lon="-110.965885"></trkpt><trkpt lat="40.513664" lon="-110.965511"></trkpt><trkpt lat="40.513551" lon="-110.965296"></trkpt><trkpt lat="40.513560" lon="-110.965138"></trkpt><trkpt lat="40.513619" lon="-110.965044"></trkpt><trkpt lat="40.514033" lon="-110.965018"></trkpt><trkpt lat="40.514128" lon="-110.964967"></trkpt><trkpt lat="40.514200" lon="-110.964864"></trkpt><trkpt lat="40.514231" lon="-110.964752"></trkpt><trkpt lat="40.514222" lon="-110.964504"></trkpt><trkpt lat="40.514069" lon="-110.964177"></trkpt><trkpt lat="40.513916" lon="-110.963724"></trkpt><trkpt lat="40.513902" lon="-110.963500"></trkpt><trkpt lat="40.514055" lon="-110.962589"></trkpt><trkpt lat="40.514073" lon="-110.962112"></trkpt><trkpt lat="40.514104" lon="-110.962056"></trkpt><trkpt lat="40.514257" lon="-110.962023"></trkpt><trkpt lat="40.514447" lon="-110.962116"></trkpt><trkpt lat="40.514969" lon="-110.962464"></trkpt><trkpt lat="40.515140" lon="-110.962539"></trkpt><trkpt lat="40.516028" lon="-110.962746"></trkpt><trkpt lat="40.516753" lon="-110.962821"></trkpt><trkpt lat="40.517069" lon="-110.962895"></trkpt><trkpt lat="40.517141" lon="-110.962976"></trkpt></trkseg></trk><trk><name>T009 AU6D793</name><trkseg><trkpt lat="40.023926" lon="-111.328494"></trkpt><trkpt lat="40.023770" lon="-111.327894"></trkpt><trkpt lat="40.023879" lon="-111.327783"></trkpt><trkpt lat="40.024247" lon="-111.328006"></trkpt><trkpt lat="40.024823" lon="-111.328540"></trkpt><trkpt lat="40.025025" lon="-111.328563"></trkpt><trkpt lat="40.025331" lon="-111.328858"></trkpt><trkpt lat="40.025911" lon="-111.329171"></trkpt><trkpt lat="40.026289" lon="-111.329425"></trkpt><trkpt lat="40.026851" lon="-111.329604"></trkpt><trkpt lat="40.027036" lon="-111.329626"></trkpt><trkpt lat="40.027568" lon="-111.329562"></trkpt><trkpt lat="40.027910" lon="-111.329679"></trkpt><trkpt lat="40.028049" lon="-111.329682"></trkpt><trkpt lat="40.028684" lon="-111.329890"></trkpt><trkpt lat="40.028747" lon="-111.329992"></trkpt><trkpt lat="40.029093" lon="-111.330212"></trkpt><trkpt lat="40.029304" lon="-111.330410"></trkpt><trkpt lat="40.029507" lon="-111.330501"></trkpt><trkpt lat="40.029624" lon="-111.330590"></trkpt><trkpt lat="40.029768" lon="-111.330607"></trkpt><trkpt lat="40.030123" lon="-111.330827"></trkpt><trkpt lat="40.030437" lon="-111.331382"></trkpt><trkpt lat="40.030517" lon="-111.331471"></trkpt><trkpt lat="40.030603" lon="-111.331507"></trkpt><trkpt lat="40.031020" lon="-111.332032"></trkpt><trkpt lat="40.031358" lon="-111.332281"></trkpt><trkpt lat="40.031537" lon="-111.332392"></trkpt><trkpt lat="40.031844" lon="-111.332494"></trkpt><trkpt lat="40.032095" lon="-111.332644"></trkpt><trkpt lat="40.032424" lon="-111.332759"></trkpt><trkpt lat="40.032941" lon="-111.333100"></trkpt><trkpt lat="40.033481" lon="-111.333346"></trkpt><trkpt lat="40.033580" lon="-111.333455"></trkpt><trkpt lat="40.033706" lon="-111.333531"></trkpt><trkpt lat="40.033899" lon="-111.333546"></trkpt><trkpt lat="40.034124" lon="-111.333631"></trkpt><trkpt lat="40.034282" lon="-111.333621"></trkpt><trkpt lat="40.034683" lon="-111.333466"></trkpt><trkpt lat="40.034954" lon="-111.333492"></trkpt><trkpt lat="40.035188" lon="-111.333342"></trkpt><trkpt lat="40.035333" lon="-111.333292"></trkpt><trkpt lat="40.035824" lon="-111.333309"></trkpt><trkpt lat="40.035936" lon="-111.333203"></trkpt><trkpt lat="40.036126" lon="-111.333229"></trkpt><trkpt lat="40.036238" lon="-111.333212"></trkpt><trkpt lat="40.036414" lon="-111.333263"></trkpt><trkpt lat="40.036734" lon="-111.333170"></trkpt><trkpt lat="40.037054" lon="-111.333144"></trkpt><trkpt lat="40.037337" lon="-111.333224"></trkpt><trkpt lat="40.037612" lon="-111.333403"></trkpt><trkpt lat="40.037972" lon="-111.333315"></trkpt><trkpt lat="40.038117" lon="-111.333205"></trkpt><trkpt lat="40.038658" lon="-111.333152"></trkpt><trkpt lat="40.039031" lon="-111.333220"></trkpt><trkpt lat="40.039144" lon="-111.333194"></trkpt><trkpt lat="40.039333" lon="-111.333217"></trkpt><trkpt lat="40.039450" lon="-111.333261"></trkpt><trkpt lat="40.039697" lon="-111.333454"></trkpt><trkpt lat="40.041441" lon="-111.333348"></trkpt><trkpt lat="40.042135" lon="-111.333474"></trkpt><trkpt lat="40.042693" lon="-111.333354"></trkpt><trkpt lat="40.043031" lon="-111.333381"></trkpt><trkpt lat="40.043504" lon="-111.333334"></trkpt><trkpt lat="40.043685" lon="-111.333278"></trkpt><trkpt lat="40.043932" lon="-111.333396"></trkpt><trkpt lat="40.044216" lon="-111.333466"></trkpt><trkpt lat="40.044680" lon="-111.333447"></trkpt><trkpt lat="40.045036" lon="-111.333510"></trkpt><trkpt lat="40.047104" lon="-111.333426"></trkpt><trkpt lat="40.047293" lon="-111.333397"></trkpt><trkpt lat="40.047365" lon="-111.333324"></trkpt><trkpt lat="40.049154" lon="-111.333257"></trkpt><trkpt lat="40.051132" lon="-111.332920"></trkpt><trkpt lat="40.051182" lon="-111.332880"></trkpt><trkpt lat="40.051245" lon="-111.332893"></trkpt><trkpt lat="40.051863" lon="-111.332580"></trkpt><trkpt lat="40.054465" lon="-111.331697"></trkpt><trkpt lat="40.054587" lon="-111.331584"></trkpt><trkpt lat="40.054709" lon="-111.331332"></trkpt><trkpt lat="40.054854" lon="-111.331241"></trkpt><trkpt lat="40.055392" lon="-111.330629"></trkpt><trkpt lat="40.055383" lon="-111.330538"></trkpt><trkpt lat="40.055474" lon="-111.330262"></trkpt><trkpt lat="40.055452" lon="-111.330073"></trkpt><trkpt lat="40.055296" lon="-111.329482"></trkpt><trkpt lat="40.055449" lon="-111.329334"></trkpt><trkpt lat="40.055477" lon="-111.329128"></trkpt><trkpt lat="40.055568" lon="-111.328948"></trkpt></trkseg></trk><trk><name>T010 AU6D793</name><trkseg><trkpt lat="40.710850" lon="-111.109522"></trkpt><trkpt lat="40.711120" lon="-111.109568"></trkpt><trkpt lat="40.711544" lon="-111.109552"></trkpt><trkpt lat="40.711846" lon="-111.109507"></trkpt><trkpt lat="40.712193" lon="-111.109408"></trkpt><trkpt lat="40.712828" lon="-111.109331"></trkpt><trkpt lat="40.713368" lon="-111.109392"></trkpt><trkpt lat="40.713805" lon="-111.109331"></trkpt><trkpt lat="40.714130" lon="-111.109201"></trkpt><trkpt lat="40.715022" lon="-111.108484"></trkpt><trkpt lat="40.715378" lon="-111.108256"></trkpt><trkpt lat="40.715725" lon="-111.108126"></trkpt><trkpt lat="40.715896" lon="-111.108118"></trkpt><trkpt lat="40.716347" lon="-111.108294"></trkpt><trkpt lat="40.716774" lon="-111.108591"></trkpt><trkpt lat="40.717648" lon="-111.109095"></trkpt><trkpt lat="40.718211" lon="-111.109225"></trkpt><trkpt lat="40.718954" lon="-111.109293"></trkpt><trkpt lat="40.719584" lon="-111.109576"></trkpt><trkpt lat="40.720079" lon="-111.109950"></trkpt><trkpt lat="40.720494" lon="-111.110125"></trkpt><trkpt lat="40.720912" lon="-111.110232"></trkpt><trkpt lat="40.721394" lon="-111.110285"></trkpt><trkpt lat="40.721719" lon="-111.110270"></trkpt><trkpt lat="40.721863" lon="-111.110316"></trkpt><trkpt lat="40.722016" lon="-111.110430"></trkpt><trkpt lat="40.722191" lon="-111.110636"></trkpt><trkpt lat="40.722250" lon="-111.110781"></trkpt><trkpt lat="40.722493" lon="-111.111147"></trkpt><trkpt lat="40.722893" lon="-111.111338"></trkpt><trkpt lat="40.723037" lon="-111.111468"></trkpt><trkpt lat="40.723487" lon="-111.112155"></trkpt><trkpt lat="40.723807" lon="-111.112513"></trkpt><trkpt lat="40.724090" lon="-111.112651"></trkpt><trkpt lat="40.724149" lon="-111.112712"></trkpt><trkpt lat="40.724640" lon="-111.112941"></trkpt><trkpt lat="40.724811" lon="-111.112986"></trkpt><trkpt lat="40.725441" lon="-111.112941"></trkpt><trkpt lat="40.725666" lon="-111.113025"></trkpt><trkpt lat="40.725752" lon="-111.113109"></trkpt><trkpt lat="40.726049" lon="-111.113238"></trkpt><trkpt lat="40.726274" lon="-111.113238"></trkpt><trkpt lat="40.726680" lon="-111.113139"></trkpt><trkpt lat="40.727054" lon="-111.113002"></trkpt><trkpt lat="40.727532" lon="-111.112720"></trkpt><trkpt lat="40.727856" lon="-111.112391"></trkpt><trkpt lat="40.727978" lon="-111.112376"></trkpt><trkpt lat="40.728153" lon="-111.112437"></trkpt><trkpt lat="40.728329" lon="-111.112567"></trkpt><trkpt lat="40.728356" lon="-111.112704"></trkpt><trkpt lat="40.728256" lon="-111.113063"></trkpt><trkpt lat="40.728220" lon="-111.113322"></trkpt><trkpt lat="40.728292" lon="-111.113559"></trkpt><trkpt lat="40.728432" lon="-111.113658"></trkpt><trkpt lat="40.728968" lon="-111.113658"></trkpt><trkpt lat="40.729233" lon="-111.113704"></trkpt><trkpt lat="40.729855" lon="-111.114001"></trkpt><trkpt lat="40.729991" lon="-111.113965"></trkpt></trkseg></trk><trk><name>T011 AU6D793</name><trkseg><trkpt lat="40.636678" lon="-111.698348"></trkpt><trkpt lat="40.636282" lon="-111.698287"></trkpt><trkpt lat="40.636043" lon="-111.698294"></trkpt><trkpt lat="40.635971" lon="-111.698401"></trkpt><trkpt lat="40.635872" lon="-111.698401"></trkpt><trkpt lat="40.635772" lon="-111.698447"></trkpt><trkpt lat="40.635682" lon="-111.698538"></trkpt><trkpt lat="40.635636" lon="-111.698653"></trkpt><trkpt lat="40.635670" lon="-111.698973"></trkpt><trkpt lat="40.635524" lon="-111.699347"></trkpt><trkpt lat="40.635414" lon="-111.699522"></trkpt><trkpt lat="40.635192" lon="-111.699774"></trkpt><trkpt lat="40.635061" lon="-111.699874"></trkpt><trkpt lat="40.634925" lon="-111.699942"></trkpt><trkpt lat="40.634614" lon="-111.699980"></trkpt><trkpt lat="40.634385" lon="-111.699942"></trkpt><trkpt lat="40.633950" lon="-111.699637"></trkpt><trkpt lat="40.633644" lon="-111.699507"></trkpt><trkpt lat="40.633348" lon="-111.699423"></trkpt><trkpt lat="40.633222" lon="-111.699339"></trkpt><trkpt lat="40.633061" lon="-111.699179"></trkpt><trkpt lat="40.632905" lon="-111.698920"></trkpt><trkpt lat="40.632547" lon="-111.698500"></trkpt><trkpt lat="40.632354" lon="-111.698317"></trkpt><trkpt lat="40.631914" lon="-111.698058"></trkpt><trkpt lat="40.631564" lon="-111.697951"></trkpt><trkpt lat="40.631397" lon="-111.697936"></trkpt><trkpt lat="40.631239" lon="-111.697958"></trkpt><trkpt lat="40.631041" lon="-111.698035"></trkpt><trkpt lat="40.630897" lon="-111.697974"></trkpt><trkpt lat="40.630871" lon="-111.697844"></trkpt><trkpt lat="40.630903" lon="-111.697752"></trkpt><trkpt lat="40.630993" lon="-111.697653"></trkpt><trkpt lat="40.631368" lon="-111.697501"></trkpt><trkpt lat="40.631905" lon="-111.697416"></trkpt><trkpt lat="40.632287" lon="-111.697470"></trkpt><trkpt lat="40.632687" lon="-111.697623"></trkpt><trkpt lat="40.633006" lon="-111.697836"></trkpt><trkpt lat="40.633361" lon="-111.697981"></trkpt><trkpt lat="40.633419" lon="-111.697989"></trkpt><trkpt lat="40.633465" lon="-111.697897"></trkpt><trkpt lat="40.633407" lon="-111.697821"></trkpt><trkpt lat="40.632841" lon="-111.697516"></trkpt><trkpt lat="40.632276" lon="-111.697058"></trkpt><trkpt lat="40.632137" lon="-111.697028"></trkpt><trkpt lat="40.631875" lon="-111.697050"></trkpt><trkpt lat="40.631498" lon="-111.696921"></trkpt><trkpt lat="40.631161" lon="-111.696692"></trkpt><trkpt lat="40.630848" lon="-111.696364"></trkpt><trkpt lat="40.630550" lon="-111.695776"></trkpt><trkpt lat="40.630210" lon="-111.695311"></trkpt><trkpt lat="40.629995" lon="-111.695128"></trkpt><trkpt lat="40.629546" lon="-111.694868"></trkpt><trkpt lat="40.629164" lon="-111.694723"></trkpt><trkpt lat="40.628994" lon="-111.694609"></trkpt><trkpt lat="40.628739" lon="-111.694304"></trkpt><trkpt lat="40.627862" lon="-111.693396"></trkpt><trkpt lat="40.627674" lon="-111.693159"></trkpt><trkpt lat="40.627126" lon="-111.692816"></trkpt><trkpt lat="40.626786" lon="-111.692442"></trkpt><trkpt lat="40.626630" lon="-111.692228"></trkpt><trkpt lat="40.626412" lon="-111.691824"></trkpt><trkpt lat="40.626282" lon="-111.691679"></trkpt><trkpt lat="40.626093" lon="-111.691595"></trkpt><trkpt lat="40.625940" lon="-111.691626"></trkpt><trkpt lat="40.625610" lon="-111.691870"></trkpt><trkpt lat="40.625153" lon="-111.692137"></trkpt><trkpt lat="40.624824" lon="-111.692236"></trkpt><trkpt lat="40.624747" lon="-111.692159"></trkpt><trkpt lat="40.624676" lon="-111.691313"></trkpt><trkpt lat="40.624467" lon="-111.690901"></trkpt><trkpt lat="40.624141" lon="-111.690443"></trkpt><trkpt lat="40.623567" lon="-111.690039"></trkpt><trkpt lat="40.622942" lon="-111.689092"></trkpt><trkpt lat="40.622590" lon="-111.688390"></trkpt><trkpt lat="40.622529" lon="-111.688039"></trkpt><trkpt lat="40.622392" lon="-111.687658"></trkpt><trkpt lat="40.622040" lon="-111.686895"></trkpt><trkpt lat="40.621835" lon="-111.686552"></trkpt><trkpt lat="40.621621" lon="-111.686269"></trkpt><trkpt lat="40.621320" lon="-111.686071"></trkpt><trkpt lat="40.620660" lon="-111.685751"></trkpt><trkpt lat="40.619752" lon="-111.685430"></trkpt><trkpt lat="40.619604" lon="-111.685323"></trkpt><trkpt lat="40.618664" lon="-111.684232"></trkpt><trkpt lat="40.618001" lon="-111.683713"></trkpt><trkpt lat="40.617348" lon="-111.682904"></trkpt><trkpt lat="40.617097" lon="-111.682676"></trkpt><trkpt lat="40.616815" lon="-111.682454"></trkpt><trkpt lat="40.616419" lon="-111.682286"></trkpt><trkpt lat="40.616056" lon="-111.682004"></trkpt><trkpt lat="40.615876" lon="-111.681943"></trkpt><trkpt lat="40.615642" lon="-111.681974"></trkpt><trkpt lat="40.615503" lon="-111.681897"></trkpt><trkpt lat="40.615337" lon="-111.681676"></trkpt><trkpt lat="40.615150" lon="-111.681333"></trkpt><trkpt lat="40.614924" lon="-111.680791"></trkpt><trkpt lat="40.614943" lon="-111.680593"></trkpt><trkpt lat="40.615043" lon="-111.680440"></trkpt><trkpt lat="40.615505" lon="-111.680028"></trkpt><trkpt lat="40.615663" lon="-111.679959"></trkpt><trkpt lat="40.615866" lon="-111.679936"></trkpt><trkpt lat="40.616140" lon="-111.679967"></trkpt><trkpt lat="40.616338" lon="-111.680028"></trkpt><trkpt lat="40.616707" lon="-111.680036"></trkpt><trkpt lat="40.616748" lon="-111.680013"></trkpt><trkpt lat="40.616735" lon="-111.679959"></trkpt><trkpt lat="40.616124" lon="-111.679723"></trkpt><trkpt lat="40.615869" lon="-111.679425"></trkpt><trkpt lat="40.615254" lon="-111.678952"></trkpt><trkpt lat="40.615003" lon="-111.678853"></trkpt><trkpt lat="40.614755" lon="-111.678815"></trkpt><trkpt lat="40.614620" lon="-111.678861"></trkpt><trkpt lat="40.614404" lon="-111.678845"></trkpt><trkpt lat="40.613487" lon="-111.678464"></trkpt><trkpt lat="40.613185" lon="-111.678395"></trkpt><trkpt lat="40.613068" lon="-111.678380"></trkpt><trkpt lat="40.612875" lon="-111.678418"></trkpt><trkpt lat="40.612371" lon="-111.678220"></trkpt><trkpt lat="40.611955" lon="-111.677823"></trkpt><trkpt lat="40.611636" lon="-111.677640"></trkpt><trkpt lat="40.611461" lon="-111.677571"></trkpt><trkpt lat="40.610875" lon="-111.677602"></trkpt><trkpt lat="40.610574" lon="-111.677495"></trkpt><trkpt lat="40.610302" lon="-111.677678"></trkpt><trkpt lat="40.610188" lon="-111.677991"></trkpt><trkpt lat="40.610082" lon="-111.678433"></trkpt><trkpt lat="40.610052" lon="-111.678899"></trkpt><trkpt lat="40.610170" lon="-111.679578"></trkpt><trkpt lat="40.610169" lon="-111.679685"></trkpt><trkpt lat="40.610142" lon="-111.679708"></trkpt><trkpt lat="40.610075" lon="-111.679654"></trkpt><trkpt lat="40.609521" lon="-111.678746"></trkpt><trkpt lat="40.609209" lon="-111.678304"></trkpt><trkpt lat="40.608935" lon="-111.678075"></trkpt><trkpt lat="40.608864" lon="-111.677968"></trkpt><trkpt lat="40.608771" lon="-111.677678"></trkpt><trkpt lat="40.608659" lon="-111.677579"></trkpt><trkpt lat="40.608587" lon="-111.677602"></trkpt><trkpt lat="40.608663" lon="-111.678326"></trkpt><trkpt lat="40.608935" lon="-111.678929"></trkpt><trkpt lat="40.608964" lon="-111.679296"></trkpt><trkpt lat="40.608928" lon="-111.679318"></trkpt><trkpt lat="40.608878" lon="-111.679295"></trkpt><trkpt lat="40.608628" lon="-111.678967"></trkpt><trkpt lat="40.608341" lon="-111.678700"></trkpt><trkpt lat="40.607996" lon="-111.678456"></trkpt><trkpt lat="40.607714" lon="-111.678189"></trkpt><trkpt lat="40.607332" lon="-111.677174"></trkpt><trkpt lat="40.607272" lon="-111.676724"></trkpt><trkpt lat="40.607219" lon="-111.676595"></trkpt><trkpt lat="40.607156" lon="-111.676625"></trkpt><trkpt lat="40.607071" lon="-111.677220"></trkpt><trkpt lat="40.606970" lon="-111.677564"></trkpt><trkpt lat="40.606925" lon="-111.677541"></trkpt><trkpt lat="40.606849" lon="-111.676716"></trkpt><trkpt lat="40.606799" lon="-111.676686"></trkpt><trkpt lat="40.606620" lon="-111.677228"></trkpt><trkpt lat="40.606600" lon="-111.677724"></trkpt><trkpt lat="40.606563" lon="-111.677823"></trkpt><trkpt lat="40.606509" lon="-111.677861"></trkpt><trkpt lat="40.606459" lon="-111.677838"></trkpt><trkpt lat="40.606459" lon="-111.677151"></trkpt><trkpt lat="40.606419" lon="-111.677098"></trkpt><trkpt lat="40.606345" lon="-111.677365"></trkpt><trkpt lat="40.606300" lon="-111.677350"></trkpt><trkpt lat="40.606383" lon="-111.676228"></trkpt><trkpt lat="40.606352" lon="-111.676228"></trkpt><trkpt lat="40.606145" lon="-111.676900"></trkpt><trkpt lat="40.606059" lon="-111.677022"></trkpt><trkpt lat="40.606014" lon="-111.676999"></trkpt><trkpt lat="40.606072" lon="-111.676274"></trkpt><trkpt lat="40.606047" lon="-111.675229"></trkpt><trkpt lat="40.606016" lon="-111.675000"></trkpt><trkpt lat="40.605836" lon="-111.674305"></trkpt><trkpt lat="40.605706" lon="-111.674092"></trkpt><trkpt lat="40.605670" lon="-111.674107"></trkpt><trkpt lat="40.605638" lon="-111.674237"></trkpt><trkpt lat="40.605615" lon="-111.675778"></trkpt><trkpt lat="40.605566" lon="-111.675816"></trkpt><trkpt lat="40.605373" lon="-111.674916"></trkpt><trkpt lat="40.605081" lon="-111.673954"></trkpt><trkpt lat="40.605054" lon="-111.673962"></trkpt><trkpt lat="40.605044" lon="-111.674084"></trkpt><trkpt lat="40.605097" lon="-111.675069"></trkpt><trkpt lat="40.605137" lon="-111.675244"></trkpt><trkpt lat="40.605118" lon="-111.675328"></trkpt><trkpt lat="40.605069" lon="-111.675282"></trkpt><trkpt lat="40.604824" lon="-111.674801"></trkpt><trkpt lat="40.604455" lon="-111.673977"></trkpt><trkpt lat="40.604423" lon="-111.674015"></trkpt><trkpt lat="40.604444" lon="-111.674229"></trkpt><trkpt lat="40.604537" lon="-111.674557"></trkpt><trkpt lat="40.604535" lon="-111.674855"></trkpt><trkpt lat="40.604445" lon="-111.674817"></trkpt><trkpt lat="40.604161" lon="-111.674244"></trkpt><trkpt lat="40.603960" lon="-111.673939"></trkpt><trkpt lat="40.603776" lon="-111.673718"></trkpt><trkpt lat="40.603727" lon="-111.673695"></trkpt><trkpt lat="40.603686" lon="-111.673718"></trkpt><trkpt lat="40.603686" lon="-111.673771"></trkpt><trkpt lat="40.603899" lon="-111.674214"></trkpt><trkpt lat="40.603872" lon="-111.674252"></trkpt><trkpt lat="40.603764" lon="-111.674206"></trkpt><trkpt lat="40.603549" lon="-111.674000"></trkpt><trkpt lat="40.603410" lon="-111.673924"></trkpt><trkpt lat="40.603387" lon="-111.673962"></trkpt><trkpt lat="40.603391" lon="-111.674046"></trkpt><trkpt lat="40.603521" lon="-111.674237"></trkpt><trkpt lat="40.603722" lon="-111.674435"></trkpt><trkpt lat="40.603700" lon="-111.674504"></trkpt><trkpt lat="40.603506" lon="-111.674519"></trkpt><trkpt lat="40.603200" lon="-111.674420"></trkpt><trkpt lat="40.602490" lon="-111.674076"></trkpt><trkpt lat="40.602266" lon="-111.673924"></trkpt><trkpt lat="40.601967" lon="-111.673474"></trkpt><trkpt lat="40.601751" lon="-111.672657"></trkpt><trkpt lat="40.601751" lon="-111.671841"></trkpt><trkpt lat="40.601826" lon="-111.671414"></trkpt><trkpt lat="40.601922" lon="-111.671116"></trkpt><trkpt lat="40.601914" lon="-111.671032"></trkpt><trkpt lat="40.601837" lon="-111.671086"></trkpt><trkpt lat="40.601591" lon="-111.671421"></trkpt><trkpt lat="40.601337" lon="-111.671849"></trkpt><trkpt lat="40.601278" lon="-111.671848"></trkpt><trkpt lat="40.601297" lon="-111.671627"></trkpt><trkpt lat="40.601501" lon="-111.670796"></trkpt><trkpt lat="40.601483" lon="-111.670727"></trkpt><trkpt lat="40.601374" lon="-111.670818"></trkpt><trkpt lat="40.601129" lon="-111.671170"></trkpt><trkpt lat="40.600919" lon="-111.671597"></trkpt><trkpt lat="40.600676" lon="-111.672444"></trkpt><trkpt lat="40.600592" lon="-111.672940"></trkpt></trkseg></trk><trk><name>T012 AU6D793</name><trkseg><trkpt lat="40.679059" lon="-111.192662"></trkpt><trkpt lat="40.678969" lon="-111.192471"></trkpt><trkpt lat="40.678825" lon="-111.192280"></trkpt><trkpt lat="40.678614" lon="-111.192112"></trkpt><trkpt lat="40.678177" lon="-111.191853"></trkpt><trkpt lat="40.678070" lon="-111.191723"></trkpt><trkpt lat="40.678052" lon="-111.191654"></trkpt><trkpt lat="40.678124" lon="-111.191441"></trkpt><trkpt lat="40.677944" lon="-111.191181"></trkpt><trkpt lat="40.677927" lon="-111.190952"></trkpt><trkpt lat="40.678009" lon="-111.190426"></trkpt><trkpt lat="40.677968" lon="-111.190235"></trkpt><trkpt lat="40.677569" lon="-111.189297"></trkpt><trkpt lat="40.677444" lon="-111.188404"></trkpt><trkpt lat="40.677427" lon="-111.188099"></trkpt><trkpt lat="40.677473" lon="-111.187343"></trkpt><trkpt lat="40.677411" lon="-111.186741"></trkpt><trkpt lat="40.677312" lon="-111.186558"></trkpt><trkpt lat="40.677069" lon="-111.186352"></trkpt><trkpt lat="40.676961" lon="-111.186214"></trkpt><trkpt lat="40.676863" lon="-111.185955"></trkpt><trkpt lat="40.676945" lon="-111.185451"></trkpt><trkpt lat="40.677103" lon="-111.185199"></trkpt><trkpt lat="40.677175" lon="-111.185001"></trkpt><trkpt lat="40.677117" lon="-111.184688"></trkpt><trkpt lat="40.676897" lon="-111.184368"></trkpt><trkpt lat="40.676767" lon="-111.184047"></trkpt><trkpt lat="40.676771" lon="-111.183849"></trkpt><trkpt lat="40.676858" lon="-111.183338"></trkpt><trkpt lat="40.676724" lon="-111.182789"></trkpt><trkpt lat="40.676683" lon="-111.182468"></trkpt><trkpt lat="40.676298" lon="-111.181484"></trkpt><trkpt lat="40.676141" lon="-111.180606"></trkpt><trkpt lat="40.676061" lon="-111.180408"></trkpt><trkpt lat="40.675885" lon="-111.180202"></trkpt><trkpt lat="40.675750" lon="-111.180164"></trkpt></trkseg></trk><trk><name>T013 AU6D793</name><trkseg><trkpt lat="40.984928" lon="-111.792502"></trkpt><trkpt lat="40.984395" lon="-111.792136"></trkpt><trkpt lat="40.984162" lon="-111.791923"></trkpt><trkpt lat="40.983977" lon="-111.791953"></trkpt><trkpt lat="40.983878" lon="-111.791938"></trkpt><trkpt lat="40.983681" lon="-111.791846"></trkpt><trkpt lat="40.983258" lon="-111.791770"></trkpt><trkpt lat="40.983002" lon="-111.791641"></trkpt><trkpt lat="40.982804" lon="-111.791617"></trkpt><trkpt lat="40.982678" lon="-111.791549"></trkpt><trkpt lat="40.982500" lon="-111.791320"></trkpt><trkpt lat="40.982154" lon="-111.791168"></trkpt><trkpt lat="40.982015" lon="-111.791022"></trkpt><trkpt lat="40.981697" lon="-111.790801"></trkpt><trkpt lat="40.981469" lon="-111.790572"></trkpt><trkpt lat="40.981172" lon="-111.790496"></trkpt><trkpt lat="40.980949" lon="-111.790183"></trkpt><trkpt lat="40.980918" lon="-111.790038"></trkpt><trkpt lat="40.980806" lon="-111.789969"></trkpt><trkpt lat="40.980677" lon="-111.789794"></trkpt><trkpt lat="40.980506" lon="-111.789741"></trkpt><trkpt lat="40.980475" lon="-111.789702"></trkpt><trkpt lat="40.980369" lon="-111.789397"></trkpt><trkpt lat="40.980229" lon="-111.789405"></trkpt><trkpt lat="40.980153" lon="-111.789359"></trkpt><trkpt lat="40.980041" lon="-111.789207"></trkpt><trkpt lat="40.979794" lon="-111.789161"></trkpt><trkpt lat="40.979759" lon="-111.788924"></trkpt><trkpt lat="40.979775" lon="-111.788611"></trkpt><trkpt lat="40.979744" lon="-111.788527"></trkpt><trkpt lat="40.979623" lon="-111.788459"></trkpt><trkpt lat="40.979506" lon="-111.788467"></trkpt><trkpt lat="40.979407" lon="-111.788428"></trkpt><trkpt lat="40.979345" lon="-111.788299"></trkpt><trkpt lat="40.979264" lon="-111.788222"></trkpt><trkpt lat="40.978856" lon="-111.788054"></trkpt><trkpt lat="40.978757" lon="-111.787970"></trkpt><trkpt lat="40.978690" lon="-111.787841"></trkpt><trkpt lat="40.978466" lon="-111.787772"></trkpt><trkpt lat="40.978340" lon="-111.787688"></trkpt><trkpt lat="40.978193" lon="-111.787497"></trkpt><trkpt lat="40.977914" lon="-111.787383"></trkpt><trkpt lat="40.977848" lon="-111.787223"></trkpt><trkpt lat="40.977799" lon="-111.787177"></trkpt><trkpt lat="40.977525" lon="-111.787055"></trkpt><trkpt lat="40.977399" lon="-111.787055"></trkpt><trkpt lat="40.977165" lon="-111.786956"></trkpt><trkpt lat="40.977009" lon="-111.786689"></trkpt><trkpt lat="40.976852" lon="-111.786666"></trkpt><trkpt lat="40.976758" lon="-111.786612"></trkpt><trkpt lat="40.976610" lon="-111.786445"></trkpt><trkpt lat="40.976462" lon="-111.786353"></trkpt><trkpt lat="40.976260" lon="-111.786300"></trkpt><trkpt lat="40.975998" lon="-111.786299"></trkpt><trkpt lat="40.975306" lon="-111.786193"></trkpt><trkpt lat="40.975180" lon="-111.786147"></trkpt><trkpt lat="40.974718" lon="-111.785811"></trkpt><trkpt lat="40.974552" lon="-111.785659"></trkpt><trkpt lat="40.974374" lon="-111.785407"></trkpt><trkpt lat="40.974262" lon="-111.785315"></trkpt><trkpt lat="40.973152" lon="-111.785002"></trkpt><trkpt lat="40.972662" lon="-111.784751"></trkpt><trkpt lat="40.972520" lon="-111.784552"></trkpt><trkpt lat="40.972462" lon="-111.784407"></trkpt><trkpt lat="40.972268" lon="-111.784461"></trkpt><trkpt lat="40.971878" lon="-111.784178"></trkpt><trkpt lat="40.971519" lon="-111.783988"></trkpt><trkpt lat="40.971330" lon="-111.783927"></trkpt><trkpt lat="40.970990" lon="-111.783705"></trkpt><trkpt lat="40.970828" lon="-111.783682"></trkpt><trkpt lat="40.970405" lon="-111.783530"></trkpt><trkpt lat="40.970266" lon="-111.783522"></trkpt><trkpt lat="40.970166" lon="-111.783545"></trkpt><trkpt lat="40.970040" lon="-111.783652"></trkpt><trkpt lat="40.969549" lon="-111.783629"></trkpt><trkpt lat="40.969278" lon="-111.783683"></trkpt><trkpt lat="40.969139" lon="-111.783606"></trkpt><trkpt lat="40.968918" lon="-111.783606"></trkpt><trkpt lat="40.968860" lon="-111.783637"></trkpt><trkpt lat="40.968818" lon="-111.783736"></trkpt><trkpt lat="40.968804" lon="-111.783911"></trkpt><trkpt lat="40.968856" lon="-111.784201"></trkpt><trkpt lat="40.968631" lon="-111.784179"></trkpt><trkpt lat="40.968332" lon="-111.784316"></trkpt><trkpt lat="40.968078" lon="-111.784659"></trkpt><trkpt lat="40.967893" lon="-111.784743"></trkpt><trkpt lat="40.967730" lon="-111.784865"></trkpt><trkpt lat="40.967521" lon="-111.785147"></trkpt><trkpt lat="40.967432" lon="-111.784850"></trkpt><trkpt lat="40.967255" lon="-111.784468"></trkpt><trkpt lat="40.966813" lon="-111.783927"></trkpt><trkpt lat="40.966298" lon="-111.783453"></trkpt><trkpt lat="40.965300" lon="-111.783164"></trkpt><trkpt lat="40.964981" lon="-111.783011"></trkpt><trkpt lat="40.964443" lon="-111.782675"></trkpt><trkpt lat="40.964102" lon="-111.782538"></trkpt><trkpt lat="40.963868" lon="-111.782515"></trkpt><trkpt lat="40.963248" lon="-111.782858"></trkpt><trkpt lat="40.962617" lon="-111.782897"></trkpt><trkpt lat="40.962229" lon="-111.783072"></trkpt><trkpt lat="40.961801" lon="-111.783042"></trkpt><trkpt lat="40.961295" lon="-111.783225"></trkpt><trkpt lat="40.961120" lon="-111.783255"></trkpt><trkpt lat="40.960908" lon="-111.783209"></trkpt><trkpt lat="40.960621" lon="-111.783080"></trkpt><trkpt lat="40.960530" lon="-111.783118"></trkpt></trkseg></trk><trk><name>T014 AU6D793</name><trkseg><trkpt lat="40.628129" lon="-110.944847"></trkpt><trkpt lat="40.628386" lon="-110.944458"></trkpt><trkpt lat="40.628584" lon="-110.944084"></trkpt><trkpt lat="40.628674" lon="-110.943794"></trkpt><trkpt lat="40.628930" lon="-110.943405"></trkpt><trkpt lat="40.629124" lon="-110.943298"></trkpt><trkpt lat="40.629286" lon="-110.942810"></trkpt><trkpt lat="40.629466" lon="-110.942505"></trkpt><trkpt lat="40.629975" lon="-110.942055"></trkpt><trkpt lat="40.630222" lon="-110.941651"></trkpt><trkpt lat="40.630438" lon="-110.941002"></trkpt><trkpt lat="40.630384" lon="-110.940483"></trkpt><trkpt lat="40.630505" lon="-110.939934"></trkpt><trkpt lat="40.630460" lon="-110.939796"></trkpt><trkpt lat="40.630307" lon="-110.939728"></trkpt><trkpt lat="40.630095" lon="-110.939705"></trkpt><trkpt lat="40.629969" lon="-110.939651"></trkpt><trkpt lat="40.629933" lon="-110.939598"></trkpt><trkpt lat="40.629784" lon="-110.939629"></trkpt><trkpt lat="40.629590" lon="-110.939735"></trkpt><trkpt lat="40.629167" lon="-110.939819"></trkpt><trkpt lat="40.628856" lon="-110.939598"></trkpt><trkpt lat="40.628690" lon="-110.939590"></trkpt><trkpt lat="40.628374" lon="-110.939636"></trkpt><trkpt lat="40.628275" lon="-110.939560"></trkpt><trkpt lat="40.628302" lon="-110.939476"></trkpt><trkpt lat="40.628568" lon="-110.939308"></trkpt><trkpt lat="40.628671" lon="-110.939133"></trkpt><trkpt lat="40.628616" lon="-110.937622"></trkpt><trkpt lat="40.628301" lon="-110.937218"></trkpt><trkpt lat="40.628125" lon="-110.936851"></trkpt><trkpt lat="40.628120" lon="-110.936607"></trkpt><trkpt lat="40.628251" lon="-110.936142"></trkpt><trkpt lat="40.628264" lon="-110.935493"></trkpt><trkpt lat="40.628246" lon="-110.935257"></trkpt><trkpt lat="40.627984" lon="-110.934250"></trkpt><trkpt lat="40.627821" lon="-110.933319"></trkpt><trkpt lat="40.627965" lon="-110.932800"></trkpt><trkpt lat="40.627965" lon="-110.932678"></trkpt><trkpt lat="40.627847" lon="-110.931854"></trkpt><trkpt lat="40.627744" lon="-110.931793"></trkpt><trkpt lat="40.627694" lon="-110.931648"></trkpt><trkpt lat="40.627721" lon="-110.931343"></trkpt><trkpt lat="40.627658" lon="-110.931236"></trkpt><trkpt lat="40.627648" lon="-110.930778"></trkpt><trkpt lat="40.627612" lon="-110.930565"></trkpt><trkpt lat="40.627738" lon="-110.930397"></trkpt><trkpt lat="40.627540" lon="-110.930038"></trkpt><trkpt lat="40.627612" lon="-110.929878"></trkpt><trkpt lat="40.627756" lon="-110.929771"></trkpt><trkpt lat="40.628108" lon="-110.930435"></trkpt><trkpt lat="40.628576" lon="-110.930954"></trkpt><trkpt lat="40.628973" lon="-110.931106"></trkpt><trkpt lat="40.629396" lon="-110.931129"></trkpt><trkpt lat="40.629847" lon="-110.931061"></trkpt><trkpt lat="40.629973" lon="-110.931007"></trkpt><trkpt lat="40.630757" lon="-110.932098"></trkpt><trkpt lat="40.631069" lon="-110.932770"></trkpt><trkpt lat="40.631236" lon="-110.933334"></trkpt></trkseg></trk><trk><name>T015 AU6D793</name><trkseg><trkpt lat="40.617868" lon="-110.956013"></trkpt><trkpt lat="40.618185" lon="-110.956013"></trkpt><trkpt lat="40.618955" lon="-110.955597"></trkpt><trkpt lat="40.619331" lon="-110.955364"></trkpt><trkpt lat="40.619864" lon="-110.954844"></trkpt><trkpt lat="40.620477" lon="-110.954766"></trkpt><trkpt lat="40.620852" lon="-110.954610"></trkpt><trkpt lat="40.621227" lon="-110.954247"></trkpt><trkpt lat="40.621820" lon="-110.953598"></trkpt><trkpt lat="40.622353" lon="-110.952716"></trkpt><trkpt lat="40.622906" lon="-110.951912"></trkpt><trkpt lat="40.623282" lon="-110.951419"></trkpt><trkpt lat="40.623677" lon="-110.951003"></trkpt><trkpt lat="40.624012" lon="-110.950510"></trkpt><trkpt lat="40.624131" lon="-110.950147"></trkpt><trkpt lat="40.624506" lon="-110.949524"></trkpt><trkpt lat="40.624980" lon="-110.948435"></trkpt><trkpt lat="40.625540" lon="-110.947578"></trkpt><trkpt lat="40.626134" lon="-110.946541"></trkpt><trkpt lat="40.626630" lon="-110.945862"></trkpt><trkpt lat="40.626999" lon="-110.945534"></trkpt><trkpt lat="40.627395" lon="-110.945305"></trkpt><trkpt lat="40.627899" lon="-110.944939"></trkpt><trkpt lat="40.628129" lon="-110.944847"></trkpt><trkpt lat="40.628422" lon="-110.944588"></trkpt><trkpt lat="40.628908" lon="-110.944031"></trkpt><trkpt lat="40.629228" lon="-110.943512"></trkpt><trkpt lat="40.629453" lon="-110.943237"></trkpt><trkpt lat="40.629727" lon="-110.943085"></trkpt><trkpt lat="40.629880" lon="-110.943062"></trkpt><trkpt lat="40.630070" lon="-110.943070"></trkpt><trkpt lat="40.630268" lon="-110.943138"></trkpt><trkpt lat="40.630412" lon="-110.943260"></trkpt><trkpt lat="40.630547" lon="-110.943474"></trkpt><trkpt lat="40.630629" lon="-110.943741"></trkpt><trkpt lat="40.630629" lon="-110.944008"></trkpt><trkpt lat="40.630530" lon="-110.944702"></trkpt><trkpt lat="40.630535" lon="-110.945023"></trkpt><trkpt lat="40.630584" lon="-110.945259"></trkpt><trkpt lat="40.630927" lon="-110.945717"></trkpt><trkpt lat="40.631008" lon="-110.945923"></trkpt><trkpt lat="40.630981" lon="-110.946739"></trkpt><trkpt lat="40.631063" lon="-110.947006"></trkpt><trkpt lat="40.631162" lon="-110.947205"></trkpt><trkpt lat="40.631558" lon="-110.947708"></trkpt><trkpt lat="40.631739" lon="-110.947846"></trkpt><trkpt lat="40.632604" lon="-110.947976"></trkpt><trkpt lat="40.632838" lon="-110.948166"></trkpt><trkpt lat="40.632951" lon="-110.948448"></trkpt><trkpt lat="40.632982" lon="-110.948792"></trkpt><trkpt lat="40.632902" lon="-110.949776"></trkpt><trkpt lat="40.632902" lon="-110.950707"></trkpt></trkseg></trk><trk><name>T016 AU6D793</name><trkseg><trkpt lat="40.847207" lon="-110.815829"></trkpt><trkpt lat="40.847243" lon="-110.815684"></trkpt><trkpt lat="40.847206" lon="-110.815471"></trkpt><trkpt lat="40.847242" lon="-110.815303"></trkpt><trkpt lat="40.847323" lon="-110.815203"></trkpt><trkpt lat="40.847485" lon="-110.815143"></trkpt><trkpt lat="40.847845" lon="-110.815150"></trkpt><trkpt lat="40.849035" lon="-110.815310"></trkpt><trkpt lat="40.850139" lon="-110.815593"></trkpt><trkpt lat="40.850449" lon="-110.815562"></trkpt><trkpt lat="40.850859" lon="-110.815379"></trkpt><trkpt lat="40.851160" lon="-110.814997"></trkpt><trkpt lat="40.851349" lon="-110.814822"></trkpt><trkpt lat="40.851412" lon="-110.814700"></trkpt><trkpt lat="40.851457" lon="-110.814548"></trkpt><trkpt lat="40.851497" lon="-110.814097"></trkpt><trkpt lat="40.851671" lon="-110.813655"></trkpt><trkpt lat="40.851761" lon="-110.813075"></trkpt><trkpt lat="40.852312" lon="-110.811465"></trkpt><trkpt lat="40.852864" lon="-110.810038"></trkpt><trkpt lat="40.853510" lon="-110.808695"></trkpt><trkpt lat="40.853663" lon="-110.808276"></trkpt><trkpt lat="40.854146" lon="-110.806544"></trkpt><trkpt lat="40.854169" lon="-110.804255"></trkpt><trkpt lat="40.854376" lon="-110.801455"></trkpt><trkpt lat="40.855724" lon="-110.797022"></trkpt><trkpt lat="40.856693" lon="-110.794650"></trkpt><trkpt lat="40.857527" lon="-110.792773"></trkpt><trkpt lat="40.858185" lon="-110.792910"></trkpt><trkpt lat="40.858338" lon="-110.792902"></trkpt><trkpt lat="40.858491" lon="-110.792773"></trkpt><trkpt lat="40.858576" lon="-110.792475"></trkpt><trkpt lat="40.858634" lon="-110.791987"></trkpt><trkpt lat="40.858993" lon="-110.791346"></trkpt><trkpt lat="40.859209" lon="-110.791224"></trkpt><trkpt lat="40.859596" lon="-110.790911"></trkpt><trkpt lat="40.859856" lon="-110.790484"></trkpt><trkpt lat="40.860081" lon="-110.790201"></trkpt><trkpt lat="40.860216" lon="-110.790186"></trkpt><trkpt lat="40.860830" lon="-110.790713"></trkpt><trkpt lat="40.861358" lon="-110.791277"></trkpt><trkpt lat="40.861578" lon="-110.791300"></trkpt><trkpt lat="40.861948" lon="-110.791239"></trkpt><trkpt lat="40.862092" lon="-110.791369"></trkpt><trkpt lat="40.862489" lon="-110.791888"></trkpt><trkpt lat="40.862535" lon="-110.792071"></trkpt><trkpt lat="40.862243" lon="-110.792429"></trkpt><trkpt lat="40.862248" lon="-110.792658"></trkpt><trkpt lat="40.862455" lon="-110.792849"></trkpt><trkpt lat="40.862699" lon="-110.793017"></trkpt><trkpt lat="40.862856" lon="-110.793025"></trkpt><trkpt lat="40.863095" lon="-110.792979"></trkpt><trkpt lat="40.863221" lon="-110.793047"></trkpt><trkpt lat="40.863285" lon="-110.793543"></trkpt><trkpt lat="40.863385" lon="-110.793833"></trkpt><trkpt lat="40.863403" lon="-110.794031"></trkpt><trkpt lat="40.863153" lon="-110.795397"></trkpt><trkpt lat="40.863253" lon="-110.795718"></trkpt><trkpt lat="40.863876" lon="-110.796381"></trkpt><trkpt lat="40.864233" lon="-110.797106"></trkpt><trkpt lat="40.864472" lon="-110.797404"></trkpt><trkpt lat="40.864545" lon="-110.797640"></trkpt><trkpt lat="40.864843" lon="-110.798068"></trkpt><trkpt lat="40.864987" lon="-110.798358"></trkpt><trkpt lat="40.865046" lon="-110.798548"></trkpt><trkpt lat="40.865168" lon="-110.798526"></trkpt><trkpt lat="40.865565" lon="-110.798808"></trkpt><trkpt lat="40.865727" lon="-110.799044"></trkpt><trkpt lat="40.865980" lon="-110.799128"></trkpt><trkpt lat="40.866431" lon="-110.799380"></trkpt><trkpt lat="40.866828" lon="-110.799754"></trkpt><trkpt lat="40.867072" lon="-110.800204"></trkpt><trkpt lat="40.867126" lon="-110.800242"></trkpt><trkpt lat="40.867685" lon="-110.800395"></trkpt><trkpt lat="40.867811" lon="-110.800631"></trkpt><trkpt lat="40.868785" lon="-110.801295"></trkpt><trkpt lat="40.869533" lon="-110.801646"></trkpt><trkpt lat="40.870291" lon="-110.801837"></trkpt><trkpt lat="40.870453" lon="-110.801974"></trkpt><trkpt lat="40.870615" lon="-110.802195"></trkpt><trkpt lat="40.870886" lon="-110.802440"></trkpt><trkpt lat="40.871003" lon="-110.802485"></trkpt><trkpt lat="40.871454" lon="-110.802516"></trkpt><trkpt lat="40.871783" lon="-110.802585"></trkpt><trkpt lat="40.871932" lon="-110.802668"></trkpt><trkpt lat="40.872518" lon="-110.803347"></trkpt><trkpt lat="40.872622" lon="-110.803675"></trkpt><trkpt lat="40.873322" lon="-110.804744"></trkpt><trkpt lat="40.874036" lon="-110.805743"></trkpt><trkpt lat="40.874537" lon="-110.806285"></trkpt><trkpt lat="40.874948" lon="-110.806872"></trkpt><trkpt lat="40.875841" lon="-110.808001"></trkpt><trkpt lat="40.876188" lon="-110.808185"></trkpt><trkpt lat="40.876265" lon="-110.808177"></trkpt><trkpt lat="40.876734" lon="-110.808437"></trkpt><trkpt lat="40.876842" lon="-110.808459"></trkpt><trkpt lat="40.876932" lon="-110.808429"></trkpt><trkpt lat="40.877040" lon="-110.808314"></trkpt><trkpt lat="40.877350" lon="-110.807681"></trkpt><trkpt lat="40.877615" lon="-110.807483"></trkpt><trkpt lat="40.877759" lon="-110.807490"></trkpt><trkpt lat="40.878057" lon="-110.807696"></trkpt><trkpt lat="40.878174" lon="-110.807826"></trkpt><trkpt lat="40.878242" lon="-110.807948"></trkpt><trkpt lat="40.878319" lon="-110.808452"></trkpt><trkpt lat="40.878572" lon="-110.808902"></trkpt><trkpt lat="40.878617" lon="-110.808894"></trkpt><trkpt lat="40.878699" lon="-110.808955"></trkpt><trkpt lat="40.879249" lon="-110.809535"></trkpt><trkpt lat="40.879488" lon="-110.809711"></trkpt><trkpt lat="40.879953" lon="-110.809955"></trkpt><trkpt lat="40.880602" lon="-110.810481"></trkpt><trkpt lat="40.881106" lon="-110.810466"></trkpt><trkpt lat="40.881359" lon="-110.810626"></trkpt><trkpt lat="40.881936" lon="-110.811137"></trkpt><trkpt lat="40.882234" lon="-110.811290"></trkpt><trkpt lat="40.882703" lon="-110.811412"></trkpt><trkpt lat="40.882856" lon="-110.811496"></trkpt><trkpt lat="40.883009" lon="-110.811656"></trkpt><trkpt lat="40.883055" lon="-110.811908"></trkpt><trkpt lat="40.882907" lon="-110.812198"></trkpt><trkpt lat="40.882677" lon="-110.812435"></trkpt><trkpt lat="40.882488" lon="-110.812488"></trkpt><trkpt lat="40.882353" lon="-110.812625"></trkpt><trkpt lat="40.882390" lon="-110.812801"></trkpt><trkpt lat="40.882516" lon="-110.812991"></trkpt><trkpt lat="40.883039" lon="-110.813304"></trkpt><trkpt lat="40.883562" lon="-110.813533"></trkpt><trkpt lat="40.885040" lon="-110.814029"></trkpt><trkpt lat="40.885572" lon="-110.814357"></trkpt><trkpt lat="40.886050" lon="-110.814365"></trkpt><trkpt lat="40.886140" lon="-110.814403"></trkpt><trkpt lat="40.886320" lon="-110.814594"></trkpt><trkpt lat="40.886672" lon="-110.815135"></trkpt><trkpt lat="40.886826" lon="-110.815181"></trkpt><trkpt lat="40.887430" lon="-110.815776"></trkpt><trkpt lat="40.887620" lon="-110.815883"></trkpt><trkpt lat="40.887566" lon="-110.816104"></trkpt><trkpt lat="40.887575" lon="-110.816455"></trkpt><trkpt lat="40.887612" lon="-110.816776"></trkpt><trkpt lat="40.887671" lon="-110.816951"></trkpt><trkpt lat="40.887919" lon="-110.817333"></trkpt><trkpt lat="40.888352" lon="-110.817737"></trkpt><trkpt lat="40.888704" lon="-110.817966"></trkpt><trkpt lat="40.888902" lon="-110.818157"></trkpt><trkpt lat="40.889209" lon="-110.818622"></trkpt><trkpt lat="40.889376" lon="-110.818691"></trkpt><trkpt lat="40.889552" lon="-110.818691"></trkpt><trkpt lat="40.890290" lon="-110.818393"></trkpt><trkpt lat="40.890705" lon="-110.818416"></trkpt><trkpt lat="40.890867" lon="-110.818507"></trkpt><trkpt lat="40.890948" lon="-110.818614"></trkpt><trkpt lat="40.891341" lon="-110.819316"></trkpt><trkpt lat="40.891607" lon="-110.819667"></trkpt><trkpt lat="40.891662" lon="-110.819774"></trkpt><trkpt lat="40.891770" lon="-110.820285"></trkpt><trkpt lat="40.891960" lon="-110.820491"></trkpt><trkpt lat="40.892393" lon="-110.820758"></trkpt><trkpt lat="40.892618" lon="-110.820827"></trkpt><trkpt lat="40.893140" lon="-110.820743"></trkpt><trkpt lat="40.893393" lon="-110.820781"></trkpt><trkpt lat="40.893636" lon="-110.820865"></trkpt><trkpt lat="40.893871" lon="-110.821186"></trkpt><trkpt lat="40.894430" lon="-110.821422"></trkpt><trkpt lat="40.894863" lon="-110.822254"></trkpt><trkpt lat="40.895207" lon="-110.822735"></trkpt><trkpt lat="40.895676" lon="-110.823246"></trkpt><trkpt lat="40.896109" lon="-110.823574"></trkpt><trkpt lat="40.896334" lon="-110.823787"></trkpt><trkpt lat="40.896614" lon="-110.823978"></trkpt><trkpt lat="40.897065" lon="-110.824238"></trkpt><trkpt lat="40.897227" lon="-110.824367"></trkpt><trkpt lat="40.897615" lon="-110.824566"></trkpt><trkpt lat="40.897960" lon="-110.826427"></trkpt><trkpt lat="40.898195" lon="-110.827343"></trkpt><trkpt lat="40.898521" lon="-110.827953"></trkpt><trkpt lat="40.898999" lon="-110.828342"></trkpt><trkpt lat="40.899522" lon="-110.828625"></trkpt><trkpt lat="40.899801" lon="-110.829014"></trkpt><trkpt lat="40.900977" lon="-110.828785"></trkpt><trkpt lat="40.902071" lon="-110.828640"></trkpt><trkpt lat="40.902305" lon="-110.828678"></trkpt><trkpt lat="40.902594" lon="-110.828663"></trkpt><trkpt lat="40.903260" lon="-110.828724"></trkpt><trkpt lat="40.907424" lon="-110.829624"></trkpt><trkpt lat="40.908271" lon="-110.829777"></trkpt><trkpt lat="40.908937" lon="-110.829861"></trkpt><trkpt lat="40.909793" lon="-110.829891"></trkpt><trkpt lat="40.910838" lon="-110.829708"></trkpt><trkpt lat="40.911410" lon="-110.829487"></trkpt><trkpt lat="40.911815" lon="-110.829220"></trkpt><trkpt lat="40.912116" lon="-110.829090"></trkpt><trkpt lat="40.913421" lon="-110.828327"></trkpt><trkpt lat="40.914322" lon="-110.827885"></trkpt><trkpt lat="40.914965" lon="-110.827488"></trkpt><trkpt lat="40.914148" lon="-110.826244"></trkpt><trkpt lat="40.913290" lon="-110.825046"></trkpt><trkpt lat="40.912640" lon="-110.823986"></trkpt><trkpt lat="40.910870" lon="-110.821460"></trkpt><trkpt lat="40.910311" lon="-110.820568"></trkpt><trkpt lat="40.910121" lon="-110.820102"></trkpt><trkpt lat="40.909667" lon="-110.817936"></trkpt><trkpt lat="40.909067" lon="-110.814815"></trkpt><trkpt lat="40.908732" lon="-110.813602"></trkpt><trkpt lat="40.907284" lon="-110.809787"></trkpt><trkpt lat="40.906977" lon="-110.809070"></trkpt><trkpt lat="40.906683" lon="-110.808566"></trkpt><trkpt lat="40.906353" lon="-110.807865"></trkpt><trkpt lat="40.906118" lon="-110.807209"></trkpt><trkpt lat="40.906099" lon="-110.806987"></trkpt><trkpt lat="40.906189" lon="-110.806774"></trkpt><trkpt lat="40.906315" lon="-110.806621"></trkpt><trkpt lat="40.906733" lon="-110.806262"></trkpt><trkpt lat="40.906886" lon="-110.806072"></trkpt><trkpt lat="40.906998" lon="-110.805858"></trkpt><trkpt lat="40.907164" lon="-110.805370"></trkpt><trkpt lat="40.907375" lon="-110.804569"></trkpt><trkpt lat="40.907554" lon="-110.804347"></trkpt><trkpt lat="40.907806" lon="-110.804141"></trkpt><trkpt lat="40.908337" lon="-110.803912"></trkpt><trkpt lat="40.909193" lon="-110.803699"></trkpt><trkpt lat="40.909373" lon="-110.803600"></trkpt><trkpt lat="40.909548" lon="-110.803317"></trkpt><trkpt lat="40.909624" lon="-110.803150"></trkpt><trkpt lat="40.909669" lon="-110.802738"></trkpt><trkpt lat="40.909691" lon="-110.799983"></trkpt><trkpt lat="40.909838" lon="-110.799068"></trkpt><trkpt lat="40.910322" lon="-110.797984"></trkpt><trkpt lat="40.910614" lon="-110.797427"></trkpt><trkpt lat="40.911158" lon="-110.796672"></trkpt><trkpt lat="40.911702" lon="-110.796176"></trkpt><trkpt lat="40.912386" lon="-110.795795"></trkpt><trkpt lat="40.912593" lon="-110.795642"></trkpt><trkpt lat="40.913618" lon="-110.794627"></trkpt><trkpt lat="40.914247" lon="-110.793872"></trkpt><trkpt lat="40.914764" lon="-110.793338"></trkpt><trkpt lat="40.915119" lon="-110.792445"></trkpt><trkpt lat="40.915244" lon="-110.791934"></trkpt><trkpt lat="40.915711" lon="-110.791255"></trkpt><trkpt lat="40.916044" lon="-110.790973"></trkpt><trkpt lat="40.916475" lon="-110.790530"></trkpt><trkpt lat="40.916857" lon="-110.789958"></trkpt><trkpt lat="40.917095" lon="-110.789676"></trkpt><trkpt lat="40.917473" lon="-110.788974"></trkpt><trkpt lat="40.917716" lon="-110.788829"></trkpt><trkpt lat="40.918985" lon="-110.788455"></trkpt><trkpt lat="40.919192" lon="-110.788364"></trkpt><trkpt lat="40.920016" lon="-110.788180"></trkpt><trkpt lat="40.920615" lon="-110.788119"></trkpt><trkpt lat="40.920777" lon="-110.788081"></trkpt><trkpt lat="40.920921" lon="-110.787967"></trkpt><trkpt lat="40.920957" lon="-110.787845"></trkpt><trkpt lat="40.920943" lon="-110.787692"></trkpt><trkpt lat="40.920893" lon="-110.787563"></trkpt><trkpt lat="40.920695" lon="-110.787417"></trkpt><trkpt lat="40.919333" lon="-110.786861"></trkpt><trkpt lat="40.919045" lon="-110.786792"></trkpt><trkpt lat="40.918463" lon="-110.786532"></trkpt><trkpt lat="40.918233" lon="-110.786380"></trkpt><trkpt lat="40.918166" lon="-110.786250"></trkpt><trkpt lat="40.918161" lon="-110.786014"></trkpt><trkpt lat="40.918214" lon="-110.785785"></trkpt><trkpt lat="40.918398" lon="-110.785312"></trkpt><trkpt lat="40.918429" lon="-110.785014"></trkpt><trkpt lat="40.918383" lon="-110.784366"></trkpt><trkpt lat="40.918381" lon="-110.783221"></trkpt><trkpt lat="40.918244" lon="-110.782237"></trkpt><trkpt lat="40.918080" lon="-110.781558"></trkpt><trkpt lat="40.917831" lon="-110.780848"></trkpt><trkpt lat="40.917573" lon="-110.780246"></trkpt><trkpt lat="40.917501" lon="-110.780139"></trkpt><trkpt lat="40.917311" lon="-110.779910"></trkpt><trkpt lat="40.917036" lon="-110.779727"></trkpt><trkpt lat="40.916174" lon="-110.778895"></trkpt><trkpt lat="40.915854" lon="-110.778468"></trkpt><trkpt lat="40.915668" lon="-110.778018"></trkpt><trkpt lat="40.915663" lon="-110.777652"></trkpt><trkpt lat="40.915874" lon="-110.777110"></trkpt><trkpt lat="40.916044" lon="-110.776782"></trkpt><trkpt lat="40.916134" lon="-110.776507"></trkpt><trkpt lat="40.916236" lon="-110.775866"></trkpt><trkpt lat="40.916133" lon="-110.773631"></trkpt><trkpt lat="40.916097" lon="-110.771639"></trkpt><trkpt lat="40.916132" lon="-110.771083"></trkpt><trkpt lat="40.916126" lon="-110.770365"></trkpt><trkpt lat="40.916178" lon="-110.769526"></trkpt><trkpt lat="40.916227" lon="-110.769206"></trkpt><trkpt lat="40.916339" lon="-110.768885"></trkpt><trkpt lat="40.916452" lon="-110.768740"></trkpt><trkpt lat="40.916690" lon="-110.768488"></trkpt><trkpt lat="40.916955" lon="-110.768321"></trkpt><trkpt lat="40.917293" lon="-110.768198"></trkpt><trkpt lat="40.918054" lon="-110.768153"></trkpt><trkpt lat="40.918585" lon="-110.768069"></trkpt><trkpt lat="40.918900" lon="-110.767985"></trkpt><trkpt lat="40.919836" lon="-110.767542"></trkpt><trkpt lat="40.920345" lon="-110.767336"></trkpt><trkpt lat="40.920637" lon="-110.767168"></trkpt><trkpt lat="40.920817" lon="-110.766962"></trkpt><trkpt lat="40.921220" lon="-110.765871"></trkpt><trkpt lat="40.921534" lon="-110.765208"></trkpt><trkpt lat="40.921858" lon="-110.764872"></trkpt><trkpt lat="40.922267" lon="-110.764559"></trkpt><trkpt lat="40.922438" lon="-110.764361"></trkpt><trkpt lat="40.923322" lon="-110.762934"></trkpt><trkpt lat="40.923528" lon="-110.762385"></trkpt><trkpt lat="40.923747" lon="-110.761187"></trkpt><trkpt lat="40.924046" lon="-110.760187"></trkpt><trkpt lat="40.924208" lon="-110.759791"></trkpt><trkpt lat="40.924513" lon="-110.759257"></trkpt><trkpt lat="40.924630" lon="-110.759112"></trkpt><trkpt lat="40.925025" lon="-110.758791"></trkpt><trkpt lat="40.925421" lon="-110.758600"></trkpt><trkpt lat="40.925943" lon="-110.758456"></trkpt><trkpt lat="40.926538" lon="-110.758371"></trkpt><trkpt lat="40.927303" lon="-110.758166"></trkpt><trkpt lat="40.927802" lon="-110.757868"></trkpt><trkpt lat="40.928670" lon="-110.757212"></trkpt><trkpt lat="40.929381" lon="-110.756548"></trkpt><trkpt lat="40.929740" lon="-110.756106"></trkpt><trkpt lat="40.930036" lon="-110.755602"></trkpt><trkpt lat="40.930816" lon="-110.753924"></trkpt><trkpt lat="40.931113" lon="-110.753405"></trkpt><trkpt lat="40.931283" lon="-110.753176"></trkpt><trkpt lat="40.931722" lon="-110.751948"></trkpt><trkpt lat="40.931815" lon="-110.751284"></trkpt><trkpt lat="40.931823" lon="-110.750727"></trkpt><trkpt lat="40.931688" lon="-110.748545"></trkpt><trkpt lat="40.931483" lon="-110.747476"></trkpt><trkpt lat="40.931051" lon="-110.745836"></trkpt><trkpt lat="40.930432" lon="-110.742800"></trkpt><trkpt lat="40.930141" lon="-110.741823"></trkpt><trkpt lat="40.929715" lon="-110.740778"></trkpt><trkpt lat="40.929529" lon="-110.740084"></trkpt><trkpt lat="40.929341" lon="-110.738642"></trkpt><trkpt lat="40.929317" lon="-110.737970"></trkpt><trkpt lat="40.929436" lon="-110.736734"></trkpt><trkpt lat="40.929624" lon="-110.736070"></trkpt><trkpt lat="40.929857" lon="-110.735566"></trkpt><trkpt lat="40.930328" lon="-110.734796"></trkpt><trkpt lat="40.930750" lon="-110.734247"></trkpt><trkpt lat="40.931280" lon="-110.733652"></trkpt><trkpt lat="40.931662" lon="-110.733125"></trkpt><trkpt lat="40.932030" lon="-110.732492"></trkpt><trkpt lat="40.932450" lon="-110.731256"></trkpt><trkpt lat="40.932763" lon="-110.730149"></trkpt><trkpt lat="40.933191" lon="-110.728318"></trkpt><trkpt lat="40.933697" lon="-110.726938"></trkpt><trkpt lat="40.933966" lon="-110.726464"></trkpt><trkpt lat="40.934464" lon="-110.725763"></trkpt><trkpt lat="40.935376" lon="-110.724641"></trkpt><trkpt lat="40.935839" lon="-110.724160"></trkpt><trkpt lat="40.936036" lon="-110.723909"></trkpt><trkpt lat="40.937227" lon="-110.722909"></trkpt><trkpt lat="40.937739" lon="-110.722238"></trkpt><trkpt lat="40.938112" lon="-110.721681"></trkpt><trkpt lat="40.938349" lon="-110.720994"></trkpt><trkpt lat="40.938411" lon="-110.720567"></trkpt><trkpt lat="40.938431" lon="-110.719659"></trkpt><trkpt lat="40.938402" lon="-110.718843"></trkpt><trkpt lat="40.938329" lon="-110.718446"></trkpt><trkpt lat="40.938030" lon="-110.717713"></trkpt><trkpt lat="40.937804" lon="-110.717286"></trkpt><trkpt lat="40.937478" lon="-110.716790"></trkpt><trkpt lat="40.936949" lon="-110.715821"></trkpt><trkpt lat="40.936437" lon="-110.714730"></trkpt><trkpt lat="40.936106" lon="-110.713967"></trkpt><trkpt lat="40.935924" lon="-110.713052"></trkpt><trkpt lat="40.935923" lon="-110.712640"></trkpt><trkpt lat="40.936030" lon="-110.712151"></trkpt><trkpt lat="40.936549" lon="-110.710862"></trkpt><trkpt lat="40.936709" lon="-110.710198"></trkpt><trkpt lat="40.936771" lon="-110.709641"></trkpt><trkpt lat="40.936743" lon="-110.709298"></trkpt><trkpt lat="40.936383" lon="-110.707566"></trkpt><trkpt lat="40.936350" lon="-110.707162"></trkpt><trkpt lat="40.936182" lon="-110.706505"></trkpt><trkpt lat="40.935106" lon="-110.701455"></trkpt><trkpt lat="40.933704" lon="-110.695984"></trkpt><trkpt lat="40.933450" lon="-110.695061"></trkpt><trkpt lat="40.933141" lon="-110.694321"></trkpt><trkpt lat="40.932580" lon="-110.693245"></trkpt><trkpt lat="40.932444" lon="-110.692902"></trkpt><trkpt lat="40.932330" lon="-110.692543"></trkpt><trkpt lat="40.932107" lon="-110.691566"></trkpt><trkpt lat="40.932101" lon="-110.691124"></trkpt><trkpt lat="40.932428" lon="-110.690392"></trkpt><trkpt lat="40.932621" lon="-110.690155"></trkpt><trkpt lat="40.932810" lon="-110.690010"></trkpt><trkpt lat="40.933049" lon="-110.689941"></trkpt><trkpt lat="40.933418" lon="-110.689865"></trkpt><trkpt lat="40.933850" lon="-110.689926"></trkpt><trkpt lat="40.934089" lon="-110.690033"></trkpt><trkpt lat="40.934785" lon="-110.690575"></trkpt><trkpt lat="40.935105" lon="-110.690773"></trkpt><trkpt lat="40.935371" lon="-110.690857"></trkpt><trkpt lat="40.935596" lon="-110.690880"></trkpt><trkpt lat="40.935839" lon="-110.690850"></trkpt><trkpt lat="40.936289" lon="-110.690781"></trkpt><trkpt lat="40.936501" lon="-110.690659"></trkpt><trkpt lat="40.937071" lon="-110.689911"></trkpt><trkpt lat="40.937250" lon="-110.689613"></trkpt><trkpt lat="40.937551" lon="-110.689255"></trkpt><trkpt lat="40.937780" lon="-110.689087"></trkpt><trkpt lat="40.938001" lon="-110.689049"></trkpt><trkpt lat="40.938821" lon="-110.689049"></trkpt><trkpt lat="40.939947" lon="-110.689194"></trkpt><trkpt lat="40.940596" lon="-110.689194"></trkpt><trkpt lat="40.941297" lon="-110.688713"></trkpt><trkpt lat="40.941580" lon="-110.688347"></trkpt><trkpt lat="40.941866" lon="-110.687691"></trkpt><trkpt lat="40.942125" lon="-110.686844"></trkpt><trkpt lat="40.942613" lon="-110.685531"></trkpt><trkpt lat="40.942773" lon="-110.684723"></trkpt><trkpt lat="40.942900" lon="-110.683700"></trkpt><trkpt lat="40.942623" lon="-110.681137"></trkpt><trkpt lat="40.942469" lon="-110.680641"></trkpt><trkpt lat="40.942179" lon="-110.680129"></trkpt><trkpt lat="40.941989" lon="-110.679931"></trkpt><trkpt lat="40.941678" lon="-110.679694"></trkpt><trkpt lat="40.941322" lon="-110.679550"></trkpt><trkpt lat="40.940993" lon="-110.679481"></trkpt><trkpt lat="40.940456" lon="-110.679199"></trkpt><trkpt lat="40.939003" lon="-110.678207"></trkpt><trkpt lat="40.938750" lon="-110.677971"></trkpt><trkpt lat="40.937801" lon="-110.676849"></trkpt><trkpt lat="40.937466" lon="-110.676391"></trkpt><trkpt lat="40.937099" lon="-110.675712"></trkpt><trkpt lat="40.936759" lon="-110.674873"></trkpt><trkpt lat="40.936358" lon="-110.673331"></trkpt><trkpt lat="40.936059" lon="-110.672447"></trkpt><trkpt lat="40.935949" lon="-110.672027"></trkpt><trkpt lat="40.935839" lon="-110.671287"></trkpt><trkpt lat="40.935415" lon="-110.669631"></trkpt><trkpt lat="40.934813" lon="-110.666900"></trkpt><trkpt lat="40.934852" lon="-110.666526"></trkpt><trkpt lat="40.935178" lon="-110.665435"></trkpt><trkpt lat="40.935715" lon="-110.664313"></trkpt><trkpt lat="40.936449" lon="-110.662604"></trkpt><trkpt lat="40.936601" lon="-110.662368"></trkpt><trkpt lat="40.937019" lon="-110.661956"></trkpt><trkpt lat="40.937275" lon="-110.661780"></trkpt><trkpt lat="40.937855" lon="-110.661445"></trkpt><trkpt lat="40.938727" lon="-110.660858"></trkpt><trkpt lat="40.939986" lon="-110.660102"></trkpt><trkpt lat="40.940715" lon="-110.659590"></trkpt><trkpt lat="40.940863" lon="-110.659431"></trkpt><trkpt lat="40.941612" lon="-110.658393"></trkpt><trkpt lat="40.942814" lon="-110.656821"></trkpt><trkpt lat="40.943962" lon="-110.655028"></trkpt><trkpt lat="40.944241" lon="-110.654784"></trkpt><trkpt lat="40.945453" lon="-110.653540"></trkpt><trkpt lat="40.946051" lon="-110.653037"></trkpt><trkpt lat="40.946738" lon="-110.652556"></trkpt><trkpt lat="40.948225" lon="-110.651244"></trkpt><trkpt lat="40.949737" lon="-110.649344"></trkpt><trkpt lat="40.949961" lon="-110.648978"></trkpt><trkpt lat="40.950140" lon="-110.648581"></trkpt><trkpt lat="40.950953" lon="-110.646377"></trkpt><trkpt lat="40.951585" lon="-110.645262"></trkpt><trkpt lat="40.951898" lon="-110.644568"></trkpt><trkpt lat="40.952019" lon="-110.644209"></trkpt><trkpt lat="40.952152" lon="-110.643568"></trkpt><trkpt lat="40.952123" lon="-110.643134"></trkpt><trkpt lat="40.951990" lon="-110.642348"></trkpt><trkpt lat="40.951872" lon="-110.642012"></trkpt><trkpt lat="40.951469" lon="-110.641379"></trkpt><trkpt lat="40.950809" lon="-110.640547"></trkpt><trkpt lat="40.950529" lon="-110.640349"></trkpt><trkpt lat="40.950313" lon="-110.640311"></trkpt><trkpt lat="40.950039" lon="-110.640608"></trkpt><trkpt lat="40.949267" lon="-110.642806"></trkpt><trkpt lat="40.948802" lon="-110.643836"></trkpt><trkpt lat="40.948492" lon="-110.644339"></trkpt><trkpt lat="40.948232" lon="-110.644492"></trkpt><trkpt lat="40.948006" lon="-110.644553"></trkpt><trkpt lat="40.947642" lon="-110.644568"></trkpt><trkpt lat="40.946623" lon="-110.644377"></trkpt><trkpt lat="40.945704" lon="-110.644293"></trkpt><trkpt lat="40.944704" lon="-110.644278"></trkpt><trkpt lat="40.943938" lon="-110.644217"></trkpt><trkpt lat="40.943356" lon="-110.643980"></trkpt><trkpt lat="40.942503" lon="-110.643469"></trkpt><trkpt lat="40.941897" lon="-110.642683"></trkpt><trkpt lat="40.941349" lon="-110.641654"></trkpt><trkpt lat="40.941067" lon="-110.640555"></trkpt><trkpt lat="40.940966" lon="-110.639983"></trkpt><trkpt lat="40.940820" lon="-110.639487"></trkpt><trkpt lat="40.940634" lon="-110.639067"></trkpt><trkpt lat="40.940439" lon="-110.638739"></trkpt><trkpt lat="40.940272" lon="-110.638548"></trkpt><trkpt lat="40.939942" lon="-110.638334"></trkpt><trkpt lat="40.938698" lon="-110.637999"></trkpt><trkpt lat="40.938586" lon="-110.637998"></trkpt><trkpt lat="40.938145" lon="-110.638143"></trkpt><trkpt lat="40.937685" lon="-110.638174"></trkpt><trkpt lat="40.936960" lon="-110.638091"></trkpt><trkpt lat="40.936279" lon="-110.637846"></trkpt><trkpt lat="40.936026" lon="-110.637693"></trkpt><trkpt lat="40.935701" lon="-110.637419"></trkpt><trkpt lat="40.935068" lon="-110.636770"></trkpt><trkpt lat="40.934789" lon="-110.636572"></trkpt><trkpt lat="40.934468" lon="-110.636397"></trkpt><trkpt lat="40.934166" lon="-110.636335"></trkpt><trkpt lat="40.932748" lon="-110.636687"></trkpt><trkpt lat="40.932204" lon="-110.636854"></trkpt><trkpt lat="40.931759" lon="-110.637053"></trkpt><trkpt lat="40.931372" lon="-110.637160"></trkpt><trkpt lat="40.931052" lon="-110.637198"></trkpt><trkpt lat="40.930538" lon="-110.637129"></trkpt><trkpt lat="40.930254" lon="-110.636953"></trkpt><trkpt lat="40.930059" lon="-110.636671"></trkpt><trkpt lat="40.929823" lon="-110.636107"></trkpt><trkpt lat="40.929731" lon="-110.635481"></trkpt><trkpt lat="40.929784" lon="-110.635160"></trkpt><trkpt lat="40.930097" lon="-110.634421"></trkpt><trkpt lat="40.930523" lon="-110.633581"></trkpt><trkpt lat="40.930539" lon="-110.633184"></trkpt><trkpt lat="40.930502" lon="-110.632734"></trkpt><trkpt lat="40.930193" lon="-110.630491"></trkpt><trkpt lat="40.929979" lon="-110.628553"></trkpt><trkpt lat="40.929385" lon="-110.625723"></trkpt><trkpt lat="40.929155" lon="-110.624311"></trkpt><trkpt lat="40.928972" lon="-110.623479"></trkpt><trkpt lat="40.928803" lon="-110.622923"></trkpt><trkpt lat="40.928765" lon="-110.622175"></trkpt><trkpt lat="40.928804" lon="-110.621748"></trkpt><trkpt lat="40.928879" lon="-110.621381"></trkpt><trkpt lat="40.929472" lon="-110.619321"></trkpt><trkpt lat="40.929573" lon="-110.618489"></trkpt><trkpt lat="40.929580" lon="-110.618002"></trkpt><trkpt lat="40.929650" lon="-110.617398"></trkpt><trkpt lat="40.929924" lon="-110.615827"></trkpt><trkpt lat="40.929922" lon="-110.615254"></trkpt><trkpt lat="40.929829" lon="-110.614248"></trkpt><trkpt lat="40.929540" lon="-110.614133"></trkpt><trkpt lat="40.929680" lon="-110.612790"></trkpt><trkpt lat="40.929849" lon="-110.612279"></trkpt><trkpt lat="40.930345" lon="-110.611165"></trkpt><trkpt lat="40.930931" lon="-110.609967"></trkpt><trkpt lat="40.931101" lon="-110.609487"></trkpt><trkpt lat="40.931154" lon="-110.609166"></trkpt><trkpt lat="40.931387" lon="-110.606359"></trkpt><trkpt lat="40.931795" lon="-110.604245"></trkpt><trkpt lat="40.932017" lon="-110.603505"></trkpt><trkpt lat="40.932348" lon="-110.602773"></trkpt><trkpt lat="40.933055" lon="-110.601376"></trkpt><trkpt lat="40.933834" lon="-110.599942"></trkpt><trkpt lat="40.934191" lon="-110.599217"></trkpt><trkpt lat="40.935192" lon="-110.596898"></trkpt><trkpt lat="40.935720" lon="-110.595906"></trkpt><trkpt lat="40.936258" lon="-110.595105"></trkpt><trkpt lat="40.936707" lon="-110.594632"></trkpt><trkpt lat="40.937577" lon="-110.593732"></trkpt><trkpt lat="40.939175" lon="-110.592190"></trkpt><trkpt lat="40.939714" lon="-110.591595"></trkpt><trkpt lat="40.940872" lon="-110.590542"></trkpt><trkpt lat="40.941204" lon="-110.590184"></trkpt><trkpt lat="40.941828" lon="-110.589398"></trkpt><trkpt lat="40.942154" lon="-110.588848"></trkpt><trkpt lat="40.942758" lon="-110.587605"></trkpt><trkpt lat="40.943524" lon="-110.586308"></trkpt><trkpt lat="40.944743" lon="-110.584790"></trkpt><trkpt lat="40.945389" lon="-110.584088"></trkpt><trkpt lat="40.945892" lon="-110.583607"></trkpt><trkpt lat="40.946058" lon="-110.583485"></trkpt><trkpt lat="40.948026" lon="-110.582142"></trkpt><trkpt lat="40.949406" lon="-110.581303"></trkpt><trkpt lat="40.950412" lon="-110.580570"></trkpt><trkpt lat="40.951843" lon="-110.580181"></trkpt><trkpt lat="40.952258" lon="-110.580173"></trkpt><trkpt lat="40.954673" lon="-110.580525"></trkpt><trkpt lat="40.957548" lon="-110.580731"></trkpt><trkpt lat="40.959161" lon="-110.580959"></trkpt><trkpt lat="40.958866" lon="-110.579212"></trkpt><trkpt lat="40.958675" lon="-110.578548"></trkpt><trkpt lat="40.958539" lon="-110.578358"></trkpt><trkpt lat="40.957788" lon="-110.577603"></trkpt><trkpt lat="40.956720" lon="-110.576077"></trkpt><trkpt lat="40.955724" lon="-110.574833"></trkpt><trkpt lat="40.955624" lon="-110.574596"></trkpt><trkpt lat="40.955552" lon="-110.574513"></trkpt><trkpt lat="40.955605" lon="-110.574276"></trkpt><trkpt lat="40.955731" lon="-110.574123"></trkpt><trkpt lat="40.956585" lon="-110.573688"></trkpt><trkpt lat="40.956855" lon="-110.573582"></trkpt><trkpt lat="40.957161" lon="-110.573544"></trkpt><trkpt lat="40.957630" lon="-110.573612"></trkpt><trkpt lat="40.957719" lon="-110.573551"></trkpt><trkpt lat="40.957773" lon="-110.573361"></trkpt><trkpt lat="40.957763" lon="-110.573177"></trkpt><trkpt lat="40.957717" lon="-110.572933"></trkpt><trkpt lat="40.957453" lon="-110.572056"></trkpt><trkpt lat="40.957365" lon="-110.571529"></trkpt><trkpt lat="40.957395" lon="-110.571117"></trkpt><trkpt lat="40.957466" lon="-110.570950"></trkpt><trkpt lat="40.957691" lon="-110.570636"></trkpt><trkpt lat="40.957616" lon="-110.569965"></trkpt><trkpt lat="40.957259" lon="-110.568577"></trkpt><trkpt lat="40.956947" lon="-110.566952"></trkpt><trkpt lat="40.956675" lon="-110.566501"></trkpt><trkpt lat="40.956476" lon="-110.566395"></trkpt><trkpt lat="40.955747" lon="-110.566448"></trkpt><trkpt lat="40.955612" lon="-110.566357"></trkpt><trkpt lat="40.955548" lon="-110.566112"></trkpt><trkpt lat="40.955417" lon="-110.564823"></trkpt><trkpt lat="40.955406" lon="-110.564365"></trkpt><trkpt lat="40.955519" lon="-110.563343"></trkpt><trkpt lat="40.955491" lon="-110.563083"></trkpt><trkpt lat="40.955253" lon="-110.562176"></trkpt><trkpt lat="40.955261" lon="-110.561924"></trkpt><trkpt lat="40.955574" lon="-110.561160"></trkpt><trkpt lat="40.955640" lon="-110.560886"></trkpt><trkpt lat="40.955617" lon="-110.560688"></trkpt><trkpt lat="40.955354" lon="-110.560115"></trkpt><trkpt lat="40.955326" lon="-110.559947"></trkpt><trkpt lat="40.955371" lon="-110.559833"></trkpt><trkpt lat="40.955447" lon="-110.559741"></trkpt><trkpt lat="40.955865" lon="-110.559528"></trkpt><trkpt lat="40.955919" lon="-110.559436"></trkpt><trkpt lat="40.955872" lon="-110.559078"></trkpt><trkpt lat="40.955917" lon="-110.559032"></trkpt><trkpt lat="40.955980" lon="-110.559009"></trkpt><trkpt lat="40.956557" lon="-110.559154"></trkpt><trkpt lat="40.956710" lon="-110.559024"></trkpt><trkpt lat="40.956736" lon="-110.558917"></trkpt><trkpt lat="40.956699" lon="-110.558689"></trkpt><trkpt lat="40.956517" lon="-110.558231"></trkpt><trkpt lat="40.956471" lon="-110.557956"></trkpt><trkpt lat="40.956405" lon="-110.557185"></trkpt><trkpt lat="40.956430" lon="-110.556476"></trkpt><trkpt lat="40.956323" lon="-110.555713"></trkpt><trkpt lat="40.956327" lon="-110.555484"></trkpt><trkpt lat="40.956407" lon="-110.555148"></trkpt><trkpt lat="40.956549" lon="-110.554805"></trkpt><trkpt lat="40.956809" lon="-110.554317"></trkpt><trkpt lat="40.956844" lon="-110.554141"></trkpt><trkpt lat="40.956839" lon="-110.553981"></trkpt><trkpt lat="40.956480" lon="-110.553142"></trkpt><trkpt lat="40.956315" lon="-110.552562"></trkpt><trkpt lat="40.956150" lon="-110.551662"></trkpt><trkpt lat="40.955995" lon="-110.551166"></trkpt><trkpt lat="40.955976" lon="-110.551013"></trkpt><trkpt lat="40.955603" lon="-110.550037"></trkpt><trkpt lat="40.954904" lon="-110.548625"></trkpt><trkpt lat="40.954885" lon="-110.548495"></trkpt><trkpt lat="40.954943" lon="-110.548259"></trkpt><trkpt lat="40.955064" lon="-110.548175"></trkpt><trkpt lat="40.955676" lon="-110.547923"></trkpt><trkpt lat="40.956030" lon="-110.547595"></trkpt><trkpt lat="40.956494" lon="-110.547442"></trkpt><trkpt lat="40.956610" lon="-110.547298"></trkpt><trkpt lat="40.956582" lon="-110.547129"></trkpt><trkpt lat="40.956483" lon="-110.546969"></trkpt><trkpt lat="40.955489" lon="-110.546176"></trkpt><trkpt lat="40.955144" lon="-110.545512"></trkpt><trkpt lat="40.954790" lon="-110.544955"></trkpt><trkpt lat="40.954392" lon="-110.544451"></trkpt><trkpt lat="40.954413" lon="-110.544009"></trkpt><trkpt lat="40.954798" lon="-110.542521"></trkpt><trkpt lat="40.955374" lon="-110.541125"></trkpt><trkpt lat="40.955744" lon="-110.540064"></trkpt><trkpt lat="40.955958" lon="-110.539728"></trkpt><trkpt lat="40.956390" lon="-110.539393"></trkpt><trkpt lat="40.956587" lon="-110.539111"></trkpt><trkpt lat="40.956631" lon="-110.538981"></trkpt><trkpt lat="40.956773" lon="-110.538348"></trkpt><trkpt lat="40.956822" lon="-110.537219"></trkpt><trkpt lat="40.957105" lon="-110.535983"></trkpt><trkpt lat="40.957253" lon="-110.534693"></trkpt><trkpt lat="40.957392" lon="-110.534457"></trkpt><trkpt lat="40.958069" lon="-110.533617"></trkpt><trkpt lat="40.958122" lon="-110.533358"></trkpt><trkpt lat="40.958129" lon="-110.532992"></trkpt><trkpt lat="40.958218" lon="-110.532511"></trkpt><trkpt lat="40.958234" lon="-110.532183"></trkpt><trkpt lat="40.958078" lon="-110.531497"></trkpt><trkpt lat="40.958013" lon="-110.530993"></trkpt><trkpt lat="40.957622" lon="-110.526697"></trkpt><trkpt lat="40.957463" lon="-110.524287"></trkpt><trkpt lat="40.957413" lon="-110.523012"></trkpt><trkpt lat="40.957901" lon="-110.521227"></trkpt><trkpt lat="40.957989" lon="-110.520685"></trkpt><trkpt lat="40.957963" lon="-110.520006"></trkpt><trkpt lat="40.957880" lon="-110.519457"></trkpt><trkpt lat="40.957618" lon="-110.518320"></trkpt><trkpt lat="40.957522" lon="-110.517992"></trkpt><trkpt lat="40.957053" lon="-110.516740"></trkpt><trkpt lat="40.956957" lon="-110.516351"></trkpt><trkpt lat="40.956978" lon="-110.516038"></trkpt><trkpt lat="40.957200" lon="-110.515207"></trkpt><trkpt lat="40.957297" lon="-110.514696"></trkpt><trkpt lat="40.957344" lon="-110.513116"></trkpt><trkpt lat="40.957612" lon="-110.512582"></trkpt><trkpt lat="40.957710" lon="-110.512224"></trkpt><trkpt lat="40.957731" lon="-110.511858"></trkpt><trkpt lat="40.957653" lon="-110.511583"></trkpt><trkpt lat="40.957089" lon="-110.510378"></trkpt><trkpt lat="40.956790" lon="-110.509889"></trkpt><trkpt lat="40.956218" lon="-110.508767"></trkpt><trkpt lat="40.956167" lon="-110.508600"></trkpt><trkpt lat="40.956148" lon="-110.508371"></trkpt><trkpt lat="40.956362" lon="-110.506624"></trkpt><trkpt lat="40.956566" lon="-110.505922"></trkpt><trkpt lat="40.956949" lon="-110.505029"></trkpt><trkpt lat="40.956924" lon="-110.503259"></trkpt><trkpt lat="40.956975" lon="-110.502511"></trkpt><trkpt lat="40.957100" lon="-110.502290"></trkpt><trkpt lat="40.957879" lon="-110.501275"></trkpt><trkpt lat="40.958052" lon="-110.500719"></trkpt><trkpt lat="40.958144" lon="-110.500146"></trkpt><trkpt lat="40.957980" lon="-110.499719"></trkpt><trkpt lat="40.957749" lon="-110.498368"></trkpt><trkpt lat="40.957726" lon="-110.495103"></trkpt><trkpt lat="40.957597" lon="-110.493508"></trkpt><trkpt lat="40.957567" lon="-110.492784"></trkpt><trkpt lat="40.957570" lon="-110.492272"></trkpt><trkpt lat="40.957596" lon="-110.492127"></trkpt><trkpt lat="40.957694" lon="-110.491784"></trkpt><trkpt lat="40.957872" lon="-110.491395"></trkpt><trkpt lat="40.957916" lon="-110.491204"></trkpt><trkpt lat="40.958103" lon="-110.490754"></trkpt><trkpt lat="40.958569" lon="-110.490136"></trkpt><trkpt lat="40.958787" lon="-110.489571"></trkpt><trkpt lat="40.959279" lon="-110.487794"></trkpt><trkpt lat="40.959467" lon="-110.487344"></trkpt><trkpt lat="40.959650" lon="-110.486985"></trkpt><trkpt lat="40.960478" lon="-110.485947"></trkpt><trkpt lat="40.960630" lon="-110.485703"></trkpt><trkpt lat="40.960683" lon="-110.485421"></trkpt><trkpt lat="40.960645" lon="-110.484871"></trkpt><trkpt lat="40.960488" lon="-110.484078"></trkpt><trkpt lat="40.959835" lon="-110.483071"></trkpt><trkpt lat="40.959309" lon="-110.482353"></trkpt><trkpt lat="40.958794" lon="-110.482026"></trkpt><trkpt lat="40.957748" lon="-110.481781"></trkpt><trkpt lat="40.957189" lon="-110.481705"></trkpt><trkpt lat="40.955099" lon="-110.481545"></trkpt><trkpt lat="40.952466" lon="-110.481095"></trkpt><trkpt lat="40.948481" lon="-110.480470"></trkpt><trkpt lat="40.947292" lon="-110.480485"></trkpt><trkpt lat="40.947081" lon="-110.480446"></trkpt><trkpt lat="40.946949" lon="-110.480309"></trkpt><trkpt lat="40.946895" lon="-110.480195"></trkpt><trkpt lat="40.946748" lon="-110.479614"></trkpt><trkpt lat="40.946783" lon="-110.479348"></trkpt><trkpt lat="40.946939" lon="-110.479027"></trkpt><trkpt lat="40.948009" lon="-110.477700"></trkpt><trkpt lat="40.948331" lon="-110.477128"></trkpt><trkpt lat="40.948554" lon="-110.476494"></trkpt><trkpt lat="40.948633" lon="-110.476105"></trkpt><trkpt lat="40.948772" lon="-110.475044"></trkpt><trkpt lat="40.948900" lon="-110.474427"></trkpt><trkpt lat="40.949095" lon="-110.473724"></trkpt><trkpt lat="40.949209" lon="-110.473046"></trkpt><trkpt lat="40.949216" lon="-110.472642"></trkpt><trkpt lat="40.949360" lon="-110.471619"></trkpt><trkpt lat="40.949528" lon="-110.471016"></trkpt><trkpt lat="40.949662" lon="-110.470772"></trkpt><trkpt lat="40.949886" lon="-110.470482"></trkpt><trkpt lat="40.950312" lon="-110.469986"></trkpt><trkpt lat="40.951701" lon="-110.468498"></trkpt><trkpt lat="40.952230" lon="-110.467865"></trkpt><trkpt lat="40.952521" lon="-110.467430"></trkpt><trkpt lat="40.952837" lon="-110.466744"></trkpt><trkpt lat="40.952993" lon="-110.466232"></trkpt><trkpt lat="40.953463" lon="-110.463707"></trkpt><trkpt lat="40.953437" lon="-110.463051"></trkpt><trkpt lat="40.953281" lon="-110.462387"></trkpt><trkpt lat="40.952907" lon="-110.461464"></trkpt><trkpt lat="40.952395" lon="-110.460640"></trkpt><trkpt lat="40.950274" lon="-110.457863"></trkpt><trkpt lat="40.949815" lon="-110.457016"></trkpt><trkpt lat="40.947149" lon="-110.450600"></trkpt><trkpt lat="40.946928" lon="-110.449584"></trkpt><trkpt lat="40.946927" lon="-110.448318"></trkpt><trkpt lat="40.947426" lon="-110.445274"></trkpt><trkpt lat="40.947729" lon="-110.443748"></trkpt><trkpt lat="40.948305" lon="-110.439918"></trkpt><trkpt lat="40.948460" lon="-110.439368"></trkpt><trkpt lat="40.948679" lon="-110.438941"></trkpt><trkpt lat="40.949019" lon="-110.438529"></trkpt><trkpt lat="40.949382" lon="-110.438209"></trkpt><trkpt lat="40.950178" lon="-110.437843"></trkpt><trkpt lat="40.950434" lon="-110.437667"></trkpt><trkpt lat="40.951151" lon="-110.436995"></trkpt><trkpt lat="40.951446" lon="-110.436598"></trkpt><trkpt lat="40.951620" lon="-110.436278"></trkpt><trkpt lat="40.951754" lon="-110.435881"></trkpt><trkpt lat="40.951792" lon="-110.435409"></trkpt><trkpt lat="40.951712" lon="-110.434836"></trkpt><trkpt lat="40.951589" lon="-110.434455"></trkpt><trkpt lat="40.951443" lon="-110.434172"></trkpt><trkpt lat="40.951253" lon="-110.433936"></trkpt><trkpt lat="40.945640" lon="-110.428366"></trkpt><trkpt lat="40.944613" lon="-110.427306"></trkpt><trkpt lat="40.944098" lon="-110.427024"></trkpt><trkpt lat="40.943588" lon="-110.426879"></trkpt><trkpt lat="40.940257" lon="-110.426398"></trkpt><trkpt lat="40.940085" lon="-110.426299"></trkpt><trkpt lat="40.939800" lon="-110.426047"></trkpt><trkpt lat="40.939663" lon="-110.425681"></trkpt><trkpt lat="40.939621" lon="-110.425246"></trkpt><trkpt lat="40.939674" lon="-110.425032"></trkpt><trkpt lat="40.939878" lon="-110.424544"></trkpt><trkpt lat="40.940013" lon="-110.424368"></trkpt><trkpt lat="40.940161" lon="-110.424254"></trkpt><trkpt lat="40.940503" lon="-110.424185"></trkpt><trkpt lat="40.941106" lon="-110.424170"></trkpt><trkpt lat="40.941412" lon="-110.424079"></trkpt><trkpt lat="40.941848" lon="-110.423873"></trkpt><trkpt lat="40.942333" lon="-110.423560"></trkpt><trkpt lat="40.943524" lon="-110.423102"></trkpt><trkpt lat="40.943834" lon="-110.422942"></trkpt><trkpt lat="40.945797" lon="-110.421751"></trkpt><trkpt lat="40.946295" lon="-110.421385"></trkpt><trkpt lat="40.946582" lon="-110.421133"></trkpt><trkpt lat="40.946859" lon="-110.420813"></trkpt><trkpt lat="40.946962" lon="-110.420577"></trkpt><trkpt lat="40.947000" lon="-110.420218"></trkpt><trkpt lat="40.946971" lon="-110.419684"></trkpt><trkpt lat="40.946834" lon="-110.419333"></trkpt><trkpt lat="40.946775" lon="-110.419257"></trkpt><trkpt lat="40.946545" lon="-110.419127"></trkpt><trkpt lat="40.945444" lon="-110.418852"></trkpt><trkpt lat="40.943911" lon="-110.418524"></trkpt><trkpt lat="40.943654" lon="-110.418394"></trkpt><trkpt lat="40.943233" lon="-110.418089"></trkpt><trkpt lat="40.942962" lon="-110.417830"></trkpt><trkpt lat="40.942812" lon="-110.417609"></trkpt><trkpt lat="40.942507" lon="-110.417014"></trkpt><trkpt lat="40.942143" lon="-110.416174"></trkpt><trkpt lat="40.941957" lon="-110.415923"></trkpt><trkpt lat="40.940994" lon="-110.415221"></trkpt><trkpt lat="40.940767" lon="-110.414999"></trkpt><trkpt lat="40.940459" lon="-110.414572"></trkpt><trkpt lat="40.940005" lon="-110.413816"></trkpt><trkpt lat="40.939855" lon="-110.413649"></trkpt><trkpt lat="40.939611" lon="-110.413450"></trkpt><trkpt lat="40.939489" lon="-110.413397"></trkpt><trkpt lat="40.939182" lon="-110.413352"></trkpt><trkpt lat="40.938665" lon="-110.413390"></trkpt><trkpt lat="40.938345" lon="-110.413450"></trkpt><trkpt lat="40.938020" lon="-110.413382"></trkpt><trkpt lat="40.937849" lon="-110.413275"></trkpt><trkpt lat="40.937283" lon="-110.412771"></trkpt><trkpt lat="40.936876" lon="-110.412382"></trkpt><trkpt lat="40.936273" lon="-110.411726"></trkpt><trkpt lat="40.935869" lon="-110.410994"></trkpt><trkpt lat="40.935855" lon="-110.410895"></trkpt><trkpt lat="40.935367" lon="-110.409834"></trkpt><trkpt lat="40.932809" lon="-110.403769"></trkpt><trkpt lat="40.932703" lon="-110.403265"></trkpt><trkpt lat="40.932844" lon="-110.402677"></trkpt><trkpt lat="40.933110" lon="-110.401907"></trkpt><trkpt lat="40.933425" lon="-110.400823"></trkpt><trkpt lat="40.933446" lon="-110.400610"></trkpt><trkpt lat="40.933381" lon="-110.400289"></trkpt><trkpt lat="40.933407" lon="-110.400045"></trkpt><trkpt lat="40.933496" lon="-110.399832"></trkpt><trkpt lat="40.933747" lon="-110.399557"></trkpt><trkpt lat="40.933980" lon="-110.399359"></trkpt><trkpt lat="40.934119" lon="-110.399267"></trkpt><trkpt lat="40.934457" lon="-110.399183"></trkpt><trkpt lat="40.934709" lon="-110.399213"></trkpt><trkpt lat="40.935057" lon="-110.399427"></trkpt><trkpt lat="40.935300" lon="-110.399496"></trkpt><trkpt lat="40.935526" lon="-110.399519"></trkpt><trkpt lat="40.936273" lon="-110.399503"></trkpt><trkpt lat="40.936869" lon="-110.399702"></trkpt><trkpt lat="40.937090" lon="-110.399709"></trkpt><trkpt lat="40.937917" lon="-110.399427"></trkpt><trkpt lat="40.938660" lon="-110.399298"></trkpt><trkpt lat="40.938889" lon="-110.399229"></trkpt><trkpt lat="40.939495" lon="-110.398855"></trkpt><trkpt lat="40.939858" lon="-110.398519"></trkpt><trkpt lat="40.940283" lon="-110.397978"></trkpt><trkpt lat="40.940458" lon="-110.397833"></trkpt><trkpt lat="40.940809" lon="-110.397749"></trkpt><trkpt lat="40.941557" lon="-110.397802"></trkpt><trkpt lat="40.942333" lon="-110.397962"></trkpt><trkpt lat="40.943289" lon="-110.398230"></trkpt><trkpt lat="40.944222" lon="-110.398275"></trkpt><trkpt lat="40.944803" lon="-110.398344"></trkpt><trkpt lat="40.945028" lon="-110.398329"></trkpt><trkpt lat="40.945410" lon="-110.398169"></trkpt><trkpt lat="40.945746" lon="-110.397894"></trkpt><trkpt lat="40.946396" lon="-110.397200"></trkpt><trkpt lat="40.946580" lon="-110.397062"></trkpt><trkpt lat="40.946962" lon="-110.396932"></trkpt><trkpt lat="40.947525" lon="-110.396940"></trkpt><trkpt lat="40.948130" lon="-110.397162"></trkpt><trkpt lat="40.948749" lon="-110.397550"></trkpt><trkpt lat="40.948925" lon="-110.397604"></trkpt><trkpt lat="40.949092" lon="-110.397604"></trkpt><trkpt lat="40.949766" lon="-110.397444"></trkpt><trkpt lat="40.950315" lon="-110.397352"></trkpt><trkpt lat="40.950445" lon="-110.397222"></trkpt><trkpt lat="40.950650" lon="-110.396825"></trkpt><trkpt lat="40.951185" lon="-110.395658"></trkpt><trkpt lat="40.952569" lon="-110.393423"></trkpt><trkpt lat="40.953081" lon="-110.393094"></trkpt><trkpt lat="40.953544" lon="-110.392965"></trkpt><trkpt lat="40.954319" lon="-110.392874"></trkpt><trkpt lat="40.954733" lon="-110.392888"></trkpt><trkpt lat="40.955238" lon="-110.392995"></trkpt><trkpt lat="40.955870" lon="-110.393179"></trkpt><trkpt lat="40.955983" lon="-110.393239"></trkpt><trkpt lat="40.956240" lon="-110.393270"></trkpt><trkpt lat="40.956744" lon="-110.393263"></trkpt><trkpt lat="40.957667" lon="-110.393125"></trkpt><trkpt lat="40.958644" lon="-110.393011"></trkpt><trkpt lat="40.958824" lon="-110.393018"></trkpt><trkpt lat="40.959207" lon="-110.393156"></trkpt><trkpt lat="40.959885" lon="-110.393476"></trkpt><trkpt lat="40.960291" lon="-110.393598"></trkpt><trkpt lat="40.960493" lon="-110.393621"></trkpt><trkpt lat="40.960799" lon="-110.393537"></trkpt><trkpt lat="40.961558" lon="-110.393011"></trkpt><trkpt lat="40.962577" lon="-110.392461"></trkpt><trkpt lat="40.962923" lon="-110.392324"></trkpt><trkpt lat="40.963606" lon="-110.391958"></trkpt><trkpt lat="40.963957" lon="-110.391820"></trkpt><trkpt lat="40.964366" lon="-110.391759"></trkpt><trkpt lat="40.964574" lon="-110.391767"></trkpt><trkpt lat="40.965502" lon="-110.391904"></trkpt><trkpt lat="40.966318" lon="-110.391935"></trkpt><trkpt lat="40.966529" lon="-110.391874"></trkpt><trkpt lat="40.967131" lon="-110.391507"></trkpt><trkpt lat="40.967504" lon="-110.391347"></trkpt><trkpt lat="40.967922" lon="-110.391294"></trkpt><trkpt lat="40.968931" lon="-110.391317"></trkpt><trkpt lat="40.969534" lon="-110.391233"></trkpt><trkpt lat="40.970011" lon="-110.391126"></trkpt><trkpt lat="40.971471" lon="-110.390386"></trkpt><trkpt lat="40.971857" lon="-110.390088"></trkpt><trkpt lat="40.972349" lon="-110.389463"></trkpt><trkpt lat="40.972720" lon="-110.388891"></trkpt><trkpt lat="40.974286" lon="-110.386983"></trkpt><trkpt lat="40.974600" lon="-110.386686"></trkpt><trkpt lat="40.975463" lon="-110.386335"></trkpt><trkpt lat="40.976290" lon="-110.386082"></trkpt><trkpt lat="40.977227" lon="-110.386045"></trkpt><trkpt lat="40.977876" lon="-110.386144"></trkpt><trkpt lat="40.978508" lon="-110.386304"></trkpt><trkpt lat="40.978895" lon="-110.386350"></trkpt><trkpt lat="40.979156" lon="-110.386289"></trkpt><trkpt lat="40.979759" lon="-110.386076"></trkpt><trkpt lat="40.980226" lon="-110.385808"></trkpt><trkpt lat="40.980829" lon="-110.385709"></trkpt><trkpt lat="40.981017" lon="-110.385602"></trkpt><trkpt lat="40.981152" lon="-110.385480"></trkpt><trkpt lat="40.981246" lon="-110.385335"></trkpt><trkpt lat="40.981481" lon="-110.384778"></trkpt><trkpt lat="40.981605" lon="-110.384382"></trkpt><trkpt lat="40.981810" lon="-110.383977"></trkpt><trkpt lat="40.982088" lon="-110.383642"></trkpt><trkpt lat="40.982806" lon="-110.383237"></trkpt><trkpt lat="40.982932" lon="-110.383137"></trkpt><trkpt lat="40.983178" lon="-110.382886"></trkpt><trkpt lat="40.983756" lon="-110.382176"></trkpt><trkpt lat="40.984366" lon="-110.381764"></trkpt><trkpt lat="40.984707" lon="-110.381596"></trkpt><trkpt lat="40.985395" lon="-110.381406"></trkpt><trkpt lat="40.986246" lon="-110.381345"></trkpt><trkpt lat="40.987956" lon="-110.381749"></trkpt><trkpt lat="40.988574" lon="-110.381963"></trkpt><trkpt lat="40.989395" lon="-110.382191"></trkpt><trkpt lat="40.989535" lon="-110.382291"></trkpt><trkpt lat="40.989711" lon="-110.382336"></trkpt><trkpt lat="40.991034" lon="-110.382016"></trkpt><trkpt lat="40.991484" lon="-110.382031"></trkpt><trkpt lat="40.992088" lon="-110.382138"></trkpt><trkpt lat="40.992612" lon="-110.382435"></trkpt><trkpt lat="40.993091" lon="-110.382649"></trkpt><trkpt lat="40.993668" lon="-110.382794"></trkpt><trkpt lat="40.994128" lon="-110.382840"></trkpt><trkpt lat="40.995064" lon="-110.382741"></trkpt><trkpt lat="40.995415" lon="-110.382649"></trkpt><trkpt lat="40.996287" lon="-110.382322"></trkpt><trkpt lat="40.996826" lon="-110.382077"></trkpt><trkpt lat="40.997680" lon="-110.381620"></trkpt><trkpt lat="40.998137" lon="-110.381322"></trkpt><trkpt lat="40.998783" lon="-110.380834"></trkpt><trkpt lat="40.999311" lon="-110.380147"></trkpt><trkpt lat="40.999768" lon="-110.379628"></trkpt><trkpt lat="40.999947" lon="-110.379513"></trkpt><trkpt lat="41.000952" lon="-110.377827"></trkpt><trkpt lat="41.001291" lon="-110.377324"></trkpt><trkpt lat="41.001569" lon="-110.377019"></trkpt><trkpt lat="41.002144" lon="-110.376668"></trkpt><trkpt lat="41.002683" lon="-110.376423"></trkpt><trkpt lat="41.002835" lon="-110.376316"></trkpt><trkpt lat="41.003077" lon="-110.376004"></trkpt><trkpt lat="41.003763" lon="-110.374600"></trkpt><trkpt lat="41.003857" lon="-110.374478"></trkpt><trkpt lat="41.004229" lon="-110.374226"></trkpt><trkpt lat="41.005001" lon="-110.372883"></trkpt><trkpt lat="41.005271" lon="-110.372784"></trkpt><trkpt lat="41.005465" lon="-110.372792"></trkpt><trkpt lat="41.005582" lon="-110.372754"></trkpt><trkpt lat="41.005631" lon="-110.372677"></trkpt><trkpt lat="41.005785" lon="-110.372128"></trkpt><trkpt lat="41.006049" lon="-110.371816"></trkpt><trkpt lat="41.008486" lon="-110.370091"></trkpt><trkpt lat="41.008832" lon="-110.369923"></trkpt><trkpt lat="41.009776" lon="-110.369572"></trkpt><trkpt lat="41.011183" lon="-110.369168"></trkpt><trkpt lat="41.011593" lon="-110.369099"></trkpt><trkpt lat="41.013471" lon="-110.369175"></trkpt><trkpt lat="41.016309" lon="-110.369114"></trkpt><trkpt lat="41.018632" lon="-110.368985"></trkpt><trkpt lat="41.019096" lon="-110.368885"></trkpt><trkpt lat="41.020009" lon="-110.368641"></trkpt><trkpt lat="41.021020" lon="-110.368199"></trkpt><trkpt lat="41.021495" lon="-110.367764"></trkpt><trkpt lat="41.022199" lon="-110.367214"></trkpt><trkpt lat="41.022392" lon="-110.367108"></trkpt><trkpt lat="41.022770" lon="-110.366986"></trkpt><trkpt lat="41.023318" lon="-110.366856"></trkpt><trkpt lat="41.024295" lon="-110.366741"></trkpt><trkpt lat="41.024615" lon="-110.366741"></trkpt><trkpt lat="41.025519" lon="-110.366513"></trkpt><trkpt lat="41.026122" lon="-110.366406"></trkpt><trkpt lat="41.026639" lon="-110.366276"></trkpt><trkpt lat="41.027526" lon="-110.366185"></trkpt><trkpt lat="41.028067" lon="-110.366192"></trkpt><trkpt lat="41.028823" lon="-110.366100"></trkpt><trkpt lat="41.030842" lon="-110.365536"></trkpt><trkpt lat="41.032128" lon="-110.365139"></trkpt><trkpt lat="41.032802" lon="-110.364765"></trkpt><trkpt lat="41.033470" lon="-110.364323"></trkpt><trkpt lat="41.033603" lon="-110.364651"></trkpt><trkpt lat="41.033966" lon="-110.365170"></trkpt><trkpt lat="41.034007" lon="-110.365337"></trkpt><trkpt lat="41.033991" lon="-110.365674"></trkpt><trkpt lat="41.033952" lon="-110.365841"></trkpt><trkpt lat="41.033756" lon="-110.366284"></trkpt><trkpt lat="41.034556" lon="-110.366879"></trkpt><trkpt lat="41.035166" lon="-110.367138"></trkpt><trkpt lat="41.035594" lon="-110.367184"></trkpt><trkpt lat="41.036068" lon="-110.367314"></trkpt><trkpt lat="41.037759" lon="-110.367680"></trkpt><trkpt lat="41.038151" lon="-110.367695"></trkpt><trkpt lat="41.038638" lon="-110.367817"></trkpt><trkpt lat="41.038981" lon="-110.367947"></trkpt><trkpt lat="41.039428" lon="-110.368222"></trkpt><trkpt lat="41.039794" lon="-110.368359"></trkpt><trkpt lat="41.040323" lon="-110.368656"></trkpt><trkpt lat="41.040653" lon="-110.368954"></trkpt><trkpt lat="41.041078" lon="-110.369213"></trkpt><trkpt lat="41.041448" lon="-110.369389"></trkpt><trkpt lat="41.042098" lon="-110.369580"></trkpt><trkpt lat="41.042310" lon="-110.369747"></trkpt><trkpt lat="41.042710" lon="-110.370396"></trkpt><trkpt lat="41.042802" lon="-110.370617"></trkpt><trkpt lat="41.042839" lon="-110.370937"></trkpt><trkpt lat="41.042828" lon="-110.371304"></trkpt><trkpt lat="41.042536" lon="-110.372303"></trkpt><trkpt lat="41.042317" lon="-110.372700"></trkpt><trkpt lat="41.042045" lon="-110.373051"></trkpt><trkpt lat="41.041771" lon="-110.373196"></trkpt><trkpt lat="41.041198" lon="-110.373081"></trkpt><trkpt lat="41.040729" lon="-110.372196"></trkpt><trkpt lat="41.040294" lon="-110.371624"></trkpt><trkpt lat="41.039977" lon="-110.371334"></trkpt><trkpt lat="41.039584" lon="-110.371075"></trkpt><trkpt lat="41.038350" lon="-110.370449"></trkpt><trkpt lat="41.037662" lon="-110.369763"></trkpt><trkpt lat="41.037354" lon="-110.369503"></trkpt><trkpt lat="41.036996" lon="-110.369091"></trkpt><trkpt lat="41.036006" lon="-110.368397"></trkpt><trkpt lat="41.035815" lon="-110.368076"></trkpt><trkpt lat="41.035651" lon="-110.367641"></trkpt><trkpt lat="41.035596" lon="-110.367196"></trkpt></trkseg></trk><trk><name>T017 AU6D793</name><trkseg><trkpt lat="40.867685" lon="-110.800395"></trkpt><trkpt lat="40.867612" lon="-110.799929"></trkpt><trkpt lat="40.867708" lon="-110.798190"></trkpt><trkpt lat="40.867667" lon="-110.797892"></trkpt><trkpt lat="40.867476" lon="-110.797320"></trkpt><trkpt lat="40.867246" lon="-110.796885"></trkpt><trkpt lat="40.867160" lon="-110.796641"></trkpt><trkpt lat="40.867060" lon="-110.796099"></trkpt><trkpt lat="40.867022" lon="-110.795329"></trkpt><trkpt lat="40.866963" lon="-110.794902"></trkpt><trkpt lat="40.866891" lon="-110.794695"></trkpt><trkpt lat="40.866665" lon="-110.794284"></trkpt><trkpt lat="40.866547" lon="-110.794154"></trkpt><trkpt lat="40.865907" lon="-110.793719"></trkpt><trkpt lat="40.865690" lon="-110.793474"></trkpt></trkseg></trk><trk><name>T018 AU6D793</name><trkseg><trkpt lat="41.041198" lon="-110.373081"></trkpt><trkpt lat="41.041232" lon="-110.373494"></trkpt><trkpt lat="41.041301" lon="-110.373806"></trkpt><trkpt lat="41.041451" lon="-110.374074"></trkpt><trkpt lat="41.041611" lon="-110.374501"></trkpt><trkpt lat="41.041875" lon="-110.375042"></trkpt><trkpt lat="41.041967" lon="-110.375363"></trkpt><trkpt lat="41.042212" lon="-110.375714"></trkpt><trkpt lat="41.042448" lon="-110.376805"></trkpt><trkpt lat="41.042625" lon="-110.377857"></trkpt><trkpt lat="41.042772" lon="-110.378407"></trkpt><trkpt lat="41.042964" lon="-110.378956"></trkpt><trkpt lat="41.043127" lon="-110.379986"></trkpt><trkpt lat="41.043726" lon="-110.381604"></trkpt><trkpt lat="41.044357" lon="-110.382512"></trkpt><trkpt lat="41.044901" lon="-110.383153"></trkpt><trkpt lat="41.045074" lon="-110.383481"></trkpt><trkpt lat="41.045409" lon="-110.383962"></trkpt><trkpt lat="41.045577" lon="-110.384122"></trkpt><trkpt lat="41.045641" lon="-110.384335"></trkpt><trkpt lat="41.045684" lon="-110.384732"></trkpt><trkpt lat="41.045730" lon="-110.384847"></trkpt><trkpt lat="41.045793" lon="-110.384938"></trkpt><trkpt lat="41.045978" lon="-110.385068"></trkpt><trkpt lat="41.046128" lon="-110.385289"></trkpt><trkpt lat="41.046188" lon="-110.385480"></trkpt><trkpt lat="41.046198" lon="-110.385754"></trkpt><trkpt lat="41.046404" lon="-110.386319"></trkpt><trkpt lat="41.046580" lon="-110.387303"></trkpt><trkpt lat="41.046791" lon="-110.387937"></trkpt><trkpt lat="41.046889" lon="-110.388615"></trkpt><trkpt lat="41.047214" lon="-110.389561"></trkpt><trkpt lat="41.047740" lon="-110.391912"></trkpt></trkseg></trk><trk><name>T019 AU6D793</name><trkseg><trkpt lat="40.677538" lon="-110.952356"></trkpt><trkpt lat="40.678142" lon="-110.952684"></trkpt><trkpt lat="40.678268" lon="-110.952837"></trkpt><trkpt lat="40.678304" lon="-110.953096"></trkpt><trkpt lat="40.678129" lon="-110.954203"></trkpt><trkpt lat="40.678116" lon="-110.954836"></trkpt><trkpt lat="40.678269" lon="-110.955431"></trkpt><trkpt lat="40.678387" lon="-110.955668"></trkpt><trkpt lat="40.678621" lon="-110.956003"></trkpt><trkpt lat="40.678990" lon="-110.956438"></trkpt><trkpt lat="40.679414" lon="-110.957171"></trkpt><trkpt lat="40.679667" lon="-110.957735"></trkpt><trkpt lat="40.679757" lon="-110.958162"></trkpt><trkpt lat="40.679640" lon="-110.958361"></trkpt><trkpt lat="40.679532" lon="-110.958437"></trkpt><trkpt lat="40.679289" lon="-110.958551"></trkpt><trkpt lat="40.679117" lon="-110.958590"></trkpt><trkpt lat="40.678775" lon="-110.958605"></trkpt><trkpt lat="40.678343" lon="-110.958536"></trkpt><trkpt lat="40.678171" lon="-110.958544"></trkpt><trkpt lat="40.677924" lon="-110.958612"></trkpt><trkpt lat="40.677653" lon="-110.958819"></trkpt><trkpt lat="40.677077" lon="-110.959360"></trkpt><trkpt lat="40.676442" lon="-110.959787"></trkpt><trkpt lat="40.675118" lon="-110.960589"></trkpt><trkpt lat="40.674884" lon="-110.960642"></trkpt><trkpt lat="40.674677" lon="-110.960627"></trkpt><trkpt lat="40.674316" lon="-110.960474"></trkpt><trkpt lat="40.672915" lon="-110.959383"></trkpt><trkpt lat="40.672433" lon="-110.959055"></trkpt><trkpt lat="40.672181" lon="-110.958941"></trkpt><trkpt lat="40.671820" lon="-110.958811"></trkpt><trkpt lat="40.671370" lon="-110.958696"></trkpt><trkpt lat="40.670653" lon="-110.958658"></trkpt><trkpt lat="40.670442" lon="-110.958689"></trkpt><trkpt lat="40.667803" lon="-110.959985"></trkpt><trkpt lat="40.663947" lon="-110.962030"></trkpt><trkpt lat="40.662101" lon="-110.962915"></trkpt><trkpt lat="40.661547" lon="-110.963060"></trkpt><trkpt lat="40.661263" lon="-110.963075"></trkpt><trkpt lat="40.660731" lon="-110.963014"></trkpt><trkpt lat="40.659596" lon="-110.962808"></trkpt><trkpt lat="40.659209" lon="-110.962602"></trkpt><trkpt lat="40.658578" lon="-110.962106"></trkpt><trkpt lat="40.658168" lon="-110.961740"></trkpt><trkpt lat="40.657848" lon="-110.961534"></trkpt><trkpt lat="40.657186" lon="-110.961419"></trkpt><trkpt lat="40.655893" lon="-110.961404"></trkpt><trkpt lat="40.654668" lon="-110.961465"></trkpt><trkpt lat="40.654370" lon="-110.961419"></trkpt><trkpt lat="40.653429" lon="-110.960946"></trkpt><trkpt lat="40.652821" lon="-110.960893"></trkpt><trkpt lat="40.652114" lon="-110.960939"></trkpt><trkpt lat="40.651906" lon="-110.960877"></trkpt><trkpt lat="40.651649" lon="-110.960656"></trkpt><trkpt lat="40.651523" lon="-110.960618"></trkpt><trkpt lat="40.651280" lon="-110.960748"></trkpt><trkpt lat="40.651181" lon="-110.960939"></trkpt><trkpt lat="40.651136" lon="-110.961175"></trkpt><trkpt lat="40.651159" lon="-110.961579"></trkpt><trkpt lat="40.651497" lon="-110.962617"></trkpt><trkpt lat="40.651551" lon="-110.963426"></trkpt><trkpt lat="40.651709" lon="-110.964235"></trkpt><trkpt lat="40.651687" lon="-110.964601"></trkpt><trkpt lat="40.651601" lon="-110.964723"></trkpt><trkpt lat="40.651475" lon="-110.964753"></trkpt><trkpt lat="40.651304" lon="-110.964639"></trkpt><trkpt lat="40.650934" lon="-110.964296"></trkpt><trkpt lat="40.650804" lon="-110.964242"></trkpt><trkpt lat="40.650452" lon="-110.964257"></trkpt><trkpt lat="40.650034" lon="-110.964074"></trkpt><trkpt lat="40.649835" lon="-110.964029"></trkpt><trkpt lat="40.649407" lon="-110.964036"></trkpt><trkpt lat="40.648619" lon="-110.963868"></trkpt><trkpt lat="40.648313" lon="-110.963883"></trkpt><trkpt lat="40.648083" lon="-110.963967"></trkpt><trkpt lat="40.647786" lon="-110.964311"></trkpt><trkpt lat="40.647826" lon="-110.964509"></trkpt><trkpt lat="40.647984" lon="-110.964738"></trkpt><trkpt lat="40.648804" lon="-110.965524"></trkpt><trkpt lat="40.649084" lon="-110.965875"></trkpt><trkpt lat="40.649341" lon="-110.966592"></trkpt><trkpt lat="40.649314" lon="-110.966722"></trkpt><trkpt lat="40.649228" lon="-110.966828"></trkpt><trkpt lat="40.649156" lon="-110.966828"></trkpt><trkpt lat="40.648958" lon="-110.966714"></trkpt><trkpt lat="40.648760" lon="-110.966745"></trkpt><trkpt lat="40.648156" lon="-110.967034"></trkpt><trkpt lat="40.647886" lon="-110.967088"></trkpt><trkpt lat="40.647552" lon="-110.967065"></trkpt><trkpt lat="40.647242" lon="-110.966996"></trkpt><trkpt lat="40.647016" lon="-110.966889"></trkpt><trkpt lat="40.646674" lon="-110.966500"></trkpt><trkpt lat="40.646241" lon="-110.966417"></trkpt><trkpt lat="40.646021" lon="-110.966309"></trkpt><trkpt lat="40.645458" lon="-110.966203"></trkpt><trkpt lat="40.644498" lon="-110.966203"></trkpt><trkpt lat="40.644223" lon="-110.966249"></trkpt><trkpt lat="40.644048" lon="-110.966241"></trkpt><trkpt lat="40.643385" lon="-110.965890"></trkpt><trkpt lat="40.643120" lon="-110.965882"></trkpt><trkpt lat="40.642430" lon="-110.966111"></trkpt><trkpt lat="40.642061" lon="-110.966149"></trkpt><trkpt lat="40.641935" lon="-110.966065"></trkpt><trkpt lat="40.641818" lon="-110.965837"></trkpt><trkpt lat="40.641710" lon="-110.965447"></trkpt><trkpt lat="40.641579" lon="-110.965463"></trkpt><trkpt lat="40.641385" lon="-110.965592"></trkpt><trkpt lat="40.640985" lon="-110.966218"></trkpt><trkpt lat="40.640863" lon="-110.966325"></trkpt><trkpt lat="40.640611" lon="-110.966439"></trkpt><trkpt lat="40.640277" lon="-110.966691"></trkpt><trkpt lat="40.639548" lon="-110.966927"></trkpt><trkpt lat="40.639264" lon="-110.967332"></trkpt><trkpt lat="40.639066" lon="-110.967492"></trkpt><trkpt lat="40.639043" lon="-110.967637"></trkpt><trkpt lat="40.639089" lon="-110.968133"></trkpt><trkpt lat="40.639053" lon="-110.968347"></trkpt><trkpt lat="40.638958" lon="-110.968537"></trkpt><trkpt lat="40.638629" lon="-110.968835"></trkpt><trkpt lat="40.638521" lon="-110.969025"></trkpt><trkpt lat="40.638283" lon="-110.969796"></trkpt><trkpt lat="40.638040" lon="-110.970215"></trkpt><trkpt lat="40.637959" lon="-110.970468"></trkpt><trkpt lat="40.637855" lon="-110.970666"></trkpt><trkpt lat="40.637238" lon="-110.971238"></trkpt><trkpt lat="40.636761" lon="-110.971566"></trkpt><trkpt lat="40.636491" lon="-110.971925"></trkpt><trkpt lat="40.636243" lon="-110.972367"></trkpt><trkpt lat="40.635973" lon="-110.973023"></trkpt><trkpt lat="40.635874" lon="-110.973420"></trkpt><trkpt lat="40.635856" lon="-110.974076"></trkpt><trkpt lat="40.635734" lon="-110.974595"></trkpt><trkpt lat="40.635171" lon="-110.975091"></trkpt><trkpt lat="40.634672" lon="-110.975731"></trkpt><trkpt lat="40.634451" lon="-110.975846"></trkpt><trkpt lat="40.634073" lon="-110.975778"></trkpt><trkpt lat="40.633676" lon="-110.975556"></trkpt><trkpt lat="40.632942" lon="-110.974961"></trkpt><trkpt lat="40.632658" lon="-110.974854"></trkpt><trkpt lat="40.632343" lon="-110.974816"></trkpt><trkpt lat="40.631825" lon="-110.974961"></trkpt><trkpt lat="40.631343" lon="-110.975152"></trkpt><trkpt lat="40.629690" lon="-110.976113"></trkpt><trkpt lat="40.628604" lon="-110.976639"></trkpt><trkpt lat="40.627564" lon="-110.977021"></trkpt><trkpt lat="40.627046" lon="-110.977021"></trkpt><trkpt lat="40.626730" lon="-110.976830"></trkpt><trkpt lat="40.626154" lon="-110.976181"></trkpt><trkpt lat="40.625910" lon="-110.976014"></trkpt><trkpt lat="40.625253" lon="-110.975769"></trkpt><trkpt lat="40.624946" lon="-110.975563"></trkpt><trkpt lat="40.623955" lon="-110.975167"></trkpt><trkpt lat="40.623387" lon="-110.974861"></trkpt><trkpt lat="40.622865" lon="-110.974686"></trkpt><trkpt lat="40.622608" lon="-110.974648"></trkpt><trkpt lat="40.622027" lon="-110.974663"></trkpt><trkpt lat="40.621554" lon="-110.974594"></trkpt><trkpt lat="40.621383" lon="-110.974541"></trkpt><trkpt lat="40.621221" lon="-110.974434"></trkpt><trkpt lat="40.620869" lon="-110.974098"></trkpt><trkpt lat="40.620329" lon="-110.973816"></trkpt><trkpt lat="40.618608" lon="-110.973282"></trkpt><trkpt lat="40.618387" lon="-110.973259"></trkpt><trkpt lat="40.618157" lon="-110.973305"></trkpt><trkpt lat="40.617928" lon="-110.973442"></trkpt><trkpt lat="40.617797" lon="-110.973656"></trkpt><trkpt lat="40.617608" lon="-110.974121"></trkpt><trkpt lat="40.617581" lon="-110.974411"></trkpt><trkpt lat="40.617631" lon="-110.974831"></trkpt><trkpt lat="40.617730" lon="-110.974991"></trkpt><trkpt lat="40.618005" lon="-110.975289"></trkpt><trkpt lat="40.618081" lon="-110.975563"></trkpt><trkpt lat="40.618023" lon="-110.975884"></trkpt><trkpt lat="40.617847" lon="-110.976135"></trkpt><trkpt lat="40.616811" lon="-110.976822"></trkpt><trkpt lat="40.615955" lon="-110.977257"></trkpt><trkpt lat="40.615456" lon="-110.977653"></trkpt><trkpt lat="40.615136" lon="-110.978073"></trkpt><trkpt lat="40.614906" lon="-110.978455"></trkpt><trkpt lat="40.614609" lon="-110.979164"></trkpt><trkpt lat="40.614411" lon="-110.979492"></trkpt><trkpt lat="40.614294" lon="-110.979569"></trkpt><trkpt lat="40.613618" lon="-110.979767"></trkpt><trkpt lat="40.613393" lon="-110.979912"></trkpt><trkpt lat="40.612767" lon="-110.980484"></trkpt><trkpt lat="40.612271" lon="-110.981072"></trkpt><trkpt lat="40.611745" lon="-110.981827"></trkpt><trkpt lat="40.610997" lon="-110.983063"></trkpt><trkpt lat="40.610758" lon="-110.983383"></trkpt><trkpt lat="40.610610" lon="-110.983528"></trkpt><trkpt lat="40.610407" lon="-110.983650"></trkpt><trkpt lat="40.609641" lon="-110.983925"></trkpt><trkpt lat="40.609457" lon="-110.984047"></trkpt><trkpt lat="40.609101" lon="-110.984390"></trkpt><trkpt lat="40.608371" lon="-110.985405"></trkpt><trkpt lat="40.607885" lon="-110.986313"></trkpt><trkpt lat="40.607353" lon="-110.987160"></trkpt><trkpt lat="40.607137" lon="-110.987617"></trkpt><trkpt lat="40.606880" lon="-110.988274"></trkpt><trkpt lat="40.606660" lon="-110.989014"></trkpt><trkpt lat="40.606484" lon="-110.989952"></trkpt><trkpt lat="40.606385" lon="-110.990318"></trkpt><trkpt lat="40.605939" lon="-110.991699"></trkpt><trkpt lat="40.605656" lon="-110.992294"></trkpt><trkpt lat="40.605561" lon="-110.992691"></trkpt><trkpt lat="40.605390" lon="-110.993973"></trkpt><trkpt lat="40.605286" lon="-110.994232"></trkpt><trkpt lat="40.605070" lon="-110.994515"></trkpt><trkpt lat="40.604210" lon="-110.996216"></trkpt><trkpt lat="40.603949" lon="-110.996513"></trkpt><trkpt lat="40.603494" lon="-110.996925"></trkpt><trkpt lat="40.603246" lon="-110.997231"></trkpt><trkpt lat="40.602124" lon="-110.999008"></trkpt><trkpt lat="40.601922" lon="-110.999611"></trkpt><trkpt lat="40.601886" lon="-111.000366"></trkpt><trkpt lat="40.601795" lon="-111.000610"></trkpt><trkpt lat="40.601525" lon="-111.001068"></trkpt><trkpt lat="40.601498" lon="-111.001228"></trkpt><trkpt lat="40.601638" lon="-111.001739"></trkpt><trkpt lat="40.601611" lon="-111.001968"></trkpt><trkpt lat="40.601534" lon="-111.002098"></trkpt><trkpt lat="40.601426" lon="-111.002182"></trkpt><trkpt lat="40.601201" lon="-111.002167"></trkpt><trkpt lat="40.600804" lon="-111.001778"></trkpt><trkpt lat="40.600692" lon="-111.001709"></trkpt><trkpt lat="40.600602" lon="-111.001693"></trkpt><trkpt lat="40.599895" lon="-111.001861"></trkpt><trkpt lat="40.599444" lon="-111.001884"></trkpt><trkpt lat="40.598881" lon="-111.001831"></trkpt><trkpt lat="40.598521" lon="-111.001716"></trkpt><trkpt lat="40.598196" lon="-111.001533"></trkpt><trkpt lat="40.597940" lon="-111.001243"></trkpt><trkpt lat="40.597665" lon="-111.000716"></trkpt><trkpt lat="40.597665" lon="-111.000610"></trkpt><trkpt lat="40.597620" lon="-111.000511"></trkpt><trkpt lat="40.597543" lon="-111.000473"></trkpt><trkpt lat="40.597462" lon="-111.000480"></trkpt><trkpt lat="40.597476" lon="-111.001022"></trkpt><trkpt lat="40.597597" lon="-111.001304"></trkpt><trkpt lat="40.597764" lon="-111.001579"></trkpt><trkpt lat="40.597836" lon="-111.001816"></trkpt><trkpt lat="40.597908" lon="-111.002395"></trkpt><trkpt lat="40.598395" lon="-111.003647"></trkpt><trkpt lat="40.598390" lon="-111.003799"></trkpt><trkpt lat="40.598336" lon="-111.003906"></trkpt><trkpt lat="40.598237" lon="-111.003967"></trkpt><trkpt lat="40.598111" lon="-111.003967"></trkpt><trkpt lat="40.597980" lon="-111.003914"></trkpt><trkpt lat="40.597827" lon="-111.003761"></trkpt><trkpt lat="40.597669" lon="-111.003471"></trkpt><trkpt lat="40.597417" lon="-111.002815"></trkpt><trkpt lat="40.597151" lon="-111.002388"></trkpt><trkpt lat="40.596922" lon="-111.001915"></trkpt><trkpt lat="40.596881" lon="-111.001861"></trkpt><trkpt lat="40.596800" lon="-111.001838"></trkpt><trkpt lat="40.596714" lon="-111.001884"></trkpt><trkpt lat="40.596692" lon="-111.001968"></trkpt><trkpt lat="40.596714" lon="-111.002143"></trkpt><trkpt lat="40.596822" lon="-111.002403"></trkpt><trkpt lat="40.596840" lon="-111.002609"></trkpt><trkpt lat="40.596764" lon="-111.002838"></trkpt><trkpt lat="40.596764" lon="-111.003128"></trkpt><trkpt lat="40.596836" lon="-111.003395"></trkpt><trkpt lat="40.597241" lon="-111.003845"></trkpt><trkpt lat="40.597286" lon="-111.003975"></trkpt><trkpt lat="40.597259" lon="-111.004097"></trkpt><trkpt lat="40.597151" lon="-111.004196"></trkpt><trkpt lat="40.596989" lon="-111.004196"></trkpt><trkpt lat="40.596818" lon="-111.004081"></trkpt><trkpt lat="40.596656" lon="-111.003868"></trkpt><trkpt lat="40.596539" lon="-111.003563"></trkpt><trkpt lat="40.596426" lon="-111.002945"></trkpt><trkpt lat="40.596282" lon="-111.002464"></trkpt><trkpt lat="40.596201" lon="-111.002319"></trkpt><trkpt lat="40.596088" lon="-111.002281"></trkpt><trkpt lat="40.596016" lon="-111.002365"></trkpt><trkpt lat="40.595994" lon="-111.002556"></trkpt><trkpt lat="40.596133" lon="-111.003212"></trkpt><trkpt lat="40.596169" lon="-111.003700"></trkpt><trkpt lat="40.596142" lon="-111.003845"></trkpt><trkpt lat="40.596079" lon="-111.003952"></trkpt><trkpt lat="40.595989" lon="-111.003975"></trkpt><trkpt lat="40.595890" lon="-111.003944"></trkpt><trkpt lat="40.595768" lon="-111.003761"></trkpt><trkpt lat="40.595665" lon="-111.002487"></trkpt><trkpt lat="40.595255" lon="-111.001724"></trkpt><trkpt lat="40.594593" lon="-110.999366"></trkpt><trkpt lat="40.594539" lon="-110.999115"></trkpt><trkpt lat="40.594539" lon="-110.998260"></trkpt><trkpt lat="40.594462" lon="-110.997421"></trkpt><trkpt lat="40.594399" lon="-110.997146"></trkpt><trkpt lat="40.594228" lon="-110.997001"></trkpt></trkseg></trk><trk><name>T020 AU6D793</name><trkseg><trkpt lat="40.959161" lon="-110.580959"></trkpt><trkpt lat="40.960639" lon="-110.581234"></trkpt><trkpt lat="40.961271" lon="-110.581501"></trkpt><trkpt lat="40.962292" lon="-110.582279"></trkpt><trkpt lat="40.962698" lon="-110.582417"></trkpt><trkpt lat="40.964582" lon="-110.582768"></trkpt><trkpt lat="40.965203" lon="-110.582821"></trkpt><trkpt lat="40.965951" lon="-110.582791"></trkpt><trkpt lat="40.967322" lon="-110.583134"></trkpt><trkpt lat="40.968224" lon="-110.583516"></trkpt><trkpt lat="40.968747" lon="-110.583821"></trkpt><trkpt lat="40.969009" lon="-110.584011"></trkpt><trkpt lat="40.969480" lon="-110.584530"></trkpt><trkpt lat="40.970247" lon="-110.584973"></trkpt><trkpt lat="40.970806" lon="-110.585133"></trkpt><trkpt lat="40.971799" lon="-110.585575"></trkpt><trkpt lat="40.972376" lon="-110.585774"></trkpt><trkpt lat="40.974342" lon="-110.586354"></trkpt><trkpt lat="40.976686" lon="-110.586987"></trkpt><trkpt lat="40.977345" lon="-110.587269"></trkpt><trkpt lat="40.977652" lon="-110.587445"></trkpt><trkpt lat="40.977846" lon="-110.587674"></trkpt><trkpt lat="40.978205" lon="-110.588528"></trkpt><trkpt lat="40.978834" lon="-110.589421"></trkpt><trkpt lat="40.979581" lon="-110.590298"></trkpt><trkpt lat="40.980087" lon="-110.590794"></trkpt><trkpt lat="40.980638" lon="-110.591176"></trkpt><trkpt lat="40.981170" lon="-110.591404"></trkpt><trkpt lat="40.981693" lon="-110.591550"></trkpt><trkpt lat="40.984533" lon="-110.592015"></trkpt><trkpt lat="40.985137" lon="-110.592160"></trkpt><trkpt lat="40.986989" lon="-110.592465"></trkpt><trkpt lat="40.987966" lon="-110.592435"></trkpt><trkpt lat="40.988246" lon="-110.592473"></trkpt><trkpt lat="40.989973" lon="-110.593197"></trkpt><trkpt lat="40.991981" lon="-110.594197"></trkpt><trkpt lat="40.993189" lon="-110.594365"></trkpt><trkpt lat="40.995134" lon="-110.594129"></trkpt><trkpt lat="40.995881" lon="-110.593923"></trkpt><trkpt lat="40.996195" lon="-110.593693"></trkpt><trkpt lat="40.996832" lon="-110.592816"></trkpt><trkpt lat="40.997119" lon="-110.592519"></trkpt><trkpt lat="40.997731" lon="-110.592206"></trkpt><trkpt lat="40.998572" lon="-110.591893"></trkpt><trkpt lat="40.999948" lon="-110.591275"></trkpt><trkpt lat="41.001022" lon="-110.590680"></trkpt><trkpt lat="41.001288" lon="-110.590619"></trkpt><trkpt lat="41.001536" lon="-110.590672"></trkpt><trkpt lat="41.002096" lon="-110.591123"></trkpt><trkpt lat="41.002584" lon="-110.591725"></trkpt><trkpt lat="41.002833" lon="-110.591977"></trkpt><trkpt lat="41.003045" lon="-110.592084"></trkpt><trkpt lat="41.003325" lon="-110.592153"></trkpt><trkpt lat="41.003658" lon="-110.592145"></trkpt><trkpt lat="41.003775" lon="-110.592099"></trkpt><trkpt lat="41.004071" lon="-110.591886"></trkpt><trkpt lat="41.005841" lon="-110.590565"></trkpt><trkpt lat="41.006987" lon="-110.589665"></trkpt><trkpt lat="41.007468" lon="-110.589375"></trkpt><trkpt lat="41.007630" lon="-110.589314"></trkpt><trkpt lat="41.008044" lon="-110.589307"></trkpt><trkpt lat="41.008265" lon="-110.589360"></trkpt><trkpt lat="41.009131" lon="-110.589879"></trkpt><trkpt lat="41.009271" lon="-110.589925"></trkpt><trkpt lat="41.009659" lon="-110.589955"></trkpt><trkpt lat="41.010145" lon="-110.589887"></trkpt><trkpt lat="41.012088" lon="-110.589185"></trkpt><trkpt lat="41.012826" lon="-110.588986"></trkpt><trkpt lat="41.013910" lon="-110.588589"></trkpt><trkpt lat="41.015247" lon="-110.588162"></trkpt><trkpt lat="41.016506" lon="-110.587795"></trkpt><trkpt lat="41.017024" lon="-110.587765"></trkpt><trkpt lat="41.018579" lon="-110.587903"></trkpt><trkpt lat="41.019002" lon="-110.587972"></trkpt><trkpt lat="41.019643" lon="-110.588231"></trkpt><trkpt lat="41.020780" lon="-110.588833"></trkpt><trkpt lat="41.021277" lon="-110.589162"></trkpt><trkpt lat="41.022295" lon="-110.589245"></trkpt><trkpt lat="41.023663" lon="-110.588994"></trkpt><trkpt lat="41.024185" lon="-110.588742"></trkpt><trkpt lat="41.024571" lon="-110.588475"></trkpt><trkpt lat="41.024863" lon="-110.588208"></trkpt><trkpt lat="41.028075" lon="-110.585827"></trkpt></trkseg></trk><trk><name>T021 AU6D793</name><trkseg><trkpt lat="40.887620" lon="-110.815883"></trkpt><trkpt lat="40.886711" lon="-110.816516"></trkpt><trkpt lat="40.886553" lon="-110.816753"></trkpt><trkpt lat="40.886500" lon="-110.817310"></trkpt><trkpt lat="40.886262" lon="-110.817760"></trkpt><trkpt lat="40.886146" lon="-110.818332"></trkpt><trkpt lat="40.885922" lon="-110.818889"></trkpt><trkpt lat="40.885737" lon="-110.819072"></trkpt><trkpt lat="40.885445" lon="-110.819225"></trkpt><trkpt lat="40.884949" lon="-110.819316"></trkpt><trkpt lat="40.884446" lon="-110.819667"></trkpt><trkpt lat="40.884049" lon="-110.819629"></trkpt><trkpt lat="40.883734" lon="-110.819660"></trkpt><trkpt lat="40.883513" lon="-110.819751"></trkpt><trkpt lat="40.883356" lon="-110.819873"></trkpt><trkpt lat="40.883266" lon="-110.820010"></trkpt><trkpt lat="40.883239" lon="-110.820278"></trkpt><trkpt lat="40.883131" lon="-110.820423"></trkpt><trkpt lat="40.882699" lon="-110.820598"></trkpt><trkpt lat="40.882420" lon="-110.820621"></trkpt><trkpt lat="40.882141" lon="-110.820728"></trkpt><trkpt lat="40.881898" lon="-110.820941"></trkpt><trkpt lat="40.881548" lon="-110.821620"></trkpt><trkpt lat="40.881341" lon="-110.821903"></trkpt><trkpt lat="40.880869" lon="-110.822772"></trkpt><trkpt lat="40.880568" lon="-110.823200"></trkpt><trkpt lat="40.880325" lon="-110.823428"></trkpt><trkpt lat="40.880028" lon="-110.823597"></trkpt><trkpt lat="40.879146" lon="-110.823810"></trkpt><trkpt lat="40.878435" lon="-110.824024"></trkpt><trkpt lat="40.878011" lon="-110.824100"></trkpt><trkpt lat="40.877732" lon="-110.824039"></trkpt><trkpt lat="40.877390" lon="-110.824069"></trkpt><trkpt lat="40.876624" lon="-110.824451"></trkpt><trkpt lat="40.876589" lon="-110.824543"></trkpt><trkpt lat="40.876670" lon="-110.824756"></trkpt><trkpt lat="40.877996" lon="-110.825679"></trkpt><trkpt lat="40.878645" lon="-110.826236"></trkpt><trkpt lat="40.878722" lon="-110.826374"></trkpt><trkpt lat="40.878767" lon="-110.826564"></trkpt><trkpt lat="40.878944" lon="-110.827541"></trkpt><trkpt lat="40.878909" lon="-110.827693"></trkpt><trkpt lat="40.878814" lon="-110.827838"></trkpt><trkpt lat="40.878657" lon="-110.827991"></trkpt><trkpt lat="40.878409" lon="-110.828121"></trkpt><trkpt lat="40.878171" lon="-110.828136"></trkpt><trkpt lat="40.877774" lon="-110.827991"></trkpt><trkpt lat="40.876594" lon="-110.827991"></trkpt><trkpt lat="40.876216" lon="-110.828045"></trkpt><trkpt lat="40.876053" lon="-110.828083"></trkpt><trkpt lat="40.875891" lon="-110.828166"></trkpt><trkpt lat="40.875459" lon="-110.828441"></trkpt><trkpt lat="40.874946" lon="-110.828639"></trkpt><trkpt lat="40.874108" lon="-110.828693"></trkpt><trkpt lat="40.873757" lon="-110.828632"></trkpt><trkpt lat="40.873153" lon="-110.828464"></trkpt><trkpt lat="40.872991" lon="-110.828502"></trkpt><trkpt lat="40.872919" lon="-110.828601"></trkpt><trkpt lat="40.872910" lon="-110.828701"></trkpt><trkpt lat="40.873015" lon="-110.829265"></trkpt><trkpt lat="40.873011" lon="-110.829441"></trkpt><trkpt lat="40.872957" lon="-110.829570"></trkpt><trkpt lat="40.872831" lon="-110.829730"></trkpt><trkpt lat="40.872678" lon="-110.829784"></trkpt><trkpt lat="40.872466" lon="-110.829799"></trkpt><trkpt lat="40.871678" lon="-110.829692"></trkpt><trkpt lat="40.871150" lon="-110.829524"></trkpt><trkpt lat="40.870830" lon="-110.829357"></trkpt><trkpt lat="40.870641" lon="-110.829173"></trkpt><trkpt lat="40.870379" lon="-110.828769"></trkpt><trkpt lat="40.870018" lon="-110.828319"></trkpt><trkpt lat="40.869856" lon="-110.828212"></trkpt><trkpt lat="40.869630" lon="-110.828159"></trkpt><trkpt lat="40.869405" lon="-110.828037"></trkpt><trkpt lat="40.869478" lon="-110.827797"></trkpt><trkpt lat="40.869314" lon="-110.827530"></trkpt><trkpt lat="40.868966" lon="-110.827125"></trkpt><trkpt lat="40.868908" lon="-110.826947"></trkpt><trkpt lat="40.868318" lon="-110.826491"></trkpt><trkpt lat="40.867971" lon="-110.826365"></trkpt><trkpt lat="40.867797" lon="-110.826022"></trkpt><trkpt lat="40.867613" lon="-110.825908"></trkpt><trkpt lat="40.866832" lon="-110.825720"></trkpt><trkpt lat="40.864202" lon="-110.824619"></trkpt><trkpt lat="40.863837" lon="-110.824420"></trkpt><trkpt lat="40.863354" lon="-110.824077"></trkpt><trkpt lat="40.863138" lon="-110.824031"></trkpt><trkpt lat="40.862917" lon="-110.824138"></trkpt><trkpt lat="40.862769" lon="-110.824069"></trkpt><trkpt lat="40.862543" lon="-110.823901"></trkpt><trkpt lat="40.862453" lon="-110.823772"></trkpt><trkpt lat="40.862398" lon="-110.823573"></trkpt><trkpt lat="40.862037" lon="-110.823146"></trkpt><trkpt lat="40.861821" lon="-110.822993"></trkpt><trkpt lat="40.861614" lon="-110.822894"></trkpt><trkpt lat="40.860703" lon="-110.822566"></trkpt><trkpt lat="40.860347" lon="-110.822292"></trkpt><trkpt lat="40.859946" lon="-110.822192"></trkpt><trkpt lat="40.859698" lon="-110.822093"></trkpt><trkpt lat="40.859531" lon="-110.822093"></trkpt><trkpt lat="40.859485" lon="-110.822055"></trkpt><trkpt lat="40.858106" lon="-110.821906"></trkpt><trkpt lat="40.857807" lon="-110.821970"></trkpt><trkpt lat="40.857276" lon="-110.821934"></trkpt><trkpt lat="40.856955" lon="-110.821803"></trkpt></trkseg></trk><trk><name>T022 AU6D793</name><trkseg><trkpt lat="40.563520" lon="-111.037071"></trkpt><trkpt lat="40.564119" lon="-111.037246"></trkpt><trkpt lat="40.564466" lon="-111.037612"></trkpt><trkpt lat="40.564718" lon="-111.037987"></trkpt><trkpt lat="40.564965" lon="-111.038231"></trkpt><trkpt lat="40.565299" lon="-111.038429"></trkpt><trkpt lat="40.566281" lon="-111.038360"></trkpt><trkpt lat="40.566551" lon="-111.038284"></trkpt><trkpt lat="40.566974" lon="-111.038398"></trkpt><trkpt lat="40.567281" lon="-111.038376"></trkpt><trkpt lat="40.567533" lon="-111.038231"></trkpt><trkpt lat="40.567857" lon="-111.037956"></trkpt><trkpt lat="40.567907" lon="-111.037933"></trkpt><trkpt lat="40.567993" lon="-111.037994"></trkpt><trkpt lat="40.568006" lon="-111.038078"></trkpt><trkpt lat="40.567956" lon="-111.038231"></trkpt><trkpt lat="40.567754" lon="-111.038376"></trkpt><trkpt lat="40.567308" lon="-111.038925"></trkpt><trkpt lat="40.566992" lon="-111.039207"></trkpt><trkpt lat="40.566069" lon="-111.039612"></trkpt><trkpt lat="40.565866" lon="-111.039718"></trkpt><trkpt lat="40.565749" lon="-111.039825"></trkpt><trkpt lat="40.565586" lon="-111.040191"></trkpt><trkpt lat="40.565523" lon="-111.040535"></trkpt><trkpt lat="40.565514" lon="-111.040817"></trkpt><trkpt lat="40.565568" lon="-111.041191"></trkpt><trkpt lat="40.565703" lon="-111.041420"></trkpt><trkpt lat="40.565843" lon="-111.041481"></trkpt><trkpt lat="40.566019" lon="-111.041428"></trkpt><trkpt lat="40.566235" lon="-111.041229"></trkpt><trkpt lat="40.566546" lon="-111.040825"></trkpt><trkpt lat="40.567127" lon="-111.040497"></trkpt><trkpt lat="40.567942" lon="-111.039947"></trkpt><trkpt lat="40.568488" lon="-111.039650"></trkpt><trkpt lat="40.568807" lon="-111.039551"></trkpt><trkpt lat="40.569253" lon="-111.039528"></trkpt><trkpt lat="40.569551" lon="-111.039604"></trkpt><trkpt lat="40.569681" lon="-111.039680"></trkpt><trkpt lat="40.569825" lon="-111.039848"></trkpt><trkpt lat="40.569920" lon="-111.040108"></trkpt><trkpt lat="40.569875" lon="-111.040604"></trkpt><trkpt lat="40.569703" lon="-111.041206"></trkpt><trkpt lat="40.569613" lon="-111.041649"></trkpt><trkpt lat="40.569595" lon="-111.042069"></trkpt><trkpt lat="40.569338" lon="-111.043190"></trkpt><trkpt lat="40.569383" lon="-111.043450"></trkpt><trkpt lat="40.569477" lon="-111.043488"></trkpt><trkpt lat="40.569617" lon="-111.043465"></trkpt><trkpt lat="40.569833" lon="-111.043396"></trkpt><trkpt lat="40.570027" lon="-111.043267"></trkpt><trkpt lat="40.570433" lon="-111.042839"></trkpt><trkpt lat="40.570707" lon="-111.042435"></trkpt><trkpt lat="40.570879" lon="-111.042015"></trkpt><trkpt lat="40.571037" lon="-111.041352"></trkpt><trkpt lat="40.571109" lon="-111.040985"></trkpt><trkpt lat="40.571123" lon="-111.040337"></trkpt><trkpt lat="40.571190" lon="-111.040237"></trkpt><trkpt lat="40.571262" lon="-111.040260"></trkpt><trkpt lat="40.571307" lon="-111.040360"></trkpt><trkpt lat="40.571289" lon="-111.040634"></trkpt><trkpt lat="40.571752" lon="-111.043709"></trkpt><trkpt lat="40.572054" lon="-111.044518"></trkpt><trkpt lat="40.572400" lon="-111.045189"></trkpt><trkpt lat="40.572441" lon="-111.045334"></trkpt><trkpt lat="40.572526" lon="-111.045426"></trkpt><trkpt lat="40.572936" lon="-111.045532"></trkpt><trkpt lat="40.573621" lon="-111.045594"></trkpt><trkpt lat="40.573963" lon="-111.045700"></trkpt><trkpt lat="40.574233" lon="-111.045960"></trkpt><trkpt lat="40.574386" lon="-111.046219"></trkpt><trkpt lat="40.574503" lon="-111.046319"></trkpt><trkpt lat="40.575418" lon="-111.046738"></trkpt><trkpt lat="40.577093" lon="-111.047402"></trkpt><trkpt lat="40.577895" lon="-111.047890"></trkpt><trkpt lat="40.578372" lon="-111.048020"></trkpt><trkpt lat="40.578787" lon="-111.047997"></trkpt><trkpt lat="40.579224" lon="-111.047806"></trkpt><trkpt lat="40.579805" lon="-111.047440"></trkpt><trkpt lat="40.580066" lon="-111.047349"></trkpt><trkpt lat="40.580255" lon="-111.047410"></trkpt><trkpt lat="40.580521" lon="-111.047608"></trkpt><trkpt lat="40.581030" lon="-111.048402"></trkpt><trkpt lat="40.581160" lon="-111.048463"></trkpt><trkpt lat="40.581453" lon="-111.048531"></trkpt><trkpt lat="40.579428" lon="-111.044587"></trkpt><trkpt lat="40.578748" lon="-111.043351"></trkpt><trkpt lat="40.578523" lon="-111.042847"></trkpt><trkpt lat="40.578217" lon="-111.041710"></trkpt><trkpt lat="40.577948" lon="-111.038475"></trkpt><trkpt lat="40.577944" lon="-111.035645"></trkpt><trkpt lat="40.577890" lon="-111.034622"></trkpt><trkpt lat="40.577918" lon="-111.032371"></trkpt><trkpt lat="40.578328" lon="-111.030747"></trkpt><trkpt lat="40.578702" lon="-111.029602"></trkpt><trkpt lat="40.579689" lon="-111.026825"></trkpt><trkpt lat="40.580099" lon="-111.025947"></trkpt><trkpt lat="40.580807" lon="-111.024780"></trkpt><trkpt lat="40.582141" lon="-111.022461"></trkpt><trkpt lat="40.582668" lon="-111.021683"></trkpt><trkpt lat="40.582997" lon="-111.021339"></trkpt><trkpt lat="40.583871" lon="-111.020622"></trkpt><trkpt lat="40.585398" lon="-111.020019"></trkpt><trkpt lat="40.586015" lon="-111.019645"></trkpt><trkpt lat="40.586925" lon="-111.018906"></trkpt><trkpt lat="40.587290" lon="-111.018570"></trkpt><trkpt lat="40.588326" lon="-111.017410"></trkpt><trkpt lat="40.590497" lon="-111.015472"></trkpt><trkpt lat="40.591286" lon="-111.014412"></trkpt><trkpt lat="40.592191" lon="-111.012757"></trkpt><trkpt lat="40.592471" lon="-111.012024"></trkpt><trkpt lat="40.592759" lon="-111.011124"></trkpt><trkpt lat="40.592926" lon="-111.010368"></trkpt><trkpt lat="40.593390" lon="-111.006797"></trkpt><trkpt lat="40.593453" lon="-111.003776"></trkpt><trkpt lat="40.593336" lon="-111.002342"></trkpt><trkpt lat="40.593363" lon="-111.001785"></trkpt><trkpt lat="40.593750" lon="-110.999450"></trkpt><trkpt lat="40.594228" lon="-110.997001"></trkpt><trkpt lat="40.594313" lon="-110.996017"></trkpt><trkpt lat="40.594300" lon="-110.995483"></trkpt><trkpt lat="40.594232" lon="-110.994865"></trkpt><trkpt lat="40.594151" lon="-110.994239"></trkpt><trkpt lat="40.594029" lon="-110.993644"></trkpt><trkpt lat="40.593727" lon="-110.992500"></trkpt><trkpt lat="40.593007" lon="-110.990600"></trkpt><trkpt lat="40.592912" lon="-110.990035"></trkpt><trkpt lat="40.592903" lon="-110.988311"></trkpt><trkpt lat="40.592808" lon="-110.986602"></trkpt><trkpt lat="40.592763" lon="-110.984687"></trkpt><trkpt lat="40.592681" lon="-110.983474"></trkpt><trkpt lat="40.592717" lon="-110.982581"></trkpt><trkpt lat="40.593338" lon="-110.979125"></trkpt><trkpt lat="40.593599" lon="-110.978027"></trkpt><trkpt lat="40.593752" lon="-110.977538"></trkpt><trkpt lat="40.594302" lon="-110.976455"></trkpt><trkpt lat="40.594667" lon="-110.975974"></trkpt><trkpt lat="40.595144" lon="-110.975364"></trkpt><trkpt lat="40.597324" lon="-110.972808"></trkpt><trkpt lat="40.599453" lon="-110.970054"></trkpt><trkpt lat="40.600399" lon="-110.968978"></trkpt><trkpt lat="40.601480" lon="-110.967872"></trkpt><trkpt lat="40.601737" lon="-110.967552"></trkpt><trkpt lat="40.602155" lon="-110.966964"></trkpt><trkpt lat="40.603159" lon="-110.965339"></trkpt><trkpt lat="40.603695" lon="-110.964660"></trkpt><trkpt lat="40.604083" lon="-110.964271"></trkpt><trkpt lat="40.604420" lon="-110.963867"></trkpt><trkpt lat="40.604889" lon="-110.963409"></trkpt><trkpt lat="40.605758" lon="-110.962669"></trkpt><trkpt lat="40.606091" lon="-110.962463"></trkpt><trkpt lat="40.606492" lon="-110.962264"></trkpt><trkpt lat="40.607001" lon="-110.962066"></trkpt><trkpt lat="40.607780" lon="-110.961830"></trkpt><trkpt lat="40.608420" lon="-110.961677"></trkpt><trkpt lat="40.608929" lon="-110.961593"></trkpt><trkpt lat="40.609636" lon="-110.961586"></trkpt><trkpt lat="40.611532" lon="-110.961776"></trkpt><trkpt lat="40.611942" lon="-110.961830"></trkpt><trkpt lat="40.612231" lon="-110.961937"></trkpt><trkpt lat="40.612469" lon="-110.962066"></trkpt><trkpt lat="40.614136" lon="-110.963226"></trkpt><trkpt lat="40.614546" lon="-110.963470"></trkpt><trkpt lat="40.614934" lon="-110.963577"></trkpt><trkpt lat="40.615700" lon="-110.963676"></trkpt><trkpt lat="40.617596" lon="-110.963615"></trkpt><trkpt lat="40.618848" lon="-110.963493"></trkpt><trkpt lat="40.619119" lon="-110.963425"></trkpt><trkpt lat="40.619537" lon="-110.963119"></trkpt><trkpt lat="40.619988" lon="-110.962875"></trkpt><trkpt lat="40.620961" lon="-110.962502"></trkpt><trkpt lat="40.621848" lon="-110.962296"></trkpt><trkpt lat="40.622479" lon="-110.962265"></trkpt><trkpt lat="40.623771" lon="-110.961746"></trkpt><trkpt lat="40.624947" lon="-110.961174"></trkpt><trkpt lat="40.626424" lon="-110.960243"></trkpt><trkpt lat="40.627329" lon="-110.959625"></trkpt><trkpt lat="40.628473" lon="-110.958649"></trkpt><trkpt lat="40.629391" lon="-110.957665"></trkpt><trkpt lat="40.630486" lon="-110.956375"></trkpt><trkpt lat="40.631373" lon="-110.955529"></trkpt><trkpt lat="40.631814" lon="-110.955216"></trkpt><trkpt lat="40.632363" lon="-110.954941"></trkpt><trkpt lat="40.632863" lon="-110.954621"></trkpt><trkpt lat="40.633336" lon="-110.954239"></trkpt><trkpt lat="40.634759" lon="-110.952965"></trkpt><trkpt lat="40.635376" lon="-110.952469"></trkpt><trkpt lat="40.635898" lon="-110.952111"></trkpt><trkpt lat="40.636470" lon="-110.951867"></trkpt><trkpt lat="40.637502" lon="-110.951523"></trkpt><trkpt lat="40.638447" lon="-110.951149"></trkpt><trkpt lat="40.640123" lon="-110.950234"></trkpt><trkpt lat="40.640722" lon="-110.949753"></trkpt><trkpt lat="40.642208" lon="-110.948380"></trkpt><trkpt lat="40.642973" lon="-110.947732"></trkpt><trkpt lat="40.643504" lon="-110.947457"></trkpt><trkpt lat="40.644099" lon="-110.947213"></trkpt><trkpt lat="40.644603" lon="-110.947083"></trkpt><trkpt lat="40.646243" lon="-110.946869"></trkpt><trkpt lat="40.646734" lon="-110.946770"></trkpt><trkpt lat="40.647148" lon="-110.946618"></trkpt><trkpt lat="40.647526" lon="-110.946419"></trkpt><trkpt lat="40.648810" lon="-110.945596"></trkpt><trkpt lat="40.649625" lon="-110.945229"></trkpt><trkpt lat="40.650373" lon="-110.945107"></trkpt><trkpt lat="40.651701" lon="-110.944993"></trkpt><trkpt lat="40.655287" lon="-110.944528"></trkpt><trkpt lat="40.655845" lon="-110.944528"></trkpt><trkpt lat="40.656273" lon="-110.944635"></trkpt><trkpt lat="40.656629" lon="-110.944810"></trkpt><trkpt lat="40.657278" lon="-110.945253"></trkpt><trkpt lat="40.658490" lon="-110.945901"></trkpt><trkpt lat="40.659396" lon="-110.946161"></trkpt><trkpt lat="40.661130" lon="-110.946382"></trkpt><trkpt lat="40.661680" lon="-110.946390"></trkpt><trkpt lat="40.665589" lon="-110.946000"></trkpt><trkpt lat="40.666788" lon="-110.946008"></trkpt><trkpt lat="40.667310" lon="-110.946199"></trkpt><trkpt lat="40.668405" lon="-110.946764"></trkpt><trkpt lat="40.669234" lon="-110.947496"></trkpt><trkpt lat="40.669825" lon="-110.948099"></trkpt><trkpt lat="40.670717" lon="-110.949381"></trkpt><trkpt lat="40.671384" lon="-110.950098"></trkpt><trkpt lat="40.672182" lon="-110.950761"></trkpt><trkpt lat="40.672641" lon="-110.951097"></trkpt><trkpt lat="40.673114" lon="-110.951303"></trkpt><trkpt lat="40.673574" lon="-110.951433"></trkpt><trkpt lat="40.673925" lon="-110.951601"></trkpt><trkpt lat="40.674173" lon="-110.951769"></trkpt><trkpt lat="40.675232" lon="-110.952845"></trkpt><trkpt lat="40.675588" lon="-110.953340"></trkpt><trkpt lat="40.676007" lon="-110.953814"></trkpt><trkpt lat="40.676408" lon="-110.954035"></trkpt><trkpt lat="40.676755" lon="-110.953989"></trkpt><trkpt lat="40.677034" lon="-110.953821"></trkpt><trkpt lat="40.677282" lon="-110.953539"></trkpt><trkpt lat="40.677404" lon="-110.953341"></trkpt><trkpt lat="40.677507" lon="-110.953066"></trkpt><trkpt lat="40.677561" lon="-110.952662"></trkpt><trkpt lat="40.677538" lon="-110.952356"></trkpt><trkpt lat="40.677322" lon="-110.951708"></trkpt><trkpt lat="40.677187" lon="-110.951540"></trkpt><trkpt lat="40.677002" lon="-110.951410"></trkpt><trkpt lat="40.676808" lon="-110.951311"></trkpt><trkpt lat="40.676186" lon="-110.951105"></trkpt><trkpt lat="40.675880" lon="-110.950937"></trkpt><trkpt lat="40.675628" lon="-110.950632"></trkpt><trkpt lat="40.675213" lon="-110.949968"></trkpt><trkpt lat="40.674830" lon="-110.948969"></trkpt><trkpt lat="40.674627" lon="-110.948168"></trkpt><trkpt lat="40.674541" lon="-110.947542"></trkpt><trkpt lat="40.674635" lon="-110.947130"></trkpt><trkpt lat="40.674784" lon="-110.946863"></trkpt><trkpt lat="40.674977" lon="-110.946688"></trkpt><trkpt lat="40.675256" lon="-110.946512"></trkpt><trkpt lat="40.675500" lon="-110.946421"></trkpt><trkpt lat="40.675959" lon="-110.946337"></trkpt><trkpt lat="40.676301" lon="-110.946237"></trkpt><trkpt lat="40.676553" lon="-110.946039"></trkpt><trkpt lat="40.676698" lon="-110.945825"></trkpt><trkpt lat="40.676806" lon="-110.945574"></trkpt><trkpt lat="40.676877" lon="-110.945284"></trkpt><trkpt lat="40.676895" lon="-110.944978"></trkpt><trkpt lat="40.676877" lon="-110.944734"></trkpt><trkpt lat="40.676593" lon="-110.943361"></trkpt><trkpt lat="40.676642" lon="-110.942705"></trkpt><trkpt lat="40.676759" lon="-110.942278"></trkpt><trkpt lat="40.676957" lon="-110.941881"></trkpt><trkpt lat="40.677700" lon="-110.941133"></trkpt><trkpt lat="40.678884" lon="-110.940309"></trkpt><trkpt lat="40.679388" lon="-110.939920"></trkpt><trkpt lat="40.679739" lon="-110.939546"></trkpt><trkpt lat="40.680054" lon="-110.939134"></trkpt><trkpt lat="40.680261" lon="-110.938753"></trkpt><trkpt lat="40.680855" lon="-110.936968"></trkpt><trkpt lat="40.681512" lon="-110.934847"></trkpt><trkpt lat="40.681691" lon="-110.934450"></trkpt><trkpt lat="40.682439" lon="-110.933573"></trkpt><trkpt lat="40.683330" lon="-110.932779"></trkpt><trkpt lat="40.684059" lon="-110.932009"></trkpt><trkpt lat="40.684365" lon="-110.931619"></trkpt><trkpt lat="40.684563" lon="-110.931085"></trkpt><trkpt lat="40.684662" lon="-110.930612"></trkpt><trkpt lat="40.684680" lon="-110.930360"></trkpt><trkpt lat="40.684657" lon="-110.930101"></trkpt><trkpt lat="40.684517" lon="-110.929537"></trkpt><trkpt lat="40.684409" lon="-110.929285"></trkpt><trkpt lat="40.684035" lon="-110.928713"></trkpt><trkpt lat="40.683837" lon="-110.928491"></trkpt><trkpt lat="40.683634" lon="-110.928324"></trkpt><trkpt lat="40.682917" lon="-110.927896"></trkpt><trkpt lat="40.682480" lon="-110.927545"></trkpt><trkpt lat="40.681912" lon="-110.926897"></trkpt><trkpt lat="40.681786" lon="-110.926691"></trkpt><trkpt lat="40.681443" lon="-110.926073"></trkpt><trkpt lat="40.681159" lon="-110.925287"></trkpt><trkpt lat="40.680942" lon="-110.924127"></trkpt><trkpt lat="40.680928" lon="-110.923631"></trkpt><trkpt lat="40.681075" lon="-110.921808"></trkpt><trkpt lat="40.681402" lon="-110.918855"></trkpt><trkpt lat="40.681501" lon="-110.918115"></trkpt><trkpt lat="40.681626" lon="-110.917520"></trkpt><trkpt lat="40.681662" lon="-110.916460"></trkpt><trkpt lat="40.681625" lon="-110.915605"></trkpt><trkpt lat="40.681318" lon="-110.914140"></trkpt><trkpt lat="40.680902" lon="-110.912789"></trkpt><trkpt lat="40.680708" lon="-110.911882"></trkpt><trkpt lat="40.680662" lon="-110.911264"></trkpt><trkpt lat="40.680738" lon="-110.910600"></trkpt><trkpt lat="40.681057" lon="-110.909173"></trkpt><trkpt lat="40.681394" lon="-110.908021"></trkpt><trkpt lat="40.681744" lon="-110.906984"></trkpt><trkpt lat="40.682135" lon="-110.905977"></trkpt><trkpt lat="40.682770" lon="-110.904946"></trkpt><trkpt lat="40.683202" lon="-110.904367"></trkpt><trkpt lat="40.684088" lon="-110.903405"></trkpt><trkpt lat="40.684597" lon="-110.903070"></trkpt><trkpt lat="40.684998" lon="-110.903039"></trkpt><trkpt lat="40.685426" lon="-110.903222"></trkpt><trkpt lat="40.685742" lon="-110.903558"></trkpt><trkpt lat="40.685922" lon="-110.903993"></trkpt><trkpt lat="40.686040" lon="-110.904550"></trkpt><trkpt lat="40.686217" lon="-110.906083"></trkpt><trkpt lat="40.686271" lon="-110.906297"></trkpt><trkpt lat="40.686429" lon="-110.906594"></trkpt><trkpt lat="40.686523" lon="-110.906686"></trkpt><trkpt lat="40.686780" lon="-110.906839"></trkpt><trkpt lat="40.687064" lon="-110.906877"></trkpt><trkpt lat="40.687406" lon="-110.906770"></trkpt><trkpt lat="40.687672" lon="-110.906572"></trkpt><trkpt lat="40.687838" lon="-110.906282"></trkpt><trkpt lat="40.687910" lon="-110.905954"></trkpt><trkpt lat="40.687914" lon="-110.905672"></trkpt><trkpt lat="40.687851" lon="-110.905305"></trkpt><trkpt lat="40.687734" lon="-110.904947"></trkpt><trkpt lat="40.687567" lon="-110.904603"></trkpt><trkpt lat="40.686660" lon="-110.903459"></trkpt><trkpt lat="40.686173" lon="-110.902574"></trkpt><trkpt lat="40.686087" lon="-110.901941"></trkpt><trkpt lat="40.686127" lon="-110.901628"></trkpt><trkpt lat="40.686280" lon="-110.901094"></trkpt><trkpt lat="40.686572" lon="-110.900666"></trkpt><trkpt lat="40.687036" lon="-110.900132"></trkpt><trkpt lat="40.687725" lon="-110.899514"></trkpt><trkpt lat="40.688688" lon="-110.898782"></trkpt><trkpt lat="40.689106" lon="-110.898424"></trkpt><trkpt lat="40.689471" lon="-110.897989"></trkpt><trkpt lat="40.689835" lon="-110.897478"></trkpt><trkpt lat="40.690128" lon="-110.897279"></trkpt><trkpt lat="40.690412" lon="-110.897203"></trkpt><trkpt lat="40.690727" lon="-110.897264"></trkpt><trkpt lat="40.691475" lon="-110.897569"></trkpt><trkpt lat="40.691799" lon="-110.897584"></trkpt><trkpt lat="40.692043" lon="-110.897478"></trkpt><trkpt lat="40.692263" lon="-110.897264"></trkpt><trkpt lat="40.692429" lon="-110.896974"></trkpt><trkpt lat="40.692510" lon="-110.896699"></trkpt><trkpt lat="40.692510" lon="-110.896394"></trkpt><trkpt lat="40.692456" lon="-110.896120"></trkpt><trkpt lat="40.692370" lon="-110.895959"></trkpt><trkpt lat="40.692185" lon="-110.895685"></trkpt><trkpt lat="40.692054" lon="-110.895555"></trkpt><trkpt lat="40.691716" lon="-110.895387"></trkpt><trkpt lat="40.691523" lon="-110.895364"></trkpt><trkpt lat="40.691396" lon="-110.895417"></trkpt><trkpt lat="40.691122" lon="-110.895601"></trkpt><trkpt lat="40.690546" lon="-110.896142"></trkpt><trkpt lat="40.690231" lon="-110.896341"></trkpt><trkpt lat="40.689924" lon="-110.896318"></trkpt><trkpt lat="40.689474" lon="-110.896020"></trkpt><trkpt lat="40.689325" lon="-110.895784"></trkpt><trkpt lat="40.689252" lon="-110.895379"></trkpt><trkpt lat="40.689292" lon="-110.894799"></trkpt><trkpt lat="40.689454" lon="-110.894494"></trkpt><trkpt lat="40.689679" lon="-110.894303"></trkpt><trkpt lat="40.690832" lon="-110.893556"></trkpt><trkpt lat="40.692434" lon="-110.892587"></trkpt><trkpt lat="40.695257" lon="-110.890962"></trkpt><trkpt lat="40.696568" lon="-110.890718"></trkpt><trkpt lat="40.697226" lon="-110.890909"></trkpt><trkpt lat="40.697766" lon="-110.891206"></trkpt><trkpt lat="40.698645" lon="-110.891878"></trkpt><trkpt lat="40.699353" lon="-110.892297"></trkpt><trkpt lat="40.701025" lon="-110.892862"></trkpt><trkpt lat="40.702985" lon="-110.893678"></trkpt><trkpt lat="40.704233" lon="-110.893938"></trkpt><trkpt lat="40.705228" lon="-110.893785"></trkpt><trkpt lat="40.705679" lon="-110.893793"></trkpt><trkpt lat="40.706760" lon="-110.894174"></trkpt><trkpt lat="40.707463" lon="-110.894274"></trkpt><trkpt lat="40.708067" lon="-110.894251"></trkpt><trkpt lat="40.708643" lon="-110.894121"></trkpt><trkpt lat="40.709251" lon="-110.893885"></trkpt><trkpt lat="40.709985" lon="-110.893694"></trkpt><trkpt lat="40.710480" lon="-110.893641"></trkpt><trkpt lat="40.710764" lon="-110.893786"></trkpt><trkpt lat="40.711400" lon="-110.894678"></trkpt><trkpt lat="40.711743" lon="-110.894808"></trkpt><trkpt lat="40.712026" lon="-110.894793"></trkpt><trkpt lat="40.712180" lon="-110.894755"></trkpt><trkpt lat="40.712454" lon="-110.894602"></trkpt><trkpt lat="40.712558" lon="-110.894411"></trkpt><trkpt lat="40.713281" lon="-110.892199"></trkpt><trkpt lat="40.713362" lon="-110.891863"></trkpt><trkpt lat="40.713540" lon="-110.890429"></trkpt><trkpt lat="40.713395" lon="-110.889604"></trkpt><trkpt lat="40.712925" lon="-110.887712"></trkpt><trkpt lat="40.712603" lon="-110.884973"></trkpt><trkpt lat="40.712385" lon="-110.884027"></trkpt><trkpt lat="40.711911" lon="-110.882738"></trkpt><trkpt lat="40.711892" lon="-110.881922"></trkpt><trkpt lat="40.712132" lon="-110.878847"></trkpt><trkpt lat="40.712324" lon="-110.877504"></trkpt><trkpt lat="40.712576" lon="-110.876924"></trkpt><trkpt lat="40.712900" lon="-110.876451"></trkpt><trkpt lat="40.713291" lon="-110.876108"></trkpt><trkpt lat="40.713728" lon="-110.875933"></trkpt><trkpt lat="40.714093" lon="-110.875902"></trkpt><trkpt lat="40.714503" lon="-110.875948"></trkpt><trkpt lat="40.715026" lon="-110.876108"></trkpt><trkpt lat="40.715517" lon="-110.876314"></trkpt><trkpt lat="40.716684" lon="-110.876917"></trkpt><trkpt lat="40.718185" lon="-110.877519"></trkpt><trkpt lat="40.718505" lon="-110.877543"></trkpt><trkpt lat="40.718824" lon="-110.877390"></trkpt><trkpt lat="40.719027" lon="-110.877207"></trkpt><trkpt lat="40.719274" lon="-110.876917"></trkpt><trkpt lat="40.719400" lon="-110.876627"></trkpt><trkpt lat="40.719503" lon="-110.876299"></trkpt><trkpt lat="40.719543" lon="-110.875978"></trkpt><trkpt lat="40.719285" lon="-110.874681"></trkpt><trkpt lat="40.719087" lon="-110.874178"></trkpt><trkpt lat="40.718996" lon="-110.873850"></trkpt><trkpt lat="40.718991" lon="-110.873552"></trkpt><trkpt lat="40.719103" lon="-110.872850"></trkpt><trkpt lat="40.719453" lon="-110.871706"></trkpt><trkpt lat="40.719457" lon="-110.871225"></trkpt><trkpt lat="40.719407" lon="-110.870668"></trkpt><trkpt lat="40.719307" lon="-110.870272"></trkpt><trkpt lat="40.719244" lon="-110.869791"></trkpt><trkpt lat="40.719374" lon="-110.869005"></trkpt><trkpt lat="40.719576" lon="-110.868456"></trkpt><trkpt lat="40.720560" lon="-110.866777"></trkpt><trkpt lat="40.720830" lon="-110.866388"></trkpt><trkpt lat="40.721086" lon="-110.866121"></trkpt><trkpt lat="40.721464" lon="-110.865816"></trkpt><trkpt lat="40.722261" lon="-110.865366"></trkpt><trkpt lat="40.723095" lon="-110.865180"></trkpt><trkpt lat="40.723585" lon="-110.865091"></trkpt><trkpt lat="40.724927" lon="-110.864694"></trkpt><trkpt lat="40.727003" lon="-110.864153"></trkpt><trkpt lat="40.727737" lon="-110.864092"></trkpt><trkpt lat="40.728435" lon="-110.864100"></trkpt><trkpt lat="40.729143" lon="-110.864321"></trkpt><trkpt lat="40.729445" lon="-110.864626"></trkpt><trkpt lat="40.729873" lon="-110.865175"></trkpt><trkpt lat="40.731155" lon="-110.866991"></trkpt><trkpt lat="40.731552" lon="-110.867342"></trkpt><trkpt lat="40.731939" lon="-110.867556"></trkpt><trkpt lat="40.732345" lon="-110.867655"></trkpt><trkpt lat="40.732791" lon="-110.867708"></trkpt><trkpt lat="40.733237" lon="-110.867678"></trkpt><trkpt lat="40.733912" lon="-110.867449"></trkpt><trkpt lat="40.734534" lon="-110.867312"></trkpt><trkpt lat="40.734903" lon="-110.867350"></trkpt><trkpt lat="40.735254" lon="-110.867449"></trkpt><trkpt lat="40.735651" lon="-110.867640"></trkpt><trkpt lat="40.736215" lon="-110.867976"></trkpt><trkpt lat="40.737292" lon="-110.868540"></trkpt><trkpt lat="40.737914" lon="-110.868929"></trkpt><trkpt lat="40.738590" lon="-110.869280"></trkpt><trkpt lat="40.739708" lon="-110.869982"></trkpt><trkpt lat="40.740821" lon="-110.870623"></trkpt><trkpt lat="40.741349" lon="-110.870989"></trkpt><trkpt lat="40.742980" lon="-110.871737"></trkpt><trkpt lat="40.743895" lon="-110.872195"></trkpt><trkpt lat="40.744963" lon="-110.872660"></trkpt><trkpt lat="40.745441" lon="-110.872958"></trkpt><trkpt lat="40.746491" lon="-110.873873"></trkpt><trkpt lat="40.748047" lon="-110.875026"></trkpt><trkpt lat="40.749192" lon="-110.875727"></trkpt><trkpt lat="40.749949" lon="-110.876086"></trkpt><trkpt lat="40.754424" lon="-110.878680"></trkpt><trkpt lat="40.755285" lon="-110.879405"></trkpt><trkpt lat="40.755831" lon="-110.879779"></trkpt><trkpt lat="40.756205" lon="-110.879954"></trkpt><trkpt lat="40.757165" lon="-110.880183"></trkpt><trkpt lat="40.758909" lon="-110.880839"></trkpt><trkpt lat="40.759720" lon="-110.881183"></trkpt><trkpt lat="40.760085" lon="-110.881381"></trkpt><trkpt lat="40.760761" lon="-110.881892"></trkpt><trkpt lat="40.761450" lon="-110.882259"></trkpt><trkpt lat="40.761793" lon="-110.882404"></trkpt><trkpt lat="40.761991" lon="-110.882533"></trkpt><trkpt lat="40.763226" lon="-110.883090"></trkpt><trkpt lat="40.766028" lon="-110.882953"></trkpt><trkpt lat="40.767924" lon="-110.883006"></trkpt><trkpt lat="40.768825" lon="-110.883098"></trkpt><trkpt lat="40.769496" lon="-110.883335"></trkpt><trkpt lat="40.772146" lon="-110.884151"></trkpt><trkpt lat="40.772470" lon="-110.884220"></trkpt><trkpt lat="40.773191" lon="-110.884265"></trkpt><trkpt lat="40.774731" lon="-110.884250"></trkpt><trkpt lat="40.775042" lon="-110.884334"></trkpt><trkpt lat="40.776115" lon="-110.884502"></trkpt><trkpt lat="40.781161" lon="-110.885952"></trkpt><trkpt lat="40.781769" lon="-110.886058"></trkpt><trkpt lat="40.785670" lon="-110.886440"></trkpt><trkpt lat="40.786004" lon="-110.886417"></trkpt><trkpt lat="40.786805" lon="-110.886173"></trkpt><trkpt lat="40.787805" lon="-110.885952"></trkpt><trkpt lat="40.793780" lon="-110.884174"></trkpt><trkpt lat="40.796406" lon="-110.883289"></trkpt><trkpt lat="40.799557" lon="-110.881969"></trkpt><trkpt lat="40.804194" lon="-110.879528"></trkpt><trkpt lat="40.805310" lon="-110.878719"></trkpt><trkpt lat="40.806003" lon="-110.878048"></trkpt><trkpt lat="40.807047" lon="-110.876369"></trkpt><trkpt lat="40.807919" lon="-110.875088"></trkpt><trkpt lat="40.808090" lon="-110.874904"></trkpt><trkpt lat="40.809242" lon="-110.874195"></trkpt><trkpt lat="40.814465" lon="-110.872249"></trkpt><trkpt lat="40.815546" lon="-110.871876"></trkpt><trkpt lat="40.816140" lon="-110.871624"></trkpt><trkpt lat="40.816599" lon="-110.871311"></trkpt><trkpt lat="40.817166" lon="-110.870991"></trkpt><trkpt lat="40.819201" lon="-110.869427"></trkpt><trkpt lat="40.820600" lon="-110.868458"></trkpt><trkpt lat="40.821163" lon="-110.867969"></trkpt><trkpt lat="40.821748" lon="-110.867580"></trkpt><trkpt lat="40.823084" lon="-110.866344"></trkpt><trkpt lat="40.824006" lon="-110.865345"></trkpt><trkpt lat="40.824483" lon="-110.864704"></trkpt><trkpt lat="40.824861" lon="-110.864132"></trkpt><trkpt lat="40.825706" lon="-110.862659"></trkpt><trkpt lat="40.826586" lon="-110.860813"></trkpt><trkpt lat="40.828797" lon="-110.855976"></trkpt><trkpt lat="40.829219" lon="-110.855350"></trkpt><trkpt lat="40.830451" lon="-110.853771"></trkpt><trkpt lat="40.831171" lon="-110.853054"></trkpt><trkpt lat="40.832431" lon="-110.852054"></trkpt><trkpt lat="40.834159" lon="-110.850856"></trkpt><trkpt lat="40.834807" lon="-110.850475"></trkpt><trkpt lat="40.836391" lon="-110.849368"></trkpt><trkpt lat="40.837363" lon="-110.848735"></trkpt><trkpt lat="40.838399" lon="-110.848117"></trkpt><trkpt lat="40.839047" lon="-110.847881"></trkpt><trkpt lat="40.840416" lon="-110.847553"></trkpt><trkpt lat="40.841132" lon="-110.847538"></trkpt><trkpt lat="40.841515" lon="-110.847484"></trkpt><trkpt lat="40.845712" lon="-110.847141"></trkpt><trkpt lat="40.850216" lon="-110.846843"></trkpt><trkpt lat="40.851261" lon="-110.846721"></trkpt><trkpt lat="40.851901" lon="-110.846569"></trkpt><trkpt lat="40.852396" lon="-110.846363"></trkpt><trkpt lat="40.853647" lon="-110.845661"></trkpt><trkpt lat="40.855871" lon="-110.844600"></trkpt><trkpt lat="40.857068" lon="-110.843990"></trkpt><trkpt lat="40.858553" lon="-110.842861"></trkpt><trkpt lat="40.859399" lon="-110.842052"></trkpt><trkpt lat="40.860487" lon="-110.841159"></trkpt><trkpt lat="40.860803" lon="-110.841030"></trkpt><trkpt lat="40.861928" lon="-110.840740"></trkpt><trkpt lat="40.862991" lon="-110.840381"></trkpt><trkpt lat="40.864462" lon="-110.839527"></trkpt><trkpt lat="40.866835" lon="-110.838970"></trkpt><trkpt lat="40.867358" lon="-110.838772"></trkpt><trkpt lat="40.867956" lon="-110.838520"></trkpt><trkpt lat="40.869104" lon="-110.837841"></trkpt><trkpt lat="40.869509" lon="-110.837520"></trkpt><trkpt lat="40.870417" lon="-110.836483"></trkpt><trkpt lat="40.872494" lon="-110.833713"></trkpt><trkpt lat="40.873637" lon="-110.832592"></trkpt><trkpt lat="40.873862" lon="-110.832416"></trkpt><trkpt lat="40.874946" lon="-110.831836"></trkpt><trkpt lat="40.875878" lon="-110.831440"></trkpt><trkpt lat="40.876869" lon="-110.831180"></trkpt><trkpt lat="40.877553" lon="-110.831058"></trkpt><trkpt lat="40.878121" lon="-110.831051"></trkpt><trkpt lat="40.878860" lon="-110.831089"></trkpt><trkpt lat="40.879481" lon="-110.831188"></trkpt><trkpt lat="40.880509" lon="-110.831455"></trkpt><trkpt lat="40.883275" lon="-110.831920"></trkpt><trkpt lat="40.883937" lon="-110.832004"></trkpt><trkpt lat="40.885068" lon="-110.832058"></trkpt><trkpt lat="40.886212" lon="-110.831920"></trkpt><trkpt lat="40.888112" lon="-110.831371"></trkpt><trkpt lat="40.889121" lon="-110.831348"></trkpt><trkpt lat="40.891355" lon="-110.831447"></trkpt><trkpt lat="40.891427" lon="-110.831371"></trkpt><trkpt lat="40.892445" lon="-110.831089"></trkpt><trkpt lat="40.893435" lon="-110.830715"></trkpt><trkpt lat="40.895253" lon="-110.829838"></trkpt><trkpt lat="40.895861" lon="-110.829639"></trkpt><trkpt lat="40.897072" lon="-110.829365"></trkpt><trkpt lat="40.898577" lon="-110.829197"></trkpt><trkpt lat="40.899801" lon="-110.829014"></trkpt></trkseg></trk><trk><name>T023 AU6D793</name><trkseg><trkpt lat="41.033756" lon="-110.366284"></trkpt><trkpt lat="41.033203" lon="-110.366528"></trkpt><trkpt lat="41.032130" lon="-110.367100"></trkpt><trkpt lat="41.031504" lon="-110.367222"></trkpt><trkpt lat="41.031005" lon="-110.367268"></trkpt><trkpt lat="41.030328" lon="-110.367077"></trkpt><trkpt lat="41.029517" lon="-110.367016"></trkpt><trkpt lat="41.028892" lon="-110.367123"></trkpt><trkpt lat="41.028315" lon="-110.367100"></trkpt><trkpt lat="41.027433" lon="-110.367222"></trkpt><trkpt lat="41.026812" lon="-110.367444"></trkpt><trkpt lat="41.026223" lon="-110.367611"></trkpt><trkpt lat="41.025707" lon="-110.367847"></trkpt><trkpt lat="41.024280" lon="-110.368816"></trkpt><trkpt lat="41.023879" lon="-110.368916"></trkpt><trkpt lat="41.022997" lon="-110.368992"></trkpt><trkpt lat="41.022300" lon="-110.369183"></trkpt><trkpt lat="41.020989" lon="-110.369923"></trkpt><trkpt lat="41.020502" lon="-110.370000"></trkpt><trkpt lat="41.019637" lon="-110.369923"></trkpt><trkpt lat="41.018935" lon="-110.369954"></trkpt><trkpt lat="41.018344" lon="-110.369816"></trkpt><trkpt lat="41.018010" lon="-110.369687"></trkpt><trkpt lat="41.017704" lon="-110.369702"></trkpt><trkpt lat="41.017425" lon="-110.369816"></trkpt><trkpt lat="41.017205" lon="-110.370007"></trkpt><trkpt lat="41.017030" lon="-110.370099"></trkpt><trkpt lat="41.016943" lon="-110.370556"></trkpt><trkpt lat="41.016774" lon="-110.370938"></trkpt><trkpt lat="41.016591" lon="-110.371274"></trkpt><trkpt lat="41.016367" lon="-110.371472"></trkpt><trkpt lat="41.015922" lon="-110.371685"></trkpt><trkpt lat="41.015355" lon="-110.371846"></trkpt><trkpt lat="41.014554" lon="-110.371892"></trkpt><trkpt lat="41.013956" lon="-110.372189"></trkpt><trkpt lat="41.012257" lon="-110.372837"></trkpt><trkpt lat="41.011817" lon="-110.373105"></trkpt><trkpt lat="41.011354" lon="-110.373296"></trkpt><trkpt lat="41.010619" lon="-110.373875"></trkpt><trkpt lat="41.009647" lon="-110.374966"></trkpt><trkpt lat="41.009312" lon="-110.375439"></trkpt><trkpt lat="41.008710" lon="-110.375714"></trkpt><trkpt lat="41.008044" lon="-110.376713"></trkpt><trkpt lat="41.007740" lon="-110.377026"></trkpt><trkpt lat="41.007575" lon="-110.377378"></trkpt><trkpt lat="41.007556" lon="-110.378110"></trkpt><trkpt lat="41.007325" lon="-110.378652"></trkpt><trkpt lat="41.006936" lon="-110.379117"></trkpt><trkpt lat="41.006765" lon="-110.379162"></trkpt><trkpt lat="41.006553" lon="-110.379170"></trkpt><trkpt lat="41.006251" lon="-110.379117"></trkpt><trkpt lat="41.006075" lon="-110.379010"></trkpt><trkpt lat="41.005827" lon="-110.379040"></trkpt><trkpt lat="41.005684" lon="-110.379208"></trkpt><trkpt lat="41.005546" lon="-110.379483"></trkpt><trkpt lat="41.005436" lon="-110.380009"></trkpt><trkpt lat="41.005311" lon="-110.380963"></trkpt><trkpt lat="41.005283" lon="-110.382436"></trkpt></trkseg></trk><trk><name>T024 AU6D793</name><trkseg><trkpt lat="40.900740" lon="-110.723595"></trkpt><trkpt lat="40.899675" lon="-110.723031"></trkpt><trkpt lat="40.899428" lon="-110.722955"></trkpt><trkpt lat="40.898257" lon="-110.723015"></trkpt><trkpt lat="40.897847" lon="-110.723084"></trkpt><trkpt lat="40.897226" lon="-110.723290"></trkpt><trkpt lat="40.896879" lon="-110.723351"></trkpt><trkpt lat="40.896506" lon="-110.723542"></trkpt><trkpt lat="40.895211" lon="-110.724549"></trkpt><trkpt lat="40.894932" lon="-110.724702"></trkpt><trkpt lat="40.894720" lon="-110.724763"></trkpt><trkpt lat="40.894504" lon="-110.724717"></trkpt><trkpt lat="40.894120" lon="-110.724412"></trkpt><trkpt lat="40.893367" lon="-110.723954"></trkpt><trkpt lat="40.893015" lon="-110.723809"></trkpt><trkpt lat="40.891646" lon="-110.723572"></trkpt><trkpt lat="40.891123" lon="-110.723565"></trkpt><trkpt lat="40.890628" lon="-110.723626"></trkpt><trkpt lat="40.890245" lon="-110.723794"></trkpt><trkpt lat="40.889921" lon="-110.723893"></trkpt><trkpt lat="40.889696" lon="-110.723893"></trkpt><trkpt lat="40.889322" lon="-110.723824"></trkpt><trkpt lat="40.889110" lon="-110.723847"></trkpt><trkpt lat="40.888849" lon="-110.723931"></trkpt><trkpt lat="40.888759" lon="-110.724000"></trkpt><trkpt lat="40.888706" lon="-110.724122"></trkpt><trkpt lat="40.888701" lon="-110.724167"></trkpt><trkpt lat="40.888792" lon="-110.724267"></trkpt><trkpt lat="40.889297" lon="-110.724580"></trkpt><trkpt lat="40.889978" lon="-110.725236"></trkpt><trkpt lat="40.890366" lon="-110.725396"></trkpt><trkpt lat="40.890574" lon="-110.725541"></trkpt><trkpt lat="40.890894" lon="-110.725823"></trkpt><trkpt lat="40.891089" lon="-110.726082"></trkpt><trkpt lat="40.891184" lon="-110.726289"></trkpt><trkpt lat="40.891351" lon="-110.726487"></trkpt><trkpt lat="40.891630" lon="-110.726663"></trkpt><trkpt lat="40.891811" lon="-110.726830"></trkpt><trkpt lat="40.892289" lon="-110.727097"></trkpt><trkpt lat="40.892389" lon="-110.727265"></trkpt><trkpt lat="40.892862" lon="-110.727509"></trkpt><trkpt lat="40.893025" lon="-110.727647"></trkpt><trkpt lat="40.893156" lon="-110.727906"></trkpt><trkpt lat="40.893134" lon="-110.728226"></trkpt><trkpt lat="40.893080" lon="-110.728364"></trkpt><trkpt lat="40.892896" lon="-110.728600"></trkpt><trkpt lat="40.892546" lon="-110.728875"></trkpt><trkpt lat="40.891893" lon="-110.729218"></trkpt><trkpt lat="40.891492" lon="-110.729241"></trkpt><trkpt lat="40.891114" lon="-110.729333"></trkpt><trkpt lat="40.890637" lon="-110.729310"></trkpt><trkpt lat="40.890074" lon="-110.729577"></trkpt><trkpt lat="40.889552" lon="-110.729676"></trkpt><trkpt lat="40.889372" lon="-110.729653"></trkpt><trkpt lat="40.889228" lon="-110.729585"></trkpt><trkpt lat="40.889057" lon="-110.729630"></trkpt><trkpt lat="40.888859" lon="-110.729806"></trkpt><trkpt lat="40.888823" lon="-110.730012"></trkpt><trkpt lat="40.888652" lon="-110.730149"></trkpt><trkpt lat="40.888544" lon="-110.730180"></trkpt><trkpt lat="40.888405" lon="-110.730111"></trkpt><trkpt lat="40.888283" lon="-110.729951"></trkpt><trkpt lat="40.888156" lon="-110.729859"></trkpt><trkpt lat="40.888057" lon="-110.729859"></trkpt><trkpt lat="40.888021" lon="-110.729905"></trkpt><trkpt lat="40.887990" lon="-110.730142"></trkpt><trkpt lat="40.887829" lon="-110.730569"></trkpt><trkpt lat="40.887789" lon="-110.730843"></trkpt><trkpt lat="40.887961" lon="-110.731049"></trkpt><trkpt lat="40.888259" lon="-110.731233"></trkpt><trkpt lat="40.888637" lon="-110.731378"></trkpt><trkpt lat="40.889832" lon="-110.731736"></trkpt><trkpt lat="40.890007" lon="-110.731751"></trkpt><trkpt lat="40.890219" lon="-110.731652"></trkpt><trkpt lat="40.890440" lon="-110.731622"></trkpt><trkpt lat="40.890751" lon="-110.731698"></trkpt><trkpt lat="40.891116" lon="-110.731950"></trkpt><trkpt lat="40.891387" lon="-110.732247"></trkpt><trkpt lat="40.891590" lon="-110.732553"></trkpt><trkpt lat="40.891685" lon="-110.732774"></trkpt><trkpt lat="40.891834" lon="-110.732957"></trkpt><trkpt lat="40.892614" lon="-110.733125"></trkpt><trkpt lat="40.892691" lon="-110.733209"></trkpt><trkpt lat="40.892913" lon="-110.733781"></trkpt><trkpt lat="40.893156" lon="-110.733888"></trkpt><trkpt lat="40.893301" lon="-110.734071"></trkpt><trkpt lat="40.893707" lon="-110.734193"></trkpt><trkpt lat="40.893909" lon="-110.734216"></trkpt><trkpt lat="40.894306" lon="-110.734384"></trkpt><trkpt lat="40.894734" lon="-110.734284"></trkpt><trkpt lat="40.894923" lon="-110.734307"></trkpt><trkpt lat="40.895239" lon="-110.734460"></trkpt><trkpt lat="40.895563" lon="-110.734414"></trkpt><trkpt lat="40.896162" lon="-110.734498"></trkpt><trkpt lat="40.896432" lon="-110.734506"></trkpt><trkpt lat="40.897081" lon="-110.734369"></trkpt><trkpt lat="40.897437" lon="-110.734369"></trkpt><trkpt lat="40.897905" lon="-110.734544"></trkpt><trkpt lat="40.898117" lon="-110.734590"></trkpt><trkpt lat="40.898324" lon="-110.734590"></trkpt><trkpt lat="40.898563" lon="-110.734506"></trkpt><trkpt lat="40.899072" lon="-110.734666"></trkpt><trkpt lat="40.899429" lon="-110.735009"></trkpt><trkpt lat="40.899677" lon="-110.735200"></trkpt><trkpt lat="40.899718" lon="-110.735284"></trkpt><trkpt lat="40.900110" lon="-110.735452"></trkpt><trkpt lat="40.900228" lon="-110.735627"></trkpt><trkpt lat="40.900282" lon="-110.735841"></trkpt><trkpt lat="40.900261" lon="-110.736375"></trkpt><trkpt lat="40.900582" lon="-110.736779"></trkpt><trkpt lat="40.901033" lon="-110.737253"></trkpt><trkpt lat="40.901092" lon="-110.737252"></trkpt><trkpt lat="40.901191" lon="-110.737191"></trkpt><trkpt lat="40.901648" lon="-110.738054"></trkpt><trkpt lat="40.901983" lon="-110.739107"></trkpt><trkpt lat="40.901966" lon="-110.739511"></trkpt><trkpt lat="40.901868" lon="-110.739846"></trkpt><trkpt lat="40.901688" lon="-110.740137"></trkpt><trkpt lat="40.901491" lon="-110.740358"></trkpt><trkpt lat="40.901293" lon="-110.740655"></trkpt><trkpt lat="40.901275" lon="-110.740785"></trkpt><trkpt lat="40.901357" lon="-110.740930"></trkpt><trkpt lat="40.901411" lon="-110.740961"></trkpt><trkpt lat="40.901821" lon="-110.740869"></trkpt><trkpt lat="40.902140" lon="-110.740724"></trkpt><trkpt lat="40.902806" lon="-110.740327"></trkpt><trkpt lat="40.903193" lon="-110.740197"></trkpt><trkpt lat="40.903575" lon="-110.739969"></trkpt><trkpt lat="40.904551" lon="-110.739038"></trkpt><trkpt lat="40.904978" lon="-110.738893"></trkpt><trkpt lat="40.905681" lon="-110.738779"></trkpt><trkpt lat="40.906032" lon="-110.738763"></trkpt><trkpt lat="40.906334" lon="-110.738832"></trkpt><trkpt lat="40.906469" lon="-110.738939"></trkpt><trkpt lat="40.907297" lon="-110.738695"></trkpt><trkpt lat="40.908419" lon="-110.738573"></trkpt><trkpt lat="40.909162" lon="-110.738557"></trkpt><trkpt lat="40.910333" lon="-110.738756"></trkpt><trkpt lat="40.911081" lon="-110.738809"></trkpt><trkpt lat="40.911509" lon="-110.738756"></trkpt><trkpt lat="40.912918" lon="-110.738397"></trkpt><trkpt lat="40.913278" lon="-110.738367"></trkpt><trkpt lat="40.915963" lon="-110.738321"></trkpt><trkpt lat="40.916760" lon="-110.738222"></trkpt><trkpt lat="40.917485" lon="-110.738214"></trkpt><trkpt lat="40.918966" lon="-110.738008"></trkpt><trkpt lat="40.919718" lon="-110.737848"></trkpt><trkpt lat="40.920096" lon="-110.737710"></trkpt><trkpt lat="40.920510" lon="-110.737482"></trkpt><trkpt lat="40.921541" lon="-110.737253"></trkpt><trkpt lat="40.922824" lon="-110.736856"></trkpt><trkpt lat="40.923418" lon="-110.736711"></trkpt><trkpt lat="40.924193" lon="-110.736658"></trkpt><trkpt lat="40.925660" lon="-110.736330"></trkpt><trkpt lat="40.926336" lon="-110.736269"></trkpt><trkpt lat="40.927129" lon="-110.736429"></trkpt><trkpt lat="40.927527" lon="-110.736963"></trkpt><trkpt lat="40.928160" lon="-110.737970"></trkpt><trkpt lat="40.928593" lon="-110.738558"></trkpt><trkpt lat="40.928973" lon="-110.739000"></trkpt><trkpt lat="40.929181" lon="-110.739336"></trkpt><trkpt lat="40.929529" lon="-110.740084"></trkpt></trkseg></trk><trk><name>T025 AU6D793</name><trkseg><trkpt lat="40.858070" lon="-110.926588"></trkpt><trkpt lat="40.858124" lon="-110.926596"></trkpt><trkpt lat="40.858160" lon="-110.926680"></trkpt><trkpt lat="40.858206" lon="-110.926962"></trkpt><trkpt lat="40.858327" lon="-110.927221"></trkpt><trkpt lat="40.858386" lon="-110.927259"></trkpt><trkpt lat="40.858494" lon="-110.927260"></trkpt><trkpt lat="40.858629" lon="-110.927206"></trkpt><trkpt lat="40.858737" lon="-110.927252"></trkpt><trkpt lat="40.859223" lon="-110.926809"></trkpt><trkpt lat="40.859629" lon="-110.926634"></trkpt><trkpt lat="40.860034" lon="-110.926519"></trkpt><trkpt lat="40.860782" lon="-110.926664"></trkpt><trkpt lat="40.861512" lon="-110.926664"></trkpt><trkpt lat="40.862592" lon="-110.926519"></trkpt><trkpt lat="40.863061" lon="-110.926504"></trkpt><trkpt lat="40.864016" lon="-110.926138"></trkpt><trkpt lat="40.864547" lon="-110.925978"></trkpt><trkpt lat="40.865114" lon="-110.925878"></trkpt><trkpt lat="40.866628" lon="-110.925718"></trkpt><trkpt lat="40.866673" lon="-110.925268"></trkpt><trkpt lat="40.866744" lon="-110.925032"></trkpt><trkpt lat="40.867455" lon="-110.923666"></trkpt><trkpt lat="40.867649" lon="-110.923147"></trkpt><trkpt lat="40.867689" lon="-110.922857"></trkpt><trkpt lat="40.867671" lon="-110.922293"></trkpt><trkpt lat="40.867530" lon="-110.920759"></trkpt><trkpt lat="40.867525" lon="-110.920584"></trkpt><trkpt lat="40.867570" lon="-110.920317"></trkpt><trkpt lat="40.867876" lon="-110.919767"></trkpt><trkpt lat="40.868524" lon="-110.918814"></trkpt><trkpt lat="40.868785" lon="-110.918341"></trkpt><trkpt lat="40.868938" lon="-110.917921"></trkpt><trkpt lat="40.868973" lon="-110.917066"></trkpt><trkpt lat="40.869161" lon="-110.916059"></trkpt><trkpt lat="40.869080" lon="-110.915914"></trkpt><trkpt lat="40.868801" lon="-110.915602"></trkpt><trkpt lat="40.868440" lon="-110.915289"></trkpt><trkpt lat="40.868287" lon="-110.915113"></trkpt><trkpt lat="40.868206" lon="-110.914694"></trkpt><trkpt lat="40.868313" lon="-110.914366"></trkpt><trkpt lat="40.868745" lon="-110.913541"></trkpt><trkpt lat="40.868889" lon="-110.913168"></trkpt><trkpt lat="40.869681" lon="-110.911977"></trkpt><trkpt lat="40.869757" lon="-110.911810"></trkpt><trkpt lat="40.869717" lon="-110.911680"></trkpt><trkpt lat="40.869627" lon="-110.911596"></trkpt><trkpt lat="40.867420" lon="-110.912847"></trkpt><trkpt lat="40.865898" lon="-110.913381"></trkpt><trkpt lat="40.864647" lon="-110.914152"></trkpt><trkpt lat="40.863670" lon="-110.914556"></trkpt><trkpt lat="40.863341" lon="-110.914655"></trkpt><trkpt lat="40.863071" lon="-110.914701"></trkpt><trkpt lat="40.861972" lon="-110.914587"></trkpt><trkpt lat="40.860278" lon="-110.914694"></trkpt><trkpt lat="40.859053" lon="-110.914610"></trkpt><trkpt lat="40.858773" lon="-110.914533"></trkpt><trkpt lat="40.858539" lon="-110.914366"></trkpt><trkpt lat="40.858377" lon="-110.914137"></trkpt><trkpt lat="40.858106" lon="-110.913045"></trkpt><trkpt lat="40.858078" lon="-110.912511"></trkpt><trkpt lat="40.858105" lon="-110.911993"></trkpt><trkpt lat="40.858279" lon="-110.910589"></trkpt><trkpt lat="40.858221" lon="-110.910268"></trkpt><trkpt lat="40.858013" lon="-110.909605"></trkpt><trkpt lat="40.856912" lon="-110.907628"></trkpt><trkpt lat="40.856668" lon="-110.906950"></trkpt><trkpt lat="40.856578" lon="-110.906332"></trkpt><trkpt lat="40.856596" lon="-110.906095"></trkpt><trkpt lat="40.856686" lon="-110.905904"></trkpt><trkpt lat="40.856852" lon="-110.905790"></trkpt><trkpt lat="40.857064" lon="-110.905530"></trkpt><trkpt lat="40.857136" lon="-110.905362"></trkpt><trkpt lat="40.857189" lon="-110.905004"></trkpt><trkpt lat="40.857171" lon="-110.904340"></trkpt><trkpt lat="40.857084" lon="-110.903509"></trkpt><trkpt lat="40.857026" lon="-110.903318"></trkpt><trkpt lat="40.856791" lon="-110.903058"></trkpt><trkpt lat="40.856377" lon="-110.902753"></trkpt><trkpt lat="40.855782" lon="-110.902479"></trkpt><trkpt lat="40.855674" lon="-110.902303"></trkpt><trkpt lat="40.855466" lon="-110.902173"></trkpt><trkpt lat="40.855115" lon="-110.901853"></trkpt><trkpt lat="40.854898" lon="-110.901731"></trkpt><trkpt lat="40.854195" lon="-110.901471"></trkpt><trkpt lat="40.853925" lon="-110.901303"></trkpt><trkpt lat="40.853763" lon="-110.901311"></trkpt><trkpt lat="40.853457" lon="-110.901403"></trkpt><trkpt lat="40.853240" lon="-110.901357"></trkpt><trkpt lat="40.853060" lon="-110.901212"></trkpt><trkpt lat="40.852988" lon="-110.900976"></trkpt><trkpt lat="40.852970" lon="-110.900808"></trkpt><trkpt lat="40.853005" lon="-110.900479"></trkpt><trkpt lat="40.853059" lon="-110.900334"></trkpt><trkpt lat="40.853388" lon="-110.899793"></trkpt><trkpt lat="40.853563" lon="-110.899198"></trkpt><trkpt lat="40.853599" lon="-110.898938"></trkpt><trkpt lat="40.853580" lon="-110.898366"></trkpt><trkpt lat="40.853281" lon="-110.896253"></trkpt><trkpt lat="40.853046" lon="-110.895467"></trkpt><trkpt lat="40.852920" lon="-110.895162"></trkpt><trkpt lat="40.852653" lon="-110.893872"></trkpt><trkpt lat="40.852576" lon="-110.893399"></trkpt><trkpt lat="40.852584" lon="-110.893155"></trkpt><trkpt lat="40.852719" lon="-110.892728"></trkpt><trkpt lat="40.852845" lon="-110.892529"></trkpt><trkpt lat="40.853034" lon="-110.892339"></trkpt><trkpt lat="40.853673" lon="-110.891866"></trkpt><trkpt lat="40.854006" lon="-110.891439"></trkpt><trkpt lat="40.854501" lon="-110.890553"></trkpt><trkpt lat="40.854671" lon="-110.890050"></trkpt><trkpt lat="40.854770" lon="-110.889432"></trkpt><trkpt lat="40.854919" lon="-110.885541"></trkpt><trkpt lat="40.855174" lon="-110.883748"></trkpt><trkpt lat="40.855169" lon="-110.883496"></trkpt><trkpt lat="40.855029" lon="-110.882725"></trkpt><trkpt lat="40.854645" lon="-110.881612"></trkpt><trkpt lat="40.854392" lon="-110.880688"></trkpt><trkpt lat="40.854292" lon="-110.879872"></trkpt><trkpt lat="40.854327" lon="-110.879178"></trkpt><trkpt lat="40.854507" lon="-110.878804"></trkpt><trkpt lat="40.855002" lon="-110.878132"></trkpt><trkpt lat="40.855272" lon="-110.877835"></trkpt><trkpt lat="40.855632" lon="-110.877507"></trkpt><trkpt lat="40.855973" lon="-110.877003"></trkpt><trkpt lat="40.856099" lon="-110.876507"></trkpt><trkpt lat="40.856098" lon="-110.876034"></trkpt><trkpt lat="40.855525" lon="-110.874844"></trkpt><trkpt lat="40.855295" lon="-110.874455"></trkpt><trkpt lat="40.855015" lon="-110.874089"></trkpt><trkpt lat="40.854700" lon="-110.874051"></trkpt><trkpt lat="40.854384" lon="-110.873806"></trkpt><trkpt lat="40.854077" lon="-110.872921"></trkpt><trkpt lat="40.853977" lon="-110.872494"></trkpt><trkpt lat="40.853896" lon="-110.871899"></trkpt><trkpt lat="40.853958" lon="-110.871533"></trkpt><trkpt lat="40.854605" lon="-110.869961"></trkpt><trkpt lat="40.854659" lon="-110.869496"></trkpt><trkpt lat="40.854604" lon="-110.869198"></trkpt><trkpt lat="40.854325" lon="-110.868794"></trkpt><trkpt lat="40.854117" lon="-110.868580"></trkpt><trkpt lat="40.852729" lon="-110.867604"></trkpt><trkpt lat="40.852503" lon="-110.867268"></trkpt><trkpt lat="40.852458" lon="-110.866886"></trkpt><trkpt lat="40.852538" lon="-110.866436"></trkpt><trkpt lat="40.852997" lon="-110.865574"></trkpt><trkpt lat="40.853266" lon="-110.865239"></trkpt><trkpt lat="40.853499" lon="-110.863888"></trkpt><trkpt lat="40.853740" lon="-110.862164"></trkpt><trkpt lat="40.853888" lon="-110.861752"></trkpt><trkpt lat="40.854064" lon="-110.861431"></trkpt><trkpt lat="40.854451" lon="-110.861111"></trkpt><trkpt lat="40.854712" lon="-110.860951"></trkpt><trkpt lat="40.854946" lon="-110.860737"></trkpt><trkpt lat="40.855458" lon="-110.860119"></trkpt><trkpt lat="40.855827" lon="-110.859524"></trkpt><trkpt lat="40.855890" lon="-110.859341"></trkpt><trkpt lat="40.855682" lon="-110.858822"></trkpt><trkpt lat="40.854961" lon="-110.858540"></trkpt><trkpt lat="40.853807" lon="-110.858181"></trkpt><trkpt lat="40.853546" lon="-110.858013"></trkpt><trkpt lat="40.853330" lon="-110.857952"></trkpt><trkpt lat="40.852942" lon="-110.857907"></trkpt><trkpt lat="40.852483" lon="-110.857693"></trkpt><trkpt lat="40.852140" lon="-110.857265"></trkpt><trkpt lat="40.851900" lon="-110.856869"></trkpt><trkpt lat="40.851590" lon="-110.856754"></trkpt><trkpt lat="40.851378" lon="-110.856724"></trkpt><trkpt lat="40.851148" lon="-110.856762"></trkpt><trkpt lat="40.850932" lon="-110.856892"></trkpt><trkpt lat="40.849023" lon="-110.857166"></trkpt><trkpt lat="40.848545" lon="-110.857136"></trkpt><trkpt lat="40.848387" lon="-110.857006"></trkpt><trkpt lat="40.848347" lon="-110.856869"></trkpt><trkpt lat="40.848346" lon="-110.856411"></trkpt><trkpt lat="40.848445" lon="-110.856098"></trkpt><trkpt lat="40.848615" lon="-110.855823"></trkpt><trkpt lat="40.848894" lon="-110.855480"></trkpt><trkpt lat="40.850316" lon="-110.854000"></trkpt><trkpt lat="40.851099" lon="-110.853626"></trkpt><trkpt lat="40.851576" lon="-110.853237"></trkpt><trkpt lat="40.851738" lon="-110.852993"></trkpt><trkpt lat="40.851945" lon="-110.852787"></trkpt><trkpt lat="40.851954" lon="-110.852733"></trkpt><trkpt lat="40.852359" lon="-110.852253"></trkpt><trkpt lat="40.852728" lon="-110.852115"></trkpt><trkpt lat="40.853637" lon="-110.852009"></trkpt><trkpt lat="40.853790" lon="-110.851856"></trkpt><trkpt lat="40.854006" lon="-110.851459"></trkpt><trkpt lat="40.853934" lon="-110.851414"></trkpt><trkpt lat="40.853807" lon="-110.851025"></trkpt><trkpt lat="40.853644" lon="-110.850323"></trkpt><trkpt lat="40.853369" lon="-110.850063"></trkpt><trkpt lat="40.853049" lon="-110.849826"></trkpt><trkpt lat="40.852850" lon="-110.849506"></trkpt><trkpt lat="40.852702" lon="-110.849399"></trkpt><trkpt lat="40.851679" lon="-110.849201"></trkpt><trkpt lat="40.850633" lon="-110.848911"></trkpt><trkpt lat="40.849841" lon="-110.848942"></trkpt><trkpt lat="40.849453" lon="-110.849018"></trkpt><trkpt lat="40.849175" lon="-110.849292"></trkpt><trkpt lat="40.848905" lon="-110.849651"></trkpt><trkpt lat="40.848743" lon="-110.849773"></trkpt><trkpt lat="40.848653" lon="-110.849758"></trkpt><trkpt lat="40.848490" lon="-110.849613"></trkpt><trkpt lat="40.848454" lon="-110.849483"></trkpt><trkpt lat="40.848481" lon="-110.849247"></trkpt><trkpt lat="40.848670" lon="-110.848926"></trkpt><trkpt lat="40.850145" lon="-110.847400"></trkpt><trkpt lat="40.850208" lon="-110.847126"></trkpt><trkpt lat="40.850216" lon="-110.846843"></trkpt></trkseg></trk><trk><name>T026 AU6D793</name><trkseg><trkpt lat="40.865391" lon="-110.810501"></trkpt><trkpt lat="40.865582" lon="-110.809842"></trkpt><trkpt lat="40.865600" lon="-110.809386"></trkpt><trkpt lat="40.865523" lon="-110.808930"></trkpt><trkpt lat="40.865137" lon="-110.808095"></trkpt><trkpt lat="40.865136" lon="-110.807715"></trkpt><trkpt lat="40.865250" lon="-110.807107"></trkpt><trkpt lat="40.865518" lon="-110.806346"></trkpt><trkpt lat="40.866247" lon="-110.804925"></trkpt><trkpt lat="40.866400" lon="-110.804316"></trkpt><trkpt lat="40.866341" lon="-110.803835"></trkpt><trkpt lat="40.866167" lon="-110.803253"></trkpt><trkpt lat="40.866031" lon="-110.802468"></trkpt><trkpt lat="40.865703" lon="-110.801911"></trkpt><trkpt lat="40.865298" lon="-110.801330"></trkpt><trkpt lat="40.864546" lon="-110.800344"></trkpt><trkpt lat="40.864430" lon="-110.799584"></trkpt><trkpt lat="40.864486" lon="-110.799128"></trkpt><trkpt lat="40.864736" lon="-110.798747"></trkpt><trkpt lat="40.865046" lon="-110.798548"></trkpt></trkseg></trk><trk><name>T027 AU6D793</name><trkseg><trkpt lat="40.059508" lon="-111.240663"></trkpt><trkpt lat="40.059294" lon="-111.240553"></trkpt><trkpt lat="40.059132" lon="-111.240410"></trkpt><trkpt lat="40.058952" lon="-111.240177"></trkpt><trkpt lat="40.058583" lon="-111.239901"></trkpt><trkpt lat="40.058426" lon="-111.239849"></trkpt><trkpt lat="40.058318" lon="-111.239735"></trkpt><trkpt lat="40.057787" lon="-111.239574"></trkpt><trkpt lat="40.057548" lon="-111.239313"></trkpt><trkpt lat="40.057310" lon="-111.239182"></trkpt><trkpt lat="40.057342" lon="-111.238853"></trkpt><trkpt lat="40.057320" lon="-111.238590"></trkpt><trkpt lat="40.057212" lon="-111.238498"></trkpt><trkpt lat="40.056708" lon="-111.238391"></trkpt><trkpt lat="40.056294" lon="-111.238106"></trkpt><trkpt lat="40.056141" lon="-111.238061"></trkpt><trkpt lat="40.055970" lon="-111.238075"></trkpt><trkpt lat="40.055379" lon="-111.238438"></trkpt><trkpt lat="40.055072" lon="-111.238488"></trkpt><trkpt lat="40.054919" lon="-111.238455"></trkpt><trkpt lat="40.054343" lon="-111.238192"></trkpt><trkpt lat="40.054154" lon="-111.238171"></trkpt><trkpt lat="40.053753" lon="-111.238034"></trkpt><trkpt lat="40.053483" lon="-111.237904"></trkpt><trkpt lat="40.053240" lon="-111.237851"></trkpt><trkpt lat="40.052898" lon="-111.237910"></trkpt><trkpt lat="40.052515" lon="-111.237820"></trkpt><trkpt lat="40.052195" lon="-111.237672"></trkpt><trkpt lat="40.051786" lon="-111.237310"></trkpt><trkpt lat="40.051233" lon="-111.237078"></trkpt><trkpt lat="40.050922" lon="-111.236892"></trkpt><trkpt lat="40.050710" lon="-111.236814"></trkpt><trkpt lat="40.050661" lon="-111.236631"></trkpt><trkpt lat="40.050517" lon="-111.236495"></trkpt><trkpt lat="40.050369" lon="-111.236425"></trkpt><trkpt lat="40.049131" lon="-111.236053"></trkpt><trkpt lat="40.048897" lon="-111.236018"></trkpt><trkpt lat="40.048618" lon="-111.235890"></trkpt><trkpt lat="40.048352" lon="-111.235835"></trkpt><trkpt lat="40.047934" lon="-111.235546"></trkpt><trkpt lat="40.047583" lon="-111.235214"></trkpt><trkpt lat="40.047344" lon="-111.235060"></trkpt><trkpt lat="40.047088" lon="-111.234996"></trkpt><trkpt lat="40.046524" lon="-111.235163"></trkpt><trkpt lat="40.045799" lon="-111.235249"></trkpt><trkpt lat="40.045340" lon="-111.235082"></trkpt><trkpt lat="40.044849" lon="-111.234771"></trkpt><trkpt lat="40.044679" lon="-111.234463"></trkpt><trkpt lat="40.044337" lon="-111.234149"></trkpt><trkpt lat="40.044175" lon="-111.233952"></trkpt><trkpt lat="40.043545" lon="-111.233438"></trkpt><trkpt lat="40.043460" lon="-111.233330"></trkpt><trkpt lat="40.043097" lon="-111.232430"></trkpt><trkpt lat="40.043003" lon="-111.232110"></trkpt><trkpt lat="40.043049" lon="-111.231523"></trkpt><trkpt lat="40.042897" lon="-111.231012"></trkpt><trkpt lat="40.042875" lon="-111.230802"></trkpt><trkpt lat="40.043021" lon="-111.230096"></trkpt><trkpt lat="40.043188" lon="-111.229673"></trkpt><trkpt lat="40.043306" lon="-111.229506"></trkpt><trkpt lat="40.043536" lon="-111.229365"></trkpt><trkpt lat="40.043910" lon="-111.229223"></trkpt><trkpt lat="40.044379" lon="-111.228919"></trkpt><trkpt lat="40.044920" lon="-111.228846"></trkpt><trkpt lat="40.045235" lon="-111.228728"></trkpt><trkpt lat="40.045484" lon="-111.228351"></trkpt><trkpt lat="40.045520" lon="-111.228255"></trkpt><trkpt lat="40.045516" lon="-111.228119"></trkpt><trkpt lat="40.045403" lon="-111.227936"></trkpt><trkpt lat="40.045309" lon="-111.227851"></trkpt><trkpt lat="40.044832" lon="-111.227511"></trkpt><trkpt lat="40.044410" lon="-111.226810"></trkpt><trkpt lat="40.044248" lon="-111.226646"></trkpt><trkpt lat="40.044032" lon="-111.226595"></trkpt><trkpt lat="40.043802" lon="-111.226681"></trkpt><trkpt lat="40.043500" lon="-111.226620"></trkpt><trkpt lat="40.042956" lon="-111.226311"></trkpt><trkpt lat="40.042556" lon="-111.226002"></trkpt><trkpt lat="40.041970" lon="-111.225723"></trkpt><trkpt lat="40.041786" lon="-111.225585"></trkpt><trkpt lat="40.041633" lon="-111.225386"></trkpt><trkpt lat="40.041575" lon="-111.225250"></trkpt><trkpt lat="40.041234" lon="-111.224290"></trkpt><trkpt lat="40.041095" lon="-111.224134"></trkpt><trkpt lat="40.040951" lon="-111.224090"></trkpt><trkpt lat="40.040798" lon="-111.224093"></trkpt><trkpt lat="40.040604" lon="-111.224148"></trkpt><trkpt lat="40.040527" lon="-111.224206"></trkpt><trkpt lat="40.040167" lon="-111.224239"></trkpt><trkpt lat="40.039550" lon="-111.224156"></trkpt><trkpt lat="40.039343" lon="-111.224098"></trkpt><trkpt lat="40.038942" lon="-111.223891"></trkpt><trkpt lat="40.038735" lon="-111.223854"></trkpt><trkpt lat="40.038248" lon="-111.223544"></trkpt><trkpt lat="40.038057" lon="-111.223598"></trkpt><trkpt lat="40.037977" lon="-111.223522"></trkpt><trkpt lat="40.037884" lon="-111.223490"></trkpt><trkpt lat="40.037758" lon="-111.223542"></trkpt><trkpt lat="40.037415" lon="-111.223778"></trkpt><trkpt lat="40.037181" lon="-111.223839"></trkpt><trkpt lat="40.036906" lon="-111.223864"></trkpt><trkpt lat="40.036478" lon="-111.223988"></trkpt><trkpt lat="40.036050" lon="-111.223947"></trkpt><trkpt lat="40.035752" lon="-111.224000"></trkpt><trkpt lat="40.035568" lon="-111.224094"></trkpt><trkpt lat="40.035378" lon="-111.224265"></trkpt><trkpt lat="40.034927" lon="-111.224516"></trkpt><trkpt lat="40.034697" lon="-111.224755"></trkpt><trkpt lat="40.034602" lon="-111.224758"></trkpt><trkpt lat="40.034562" lon="-111.224691"></trkpt><trkpt lat="40.034499" lon="-111.224486"></trkpt><trkpt lat="40.034419" lon="-111.223978"></trkpt><trkpt lat="40.034298" lon="-111.223807"></trkpt><trkpt lat="40.034221" lon="-111.223768"></trkpt><trkpt lat="40.034041" lon="-111.223795"></trkpt><trkpt lat="40.033838" lon="-111.223958"></trkpt><trkpt lat="40.033702" lon="-111.224219"></trkpt><trkpt lat="40.033634" lon="-111.224485"></trkpt><trkpt lat="40.033567" lon="-111.224550"></trkpt><trkpt lat="40.033306" lon="-111.224387"></trkpt><trkpt lat="40.032897" lon="-111.223852"></trkpt><trkpt lat="40.032663" lon="-111.223625"></trkpt><trkpt lat="40.032154" lon="-111.223551"></trkpt><trkpt lat="40.032014" lon="-111.223615"></trkpt><trkpt lat="40.031834" lon="-111.223820"></trkpt><trkpt lat="40.031743" lon="-111.223824"></trkpt><trkpt lat="40.031514" lon="-111.223638"></trkpt><trkpt lat="40.031424" lon="-111.223601"></trkpt><trkpt lat="40.031316" lon="-111.223601"></trkpt><trkpt lat="40.031113" lon="-111.223693"></trkpt><trkpt lat="40.030901" lon="-111.223743"></trkpt><trkpt lat="40.030523" lon="-111.223779"></trkpt><trkpt lat="40.030378" lon="-111.223895"></trkpt><trkpt lat="40.030234" lon="-111.223940"></trkpt><trkpt lat="40.030126" lon="-111.224102"></trkpt><trkpt lat="40.030049" lon="-111.224155"></trkpt><trkpt lat="40.029792" lon="-111.224199"></trkpt><trkpt lat="40.029373" lon="-111.224186"></trkpt><trkpt lat="40.029161" lon="-111.224256"></trkpt><trkpt lat="40.029107" lon="-111.224333"></trkpt><trkpt lat="40.028981" lon="-111.224389"></trkpt><trkpt lat="40.028913" lon="-111.224502"></trkpt><trkpt lat="40.028714" lon="-111.224667"></trkpt><trkpt lat="40.028507" lon="-111.224780"></trkpt><trkpt lat="40.028390" lon="-111.224796"></trkpt><trkpt lat="40.028030" lon="-111.224734"></trkpt><trkpt lat="40.027786" lon="-111.224742"></trkpt><trkpt lat="40.027561" lon="-111.224668"></trkpt><trkpt lat="40.026836" lon="-111.224859"></trkpt><trkpt lat="40.026183" lon="-111.224742"></trkpt><trkpt lat="40.026016" lon="-111.224662"></trkpt><trkpt lat="40.025445" lon="-111.224229"></trkpt><trkpt lat="40.025359" lon="-111.224245"></trkpt><trkpt lat="40.025296" lon="-111.224205"></trkpt><trkpt lat="40.025184" lon="-111.224213"></trkpt><trkpt lat="40.025058" lon="-111.224112"></trkpt><trkpt lat="40.024955" lon="-111.223815"></trkpt><trkpt lat="40.024959" lon="-111.223651"></trkpt><trkpt lat="40.024861" lon="-111.223275"></trkpt><trkpt lat="40.024664" lon="-111.222842"></trkpt><trkpt lat="40.024520" lon="-111.222731"></trkpt><trkpt lat="40.024456" lon="-111.222815"></trkpt><trkpt lat="40.024460" lon="-111.223175"></trkpt><trkpt lat="40.024406" lon="-111.223472"></trkpt><trkpt lat="40.024275" lon="-111.223653"></trkpt><trkpt lat="40.024125" lon="-111.223991"></trkpt><trkpt lat="40.024026" lon="-111.224106"></trkpt><trkpt lat="40.023890" lon="-111.224440"></trkpt><trkpt lat="40.023858" lon="-111.224732"></trkpt><trkpt lat="40.023876" lon="-111.224807"></trkpt><trkpt lat="40.023979" lon="-111.225061"></trkpt><trkpt lat="40.024082" lon="-111.225141"></trkpt><trkpt lat="40.024087" lon="-111.225177"></trkpt><trkpt lat="40.024046" lon="-111.225196"></trkpt><trkpt lat="40.023929" lon="-111.225164"></trkpt><trkpt lat="40.023731" lon="-111.225021"></trkpt><trkpt lat="40.023597" lon="-111.224852"></trkpt><trkpt lat="40.023552" lon="-111.224760"></trkpt><trkpt lat="40.023543" lon="-111.224587"></trkpt><trkpt lat="40.023511" lon="-111.224596"></trkpt><trkpt lat="40.023375" lon="-111.225002"></trkpt><trkpt lat="40.023348" lon="-111.225491"></trkpt><trkpt lat="40.023244" lon="-111.225584"></trkpt><trkpt lat="40.023199" lon="-111.225565"></trkpt><trkpt lat="40.022925" lon="-111.225199"></trkpt><trkpt lat="40.022727" lon="-111.224990"></trkpt><trkpt lat="40.022391" lon="-111.224144"></trkpt><trkpt lat="40.022098" lon="-111.224134"></trkpt><trkpt lat="40.022013" lon="-111.223838"></trkpt><trkpt lat="40.021896" lon="-111.223685"></trkpt><trkpt lat="40.021707" lon="-111.223573"></trkpt><trkpt lat="40.021522" lon="-111.223619"></trkpt><trkpt lat="40.021469" lon="-111.223380"></trkpt><trkpt lat="40.021410" lon="-111.223293"></trkpt><trkpt lat="40.021244" lon="-111.223151"></trkpt><trkpt lat="40.020983" lon="-111.223051"></trkpt><trkpt lat="40.020915" lon="-111.222928"></trkpt><trkpt lat="40.020965" lon="-111.222762"></trkpt><trkpt lat="40.021028" lon="-111.222670"></trkpt><trkpt lat="40.021092" lon="-111.222638"></trkpt><trkpt lat="40.021294" lon="-111.222593"></trkpt><trkpt lat="40.021335" lon="-111.222617"></trkpt><trkpt lat="40.021641" lon="-111.222604"></trkpt><trkpt lat="40.021331" lon="-111.222073"></trkpt><trkpt lat="40.021156" lon="-111.221865"></trkpt><trkpt lat="40.021053" lon="-111.221633"></trkpt><trkpt lat="40.021121" lon="-111.221237"></trkpt><trkpt lat="40.021234" lon="-111.221025"></trkpt><trkpt lat="40.021307" lon="-111.220651"></trkpt><trkpt lat="40.021276" lon="-111.220577"></trkpt><trkpt lat="40.021181" lon="-111.220580"></trkpt><trkpt lat="40.020983" lon="-111.220725"></trkpt><trkpt lat="40.020721" lon="-111.220842"></trkpt><trkpt lat="40.020473" lon="-111.221018"></trkpt><trkpt lat="40.020045" lon="-111.221246"></trkpt><trkpt lat="40.019828" lon="-111.221521"></trkpt><trkpt lat="40.019746" lon="-111.221777"></trkpt><trkpt lat="40.019466" lon="-111.222137"></trkpt><trkpt lat="40.019205" lon="-111.222281"></trkpt><trkpt lat="40.018934" lon="-111.222564"></trkpt><trkpt lat="40.018798" lon="-111.222659"></trkpt><trkpt lat="40.018654" lon="-111.222644"></trkpt><trkpt lat="40.018294" lon="-111.222511"></trkpt><trkpt lat="40.018069" lon="-111.222499"></trkpt><trkpt lat="40.017952" lon="-111.222459"></trkpt><trkpt lat="40.017677" lon="-111.222536"></trkpt><trkpt lat="40.017240" lon="-111.222533"></trkpt><trkpt lat="40.016875" lon="-111.222637"></trkpt><trkpt lat="40.016731" lon="-111.222645"></trkpt><trkpt lat="40.016645" lon="-111.222617"></trkpt><trkpt lat="40.016483" lon="-111.222661"></trkpt><trkpt lat="40.016231" lon="-111.222621"></trkpt><trkpt lat="40.015938" lon="-111.222493"></trkpt><trkpt lat="40.015609" lon="-111.222484"></trkpt><trkpt lat="40.015258" lon="-111.222531"></trkpt><trkpt lat="40.015118" lon="-111.222463"></trkpt><trkpt lat="40.014826" lon="-111.222154"></trkpt><trkpt lat="40.014668" lon="-111.222156"></trkpt><trkpt lat="40.014538" lon="-111.222222"></trkpt><trkpt lat="40.014339" lon="-111.222226"></trkpt><trkpt lat="40.014051" lon="-111.222152"></trkpt><trkpt lat="40.013763" lon="-111.222136"></trkpt><trkpt lat="40.013682" lon="-111.222160"></trkpt><trkpt lat="40.013564" lon="-111.222276"></trkpt><trkpt lat="40.013456" lon="-111.222303"></trkpt></trkseg></trk><trk><name>T028 AU6D793</name><trkseg><trkpt lat="40.163184" lon="-111.245934"></trkpt><trkpt lat="40.163071" lon="-111.245809"></trkpt><trkpt lat="40.163112" lon="-111.245577"></trkpt><trkpt lat="40.163049" lon="-111.245509"></trkpt><trkpt lat="40.162990" lon="-111.245496"></trkpt><trkpt lat="40.162805" lon="-111.245547"></trkpt><trkpt lat="40.162738" lon="-111.245547"></trkpt><trkpt lat="40.162702" lon="-111.245511"></trkpt><trkpt lat="40.162558" lon="-111.245530"></trkpt><trkpt lat="40.161809" lon="-111.245709"></trkpt><trkpt lat="40.161179" lon="-111.245625"></trkpt><trkpt lat="40.161039" lon="-111.245545"></trkpt><trkpt lat="40.160833" lon="-111.245176"></trkpt><trkpt lat="40.160559" lon="-111.244830"></trkpt><trkpt lat="40.160473" lon="-111.244823"></trkpt><trkpt lat="40.160329" lon="-111.244887"></trkpt><trkpt lat="40.160252" lon="-111.244886"></trkpt><trkpt lat="40.160122" lon="-111.244827"></trkpt><trkpt lat="40.160010" lon="-111.244716"></trkpt><trkpt lat="40.159794" lon="-111.244611"></trkpt><trkpt lat="40.159708" lon="-111.244456"></trkpt><trkpt lat="40.159347" lon="-111.244786"></trkpt><trkpt lat="40.159324" lon="-111.244887"></trkpt><trkpt lat="40.159356" lon="-111.245032"></trkpt><trkpt lat="40.159170" lon="-111.245249"></trkpt><trkpt lat="40.159148" lon="-111.245358"></trkpt><trkpt lat="40.159044" lon="-111.245411"></trkpt><trkpt lat="40.159026" lon="-111.245593"></trkpt><trkpt lat="40.159120" lon="-111.245871"></trkpt><trkpt lat="40.159070" lon="-111.246140"></trkpt><trkpt lat="40.158988" lon="-111.246311"></trkpt><trkpt lat="40.158857" lon="-111.246757"></trkpt><trkpt lat="40.158676" lon="-111.246889"></trkpt><trkpt lat="40.158595" lon="-111.247001"></trkpt><trkpt lat="40.158617" lon="-111.247104"></trkpt><trkpt lat="40.158585" lon="-111.247183"></trkpt><trkpt lat="40.158585" lon="-111.247335"></trkpt><trkpt lat="40.158621" lon="-111.247469"></trkpt><trkpt lat="40.159089" lon="-111.247526"></trkpt><trkpt lat="40.159084" lon="-111.247693"></trkpt><trkpt lat="40.158962" lon="-111.247855"></trkpt><trkpt lat="40.158985" lon="-111.247915"></trkpt><trkpt lat="40.158917" lon="-111.248083"></trkpt><trkpt lat="40.158705" lon="-111.248226"></trkpt><trkpt lat="40.158466" lon="-111.248308"></trkpt><trkpt lat="40.158398" lon="-111.248440"></trkpt><trkpt lat="40.158231" lon="-111.248448"></trkpt><trkpt lat="40.158159" lon="-111.248491"></trkpt><trkpt lat="40.158136" lon="-111.248928"></trkpt><trkpt lat="40.157995" lon="-111.249332"></trkpt><trkpt lat="40.157737" lon="-111.249738"></trkpt><trkpt lat="40.157697" lon="-111.249831"></trkpt><trkpt lat="40.157724" lon="-111.249871"></trkpt><trkpt lat="40.157525" lon="-111.250123"></trkpt><trkpt lat="40.157407" lon="-111.250349"></trkpt><trkpt lat="40.157322" lon="-111.250431"></trkpt><trkpt lat="40.157213" lon="-111.250663"></trkpt><trkpt lat="40.157221" lon="-111.250872"></trkpt><trkpt lat="40.157116" lon="-111.251785"></trkpt><trkpt lat="40.157008" lon="-111.251898"></trkpt><trkpt lat="40.157062" lon="-111.251912"></trkpt><trkpt lat="40.156764" lon="-111.252147"></trkpt><trkpt lat="40.156795" lon="-111.252232"></trkpt><trkpt lat="40.156867" lon="-111.252236"></trkpt><trkpt lat="40.156835" lon="-111.252334"></trkpt><trkpt lat="40.156763" lon="-111.252327"></trkpt><trkpt lat="40.156682" lon="-111.252440"></trkpt><trkpt lat="40.156637" lon="-111.252438"></trkpt><trkpt lat="40.156353" lon="-111.252632"></trkpt><trkpt lat="40.156154" lon="-111.252913"></trkpt><trkpt lat="40.156100" lon="-111.253044"></trkpt><trkpt lat="40.155973" lon="-111.253119"></trkpt><trkpt lat="40.155811" lon="-111.253327"></trkpt><trkpt lat="40.155549" lon="-111.253527"></trkpt><trkpt lat="40.155490" lon="-111.253674"></trkpt><trkpt lat="40.155441" lon="-111.253662"></trkpt><trkpt lat="40.155382" lon="-111.253772"></trkpt><trkpt lat="40.155053" lon="-111.253860"></trkpt><trkpt lat="40.154909" lon="-111.253864"></trkpt><trkpt lat="40.154584" lon="-111.253805"></trkpt><trkpt lat="40.154377" lon="-111.253682"></trkpt><trkpt lat="40.154296" lon="-111.253880"></trkpt><trkpt lat="40.154359" lon="-111.253904"></trkpt><trkpt lat="40.154287" lon="-111.253988"></trkpt><trkpt lat="40.154309" lon="-111.254208"></trkpt><trkpt lat="40.154254" lon="-111.254243"></trkpt><trkpt lat="40.154056" lon="-111.254258"></trkpt><trkpt lat="40.153849" lon="-111.254463"></trkpt><trkpt lat="40.152911" lon="-111.254604"></trkpt><trkpt lat="40.152821" lon="-111.254643"></trkpt><trkpt lat="40.152591" lon="-111.254883"></trkpt><trkpt lat="40.152338" lon="-111.254917"></trkpt><trkpt lat="40.151987" lon="-111.255138"></trkpt><trkpt lat="40.151293" lon="-111.255259"></trkpt><trkpt lat="40.151225" lon="-111.255236"></trkpt><trkpt lat="40.151085" lon="-111.255332"></trkpt><trkpt lat="40.150950" lon="-111.255360"></trkpt><trkpt lat="40.150860" lon="-111.255328"></trkpt><trkpt lat="40.150810" lon="-111.255368"></trkpt><trkpt lat="40.150783" lon="-111.255334"></trkpt><trkpt lat="40.150409" lon="-111.255487"></trkpt><trkpt lat="40.150287" lon="-111.255501"></trkpt><trkpt lat="40.149972" lon="-111.255358"></trkpt><trkpt lat="40.149698" lon="-111.255045"></trkpt><trkpt lat="40.149406" lon="-111.254881"></trkpt><trkpt lat="40.148834" lon="-111.254902"></trkpt><trkpt lat="40.148838" lon="-111.254941"></trkpt><trkpt lat="40.148788" lon="-111.254990"></trkpt><trkpt lat="40.148644" lon="-111.255019"></trkpt><trkpt lat="40.148550" lon="-111.254929"></trkpt><trkpt lat="40.148383" lon="-111.254931"></trkpt><trkpt lat="40.148343" lon="-111.254962"></trkpt><trkpt lat="40.147860" lon="-111.254999"></trkpt><trkpt lat="40.147982" lon="-111.255036"></trkpt><trkpt lat="40.147734" lon="-111.255107"></trkpt><trkpt lat="40.147702" lon="-111.255164"></trkpt><trkpt lat="40.147513" lon="-111.255286"></trkpt><trkpt lat="40.147472" lon="-111.255352"></trkpt><trkpt lat="40.147702" lon="-111.255403"></trkpt><trkpt lat="40.147292" lon="-111.255494"></trkpt><trkpt lat="40.147120" lon="-111.255786"></trkpt><trkpt lat="40.147124" lon="-111.255898"></trkpt><trkpt lat="40.146872" lon="-111.256080"></trkpt><trkpt lat="40.146626" lon="-111.256094"></trkpt><trkpt lat="40.146543" lon="-111.256038"></trkpt><trkpt lat="40.146237" lon="-111.255996"></trkpt><trkpt lat="40.146197" lon="-111.255926"></trkpt><trkpt lat="40.145917" lon="-111.255913"></trkpt><trkpt lat="40.145804" lon="-111.256036"></trkpt><trkpt lat="40.146038" lon="-111.256107"></trkpt><trkpt lat="40.146029" lon="-111.256247"></trkpt><trkpt lat="40.145776" lon="-111.256245"></trkpt><trkpt lat="40.145745" lon="-111.256311"></trkpt><trkpt lat="40.145781" lon="-111.256335"></trkpt><trkpt lat="40.145691" lon="-111.256382"></trkpt><trkpt lat="40.145623" lon="-111.256364"></trkpt><trkpt lat="40.145515" lon="-111.256495"></trkpt><trkpt lat="40.145406" lon="-111.256545"></trkpt><trkpt lat="40.145316" lon="-111.256731"></trkpt><trkpt lat="40.145318" lon="-111.257058"></trkpt><trkpt lat="40.144981" lon="-111.257327"></trkpt><trkpt lat="40.144837" lon="-111.257385"></trkpt><trkpt lat="40.144719" lon="-111.257559"></trkpt><trkpt lat="40.144575" lon="-111.257614"></trkpt><trkpt lat="40.144255" lon="-111.257840"></trkpt><trkpt lat="40.144142" lon="-111.257859"></trkpt><trkpt lat="40.143948" lon="-111.257968"></trkpt><trkpt lat="40.143241" lon="-111.258058"></trkpt><trkpt lat="40.142889" lon="-111.258187"></trkpt><trkpt lat="40.142452" lon="-111.258445"></trkpt><trkpt lat="40.142334" lon="-111.258482"></trkpt><trkpt lat="40.142194" lon="-111.258615"></trkpt><trkpt lat="40.142000" lon="-111.258711"></trkpt><trkpt lat="40.141861" lon="-111.258831"></trkpt><trkpt lat="40.141612" lon="-111.259244"></trkpt><trkpt lat="40.141376" lon="-111.260094"></trkpt><trkpt lat="40.141127" lon="-111.260505"></trkpt><trkpt lat="40.140923" lon="-111.261232"></trkpt><trkpt lat="40.140441" lon="-111.261265"></trkpt><trkpt lat="40.140066" lon="-111.261559"></trkpt><trkpt lat="40.139823" lon="-111.261600"></trkpt><trkpt lat="40.139661" lon="-111.261556"></trkpt><trkpt lat="40.139444" lon="-111.261698"></trkpt><trkpt lat="40.139250" lon="-111.261774"></trkpt><trkpt lat="40.138791" lon="-111.261807"></trkpt><trkpt lat="40.138236" lon="-111.261980"></trkpt><trkpt lat="40.137898" lon="-111.261977"></trkpt><trkpt lat="40.137758" lon="-111.262077"></trkpt><trkpt lat="40.137592" lon="-111.262114"></trkpt><trkpt lat="40.137483" lon="-111.262176"></trkpt><trkpt lat="40.136874" lon="-111.262867"></trkpt><trkpt lat="40.136788" lon="-111.263063"></trkpt><trkpt lat="40.136706" lon="-111.263109"></trkpt><trkpt lat="40.136575" lon="-111.263306"></trkpt><trkpt lat="40.136345" lon="-111.263529"></trkpt><trkpt lat="40.135464" lon="-111.264653"></trkpt><trkpt lat="40.135302" lon="-111.264737"></trkpt><trkpt lat="40.134877" lon="-111.265056"></trkpt><trkpt lat="40.134728" lon="-111.265292"></trkpt><trkpt lat="40.134449" lon="-111.265500"></trkpt><trkpt lat="40.134169" lon="-111.265644"></trkpt><trkpt lat="40.133975" lon="-111.265660"></trkpt><trkpt lat="40.133836" lon="-111.265604"></trkpt><trkpt lat="40.133533" lon="-111.265746"></trkpt><trkpt lat="40.133317" lon="-111.265745"></trkpt><trkpt lat="40.133128" lon="-111.265835"></trkpt><trkpt lat="40.132997" lon="-111.265949"></trkpt><trkpt lat="40.132803" lon="-111.266025"></trkpt><trkpt lat="40.132478" lon="-111.266251"></trkpt><trkpt lat="40.132158" lon="-111.266547"></trkpt><trkpt lat="40.131811" lon="-111.266438"></trkpt><trkpt lat="40.131532" lon="-111.266405"></trkpt><trkpt lat="40.131338" lon="-111.266321"></trkpt><trkpt lat="40.131050" lon="-111.266386"></trkpt><trkpt lat="40.130793" lon="-111.266367"></trkpt><trkpt lat="40.130627" lon="-111.266227"></trkpt><trkpt lat="40.130447" lon="-111.266136"></trkpt><trkpt lat="40.130240" lon="-111.265848"></trkpt><trkpt lat="40.130105" lon="-111.265751"></trkpt><trkpt lat="40.129975" lon="-111.265577"></trkpt><trkpt lat="40.129376" lon="-111.265303"></trkpt><trkpt lat="40.129088" lon="-111.265243"></trkpt><trkpt lat="40.128877" lon="-111.265248"></trkpt><trkpt lat="40.128764" lon="-111.265322"></trkpt><trkpt lat="40.128655" lon="-111.265462"></trkpt><trkpt lat="40.128565" lon="-111.265456"></trkpt><trkpt lat="40.128552" lon="-111.265501"></trkpt><trkpt lat="40.128399" lon="-111.265574"></trkpt><trkpt lat="40.128326" lon="-111.265517"></trkpt><trkpt lat="40.128047" lon="-111.265435"></trkpt><trkpt lat="40.127994" lon="-111.265094"></trkpt><trkpt lat="40.127926" lon="-111.265070"></trkpt><trkpt lat="40.127837" lon="-111.264948"></trkpt><trkpt lat="40.127725" lon="-111.264703"></trkpt><trkpt lat="40.127694" lon="-111.264418"></trkpt><trkpt lat="40.127807" lon="-111.264246"></trkpt><trkpt lat="40.127820" lon="-111.264204"></trkpt><trkpt lat="40.127780" lon="-111.264167"></trkpt><trkpt lat="40.127821" lon="-111.264090"></trkpt><trkpt lat="40.127762" lon="-111.263983"></trkpt><trkpt lat="40.127776" lon="-111.263855"></trkpt><trkpt lat="40.127628" lon="-111.263719"></trkpt><trkpt lat="40.127605" lon="-111.263653"></trkpt><trkpt lat="40.127458" lon="-111.263103"></trkpt><trkpt lat="40.127508" lon="-111.262992"></trkpt><trkpt lat="40.127409" lon="-111.262988"></trkpt><trkpt lat="40.127296" lon="-111.262877"></trkpt><trkpt lat="40.127234" lon="-111.262546"></trkpt><trkpt lat="40.127131" lon="-111.262335"></trkpt><trkpt lat="40.127072" lon="-111.262257"></trkpt><trkpt lat="40.126919" lon="-111.262182"></trkpt><trkpt lat="40.126830" lon="-111.261899"></trkpt><trkpt lat="40.126560" lon="-111.261663"></trkpt><trkpt lat="40.126444" lon="-111.261327"></trkpt><trkpt lat="40.126273" lon="-111.261148"></trkpt><trkpt lat="40.126206" lon="-111.260928"></trkpt><trkpt lat="40.126040" lon="-111.260660"></trkpt><trkpt lat="40.125951" lon="-111.260310"></trkpt><trkpt lat="40.125740" lon="-111.259867"></trkpt><trkpt lat="40.125637" lon="-111.259519"></trkpt><trkpt lat="40.125477" lon="-111.258541"></trkpt><trkpt lat="40.125378" lon="-111.258464"></trkpt><trkpt lat="40.125257" lon="-111.258426"></trkpt><trkpt lat="40.125054" lon="-111.258469"></trkpt><trkpt lat="40.124851" lon="-111.258554"></trkpt><trkpt lat="40.124720" lon="-111.258562"></trkpt><trkpt lat="40.124630" lon="-111.258513"></trkpt><trkpt lat="40.124446" lon="-111.258481"></trkpt><trkpt lat="40.124419" lon="-111.258448"></trkpt><trkpt lat="40.124072" lon="-111.258369"></trkpt><trkpt lat="40.123919" lon="-111.258295"></trkpt><trkpt lat="40.123748" lon="-111.258298"></trkpt><trkpt lat="40.123581" lon="-111.258324"></trkpt><trkpt lat="40.123482" lon="-111.258387"></trkpt><trkpt lat="40.123401" lon="-111.258348"></trkpt><trkpt lat="40.123103" lon="-111.258340"></trkpt><trkpt lat="40.122937" lon="-111.258366"></trkpt><trkpt lat="40.122580" lon="-111.258495"></trkpt><trkpt lat="40.122180" lon="-111.258496"></trkpt><trkpt lat="40.121999" lon="-111.258589"></trkpt><trkpt lat="40.121395" lon="-111.258744"></trkpt><trkpt lat="40.121229" lon="-111.258707"></trkpt><trkpt lat="40.121161" lon="-111.258742"></trkpt><trkpt lat="40.120810" lon="-111.258524"></trkpt><trkpt lat="40.120643" lon="-111.258553"></trkpt><trkpt lat="40.120427" lon="-111.258531"></trkpt><trkpt lat="40.120098" lon="-111.258641"></trkpt><trkpt lat="40.120003" lon="-111.258631"></trkpt><trkpt lat="40.119819" lon="-111.258680"></trkpt><trkpt lat="40.119613" lon="-111.258826"></trkpt><trkpt lat="40.119638" lon="-111.258707"></trkpt><trkpt lat="40.119585" lon="-111.258503"></trkpt><trkpt lat="40.119794" lon="-111.257786"></trkpt><trkpt lat="40.119780" lon="-111.257572"></trkpt><trkpt lat="40.119835" lon="-111.257167"></trkpt><trkpt lat="40.119787" lon="-111.256884"></trkpt><trkpt lat="40.119923" lon="-111.256167"></trkpt><trkpt lat="40.119848" lon="-111.255693"></trkpt><trkpt lat="40.119880" lon="-111.255269"></trkpt><trkpt lat="40.119818" lon="-111.255017"></trkpt><trkpt lat="40.119818" lon="-111.254854"></trkpt><trkpt lat="40.119755" lon="-111.254677"></trkpt><trkpt lat="40.119743" lon="-111.254347"></trkpt><trkpt lat="40.119689" lon="-111.254098"></trkpt><trkpt lat="40.119816" lon="-111.253614"></trkpt><trkpt lat="40.119894" lon="-111.252899"></trkpt><trkpt lat="40.119810" lon="-111.252448"></trkpt><trkpt lat="40.119784" lon="-111.251906"></trkpt><trkpt lat="40.119875" lon="-111.251669"></trkpt><trkpt lat="40.119938" lon="-111.251370"></trkpt><trkpt lat="40.120106" lon="-111.250998"></trkpt><trkpt lat="40.120088" lon="-111.250928"></trkpt><trkpt lat="40.120125" lon="-111.250622"></trkpt><trkpt lat="40.120233" lon="-111.250459"></trkpt><trkpt lat="40.120559" lon="-111.249655"></trkpt><trkpt lat="40.120700" lon="-111.249003"></trkpt><trkpt lat="40.120773" lon="-111.248818"></trkpt><trkpt lat="40.120805" lon="-111.248540"></trkpt><trkpt lat="40.120769" lon="-111.248322"></trkpt><trkpt lat="40.120792" lon="-111.248181"></trkpt><trkpt lat="40.120770" lon="-111.248019"></trkpt><trkpt lat="40.120802" lon="-111.247848"></trkpt><trkpt lat="40.120766" lon="-111.247712"></trkpt><trkpt lat="40.120590" lon="-111.247707"></trkpt><trkpt lat="40.120199" lon="-111.247486"></trkpt><trkpt lat="40.119925" lon="-111.247175"></trkpt><trkpt lat="40.119889" lon="-111.247077"></trkpt><trkpt lat="40.119907" lon="-111.246996"></trkpt><trkpt lat="40.119871" lon="-111.246927"></trkpt><trkpt lat="40.119786" lon="-111.246930"></trkpt><trkpt lat="40.119736" lon="-111.246899"></trkpt><trkpt lat="40.119363" lon="-111.246465"></trkpt><trkpt lat="40.119048" lon="-111.246364"></trkpt><trkpt lat="40.118796" lon="-111.246123"></trkpt><trkpt lat="40.118769" lon="-111.246130"></trkpt><trkpt lat="40.118724" lon="-111.246252"></trkpt><trkpt lat="40.118615" lon="-111.246812"></trkpt><trkpt lat="40.118632" lon="-111.247056"></trkpt><trkpt lat="40.118609" lon="-111.247212"></trkpt><trkpt lat="40.118464" lon="-111.247536"></trkpt><trkpt lat="40.118171" lon="-111.247853"></trkpt><trkpt lat="40.117860" lon="-111.247944"></trkpt><trkpt lat="40.117396" lon="-111.247803"></trkpt><trkpt lat="40.116905" lon="-111.247839"></trkpt><trkpt lat="40.116657" lon="-111.247939"></trkpt><trkpt lat="40.116414" lon="-111.247988"></trkpt><trkpt lat="40.116251" lon="-111.248097"></trkpt><trkpt lat="40.115733" lon="-111.248232"></trkpt><trkpt lat="40.115638" lon="-111.248319"></trkpt><trkpt lat="40.115521" lon="-111.248342"></trkpt><trkpt lat="40.115376" lon="-111.248510"></trkpt><trkpt lat="40.115106" lon="-111.248740"></trkpt><trkpt lat="40.114684" lon="-111.249879"></trkpt><trkpt lat="40.114458" lon="-111.250120"></trkpt><trkpt lat="40.114476" lon="-111.250358"></trkpt><trkpt lat="40.114277" lon="-111.250665"></trkpt><trkpt lat="40.114195" lon="-111.250981"></trkpt><trkpt lat="40.114253" lon="-111.251195"></trkpt><trkpt lat="40.114240" lon="-111.251359"></trkpt><trkpt lat="40.114181" lon="-111.251529"></trkpt><trkpt lat="40.114023" lon="-111.251732"></trkpt><trkpt lat="40.113820" lon="-111.251834"></trkpt><trkpt lat="40.113743" lon="-111.251839"></trkpt><trkpt lat="40.113676" lon="-111.251678"></trkpt><trkpt lat="40.113658" lon="-111.251372"></trkpt><trkpt lat="40.113605" lon="-111.251171"></trkpt><trkpt lat="40.113560" lon="-111.251071"></trkpt><trkpt lat="40.113394" lon="-111.250948"></trkpt><trkpt lat="40.113336" lon="-111.250842"></trkpt><trkpt lat="40.113371" lon="-111.250735"></trkpt><trkpt lat="40.113260" lon="-111.250403"></trkpt><trkpt lat="40.113125" lon="-111.250353"></trkpt><trkpt lat="40.113044" lon="-111.250274"></trkpt><trkpt lat="40.112451" lon="-111.249502"></trkpt><trkpt lat="40.112154" lon="-111.249009"></trkpt><trkpt lat="40.111762" lon="-111.249111"></trkpt><trkpt lat="40.111609" lon="-111.249011"></trkpt><trkpt lat="40.111348" lon="-111.249009"></trkpt><trkpt lat="40.111186" lon="-111.249118"></trkpt><trkpt lat="40.111077" lon="-111.249276"></trkpt><trkpt lat="40.110951" lon="-111.249346"></trkpt><trkpt lat="40.110821" lon="-111.249203"></trkpt><trkpt lat="40.110690" lon="-111.248938"></trkpt><trkpt lat="40.110255" lon="-111.248420"></trkpt><trkpt lat="40.109171" lon="-111.247620"></trkpt><trkpt lat="40.109058" lon="-111.247459"></trkpt><trkpt lat="40.108812" lon="-111.246949"></trkpt><trkpt lat="40.108789" lon="-111.246808"></trkpt><trkpt lat="40.108812" lon="-111.246564"></trkpt><trkpt lat="40.108767" lon="-111.246525"></trkpt><trkpt lat="40.108510" lon="-111.246626"></trkpt><trkpt lat="40.108204" lon="-111.246679"></trkpt><trkpt lat="40.107920" lon="-111.246840"></trkpt><trkpt lat="40.107659" lon="-111.246864"></trkpt><trkpt lat="40.107492" lon="-111.246923"></trkpt><trkpt lat="40.107154" lon="-111.246898"></trkpt><trkpt lat="40.107005" lon="-111.246852"></trkpt><trkpt lat="40.106498" lon="-111.246156"></trkpt><trkpt lat="40.106305" lon="-111.245718"></trkpt><trkpt lat="40.106243" lon="-111.245396"></trkpt><trkpt lat="40.105991" lon="-111.245067"></trkpt><trkpt lat="40.105847" lon="-111.245078"></trkpt><trkpt lat="40.105811" lon="-111.245023"></trkpt><trkpt lat="40.105752" lon="-111.245025"></trkpt><trkpt lat="40.105549" lon="-111.245132"></trkpt><trkpt lat="40.105351" lon="-111.245124"></trkpt><trkpt lat="40.105166" lon="-111.245289"></trkpt><trkpt lat="40.105012" lon="-111.245580"></trkpt><trkpt lat="40.104890" lon="-111.245953"></trkpt><trkpt lat="40.104889" lon="-111.246342"></trkpt><trkpt lat="40.104740" lon="-111.246642"></trkpt><trkpt lat="40.104631" lon="-111.247114"></trkpt><trkpt lat="40.104477" lon="-111.247343"></trkpt><trkpt lat="40.104427" lon="-111.247526"></trkpt><trkpt lat="40.104287" lon="-111.247730"></trkpt><trkpt lat="40.104061" lon="-111.248237"></trkpt><trkpt lat="40.103524" lon="-111.248669"></trkpt><trkpt lat="40.103416" lon="-111.248721"></trkpt><trkpt lat="40.103118" lon="-111.248788"></trkpt><trkpt lat="40.102735" lon="-111.248781"></trkpt><trkpt lat="40.102596" lon="-111.248673"></trkpt><trkpt lat="40.102421" lon="-111.248425"></trkpt><trkpt lat="40.101899" lon="-111.247937"></trkpt><trkpt lat="40.101616" lon="-111.247600"></trkpt><trkpt lat="40.101418" lon="-111.247323"></trkpt><trkpt lat="40.101338" lon="-111.247124"></trkpt><trkpt lat="40.101289" lon="-111.246756"></trkpt><trkpt lat="40.100871" lon="-111.246310"></trkpt><trkpt lat="40.100538" lon="-111.246104"></trkpt><trkpt lat="40.100421" lon="-111.245970"></trkpt><trkpt lat="40.100259" lon="-111.245905"></trkpt><trkpt lat="40.099948" lon="-111.245853"></trkpt><trkpt lat="40.099791" lon="-111.245735"></trkpt><trkpt lat="40.099575" lon="-111.245504"></trkpt><trkpt lat="40.099355" lon="-111.245163"></trkpt><trkpt lat="40.099180" lon="-111.244970"></trkpt><trkpt lat="40.099050" lon="-111.244478"></trkpt><trkpt lat="40.098987" lon="-111.244377"></trkpt><trkpt lat="40.098839" lon="-111.244180"></trkpt><trkpt lat="40.098776" lon="-111.244148"></trkpt><trkpt lat="40.098597" lon="-111.243865"></trkpt><trkpt lat="40.098529" lon="-111.243832"></trkpt><trkpt lat="40.098452" lon="-111.243857"></trkpt><trkpt lat="40.098318" lon="-111.243678"></trkpt><trkpt lat="40.098264" lon="-111.243690"></trkpt><trkpt lat="40.098137" lon="-111.243922"></trkpt><trkpt lat="40.098114" lon="-111.244184"></trkpt><trkpt lat="40.098000" lon="-111.244583"></trkpt><trkpt lat="40.097987" lon="-111.244732"></trkpt><trkpt lat="40.097769" lon="-111.245446"></trkpt><trkpt lat="40.097741" lon="-111.245676"></trkpt><trkpt lat="40.097696" lon="-111.245726"></trkpt><trkpt lat="40.097587" lon="-111.246032"></trkpt><trkpt lat="40.097578" lon="-111.246185"></trkpt><trkpt lat="40.097233" lon="-111.247383"></trkpt><trkpt lat="40.097169" lon="-111.247855"></trkpt><trkpt lat="40.097067" lon="-111.247986"></trkpt><trkpt lat="40.096965" lon="-111.248562"></trkpt><trkpt lat="40.096834" lon="-111.248738"></trkpt><trkpt lat="40.096675" lon="-111.249061"></trkpt><trkpt lat="40.096454" lon="-111.249281"></trkpt><trkpt lat="40.096287" lon="-111.249556"></trkpt><trkpt lat="40.096106" lon="-111.249906"></trkpt><trkpt lat="40.095875" lon="-111.250500"></trkpt><trkpt lat="40.095721" lon="-111.250749"></trkpt><trkpt lat="40.095689" lon="-111.250908"></trkpt><trkpt lat="40.095124" lon="-111.251904"></trkpt><trkpt lat="40.094989" lon="-111.252016"></trkpt><trkpt lat="40.094655" lon="-111.252405"></trkpt><trkpt lat="40.094392" lon="-111.252930"></trkpt><trkpt lat="40.094239" lon="-111.253084"></trkpt><trkpt lat="40.093837" lon="-111.253639"></trkpt><trkpt lat="40.093805" lon="-111.253755"></trkpt><trkpt lat="40.093344" lon="-111.254325"></trkpt><trkpt lat="40.093245" lon="-111.254488"></trkpt><trkpt lat="40.093086" lon="-111.254942"></trkpt><trkpt lat="40.092883" lon="-111.255082"></trkpt><trkpt lat="40.092833" lon="-111.255154"></trkpt><trkpt lat="40.092634" lon="-111.255629"></trkpt><trkpt lat="40.092611" lon="-111.255807"></trkpt><trkpt lat="40.092054" lon="-111.256930"></trkpt><trkpt lat="40.091810" lon="-111.257288"></trkpt><trkpt lat="40.091418" lon="-111.257645"></trkpt><trkpt lat="40.091201" lon="-111.257710"></trkpt><trkpt lat="40.090922" lon="-111.257629"></trkpt><trkpt lat="40.090661" lon="-111.257486"></trkpt><trkpt lat="40.090374" lon="-111.257145"></trkpt><trkpt lat="40.089933" lon="-111.256882"></trkpt><trkpt lat="40.089784" lon="-111.256749"></trkpt><trkpt lat="40.089506" lon="-111.256373"></trkpt><trkpt lat="40.089389" lon="-111.256268"></trkpt><trkpt lat="40.089250" lon="-111.255949"></trkpt><trkpt lat="40.089179" lon="-111.255677"></trkpt><trkpt lat="40.089130" lon="-111.255040"></trkpt><trkpt lat="40.088996" lon="-111.254516"></trkpt><trkpt lat="40.088926" lon="-111.253814"></trkpt><trkpt lat="40.088932" lon="-111.253052"></trkpt><trkpt lat="40.088839" lon="-111.252217"></trkpt><trkpt lat="40.088862" lon="-111.252034"></trkpt><trkpt lat="40.088773" lon="-111.251662"></trkpt><trkpt lat="40.088696" lon="-111.251662"></trkpt><trkpt lat="40.088692" lon="-111.251604"></trkpt><trkpt lat="40.088660" lon="-111.251596"></trkpt><trkpt lat="40.088186" lon="-111.252181"></trkpt><trkpt lat="40.087747" lon="-111.252981"></trkpt><trkpt lat="40.087608" lon="-111.253060"></trkpt><trkpt lat="40.087359" lon="-111.253403"></trkpt><trkpt lat="40.086976" lon="-111.253629"></trkpt><trkpt lat="40.086728" lon="-111.253701"></trkpt><trkpt lat="40.086317" lon="-111.253971"></trkpt><trkpt lat="40.086195" lon="-111.253999"></trkpt><trkpt lat="40.085907" lon="-111.254256"></trkpt><trkpt lat="40.085825" lon="-111.254384"></trkpt><trkpt lat="40.085532" lon="-111.254590"></trkpt><trkpt lat="40.085338" lon="-111.254669"></trkpt><trkpt lat="40.084960" lon="-111.254587"></trkpt><trkpt lat="40.084834" lon="-111.254507"></trkpt><trkpt lat="40.084573" lon="-111.254194"></trkpt><trkpt lat="40.084349" lon="-111.253734"></trkpt><trkpt lat="40.084196" lon="-111.253604"></trkpt><trkpt lat="40.084048" lon="-111.253388"></trkpt><trkpt lat="40.083907" lon="-111.252069"></trkpt><trkpt lat="40.083853" lon="-111.251896"></trkpt><trkpt lat="40.083727" lon="-111.251881"></trkpt><trkpt lat="40.083064" lon="-111.251981"></trkpt><trkpt lat="40.082776" lon="-111.251978"></trkpt><trkpt lat="40.082654" lon="-111.252033"></trkpt><trkpt lat="40.082393" lon="-111.252045"></trkpt><trkpt lat="40.082213" lon="-111.251979"></trkpt><trkpt lat="40.081885" lon="-111.251765"></trkpt><trkpt lat="40.081835" lon="-111.251701"></trkpt><trkpt lat="40.081619" lon="-111.251595"></trkpt><trkpt lat="40.081444" lon="-111.251435"></trkpt><trkpt lat="40.081331" lon="-111.251408"></trkpt><trkpt lat="40.081160" lon="-111.251280"></trkpt><trkpt lat="40.080625" lon="-111.251165"></trkpt><trkpt lat="40.080120" lon="-111.250962"></trkpt><trkpt lat="40.079882" lon="-111.250901"></trkpt><trkpt lat="40.079778" lon="-111.250921"></trkpt><trkpt lat="40.079571" lon="-111.250967"></trkpt><trkpt lat="40.079350" lon="-111.251109"></trkpt><trkpt lat="40.079219" lon="-111.251136"></trkpt><trkpt lat="40.079196" lon="-111.251232"></trkpt><trkpt lat="40.079272" lon="-111.251268"></trkpt><trkpt lat="40.079250" lon="-111.251368"></trkpt><trkpt lat="40.079268" lon="-111.251398"></trkpt><trkpt lat="40.079367" lon="-111.251383"></trkpt><trkpt lat="40.079502" lon="-111.251636"></trkpt><trkpt lat="40.079522" lon="-111.251768"></trkpt><trkpt lat="40.079393" lon="-111.251823"></trkpt><trkpt lat="40.079312" lon="-111.251940"></trkpt><trkpt lat="40.079221" lon="-111.252423"></trkpt><trkpt lat="40.079180" lon="-111.252485"></trkpt><trkpt lat="40.078946" lon="-111.252458"></trkpt><trkpt lat="40.078756" lon="-111.252585"></trkpt><trkpt lat="40.078599" lon="-111.252630"></trkpt><trkpt lat="40.078054" lon="-111.252533"></trkpt><trkpt lat="40.077833" lon="-111.252428"></trkpt><trkpt lat="40.077667" lon="-111.252463"></trkpt><trkpt lat="40.077608" lon="-111.252514"></trkpt><trkpt lat="40.077459" lon="-111.252443"></trkpt><trkpt lat="40.077378" lon="-111.252604"></trkpt><trkpt lat="40.077143" lon="-111.252778"></trkpt><trkpt lat="40.076940" lon="-111.253181"></trkpt><trkpt lat="40.076845" lon="-111.253241"></trkpt><trkpt lat="40.076664" lon="-111.253462"></trkpt><trkpt lat="40.076452" lon="-111.253894"></trkpt><trkpt lat="40.076203" lon="-111.254096"></trkpt><trkpt lat="40.076054" lon="-111.254322"></trkpt><trkpt lat="40.075693" lon="-111.254549"></trkpt><trkpt lat="40.075517" lon="-111.254717"></trkpt><trkpt lat="40.075102" lon="-111.254969"></trkpt><trkpt lat="40.074953" lon="-111.255028"></trkpt><trkpt lat="40.074710" lon="-111.255217"></trkpt><trkpt lat="40.074417" lon="-111.255293"></trkpt><trkpt lat="40.074290" lon="-111.255393"></trkpt><trkpt lat="40.074011" lon="-111.255376"></trkpt><trkpt lat="40.073903" lon="-111.255446"></trkpt><trkpt lat="40.073525" lon="-111.255387"></trkpt><trkpt lat="40.073223" lon="-111.255252"></trkpt><trkpt lat="40.072804" lon="-111.255152"></trkpt><trkpt lat="40.072466" lon="-111.255144"></trkpt><trkpt lat="40.072313" lon="-111.255201"></trkpt><trkpt lat="40.072052" lon="-111.255384"></trkpt><trkpt lat="40.071772" lon="-111.255486"></trkpt><trkpt lat="40.071650" lon="-111.255497"></trkpt><trkpt lat="40.071465" lon="-111.255629"></trkpt><trkpt lat="40.071285" lon="-111.255694"></trkpt><trkpt lat="40.071123" lon="-111.255708"></trkpt><trkpt lat="40.070978" lon="-111.255799"></trkpt><trkpt lat="40.070942" lon="-111.255881"></trkpt><trkpt lat="40.070762" lon="-111.255932"></trkpt><trkpt lat="40.070433" lon="-111.255905"></trkpt><trkpt lat="40.070249" lon="-111.255740"></trkpt><trkpt lat="40.069988" lon="-111.255662"></trkpt><trkpt lat="40.069771" lon="-111.255643"></trkpt><trkpt lat="40.069555" lon="-111.255666"></trkpt><trkpt lat="40.069461" lon="-111.255638"></trkpt><trkpt lat="40.069308" lon="-111.255535"></trkpt><trkpt lat="40.068881" lon="-111.254810"></trkpt><trkpt lat="40.068612" lon="-111.254447"></trkpt><trkpt lat="40.068482" lon="-111.254176"></trkpt><trkpt lat="40.068442" lon="-111.253978"></trkpt><trkpt lat="40.068254" lon="-111.253485"></trkpt><trkpt lat="40.068061" lon="-111.252808"></trkpt><trkpt lat="40.067964" lon="-111.252140"></trkpt><trkpt lat="40.067957" lon="-111.251111"></trkpt><trkpt lat="40.067913" lon="-111.250541"></trkpt><trkpt lat="40.067811" lon="-111.249961"></trkpt><trkpt lat="40.067694" lon="-111.249681"></trkpt><trkpt lat="40.067686" lon="-111.249584"></trkpt><trkpt lat="40.067591" lon="-111.249432"></trkpt><trkpt lat="40.067533" lon="-111.249190"></trkpt><trkpt lat="40.067534" lon="-111.248919"></trkpt><trkpt lat="40.067382" lon="-111.248069"></trkpt><trkpt lat="40.067347" lon="-111.247689"></trkpt><trkpt lat="40.067383" lon="-111.247522"></trkpt><trkpt lat="40.067334" lon="-111.247419"></trkpt><trkpt lat="40.067303" lon="-111.246995"></trkpt><trkpt lat="40.067196" lon="-111.246744"></trkpt><trkpt lat="40.066746" lon="-111.246551"></trkpt><trkpt lat="40.065562" lon="-111.246275"></trkpt><trkpt lat="40.065179" lon="-111.245993"></trkpt><trkpt lat="40.065080" lon="-111.245876"></trkpt><trkpt lat="40.064860" lon="-111.245731"></trkpt><trkpt lat="40.064757" lon="-111.245617"></trkpt><trkpt lat="40.064433" lon="-111.245412"></trkpt><trkpt lat="40.063973" lon="-111.245285"></trkpt><trkpt lat="40.063757" lon="-111.245286"></trkpt><trkpt lat="40.063595" lon="-111.245252"></trkpt><trkpt lat="40.063545" lon="-111.245294"></trkpt><trkpt lat="40.062991" lon="-111.245299"></trkpt><trkpt lat="40.062627" lon="-111.245205"></trkpt><trkpt lat="40.062546" lon="-111.245152"></trkpt><trkpt lat="40.062397" lon="-111.244972"></trkpt><trkpt lat="40.062267" lon="-111.244705"></trkpt><trkpt lat="40.062173" lon="-111.244605"></trkpt><trkpt lat="40.061859" lon="-111.243960"></trkpt><trkpt lat="40.061635" lon="-111.243670"></trkpt></trkseg></trk><trk><name>T029 AU6D793</name><trkseg><trkpt lat="40.208418" lon="-111.288456"></trkpt><trkpt lat="40.208187" lon="-111.288486"></trkpt><trkpt lat="40.207776" lon="-111.288939"></trkpt><trkpt lat="40.207601" lon="-111.289007"></trkpt><trkpt lat="40.207519" lon="-111.288989"></trkpt><trkpt lat="40.207285" lon="-111.289210"></trkpt><trkpt lat="40.207050" lon="-111.289269"></trkpt><trkpt lat="40.206856" lon="-111.289389"></trkpt><trkpt lat="40.206497" lon="-111.289038"></trkpt><trkpt lat="40.206214" lon="-111.288664"></trkpt><trkpt lat="40.205926" lon="-111.288374"></trkpt><trkpt lat="40.205850" lon="-111.288218"></trkpt><trkpt lat="40.205630" lon="-111.288073"></trkpt><trkpt lat="40.205423" lon="-111.288030"></trkpt><trkpt lat="40.205328" lon="-111.287952"></trkpt><trkpt lat="40.205256" lon="-111.287945"></trkpt><trkpt lat="40.204733" lon="-111.288320"></trkpt><trkpt lat="40.204602" lon="-111.288486"></trkpt><trkpt lat="40.204321" lon="-111.289178"></trkpt><trkpt lat="40.204235" lon="-111.289311"></trkpt><trkpt lat="40.204032" lon="-111.289438"></trkpt><trkpt lat="40.203829" lon="-111.289393"></trkpt><trkpt lat="40.203473" lon="-111.289608"></trkpt><trkpt lat="40.203355" lon="-111.289892"></trkpt><trkpt lat="40.203277" lon="-111.290258"></trkpt><trkpt lat="40.203205" lon="-111.290311"></trkpt><trkpt lat="40.203111" lon="-111.290262"></trkpt><trkpt lat="40.203048" lon="-111.290145"></trkpt><trkpt lat="40.202738" lon="-111.289884"></trkpt><trkpt lat="40.201773" lon="-111.288402"></trkpt><trkpt lat="40.201603" lon="-111.287971"></trkpt><trkpt lat="40.201496" lon="-111.287424"></trkpt><trkpt lat="40.201397" lon="-111.287219"></trkpt><trkpt lat="40.201125" lon="-111.286373"></trkpt><trkpt lat="40.200976" lon="-111.286250"></trkpt><trkpt lat="40.200589" lon="-111.286328"></trkpt><trkpt lat="40.200449" lon="-111.286193"></trkpt><trkpt lat="40.200427" lon="-111.286119"></trkpt><trkpt lat="40.200189" lon="-111.285790"></trkpt><trkpt lat="40.200135" lon="-111.285763"></trkpt><trkpt lat="40.200081" lon="-111.285658"></trkpt><trkpt lat="40.199650" lon="-111.285194"></trkpt><trkpt lat="40.199570" lon="-111.284812"></trkpt><trkpt lat="40.199377" lon="-111.284373"></trkpt><trkpt lat="40.199229" lon="-111.284187"></trkpt><trkpt lat="40.199126" lon="-111.284101"></trkpt><trkpt lat="40.198959" lon="-111.284071"></trkpt><trkpt lat="40.198622" lon="-111.283710"></trkpt><trkpt lat="40.198226" lon="-111.283412"></trkpt><trkpt lat="40.198087" lon="-111.283428"></trkpt><trkpt lat="40.197947" lon="-111.283526"></trkpt><trkpt lat="40.197731" lon="-111.283460"></trkpt><trkpt lat="40.197587" lon="-111.283346"></trkpt><trkpt lat="40.197474" lon="-111.283358"></trkpt><trkpt lat="40.197298" lon="-111.283447"></trkpt><trkpt lat="40.197181" lon="-111.283628"></trkpt><trkpt lat="40.197158" lon="-111.283738"></trkpt><trkpt lat="40.197175" lon="-111.284174"></trkpt><trkpt lat="40.197260" lon="-111.284497"></trkpt><trkpt lat="40.197349" lon="-111.284647"></trkpt><trkpt lat="40.197326" lon="-111.284819"></trkpt><trkpt lat="40.197362" lon="-111.285017"></trkpt><trkpt lat="40.197231" lon="-111.285169"></trkpt><trkpt lat="40.197136" lon="-111.285463"></trkpt><trkpt lat="40.197158" lon="-111.285617"></trkpt><trkpt lat="40.197040" lon="-111.285778"></trkpt><trkpt lat="40.196882" lon="-111.286150"></trkpt><trkpt lat="40.196394" lon="-111.286563"></trkpt><trkpt lat="40.196417" lon="-111.286595"></trkpt><trkpt lat="40.196398" lon="-111.286657"></trkpt><trkpt lat="40.196290" lon="-111.286692"></trkpt><trkpt lat="40.196281" lon="-111.286741"></trkpt><trkpt lat="40.196182" lon="-111.286830"></trkpt><trkpt lat="40.196046" lon="-111.286901"></trkpt><trkpt lat="40.195943" lon="-111.286887"></trkpt><trkpt lat="40.195861" lon="-111.287000"></trkpt><trkpt lat="40.195722" lon="-111.287107"></trkpt><trkpt lat="40.195406" lon="-111.287130"></trkpt><trkpt lat="40.195343" lon="-111.287209"></trkpt><trkpt lat="40.195293" lon="-111.287370"></trkpt><trkpt lat="40.195239" lon="-111.287404"></trkpt><trkpt lat="40.195167" lon="-111.287415"></trkpt><trkpt lat="40.194825" lon="-111.287238"></trkpt><trkpt lat="40.194555" lon="-111.286940"></trkpt><trkpt lat="40.194394" lon="-111.286671"></trkpt><trkpt lat="40.194021" lon="-111.286189"></trkpt><trkpt lat="40.193805" lon="-111.285961"></trkpt><trkpt lat="40.193558" lon="-111.285791"></trkpt><trkpt lat="40.193334" lon="-111.285473"></trkpt><trkpt lat="40.193167" lon="-111.285296"></trkpt><trkpt lat="40.193046" lon="-111.285099"></trkpt><trkpt lat="40.192952" lon="-111.284857"></trkpt><trkpt lat="40.192705" lon="-111.284463"></trkpt><trkpt lat="40.192513" lon="-111.283867"></trkpt><trkpt lat="40.192387" lon="-111.283638"></trkpt><trkpt lat="40.192122" lon="-111.283348"></trkpt><trkpt lat="40.191947" lon="-111.283254"></trkpt><trkpt lat="40.191830" lon="-111.282992"></trkpt><trkpt lat="40.191624" lon="-111.282756"></trkpt><trkpt lat="40.191435" lon="-111.282683"></trkpt><trkpt lat="40.191359" lon="-111.282460"></trkpt><trkpt lat="40.191296" lon="-111.282432"></trkpt><trkpt lat="40.191269" lon="-111.282370"></trkpt><trkpt lat="40.191296" lon="-111.282237"></trkpt><trkpt lat="40.191283" lon="-111.282048"></trkpt><trkpt lat="40.191167" lon="-111.281737"></trkpt><trkpt lat="40.191149" lon="-111.281447"></trkpt><trkpt lat="40.191006" lon="-111.281083"></trkpt><trkpt lat="40.191065" lon="-111.280920"></trkpt><trkpt lat="40.191129" lon="-111.280458"></trkpt><trkpt lat="40.191121" lon="-111.280157"></trkpt><trkpt lat="40.191177" lon="-111.279313"></trkpt><trkpt lat="40.191272" lon="-111.279205"></trkpt><trkpt lat="40.191553" lon="-111.278499"></trkpt><trkpt lat="40.191634" lon="-111.278367"></trkpt><trkpt lat="40.191621" lon="-111.278302"></trkpt><trkpt lat="40.191775" lon="-111.277823"></trkpt><trkpt lat="40.192114" lon="-111.277390"></trkpt><trkpt lat="40.192375" lon="-111.277436"></trkpt><trkpt lat="40.192448" lon="-111.277381"></trkpt><trkpt lat="40.192323" lon="-111.276833"></trkpt><trkpt lat="40.192278" lon="-111.276756"></trkpt><trkpt lat="40.192233" lon="-111.276748"></trkpt><trkpt lat="40.192161" lon="-111.276551"></trkpt><trkpt lat="40.192040" lon="-111.276400"></trkpt><trkpt lat="40.191986" lon="-111.276246"></trkpt><trkpt lat="40.191996" lon="-111.276137"></trkpt><trkpt lat="40.191906" lon="-111.275972"></trkpt><trkpt lat="40.191821" lon="-111.275710"></trkpt><trkpt lat="40.191673" lon="-111.275463"></trkpt><trkpt lat="40.191520" lon="-111.275145"></trkpt><trkpt lat="40.191521" lon="-111.275092"></trkpt><trkpt lat="40.191179" lon="-111.274589"></trkpt><trkpt lat="40.190969" lon="-111.274040"></trkpt><trkpt lat="40.190717" lon="-111.273858"></trkpt><trkpt lat="40.190555" lon="-111.273810"></trkpt><trkpt lat="40.190348" lon="-111.273675"></trkpt><trkpt lat="40.190097" lon="-111.273364"></trkpt><trkpt lat="40.189850" lon="-111.272981"></trkpt><trkpt lat="40.189562" lon="-111.272861"></trkpt><trkpt lat="40.189360" lon="-111.272544"></trkpt><trkpt lat="40.188869" lon="-111.272247"></trkpt><trkpt lat="40.188735" lon="-111.271996"></trkpt><trkpt lat="40.188564" lon="-111.271822"></trkpt><trkpt lat="40.188335" lon="-111.271665"></trkpt><trkpt lat="40.188119" lon="-111.271622"></trkpt><trkpt lat="40.187853" lon="-111.271651"></trkpt><trkpt lat="40.187726" lon="-111.271751"></trkpt><trkpt lat="40.187658" lon="-111.271897"></trkpt><trkpt lat="40.187388" lon="-111.272013"></trkpt><trkpt lat="40.187118" lon="-111.272042"></trkpt><trkpt lat="40.186621" lon="-111.272304"></trkpt><trkpt lat="40.186287" lon="-111.272727"></trkpt><trkpt lat="40.186129" lon="-111.272852"></trkpt><trkpt lat="40.185826" lon="-111.273226"></trkpt><trkpt lat="40.185700" lon="-111.273328"></trkpt><trkpt lat="40.185132" lon="-111.273588"></trkpt><trkpt lat="40.184722" lon="-111.273598"></trkpt><trkpt lat="40.184505" lon="-111.273663"></trkpt><trkpt lat="40.184316" lon="-111.273588"></trkpt><trkpt lat="40.184186" lon="-111.273432"></trkpt><trkpt lat="40.184011" lon="-111.273161"></trkpt><trkpt lat="40.183783" lon="-111.272659"></trkpt><trkpt lat="40.183769" lon="-111.272520"></trkpt><trkpt lat="40.183834" lon="-111.271971"></trkpt><trkpt lat="40.183776" lon="-111.271670"></trkpt><trkpt lat="40.183587" lon="-111.271414"></trkpt><trkpt lat="40.183443" lon="-111.271349"></trkpt><trkpt lat="40.183141" lon="-111.271389"></trkpt><trkpt lat="40.182921" lon="-111.271137"></trkpt><trkpt lat="40.182759" lon="-111.271050"></trkpt><trkpt lat="40.182580" lon="-111.270802"></trkpt><trkpt lat="40.182053" lon="-111.270497"></trkpt><trkpt lat="40.181760" lon="-111.270665"></trkpt><trkpt lat="40.181566" lon="-111.270994"></trkpt><trkpt lat="40.181331" lon="-111.271089"></trkpt><trkpt lat="40.181056" lon="-111.271259"></trkpt><trkpt lat="40.180834" lon="-111.271578"></trkpt><trkpt lat="40.180717" lon="-111.271832"></trkpt><trkpt lat="40.180716" lon="-111.271985"></trkpt><trkpt lat="40.180475" lon="-111.272972"></trkpt><trkpt lat="40.180466" lon="-111.273262"></trkpt><trkpt lat="40.180402" lon="-111.273413"></trkpt><trkpt lat="40.180356" lon="-111.273682"></trkpt><trkpt lat="40.180549" lon="-111.274009"></trkpt><trkpt lat="40.180724" lon="-111.274418"></trkpt><trkpt lat="40.180760" lon="-111.274641"></trkpt><trkpt lat="40.180732" lon="-111.274785"></trkpt><trkpt lat="40.180570" lon="-111.275010"></trkpt><trkpt lat="40.180506" lon="-111.275151"></trkpt><trkpt lat="40.180326" lon="-111.275314"></trkpt><trkpt lat="40.180195" lon="-111.275377"></trkpt><trkpt lat="40.180204" lon="-111.275436"></trkpt><trkpt lat="40.180145" lon="-111.275516"></trkpt><trkpt lat="40.180037" lon="-111.275557"></trkpt><trkpt lat="40.180027" lon="-111.275647"></trkpt><trkpt lat="40.179888" lon="-111.275757"></trkpt><trkpt lat="40.179535" lon="-111.276346"></trkpt><trkpt lat="40.179516" lon="-111.276479"></trkpt><trkpt lat="40.179290" lon="-111.276935"></trkpt><trkpt lat="40.179173" lon="-111.277083"></trkpt><trkpt lat="40.179082" lon="-111.277144"></trkpt><trkpt lat="40.179024" lon="-111.277252"></trkpt><trkpt lat="40.178608" lon="-111.277622"></trkpt><trkpt lat="40.178499" lon="-111.277896"></trkpt><trkpt lat="40.178382" lon="-111.278014"></trkpt><trkpt lat="40.178043" lon="-111.278497"></trkpt><trkpt lat="40.177854" lon="-111.278630"></trkpt><trkpt lat="40.177840" lon="-111.278726"></trkpt><trkpt lat="40.177727" lon="-111.278880"></trkpt><trkpt lat="40.177627" lon="-111.279094"></trkpt><trkpt lat="40.177284" lon="-111.279426"></trkpt><trkpt lat="40.177135" lon="-111.279635"></trkpt><trkpt lat="40.177022" lon="-111.279654"></trkpt><trkpt lat="40.174721" lon="-111.281095"></trkpt><trkpt lat="40.174405" lon="-111.281308"></trkpt><trkpt lat="40.173629" lon="-111.282018"></trkpt><trkpt lat="40.173291" lon="-111.282168"></trkpt><trkpt lat="40.172957" lon="-111.282177"></trkpt><trkpt lat="40.172782" lon="-111.282067"></trkpt><trkpt lat="40.172597" lon="-111.282056"></trkpt><trkpt lat="40.172498" lon="-111.282002"></trkpt><trkpt lat="40.172368" lon="-111.281984"></trkpt><trkpt lat="40.172138" lon="-111.281813"></trkpt><trkpt lat="40.171972" lon="-111.281615"></trkpt><trkpt lat="40.171734" lon="-111.281512"></trkpt><trkpt lat="40.171653" lon="-111.281283"></trkpt><trkpt lat="40.171644" lon="-111.281141"></trkpt><trkpt lat="40.171456" lon="-111.280776"></trkpt><trkpt lat="40.171430" lon="-111.280544"></trkpt><trkpt lat="40.171299" lon="-111.280381"></trkpt><trkpt lat="40.171232" lon="-111.280229"></trkpt><trkpt lat="40.171089" lon="-111.279740"></trkpt><trkpt lat="40.170959" lon="-111.279694"></trkpt><trkpt lat="40.170738" lon="-111.279827"></trkpt><trkpt lat="40.170607" lon="-111.279842"></trkpt><trkpt lat="40.170476" lon="-111.279796"></trkpt><trkpt lat="40.170211" lon="-111.279545"></trkpt><trkpt lat="40.169973" lon="-111.279463"></trkpt><trkpt lat="40.169730" lon="-111.279138"></trkpt><trkpt lat="40.169699" lon="-111.278886"></trkpt><trkpt lat="40.169763" lon="-111.278540"></trkpt><trkpt lat="40.169679" lon="-111.277908"></trkpt><trkpt lat="40.169693" lon="-111.277708"></trkpt><trkpt lat="40.169576" lon="-111.277490"></trkpt><trkpt lat="40.169504" lon="-111.277419"></trkpt><trkpt lat="40.169217" lon="-111.277258"></trkpt><trkpt lat="40.169208" lon="-111.277088"></trkpt><trkpt lat="40.169258" lon="-111.276927"></trkpt><trkpt lat="40.169106" lon="-111.276569"></trkpt><trkpt lat="40.169065" lon="-111.276396"></trkpt><trkpt lat="40.169040" lon="-111.275756"></trkpt><trkpt lat="40.169009" lon="-111.275651"></trkpt><trkpt lat="40.168928" lon="-111.275567"></trkpt><trkpt lat="40.168703" lon="-111.275467"></trkpt><trkpt lat="40.168554" lon="-111.275500"></trkpt><trkpt lat="40.168095" lon="-111.275452"></trkpt><trkpt lat="40.167991" lon="-111.275491"></trkpt><trkpt lat="40.167874" lon="-111.275474"></trkpt><trkpt lat="40.167680" lon="-111.275585"></trkpt><trkpt lat="40.167473" lon="-111.275567"></trkpt><trkpt lat="40.167288" lon="-111.275614"></trkpt><trkpt lat="40.167144" lon="-111.275689"></trkpt><trkpt lat="40.166526" lon="-111.275881"></trkpt><trkpt lat="40.166251" lon="-111.275829"></trkpt><trkpt lat="40.165868" lon="-111.275866"></trkpt><trkpt lat="40.165697" lon="-111.275842"></trkpt><trkpt lat="40.165612" lon="-111.275809"></trkpt><trkpt lat="40.165441" lon="-111.275624"></trkpt><trkpt lat="40.165112" lon="-111.275484"></trkpt><trkpt lat="40.164855" lon="-111.275553"></trkpt><trkpt lat="40.164756" lon="-111.275729"></trkpt><trkpt lat="40.164639" lon="-111.275757"></trkpt><trkpt lat="40.164580" lon="-111.275695"></trkpt><trkpt lat="40.164580" lon="-111.275623"></trkpt><trkpt lat="40.164518" lon="-111.275553"></trkpt><trkpt lat="40.164451" lon="-111.275540"></trkpt></trkseg></trk><trk><name>T030 AU6D793</name><trkseg><trkpt lat="40.084197" lon="-111.354664"></trkpt><trkpt lat="40.083867" lon="-111.355056"></trkpt><trkpt lat="40.083840" lon="-111.355169"></trkpt><trkpt lat="40.083871" lon="-111.355234"></trkpt><trkpt lat="40.083808" lon="-111.355347"></trkpt><trkpt lat="40.083727" lon="-111.355399"></trkpt><trkpt lat="40.083434" lon="-111.355245"></trkpt><trkpt lat="40.083101" lon="-111.355223"></trkpt><trkpt lat="40.082907" lon="-111.355270"></trkpt><trkpt lat="40.082610" lon="-111.355210"></trkpt><trkpt lat="40.082461" lon="-111.355234"></trkpt><trkpt lat="40.082069" lon="-111.355417"></trkpt><trkpt lat="40.081942" lon="-111.355538"></trkpt><trkpt lat="40.081586" lon="-111.355658"></trkpt><trkpt lat="40.081378" lon="-111.355804"></trkpt><trkpt lat="40.081184" lon="-111.355886"></trkpt><trkpt lat="40.080792" lon="-111.355866"></trkpt><trkpt lat="40.080243" lon="-111.355758"></trkpt><trkpt lat="40.080009" lon="-111.355682"></trkpt><trkpt lat="40.079731" lon="-111.355438"></trkpt><trkpt lat="40.079357" lon="-111.355193"></trkpt><trkpt lat="40.079137" lon="-111.355078"></trkpt><trkpt lat="40.079056" lon="-111.355077"></trkpt><trkpt lat="40.079056" lon="-111.355113"></trkpt><trkpt lat="40.078934" lon="-111.355044"></trkpt><trkpt lat="40.077551" lon="-111.353811"></trkpt><trkpt lat="40.077452" lon="-111.353760"></trkpt><trkpt lat="40.077370" lon="-111.353814"></trkpt><trkpt lat="40.077285" lon="-111.353762"></trkpt><trkpt lat="40.077151" lon="-111.353450"></trkpt><trkpt lat="40.076953" lon="-111.353263"></trkpt><trkpt lat="40.076666" lon="-111.352752"></trkpt><trkpt lat="40.076451" lon="-111.352619"></trkpt><trkpt lat="40.076240" lon="-111.352351"></trkpt><trkpt lat="40.076217" lon="-111.352238"></trkpt><trkpt lat="40.075925" lon="-111.351970"></trkpt><trkpt lat="40.075791" lon="-111.351789"></trkpt><trkpt lat="40.075687" lon="-111.351732"></trkpt><trkpt lat="40.075405" lon="-111.351271"></trkpt><trkpt lat="40.075329" lon="-111.351045"></trkpt><trkpt lat="40.075262" lon="-111.351020"></trkpt><trkpt lat="40.074759" lon="-111.350536"></trkpt><trkpt lat="40.074687" lon="-111.350273"></trkpt><trkpt lat="40.074539" lon="-111.350003"></trkpt><trkpt lat="40.074256" lon="-111.349974"></trkpt><trkpt lat="40.073748" lon="-111.349584"></trkpt><trkpt lat="40.073483" lon="-111.349208"></trkpt><trkpt lat="40.073416" lon="-111.349065"></trkpt><trkpt lat="40.073385" lon="-111.348870"></trkpt><trkpt lat="40.072733" lon="-111.348346"></trkpt><trkpt lat="40.072451" lon="-111.347928"></trkpt><trkpt lat="40.072356" lon="-111.347901"></trkpt><trkpt lat="40.072181" lon="-111.347784"></trkpt><trkpt lat="40.071588" lon="-111.347302"></trkpt><trkpt lat="40.071063" lon="-111.346667"></trkpt><trkpt lat="40.070924" lon="-111.346451"></trkpt><trkpt lat="40.070519" lon="-111.346246"></trkpt><trkpt lat="40.070339" lon="-111.345945"></trkpt><trkpt lat="40.070273" lon="-111.345655"></trkpt><trkpt lat="40.069707" lon="-111.345116"></trkpt><trkpt lat="40.069131" lon="-111.344713"></trkpt><trkpt lat="40.069096" lon="-111.344604"></trkpt><trkpt lat="40.068498" lon="-111.343979"></trkpt><trkpt lat="40.068305" lon="-111.343908"></trkpt><trkpt lat="40.068072" lon="-111.343555"></trkpt><trkpt lat="40.068004" lon="-111.343382"></trkpt><trkpt lat="40.068023" lon="-111.343152"></trkpt><trkpt lat="40.067548" lon="-111.342349"></trkpt><trkpt lat="40.067193" lon="-111.341922"></trkpt><trkpt lat="40.066898" lon="-111.341375"></trkpt><trkpt lat="40.066516" lon="-111.341099"></trkpt><trkpt lat="40.066363" lon="-111.340814"></trkpt><trkpt lat="40.066192" lon="-111.340715"></trkpt><trkpt lat="40.065765" lon="-111.340378"></trkpt><trkpt lat="40.065380" lon="-111.339793"></trkpt><trkpt lat="40.064903" lon="-111.339415"></trkpt><trkpt lat="40.064450" lon="-111.338665"></trkpt><trkpt lat="40.064190" lon="-111.338364"></trkpt><trkpt lat="40.064034" lon="-111.337784"></trkpt><trkpt lat="40.064052" lon="-111.337713"></trkpt><trkpt lat="40.064013" lon="-111.337206"></trkpt><trkpt lat="40.063879" lon="-111.336999"></trkpt><trkpt lat="40.063826" lon="-111.336604"></trkpt><trkpt lat="40.063525" lon="-111.336197"></trkpt><trkpt lat="40.063219" lon="-111.335974"></trkpt><trkpt lat="40.063040" lon="-111.335771"></trkpt><trkpt lat="40.062855" lon="-111.335777"></trkpt><trkpt lat="40.062571" lon="-111.335703"></trkpt><trkpt lat="40.062203" lon="-111.335263"></trkpt><trkpt lat="40.062077" lon="-111.335245"></trkpt><trkpt lat="40.061934" lon="-111.335015"></trkpt><trkpt lat="40.061794" lon="-111.334894"></trkpt><trkpt lat="40.061673" lon="-111.334674"></trkpt><trkpt lat="40.061328" lon="-111.334329"></trkpt><trkpt lat="40.061220" lon="-111.334149"></trkpt><trkpt lat="40.060906" lon="-111.333841"></trkpt><trkpt lat="40.060865" lon="-111.333731"></trkpt><trkpt lat="40.060726" lon="-111.333633"></trkpt><trkpt lat="40.060421" lon="-111.333170"></trkpt><trkpt lat="40.060250" lon="-111.333032"></trkpt><trkpt lat="40.059805" lon="-111.332819"></trkpt><trkpt lat="40.059557" lon="-111.332749"></trkpt><trkpt lat="40.059387" lon="-111.332573"></trkpt><trkpt lat="40.059292" lon="-111.332554"></trkpt><trkpt lat="40.059229" lon="-111.332385"></trkpt><trkpt lat="40.059104" lon="-111.332207"></trkpt><trkpt lat="40.058655" lon="-111.331657"></trkpt><trkpt lat="40.057791" lon="-111.331093"></trkpt><trkpt lat="40.057459" lon="-111.330754"></trkpt><trkpt lat="40.057203" lon="-111.330414"></trkpt><trkpt lat="40.056448" lon="-111.330041"></trkpt><trkpt lat="40.056250" lon="-111.329803"></trkpt><trkpt lat="40.055864" lon="-111.329453"></trkpt><trkpt lat="40.055702" lon="-111.329200"></trkpt><trkpt lat="40.055451" lon="-111.328781"></trkpt><trkpt lat="40.055205" lon="-111.328010"></trkpt><trkpt lat="40.054856" lon="-111.327373"></trkpt><trkpt lat="40.054704" lon="-111.326992"></trkpt><trkpt lat="40.054497" lon="-111.326795"></trkpt><trkpt lat="40.054551" lon="-111.326670"></trkpt><trkpt lat="40.054521" lon="-111.326458"></trkpt><trkpt lat="40.054458" lon="-111.326327"></trkpt><trkpt lat="40.054238" lon="-111.326018"></trkpt><trkpt lat="40.054121" lon="-111.325911"></trkpt><trkpt lat="40.054049" lon="-111.325769"></trkpt><trkpt lat="40.053992" lon="-111.325411"></trkpt><trkpt lat="40.053845" lon="-111.324913"></trkpt><trkpt lat="40.053755" lon="-111.324792"></trkpt><trkpt lat="40.053545" lon="-111.324234"></trkpt><trkpt lat="40.053550" lon="-111.323966"></trkpt><trkpt lat="40.053510" lon="-111.323830"></trkpt><trkpt lat="40.053469" lon="-111.323827"></trkpt><trkpt lat="40.053231" lon="-111.323502"></trkpt><trkpt lat="40.053105" lon="-111.323441"></trkpt><trkpt lat="40.052899" lon="-111.323065"></trkpt><trkpt lat="40.052782" lon="-111.323108"></trkpt><trkpt lat="40.052621" lon="-111.322829"></trkpt><trkpt lat="40.052702" lon="-111.322695"></trkpt><trkpt lat="40.052630" lon="-111.322518"></trkpt><trkpt lat="40.052735" lon="-111.322340"></trkpt><trkpt lat="40.052614" lon="-111.322115"></trkpt><trkpt lat="40.052726" lon="-111.322015"></trkpt><trkpt lat="40.052736" lon="-111.321897"></trkpt><trkpt lat="40.052633" lon="-111.321517"></trkpt><trkpt lat="40.052480" lon="-111.321433"></trkpt><trkpt lat="40.052427" lon="-111.321300"></trkpt><trkpt lat="40.052436" lon="-111.321161"></trkpt><trkpt lat="40.052373" lon="-111.320970"></trkpt><trkpt lat="40.052203" lon="-111.320752"></trkpt><trkpt lat="40.052311" lon="-111.320646"></trkpt><trkpt lat="40.052285" lon="-111.320493"></trkpt><trkpt lat="40.052177" lon="-111.320321"></trkpt><trkpt lat="40.051948" lon="-111.320199"></trkpt><trkpt lat="40.051832" lon="-111.319796"></trkpt><trkpt lat="40.051683" lon="-111.319650"></trkpt><trkpt lat="40.051657" lon="-111.319444"></trkpt><trkpt lat="40.051694" lon="-111.319202"></trkpt><trkpt lat="40.051595" lon="-111.319162"></trkpt><trkpt lat="40.051478" lon="-111.318875"></trkpt><trkpt lat="40.051501" lon="-111.318684"></trkpt><trkpt lat="40.051344" lon="-111.318542"></trkpt><trkpt lat="40.051305" lon="-111.318105"></trkpt><trkpt lat="40.051224" lon="-111.317868"></trkpt><trkpt lat="40.051162" lon="-111.317502"></trkpt><trkpt lat="40.051086" lon="-111.317356"></trkpt><trkpt lat="40.051029" lon="-111.316939"></trkpt><trkpt lat="40.050953" lon="-111.316702"></trkpt><trkpt lat="40.051079" lon="-111.316498"></trkpt><trkpt lat="40.051089" lon="-111.316354"></trkpt><trkpt lat="40.051188" lon="-111.316259"></trkpt><trkpt lat="40.051202" lon="-111.316068"></trkpt><trkpt lat="40.051279" lon="-111.315960"></trkpt><trkpt lat="40.051322" lon="-111.315232"></trkpt><trkpt lat="40.051489" lon="-111.314827"></trkpt><trkpt lat="40.051760" lon="-111.314493"></trkpt><trkpt lat="40.051879" lon="-111.313965"></trkpt><trkpt lat="40.051907" lon="-111.313465"></trkpt><trkpt lat="40.052053" lon="-111.313059"></trkpt><trkpt lat="40.052108" lon="-111.312615"></trkpt><trkpt lat="40.052105" lon="-111.312210"></trkpt><trkpt lat="40.052218" lon="-111.311833"></trkpt><trkpt lat="40.052436" lon="-111.311393"></trkpt><trkpt lat="40.052454" lon="-111.311207"></trkpt><trkpt lat="40.052526" lon="-111.311122"></trkpt><trkpt lat="40.052509" lon="-111.310932"></trkpt><trkpt lat="40.052685" lon="-111.310720"></trkpt><trkpt lat="40.052718" lon="-111.310353"></trkpt><trkpt lat="40.052831" lon="-111.310139"></trkpt><trkpt lat="40.052890" lon="-111.309929"></trkpt><trkpt lat="40.053017" lon="-111.309752"></trkpt><trkpt lat="40.053008" lon="-111.309655"></trkpt><trkpt lat="40.053573" lon="-111.308948"></trkpt><trkpt lat="40.053831" lon="-111.308356"></trkpt><trkpt lat="40.053926" lon="-111.308301"></trkpt><trkpt lat="40.054044" lon="-111.308033"></trkpt><trkpt lat="40.054111" lon="-111.307998"></trkpt><trkpt lat="40.054229" lon="-111.307761"></trkpt><trkpt lat="40.054253" lon="-111.307409"></trkpt><trkpt lat="40.054326" lon="-111.306987"></trkpt><trkpt lat="40.054282" lon="-111.306603"></trkpt><trkpt lat="40.054224" lon="-111.306410"></trkpt><trkpt lat="40.054274" lon="-111.306320"></trkpt><trkpt lat="40.054306" lon="-111.305878"></trkpt><trkpt lat="40.054501" lon="-111.305649"></trkpt><trkpt lat="40.054555" lon="-111.305445"></trkpt><trkpt lat="40.054736" lon="-111.305334"></trkpt><trkpt lat="40.054782" lon="-111.304965"></trkpt><trkpt lat="40.054923" lon="-111.304326"></trkpt><trkpt lat="40.054919" lon="-111.304119"></trkpt><trkpt lat="40.054978" lon="-111.303910"></trkpt><trkpt lat="40.054929" lon="-111.303722"></trkpt><trkpt lat="40.054934" lon="-111.303552"></trkpt><trkpt lat="40.055002" lon="-111.303370"></trkpt><trkpt lat="40.055074" lon="-111.303289"></trkpt><trkpt lat="40.055016" lon="-111.303067"></trkpt><trkpt lat="40.055193" lon="-111.302683"></trkpt><trkpt lat="40.055289" lon="-111.302043"></trkpt><trkpt lat="40.055281" lon="-111.301771"></trkpt><trkpt lat="40.055340" lon="-111.301508"></trkpt><trkpt lat="40.055522" lon="-111.301127"></trkpt><trkpt lat="40.055603" lon="-111.300850"></trkpt><trkpt lat="40.055514" lon="-111.300484"></trkpt><trkpt lat="40.055258" lon="-111.298393"></trkpt><trkpt lat="40.055336" lon="-111.297985"></trkpt><trkpt lat="40.055359" lon="-111.297628"></trkpt><trkpt lat="40.055334" lon="-111.297079"></trkpt><trkpt lat="40.055379" lon="-111.296964"></trkpt><trkpt lat="40.055460" lon="-111.296897"></trkpt><trkpt lat="40.055677" lon="-111.296902"></trkpt><trkpt lat="40.056034" lon="-111.296387"></trkpt><trkpt lat="40.056255" lon="-111.296261"></trkpt><trkpt lat="40.056359" lon="-111.296144"></trkpt><trkpt lat="40.056431" lon="-111.295998"></trkpt><trkpt lat="40.056548" lon="-111.295928"></trkpt><trkpt lat="40.056693" lon="-111.295698"></trkpt><trkpt lat="40.057054" lon="-111.295414"></trkpt><trkpt lat="40.057127" lon="-111.295236"></trkpt><trkpt lat="40.057335" lon="-111.294976"></trkpt><trkpt lat="40.057616" lon="-111.294380"></trkpt><trkpt lat="40.057923" lon="-111.293848"></trkpt><trkpt lat="40.057987" lon="-111.293554"></trkpt><trkpt lat="40.058150" lon="-111.293252"></trkpt><trkpt lat="40.058268" lon="-111.292907"></trkpt><trkpt lat="40.058372" lon="-111.292775"></trkpt><trkpt lat="40.058426" lon="-111.292630"></trkpt><trkpt lat="40.058432" lon="-111.292246"></trkpt><trkpt lat="40.058546" lon="-111.291835"></trkpt><trkpt lat="40.058505" lon="-111.291745"></trkpt><trkpt lat="40.058678" lon="-111.291197"></trkpt><trkpt lat="40.058675" lon="-111.290657"></trkpt><trkpt lat="40.058635" lon="-111.290221"></trkpt><trkpt lat="40.058731" lon="-111.289852"></trkpt><trkpt lat="40.058634" lon="-111.289019"></trkpt><trkpt lat="40.058549" lon="-111.288628"></trkpt><trkpt lat="40.058609" lon="-111.287922"></trkpt><trkpt lat="40.058579" lon="-111.287580"></trkpt><trkpt lat="40.058525" lon="-111.287403"></trkpt><trkpt lat="40.058381" lon="-111.287205"></trkpt><trkpt lat="40.058144" lon="-111.286691"></trkpt><trkpt lat="40.057960" lon="-111.286419"></trkpt><trkpt lat="40.057906" lon="-111.286263"></trkpt><trkpt lat="40.057543" lon="-111.285667"></trkpt><trkpt lat="40.057476" lon="-111.285484"></trkpt><trkpt lat="40.057427" lon="-111.285290"></trkpt><trkpt lat="40.057401" lon="-111.284625"></trkpt><trkpt lat="40.057447" lon="-111.284425"></trkpt><trkpt lat="40.057367" lon="-111.283783"></trkpt><trkpt lat="40.057175" lon="-111.283184"></trkpt><trkpt lat="40.057095" lon="-111.282712"></trkpt><trkpt lat="40.056826" lon="-111.281994"></trkpt><trkpt lat="40.056693" lon="-111.281463"></trkpt><trkpt lat="40.056429" lon="-111.280732"></trkpt><trkpt lat="40.056398" lon="-111.280485"></trkpt><trkpt lat="40.056471" lon="-111.280056"></trkpt><trkpt lat="40.056337" lon="-111.279472"></trkpt><trkpt lat="40.056351" lon="-111.279322"></trkpt><trkpt lat="40.056677" lon="-111.278482"></trkpt><trkpt lat="40.056621" lon="-111.278245"></trkpt><trkpt lat="40.056657" lon="-111.277653"></trkpt><trkpt lat="40.056848" lon="-111.276607"></trkpt><trkpt lat="40.056926" lon="-111.276000"></trkpt><trkpt lat="40.056922" lon="-111.275765"></trkpt><trkpt lat="40.057108" lon="-111.275405"></trkpt><trkpt lat="40.057221" lon="-111.275304"></trkpt><trkpt lat="40.057466" lon="-111.274605"></trkpt><trkpt lat="40.057692" lon="-111.274090"></trkpt><trkpt lat="40.058321" lon="-111.273012"></trkpt><trkpt lat="40.058394" lon="-111.272780"></trkpt><trkpt lat="40.058401" lon="-111.271569"></trkpt><trkpt lat="40.058353" lon="-111.271084"></trkpt><trkpt lat="40.058295" lon="-111.270821"></trkpt><trkpt lat="40.058295" lon="-111.270601"></trkpt><trkpt lat="40.058490" lon="-111.270220"></trkpt><trkpt lat="40.058657" lon="-111.269786"></trkpt><trkpt lat="40.058644" lon="-111.269589"></trkpt><trkpt lat="40.058690" lon="-111.269361"></trkpt><trkpt lat="40.058881" lon="-111.268649"></trkpt><trkpt lat="40.059053" lon="-111.268173"></trkpt><trkpt lat="40.059329" lon="-111.267802"></trkpt><trkpt lat="40.059582" lon="-111.267275"></trkpt><trkpt lat="40.059642" lon="-111.266670"></trkpt><trkpt lat="40.059648" lon="-111.266123"></trkpt><trkpt lat="40.059802" lon="-111.265602"></trkpt><trkpt lat="40.060115" lon="-111.264966"></trkpt><trkpt lat="40.060237" lon="-111.264559"></trkpt><trkpt lat="40.060351" lon="-111.263999"></trkpt><trkpt lat="40.060375" lon="-111.263574"></trkpt><trkpt lat="40.060169" lon="-111.262635"></trkpt><trkpt lat="40.060319" lon="-111.262280"></trkpt><trkpt lat="40.060486" lon="-111.262021"></trkpt><trkpt lat="40.060523" lon="-111.261871"></trkpt><trkpt lat="40.060491" lon="-111.261792"></trkpt><trkpt lat="40.060721" lon="-111.261725"></trkpt><trkpt lat="40.060712" lon="-111.261629"></trkpt><trkpt lat="40.060853" lon="-111.261362"></trkpt><trkpt lat="40.060848" lon="-111.261216"></trkpt><trkpt lat="40.060939" lon="-111.260962"></trkpt><trkpt lat="40.060931" lon="-111.260735"></trkpt><trkpt lat="40.061012" lon="-111.260484"></trkpt><trkpt lat="40.061036" lon="-111.260062"></trkpt><trkpt lat="40.061121" lon="-111.259974"></trkpt><trkpt lat="40.061073" lon="-111.259693"></trkpt><trkpt lat="40.061088" lon="-111.258706"></trkpt><trkpt lat="40.061057" lon="-111.258611"></trkpt><trkpt lat="40.061080" lon="-111.258364"></trkpt><trkpt lat="40.061031" lon="-111.258306"></trkpt><trkpt lat="40.061040" lon="-111.258213"></trkpt><trkpt lat="40.061798" lon="-111.257718"></trkpt><trkpt lat="40.061983" lon="-111.257531"></trkpt><trkpt lat="40.062069" lon="-111.257363"></trkpt><trkpt lat="40.062430" lon="-111.257036"></trkpt><trkpt lat="40.062556" lon="-111.256950"></trkpt><trkpt lat="40.062899" lon="-111.256815"></trkpt><trkpt lat="40.063030" lon="-111.256732"></trkpt><trkpt lat="40.063098" lon="-111.256628"></trkpt><trkpt lat="40.063291" lon="-111.256606"></trkpt><trkpt lat="40.063341" lon="-111.256530"></trkpt><trkpt lat="40.063562" lon="-111.256466"></trkpt><trkpt lat="40.063928" lon="-111.256138"></trkpt><trkpt lat="40.064284" lon="-111.255971"></trkpt><trkpt lat="40.064424" lon="-111.255800"></trkpt><trkpt lat="40.064510" lon="-111.255603"></trkpt><trkpt lat="40.064826" lon="-111.255414"></trkpt><trkpt lat="40.064893" lon="-111.255304"></trkpt><trkpt lat="40.065191" lon="-111.255037"></trkpt><trkpt lat="40.065273" lon="-111.254731"></trkpt><trkpt lat="40.065404" lon="-111.254687"></trkpt><trkpt lat="40.065503" lon="-111.254693"></trkpt><trkpt lat="40.065732" lon="-111.254770"></trkpt><trkpt lat="40.065904" lon="-111.254727"></trkpt><trkpt lat="40.065998" lon="-111.254668"></trkpt><trkpt lat="40.066098" lon="-111.254548"></trkpt><trkpt lat="40.066161" lon="-111.254421"></trkpt><trkpt lat="40.066157" lon="-111.254230"></trkpt><trkpt lat="40.066207" lon="-111.254120"></trkpt><trkpt lat="40.066419" lon="-111.253872"></trkpt><trkpt lat="40.066419" lon="-111.253749"></trkpt><trkpt lat="40.066469" lon="-111.253631"></trkpt><trkpt lat="40.066632" lon="-111.253493"></trkpt><trkpt lat="40.066655" lon="-111.253315"></trkpt><trkpt lat="40.066799" lon="-111.253056"></trkpt><trkpt lat="40.066732" lon="-111.252863"></trkpt><trkpt lat="40.066787" lon="-111.252333"></trkpt><trkpt lat="40.066973" lon="-111.251972"></trkpt><trkpt lat="40.067209" lon="-111.251309"></trkpt><trkpt lat="40.067372" lon="-111.250691"></trkpt><trkpt lat="40.067422" lon="-111.250609"></trkpt><trkpt lat="40.067559" lon="-111.249879"></trkpt><trkpt lat="40.067626" lon="-111.249757"></trkpt><trkpt lat="40.067616" lon="-111.249464"></trkpt></trkseg></trk><trk><name>T031 AU6D793</name><trkseg><trkpt lat="40.687767" lon="-111.189145"></trkpt><trkpt lat="40.687185" lon="-111.189740"></trkpt><trkpt lat="40.687059" lon="-111.189961"></trkpt><trkpt lat="40.686982" lon="-111.190198"></trkpt><trkpt lat="40.687008" lon="-111.190884"></trkpt><trkpt lat="40.686944" lon="-111.191418"></trkpt><trkpt lat="40.687005" lon="-111.192258"></trkpt><trkpt lat="40.686982" lon="-111.192563"></trkpt><trkpt lat="40.686933" lon="-111.192754"></trkpt><trkpt lat="40.686607" lon="-111.193311"></trkpt><trkpt lat="40.686422" lon="-111.193913"></trkpt><trkpt lat="40.686128" lon="-111.194150"></trkpt><trkpt lat="40.686029" lon="-111.194325"></trkpt><trkpt lat="40.685902" lon="-111.194737"></trkpt><trkpt lat="40.685856" lon="-111.195630"></trkpt><trkpt lat="40.685770" lon="-111.195851"></trkpt><trkpt lat="40.685458" lon="-111.196217"></trkpt><trkpt lat="40.685341" lon="-111.196492"></trkpt><trkpt lat="40.685277" lon="-111.196744"></trkpt><trkpt lat="40.685025" lon="-111.197041"></trkpt><trkpt lat="40.684970" lon="-111.197163"></trkpt><trkpt lat="40.684952" lon="-111.197423"></trkpt></trkseg></trk><trk><name>T032 AU6D793</name><trkseg><trkpt lat="40.141633" lon="-111.346029"></trkpt><trkpt lat="40.141572" lon="-111.346243"></trkpt><trkpt lat="40.141510" lon="-111.346698"></trkpt><trkpt lat="40.141667" lon="-111.346964"></trkpt><trkpt lat="40.141769" lon="-111.347327"></trkpt><trkpt lat="40.141764" lon="-111.347624"></trkpt><trkpt lat="40.141669" lon="-111.347927"></trkpt><trkpt lat="40.141631" lon="-111.348323"></trkpt><trkpt lat="40.141640" lon="-111.348488"></trkpt><trkpt lat="40.141867" lon="-111.349496"></trkpt><trkpt lat="40.142040" lon="-111.350107"></trkpt><trkpt lat="40.142157" lon="-111.350330"></trkpt><trkpt lat="40.142674" lon="-111.350673"></trkpt><trkpt lat="40.142961" lon="-111.351003"></trkpt><trkpt lat="40.143185" lon="-111.351573"></trkpt><trkpt lat="40.143399" lon="-111.352292"></trkpt><trkpt lat="40.143774" lon="-111.353319"></trkpt><trkpt lat="40.143903" lon="-111.353793"></trkpt><trkpt lat="40.143915" lon="-111.354319"></trkpt><trkpt lat="40.144160" lon="-111.355339"></trkpt><trkpt lat="40.144271" lon="-111.355961"></trkpt><trkpt lat="40.144467" lon="-111.356547"></trkpt><trkpt lat="40.144470" lon="-111.357163"></trkpt><trkpt lat="40.144558" lon="-111.357699"></trkpt><trkpt lat="40.144732" lon="-111.358273"></trkpt><trkpt lat="40.144704" lon="-111.358580"></trkpt><trkpt lat="40.144726" lon="-111.358711"></trkpt><trkpt lat="40.144985" lon="-111.359483"></trkpt><trkpt lat="40.145334" lon="-111.360137"></trkpt><trkpt lat="40.145778" lon="-111.360796"></trkpt><trkpt lat="40.146057" lon="-111.361077"></trkpt><trkpt lat="40.146478" lon="-111.361728"></trkpt><trkpt lat="40.146919" lon="-111.362033"></trkpt><trkpt lat="40.146945" lon="-111.362120"></trkpt><trkpt lat="40.146948" lon="-111.362735"></trkpt><trkpt lat="40.147123" lon="-111.362812"></trkpt><trkpt lat="40.147250" lon="-111.362810"></trkpt><trkpt lat="40.147749" lon="-111.362914"></trkpt><trkpt lat="40.148141" lon="-111.363119"></trkpt><trkpt lat="40.148370" lon="-111.363122"></trkpt><trkpt lat="40.148501" lon="-111.363156"></trkpt><trkpt lat="40.148618" lon="-111.363237"></trkpt><trkpt lat="40.148843" lon="-111.363284"></trkpt><trkpt lat="40.148978" lon="-111.363263"></trkpt><trkpt lat="40.149154" lon="-111.363312"></trkpt><trkpt lat="40.149302" lon="-111.363307"></trkpt><trkpt lat="40.149397" lon="-111.363341"></trkpt><trkpt lat="40.149639" lon="-111.363537"></trkpt><trkpt lat="40.149783" lon="-111.363606"></trkpt><trkpt lat="40.149941" lon="-111.363610"></trkpt><trkpt lat="40.150157" lon="-111.363525"></trkpt><trkpt lat="40.150167" lon="-111.363416"></trkpt><trkpt lat="40.150275" lon="-111.363344"></trkpt><trkpt lat="40.150410" lon="-111.363371"></trkpt><trkpt lat="40.150581" lon="-111.363353"></trkpt><trkpt lat="40.150680" lon="-111.363392"></trkpt><trkpt lat="40.150752" lon="-111.363479"></trkpt><trkpt lat="40.150901" lon="-111.363510"></trkpt><trkpt lat="40.151018" lon="-111.363610"></trkpt><trkpt lat="40.151112" lon="-111.363754"></trkpt><trkpt lat="40.151134" lon="-111.363876"></trkpt><trkpt lat="40.151394" lon="-111.364196"></trkpt><trkpt lat="40.152159" lon="-111.364673"></trkpt><trkpt lat="40.152153" lon="-111.364914"></trkpt><trkpt lat="40.152185" lon="-111.364948"></trkpt><trkpt lat="40.152509" lon="-111.365051"></trkpt><trkpt lat="40.152667" lon="-111.364986"></trkpt><trkpt lat="40.152806" lon="-111.364989"></trkpt><trkpt lat="40.152919" lon="-111.365071"></trkpt><trkpt lat="40.152982" lon="-111.365057"></trkpt><trkpt lat="40.153517" lon="-111.365276"></trkpt><trkpt lat="40.153661" lon="-111.365417"></trkpt><trkpt lat="40.153850" lon="-111.365516"></trkpt><trkpt lat="40.153989" lon="-111.365672"></trkpt><trkpt lat="40.154092" lon="-111.365726"></trkpt><trkpt lat="40.154335" lon="-111.366019"></trkpt><trkpt lat="40.154681" lon="-111.366227"></trkpt><trkpt lat="40.154811" lon="-111.366378"></trkpt><trkpt lat="40.154991" lon="-111.366442"></trkpt><trkpt lat="40.155194" lon="-111.366428"></trkpt><trkpt lat="40.155351" lon="-111.366510"></trkpt><trkpt lat="40.155549" lon="-111.366539"></trkpt><trkpt lat="40.155806" lon="-111.366696"></trkpt><trkpt lat="40.156080" lon="-111.366761"></trkpt><trkpt lat="40.156166" lon="-111.366752"></trkpt><trkpt lat="40.156247" lon="-111.366823"></trkpt><trkpt lat="40.156382" lon="-111.366873"></trkpt><trkpt lat="40.156471" lon="-111.366972"></trkpt><trkpt lat="40.156975" lon="-111.367160"></trkpt><trkpt lat="40.157147" lon="-111.367178"></trkpt><trkpt lat="40.157358" lon="-111.367119"></trkpt><trkpt lat="40.157444" lon="-111.367142"></trkpt><trkpt lat="40.157605" lon="-111.367476"></trkpt><trkpt lat="40.157695" lon="-111.367595"></trkpt><trkpt lat="40.157735" lon="-111.367737"></trkpt><trkpt lat="40.157726" lon="-111.367778"></trkpt><trkpt lat="40.157631" lon="-111.367766"></trkpt><trkpt lat="40.157644" lon="-111.367871"></trkpt><trkpt lat="40.157775" lon="-111.367895"></trkpt><trkpt lat="40.157874" lon="-111.367852"></trkpt><trkpt lat="40.157924" lon="-111.367923"></trkpt><trkpt lat="40.157914" lon="-111.367977"></trkpt><trkpt lat="40.157950" lon="-111.367992"></trkpt><trkpt lat="40.158239" lon="-111.367844"></trkpt><trkpt lat="40.158347" lon="-111.368033"></trkpt><trkpt lat="40.158436" lon="-111.368137"></trkpt><trkpt lat="40.158464" lon="-111.368115"></trkpt><trkpt lat="40.158831" lon="-111.368749"></trkpt><trkpt lat="40.158957" lon="-111.368839"></trkpt><trkpt lat="40.158880" lon="-111.368917"></trkpt><trkpt lat="40.158983" lon="-111.368943"></trkpt><trkpt lat="40.158952" lon="-111.368971"></trkpt><trkpt lat="40.158996" lon="-111.369094"></trkpt><trkpt lat="40.159150" lon="-111.369133"></trkpt><trkpt lat="40.159158" lon="-111.369206"></trkpt><trkpt lat="40.159469" lon="-111.369393"></trkpt><trkpt lat="40.159541" lon="-111.369362"></trkpt><trkpt lat="40.159653" lon="-111.369379"></trkpt><trkpt lat="40.159681" lon="-111.369305"></trkpt><trkpt lat="40.159622" lon="-111.369234"></trkpt><trkpt lat="40.159677" lon="-111.369146"></trkpt><trkpt lat="40.159749" lon="-111.369119"></trkpt><trkpt lat="40.159924" lon="-111.369217"></trkpt><trkpt lat="40.159965" lon="-111.369109"></trkpt><trkpt lat="40.160055" lon="-111.369130"></trkpt><trkpt lat="40.160086" lon="-111.369181"></trkpt><trkpt lat="40.160383" lon="-111.369336"></trkpt><trkpt lat="40.160428" lon="-111.369498"></trkpt><trkpt lat="40.160418" lon="-111.369596"></trkpt><trkpt lat="40.160499" lon="-111.369644"></trkpt><trkpt lat="40.160517" lon="-111.369734"></trkpt><trkpt lat="40.160576" lon="-111.369779"></trkpt><trkpt lat="40.160711" lon="-111.369785"></trkpt><trkpt lat="40.160859" lon="-111.369745"></trkpt><trkpt lat="40.160976" lon="-111.369765"></trkpt><trkpt lat="40.161111" lon="-111.369858"></trkpt><trkpt lat="40.161251" lon="-111.369864"></trkpt><trkpt lat="40.161359" lon="-111.369978"></trkpt><trkpt lat="40.161489" lon="-111.369992"></trkpt><trkpt lat="40.161507" lon="-111.370057"></trkpt><trkpt lat="40.161615" lon="-111.370081"></trkpt><trkpt lat="40.161741" lon="-111.370057"></trkpt><trkpt lat="40.161841" lon="-111.369999"></trkpt><trkpt lat="40.161967" lon="-111.369998"></trkpt><trkpt lat="40.162003" lon="-111.369920"></trkpt><trkpt lat="40.162156" lon="-111.370007"></trkpt><trkpt lat="40.162264" lon="-111.370030"></trkpt><trkpt lat="40.162376" lon="-111.370180"></trkpt><trkpt lat="40.162480" lon="-111.370210"></trkpt><trkpt lat="40.162686" lon="-111.370384"></trkpt><trkpt lat="40.162736" lon="-111.370483"></trkpt><trkpt lat="40.162799" lon="-111.370492"></trkpt><trkpt lat="40.162893" lon="-111.370655"></trkpt><trkpt lat="40.162919" lon="-111.371003"></trkpt><trkpt lat="40.162824" lon="-111.371130"></trkpt><trkpt lat="40.162625" lon="-111.371252"></trkpt><trkpt lat="40.162331" lon="-111.371500"></trkpt><trkpt lat="40.162177" lon="-111.371771"></trkpt><trkpt lat="40.162167" lon="-111.371955"></trkpt></trkseg></trk><trk><name>T033 AU6D793</name><trkseg><trkpt lat="40.154788" lon="-111.375759"></trkpt><trkpt lat="40.154424" lon="-111.376034"></trkpt><trkpt lat="40.154041" lon="-111.376179"></trkpt><trkpt lat="40.153969" lon="-111.376168"></trkpt><trkpt lat="40.153847" lon="-111.376217"></trkpt><trkpt lat="40.153720" lon="-111.376377"></trkpt><trkpt lat="40.153752" lon="-111.376473"></trkpt><trkpt lat="40.153882" lon="-111.376603"></trkpt><trkpt lat="40.154071" lon="-111.376699"></trkpt><trkpt lat="40.154364" lon="-111.376727"></trkpt><trkpt lat="40.155048" lon="-111.376863"></trkpt><trkpt lat="40.155389" lon="-111.377240"></trkpt><trkpt lat="40.155744" lon="-111.377534"></trkpt><trkpt lat="40.156045" lon="-111.377722"></trkpt><trkpt lat="40.156117" lon="-111.377751"></trkpt><trkpt lat="40.156554" lon="-111.377742"></trkpt><trkpt lat="40.156662" lon="-111.377772"></trkpt><trkpt lat="40.156846" lon="-111.377913"></trkpt><trkpt lat="40.157039" lon="-111.378227"></trkpt><trkpt lat="40.157110" lon="-111.378447"></trkpt><trkpt lat="40.157032" lon="-111.378887"></trkpt><trkpt lat="40.157007" lon="-111.379625"></trkpt><trkpt lat="40.157091" lon="-111.380158"></trkpt><trkpt lat="40.157301" lon="-111.380791"></trkpt><trkpt lat="40.157296" lon="-111.380938"></trkpt><trkpt lat="40.157449" lon="-111.381119"></trkpt><trkpt lat="40.157748" lon="-111.381732"></trkpt><trkpt lat="40.157861" lon="-111.381791"></trkpt><trkpt lat="40.157964" lon="-111.381793"></trkpt><trkpt lat="40.158126" lon="-111.382017"></trkpt><trkpt lat="40.158292" lon="-111.382113"></trkpt><trkpt lat="40.158441" lon="-111.382134"></trkpt><trkpt lat="40.158846" lon="-111.382061"></trkpt><trkpt lat="40.159567" lon="-111.382085"></trkpt><trkpt lat="40.159995" lon="-111.382185"></trkpt><trkpt lat="40.160338" lon="-111.382056"></trkpt><trkpt lat="40.160450" lon="-111.382043"></trkpt><trkpt lat="40.160874" lon="-111.382090"></trkpt><trkpt lat="40.161180" lon="-111.382171"></trkpt><trkpt lat="40.161855" lon="-111.382209"></trkpt><trkpt lat="40.162337" lon="-111.382150"></trkpt><trkpt lat="40.162613" lon="-111.381914"></trkpt><trkpt lat="40.162744" lon="-111.381849"></trkpt><trkpt lat="40.163199" lon="-111.381783"></trkpt><trkpt lat="40.163311" lon="-111.381842"></trkpt><trkpt lat="40.163491" lon="-111.382111"></trkpt><trkpt lat="40.163540" lon="-111.382149"></trkpt><trkpt lat="40.163603" lon="-111.382147"></trkpt><trkpt lat="40.163816" lon="-111.381916"></trkpt><trkpt lat="40.163960" lon="-111.381890"></trkpt><trkpt lat="40.164091" lon="-111.381789"></trkpt><trkpt lat="40.164177" lon="-111.381769"></trkpt><trkpt lat="40.164262" lon="-111.381779"></trkpt><trkpt lat="40.164334" lon="-111.381834"></trkpt><trkpt lat="40.164491" lon="-111.382105"></trkpt><trkpt lat="40.164877" lon="-111.382424"></trkpt><trkpt lat="40.165143" lon="-111.382398"></trkpt><trkpt lat="40.165684" lon="-111.382218"></trkpt><trkpt lat="40.165761" lon="-111.382164"></trkpt><trkpt lat="40.165905" lon="-111.382231"></trkpt><trkpt lat="40.166045" lon="-111.382132"></trkpt><trkpt lat="40.166216" lon="-111.382131"></trkpt><trkpt lat="40.166445" lon="-111.382265"></trkpt><trkpt lat="40.166670" lon="-111.382333"></trkpt><trkpt lat="40.166805" lon="-111.382455"></trkpt><trkpt lat="40.166864" lon="-111.382463"></trkpt><trkpt lat="40.167261" lon="-111.382309"></trkpt><trkpt lat="40.167776" lon="-111.381901"></trkpt><trkpt lat="40.167929" lon="-111.381872"></trkpt><trkpt lat="40.168194" lon="-111.381995"></trkpt><trkpt lat="40.168460" lon="-111.381968"></trkpt><trkpt lat="40.168794" lon="-111.381811"></trkpt><trkpt lat="40.169016" lon="-111.381567"></trkpt><trkpt lat="40.169228" lon="-111.381419"></trkpt><trkpt lat="40.169295" lon="-111.381411"></trkpt><trkpt lat="40.169579" lon="-111.381484"></trkpt><trkpt lat="40.169895" lon="-111.381289"></trkpt><trkpt lat="40.170017" lon="-111.381252"></trkpt><trkpt lat="40.170467" lon="-111.381406"></trkpt><trkpt lat="40.170651" lon="-111.381377"></trkpt><trkpt lat="40.170728" lon="-111.381354"></trkpt><trkpt lat="40.170783" lon="-111.381224"></trkpt><trkpt lat="40.171126" lon="-111.380933"></trkpt><trkpt lat="40.171257" lon="-111.380886"></trkpt><trkpt lat="40.171302" lon="-111.380911"></trkpt><trkpt lat="40.171440" lon="-111.381154"></trkpt><trkpt lat="40.171638" lon="-111.381316"></trkpt><trkpt lat="40.171787" lon="-111.381407"></trkpt><trkpt lat="40.172043" lon="-111.381468"></trkpt><trkpt lat="40.172115" lon="-111.381605"></trkpt><trkpt lat="40.172123" lon="-111.381760"></trkpt><trkpt lat="40.172298" lon="-111.381893"></trkpt><trkpt lat="40.172473" lon="-111.382314"></trkpt><trkpt lat="40.172567" lon="-111.382476"></trkpt><trkpt lat="40.172666" lon="-111.382536"></trkpt><trkpt lat="40.172629" lon="-111.382815"></trkpt><trkpt lat="40.172700" lon="-111.383035"></trkpt><trkpt lat="40.172753" lon="-111.383357"></trkpt><trkpt lat="40.172784" lon="-111.383423"></trkpt><trkpt lat="40.172937" lon="-111.383559"></trkpt><trkpt lat="40.172946" lon="-111.383657"></trkpt><trkpt lat="40.173058" lon="-111.383843"></trkpt><trkpt lat="40.173173" lon="-111.384459"></trkpt><trkpt lat="40.173320" lon="-111.384845"></trkpt><trkpt lat="40.173410" lon="-111.384909"></trkpt><trkpt lat="40.173387" lon="-111.385129"></trkpt><trkpt lat="40.173632" lon="-111.385960"></trkpt><trkpt lat="40.173811" lon="-111.386237"></trkpt><trkpt lat="40.174186" lon="-111.387257"></trkpt><trkpt lat="40.174257" lon="-111.387740"></trkpt><trkpt lat="40.174211" lon="-111.387855"></trkpt><trkpt lat="40.174202" lon="-111.388018"></trkpt><trkpt lat="40.174120" lon="-111.388197"></trkpt><trkpt lat="40.174210" lon="-111.388297"></trkpt><trkpt lat="40.174164" lon="-111.388523"></trkpt><trkpt lat="40.174195" lon="-111.388752"></trkpt><trkpt lat="40.174144" lon="-111.389052"></trkpt><trkpt lat="40.174026" lon="-111.389253"></trkpt><trkpt lat="40.173963" lon="-111.389456"></trkpt><trkpt lat="40.173691" lon="-111.389832"></trkpt><trkpt lat="40.173595" lon="-111.390213"></trkpt><trkpt lat="40.173368" lon="-111.390741"></trkpt><trkpt lat="40.173245" lon="-111.391141"></trkpt><trkpt lat="40.173164" lon="-111.391221"></trkpt><trkpt lat="40.173141" lon="-111.391290"></trkpt><trkpt lat="40.172974" lon="-111.391444"></trkpt><trkpt lat="40.172897" lon="-111.391661"></trkpt><trkpt lat="40.172734" lon="-111.391854"></trkpt><trkpt lat="40.172724" lon="-111.391976"></trkpt><trkpt lat="40.172607" lon="-111.392172"></trkpt><trkpt lat="40.172461" lon="-111.392649"></trkpt><trkpt lat="40.172586" lon="-111.392906"></trkpt><trkpt lat="40.172595" lon="-111.392994"></trkpt><trkpt lat="40.172543" lon="-111.393671"></trkpt><trkpt lat="40.172516" lon="-111.393741"></trkpt><trkpt lat="40.172398" lon="-111.393858"></trkpt><trkpt lat="40.172361" lon="-111.394136"></trkpt><trkpt lat="40.172253" lon="-111.394268"></trkpt><trkpt lat="40.171993" lon="-111.395115"></trkpt><trkpt lat="40.171758" lon="-111.395439"></trkpt><trkpt lat="40.171721" lon="-111.395593"></trkpt><trkpt lat="40.171730" lon="-111.395703"></trkpt><trkpt lat="40.171630" lon="-111.395842"></trkpt><trkpt lat="40.171611" lon="-111.396068"></trkpt><trkpt lat="40.171633" lon="-111.396241"></trkpt><trkpt lat="40.171417" lon="-111.396334"></trkpt><trkpt lat="40.171353" lon="-111.396396"></trkpt><trkpt lat="40.171331" lon="-111.396513"></trkpt><trkpt lat="40.171348" lon="-111.396640"></trkpt><trkpt lat="40.171460" lon="-111.396884"></trkpt><trkpt lat="40.171608" lon="-111.397078"></trkpt><trkpt lat="40.171859" lon="-111.397556"></trkpt><trkpt lat="40.172083" lon="-111.397806"></trkpt><trkpt lat="40.172109" lon="-111.398010"></trkpt><trkpt lat="40.172248" lon="-111.398310"></trkpt><trkpt lat="40.172238" lon="-111.398590"></trkpt><trkpt lat="40.172129" lon="-111.398706"></trkpt><trkpt lat="40.171934" lon="-111.399077"></trkpt><trkpt lat="40.171654" lon="-111.399367"></trkpt><trkpt lat="40.171672" lon="-111.399477"></trkpt><trkpt lat="40.171486" lon="-111.399663"></trkpt><trkpt lat="40.171410" lon="-111.399677"></trkpt><trkpt lat="40.171333" lon="-111.399757"></trkpt><trkpt lat="40.171270" lon="-111.399788"></trkpt><trkpt lat="40.171171" lon="-111.399774"></trkpt><trkpt lat="40.171067" lon="-111.399868"></trkpt><trkpt lat="40.170949" lon="-111.399911"></trkpt><trkpt lat="40.170773" lon="-111.400162"></trkpt><trkpt lat="40.170669" lon="-111.400378"></trkpt><trkpt lat="40.170457" lon="-111.400403"></trkpt><trkpt lat="40.170267" lon="-111.400557"></trkpt><trkpt lat="40.169897" lon="-111.400599"></trkpt><trkpt lat="40.169848" lon="-111.400635"></trkpt><trkpt lat="40.169598" lon="-111.401166"></trkpt><trkpt lat="40.169407" lon="-111.401761"></trkpt><trkpt lat="40.169361" lon="-111.402143"></trkpt><trkpt lat="40.169156" lon="-111.402540"></trkpt><trkpt lat="40.169003" lon="-111.402661"></trkpt><trkpt lat="40.168994" lon="-111.402738"></trkpt><trkpt lat="40.168953" lon="-111.402776"></trkpt><trkpt lat="40.168664" lon="-111.402849"></trkpt><trkpt lat="40.168606" lon="-111.402895"></trkpt><trkpt lat="40.168235" lon="-111.403350"></trkpt><trkpt lat="40.167905" lon="-111.403601"></trkpt><trkpt lat="40.167750" lon="-111.404003"></trkpt><trkpt lat="40.167686" lon="-111.404314"></trkpt><trkpt lat="40.167555" lon="-111.404433"></trkpt><trkpt lat="40.167528" lon="-111.404498"></trkpt><trkpt lat="40.167517" lon="-111.404977"></trkpt><trkpt lat="40.167372" lon="-111.405269"></trkpt><trkpt lat="40.167304" lon="-111.405363"></trkpt><trkpt lat="40.167178" lon="-111.405448"></trkpt><trkpt lat="40.167064" lon="-111.405682"></trkpt><trkpt lat="40.167019" lon="-111.405672"></trkpt><trkpt lat="40.166943" lon="-111.405724"></trkpt><trkpt lat="40.166659" lon="-111.405781"></trkpt><trkpt lat="40.166451" lon="-111.405914"></trkpt><trkpt lat="40.166365" lon="-111.405931"></trkpt><trkpt lat="40.165841" lon="-111.406369"></trkpt><trkpt lat="40.165583" lon="-111.406877"></trkpt><trkpt lat="40.165527" lon="-111.407211"></trkpt><trkpt lat="40.165562" lon="-111.407558"></trkpt><trkpt lat="40.165499" lon="-111.407669"></trkpt><trkpt lat="40.165394" lon="-111.408041"></trkpt><trkpt lat="40.165285" lon="-111.408171"></trkpt><trkpt lat="40.165262" lon="-111.408245"></trkpt><trkpt lat="40.165325" lon="-111.408290"></trkpt><trkpt lat="40.165343" lon="-111.408347"></trkpt><trkpt lat="40.165243" lon="-111.408635"></trkpt><trkpt lat="40.165274" lon="-111.408679"></trkpt><trkpt lat="40.165233" lon="-111.408779"></trkpt><trkpt lat="40.165157" lon="-111.408826"></trkpt><trkpt lat="40.165165" lon="-111.408923"></trkpt><trkpt lat="40.165061" lon="-111.409189"></trkpt><trkpt lat="40.164900" lon="-111.410230"></trkpt><trkpt lat="40.164958" lon="-111.410351"></trkpt><trkpt lat="40.165079" lon="-111.410464"></trkpt><trkpt lat="40.165115" lon="-111.410542"></trkpt><trkpt lat="40.165353" lon="-111.410706"></trkpt><trkpt lat="40.165416" lon="-111.410697"></trkpt><trkpt lat="40.165501" lon="-111.410735"></trkpt><trkpt lat="40.165605" lon="-111.410705"></trkpt><trkpt lat="40.165758" lon="-111.410785"></trkpt><trkpt lat="40.166014" lon="-111.411082"></trkpt><trkpt lat="40.166234" lon="-111.411098"></trkpt><trkpt lat="40.166392" lon="-111.410984"></trkpt><trkpt lat="40.166599" lon="-111.411167"></trkpt><trkpt lat="40.166554" lon="-111.411259"></trkpt><trkpt lat="40.166463" lon="-111.411298"></trkpt><trkpt lat="40.166696" lon="-111.411631"></trkpt><trkpt lat="40.167237" lon="-111.411654"></trkpt><trkpt lat="40.167502" lon="-111.411785"></trkpt><trkpt lat="40.167660" lon="-111.411904"></trkpt><trkpt lat="40.167677" lon="-111.412088"></trkpt><trkpt lat="40.167847" lon="-111.412263"></trkpt><trkpt lat="40.167906" lon="-111.412395"></trkpt><trkpt lat="40.167761" lon="-111.412622"></trkpt><trkpt lat="40.167733" lon="-111.412858"></trkpt><trkpt lat="40.167678" lon="-111.412998"></trkpt><trkpt lat="40.167601" lon="-111.413121"></trkpt><trkpt lat="40.167538" lon="-111.413158"></trkpt><trkpt lat="40.167452" lon="-111.413329"></trkpt><trkpt lat="40.167357" lon="-111.413386"></trkpt><trkpt lat="40.167244" lon="-111.413599"></trkpt><trkpt lat="40.167179" lon="-111.415349"></trkpt><trkpt lat="40.167223" lon="-111.415450"></trkpt><trkpt lat="40.167345" lon="-111.415549"></trkpt><trkpt lat="40.167380" lon="-111.415642"></trkpt><trkpt lat="40.167281" lon="-111.415810"></trkpt><trkpt lat="40.167162" lon="-111.416182"></trkpt><trkpt lat="40.167180" lon="-111.416282"></trkpt><trkpt lat="40.167134" lon="-111.416466"></trkpt><trkpt lat="40.167039" lon="-111.417793"></trkpt><trkpt lat="40.167061" lon="-111.418044"></trkpt><trkpt lat="40.167001" lon="-111.418359"></trkpt><trkpt lat="40.167019" lon="-111.418437"></trkpt><trkpt lat="40.167247" lon="-111.418796"></trkpt><trkpt lat="40.167346" lon="-111.418838"></trkpt><trkpt lat="40.167364" lon="-111.419019"></trkpt><trkpt lat="40.167583" lon="-111.419440"></trkpt><trkpt lat="40.167776" lon="-111.419740"></trkpt><trkpt lat="40.168000" lon="-111.419953"></trkpt><trkpt lat="40.168103" lon="-111.420144"></trkpt><trkpt lat="40.168125" lon="-111.420261"></trkpt><trkpt lat="40.168075" lon="-111.420400"></trkpt><trkpt lat="40.168097" lon="-111.420517"></trkpt><trkpt lat="40.168056" lon="-111.420651"></trkpt><trkpt lat="40.168119" lon="-111.420744"></trkpt><trkpt lat="40.168150" lon="-111.420902"></trkpt><trkpt lat="40.168148" lon="-111.421327"></trkpt><trkpt lat="40.167953" lon="-111.421640"></trkpt><trkpt lat="40.167601" lon="-111.422002"></trkpt><trkpt lat="40.167496" lon="-111.422271"></trkpt><trkpt lat="40.167224" lon="-111.422733"></trkpt><trkpt lat="40.166917" lon="-111.422878"></trkpt><trkpt lat="40.166556" lon="-111.423175"></trkpt><trkpt lat="40.166154" lon="-111.423382"></trkpt><trkpt lat="40.166001" lon="-111.423394"></trkpt><trkpt lat="40.165771" lon="-111.423485"></trkpt><trkpt lat="40.165600" lon="-111.423497"></trkpt><trkpt lat="40.165158" lon="-111.423420"></trkpt><trkpt lat="40.165024" lon="-111.423364"></trkpt><trkpt lat="40.164960" lon="-111.423378"></trkpt><trkpt lat="40.164816" lon="-111.423327"></trkpt><trkpt lat="40.164537" lon="-111.423325"></trkpt><trkpt lat="40.163956" lon="-111.423201"></trkpt><trkpt lat="40.163740" lon="-111.423389"></trkpt><trkpt lat="40.163559" lon="-111.423418"></trkpt><trkpt lat="40.163293" lon="-111.423523"></trkpt><trkpt lat="40.162847" lon="-111.423525"></trkpt><trkpt lat="40.162707" lon="-111.423685"></trkpt><trkpt lat="40.162594" lon="-111.423645"></trkpt><trkpt lat="40.162433" lon="-111.423499"></trkpt><trkpt lat="40.162307" lon="-111.423457"></trkpt><trkpt lat="40.162212" lon="-111.423526"></trkpt><trkpt lat="40.162122" lon="-111.423496"></trkpt><trkpt lat="40.161946" lon="-111.423501"></trkpt><trkpt lat="40.161789" lon="-111.423429"></trkpt><trkpt lat="40.161631" lon="-111.423471"></trkpt><trkpt lat="40.161482" lon="-111.423430"></trkpt><trkpt lat="40.161383" lon="-111.423439"></trkpt><trkpt lat="40.161338" lon="-111.423493"></trkpt><trkpt lat="40.161000" lon="-111.423638"></trkpt><trkpt lat="40.160887" lon="-111.423658"></trkpt><trkpt lat="40.160797" lon="-111.423618"></trkpt><trkpt lat="40.160617" lon="-111.423708"></trkpt><trkpt lat="40.160481" lon="-111.423901"></trkpt><trkpt lat="40.160386" lon="-111.423977"></trkpt><trkpt lat="40.160318" lon="-111.423969"></trkpt><trkpt lat="40.160256" lon="-111.423870"></trkpt><trkpt lat="40.160202" lon="-111.423844"></trkpt><trkpt lat="40.160062" lon="-111.423831"></trkpt><trkpt lat="40.159981" lon="-111.423789"></trkpt><trkpt lat="40.159953" lon="-111.424040"></trkpt><trkpt lat="40.159885" lon="-111.424107"></trkpt><trkpt lat="40.159763" lon="-111.424364"></trkpt><trkpt lat="40.159661" lon="-111.425030"></trkpt><trkpt lat="40.159353" lon="-111.425449"></trkpt><trkpt lat="40.159357" lon="-111.425656"></trkpt><trkpt lat="40.159086" lon="-111.425871"></trkpt><trkpt lat="40.158891" lon="-111.426262"></trkpt><trkpt lat="40.158972" lon="-111.426262"></trkpt><trkpt lat="40.159026" lon="-111.426346"></trkpt><trkpt lat="40.158985" lon="-111.426493"></trkpt><trkpt lat="40.159248" lon="-111.427176"></trkpt><trkpt lat="40.159279" lon="-111.427353"></trkpt><trkpt lat="40.159110" lon="-111.428046"></trkpt><trkpt lat="40.159090" lon="-111.428450"></trkpt><trkpt lat="40.159125" lon="-111.428693"></trkpt><trkpt lat="40.159097" lon="-111.428934"></trkpt><trkpt lat="40.159133" lon="-111.428987"></trkpt><trkpt lat="40.159155" lon="-111.429197"></trkpt><trkpt lat="40.159235" lon="-111.429395"></trkpt><trkpt lat="40.159414" lon="-111.429685"></trkpt><trkpt lat="40.159458" lon="-111.429976"></trkpt><trkpt lat="40.159610" lon="-111.430405"></trkpt><trkpt lat="40.159587" lon="-111.430520"></trkpt><trkpt lat="40.159339" lon="-111.430665"></trkpt><trkpt lat="40.159158" lon="-111.430727"></trkpt><trkpt lat="40.159036" lon="-111.430835"></trkpt><trkpt lat="40.158896" lon="-111.430879"></trkpt><trkpt lat="40.158883" lon="-111.430944"></trkpt><trkpt lat="40.158792" lon="-111.430975"></trkpt><trkpt lat="40.158697" lon="-111.431094"></trkpt><trkpt lat="40.158557" lon="-111.431202"></trkpt><trkpt lat="40.158420" lon="-111.431639"></trkpt><trkpt lat="40.158353" lon="-111.431648"></trkpt><trkpt lat="40.158104" lon="-111.431818"></trkpt><trkpt lat="40.157712" lon="-111.431869"></trkpt><trkpt lat="40.157330" lon="-111.431819"></trkpt><trkpt lat="40.157172" lon="-111.431757"></trkpt><trkpt lat="40.157028" lon="-111.431638"></trkpt><trkpt lat="40.156767" lon="-111.431616"></trkpt><trkpt lat="40.156474" lon="-111.431660"></trkpt><trkpt lat="40.156352" lon="-111.431739"></trkpt><trkpt lat="40.156037" lon="-111.431833"></trkpt><trkpt lat="40.155901" lon="-111.431927"></trkpt><trkpt lat="40.155730" lon="-111.431904"></trkpt><trkpt lat="40.155644" lon="-111.431941"></trkpt><trkpt lat="40.155522" lon="-111.432051"></trkpt><trkpt lat="40.155468" lon="-111.432180"></trkpt><trkpt lat="40.155319" lon="-111.432286"></trkpt><trkpt lat="40.154856" lon="-111.433049"></trkpt><trkpt lat="40.154699" lon="-111.433086"></trkpt><trkpt lat="40.154572" lon="-111.433287"></trkpt><trkpt lat="40.154251" lon="-111.433480"></trkpt><trkpt lat="40.154147" lon="-111.433629"></trkpt><trkpt lat="40.154074" lon="-111.433810"></trkpt><trkpt lat="40.154306" lon="-111.434401"></trkpt><trkpt lat="40.154260" lon="-111.434627"></trkpt><trkpt lat="40.154282" lon="-111.434768"></trkpt><trkpt lat="40.154124" lon="-111.434868"></trkpt><trkpt lat="40.153849" lon="-111.434945"></trkpt><trkpt lat="40.153790" lon="-111.435068"></trkpt><trkpt lat="40.153790" lon="-111.435224"></trkpt><trkpt lat="40.153843" lon="-111.435406"></trkpt><trkpt lat="40.153616" lon="-111.435791"></trkpt><trkpt lat="40.153481" lon="-111.435803"></trkpt><trkpt lat="40.153395" lon="-111.435976"></trkpt><trkpt lat="40.153214" lon="-111.436178"></trkpt><trkpt lat="40.153133" lon="-111.436257"></trkpt><trkpt lat="40.153002" lon="-111.436318"></trkpt><trkpt lat="40.152916" lon="-111.436434"></trkpt><trkpt lat="40.152870" lon="-111.436466"></trkpt><trkpt lat="40.152780" lon="-111.436468"></trkpt><trkpt lat="40.152685" lon="-111.436550"></trkpt><trkpt lat="40.152473" lon="-111.436646"></trkpt><trkpt lat="40.152225" lon="-111.436872"></trkpt><trkpt lat="40.151900" lon="-111.437021"></trkpt><trkpt lat="40.151738" lon="-111.437025"></trkpt><trkpt lat="40.151620" lon="-111.437088"></trkpt><trkpt lat="40.151228" lon="-111.437187"></trkpt><trkpt lat="40.151011" lon="-111.437319"></trkpt><trkpt lat="40.150885" lon="-111.437342"></trkpt><trkpt lat="40.150577" lon="-111.437725"></trkpt><trkpt lat="40.150405" lon="-111.437888"></trkpt><trkpt lat="40.150243" lon="-111.437944"></trkpt><trkpt lat="40.150107" lon="-111.438100"></trkpt><trkpt lat="40.149936" lon="-111.438167"></trkpt><trkpt lat="40.149832" lon="-111.438290"></trkpt><trkpt lat="40.149719" lon="-111.438363"></trkpt><trkpt lat="40.149795" lon="-111.438432"></trkpt><trkpt lat="40.149726" lon="-111.438746"></trkpt><trkpt lat="40.149667" lon="-111.439006"></trkpt><trkpt lat="40.149594" lon="-111.439171"></trkpt><trkpt lat="40.149585" lon="-111.439337"></trkpt><trkpt lat="40.149480" lon="-111.439717"></trkpt><trkpt lat="40.149348" lon="-111.440030"></trkpt><trkpt lat="40.149190" lon="-111.440158"></trkpt><trkpt lat="40.148985" lon="-111.440542"></trkpt><trkpt lat="40.148701" lon="-111.440783"></trkpt><trkpt lat="40.148578" lon="-111.440944"></trkpt><trkpt lat="40.148389" lon="-111.441057"></trkpt><trkpt lat="40.148185" lon="-111.441237"></trkpt><trkpt lat="40.147973" lon="-111.441507"></trkpt><trkpt lat="40.147836" lon="-111.441862"></trkpt><trkpt lat="40.147809" lon="-111.442018"></trkpt><trkpt lat="40.147695" lon="-111.442220"></trkpt><trkpt lat="40.147514" lon="-111.442347"></trkpt><trkpt lat="40.147339" lon="-111.442399"></trkpt><trkpt lat="40.146996" lon="-111.442355"></trkpt><trkpt lat="40.146857" lon="-111.442213"></trkpt><trkpt lat="40.146686" lon="-111.442171"></trkpt><trkpt lat="40.146417" lon="-111.441996"></trkpt><trkpt lat="40.146196" lon="-111.441940"></trkpt><trkpt lat="40.146119" lon="-111.441982"></trkpt><trkpt lat="40.145934" lon="-111.442217"></trkpt><trkpt lat="40.145621" lon="-111.442774"></trkpt><trkpt lat="40.145462" lon="-111.442955"></trkpt><trkpt lat="40.145277" lon="-111.443076"></trkpt><trkpt lat="40.145016" lon="-111.443188"></trkpt><trkpt lat="40.144921" lon="-111.443190"></trkpt><trkpt lat="40.144569" lon="-111.443306"></trkpt><trkpt lat="40.144447" lon="-111.443433"></trkpt><trkpt lat="40.144441" lon="-111.443704"></trkpt><trkpt lat="40.144533" lon="-111.444411"></trkpt><trkpt lat="40.144532" lon="-111.444760"></trkpt><trkpt lat="40.144617" lon="-111.444954"></trkpt><trkpt lat="40.144962" lon="-111.445427"></trkpt><trkpt lat="40.145083" lon="-111.445641"></trkpt><trkpt lat="40.145265" lon="-111.446162"></trkpt><trkpt lat="40.145250" lon="-111.446676"></trkpt><trkpt lat="40.145118" lon="-111.446958"></trkpt><trkpt lat="40.145090" lon="-111.447208"></trkpt><trkpt lat="40.144905" lon="-111.447458"></trkpt><trkpt lat="40.144597" lon="-111.447692"></trkpt><trkpt lat="40.144466" lon="-111.447881"></trkpt><trkpt lat="40.144294" lon="-111.448012"></trkpt><trkpt lat="40.144163" lon="-111.448252"></trkpt><trkpt lat="40.143932" lon="-111.448482"></trkpt><trkpt lat="40.143697" lon="-111.448663"></trkpt><trkpt lat="40.143589" lon="-111.448648"></trkpt><trkpt lat="40.143336" lon="-111.448909"></trkpt><trkpt lat="40.142930" lon="-111.448904"></trkpt><trkpt lat="40.142813" lon="-111.448935"></trkpt><trkpt lat="40.142542" lon="-111.449059"></trkpt><trkpt lat="40.142438" lon="-111.449193"></trkpt><trkpt lat="40.142100" lon="-111.449367"></trkpt><trkpt lat="40.141965" lon="-111.449327"></trkpt><trkpt lat="40.141839" lon="-111.449337"></trkpt><trkpt lat="40.141695" lon="-111.449282"></trkpt><trkpt lat="40.141559" lon="-111.449308"></trkpt><trkpt lat="40.141473" lon="-111.449403"></trkpt><trkpt lat="40.141342" lon="-111.449472"></trkpt><trkpt lat="40.141153" lon="-111.449417"></trkpt><trkpt lat="40.140941" lon="-111.449548"></trkpt><trkpt lat="40.140779" lon="-111.449593"></trkpt><trkpt lat="40.140594" lon="-111.449695"></trkpt><trkpt lat="40.140308" lon="-111.450085"></trkpt><trkpt lat="40.140178" lon="-111.450144"></trkpt><trkpt lat="40.139956" lon="-111.450313"></trkpt><trkpt lat="40.139794" lon="-111.450317"></trkpt><trkpt lat="40.139655" lon="-111.450257"></trkpt><trkpt lat="40.139408" lon="-111.449843"></trkpt><trkpt lat="40.139247" lon="-111.449706"></trkpt><trkpt lat="40.139050" lon="-111.449398"></trkpt><trkpt lat="40.138861" lon="-111.449236"></trkpt><trkpt lat="40.138834" lon="-111.449245"></trkpt><trkpt lat="40.138775" lon="-111.449386"></trkpt><trkpt lat="40.138719" lon="-111.449776"></trkpt><trkpt lat="40.138690" lon="-111.450376"></trkpt><trkpt lat="40.138577" lon="-111.450445"></trkpt><trkpt lat="40.138332" lon="-111.450818"></trkpt><trkpt lat="40.138224" lon="-111.450916"></trkpt><trkpt lat="40.138039" lon="-111.451002"></trkpt><trkpt lat="40.137840" lon="-111.451292"></trkpt><trkpt lat="40.137356" lon="-111.451639"></trkpt><trkpt lat="40.137089" lon="-111.451924"></trkpt><trkpt lat="40.136858" lon="-111.452255"></trkpt><trkpt lat="40.136600" lon="-111.452537"></trkpt><trkpt lat="40.136527" lon="-111.452884"></trkpt><trkpt lat="40.136409" lon="-111.453053"></trkpt><trkpt lat="40.136363" lon="-111.453254"></trkpt><trkpt lat="40.136019" lon="-111.453754"></trkpt><trkpt lat="40.135968" lon="-111.454063"></trkpt><trkpt lat="40.135868" lon="-111.454300"></trkpt><trkpt lat="40.135593" lon="-111.454505"></trkpt><trkpt lat="40.135529" lon="-111.454667"></trkpt><trkpt lat="40.135429" lon="-111.454788"></trkpt><trkpt lat="40.135280" lon="-111.454866"></trkpt><trkpt lat="40.135163" lon="-111.454821"></trkpt><trkpt lat="40.135114" lon="-111.454844"></trkpt><trkpt lat="40.134775" lon="-111.455196"></trkpt><trkpt lat="40.134752" lon="-111.455312"></trkpt><trkpt lat="40.134899" lon="-111.455593"></trkpt><trkpt lat="40.134930" lon="-111.455742"></trkpt><trkpt lat="40.134992" lon="-111.456076"></trkpt><trkpt lat="40.134978" lon="-111.456235"></trkpt><trkpt lat="40.134837" lon="-111.456382"></trkpt><trkpt lat="40.134499" lon="-111.456508"></trkpt><trkpt lat="40.134391" lon="-111.456623"></trkpt><trkpt lat="40.134227" lon="-111.456969"></trkpt><trkpt lat="40.134267" lon="-111.457191"></trkpt><trkpt lat="40.134334" lon="-111.457278"></trkpt><trkpt lat="40.134378" lon="-111.457410"></trkpt><trkpt lat="40.134123" lon="-111.458223"></trkpt><trkpt lat="40.134046" lon="-111.458306"></trkpt><trkpt lat="40.133748" lon="-111.458453"></trkpt><trkpt lat="40.133527" lon="-111.458635"></trkpt><trkpt lat="40.132487" lon="-111.459571"></trkpt><trkpt lat="40.132171" lon="-111.459594"></trkpt><trkpt lat="40.131932" lon="-111.459682"></trkpt><trkpt lat="40.131461" lon="-111.460267"></trkpt><trkpt lat="40.131163" lon="-111.460537"></trkpt><trkpt lat="40.131127" lon="-111.460618"></trkpt><trkpt lat="40.130851" lon="-111.460878"></trkpt><trkpt lat="40.130787" lon="-111.461015"></trkpt><trkpt lat="40.130525" lon="-111.461233"></trkpt><trkpt lat="40.130032" lon="-111.461790"></trkpt><trkpt lat="40.129969" lon="-111.461780"></trkpt><trkpt lat="40.129883" lon="-111.461918"></trkpt><trkpt lat="40.129806" lon="-111.461953"></trkpt><trkpt lat="40.129724" lon="-111.462109"></trkpt><trkpt lat="40.129521" lon="-111.462312"></trkpt><trkpt lat="40.129425" lon="-111.462485"></trkpt><trkpt lat="40.129343" lon="-111.462816"></trkpt><trkpt lat="40.129280" lon="-111.462905"></trkpt><trkpt lat="40.129288" lon="-111.462998"></trkpt><trkpt lat="40.129084" lon="-111.463350"></trkpt><trkpt lat="40.128953" lon="-111.463369"></trkpt><trkpt lat="40.128728" lon="-111.463479"></trkpt><trkpt lat="40.128390" lon="-111.463491"></trkpt><trkpt lat="40.128259" lon="-111.463453"></trkpt><trkpt lat="40.128214" lon="-111.463489"></trkpt><trkpt lat="40.127678" lon="-111.463414"></trkpt><trkpt lat="40.127489" lon="-111.463426"></trkpt><trkpt lat="40.126382" lon="-111.463263"></trkpt><trkpt lat="40.126291" lon="-111.463294"></trkpt><trkpt lat="40.126170" lon="-111.463243"></trkpt><trkpt lat="40.125944" lon="-111.463293"></trkpt><trkpt lat="40.125827" lon="-111.463274"></trkpt><trkpt lat="40.125592" lon="-111.463480"></trkpt><trkpt lat="40.125385" lon="-111.463537"></trkpt><trkpt lat="40.125231" lon="-111.463676"></trkpt><trkpt lat="40.125146" lon="-111.463683"></trkpt><trkpt lat="40.124996" lon="-111.463809"></trkpt><trkpt lat="40.124906" lon="-111.463821"></trkpt><trkpt lat="40.124820" lon="-111.463905"></trkpt><trkpt lat="40.124518" lon="-111.464072"></trkpt><trkpt lat="40.122576" lon="-111.465346"></trkpt><trkpt lat="40.121723" lon="-111.465522"></trkpt><trkpt lat="40.121525" lon="-111.465619"></trkpt><trkpt lat="40.121493" lon="-111.465714"></trkpt><trkpt lat="40.121448" lon="-111.465575"></trkpt><trkpt lat="40.121327" lon="-111.465487"></trkpt><trkpt lat="40.121156" lon="-111.465423"></trkpt><trkpt lat="40.120918" lon="-111.465392"></trkpt><trkpt lat="40.120589" lon="-111.465273"></trkpt><trkpt lat="40.120499" lon="-111.465327"></trkpt><trkpt lat="40.120313" lon="-111.465550"></trkpt><trkpt lat="40.120002" lon="-111.465759"></trkpt><trkpt lat="40.118897" lon="-111.466076"></trkpt><trkpt lat="40.118459" lon="-111.466329"></trkpt><trkpt lat="40.118229" lon="-111.466264"></trkpt><trkpt lat="40.118009" lon="-111.466154"></trkpt><trkpt lat="40.117842" lon="-111.466119"></trkpt><trkpt lat="40.117753" lon="-111.466002"></trkpt><trkpt lat="40.117519" lon="-111.465870"></trkpt><trkpt lat="40.117469" lon="-111.465893"></trkpt><trkpt lat="40.117429" lon="-111.465850"></trkpt><trkpt lat="40.117298" lon="-111.465919"></trkpt><trkpt lat="40.117244" lon="-111.465897"></trkpt><trkpt lat="40.116942" lon="-111.465972"></trkpt><trkpt lat="40.116464" lon="-111.465971"></trkpt><trkpt lat="40.116334" lon="-111.466017"></trkpt><trkpt lat="40.116175" lon="-111.466131"></trkpt><trkpt lat="40.115986" lon="-111.466196"></trkpt><trkpt lat="40.115008" lon="-111.466359"></trkpt><trkpt lat="40.114598" lon="-111.466336"></trkpt><trkpt lat="40.114153" lon="-111.466139"></trkpt><trkpt lat="40.113856" lon="-111.466088"></trkpt><trkpt lat="40.113252" lon="-111.466166"></trkpt><trkpt lat="40.112999" lon="-111.466256"></trkpt><trkpt lat="40.112026" lon="-111.466333"></trkpt><trkpt lat="40.111823" lon="-111.466392"></trkpt><trkpt lat="40.111565" lon="-111.466542"></trkpt><trkpt lat="40.111236" lon="-111.466681"></trkpt><trkpt lat="40.110658" lon="-111.467024"></trkpt><trkpt lat="40.109922" lon="-111.467404"></trkpt><trkpt lat="40.109805" lon="-111.467435"></trkpt><trkpt lat="40.109714" lon="-111.467507"></trkpt><trkpt lat="40.109538" lon="-111.467574"></trkpt><trkpt lat="40.109345" lon="-111.467600"></trkpt><trkpt lat="40.109101" lon="-111.467601"></trkpt><trkpt lat="40.108831" lon="-111.467555"></trkpt><trkpt lat="40.108242" lon="-111.467317"></trkpt><trkpt lat="40.108085" lon="-111.467192"></trkpt><trkpt lat="40.107749" lon="-111.466733"></trkpt><trkpt lat="40.107614" lon="-111.466665"></trkpt><trkpt lat="40.107221" lon="-111.466926"></trkpt><trkpt lat="40.106788" lon="-111.466948"></trkpt><trkpt lat="40.106278" lon="-111.467343"></trkpt><trkpt lat="40.106003" lon="-111.467424"></trkpt><trkpt lat="40.105804" lon="-111.467447"></trkpt><trkpt lat="40.105365" lon="-111.466845"></trkpt><trkpt lat="40.105260" lon="-111.466630"></trkpt><trkpt lat="40.105122" lon="-111.466110"></trkpt><trkpt lat="40.104934" lon="-111.466001"></trkpt><trkpt lat="40.104771" lon="-111.465786"></trkpt><trkpt lat="40.104620" lon="-111.465419"></trkpt><trkpt lat="40.104515" lon="-111.465326"></trkpt><trkpt lat="40.104292" lon="-111.465264"></trkpt><trkpt lat="40.103952" lon="-111.465277"></trkpt><trkpt lat="40.103624" lon="-111.465122"></trkpt><trkpt lat="40.103471" lon="-111.465029"></trkpt><trkpt lat="40.102963" lon="-111.464536"></trkpt><trkpt lat="40.102893" lon="-111.464414"></trkpt><trkpt lat="40.102788" lon="-111.464321"></trkpt><trkpt lat="40.102706" lon="-111.464321"></trkpt><trkpt lat="40.102565" lon="-111.464381"></trkpt><trkpt lat="40.102470" lon="-111.464533"></trkpt><trkpt lat="40.101704" lon="-111.465399"></trkpt><trkpt lat="40.101598" lon="-111.465627"></trkpt><trkpt lat="40.101386" lon="-111.465595"></trkpt><trkpt lat="40.100895" lon="-111.465317"></trkpt><trkpt lat="40.100660" lon="-111.465254"></trkpt><trkpt lat="40.100157" lon="-111.464884"></trkpt><trkpt lat="40.099853" lon="-111.464790"></trkpt><trkpt lat="40.099560" lon="-111.464605"></trkpt><trkpt lat="40.099466" lon="-111.464589"></trkpt><trkpt lat="40.099291" lon="-111.464435"></trkpt><trkpt lat="40.099327" lon="-111.464206"></trkpt><trkpt lat="40.099397" lon="-111.464207"></trkpt><trkpt lat="40.099456" lon="-111.464268"></trkpt><trkpt lat="40.099714" lon="-111.464300"></trkpt><trkpt lat="40.099808" lon="-111.464255"></trkpt><trkpt lat="40.100359" lon="-111.464274"></trkpt><trkpt lat="40.100617" lon="-111.464429"></trkpt><trkpt lat="40.100781" lon="-111.464445"></trkpt><trkpt lat="40.101145" lon="-111.464432"></trkpt><trkpt lat="40.101274" lon="-111.464387"></trkpt><trkpt lat="40.101345" lon="-111.464296"></trkpt><trkpt lat="40.101499" lon="-111.463900"></trkpt><trkpt lat="40.101877" lon="-111.463139"></trkpt><trkpt lat="40.102184" lon="-111.462636"></trkpt><trkpt lat="40.102773" lon="-111.462274"></trkpt><trkpt lat="40.103067" lon="-111.462016"></trkpt><trkpt lat="40.103173" lon="-111.461879"></trkpt><trkpt lat="40.103222" lon="-111.461467"></trkpt><trkpt lat="40.103189" lon="-111.460810"></trkpt><trkpt lat="40.102910" lon="-111.460135"></trkpt><trkpt lat="40.102281" lon="-111.459138"></trkpt><trkpt lat="40.102198" lon="-111.459153"></trkpt><trkpt lat="40.102326" lon="-111.459490"></trkpt><trkpt lat="40.102442" lon="-111.459934"></trkpt><trkpt lat="40.102648" lon="-111.461066"></trkpt><trkpt lat="40.102577" lon="-111.461310"></trkpt><trkpt lat="40.102436" lon="-111.461400"></trkpt><trkpt lat="40.102271" lon="-111.461445"></trkpt><trkpt lat="40.102048" lon="-111.461490"></trkpt><trkpt lat="40.101684" lon="-111.461502"></trkpt><trkpt lat="40.101579" lon="-111.461548"></trkpt><trkpt lat="40.101284" lon="-111.461882"></trkpt><trkpt lat="40.101143" lon="-111.461957"></trkpt><trkpt lat="40.101096" lon="-111.461896"></trkpt><trkpt lat="40.101226" lon="-111.461698"></trkpt><trkpt lat="40.101427" lon="-111.461271"></trkpt><trkpt lat="40.101815" lon="-111.461045"></trkpt><trkpt lat="40.101980" lon="-111.461000"></trkpt><trkpt lat="40.102039" lon="-111.460909"></trkpt><trkpt lat="40.101945" lon="-111.460801"></trkpt><trkpt lat="40.101663" lon="-111.460952"></trkpt><trkpt lat="40.101264" lon="-111.461056"></trkpt><trkpt lat="40.101099" lon="-111.461147"></trkpt><trkpt lat="40.100946" lon="-111.461283"></trkpt><trkpt lat="40.100804" lon="-111.461573"></trkpt><trkpt lat="40.100722" lon="-111.461588"></trkpt><trkpt lat="40.100652" lon="-111.461541"></trkpt></trkseg></trk><trk><name>T034 AU6D793</name><trkseg><trkpt lat="40.190596" lon="-111.441854"></trkpt><trkpt lat="40.190602" lon="-111.441451"></trkpt><trkpt lat="40.190689" lon="-111.441208"></trkpt><trkpt lat="40.190586" lon="-111.441061"></trkpt><trkpt lat="40.190532" lon="-111.441038"></trkpt><trkpt lat="40.190388" lon="-111.441049"></trkpt><trkpt lat="40.190414" lon="-111.441129"></trkpt><trkpt lat="40.190311" lon="-111.441095"></trkpt><trkpt lat="40.190221" lon="-111.441105"></trkpt><trkpt lat="40.190004" lon="-111.441306"></trkpt><trkpt lat="40.189706" lon="-111.441440"></trkpt><trkpt lat="40.189305" lon="-111.441483"></trkpt><trkpt lat="40.189116" lon="-111.441468"></trkpt><trkpt lat="40.188990" lon="-111.441371"></trkpt><trkpt lat="40.188954" lon="-111.441291"></trkpt><trkpt lat="40.188924" lon="-111.440821"></trkpt><trkpt lat="40.188958" lon="-111.440292"></trkpt><trkpt lat="40.188931" lon="-111.440186"></trkpt><trkpt lat="40.188784" lon="-111.439930"></trkpt><trkpt lat="40.188797" lon="-111.439852"></trkpt><trkpt lat="40.189183" lon="-111.439226"></trkpt><trkpt lat="40.189192" lon="-111.439162"></trkpt><trkpt lat="40.189121" lon="-111.438871"></trkpt><trkpt lat="40.189022" lon="-111.438718"></trkpt><trkpt lat="40.188748" lon="-111.438534"></trkpt><trkpt lat="40.188460" lon="-111.438535"></trkpt><trkpt lat="40.187655" lon="-111.438307"></trkpt><trkpt lat="40.187327" lon="-111.438048"></trkpt><trkpt lat="40.187093" lon="-111.437967"></trkpt><trkpt lat="40.186778" lon="-111.437922"></trkpt><trkpt lat="40.186679" lon="-111.437777"></trkpt><trkpt lat="40.186441" lon="-111.437665"></trkpt><trkpt lat="40.186063" lon="-111.437579"></trkpt><trkpt lat="40.185991" lon="-111.437525"></trkpt><trkpt lat="40.185779" lon="-111.437577"></trkpt><trkpt lat="40.185739" lon="-111.437499"></trkpt><trkpt lat="40.185572" lon="-111.437425"></trkpt><trkpt lat="40.185483" lon="-111.437260"></trkpt><trkpt lat="40.185276" lon="-111.437190"></trkpt><trkpt lat="40.185078" lon="-111.436990"></trkpt><trkpt lat="40.184894" lon="-111.436918"></trkpt><trkpt lat="40.184764" lon="-111.436800"></trkpt><trkpt lat="40.184661" lon="-111.436629"></trkpt><trkpt lat="40.184594" lon="-111.436318"></trkpt><trkpt lat="40.184290" lon="-111.435890"></trkpt><trkpt lat="40.184120" lon="-111.435571"></trkpt><trkpt lat="40.184052" lon="-111.435513"></trkpt><trkpt lat="40.183890" lon="-111.435461"></trkpt><trkpt lat="40.183642" lon="-111.435442"></trkpt><trkpt lat="40.182989" lon="-111.435574"></trkpt><trkpt lat="40.182809" lon="-111.435506"></trkpt><trkpt lat="40.182589" lon="-111.435336"></trkpt><trkpt lat="40.182179" lon="-111.435301"></trkpt><trkpt lat="40.181512" lon="-111.435374"></trkpt><trkpt lat="40.181444" lon="-111.435360"></trkpt><trkpt lat="40.181328" lon="-111.435246"></trkpt><trkpt lat="40.181251" lon="-111.435215"></trkpt><trkpt lat="40.181076" lon="-111.435217"></trkpt><trkpt lat="40.180707" lon="-111.435037"></trkpt><trkpt lat="40.180595" lon="-111.434841"></trkpt><trkpt lat="40.180366" lon="-111.434591"></trkpt><trkpt lat="40.179997" lon="-111.434582"></trkpt><trkpt lat="40.179839" lon="-111.434547"></trkpt><trkpt lat="40.179543" lon="-111.434368"></trkpt><trkpt lat="40.179390" lon="-111.434349"></trkpt><trkpt lat="40.179223" lon="-111.434271"></trkpt><trkpt lat="40.179128" lon="-111.434286"></trkpt><trkpt lat="40.178778" lon="-111.434061"></trkpt><trkpt lat="40.178369" lon="-111.433692"></trkpt><trkpt lat="40.177965" lon="-111.433419"></trkpt><trkpt lat="40.177858" lon="-111.433231"></trkpt><trkpt lat="40.177813" lon="-111.432966"></trkpt><trkpt lat="40.177751" lon="-111.432847"></trkpt><trkpt lat="40.177603" lon="-111.432693"></trkpt><trkpt lat="40.177270" lon="-111.432528"></trkpt><trkpt lat="40.177243" lon="-111.432445"></trkpt><trkpt lat="40.177167" lon="-111.432399"></trkpt><trkpt lat="40.177050" lon="-111.432227"></trkpt><trkpt lat="40.176983" lon="-111.432193"></trkpt><trkpt lat="40.176947" lon="-111.432050"></trkpt><trkpt lat="40.176817" lon="-111.431895"></trkpt><trkpt lat="40.176763" lon="-111.431882"></trkpt><trkpt lat="40.176754" lon="-111.431930"></trkpt><trkpt lat="40.176700" lon="-111.431956"></trkpt><trkpt lat="40.176673" lon="-111.431935"></trkpt><trkpt lat="40.176673" lon="-111.431860"></trkpt><trkpt lat="40.176480" lon="-111.431752"></trkpt><trkpt lat="40.176381" lon="-111.431638"></trkpt><trkpt lat="40.176291" lon="-111.431659"></trkpt><trkpt lat="40.176242" lon="-111.431639"></trkpt><trkpt lat="40.176157" lon="-111.431372"></trkpt><trkpt lat="40.175924" lon="-111.431183"></trkpt><trkpt lat="40.175510" lon="-111.431014"></trkpt><trkpt lat="40.175285" lon="-111.430966"></trkpt><trkpt lat="40.175141" lon="-111.430844"></trkpt><trkpt lat="40.174926" lon="-111.430584"></trkpt><trkpt lat="40.174755" lon="-111.430544"></trkpt><trkpt lat="40.174538" lon="-111.430565"></trkpt><trkpt lat="40.174376" lon="-111.430710"></trkpt><trkpt lat="40.174010" lon="-111.430939"></trkpt><trkpt lat="40.173564" lon="-111.431016"></trkpt><trkpt lat="40.173285" lon="-111.430965"></trkpt><trkpt lat="40.173024" lon="-111.430843"></trkpt><trkpt lat="40.172866" lon="-111.430866"></trkpt><trkpt lat="40.172785" lon="-111.430801"></trkpt><trkpt lat="40.172646" lon="-111.430759"></trkpt><trkpt lat="40.172336" lon="-111.430544"></trkpt><trkpt lat="40.171727" lon="-111.430530"></trkpt><trkpt lat="40.171367" lon="-111.430429"></trkpt><trkpt lat="40.171237" lon="-111.430335"></trkpt><trkpt lat="40.171115" lon="-111.430363"></trkpt><trkpt lat="40.170819" lon="-111.430218"></trkpt><trkpt lat="40.170554" lon="-111.429933"></trkpt><trkpt lat="40.169539" lon="-111.429191"></trkpt><trkpt lat="40.169130" lon="-111.428810"></trkpt><trkpt lat="40.168869" lon="-111.428740"></trkpt><trkpt lat="40.168523" lon="-111.428558"></trkpt><trkpt lat="40.168239" lon="-111.428466"></trkpt><trkpt lat="40.168150" lon="-111.428388"></trkpt><trkpt lat="40.168042" lon="-111.428095"></trkpt><trkpt lat="40.167999" lon="-111.427668"></trkpt><trkpt lat="40.167879" lon="-111.427327"></trkpt><trkpt lat="40.167902" lon="-111.427108"></trkpt><trkpt lat="40.168075" lon="-111.426657"></trkpt><trkpt lat="40.168112" lon="-111.426462"></trkpt><trkpt lat="40.168211" lon="-111.426462"></trkpt><trkpt lat="40.168602" lon="-111.426669"></trkpt><trkpt lat="40.168948" lon="-111.426774"></trkpt><trkpt lat="40.169002" lon="-111.426815"></trkpt><trkpt lat="40.169232" lon="-111.426870"></trkpt><trkpt lat="40.169439" lon="-111.426855"></trkpt><trkpt lat="40.169728" lon="-111.426653"></trkpt><trkpt lat="40.169945" lon="-111.426583"></trkpt><trkpt lat="40.170179" lon="-111.426431"></trkpt><trkpt lat="40.170441" lon="-111.426452"></trkpt><trkpt lat="40.170490" lon="-111.426421"></trkpt><trkpt lat="40.170554" lon="-111.426280"></trkpt><trkpt lat="40.170568" lon="-111.426124"></trkpt><trkpt lat="40.170962" lon="-111.425521"></trkpt><trkpt lat="40.171062" lon="-111.425429"></trkpt><trkpt lat="40.170540" lon="-111.425101"></trkpt><trkpt lat="40.170405" lon="-111.424979"></trkpt><trkpt lat="40.170279" lon="-111.424939"></trkpt><trkpt lat="40.169797" lon="-111.424966"></trkpt><trkpt lat="40.169599" lon="-111.424923"></trkpt><trkpt lat="40.169333" lon="-111.424992"></trkpt><trkpt lat="40.169180" lon="-111.425123"></trkpt><trkpt lat="40.169040" lon="-111.425052"></trkpt><trkpt lat="40.168950" lon="-111.425046"></trkpt><trkpt lat="40.168820" lon="-111.424955"></trkpt><trkpt lat="40.168725" lon="-111.424960"></trkpt><trkpt lat="40.168464" lon="-111.424821"></trkpt><trkpt lat="40.168145" lon="-111.424718"></trkpt><trkpt lat="40.168087" lon="-111.424612"></trkpt><trkpt lat="40.168092" lon="-111.424467"></trkpt><trkpt lat="40.167868" lon="-111.424100"></trkpt><trkpt lat="40.167756" lon="-111.423968"></trkpt><trkpt lat="40.167648" lon="-111.423925"></trkpt><trkpt lat="40.167491" lon="-111.423792"></trkpt><trkpt lat="40.167204" lon="-111.423425"></trkpt><trkpt lat="40.167128" lon="-111.423203"></trkpt><trkpt lat="40.167224" lon="-111.422733"></trkpt></trkseg></trk><trk><name>T035 AU6D793</name><trkseg><trkpt lat="40.136788" lon="-111.520112"></trkpt><trkpt lat="40.136765" lon="-111.520049"></trkpt><trkpt lat="40.136831" lon="-111.519924"></trkpt><trkpt lat="40.136859" lon="-111.519684"></trkpt><trkpt lat="40.136842" lon="-111.519520"></trkpt><trkpt lat="40.136766" lon="-111.519402"></trkpt><trkpt lat="40.136731" lon="-111.519248"></trkpt><trkpt lat="40.136701" lon="-111.518779"></trkpt><trkpt lat="40.136743" lon="-111.518435"></trkpt><trkpt lat="40.136703" lon="-111.518371"></trkpt><trkpt lat="40.136789" lon="-111.518275"></trkpt><trkpt lat="40.136827" lon="-111.517897"></trkpt><trkpt lat="40.136747" lon="-111.517711"></trkpt><trkpt lat="40.136725" lon="-111.517544"></trkpt><trkpt lat="40.136790" lon="-111.517132"></trkpt><trkpt lat="40.136754" lon="-111.517055"></trkpt><trkpt lat="40.136700" lon="-111.517019"></trkpt><trkpt lat="40.136737" lon="-111.516898"></trkpt><trkpt lat="40.136666" lon="-111.516688"></trkpt><trkpt lat="40.136520" lon="-111.515974"></trkpt><trkpt lat="40.136440" lon="-111.515815"></trkpt><trkpt lat="40.136414" lon="-111.515619"></trkpt><trkpt lat="40.136347" lon="-111.515479"></trkpt><trkpt lat="40.136275" lon="-111.515420"></trkpt><trkpt lat="40.136222" lon="-111.515203"></trkpt><trkpt lat="40.136110" lon="-111.514981"></trkpt><trkpt lat="40.135779" lon="-111.514472"></trkpt><trkpt lat="40.135592" lon="-111.513945"></trkpt><trkpt lat="40.135399" lon="-111.513726"></trkpt><trkpt lat="40.135337" lon="-111.513494"></trkpt><trkpt lat="40.135239" lon="-111.513313"></trkpt><trkpt lat="40.135073" lon="-111.513083"></trkpt><trkpt lat="40.134912" lon="-111.512966"></trkpt><trkpt lat="40.134957" lon="-111.512923"></trkpt><trkpt lat="40.134800" lon="-111.512838"></trkpt><trkpt lat="40.134796" lon="-111.512697"></trkpt><trkpt lat="40.134671" lon="-111.512440"></trkpt><trkpt lat="40.134492" lon="-111.512184"></trkpt><trkpt lat="40.134394" lon="-111.511861"></trkpt><trkpt lat="40.134313" lon="-111.511792"></trkpt><trkpt lat="40.134139" lon="-111.511393"></trkpt><trkpt lat="40.134081" lon="-111.511331"></trkpt><trkpt lat="40.134023" lon="-111.511322"></trkpt><trkpt lat="40.133982" lon="-111.511329"></trkpt><trkpt lat="40.133955" lon="-111.511414"></trkpt><trkpt lat="40.133346" lon="-111.510443"></trkpt><trkpt lat="40.133257" lon="-111.510190"></trkpt><trkpt lat="40.133170" lon="-111.509586"></trkpt><trkpt lat="40.133085" lon="-111.509447"></trkpt><trkpt lat="40.133130" lon="-111.509334"></trkpt><trkpt lat="40.133090" lon="-111.509349"></trkpt><trkpt lat="40.133172" lon="-111.509121"></trkpt><trkpt lat="40.133177" lon="-111.508920"></trkpt><trkpt lat="40.133282" lon="-111.508641"></trkpt><trkpt lat="40.133305" lon="-111.508490"></trkpt><trkpt lat="40.133378" lon="-111.508421"></trkpt><trkpt lat="40.133392" lon="-111.508354"></trkpt><trkpt lat="40.133324" lon="-111.508292"></trkpt><trkpt lat="40.133412" lon="-111.507749"></trkpt><trkpt lat="40.133476" lon="-111.507631"></trkpt><trkpt lat="40.133445" lon="-111.507508"></trkpt><trkpt lat="40.133521" lon="-111.507492"></trkpt><trkpt lat="40.133585" lon="-111.507283"></trkpt><trkpt lat="40.133543" lon="-111.506772"></trkpt><trkpt lat="40.133677" lon="-111.506010"></trkpt><trkpt lat="40.133696" lon="-111.505691"></trkpt><trkpt lat="40.133661" lon="-111.505404"></trkpt><trkpt lat="40.133684" lon="-111.505330"></trkpt><trkpt lat="40.133672" lon="-111.505111"></trkpt><trkpt lat="40.133597" lon="-111.504722"></trkpt><trkpt lat="40.133481" lon="-111.504357"></trkpt><trkpt lat="40.133392" lon="-111.504222"></trkpt><trkpt lat="40.133325" lon="-111.503926"></trkpt><trkpt lat="40.133124" lon="-111.503629"></trkpt><trkpt lat="40.132846" lon="-111.503386"></trkpt><trkpt lat="40.132452" lon="-111.502831"></trkpt><trkpt lat="40.132079" lon="-111.502520"></trkpt><trkpt lat="40.131958" lon="-111.502385"></trkpt><trkpt lat="40.131936" lon="-111.502290"></trkpt><trkpt lat="40.131707" lon="-111.502160"></trkpt><trkpt lat="40.131572" lon="-111.501961"></trkpt><trkpt lat="40.131527" lon="-111.501943"></trkpt><trkpt lat="40.131487" lon="-111.502014"></trkpt><trkpt lat="40.131433" lon="-111.501830"></trkpt><trkpt lat="40.131366" lon="-111.501718"></trkpt><trkpt lat="40.131367" lon="-111.501562"></trkpt><trkpt lat="40.131291" lon="-111.501529"></trkpt><trkpt lat="40.130893" lon="-111.500838"></trkpt><trkpt lat="40.130838" lon="-111.499836"></trkpt><trkpt lat="40.130750" lon="-111.499411"></trkpt><trkpt lat="40.130751" lon="-111.499261"></trkpt><trkpt lat="40.130670" lon="-111.499161"></trkpt><trkpt lat="40.130680" lon="-111.498995"></trkpt><trkpt lat="40.130591" lon="-111.498739"></trkpt><trkpt lat="40.130568" lon="-111.498689"></trkpt><trkpt lat="40.130483" lon="-111.498706"></trkpt><trkpt lat="40.130333" lon="-111.498952"></trkpt><trkpt lat="40.129914" lon="-111.497936"></trkpt><trkpt lat="40.129787" lon="-111.497169"></trkpt><trkpt lat="40.129773" lon="-111.496180"></trkpt><trkpt lat="40.130156" lon="-111.495151"></trkpt><trkpt lat="40.130084" lon="-111.494985"></trkpt><trkpt lat="40.130081" lon="-111.494774"></trkpt><trkpt lat="40.130108" lon="-111.494715"></trkpt><trkpt lat="40.129946" lon="-111.494596"></trkpt><trkpt lat="40.129749" lon="-111.494280"></trkpt><trkpt lat="40.129732" lon="-111.494191"></trkpt><trkpt lat="40.129655" lon="-111.494139"></trkpt><trkpt lat="40.129671" lon="-111.493719"></trkpt><trkpt lat="40.129594" lon="-111.493649"></trkpt><trkpt lat="40.129581" lon="-111.493562"></trkpt><trkpt lat="40.129569" lon="-111.493248"></trkpt><trkpt lat="40.129615" lon="-111.493072"></trkpt><trkpt lat="40.129571" lon="-111.492862"></trkpt><trkpt lat="40.129572" lon="-111.492471"></trkpt><trkpt lat="40.129528" lon="-111.492297"></trkpt><trkpt lat="40.129143" lon="-111.491816"></trkpt><trkpt lat="40.127213" lon="-111.490163"></trkpt><trkpt lat="40.126724" lon="-111.489693"></trkpt><trkpt lat="40.126706" lon="-111.489617"></trkpt><trkpt lat="40.126625" lon="-111.489543"></trkpt><trkpt lat="40.126630" lon="-111.489468"></trkpt><trkpt lat="40.126576" lon="-111.489357"></trkpt><trkpt lat="40.126186" lon="-111.488958"></trkpt><trkpt lat="40.126083" lon="-111.488918"></trkpt><trkpt lat="40.125840" lon="-111.488723"></trkpt><trkpt lat="40.125809" lon="-111.488575"></trkpt><trkpt lat="40.125481" lon="-111.488510"></trkpt><trkpt lat="40.125396" lon="-111.488184"></trkpt><trkpt lat="40.125213" lon="-111.487898"></trkpt><trkpt lat="40.125205" lon="-111.487759"></trkpt><trkpt lat="40.124436" lon="-111.487269"></trkpt><trkpt lat="40.124081" lon="-111.487082"></trkpt><trkpt lat="40.123431" lon="-111.486405"></trkpt><trkpt lat="40.123386" lon="-111.486278"></trkpt><trkpt lat="40.123045" lon="-111.486128"></trkpt><trkpt lat="40.123027" lon="-111.486094"></trkpt><trkpt lat="40.123072" lon="-111.486031"></trkpt><trkpt lat="40.123636" lon="-111.485904"></trkpt><trkpt lat="40.123941" lon="-111.486019"></trkpt><trkpt lat="40.124054" lon="-111.486021"></trkpt><trkpt lat="40.124163" lon="-111.485939"></trkpt><trkpt lat="40.124421" lon="-111.485557"></trkpt><trkpt lat="40.124344" lon="-111.485515"></trkpt><trkpt lat="40.124259" lon="-111.485577"></trkpt><trkpt lat="40.124050" lon="-111.485836"></trkpt><trkpt lat="40.124001" lon="-111.485851"></trkpt><trkpt lat="40.123471" lon="-111.485462"></trkpt><trkpt lat="40.123192" lon="-111.485320"></trkpt><trkpt lat="40.123044" lon="-111.485133"></trkpt><trkpt lat="40.122810" lon="-111.485045"></trkpt><trkpt lat="40.122253" lon="-111.484731"></trkpt><trkpt lat="40.122077" lon="-111.484736"></trkpt><trkpt lat="40.120803" lon="-111.484596"></trkpt><trkpt lat="40.120555" lon="-111.484527"></trkpt><trkpt lat="40.120330" lon="-111.484516"></trkpt><trkpt lat="40.120146" lon="-111.484453"></trkpt><trkpt lat="40.119723" lon="-111.484236"></trkpt><trkpt lat="40.119400" lon="-111.483956"></trkpt><trkpt lat="40.119238" lon="-111.483875"></trkpt><trkpt lat="40.118937" lon="-111.483631"></trkpt><trkpt lat="40.118465" lon="-111.483470"></trkpt><trkpt lat="40.118263" lon="-111.483315"></trkpt><trkpt lat="40.117890" lon="-111.483155"></trkpt><trkpt lat="40.117764" lon="-111.483049"></trkpt><trkpt lat="40.117612" lon="-111.482791"></trkpt><trkpt lat="40.117653" lon="-111.482581"></trkpt><trkpt lat="40.117604" lon="-111.482520"></trkpt><trkpt lat="40.117521" lon="-111.482009"></trkpt><trkpt lat="40.117557" lon="-111.481869"></trkpt><trkpt lat="40.117481" lon="-111.481821"></trkpt><trkpt lat="40.117468" lon="-111.481747"></trkpt><trkpt lat="40.117576" lon="-111.481586"></trkpt><trkpt lat="40.117348" lon="-111.481301"></trkpt><trkpt lat="40.117223" lon="-111.480897"></trkpt><trkpt lat="40.117027" lon="-111.480528"></trkpt><trkpt lat="40.117032" lon="-111.480308"></trkpt><trkpt lat="40.117150" lon="-111.480225"></trkpt><trkpt lat="40.117492" lon="-111.480139"></trkpt><trkpt lat="40.117891" lon="-111.479559"></trkpt><trkpt lat="40.117946" lon="-111.479437"></trkpt><trkpt lat="40.118440" lon="-111.478781"></trkpt><trkpt lat="40.118608" lon="-111.478390"></trkpt><trkpt lat="40.118658" lon="-111.478208"></trkpt><trkpt lat="40.118678" lon="-111.477813"></trkpt><trkpt lat="40.118728" lon="-111.477671"></trkpt><trkpt lat="40.118774" lon="-111.477329"></trkpt><trkpt lat="40.119029" lon="-111.476739"></trkpt><trkpt lat="40.119178" lon="-111.475514"></trkpt><trkpt lat="40.119166" lon="-111.475270"></trkpt><trkpt lat="40.119112" lon="-111.475236"></trkpt><trkpt lat="40.119458" lon="-111.474182"></trkpt><trkpt lat="40.119558" lon="-111.473977"></trkpt><trkpt lat="40.119776" lon="-111.473684"></trkpt><trkpt lat="40.119880" lon="-111.473483"></trkpt><trkpt lat="40.120056" lon="-111.473375"></trkpt><trkpt lat="40.120228" lon="-111.473388"></trkpt><trkpt lat="40.120408" lon="-111.473328"></trkpt><trkpt lat="40.120422" lon="-111.473252"></trkpt><trkpt lat="40.120395" lon="-111.473192"></trkpt><trkpt lat="40.120229" lon="-111.472935"></trkpt><trkpt lat="40.120136" lon="-111.472537"></trkpt><trkpt lat="40.120184" lon="-111.471966"></trkpt><trkpt lat="40.120502" lon="-111.471348"></trkpt><trkpt lat="40.120932" lon="-111.470860"></trkpt><trkpt lat="40.121635" lon="-111.470619"></trkpt><trkpt lat="40.122240" lon="-111.470284"></trkpt><trkpt lat="40.122376" lon="-111.470122"></trkpt><trkpt lat="40.122495" lon="-111.469691"></trkpt><trkpt lat="40.122492" lon="-111.469302"></trkpt><trkpt lat="40.122574" lon="-111.469205"></trkpt><trkpt lat="40.122601" lon="-111.469023"></trkpt><trkpt lat="40.122342" lon="-111.468654"></trkpt><trkpt lat="40.122029" lon="-111.468039"></trkpt><trkpt lat="40.121968" lon="-111.467482"></trkpt><trkpt lat="40.121870" lon="-111.467153"></trkpt><trkpt lat="40.121592" lon="-111.466827"></trkpt><trkpt lat="40.121449" lon="-111.466517"></trkpt><trkpt lat="40.121419" lon="-111.466290"></trkpt><trkpt lat="40.121493" lon="-111.465714"></trkpt></trkseg></trk><trk><name>T036 AU6D793</name><trkseg><trkpt lat="40.991081" lon="-110.392698"></trkpt><trkpt lat="40.991000" lon="-110.392713"></trkpt><trkpt lat="40.990811" lon="-110.392667"></trkpt><trkpt lat="40.990359" lon="-110.392355"></trkpt><trkpt lat="40.990113" lon="-110.391935"></trkpt><trkpt lat="40.990058" lon="-110.391614"></trkpt><trkpt lat="40.990093" lon="-110.391416"></trkpt><trkpt lat="40.990226" lon="-110.391088"></trkpt><trkpt lat="40.990441" lon="-110.390851"></trkpt><trkpt lat="40.991798" lon="-110.390172"></trkpt><trkpt lat="40.991915" lon="-110.390134"></trkpt><trkpt lat="40.992212" lon="-110.390195"></trkpt><trkpt lat="40.992298" lon="-110.390293"></trkpt><trkpt lat="40.993415" lon="-110.390332"></trkpt><trkpt lat="40.993854" lon="-110.390427"></trkpt><trkpt lat="40.994218" lon="-110.390589"></trkpt><trkpt lat="40.994766" lon="-110.391027"></trkpt></trkseg></trk><trk><name>T037 AU6D793</name><trkseg><trkpt lat="40.591732" lon="-112.573025"></trkpt><trkpt lat="40.591676" lon="-112.573235"></trkpt><trkpt lat="40.591594" lon="-112.573394"></trkpt><trkpt lat="40.591549" lon="-112.574066"></trkpt><trkpt lat="40.591072" lon="-112.575660"></trkpt><trkpt lat="40.591065" lon="-112.575820"></trkpt><trkpt lat="40.591176" lon="-112.576316"></trkpt><trkpt lat="40.591160" lon="-112.576492"></trkpt><trkpt lat="40.590713" lon="-112.577530"></trkpt><trkpt lat="40.590595" lon="-112.577896"></trkpt><trkpt lat="40.590381" lon="-112.578117"></trkpt><trkpt lat="40.589752" lon="-112.579307"></trkpt><trkpt lat="40.589225" lon="-112.580589"></trkpt><trkpt lat="40.588953" lon="-112.581092"></trkpt><trkpt lat="40.588905" lon="-112.581314"></trkpt><trkpt lat="40.588898" lon="-112.582130"></trkpt><trkpt lat="40.588856" lon="-112.582596"></trkpt><trkpt lat="40.588818" lon="-112.582733"></trkpt><trkpt lat="40.588758" lon="-112.582794"></trkpt><trkpt lat="40.588613" lon="-112.582840"></trkpt><trkpt lat="40.588577" lon="-112.582901"></trkpt><trkpt lat="40.588514" lon="-112.583206"></trkpt><trkpt lat="40.588477" lon="-112.583603"></trkpt><trkpt lat="40.588488" lon="-112.584442"></trkpt><trkpt lat="40.588406" lon="-112.585144"></trkpt><trkpt lat="40.588291" lon="-112.585655"></trkpt><trkpt lat="40.588232" lon="-112.586334"></trkpt><trkpt lat="40.588116" lon="-112.586937"></trkpt><trkpt lat="40.588117" lon="-112.587166"></trkpt><trkpt lat="40.588163" lon="-112.587417"></trkpt><trkpt lat="40.588004" lon="-112.588173"></trkpt><trkpt lat="40.588035" lon="-112.588524"></trkpt><trkpt lat="40.588165" lon="-112.588898"></trkpt><trkpt lat="40.588298" lon="-112.589073"></trkpt><trkpt lat="40.588377" lon="-112.589241"></trkpt><trkpt lat="40.588543" lon="-112.589928"></trkpt><trkpt lat="40.588958" lon="-112.590866"></trkpt><trkpt lat="40.589078" lon="-112.591614"></trkpt><trkpt lat="40.589129" lon="-112.592224"></trkpt><trkpt lat="40.589061" lon="-112.593529"></trkpt><trkpt lat="40.589176" lon="-112.594300"></trkpt><trkpt lat="40.589262" lon="-112.595253"></trkpt><trkpt lat="40.589481" lon="-112.595704"></trkpt><trkpt lat="40.589752" lon="-112.596001"></trkpt><trkpt lat="40.589835" lon="-112.596161"></trkpt><trkpt lat="40.590021" lon="-112.597046"></trkpt><trkpt lat="40.590573" lon="-112.599175"></trkpt><trkpt lat="40.590641" lon="-112.599778"></trkpt><trkpt lat="40.590661" lon="-112.600953"></trkpt><trkpt lat="40.590626" lon="-112.601861"></trkpt><trkpt lat="40.590479" lon="-112.602707"></trkpt><trkpt lat="40.590451" lon="-112.604058"></trkpt><trkpt lat="40.590298" lon="-112.604714"></trkpt><trkpt lat="40.590183" lon="-112.604867"></trkpt><trkpt lat="40.590041" lon="-112.605393"></trkpt><trkpt lat="40.589859" lon="-112.605828"></trkpt><trkpt lat="40.589758" lon="-112.605996"></trkpt><trkpt lat="40.589505" lon="-112.606339"></trkpt><trkpt lat="40.589245" lon="-112.606568"></trkpt><trkpt lat="40.588923" lon="-112.606752"></trkpt><trkpt lat="40.588789" lon="-112.606942"></trkpt><trkpt lat="40.588698" lon="-112.607011"></trkpt><trkpt lat="40.588454" lon="-112.607125"></trkpt><trkpt lat="40.588355" lon="-112.607400"></trkpt><trkpt lat="40.588282" lon="-112.607820"></trkpt><trkpt lat="40.588089" lon="-112.608071"></trkpt><trkpt lat="40.587821" lon="-112.608216"></trkpt><trkpt lat="40.587757" lon="-112.608285"></trkpt><trkpt lat="40.587554" lon="-112.608628"></trkpt><trkpt lat="40.587196" lon="-112.609460"></trkpt><trkpt lat="40.586882" lon="-112.610040"></trkpt><trkpt lat="40.586672" lon="-112.610223"></trkpt><trkpt lat="40.586068" lon="-112.610597"></trkpt><trkpt lat="40.585971" lon="-112.610711"></trkpt></trkseg></trk><trk><name>T038 AU6D793</name><trkseg><trkpt lat="40.150225" lon="-111.234352"></trkpt><trkpt lat="40.150269" lon="-111.234440"></trkpt><trkpt lat="40.150250" lon="-111.234822"></trkpt><trkpt lat="40.150285" lon="-111.235032"></trkpt><trkpt lat="40.150568" lon="-111.235498"></trkpt><trkpt lat="40.150591" lon="-111.235600"></trkpt><trkpt lat="40.150517" lon="-111.236226"></trkpt><trkpt lat="40.150296" lon="-111.236686"></trkpt><trkpt lat="40.150272" lon="-111.237160"></trkpt><trkpt lat="40.150209" lon="-111.237349"></trkpt><trkpt lat="40.150239" lon="-111.237828"></trkpt><trkpt lat="40.150112" lon="-111.238177"></trkpt><trkpt lat="40.150035" lon="-111.238624"></trkpt><trkpt lat="40.150044" lon="-111.238724"></trkpt><trkpt lat="40.150313" lon="-111.239389"></trkpt><trkpt lat="40.150478" lon="-111.240139"></trkpt><trkpt lat="40.150649" lon="-111.240310"></trkpt><trkpt lat="40.150711" lon="-111.240421"></trkpt><trkpt lat="40.151061" lon="-111.241224"></trkpt><trkpt lat="40.151371" lon="-111.241669"></trkpt><trkpt lat="40.151452" lon="-111.241882"></trkpt><trkpt lat="40.151501" lon="-111.242137"></trkpt><trkpt lat="40.151478" lon="-111.242433"></trkpt><trkpt lat="40.151414" lon="-111.242725"></trkpt><trkpt lat="40.151328" lon="-111.242930"></trkpt><trkpt lat="40.151332" lon="-111.243061"></trkpt><trkpt lat="40.151803" lon="-111.244119"></trkpt><trkpt lat="40.151879" lon="-111.244524"></trkpt><trkpt lat="40.151859" lon="-111.245120"></trkpt><trkpt lat="40.151728" lon="-111.245430"></trkpt><trkpt lat="40.151705" lon="-111.245566"></trkpt><trkpt lat="40.151736" lon="-111.245856"></trkpt><trkpt lat="40.151646" lon="-111.246157"></trkpt><trkpt lat="40.151442" lon="-111.246524"></trkpt><trkpt lat="40.151068" lon="-111.246731"></trkpt><trkpt lat="40.150910" lon="-111.246912"></trkpt><trkpt lat="40.150896" lon="-111.247110"></trkpt><trkpt lat="40.151003" lon="-111.247521"></trkpt><trkpt lat="40.150478" lon="-111.248484"></trkpt><trkpt lat="40.150302" lon="-111.248573"></trkpt><trkpt lat="40.149946" lon="-111.248929"></trkpt><trkpt lat="40.149738" lon="-111.249025"></trkpt><trkpt lat="40.149463" lon="-111.249076"></trkpt><trkpt lat="40.149369" lon="-111.249142"></trkpt><trkpt lat="40.149120" lon="-111.249393"></trkpt><trkpt lat="40.149012" lon="-111.249570"></trkpt><trkpt lat="40.148741" lon="-111.249799"></trkpt><trkpt lat="40.148579" lon="-111.249863"></trkpt><trkpt lat="40.148412" lon="-111.249984"></trkpt><trkpt lat="40.148169" lon="-111.250042"></trkpt><trkpt lat="40.147974" lon="-111.250260"></trkpt><trkpt lat="40.147785" lon="-111.250324"></trkpt><trkpt lat="40.147528" lon="-111.250658"></trkpt><trkpt lat="40.147482" lon="-111.250740"></trkpt><trkpt lat="40.147381" lon="-111.251780"></trkpt><trkpt lat="40.147249" lon="-111.252434"></trkpt><trkpt lat="40.147271" lon="-111.252774"></trkpt><trkpt lat="40.147180" lon="-111.253067"></trkpt><trkpt lat="40.147040" lon="-111.253100"></trkpt><trkpt lat="40.146869" lon="-111.253267"></trkpt><trkpt lat="40.146861" lon="-111.254721"></trkpt><trkpt lat="40.146888" lon="-111.254750"></trkpt><trkpt lat="40.146847" lon="-111.255045"></trkpt><trkpt lat="40.146657" lon="-111.255260"></trkpt><trkpt lat="40.146585" lon="-111.255279"></trkpt><trkpt lat="40.146517" lon="-111.255233"></trkpt><trkpt lat="40.146284" lon="-111.254922"></trkpt><trkpt lat="40.146176" lon="-111.254886"></trkpt><trkpt lat="40.145680" lon="-111.254913"></trkpt><trkpt lat="40.145568" lon="-111.254871"></trkpt><trkpt lat="40.145392" lon="-111.254991"></trkpt><trkpt lat="40.145369" lon="-111.255104"></trkpt><trkpt lat="40.145418" lon="-111.255318"></trkpt><trkpt lat="40.145444" lon="-111.255855"></trkpt><trkpt lat="40.145533" lon="-111.256163"></trkpt><trkpt lat="40.145555" lon="-111.256458"></trkpt></trkseg></trk><trk><name>T039 AU6D793</name><trkseg><trkpt lat="40.893136" lon="-110.815751"></trkpt><trkpt lat="40.893923" lon="-110.815998"></trkpt><trkpt lat="40.894154" lon="-110.816142"></trkpt><trkpt lat="40.894544" lon="-110.816941"></trkpt><trkpt lat="40.894849" lon="-110.817261"></trkpt><trkpt lat="40.895238" lon="-110.817740"></trkpt><trkpt lat="40.895506" lon="-110.817996"></trkpt><trkpt lat="40.895664" lon="-110.818284"></trkpt><trkpt lat="40.895896" lon="-110.818876"></trkpt><trkpt lat="40.896043" lon="-110.819500"></trkpt><trkpt lat="40.896482" lon="-110.820220"></trkpt><trkpt lat="40.897054" lon="-110.820939"></trkpt><trkpt lat="40.897176" lon="-110.821147"></trkpt><trkpt lat="40.897298" lon="-110.821451"></trkpt><trkpt lat="40.897822" lon="-110.822170"></trkpt><trkpt lat="40.898275" lon="-110.822361"></trkpt></trkseg></trk><trk><name>T040 AU6D793</name><trkseg><trkpt lat="40.671998" lon="-110.935579"></trkpt><trkpt lat="40.671800" lon="-110.935960"></trkpt><trkpt lat="40.671368" lon="-110.936433"></trkpt><trkpt lat="40.671170" lon="-110.936769"></trkpt><trkpt lat="40.670963" lon="-110.937418"></trkpt><trkpt lat="40.670707" lon="-110.937951"></trkpt><trkpt lat="40.670369" lon="-110.938234"></trkpt><trkpt lat="40.670243" lon="-110.938417"></trkpt><trkpt lat="40.670171" lon="-110.938798"></trkpt><trkpt lat="40.670194" lon="-110.939454"></trkpt><trkpt lat="40.670158" lon="-110.939668"></trkpt><trkpt lat="40.670037" lon="-110.939889"></trkpt><trkpt lat="40.669767" lon="-110.940210"></trkpt><trkpt lat="40.669343" lon="-110.940576"></trkpt><trkpt lat="40.669290" lon="-110.940927"></trkpt><trkpt lat="40.669168" lon="-110.941026"></trkpt><trkpt lat="40.668384" lon="-110.941240"></trkpt><trkpt lat="40.666614" lon="-110.941797"></trkpt><trkpt lat="40.665880" lon="-110.941972"></trkpt><trkpt lat="40.664227" lon="-110.942178"></trkpt><trkpt lat="40.663097" lon="-110.942232"></trkpt><trkpt lat="40.662340" lon="-110.942193"></trkpt><trkpt lat="40.662137" lon="-110.942132"></trkpt><trkpt lat="40.661673" lon="-110.941919"></trkpt><trkpt lat="40.661515" lon="-110.941896"></trkpt><trkpt lat="40.661204" lon="-110.941896"></trkpt><trkpt lat="40.660885" lon="-110.942025"></trkpt><trkpt lat="40.660488" lon="-110.942048"></trkpt><trkpt lat="40.659709" lon="-110.941606"></trkpt><trkpt lat="40.659231" lon="-110.941140"></trkpt></trkseg></trk><trk><name>T041 AU6D793</name><trkseg><trkpt lat="40.673736" lon="-110.934091"></trkpt><trkpt lat="40.673596" lon="-110.933458"></trkpt><trkpt lat="40.673623" lon="-110.933076"></trkpt><trkpt lat="40.673555" lon="-110.932641"></trkpt><trkpt lat="40.673564" lon="-110.932290"></trkpt><trkpt lat="40.673883" lon="-110.931489"></trkpt><trkpt lat="40.673946" lon="-110.930871"></trkpt><trkpt lat="40.673883" lon="-110.930330"></trkpt><trkpt lat="40.673666" lon="-110.929849"></trkpt><trkpt lat="40.673454" lon="-110.929620"></trkpt><trkpt lat="40.672977" lon="-110.929513"></trkpt><trkpt lat="40.672562" lon="-110.929498"></trkpt><trkpt lat="40.672216" lon="-110.929750"></trkpt><trkpt lat="40.671801" lon="-110.929918"></trkpt><trkpt lat="40.671396" lon="-110.929818"></trkpt><trkpt lat="40.671008" lon="-110.929673"></trkpt><trkpt lat="40.670824" lon="-110.929391"></trkpt><trkpt lat="40.670477" lon="-110.929063"></trkpt><trkpt lat="40.669319" lon="-110.929010"></trkpt><trkpt lat="40.668409" lon="-110.929055"></trkpt><trkpt lat="40.668044" lon="-110.929277"></trkpt><trkpt lat="40.667283" lon="-110.929536"></trkpt><trkpt lat="40.666680" lon="-110.929872"></trkpt><trkpt lat="40.666198" lon="-110.929940"></trkpt><trkpt lat="40.665964" lon="-110.929940"></trkpt><trkpt lat="40.665635" lon="-110.929849"></trkpt><trkpt lat="40.665319" lon="-110.929803"></trkpt><trkpt lat="40.665126" lon="-110.929826"></trkpt><trkpt lat="40.664621" lon="-110.929978"></trkpt><trkpt lat="40.664225" lon="-110.930169"></trkpt><trkpt lat="40.664099" lon="-110.930253"></trkpt><trkpt lat="40.663896" lon="-110.930459"></trkpt><trkpt lat="40.663995" lon="-110.929994"></trkpt><trkpt lat="40.663999" lon="-110.929581"></trkpt><trkpt lat="40.663810" lon="-110.929177"></trkpt><trkpt lat="40.663481" lon="-110.928887"></trkpt><trkpt lat="40.662778" lon="-110.928170"></trkpt><trkpt lat="40.662561" lon="-110.927644"></trkpt><trkpt lat="40.662439" lon="-110.927094"></trkpt><trkpt lat="40.662236" lon="-110.926988"></trkpt><trkpt lat="40.662182" lon="-110.926903"></trkpt><trkpt lat="40.662191" lon="-110.926492"></trkpt><trkpt lat="40.661993" lon="-110.926377"></trkpt><trkpt lat="40.661443" lon="-110.926163"></trkpt><trkpt lat="40.660952" lon="-110.926202"></trkpt><trkpt lat="40.660709" lon="-110.926232"></trkpt><trkpt lat="40.660416" lon="-110.926431"></trkpt><trkpt lat="40.659966" lon="-110.926805"></trkpt><trkpt lat="40.659412" lon="-110.927109"></trkpt><trkpt lat="40.658876" lon="-110.927148"></trkpt><trkpt lat="40.658484" lon="-110.927247"></trkpt><trkpt lat="40.658201" lon="-110.927407"></trkpt><trkpt lat="40.657629" lon="-110.927621"></trkpt><trkpt lat="40.657525" lon="-110.927712"></trkpt><trkpt lat="40.657458" lon="-110.927819"></trkpt><trkpt lat="40.657102" lon="-110.928765"></trkpt><trkpt lat="40.656864" lon="-110.929085"></trkpt><trkpt lat="40.656828" lon="-110.929192"></trkpt><trkpt lat="40.656823" lon="-110.929315"></trkpt><trkpt lat="40.656882" lon="-110.929528"></trkpt><trkpt lat="40.656999" lon="-110.929765"></trkpt><trkpt lat="40.657126" lon="-110.930215"></trkpt><trkpt lat="40.657139" lon="-110.930352"></trkpt><trkpt lat="40.657112" lon="-110.930474"></trkpt><trkpt lat="40.656959" lon="-110.930604"></trkpt><trkpt lat="40.656658" lon="-110.930756"></trkpt><trkpt lat="40.656099" lon="-110.930901"></trkpt><trkpt lat="40.655293" lon="-110.930688"></trkpt><trkpt lat="40.654829" lon="-110.930642"></trkpt><trkpt lat="40.654531" lon="-110.930688"></trkpt><trkpt lat="40.654149" lon="-110.930833"></trkpt><trkpt lat="40.653739" lon="-110.931115"></trkpt><trkpt lat="40.653599" lon="-110.931130"></trkpt><trkpt lat="40.653108" lon="-110.930901"></trkpt><trkpt lat="40.652441" lon="-110.930726"></trkpt><trkpt lat="40.651694" lon="-110.930611"></trkpt><trkpt lat="40.651117" lon="-110.930466"></trkpt><trkpt lat="40.650468" lon="-110.930184"></trkpt><trkpt lat="40.649955" lon="-110.930169"></trkpt><trkpt lat="40.649464" lon="-110.930199"></trkpt><trkpt lat="40.648950" lon="-110.930306"></trkpt><trkpt lat="40.648441" lon="-110.930565"></trkpt><trkpt lat="40.647960" lon="-110.930924"></trkpt><trkpt lat="40.647685" lon="-110.931031"></trkpt><trkpt lat="40.646586" lon="-110.931794"></trkpt><trkpt lat="40.646361" lon="-110.932335"></trkpt><trkpt lat="40.646123" lon="-110.933045"></trkpt><trkpt lat="40.646037" lon="-110.933175"></trkpt><trkpt lat="40.645650" lon="-110.933190"></trkpt><trkpt lat="40.645866" lon="-110.932953"></trkpt><trkpt lat="40.645956" lon="-110.932709"></trkpt><trkpt lat="40.645902" lon="-110.932610"></trkpt><trkpt lat="40.645785" lon="-110.932503"></trkpt><trkpt lat="40.645713" lon="-110.932221"></trkpt><trkpt lat="40.645685" lon="-110.931961"></trkpt><trkpt lat="40.645753" lon="-110.931771"></trkpt><trkpt lat="40.645906" lon="-110.931443"></trkpt><trkpt lat="40.646036" lon="-110.931061"></trkpt><trkpt lat="40.646509" lon="-110.930519"></trkpt><trkpt lat="40.646680" lon="-110.930001"></trkpt><trkpt lat="40.647233" lon="-110.929055"></trkpt><trkpt lat="40.647336" lon="-110.928581"></trkpt><trkpt lat="40.647336" lon="-110.928437"></trkpt><trkpt lat="40.647327" lon="-110.928284"></trkpt><trkpt lat="40.647174" lon="-110.927926"></trkpt><trkpt lat="40.647012" lon="-110.927666"></trkpt><trkpt lat="40.646619" lon="-110.927269"></trkpt><trkpt lat="40.645569" lon="-110.926346"></trkpt><trkpt lat="40.645267" lon="-110.925827"></trkpt><trkpt lat="40.645231" lon="-110.925743"></trkpt><trkpt lat="40.645226" lon="-110.925568"></trkpt><trkpt lat="40.645298" lon="-110.925446"></trkpt><trkpt lat="40.645478" lon="-110.925278"></trkpt><trkpt lat="40.645591" lon="-110.925270"></trkpt><trkpt lat="40.645906" lon="-110.925438"></trkpt><trkpt lat="40.646456" lon="-110.925423"></trkpt><trkpt lat="40.646978" lon="-110.925301"></trkpt><trkpt lat="40.647388" lon="-110.925080"></trkpt><trkpt lat="40.647708" lon="-110.924843"></trkpt><trkpt lat="40.647888" lon="-110.924637"></trkpt><trkpt lat="40.647915" lon="-110.924393"></trkpt><trkpt lat="40.647771" lon="-110.924187"></trkpt><trkpt lat="40.647658" lon="-110.924088"></trkpt><trkpt lat="40.647455" lon="-110.923989"></trkpt><trkpt lat="40.647032" lon="-110.924012"></trkpt><trkpt lat="40.646856" lon="-110.923912"></trkpt><trkpt lat="40.646748" lon="-110.923790"></trkpt><trkpt lat="40.646482" lon="-110.923272"></trkpt><trkpt lat="40.646427" lon="-110.922829"></trkpt><trkpt lat="40.646481" lon="-110.922570"></trkpt><trkpt lat="40.646715" lon="-110.922249"></trkpt><trkpt lat="40.647030" lon="-110.922066"></trkpt><trkpt lat="40.647954" lon="-110.921746"></trkpt><trkpt lat="40.648053" lon="-110.921669"></trkpt><trkpt lat="40.648260" lon="-110.921410"></trkpt><trkpt lat="40.648408" lon="-110.921082"></trkpt><trkpt lat="40.648561" lon="-110.920578"></trkpt><trkpt lat="40.648736" lon="-110.920143"></trkpt><trkpt lat="40.648862" lon="-110.919243"></trkpt><trkpt lat="40.648839" lon="-110.918915"></trkpt><trkpt lat="40.648776" lon="-110.918747"></trkpt><trkpt lat="40.648677" lon="-110.918610"></trkpt><trkpt lat="40.648555" lon="-110.918511"></trkpt><trkpt lat="40.648253" lon="-110.918381"></trkpt><trkpt lat="40.647546" lon="-110.918160"></trkpt><trkpt lat="40.646504" lon="-110.917260"></trkpt><trkpt lat="40.646301" lon="-110.916786"></trkpt><trkpt lat="40.646197" lon="-110.916229"></trkpt><trkpt lat="40.646256" lon="-110.915794"></trkpt><trkpt lat="40.646336" lon="-110.915428"></trkpt><trkpt lat="40.646534" lon="-110.915062"></trkpt><trkpt lat="40.646574" lon="-110.914330"></trkpt><trkpt lat="40.646826" lon="-110.913582"></trkpt><trkpt lat="40.646803" lon="-110.913300"></trkpt><trkpt lat="40.646510" lon="-110.912918"></trkpt></trkseg></trk><trk><name>T042 AU6D793</name><trkseg><trkpt lat="40.668409" lon="-110.929055"></trkpt><trkpt lat="40.668557" lon="-110.928850"></trkpt><trkpt lat="40.668684" lon="-110.928735"></trkpt><trkpt lat="40.668859" lon="-110.928468"></trkpt><trkpt lat="40.669003" lon="-110.928155"></trkpt><trkpt lat="40.668913" lon="-110.927667"></trkpt><trkpt lat="40.668804" lon="-110.927476"></trkpt><trkpt lat="40.668647" lon="-110.927339"></trkpt><trkpt lat="40.668182" lon="-110.927148"></trkpt><trkpt lat="40.668043" lon="-110.927057"></trkpt><trkpt lat="40.667569" lon="-110.926309"></trkpt><trkpt lat="40.667245" lon="-110.926164"></trkpt><trkpt lat="40.666979" lon="-110.925943"></trkpt><trkpt lat="40.666578" lon="-110.925965"></trkpt><trkpt lat="40.666501" lon="-110.925874"></trkpt><trkpt lat="40.666452" lon="-110.925744"></trkpt><trkpt lat="40.666479" lon="-110.925637"></trkpt><trkpt lat="40.666704" lon="-110.925401"></trkpt><trkpt lat="40.667172" lon="-110.925172"></trkpt><trkpt lat="40.667501" lon="-110.925065"></trkpt><trkpt lat="40.667582" lon="-110.924997"></trkpt><trkpt lat="40.667627" lon="-110.924928"></trkpt><trkpt lat="40.667627" lon="-110.924455"></trkpt><trkpt lat="40.667509" lon="-110.923944"></trkpt><trkpt lat="40.667644" lon="-110.923753"></trkpt><trkpt lat="40.667901" lon="-110.923554"></trkpt><trkpt lat="40.667955" lon="-110.923455"></trkpt><trkpt lat="40.668072" lon="-110.923349"></trkpt><trkpt lat="40.668211" lon="-110.923280"></trkpt><trkpt lat="40.668680" lon="-110.923249"></trkpt><trkpt lat="40.669027" lon="-110.923135"></trkpt><trkpt lat="40.669265" lon="-110.923005"></trkpt><trkpt lat="40.669527" lon="-110.922929"></trkpt><trkpt lat="40.669680" lon="-110.922959"></trkpt><trkpt lat="40.669743" lon="-110.923135"></trkpt><trkpt lat="40.669743" lon="-110.923242"></trkpt><trkpt lat="40.669707" lon="-110.923326"></trkpt><trkpt lat="40.669626" lon="-110.923402"></trkpt><trkpt lat="40.669522" lon="-110.923402"></trkpt><trkpt lat="40.669301" lon="-110.923127"></trkpt></trkseg></trk><trk><name>T043 AU6D793</name><trkseg><trkpt lat="40.645650" lon="-110.933190"></trkpt><trkpt lat="40.645407" lon="-110.933144"></trkpt><trkpt lat="40.644916" lon="-110.933144"></trkpt><trkpt lat="40.644632" lon="-110.933098"></trkpt><trkpt lat="40.643983" lon="-110.932839"></trkpt><trkpt lat="40.643758" lon="-110.932839"></trkpt><trkpt lat="40.643551" lon="-110.932907"></trkpt></trkseg></trk><trk><name>T044 AU6D793</name><trkseg><trkpt lat="40.674206" lon="-110.935617"></trkpt><trkpt lat="40.674142" lon="-110.935350"></trkpt><trkpt lat="40.674142" lon="-110.935197"></trkpt><trkpt lat="40.674214" lon="-110.934953"></trkpt><trkpt lat="40.674255" lon="-110.934587"></trkpt><trkpt lat="40.674268" lon="-110.934045"></trkpt><trkpt lat="40.673736" lon="-110.934091"></trkpt><trkpt lat="40.673692" lon="-110.934511"></trkpt><trkpt lat="40.673597" lon="-110.934702"></trkpt><trkpt lat="40.673174" lon="-110.935190"></trkpt><trkpt lat="40.672823" lon="-110.935426"></trkpt><trkpt lat="40.672494" lon="-110.935701"></trkpt><trkpt lat="40.672350" lon="-110.935769"></trkpt><trkpt lat="40.672116" lon="-110.935777"></trkpt><trkpt lat="40.672039" lon="-110.935701"></trkpt><trkpt lat="40.671998" lon="-110.935579"></trkpt><trkpt lat="40.672183" lon="-110.935022"></trkpt><trkpt lat="40.672151" lon="-110.934579"></trkpt><trkpt lat="40.672088" lon="-110.934442"></trkpt><trkpt lat="40.671772" lon="-110.934068"></trkpt><trkpt lat="40.671547" lon="-110.933984"></trkpt><trkpt lat="40.671376" lon="-110.934007"></trkpt><trkpt lat="40.671178" lon="-110.934083"></trkpt><trkpt lat="40.670935" lon="-110.934114"></trkpt><trkpt lat="40.670615" lon="-110.934282"></trkpt><trkpt lat="40.669840" lon="-110.934778"></trkpt><trkpt lat="40.669435" lon="-110.934953"></trkpt><trkpt lat="40.668715" lon="-110.935434"></trkpt><trkpt lat="40.667764" lon="-110.935609"></trkpt><trkpt lat="40.667206" lon="-110.935914"></trkpt><trkpt lat="40.666990" lon="-110.935998"></trkpt><trkpt lat="40.665809" lon="-110.936051"></trkpt><trkpt lat="40.665472" lon="-110.936189"></trkpt><trkpt lat="40.664878" lon="-110.937021"></trkpt><trkpt lat="40.664355" lon="-110.937448"></trkpt><trkpt lat="40.663891" lon="-110.937555"></trkpt><trkpt lat="40.662603" lon="-110.937555"></trkpt><trkpt lat="40.662081" lon="-110.937707"></trkpt><trkpt lat="40.661946" lon="-110.937814"></trkpt><trkpt lat="40.661847" lon="-110.937959"></trkpt></trkseg></trk><trk><name>T045 AU6D793</name><trkseg><trkpt lat="40.647897" lon="-110.924553"></trkpt><trkpt lat="40.648933" lon="-110.924897"></trkpt><trkpt lat="40.649690" lon="-110.925026"></trkpt><trkpt lat="40.650411" lon="-110.925057"></trkpt><trkpt lat="40.650888" lon="-110.924935"></trkpt><trkpt lat="40.651969" lon="-110.924889"></trkpt><trkpt lat="40.653695" lon="-110.925027"></trkpt><trkpt lat="40.654902" lon="-110.924851"></trkpt><trkpt lat="40.655348" lon="-110.924828"></trkpt><trkpt lat="40.655744" lon="-110.924729"></trkpt><trkpt lat="40.656122" lon="-110.924699"></trkpt><trkpt lat="40.656771" lon="-110.924981"></trkpt><trkpt lat="40.657064" lon="-110.925172"></trkpt><trkpt lat="40.657307" lon="-110.925423"></trkpt><trkpt lat="40.657605" lon="-110.925812"></trkpt><trkpt lat="40.657745" lon="-110.926240"></trkpt><trkpt lat="40.658106" lon="-110.927110"></trkpt><trkpt lat="40.658484" lon="-110.927247"></trkpt></trkseg></trk><trk><name>T046 AU6D793</name><trkseg><trkpt lat="40.658918" lon="-110.937059"></trkpt><trkpt lat="40.658819" lon="-110.936791"></trkpt><trkpt lat="40.658846" lon="-110.936105"></trkpt><trkpt lat="40.658917" lon="-110.935945"></trkpt><trkpt lat="40.659359" lon="-110.935365"></trkpt><trkpt lat="40.659620" lon="-110.935143"></trkpt><trkpt lat="40.659872" lon="-110.934991"></trkpt><trkpt lat="40.660196" lon="-110.934655"></trkpt><trkpt lat="40.660344" lon="-110.934136"></trkpt><trkpt lat="40.660367" lon="-110.933663"></trkpt><trkpt lat="40.660447" lon="-110.933144"></trkpt><trkpt lat="40.660573" lon="-110.932877"></trkpt><trkpt lat="40.661069" lon="-110.932504"></trkpt><trkpt lat="40.661447" lon="-110.932382"></trkpt><trkpt lat="40.661722" lon="-110.932397"></trkpt><trkpt lat="40.661861" lon="-110.932458"></trkpt><trkpt lat="40.662244" lon="-110.932718"></trkpt><trkpt lat="40.662398" lon="-110.932717"></trkpt><trkpt lat="40.662524" lon="-110.932641"></trkpt><trkpt lat="40.662920" lon="-110.932526"></trkpt><trkpt lat="40.663046" lon="-110.932420"></trkpt><trkpt lat="40.663820" lon="-110.930535"></trkpt><trkpt lat="40.663896" lon="-110.930459"></trkpt></trkseg></trk><trk><name>T047 AU6D793</name><trkseg><trkpt lat="40.863465" lon="-111.835883"></trkpt><trkpt lat="40.863228" lon="-111.836165"></trkpt><trkpt lat="40.863200" lon="-111.836318"></trkpt><trkpt lat="40.863253" lon="-111.836440"></trkpt><trkpt lat="40.863428" lon="-111.836653"></trkpt><trkpt lat="40.863565" lon="-111.836959"></trkpt><trkpt lat="40.864011" lon="-111.837607"></trkpt><trkpt lat="40.864090" lon="-111.837783"></trkpt><trkpt lat="40.864103" lon="-111.837973"></trkpt><trkpt lat="40.863953" lon="-111.838073"></trkpt><trkpt lat="40.863560" lon="-111.837645"></trkpt><trkpt lat="40.862790" lon="-111.836943"></trkpt><trkpt lat="40.862683" lon="-111.836814"></trkpt><trkpt lat="40.862653" lon="-111.836638"></trkpt><trkpt lat="40.862689" lon="-111.836020"></trkpt><trkpt lat="40.862367" lon="-111.835005"></trkpt><trkpt lat="40.862316" lon="-111.834616"></trkpt><trkpt lat="40.862284" lon="-111.833487"></trkpt><trkpt lat="40.862209" lon="-111.833205"></trkpt><trkpt lat="40.862107" lon="-111.833006"></trkpt><trkpt lat="40.861906" lon="-111.832785"></trkpt><trkpt lat="40.861780" lon="-111.832724"></trkpt><trkpt lat="40.861704" lon="-111.832754"></trkpt><trkpt lat="40.861680" lon="-111.832884"></trkpt><trkpt lat="40.861934" lon="-111.833319"></trkpt><trkpt lat="40.862003" lon="-111.833640"></trkpt><trkpt lat="40.862010" lon="-111.833983"></trkpt><trkpt lat="40.861949" lon="-111.834349"></trkpt><trkpt lat="40.861605" lon="-111.835150"></trkpt><trkpt lat="40.861549" lon="-111.835509"></trkpt><trkpt lat="40.861548" lon="-111.836188"></trkpt><trkpt lat="40.861489" lon="-111.836280"></trkpt><trkpt lat="40.861074" lon="-111.836417"></trkpt><trkpt lat="40.860793" lon="-111.836646"></trkpt><trkpt lat="40.860630" lon="-111.836699"></trkpt><trkpt lat="40.860594" lon="-111.836669"></trkpt><trkpt lat="40.860604" lon="-111.836539"></trkpt><trkpt lat="40.860823" lon="-111.836112"></trkpt><trkpt lat="40.860928" lon="-111.835974"></trkpt><trkpt lat="40.861109" lon="-111.835868"></trkpt><trkpt lat="40.861218" lon="-111.835707"></trkpt><trkpt lat="40.861342" lon="-111.834861"></trkpt><trkpt lat="40.861090" lon="-111.834151"></trkpt><trkpt lat="40.860664" lon="-111.833929"></trkpt><trkpt lat="40.860444" lon="-111.833731"></trkpt><trkpt lat="40.860266" lon="-111.833464"></trkpt><trkpt lat="40.860024" lon="-111.833342"></trkpt><trkpt lat="40.859825" lon="-111.833418"></trkpt><trkpt lat="40.859215" lon="-111.833754"></trkpt><trkpt lat="40.858397" lon="-111.834067"></trkpt><trkpt lat="40.857792" lon="-111.834219"></trkpt><trkpt lat="40.857721" lon="-111.834189"></trkpt><trkpt lat="40.857676" lon="-111.834067"></trkpt><trkpt lat="40.857783" lon="-111.833625"></trkpt><trkpt lat="40.857884" lon="-111.833357"></trkpt><trkpt lat="40.858140" lon="-111.832900"></trkpt><trkpt lat="40.858201" lon="-111.832572"></trkpt><trkpt lat="40.858189" lon="-111.832266"></trkpt><trkpt lat="40.858503" lon="-111.831236"></trkpt><trkpt lat="40.858455" lon="-111.831053"></trkpt><trkpt lat="40.858316" lon="-111.830946"></trkpt><trkpt lat="40.857925" lon="-111.830832"></trkpt><trkpt lat="40.857555" lon="-111.830862"></trkpt><trkpt lat="40.857263" lon="-111.830763"></trkpt><trkpt lat="40.856839" lon="-111.830946"></trkpt><trkpt lat="40.856672" lon="-111.830984"></trkpt><trkpt lat="40.856514" lon="-111.830977"></trkpt><trkpt lat="40.856424" lon="-111.830908"></trkpt><trkpt lat="40.856403" lon="-111.830702"></trkpt><trkpt lat="40.856465" lon="-111.830313"></trkpt><trkpt lat="40.856686" lon="-111.829581"></trkpt><trkpt lat="40.856332" lon="-111.829352"></trkpt><trkpt lat="40.856204" lon="-111.829008"></trkpt><trkpt lat="40.856123" lon="-111.828947"></trkpt><trkpt lat="40.855974" lon="-111.829024"></trkpt><trkpt lat="40.855816" lon="-111.829047"></trkpt><trkpt lat="40.855457" lon="-111.828924"></trkpt><trkpt lat="40.855304" lon="-111.828932"></trkpt><trkpt lat="40.855018" lon="-111.829138"></trkpt><trkpt lat="40.854756" lon="-111.829237"></trkpt><trkpt lat="40.854165" lon="-111.829390"></trkpt><trkpt lat="40.853903" lon="-111.829542"></trkpt><trkpt lat="40.853717" lon="-111.829756"></trkpt><trkpt lat="40.853471" lon="-111.830054"></trkpt><trkpt lat="40.853348" lon="-111.830336"></trkpt><trkpt lat="40.853230" lon="-111.830473"></trkpt><trkpt lat="40.853162" lon="-111.830489"></trkpt><trkpt lat="40.853072" lon="-111.830404"></trkpt><trkpt lat="40.853012" lon="-111.830084"></trkpt><trkpt lat="40.853092" lon="-111.829565"></trkpt><trkpt lat="40.853213" lon="-111.828963"></trkpt><trkpt lat="40.853429" lon="-111.828429"></trkpt><trkpt lat="40.853445" lon="-111.828093"></trkpt><trkpt lat="40.853531" lon="-111.827978"></trkpt><trkpt lat="40.853785" lon="-111.827811"></trkpt><trkpt lat="40.853844" lon="-111.827673"></trkpt><trkpt lat="40.853882" lon="-111.827406"></trkpt><trkpt lat="40.853996" lon="-111.827253"></trkpt><trkpt lat="40.854254" lon="-111.827094"></trkpt><trkpt lat="40.854441" lon="-111.826704"></trkpt><trkpt lat="40.854604" lon="-111.826605"></trkpt><trkpt lat="40.854906" lon="-111.826529"></trkpt><trkpt lat="40.855043" lon="-111.826384"></trkpt><trkpt lat="40.855264" lon="-111.825674"></trkpt><trkpt lat="40.855302" lon="-111.825407"></trkpt><trkpt lat="40.855268" lon="-111.825117"></trkpt><trkpt lat="40.855135" lon="-111.824835"></trkpt><trkpt lat="40.854947" lon="-111.824614"></trkpt><trkpt lat="40.854655" lon="-111.824499"></trkpt><trkpt lat="40.854192" lon="-111.824469"></trkpt><trkpt lat="40.853815" lon="-111.824171"></trkpt><trkpt lat="40.853577" lon="-111.824049"></trkpt><trkpt lat="40.853344" lon="-111.824003"></trkpt><trkpt lat="40.853010" lon="-111.824042"></trkpt><trkpt lat="40.852513" lon="-111.824217"></trkpt><trkpt lat="40.851681" lon="-111.824667"></trkpt><trkpt lat="40.851396" lon="-111.824919"></trkpt><trkpt lat="40.851342" lon="-111.824896"></trkpt><trkpt lat="40.851333" lon="-111.824805"></trkpt><trkpt lat="40.851467" lon="-111.824423"></trkpt><trkpt lat="40.851462" lon="-111.823767"></trkpt><trkpt lat="40.851485" lon="-111.823752"></trkpt><trkpt lat="40.851454" lon="-111.823103"></trkpt><trkpt lat="40.851155" lon="-111.822622"></trkpt><trkpt lat="40.851058" lon="-111.822386"></trkpt><trkpt lat="40.850996" lon="-111.821554"></trkpt><trkpt lat="40.850952" lon="-111.821402"></trkpt><trkpt lat="40.850836" lon="-111.821333"></trkpt><trkpt lat="40.850673" lon="-111.821394"></trkpt><trkpt lat="40.850528" lon="-111.821600"></trkpt><trkpt lat="40.850315" lon="-111.821783"></trkpt><trkpt lat="40.850016" lon="-111.821928"></trkpt><trkpt lat="40.849736" lon="-111.821997"></trkpt><trkpt lat="40.849453" lon="-111.821997"></trkpt><trkpt lat="40.849071" lon="-111.821897"></trkpt><trkpt lat="40.848770" lon="-111.821737"></trkpt><trkpt lat="40.848649" lon="-111.821600"></trkpt><trkpt lat="40.848670" lon="-111.821165"></trkpt><trkpt lat="40.848768" lon="-111.820806"></trkpt><trkpt lat="40.848945" lon="-111.820578"></trkpt><trkpt lat="40.849256" lon="-111.820563"></trkpt><trkpt lat="40.849414" lon="-111.820509"></trkpt><trkpt lat="40.849618" lon="-111.820356"></trkpt><trkpt lat="40.850002" lon="-111.820166"></trkpt><trkpt lat="40.850238" lon="-111.819883"></trkpt><trkpt lat="40.850805" lon="-111.819342"></trkpt><trkpt lat="40.850938" lon="-111.819006"></trkpt><trkpt lat="40.850977" lon="-111.818525"></trkpt><trkpt lat="40.850813" lon="-111.817625"></trkpt><trkpt lat="40.850847" lon="-111.817251"></trkpt><trkpt lat="40.850802" lon="-111.816511"></trkpt><trkpt lat="40.850953" lon="-111.816183"></trkpt><trkpt lat="40.851171" lon="-111.816038"></trkpt><trkpt lat="40.851306" lon="-111.816030"></trkpt><trkpt lat="40.851481" lon="-111.816099"></trkpt><trkpt lat="40.851642" lon="-111.816244"></trkpt><trkpt lat="40.852272" lon="-111.816969"></trkpt><trkpt lat="40.852724" lon="-111.817419"></trkpt><trkpt lat="40.852975" lon="-111.817526"></trkpt><trkpt lat="40.853183" lon="-111.817495"></trkpt><trkpt lat="40.853318" lon="-111.817419"></trkpt><trkpt lat="40.853854" lon="-111.816862"></trkpt><trkpt lat="40.853980" lon="-111.816809"></trkpt><trkpt lat="40.854174" lon="-111.816801"></trkpt><trkpt lat="40.854274" lon="-111.816740"></trkpt><trkpt lat="40.854270" lon="-111.816664"></trkpt><trkpt lat="40.854171" lon="-111.816588"></trkpt><trkpt lat="40.854059" lon="-111.816572"></trkpt><trkpt lat="40.853544" lon="-111.816786"></trkpt><trkpt lat="40.853219" lon="-111.816809"></trkpt><trkpt lat="40.853116" lon="-111.816717"></trkpt><trkpt lat="40.853045" lon="-111.816564"></trkpt><trkpt lat="40.853015" lon="-111.816396"></trkpt><trkpt lat="40.852976" lon="-111.815519"></trkpt><trkpt lat="40.852855" lon="-111.814764"></trkpt><trkpt lat="40.852789" lon="-111.814596"></trkpt><trkpt lat="40.852556" lon="-111.814352"></trkpt><trkpt lat="40.851692" lon="-111.813604"></trkpt><trkpt lat="40.851411" lon="-111.813246"></trkpt><trkpt lat="40.851362" lon="-111.813139"></trkpt><trkpt lat="40.851381" lon="-111.813017"></trkpt><trkpt lat="40.851449" lon="-111.812971"></trkpt><trkpt lat="40.851557" lon="-111.812963"></trkpt><trkpt lat="40.851687" lon="-111.813070"></trkpt><trkpt lat="40.851923" lon="-111.813436"></trkpt><trkpt lat="40.852099" lon="-111.813475"></trkpt><trkpt lat="40.852347" lon="-111.813429"></trkpt><trkpt lat="40.852792" lon="-111.813528"></trkpt><trkpt lat="40.853706" lon="-111.814169"></trkpt><trkpt lat="40.853792" lon="-111.814184"></trkpt><trkpt lat="40.853900" lon="-111.814085"></trkpt><trkpt lat="40.853829" lon="-111.813970"></trkpt><trkpt lat="40.853574" lon="-111.813703"></trkpt><trkpt lat="40.852424" lon="-111.812681"></trkpt><trkpt lat="40.852241" lon="-111.812460"></trkpt><trkpt lat="40.851753" lon="-111.811346"></trkpt><trkpt lat="40.851525" lon="-111.811132"></trkpt><trkpt lat="40.851148" lon="-111.810888"></trkpt><trkpt lat="40.850675" lon="-111.810323"></trkpt><trkpt lat="40.850343" lon="-111.810178"></trkpt><trkpt lat="40.850083" lon="-111.810003"></trkpt><trkpt lat="40.850064" lon="-111.810133"></trkpt><trkpt lat="40.850245" lon="-111.810659"></trkpt><trkpt lat="40.850499" lon="-111.811041"></trkpt><trkpt lat="40.850556" lon="-111.811178"></trkpt><trkpt lat="40.850573" lon="-111.811346"></trkpt><trkpt lat="40.850535" lon="-111.811620"></trkpt><trkpt lat="40.850452" lon="-111.811880"></trkpt><trkpt lat="40.850298" lon="-111.812101"></trkpt><trkpt lat="40.849907" lon="-111.812490"></trkpt><trkpt lat="40.849780" lon="-111.812696"></trkpt><trkpt lat="40.849597" lon="-111.813139"></trkpt><trkpt lat="40.849474" lon="-111.813314"></trkpt><trkpt lat="40.849172" lon="-111.813368"></trkpt><trkpt lat="40.849059" lon="-111.813421"></trkpt><trkpt lat="40.848826" lon="-111.813764"></trkpt><trkpt lat="40.848538" lon="-111.813787"></trkpt><trkpt lat="40.848488" lon="-111.813826"></trkpt><trkpt lat="40.848442" lon="-111.813917"></trkpt><trkpt lat="40.848491" lon="-111.814093"></trkpt><trkpt lat="40.848791" lon="-111.814298"></trkpt><trkpt lat="40.848840" lon="-111.814375"></trkpt><trkpt lat="40.848844" lon="-111.814466"></trkpt><trkpt lat="40.848753" lon="-111.814596"></trkpt><trkpt lat="40.848228" lon="-111.814886"></trkpt><trkpt lat="40.847893" lon="-111.815184"></trkpt><trkpt lat="40.847783" lon="-111.815397"></trkpt><trkpt lat="40.847654" lon="-111.815893"></trkpt><trkpt lat="40.847526" lon="-111.816107"></trkpt><trkpt lat="40.847376" lon="-111.816275"></trkpt><trkpt lat="40.847164" lon="-111.816420"></trkpt><trkpt lat="40.846600" lon="-111.816457"></trkpt><trkpt lat="40.845989" lon="-111.816351"></trkpt><trkpt lat="40.845679" lon="-111.816206"></trkpt><trkpt lat="40.845590" lon="-111.816068"></trkpt><trkpt lat="40.845497" lon="-111.815779"></trkpt><trkpt lat="40.845463" lon="-111.815473"></trkpt><trkpt lat="40.845558" lon="-111.814863"></trkpt><trkpt lat="40.845600" lon="-111.813955"></trkpt><trkpt lat="40.845636" lon="-111.813901"></trkpt><trkpt lat="40.845677" lon="-111.813909"></trkpt><trkpt lat="40.845796" lon="-111.814230"></trkpt><trkpt lat="40.845886" lon="-111.814352"></trkpt><trkpt lat="40.845931" lon="-111.814337"></trkpt><trkpt lat="40.845981" lon="-111.814253"></trkpt><trkpt lat="40.846005" lon="-111.814047"></trkpt><trkpt lat="40.845891" lon="-111.813642"></trkpt><trkpt lat="40.845887" lon="-111.813535"></trkpt><trkpt lat="40.845918" lon="-111.813512"></trkpt><trkpt lat="40.846097" lon="-111.813726"></trkpt><trkpt lat="40.846236" lon="-111.813833"></trkpt><trkpt lat="40.846385" lon="-111.813856"></trkpt><trkpt lat="40.846700" lon="-111.813856"></trkpt><trkpt lat="40.846750" lon="-111.813795"></trkpt><trkpt lat="40.846711" lon="-111.813589"></trkpt><trkpt lat="40.846448" lon="-111.813123"></trkpt><trkpt lat="40.846267" lon="-111.812665"></trkpt><trkpt lat="40.846066" lon="-111.812399"></trkpt><trkpt lat="40.845676" lon="-111.812154"></trkpt><trkpt lat="40.845550" lon="-111.812124"></trkpt><trkpt lat="40.845405" lon="-111.812170"></trkpt><trkpt lat="40.845092" lon="-111.812513"></trkpt><trkpt lat="40.845020" lon="-111.812498"></trkpt><trkpt lat="40.845012" lon="-111.812398"></trkpt><trkpt lat="40.845063" lon="-111.812162"></trkpt><trkpt lat="40.845223" lon="-111.811918"></trkpt><trkpt lat="40.845458" lon="-111.811720"></trkpt><trkpt lat="40.845734" lon="-111.811636"></trkpt><trkpt lat="40.846350" lon="-111.811742"></trkpt><trkpt lat="40.846652" lon="-111.811758"></trkpt><trkpt lat="40.847179" lon="-111.811643"></trkpt><trkpt lat="40.847410" lon="-111.811483"></trkpt><trkpt lat="40.847501" lon="-111.811361"></trkpt><trkpt lat="40.847557" lon="-111.811079"></trkpt><trkpt lat="40.847482" lon="-111.810941"></trkpt><trkpt lat="40.847320" lon="-111.810842"></trkpt><trkpt lat="40.847109" lon="-111.810819"></trkpt><trkpt lat="40.846771" lon="-111.810842"></trkpt><trkpt lat="40.846465" lon="-111.810774"></trkpt><trkpt lat="40.846178" lon="-111.810598"></trkpt><trkpt lat="40.845686" lon="-111.810033"></trkpt><trkpt lat="40.845486" lon="-111.809690"></trkpt><trkpt lat="40.845285" lon="-111.809484"></trkpt><trkpt lat="40.844823" lon="-111.809210"></trkpt><trkpt lat="40.844562" lon="-111.809133"></trkpt><trkpt lat="40.844431" lon="-111.809225"></trkpt><trkpt lat="40.844189" lon="-111.809652"></trkpt><trkpt lat="40.843990" lon="-111.809744"></trkpt><trkpt lat="40.843724" lon="-111.809759"></trkpt><trkpt lat="40.843032" lon="-111.809545"></trkpt><trkpt lat="40.842820" lon="-111.809576"></trkpt><trkpt lat="40.842472" lon="-111.809751"></trkpt><trkpt lat="40.842315" lon="-111.809736"></trkpt><trkpt lat="40.841663" lon="-111.809514"></trkpt><trkpt lat="40.841420" lon="-111.809492"></trkpt><trkpt lat="40.841230" lon="-111.809568"></trkpt><trkpt lat="40.841189" lon="-111.809713"></trkpt><trkpt lat="40.841191" lon="-111.810071"></trkpt><trkpt lat="40.841104" lon="-111.810247"></trkpt><trkpt lat="40.840748" lon="-111.810331"></trkpt><trkpt lat="40.840540" lon="-111.810430"></trkpt><trkpt lat="40.840017" lon="-111.811094"></trkpt></trkseg></trk><trk><name>T048 AU6D793</name><trkseg><trkpt lat="40.044129" lon="-111.156387"></trkpt><trkpt lat="40.044111" lon="-111.156711"></trkpt><trkpt lat="40.043980" lon="-111.156964"></trkpt><trkpt lat="40.043511" lon="-111.157515"></trkpt><trkpt lat="40.043159" lon="-111.158030"></trkpt><trkpt lat="40.042580" lon="-111.159350"></trkpt><trkpt lat="40.042445" lon="-111.159534"></trkpt><trkpt lat="40.042327" lon="-111.159770"></trkpt><trkpt lat="40.042287" lon="-111.159980"></trkpt><trkpt lat="40.042299" lon="-111.160837"></trkpt><trkpt lat="40.042199" lon="-111.161677"></trkpt><trkpt lat="40.042171" lon="-111.162202"></trkpt><trkpt lat="40.042206" lon="-111.162850"></trkpt><trkpt lat="40.042237" lon="-111.163296"></trkpt><trkpt lat="40.042631" lon="-111.164627"></trkpt><trkpt lat="40.042681" lon="-111.164943"></trkpt><trkpt lat="40.042680" lon="-111.165196"></trkpt><trkpt lat="40.042626" lon="-111.165476"></trkpt><trkpt lat="40.042413" lon="-111.165905"></trkpt><trkpt lat="40.042179" lon="-111.166280"></trkpt><trkpt lat="40.042120" lon="-111.166639"></trkpt><trkpt lat="40.042064" lon="-111.167637"></trkpt><trkpt lat="40.041778" lon="-111.169548"></trkpt><trkpt lat="40.041555" lon="-111.170466"></trkpt><trkpt lat="40.041433" lon="-111.170886"></trkpt><trkpt lat="40.041131" lon="-111.171340"></trkpt><trkpt lat="40.040919" lon="-111.171559"></trkpt><trkpt lat="40.040846" lon="-111.171711"></trkpt><trkpt lat="40.040819" lon="-111.171952"></trkpt><trkpt lat="40.040871" lon="-111.173462"></trkpt><trkpt lat="40.041071" lon="-111.174828"></trkpt><trkpt lat="40.041058" lon="-111.175099"></trkpt><trkpt lat="40.041089" lon="-111.175288"></trkpt><trkpt lat="40.041143" lon="-111.175379"></trkpt><trkpt lat="40.041255" lon="-111.175441"></trkpt><trkpt lat="40.041471" lon="-111.175476"></trkpt><trkpt lat="40.041710" lon="-111.175621"></trkpt><trkpt lat="40.041732" lon="-111.175709"></trkpt><trkpt lat="40.041714" lon="-111.175822"></trkpt><trkpt lat="40.041633" lon="-111.175988"></trkpt><trkpt lat="40.041182" lon="-111.176517"></trkpt><trkpt lat="40.041005" lon="-111.176800"></trkpt><trkpt lat="40.040978" lon="-111.176910"></trkpt><trkpt lat="40.041005" lon="-111.177022"></trkpt><trkpt lat="40.041099" lon="-111.177164"></trkpt><trkpt lat="40.041230" lon="-111.177269"></trkpt><trkpt lat="40.041563" lon="-111.177446"></trkpt><trkpt lat="40.042342" lon="-111.177701"></trkpt><trkpt lat="40.042554" lon="-111.177847"></trkpt><trkpt lat="40.042724" lon="-111.178065"></trkpt><trkpt lat="40.042792" lon="-111.178276"></trkpt><trkpt lat="40.042827" lon="-111.178529"></trkpt><trkpt lat="40.042813" lon="-111.178739"></trkpt><trkpt lat="40.042687" lon="-111.178993"></trkpt><trkpt lat="40.042272" lon="-111.179254"></trkpt><trkpt lat="40.040798" lon="-111.179732"></trkpt><trkpt lat="40.040059" lon="-111.179905"></trkpt><trkpt lat="40.039419" lon="-111.180218"></trkpt><trkpt lat="40.038995" lon="-111.180620"></trkpt><trkpt lat="40.038566" lon="-111.181306"></trkpt><trkpt lat="40.038416" lon="-111.181826"></trkpt><trkpt lat="40.037781" lon="-111.184668"></trkpt><trkpt lat="40.037663" lon="-111.185289"></trkpt><trkpt lat="40.037581" lon="-111.186076"></trkpt><trkpt lat="40.037607" lon="-111.186812"></trkpt><trkpt lat="40.037700" lon="-111.187809"></trkpt><trkpt lat="40.037816" lon="-111.188326"></trkpt><trkpt lat="40.037824" lon="-111.188650"></trkpt><trkpt lat="40.038128" lon="-111.190576"></trkpt><trkpt lat="40.038167" lon="-111.191136"></trkpt><trkpt lat="40.038153" lon="-111.191617"></trkpt><trkpt lat="40.037967" lon="-111.192080"></trkpt><trkpt lat="40.037922" lon="-111.192378"></trkpt><trkpt lat="40.037922" lon="-111.192596"></trkpt><trkpt lat="40.037988" lon="-111.193104"></trkpt><trkpt lat="40.037870" lon="-111.193550"></trkpt><trkpt lat="40.037658" lon="-111.193935"></trkpt><trkpt lat="40.037314" lon="-111.195098"></trkpt><trkpt lat="40.037259" lon="-111.195701"></trkpt><trkpt lat="40.037136" lon="-111.196086"></trkpt><trkpt lat="40.036797" lon="-111.196868"></trkpt><trkpt lat="40.036728" lon="-111.198075"></trkpt><trkpt lat="40.036753" lon="-111.198933"></trkpt><trkpt lat="40.037057" lon="-111.200268"></trkpt><trkpt lat="40.037228" lon="-111.200342"></trkpt><trkpt lat="40.037655" lon="-111.200864"></trkpt><trkpt lat="40.037876" lon="-111.201080"></trkpt><trkpt lat="40.038384" lon="-111.201431"></trkpt><trkpt lat="40.038533" lon="-111.201498"></trkpt><trkpt lat="40.038699" lon="-111.201524"></trkpt><trkpt lat="40.039015" lon="-111.201465"></trkpt><trkpt lat="40.039493" lon="-111.201156"></trkpt><trkpt lat="40.039723" lon="-111.201071"></trkpt><trkpt lat="40.039786" lon="-111.201088"></trkpt><trkpt lat="40.040240" lon="-111.201494"></trkpt><trkpt lat="40.040420" lon="-111.201546"></trkpt><trkpt lat="40.040834" lon="-111.201591"></trkpt><trkpt lat="40.040897" lon="-111.201625"></trkpt><trkpt lat="40.041828" lon="-111.202895"></trkpt><trkpt lat="40.042309" lon="-111.203184"></trkpt><trkpt lat="40.042579" lon="-111.203495"></trkpt><trkpt lat="40.042939" lon="-111.203985"></trkpt><trkpt lat="40.043114" lon="-111.204153"></trkpt><trkpt lat="40.043321" lon="-111.204291"></trkpt><trkpt lat="40.043577" lon="-111.204541"></trkpt><trkpt lat="40.044332" lon="-111.205636"></trkpt><trkpt lat="40.044706" lon="-111.205921"></trkpt><trkpt lat="40.044935" lon="-111.206212"></trkpt><trkpt lat="40.045331" lon="-111.206599"></trkpt><trkpt lat="40.045776" lon="-111.206925"></trkpt><trkpt lat="40.046033" lon="-111.206977"></trkpt><trkpt lat="40.046132" lon="-111.207072"></trkpt><trkpt lat="40.046181" lon="-111.207296"></trkpt><trkpt lat="40.046175" lon="-111.207785"></trkpt><trkpt lat="40.046103" lon="-111.208206"></trkpt><trkpt lat="40.046093" lon="-111.208541"></trkpt><trkpt lat="40.046048" lon="-111.208739"></trkpt><trkpt lat="40.045830" lon="-111.209253"></trkpt><trkpt lat="40.045757" lon="-111.209940"></trkpt><trkpt lat="40.045689" lon="-111.210275"></trkpt><trkpt lat="40.045608" lon="-111.210429"></trkpt><trkpt lat="40.045445" lon="-111.210618"></trkpt><trkpt lat="40.045075" lon="-111.210875"></trkpt><trkpt lat="40.044782" lon="-111.211144"></trkpt><trkpt lat="40.044723" lon="-111.211264"></trkpt><trkpt lat="40.044668" lon="-111.211823"></trkpt><trkpt lat="40.044550" lon="-111.212404"></trkpt><trkpt lat="40.044865" lon="-111.212404"></trkpt><trkpt lat="40.044973" lon="-111.212435"></trkpt><trkpt lat="40.045198" lon="-111.212598"></trkpt><trkpt lat="40.045715" lon="-111.213096"></trkpt><trkpt lat="40.045900" lon="-111.213221"></trkpt><trkpt lat="40.046503" lon="-111.213378"></trkpt><trkpt lat="40.046701" lon="-111.213478"></trkpt><trkpt lat="40.047201" lon="-111.213837"></trkpt><trkpt lat="40.047651" lon="-111.214087"></trkpt><trkpt lat="40.047862" lon="-111.214149"></trkpt><trkpt lat="40.049339" lon="-111.214396"></trkpt><trkpt lat="40.049492" lon="-111.214459"></trkpt><trkpt lat="40.050064" lon="-111.214895"></trkpt><trkpt lat="40.050190" lon="-111.215045"></trkpt><trkpt lat="40.050675" lon="-111.215456"></trkpt><trkpt lat="40.050959" lon="-111.215631"></trkpt><trkpt lat="40.051400" lon="-111.215806"></trkpt><trkpt lat="40.051629" lon="-111.215969"></trkpt><trkpt lat="40.052191" lon="-111.216704"></trkpt><trkpt lat="40.052582" lon="-111.217313"></trkpt><trkpt lat="40.052951" lon="-111.217750"></trkpt><trkpt lat="40.053248" lon="-111.217949"></trkpt><trkpt lat="40.053621" lon="-111.217975"></trkpt><trkpt lat="40.054383" lon="-111.217680"></trkpt><trkpt lat="40.054726" lon="-111.217606"></trkpt><trkpt lat="40.055253" lon="-111.217819"></trkpt><trkpt lat="40.056742" lon="-111.218520"></trkpt><trkpt lat="40.056981" lon="-111.218582"></trkpt><trkpt lat="40.057468" lon="-111.218571"></trkpt><trkpt lat="40.057819" lon="-111.218461"></trkpt><trkpt lat="40.058306" lon="-111.218233"></trkpt><trkpt lat="40.058612" lon="-111.218246"></trkpt><trkpt lat="40.059355" lon="-111.218497"></trkpt><trkpt lat="40.059823" lon="-111.218784"></trkpt><trkpt lat="40.060165" lon="-111.218897"></trkpt><trkpt lat="40.060732" lon="-111.219185"></trkpt><trkpt lat="40.061646" lon="-111.219455"></trkpt><trkpt lat="40.062286" lon="-111.219519"></trkpt><trkpt lat="40.062516" lon="-111.219569"></trkpt><trkpt lat="40.063137" lon="-111.219795"></trkpt><trkpt lat="40.063686" lon="-111.219871"></trkpt><trkpt lat="40.064272" lon="-111.219780"></trkpt><trkpt lat="40.064817" lon="-111.219757"></trkpt><trkpt lat="40.065597" lon="-111.219660"></trkpt><trkpt lat="40.066562" lon="-111.219302"></trkpt><trkpt lat="40.067148" lon="-111.218963"></trkpt><trkpt lat="40.067549" lon="-111.218827"></trkpt><trkpt lat="40.067806" lon="-111.218679"></trkpt><trkpt lat="40.068370" lon="-111.218233"></trkpt><trkpt lat="40.069804" lon="-111.217455"></trkpt><trkpt lat="40.069966" lon="-111.217331"></trkpt><trkpt lat="40.070882" lon="-111.216937"></trkpt><trkpt lat="40.071630" lon="-111.216678"></trkpt><trkpt lat="40.072153" lon="-111.216394"></trkpt><trkpt lat="40.072947" lon="-111.215601"></trkpt><trkpt lat="40.073359" lon="-111.214471"></trkpt><trkpt lat="40.073803" lon="-111.213516"></trkpt><trkpt lat="40.074950" lon="-111.211804"></trkpt><trkpt lat="40.075248" lon="-111.211470"></trkpt><trkpt lat="40.076462" lon="-111.210436"></trkpt><trkpt lat="40.077247" lon="-111.209879"></trkpt><trkpt lat="40.078658" lon="-111.208799"></trkpt><trkpt lat="40.079064" lon="-111.208570"></trkpt><trkpt lat="40.079642" lon="-111.208069"></trkpt><trkpt lat="40.080012" lon="-111.207825"></trkpt><trkpt lat="40.080553" lon="-111.207614"></trkpt><trkpt lat="40.081084" lon="-111.207627"></trkpt><trkpt lat="40.081521" lon="-111.207583"></trkpt><trkpt lat="40.081796" lon="-111.207472"></trkpt><trkpt lat="40.082022" lon="-111.207328"></trkpt><trkpt lat="40.082599" lon="-111.206827"></trkpt><trkpt lat="40.082987" lon="-111.206482"></trkpt><trkpt lat="40.083434" lon="-111.206014"></trkpt><trkpt lat="40.085103" lon="-111.204601"></trkpt><trkpt lat="40.085527" lon="-111.204312"></trkpt><trkpt lat="40.086727" lon="-111.203701"></trkpt><trkpt lat="40.087561" lon="-111.203357"></trkpt><trkpt lat="40.088002" lon="-111.203269"></trkpt><trkpt lat="40.088809" lon="-111.203003"></trkpt><trkpt lat="40.089463" lon="-111.202860"></trkpt><trkpt lat="40.091261" lon="-111.202374"></trkpt><trkpt lat="40.092000" lon="-111.202052"></trkpt><trkpt lat="40.092447" lon="-111.201741"></trkpt><trkpt lat="40.092894" lon="-111.201262"></trkpt><trkpt lat="40.093124" lon="-111.200927"></trkpt><trkpt lat="40.093314" lon="-111.200615"></trkpt><trkpt lat="40.093553" lon="-111.200124"></trkpt><trkpt lat="40.093703" lon="-111.199734"></trkpt><trkpt lat="40.094242" lon="-111.197725"></trkpt><trkpt lat="40.094627" lon="-111.196832"></trkpt><trkpt lat="40.094979" lon="-111.196274"></trkpt><trkpt lat="40.095155" lon="-111.196085"></trkpt><trkpt lat="40.095872" lon="-111.195495"></trkpt><trkpt lat="40.098574" lon="-111.193526"></trkpt><trkpt lat="40.098867" lon="-111.193303"></trkpt><trkpt lat="40.099210" lon="-111.192969"></trkpt><trkpt lat="40.099607" lon="-111.192501"></trkpt><trkpt lat="40.100388" lon="-111.191344"></trkpt><trkpt lat="40.101422" lon="-111.189955"></trkpt><trkpt lat="40.101698" lon="-111.189512"></trkpt><trkpt lat="40.102321" lon="-111.188722"></trkpt><trkpt lat="40.102641" lon="-111.188254"></trkpt><trkpt lat="40.103698" lon="-111.186915"></trkpt><trkpt lat="40.104935" lon="-111.185166"></trkpt><trkpt lat="40.105553" lon="-111.184398"></trkpt><trkpt lat="40.106000" lon="-111.184035"></trkpt><trkpt lat="40.106338" lon="-111.183988"></trkpt><trkpt lat="40.107018" lon="-111.183983"></trkpt><trkpt lat="40.107261" lon="-111.183870"></trkpt><trkpt lat="40.108573" lon="-111.183622"></trkpt><trkpt lat="40.108870" lon="-111.183445"></trkpt><trkpt lat="40.110102" lon="-111.182478"></trkpt><trkpt lat="40.110562" lon="-111.182075"></trkpt><trkpt lat="40.110909" lon="-111.181833"></trkpt><trkpt lat="40.113082" lon="-111.180950"></trkpt><trkpt lat="40.113357" lon="-111.180789"></trkpt><trkpt lat="40.113867" lon="-111.180224"></trkpt><trkpt lat="40.114684" lon="-111.179196"></trkpt><trkpt lat="40.115487" lon="-111.178329"></trkpt><trkpt lat="40.116037" lon="-111.177861"></trkpt><trkpt lat="40.117954" lon="-111.176031"></trkpt><trkpt lat="40.118793" lon="-111.175455"></trkpt></trkseg></trk><trk><name>T049 AU6D793</name><trkseg><trkpt lat="40.118628" lon="-111.175242"></trkpt><trkpt lat="40.118474" lon="-111.175016"></trkpt><trkpt lat="40.118281" lon="-111.174501"></trkpt><trkpt lat="40.118201" lon="-111.174009"></trkpt><trkpt lat="40.118188" lon="-111.173474"></trkpt><trkpt lat="40.118275" lon="-111.172781"></trkpt><trkpt lat="40.118700" lon="-111.171456"></trkpt><trkpt lat="40.118881" lon="-111.170999"></trkpt><trkpt lat="40.119288" lon="-111.170051"></trkpt><trkpt lat="40.119613" lon="-111.169195"></trkpt><trkpt lat="40.120110" lon="-111.168076"></trkpt><trkpt lat="40.121621" lon="-111.164226"></trkpt><trkpt lat="40.121919" lon="-111.163613"></trkpt><trkpt lat="40.122050" lon="-111.163085"></trkpt><trkpt lat="40.122119" lon="-111.162358"></trkpt><trkpt lat="40.122129" lon="-111.161544"></trkpt><trkpt lat="40.122054" lon="-111.160574"></trkpt><trkpt lat="40.121561" lon="-111.158678"></trkpt><trkpt lat="40.121382" lon="-111.157725"></trkpt><trkpt lat="40.121220" lon="-111.157153"></trkpt><trkpt lat="40.121144" lon="-111.156706"></trkpt><trkpt lat="40.121163" lon="-111.156243"></trkpt><trkpt lat="40.121217" lon="-111.155993"></trkpt><trkpt lat="40.121480" lon="-111.155191"></trkpt><trkpt lat="40.121512" lon="-111.154904"></trkpt><trkpt lat="40.121521" lon="-111.154604"></trkpt><trkpt lat="40.121414" lon="-111.153978"></trkpt><trkpt lat="40.121319" lon="-111.153755"></trkpt><trkpt lat="40.120991" lon="-111.153292"></trkpt><trkpt lat="40.120474" lon="-111.152934"></trkpt><trkpt lat="40.120258" lon="-111.152705"></trkpt><trkpt lat="40.119894" lon="-111.152105"></trkpt><trkpt lat="40.119624" lon="-111.151547"></trkpt><trkpt lat="40.119197" lon="-111.150962"></trkpt><trkpt lat="40.118922" lon="-111.150647"></trkpt><trkpt lat="40.118441" lon="-111.150246"></trkpt><trkpt lat="40.117982" lon="-111.150060"></trkpt><trkpt lat="40.116469" lon="-111.149557"></trkpt><trkpt lat="40.115536" lon="-111.149384"></trkpt><trkpt lat="40.113509" lon="-111.149281"></trkpt><trkpt lat="40.112572" lon="-111.149314"></trkpt><trkpt lat="40.111771" lon="-111.149261"></trkpt><trkpt lat="40.110302" lon="-111.149286"></trkpt><trkpt lat="40.107896" lon="-111.149174"></trkpt><trkpt lat="40.105518" lon="-111.149346"></trkpt><trkpt lat="40.101449" lon="-111.149702"></trkpt><trkpt lat="40.100093" lon="-111.149991"></trkpt><trkpt lat="40.098579" lon="-111.150377"></trkpt><trkpt lat="40.097853" lon="-111.150480"></trkpt><trkpt lat="40.097394" lon="-111.150453"></trkpt><trkpt lat="40.096881" lon="-111.150380"></trkpt><trkpt lat="40.095435" lon="-111.150094"></trkpt><trkpt lat="40.092845" lon="-111.149453"></trkpt><trkpt lat="40.090049" lon="-111.148913"></trkpt><trkpt lat="40.089661" lon="-111.148865"></trkpt><trkpt lat="40.088742" lon="-111.148940"></trkpt><trkpt lat="40.087642" lon="-111.149588"></trkpt><trkpt lat="40.087295" lon="-111.149616"></trkpt><trkpt lat="40.086989" lon="-111.149791"></trkpt><trkpt lat="40.086371" lon="-111.150278"></trkpt><trkpt lat="40.086064" lon="-111.150418"></trkpt><trkpt lat="40.085325" lon="-111.150663"></trkpt><trkpt lat="40.084753" lon="-111.150640"></trkpt><trkpt lat="40.084555" lon="-111.150672"></trkpt><trkpt lat="40.084050" lon="-111.150941"></trkpt><trkpt lat="40.083730" lon="-111.151027"></trkpt><trkpt lat="40.083437" lon="-111.151014"></trkpt><trkpt lat="40.083162" lon="-111.150952"></trkpt><trkpt lat="40.082622" lon="-111.150741"></trkpt><trkpt lat="40.080798" lon="-111.150491"></trkpt><trkpt lat="40.080262" lon="-111.150269"></trkpt><trkpt lat="40.079884" lon="-111.150194"></trkpt><trkpt lat="40.079208" lon="-111.150156"></trkpt><trkpt lat="40.078109" lon="-111.150022"></trkpt><trkpt lat="40.077285" lon="-111.150153"></trkpt><trkpt lat="40.076866" lon="-111.150285"></trkpt><trkpt lat="40.076243" lon="-111.150562"></trkpt><trkpt lat="40.075509" lon="-111.150585"></trkpt><trkpt lat="40.075293" lon="-111.150548"></trkpt><trkpt lat="40.074969" lon="-111.150547"></trkpt><trkpt lat="40.074392" lon="-111.150631"></trkpt><trkpt lat="40.073892" lon="-111.150801"></trkpt><trkpt lat="40.073459" lon="-111.150998"></trkpt><trkpt lat="40.073062" lon="-111.151093"></trkpt><trkpt lat="40.072265" lon="-111.151133"></trkpt><trkpt lat="40.071733" lon="-111.151249"></trkpt><trkpt lat="40.071305" lon="-111.151300"></trkpt><trkpt lat="40.071102" lon="-111.151287"></trkpt><trkpt lat="40.070616" lon="-111.151129"></trkpt><trkpt lat="40.070188" lon="-111.150962"></trkpt><trkpt lat="40.069833" lon="-111.150752"></trkpt><trkpt lat="40.069270" lon="-111.150306"></trkpt><trkpt lat="40.069135" lon="-111.150110"></trkpt><trkpt lat="40.068726" lon="-111.149698"></trkpt><trkpt lat="40.068433" lon="-111.149515"></trkpt><trkpt lat="40.067974" lon="-111.149506"></trkpt><trkpt lat="40.067654" lon="-111.149549"></trkpt><trkpt lat="40.067050" lon="-111.149914"></trkpt><trkpt lat="40.066725" lon="-111.149943"></trkpt><trkpt lat="40.066523" lon="-111.149884"></trkpt><trkpt lat="40.065654" lon="-111.149505"></trkpt><trkpt lat="40.064979" lon="-111.149123"></trkpt><trkpt lat="40.064659" lon="-111.148873"></trkpt><trkpt lat="40.064308" lon="-111.148689"></trkpt><trkpt lat="40.063403" lon="-111.148658"></trkpt><trkpt lat="40.062488" lon="-111.148671"></trkpt><trkpt lat="40.062146" lon="-111.148619"></trkpt><trkpt lat="40.061830" lon="-111.148611"></trkpt><trkpt lat="40.061492" lon="-111.148647"></trkpt><trkpt lat="40.060983" lon="-111.148803"></trkpt><trkpt lat="40.059915" lon="-111.149338"></trkpt><trkpt lat="40.059757" lon="-111.149461"></trkpt><trkpt lat="40.059658" lon="-111.149490"></trkpt><trkpt lat="40.059374" lon="-111.149672"></trkpt><trkpt lat="40.058959" lon="-111.149989"></trkpt><trkpt lat="40.058405" lon="-111.150146"></trkpt><trkpt lat="40.058143" lon="-111.150351"></trkpt><trkpt lat="40.057823" lon="-111.150683"></trkpt><trkpt lat="40.057638" lon="-111.150765"></trkpt><trkpt lat="40.057282" lon="-111.150864"></trkpt><trkpt lat="40.057079" lon="-111.150870"></trkpt><trkpt lat="40.056557" lon="-111.150801"></trkpt><trkpt lat="40.056431" lon="-111.150818"></trkpt><trkpt lat="40.056368" lon="-111.150865"></trkpt><trkpt lat="40.056318" lon="-111.151048"></trkpt><trkpt lat="40.056344" lon="-111.151277"></trkpt><trkpt lat="40.056322" lon="-111.151583"></trkpt><trkpt lat="40.056249" lon="-111.151718"></trkpt><trkpt lat="40.055672" lon="-111.152129"></trkpt><trkpt lat="40.055474" lon="-111.152334"></trkpt><trkpt lat="40.055392" lon="-111.152516"></trkpt><trkpt lat="40.055365" lon="-111.152716"></trkpt><trkpt lat="40.055405" lon="-111.152910"></trkpt><trkpt lat="40.055590" lon="-111.153228"></trkpt><trkpt lat="40.055603" lon="-111.153464"></trkpt><trkpt lat="40.055558" lon="-111.153646"></trkpt><trkpt lat="40.055264" lon="-111.154110"></trkpt><trkpt lat="40.054786" lon="-111.154571"></trkpt><trkpt lat="40.054263" lon="-111.154840"></trkpt><trkpt lat="40.054141" lon="-111.154893"></trkpt><trkpt lat="40.054015" lon="-111.154904"></trkpt><trkpt lat="40.053799" lon="-111.155013"></trkpt><trkpt lat="40.053663" lon="-111.155260"></trkpt><trkpt lat="40.053644" lon="-111.156054"></trkpt><trkpt lat="40.053545" lon="-111.156394"></trkpt><trkpt lat="40.052944" lon="-111.157305"></trkpt><trkpt lat="40.052674" lon="-111.157599"></trkpt><trkpt lat="40.052290" lon="-111.157807"></trkpt><trkpt lat="40.052106" lon="-111.157841"></trkpt><trkpt lat="40.051763" lon="-111.157976"></trkpt><trkpt lat="40.051267" lon="-111.158239"></trkpt><trkpt lat="40.050762" lon="-111.158559"></trkpt><trkpt lat="40.050483" lon="-111.158885"></trkpt><trkpt lat="40.050248" lon="-111.158998"></trkpt><trkpt lat="40.050050" lon="-111.158979"></trkpt><trkpt lat="40.049744" lon="-111.158828"></trkpt><trkpt lat="40.049078" lon="-111.158313"></trkpt><trkpt lat="40.048704" lon="-111.157931"></trkpt><trkpt lat="40.048128" lon="-111.157707"></trkpt><trkpt lat="40.047786" lon="-111.157527"></trkpt><trkpt lat="40.047359" lon="-111.157086"></trkpt><trkpt lat="40.047129" lon="-111.156937"></trkpt><trkpt lat="40.046765" lon="-111.156508"></trkpt><trkpt lat="40.046639" lon="-111.156293"></trkpt><trkpt lat="40.046419" lon="-111.155790"></trkpt><trkpt lat="40.046280" lon="-111.155377"></trkpt><trkpt lat="40.046267" lon="-111.154985"></trkpt><trkpt lat="40.046294" lon="-111.154837"></trkpt><trkpt lat="40.046411" lon="-111.154483"></trkpt><trkpt lat="40.046584" lon="-111.153743"></trkpt><trkpt lat="40.046584" lon="-111.153483"></trkpt><trkpt lat="40.046445" lon="-111.153308"></trkpt><trkpt lat="40.046332" lon="-111.153266"></trkpt><trkpt lat="40.046143" lon="-111.153350"></trkpt><trkpt lat="40.045777" lon="-111.153767"></trkpt><trkpt lat="40.045556" lon="-111.153883"></trkpt><trkpt lat="40.045092" lon="-111.154030"></trkpt><trkpt lat="40.044952" lon="-111.154157"></trkpt><trkpt lat="40.044686" lon="-111.154670"></trkpt><trkpt lat="40.044297" lon="-111.155595"></trkpt><trkpt lat="40.044129" lon="-111.156387"></trkpt><trkpt lat="40.044003" lon="-111.156448"></trkpt><trkpt lat="40.043913" lon="-111.156448"></trkpt><trkpt lat="40.043711" lon="-111.156237"></trkpt><trkpt lat="40.043378" lon="-111.155703"></trkpt><trkpt lat="40.043302" lon="-111.155659"></trkpt><trkpt lat="40.043247" lon="-111.155676"></trkpt><trkpt lat="40.042968" lon="-111.155947"></trkpt><trkpt lat="40.042873" lon="-111.155990"></trkpt><trkpt lat="40.042738" lon="-111.155973"></trkpt><trkpt lat="40.042671" lon="-111.155876"></trkpt><trkpt lat="40.042653" lon="-111.155745"></trkpt><trkpt lat="40.042780" lon="-111.155080"></trkpt><trkpt lat="40.042766" lon="-111.154962"></trkpt><trkpt lat="40.042672" lon="-111.154787"></trkpt><trkpt lat="40.042415" lon="-111.154646"></trkpt><trkpt lat="40.042361" lon="-111.154550"></trkpt><trkpt lat="40.042191" lon="-111.153867"></trkpt><trkpt lat="40.042070" lon="-111.153643"></trkpt><trkpt lat="40.041755" lon="-111.153131"></trkpt><trkpt lat="40.040482" lon="-111.151830"></trkpt><trkpt lat="40.040203" lon="-111.151884"></trkpt><trkpt lat="40.040027" lon="-111.151972"></trkpt><trkpt lat="40.039756" lon="-111.152198"></trkpt><trkpt lat="40.039431" lon="-111.152566"></trkpt><trkpt lat="40.039319" lon="-111.152600"></trkpt><trkpt lat="40.039130" lon="-111.152582"></trkpt><trkpt lat="40.038706" lon="-111.152623"></trkpt><trkpt lat="40.038291" lon="-111.152827"></trkpt><trkpt lat="40.038039" lon="-111.153001"></trkpt><trkpt lat="40.037259" lon="-111.153379"></trkpt><trkpt lat="40.036957" lon="-111.153616"></trkpt><trkpt lat="40.036758" lon="-111.153838"></trkpt><trkpt lat="40.036542" lon="-111.154166"></trkpt><trkpt lat="40.036429" lon="-111.154224"></trkpt><trkpt lat="40.036352" lon="-111.154175"></trkpt><trkpt lat="40.036317" lon="-111.153966"></trkpt><trkpt lat="40.036330" lon="-111.153836"></trkpt><trkpt lat="40.036403" lon="-111.153643"></trkpt><trkpt lat="40.036426" lon="-111.153283"></trkpt><trkpt lat="40.036381" lon="-111.153155"></trkpt><trkpt lat="40.036291" lon="-111.153099"></trkpt><trkpt lat="40.035300" lon="-111.152789"></trkpt><trkpt lat="40.033827" lon="-111.152730"></trkpt><trkpt lat="40.032661" lon="-111.152332"></trkpt><trkpt lat="40.031990" lon="-111.151919"></trkpt><trkpt lat="40.031648" lon="-111.151744"></trkpt><trkpt lat="40.030981" lon="-111.151632"></trkpt><trkpt lat="40.030342" lon="-111.151385"></trkpt><trkpt lat="40.029964" lon="-111.151170"></trkpt><trkpt lat="40.029757" lon="-111.150996"></trkpt><trkpt lat="40.029514" lon="-111.151011"></trkpt><trkpt lat="40.029297" lon="-111.151082"></trkpt><trkpt lat="40.028828" lon="-111.151405"></trkpt><trkpt lat="40.028260" lon="-111.151602"></trkpt><trkpt lat="40.027652" lon="-111.151878"></trkpt><trkpt lat="40.027548" lon="-111.152067"></trkpt><trkpt lat="40.027458" lon="-111.152328"></trkpt><trkpt lat="40.027371" lon="-111.152779"></trkpt><trkpt lat="40.027258" lon="-111.153151"></trkpt><trkpt lat="40.027132" lon="-111.153436"></trkpt><trkpt lat="40.026992" lon="-111.153617"></trkpt><trkpt lat="40.026852" lon="-111.153657"></trkpt><trkpt lat="40.026713" lon="-111.153625"></trkpt><trkpt lat="40.026303" lon="-111.153345"></trkpt><trkpt lat="40.025857" lon="-111.153611"></trkpt><trkpt lat="40.025586" lon="-111.153790"></trkpt><trkpt lat="40.024684" lon="-111.154632"></trkpt><trkpt lat="40.024508" lon="-111.154870"></trkpt><trkpt lat="40.024359" lon="-111.155211"></trkpt><trkpt lat="40.023947" lon="-111.156403"></trkpt><trkpt lat="40.023834" lon="-111.156925"></trkpt><trkpt lat="40.023779" lon="-111.157568"></trkpt><trkpt lat="40.023508" lon="-111.158533"></trkpt><trkpt lat="40.022919" lon="-111.160997"></trkpt><trkpt lat="40.022587" lon="-111.162792"></trkpt><trkpt lat="40.022338" lon="-111.163943"></trkpt><trkpt lat="40.021813" lon="-111.165442"></trkpt><trkpt lat="40.021541" lon="-111.166496"></trkpt><trkpt lat="40.021338" lon="-111.167107"></trkpt><trkpt lat="40.020736" lon="-111.168544"></trkpt><trkpt lat="40.020460" lon="-111.169493"></trkpt><trkpt lat="40.020320" lon="-111.169673"></trkpt><trkpt lat="40.020181" lon="-111.169718"></trkpt><trkpt lat="40.020032" lon="-111.169741"></trkpt><trkpt lat="40.019865" lon="-111.169706"></trkpt><trkpt lat="40.019699" lon="-111.169626"></trkpt><trkpt lat="40.018628" lon="-111.168750"></trkpt><trkpt lat="40.017246" lon="-111.167751"></trkpt><trkpt lat="40.015617" lon="-111.166503"></trkpt><trkpt lat="40.015266" lon="-111.166190"></trkpt><trkpt lat="40.015145" lon="-111.166129"></trkpt><trkpt lat="40.014572" lon="-111.166364"></trkpt><trkpt lat="40.013977" lon="-111.166673"></trkpt><trkpt lat="40.013486" lon="-111.166839"></trkpt><trkpt lat="40.013179" lon="-111.167014"></trkpt><trkpt lat="40.012976" lon="-111.167272"></trkpt><trkpt lat="40.012814" lon="-111.167563"></trkpt><trkpt lat="40.012213" lon="-111.168880"></trkpt><trkpt lat="40.012095" lon="-111.169345"></trkpt><trkpt lat="40.012049" lon="-111.169906"></trkpt><trkpt lat="40.011900" lon="-111.170024"></trkpt><trkpt lat="40.011662" lon="-111.169946"></trkpt><trkpt lat="40.011324" lon="-111.169763"></trkpt><trkpt lat="40.010995" lon="-111.169681"></trkpt><trkpt lat="40.008986" lon="-111.169360"></trkpt><trkpt lat="40.007698" lon="-111.169274"></trkpt><trkpt lat="40.006482" lon="-111.169223"></trkpt><trkpt lat="40.004684" lon="-111.169197"></trkpt><trkpt lat="40.003058" lon="-111.169099"></trkpt><trkpt lat="40.002806" lon="-111.169114"></trkpt><trkpt lat="40.000386" lon="-111.169914"></trkpt><trkpt lat="39.999624" lon="-111.169886"></trkpt><trkpt lat="39.999440" lon="-111.169806"></trkpt><trkpt lat="39.999053" lon="-111.169554"></trkpt><trkpt lat="39.998688" lon="-111.169382"></trkpt><trkpt lat="39.998382" lon="-111.169156"></trkpt><trkpt lat="39.998161" lon="-111.169169"></trkpt><trkpt lat="39.996922" lon="-111.169423"></trkpt><trkpt lat="39.996472" lon="-111.169402"></trkpt><trkpt lat="39.995967" lon="-111.169241"></trkpt><trkpt lat="39.995180" lon="-111.168864"></trkpt><trkpt lat="39.993595" lon="-111.167770"></trkpt><trkpt lat="39.992191" lon="-111.167280"></trkpt><trkpt lat="39.991353" lon="-111.167041"></trkpt><trkpt lat="39.990755" lon="-111.166574"></trkpt><trkpt lat="39.990633" lon="-111.166464"></trkpt><trkpt lat="39.990530" lon="-111.166312"></trkpt><trkpt lat="39.990215" lon="-111.165729"></trkpt><trkpt lat="39.989635" lon="-111.164769"></trkpt><trkpt lat="39.989559" lon="-111.164426"></trkpt><trkpt lat="39.989569" lon="-111.164240"></trkpt><trkpt lat="39.989650" lon="-111.163982"></trkpt><trkpt lat="39.989745" lon="-111.163844"></trkpt><trkpt lat="39.989988" lon="-111.163607"></trkpt><trkpt lat="39.990259" lon="-111.163502"></trkpt><trkpt lat="39.990453" lon="-111.163350"></trkpt><trkpt lat="39.991058" lon="-111.162423"></trkpt><trkpt lat="39.991428" lon="-111.161995"></trkpt><trkpt lat="39.991608" lon="-111.161873"></trkpt><trkpt lat="39.991806" lon="-111.161791"></trkpt><trkpt lat="39.992455" lon="-111.161699"></trkpt><trkpt lat="39.992640" lon="-111.161587"></trkpt><trkpt lat="39.993584" lon="-111.159891"></trkpt><trkpt lat="39.993629" lon="-111.159746"></trkpt><trkpt lat="39.993620" lon="-111.159574"></trkpt><trkpt lat="39.993540" lon="-111.159399"></trkpt><trkpt lat="39.993270" lon="-111.159242"></trkpt><trkpt lat="39.992680" lon="-111.158981"></trkpt><trkpt lat="39.992396" lon="-111.158720"></trkpt><trkpt lat="39.992203" lon="-111.158393"></trkpt><trkpt lat="39.991907" lon="-111.157547"></trkpt><trkpt lat="39.991755" lon="-111.156919"></trkpt><trkpt lat="39.991589" lon="-111.155779"></trkpt><trkpt lat="39.991536" lon="-111.155653"></trkpt><trkpt lat="39.990672" lon="-111.154730"></trkpt><trkpt lat="39.990483" lon="-111.154596"></trkpt><trkpt lat="39.990357" lon="-111.154598"></trkpt><trkpt lat="39.988995" lon="-111.155370"></trkpt><trkpt lat="39.988869" lon="-111.155380"></trkpt><trkpt lat="39.988369" lon="-111.155013"></trkpt><trkpt lat="39.987861" lon="-111.154517"></trkpt><trkpt lat="39.987272" lon="-111.154075"></trkpt><trkpt lat="39.986808" lon="-111.153926"></trkpt><trkpt lat="39.986528" lon="-111.153962"></trkpt><trkpt lat="39.986452" lon="-111.154020"></trkpt><trkpt lat="39.986127" lon="-111.154148"></trkpt><trkpt lat="39.985888" lon="-111.154193"></trkpt><trkpt lat="39.985343" lon="-111.154173"></trkpt><trkpt lat="39.985037" lon="-111.154043"></trkpt><trkpt lat="39.984348" lon="-111.153583"></trkpt><trkpt lat="39.983524" lon="-111.153265"></trkpt><trkpt lat="39.983412" lon="-111.153187"></trkpt><trkpt lat="39.983345" lon="-111.153026"></trkpt><trkpt lat="39.983314" lon="-111.152497"></trkpt><trkpt lat="39.983437" lon="-111.151639"></trkpt><trkpt lat="39.983627" lon="-111.150987"></trkpt><trkpt lat="39.983649" lon="-111.150783"></trkpt><trkpt lat="39.983506" lon="-111.150046"></trkpt><trkpt lat="39.983651" lon="-111.149352"></trkpt><trkpt lat="39.983557" lon="-111.149077"></trkpt><trkpt lat="39.983211" lon="-111.148426"></trkpt><trkpt lat="39.983031" lon="-111.148014"></trkpt><trkpt lat="39.982977" lon="-111.147979"></trkpt><trkpt lat="39.982869" lon="-111.147979"></trkpt><trkpt lat="39.982391" lon="-111.148366"></trkpt><trkpt lat="39.982174" lon="-111.148662"></trkpt><trkpt lat="39.982017" lon="-111.148684"></trkpt><trkpt lat="39.981796" lon="-111.148647"></trkpt><trkpt lat="39.981639" lon="-111.148480"></trkpt><trkpt lat="39.981504" lon="-111.148242"></trkpt><trkpt lat="39.981274" lon="-111.148061"></trkpt><trkpt lat="39.981139" lon="-111.148031"></trkpt><trkpt lat="39.980828" lon="-111.148045"></trkpt><trkpt lat="39.980396" lon="-111.148268"></trkpt><trkpt lat="39.980175" lon="-111.148333"></trkpt><trkpt lat="39.979936" lon="-111.148318"></trkpt><trkpt lat="39.979832" lon="-111.148267"></trkpt><trkpt lat="39.979810" lon="-111.148187"></trkpt><trkpt lat="39.979842" lon="-111.148094"></trkpt><trkpt lat="39.980375" lon="-111.147039"></trkpt><trkpt lat="39.980591" lon="-111.146816"></trkpt><trkpt lat="39.980767" lon="-111.146737"></trkpt><trkpt lat="39.980866" lon="-111.146650"></trkpt><trkpt lat="39.981074" lon="-111.146152"></trkpt><trkpt lat="39.981182" lon="-111.146022"></trkpt><trkpt lat="39.981507" lon="-111.145726"></trkpt><trkpt lat="39.981786" lon="-111.145597"></trkpt><trkpt lat="39.981908" lon="-111.145424"></trkpt><trkpt lat="39.981949" lon="-111.145164"></trkpt><trkpt lat="39.981909" lon="-111.144766"></trkpt><trkpt lat="39.981756" lon="-111.144462"></trkpt><trkpt lat="39.981271" lon="-111.143268"></trkpt><trkpt lat="39.981448" lon="-111.142806"></trkpt><trkpt lat="39.981461" lon="-111.142445"></trkpt><trkpt lat="39.981525" lon="-111.142213"></trkpt><trkpt lat="39.981561" lon="-111.142163"></trkpt><trkpt lat="39.981782" lon="-111.142200"></trkpt><trkpt lat="39.982115" lon="-111.142345"></trkpt><trkpt lat="39.982390" lon="-111.142244"></trkpt><trkpt lat="39.982786" lon="-111.142317"></trkpt><trkpt lat="39.982872" lon="-111.142209"></trkpt><trkpt lat="39.982710" lon="-111.141631"></trkpt><trkpt lat="39.982616" lon="-111.141421"></trkpt><trkpt lat="39.982495" lon="-111.140611"></trkpt><trkpt lat="39.982460" lon="-111.139664"></trkpt><trkpt lat="39.982007" lon="-111.138256"></trkpt><trkpt lat="39.981679" lon="-111.137689"></trkpt><trkpt lat="39.981846" lon="-111.137472"></trkpt><trkpt lat="39.982054" lon="-111.137068"></trkpt><trkpt lat="39.982275" lon="-111.136179"></trkpt><trkpt lat="39.982266" lon="-111.136115"></trkpt><trkpt lat="39.982172" lon="-111.135970"></trkpt><trkpt lat="39.981938" lon="-111.135912"></trkpt><trkpt lat="39.981704" lon="-111.135767"></trkpt><trkpt lat="39.981011" lon="-111.134941"></trkpt><trkpt lat="39.980943" lon="-111.134898"></trkpt><trkpt lat="39.980871" lon="-111.134883"></trkpt><trkpt lat="39.980673" lon="-111.135005"></trkpt><trkpt lat="39.980520" lon="-111.135020"></trkpt><trkpt lat="39.980245" lon="-111.134727"></trkpt><trkpt lat="39.979994" lon="-111.134328"></trkpt><trkpt lat="39.979805" lon="-111.134165"></trkpt><trkpt lat="39.979615" lon="-111.134165"></trkpt><trkpt lat="39.979399" lon="-111.134287"></trkpt><trkpt lat="39.979277" lon="-111.134251"></trkpt><trkpt lat="39.979250" lon="-111.134179"></trkpt><trkpt lat="39.979350" lon="-111.134049"></trkpt><trkpt lat="39.979453" lon="-111.133984"></trkpt><trkpt lat="39.980030" lon="-111.133930"></trkpt><trkpt lat="39.980381" lon="-111.134065"></trkpt><trkpt lat="39.980629" lon="-111.133972"></trkpt><trkpt lat="39.980746" lon="-111.133878"></trkpt><trkpt lat="39.980864" lon="-111.133849"></trkpt><trkpt lat="39.981354" lon="-111.134132"></trkpt><trkpt lat="39.981426" lon="-111.134125"></trkpt><trkpt lat="39.981512" lon="-111.133988"></trkpt><trkpt lat="39.981517" lon="-111.133858"></trkpt><trkpt lat="39.981490" lon="-111.133771"></trkpt><trkpt lat="39.981422" lon="-111.133706"></trkpt><trkpt lat="39.981283" lon="-111.133677"></trkpt><trkpt lat="39.980995" lon="-111.133525"></trkpt><trkpt lat="39.980896" lon="-111.133409"></trkpt><trkpt lat="39.980526" lon="-111.133140"></trkpt><trkpt lat="39.979892" lon="-111.132749"></trkpt><trkpt lat="39.979752" lon="-111.132626"></trkpt><trkpt lat="39.979257" lon="-111.132148"></trkpt><trkpt lat="39.978898" lon="-111.131518"></trkpt><trkpt lat="39.978785" lon="-111.131193"></trkpt><trkpt lat="39.978507" lon="-111.129992"></trkpt><trkpt lat="39.978481" lon="-111.129732"></trkpt><trkpt lat="39.978522" lon="-111.129342"></trkpt><trkpt lat="39.978571" lon="-111.129176"></trkpt><trkpt lat="39.978576" lon="-111.128576"></trkpt><trkpt lat="39.978478" lon="-111.128120"></trkpt><trkpt lat="39.978204" lon="-111.127383"></trkpt><trkpt lat="39.978073" lon="-111.127151"></trkpt><trkpt lat="39.977538" lon="-111.126558"></trkpt><trkpt lat="39.977408" lon="-111.126282"></trkpt><trkpt lat="39.977282" lon="-111.125755"></trkpt><trkpt lat="39.977237" lon="-111.125399"></trkpt><trkpt lat="39.977103" lon="-111.125017"></trkpt><trkpt lat="39.977000" lon="-111.124432"></trkpt><trkpt lat="39.977104" lon="-111.123456"></trkpt><trkpt lat="39.977082" lon="-111.123109"></trkpt><trkpt lat="39.976961" lon="-111.122755"></trkpt><trkpt lat="39.976943" lon="-111.122480"></trkpt><trkpt lat="39.976966" lon="-111.122292"></trkpt><trkpt lat="39.977043" lon="-111.122076"></trkpt><trkpt lat="39.977075" lon="-111.121765"></trkpt><trkpt lat="39.977139" lon="-111.120507"></trkpt><trkpt lat="39.977077" lon="-111.119445"></trkpt><trkpt lat="39.977074" lon="-111.117860"></trkpt><trkpt lat="39.976971" lon="-111.117521"></trkpt><trkpt lat="39.976962" lon="-111.117153"></trkpt><trkpt lat="39.976836" lon="-111.116795"></trkpt><trkpt lat="39.976697" lon="-111.116233"></trkpt><trkpt lat="39.976554" lon="-111.115942"></trkpt><trkpt lat="39.976450" lon="-111.115894"></trkpt><trkpt lat="39.976310" lon="-111.115894"></trkpt><trkpt lat="39.975932" lon="-111.116144"></trkpt><trkpt lat="39.975688" lon="-111.116261"></trkpt><trkpt lat="39.975310" lon="-111.116292"></trkpt></trkseg></trk><trk><name>T050 AU6D793</name><trkseg><trkpt lat="40.450530" lon="-111.644534"></trkpt><trkpt lat="40.450625" lon="-111.644379"></trkpt><trkpt lat="40.450621" lon="-111.644281"></trkpt><trkpt lat="40.450532" lon="-111.644066"></trkpt><trkpt lat="40.450256" lon="-111.643590"></trkpt><trkpt lat="40.449848" lon="-111.643177"></trkpt><trkpt lat="40.449647" lon="-111.642817"></trkpt><trkpt lat="40.449260" lon="-111.641935"></trkpt><trkpt lat="40.449019" lon="-111.641656"></trkpt><trkpt lat="40.448839" lon="-111.641550"></trkpt><trkpt lat="40.448353" lon="-111.641442"></trkpt><trkpt lat="40.448259" lon="-111.641395"></trkpt><trkpt lat="40.448165" lon="-111.641273"></trkpt><trkpt lat="40.447676" lon="-111.640111"></trkpt><trkpt lat="40.447477" lon="-111.639411"></trkpt><trkpt lat="40.447447" lon="-111.639122"></trkpt><trkpt lat="40.447363" lon="-111.638833"></trkpt><trkpt lat="40.447283" lon="-111.638716"></trkpt><trkpt lat="40.447166" lon="-111.638628"></trkpt><trkpt lat="40.447004" lon="-111.638621"></trkpt><trkpt lat="40.446362" lon="-111.639005"></trkpt><trkpt lat="40.446110" lon="-111.639026"></trkpt><trkpt lat="40.445979" lon="-111.639007"></trkpt><trkpt lat="40.445759" lon="-111.638913"></trkpt><trkpt lat="40.445391" lon="-111.638655"></trkpt><trkpt lat="40.445038" lon="-111.638204"></trkpt><trkpt lat="40.444315" lon="-111.636951"></trkpt><trkpt lat="40.443859" lon="-111.636318"></trkpt><trkpt lat="40.442740" lon="-111.634936"></trkpt><trkpt lat="40.442279" lon="-111.634516"></trkpt><trkpt lat="40.441987" lon="-111.634375"></trkpt><trkpt lat="40.441740" lon="-111.634182"></trkpt><trkpt lat="40.441507" lon="-111.633886"></trkpt><trkpt lat="40.441387" lon="-111.633584"></trkpt><trkpt lat="40.441316" lon="-111.633509"></trkpt><trkpt lat="40.441222" lon="-111.633433"></trkpt><trkpt lat="40.440723" lon="-111.633180"></trkpt><trkpt lat="40.440489" lon="-111.633103"></trkpt><trkpt lat="40.440341" lon="-111.633101"></trkpt><trkpt lat="40.439443" lon="-111.633260"></trkpt><trkpt lat="40.439091" lon="-111.633349"></trkpt><trkpt lat="40.438960" lon="-111.633440"></trkpt><trkpt lat="40.438465" lon="-111.634152"></trkpt><trkpt lat="40.438232" lon="-111.634859"></trkpt><trkpt lat="40.438095" lon="-111.635152"></trkpt><trkpt lat="40.437868" lon="-111.635421"></trkpt><trkpt lat="40.437697" lon="-111.635535"></trkpt><trkpt lat="40.437449" lon="-111.635539"></trkpt><trkpt lat="40.437224" lon="-111.635467"></trkpt><trkpt lat="40.436878" lon="-111.635285"></trkpt><trkpt lat="40.436689" lon="-111.635220"></trkpt><trkpt lat="40.436500" lon="-111.635198"></trkpt><trkpt lat="40.436405" lon="-111.635266"></trkpt><trkpt lat="40.436228" lon="-111.635559"></trkpt><trkpt lat="40.436074" lon="-111.635719"></trkpt><trkpt lat="40.435889" lon="-111.635723"></trkpt><trkpt lat="40.435541" lon="-111.635954"></trkpt><trkpt lat="40.435347" lon="-111.636038"></trkpt><trkpt lat="40.435167" lon="-111.636054"></trkpt><trkpt lat="40.434825" lon="-111.635981"></trkpt><trkpt lat="40.434703" lon="-111.635911"></trkpt><trkpt lat="40.434515" lon="-111.635736"></trkpt><trkpt lat="40.434272" lon="-111.635682"></trkpt><trkpt lat="40.434015" lon="-111.635726"></trkpt><trkpt lat="40.433595" lon="-111.635961"></trkpt><trkpt lat="40.433296" lon="-111.636218"></trkpt><trkpt lat="40.433134" lon="-111.636176"></trkpt><trkpt lat="40.432987" lon="-111.635973"></trkpt><trkpt lat="40.432925" lon="-111.635828"></trkpt><trkpt lat="40.432903" lon="-111.635660"></trkpt><trkpt lat="40.432963" lon="-111.635482"></trkpt><trkpt lat="40.433340" lon="-111.634891"></trkpt><trkpt lat="40.433661" lon="-111.634635"></trkpt><trkpt lat="40.433920" lon="-111.634285"></trkpt><trkpt lat="40.434309" lon="-111.633960"></trkpt><trkpt lat="40.434657" lon="-111.633732"></trkpt><trkpt lat="40.435432" lon="-111.633604"></trkpt><trkpt lat="40.435658" lon="-111.633502"></trkpt><trkpt lat="40.436115" lon="-111.633235"></trkpt><trkpt lat="40.436418" lon="-111.632978"></trkpt><trkpt lat="40.436500" lon="-111.632846"></trkpt><trkpt lat="40.436519" lon="-111.632552"></trkpt><trkpt lat="40.436471" lon="-111.632332"></trkpt><trkpt lat="40.436554" lon="-111.631894"></trkpt><trkpt lat="40.436476" lon="-111.631467"></trkpt><trkpt lat="40.436517" lon="-111.631311"></trkpt><trkpt lat="40.436717" lon="-111.630978"></trkpt><trkpt lat="40.436687" lon="-111.630666"></trkpt><trkpt lat="40.436566" lon="-111.630544"></trkpt><trkpt lat="40.436314" lon="-111.630507"></trkpt><trkpt lat="40.436071" lon="-111.630568"></trkpt><trkpt lat="40.435731" lon="-111.630830"></trkpt><trkpt lat="40.435555" lon="-111.630863"></trkpt><trkpt lat="40.435294" lon="-111.630826"></trkpt><trkpt lat="40.435164" lon="-111.630762"></trkpt><trkpt lat="40.435079" lon="-111.630640"></trkpt><trkpt lat="40.435072" lon="-111.630319"></trkpt><trkpt lat="40.435218" lon="-111.629934"></trkpt><trkpt lat="40.435427" lon="-111.629690"></trkpt><trkpt lat="40.435455" lon="-111.629369"></trkpt><trkpt lat="40.435444" lon="-111.629035"></trkpt><trkpt lat="40.435476" lon="-111.628935"></trkpt><trkpt lat="40.435566" lon="-111.628872"></trkpt><trkpt lat="40.436194" lon="-111.628633"></trkpt><trkpt lat="40.437039" lon="-111.628153"></trkpt><trkpt lat="40.437753" lon="-111.627674"></trkpt><trkpt lat="40.438223" lon="-111.627470"></trkpt><trkpt lat="40.438583" lon="-111.627411"></trkpt><trkpt lat="40.438746" lon="-111.627224"></trkpt><trkpt lat="40.438802" lon="-111.626974"></trkpt><trkpt lat="40.438772" lon="-111.626630"></trkpt><trkpt lat="40.438796" lon="-111.626460"></trkpt><trkpt lat="40.438850" lon="-111.626365"></trkpt><trkpt lat="40.439172" lon="-111.626044"></trkpt><trkpt lat="40.439491" lon="-111.625364"></trkpt><trkpt lat="40.439668" lon="-111.625081"></trkpt><trkpt lat="40.439724" lon="-111.624702"></trkpt><trkpt lat="40.439880" lon="-111.624115"></trkpt><trkpt lat="40.439859" lon="-111.623900"></trkpt><trkpt lat="40.439797" lon="-111.623760"></trkpt><trkpt lat="40.439444" lon="-111.623187"></trkpt><trkpt lat="40.439101" lon="-111.622536"></trkpt><trkpt lat="40.438837" lon="-111.622149"></trkpt><trkpt lat="40.438820" lon="-111.621964"></trkpt><trkpt lat="40.438847" lon="-111.621870"></trkpt><trkpt lat="40.438956" lon="-111.621761"></trkpt><trkpt lat="40.439078" lon="-111.621737"></trkpt><trkpt lat="40.439280" lon="-111.621819"></trkpt><trkpt lat="40.439738" lon="-111.622080"></trkpt><trkpt lat="40.440332" lon="-111.622215"></trkpt><trkpt lat="40.440598" lon="-111.622192"></trkpt><trkpt lat="40.440918" lon="-111.622101"></trkpt><trkpt lat="40.441175" lon="-111.622113"></trkpt><trkpt lat="40.441516" lon="-111.622349"></trkpt><trkpt lat="40.441924" lon="-111.622746"></trkpt><trkpt lat="40.442050" lon="-111.622777"></trkpt><trkpt lat="40.442082" lon="-111.622723"></trkpt><trkpt lat="40.442078" lon="-111.622618"></trkpt><trkpt lat="40.441989" lon="-111.622263"></trkpt><trkpt lat="40.441803" lon="-111.621847"></trkpt><trkpt lat="40.441565" lon="-111.621550"></trkpt><trkpt lat="40.440662" lon="-111.621135"></trkpt><trkpt lat="40.438960" lon="-111.620142"></trkpt><trkpt lat="40.438103" lon="-111.619522"></trkpt><trkpt lat="40.437732" lon="-111.619105"></trkpt><trkpt lat="40.437389" lon="-111.618393"></trkpt><trkpt lat="40.436835" lon="-111.617457"></trkpt><trkpt lat="40.436741" lon="-111.617356"></trkpt><trkpt lat="40.436364" lon="-111.617128"></trkpt><trkpt lat="40.436131" lon="-111.616947"></trkpt><trkpt lat="40.435500" lon="-111.616155"></trkpt><trkpt lat="40.435271" lon="-111.615911"></trkpt><trkpt lat="40.434782" lon="-111.615560"></trkpt><trkpt lat="40.434260" lon="-111.615450"></trkpt><trkpt lat="40.433991" lon="-111.615298"></trkpt><trkpt lat="40.433698" lon="-111.615270"></trkpt><trkpt lat="40.432644" lon="-111.615263"></trkpt><trkpt lat="40.432367" lon="-111.614892"></trkpt><trkpt lat="40.431585" lon="-111.614430"></trkpt><trkpt lat="40.431290" lon="-111.614153"></trkpt><trkpt lat="40.431128" lon="-111.613952"></trkpt><trkpt lat="40.431075" lon="-111.613757"></trkpt><trkpt lat="40.431221" lon="-111.613494"></trkpt><trkpt lat="40.431466" lon="-111.613177"></trkpt><trkpt lat="40.431571" lon="-111.612913"></trkpt><trkpt lat="40.431576" lon="-111.612779"></trkpt><trkpt lat="40.431461" lon="-111.612319"></trkpt><trkpt lat="40.431436" lon="-111.611932"></trkpt><trkpt lat="40.431578" lon="-111.611639"></trkpt><trkpt lat="40.431704" lon="-111.611550"></trkpt><trkpt lat="40.431907" lon="-111.611487"></trkpt><trkpt lat="40.432048" lon="-111.611374"></trkpt><trkpt lat="40.432075" lon="-111.611274"></trkpt><trkpt lat="40.432053" lon="-111.611194"></trkpt><trkpt lat="40.431954" lon="-111.611143"></trkpt><trkpt lat="40.431819" lon="-111.611152"></trkpt><trkpt lat="40.431331" lon="-111.611477"></trkpt><trkpt lat="40.431153" lon="-111.611894"></trkpt><trkpt lat="40.431070" lon="-111.612278"></trkpt><trkpt lat="40.431011" lon="-111.612396"></trkpt><trkpt lat="40.430866" lon="-111.612491"></trkpt><trkpt lat="40.430704" lon="-111.612486"></trkpt><trkpt lat="40.430497" lon="-111.612329"></trkpt><trkpt lat="40.430425" lon="-111.612314"></trkpt><trkpt lat="40.430254" lon="-111.612320"></trkpt><trkpt lat="40.430083" lon="-111.612376"></trkpt><trkpt lat="40.429894" lon="-111.612353"></trkpt><trkpt lat="40.429611" lon="-111.612141"></trkpt><trkpt lat="40.429409" lon="-111.612089"></trkpt><trkpt lat="40.429175" lon="-111.611950"></trkpt><trkpt lat="40.428735" lon="-111.611780"></trkpt><trkpt lat="40.428523" lon="-111.611821"></trkpt><trkpt lat="40.428229" lon="-111.612024"></trkpt><trkpt lat="40.428067" lon="-111.612030"></trkpt><trkpt lat="40.428004" lon="-111.611979"></trkpt><trkpt lat="40.427977" lon="-111.611870"></trkpt><trkpt lat="40.428155" lon="-111.611490"></trkpt><trkpt lat="40.428165" lon="-111.611274"></trkpt><trkpt lat="40.428103" lon="-111.611079"></trkpt><trkpt lat="40.427875" lon="-111.610817"></trkpt><trkpt lat="40.427827" lon="-111.610507"></trkpt><trkpt lat="40.427896" lon="-111.610198"></trkpt><trkpt lat="40.427978" lon="-111.610083"></trkpt><trkpt lat="40.427988" lon="-111.609867"></trkpt><trkpt lat="40.427767" lon="-111.608993"></trkpt><trkpt lat="40.427491" lon="-111.608371"></trkpt><trkpt lat="40.427308" lon="-111.608045"></trkpt><trkpt lat="40.427241" lon="-111.607980"></trkpt><trkpt lat="40.427108" lon="-111.607661"></trkpt><trkpt lat="40.427018" lon="-111.607552"></trkpt><trkpt lat="40.426888" lon="-111.607493"></trkpt><trkpt lat="40.426654" lon="-111.607463"></trkpt><trkpt lat="40.426317" lon="-111.607265"></trkpt><trkpt lat="40.426173" lon="-111.607220"></trkpt><trkpt lat="40.425885" lon="-111.607193"></trkpt><trkpt lat="40.425710" lon="-111.607068"></trkpt><trkpt lat="40.425413" lon="-111.606958"></trkpt><trkpt lat="40.425041" lon="-111.606608"></trkpt><trkpt lat="40.424804" lon="-111.606304"></trkpt><trkpt lat="40.424606" lon="-111.606183"></trkpt><trkpt lat="40.424295" lon="-111.606209"></trkpt><trkpt lat="40.424170" lon="-111.606165"></trkpt><trkpt lat="40.424103" lon="-111.606049"></trkpt><trkpt lat="40.424054" lon="-111.605789"></trkpt><trkpt lat="40.424086" lon="-111.605710"></trkpt><trkpt lat="40.424313" lon="-111.605489"></trkpt><trkpt lat="40.424376" lon="-111.605374"></trkpt><trkpt lat="40.424413" lon="-111.605187"></trkpt><trkpt lat="40.424374" lon="-111.604977"></trkpt><trkpt lat="40.424136" lon="-111.604752"></trkpt><trkpt lat="40.423732" lon="-111.604611"></trkpt><trkpt lat="40.423637" lon="-111.604611"></trkpt><trkpt lat="40.423515" lon="-111.604667"></trkpt><trkpt lat="40.423397" lon="-111.604803"></trkpt><trkpt lat="40.423077" lon="-111.604897"></trkpt><trkpt lat="40.422735" lon="-111.604837"></trkpt><trkpt lat="40.422555" lon="-111.604770"></trkpt><trkpt lat="40.422255" lon="-111.604537"></trkpt><trkpt lat="40.422115" lon="-111.604478"></trkpt><trkpt lat="40.421841" lon="-111.604454"></trkpt><trkpt lat="40.421696" lon="-111.604525"></trkpt><trkpt lat="40.421538" lon="-111.604703"></trkpt><trkpt lat="40.421041" lon="-111.604829"></trkpt><trkpt lat="40.420937" lon="-111.604886"></trkpt><trkpt lat="40.420860" lon="-111.605004"></trkpt><trkpt lat="40.420786" lon="-111.605370"></trkpt><trkpt lat="40.420709" lon="-111.605464"></trkpt><trkpt lat="40.420353" lon="-111.605583"></trkpt><trkpt lat="40.420289" lon="-111.605683"></trkpt><trkpt lat="40.420119" lon="-111.606265"></trkpt><trkpt lat="40.420010" lon="-111.606516"></trkpt><trkpt lat="40.419766" lon="-111.606709"></trkpt><trkpt lat="40.419279" lon="-111.606812"></trkpt><trkpt lat="40.419071" lon="-111.606947"></trkpt><trkpt lat="40.418936" lon="-111.606957"></trkpt><trkpt lat="40.418734" lon="-111.606811"></trkpt><trkpt lat="40.418648" lon="-111.606803"></trkpt><trkpt lat="40.418553" lon="-111.606860"></trkpt><trkpt lat="40.418367" lon="-111.607182"></trkpt><trkpt lat="40.418290" lon="-111.607203"></trkpt><trkpt lat="40.417904" lon="-111.606948"></trkpt><trkpt lat="40.417477" lon="-111.606793"></trkpt><trkpt lat="40.416784" lon="-111.606581"></trkpt><trkpt lat="40.416573" lon="-111.606587"></trkpt><trkpt lat="40.416459" lon="-111.606708"></trkpt><trkpt lat="40.416354" lon="-111.607053"></trkpt><trkpt lat="40.416027" lon="-111.607554"></trkpt><trkpt lat="40.415597" lon="-111.607947"></trkpt><trkpt lat="40.415466" lon="-111.607945"></trkpt><trkpt lat="40.415404" lon="-111.607894"></trkpt><trkpt lat="40.415369" lon="-111.607700"></trkpt><trkpt lat="40.415400" lon="-111.607649"></trkpt><trkpt lat="40.415681" lon="-111.607472"></trkpt><trkpt lat="40.415835" lon="-111.607214"></trkpt><trkpt lat="40.415863" lon="-111.607084"></trkpt><trkpt lat="40.415877" lon="-111.606948"></trkpt><trkpt lat="40.415820" lon="-111.606666"></trkpt><trkpt lat="40.415704" lon="-111.606427"></trkpt><trkpt lat="40.415664" lon="-111.606269"></trkpt><trkpt lat="40.415656" lon="-111.606103"></trkpt><trkpt lat="40.415698" lon="-111.605937"></trkpt><trkpt lat="40.415820" lon="-111.605801"></trkpt><trkpt lat="40.416131" lon="-111.605790"></trkpt><trkpt lat="40.416257" lon="-111.605719"></trkpt><trkpt lat="40.416557" lon="-111.605333"></trkpt><trkpt lat="40.416742" lon="-111.605190"></trkpt><trkpt lat="40.417162" lon="-111.604978"></trkpt><trkpt lat="40.417272" lon="-111.604705"></trkpt><trkpt lat="40.417188" lon="-111.604373"></trkpt><trkpt lat="40.417156" lon="-111.604387"></trkpt><trkpt lat="40.417157" lon="-111.604192"></trkpt><trkpt lat="40.417230" lon="-111.604013"></trkpt><trkpt lat="40.417393" lon="-111.603906"></trkpt><trkpt lat="40.417835" lon="-111.603896"></trkpt><trkpt lat="40.417934" lon="-111.603806"></trkpt><trkpt lat="40.418049" lon="-111.603342"></trkpt><trkpt lat="40.418122" lon="-111.603191"></trkpt><trkpt lat="40.418443" lon="-111.602874"></trkpt><trkpt lat="40.418793" lon="-111.602314"></trkpt><trkpt lat="40.419374" lon="-111.601504"></trkpt><trkpt lat="40.419434" lon="-111.601260"></trkpt><trkpt lat="40.419381" lon="-111.600993"></trkpt><trkpt lat="40.419202" lon="-111.600786"></trkpt><trkpt lat="40.419081" lon="-111.600701"></trkpt><trkpt lat="40.418852" lon="-111.600608"></trkpt><trkpt lat="40.418645" lon="-111.600575"></trkpt><trkpt lat="40.418167" lon="-111.600632"></trkpt><trkpt lat="40.417987" lon="-111.600661"></trkpt><trkpt lat="40.417842" lon="-111.600728"></trkpt><trkpt lat="40.417308" lon="-111.601249"></trkpt><trkpt lat="40.416846" lon="-111.601641"></trkpt><trkpt lat="40.416517" lon="-111.601791"></trkpt><trkpt lat="40.416246" lon="-111.601819"></trkpt><trkpt lat="40.415607" lon="-111.601691"></trkpt><trkpt lat="40.415296" lon="-111.601684"></trkpt><trkpt lat="40.414940" lon="-111.601803"></trkpt><trkpt lat="40.414695" lon="-111.602068"></trkpt><trkpt lat="40.414551" lon="-111.602180"></trkpt><trkpt lat="40.414352" lon="-111.602270"></trkpt><trkpt lat="40.413932" lon="-111.602426"></trkpt><trkpt lat="40.413554" lon="-111.602484"></trkpt><trkpt lat="40.412944" lon="-111.602710"></trkpt><trkpt lat="40.412840" lon="-111.602771"></trkpt><trkpt lat="40.412754" lon="-111.602869"></trkpt><trkpt lat="40.412564" lon="-111.603164"></trkpt><trkpt lat="40.412419" lon="-111.603231"></trkpt><trkpt lat="40.412085" lon="-111.603274"></trkpt><trkpt lat="40.411719" lon="-111.603522"></trkpt><trkpt lat="40.411156" lon="-111.603643"></trkpt><trkpt lat="40.411056" lon="-111.603718"></trkpt><trkpt lat="40.410960" lon="-111.603969"></trkpt><trkpt lat="40.410936" lon="-111.604311"></trkpt><trkpt lat="40.410840" lon="-111.604577"></trkpt><trkpt lat="40.410632" lon="-111.604788"></trkpt><trkpt lat="40.409963" lon="-111.605239"></trkpt><trkpt lat="40.409538" lon="-111.605429"></trkpt><trkpt lat="40.409434" lon="-111.605451"></trkpt><trkpt lat="40.409345" lon="-111.605420"></trkpt><trkpt lat="40.409287" lon="-111.605244"></trkpt><trkpt lat="40.409305" lon="-111.605130"></trkpt><trkpt lat="40.409482" lon="-111.604911"></trkpt><trkpt lat="40.409523" lon="-111.604790"></trkpt><trkpt lat="40.409520" lon="-111.604675"></trkpt><trkpt lat="40.409479" lon="-111.604599"></trkpt><trkpt lat="40.409052" lon="-111.604420"></trkpt><trkpt lat="40.408805" lon="-111.604265"></trkpt><trkpt lat="40.408774" lon="-111.604189"></trkpt><trkpt lat="40.408789" lon="-111.604044"></trkpt><trkpt lat="40.408825" lon="-111.604014"></trkpt><trkpt lat="40.409186" lon="-111.603865"></trkpt><trkpt lat="40.409362" lon="-111.603753"></trkpt><trkpt lat="40.409690" lon="-111.603139"></trkpt><trkpt lat="40.409686" lon="-111.602986"></trkpt><trkpt lat="40.409637" lon="-111.602902"></trkpt><trkpt lat="40.409574" lon="-111.602871"></trkpt><trkpt lat="40.409457" lon="-111.602923"></trkpt><trkpt lat="40.409134" lon="-111.603507"></trkpt><trkpt lat="40.409039" lon="-111.603582"></trkpt><trkpt lat="40.408890" lon="-111.603619"></trkpt><trkpt lat="40.408827" lon="-111.603603"></trkpt><trkpt lat="40.408661" lon="-111.603442"></trkpt><trkpt lat="40.408420" lon="-111.603028"></trkpt><trkpt lat="40.408344" lon="-111.602989"></trkpt><trkpt lat="40.408172" lon="-111.603041"></trkpt><trkpt lat="40.408059" lon="-111.603208"></trkpt><trkpt lat="40.408017" lon="-111.603474"></trkpt><trkpt lat="40.407996" lon="-111.603984"></trkpt><trkpt lat="40.407960" lon="-111.604098"></trkpt><trkpt lat="40.407610" lon="-111.604693"></trkpt><trkpt lat="40.407431" lon="-111.605247"></trkpt><trkpt lat="40.407194" lon="-111.605755"></trkpt><trkpt lat="40.407092" lon="-111.606302"></trkpt><trkpt lat="40.406849" lon="-111.607230"></trkpt><trkpt lat="40.406461" lon="-111.608117"></trkpt><trkpt lat="40.406225" lon="-111.608445"></trkpt><trkpt lat="40.406117" lon="-111.608513"></trkpt><trkpt lat="40.406031" lon="-111.608507"></trkpt><trkpt lat="40.405825" lon="-111.608317"></trkpt><trkpt lat="40.405540" lon="-111.607696"></trkpt><trkpt lat="40.405316" lon="-111.607333"></trkpt><trkpt lat="40.405232" lon="-111.607075"></trkpt><trkpt lat="40.405233" lon="-111.606882"></trkpt><trkpt lat="40.405448" lon="-111.606245"></trkpt><trkpt lat="40.405522" lon="-111.605848"></trkpt><trkpt lat="40.405524" lon="-111.605461"></trkpt><trkpt lat="40.405454" lon="-111.605058"></trkpt></trkseg></trk><trk><name>T051 AU6D793</name><trkseg><trkpt lat="40.841428" lon="-111.834914"></trkpt><trkpt lat="40.841674" lon="-111.834494"></trkpt><trkpt lat="40.841767" lon="-111.833533"></trkpt><trkpt lat="40.841679" lon="-111.831930"></trkpt><trkpt lat="40.841724" lon="-111.831290"></trkpt><trkpt lat="40.841611" lon="-111.830816"></trkpt><trkpt lat="40.841464" lon="-111.829863"></trkpt><trkpt lat="40.841449" lon="-111.829542"></trkpt><trkpt lat="40.841473" lon="-111.829252"></trkpt><trkpt lat="40.841604" lon="-111.828634"></trkpt><trkpt lat="40.841542" lon="-111.828429"></trkpt><trkpt lat="40.841471" lon="-111.828382"></trkpt><trkpt lat="40.841249" lon="-111.828558"></trkpt><trkpt lat="40.841005" lon="-111.828672"></trkpt><trkpt lat="40.840830" lon="-111.828581"></trkpt><trkpt lat="40.840566" lon="-111.828260"></trkpt><trkpt lat="40.840162" lon="-111.827521"></trkpt><trkpt lat="40.840027" lon="-111.827406"></trkpt><trkpt lat="40.839901" lon="-111.827421"></trkpt><trkpt lat="40.839837" lon="-111.827536"></trkpt><trkpt lat="40.839841" lon="-111.827681"></trkpt><trkpt lat="40.840018" lon="-111.828116"></trkpt><trkpt lat="40.840118" lon="-111.828512"></trkpt><trkpt lat="40.840148" lon="-111.828840"></trkpt><trkpt lat="40.840120" lon="-111.828924"></trkpt><trkpt lat="40.840084" lon="-111.828924"></trkpt><trkpt lat="40.839857" lon="-111.828489"></trkpt><trkpt lat="40.839338" lon="-111.828024"></trkpt><trkpt lat="40.839087" lon="-111.827856"></trkpt><trkpt lat="40.838674" lon="-111.827726"></trkpt><trkpt lat="40.838543" lon="-111.827719"></trkpt><trkpt lat="40.838435" lon="-111.827772"></trkpt><trkpt lat="40.838430" lon="-111.827841"></trkpt><trkpt lat="40.838461" lon="-111.827917"></trkpt><trkpt lat="40.838609" lon="-111.828016"></trkpt><trkpt lat="40.838805" lon="-111.828222"></trkpt><trkpt lat="40.838970" lon="-111.828474"></trkpt><trkpt lat="40.839023" lon="-111.828665"></trkpt><trkpt lat="40.839007" lon="-111.828932"></trkpt><trkpt lat="40.838907" lon="-111.829153"></trkpt><trkpt lat="40.838743" lon="-111.829329"></trkpt><trkpt lat="40.838588" lon="-111.829573"></trkpt><trkpt lat="40.838403" lon="-111.829695"></trkpt><trkpt lat="40.837865" lon="-111.829893"></trkpt><trkpt lat="40.837812" lon="-111.829832"></trkpt><trkpt lat="40.837862" lon="-111.829756"></trkpt><trkpt lat="40.838138" lon="-111.829634"></trkpt><trkpt lat="40.838337" lon="-111.829489"></trkpt><trkpt lat="40.838560" lon="-111.829199"></trkpt><trkpt lat="40.838570" lon="-111.829016"></trkpt><trkpt lat="40.838481" lon="-111.828879"></trkpt><trkpt lat="40.838023" lon="-111.828688"></trkpt><trkpt lat="40.837781" lon="-111.828497"></trkpt><trkpt lat="40.837656" lon="-111.828314"></trkpt><trkpt lat="40.837465" lon="-111.827917"></trkpt><trkpt lat="40.837358" lon="-111.827841"></trkpt><trkpt lat="40.836998" lon="-111.827734"></trkpt><trkpt lat="40.836850" lon="-111.827643"></trkpt><trkpt lat="40.836591" lon="-111.827307"></trkpt><trkpt lat="40.835708" lon="-111.826772"></trkpt><trkpt lat="40.835628" lon="-111.826643"></trkpt><trkpt lat="40.835602" lon="-111.826468"></trkpt><trkpt lat="40.835621" lon="-111.826292"></trkpt><trkpt lat="40.835681" lon="-111.826155"></trkpt><trkpt lat="40.835767" lon="-111.826086"></trkpt><trkpt lat="40.836950" lon="-111.825681"></trkpt><trkpt lat="40.837249" lon="-111.825422"></trkpt><trkpt lat="40.837322" lon="-111.825262"></trkpt><trkpt lat="40.837261" lon="-111.825010"></trkpt><trkpt lat="40.836907" lon="-111.824667"></trkpt><trkpt lat="40.836764" lon="-111.824591"></trkpt><trkpt lat="40.836202" lon="-111.823790"></trkpt><trkpt lat="40.835884" lon="-111.823568"></trkpt><trkpt lat="40.835799" lon="-111.823454"></trkpt><trkpt lat="40.835777" lon="-111.823354"></trkpt><trkpt lat="40.835797" lon="-111.823141"></trkpt><trkpt lat="40.835879" lon="-111.822927"></trkpt><trkpt lat="40.836079" lon="-111.822691"></trkpt><trkpt lat="40.836865" lon="-111.822431"></trkpt><trkpt lat="40.837150" lon="-111.822218"></trkpt><trkpt lat="40.837250" lon="-111.822096"></trkpt><trkpt lat="40.837457" lon="-111.821554"></trkpt><trkpt lat="40.837567" lon="-111.820554"></trkpt><trkpt lat="40.837641" lon="-111.820318"></trkpt><trkpt lat="40.837768" lon="-111.820142"></trkpt><trkpt lat="40.837963" lon="-111.819990"></trkpt><trkpt lat="40.838216" lon="-111.819944"></trkpt><trkpt lat="40.838351" lon="-111.819875"></trkpt><trkpt lat="40.838451" lon="-111.819746"></trkpt><trkpt lat="40.838585" lon="-111.819334"></trkpt><trkpt lat="40.838655" lon="-111.818983"></trkpt><trkpt lat="40.838728" lon="-111.818815"></trkpt><trkpt lat="40.838897" lon="-111.818571"></trkpt><trkpt lat="40.839014" lon="-111.818510"></trkpt><trkpt lat="40.839419" lon="-111.818556"></trkpt><trkpt lat="40.839433" lon="-111.818525"></trkpt><trkpt lat="40.839429" lon="-111.818426"></trkpt><trkpt lat="40.839130" lon="-111.818060"></trkpt><trkpt lat="40.838837" lon="-111.817388"></trkpt><trkpt lat="40.838848" lon="-111.817197"></trkpt><trkpt lat="40.838945" lon="-111.816824"></trkpt><trkpt lat="40.839082" lon="-111.816549"></trkpt><trkpt lat="40.839273" lon="-111.816297"></trkpt><trkpt lat="40.839337" lon="-111.816122"></trkpt><trkpt lat="40.839385" lon="-111.815732"></trkpt><trkpt lat="40.839369" lon="-111.815428"></trkpt><trkpt lat="40.839273" lon="-111.815099"></trkpt><trkpt lat="40.839104" lon="-111.814802"></trkpt></trkseg></trk><trk><name>T052 AU6D793</name><trkseg><trkpt lat="40.663096" lon="-110.873962"></trkpt><trkpt lat="40.663532" lon="-110.873344"></trkpt><trkpt lat="40.664067" lon="-110.872803"></trkpt><trkpt lat="40.664301" lon="-110.872459"></trkpt><trkpt lat="40.664678" lon="-110.871414"></trkpt><trkpt lat="40.664692" lon="-110.871147"></trkpt><trkpt lat="40.664642" lon="-110.870903"></trkpt><trkpt lat="40.664457" lon="-110.870521"></trkpt><trkpt lat="40.664402" lon="-110.870247"></trkpt><trkpt lat="40.664379" lon="-110.869774"></trkpt><trkpt lat="40.664144" lon="-110.869156"></trkpt><trkpt lat="40.664103" lon="-110.868896"></trkpt><trkpt lat="40.664117" lon="-110.868668"></trkpt><trkpt lat="40.664301" lon="-110.868194"></trkpt><trkpt lat="40.664336" lon="-110.867927"></trkpt><trkpt lat="40.664309" lon="-110.867714"></trkpt><trkpt lat="40.664165" lon="-110.867508"></trkpt><trkpt lat="40.663687" lon="-110.867225"></trkpt><trkpt lat="40.663042" lon="-110.866737"></trkpt><trkpt lat="40.663614" lon="-110.866485"></trkpt><trkpt lat="40.664298" lon="-110.866104"></trkpt><trkpt lat="40.664636" lon="-110.865989"></trkpt><trkpt lat="40.665762" lon="-110.865707"></trkpt><trkpt lat="40.666487" lon="-110.865448"></trkpt><trkpt lat="40.666847" lon="-110.865272"></trkpt><trkpt lat="40.667558" lon="-110.864853"></trkpt><trkpt lat="40.668013" lon="-110.864746"></trkpt><trkpt lat="40.668360" lon="-110.864715"></trkpt><trkpt lat="40.668734" lon="-110.864769"></trkpt><trkpt lat="40.669144" lon="-110.864891"></trkpt><trkpt lat="40.669910" lon="-110.865044"></trkpt><trkpt lat="40.670572" lon="-110.865242"></trkpt><trkpt lat="40.670820" lon="-110.865196"></trkpt><trkpt lat="40.671045" lon="-110.865028"></trkpt><trkpt lat="40.671121" lon="-110.864891"></trkpt><trkpt lat="40.671139" lon="-110.864738"></trkpt><trkpt lat="40.671049" lon="-110.864510"></trkpt><trkpt lat="40.670922" lon="-110.864395"></trkpt><trkpt lat="40.670007" lon="-110.863785"></trkpt><trkpt lat="40.669926" lon="-110.863663"></trkpt><trkpt lat="40.669858" lon="-110.863472"></trkpt><trkpt lat="40.669944" lon="-110.863319"></trkpt><trkpt lat="40.670119" lon="-110.863175"></trkpt><trkpt lat="40.670236" lon="-110.863121"></trkpt><trkpt lat="40.670542" lon="-110.863068"></trkpt><trkpt lat="40.670907" lon="-110.863083"></trkpt><trkpt lat="40.671335" lon="-110.863151"></trkpt><trkpt lat="40.671799" lon="-110.863167"></trkpt><trkpt lat="40.671934" lon="-110.863106"></trkpt><trkpt lat="40.672047" lon="-110.862907"></trkpt><trkpt lat="40.672204" lon="-110.862732"></trkpt><trkpt lat="40.672483" lon="-110.862633"></trkpt><trkpt lat="40.672704" lon="-110.862679"></trkpt><trkpt lat="40.672776" lon="-110.862648"></trkpt><trkpt lat="40.673051" lon="-110.862396"></trkpt><trkpt lat="40.673154" lon="-110.862396"></trkpt><trkpt lat="40.673474" lon="-110.862518"></trkpt><trkpt lat="40.673776" lon="-110.862724"></trkpt><trkpt lat="40.674444" lon="-110.863312"></trkpt><trkpt lat="40.674633" lon="-110.863388"></trkpt><trkpt lat="40.675516" lon="-110.863159"></trkpt><trkpt lat="40.675876" lon="-110.862907"></trkpt><trkpt lat="40.676312" lon="-110.862671"></trkpt><trkpt lat="40.676461" lon="-110.862663"></trkpt><trkpt lat="40.677263" lon="-110.862831"></trkpt><trkpt lat="40.677511" lon="-110.862831"></trkpt><trkpt lat="40.677925" lon="-110.862931"></trkpt><trkpt lat="40.678146" lon="-110.863045"></trkpt><trkpt lat="40.678453" lon="-110.863579"></trkpt><trkpt lat="40.678710" lon="-110.863747"></trkpt><trkpt lat="40.679061" lon="-110.863861"></trkpt><trkpt lat="40.679224" lon="-110.863983"></trkpt><trkpt lat="40.679445" lon="-110.864396"></trkpt><trkpt lat="40.679558" lon="-110.864777"></trkpt><trkpt lat="40.679712" lon="-110.865525"></trkpt><trkpt lat="40.679874" lon="-110.865708"></trkpt><trkpt lat="40.680001" lon="-110.865731"></trkpt><trkpt lat="40.680208" lon="-110.865547"></trkpt><trkpt lat="40.680374" lon="-110.865517"></trkpt><trkpt lat="40.680676" lon="-110.865921"></trkpt><trkpt lat="40.680780" lon="-110.866005"></trkpt><trkpt lat="40.681339" lon="-110.866242"></trkpt><trkpt lat="40.681713" lon="-110.866517"></trkpt><trkpt lat="40.682254" lon="-110.867097"></trkpt></trkseg></trk><trk><name>T053 AU6D793</name><trkseg><trkpt lat="40.985477" lon="-110.378911"></trkpt><trkpt lat="40.985516" lon="-110.378750"></trkpt><trkpt lat="40.985579" lon="-110.378652"></trkpt><trkpt lat="40.986155" lon="-110.378591"></trkpt><trkpt lat="40.986577" lon="-110.378301"></trkpt><trkpt lat="40.986926" lon="-110.377950"></trkpt><trkpt lat="40.987181" lon="-110.377492"></trkpt><trkpt lat="40.987308" lon="-110.376851"></trkpt><trkpt lat="40.987399" lon="-110.376233"></trkpt><trkpt lat="40.987392" lon="-110.375714"></trkpt><trkpt lat="40.987563" lon="-110.374959"></trkpt><trkpt lat="40.987498" lon="-110.374585"></trkpt><trkpt lat="40.987176" lon="-110.374219"></trkpt><trkpt lat="40.986693" lon="-110.373921"></trkpt><trkpt lat="40.986156" lon="-110.373738"></trkpt><trkpt lat="40.985880" lon="-110.373516"></trkpt><trkpt lat="40.985680" lon="-110.373211"></trkpt><trkpt lat="40.985520" lon="-110.372807"></trkpt><trkpt lat="40.985464" lon="-110.372387"></trkpt><trkpt lat="40.985533" lon="-110.371869"></trkpt><trkpt lat="40.985699" lon="-110.371655"></trkpt><trkpt lat="40.986130" lon="-110.371434"></trkpt><trkpt lat="40.986896" lon="-110.370785"></trkpt><trkpt lat="40.987178" lon="-110.370412"></trkpt><trkpt lat="40.987408" lon="-110.369603"></trkpt><trkpt lat="40.987418" lon="-110.368992"></trkpt><trkpt lat="40.987248" lon="-110.367588"></trkpt><trkpt lat="40.987292" lon="-110.366558"></trkpt><trkpt lat="40.987505" lon="-110.366024"></trkpt><trkpt lat="40.988133" lon="-110.364727"></trkpt><trkpt lat="40.988345" lon="-110.363904"></trkpt><trkpt lat="40.988574" lon="-110.362126"></trkpt><trkpt lat="40.988539" lon="-110.361515"></trkpt><trkpt lat="40.988217" lon="-110.361058"></trkpt><trkpt lat="40.987673" lon="-110.360500"></trkpt><trkpt lat="40.987034" lon="-110.360199"></trkpt><trkpt lat="40.986601" lon="-110.359763"></trkpt><trkpt lat="40.986394" lon="-110.359468"></trkpt><trkpt lat="40.986279" lon="-110.359240"></trkpt></trkseg></trk><trk><name>T054 AU6D793</name><trkseg><trkpt lat="40.644428" lon="-110.911446"></trkpt><trkpt lat="40.644418" lon="-110.910561"></trkpt><trkpt lat="40.644269" lon="-110.909752"></trkpt><trkpt lat="40.644210" lon="-110.909050"></trkpt><trkpt lat="40.644183" lon="-110.908890"></trkpt><trkpt lat="40.644083" lon="-110.908630"></trkpt><trkpt lat="40.644070" lon="-110.908478"></trkpt><trkpt lat="40.644110" lon="-110.908340"></trkpt><trkpt lat="40.644236" lon="-110.908287"></trkpt><trkpt lat="40.644552" lon="-110.908295"></trkpt><trkpt lat="40.644642" lon="-110.908180"></trkpt><trkpt lat="40.644578" lon="-110.907860"></trkpt><trkpt lat="40.644357" lon="-110.907303"></trkpt><trkpt lat="40.644010" lon="-110.906647"></trkpt><trkpt lat="40.643815" lon="-110.905861"></trkpt><trkpt lat="40.643716" lon="-110.905174"></trkpt><trkpt lat="40.643576" lon="-110.904518"></trkpt><trkpt lat="40.643422" lon="-110.904373"></trkpt><trkpt lat="40.643287" lon="-110.904304"></trkpt><trkpt lat="40.643179" lon="-110.904312"></trkpt><trkpt lat="40.643008" lon="-110.904396"></trkpt><trkpt lat="40.642756" lon="-110.904709"></trkpt><trkpt lat="40.642630" lon="-110.904800"></trkpt><trkpt lat="40.642549" lon="-110.904846"></trkpt><trkpt lat="40.642423" lon="-110.904846"></trkpt><trkpt lat="40.642269" lon="-110.904731"></trkpt><trkpt lat="40.641845" lon="-110.903900"></trkpt><trkpt lat="40.641633" lon="-110.903618"></trkpt><trkpt lat="40.641656" lon="-110.903312"></trkpt><trkpt lat="40.641719" lon="-110.903144"></trkpt><trkpt lat="40.641758" lon="-110.902481"></trkpt><trkpt lat="40.641826" lon="-110.902267"></trkpt><trkpt lat="40.642042" lon="-110.902084"></trkpt><trkpt lat="40.641951" lon="-110.901657"></trkpt><trkpt lat="40.641658" lon="-110.901291"></trkpt><trkpt lat="40.641636" lon="-110.901191"></trkpt><trkpt lat="40.641654" lon="-110.901115"></trkpt><trkpt lat="40.641753" lon="-110.901016"></trkpt><trkpt lat="40.642302" lon="-110.900688"></trkpt><trkpt lat="40.642491" lon="-110.900680"></trkpt><trkpt lat="40.643095" lon="-110.901298"></trkpt><trkpt lat="40.643758" lon="-110.901672"></trkpt><trkpt lat="40.644249" lon="-110.901756"></trkpt><trkpt lat="40.644762" lon="-110.901611"></trkpt><trkpt lat="40.644852" lon="-110.901741"></trkpt><trkpt lat="40.645006" lon="-110.902145"></trkpt><trkpt lat="40.645078" lon="-110.902168"></trkpt><trkpt lat="40.645128" lon="-110.902054"></trkpt><trkpt lat="40.645159" lon="-110.901840"></trkpt><trkpt lat="40.645213" lon="-110.901756"></trkpt><trkpt lat="40.645357" lon="-110.901672"></trkpt><trkpt lat="40.646059" lon="-110.901436"></trkpt><trkpt lat="40.646654" lon="-110.901573"></trkpt><trkpt lat="40.647289" lon="-110.901527"></trkpt><trkpt lat="40.647528" lon="-110.901573"></trkpt><trkpt lat="40.647943" lon="-110.901894"></trkpt><trkpt lat="40.648222" lon="-110.901978"></trkpt><trkpt lat="40.648321" lon="-110.902084"></trkpt><trkpt lat="40.648362" lon="-110.902199"></trkpt><trkpt lat="40.648421" lon="-110.902496"></trkpt><trkpt lat="40.648421" lon="-110.902840"></trkpt><trkpt lat="40.648538" lon="-110.903015"></trkpt><trkpt lat="40.648543" lon="-110.903069"></trkpt><trkpt lat="40.648205" lon="-110.903458"></trkpt><trkpt lat="40.647985" lon="-110.903511"></trkpt><trkpt lat="40.647665" lon="-110.903656"></trkpt><trkpt lat="40.647336" lon="-110.903671"></trkpt><trkpt lat="40.646467" lon="-110.903480"></trkpt><trkpt lat="40.646313" lon="-110.903564"></trkpt><trkpt lat="40.646237" lon="-110.903755"></trkpt><trkpt lat="40.646206" lon="-110.904373"></trkpt><trkpt lat="40.646152" lon="-110.904709"></trkpt><trkpt lat="40.646008" lon="-110.904938"></trkpt><trkpt lat="40.645675" lon="-110.905258"></trkpt><trkpt lat="40.645234" lon="-110.905586"></trkpt><trkpt lat="40.644838" lon="-110.905967"></trkpt><trkpt lat="40.644451" lon="-110.906395"></trkpt><trkpt lat="40.644124" lon="-110.906814"></trkpt></trkseg></trk><trk><name>T055 AU6D793</name><trkseg><trkpt lat="40.634082" lon="-110.933335"></trkpt><trkpt lat="40.634172" lon="-110.932854"></trkpt><trkpt lat="40.634280" lon="-110.932663"></trkpt><trkpt lat="40.634334" lon="-110.932655"></trkpt><trkpt lat="40.634524" lon="-110.932755"></trkpt><trkpt lat="40.634632" lon="-110.932854"></trkpt><trkpt lat="40.634938" lon="-110.932953"></trkpt><trkpt lat="40.635330" lon="-110.933006"></trkpt><trkpt lat="40.635380" lon="-110.932968"></trkpt><trkpt lat="40.635510" lon="-110.932633"></trkpt><trkpt lat="40.635789" lon="-110.932304"></trkpt><trkpt lat="40.636014" lon="-110.931961"></trkpt><trkpt lat="40.636109" lon="-110.931740"></trkpt><trkpt lat="40.636257" lon="-110.931160"></trkpt><trkpt lat="40.636360" lon="-110.930931"></trkpt><trkpt lat="40.636477" lon="-110.930741"></trkpt><trkpt lat="40.636783" lon="-110.930390"></trkpt><trkpt lat="40.637125" lon="-110.929680"></trkpt><trkpt lat="40.637188" lon="-110.929603"></trkpt><trkpt lat="40.637337" lon="-110.929535"></trkpt><trkpt lat="40.637440" lon="-110.929390"></trkpt><trkpt lat="40.637517" lon="-110.929184"></trkpt><trkpt lat="40.637733" lon="-110.928787"></trkpt><trkpt lat="40.637980" lon="-110.928551"></trkpt><trkpt lat="40.638188" lon="-110.928414"></trkpt><trkpt lat="40.638318" lon="-110.928231"></trkpt><trkpt lat="40.638386" lon="-110.928032"></trkpt><trkpt lat="40.638593" lon="-110.927750"></trkpt><trkpt lat="40.638907" lon="-110.926704"></trkpt><trkpt lat="40.639092" lon="-110.926392"></trkpt><trkpt lat="40.639204" lon="-110.926331"></trkpt><trkpt lat="40.639470" lon="-110.926292"></trkpt><trkpt lat="40.639722" lon="-110.926308"></trkpt><trkpt lat="40.639939" lon="-110.926254"></trkpt><trkpt lat="40.640087" lon="-110.926186"></trkpt><trkpt lat="40.640240" lon="-110.926064"></trkpt><trkpt lat="40.640492" lon="-110.925949"></trkpt><trkpt lat="40.640695" lon="-110.925903"></trkpt><trkpt lat="40.640767" lon="-110.925819"></trkpt><trkpt lat="40.640920" lon="-110.925293"></trkpt><trkpt lat="40.641608" lon="-110.923821"></trkpt><trkpt lat="40.641869" lon="-110.922882"></trkpt><trkpt lat="40.642040" lon="-110.922493"></trkpt><trkpt lat="40.642057" lon="-110.922165"></trkpt><trkpt lat="40.642026" lon="-110.921982"></trkpt><trkpt lat="40.641859" lon="-110.921524"></trkpt><trkpt lat="40.641741" lon="-110.920677"></trkpt><trkpt lat="40.641768" lon="-110.920250"></trkpt><trkpt lat="40.641938" lon="-110.919556"></trkpt><trkpt lat="40.641839" lon="-110.918922"></trkpt><trkpt lat="40.641704" lon="-110.918686"></trkpt><trkpt lat="40.641595" lon="-110.918381"></trkpt><trkpt lat="40.641604" lon="-110.917931"></trkpt><trkpt lat="40.641671" lon="-110.917725"></trkpt><trkpt lat="40.641995" lon="-110.917389"></trkpt><trkpt lat="40.642095" lon="-110.917335"></trkpt><trkpt lat="40.642212" lon="-110.917351"></trkpt><trkpt lat="40.642568" lon="-110.917305"></trkpt><trkpt lat="40.643108" lon="-110.917053"></trkpt><trkpt lat="40.643220" lon="-110.916954"></trkpt><trkpt lat="40.643337" lon="-110.916778"></trkpt><trkpt lat="40.643531" lon="-110.916313"></trkpt><trkpt lat="40.643796" lon="-110.915871"></trkpt><trkpt lat="40.644012" lon="-110.915688"></trkpt><trkpt lat="40.644089" lon="-110.915581"></trkpt><trkpt lat="40.644071" lon="-110.915390"></trkpt><trkpt lat="40.643850" lon="-110.915092"></trkpt><trkpt lat="40.643791" lon="-110.914948"></trkpt><trkpt lat="40.643719" lon="-110.914589"></trkpt><trkpt lat="40.643709" lon="-110.914238"></trkpt><trkpt lat="40.643610" lon="-110.913551"></trkpt><trkpt lat="40.643718" lon="-110.913269"></trkpt><trkpt lat="40.643848" lon="-110.913147"></trkpt><trkpt lat="40.644330" lon="-110.912872"></trkpt><trkpt lat="40.644447" lon="-110.912651"></trkpt><trkpt lat="40.644465" lon="-110.912437"></trkpt><trkpt lat="40.644438" lon="-110.912132"></trkpt><trkpt lat="40.644514" lon="-110.911789"></trkpt><trkpt lat="40.644509" lon="-110.911644"></trkpt><trkpt lat="40.644428" lon="-110.911446"></trkpt><trkpt lat="40.644212" lon="-110.911255"></trkpt><trkpt lat="40.643977" lon="-110.910973"></trkpt><trkpt lat="40.643761" lon="-110.910904"></trkpt><trkpt lat="40.643468" lon="-110.910606"></trkpt><trkpt lat="40.643310" lon="-110.910378"></trkpt><trkpt lat="40.643075" lon="-110.909882"></trkpt><trkpt lat="40.643070" lon="-110.909042"></trkpt><trkpt lat="40.642966" lon="-110.908844"></trkpt><trkpt lat="40.642263" lon="-110.908241"></trkpt><trkpt lat="40.642132" lon="-110.908043"></trkpt><trkpt lat="40.641763" lon="-110.907738"></trkpt><trkpt lat="40.641555" lon="-110.907486"></trkpt><trkpt lat="40.641299" lon="-110.907448"></trkpt><trkpt lat="40.641154" lon="-110.907333"></trkpt><trkpt lat="40.640943" lon="-110.907272"></trkpt><trkpt lat="40.640758" lon="-110.907135"></trkpt><trkpt lat="40.640447" lon="-110.907028"></trkpt><trkpt lat="40.640352" lon="-110.907036"></trkpt><trkpt lat="40.640154" lon="-110.906906"></trkpt><trkpt lat="40.639829" lon="-110.906479"></trkpt><trkpt lat="40.639577" lon="-110.906280"></trkpt><trkpt lat="40.639356" lon="-110.906013"></trkpt><trkpt lat="40.639180" lon="-110.905616"></trkpt><trkpt lat="40.639031" lon="-110.905433"></trkpt><trkpt lat="40.638819" lon="-110.905022"></trkpt><trkpt lat="40.638679" lon="-110.904907"></trkpt><trkpt lat="40.638603" lon="-110.904945"></trkpt><trkpt lat="40.638427" lon="-110.905120"></trkpt><trkpt lat="40.638594" lon="-110.905586"></trkpt><trkpt lat="40.638613" lon="-110.905815"></trkpt><trkpt lat="40.638572" lon="-110.905914"></trkpt><trkpt lat="40.638415" lon="-110.905990"></trkpt><trkpt lat="40.638284" lon="-110.905944"></trkpt><trkpt lat="40.638212" lon="-110.905632"></trkpt><trkpt lat="40.637946" lon="-110.905433"></trkpt><trkpt lat="40.637522" lon="-110.904968"></trkpt></trkseg></trk><trk><name>T056 AU6D793</name><trkseg><trkpt lat="40.483502" lon="-111.642945"></trkpt><trkpt lat="40.483977" lon="-111.641894"></trkpt><trkpt lat="40.484053" lon="-111.641159"></trkpt><trkpt lat="40.484255" lon="-111.640462"></trkpt><trkpt lat="40.484347" lon="-111.640013"></trkpt><trkpt lat="40.485093" lon="-111.638705"></trkpt><trkpt lat="40.485256" lon="-111.638601"></trkpt><trkpt lat="40.485680" lon="-111.638447"></trkpt><trkpt lat="40.486262" lon="-111.638349"></trkpt><trkpt lat="40.486533" lon="-111.638187"></trkpt><trkpt lat="40.486728" lon="-111.638020"></trkpt><trkpt lat="40.487875" lon="-111.636584"></trkpt><trkpt lat="40.488264" lon="-111.636301"></trkpt><trkpt lat="40.488453" lon="-111.636303"></trkpt><trkpt lat="40.488710" lon="-111.636385"></trkpt><trkpt lat="40.489484" lon="-111.636485"></trkpt><trkpt lat="40.489695" lon="-111.636556"></trkpt><trkpt lat="40.489835" lon="-111.636562"></trkpt><trkpt lat="40.490042" lon="-111.636543"></trkpt><trkpt lat="40.490268" lon="-111.636455"></trkpt><trkpt lat="40.490851" lon="-111.636059"></trkpt><trkpt lat="40.491243" lon="-111.636052"></trkpt><trkpt lat="40.491942" lon="-111.635942"></trkpt><trkpt lat="40.492095" lon="-111.635954"></trkpt><trkpt lat="40.492230" lon="-111.636024"></trkpt><trkpt lat="40.492543" lon="-111.636408"></trkpt><trkpt lat="40.492954" lon="-111.637060"></trkpt><trkpt lat="40.493151" lon="-111.637242"></trkpt><trkpt lat="40.493380" lon="-111.637397"></trkpt><trkpt lat="40.493752" lon="-111.637798"></trkpt><trkpt lat="40.493976" lon="-111.637919"></trkpt><trkpt lat="40.494534" lon="-111.638041"></trkpt><trkpt lat="40.494988" lon="-111.638230"></trkpt><trkpt lat="40.495365" lon="-111.638454"></trkpt><trkpt lat="40.495460" lon="-111.638465"></trkpt><trkpt lat="40.495654" lon="-111.638414"></trkpt><trkpt lat="40.495907" lon="-111.638258"></trkpt><trkpt lat="40.496486" lon="-111.637782"></trkpt><trkpt lat="40.496581" lon="-111.637613"></trkpt><trkpt lat="40.496614" lon="-111.637412"></trkpt><trkpt lat="40.496618" lon="-111.636740"></trkpt><trkpt lat="40.496650" lon="-111.636640"></trkpt><trkpt lat="40.497135" lon="-111.636044"></trkpt><trkpt lat="40.497474" lon="-111.635814"></trkpt><trkpt lat="40.497853" lon="-111.635802"></trkpt><trkpt lat="40.498464" lon="-111.636027"></trkpt><trkpt lat="40.498815" lon="-111.636052"></trkpt><trkpt lat="40.499912" lon="-111.636414"></trkpt><trkpt lat="40.500276" lon="-111.636550"></trkpt><trkpt lat="40.500496" lon="-111.636674"></trkpt><trkpt lat="40.501126" lon="-111.636804"></trkpt><trkpt lat="40.501694" lon="-111.636857"></trkpt><trkpt lat="40.502089" lon="-111.637062"></trkpt><trkpt lat="40.502219" lon="-111.637095"></trkpt><trkpt lat="40.502458" lon="-111.637044"></trkpt><trkpt lat="40.502698" lon="-111.636935"></trkpt><trkpt lat="40.503081" lon="-111.636881"></trkpt><trkpt lat="40.503271" lon="-111.636771"></trkpt><trkpt lat="40.503601" lon="-111.636515"></trkpt><trkpt lat="40.504534" lon="-111.635651"></trkpt><trkpt lat="40.505587" lon="-111.634946"></trkpt><trkpt lat="40.506048" lon="-111.634564"></trkpt><trkpt lat="40.506352" lon="-111.634238"></trkpt><trkpt lat="40.506539" lon="-111.633917"></trkpt><trkpt lat="40.506782" lon="-111.633110"></trkpt><trkpt lat="40.506848" lon="-111.632533"></trkpt><trkpt lat="40.506989" lon="-111.632212"></trkpt><trkpt lat="40.507110" lon="-111.631543"></trkpt><trkpt lat="40.507197" lon="-111.631322"></trkpt><trkpt lat="40.507319" lon="-111.631175"></trkpt><trkpt lat="40.507545" lon="-111.631045"></trkpt><trkpt lat="40.507939" lon="-111.630662"></trkpt><trkpt lat="40.508234" lon="-111.630268"></trkpt><trkpt lat="40.508569" lon="-111.630022"></trkpt><trkpt lat="40.508673" lon="-111.629909"></trkpt><trkpt lat="40.508801" lon="-111.629625"></trkpt><trkpt lat="40.508875" lon="-111.629165"></trkpt><trkpt lat="40.508980" lon="-111.628959"></trkpt><trkpt lat="40.509476" lon="-111.628781"></trkpt><trkpt lat="40.509585" lon="-111.628687"></trkpt><trkpt lat="40.509754" lon="-111.628313"></trkpt><trkpt lat="40.509824" lon="-111.627832"></trkpt><trkpt lat="40.509825" lon="-111.627578"></trkpt><trkpt lat="40.509876" lon="-111.627435"></trkpt><trkpt lat="40.509939" lon="-111.627393"></trkpt><trkpt lat="40.510033" lon="-111.627410"></trkpt><trkpt lat="40.510249" lon="-111.627539"></trkpt><trkpt lat="40.510578" lon="-111.627468"></trkpt><trkpt lat="40.510745" lon="-111.627369"></trkpt><trkpt lat="40.510940" lon="-111.627173"></trkpt><trkpt lat="40.511167" lon="-111.626868"></trkpt><trkpt lat="40.511597" lon="-111.626554"></trkpt><trkpt lat="40.512100" lon="-111.626021"></trkpt><trkpt lat="40.512343" lon="-111.625929"></trkpt><trkpt lat="40.512470" lon="-111.625840"></trkpt><trkpt lat="40.512787" lon="-111.625424"></trkpt><trkpt lat="40.512837" lon="-111.625399"></trkpt><trkpt lat="40.512922" lon="-111.625457"></trkpt><trkpt lat="40.512922" lon="-111.625621"></trkpt><trkpt lat="40.512454" lon="-111.626226"></trkpt><trkpt lat="40.512240" lon="-111.626774"></trkpt><trkpt lat="40.512229" lon="-111.627108"></trkpt><trkpt lat="40.512354" lon="-111.627252"></trkpt><trkpt lat="40.512426" lon="-111.627221"></trkpt><trkpt lat="40.512378" lon="-111.627024"></trkpt><trkpt lat="40.512415" lon="-111.626780"></trkpt><trkpt lat="40.512625" lon="-111.626381"></trkpt><trkpt lat="40.513010" lon="-111.625987"></trkpt><trkpt lat="40.513435" lon="-111.625690"></trkpt><trkpt lat="40.513634" lon="-111.625496"></trkpt><trkpt lat="40.513909" lon="-111.625430"></trkpt><trkpt lat="40.513950" lon="-111.625377"></trkpt><trkpt lat="40.513960" lon="-111.625218"></trkpt><trkpt lat="40.513912" lon="-111.624895"></trkpt><trkpt lat="40.513935" lon="-111.624763"></trkpt><trkpt lat="40.514159" lon="-111.624161"></trkpt><trkpt lat="40.514325" lon="-111.623543"></trkpt><trkpt lat="40.514585" lon="-111.622831"></trkpt><trkpt lat="40.514857" lon="-111.622458"></trkpt><trkpt lat="40.515138" lon="-111.622206"></trkpt><trkpt lat="40.515274" lon="-111.622028"></trkpt><trkpt lat="40.515726" lon="-111.621767"></trkpt><trkpt lat="40.515826" lon="-111.621609"></trkpt><trkpt lat="40.515837" lon="-111.621281"></trkpt><trkpt lat="40.515681" lon="-111.620999"></trkpt><trkpt lat="40.515686" lon="-111.620867"></trkpt><trkpt lat="40.515732" lon="-111.620756"></trkpt><trkpt lat="40.516004" lon="-111.620393"></trkpt><trkpt lat="40.516479" lon="-111.620008"></trkpt><trkpt lat="40.516633" lon="-111.619846"></trkpt><trkpt lat="40.516873" lon="-111.619509"></trkpt><trkpt lat="40.517467" lon="-111.618922"></trkpt><trkpt lat="40.517762" lon="-111.618517"></trkpt><trkpt lat="40.518048" lon="-111.617990"></trkpt><trkpt lat="40.518501" lon="-111.617491"></trkpt><trkpt lat="40.518741" lon="-111.617335"></trkpt><trkpt lat="40.519770" lon="-111.616902"></trkpt><trkpt lat="40.520087" lon="-111.616619"></trkpt><trkpt lat="40.520392" lon="-111.615971"></trkpt><trkpt lat="40.520484" lon="-111.615686"></trkpt><trkpt lat="40.520842" lon="-111.615270"></trkpt><trkpt lat="40.520933" lon="-111.614996"></trkpt><trkpt lat="40.521038" lon="-111.614833"></trkpt><trkpt lat="40.521292" lon="-111.614541"></trkpt><trkpt lat="40.521609" lon="-111.614253"></trkpt><trkpt lat="40.521727" lon="-111.613984"></trkpt><trkpt lat="40.522032" lon="-111.612616"></trkpt><trkpt lat="40.522109" lon="-111.612473"></trkpt><trkpt lat="40.522358" lon="-111.612195"></trkpt><trkpt lat="40.522508" lon="-111.611882"></trkpt><trkpt lat="40.522604" lon="-111.611771"></trkpt><trkpt lat="40.522632" lon="-111.611602"></trkpt><trkpt lat="40.522942" lon="-111.610795"></trkpt><trkpt lat="40.523202" lon="-111.610252"></trkpt><trkpt lat="40.523837" lon="-111.609453"></trkpt><trkpt lat="40.523914" lon="-111.609311"></trkpt><trkpt lat="40.523925" lon="-111.608967"></trkpt><trkpt lat="40.523810" lon="-111.608600"></trkpt><trkpt lat="40.523842" lon="-111.608421"></trkpt><trkpt lat="40.523996" lon="-111.608215"></trkpt><trkpt lat="40.524205" lon="-111.608019"></trkpt><trkpt lat="40.524386" lon="-111.607766"></trkpt><trkpt lat="40.524725" lon="-111.607465"></trkpt><trkpt lat="40.524875" lon="-111.607265"></trkpt><trkpt lat="40.525175" lon="-111.606696"></trkpt><trkpt lat="40.525370" lon="-111.606465"></trkpt><trkpt lat="40.525556" lon="-111.606286"></trkpt><trkpt lat="40.526193" lon="-111.605847"></trkpt><trkpt lat="40.526275" lon="-111.605753"></trkpt><trkpt lat="40.526641" lon="-111.604742"></trkpt><trkpt lat="40.526854" lon="-111.604400"></trkpt><trkpt lat="40.527219" lon="-111.603549"></trkpt><trkpt lat="40.527323" lon="-111.603416"></trkpt><trkpt lat="40.527674" lon="-111.602736"></trkpt><trkpt lat="40.527747" lon="-111.602557"></trkpt><trkpt lat="40.527775" lon="-111.602361"></trkpt><trkpt lat="40.527526" lon="-111.601581"></trkpt><trkpt lat="40.527388" lon="-111.601305"></trkpt><trkpt lat="40.527300" lon="-111.600997"></trkpt><trkpt lat="40.527292" lon="-111.600816"></trkpt><trkpt lat="40.527344" lon="-111.600388"></trkpt><trkpt lat="40.527380" lon="-111.600214"></trkpt><trkpt lat="40.527535" lon="-111.599924"></trkpt><trkpt lat="40.528043" lon="-111.599276"></trkpt><trkpt lat="40.528407" lon="-111.598575"></trkpt><trkpt lat="40.528606" lon="-111.598363"></trkpt><trkpt lat="40.528945" lon="-111.598187"></trkpt><trkpt lat="40.529045" lon="-111.598072"></trkpt><trkpt lat="40.529449" lon="-111.597436"></trkpt><trkpt lat="40.530637" lon="-111.595873"></trkpt><trkpt lat="40.531004" lon="-111.595419"></trkpt><trkpt lat="40.531276" lon="-111.595191"></trkpt><trkpt lat="40.531922" lon="-111.594702"></trkpt><trkpt lat="40.532225" lon="-111.594534"></trkpt><trkpt lat="40.532586" lon="-111.594387"></trkpt><trkpt lat="40.533172" lon="-111.594248"></trkpt><trkpt lat="40.533538" lon="-111.594126"></trkpt><trkpt lat="40.534102" lon="-111.593862"></trkpt><trkpt lat="40.534500" lon="-111.593587"></trkpt><trkpt lat="40.534546" lon="-111.593369"></trkpt><trkpt lat="40.534439" lon="-111.593229"></trkpt><trkpt lat="40.534295" lon="-111.593158"></trkpt><trkpt lat="40.533796" lon="-111.593095"></trkpt><trkpt lat="40.533319" lon="-111.592971"></trkpt><trkpt lat="40.532870" lon="-111.592700"></trkpt><trkpt lat="40.532676" lon="-111.592639"></trkpt><trkpt lat="40.531938" lon="-111.592547"></trkpt><trkpt lat="40.531817" lon="-111.592399"></trkpt><trkpt lat="40.531476" lon="-111.592241"></trkpt><trkpt lat="40.531138" lon="-111.592147"></trkpt><trkpt lat="40.530494" lon="-111.592093"></trkpt><trkpt lat="40.530135" lon="-111.591898"></trkpt><trkpt lat="40.529631" lon="-111.591728"></trkpt><trkpt lat="40.529461" lon="-111.591577"></trkpt><trkpt lat="40.529458" lon="-111.591374"></trkpt><trkpt lat="40.529544" lon="-111.591268"></trkpt><trkpt lat="40.530309" lon="-111.591304"></trkpt><trkpt lat="40.530998" lon="-111.591294"></trkpt><trkpt lat="40.531494" lon="-111.591208"></trkpt><trkpt lat="40.531553" lon="-111.591170"></trkpt><trkpt lat="40.531608" lon="-111.591075"></trkpt><trkpt lat="40.531581" lon="-111.591005"></trkpt><trkpt lat="40.531455" lon="-111.590961"></trkpt><trkpt lat="40.531058" lon="-111.591033"></trkpt><trkpt lat="40.530815" lon="-111.590982"></trkpt><trkpt lat="40.530694" lon="-111.590912"></trkpt><trkpt lat="40.530443" lon="-111.590632"></trkpt><trkpt lat="40.530310" lon="-111.590364"></trkpt><trkpt lat="40.530198" lon="-111.590218"></trkpt><trkpt lat="40.530041" lon="-111.590094"></trkpt><trkpt lat="40.529708" lon="-111.590016"></trkpt><trkpt lat="40.529654" lon="-111.589979"></trkpt><trkpt lat="40.529655" lon="-111.589818"></trkpt><trkpt lat="40.529714" lon="-111.589733"></trkpt><trkpt lat="40.529867" lon="-111.589681"></trkpt><trkpt lat="40.530448" lon="-111.589638"></trkpt><trkpt lat="40.530583" lon="-111.589677"></trkpt><trkpt lat="40.530992" lon="-111.589942"></trkpt><trkpt lat="40.531473" lon="-111.590176"></trkpt><trkpt lat="40.531540" lon="-111.590155"></trkpt><trkpt lat="40.531572" lon="-111.590108"></trkpt><trkpt lat="40.531613" lon="-111.589953"></trkpt><trkpt lat="40.531578" lon="-111.589808"></trkpt><trkpt lat="40.531506" lon="-111.589749"></trkpt><trkpt lat="40.531331" lon="-111.589731"></trkpt><trkpt lat="40.531138" lon="-111.589644"></trkpt><trkpt lat="40.530694" lon="-111.589125"></trkpt><trkpt lat="40.530223" lon="-111.588736"></trkpt><trkpt lat="40.529674" lon="-111.588605"></trkpt><trkpt lat="40.529517" lon="-111.588540"></trkpt><trkpt lat="40.529427" lon="-111.588448"></trkpt><trkpt lat="40.529106" lon="-111.587783"></trkpt><trkpt lat="40.528684" lon="-111.586625"></trkpt><trkpt lat="40.528417" lon="-111.586056"></trkpt><trkpt lat="40.528360" lon="-111.585695"></trkpt><trkpt lat="40.528407" lon="-111.585327"></trkpt><trkpt lat="40.528584" lon="-111.585104"></trkpt><trkpt lat="40.528648" lon="-111.584955"></trkpt><trkpt lat="40.528438" lon="-111.584579"></trkpt><trkpt lat="40.528467" lon="-111.584275"></trkpt><trkpt lat="40.528289" lon="-111.583723"></trkpt><trkpt lat="40.528124" lon="-111.583423"></trkpt><trkpt lat="40.528081" lon="-111.583128"></trkpt><trkpt lat="40.527844" lon="-111.582677"></trkpt><trkpt lat="40.527579" lon="-111.581615"></trkpt><trkpt lat="40.527587" lon="-111.580904"></trkpt><trkpt lat="40.527504" lon="-111.580508"></trkpt><trkpt lat="40.527237" lon="-111.579859"></trkpt><trkpt lat="40.527215" lon="-111.579704"></trkpt><trkpt lat="40.527202" lon="-111.579570"></trkpt><trkpt lat="40.527320" lon="-111.578415"></trkpt><trkpt lat="40.527464" lon="-111.577604"></trkpt><trkpt lat="40.527479" lon="-111.577267"></trkpt><trkpt lat="40.527358" lon="-111.577165"></trkpt><trkpt lat="40.526909" lon="-111.576947"></trkpt><trkpt lat="40.526842" lon="-111.576856"></trkpt><trkpt lat="40.526779" lon="-111.576743"></trkpt><trkpt lat="40.526349" lon="-111.575422"></trkpt><trkpt lat="40.526175" lon="-111.575069"></trkpt><trkpt lat="40.525413" lon="-111.574223"></trkpt><trkpt lat="40.524695" lon="-111.573813"></trkpt><trkpt lat="40.524564" lon="-111.573780"></trkpt><trkpt lat="40.524208" lon="-111.573777"></trkpt><trkpt lat="40.524087" lon="-111.573840"></trkpt><trkpt lat="40.524014" lon="-111.573957"></trkpt><trkpt lat="40.523968" lon="-111.574128"></trkpt><trkpt lat="40.523911" lon="-111.574629"></trkpt><trkpt lat="40.523820" lon="-111.574837"></trkpt><trkpt lat="40.523490" lon="-111.575176"></trkpt><trkpt lat="40.523336" lon="-111.575228"></trkpt><trkpt lat="40.523206" lon="-111.575211"></trkpt><trkpt lat="40.523143" lon="-111.575147"></trkpt><trkpt lat="40.523121" lon="-111.575045"></trkpt><trkpt lat="40.523216" lon="-111.574148"></trkpt><trkpt lat="40.523201" lon="-111.573421"></trkpt><trkpt lat="40.523253" lon="-111.573005"></trkpt><trkpt lat="40.523390" lon="-111.572579"></trkpt><trkpt lat="40.523613" lon="-111.572234"></trkpt><trkpt lat="40.523730" lon="-111.572114"></trkpt><trkpt lat="40.523830" lon="-111.572072"></trkpt><trkpt lat="40.524172" lon="-111.571974"></trkpt><trkpt lat="40.525123" lon="-111.571974"></trkpt><trkpt lat="40.525316" lon="-111.572013"></trkpt><trkpt lat="40.526207" lon="-111.572336"></trkpt><trkpt lat="40.526647" lon="-111.572460"></trkpt><trkpt lat="40.527062" lon="-111.572511"></trkpt><trkpt lat="40.527359" lon="-111.572487"></trkpt><trkpt lat="40.527662" lon="-111.572329"></trkpt><trkpt lat="40.528168" lon="-111.571973"></trkpt><trkpt lat="40.528344" lon="-111.571900"></trkpt><trkpt lat="40.529300" lon="-111.571665"></trkpt><trkpt lat="40.529435" lon="-111.571655"></trkpt><trkpt lat="40.529972" lon="-111.571457"></trkpt><trkpt lat="40.530351" lon="-111.571423"></trkpt><trkpt lat="40.531045" lon="-111.571247"></trkpt><trkpt lat="40.531592" lon="-111.570835"></trkpt><trkpt lat="40.531976" lon="-111.570639"></trkpt><trkpt lat="40.532293" lon="-111.570330"></trkpt><trkpt lat="40.532614" lon="-111.570088"></trkpt><trkpt lat="40.532709" lon="-111.570033"></trkpt><trkpt lat="40.533142" lon="-111.569944"></trkpt><trkpt lat="40.533232" lon="-111.569875"></trkpt><trkpt lat="40.533318" lon="-111.569796"></trkpt><trkpt lat="40.533704" lon="-111.569160"></trkpt><trkpt lat="40.533822" lon="-111.569010"></trkpt><trkpt lat="40.534003" lon="-111.568889"></trkpt><trkpt lat="40.534093" lon="-111.568867"></trkpt><trkpt lat="40.534183" lon="-111.568886"></trkpt><trkpt lat="40.535063" lon="-111.569382"></trkpt><trkpt lat="40.535149" lon="-111.569383"></trkpt><trkpt lat="40.535311" lon="-111.569328"></trkpt><trkpt lat="40.535560" lon="-111.569062"></trkpt><trkpt lat="40.535719" lon="-111.568838"></trkpt><trkpt lat="40.535852" lon="-111.568392"></trkpt><trkpt lat="40.536215" lon="-111.567893"></trkpt><trkpt lat="40.536342" lon="-111.567632"></trkpt><trkpt lat="40.536411" lon="-111.567394"></trkpt><trkpt lat="40.536416" lon="-111.567257"></trkpt><trkpt lat="40.536359" lon="-111.566993"></trkpt><trkpt lat="40.536141" lon="-111.566517"></trkpt><trkpt lat="40.535765" lon="-111.565897"></trkpt><trkpt lat="40.535560" lon="-111.565482"></trkpt><trkpt lat="40.535453" lon="-111.565241"></trkpt><trkpt lat="40.535396" lon="-111.564968"></trkpt><trkpt lat="40.535477" lon="-111.564097"></trkpt><trkpt lat="40.535452" lon="-111.562606"></trkpt><trkpt lat="40.535472" lon="-111.562385"></trkpt><trkpt lat="40.535609" lon="-111.561970"></trkpt><trkpt lat="40.535690" lon="-111.561839"></trkpt><trkpt lat="40.535885" lon="-111.561710"></trkpt><trkpt lat="40.536026" lon="-111.561461"></trkpt><trkpt lat="40.536379" lon="-111.560091"></trkpt><trkpt lat="40.536457" lon="-111.559918"></trkpt><trkpt lat="40.536520" lon="-111.559871"></trkpt><trkpt lat="40.536592" lon="-111.559872"></trkpt><trkpt lat="40.536915" lon="-111.560088"></trkpt><trkpt lat="40.537333" lon="-111.560256"></trkpt><trkpt lat="40.537871" lon="-111.560802"></trkpt><trkpt lat="40.538361" lon="-111.561053"></trkpt><trkpt lat="40.538810" lon="-111.561400"></trkpt><trkpt lat="40.539134" lon="-111.561450"></trkpt><trkpt lat="40.539237" lon="-111.561418"></trkpt><trkpt lat="40.539301" lon="-111.561390"></trkpt><trkpt lat="40.539383" lon="-111.561212"></trkpt><trkpt lat="40.539371" lon="-111.560873"></trkpt><trkpt lat="40.539309" lon="-111.560576"></trkpt><trkpt lat="40.539055" lon="-111.559937"></trkpt><trkpt lat="40.538720" lon="-111.559356"></trkpt><trkpt lat="40.538614" lon="-111.559106"></trkpt><trkpt lat="40.538530" lon="-111.558776"></trkpt><trkpt lat="40.537992" lon="-111.557241"></trkpt><trkpt lat="40.537522" lon="-111.555587"></trkpt><trkpt lat="40.537483" lon="-111.555304"></trkpt><trkpt lat="40.537570" lon="-111.555032"></trkpt><trkpt lat="40.538172" lon="-111.554384"></trkpt><trkpt lat="40.538413" lon="-111.554057"></trkpt><trkpt lat="40.538653" lon="-111.553795"></trkpt><trkpt lat="40.538996" lon="-111.553530"></trkpt><trkpt lat="40.539800" lon="-111.553113"></trkpt><trkpt lat="40.539850" lon="-111.553065"></trkpt><trkpt lat="40.539818" lon="-111.553044"></trkpt><trkpt lat="40.539900" lon="-111.553024"></trkpt><trkpt lat="40.539954" lon="-111.552959"></trkpt><trkpt lat="40.539955" lon="-111.552771"></trkpt><trkpt lat="40.539848" lon="-111.552583"></trkpt><trkpt lat="40.539701" lon="-111.552188"></trkpt><trkpt lat="40.539506" lon="-111.551447"></trkpt><trkpt lat="40.539419" lon="-111.549019"></trkpt><trkpt lat="40.539350" lon="-111.548354"></trkpt><trkpt lat="40.539464" lon="-111.548074"></trkpt><trkpt lat="40.539577" lon="-111.547990"></trkpt><trkpt lat="40.539752" lon="-111.547991"></trkpt><trkpt lat="40.540265" lon="-111.548221"></trkpt><trkpt lat="40.540417" lon="-111.548391"></trkpt><trkpt lat="40.540609" lon="-111.548729"></trkpt><trkpt lat="40.541133" lon="-111.549333"></trkpt><trkpt lat="40.541241" lon="-111.549503"></trkpt><trkpt lat="40.541387" lon="-111.549916"></trkpt><trkpt lat="40.541495" lon="-111.550095"></trkpt><trkpt lat="40.541580" lon="-111.550190"></trkpt><trkpt lat="40.541872" lon="-111.550333"></trkpt><trkpt lat="40.542123" lon="-111.550531"></trkpt><trkpt lat="40.542248" lon="-111.550832"></trkpt><trkpt lat="40.542490" lon="-111.551153"></trkpt><trkpt lat="40.542876" lon="-111.551315"></trkpt><trkpt lat="40.543159" lon="-111.551570"></trkpt><trkpt lat="40.543302" lon="-111.551750"></trkpt><trkpt lat="40.543570" lon="-111.552202"></trkpt><trkpt lat="40.543852" lon="-111.552560"></trkpt><trkpt lat="40.544171" lon="-111.552834"></trkpt><trkpt lat="40.544360" lon="-111.552845"></trkpt><trkpt lat="40.544509" lon="-111.552818"></trkpt><trkpt lat="40.544608" lon="-111.552669"></trkpt><trkpt lat="40.544655" lon="-111.552379"></trkpt><trkpt lat="40.544665" lon="-111.551236"></trkpt><trkpt lat="40.544753" lon="-111.550637"></trkpt><trkpt lat="40.544913" lon="-111.550301"></trkpt><trkpt lat="40.545030" lon="-111.550227"></trkpt><trkpt lat="40.545359" lon="-111.550183"></trkpt><trkpt lat="40.545526" lon="-111.550213"></trkpt><trkpt lat="40.545952" lon="-111.550450"></trkpt><trkpt lat="40.546277" lon="-111.550444"></trkpt><trkpt lat="40.546539" lon="-111.550324"></trkpt><trkpt lat="40.546833" lon="-111.550045"></trkpt><trkpt lat="40.546936" lon="-111.550018"></trkpt><trkpt lat="40.547616" lon="-111.550108"></trkpt><trkpt lat="40.547895" lon="-111.550101"></trkpt><trkpt lat="40.548089" lon="-111.550074"></trkpt><trkpt lat="40.548361" lon="-111.549852"></trkpt><trkpt lat="40.548497" lon="-111.549562"></trkpt><trkpt lat="40.548521" lon="-111.549310"></trkpt><trkpt lat="40.548282" lon="-111.548287"></trkpt><trkpt lat="40.548359" lon="-111.547294"></trkpt><trkpt lat="40.548410" lon="-111.547069"></trkpt><trkpt lat="40.548560" lon="-111.546827"></trkpt><trkpt lat="40.548749" lon="-111.546716"></trkpt><trkpt lat="40.548875" lon="-111.546717"></trkpt><trkpt lat="40.549454" lon="-111.547181"></trkpt><trkpt lat="40.549675" lon="-111.547258"></trkpt><trkpt lat="40.550107" lon="-111.547299"></trkpt><trkpt lat="40.550459" lon="-111.547161"></trkpt><trkpt lat="40.550680" lon="-111.547135"></trkpt><trkpt lat="40.550873" lon="-111.547136"></trkpt><trkpt lat="40.551058" lon="-111.547185"></trkpt><trkpt lat="40.551377" lon="-111.547319"></trkpt><trkpt lat="40.551727" lon="-111.547537"></trkpt><trkpt lat="40.552447" lon="-111.547824"></trkpt><trkpt lat="40.552536" lon="-111.547909"></trkpt><trkpt lat="40.552706" lon="-111.548276"></trkpt><trkpt lat="40.552791" lon="-111.548323"></trkpt><trkpt lat="40.553386" lon="-111.548290"></trkpt><trkpt lat="40.553511" lon="-111.548404"></trkpt><trkpt lat="40.553592" lon="-111.548545"></trkpt><trkpt lat="40.553685" lon="-111.548912"></trkpt><trkpt lat="40.553681" lon="-111.549670"></trkpt><trkpt lat="40.553756" lon="-111.549961"></trkpt><trkpt lat="40.553828" lon="-111.550056"></trkpt><trkpt lat="40.554475" lon="-111.550398"></trkpt><trkpt lat="40.554883" lon="-111.550702"></trkpt><trkpt lat="40.555040" lon="-111.550881"></trkpt><trkpt lat="40.555401" lon="-111.551690"></trkpt><trkpt lat="40.555662" lon="-111.552798"></trkpt><trkpt lat="40.555844" lon="-111.553343"></trkpt><trkpt lat="40.556370" lon="-111.554359"></trkpt><trkpt lat="40.556800" lon="-111.554915"></trkpt><trkpt lat="40.556866" lon="-111.555253"></trkpt><trkpt lat="40.556837" lon="-111.556593"></trkpt><trkpt lat="40.556714" lon="-111.556892"></trkpt><trkpt lat="40.556540" lon="-111.557518"></trkpt><trkpt lat="40.556431" lon="-111.557770"></trkpt><trkpt lat="40.556439" lon="-111.557939"></trkpt><trkpt lat="40.556565" lon="-111.558006"></trkpt><trkpt lat="40.556709" lon="-111.558016"></trkpt><trkpt lat="40.557038" lon="-111.557935"></trkpt><trkpt lat="40.557530" lon="-111.557705"></trkpt><trkpt lat="40.557805" lon="-111.557622"></trkpt><trkpt lat="40.558298" lon="-111.557308"></trkpt><trkpt lat="40.558836" lon="-111.556891"></trkpt><trkpt lat="40.559225" lon="-111.556501"></trkpt><trkpt lat="40.559506" lon="-111.556091"></trkpt><trkpt lat="40.559578" lon="-111.556054"></trkpt><trkpt lat="40.559669" lon="-111.555942"></trkpt><trkpt lat="40.559814" lon="-111.555703"></trkpt><trkpt lat="40.560015" lon="-111.555225"></trkpt><trkpt lat="40.560201" lon="-111.554972"></trkpt><trkpt lat="40.560684" lon="-111.554698"></trkpt><trkpt lat="40.561259" lon="-111.554081"></trkpt><trkpt lat="40.561395" lon="-111.553977"></trkpt><trkpt lat="40.561458" lon="-111.553873"></trkpt><trkpt lat="40.561546" lon="-111.553476"></trkpt><trkpt lat="40.561602" lon="-111.552960"></trkpt><trkpt lat="40.561717" lon="-111.552563"></trkpt><trkpt lat="40.561696" lon="-111.552271"></trkpt><trkpt lat="40.561651" lon="-111.552173"></trkpt><trkpt lat="40.561216" lon="-111.551727"></trkpt><trkpt lat="40.560930" lon="-111.551298"></trkpt><trkpt lat="40.560592" lon="-111.550381"></trkpt><trkpt lat="40.560346" lon="-111.550011"></trkpt><trkpt lat="40.560342" lon="-111.549899"></trkpt><trkpt lat="40.560420" lon="-111.549710"></trkpt><trkpt lat="40.560497" lon="-111.549625"></trkpt><trkpt lat="40.560587" lon="-111.549597"></trkpt><trkpt lat="40.560731" lon="-111.549627"></trkpt><trkpt lat="40.561256" lon="-111.549944"></trkpt><trkpt lat="40.561525" lon="-111.550266"></trkpt><trkpt lat="40.561802" lon="-111.550666"></trkpt><trkpt lat="40.562355" lon="-111.550990"></trkpt><trkpt lat="40.563162" lon="-111.551742"></trkpt><trkpt lat="40.563283" lon="-111.551907"></trkpt><trkpt lat="40.563376" lon="-111.552127"></trkpt><trkpt lat="40.563398" lon="-111.552270"></trkpt><trkpt lat="40.563311" lon="-111.552702"></trkpt><trkpt lat="40.563327" lon="-111.552965"></trkpt><trkpt lat="40.563363" lon="-111.553058"></trkpt><trkpt lat="40.563521" lon="-111.553081"></trkpt><trkpt lat="40.563904" lon="-111.552870"></trkpt><trkpt lat="40.564266" lon="-111.552618"></trkpt><trkpt lat="40.564830" lon="-111.552417"></trkpt><trkpt lat="40.565096" lon="-111.552376"></trkpt><trkpt lat="40.565150" lon="-111.552426"></trkpt><trkpt lat="40.565561" lon="-111.553147"></trkpt><trkpt lat="40.565794" lon="-111.553412"></trkpt><trkpt lat="40.565928" lon="-111.553512"></trkpt><trkpt lat="40.566014" lon="-111.553541"></trkpt><trkpt lat="40.566162" lon="-111.553535"></trkpt><trkpt lat="40.566306" lon="-111.553580"></trkpt><trkpt lat="40.566459" lon="-111.553673"></trkpt><trkpt lat="40.566759" lon="-111.554052"></trkpt><trkpt lat="40.566991" lon="-111.554601"></trkpt><trkpt lat="40.567252" lon="-111.555519"></trkpt><trkpt lat="40.567614" lon="-111.556098"></trkpt><trkpt lat="40.567949" lon="-111.556733"></trkpt><trkpt lat="40.568495" lon="-111.557490"></trkpt><trkpt lat="40.568836" lon="-111.557763"></trkpt><trkpt lat="40.568989" lon="-111.557800"></trkpt><trkpt lat="40.569052" lon="-111.557772"></trkpt><trkpt lat="40.569297" lon="-111.557405"></trkpt><trkpt lat="40.569402" lon="-111.557036"></trkpt><trkpt lat="40.569598" lon="-111.556533"></trkpt><trkpt lat="40.569617" lon="-111.556370"></trkpt><trkpt lat="40.569559" lon="-111.555375"></trkpt><trkpt lat="40.569293" lon="-111.554477"></trkpt><trkpt lat="40.569083" lon="-111.553158"></trkpt><trkpt lat="40.568875" lon="-111.552365"></trkpt><trkpt lat="40.568779" lon="-111.551777"></trkpt><trkpt lat="40.568647" lon="-111.551217"></trkpt><trkpt lat="40.568586" lon="-111.550686"></trkpt><trkpt lat="40.568552" lon="-111.550173"></trkpt><trkpt lat="40.568569" lon="-111.549549"></trkpt><trkpt lat="40.568678" lon="-111.548470"></trkpt><trkpt lat="40.568811" lon="-111.547791"></trkpt></trkseg></trk><trk><name>T057 AU6D793</name><trkseg><trkpt lat="40.553862" lon="-111.631435"></trkpt><trkpt lat="40.553858" lon="-111.630538"></trkpt><trkpt lat="40.553943" lon="-111.629798"></trkpt><trkpt lat="40.554017" lon="-111.629419"></trkpt><trkpt lat="40.554009" lon="-111.629293"></trkpt><trkpt lat="40.553956" lon="-111.629160"></trkpt><trkpt lat="40.553817" lon="-111.628930"></trkpt><trkpt lat="40.553775" lon="-111.628452"></trkpt><trkpt lat="40.553786" lon="-111.628154"></trkpt><trkpt lat="40.553737" lon="-111.627958"></trkpt><trkpt lat="40.553683" lon="-111.627883"></trkpt><trkpt lat="40.553716" lon="-111.627705"></trkpt><trkpt lat="40.553780" lon="-111.627585"></trkpt><trkpt lat="40.554015" lon="-111.627300"></trkpt><trkpt lat="40.554146" lon="-111.627261"></trkpt><trkpt lat="40.554210" lon="-111.627187"></trkpt><trkpt lat="40.554360" lon="-111.626861"></trkpt><trkpt lat="40.554483" lon="-111.626713"></trkpt><trkpt lat="40.554528" lon="-111.626616"></trkpt><trkpt lat="40.554567" lon="-111.626128"></trkpt><trkpt lat="40.554721" lon="-111.625854"></trkpt><trkpt lat="40.554718" lon="-111.625710"></trkpt><trkpt lat="40.554682" lon="-111.625630"></trkpt><trkpt lat="40.554521" lon="-111.625364"></trkpt><trkpt lat="40.554415" lon="-111.625105"></trkpt><trkpt lat="40.554289" lon="-111.624965"></trkpt><trkpt lat="40.554267" lon="-111.624873"></trkpt><trkpt lat="40.554308" lon="-111.624799"></trkpt><trkpt lat="40.554358" lon="-111.624800"></trkpt><trkpt lat="40.554713" lon="-111.624878"></trkpt><trkpt lat="40.554758" lon="-111.624844"></trkpt><trkpt lat="40.554777" lon="-111.624718"></trkpt><trkpt lat="40.554683" lon="-111.624562"></trkpt><trkpt lat="40.554513" lon="-111.624399"></trkpt><trkpt lat="40.554232" lon="-111.623983"></trkpt><trkpt lat="40.554120" lon="-111.623879"></trkpt><trkpt lat="40.553841" lon="-111.623750"></trkpt><trkpt lat="40.553311" lon="-111.623414"></trkpt><trkpt lat="40.553204" lon="-111.623308"></trkpt><trkpt lat="40.552896" lon="-111.622812"></trkpt><trkpt lat="40.552794" lon="-111.622441"></trkpt><trkpt lat="40.552716" lon="-111.621869"></trkpt><trkpt lat="40.552601" lon="-111.621429"></trkpt><trkpt lat="40.552625" lon="-111.620379"></trkpt><trkpt lat="40.552810" lon="-111.619390"></trkpt><trkpt lat="40.552859" lon="-111.618668"></trkpt><trkpt lat="40.552938" lon="-111.618313"></trkpt><trkpt lat="40.552962" lon="-111.617961"></trkpt><trkpt lat="40.552883" lon="-111.617641"></trkpt><trkpt lat="40.552838" lon="-111.617604"></trkpt><trkpt lat="40.552622" lon="-111.617570"></trkpt><trkpt lat="40.552577" lon="-111.617524"></trkpt><trkpt lat="40.552342" lon="-111.616924"></trkpt><trkpt lat="40.552369" lon="-111.616892"></trkpt><trkpt lat="40.552427" lon="-111.616897"></trkpt><trkpt lat="40.552625" lon="-111.617036"></trkpt><trkpt lat="40.552769" lon="-111.617060"></trkpt><trkpt lat="40.552828" lon="-111.616942"></trkpt><trkpt lat="40.552802" lon="-111.616681"></trkpt><trkpt lat="40.552682" lon="-111.616411"></trkpt><trkpt lat="40.552472" lon="-111.616194"></trkpt><trkpt lat="40.552289" lon="-111.615900"></trkpt><trkpt lat="40.552299" lon="-111.615718"></trkpt><trkpt lat="40.552465" lon="-111.615765"></trkpt><trkpt lat="40.552501" lon="-111.615705"></trkpt><trkpt lat="40.552479" lon="-111.615632"></trkpt><trkpt lat="40.552390" lon="-111.615517"></trkpt><trkpt lat="40.552022" lon="-111.615204"></trkpt><trkpt lat="40.551941" lon="-111.615102"></trkpt><trkpt lat="40.551919" lon="-111.615015"></trkpt><trkpt lat="40.551916" lon="-111.614828"></trkpt><trkpt lat="40.551966" lon="-111.614655"></trkpt><trkpt lat="40.551976" lon="-111.614458"></trkpt><trkpt lat="40.551825" lon="-111.614078"></trkpt><trkpt lat="40.551775" lon="-111.613346"></trkpt><trkpt lat="40.551651" lon="-111.612870"></trkpt><trkpt lat="40.551661" lon="-111.612706"></trkpt><trkpt lat="40.551748" lon="-111.612510"></trkpt><trkpt lat="40.551748" lon="-111.612446"></trkpt><trkpt lat="40.551677" lon="-111.612263"></trkpt><trkpt lat="40.551574" lon="-111.612121"></trkpt><trkpt lat="40.551522" lon="-111.611837"></trkpt><trkpt lat="40.551530" lon="-111.611138"></trkpt><trkpt lat="40.551467" lon="-111.610283"></trkpt><trkpt lat="40.551316" lon="-111.609839"></trkpt><trkpt lat="40.551200" lon="-111.609655"></trkpt><trkpt lat="40.551111" lon="-111.609380"></trkpt><trkpt lat="40.551112" lon="-111.609280"></trkpt><trkpt lat="40.551220" lon="-111.609267"></trkpt><trkpt lat="40.551700" lon="-111.609651"></trkpt><trkpt lat="40.551848" lon="-111.609734"></trkpt><trkpt lat="40.551903" lon="-111.609653"></trkpt><trkpt lat="40.551899" lon="-111.609547"></trkpt><trkpt lat="40.551814" lon="-111.609396"></trkpt><trkpt lat="40.551779" lon="-111.609181"></trkpt><trkpt lat="40.551659" lon="-111.608910"></trkpt><trkpt lat="40.551377" lon="-111.608570"></trkpt><trkpt lat="40.551329" lon="-111.608350"></trkpt><trkpt lat="40.550946" lon="-111.607511"></trkpt><trkpt lat="40.550929" lon="-111.607278"></trkpt><trkpt lat="40.550800" lon="-111.606920"></trkpt><trkpt lat="40.550528" lon="-111.606434"></trkpt><trkpt lat="40.550355" lon="-111.605816"></trkpt><trkpt lat="40.550120" lon="-111.605188"></trkpt><trkpt lat="40.550019" lon="-111.604702"></trkpt><trkpt lat="40.549930" lon="-111.604450"></trkpt><trkpt lat="40.549922" lon="-111.604313"></trkpt><trkpt lat="40.549977" lon="-111.604117"></trkpt><trkpt lat="40.549992" lon="-111.603770"></trkpt><trkpt lat="40.549868" lon="-111.603404"></trkpt><trkpt lat="40.549891" lon="-111.603299"></trkpt><trkpt lat="40.550077" lon="-111.603059"></trkpt><trkpt lat="40.550069" lon="-111.602903"></trkpt><trkpt lat="40.549939" lon="-111.602765"></trkpt><trkpt lat="40.549602" lon="-111.602575"></trkpt><trkpt lat="40.549418" lon="-111.602432"></trkpt><trkpt lat="40.549249" lon="-111.602065"></trkpt><trkpt lat="40.549137" lon="-111.601959"></trkpt><trkpt lat="40.549021" lon="-111.601731"></trkpt><trkpt lat="40.548904" lon="-111.601655"></trkpt><trkpt lat="40.548769" lon="-111.601617"></trkpt><trkpt lat="40.548501" lon="-111.601218"></trkpt><trkpt lat="40.548346" lon="-111.600718"></trkpt><trkpt lat="40.548140" lon="-111.600411"></trkpt><trkpt lat="40.548043" lon="-111.600163"></trkpt><trkpt lat="40.547913" lon="-111.599952"></trkpt><trkpt lat="40.547920" lon="-111.599513"></trkpt><trkpt lat="40.547841" lon="-111.599143"></trkpt><trkpt lat="40.547792" lon="-111.599069"></trkpt><trkpt lat="40.547392" lon="-111.598787"></trkpt><trkpt lat="40.547064" lon="-111.598679"></trkpt><trkpt lat="40.546880" lon="-111.598536"></trkpt><trkpt lat="40.546137" lon="-111.597515"></trkpt><trkpt lat="40.545374" lon="-111.596257"></trkpt><trkpt lat="40.545029" lon="-111.595843"></trkpt><trkpt lat="40.544594" lon="-111.595396"></trkpt><trkpt lat="40.543908" lon="-111.594924"></trkpt><trkpt lat="40.543732" lon="-111.594849"></trkpt><trkpt lat="40.543427" lon="-111.594650"></trkpt><trkpt lat="40.543148" lon="-111.594538"></trkpt><trkpt lat="40.542696" lon="-111.594059"></trkpt><trkpt lat="40.542157" lon="-111.593658"></trkpt><trkpt lat="40.541992" lon="-111.593460"></trkpt><trkpt lat="40.541900" lon="-111.592975"></trkpt><trkpt lat="40.541640" lon="-111.592616"></trkpt><trkpt lat="40.541438" lon="-111.592454"></trkpt><trkpt lat="40.540637" lon="-111.592448"></trkpt><trkpt lat="40.540420" lon="-111.592550"></trkpt><trkpt lat="40.540271" lon="-111.592666"></trkpt><trkpt lat="40.539972" lon="-111.592982"></trkpt><trkpt lat="40.539593" lon="-111.593064"></trkpt><trkpt lat="40.539340" lon="-111.593191"></trkpt><trkpt lat="40.538687" lon="-111.593105"></trkpt><trkpt lat="40.538422" lon="-111.592998"></trkpt><trkpt lat="40.538292" lon="-111.592979"></trkpt><trkpt lat="40.537990" lon="-111.592995"></trkpt><trkpt lat="40.537290" lon="-111.593313"></trkpt><trkpt lat="40.536266" lon="-111.593630"></trkpt><trkpt lat="40.535436" lon="-111.593764"></trkpt><trkpt lat="40.534895" lon="-111.593961"></trkpt><trkpt lat="40.534507" lon="-111.593973"></trkpt><trkpt lat="40.533934" lon="-111.594131"></trkpt><trkpt lat="40.533538" lon="-111.594126"></trkpt></trkseg></trk><trk><name>T058 AU6D793</name><trkseg><trkpt lat="40.803652" lon="-110.901760"></trkpt><trkpt lat="40.803540" lon="-110.901951"></trkpt><trkpt lat="40.803315" lon="-110.902165"></trkpt><trkpt lat="40.802991" lon="-110.902607"></trkpt><trkpt lat="40.802694" lon="-110.902806"></trkpt><trkpt lat="40.802442" lon="-110.902920"></trkpt><trkpt lat="40.802018" lon="-110.903019"></trkpt><trkpt lat="40.801577" lon="-110.903218"></trkpt><trkpt lat="40.801325" lon="-110.903256"></trkpt><trkpt lat="40.800722" lon="-110.903424"></trkpt><trkpt lat="40.800325" lon="-110.903424"></trkpt><trkpt lat="40.799681" lon="-110.903523"></trkpt><trkpt lat="40.799497" lon="-110.903614"></trkpt><trkpt lat="40.799271" lon="-110.903660"></trkpt><trkpt lat="40.799055" lon="-110.903637"></trkpt><trkpt lat="40.798708" lon="-110.903760"></trkpt><trkpt lat="40.797777" lon="-110.904362"></trkpt><trkpt lat="40.797560" lon="-110.904469"></trkpt><trkpt lat="40.797191" lon="-110.904759"></trkpt><trkpt lat="40.796989" lon="-110.904866"></trkpt><trkpt lat="40.796750" lon="-110.904896"></trkpt><trkpt lat="40.796435" lon="-110.905018"></trkpt><trkpt lat="40.796210" lon="-110.905209"></trkpt><trkpt lat="40.796192" lon="-110.905339"></trkpt><trkpt lat="40.796237" lon="-110.905423"></trkpt><trkpt lat="40.795760" lon="-110.905720"></trkpt><trkpt lat="40.795544" lon="-110.905827"></trkpt><trkpt lat="40.795156" lon="-110.905918"></trkpt><trkpt lat="40.795003" lon="-110.905919"></trkpt><trkpt lat="40.794791" lon="-110.905796"></trkpt><trkpt lat="40.794719" lon="-110.905613"></trkpt><trkpt lat="40.794719" lon="-110.905476"></trkpt><trkpt lat="40.794804" lon="-110.905278"></trkpt><trkpt lat="40.795191" lon="-110.904797"></trkpt><trkpt lat="40.795317" lon="-110.904591"></trkpt><trkpt lat="40.795628" lon="-110.903843"></trkpt><trkpt lat="40.795712" lon="-110.902485"></trkpt><trkpt lat="40.795856" lon="-110.902279"></trkpt><trkpt lat="40.796306" lon="-110.901867"></trkpt><trkpt lat="40.796729" lon="-110.901402"></trkpt><trkpt lat="40.796801" lon="-110.901135"></trkpt><trkpt lat="40.796756" lon="-110.900860"></trkpt><trkpt lat="40.796665" lon="-110.900730"></trkpt><trkpt lat="40.796458" lon="-110.900715"></trkpt><trkpt lat="40.796264" lon="-110.900654"></trkpt><trkpt lat="40.796170" lon="-110.900684"></trkpt><trkpt lat="40.796089" lon="-110.900784"></trkpt><trkpt lat="40.795310" lon="-110.901447"></trkpt><trkpt lat="40.794927" lon="-110.901501"></trkpt><trkpt lat="40.794639" lon="-110.901677"></trkpt><trkpt lat="40.794405" lon="-110.902073"></trkpt><trkpt lat="40.793979" lon="-110.903386"></trkpt><trkpt lat="40.793866" lon="-110.903851"></trkpt><trkpt lat="40.793767" lon="-110.904011"></trkpt><trkpt lat="40.793628" lon="-110.904072"></trkpt><trkpt lat="40.793182" lon="-110.904370"></trkpt><trkpt lat="40.792723" lon="-110.904583"></trkpt><trkpt lat="40.792552" lon="-110.904629"></trkpt><trkpt lat="40.792489" lon="-110.904614"></trkpt><trkpt lat="40.792326" lon="-110.904324"></trkpt><trkpt lat="40.792227" lon="-110.904293"></trkpt><trkpt lat="40.791979" lon="-110.904339"></trkpt><trkpt lat="40.791777" lon="-110.904210"></trkpt><trkpt lat="40.791533" lon="-110.903919"></trkpt><trkpt lat="40.791452" lon="-110.903545"></trkpt><trkpt lat="40.791366" lon="-110.903553"></trkpt><trkpt lat="40.791290" lon="-110.903614"></trkpt><trkpt lat="40.791127" lon="-110.903614"></trkpt><trkpt lat="40.791064" lon="-110.903652"></trkpt><trkpt lat="40.790947" lon="-110.903614"></trkpt><trkpt lat="40.790916" lon="-110.903530"></trkpt><trkpt lat="40.790776" lon="-110.903454"></trkpt><trkpt lat="40.790533" lon="-110.903454"></trkpt><trkpt lat="40.790461" lon="-110.903393"></trkpt><trkpt lat="40.790420" lon="-110.903263"></trkpt><trkpt lat="40.790424" lon="-110.902928"></trkpt></trkseg></trk><trk><name>T059 AU6D793</name><trkseg><trkpt lat="41.032402" lon="-110.404932"></trkpt><trkpt lat="41.031866" lon="-110.404722"></trkpt><trkpt lat="41.031713" lon="-110.404622"></trkpt><trkpt lat="41.031550" lon="-110.404463"></trkpt><trkpt lat="41.031494" lon="-110.404127"></trkpt><trkpt lat="41.031331" lon="-110.403882"></trkpt><trkpt lat="41.031069" lon="-110.403814"></trkpt><trkpt lat="41.030776" lon="-110.403684"></trkpt><trkpt lat="41.030626" lon="-110.403570"></trkpt><trkpt lat="41.030513" lon="-110.403447"></trkpt><trkpt lat="41.030208" lon="-110.402716"></trkpt><trkpt lat="41.030027" lon="-110.402593"></trkpt><trkpt lat="41.029837" lon="-110.402395"></trkpt><trkpt lat="41.029574" lon="-110.402243"></trkpt><trkpt lat="41.029511" lon="-110.402242"></trkpt><trkpt lat="41.029112" lon="-110.402593"></trkpt><trkpt lat="41.028937" lon="-110.402677"></trkpt><trkpt lat="41.028775" lon="-110.402731"></trkpt><trkpt lat="41.028460" lon="-110.402685"></trkpt><trkpt lat="41.028239" lon="-110.402746"></trkpt><trkpt lat="41.027660" lon="-110.402983"></trkpt><trkpt lat="41.027310" lon="-110.403288"></trkpt><trkpt lat="41.027031" lon="-110.403433"></trkpt><trkpt lat="41.026833" lon="-110.403470"></trkpt><trkpt lat="41.026649" lon="-110.403470"></trkpt><trkpt lat="41.026306" lon="-110.403410"></trkpt><trkpt lat="41.025832" lon="-110.403227"></trkpt><trkpt lat="41.025607" lon="-110.403203"></trkpt><trkpt lat="41.025207" lon="-110.403387"></trkpt><trkpt lat="41.024941" lon="-110.403425"></trkpt><trkpt lat="41.024567" lon="-110.403288"></trkpt><trkpt lat="41.024355" lon="-110.403264"></trkpt><trkpt lat="41.023423" lon="-110.403272"></trkpt><trkpt lat="41.023234" lon="-110.403349"></trkpt><trkpt lat="41.023031" lon="-110.403386"></trkpt><trkpt lat="41.022564" lon="-110.403677"></trkpt><trkpt lat="41.022448" lon="-110.403783"></trkpt><trkpt lat="41.022234" lon="-110.404142"></trkpt><trkpt lat="41.022090" lon="-110.404271"></trkpt><trkpt lat="41.021623" lon="-110.404455"></trkpt><trkpt lat="41.021195" lon="-110.404546"></trkpt><trkpt lat="41.020957" lon="-110.404646"></trkpt><trkpt lat="41.020490" lon="-110.404913"></trkpt><trkpt lat="41.020204" lon="-110.405325"></trkpt><trkpt lat="41.020006" lon="-110.405454"></trkpt><trkpt lat="41.019648" lon="-110.405805"></trkpt><trkpt lat="41.019427" lon="-110.405874"></trkpt><trkpt lat="41.019198" lon="-110.405866"></trkpt><trkpt lat="41.018819" lon="-110.405767"></trkpt><trkpt lat="41.018634" lon="-110.405790"></trkpt><trkpt lat="41.018481" lon="-110.405874"></trkpt><trkpt lat="41.018397" lon="-110.406011"></trkpt><trkpt lat="41.018321" lon="-110.406294"></trkpt><trkpt lat="41.017897" lon="-110.406965"></trkpt><trkpt lat="41.017710" lon="-110.407347"></trkpt><trkpt lat="41.017616" lon="-110.407423"></trkpt><trkpt lat="41.016811" lon="-110.407782"></trkpt><trkpt lat="41.016343" lon="-110.407865"></trkpt><trkpt lat="41.016226" lon="-110.407850"></trkpt><trkpt lat="41.015571" lon="-110.407422"></trkpt><trkpt lat="41.015083" lon="-110.407263"></trkpt><trkpt lat="41.014890" lon="-110.407255"></trkpt><trkpt lat="41.014705" lon="-110.407324"></trkpt><trkpt lat="41.014323" lon="-110.407316"></trkpt><trkpt lat="41.013936" lon="-110.407430"></trkpt><trkpt lat="41.013339" lon="-110.407850"></trkpt><trkpt lat="41.013160" lon="-110.408041"></trkpt><trkpt lat="41.012697" lon="-110.408247"></trkpt><trkpt lat="41.012356" lon="-110.408629"></trkpt><trkpt lat="41.012101" lon="-110.408796"></trkpt><trkpt lat="41.011835" lon="-110.408918"></trkpt><trkpt lat="41.011404" lon="-110.409018"></trkpt><trkpt lat="41.011057" lon="-110.409155"></trkpt><trkpt lat="41.010841" lon="-110.409147"></trkpt><trkpt lat="41.010643" lon="-110.409079"></trkpt><trkpt lat="41.010062" lon="-110.409071"></trkpt><trkpt lat="41.009981" lon="-110.409094"></trkpt><trkpt lat="41.009837" lon="-110.409201"></trkpt><trkpt lat="41.009270" lon="-110.409292"></trkpt><trkpt lat="41.008846" lon="-110.409231"></trkpt><trkpt lat="41.008408" lon="-110.408972"></trkpt><trkpt lat="41.008123" lon="-110.408681"></trkpt><trkpt lat="41.007284" lon="-110.408438"></trkpt><trkpt lat="41.007076" lon="-110.408346"></trkpt><trkpt lat="41.006927" lon="-110.408216"></trkpt><trkpt lat="41.006377" lon="-110.408140"></trkpt><trkpt lat="41.006210" lon="-110.408163"></trkpt><trkpt lat="41.006098" lon="-110.408254"></trkpt><trkpt lat="41.005728" lon="-110.408941"></trkpt><trkpt lat="41.005406" lon="-110.409369"></trkpt><trkpt lat="41.004920" lon="-110.409467"></trkpt><trkpt lat="41.004226" lon="-110.410284"></trkpt><trkpt lat="41.004042" lon="-110.410368"></trkpt><trkpt lat="41.003749" lon="-110.410421"></trkpt><trkpt lat="41.003483" lon="-110.410398"></trkpt><trkpt lat="41.003128" lon="-110.410505"></trkpt><trkpt lat="41.002844" lon="-110.410535"></trkpt><trkpt lat="41.002403" lon="-110.410482"></trkpt><trkpt lat="41.001809" lon="-110.410719"></trkpt><trkpt lat="41.001467" lon="-110.410795"></trkpt><trkpt lat="41.000836" lon="-110.410726"></trkpt><trkpt lat="41.000535" lon="-110.410772"></trkpt><trkpt lat="41.000327" lon="-110.410658"></trkpt><trkpt lat="41.000188" lon="-110.410711"></trkpt><trkpt lat="40.999778" lon="-110.410696"></trkpt><trkpt lat="40.999400" lon="-110.410757"></trkpt><trkpt lat="40.998644" lon="-110.411024"></trkpt><trkpt lat="40.998257" lon="-110.411085"></trkpt><trkpt lat="40.998105" lon="-110.411169"></trkpt><trkpt lat="40.997613" lon="-110.411024"></trkpt><trkpt lat="40.997545" lon="-110.411040"></trkpt><trkpt lat="40.996701" lon="-110.411451"></trkpt><trkpt lat="40.996040" lon="-110.412573"></trkpt><trkpt lat="40.995558" lon="-110.412626"></trkpt><trkpt lat="40.994987" lon="-110.412863"></trkpt><trkpt lat="40.994773" lon="-110.412988"></trkpt></trkseg></trk><trk><name>T060 AU6D793</name><trkseg><trkpt lat="40.515561" lon="-111.072035"></trkpt><trkpt lat="40.515106" lon="-111.072062"></trkpt><trkpt lat="40.514912" lon="-111.072033"></trkpt><trkpt lat="40.514714" lon="-111.071800"></trkpt><trkpt lat="40.514188" lon="-111.071334"></trkpt><trkpt lat="40.513440" lon="-111.071024"></trkpt><trkpt lat="40.512832" lon="-111.070846"></trkpt><trkpt lat="40.512039" lon="-111.070664"></trkpt><trkpt lat="40.511760" lon="-111.070638"></trkpt><trkpt lat="40.511147" lon="-111.070732"></trkpt><trkpt lat="40.510810" lon="-111.070848"></trkpt><trkpt lat="40.510616" lon="-111.070951"></trkpt><trkpt lat="40.510183" lon="-111.071347"></trkpt><trkpt lat="40.509521" lon="-111.071880"></trkpt><trkpt lat="40.509065" lon="-111.072534"></trkpt><trkpt lat="40.508470" lon="-111.073089"></trkpt><trkpt lat="40.508083" lon="-111.073614"></trkpt><trkpt lat="40.507938" lon="-111.073915"></trkpt><trkpt lat="40.507429" lon="-111.074036"></trkpt><trkpt lat="40.507150" lon="-111.074251"></trkpt><trkpt lat="40.506938" lon="-111.074776"></trkpt><trkpt lat="40.506829" lon="-111.074931"></trkpt><trkpt lat="40.506739" lon="-111.075000"></trkpt><trkpt lat="40.506185" lon="-111.075107"></trkpt><trkpt lat="40.505573" lon="-111.075184"></trkpt><trkpt lat="40.505334" lon="-111.075183"></trkpt><trkpt lat="40.504798" lon="-111.075002"></trkpt><trkpt lat="40.504113" lon="-111.074949"></trkpt><trkpt lat="40.503095" lon="-111.074638"></trkpt><trkpt lat="40.502942" lon="-111.074655"></trkpt><trkpt lat="40.502830" lon="-111.074715"></trkpt><trkpt lat="40.502721" lon="-111.074844"></trkpt><trkpt lat="40.501919" lon="-111.075937"></trkpt><trkpt lat="40.501680" lon="-111.076505"></trkpt><trkpt lat="40.501391" lon="-111.076867"></trkpt><trkpt lat="40.501188" lon="-111.077193"></trkpt><trkpt lat="40.500836" lon="-111.077968"></trkpt><trkpt lat="40.500724" lon="-111.078493"></trkpt><trkpt lat="40.500602" lon="-111.078657"></trkpt><trkpt lat="40.500476" lon="-111.078734"></trkpt><trkpt lat="40.500092" lon="-111.079375"></trkpt><trkpt lat="40.500011" lon="-111.079565"></trkpt><trkpt lat="40.500092" lon="-111.079995"></trkpt><trkpt lat="40.500110" lon="-111.080392"></trkpt><trkpt lat="40.500069" lon="-111.080736"></trkpt><trkpt lat="40.500019" lon="-111.080856"></trkpt><trkpt lat="40.499952" lon="-111.080925"></trkpt><trkpt lat="40.499510" lon="-111.081062"></trkpt><trkpt lat="40.499123" lon="-111.081226"></trkpt><trkpt lat="40.498753" lon="-111.081535"></trkpt><trkpt lat="40.498289" lon="-111.082094"></trkpt><trkpt lat="40.497987" lon="-111.082253"></trkpt><trkpt lat="40.497455" lon="-111.082675"></trkpt><trkpt lat="40.497013" lon="-111.082864"></trkpt><trkpt lat="40.496815" lon="-111.083035"></trkpt><trkpt lat="40.496536" lon="-111.083190"></trkpt><trkpt lat="40.496409" lon="-111.083302"></trkpt><trkpt lat="40.496355" lon="-111.083535"></trkpt><trkpt lat="40.496377" lon="-111.083913"></trkpt><trkpt lat="40.496512" lon="-111.084980"></trkpt><trkpt lat="40.496412" lon="-111.085299"></trkpt><trkpt lat="40.496164" lon="-111.085749"></trkpt><trkpt lat="40.496151" lon="-111.086106"></trkpt><trkpt lat="40.496276" lon="-111.086605"></trkpt><trkpt lat="40.496299" lon="-111.086885"></trkpt><trkpt lat="40.496276" lon="-111.087403"></trkpt><trkpt lat="40.496199" lon="-111.087877"></trkpt><trkpt lat="40.495919" lon="-111.088873"></trkpt><trkpt lat="40.495851" lon="-111.089284"></trkpt><trkpt lat="40.495508" lon="-111.090091"></trkpt><trkpt lat="40.495435" lon="-111.090548"></trkpt><trkpt lat="40.494997" lon="-111.091853"></trkpt><trkpt lat="40.494596" lon="-111.092578"></trkpt><trkpt lat="40.493996" lon="-111.093784"></trkpt><trkpt lat="40.493522" lon="-111.094562"></trkpt><trkpt lat="40.492773" lon="-111.096131"></trkpt><trkpt lat="40.492570" lon="-111.096479"></trkpt><trkpt lat="40.492110" lon="-111.097571"></trkpt><trkpt lat="40.492006" lon="-111.097996"></trkpt><trkpt lat="40.491852" lon="-111.098971"></trkpt><trkpt lat="40.491822" lon="-111.101856"></trkpt><trkpt lat="40.491704" lon="-111.102731"></trkpt><trkpt lat="40.491753" lon="-111.103661"></trkpt><trkpt lat="40.491839" lon="-111.103832"></trkpt><trkpt lat="40.491874" lon="-111.105007"></trkpt><trkpt lat="40.491864" lon="-111.105708"></trkpt><trkpt lat="40.491705" lon="-111.106620"></trkpt><trkpt lat="40.491799" lon="-111.107374"></trkpt><trkpt lat="40.491777" lon="-111.107582"></trkpt><trkpt lat="40.491650" lon="-111.108099"></trkpt><trkpt lat="40.491492" lon="-111.108549"></trkpt><trkpt lat="40.490680" lon="-111.110186"></trkpt><trkpt lat="40.490481" lon="-111.110658"></trkpt><trkpt lat="40.490205" lon="-111.112006"></trkpt><trkpt lat="40.490101" lon="-111.112401"></trkpt><trkpt lat="40.489925" lon="-111.112866"></trkpt><trkpt lat="40.489550" lon="-111.113415"></trkpt><trkpt lat="40.488617" lon="-111.114312"></trkpt><trkpt lat="40.487747" lon="-111.115248"></trkpt><trkpt lat="40.486000" lon="-111.118217"></trkpt><trkpt lat="40.485247" lon="-111.119370"></trkpt><trkpt lat="40.484290" lon="-111.121186"></trkpt><trkpt lat="40.483708" lon="-111.122029"></trkpt><trkpt lat="40.483420" lon="-111.122339"></trkpt><trkpt lat="40.483154" lon="-111.122513"></trkpt><trkpt lat="40.482982" lon="-111.122551"></trkpt><trkpt lat="40.481230" lon="-111.122552"></trkpt><trkpt lat="40.480532" lon="-111.122651"></trkpt><trkpt lat="40.479987" lon="-111.122790"></trkpt><trkpt lat="40.479775" lon="-111.122898"></trkpt><trkpt lat="40.479563" lon="-111.123075"></trkpt><trkpt lat="40.479423" lon="-111.123215"></trkpt><trkpt lat="40.478990" lon="-111.123799"></trkpt><trkpt lat="40.478711" lon="-111.124015"></trkpt><trkpt lat="40.478251" lon="-111.124154"></trkpt><trkpt lat="40.477535" lon="-111.124253"></trkpt><trkpt lat="40.476805" lon="-111.124473"></trkpt><trkpt lat="40.476318" lon="-111.124658"></trkpt><trkpt lat="40.475264" lon="-111.124919"></trkpt><trkpt lat="40.474362" lon="-111.125224"></trkpt><trkpt lat="40.473650" lon="-111.125532"></trkpt><trkpt lat="40.472596" lon="-111.126223"></trkpt><trkpt lat="40.472113" lon="-111.126440"></trkpt><trkpt lat="40.471802" lon="-111.126780"></trkpt><trkpt lat="40.471337" lon="-111.127534"></trkpt><trkpt lat="40.470963" lon="-111.127975"></trkpt><trkpt lat="40.470584" lon="-111.128346"></trkpt><trkpt lat="40.469845" lon="-111.128717"></trkpt><trkpt lat="40.469665" lon="-111.128902"></trkpt><trkpt lat="40.469074" lon="-111.129738"></trkpt><trkpt lat="40.468722" lon="-111.130074"></trkpt><trkpt lat="40.467631" lon="-111.130978"></trkpt><trkpt lat="40.466914" lon="-111.131647"></trkpt><trkpt lat="40.466639" lon="-111.131972"></trkpt><trkpt lat="40.465993" lon="-111.132908"></trkpt><trkpt lat="40.465497" lon="-111.133480"></trkpt><trkpt lat="40.464504" lon="-111.135101"></trkpt><trkpt lat="40.463927" lon="-111.136106"></trkpt><trkpt lat="40.463303" lon="-111.137546"></trkpt><trkpt lat="40.462929" lon="-111.138239"></trkpt><trkpt lat="40.462613" lon="-111.138486"></trkpt><trkpt lat="40.461946" lon="-111.138864"></trkpt><trkpt lat="40.461693" lon="-111.139082"></trkpt><trkpt lat="40.461553" lon="-111.139265"></trkpt><trkpt lat="40.461499" lon="-111.139658"></trkpt><trkpt lat="40.461498" lon="-111.140547"></trkpt><trkpt lat="40.461452" lon="-111.141003"></trkpt><trkpt lat="40.461389" lon="-111.141264"></trkpt><trkpt lat="40.461271" lon="-111.141563"></trkpt><trkpt lat="40.461001" lon="-111.142048"></trkpt><trkpt lat="40.460261" lon="-111.142976"></trkpt><trkpt lat="40.459593" lon="-111.143902"></trkpt><trkpt lat="40.459426" lon="-111.144088"></trkpt><trkpt lat="40.458867" lon="-111.144584"></trkpt><trkpt lat="40.458659" lon="-111.144897"></trkpt><trkpt lat="40.458587" lon="-111.145106"></trkpt><trkpt lat="40.458564" lon="-111.145360"></trkpt><trkpt lat="40.458577" lon="-111.145607"></trkpt><trkpt lat="40.458712" lon="-111.146197"></trkpt><trkpt lat="40.458720" lon="-111.146788"></trkpt><trkpt lat="40.458620" lon="-111.147206"></trkpt><trkpt lat="40.458381" lon="-111.147594"></trkpt><trkpt lat="40.457284" lon="-111.149052"></trkpt><trkpt lat="40.456752" lon="-111.149641"></trkpt><trkpt lat="40.456346" lon="-111.150200"></trkpt><trkpt lat="40.456175" lon="-111.150372"></trkpt><trkpt lat="40.456012" lon="-111.150484"></trkpt><trkpt lat="40.455801" lon="-111.150536"></trkpt><trkpt lat="40.455436" lon="-111.150501"></trkpt><trkpt lat="40.454810" lon="-111.150350"></trkpt><trkpt lat="40.454666" lon="-111.150357"></trkpt><trkpt lat="40.454503" lon="-111.150439"></trkpt><trkpt lat="40.454134" lon="-111.150745"></trkpt><trkpt lat="40.453340" lon="-111.151561"></trkpt><trkpt lat="40.452641" lon="-111.152120"></trkpt><trkpt lat="40.452258" lon="-111.152336"></trkpt><trkpt lat="40.451784" lon="-111.152477"></trkpt><trkpt lat="40.451586" lon="-111.152570"></trkpt><trkpt lat="40.451243" lon="-111.152831"></trkpt><trkpt lat="40.450788" lon="-111.153293"></trkpt><trkpt lat="40.450616" lon="-111.153546"></trkpt><trkpt lat="40.450494" lon="-111.153808"></trkpt><trkpt lat="40.450395" lon="-111.154226"></trkpt><trkpt lat="40.450209" lon="-111.154674"></trkpt><trkpt lat="40.449221" lon="-111.156050"></trkpt><trkpt lat="40.449185" lon="-111.156326"></trkpt><trkpt lat="40.449184" lon="-111.156797"></trkpt><trkpt lat="40.449143" lon="-111.157036"></trkpt><trkpt lat="40.448958" lon="-111.157424"></trkpt><trkpt lat="40.448800" lon="-111.157924"></trkpt><trkpt lat="40.448524" lon="-111.158386"></trkpt><trkpt lat="40.448267" lon="-111.158729"></trkpt><trkpt lat="40.447839" lon="-111.159072"></trkpt><trkpt lat="40.447455" lon="-111.159244"></trkpt><trkpt lat="40.447072" lon="-111.159360"></trkpt><trkpt lat="40.446946" lon="-111.159442"></trkpt><trkpt lat="40.446711" lon="-111.159783"></trkpt><trkpt lat="40.446526" lon="-111.160206"></trkpt><trkpt lat="40.445890" lon="-111.161148"></trkpt><trkpt lat="40.445569" lon="-111.161488"></trkpt><trkpt lat="40.445425" lon="-111.161604"></trkpt><trkpt lat="40.444911" lon="-111.161877"></trkpt><trkpt lat="40.444758" lon="-111.162001"></trkpt><trkpt lat="40.444496" lon="-111.162225"></trkpt><trkpt lat="40.443964" lon="-111.162822"></trkpt><trkpt lat="40.443721" lon="-111.162888"></trkpt><trkpt lat="40.443613" lon="-111.162863"></trkpt><trkpt lat="40.443505" lon="-111.162761"></trkpt><trkpt lat="40.443311" lon="-111.162473"></trkpt><trkpt lat="40.443244" lon="-111.162302"></trkpt><trkpt lat="40.443244" lon="-111.162096"></trkpt><trkpt lat="40.443314" lon="-111.160250"></trkpt><trkpt lat="40.443334" lon="-111.158757"></trkpt><trkpt lat="40.443278" lon="-111.157377"></trkpt><trkpt lat="40.443329" lon="-111.156328"></trkpt><trkpt lat="40.443311" lon="-111.155941"></trkpt><trkpt lat="40.443244" lon="-111.155838"></trkpt><trkpt lat="40.443095" lon="-111.155769"></trkpt><trkpt lat="40.442983" lon="-111.155769"></trkpt><trkpt lat="40.442852" lon="-111.155837"></trkpt><trkpt lat="40.442789" lon="-111.155985"></trkpt><trkpt lat="40.442779" lon="-111.156418"></trkpt><trkpt lat="40.442711" lon="-111.156726"></trkpt><trkpt lat="40.442535" lon="-111.156794"></trkpt><trkpt lat="40.442414" lon="-111.156782"></trkpt><trkpt lat="40.442328" lon="-111.156714"></trkpt><trkpt lat="40.442247" lon="-111.156588"></trkpt><trkpt lat="40.441875" lon="-111.155755"></trkpt><trkpt lat="40.441632" lon="-111.155116"></trkpt><trkpt lat="40.441475" lon="-111.154899"></trkpt><trkpt lat="40.441191" lon="-111.154762"></trkpt><trkpt lat="40.441034" lon="-111.154738"></trkpt><trkpt lat="40.440876" lon="-111.154818"></trkpt><trkpt lat="40.440623" lon="-111.155125"></trkpt><trkpt lat="40.440474" lon="-111.155239"></trkpt><trkpt lat="40.440195" lon="-111.155352"></trkpt><trkpt lat="40.439393" lon="-111.155476"></trkpt><trkpt lat="40.438974" lon="-111.155509"></trkpt><trkpt lat="40.438645" lon="-111.155474"></trkpt><trkpt lat="40.438177" lon="-111.155188"></trkpt><trkpt lat="40.437632" lon="-111.155160"></trkpt><trkpt lat="40.435941" lon="-111.156639"></trkpt><trkpt lat="40.435675" lon="-111.156902"></trkpt><trkpt lat="40.435476" lon="-111.157164"></trkpt><trkpt lat="40.435305" lon="-111.157410"></trkpt><trkpt lat="40.434948" lon="-111.158076"></trkpt><trkpt lat="40.434307" lon="-111.159127"></trkpt><trkpt lat="40.432800" lon="-111.160904"></trkpt><trkpt lat="40.431933" lon="-111.162605"></trkpt><trkpt lat="40.431332" lon="-111.163630"></trkpt><trkpt lat="40.430795" lon="-111.164348"></trkpt><trkpt lat="40.430317" lon="-111.164908"></trkpt><trkpt lat="40.430172" lon="-111.165022"></trkpt><trkpt lat="40.429870" lon="-111.165144"></trkpt><trkpt lat="40.429393" lon="-111.165195"></trkpt><trkpt lat="40.429258" lon="-111.165239"></trkpt><trkpt lat="40.429118" lon="-111.165335"></trkpt><trkpt lat="40.428306" lon="-111.166018"></trkpt><trkpt lat="40.427372" lon="-111.166972"></trkpt><trkpt lat="40.427178" lon="-111.167112"></trkpt><trkpt lat="40.427012" lon="-111.167190"></trkpt><trkpt lat="40.426629" lon="-111.167259"></trkpt><trkpt lat="40.425435" lon="-111.167055"></trkpt><trkpt lat="40.425070" lon="-111.167107"></trkpt><trkpt lat="40.424899" lon="-111.167168"></trkpt><trkpt lat="40.424597" lon="-111.167360"></trkpt><trkpt lat="40.423943" lon="-111.168192"></trkpt><trkpt lat="40.423401" lon="-111.169068"></trkpt><trkpt lat="40.423206" lon="-111.169471"></trkpt><trkpt lat="40.423043" lon="-111.170041"></trkpt><trkpt lat="40.422916" lon="-111.170628"></trkpt><trkpt lat="40.422680" lon="-111.172364"></trkpt><trkpt lat="40.422462" lon="-111.173127"></trkpt><trkpt lat="40.421996" lon="-111.174494"></trkpt><trkpt lat="40.421859" lon="-111.175906"></trkpt><trkpt lat="40.421768" lon="-111.176248"></trkpt><trkpt lat="40.421524" lon="-111.176879"></trkpt><trkpt lat="40.421478" lon="-111.177502"></trkpt><trkpt lat="40.421500" lon="-111.177895"></trkpt><trkpt lat="40.421226" lon="-111.177692"></trkpt><trkpt lat="40.420699" lon="-111.177468"></trkpt><trkpt lat="40.420100" lon="-111.177378"></trkpt><trkpt lat="40.418303" lon="-111.177362"></trkpt><trkpt lat="40.416749" lon="-111.176826"></trkpt><trkpt lat="40.416470" lon="-111.176759"></trkpt><trkpt lat="40.416200" lon="-111.176758"></trkpt><trkpt lat="40.415605" lon="-111.176845"></trkpt><trkpt lat="40.415326" lon="-111.176944"></trkpt><trkpt lat="40.414194" lon="-111.177792"></trkpt><trkpt lat="40.413613" lon="-111.177506"></trkpt><trkpt lat="40.413302" lon="-111.177516"></trkpt><trkpt lat="40.413023" lon="-111.177692"></trkpt><trkpt lat="40.412558" lon="-111.178120"></trkpt><trkpt lat="40.412229" lon="-111.178306"></trkpt><trkpt lat="40.411485" lon="-111.178623"></trkpt><trkpt lat="40.410981" lon="-111.178732"></trkpt><trkpt lat="40.410341" lon="-111.178807"></trkpt><trkpt lat="40.409845" lon="-111.178784"></trkpt><trkpt lat="40.409418" lon="-111.178618"></trkpt><trkpt lat="40.408166" lon="-111.178031"></trkpt><trkpt lat="40.407896" lon="-111.177987"></trkpt><trkpt lat="40.407567" lon="-111.178018"></trkpt><trkpt lat="40.407391" lon="-111.178084"></trkpt><trkpt lat="40.407184" lon="-111.178227"></trkpt><trkpt lat="40.406981" lon="-111.178391"></trkpt><trkpt lat="40.406805" lon="-111.178611"></trkpt><trkpt lat="40.406674" lon="-111.178996"></trkpt><trkpt lat="40.406533" lon="-111.179843"></trkpt><trkpt lat="40.406143" lon="-111.181581"></trkpt><trkpt lat="40.405863" lon="-111.182109"></trkpt><trkpt lat="40.405497" lon="-111.182559"></trkpt><trkpt lat="40.405100" lon="-111.182922"></trkpt><trkpt lat="40.404545" lon="-111.183239"></trkpt><trkpt lat="40.404149" lon="-111.183425"></trkpt><trkpt lat="40.403820" lon="-111.183512"></trkpt><trkpt lat="40.403342" lon="-111.183533"></trkpt><trkpt lat="40.402000" lon="-111.183452"></trkpt><trkpt lat="40.401721" lon="-111.183418"></trkpt><trkpt lat="40.400897" lon="-111.183130"></trkpt><trkpt lat="40.400672" lon="-111.183086"></trkpt><trkpt lat="40.399122" lon="-111.183005"></trkpt><trkpt lat="40.398888" lon="-111.183004"></trkpt><trkpt lat="40.398266" lon="-111.183079"></trkpt><trkpt lat="40.398091" lon="-111.183035"></trkpt><trkpt lat="40.397915" lon="-111.183056"></trkpt><trkpt lat="40.397392" lon="-111.183330"></trkpt><trkpt lat="40.397270" lon="-111.183363"></trkpt><trkpt lat="40.396689" lon="-111.183339"></trkpt><trkpt lat="40.396397" lon="-111.183250"></trkpt><trkpt lat="40.396127" lon="-111.183085"></trkpt><trkpt lat="40.395767" lon="-111.182643"></trkpt><trkpt lat="40.394096" lon="-111.183518"></trkpt><trkpt lat="40.392948" lon="-111.184371"></trkpt><trkpt lat="40.391963" lon="-111.185796"></trkpt><trkpt lat="40.391469" lon="-111.187651"></trkpt><trkpt lat="40.391594" lon="-111.189061"></trkpt><trkpt lat="40.391882" lon="-111.189514"></trkpt><trkpt lat="40.392389" lon="-111.190452"></trkpt><trkpt lat="40.392689" lon="-111.191552"></trkpt><trkpt lat="40.393256" lon="-111.192425"></trkpt><trkpt lat="40.393534" lon="-111.192759"></trkpt><trkpt lat="40.393732" lon="-111.193238"></trkpt><trkpt lat="40.393830" lon="-111.193582"></trkpt><trkpt lat="40.393816" lon="-111.194164"></trkpt><trkpt lat="40.393743" lon="-111.194317"></trkpt><trkpt lat="40.393545" lon="-111.194566"></trkpt><trkpt lat="40.393333" lon="-111.194757"></trkpt><trkpt lat="40.392697" lon="-111.195196"></trkpt><trkpt lat="40.392498" lon="-111.195407"></trkpt><trkpt lat="40.392268" lon="-111.195570"></trkpt><trkpt lat="40.392138" lon="-111.195624"></trkpt><trkpt lat="40.391881" lon="-111.195651"></trkpt><trkpt lat="40.391687" lon="-111.195852"></trkpt><trkpt lat="40.391583" lon="-111.196031"></trkpt><trkpt lat="40.391271" lon="-111.196357"></trkpt><trkpt lat="40.391099" lon="-111.196906"></trkpt><trkpt lat="40.390869" lon="-111.197483"></trkpt><trkpt lat="40.390828" lon="-111.197788"></trkpt><trkpt lat="40.390628" lon="-111.198550"></trkpt><trkpt lat="40.390587" lon="-111.199083"></trkpt><trkpt lat="40.390589" lon="-111.200189"></trkpt><trkpt lat="40.390417" lon="-111.200825"></trkpt><trkpt lat="40.390286" lon="-111.201075"></trkpt><trkpt lat="40.390195" lon="-111.201380"></trkpt><trkpt lat="40.390127" lon="-111.201484"></trkpt><trkpt lat="40.389974" lon="-111.201630"></trkpt><trkpt lat="40.389740" lon="-111.201727"></trkpt><trkpt lat="40.389397" lon="-111.201726"></trkpt><trkpt lat="40.388915" lon="-111.201638"></trkpt><trkpt lat="40.388528" lon="-111.201648"></trkpt><trkpt lat="40.388334" lon="-111.201750"></trkpt><trkpt lat="40.388199" lon="-111.202028"></trkpt><trkpt lat="40.388149" lon="-111.202229"></trkpt><trkpt lat="40.387942" lon="-111.202169"></trkpt><trkpt lat="40.387559" lon="-111.202141"></trkpt><trkpt lat="40.387500" lon="-111.202072"></trkpt><trkpt lat="40.387429" lon="-111.201868"></trkpt><trkpt lat="40.387380" lon="-111.201413"></trkpt><trkpt lat="40.387105" lon="-111.201337"></trkpt><trkpt lat="40.386804" lon="-111.201207"></trkpt><trkpt lat="40.386606" lon="-111.200982"></trkpt><trkpt lat="40.386372" lon="-111.200580"></trkpt><trkpt lat="40.386246" lon="-111.200546"></trkpt><trkpt lat="40.386192" lon="-111.200566"></trkpt><trkpt lat="40.386088" lon="-111.200756"></trkpt><trkpt lat="40.385617" lon="-111.202230"></trkpt><trkpt lat="40.385066" lon="-111.203112"></trkpt><trkpt lat="40.384971" lon="-111.203478"></trkpt><trkpt lat="40.384966" lon="-111.203893"></trkpt><trkpt lat="40.384934" lon="-111.204077"></trkpt><trkpt lat="40.384911" lon="-111.204165"></trkpt><trkpt lat="40.384825" lon="-111.204273"></trkpt><trkpt lat="40.383275" lon="-111.204534"></trkpt><trkpt lat="40.382937" lon="-111.204846"></trkpt><trkpt lat="40.382653" lon="-111.204967"></trkpt><trkpt lat="40.382314" lon="-111.205217"></trkpt><trkpt lat="40.381845" lon="-111.205522"></trkpt><trkpt lat="40.381737" lon="-111.205562"></trkpt><trkpt lat="40.381440" lon="-111.205521"></trkpt><trkpt lat="40.381251" lon="-111.205384"></trkpt><trkpt lat="40.381107" lon="-111.205343"></trkpt><trkpt lat="40.380841" lon="-111.205356"></trkpt><trkpt lat="40.380701" lon="-111.205416"></trkpt><trkpt lat="40.380260" lon="-111.205680"></trkpt><trkpt lat="40.380147" lon="-111.205809"></trkpt><trkpt lat="40.380034" lon="-111.206040"></trkpt><trkpt lat="40.379983" lon="-111.206515"></trkpt><trkpt lat="40.379821" lon="-111.206732"></trkpt><trkpt lat="40.379541" lon="-111.206813"></trkpt><trkpt lat="40.378825" lon="-111.206797"></trkpt><trkpt lat="40.378690" lon="-111.206824"></trkpt><trkpt lat="40.378609" lon="-111.206892"></trkpt><trkpt lat="40.378496" lon="-111.207095"></trkpt><trkpt lat="40.378410" lon="-111.207394"></trkpt><trkpt lat="40.377967" lon="-111.208032"></trkpt><trkpt lat="40.377868" lon="-111.208106"></trkpt><trkpt lat="40.377444" lon="-111.208125"></trkpt><trkpt lat="40.377305" lon="-111.208172"></trkpt><trkpt lat="40.377093" lon="-111.208308"></trkpt><trkpt lat="40.376750" lon="-111.208314"></trkpt><trkpt lat="40.376597" lon="-111.208367"></trkpt><trkpt lat="40.376268" lon="-111.208659"></trkpt><trkpt lat="40.375686" lon="-111.208874"></trkpt><trkpt lat="40.375488" lon="-111.209078"></trkpt><trkpt lat="40.375280" lon="-111.209233"></trkpt><trkpt lat="40.374582" lon="-111.209394"></trkpt><trkpt lat="40.374509" lon="-111.209435"></trkpt><trkpt lat="40.374469" lon="-111.209489"></trkpt><trkpt lat="40.374455" lon="-111.209605"></trkpt><trkpt lat="40.374297" lon="-111.209815"></trkpt><trkpt lat="40.373905" lon="-111.209977"></trkpt><trkpt lat="40.373652" lon="-111.210214"></trkpt><trkpt lat="40.373413" lon="-111.210614"></trkpt><trkpt lat="40.372788" lon="-111.212134"></trkpt><trkpt lat="40.372653" lon="-111.212338"></trkpt><trkpt lat="40.372477" lon="-111.212500"></trkpt><trkpt lat="40.371778" lon="-111.212756"></trkpt><trkpt lat="40.371638" lon="-111.212844"></trkpt><trkpt lat="40.371480" lon="-111.213014"></trkpt><trkpt lat="40.371426" lon="-111.213210"></trkpt><trkpt lat="40.371425" lon="-111.213584"></trkpt><trkpt lat="40.371554" lon="-111.214536"></trkpt><trkpt lat="40.371617" lon="-111.214726"></trkpt><trkpt lat="40.371819" lon="-111.215074"></trkpt><trkpt lat="40.371859" lon="-111.215196"></trkpt><trkpt lat="40.371935" lon="-111.215679"></trkpt><trkpt lat="40.372051" lon="-111.216060"></trkpt><trkpt lat="40.372082" lon="-111.216373"></trkpt><trkpt lat="40.372176" lon="-111.216699"></trkpt><trkpt lat="40.372189" lon="-111.216889"></trkpt><trkpt lat="40.372171" lon="-111.216950"></trkpt><trkpt lat="40.372036" lon="-111.217079"></trkpt><trkpt lat="40.371445" lon="-111.217465"></trkpt><trkpt lat="40.370647" lon="-111.217720"></trkpt><trkpt lat="40.370480" lon="-111.217930"></trkpt><trkpt lat="40.370475" lon="-111.218060"></trkpt><trkpt lat="40.370511" lon="-111.218162"></trkpt><trkpt lat="40.370812" lon="-111.218496"></trkpt><trkpt lat="40.370884" lon="-111.218632"></trkpt><trkpt lat="40.371136" lon="-111.218932"></trkpt><trkpt lat="40.371478" lon="-111.219266"></trkpt><trkpt lat="40.372031" lon="-111.219893"></trkpt><trkpt lat="40.372075" lon="-111.220049"></trkpt><trkpt lat="40.372088" lon="-111.220389"></trkpt><trkpt lat="40.371951" lon="-111.221170"></trkpt><trkpt lat="40.371951" lon="-111.221537"></trkpt><trkpt lat="40.371996" lon="-111.221659"></trkpt><trkpt lat="40.372099" lon="-111.221748"></trkpt><trkpt lat="40.372297" lon="-111.221810"></trkpt><trkpt lat="40.372680" lon="-111.222042"></trkpt><trkpt lat="40.373206" lon="-111.222180"></trkpt><trkpt lat="40.373422" lon="-111.222378"></trkpt><trkpt lat="40.373877" lon="-111.222590"></trkpt><trkpt lat="40.374606" lon="-111.223055"></trkpt><trkpt lat="40.374714" lon="-111.223143"></trkpt><trkpt lat="40.374781" lon="-111.223341"></trkpt><trkpt lat="40.374758" lon="-111.223572"></trkpt><trkpt lat="40.374645" lon="-111.223762"></trkpt><trkpt lat="40.374555" lon="-111.223795"></trkpt><trkpt lat="40.374280" lon="-111.223808"></trkpt><trkpt lat="40.374005" lon="-111.223719"></trkpt><trkpt lat="40.373780" lon="-111.223514"></trkpt><trkpt lat="40.373596" lon="-111.223146"></trkpt><trkpt lat="40.373151" lon="-111.222798"></trkpt><trkpt lat="40.373052" lon="-111.222784"></trkpt><trkpt lat="40.372471" lon="-111.222857"></trkpt><trkpt lat="40.371209" lon="-111.222914"></trkpt><trkpt lat="40.371052" lon="-111.222900"></trkpt><trkpt lat="40.370876" lon="-111.222777"></trkpt><trkpt lat="40.370719" lon="-111.222743"></trkpt><trkpt lat="40.370638" lon="-111.222770"></trkpt><trkpt lat="40.370466" lon="-111.222966"></trkpt><trkpt lat="40.369799" lon="-111.223290"></trkpt><trkpt lat="40.369623" lon="-111.223303"></trkpt><trkpt lat="40.369398" lon="-111.223207"></trkpt><trkpt lat="40.369150" lon="-111.223166"></trkpt><trkpt lat="40.369029" lon="-111.223253"></trkpt><trkpt lat="40.368866" lon="-111.223545"></trkpt><trkpt lat="40.368757" lon="-111.223660"></trkpt><trkpt lat="40.368609" lon="-111.223687"></trkpt><trkpt lat="40.367766" lon="-111.223698"></trkpt><trkpt lat="40.366788" lon="-111.223905"></trkpt><trkpt lat="40.366608" lon="-111.223973"></trkpt><trkpt lat="40.366419" lon="-111.223959"></trkpt><trkpt lat="40.366230" lon="-111.223768"></trkpt><trkpt lat="40.366113" lon="-111.223706"></trkpt><trkpt lat="40.365861" lon="-111.223705"></trkpt><trkpt lat="40.365519" lon="-111.223528"></trkpt><trkpt lat="40.365195" lon="-111.223445"></trkpt><trkpt lat="40.365100" lon="-111.223472"></trkpt><trkpt lat="40.365032" lon="-111.223540"></trkpt><trkpt lat="40.364923" lon="-111.223940"></trkpt><trkpt lat="40.364765" lon="-111.224116"></trkpt><trkpt lat="40.364396" lon="-111.224332"></trkpt><trkpt lat="40.363472" lon="-111.224676"></trkpt><trkpt lat="40.363066" lon="-111.224899"></trkpt><trkpt lat="40.362714" lon="-111.225339"></trkpt><trkpt lat="40.362510" lon="-111.225495"></trkpt><trkpt lat="40.362199" lon="-111.225820"></trkpt><trkpt lat="40.362009" lon="-111.226078"></trkpt><trkpt lat="40.361545" lon="-111.226495"></trkpt><trkpt lat="40.361062" lon="-111.226682"></trkpt><trkpt lat="40.360621" lon="-111.226681"></trkpt><trkpt lat="40.360486" lon="-111.226707"></trkpt><trkpt lat="40.360107" lon="-111.226957"></trkpt><trkpt lat="40.359976" lon="-111.227011"></trkpt><trkpt lat="40.359543" lon="-111.227036"></trkpt><trkpt lat="40.359088" lon="-111.227116"></trkpt><trkpt lat="40.358705" lon="-111.227231"></trkpt><trkpt lat="40.358376" lon="-111.227248"></trkpt><trkpt lat="40.357989" lon="-111.227346"></trkpt><trkpt lat="40.357259" lon="-111.227460"></trkpt><trkpt lat="40.356470" lon="-111.227771"></trkpt><trkpt lat="40.355424" lon="-111.227921"></trkpt><trkpt lat="40.354938" lon="-111.227911"></trkpt><trkpt lat="40.354258" lon="-111.228016"></trkpt><trkpt lat="40.353740" lon="-111.228005"></trkpt><trkpt lat="40.353091" lon="-111.227752"></trkpt><trkpt lat="40.352974" lon="-111.227653"></trkpt><trkpt lat="40.352768" lon="-111.227346"></trkpt><trkpt lat="40.352588" lon="-111.227229"></trkpt><trkpt lat="40.352107" lon="-111.226733"></trkpt><trkpt lat="40.351949" lon="-111.226643"></trkpt><trkpt lat="40.351819" lon="-111.226625"></trkpt><trkpt lat="40.351138" lon="-111.226784"></trkpt><trkpt lat="40.350994" lon="-111.226847"></trkpt><trkpt lat="40.350471" lon="-111.226907"></trkpt><trkpt lat="40.349449" lon="-111.226994"></trkpt><trkpt lat="40.348453" lon="-111.227027"></trkpt><trkpt lat="40.348151" lon="-111.227007"></trkpt><trkpt lat="40.347566" lon="-111.227077"></trkpt><trkpt lat="40.347070" lon="-111.227076"></trkpt><trkpt lat="40.346052" lon="-111.226982"></trkpt><trkpt lat="40.345251" lon="-111.226872"></trkpt><trkpt lat="40.344499" lon="-111.226726"></trkpt><trkpt lat="40.344165" lon="-111.226720"></trkpt><trkpt lat="40.343395" lon="-111.226844"></trkpt><trkpt lat="40.342557" lon="-111.226832"></trkpt><trkpt lat="40.340174" lon="-111.226942"></trkpt><trkpt lat="40.338741" lon="-111.227055"></trkpt><trkpt lat="40.337713" lon="-111.227428"></trkpt><trkpt lat="40.337001" lon="-111.227791"></trkpt><trkpt lat="40.336604" lon="-111.227931"></trkpt><trkpt lat="40.335115" lon="-111.229197"></trkpt><trkpt lat="40.334754" lon="-111.229349"></trkpt><trkpt lat="40.333926" lon="-111.229311"></trkpt><trkpt lat="40.332844" lon="-111.229390"></trkpt><trkpt lat="40.332241" lon="-111.229246"></trkpt><trkpt lat="40.331323" lon="-111.228808"></trkpt><trkpt lat="40.329909" lon="-111.228380"></trkpt><trkpt lat="40.328333" lon="-111.228092"></trkpt><trkpt lat="40.327063" lon="-111.227993"></trkpt><trkpt lat="40.325928" lon="-111.227954"></trkpt><trkpt lat="40.324779" lon="-111.227998"></trkpt><trkpt lat="40.323797" lon="-111.228107"></trkpt><trkpt lat="40.323139" lon="-111.228140"></trkpt><trkpt lat="40.322369" lon="-111.228123"></trkpt><trkpt lat="40.322144" lon="-111.228060"></trkpt><trkpt lat="40.321811" lon="-111.227887"></trkpt><trkpt lat="40.319942" lon="-111.227627"></trkpt><trkpt lat="40.319325" lon="-111.227394"></trkpt><trkpt lat="40.319024" lon="-111.227236"></trkpt><trkpt lat="40.318772" lon="-111.227078"></trkpt><trkpt lat="40.318543" lon="-111.226876"></trkpt><trkpt lat="40.318142" lon="-111.226666"></trkpt><trkpt lat="40.315819" lon="-111.225912"></trkpt><trkpt lat="40.315004" lon="-111.225842"></trkpt><trkpt lat="40.313725" lon="-111.225818"></trkpt><trkpt lat="40.312788" lon="-111.225744"></trkpt><trkpt lat="40.311365" lon="-111.225554"></trkpt><trkpt lat="40.310640" lon="-111.225424"></trkpt><trkpt lat="40.306746" lon="-111.224024"></trkpt><trkpt lat="40.303433" lon="-111.222656"></trkpt><trkpt lat="40.300138" lon="-111.221443"></trkpt><trkpt lat="40.297932" lon="-111.220847"></trkpt><trkpt lat="40.296793" lon="-111.220620"></trkpt><trkpt lat="40.295135" lon="-111.220725"></trkpt><trkpt lat="40.294554" lon="-111.220713"></trkpt><trkpt lat="40.294004" lon="-111.220655"></trkpt><trkpt lat="40.292568" lon="-111.220356"></trkpt><trkpt lat="40.290844" lon="-111.219843"></trkpt><trkpt lat="40.289830" lon="-111.219590"></trkpt><trkpt lat="40.285143" lon="-111.218596"></trkpt><trkpt lat="40.284125" lon="-111.218558"></trkpt><trkpt lat="40.279954" lon="-111.218600"></trkpt><trkpt lat="40.279571" lon="-111.218662"></trkpt><trkpt lat="40.279291" lon="-111.218744"></trkpt><trkpt lat="40.278768" lon="-111.219034"></trkpt></trkseg></trk><trk><name>T061 AU6D793</name><trkseg><trkpt lat="40.395767" lon="-111.182643"></trkpt><trkpt lat="40.395225" lon="-111.181376"></trkpt><trkpt lat="40.395049" lon="-111.181112"></trkpt><trkpt lat="40.394757" lon="-111.180494"></trkpt><trkpt lat="40.394138" lon="-111.178996"></trkpt><trkpt lat="40.394057" lon="-111.178721"></trkpt><trkpt lat="40.394031" lon="-111.178423"></trkpt><trkpt lat="40.394049" lon="-111.178137"></trkpt><trkpt lat="40.393992" lon="-111.177532"></trkpt><trkpt lat="40.393579" lon="-111.176628"></trkpt><trkpt lat="40.393529" lon="-111.176331"></trkpt><trkpt lat="40.393499" lon="-111.175913"></trkpt><trkpt lat="40.393522" lon="-111.175209"></trkpt><trkpt lat="40.393599" lon="-111.174724"></trkpt><trkpt lat="40.393885" lon="-111.173856"></trkpt><trkpt lat="40.393900" lon="-111.172238"></trkpt><trkpt lat="40.394096" lon="-111.171226"></trkpt><trkpt lat="40.394182" lon="-111.170940"></trkpt><trkpt lat="40.394213" lon="-111.170676"></trkpt><trkpt lat="40.394201" lon="-111.170203"></trkpt><trkpt lat="40.394048" lon="-111.169751"></trkpt><trkpt lat="40.393922" lon="-111.169619"></trkpt><trkpt lat="40.393729" lon="-111.169497"></trkpt><trkpt lat="40.393013" lon="-111.169231"></trkpt><trkpt lat="40.391851" lon="-111.169140"></trkpt><trkpt lat="40.391531" lon="-111.168974"></trkpt><trkpt lat="40.389916" lon="-111.167815"></trkpt><trkpt lat="40.389749" lon="-111.167572"></trkpt><trkpt lat="40.389430" lon="-111.166933"></trkpt><trkpt lat="40.389192" lon="-111.166636"></trkpt><trkpt lat="40.388918" lon="-111.166349"></trkpt><trkpt lat="40.388499" lon="-111.166139"></trkpt><trkpt lat="40.388071" lon="-111.166127"></trkpt><trkpt lat="40.386160" lon="-111.166892"></trkpt><trkpt lat="40.385831" lon="-111.166925"></trkpt><trkpt lat="40.385647" lon="-111.166902"></trkpt><trkpt lat="40.385385" lon="-111.166813"></trkpt><trkpt lat="40.384971" lon="-111.166504"></trkpt><trkpt lat="40.384729" lon="-111.166250"></trkpt><trkpt lat="40.384580" lon="-111.165999"></trkpt><trkpt lat="40.384403" lon="-111.165551"></trkpt><trkpt lat="40.384267" lon="-111.164933"></trkpt><trkpt lat="40.384143" lon="-111.164599"></trkpt><trkpt lat="40.383703" lon="-111.163964"></trkpt><trkpt lat="40.383523" lon="-111.163809"></trkpt><trkpt lat="40.383125" lon="-111.163629"></trkpt><trkpt lat="40.382416" lon="-111.163498"></trkpt><trkpt lat="40.382298" lon="-111.163416"></trkpt><trkpt lat="40.382149" lon="-111.163245"></trkpt><trkpt lat="40.382025" lon="-111.162993"></trkpt><trkpt lat="40.381734" lon="-111.162057"></trkpt><trkpt lat="40.381698" lon="-111.161805"></trkpt><trkpt lat="40.381704" lon="-111.161569"></trkpt><trkpt lat="40.381760" lon="-111.161358"></trkpt><trkpt lat="40.381891" lon="-111.161163"></trkpt><trkpt lat="40.382716" lon="-111.160380"></trkpt><trkpt lat="40.382909" lon="-111.160145"></trkpt><trkpt lat="40.383146" lon="-111.159780"></trkpt><trkpt lat="40.383211" lon="-111.159524"></trkpt><trkpt lat="40.383212" lon="-111.159394"></trkpt><trkpt lat="40.383175" lon="-111.159239"></trkpt><trkpt lat="40.382951" lon="-111.158742"></trkpt><trkpt lat="40.382834" lon="-111.158287"></trkpt><trkpt lat="40.382803" lon="-111.157766"></trkpt><trkpt lat="40.382923" lon="-111.157084"></trkpt><trkpt lat="40.382929" lon="-111.156856"></trkpt><trkpt lat="40.382886" lon="-111.156604"></trkpt><trkpt lat="40.382694" lon="-111.156018"></trkpt><trkpt lat="40.382371" lon="-111.155416"></trkpt><trkpt lat="40.381377" lon="-111.153929"></trkpt><trkpt lat="40.380269" lon="-111.153944"></trkpt><trkpt lat="40.379885" lon="-111.154206"></trkpt><trkpt lat="40.378636" lon="-111.155220"></trkpt><trkpt lat="40.376849" lon="-111.157172"></trkpt><trkpt lat="40.376081" lon="-111.158224"></trkpt><trkpt lat="40.375504" lon="-111.158900"></trkpt><trkpt lat="40.375120" lon="-111.159300"></trkpt><trkpt lat="40.374686" lon="-111.159543"></trkpt><trkpt lat="40.373976" lon="-111.160056"></trkpt><trkpt lat="40.373562" lon="-111.160236"></trkpt><trkpt lat="40.373227" lon="-111.160312"></trkpt><trkpt lat="40.372714" lon="-111.160337"></trkpt><trkpt lat="40.371493" lon="-111.160360"></trkpt><trkpt lat="40.371138" lon="-111.160307"></trkpt><trkpt lat="40.370665" lon="-111.160074"></trkpt><trkpt lat="40.370232" lon="-111.159816"></trkpt><trkpt lat="40.369838" lon="-111.159506"></trkpt><trkpt lat="40.369622" lon="-111.159376"></trkpt><trkpt lat="40.369307" lon="-111.159221"></trkpt><trkpt lat="40.368794" lon="-111.159065"></trkpt><trkpt lat="40.367395" lon="-111.159036"></trkpt><trkpt lat="40.366331" lon="-111.158802"></trkpt><trkpt lat="40.365188" lon="-111.158619"></trkpt><trkpt lat="40.364459" lon="-111.158565"></trkpt><trkpt lat="40.361413" lon="-111.158688"></trkpt><trkpt lat="40.360586" lon="-111.158994"></trkpt><trkpt lat="40.360271" lon="-111.159045"></trkpt><trkpt lat="40.359778" lon="-111.159250"></trkpt><trkpt lat="40.359561" lon="-111.159301"></trkpt><trkpt lat="40.359167" lon="-111.159249"></trkpt><trkpt lat="40.358950" lon="-111.159094"></trkpt><trkpt lat="40.358734" lon="-111.158758"></trkpt><trkpt lat="40.358400" lon="-111.157985"></trkpt><trkpt lat="40.358440" lon="-111.157237"></trkpt><trkpt lat="40.358678" lon="-111.156517"></trkpt><trkpt lat="40.358954" lon="-111.156002"></trkpt><trkpt lat="40.359349" lon="-111.155668"></trkpt><trkpt lat="40.359487" lon="-111.155643"></trkpt><trkpt lat="40.359684" lon="-111.155540"></trkpt><trkpt lat="40.360177" lon="-111.155180"></trkpt><trkpt lat="40.360355" lon="-111.155001"></trkpt><trkpt lat="40.360454" lon="-111.154820"></trkpt><trkpt lat="40.360513" lon="-111.154460"></trkpt><trkpt lat="40.360500" lon="-111.154216"></trkpt><trkpt lat="40.360474" lon="-111.154031"></trkpt><trkpt lat="40.360333" lon="-111.153662"></trkpt><trkpt lat="40.360240" lon="-111.152844"></trkpt><trkpt lat="40.360146" lon="-111.152528"></trkpt><trkpt lat="40.360201" lon="-111.151957"></trkpt><trkpt lat="40.360268" lon="-111.151684"></trkpt><trkpt lat="40.360410" lon="-111.151360"></trkpt><trkpt lat="40.360492" lon="-111.150472"></trkpt><trkpt lat="40.360459" lon="-111.149778"></trkpt><trkpt lat="40.360339" lon="-111.149083"></trkpt><trkpt lat="40.359917" lon="-111.148142"></trkpt><trkpt lat="40.359816" lon="-111.147984"></trkpt><trkpt lat="40.359249" lon="-111.146788"></trkpt><trkpt lat="40.358471" lon="-111.145529"></trkpt><trkpt lat="40.357033" lon="-111.142767"></trkpt><trkpt lat="40.356737" lon="-111.142573"></trkpt><trkpt lat="40.356267" lon="-111.142475"></trkpt><trkpt lat="40.355897" lon="-111.142308"></trkpt><trkpt lat="40.355578" lon="-111.142017"></trkpt><trkpt lat="40.355350" lon="-111.141349"></trkpt><trkpt lat="40.355203" lon="-111.141120"></trkpt><trkpt lat="40.355068" lon="-111.141032"></trkpt><trkpt lat="40.354880" lon="-111.140803"></trkpt><trkpt lat="40.354760" lon="-111.140592"></trkpt><trkpt lat="40.354613" lon="-111.139871"></trkpt><trkpt lat="40.354479" lon="-111.139519"></trkpt><trkpt lat="40.354358" lon="-111.139326"></trkpt><trkpt lat="40.354063" lon="-111.138956"></trkpt><trkpt lat="40.353894" lon="-111.138655"></trkpt><trkpt lat="40.353790" lon="-111.138575"></trkpt><trkpt lat="40.353574" lon="-111.138569"></trkpt><trkpt lat="40.353326" lon="-111.138606"></trkpt><trkpt lat="40.353200" lon="-111.138568"></trkpt><trkpt lat="40.353164" lon="-111.138457"></trkpt><trkpt lat="40.353187" lon="-111.138256"></trkpt><trkpt lat="40.353413" lon="-111.138029"></trkpt><trkpt lat="40.353291" lon="-111.137833"></trkpt><trkpt lat="40.353314" lon="-111.137727"></trkpt><trkpt lat="40.353657" lon="-111.137224"></trkpt><trkpt lat="40.353648" lon="-111.136970"></trkpt><trkpt lat="40.353478" lon="-111.136546"></trkpt><trkpt lat="40.353415" lon="-111.136143"></trkpt><trkpt lat="40.353309" lon="-111.135872"></trkpt><trkpt lat="40.353185" lon="-111.135721"></trkpt><trkpt lat="40.353037" lon="-111.135602"></trkpt><trkpt lat="40.352799" lon="-111.135494"></trkpt><trkpt lat="40.352733" lon="-111.135408"></trkpt><trkpt lat="40.352224" lon="-111.134212"></trkpt><trkpt lat="40.352084" lon="-111.134050"></trkpt><trkpt lat="40.351870" lon="-111.133953"></trkpt><trkpt lat="40.351513" lon="-111.133883"></trkpt><trkpt lat="40.351363" lon="-111.134015"></trkpt><trkpt lat="40.351170" lon="-111.134094"></trkpt><trkpt lat="40.350922" lon="-111.134172"></trkpt><trkpt lat="40.350503" lon="-111.134240"></trkpt><trkpt lat="40.350273" lon="-111.134382"></trkpt><trkpt lat="40.350169" lon="-111.134392"></trkpt><trkpt lat="40.349853" lon="-111.134718"></trkpt><trkpt lat="40.349777" lon="-111.134713"></trkpt><trkpt lat="40.349705" lon="-111.134651"></trkpt><trkpt lat="40.349435" lon="-111.134254"></trkpt><trkpt lat="40.349093" lon="-111.133570"></trkpt><trkpt lat="40.348977" lon="-111.132943"></trkpt><trkpt lat="40.348964" lon="-111.132678"></trkpt><trkpt lat="40.348838" lon="-111.132352"></trkpt><trkpt lat="40.348352" lon="-111.131760"></trkpt><trkpt lat="40.348005" lon="-111.131627"></trkpt><trkpt lat="40.347848" lon="-111.131587"></trkpt><trkpt lat="40.347740" lon="-111.131595"></trkpt><trkpt lat="40.347230" lon="-111.131983"></trkpt><trkpt lat="40.346942" lon="-111.131903"></trkpt><trkpt lat="40.346771" lon="-111.131907"></trkpt><trkpt lat="40.346392" lon="-111.132285"></trkpt><trkpt lat="40.345946" lon="-111.132364"></trkpt><trkpt lat="40.345653" lon="-111.132553"></trkpt><trkpt lat="40.345306" lon="-111.132698"></trkpt><trkpt lat="40.345054" lon="-111.132904"></trkpt><trkpt lat="40.344927" lon="-111.132948"></trkpt><trkpt lat="40.344774" lon="-111.132891"></trkpt><trkpt lat="40.344576" lon="-111.132736"></trkpt><trkpt lat="40.344504" lon="-111.132634"></trkpt><trkpt lat="40.344401" lon="-111.132414"></trkpt><trkpt lat="40.344357" lon="-111.131655"></trkpt><trkpt lat="40.343929" lon="-111.131099"></trkpt><trkpt lat="40.343857" lon="-111.131045"></trkpt><trkpt lat="40.343754" lon="-111.131023"></trkpt><trkpt lat="40.343411" lon="-111.131058"></trkpt><trkpt lat="40.343163" lon="-111.131230"></trkpt><trkpt lat="40.342595" lon="-111.131868"></trkpt><trkpt lat="40.342009" lon="-111.132330"></trkpt><trkpt lat="40.341887" lon="-111.132470"></trkpt><trkpt lat="40.341725" lon="-111.132792"></trkpt><trkpt lat="40.341405" lon="-111.133034"></trkpt><trkpt lat="40.341147" lon="-111.133377"></trkpt><trkpt lat="40.340845" lon="-111.133708"></trkpt><trkpt lat="40.340205" lon="-111.134310"></trkpt><trkpt lat="40.339853" lon="-111.134596"></trkpt><trkpt lat="40.339610" lon="-111.134852"></trkpt><trkpt lat="40.339551" lon="-111.134949"></trkpt><trkpt lat="40.339519" lon="-111.135187"></trkpt><trkpt lat="40.339757" lon="-111.136201"></trkpt><trkpt lat="40.339959" lon="-111.136537"></trkpt><trkpt lat="40.339946" lon="-111.136691"></trkpt><trkpt lat="40.339891" lon="-111.136779"></trkpt><trkpt lat="40.339747" lon="-111.136889"></trkpt><trkpt lat="40.339526" lon="-111.137131"></trkpt><trkpt lat="40.339431" lon="-111.137179"></trkpt><trkpt lat="40.339323" lon="-111.137188"></trkpt><trkpt lat="40.338985" lon="-111.137165"></trkpt><trkpt lat="40.338679" lon="-111.137368"></trkpt><trkpt lat="40.338426" lon="-111.137592"></trkpt><trkpt lat="40.338305" lon="-111.137636"></trkpt><trkpt lat="40.337926" lon="-111.137631"></trkpt><trkpt lat="40.337566" lon="-111.137524"></trkpt><trkpt lat="40.337368" lon="-111.137524"></trkpt><trkpt lat="40.337093" lon="-111.137761"></trkpt><trkpt lat="40.337007" lon="-111.137876"></trkpt><trkpt lat="40.336912" lon="-111.138083"></trkpt><trkpt lat="40.336853" lon="-111.138413"></trkpt><trkpt lat="40.336474" lon="-111.138942"></trkpt><trkpt lat="40.336235" lon="-111.139148"></trkpt><trkpt lat="40.335821" lon="-111.139298"></trkpt><trkpt lat="40.335645" lon="-111.139429"></trkpt><trkpt lat="40.335559" lon="-111.139540"></trkpt><trkpt lat="40.335406" lon="-111.139901"></trkpt><trkpt lat="40.335171" lon="-111.140125"></trkpt><trkpt lat="40.335067" lon="-111.140310"></trkpt><trkpt lat="40.334981" lon="-111.141249"></trkpt><trkpt lat="40.334818" lon="-111.141787"></trkpt><trkpt lat="40.334597" lon="-111.142183"></trkpt><trkpt lat="40.334145" lon="-111.143179"></trkpt><trkpt lat="40.333892" lon="-111.143562"></trkpt><trkpt lat="40.333797" lon="-111.143875"></trkpt><trkpt lat="40.333697" lon="-111.144425"></trkpt><trkpt lat="40.333282" lon="-111.145179"></trkpt><trkpt lat="40.333147" lon="-111.145527"></trkpt><trkpt lat="40.332825" lon="-111.146029"></trkpt><trkpt lat="40.332353" lon="-111.146209"></trkpt><trkpt lat="40.332087" lon="-111.146258"></trkpt><trkpt lat="40.331524" lon="-111.146233"></trkpt><trkpt lat="40.330871" lon="-111.146104"></trkpt><trkpt lat="40.330763" lon="-111.146040"></trkpt><trkpt lat="40.330561" lon="-111.145784"></trkpt><trkpt lat="40.330439" lon="-111.145464"></trkpt><trkpt lat="40.330386" lon="-111.145217"></trkpt><trkpt lat="40.330228" lon="-111.144929"></trkpt><trkpt lat="40.329873" lon="-111.144737"></trkpt><trkpt lat="40.328153" lon="-111.144186"></trkpt><trkpt lat="40.327153" lon="-111.144009"></trkpt><trkpt lat="40.326878" lon="-111.143992"></trkpt><trkpt lat="40.326518" lon="-111.144011"></trkpt><trkpt lat="40.325567" lon="-111.144257"></trkpt><trkpt lat="40.325400" lon="-111.144368"></trkpt><trkpt lat="40.325278" lon="-111.144559"></trkpt><trkpt lat="40.325224" lon="-111.144727"></trkpt><trkpt lat="40.325169" lon="-111.145509"></trkpt><trkpt lat="40.325028" lon="-111.146442"></trkpt><trkpt lat="40.324910" lon="-111.146953"></trkpt><trkpt lat="40.324729" lon="-111.147507"></trkpt><trkpt lat="40.324526" lon="-111.147842"></trkpt><trkpt lat="40.324324" lon="-111.147921"></trkpt><trkpt lat="40.324220" lon="-111.147913"></trkpt><trkpt lat="40.324049" lon="-111.147825"></trkpt><trkpt lat="40.323828" lon="-111.147609"></trkpt><trkpt lat="40.323509" lon="-111.147113"></trkpt><trkpt lat="40.323361" lon="-111.147041"></trkpt><trkpt lat="40.323153" lon="-111.147057"></trkpt><trkpt lat="40.323036" lon="-111.147160"></trkpt><trkpt lat="40.322977" lon="-111.147344"></trkpt><trkpt lat="40.322964" lon="-111.147551"></trkpt><trkpt lat="40.323017" lon="-111.147982"></trkpt><trkpt lat="40.323017" lon="-111.148166"></trkpt><trkpt lat="40.322981" lon="-111.148310"></trkpt><trkpt lat="40.322710" lon="-111.148684"></trkpt><trkpt lat="40.322115" lon="-111.149142"></trkpt><trkpt lat="40.321714" lon="-111.149308"></trkpt><trkpt lat="40.321249" lon="-111.149427"></trkpt><trkpt lat="40.320979" lon="-111.149586"></trkpt><trkpt lat="40.320794" lon="-111.149905"></trkpt><trkpt lat="40.320758" lon="-111.150056"></trkpt><trkpt lat="40.320734" lon="-111.150743"></trkpt><trkpt lat="40.320563" lon="-111.150922"></trkpt><trkpt lat="40.320419" lon="-111.150962"></trkpt><trkpt lat="40.320315" lon="-111.150937"></trkpt><trkpt lat="40.320090" lon="-111.150777"></trkpt><trkpt lat="40.319955" lon="-111.150745"></trkpt><trkpt lat="40.319635" lon="-111.150792"></trkpt><trkpt lat="40.319432" lon="-111.150975"></trkpt><trkpt lat="40.318995" lon="-111.151261"></trkpt><trkpt lat="40.318846" lon="-111.151437"></trkpt><trkpt lat="40.318575" lon="-111.151911"></trkpt><trkpt lat="40.318417" lon="-111.152065"></trkpt><trkpt lat="40.318345" lon="-111.152079"></trkpt><trkpt lat="40.318151" lon="-111.152078"></trkpt><trkpt lat="40.317805" lon="-111.151948"></trkpt><trkpt lat="40.317085" lon="-111.151518"></trkpt><trkpt lat="40.316837" lon="-111.151466"></trkpt><trkpt lat="40.316760" lon="-111.151494"></trkpt><trkpt lat="40.316684" lon="-111.151573"></trkpt><trkpt lat="40.316629" lon="-111.151793"></trkpt><trkpt lat="40.316637" lon="-111.152667"></trkpt><trkpt lat="40.316605" lon="-111.153056"></trkpt><trkpt lat="40.316546" lon="-111.153327"></trkpt><trkpt lat="40.316474" lon="-111.153445"></trkpt><trkpt lat="40.316266" lon="-111.153653"></trkpt><trkpt lat="40.316064" lon="-111.153760"></trkpt><trkpt lat="40.315834" lon="-111.153726"></trkpt><trkpt lat="40.315685" lon="-111.153641"></trkpt><trkpt lat="40.315294" lon="-111.153104"></trkpt><trkpt lat="40.315168" lon="-111.153047"></trkpt><trkpt lat="40.314947" lon="-111.152996"></trkpt><trkpt lat="40.313866" lon="-111.152994"></trkpt><trkpt lat="40.313718" lon="-111.153010"></trkpt><trkpt lat="40.313578" lon="-111.153078"></trkpt><trkpt lat="40.313388" lon="-111.153252"></trkpt><trkpt lat="40.313262" lon="-111.153449"></trkpt><trkpt lat="40.312842" lon="-111.154407"></trkpt><trkpt lat="40.312738" lon="-111.154926"></trkpt><trkpt lat="40.312562" lon="-111.155173"></trkpt><trkpt lat="40.312476" lon="-111.155218"></trkpt><trkpt lat="40.312323" lon="-111.155128"></trkpt><trkpt lat="40.312238" lon="-111.154998"></trkpt><trkpt lat="40.312017" lon="-111.154484"></trkpt><trkpt lat="40.311896" lon="-111.154337"></trkpt><trkpt lat="40.311482" lon="-111.154032"></trkpt><trkpt lat="40.311153" lon="-111.153856"></trkpt><trkpt lat="40.311032" lon="-111.153805"></trkpt><trkpt lat="40.310739" lon="-111.153776"></trkpt><trkpt lat="40.310523" lon="-111.153849"></trkpt><trkpt lat="40.310428" lon="-111.153933"></trkpt><trkpt lat="40.310103" lon="-111.154384"></trkpt><trkpt lat="40.309864" lon="-111.154637"></trkpt><trkpt lat="40.309499" lon="-111.154851"></trkpt><trkpt lat="40.309188" lon="-111.155087"></trkpt><trkpt lat="40.309043" lon="-111.155250"></trkpt><trkpt lat="40.308876" lon="-111.155611"></trkpt><trkpt lat="40.308826" lon="-111.155802"></trkpt><trkpt lat="40.308821" lon="-111.156248"></trkpt><trkpt lat="40.308853" lon="-111.156507"></trkpt><trkpt lat="40.308947" lon="-111.156795"></trkpt><trkpt lat="40.309036" lon="-111.157579"></trkpt><trkpt lat="40.309121" lon="-111.157889"></trkpt><trkpt lat="40.309156" lon="-111.158358"></trkpt><trkpt lat="40.309367" lon="-111.159136"></trkpt><trkpt lat="40.309344" lon="-111.159412"></trkpt><trkpt lat="40.309295" lon="-111.159469"></trkpt><trkpt lat="40.309101" lon="-111.159457"></trkpt><trkpt lat="40.308813" lon="-111.159203"></trkpt><trkpt lat="40.308696" lon="-111.159146"></trkpt><trkpt lat="40.308349" lon="-111.159089"></trkpt><trkpt lat="40.308011" lon="-111.159128"></trkpt><trkpt lat="40.307723" lon="-111.159104"></trkpt><trkpt lat="40.307503" lon="-111.158788"></trkpt><trkpt lat="40.307202" lon="-111.158156"></trkpt><trkpt lat="40.306442" lon="-111.157195"></trkpt><trkpt lat="40.306370" lon="-111.157054"></trkpt><trkpt lat="40.306312" lon="-111.156800"></trkpt><trkpt lat="40.306299" lon="-111.156366"></trkpt><trkpt lat="40.306200" lon="-111.156140"></trkpt><trkpt lat="40.306119" lon="-111.156078"></trkpt><trkpt lat="40.305867" lon="-111.156083"></trkpt><trkpt lat="40.305632" lon="-111.156167"></trkpt><trkpt lat="40.305380" lon="-111.156347"></trkpt><trkpt lat="40.305186" lon="-111.156538"></trkpt><trkpt lat="40.304694" lon="-111.157208"></trkpt><trkpt lat="40.304626" lon="-111.157400"></trkpt><trkpt lat="40.304210" lon="-111.158228"></trkpt><trkpt lat="40.303673" lon="-111.158926"></trkpt><trkpt lat="40.303348" lon="-111.159483"></trkpt><trkpt lat="40.302987" lon="-111.159883"></trkpt><trkpt lat="40.302816" lon="-111.160125"></trkpt><trkpt lat="40.302699" lon="-111.160316"></trkpt><trkpt lat="40.302545" lon="-111.160790"></trkpt><trkpt lat="40.302414" lon="-111.161060"></trkpt><trkpt lat="40.302328" lon="-111.161156"></trkpt><trkpt lat="40.301913" lon="-111.161453"></trkpt><trkpt lat="40.301787" lon="-111.161583"></trkpt><trkpt lat="40.301697" lon="-111.161746"></trkpt><trkpt lat="40.301651" lon="-111.161966"></trkpt><trkpt lat="40.301646" lon="-111.162321"></trkpt><trkpt lat="40.301843" lon="-111.163049"></trkpt><trkpt lat="40.301857" lon="-111.163331"></trkpt><trkpt lat="40.301793" lon="-111.163618"></trkpt><trkpt lat="40.301549" lon="-111.164140"></trkpt><trkpt lat="40.301490" lon="-111.164626"></trkpt><trkpt lat="40.301413" lon="-111.164699"></trkpt><trkpt lat="40.300769" lon="-111.164661"></trkpt><trkpt lat="40.300431" lon="-111.164696"></trkpt><trkpt lat="40.300346" lon="-111.164660"></trkpt><trkpt lat="40.300292" lon="-111.164604"></trkpt><trkpt lat="40.300117" lon="-111.164127"></trkpt><trkpt lat="40.299995" lon="-111.163916"></trkpt><trkpt lat="40.299604" lon="-111.163631"></trkpt><trkpt lat="40.299262" lon="-111.163190"></trkpt><trkpt lat="40.299154" lon="-111.163189"></trkpt><trkpt lat="40.299028" lon="-111.163281"></trkpt><trkpt lat="40.298825" lon="-111.163611"></trkpt><trkpt lat="40.298612" lon="-111.164096"></trkpt><trkpt lat="40.298408" lon="-111.164884"></trkpt><trkpt lat="40.298318" lon="-111.165086"></trkpt><trkpt lat="40.298169" lon="-111.165296"></trkpt><trkpt lat="40.297849" lon="-111.165378"></trkpt><trkpt lat="40.297741" lon="-111.165460"></trkpt><trkpt lat="40.297655" lon="-111.165634"></trkpt><trkpt lat="40.297677" lon="-111.165955"></trkpt><trkpt lat="40.298019" lon="-111.166488"></trkpt><trkpt lat="40.298194" lon="-111.166910"></trkpt><trkpt lat="40.298494" lon="-111.168002"></trkpt><trkpt lat="40.298525" lon="-111.168176"></trkpt><trkpt lat="40.298494" lon="-111.168360"></trkpt><trkpt lat="40.298146" lon="-111.168772"></trkpt><trkpt lat="40.297925" lon="-111.169230"></trkpt><trkpt lat="40.297510" lon="-111.169430"></trkpt><trkpt lat="40.296982" lon="-111.169952"></trkpt><trkpt lat="40.296829" lon="-111.170190"></trkpt><trkpt lat="40.296716" lon="-111.170290"></trkpt><trkpt lat="40.296463" lon="-111.170400"></trkpt><trkpt lat="40.296211" lon="-111.170408"></trkpt><trkpt lat="40.295837" lon="-111.170306"></trkpt><trkpt lat="40.295184" lon="-111.170305"></trkpt><trkpt lat="40.295045" lon="-111.170231"></trkpt><trkpt lat="40.294995" lon="-111.170176"></trkpt><trkpt lat="40.294933" lon="-111.169938"></trkpt><trkpt lat="40.294970" lon="-111.169323"></trkpt><trkpt lat="40.294934" lon="-111.169167"></trkpt><trkpt lat="40.294880" lon="-111.169112"></trkpt><trkpt lat="40.294767" lon="-111.169075"></trkpt><trkpt lat="40.294645" lon="-111.169111"></trkpt><trkpt lat="40.294280" lon="-111.169395"></trkpt><trkpt lat="40.293577" lon="-111.169852"></trkpt><trkpt lat="40.293388" lon="-111.169906"></trkpt><trkpt lat="40.293171" lon="-111.169878"></trkpt><trkpt lat="40.293072" lon="-111.169841"></trkpt><trkpt lat="40.292906" lon="-111.169648"></trkpt><trkpt lat="40.292771" lon="-111.169428"></trkpt><trkpt lat="40.292605" lon="-111.169015"></trkpt><trkpt lat="40.292511" lon="-111.168877"></trkpt><trkpt lat="40.292430" lon="-111.168822"></trkpt><trkpt lat="40.292340" lon="-111.168766"></trkpt><trkpt lat="40.291894" lon="-111.168628"></trkpt><trkpt lat="40.291475" lon="-111.168420"></trkpt><trkpt lat="40.291160" lon="-111.168461"></trkpt><trkpt lat="40.290872" lon="-111.168387"></trkpt><trkpt lat="40.290669" lon="-111.168272"></trkpt><trkpt lat="40.290480" lon="-111.167987"></trkpt><trkpt lat="40.290427" lon="-111.167556"></trkpt><trkpt lat="40.290350" lon="-111.167395"></trkpt><trkpt lat="40.290175" lon="-111.167216"></trkpt><trkpt lat="40.289977" lon="-111.167110"></trkpt><trkpt lat="40.289698" lon="-111.167055"></trkpt><trkpt lat="40.289549" lon="-111.166981"></trkpt><trkpt lat="40.289491" lon="-111.166912"></trkpt><trkpt lat="40.289441" lon="-111.166770"></trkpt><trkpt lat="40.289446" lon="-111.166545"></trkpt><trkpt lat="40.289587" lon="-111.166101"></trkpt><trkpt lat="40.289659" lon="-111.165583"></trkpt><trkpt lat="40.289800" lon="-111.164978"></trkpt><trkpt lat="40.289782" lon="-111.164657"></trkpt><trkpt lat="40.289755" lon="-111.164618"></trkpt><trkpt lat="40.289656" lon="-111.164598"></trkpt><trkpt lat="40.289341" lon="-111.164668"></trkpt><trkpt lat="40.288953" lon="-111.164702"></trkpt><trkpt lat="40.288543" lon="-111.164637"></trkpt><trkpt lat="40.287476" lon="-111.164663"></trkpt><trkpt lat="40.286836" lon="-111.164788"></trkpt><trkpt lat="40.285930" lon="-111.165131"></trkpt><trkpt lat="40.285082" lon="-111.165924"></trkpt><trkpt lat="40.284748" lon="-111.166141"></trkpt><trkpt lat="40.282513" lon="-111.166734"></trkpt><trkpt lat="40.281941" lon="-111.166859"></trkpt><trkpt lat="40.281387" lon="-111.166886"></trkpt><trkpt lat="40.280824" lon="-111.166835"></trkpt><trkpt lat="40.279703" lon="-111.166539"></trkpt><trkpt lat="40.278910" lon="-111.166433"></trkpt><trkpt lat="40.276757" lon="-111.166055"></trkpt><trkpt lat="40.274352" lon="-111.165759"></trkpt><trkpt lat="40.272636" lon="-111.165616"></trkpt><trkpt lat="40.272015" lon="-111.165533"></trkpt><trkpt lat="40.270574" lon="-111.165216"></trkpt><trkpt lat="40.270006" lon="-111.165156"></trkpt><trkpt lat="40.269150" lon="-111.165270"></trkpt><trkpt lat="40.267965" lon="-111.165546"></trkpt><trkpt lat="40.266780" lon="-111.165915"></trkpt><trkpt lat="40.266257" lon="-111.166193"></trkpt><trkpt lat="40.264156" lon="-111.167105"></trkpt><trkpt lat="40.263710" lon="-111.167232"></trkpt><trkpt lat="40.263291" lon="-111.167219"></trkpt><trkpt lat="40.263098" lon="-111.167149"></trkpt><trkpt lat="40.262837" lon="-111.166951"></trkpt><trkpt lat="40.262090" lon="-111.166206"></trkpt><trkpt lat="40.261878" lon="-111.166077"></trkpt><trkpt lat="40.260874" lon="-111.165610"></trkpt><trkpt lat="40.260100" lon="-111.165155"></trkpt><trkpt lat="40.259533" lon="-111.164887"></trkpt><trkpt lat="40.258552" lon="-111.164351"></trkpt><trkpt lat="40.257958" lon="-111.163954"></trkpt><trkpt lat="40.256383" lon="-111.162800"></trkpt><trkpt lat="40.256171" lon="-111.162684"></trkpt><trkpt lat="40.255635" lon="-111.162473"></trkpt><trkpt lat="40.254239" lon="-111.162180"></trkpt><trkpt lat="40.253077" lon="-111.161889"></trkpt><trkpt lat="40.251736" lon="-111.161369"></trkpt><trkpt lat="40.251047" lon="-111.161044"></trkpt><trkpt lat="40.250669" lon="-111.160728"></trkpt><trkpt lat="40.250561" lon="-111.160583"></trkpt><trkpt lat="40.250399" lon="-111.160203"></trkpt><trkpt lat="40.250283" lon="-111.159645"></trkpt><trkpt lat="40.250108" lon="-111.159104"></trkpt><trkpt lat="40.249942" lon="-111.158805"></trkpt><trkpt lat="40.249793" lon="-111.158643"></trkpt><trkpt lat="40.249487" lon="-111.158432"></trkpt><trkpt lat="40.249078" lon="-111.158246"></trkpt><trkpt lat="40.247543" lon="-111.157435"></trkpt><trkpt lat="40.246944" lon="-111.157046"></trkpt><trkpt lat="40.246561" lon="-111.156980"></trkpt><trkpt lat="40.245390" lon="-111.156873"></trkpt><trkpt lat="40.244075" lon="-111.156688"></trkpt><trkpt lat="40.243606" lon="-111.156772"></trkpt><trkpt lat="40.243106" lon="-111.156967"></trkpt><trkpt lat="40.243846" lon="-111.159398"></trkpt><trkpt lat="40.244227" lon="-111.160548"></trkpt><trkpt lat="40.244577" lon="-111.161824"></trkpt><trkpt lat="40.244693" lon="-111.162364"></trkpt><trkpt lat="40.244774" lon="-111.162900"></trkpt><trkpt lat="40.244853" lon="-111.164123"></trkpt><trkpt lat="40.244824" lon="-111.165487"></trkpt><trkpt lat="40.244651" lon="-111.167003"></trkpt><trkpt lat="40.244506" lon="-111.167626"></trkpt><trkpt lat="40.243954" lon="-111.169424"></trkpt><trkpt lat="40.243528" lon="-111.170974"></trkpt><trkpt lat="40.241546" lon="-111.177248"></trkpt><trkpt lat="40.241292" lon="-111.178187"></trkpt><trkpt lat="40.241129" lon="-111.178975"></trkpt><trkpt lat="40.241083" lon="-111.179580"></trkpt><trkpt lat="40.241090" lon="-111.180582"></trkpt><trkpt lat="40.241188" lon="-111.181566"></trkpt><trkpt lat="40.240457" lon="-111.181858"></trkpt><trkpt lat="40.239614" lon="-111.182287"></trkpt><trkpt lat="40.238640" lon="-111.182982"></trkpt><trkpt lat="40.236646" lon="-111.185014"></trkpt><trkpt lat="40.233988" lon="-111.187880"></trkpt><trkpt lat="40.233578" lon="-111.188262"></trkpt><trkpt lat="40.232847" lon="-111.188779"></trkpt><trkpt lat="40.232320" lon="-111.189050"></trkpt><trkpt lat="40.228637" lon="-111.190458"></trkpt><trkpt lat="40.227573" lon="-111.190911"></trkpt><trkpt lat="40.226351" lon="-111.191356"></trkpt><trkpt lat="40.225860" lon="-111.191425"></trkpt><trkpt lat="40.225527" lon="-111.191412"></trkpt><trkpt lat="40.223005" lon="-111.191067"></trkpt><trkpt lat="40.222451" lon="-111.190942"></trkpt><trkpt lat="40.221380" lon="-111.190447"></trkpt><trkpt lat="40.216987" lon="-111.188184"></trkpt><trkpt lat="40.215834" lon="-111.187636"></trkpt><trkpt lat="40.214714" lon="-111.187016"></trkpt><trkpt lat="40.214367" lon="-111.186860"></trkpt><trkpt lat="40.213917" lon="-111.186709"></trkpt><trkpt lat="40.213556" lon="-111.186669"></trkpt><trkpt lat="40.212971" lon="-111.186726"></trkpt><trkpt lat="40.210821" lon="-111.187330"></trkpt><trkpt lat="40.209690" lon="-111.187684"></trkpt><trkpt lat="40.208347" lon="-111.188037"></trkpt><trkpt lat="40.207846" lon="-111.188217"></trkpt><trkpt lat="40.206494" lon="-111.188557"></trkpt><trkpt lat="40.205192" lon="-111.188942"></trkpt><trkpt lat="40.204169" lon="-111.189121"></trkpt><trkpt lat="40.203529" lon="-111.189191"></trkpt><trkpt lat="40.202980" lon="-111.189235"></trkpt><trkpt lat="40.202083" lon="-111.189252"></trkpt><trkpt lat="40.201326" lon="-111.189191"></trkpt><trkpt lat="40.200439" lon="-111.189007"></trkpt><trkpt lat="40.199251" lon="-111.188673"></trkpt><trkpt lat="40.198112" lon="-111.188249"></trkpt><trkpt lat="40.196622" lon="-111.187447"></trkpt><trkpt lat="40.196032" lon="-111.187062"></trkpt><trkpt lat="40.194138" lon="-111.185663"></trkpt><trkpt lat="40.193373" lon="-111.185220"></trkpt><trkpt lat="40.192121" lon="-111.185073"></trkpt><trkpt lat="40.191170" lon="-111.185070"></trkpt><trkpt lat="40.190648" lon="-111.185022"></trkpt><trkpt lat="40.189751" lon="-111.185046"></trkpt><trkpt lat="40.189494" lon="-111.185129"></trkpt><trkpt lat="40.189269" lon="-111.185310"></trkpt><trkpt lat="40.189043" lon="-111.185575"></trkpt><trkpt lat="40.188754" lon="-111.186301"></trkpt><trkpt lat="40.188699" lon="-111.186860"></trkpt><trkpt lat="40.188696" lon="-111.188760"></trkpt><trkpt lat="40.188648" lon="-111.190073"></trkpt><trkpt lat="40.188561" lon="-111.191065"></trkpt><trkpt lat="40.188511" lon="-111.191428"></trkpt><trkpt lat="40.188402" lon="-111.191833"></trkpt><trkpt lat="40.188077" lon="-111.192335"></trkpt><trkpt lat="40.187820" lon="-111.192628"></trkpt><trkpt lat="40.187400" lon="-111.192976"></trkpt><trkpt lat="40.187143" lon="-111.193122"></trkpt><trkpt lat="40.186224" lon="-111.193539"></trkpt><trkpt lat="40.185696" lon="-111.193705"></trkpt><trkpt lat="40.184249" lon="-111.194260"></trkpt><trkpt lat="40.183884" lon="-111.194427"></trkpt><trkpt lat="40.183275" lon="-111.194830"></trkpt><trkpt lat="40.183081" lon="-111.195039"></trkpt><trkpt lat="40.182553" lon="-111.195960"></trkpt><trkpt lat="40.182255" lon="-111.196350"></trkpt><trkpt lat="40.182047" lon="-111.196517"></trkpt><trkpt lat="40.181781" lon="-111.196670"></trkpt><trkpt lat="40.180942" lon="-111.197368"></trkpt><trkpt lat="40.180487" lon="-111.197552"></trkpt><trkpt lat="40.180059" lon="-111.197588"></trkpt><trkpt lat="40.179577" lon="-111.197475"></trkpt><trkpt lat="40.178843" lon="-111.197217"></trkpt><trkpt lat="40.177980" lon="-111.196134"></trkpt><trkpt lat="40.177464" lon="-111.195101"></trkpt><trkpt lat="40.176633" lon="-111.193702"></trkpt><trkpt lat="40.176202" lon="-111.192908"></trkpt><trkpt lat="40.175900" lon="-111.192462"></trkpt><trkpt lat="40.174794" lon="-111.191557"></trkpt><trkpt lat="40.174443" lon="-111.191372"></trkpt><trkpt lat="40.174155" lon="-111.191284"></trkpt><trkpt lat="40.173871" lon="-111.191273"></trkpt><trkpt lat="40.173596" lon="-111.191304"></trkpt><trkpt lat="40.173177" lon="-111.191531"></trkpt><trkpt lat="40.172518" lon="-111.192149"></trkpt><trkpt lat="40.172243" lon="-111.192354"></trkpt><trkpt lat="40.171760" lon="-111.192831"></trkpt><trkpt lat="40.169913" lon="-111.195790"></trkpt><trkpt lat="40.169746" lon="-111.195958"></trkpt><trkpt lat="40.169331" lon="-111.196337"></trkpt><trkpt lat="40.167892" lon="-111.197408"></trkpt><trkpt lat="40.167008" lon="-111.197987"></trkpt><trkpt lat="40.166652" lon="-111.198062"></trkpt><trkpt lat="40.166319" lon="-111.197963"></trkpt><trkpt lat="40.164291" lon="-111.195742"></trkpt><trkpt lat="40.163958" lon="-111.195285"></trkpt><trkpt lat="40.163823" lon="-111.195013"></trkpt><trkpt lat="40.163707" lon="-111.194600"></trkpt><trkpt lat="40.163702" lon="-111.192363"></trkpt><trkpt lat="40.163634" lon="-111.192102"></trkpt><trkpt lat="40.163522" lon="-111.191867"></trkpt><trkpt lat="40.163180" lon="-111.191494"></trkpt><trkpt lat="40.162964" lon="-111.191377"></trkpt><trkpt lat="40.162811" lon="-111.191339"></trkpt><trkpt lat="40.162383" lon="-111.191360"></trkpt><trkpt lat="40.162153" lon="-111.191457"></trkpt><trkpt lat="40.161973" lon="-111.191641"></trkpt><trkpt lat="40.160966" lon="-111.193035"></trkpt><trkpt lat="40.160750" lon="-111.193181"></trkpt><trkpt lat="40.160407" lon="-111.193286"></trkpt><trkpt lat="40.160078" lon="-111.193285"></trkpt><trkpt lat="40.159858" lon="-111.193241"></trkpt><trkpt lat="40.159551" lon="-111.193099"></trkpt><trkpt lat="40.159362" lon="-111.192957"></trkpt><trkpt lat="40.159192" lon="-111.192769"></trkpt><trkpt lat="40.159016" lon="-111.192467"></trkpt><trkpt lat="40.158891" lon="-111.192117"></trkpt><trkpt lat="40.158565" lon="-111.190496"></trkpt><trkpt lat="40.158413" lon="-111.189516"></trkpt><trkpt lat="40.158314" lon="-111.189264"></trkpt><trkpt lat="40.158180" lon="-111.189040"></trkpt><trkpt lat="40.157869" lon="-111.188690"></trkpt><trkpt lat="40.157325" lon="-111.188255"></trkpt><trkpt lat="40.157069" lon="-111.187941"></trkpt><trkpt lat="40.156889" lon="-111.187533"></trkpt><trkpt lat="40.156809" lon="-111.186902"></trkpt><trkpt lat="40.156713" lon="-111.185064"></trkpt><trkpt lat="40.156605" lon="-111.184695"></trkpt><trkpt lat="40.156412" lon="-111.184258"></trkpt><trkpt lat="40.156197" lon="-111.183947"></trkpt><trkpt lat="40.155945" lon="-111.183762"></trkpt><trkpt lat="40.155711" lon="-111.183539"></trkpt><trkpt lat="40.155571" lon="-111.183393"></trkpt><trkpt lat="40.155432" lon="-111.183179"></trkpt><trkpt lat="40.155324" lon="-111.182946"></trkpt><trkpt lat="40.155262" lon="-111.182606"></trkpt><trkpt lat="40.155298" lon="-111.182209"></trkpt><trkpt lat="40.155493" lon="-111.181705"></trkpt><trkpt lat="40.155791" lon="-111.181250"></trkpt><trkpt lat="40.156080" lon="-111.180639"></trkpt><trkpt lat="40.156672" lon="-111.179652"></trkpt><trkpt lat="40.157471" lon="-111.178204"></trkpt><trkpt lat="40.157797" lon="-111.177506"></trkpt><trkpt lat="40.157924" lon="-111.177099"></trkpt><trkpt lat="40.157956" lon="-111.176614"></trkpt><trkpt lat="40.157911" lon="-111.176207"></trkpt><trkpt lat="40.157777" lon="-111.175692"></trkpt><trkpt lat="40.156686" lon="-111.173070"></trkpt><trkpt lat="40.156493" lon="-111.172672"></trkpt><trkpt lat="40.155896" lon="-111.171148"></trkpt><trkpt lat="40.155672" lon="-111.170759"></trkpt><trkpt lat="40.155429" lon="-111.170390"></trkpt><trkpt lat="40.155195" lon="-111.170147"></trkpt><trkpt lat="40.154556" lon="-111.169767"></trkpt><trkpt lat="40.154317" lon="-111.169765"></trkpt><trkpt lat="40.153768" lon="-111.169482"></trkpt><trkpt lat="40.153588" lon="-111.169233"></trkpt><trkpt lat="40.153368" lon="-111.169013"></trkpt><trkpt lat="40.153102" lon="-111.168527"></trkpt><trkpt lat="40.152725" lon="-111.167671"></trkpt><trkpt lat="40.151976" lon="-111.165668"></trkpt><trkpt lat="40.151917" lon="-111.165544"></trkpt><trkpt lat="40.151571" lon="-111.165185"></trkpt><trkpt lat="40.151360" lon="-111.165104"></trkpt><trkpt lat="40.151121" lon="-111.165069"></trkpt><trkpt lat="40.150909" lon="-111.165068"></trkpt><trkpt lat="40.150666" lon="-111.165137"></trkpt><trkpt lat="40.150278" lon="-111.165459"></trkpt><trkpt lat="40.148997" lon="-111.166669"></trkpt><trkpt lat="40.148722" lon="-111.166865"></trkpt><trkpt lat="40.148325" lon="-111.167014"></trkpt><trkpt lat="40.147915" lon="-111.167082"></trkpt><trkpt lat="40.147483" lon="-111.167070"></trkpt><trkpt lat="40.146375" lon="-111.166686"></trkpt><trkpt lat="40.145925" lon="-111.166569"></trkpt><trkpt lat="40.145587" lon="-111.166522"></trkpt><trkpt lat="40.145420" lon="-111.166539"></trkpt><trkpt lat="40.145249" lon="-111.166608"></trkpt><trkpt lat="40.144744" lon="-111.166965"></trkpt><trkpt lat="40.143561" lon="-111.168660"></trkpt><trkpt lat="40.143064" lon="-111.169502"></trkpt><trkpt lat="40.142798" lon="-111.170033"></trkpt><trkpt lat="40.142676" lon="-111.170390"></trkpt><trkpt lat="40.142621" lon="-111.170979"></trkpt><trkpt lat="40.142716" lon="-111.176315"></trkpt><trkpt lat="40.142814" lon="-111.177228"></trkpt><trkpt lat="40.142979" lon="-111.178245"></trkpt><trkpt lat="40.143405" lon="-111.179990"></trkpt><trkpt lat="40.143498" lon="-111.180544"></trkpt><trkpt lat="40.143686" lon="-111.181330"></trkpt><trkpt lat="40.143879" lon="-111.181937"></trkpt><trkpt lat="40.144072" lon="-111.182365"></trkpt><trkpt lat="40.144355" lon="-111.182955"></trkpt><trkpt lat="40.144674" lon="-111.183406"></trkpt><trkpt lat="40.144993" lon="-111.183731"></trkpt><trkpt lat="40.145304" lon="-111.183974"></trkpt><trkpt lat="40.146887" lon="-111.185572"></trkpt><trkpt lat="40.147161" lon="-111.185966"></trkpt><trkpt lat="40.147287" lon="-111.186209"></trkpt><trkpt lat="40.147345" lon="-111.186474"></trkpt><trkpt lat="40.147353" lon="-111.187064"></trkpt><trkpt lat="40.147303" lon="-111.187294"></trkpt><trkpt lat="40.147131" lon="-111.187744"></trkpt><trkpt lat="40.146955" lon="-111.187986"></trkpt><trkpt lat="40.146689" lon="-111.188159"></trkpt><trkpt lat="40.146225" lon="-111.188342"></trkpt><trkpt lat="40.145333" lon="-111.188536"></trkpt><trkpt lat="40.144197" lon="-111.188631"></trkpt><trkpt lat="40.143778" lon="-111.188596"></trkpt><trkpt lat="40.143310" lon="-111.188444"></trkpt><trkpt lat="40.142657" lon="-111.188142"></trkpt><trkpt lat="40.142036" lon="-111.187713"></trkpt><trkpt lat="40.141627" lon="-111.187314"></trkpt><trkpt lat="40.141159" lon="-111.186781"></trkpt><trkpt lat="40.140399" lon="-111.186132"></trkpt><trkpt lat="40.139054" lon="-111.185084"></trkpt><trkpt lat="40.138563" lon="-111.184736"></trkpt><trkpt lat="40.138123" lon="-111.184342"></trkpt><trkpt lat="40.137736" lon="-111.184121"></trkpt><trkpt lat="40.137434" lon="-111.184097"></trkpt><trkpt lat="40.137105" lon="-111.184154"></trkpt><trkpt lat="40.136627" lon="-111.184453"></trkpt><trkpt lat="40.136095" lon="-111.184902"></trkpt><trkpt lat="40.135896" lon="-111.184959"></trkpt><trkpt lat="40.135703" lon="-111.184959"></trkpt><trkpt lat="40.135527" lon="-111.184924"></trkpt><trkpt lat="40.135356" lon="-111.184831"></trkpt><trkpt lat="40.135073" lon="-111.184507"></trkpt><trkpt lat="40.134969" lon="-111.184275"></trkpt><trkpt lat="40.134907" lon="-111.183940"></trkpt><trkpt lat="40.134862" lon="-111.183663"></trkpt><trkpt lat="40.134881" lon="-111.183444"></trkpt><trkpt lat="40.134989" lon="-111.182959"></trkpt><trkpt lat="40.134936" lon="-111.182543"></trkpt><trkpt lat="40.134290" lon="-111.181075"></trkpt><trkpt lat="40.134137" lon="-111.180795"></trkpt><trkpt lat="40.133890" lon="-111.180530"></trkpt><trkpt lat="40.133701" lon="-111.180379"></trkpt><trkpt lat="40.133268" lon="-111.180302"></trkpt><trkpt lat="40.132908" lon="-111.180311"></trkpt><trkpt lat="40.131385" lon="-111.180212"></trkpt><trkpt lat="40.131039" lon="-111.180136"></trkpt><trkpt lat="40.130458" lon="-111.180078"></trkpt><trkpt lat="40.129575" lon="-111.179849"></trkpt><trkpt lat="40.129215" lon="-111.179697"></trkpt><trkpt lat="40.128954" lon="-111.179659"></trkpt><trkpt lat="40.128620" lon="-111.179545"></trkpt><trkpt lat="40.128044" lon="-111.179251"></trkpt><trkpt lat="40.125221" lon="-111.178164"></trkpt><trkpt lat="40.124352" lon="-111.177883"></trkpt><trkpt lat="40.122804" lon="-111.177295"></trkpt><trkpt lat="40.122083" lon="-111.177010"></trkpt><trkpt lat="40.121620" lon="-111.176769"></trkpt><trkpt lat="40.119846" lon="-111.176119"></trkpt><trkpt lat="40.118882" lon="-111.175542"></trkpt><trkpt lat="40.118806" lon="-111.175455"></trkpt></trkseg></trk><trk><name>T062 AU6D793</name><trkseg><trkpt lat="40.472796" lon="-111.224026"></trkpt><trkpt lat="40.471644" lon="-111.223810"></trkpt><trkpt lat="40.471083" lon="-111.223402"></trkpt><trkpt lat="40.470493" lon="-111.222897"></trkpt><trkpt lat="40.469859" lon="-111.222450"></trkpt><trkpt lat="40.468885" lon="-111.221943"></trkpt><trkpt lat="40.468338" lon="-111.221980"></trkpt><trkpt lat="40.468028" lon="-111.221902"></trkpt><trkpt lat="40.467629" lon="-111.221649"></trkpt><trkpt lat="40.466757" lon="-111.221685"></trkpt><trkpt lat="40.466314" lon="-111.221974"></trkpt><trkpt lat="40.465840" lon="-111.222146"></trkpt><trkpt lat="40.465324" lon="-111.221932"></trkpt><trkpt lat="40.465029" lon="-111.221544"></trkpt><trkpt lat="40.464455" lon="-111.220575"></trkpt><trkpt lat="40.463953" lon="-111.220186"></trkpt><trkpt lat="40.463643" lon="-111.219876"></trkpt><trkpt lat="40.463156" lon="-111.219487"></trkpt><trkpt lat="40.462817" lon="-111.219022"></trkpt><trkpt lat="40.462242" lon="-111.218362"></trkpt><trkpt lat="40.461652" lon="-111.217838"></trkpt><trkpt lat="40.461313" lon="-111.217450"></trkpt><trkpt lat="40.460916" lon="-111.216752"></trkpt><trkpt lat="40.460503" lon="-111.216190"></trkpt><trkpt lat="40.459943" lon="-111.215569"></trkpt><trkpt lat="40.459382" lon="-111.215181"></trkpt><trkpt lat="40.458924" lon="-111.214928"></trkpt><trkpt lat="40.458201" lon="-111.214712"></trkpt><trkpt lat="40.457049" lon="-111.214245"></trkpt><trkpt lat="40.456430" lon="-111.213759"></trkpt><trkpt lat="40.455884" lon="-111.213080"></trkpt><trkpt lat="40.455323" lon="-111.212885"></trkpt><trkpt lat="40.454909" lon="-111.212903"></trkpt><trkpt lat="40.454186" lon="-111.212746"></trkpt><trkpt lat="40.453639" lon="-111.212570"></trkpt><trkpt lat="40.453137" lon="-111.212221"></trkpt><trkpt lat="40.451722" lon="-111.210766"></trkpt><trkpt lat="40.450527" lon="-111.209369"></trkpt><trkpt lat="40.449863" lon="-111.208845"></trkpt><trkpt lat="40.449154" lon="-111.208746"></trkpt><trkpt lat="40.447868" lon="-111.209284"></trkpt><trkpt lat="40.447543" lon="-111.209302"></trkpt><trkpt lat="40.446527" lon="-111.207500"></trkpt><trkpt lat="40.446384" lon="-111.207119"></trkpt><trkpt lat="40.446227" lon="-111.206838"></trkpt><trkpt lat="40.445557" lon="-111.206137"></trkpt><trkpt lat="40.445338" lon="-111.205340"></trkpt><trkpt lat="40.445077" lon="-111.204912"></trkpt><trkpt lat="40.444915" lon="-111.204764"></trkpt><trkpt lat="40.444240" lon="-111.204316"></trkpt><trkpt lat="40.443984" lon="-111.204191"></trkpt><trkpt lat="40.443741" lon="-111.203960"></trkpt><trkpt lat="40.443552" lon="-111.203859"></trkpt><trkpt lat="40.443327" lon="-111.203821"></trkpt><trkpt lat="40.442944" lon="-111.203678"></trkpt><trkpt lat="40.442687" lon="-111.203682"></trkpt><trkpt lat="40.442430" lon="-111.203828"></trkpt><trkpt lat="40.442322" lon="-111.203855"></trkpt><trkpt lat="40.442025" lon="-111.203831"></trkpt><trkpt lat="40.441850" lon="-111.203743"></trkpt><trkpt lat="40.441162" lon="-111.203074"></trkpt><trkpt lat="40.440964" lon="-111.202761"></trkpt><trkpt lat="40.440748" lon="-111.202291"></trkpt><trkpt lat="40.440659" lon="-111.201647"></trkpt><trkpt lat="40.440552" lon="-111.201399"></trkpt><trkpt lat="40.439908" lon="-111.201194"></trkpt><trkpt lat="40.439539" lon="-111.201019"></trkpt><trkpt lat="40.439062" lon="-111.200980"></trkpt><trkpt lat="40.438656" lon="-111.200901"></trkpt><trkpt lat="40.437800" lon="-111.200917"></trkpt><trkpt lat="40.436742" lon="-111.200799"></trkpt><trkpt lat="40.436575" lon="-111.200858"></trkpt><trkpt lat="40.436336" lon="-111.201083"></trkpt><trkpt lat="40.436241" lon="-111.201133"></trkpt><trkpt lat="40.435836" lon="-111.201201"></trkpt><trkpt lat="40.435750" lon="-111.201260"></trkpt><trkpt lat="40.435714" lon="-111.201393"></trkpt><trkpt lat="40.435785" lon="-111.201900"></trkpt><trkpt lat="40.435753" lon="-111.201968"></trkpt><trkpt lat="40.435636" lon="-111.201973"></trkpt><trkpt lat="40.435173" lon="-111.201443"></trkpt><trkpt lat="40.434957" lon="-111.201276"></trkpt><trkpt lat="40.434606" lon="-111.201284"></trkpt><trkpt lat="40.434197" lon="-111.201012"></trkpt><trkpt lat="40.434097" lon="-111.200993"></trkpt><trkpt lat="40.433589" lon="-111.200748"></trkpt><trkpt lat="40.433062" lon="-111.200586"></trkpt><trkpt lat="40.432666" lon="-111.200322"></trkpt><trkpt lat="40.432536" lon="-111.200267"></trkpt><trkpt lat="40.432130" lon="-111.200242"></trkpt><trkpt lat="40.432027" lon="-111.200182"></trkpt><trkpt lat="40.431815" lon="-111.199958"></trkpt><trkpt lat="40.430594" lon="-111.197977"></trkpt><trkpt lat="40.430346" lon="-111.197717"></trkpt><trkpt lat="40.430058" lon="-111.197476"></trkpt><trkpt lat="40.429298" lon="-111.197151"></trkpt><trkpt lat="40.428996" lon="-111.196861"></trkpt><trkpt lat="40.428763" lon="-111.196440"></trkpt><trkpt lat="40.428718" lon="-111.196288"></trkpt><trkpt lat="40.428594" lon="-111.195308"></trkpt><trkpt lat="40.428486" lon="-111.195161"></trkpt><trkpt lat="40.428184" lon="-111.194969"></trkpt><trkpt lat="40.427720" lon="-111.194885"></trkpt><trkpt lat="40.427536" lon="-111.194796"></trkpt><trkpt lat="40.427442" lon="-111.194703"></trkpt><trkpt lat="40.427334" lon="-111.194571"></trkpt><trkpt lat="40.427257" lon="-111.194404"></trkpt><trkpt lat="40.427150" lon="-111.193914"></trkpt><trkpt lat="40.426921" lon="-111.193561"></trkpt><trkpt lat="40.426323" lon="-111.192855"></trkpt><trkpt lat="40.426189" lon="-111.192326"></trkpt><trkpt lat="40.426014" lon="-111.191831"></trkpt><trkpt lat="40.425938" lon="-111.191175"></trkpt><trkpt lat="40.425957" lon="-111.190994"></trkpt><trkpt lat="40.426346" lon="-111.190099"></trkpt><trkpt lat="40.426423" lon="-111.189801"></trkpt><trkpt lat="40.426387" lon="-111.189566"></trkpt><trkpt lat="40.426073" lon="-111.188880"></trkpt><trkpt lat="40.426041" lon="-111.188752"></trkpt><trkpt lat="40.426046" lon="-111.188508"></trkpt><trkpt lat="40.426105" lon="-111.188263"></trkpt><trkpt lat="40.426083" lon="-111.188091"></trkpt><trkpt lat="40.425966" lon="-111.187959"></trkpt><trkpt lat="40.425800" lon="-111.187870"></trkpt><trkpt lat="40.425485" lon="-111.187419"></trkpt><trkpt lat="40.425076" lon="-111.186924"></trkpt><trkpt lat="40.424873" lon="-111.186840"></trkpt><trkpt lat="40.424666" lon="-111.186820"></trkpt><trkpt lat="40.424486" lon="-111.186716"></trkpt><trkpt lat="40.424414" lon="-111.186633"></trkpt><trkpt lat="40.424230" lon="-111.186256"></trkpt><trkpt lat="40.424091" lon="-111.185692"></trkpt><trkpt lat="40.424011" lon="-111.185482"></trkpt><trkpt lat="40.423876" lon="-111.185276"></trkpt><trkpt lat="40.423786" lon="-111.185212"></trkpt><trkpt lat="40.423615" lon="-111.184942"></trkpt><trkpt lat="40.423355" lon="-111.183933"></trkpt><trkpt lat="40.423055" lon="-111.183164"></trkpt><trkpt lat="40.423015" lon="-111.182939"></trkpt><trkpt lat="40.422989" lon="-111.182024"></trkpt><trkpt lat="40.422940" lon="-111.181710"></trkpt><trkpt lat="40.422725" lon="-111.180902"></trkpt><trkpt lat="40.422653" lon="-111.180681"></trkpt><trkpt lat="40.422393" lon="-111.180167"></trkpt><trkpt lat="40.421872" lon="-111.179226"></trkpt><trkpt lat="40.421500" lon="-111.177895"></trkpt></trkseg></trk><trk><name>T063 AU6D793</name><trkseg><trkpt lat="40.759972" lon="-111.047578"></trkpt><trkpt lat="40.759566" lon="-111.047280"></trkpt><trkpt lat="40.759197" lon="-111.047219"></trkpt><trkpt lat="40.759017" lon="-111.047349"></trkpt><trkpt lat="40.758809" lon="-111.047791"></trkpt><trkpt lat="40.758575" lon="-111.048035"></trkpt><trkpt lat="40.758134" lon="-111.048203"></trkpt><trkpt lat="40.757908" lon="-111.048226"></trkpt><trkpt lat="40.757809" lon="-111.048188"></trkpt><trkpt lat="40.757746" lon="-111.048096"></trkpt><trkpt lat="40.757719" lon="-111.047982"></trkpt><trkpt lat="40.757755" lon="-111.047867"></trkpt><trkpt lat="40.758044" lon="-111.047478"></trkpt><trkpt lat="40.758296" lon="-111.046761"></trkpt><trkpt lat="40.758297" lon="-111.046189"></trkpt><trkpt lat="40.758243" lon="-111.046067"></trkpt><trkpt lat="40.758143" lon="-111.045991"></trkpt><trkpt lat="40.757873" lon="-111.045952"></trkpt><trkpt lat="40.757477" lon="-111.045960"></trkpt><trkpt lat="40.756990" lon="-111.046128"></trkpt><trkpt lat="40.756729" lon="-111.046273"></trkpt><trkpt lat="40.756621" lon="-111.046296"></trkpt><trkpt lat="40.756531" lon="-111.046281"></trkpt><trkpt lat="40.756427" lon="-111.045998"></trkpt><trkpt lat="40.756567" lon="-111.045731"></trkpt><trkpt lat="40.757000" lon="-111.045067"></trkpt><trkpt lat="40.757324" lon="-111.044876"></trkpt><trkpt lat="40.757459" lon="-111.044732"></trkpt><trkpt lat="40.757757" lon="-111.044304"></trkpt><trkpt lat="40.758081" lon="-111.043686"></trkpt><trkpt lat="40.758207" lon="-111.043534"></trkpt><trkpt lat="40.758514" lon="-111.043297"></trkpt><trkpt lat="40.758640" lon="-111.043160"></trkpt><trkpt lat="40.759064" lon="-111.042374"></trkpt><trkpt lat="40.759641" lon="-111.041512"></trkpt><trkpt lat="40.760479" lon="-111.040825"></trkpt><trkpt lat="40.760713" lon="-111.040680"></trkpt><trkpt lat="40.761145" lon="-111.040550"></trkpt><trkpt lat="40.761226" lon="-111.040719"></trkpt><trkpt lat="40.761077" lon="-111.041641"></trkpt><trkpt lat="40.761077" lon="-111.041855"></trkpt><trkpt lat="40.761082" lon="-111.042046"></trkpt><trkpt lat="40.761136" lon="-111.042237"></trkpt><trkpt lat="40.761226" lon="-111.042908"></trkpt><trkpt lat="40.761307" lon="-111.043000"></trkpt><trkpt lat="40.761604" lon="-111.043122"></trkpt><trkpt lat="40.761991" lon="-111.043175"></trkpt><trkpt lat="40.762104" lon="-111.043229"></trkpt><trkpt lat="40.762144" lon="-111.043297"></trkpt></trkseg></trk><trk><name>T064 AU6D793</name><trkseg><trkpt lat="40.751558" lon="-111.047379"></trkpt><trkpt lat="40.751873" lon="-111.046990"></trkpt><trkpt lat="40.752270" lon="-111.046608"></trkpt><trkpt lat="40.752774" lon="-111.045960"></trkpt><trkpt lat="40.753009" lon="-111.045746"></trkpt><trkpt lat="40.753234" lon="-111.045594"></trkpt><trkpt lat="40.753576" lon="-111.045464"></trkpt><trkpt lat="40.753928" lon="-111.045456"></trkpt><trkpt lat="40.754036" lon="-111.045502"></trkpt><trkpt lat="40.754099" lon="-111.045632"></trkpt><trkpt lat="40.754108" lon="-111.045739"></trkpt><trkpt lat="40.754027" lon="-111.045975"></trkpt><trkpt lat="40.753576" lon="-111.046586"></trkpt><trkpt lat="40.753391" lon="-111.046952"></trkpt><trkpt lat="40.753170" lon="-111.047623"></trkpt><trkpt lat="40.753008" lon="-111.048340"></trkpt><trkpt lat="40.753017" lon="-111.048447"></trkpt><trkpt lat="40.753080" lon="-111.048462"></trkpt><trkpt lat="40.753120" lon="-111.048417"></trkpt><trkpt lat="40.753472" lon="-111.047806"></trkpt><trkpt lat="40.753629" lon="-111.047623"></trkpt><trkpt lat="40.753940" lon="-111.047349"></trkpt><trkpt lat="40.754134" lon="-111.047242"></trkpt><trkpt lat="40.754549" lon="-111.047097"></trkpt><trkpt lat="40.754986" lon="-111.047013"></trkpt><trkpt lat="40.755323" lon="-111.046898"></trkpt><trkpt lat="40.755634" lon="-111.046730"></trkpt><trkpt lat="40.755738" lon="-111.046708"></trkpt><trkpt lat="40.756161" lon="-111.046326"></trkpt><trkpt lat="40.756427" lon="-111.045998"></trkpt></trkseg></trk><trk><name>T065 AU6D793</name><trkseg><trkpt lat="40.661496" lon="-110.875227"></trkpt><trkpt lat="40.662201" lon="-110.875908"></trkpt><trkpt lat="40.662328" lon="-110.876106"></trkpt><trkpt lat="40.662454" lon="-110.876411"></trkpt><trkpt lat="40.662643" lon="-110.876617"></trkpt><trkpt lat="40.662829" lon="-110.876946"></trkpt><trkpt lat="40.663022" lon="-110.877182"></trkpt><trkpt lat="40.663271" lon="-110.877617"></trkpt><trkpt lat="40.663695" lon="-110.878090"></trkpt><trkpt lat="40.663875" lon="-110.878410"></trkpt><trkpt lat="40.663948" lon="-110.878792"></trkpt><trkpt lat="40.664092" lon="-110.879089"></trkpt><trkpt lat="40.664408" lon="-110.879257"></trkpt><trkpt lat="40.664480" lon="-110.879448"></trkpt><trkpt lat="40.664611" lon="-110.880203"></trkpt><trkpt lat="40.664810" lon="-110.880356"></trkpt><trkpt lat="40.665274" lon="-110.880409"></trkpt><trkpt lat="40.665436" lon="-110.880364"></trkpt><trkpt lat="40.665895" lon="-110.880112"></trkpt><trkpt lat="40.665990" lon="-110.880157"></trkpt><trkpt lat="40.666107" lon="-110.880585"></trkpt><trkpt lat="40.666063" lon="-110.881104"></trkpt><trkpt lat="40.665712" lon="-110.881805"></trkpt><trkpt lat="40.665730" lon="-110.881920"></trkpt><trkpt lat="40.665780" lon="-110.881989"></trkpt><trkpt lat="40.665888" lon="-110.882012"></trkpt><trkpt lat="40.666059" lon="-110.881966"></trkpt><trkpt lat="40.666284" lon="-110.881813"></trkpt><trkpt lat="40.666631" lon="-110.881485"></trkpt><trkpt lat="40.667013" lon="-110.881195"></trkpt><trkpt lat="40.667193" lon="-110.881005"></trkpt><trkpt lat="40.667292" lon="-110.880554"></trkpt></trkseg></trk><trk><name>T066 AU6D793</name><trkseg><trkpt lat="40.540700" lon="-111.592436"></trkpt><trkpt lat="40.540417" lon="-111.592292"></trkpt><trkpt lat="40.539946" lon="-111.591809"></trkpt><trkpt lat="40.539561" lon="-111.591291"></trkpt><trkpt lat="40.539544" lon="-111.591204"></trkpt><trkpt lat="40.539817" lon="-111.590735"></trkpt><trkpt lat="40.539968" lon="-111.590239"></trkpt><trkpt lat="40.540118" lon="-111.589988"></trkpt><trkpt lat="40.540240" lon="-111.589855"></trkpt><trkpt lat="40.540561" lon="-111.589588"></trkpt><trkpt lat="40.540936" lon="-111.589462"></trkpt><trkpt lat="40.541275" lon="-111.589213"></trkpt><trkpt lat="40.541650" lon="-111.588867"></trkpt><trkpt lat="40.542012" lon="-111.588692"></trkpt><trkpt lat="40.542446" lon="-111.588371"></trkpt><trkpt lat="40.542829" lon="-111.588184"></trkpt><trkpt lat="40.542943" lon="-111.588081"></trkpt><trkpt lat="40.543120" lon="-111.587763"></trkpt><trkpt lat="40.543591" lon="-111.587295"></trkpt><trkpt lat="40.544161" lon="-111.586790"></trkpt><trkpt lat="40.544808" lon="-111.586121"></trkpt><trkpt lat="40.545270" lon="-111.585732"></trkpt><trkpt lat="40.545658" lon="-111.585521"></trkpt><trkpt lat="40.546082" lon="-111.585445"></trkpt><trkpt lat="40.546634" lon="-111.585063"></trkpt><trkpt lat="40.546886" lon="-111.585035"></trkpt><trkpt lat="40.547017" lon="-111.584968"></trkpt><trkpt lat="40.547678" lon="-111.584250"></trkpt><trkpt lat="40.548194" lon="-111.583776"></trkpt><trkpt lat="40.548492" lon="-111.583693"></trkpt><trkpt lat="40.548822" lon="-111.583450"></trkpt><trkpt lat="40.549065" lon="-111.583385"></trkpt><trkpt lat="40.549368" lon="-111.583271"></trkpt><trkpt lat="40.549589" lon="-111.583144"></trkpt><trkpt lat="40.549846" lon="-111.583072"></trkpt><trkpt lat="40.550157" lon="-111.583007"></trkpt><trkpt lat="40.550869" lon="-111.582952"></trkpt><trkpt lat="40.551058" lon="-111.582972"></trkpt><trkpt lat="40.551405" lon="-111.583110"></trkpt><trkpt lat="40.551832" lon="-111.583157"></trkpt><trkpt lat="40.552347" lon="-111.582947"></trkpt><trkpt lat="40.552568" lon="-111.582777"></trkpt><trkpt lat="40.552681" lon="-111.582778"></trkpt><trkpt lat="40.552933" lon="-111.582848"></trkpt><trkpt lat="40.553145" lon="-111.582849"></trkpt><trkpt lat="40.553807" lon="-111.582806"></trkpt><trkpt lat="40.554281" lon="-111.582706"></trkpt><trkpt lat="40.554429" lon="-111.582738"></trkpt><trkpt lat="40.554901" lon="-111.582944"></trkpt><trkpt lat="40.555203" lon="-111.582916"></trkpt><trkpt lat="40.555450" lon="-111.582980"></trkpt><trkpt lat="40.555590" lon="-111.582981"></trkpt><trkpt lat="40.555982" lon="-111.582929"></trkpt><trkpt lat="40.556081" lon="-111.582948"></trkpt><trkpt lat="40.556216" lon="-111.583054"></trkpt><trkpt lat="40.556358" lon="-111.583405"></trkpt><trkpt lat="40.556466" lon="-111.583424"></trkpt><trkpt lat="40.556574" lon="-111.583376"></trkpt><trkpt lat="40.556664" lon="-111.583408"></trkpt><trkpt lat="40.556997" lon="-111.583576"></trkpt><trkpt lat="40.557329" lon="-111.583806"></trkpt><trkpt lat="40.557558" lon="-111.583870"></trkpt><trkpt lat="40.557730" lon="-111.583846"></trkpt><trkpt lat="40.557978" lon="-111.583726"></trkpt><trkpt lat="40.558213" lon="-111.583488"></trkpt><trkpt lat="40.558435" lon="-111.583368"></trkpt><trkpt lat="40.558795" lon="-111.583359"></trkpt><trkpt lat="40.559241" lon="-111.583418"></trkpt><trkpt lat="40.559852" lon="-111.583607"></trkpt><trkpt lat="40.560095" lon="-111.583720"></trkpt><trkpt lat="40.561107" lon="-111.584017"></trkpt><trkpt lat="40.561561" lon="-111.584261"></trkpt><trkpt lat="40.561776" lon="-111.584447"></trkpt><trkpt lat="40.561965" lon="-111.584479"></trkpt><trkpt lat="40.562095" lon="-111.584590"></trkpt><trkpt lat="40.562256" lon="-111.584905"></trkpt><trkpt lat="40.562426" lon="-111.585103"></trkpt><trkpt lat="40.562684" lon="-111.585658"></trkpt><trkpt lat="40.562837" lon="-111.585837"></trkpt><trkpt lat="40.562931" lon="-111.585880"></trkpt><trkpt lat="40.563278" lon="-111.585890"></trkpt><trkpt lat="40.563687" lon="-111.586053"></trkpt><trkpt lat="40.564015" lon="-111.586270"></trkpt><trkpt lat="40.564397" lon="-111.586313"></trkpt></trkseg></trk><trk><name>T067 AU6D793</name><trkseg><trkpt lat="40.729792" lon="-111.172636"></trkpt><trkpt lat="40.729661" lon="-111.173018"></trkpt><trkpt lat="40.729426" lon="-111.173247"></trkpt><trkpt lat="40.729340" lon="-111.173529"></trkpt><trkpt lat="40.729353" lon="-111.173705"></trkpt><trkpt lat="40.729565" lon="-111.173926"></trkpt><trkpt lat="40.729749" lon="-111.174048"></trkpt><trkpt lat="40.730212" lon="-111.174605"></trkpt><trkpt lat="40.730077" lon="-111.174941"></trkpt><trkpt lat="40.730153" lon="-111.175162"></trkpt><trkpt lat="40.730157" lon="-111.175376"></trkpt><trkpt lat="40.730206" lon="-111.175589"></trkpt><trkpt lat="40.730507" lon="-111.176016"></trkpt><trkpt lat="40.730521" lon="-111.176123"></trkpt><trkpt lat="40.730363" lon="-111.176245"></trkpt><trkpt lat="40.730228" lon="-111.176169"></trkpt><trkpt lat="40.729760" lon="-111.176032"></trkpt><trkpt lat="40.729579" lon="-111.176085"></trkpt><trkpt lat="40.729336" lon="-111.176215"></trkpt><trkpt lat="40.728832" lon="-111.176184"></trkpt><trkpt lat="40.728516" lon="-111.176306"></trkpt><trkpt lat="40.728273" lon="-111.176260"></trkpt><trkpt lat="40.728065" lon="-111.176428"></trkpt><trkpt lat="40.727411" lon="-111.177268"></trkpt><trkpt lat="40.727172" lon="-111.177527"></trkpt><trkpt lat="40.726739" lon="-111.177855"></trkpt><trkpt lat="40.726117" lon="-111.178153"></trkpt><trkpt lat="40.725116" lon="-111.178488"></trkpt><trkpt lat="40.724607" lon="-111.178557"></trkpt><trkpt lat="40.724409" lon="-111.178618"></trkpt><trkpt lat="40.724053" lon="-111.178816"></trkpt><trkpt lat="40.723909" lon="-111.178915"></trkpt><trkpt lat="40.723484" lon="-111.179434"></trkpt><trkpt lat="40.723232" lon="-111.179594"></trkpt><trkpt lat="40.722768" lon="-111.179785"></trkpt><trkpt lat="40.722511" lon="-111.179991"></trkpt><trkpt lat="40.721816" lon="-111.180777"></trkpt><trkpt lat="40.721572" lon="-111.180945"></trkpt><trkpt lat="40.721148" lon="-111.181166"></trkpt><trkpt lat="40.719580" lon="-111.181860"></trkpt><trkpt lat="40.719246" lon="-111.182112"></trkpt><trkpt lat="40.718948" lon="-111.182417"></trkpt><trkpt lat="40.718114" lon="-111.183005"></trkpt><trkpt lat="40.717767" lon="-111.183333"></trkpt><trkpt lat="40.717600" lon="-111.183539"></trkpt><trkpt lat="40.717301" lon="-111.184256"></trkpt><trkpt lat="40.716981" lon="-111.184653"></trkpt><trkpt lat="40.716918" lon="-111.184797"></trkpt><trkpt lat="40.716836" lon="-111.185156"></trkpt><trkpt lat="40.716691" lon="-111.185454"></trkpt><trkpt lat="40.716493" lon="-111.185621"></trkpt><trkpt lat="40.715862" lon="-111.185957"></trkpt><trkpt lat="40.715780" lon="-111.186064"></trkpt><trkpt lat="40.715429" lon="-111.186346"></trkpt><trkpt lat="40.715050" lon="-111.186575"></trkpt><trkpt lat="40.714757" lon="-111.186819"></trkpt><trkpt lat="40.714581" lon="-111.187048"></trkpt><trkpt lat="40.713696" lon="-111.187956"></trkpt><trkpt lat="40.713503" lon="-111.188063"></trkpt><trkpt lat="40.712957" lon="-111.188482"></trkpt><trkpt lat="40.712637" lon="-111.188673"></trkpt><trkpt lat="40.712281" lon="-111.188627"></trkpt><trkpt lat="40.711903" lon="-111.188520"></trkpt><trkpt lat="40.711470" lon="-111.188467"></trkpt><trkpt lat="40.711137" lon="-111.188482"></trkpt><trkpt lat="40.710353" lon="-111.188612"></trkpt><trkpt lat="40.709785" lon="-111.189177"></trkpt><trkpt lat="40.709531" lon="-111.189794"></trkpt><trkpt lat="40.709247" lon="-111.190130"></trkpt><trkpt lat="40.708883" lon="-111.189947"></trkpt><trkpt lat="40.708469" lon="-111.189535"></trkpt><trkpt lat="40.707807" lon="-111.189459"></trkpt><trkpt lat="40.707104" lon="-111.189291"></trkpt><trkpt lat="40.705797" lon="-111.189733"></trkpt><trkpt lat="40.704342" lon="-111.190099"></trkpt><trkpt lat="40.703585" lon="-111.190176"></trkpt></trkseg></trk><trk><name>T068 AU6D793</name><trkseg><trkpt lat="40.964350" lon="-110.570087"></trkpt><trkpt lat="40.964490" lon="-110.570003"></trkpt><trkpt lat="40.964624" lon="-110.569790"></trkpt><trkpt lat="40.964816" lon="-110.569278"></trkpt><trkpt lat="40.965017" lon="-110.568989"></trkpt><trkpt lat="40.965107" lon="-110.568889"></trkpt><trkpt lat="40.965233" lon="-110.568813"></trkpt><trkpt lat="40.965456" lon="-110.568225"></trkpt><trkpt lat="40.965553" lon="-110.567783"></trkpt><trkpt lat="40.965820" lon="-110.566928"></trkpt><trkpt lat="40.966142" lon="-110.566303"></trkpt><trkpt lat="40.966456" lon="-110.565975"></trkpt><trkpt lat="40.966564" lon="-110.565792"></trkpt><trkpt lat="40.966730" lon="-110.565624"></trkpt><trkpt lat="40.966914" lon="-110.565509"></trkpt><trkpt lat="40.967107" lon="-110.565456"></trkpt><trkpt lat="40.967454" lon="-110.565265"></trkpt><trkpt lat="40.967740" lon="-110.564861"></trkpt><trkpt lat="40.968315" lon="-110.564258"></trkpt><trkpt lat="40.968462" lon="-110.563961"></trkpt><trkpt lat="40.968547" lon="-110.563861"></trkpt><trkpt lat="40.969402" lon="-110.563556"></trkpt><trkpt lat="40.969708" lon="-110.563396"></trkpt><trkpt lat="40.969833" lon="-110.563296"></trkpt><trkpt lat="40.969851" lon="-110.563319"></trkpt><trkpt lat="40.970892" lon="-110.563312"></trkpt><trkpt lat="40.971780" lon="-110.563396"></trkpt><trkpt lat="40.971906" lon="-110.563442"></trkpt><trkpt lat="40.972248" lon="-110.563472"></trkpt><trkpt lat="40.972761" lon="-110.563182"></trkpt><trkpt lat="40.972814" lon="-110.563099"></trkpt><trkpt lat="40.972949" lon="-110.563037"></trkpt><trkpt lat="40.973084" lon="-110.563037"></trkpt><trkpt lat="40.973211" lon="-110.563076"></trkpt><trkpt lat="40.973265" lon="-110.563167"></trkpt><trkpt lat="40.973565" lon="-110.563930"></trkpt><trkpt lat="40.973642" lon="-110.564075"></trkpt><trkpt lat="40.973706" lon="-110.564098"></trkpt><trkpt lat="40.973782" lon="-110.564021"></trkpt><trkpt lat="40.973821" lon="-110.563793"></trkpt><trkpt lat="40.973862" lon="-110.563724"></trkpt><trkpt lat="40.974087" lon="-110.563663"></trkpt><trkpt lat="40.974293" lon="-110.563457"></trkpt><trkpt lat="40.974608" lon="-110.563365"></trkpt><trkpt lat="40.974810" lon="-110.563099"></trkpt><trkpt lat="40.975031" lon="-110.563121"></trkpt><trkpt lat="40.975120" lon="-110.563022"></trkpt><trkpt lat="40.975467" lon="-110.562892"></trkpt><trkpt lat="40.975570" lon="-110.562785"></trkpt><trkpt lat="40.975759" lon="-110.562740"></trkpt><trkpt lat="40.976015" lon="-110.562519"></trkpt><trkpt lat="40.976267" lon="-110.562450"></trkpt><trkpt lat="40.976876" lon="-110.562732"></trkpt><trkpt lat="40.977083" lon="-110.562717"></trkpt><trkpt lat="40.978639" lon="-110.562183"></trkpt><trkpt lat="40.979197" lon="-110.561886"></trkpt><trkpt lat="40.979872" lon="-110.561649"></trkpt><trkpt lat="40.980241" lon="-110.561649"></trkpt><trkpt lat="40.980809" lon="-110.561801"></trkpt><trkpt lat="40.981120" lon="-110.561794"></trkpt><trkpt lat="40.981790" lon="-110.561458"></trkpt><trkpt lat="40.982195" lon="-110.561443"></trkpt><trkpt lat="40.983085" lon="-110.561061"></trkpt><trkpt lat="40.983472" lon="-110.561001"></trkpt><trkpt lat="40.984239" lon="-110.561283"></trkpt><trkpt lat="40.984762" lon="-110.561382"></trkpt><trkpt lat="40.985348" lon="-110.561412"></trkpt><trkpt lat="40.985784" lon="-110.561298"></trkpt><trkpt lat="40.986275" lon="-110.561122"></trkpt><trkpt lat="40.987112" lon="-110.560970"></trkpt><trkpt lat="40.987993" lon="-110.560634"></trkpt><trkpt lat="40.988453" lon="-110.560596"></trkpt><trkpt lat="40.988885" lon="-110.560627"></trkpt><trkpt lat="40.989868" lon="-110.560893"></trkpt><trkpt lat="40.990418" lon="-110.561084"></trkpt><trkpt lat="40.991357" lon="-110.561488"></trkpt><trkpt lat="40.991614" lon="-110.561657"></trkpt><trkpt lat="40.991836" lon="-110.561908"></trkpt><trkpt lat="40.992031" lon="-110.562259"></trkpt><trkpt lat="40.992288" lon="-110.562496"></trkpt><trkpt lat="40.992712" lon="-110.562610"></trkpt><trkpt lat="40.993027" lon="-110.562587"></trkpt><trkpt lat="40.993711" lon="-110.562221"></trkpt><trkpt lat="40.994637" lon="-110.561908"></trkpt><trkpt lat="40.994925" lon="-110.561840"></trkpt><trkpt lat="40.995286" lon="-110.561824"></trkpt><trkpt lat="40.995645" lon="-110.561664"></trkpt><trkpt lat="40.995987" lon="-110.561588"></trkpt><trkpt lat="40.996222" lon="-110.561611"></trkpt><trkpt lat="40.996664" lon="-110.561802"></trkpt><trkpt lat="40.997007" lon="-110.562122"></trkpt><trkpt lat="40.997244" lon="-110.562656"></trkpt><trkpt lat="40.997344" lon="-110.562961"></trkpt><trkpt lat="40.997771" lon="-110.563816"></trkpt><trkpt lat="40.998408" lon="-110.565547"></trkpt><trkpt lat="40.998570" lon="-110.565639"></trkpt><trkpt lat="40.998782" lon="-110.565685"></trkpt><trkpt lat="40.999157" lon="-110.565914"></trkpt><trkpt lat="40.999256" lon="-110.566043"></trkpt><trkpt lat="40.999294" lon="-110.566517"></trkpt><trkpt lat="40.999381" lon="-110.566791"></trkpt><trkpt lat="40.999729" lon="-110.567203"></trkpt></trkseg></trk><trk><name>T069 AU6D793</name><trkseg><trkpt lat="40.223523" lon="-111.273256"></trkpt><trkpt lat="40.223721" lon="-111.273051"></trkpt><trkpt lat="40.223867" lon="-111.272524"></trkpt><trkpt lat="40.223998" lon="-111.272279"></trkpt><trkpt lat="40.224196" lon="-111.272089"></trkpt><trkpt lat="40.224598" lon="-111.271894"></trkpt><trkpt lat="40.224706" lon="-111.271796"></trkpt><trkpt lat="40.224842" lon="-111.271643"></trkpt><trkpt lat="40.225285" lon="-111.270969"></trkpt><trkpt lat="40.225682" lon="-111.270492"></trkpt><trkpt lat="40.225845" lon="-111.270247"></trkpt><trkpt lat="40.225850" lon="-111.270161"></trkpt><trkpt lat="40.225805" lon="-111.270032"></trkpt><trkpt lat="40.225612" lon="-111.269877"></trkpt><trkpt lat="40.225297" lon="-111.269698"></trkpt><trkpt lat="40.224927" lon="-111.269666"></trkpt><trkpt lat="40.224626" lon="-111.269566"></trkpt><trkpt lat="40.224432" lon="-111.269387"></trkpt><trkpt lat="40.224365" lon="-111.269227"></trkpt><trkpt lat="40.224357" lon="-111.269062"></trkpt><trkpt lat="40.224452" lon="-111.268718"></trkpt><trkpt lat="40.224538" lon="-111.268595"></trkpt><trkpt lat="40.224786" lon="-111.268394"></trkpt><trkpt lat="40.225179" lon="-111.267953"></trkpt><trkpt lat="40.225364" lon="-111.267806"></trkpt><trkpt lat="40.226253" lon="-111.267232"></trkpt><trkpt lat="40.226510" lon="-111.267006"></trkpt><trkpt lat="40.227137" lon="-111.266640"></trkpt><trkpt lat="40.227733" lon="-111.266126"></trkpt><trkpt lat="40.228134" lon="-111.266017"></trkpt><trkpt lat="40.228283" lon="-111.265926"></trkpt><trkpt lat="40.228599" lon="-111.265497"></trkpt><trkpt lat="40.228817" lon="-111.264902"></trkpt><trkpt lat="40.228957" lon="-111.264688"></trkpt><trkpt lat="40.229047" lon="-111.264707"></trkpt><trkpt lat="40.229209" lon="-111.264867"></trkpt><trkpt lat="40.229299" lon="-111.264892"></trkpt><trkpt lat="40.229416" lon="-111.264868"></trkpt><trkpt lat="40.229502" lon="-111.264813"></trkpt><trkpt lat="40.229683" lon="-111.264555"></trkpt><trkpt lat="40.229741" lon="-111.264519"></trkpt><trkpt lat="40.229805" lon="-111.264378"></trkpt><trkpt lat="40.229792" lon="-111.263960"></trkpt><trkpt lat="40.229590" lon="-111.263535"></trkpt><trkpt lat="40.229190" lon="-111.263098"></trkpt><trkpt lat="40.229011" lon="-111.262839"></trkpt><trkpt lat="40.227756" lon="-111.261747"></trkpt><trkpt lat="40.227622" lon="-111.261593"></trkpt><trkpt lat="40.227379" lon="-111.261414"></trkpt><trkpt lat="40.226412" lon="-111.260415"></trkpt><trkpt lat="40.225739" lon="-111.259344"></trkpt><trkpt lat="40.225074" lon="-111.258469"></trkpt><trkpt lat="40.224823" lon="-111.258044"></trkpt><trkpt lat="40.224541" lon="-111.257410"></trkpt><trkpt lat="40.224316" lon="-111.256992"></trkpt><trkpt lat="40.224254" lon="-111.256783"></trkpt><trkpt lat="40.224188" lon="-111.256095"></trkpt><trkpt lat="40.224013" lon="-111.255480"></trkpt><trkpt lat="40.223889" lon="-111.254546"></trkpt><trkpt lat="40.223764" lon="-111.253974"></trkpt><trkpt lat="40.223693" lon="-111.253765"></trkpt><trkpt lat="40.223356" lon="-111.253162"></trkpt><trkpt lat="40.223204" lon="-111.252700"></trkpt><trkpt lat="40.223169" lon="-111.252387"></trkpt><trkpt lat="40.223197" lon="-111.251644"></trkpt><trkpt lat="40.223162" lon="-111.251386"></trkpt><trkpt lat="40.223108" lon="-111.251275"></trkpt><trkpt lat="40.223041" lon="-111.251207"></trkpt><trkpt lat="40.222802" lon="-111.251121"></trkpt><trkpt lat="40.222586" lon="-111.250997"></trkpt><trkpt lat="40.222303" lon="-111.250652"></trkpt><trkpt lat="40.221966" lon="-111.250411"></trkpt><trkpt lat="40.221755" lon="-111.250079"></trkpt><trkpt lat="40.221642" lon="-111.250035"></trkpt><trkpt lat="40.221115" lon="-111.250076"></trkpt><trkpt lat="40.220948" lon="-111.250076"></trkpt><trkpt lat="40.220831" lon="-111.250038"></trkpt><trkpt lat="40.220705" lon="-111.249927"></trkpt><trkpt lat="40.220517" lon="-111.249337"></trkpt><trkpt lat="40.220360" lon="-111.249134"></trkpt><trkpt lat="40.220221" lon="-111.249032"></trkpt><trkpt lat="40.219982" lon="-111.248962"></trkpt><trkpt lat="40.219933" lon="-111.248916"></trkpt><trkpt lat="40.219893" lon="-111.248718"></trkpt></trkseg></trk><trk><name>T070 AU6D793</name><trkseg><trkpt lat="41.010610" lon="-110.400060"></trkpt><trkpt lat="41.010695" lon="-110.400098"></trkpt><trkpt lat="41.010840" lon="-110.400236"></trkpt><trkpt lat="41.011282" lon="-110.401197"></trkpt><trkpt lat="41.011454" lon="-110.401357"></trkpt><trkpt lat="41.011580" lon="-110.401372"></trkpt><trkpt lat="41.011697" lon="-110.401334"></trkpt><trkpt lat="41.012195" lon="-110.400892"></trkpt><trkpt lat="41.012424" lon="-110.400838"></trkpt><trkpt lat="41.012533" lon="-110.400922"></trkpt><trkpt lat="41.012868" lon="-110.401312"></trkpt><trkpt lat="41.013230" lon="-110.401609"></trkpt><trkpt lat="41.013591" lon="-110.401792"></trkpt><trkpt lat="41.013732" lon="-110.401907"></trkpt><trkpt lat="41.013899" lon="-110.401991"></trkpt><trkpt lat="41.014115" lon="-110.402029"></trkpt><trkpt lat="41.014565" lon="-110.402037"></trkpt><trkpt lat="41.015785" lon="-110.401830"></trkpt><trkpt lat="41.016204" lon="-110.401808"></trkpt><trkpt lat="41.017733" lon="-110.401281"></trkpt><trkpt lat="41.018181" lon="-110.400968"></trkpt><trkpt lat="41.019030" lon="-110.400564"></trkpt><trkpt lat="41.019579" lon="-110.400434"></trkpt><trkpt lat="41.020501" lon="-110.400159"></trkpt><trkpt lat="41.021013" lon="-110.399854"></trkpt><trkpt lat="41.021331" lon="-110.399549"></trkpt><trkpt lat="41.021604" lon="-110.399129"></trkpt><trkpt lat="41.022005" lon="-110.398222"></trkpt><trkpt lat="41.022184" lon="-110.398039"></trkpt><trkpt lat="41.022243" lon="-110.398084"></trkpt><trkpt lat="41.022266" lon="-110.398168"></trkpt><trkpt lat="41.022145" lon="-110.398374"></trkpt><trkpt lat="41.022110" lon="-110.398504"></trkpt><trkpt lat="41.022076" lon="-110.398931"></trkpt><trkpt lat="41.021891" lon="-110.399785"></trkpt><trkpt lat="41.021900" lon="-110.399839"></trkpt><trkpt lat="41.022158" lon="-110.400030"></trkpt><trkpt lat="41.022235" lon="-110.400167"></trkpt><trkpt lat="41.022295" lon="-110.400365"></trkpt><trkpt lat="41.022315" lon="-110.400701"></trkpt><trkpt lat="41.022514" lon="-110.400976"></trkpt><trkpt lat="41.022559" lon="-110.400991"></trkpt><trkpt lat="41.022766" lon="-110.400899"></trkpt><trkpt lat="41.022982" lon="-110.400899"></trkpt><trkpt lat="41.023146" lon="-110.401090"></trkpt><trkpt lat="41.023264" lon="-110.401357"></trkpt><trkpt lat="41.023446" lon="-110.401632"></trkpt><trkpt lat="41.023599" lon="-110.401761"></trkpt><trkpt lat="41.023870" lon="-110.401830"></trkpt><trkpt lat="41.024712" lon="-110.401777"></trkpt><trkpt lat="41.024784" lon="-110.401731"></trkpt><trkpt lat="41.025057" lon="-110.401411"></trkpt><trkpt lat="41.025129" lon="-110.401411"></trkpt><trkpt lat="41.025130" lon="-110.401548"></trkpt><trkpt lat="41.025040" lon="-110.401678"></trkpt><trkpt lat="41.024776" lon="-110.401922"></trkpt><trkpt lat="41.023738" lon="-110.402356"></trkpt><trkpt lat="41.023413" lon="-110.402349"></trkpt><trkpt lat="41.023265" lon="-110.402395"></trkpt><trkpt lat="41.023135" lon="-110.402540"></trkpt><trkpt lat="41.023046" lon="-110.402708"></trkpt><trkpt lat="41.022944" lon="-110.403066"></trkpt><trkpt lat="41.022986" lon="-110.403410"></trkpt></trkseg></trk><trk><name>T071 AU6D793</name><trkseg><trkpt lat="40.627942" lon="-110.932594"></trkpt><trkpt lat="40.627767" lon="-110.932632"></trkpt><trkpt lat="40.627568" lon="-110.932525"></trkpt><trkpt lat="40.627442" lon="-110.932396"></trkpt><trkpt lat="40.627118" lon="-110.931877"></trkpt><trkpt lat="40.626770" lon="-110.931015"></trkpt><trkpt lat="40.626738" lon="-110.930305"></trkpt><trkpt lat="40.626666" lon="-110.930069"></trkpt><trkpt lat="40.626513" lon="-110.929924"></trkpt><trkpt lat="40.626242" lon="-110.929573"></trkpt><trkpt lat="40.626233" lon="-110.929496"></trkpt><trkpt lat="40.626341" lon="-110.929039"></trkpt><trkpt lat="40.626287" lon="-110.928894"></trkpt><trkpt lat="40.626187" lon="-110.927902"></trkpt><trkpt lat="40.626146" lon="-110.926185"></trkpt><trkpt lat="40.626114" lon="-110.925857"></trkpt><trkpt lat="40.625680" lon="-110.924476"></trkpt><trkpt lat="40.625730" lon="-110.924042"></trkpt></trkseg></trk><trk><name>T072 AU6D793</name><trkseg><trkpt lat="40.527685" lon="-112.590393"></trkpt><trkpt lat="40.527474" lon="-112.590301"></trkpt><trkpt lat="40.527330" lon="-112.590286"></trkpt><trkpt lat="40.526991" lon="-112.590370"></trkpt><trkpt lat="40.526771" lon="-112.590316"></trkpt><trkpt lat="40.526685" lon="-112.590331"></trkpt><trkpt lat="40.526425" lon="-112.590583"></trkpt><trkpt lat="40.526211" lon="-112.590736"></trkpt><trkpt lat="40.526071" lon="-112.590759"></trkpt><trkpt lat="40.525776" lon="-112.590591"></trkpt><trkpt lat="40.525650" lon="-112.590606"></trkpt><trkpt lat="40.525454" lon="-112.590804"></trkpt><trkpt lat="40.525322" lon="-112.590896"></trkpt><trkpt lat="40.525182" lon="-112.590942"></trkpt><trkpt lat="40.524970" lon="-112.590904"></trkpt><trkpt lat="40.524640" lon="-112.590720"></trkpt><trkpt lat="40.524554" lon="-112.590697"></trkpt><trkpt lat="40.524473" lon="-112.590721"></trkpt><trkpt lat="40.524263" lon="-112.590888"></trkpt><trkpt lat="40.524012" lon="-112.591163"></trkpt><trkpt lat="40.523452" lon="-112.591598"></trkpt><trkpt lat="40.523248" lon="-112.591682"></trkpt><trkpt lat="40.523141" lon="-112.591636"></trkpt><trkpt lat="40.523088" lon="-112.591552"></trkpt><trkpt lat="40.523052" lon="-112.591201"></trkpt><trkpt lat="40.522986" lon="-112.591071"></trkpt><trkpt lat="40.522649" lon="-112.591003"></trkpt><trkpt lat="40.522494" lon="-112.590865"></trkpt><trkpt lat="40.522408" lon="-112.590835"></trkpt><trkpt lat="40.521877" lon="-112.590812"></trkpt><trkpt lat="40.521025" lon="-112.590568"></trkpt><trkpt lat="40.520508" lon="-112.590469"></trkpt><trkpt lat="40.520334" lon="-112.590369"></trkpt><trkpt lat="40.520258" lon="-112.590286"></trkpt><trkpt lat="40.519945" lon="-112.590156"></trkpt><trkpt lat="40.519440" lon="-112.589828"></trkpt><trkpt lat="40.519311" lon="-112.589767"></trkpt><trkpt lat="40.519140" lon="-112.589736"></trkpt><trkpt lat="40.519087" lon="-112.589629"></trkpt><trkpt lat="40.519151" lon="-112.588966"></trkpt><trkpt lat="40.519129" lon="-112.588928"></trkpt><trkpt lat="40.518873" lon="-112.589195"></trkpt><trkpt lat="40.518648" lon="-112.589499"></trkpt><trkpt lat="40.518571" lon="-112.589522"></trkpt><trkpt lat="40.518533" lon="-112.589332"></trkpt><trkpt lat="40.518550" lon="-112.588775"></trkpt><trkpt lat="40.518510" lon="-112.588699"></trkpt><trkpt lat="40.518341" lon="-112.588546"></trkpt><trkpt lat="40.518285" lon="-112.588386"></trkpt><trkpt lat="40.518290" lon="-112.587348"></trkpt><trkpt lat="40.518236" lon="-112.587051"></trkpt><trkpt lat="40.518170" lon="-112.586921"></trkpt><trkpt lat="40.518054" lon="-112.586829"></trkpt><trkpt lat="40.517159" lon="-112.587051"></trkpt><trkpt lat="40.516876" lon="-112.587020"></trkpt><trkpt lat="40.516505" lon="-112.586822"></trkpt><trkpt lat="40.516362" lon="-112.586692"></trkpt><trkpt lat="40.515821" lon="-112.586051"></trkpt><trkpt lat="40.515548" lon="-112.585318"></trkpt><trkpt lat="40.515446" lon="-112.585174"></trkpt><trkpt lat="40.515228" lon="-112.584975"></trkpt><trkpt lat="40.515119" lon="-112.584754"></trkpt><trkpt lat="40.514884" lon="-112.584418"></trkpt><trkpt lat="40.513704" lon="-112.583129"></trkpt><trkpt lat="40.513421" lon="-112.583052"></trkpt><trkpt lat="40.513088" lon="-112.583037"></trkpt><trkpt lat="40.512895" lon="-112.582992"></trkpt><trkpt lat="40.512512" lon="-112.583006"></trkpt><trkpt lat="40.512380" lon="-112.583090"></trkpt><trkpt lat="40.512203" lon="-112.583510"></trkpt><trkpt lat="40.511738" lon="-112.583609"></trkpt><trkpt lat="40.511617" lon="-112.583541"></trkpt><trkpt lat="40.511521" lon="-112.583342"></trkpt><trkpt lat="40.510893" lon="-112.583159"></trkpt><trkpt lat="40.510680" lon="-112.582907"></trkpt><trkpt lat="40.510538" lon="-112.582793"></trkpt><trkpt lat="40.510045" lon="-112.582556"></trkpt><trkpt lat="40.509763" lon="-112.582488"></trkpt><trkpt lat="40.509538" lon="-112.582473"></trkpt><trkpt lat="40.509104" lon="-112.582572"></trkpt><trkpt lat="40.508566" lon="-112.582999"></trkpt><trkpt lat="40.508376" lon="-112.583060"></trkpt><trkpt lat="40.508001" lon="-112.582831"></trkpt><trkpt lat="40.507852" lon="-112.582854"></trkpt><trkpt lat="40.507767" lon="-112.582823"></trkpt><trkpt lat="40.507581" lon="-112.582923"></trkpt><trkpt lat="40.507509" lon="-112.582915"></trkpt><trkpt lat="40.507456" lon="-112.582869"></trkpt><trkpt lat="40.507203" lon="-112.582862"></trkpt><trkpt lat="40.506940" lon="-112.582701"></trkpt><trkpt lat="40.506814" lon="-112.582663"></trkpt><trkpt lat="40.506565" lon="-112.582763"></trkpt><trkpt lat="40.506446" lon="-112.582884"></trkpt><trkpt lat="40.506383" lon="-112.582907"></trkpt><trkpt lat="40.506031" lon="-112.582648"></trkpt><trkpt lat="40.505939" lon="-112.582801"></trkpt><trkpt lat="40.505885" lon="-112.582755"></trkpt><trkpt lat="40.505802" lon="-112.582564"></trkpt><trkpt lat="40.505727" lon="-112.582473"></trkpt><trkpt lat="40.505521" lon="-112.582373"></trkpt><trkpt lat="40.505432" lon="-112.582289"></trkpt><trkpt lat="40.505266" lon="-112.581938"></trkpt><trkpt lat="40.505113" lon="-112.581236"></trkpt><trkpt lat="40.504915" lon="-112.580946"></trkpt><trkpt lat="40.504807" lon="-112.580588"></trkpt><trkpt lat="40.504562" lon="-112.580351"></trkpt><trkpt lat="40.504284" lon="-112.579940"></trkpt><trkpt lat="40.503805" lon="-112.579764"></trkpt><trkpt lat="40.503579" lon="-112.579771"></trkpt><trkpt lat="40.503455" lon="-112.579642"></trkpt><trkpt lat="40.503145" lon="-112.579550"></trkpt><trkpt lat="40.502970" lon="-112.579542"></trkpt><trkpt lat="40.502587" lon="-112.579779"></trkpt><trkpt lat="40.502413" lon="-112.579756"></trkpt><trkpt lat="40.502382" lon="-112.579726"></trkpt><trkpt lat="40.502356" lon="-112.579627"></trkpt><trkpt lat="40.502374" lon="-112.579306"></trkpt><trkpt lat="40.502449" lon="-112.578757"></trkpt><trkpt lat="40.502464" lon="-112.578329"></trkpt><trkpt lat="40.502440" lon="-112.578131"></trkpt><trkpt lat="40.502339" lon="-112.577902"></trkpt><trkpt lat="40.502088" lon="-112.577528"></trkpt><trkpt lat="40.501865" lon="-112.577322"></trkpt><trkpt lat="40.501733" lon="-112.577124"></trkpt><trkpt lat="40.501523" lon="-112.576964"></trkpt><trkpt lat="40.501440" lon="-112.576788"></trkpt><trkpt lat="40.501360" lon="-112.576704"></trkpt><trkpt lat="40.501132" lon="-112.576605"></trkpt><trkpt lat="40.501016" lon="-112.576498"></trkpt><trkpt lat="40.500832" lon="-112.576445"></trkpt><trkpt lat="40.500654" lon="-112.576269"></trkpt><trkpt lat="40.500476" lon="-112.576163"></trkpt><trkpt lat="40.500363" lon="-112.576163"></trkpt><trkpt lat="40.499942" lon="-112.576338"></trkpt><trkpt lat="40.499707" lon="-112.576399"></trkpt><trkpt lat="40.499353" lon="-112.576605"></trkpt><trkpt lat="40.499141" lon="-112.576887"></trkpt><trkpt lat="40.499002" lon="-112.576895"></trkpt><trkpt lat="40.498735" lon="-112.576636"></trkpt><trkpt lat="40.498614" lon="-112.576559"></trkpt><trkpt lat="40.498403" lon="-112.576544"></trkpt><trkpt lat="40.497362" lon="-112.576254"></trkpt><trkpt lat="40.496961" lon="-112.576231"></trkpt><trkpt lat="40.496848" lon="-112.576292"></trkpt><trkpt lat="40.496703" lon="-112.576674"></trkpt><trkpt lat="40.496397" lon="-112.576964"></trkpt><trkpt lat="40.496221" lon="-112.577040"></trkpt><trkpt lat="40.496163" lon="-112.576971"></trkpt><trkpt lat="40.496064" lon="-112.576979"></trkpt><trkpt lat="40.495914" lon="-112.577055"></trkpt><trkpt lat="40.495809" lon="-112.577185"></trkpt><trkpt lat="40.495673" lon="-112.577216"></trkpt><trkpt lat="40.495514" lon="-112.577322"></trkpt><trkpt lat="40.495386" lon="-112.577467"></trkpt><trkpt lat="40.495180" lon="-112.578070"></trkpt><trkpt lat="40.494850" lon="-112.578436"></trkpt><trkpt lat="40.494651" lon="-112.578871"></trkpt><trkpt lat="40.494568" lon="-112.578955"></trkpt><trkpt lat="40.494474" lon="-112.578955"></trkpt><trkpt lat="40.494340" lon="-112.578825"></trkpt><trkpt lat="40.494106" lon="-112.578871"></trkpt><trkpt lat="40.493974" lon="-112.578955"></trkpt><trkpt lat="40.493736" lon="-112.579222"></trkpt><trkpt lat="40.493636" lon="-112.579252"></trkpt><trkpt lat="40.493543" lon="-112.579192"></trkpt><trkpt lat="40.493486" lon="-112.579077"></trkpt><trkpt lat="40.493497" lon="-112.578909"></trkpt><trkpt lat="40.493568" lon="-112.578688"></trkpt><trkpt lat="40.493775" lon="-112.578322"></trkpt><trkpt lat="40.493804" lon="-112.578184"></trkpt><trkpt lat="40.493800" lon="-112.577803"></trkpt><trkpt lat="40.493312" lon="-112.577635"></trkpt><trkpt lat="40.493214" lon="-112.577544"></trkpt><trkpt lat="40.493144" lon="-112.577360"></trkpt><trkpt lat="40.493120" lon="-112.577170"></trkpt><trkpt lat="40.493247" lon="-112.576788"></trkpt><trkpt lat="40.493498" lon="-112.576536"></trkpt><trkpt lat="40.493567" lon="-112.576429"></trkpt><trkpt lat="40.493624" lon="-112.576231"></trkpt><trkpt lat="40.493749" lon="-112.575598"></trkpt><trkpt lat="40.493691" lon="-112.574950"></trkpt><trkpt lat="40.493315" lon="-112.574766"></trkpt><trkpt lat="40.493153" lon="-112.574736"></trkpt><trkpt lat="40.493013" lon="-112.574759"></trkpt><trkpt lat="40.492895" lon="-112.574865"></trkpt><trkpt lat="40.492815" lon="-112.575109"></trkpt><trkpt lat="40.492698" lon="-112.575735"></trkpt><trkpt lat="40.492187" lon="-112.576201"></trkpt><trkpt lat="40.491636" lon="-112.576353"></trkpt><trkpt lat="40.491230" lon="-112.576399"></trkpt><trkpt lat="40.490325" lon="-112.576353"></trkpt><trkpt lat="40.489484" lon="-112.576239"></trkpt><trkpt lat="40.489137" lon="-112.576231"></trkpt><trkpt lat="40.488140" lon="-112.576369"></trkpt><trkpt lat="40.487986" lon="-112.576452"></trkpt><trkpt lat="40.487750" lon="-112.576887"></trkpt><trkpt lat="40.487640" lon="-112.577032"></trkpt><trkpt lat="40.487181" lon="-112.577345"></trkpt><trkpt lat="40.486582" lon="-112.577635"></trkpt><trkpt lat="40.485424" lon="-112.578039"></trkpt><trkpt lat="40.485278" lon="-112.578146"></trkpt><trkpt lat="40.484952" lon="-112.578901"></trkpt><trkpt lat="40.484700" lon="-112.578917"></trkpt><trkpt lat="40.484186" lon="-112.578650"></trkpt><trkpt lat="40.483852" lon="-112.578673"></trkpt><trkpt lat="40.483576" lon="-112.578780"></trkpt><trkpt lat="40.483220" lon="-112.579070"></trkpt><trkpt lat="40.482975" lon="-112.579222"></trkpt><trkpt lat="40.482286" lon="-112.579581"></trkpt><trkpt lat="40.481658" lon="-112.579993"></trkpt><trkpt lat="40.481214" lon="-112.580237"></trkpt><trkpt lat="40.481126" lon="-112.580374"></trkpt><trkpt lat="40.481016" lon="-112.580855"></trkpt><trkpt lat="40.480859" lon="-112.581107"></trkpt><trkpt lat="40.480534" lon="-112.581503"></trkpt><trkpt lat="40.480171" lon="-112.582381"></trkpt><trkpt lat="40.480046" lon="-112.582595"></trkpt><trkpt lat="40.479419" lon="-112.582984"></trkpt><trkpt lat="40.479032" lon="-112.583014"></trkpt><trkpt lat="40.478868" lon="-112.583106"></trkpt><trkpt lat="40.478692" lon="-112.583129"></trkpt><trkpt lat="40.478261" lon="-112.583052"></trkpt><trkpt lat="40.478055" lon="-112.582930"></trkpt><trkpt lat="40.477923" lon="-112.582717"></trkpt><trkpt lat="40.477789" lon="-112.582602"></trkpt><trkpt lat="40.477440" lon="-112.582495"></trkpt><trkpt lat="40.477251" lon="-112.582473"></trkpt><trkpt lat="40.477128" lon="-112.582549"></trkpt><trkpt lat="40.476827" lon="-112.582839"></trkpt><trkpt lat="40.476738" lon="-112.583106"></trkpt><trkpt lat="40.476678" lon="-112.583152"></trkpt><trkpt lat="40.476503" lon="-112.583113"></trkpt><trkpt lat="40.476386" lon="-112.583121"></trkpt><trkpt lat="40.476145" lon="-112.583289"></trkpt><trkpt lat="40.476037" lon="-112.583319"></trkpt><trkpt lat="40.475942" lon="-112.583281"></trkpt><trkpt lat="40.475881" lon="-112.583182"></trkpt><trkpt lat="40.475640" lon="-112.582968"></trkpt><trkpt lat="40.475330" lon="-112.582907"></trkpt><trkpt lat="40.475160" lon="-112.582823"></trkpt><trkpt lat="40.474827" lon="-112.582503"></trkpt><trkpt lat="40.474631" lon="-112.582365"></trkpt><trkpt lat="40.474388" lon="-112.582320"></trkpt><trkpt lat="40.474131" lon="-112.582320"></trkpt><trkpt lat="40.474036" lon="-112.582381"></trkpt><trkpt lat="40.473893" lon="-112.582610"></trkpt><trkpt lat="40.473730" lon="-112.582701"></trkpt><trkpt lat="40.473522" lon="-112.582762"></trkpt><trkpt lat="40.473225" lon="-112.582717"></trkpt><trkpt lat="40.473053" lon="-112.582770"></trkpt><trkpt lat="40.472543" lon="-112.582846"></trkpt><trkpt lat="40.472324" lon="-112.583052"></trkpt><trkpt lat="40.472066" lon="-112.583136"></trkpt><trkpt lat="40.471663" lon="-112.583342"></trkpt><trkpt lat="40.471173" lon="-112.583899"></trkpt><trkpt lat="40.471100" lon="-112.583937"></trkpt><trkpt lat="40.470531" lon="-112.584044"></trkpt><trkpt lat="40.470163" lon="-112.584288"></trkpt><trkpt lat="40.470000" lon="-112.584349"></trkpt><trkpt lat="40.469856" lon="-112.584342"></trkpt><trkpt lat="40.469691" lon="-112.584250"></trkpt><trkpt lat="40.469542" lon="-112.584235"></trkpt><trkpt lat="40.469114" lon="-112.584288"></trkpt><trkpt lat="40.469015" lon="-112.584273"></trkpt><trkpt lat="40.468899" lon="-112.584189"></trkpt><trkpt lat="40.468809" lon="-112.584181"></trkpt><trkpt lat="40.468740" lon="-112.584242"></trkpt><trkpt lat="40.468730" lon="-112.584349"></trkpt><trkpt lat="40.468794" lon="-112.584631"></trkpt><trkpt lat="40.468757" lon="-112.584708"></trkpt><trkpt lat="40.468652" lon="-112.584754"></trkpt><trkpt lat="40.468427" lon="-112.584441"></trkpt><trkpt lat="40.468253" lon="-112.584342"></trkpt><trkpt lat="40.468122" lon="-112.584326"></trkpt><trkpt lat="40.467737" lon="-112.584456"></trkpt><trkpt lat="40.467277" lon="-112.584891"></trkpt><trkpt lat="40.466913" lon="-112.585143"></trkpt><trkpt lat="40.466642" lon="-112.585494"></trkpt><trkpt lat="40.466515" lon="-112.585562"></trkpt><trkpt lat="40.466344" lon="-112.585540"></trkpt><trkpt lat="40.466188" lon="-112.585433"></trkpt><trkpt lat="40.466085" lon="-112.585410"></trkpt><trkpt lat="40.465509" lon="-112.585379"></trkpt><trkpt lat="40.465350" lon="-112.585456"></trkpt><trkpt lat="40.465081" lon="-112.585662"></trkpt><trkpt lat="40.464755" lon="-112.586150"></trkpt><trkpt lat="40.464380" lon="-112.586234"></trkpt><trkpt lat="40.463909" lon="-112.586424"></trkpt><trkpt lat="40.463480" lon="-112.586508"></trkpt><trkpt lat="40.462952" lon="-112.586539"></trkpt><trkpt lat="40.462759" lon="-112.586501"></trkpt><trkpt lat="40.462500" lon="-112.586348"></trkpt><trkpt lat="40.462450" lon="-112.586402"></trkpt><trkpt lat="40.462388" lon="-112.586600"></trkpt><trkpt lat="40.461915" lon="-112.587287"></trkpt><trkpt lat="40.461335" lon="-112.587867"></trkpt><trkpt lat="40.460891" lon="-112.588424"></trkpt><trkpt lat="40.460832" lon="-112.588431"></trkpt><trkpt lat="40.460788" lon="-112.588378"></trkpt><trkpt lat="40.460789" lon="-112.587256"></trkpt><trkpt lat="40.460767" lon="-112.587241"></trkpt><trkpt lat="40.460192" lon="-112.587775"></trkpt><trkpt lat="40.460019" lon="-112.587897"></trkpt><trkpt lat="40.459784" lon="-112.587989"></trkpt><trkpt lat="40.459593" lon="-112.588103"></trkpt><trkpt lat="40.459440" lon="-112.588133"></trkpt><trkpt lat="40.459089" lon="-112.588095"></trkpt><trkpt lat="40.458917" lon="-112.588111"></trkpt><trkpt lat="40.458483" lon="-112.588225"></trkpt><trkpt lat="40.458276" lon="-112.588218"></trkpt><trkpt lat="40.457939" lon="-112.588149"></trkpt><trkpt lat="40.457452" lon="-112.587867"></trkpt><trkpt lat="40.456896" lon="-112.587386"></trkpt><trkpt lat="40.456430" lon="-112.587211"></trkpt><trkpt lat="40.456422" lon="-112.587103"></trkpt><trkpt lat="40.456966" lon="-112.585540"></trkpt><trkpt lat="40.456941" lon="-112.585425"></trkpt><trkpt lat="40.456696" lon="-112.585562"></trkpt><trkpt lat="40.456533" lon="-112.585593"></trkpt><trkpt lat="40.456277" lon="-112.585845"></trkpt><trkpt lat="40.456083" lon="-112.585936"></trkpt><trkpt lat="40.455708" lon="-112.586005"></trkpt><trkpt lat="40.455005" lon="-112.586020"></trkpt><trkpt lat="40.453988" lon="-112.586249"></trkpt><trkpt lat="40.453008" lon="-112.586425"></trkpt><trkpt lat="40.452732" lon="-112.586547"></trkpt><trkpt lat="40.452363" lon="-112.586821"></trkpt><trkpt lat="40.451936" lon="-112.586775"></trkpt><trkpt lat="40.451579" lon="-112.586898"></trkpt><trkpt lat="40.450877" lon="-112.586837"></trkpt><trkpt lat="40.450768" lon="-112.586867"></trkpt><trkpt lat="40.450618" lon="-112.586974"></trkpt><trkpt lat="40.450347" lon="-112.587012"></trkpt><trkpt lat="40.450181" lon="-112.586989"></trkpt><trkpt lat="40.449598" lon="-112.587447"></trkpt><trkpt lat="40.449199" lon="-112.587630"></trkpt><trkpt lat="40.448869" lon="-112.587722"></trkpt><trkpt lat="40.448482" lon="-112.587737"></trkpt><trkpt lat="40.448099" lon="-112.587683"></trkpt><trkpt lat="40.447594" lon="-112.587752"></trkpt><trkpt lat="40.447146" lon="-112.587569"></trkpt><trkpt lat="40.447046" lon="-112.587622"></trkpt><trkpt lat="40.446927" lon="-112.587775"></trkpt><trkpt lat="40.446478" lon="-112.587684"></trkpt><trkpt lat="40.446387" lon="-112.587722"></trkpt><trkpt lat="40.446290" lon="-112.587920"></trkpt><trkpt lat="40.446279" lon="-112.588042"></trkpt><trkpt lat="40.446322" lon="-112.588218"></trkpt><trkpt lat="40.446402" lon="-112.588271"></trkpt><trkpt lat="40.446528" lon="-112.588271"></trkpt><trkpt lat="40.446700" lon="-112.588218"></trkpt><trkpt lat="40.446772" lon="-112.588271"></trkpt><trkpt lat="40.446797" lon="-112.588416"></trkpt><trkpt lat="40.446731" lon="-112.588576"></trkpt><trkpt lat="40.446617" lon="-112.588676"></trkpt><trkpt lat="40.446418" lon="-112.588744"></trkpt><trkpt lat="40.446045" lon="-112.588729"></trkpt><trkpt lat="40.445310" lon="-112.588782"></trkpt><trkpt lat="40.445220" lon="-112.588752"></trkpt><trkpt lat="40.444783" lon="-112.588401"></trkpt><trkpt lat="40.444686" lon="-112.588241"></trkpt><trkpt lat="40.444490" lon="-112.588118"></trkpt><trkpt lat="40.444352" lon="-112.587966"></trkpt><trkpt lat="40.444223" lon="-112.587897"></trkpt><trkpt lat="40.443926" lon="-112.587836"></trkpt><trkpt lat="40.443784" lon="-112.587737"></trkpt><trkpt lat="40.443642" lon="-112.587188"></trkpt><trkpt lat="40.443594" lon="-112.587134"></trkpt><trkpt lat="40.443558" lon="-112.587119"></trkpt><trkpt lat="40.443508" lon="-112.587149"></trkpt><trkpt lat="40.443318" lon="-112.587546"></trkpt><trkpt lat="40.443231" lon="-112.587645"></trkpt><trkpt lat="40.443109" lon="-112.587638"></trkpt><trkpt lat="40.442220" lon="-112.587096"></trkpt><trkpt lat="40.441265" lon="-112.586775"></trkpt><trkpt lat="40.441064" lon="-112.586638"></trkpt><trkpt lat="40.440838" lon="-112.586402"></trkpt><trkpt lat="40.440490" lon="-112.585822"></trkpt><trkpt lat="40.440318" lon="-112.585585"></trkpt><trkpt lat="40.440255" lon="-112.585547"></trkpt><trkpt lat="40.440214" lon="-112.585562"></trkpt><trkpt lat="40.440191" lon="-112.585646"></trkpt><trkpt lat="40.440259" lon="-112.585951"></trkpt><trkpt lat="40.440248" lon="-112.586073"></trkpt><trkpt lat="40.440109" lon="-112.586341"></trkpt><trkpt lat="40.439942" lon="-112.586394"></trkpt><trkpt lat="40.439427" lon="-112.586150"></trkpt><trkpt lat="40.439019" lon="-112.586013"></trkpt><trkpt lat="40.438689" lon="-112.585784"></trkpt><trkpt lat="40.438605" lon="-112.585684"></trkpt><trkpt lat="40.438562" lon="-112.585494"></trkpt><trkpt lat="40.438601" lon="-112.584998"></trkpt><trkpt lat="40.438565" lon="-112.584952"></trkpt><trkpt lat="40.438507" lon="-112.584960"></trkpt><trkpt lat="40.438406" lon="-112.585097"></trkpt><trkpt lat="40.438280" lon="-112.585410"></trkpt><trkpt lat="40.438203" lon="-112.585395"></trkpt><trkpt lat="40.437873" lon="-112.584822"></trkpt><trkpt lat="40.437777" lon="-112.584586"></trkpt><trkpt lat="40.437563" lon="-112.584471"></trkpt><trkpt lat="40.437302" lon="-112.584128"></trkpt><trkpt lat="40.437047" lon="-112.583960"></trkpt><trkpt lat="40.436890" lon="-112.583929"></trkpt><trkpt lat="40.436553" lon="-112.584174"></trkpt><trkpt lat="40.436363" lon="-112.584281"></trkpt><trkpt lat="40.436082" lon="-112.584380"></trkpt><trkpt lat="40.436005" lon="-112.584441"></trkpt><trkpt lat="40.435930" lon="-112.584632"></trkpt><trkpt lat="40.435914" lon="-112.584807"></trkpt><trkpt lat="40.435995" lon="-112.585173"></trkpt><trkpt lat="40.435970" lon="-112.585318"></trkpt><trkpt lat="40.435800" lon="-112.585585"></trkpt><trkpt lat="40.435691" lon="-112.585639"></trkpt><trkpt lat="40.435407" lon="-112.585662"></trkpt><trkpt lat="40.435189" lon="-112.585479"></trkpt><trkpt lat="40.434991" lon="-112.585463"></trkpt><trkpt lat="40.434869" lon="-112.585486"></trkpt><trkpt lat="40.434739" lon="-112.585425"></trkpt><trkpt lat="40.434681" lon="-112.585364"></trkpt><trkpt lat="40.434583" lon="-112.585005"></trkpt><trkpt lat="40.434507" lon="-112.584914"></trkpt><trkpt lat="40.434391" lon="-112.584830"></trkpt><trkpt lat="40.434176" lon="-112.584746"></trkpt><trkpt lat="40.434027" lon="-112.584807"></trkpt><trkpt lat="40.433876" lon="-112.584998"></trkpt><trkpt lat="40.433695" lon="-112.585356"></trkpt><trkpt lat="40.433642" lon="-112.585585"></trkpt><trkpt lat="40.433569" lon="-112.585662"></trkpt><trkpt lat="40.433368" lon="-112.585227"></trkpt><trkpt lat="40.433153" lon="-112.585166"></trkpt><trkpt lat="40.433012" lon="-112.585211"></trkpt><trkpt lat="40.432704" lon="-112.584693"></trkpt><trkpt lat="40.432588" lon="-112.584593"></trkpt><trkpt lat="40.432458" lon="-112.584548"></trkpt><trkpt lat="40.431841" lon="-112.584601"></trkpt><trkpt lat="40.431656" lon="-112.584586"></trkpt><trkpt lat="40.431298" lon="-112.584441"></trkpt><trkpt lat="40.430880" lon="-112.584341"></trkpt><trkpt lat="40.430399" lon="-112.584311"></trkpt><trkpt lat="40.429952" lon="-112.584387"></trkpt><trkpt lat="40.429489" lon="-112.584586"></trkpt><trkpt lat="40.429045" lon="-112.584830"></trkpt><trkpt lat="40.428916" lon="-112.584998"></trkpt><trkpt lat="40.428655" lon="-112.585631"></trkpt><trkpt lat="40.428341" lon="-112.586211"></trkpt><trkpt lat="40.428213" lon="-112.586348"></trkpt><trkpt lat="40.428082" lon="-112.586417"></trkpt><trkpt lat="40.427946" lon="-112.586463"></trkpt><trkpt lat="40.427793" lon="-112.586432"></trkpt><trkpt lat="40.427588" lon="-112.586249"></trkpt><trkpt lat="40.427261" lon="-112.585784"></trkpt><trkpt lat="40.427137" lon="-112.585669"></trkpt><trkpt lat="40.426905" lon="-112.585532"></trkpt><trkpt lat="40.426694" lon="-112.585089"></trkpt><trkpt lat="40.426566" lon="-112.584914"></trkpt><trkpt lat="40.426441" lon="-112.584845"></trkpt><trkpt lat="40.426167" lon="-112.584792"></trkpt><trkpt lat="40.426004" lon="-112.584837"></trkpt><trkpt lat="40.425913" lon="-112.584899"></trkpt><trkpt lat="40.425565" lon="-112.584990"></trkpt><trkpt lat="40.425377" lon="-112.584914"></trkpt><trkpt lat="40.424933" lon="-112.584410"></trkpt><trkpt lat="40.424861" lon="-112.584426"></trkpt><trkpt lat="40.424638" lon="-112.584609"></trkpt><trkpt lat="40.424489" lon="-112.584655"></trkpt><trkpt lat="40.424086" lon="-112.584151"></trkpt><trkpt lat="40.423951" lon="-112.583815"></trkpt><trkpt lat="40.423854" lon="-112.583304"></trkpt><trkpt lat="40.423645" lon="-112.583136"></trkpt><trkpt lat="40.423276" lon="-112.583105"></trkpt><trkpt lat="40.422919" lon="-112.582861"></trkpt><trkpt lat="40.422398" lon="-112.582076"></trkpt><trkpt lat="40.422353" lon="-112.581747"></trkpt><trkpt lat="40.422305" lon="-112.581618"></trkpt><trkpt lat="40.422155" lon="-112.581374"></trkpt><trkpt lat="40.421986" lon="-112.581244"></trkpt><trkpt lat="40.421929" lon="-112.581129"></trkpt><trkpt lat="40.421926" lon="-112.580695"></trkpt><trkpt lat="40.422025" lon="-112.580359"></trkpt><trkpt lat="40.422271" lon="-112.579855"></trkpt><trkpt lat="40.422393" lon="-112.579466"></trkpt><trkpt lat="40.422445" lon="-112.578947"></trkpt><trkpt lat="40.422397" lon="-112.578833"></trkpt><trkpt lat="40.422227" lon="-112.578772"></trkpt><trkpt lat="40.422087" lon="-112.578787"></trkpt><trkpt lat="40.421937" lon="-112.578863"></trkpt><trkpt lat="40.421591" lon="-112.579184"></trkpt><trkpt lat="40.421535" lon="-112.579291"></trkpt><trkpt lat="40.421339" lon="-112.579474"></trkpt><trkpt lat="40.421113" lon="-112.579535"></trkpt><trkpt lat="40.421026" lon="-112.579642"></trkpt><trkpt lat="40.420707" lon="-112.580221"></trkpt><trkpt lat="40.420140" lon="-112.580870"></trkpt><trkpt lat="40.420040" lon="-112.580901"></trkpt><trkpt lat="40.419743" lon="-112.580878"></trkpt><trkpt lat="40.419616" lon="-112.580931"></trkpt><trkpt lat="40.419235" lon="-112.581496"></trkpt><trkpt lat="40.419140" lon="-112.581526"></trkpt><trkpt lat="40.419050" lon="-112.581473"></trkpt><trkpt lat="40.418958" lon="-112.581305"></trkpt><trkpt lat="40.418825" lon="-112.580847"></trkpt><trkpt lat="40.418750" lon="-112.580718"></trkpt><trkpt lat="40.418687" lon="-112.580679"></trkpt><trkpt lat="40.418539" lon="-112.580664"></trkpt><trkpt lat="40.418340" lon="-112.580695"></trkpt><trkpt lat="40.418152" lon="-112.580649"></trkpt><trkpt lat="40.417862" lon="-112.580458"></trkpt><trkpt lat="40.416863" lon="-112.580061"></trkpt><trkpt lat="40.416696" lon="-112.580076"></trkpt><trkpt lat="40.416551" lon="-112.580130"></trkpt><trkpt lat="40.416448" lon="-112.580115"></trkpt><trkpt lat="40.416355" lon="-112.580000"></trkpt><trkpt lat="40.416048" lon="-112.579031"></trkpt><trkpt lat="40.415869" lon="-112.578619"></trkpt><trkpt lat="40.415365" lon="-112.578245"></trkpt><trkpt lat="40.415061" lon="-112.578062"></trkpt><trkpt lat="40.414976" lon="-112.578062"></trkpt><trkpt lat="40.414825" lon="-112.578215"></trkpt><trkpt lat="40.414310" lon="-112.579001"></trkpt><trkpt lat="40.414251" lon="-112.578993"></trkpt><trkpt lat="40.414087" lon="-112.578185"></trkpt><trkpt lat="40.414038" lon="-112.577765"></trkpt><trkpt lat="40.413987" lon="-112.577566"></trkpt><trkpt lat="40.413908" lon="-112.577421"></trkpt><trkpt lat="40.413801" lon="-112.577299"></trkpt><trkpt lat="40.413538" lon="-112.577124"></trkpt><trkpt lat="40.413286" lon="-112.576788"></trkpt><trkpt lat="40.412950" lon="-112.576635"></trkpt><trkpt lat="40.412857" lon="-112.576513"></trkpt><trkpt lat="40.412758" lon="-112.576178"></trkpt><trkpt lat="40.412214" lon="-112.575789"></trkpt><trkpt lat="40.411542" lon="-112.575163"></trkpt><trkpt lat="40.411397" lon="-112.574949"></trkpt><trkpt lat="40.411071" lon="-112.574705"></trkpt><trkpt lat="40.410775" lon="-112.574583"></trkpt><trkpt lat="40.410510" lon="-112.574537"></trkpt><trkpt lat="40.410268" lon="-112.574820"></trkpt><trkpt lat="40.409878" lon="-112.575011"></trkpt><trkpt lat="40.409810" lon="-112.575003"></trkpt><trkpt lat="40.409161" lon="-112.574415"></trkpt><trkpt lat="40.409035" lon="-112.574362"></trkpt><trkpt lat="40.408540" lon="-112.574682"></trkpt><trkpt lat="40.408341" lon="-112.574728"></trkpt><trkpt lat="40.408037" lon="-112.574560"></trkpt><trkpt lat="40.407972" lon="-112.574408"></trkpt><trkpt lat="40.407986" lon="-112.574034"></trkpt><trkpt lat="40.407938" lon="-112.573927"></trkpt><trkpt lat="40.407826" lon="-112.573858"></trkpt><trkpt lat="40.407547" lon="-112.573812"></trkpt><trkpt lat="40.407448" lon="-112.573866"></trkpt><trkpt lat="40.407297" lon="-112.574026"></trkpt><trkpt lat="40.407179" lon="-112.574080"></trkpt><trkpt lat="40.406986" lon="-112.574049"></trkpt><trkpt lat="40.406820" lon="-112.573935"></trkpt><trkpt lat="40.406698" lon="-112.573660"></trkpt><trkpt lat="40.406621" lon="-112.573385"></trkpt><trkpt lat="40.406519" lon="-112.573217"></trkpt><trkpt lat="40.405935" lon="-112.572828"></trkpt><trkpt lat="40.405674" lon="-112.572752"></trkpt><trkpt lat="40.405084" lon="-112.572752"></trkpt><trkpt lat="40.404824" lon="-112.572721"></trkpt><trkpt lat="40.404560" lon="-112.572584"></trkpt><trkpt lat="40.404153" lon="-112.572332"></trkpt><trkpt lat="40.403498" lon="-112.571852"></trkpt><trkpt lat="40.403033" lon="-112.571600"></trkpt><trkpt lat="40.402890" lon="-112.571493"></trkpt><trkpt lat="40.402424" lon="-112.570982"></trkpt><trkpt lat="40.402094" lon="-112.570761"></trkpt><trkpt lat="40.400890" lon="-112.570486"></trkpt><trkpt lat="40.399897" lon="-112.570010"></trkpt><trkpt lat="40.399811" lon="-112.570036"></trkpt><trkpt lat="40.399099" lon="-112.570043"></trkpt><trkpt lat="40.398920" lon="-112.569967"></trkpt><trkpt lat="40.398554" lon="-112.569708"></trkpt><trkpt lat="40.398379" lon="-112.569662"></trkpt><trkpt lat="40.397982" lon="-112.569708"></trkpt><trkpt lat="40.397775" lon="-112.569990"></trkpt><trkpt lat="40.397685" lon="-112.570028"></trkpt><trkpt lat="40.397568" lon="-112.569998"></trkpt><trkpt lat="40.397085" lon="-112.569708"></trkpt><trkpt lat="40.396979" lon="-112.569609"></trkpt><trkpt lat="40.396839" lon="-112.569257"></trkpt><trkpt lat="40.396715" lon="-112.569090"></trkpt><trkpt lat="40.396232" lon="-112.568533"></trkpt><trkpt lat="40.395649" lon="-112.567694"></trkpt><trkpt lat="40.394934" lon="-112.566907"></trkpt><trkpt lat="40.394563" lon="-112.566404"></trkpt><trkpt lat="40.394221" lon="-112.565733"></trkpt><trkpt lat="40.394100" lon="-112.565633"></trkpt><trkpt lat="40.393598" lon="-112.565496"></trkpt><trkpt lat="40.393379" lon="-112.565343"></trkpt><trkpt lat="40.393046" lon="-112.565000"></trkpt><trkpt lat="40.392698" lon="-112.564702"></trkpt><trkpt lat="40.392247" lon="-112.564100"></trkpt><trkpt lat="40.391877" lon="-112.563802"></trkpt><trkpt lat="40.391580" lon="-112.563512"></trkpt><trkpt lat="40.391373" lon="-112.563123"></trkpt><trkpt lat="40.391234" lon="-112.562765"></trkpt><trkpt lat="40.391035" lon="-112.562490"></trkpt><trkpt lat="40.390910" lon="-112.562406"></trkpt><trkpt lat="40.390524" lon="-112.562292"></trkpt><trkpt lat="40.390395" lon="-112.562185"></trkpt><trkpt lat="40.390009" lon="-112.561727"></trkpt><trkpt lat="40.389938" lon="-112.561681"></trkpt><trkpt lat="40.389780" lon="-112.561666"></trkpt><trkpt lat="40.389309" lon="-112.561231"></trkpt><trkpt lat="40.388781" lon="-112.560613"></trkpt><trkpt lat="40.388649" lon="-112.560384"></trkpt><trkpt lat="40.388501" lon="-112.560003"></trkpt><trkpt lat="40.388408" lon="-112.559896"></trkpt><trkpt lat="40.388162" lon="-112.559781"></trkpt><trkpt lat="40.387900" lon="-112.559804"></trkpt><trkpt lat="40.387814" lon="-112.559842"></trkpt><trkpt lat="40.387649" lon="-112.560049"></trkpt><trkpt lat="40.387586" lon="-112.560049"></trkpt><trkpt lat="40.387236" lon="-112.559637"></trkpt><trkpt lat="40.386785" lon="-112.558980"></trkpt><trkpt lat="40.386209" lon="-112.558248"></trkpt><trkpt lat="40.386031" lon="-112.558110"></trkpt><trkpt lat="40.385821" lon="-112.558011"></trkpt><trkpt lat="40.385673" lon="-112.557966"></trkpt><trkpt lat="40.385366" lon="-112.557958"></trkpt><trkpt lat="40.385250" lon="-112.557912"></trkpt><trkpt lat="40.385126" lon="-112.557782"></trkpt><trkpt lat="40.385064" lon="-112.557638"></trkpt><trkpt lat="40.385057" lon="-112.557523"></trkpt><trkpt lat="40.385076" lon="-112.557416"></trkpt><trkpt lat="40.385136" lon="-112.557348"></trkpt><trkpt lat="40.385669" lon="-112.557241"></trkpt><trkpt lat="40.386035" lon="-112.557126"></trkpt><trkpt lat="40.386174" lon="-112.556859"></trkpt><trkpt lat="40.386148" lon="-112.556775"></trkpt><trkpt lat="40.385557" lon="-112.556547"></trkpt><trkpt lat="40.384945" lon="-112.556447"></trkpt><trkpt lat="40.384460" lon="-112.556325"></trkpt><trkpt lat="40.383761" lon="-112.556088"></trkpt><trkpt lat="40.383148" lon="-112.555768"></trkpt><trkpt lat="40.382993" lon="-112.555615"></trkpt><trkpt lat="40.382816" lon="-112.555318"></trkpt><trkpt lat="40.382633" lon="-112.555196"></trkpt><trkpt lat="40.382270" lon="-112.555097"></trkpt><trkpt lat="40.381861" lon="-112.555043"></trkpt><trkpt lat="40.381753" lon="-112.554975"></trkpt><trkpt lat="40.381621" lon="-112.554814"></trkpt><trkpt lat="40.380314" lon="-112.554181"></trkpt><trkpt lat="40.379801" lon="-112.553800"></trkpt><trkpt lat="40.379595" lon="-112.553700"></trkpt><trkpt lat="40.379199" lon="-112.553647"></trkpt><trkpt lat="40.378812" lon="-112.553655"></trkpt><trkpt lat="40.378598" lon="-112.553510"></trkpt><trkpt lat="40.377774" lon="-112.552785"></trkpt></trkseg></trk><trk><name>T073 AU6D793</name><trkseg><trkpt lat="40.588481" lon="-112.583977"></trkpt><trkpt lat="40.588192" lon="-112.583702"></trkpt><trkpt lat="40.588051" lon="-112.583442"></trkpt><trkpt lat="40.587869" lon="-112.582923"></trkpt><trkpt lat="40.587771" lon="-112.582489"></trkpt><trkpt lat="40.587724" lon="-112.582031"></trkpt><trkpt lat="40.587841" lon="-112.581336"></trkpt><trkpt lat="40.587771" lon="-112.580902"></trkpt><trkpt lat="40.587650" lon="-112.580833"></trkpt><trkpt lat="40.586857" lon="-112.581871"></trkpt><trkpt lat="40.586610" lon="-112.582100"></trkpt><trkpt lat="40.586220" lon="-112.582016"></trkpt><trkpt lat="40.585892" lon="-112.581886"></trkpt><trkpt lat="40.585644" lon="-112.581947"></trkpt><trkpt lat="40.585351" lon="-112.582260"></trkpt><trkpt lat="40.585147" lon="-112.582710"></trkpt><trkpt lat="40.585069" lon="-112.583122"></trkpt><trkpt lat="40.585061" lon="-112.583725"></trkpt><trkpt lat="40.584988" lon="-112.584129"></trkpt><trkpt lat="40.584762" lon="-112.584503"></trkpt><trkpt lat="40.584340" lon="-112.584747"></trkpt><trkpt lat="40.583851" lon="-112.584930"></trkpt><trkpt lat="40.583605" lon="-112.585121"></trkpt><trkpt lat="40.583390" lon="-112.585342"></trkpt><trkpt lat="40.582989" lon="-112.586021"></trkpt><trkpt lat="40.582705" lon="-112.586693"></trkpt><trkpt lat="40.582545" lon="-112.586860"></trkpt><trkpt lat="40.582338" lon="-112.587830"></trkpt><trkpt lat="40.582244" lon="-112.588089"></trkpt><trkpt lat="40.582120" lon="-112.588310"></trkpt><trkpt lat="40.581960" lon="-112.588501"></trkpt><trkpt lat="40.581590" lon="-112.588836"></trkpt><trkpt lat="40.581391" lon="-112.589241"></trkpt><trkpt lat="40.581295" lon="-112.589325"></trkpt><trkpt lat="40.580893" lon="-112.589447"></trkpt><trkpt lat="40.580581" lon="-112.589478"></trkpt><trkpt lat="40.579885" lon="-112.589660"></trkpt><trkpt lat="40.579345" lon="-112.589615"></trkpt><trkpt lat="40.579057" lon="-112.589622"></trkpt><trkpt lat="40.578907" lon="-112.589683"></trkpt><trkpt lat="40.578852" lon="-112.589813"></trkpt><trkpt lat="40.578902" lon="-112.590088"></trkpt><trkpt lat="40.578872" lon="-112.590271"></trkpt><trkpt lat="40.578766" lon="-112.590492"></trkpt><trkpt lat="40.578536" lon="-112.590805"></trkpt><trkpt lat="40.578345" lon="-112.591309"></trkpt><trkpt lat="40.577940" lon="-112.591919"></trkpt><trkpt lat="40.577639" lon="-112.592483"></trkpt><trkpt lat="40.577571" lon="-112.592560"></trkpt><trkpt lat="40.577334" lon="-112.592697"></trkpt><trkpt lat="40.576592" lon="-112.592957"></trkpt><trkpt lat="40.576346" lon="-112.593193"></trkpt><trkpt lat="40.575462" lon="-112.594208"></trkpt><trkpt lat="40.574334" lon="-112.595047"></trkpt><trkpt lat="40.574117" lon="-112.595093"></trkpt><trkpt lat="40.573450" lon="-112.595093"></trkpt><trkpt lat="40.573212" lon="-112.595040"></trkpt><trkpt lat="40.572797" lon="-112.595093"></trkpt><trkpt lat="40.572480" lon="-112.595200"></trkpt><trkpt lat="40.571899" lon="-112.595536"></trkpt><trkpt lat="40.571623" lon="-112.595635"></trkpt><trkpt lat="40.571126" lon="-112.595718"></trkpt><trkpt lat="40.570861" lon="-112.595696"></trkpt><trkpt lat="40.570403" lon="-112.595566"></trkpt><trkpt lat="40.569890" lon="-112.595207"></trkpt><trkpt lat="40.569730" lon="-112.595047"></trkpt><trkpt lat="40.569605" lon="-112.595001"></trkpt><trkpt lat="40.569433" lon="-112.595024"></trkpt><trkpt lat="40.569263" lon="-112.595001"></trkpt><trkpt lat="40.568892" lon="-112.594787"></trkpt><trkpt lat="40.568771" lon="-112.594742"></trkpt><trkpt lat="40.568604" lon="-112.594757"></trkpt><trkpt lat="40.568318" lon="-112.594612"></trkpt><trkpt lat="40.567841" lon="-112.593887"></trkpt><trkpt lat="40.567486" lon="-112.593201"></trkpt><trkpt lat="40.567238" lon="-112.592873"></trkpt><trkpt lat="40.567056" lon="-112.592720"></trkpt><trkpt lat="40.566792" lon="-112.592567"></trkpt><trkpt lat="40.566514" lon="-112.592499"></trkpt><trkpt lat="40.566401" lon="-112.592499"></trkpt><trkpt lat="40.566143" lon="-112.592598"></trkpt><trkpt lat="40.565593" lon="-112.593277"></trkpt><trkpt lat="40.565328" lon="-112.593529"></trkpt><trkpt lat="40.564621" lon="-112.593834"></trkpt><trkpt lat="40.564335" lon="-112.594017"></trkpt><trkpt lat="40.564006" lon="-112.594330"></trkpt><trkpt lat="40.563581" lon="-112.594811"></trkpt><trkpt lat="40.563447" lon="-112.595078"></trkpt><trkpt lat="40.563408" lon="-112.595245"></trkpt><trkpt lat="40.563464" lon="-112.595474"></trkpt><trkpt lat="40.563962" lon="-112.596893"></trkpt><trkpt lat="40.563947" lon="-112.597000"></trkpt><trkpt lat="40.563920" lon="-112.597023"></trkpt><trkpt lat="40.563109" lon="-112.596687"></trkpt><trkpt lat="40.562934" lon="-112.596657"></trkpt><trkpt lat="40.562844" lon="-112.596672"></trkpt><trkpt lat="40.562775" lon="-112.596741"></trkpt><trkpt lat="40.562742" lon="-112.596863"></trkpt><trkpt lat="40.562801" lon="-112.597176"></trkpt><trkpt lat="40.562943" lon="-112.597626"></trkpt><trkpt lat="40.563409" lon="-112.598809"></trkpt><trkpt lat="40.563502" lon="-112.599236"></trkpt><trkpt lat="40.563525" lon="-112.599480"></trkpt><trkpt lat="40.563505" lon="-112.599663"></trkpt><trkpt lat="40.563435" lon="-112.599838"></trkpt><trkpt lat="40.563191" lon="-112.600190"></trkpt><trkpt lat="40.562958" lon="-112.600082"></trkpt><trkpt lat="40.562807" lon="-112.599617"></trkpt><trkpt lat="40.562698" lon="-112.599388"></trkpt><trkpt lat="40.562050" lon="-112.598991"></trkpt><trkpt lat="40.561882" lon="-112.598763"></trkpt><trkpt lat="40.561567" lon="-112.598107"></trkpt><trkpt lat="40.561451" lon="-112.598015"></trkpt><trkpt lat="40.561083" lon="-112.597901"></trkpt><trkpt lat="40.560661" lon="-112.597863"></trkpt><trkpt lat="40.560603" lon="-112.597816"></trkpt><trkpt lat="40.560716" lon="-112.597076"></trkpt><trkpt lat="40.560691" lon="-112.596642"></trkpt><trkpt lat="40.560591" lon="-112.596397"></trkpt><trkpt lat="40.560502" lon="-112.596268"></trkpt><trkpt lat="40.560279" lon="-112.596123"></trkpt><trkpt lat="40.560181" lon="-112.596092"></trkpt><trkpt lat="40.560040" lon="-112.596138"></trkpt><trkpt lat="40.559817" lon="-112.596359"></trkpt><trkpt lat="40.558568" lon="-112.597366"></trkpt><trkpt lat="40.558406" lon="-112.597412"></trkpt><trkpt lat="40.558258" lon="-112.597366"></trkpt><trkpt lat="40.558223" lon="-112.597290"></trkpt><trkpt lat="40.558242" lon="-112.597206"></trkpt><trkpt lat="40.558424" lon="-112.597054"></trkpt><trkpt lat="40.558470" lon="-112.596970"></trkpt><trkpt lat="40.558682" lon="-112.596336"></trkpt><trkpt lat="40.558754" lon="-112.596016"></trkpt><trkpt lat="40.558754" lon="-112.595688"></trkpt><trkpt lat="40.558711" lon="-112.595497"></trkpt><trkpt lat="40.558498" lon="-112.594955"></trkpt><trkpt lat="40.558143" lon="-112.594277"></trkpt><trkpt lat="40.557881" lon="-112.593986"></trkpt><trkpt lat="40.557730" lon="-112.593857"></trkpt><trkpt lat="40.557259" lon="-112.593712"></trkpt><trkpt lat="40.556941" lon="-112.593536"></trkpt><trkpt lat="40.556634" lon="-112.593246"></trkpt><trkpt lat="40.556103" lon="-112.592606"></trkpt><trkpt lat="40.555897" lon="-112.592514"></trkpt><trkpt lat="40.555631" lon="-112.592521"></trkpt><trkpt lat="40.555192" lon="-112.592643"></trkpt><trkpt lat="40.554999" lon="-112.592628"></trkpt><trkpt lat="40.554793" lon="-112.592529"></trkpt><trkpt lat="40.554429" lon="-112.592460"></trkpt><trkpt lat="40.554167" lon="-112.592498"></trkpt><trkpt lat="40.553556" lon="-112.592750"></trkpt><trkpt lat="40.553321" lon="-112.592804"></trkpt><trkpt lat="40.552840" lon="-112.592735"></trkpt><trkpt lat="40.551205" lon="-112.592369"></trkpt><trkpt lat="40.550520" lon="-112.592415"></trkpt><trkpt lat="40.550255" lon="-112.592369"></trkpt><trkpt lat="40.549888" lon="-112.592239"></trkpt><trkpt lat="40.549674" lon="-112.592064"></trkpt><trkpt lat="40.548253" lon="-112.591194"></trkpt><trkpt lat="40.548051" lon="-112.591140"></trkpt><trkpt lat="40.547714" lon="-112.591117"></trkpt><trkpt lat="40.546880" lon="-112.591140"></trkpt><trkpt lat="40.546533" lon="-112.591186"></trkpt><trkpt lat="40.546227" lon="-112.591469"></trkpt><trkpt lat="40.545791" lon="-112.591728"></trkpt><trkpt lat="40.545528" lon="-112.592178"></trkpt><trkpt lat="40.545470" lon="-112.592483"></trkpt><trkpt lat="40.545483" lon="-112.593201"></trkpt><trkpt lat="40.545237" lon="-112.593407"></trkpt><trkpt lat="40.544874" lon="-112.593536"></trkpt><trkpt lat="40.544563" lon="-112.593559"></trkpt><trkpt lat="40.544439" lon="-112.593765"></trkpt><trkpt lat="40.544421" lon="-112.594093"></trkpt><trkpt lat="40.544265" lon="-112.594291"></trkpt><trkpt lat="40.544156" lon="-112.594360"></trkpt><trkpt lat="40.543868" lon="-112.594352"></trkpt><trkpt lat="40.543453" lon="-112.594047"></trkpt><trkpt lat="40.543265" lon="-112.593979"></trkpt><trkpt lat="40.542891" lon="-112.593956"></trkpt><trkpt lat="40.542515" lon="-112.593788"></trkpt><trkpt lat="40.542276" lon="-112.593803"></trkpt><trkpt lat="40.541879" lon="-112.593559"></trkpt><trkpt lat="40.541601" lon="-112.593460"></trkpt><trkpt lat="40.541327" lon="-112.593406"></trkpt><trkpt lat="40.541090" lon="-112.593277"></trkpt><trkpt lat="40.540803" lon="-112.592819"></trkpt><trkpt lat="40.540706" lon="-112.592712"></trkpt><trkpt lat="40.540589" lon="-112.592666"></trkpt><trkpt lat="40.540513" lon="-112.592674"></trkpt><trkpt lat="40.540367" lon="-112.592766"></trkpt><trkpt lat="40.540110" lon="-112.592796"></trkpt><trkpt lat="40.539773" lon="-112.592743"></trkpt><trkpt lat="40.539448" lon="-112.592773"></trkpt><trkpt lat="40.539165" lon="-112.592758"></trkpt><trkpt lat="40.538491" lon="-112.592300"></trkpt><trkpt lat="40.538231" lon="-112.592216"></trkpt><trkpt lat="40.537750" lon="-112.592132"></trkpt><trkpt lat="40.537526" lon="-112.592048"></trkpt><trkpt lat="40.537320" lon="-112.591941"></trkpt><trkpt lat="40.537076" lon="-112.591682"></trkpt><trkpt lat="40.536884" lon="-112.591583"></trkpt><trkpt lat="40.536343" lon="-112.591629"></trkpt><trkpt lat="40.535385" lon="-112.591483"></trkpt><trkpt lat="40.535020" lon="-112.591491"></trkpt><trkpt lat="40.534764" lon="-112.591453"></trkpt><trkpt lat="40.534514" lon="-112.591278"></trkpt><trkpt lat="40.534357" lon="-112.591224"></trkpt><trkpt lat="40.534123" lon="-112.591232"></trkpt><trkpt lat="40.534011" lon="-112.591186"></trkpt><trkpt lat="40.533855" lon="-112.591049"></trkpt><trkpt lat="40.533649" lon="-112.590957"></trkpt><trkpt lat="40.533577" lon="-112.590957"></trkpt><trkpt lat="40.533340" lon="-112.591217"></trkpt><trkpt lat="40.533303" lon="-112.591217"></trkpt><trkpt lat="40.532938" lon="-112.590942"></trkpt><trkpt lat="40.532576" lon="-112.590720"></trkpt><trkpt lat="40.532152" lon="-112.590476"></trkpt><trkpt lat="40.531668" lon="-112.590263"></trkpt><trkpt lat="40.531573" lon="-112.590293"></trkpt><trkpt lat="40.531475" lon="-112.590515"></trkpt><trkpt lat="40.531426" lon="-112.590530"></trkpt><trkpt lat="40.530593" lon="-112.590164"></trkpt><trkpt lat="40.530414" lon="-112.590049"></trkpt><trkpt lat="40.530248" lon="-112.590034"></trkpt><trkpt lat="40.530162" lon="-112.590064"></trkpt><trkpt lat="40.529864" lon="-112.590400"></trkpt><trkpt lat="40.529738" lon="-112.590461"></trkpt><trkpt lat="40.529084" lon="-112.590469"></trkpt><trkpt lat="40.528962" lon="-112.590538"></trkpt><trkpt lat="40.528848" lon="-112.590644"></trkpt><trkpt lat="40.528649" lon="-112.590995"></trkpt><trkpt lat="40.528586" lon="-112.591033"></trkpt></trkseg></trk><trk><name>T074 AU6D793</name><trkseg><trkpt lat="40.917342" lon="-111.805068"></trkpt><trkpt lat="40.917316" lon="-111.804946"></trkpt><trkpt lat="40.917218" lon="-111.804778"></trkpt><trkpt lat="40.916585" lon="-111.804442"></trkpt><trkpt lat="40.916474" lon="-111.804289"></trkpt><trkpt lat="40.916389" lon="-111.804122"></trkpt><trkpt lat="40.916346" lon="-111.803824"></trkpt><trkpt lat="40.916154" lon="-111.803595"></trkpt><trkpt lat="40.916043" lon="-111.803366"></trkpt><trkpt lat="40.915961" lon="-111.802862"></trkpt><trkpt lat="40.915903" lon="-111.802878"></trkpt><trkpt lat="40.915825" lon="-111.803007"></trkpt><trkpt lat="40.915541" lon="-111.803633"></trkpt><trkpt lat="40.915374" lon="-111.803794"></trkpt><trkpt lat="40.915310" lon="-111.803908"></trkpt><trkpt lat="40.915236" lon="-111.804183"></trkpt><trkpt lat="40.915132" lon="-111.804282"></trkpt><trkpt lat="40.914938" lon="-111.804327"></trkpt><trkpt lat="40.914501" lon="-111.804320"></trkpt><trkpt lat="40.914108" lon="-111.804373"></trkpt><trkpt lat="40.913924" lon="-111.804373"></trkpt><trkpt lat="40.913699" lon="-111.804297"></trkpt><trkpt lat="40.913338" lon="-111.803725"></trkpt><trkpt lat="40.913093" lon="-111.803435"></trkpt><trkpt lat="40.912788" lon="-111.803206"></trkpt><trkpt lat="40.912583" lon="-111.802870"></trkpt><trkpt lat="40.912391" lon="-111.802656"></trkpt><trkpt lat="40.912334" lon="-111.802390"></trkpt><trkpt lat="40.912196" lon="-111.802160"></trkpt><trkpt lat="40.912103" lon="-111.801924"></trkpt><trkpt lat="40.912079" lon="-111.801535"></trkpt><trkpt lat="40.912044" lon="-111.801405"></trkpt><trkpt lat="40.911889" lon="-111.801024"></trkpt><trkpt lat="40.911763" lon="-111.800909"></trkpt><trkpt lat="40.911652" lon="-111.800726"></trkpt><trkpt lat="40.911448" lon="-111.800207"></trkpt><trkpt lat="40.911221" lon="-111.799818"></trkpt><trkpt lat="40.911066" lon="-111.799475"></trkpt><trkpt lat="40.910978" lon="-111.799215"></trkpt><trkpt lat="40.910908" lon="-111.798865"></trkpt><trkpt lat="40.910842" lon="-111.798735"></trkpt><trkpt lat="40.910634" lon="-111.798765"></trkpt><trkpt lat="40.910389" lon="-111.798987"></trkpt><trkpt lat="40.910163" lon="-111.799132"></trkpt><trkpt lat="40.909696" lon="-111.799650"></trkpt><trkpt lat="40.909583" lon="-111.799734"></trkpt><trkpt lat="40.909551" lon="-111.799742"></trkpt><trkpt lat="40.909403" lon="-111.799643"></trkpt><trkpt lat="40.909175" lon="-111.799383"></trkpt><trkpt lat="40.909103" lon="-111.799361"></trkpt><trkpt lat="40.908702" lon="-111.799368"></trkpt><trkpt lat="40.908526" lon="-111.799452"></trkpt><trkpt lat="40.908304" lon="-111.799650"></trkpt><trkpt lat="40.907995" lon="-111.800085"></trkpt><trkpt lat="40.907908" lon="-111.800261"></trkpt><trkpt lat="40.907795" lon="-111.800307"></trkpt><trkpt lat="40.907773" lon="-111.800253"></trkpt><trkpt lat="40.907829" lon="-111.799887"></trkpt><trkpt lat="40.907821" lon="-111.799719"></trkpt><trkpt lat="40.907724" lon="-111.799421"></trkpt><trkpt lat="40.907602" lon="-111.798865"></trkpt><trkpt lat="40.907540" lon="-111.798063"></trkpt><trkpt lat="40.907565" lon="-111.797766"></trkpt><trkpt lat="40.907712" lon="-111.797339"></trkpt><trkpt lat="40.907722" lon="-111.797239"></trkpt><trkpt lat="40.907677" lon="-111.797216"></trkpt><trkpt lat="40.907190" lon="-111.797865"></trkpt><trkpt lat="40.907047" lon="-111.798391"></trkpt><trkpt lat="40.906941" lon="-111.799429"></trkpt><trkpt lat="40.906571" lon="-111.799475"></trkpt><trkpt lat="40.906264" lon="-111.799582"></trkpt><trkpt lat="40.905844" lon="-111.799811"></trkpt><trkpt lat="40.905817" lon="-111.799803"></trkpt><trkpt lat="40.905831" lon="-111.799696"></trkpt><trkpt lat="40.906041" lon="-111.799300"></trkpt><trkpt lat="40.906241" lon="-111.799063"></trkpt><trkpt lat="40.906404" lon="-111.798941"></trkpt><trkpt lat="40.906260" lon="-111.798140"></trkpt><trkpt lat="40.905874" lon="-111.797377"></trkpt><trkpt lat="40.905622" lon="-111.796713"></trkpt><trkpt lat="40.905563" lon="-111.796698"></trkpt><trkpt lat="40.905541" lon="-111.796721"></trkpt><trkpt lat="40.905488" lon="-111.797133"></trkpt><trkpt lat="40.905513" lon="-111.797400"></trkpt><trkpt lat="40.905667" lon="-111.797949"></trkpt><trkpt lat="40.905683" lon="-111.798323"></trkpt><trkpt lat="40.905596" lon="-111.798514"></trkpt><trkpt lat="40.905487" lon="-111.798598"></trkpt><trkpt lat="40.905442" lon="-111.798597"></trkpt><trkpt lat="40.904362" lon="-111.798445"></trkpt><trkpt lat="40.904146" lon="-111.798490"></trkpt><trkpt lat="40.903996" lon="-111.798659"></trkpt><trkpt lat="40.903937" lon="-111.798651"></trkpt><trkpt lat="40.903920" lon="-111.798590"></trkpt><trkpt lat="40.904124" lon="-111.798353"></trkpt><trkpt lat="40.904431" lon="-111.798208"></trkpt><trkpt lat="40.904842" lon="-111.798124"></trkpt><trkpt lat="40.904869" lon="-111.798071"></trkpt><trkpt lat="40.904559" lon="-111.797972"></trkpt><trkpt lat="40.904330" lon="-111.797834"></trkpt><trkpt lat="40.904143" lon="-111.797545"></trkpt><trkpt lat="40.903713" lon="-111.797255"></trkpt><trkpt lat="40.903199" lon="-111.796675"></trkpt><trkpt lat="40.903291" lon="-111.796324"></trkpt><trkpt lat="40.903234" lon="-111.796194"></trkpt><trkpt lat="40.904398" lon="-111.795271"></trkpt><trkpt lat="40.904750" lon="-111.795164"></trkpt><trkpt lat="40.905101" lon="-111.795134"></trkpt><trkpt lat="40.905372" lon="-111.795065"></trkpt><trkpt lat="40.905413" lon="-111.794943"></trkpt><trkpt lat="40.905391" lon="-111.794859"></trkpt><trkpt lat="40.904965" lon="-111.794600"></trkpt><trkpt lat="40.904582" lon="-111.793951"></trkpt><trkpt lat="40.904556" lon="-111.793814"></trkpt><trkpt lat="40.904622" lon="-111.793470"></trkpt><trkpt lat="40.904780" lon="-111.793341"></trkpt><trkpt lat="40.904974" lon="-111.793341"></trkpt><trkpt lat="40.905778" lon="-111.793684"></trkpt><trkpt lat="40.906097" lon="-111.793760"></trkpt><trkpt lat="40.906507" lon="-111.793783"></trkpt><trkpt lat="40.906606" lon="-111.793707"></trkpt><trkpt lat="40.906643" lon="-111.793554"></trkpt><trkpt lat="40.906529" lon="-111.793112"></trkpt><trkpt lat="40.906217" lon="-111.792624"></trkpt><trkpt lat="40.906175" lon="-111.792181"></trkpt><trkpt lat="40.906163" lon="-111.791327"></trkpt><trkpt lat="40.906262" lon="-111.790785"></trkpt><trkpt lat="40.906399" lon="-111.790418"></trkpt><trkpt lat="40.906846" lon="-111.789640"></trkpt><trkpt lat="40.906991" lon="-111.789495"></trkpt><trkpt lat="40.907530" lon="-111.789091"></trkpt><trkpt lat="40.908203" lon="-111.788771"></trkpt><trkpt lat="40.908620" lon="-111.788435"></trkpt><trkpt lat="40.909107" lon="-111.788328"></trkpt><trkpt lat="40.909323" lon="-111.788336"></trkpt><trkpt lat="40.909409" lon="-111.788259"></trkpt><trkpt lat="40.909648" lon="-111.788221"></trkpt><trkpt lat="40.909811" lon="-111.788152"></trkpt><trkpt lat="40.909875" lon="-111.787985"></trkpt><trkpt lat="40.909844" lon="-111.787878"></trkpt><trkpt lat="40.909551" lon="-111.787275"></trkpt><trkpt lat="40.909642" lon="-111.787191"></trkpt><trkpt lat="40.909916" lon="-111.787306"></trkpt><trkpt lat="40.910122" lon="-111.787458"></trkpt><trkpt lat="40.910266" lon="-111.787397"></trkpt><trkpt lat="40.910088" lon="-111.787085"></trkpt><trkpt lat="40.909965" lon="-111.786726"></trkpt><trkpt lat="40.909989" lon="-111.786512"></trkpt><trkpt lat="40.910131" lon="-111.786161"></trkpt><trkpt lat="40.910511" lon="-111.785856"></trkpt><trkpt lat="40.910707" lon="-111.785543"></trkpt><trkpt lat="40.910731" lon="-111.785398"></trkpt><trkpt lat="40.910934" lon="-111.785292"></trkpt><trkpt lat="40.911079" lon="-111.785131"></trkpt><trkpt lat="40.911332" lon="-111.785032"></trkpt><trkpt lat="40.911514" lon="-111.784841"></trkpt><trkpt lat="40.911759" lon="-111.784467"></trkpt><trkpt lat="40.912012" lon="-111.784361"></trkpt><trkpt lat="40.912633" lon="-111.783788"></trkpt><trkpt lat="40.912850" lon="-111.783735"></trkpt><trkpt lat="40.913034" lon="-111.783201"></trkpt><trkpt lat="40.913156" lon="-111.783063"></trkpt></trkseg></trk><trk><name>T075 AU6D793</name><trkseg><trkpt lat="40.682584" lon="-111.188343"></trkpt><trkpt lat="40.683102" lon="-111.188244"></trkpt><trkpt lat="40.683283" lon="-111.188069"></trkpt><trkpt lat="40.683644" lon="-111.187122"></trkpt><trkpt lat="40.683843" lon="-111.186711"></trkpt><trkpt lat="40.684123" lon="-111.186299"></trkpt><trkpt lat="40.684539" lon="-111.185551"></trkpt><trkpt lat="40.684638" lon="-111.185261"></trkpt><trkpt lat="40.684756" lon="-111.184750"></trkpt><trkpt lat="40.684739" lon="-111.184391"></trkpt><trkpt lat="40.684388" lon="-111.183827"></trkpt><trkpt lat="40.683934" lon="-111.183315"></trkpt><trkpt lat="40.683714" lon="-111.182949"></trkpt><trkpt lat="40.683570" lon="-111.182652"></trkpt><trkpt lat="40.683346" lon="-111.181965"></trkpt><trkpt lat="40.683261" lon="-111.181820"></trkpt><trkpt lat="40.683113" lon="-111.181621"></trkpt><trkpt lat="40.682730" lon="-111.181461"></trkpt><trkpt lat="40.682627" lon="-111.181072"></trkpt><trkpt lat="40.682510" lon="-111.181026"></trkpt><trkpt lat="40.682303" lon="-111.180874"></trkpt><trkpt lat="40.682245" lon="-111.180790"></trkpt><trkpt lat="40.682204" lon="-111.180561"></trkpt><trkpt lat="40.682264" lon="-111.180012"></trkpt><trkpt lat="40.682977" lon="-111.178768"></trkpt><trkpt lat="40.683320" lon="-111.178470"></trkpt><trkpt lat="40.683559" lon="-111.178074"></trkpt><trkpt lat="40.683573" lon="-111.177799"></trkpt><trkpt lat="40.683484" lon="-111.177219"></trkpt><trkpt lat="40.683634" lon="-111.176731"></trkpt><trkpt lat="40.683959" lon="-111.175945"></trkpt><trkpt lat="40.684068" lon="-111.175472"></trkpt><trkpt lat="40.684145" lon="-111.175281"></trkpt><trkpt lat="40.684384" lon="-111.174961"></trkpt><trkpt lat="40.685332" lon="-111.173366"></trkpt><trkpt lat="40.685685" lon="-111.172718"></trkpt><trkpt lat="40.685744" lon="-111.172451"></trkpt><trkpt lat="40.685748" lon="-111.172252"></trkpt><trkpt lat="40.685677" lon="-111.171657"></trkpt><trkpt lat="40.685790" lon="-111.171367"></trkpt><trkpt lat="40.686111" lon="-111.170871"></trkpt><trkpt lat="40.686242" lon="-111.170383"></trkpt><trkpt lat="40.686384" lon="-111.169063"></trkpt><trkpt lat="40.686574" lon="-111.168102"></trkpt><trkpt lat="40.687358" lon="-111.167751"></trkpt><trkpt lat="40.688309" lon="-111.167400"></trkpt></trkseg></trk><trk><name>T076 AU6D793</name><trkseg><trkpt lat="40.518538" lon="-111.047564"></trkpt><trkpt lat="40.518583" lon="-111.047381"></trkpt><trkpt lat="40.518578" lon="-111.047238"></trkpt><trkpt lat="40.518466" lon="-111.047164"></trkpt><trkpt lat="40.518186" lon="-111.047227"></trkpt><trkpt lat="40.517984" lon="-111.047233"></trkpt><trkpt lat="40.517826" lon="-111.047419"></trkpt><trkpt lat="40.517515" lon="-111.047456"></trkpt><trkpt lat="40.516921" lon="-111.047468"></trkpt><trkpt lat="40.516605" lon="-111.047562"></trkpt><trkpt lat="40.516209" lon="-111.047860"></trkpt><trkpt lat="40.515258" lon="-111.047695"></trkpt><trkpt lat="40.515056" lon="-111.047408"></trkpt><trkpt lat="40.514696" lon="-111.047083"></trkpt><trkpt lat="40.514380" lon="-111.046916"></trkpt><trkpt lat="40.514074" lon="-111.046807"></trkpt><trkpt lat="40.513849" lon="-111.046645"></trkpt><trkpt lat="40.513543" lon="-111.046175"></trkpt><trkpt lat="40.513444" lon="-111.046081"></trkpt><trkpt lat="40.513286" lon="-111.045978"></trkpt><trkpt lat="40.512926" lon="-111.045830"></trkpt><trkpt lat="40.512584" lon="-111.045522"></trkpt><trkpt lat="40.512075" lon="-111.045189"></trkpt><trkpt lat="40.511633" lon="-111.044772"></trkpt><trkpt lat="40.510967" lon="-111.044255"></trkpt><trkpt lat="40.510490" lon="-111.043755"></trkpt><trkpt lat="40.510355" lon="-111.043651"></trkpt><trkpt lat="40.510210" lon="-111.043567"></trkpt><trkpt lat="40.510012" lon="-111.043534"></trkpt><trkpt lat="40.509746" lon="-111.043554"></trkpt><trkpt lat="40.509557" lon="-111.043684"></trkpt><trkpt lat="40.509494" lon="-111.043788"></trkpt><trkpt lat="40.509454" lon="-111.043984"></trkpt><trkpt lat="40.509435" lon="-111.044509"></trkpt><trkpt lat="40.509354" lon="-111.045297"></trkpt><trkpt lat="40.509205" lon="-111.045925"></trkpt><trkpt lat="40.509124" lon="-111.046067"></trkpt><trkpt lat="40.508786" lon="-111.046294"></trkpt><trkpt lat="40.508187" lon="-111.046306"></trkpt><trkpt lat="40.507921" lon="-111.046230"></trkpt><trkpt lat="40.507025" lon="-111.045711"></trkpt><trkpt lat="40.506547" lon="-111.045552"></trkpt><trkpt lat="40.505467" lon="-111.044999"></trkpt><trkpt lat="40.503809" lon="-111.043705"></trkpt><trkpt lat="40.502368" lon="-111.042749"></trkpt><trkpt lat="40.501733" lon="-111.042465"></trkpt><trkpt lat="40.501616" lon="-111.042331"></trkpt><trkpt lat="40.501486" lon="-111.042098"></trkpt><trkpt lat="40.501252" lon="-111.041835"></trkpt><trkpt lat="40.500824" lon="-111.041510"></trkpt><trkpt lat="40.500585" lon="-111.041243"></trkpt><trkpt lat="40.500446" lon="-111.041151"></trkpt><trkpt lat="40.500157" lon="-111.041126"></trkpt><trkpt lat="40.499896" lon="-111.041034"></trkpt><trkpt lat="40.499558" lon="-111.040808"></trkpt><trkpt lat="40.499338" lon="-111.040550"></trkpt><trkpt lat="40.498423" lon="-111.040103"></trkpt><trkpt lat="40.498041" lon="-111.039978"></trkpt><trkpt lat="40.497640" lon="-111.039928"></trkpt><trkpt lat="40.497333" lon="-111.039794"></trkpt><trkpt lat="40.496757" lon="-111.039623"></trkpt><trkpt lat="40.496334" lon="-111.039280"></trkpt><trkpt lat="40.495861" lon="-111.038763"></trkpt><trkpt lat="40.495762" lon="-111.038596"></trkpt><trkpt lat="40.495230" lon="-111.038213"></trkpt><trkpt lat="40.494622" lon="-111.037350"></trkpt><trkpt lat="40.494605" lon="-111.037233"></trkpt><trkpt lat="40.494645" lon="-111.037158"></trkpt><trkpt lat="40.494726" lon="-111.037125"></trkpt><trkpt lat="40.494884" lon="-111.037125"></trkpt><trkpt lat="40.495384" lon="-111.037225"></trkpt><trkpt lat="40.495564" lon="-111.037216"></trkpt><trkpt lat="40.496330" lon="-111.037092"></trkpt><trkpt lat="40.496406" lon="-111.037000"></trkpt><trkpt lat="40.496393" lon="-111.036783"></trkpt><trkpt lat="40.495555" lon="-111.035682"></trkpt><trkpt lat="40.495236" lon="-111.035182"></trkpt><trkpt lat="40.495110" lon="-111.035032"></trkpt><trkpt lat="40.495006" lon="-111.034965"></trkpt><trkpt lat="40.494776" lon="-111.034940"></trkpt><trkpt lat="40.494209" lon="-111.035000"></trkpt><trkpt lat="40.493330" lon="-111.034872"></trkpt><trkpt lat="40.493137" lon="-111.034808"></trkpt><trkpt lat="40.492939" lon="-111.034678"></trkpt><trkpt lat="40.492376" lon="-111.034134"></trkpt><trkpt lat="40.491439" lon="-111.033972"></trkpt><trkpt lat="40.491304" lon="-111.033975"></trkpt><trkpt lat="40.490997" lon="-111.034024"></trkpt><trkpt lat="40.490754" lon="-111.034158"></trkpt><trkpt lat="40.490551" lon="-111.034200"></trkpt><trkpt lat="40.490092" lon="-111.034172"></trkpt><trkpt lat="40.489745" lon="-111.034277"></trkpt><trkpt lat="40.489556" lon="-111.034493"></trkpt><trkpt lat="40.489457" lon="-111.034993"></trkpt><trkpt lat="40.489398" lon="-111.035113"></trkpt><trkpt lat="40.489294" lon="-111.035212"></trkpt><trkpt lat="40.488974" lon="-111.035353"></trkpt><trkpt lat="40.488637" lon="-111.035381"></trkpt><trkpt lat="40.488501" lon="-111.035360"></trkpt><trkpt lat="40.488344" lon="-111.035303"></trkpt><trkpt lat="40.488195" lon="-111.035190"></trkpt><trkpt lat="40.487731" lon="-111.034668"></trkpt><trkpt lat="40.487200" lon="-111.034333"></trkpt><trkpt lat="40.486750" lon="-111.033902"></trkpt><trkpt lat="40.485669" lon="-111.033538"></trkpt><trkpt lat="40.485286" lon="-111.033193"></trkpt><trkpt lat="40.484917" lon="-111.033108"></trkpt><trkpt lat="40.484376" lon="-111.032713"></trkpt><trkpt lat="40.484205" lon="-111.032684"></trkpt><trkpt lat="40.483615" lon="-111.032744"></trkpt><trkpt lat="40.483462" lon="-111.032722"></trkpt><trkpt lat="40.483029" lon="-111.032504"></trkpt><trkpt lat="40.482926" lon="-111.032489"></trkpt><trkpt lat="40.482795" lon="-111.032419"></trkpt><trkpt lat="40.482439" lon="-111.031990"></trkpt><trkpt lat="40.482345" lon="-111.031816"></trkpt><trkpt lat="40.482232" lon="-111.031356"></trkpt><trkpt lat="40.482197" lon="-111.030503"></trkpt><trkpt lat="40.482228" lon="-111.030163"></trkpt><trkpt lat="40.482341" lon="-111.029710"></trkpt><trkpt lat="40.482472" lon="-111.029404"></trkpt><trkpt lat="40.482647" lon="-111.029177"></trkpt><trkpt lat="40.483467" lon="-111.028363"></trkpt><trkpt lat="40.483557" lon="-111.028231"></trkpt><trkpt lat="40.483607" lon="-111.028093"></trkpt><trkpt lat="40.483634" lon="-111.027461"></trkpt><trkpt lat="40.483788" lon="-111.026943"></trkpt><trkpt lat="40.483900" lon="-111.026713"></trkpt><trkpt lat="40.484022" lon="-111.026564"></trkpt><trkpt lat="40.484639" lon="-111.026409"></trkpt><trkpt lat="40.484842" lon="-111.026277"></trkpt><trkpt lat="40.484968" lon="-111.026144"></trkpt><trkpt lat="40.485049" lon="-111.025984"></trkpt><trkpt lat="40.485108" lon="-111.024828"></trkpt><trkpt lat="40.485193" lon="-111.024512"></trkpt><trkpt lat="40.485586" lon="-111.023684"></trkpt><trkpt lat="40.485779" lon="-111.023184"></trkpt><trkpt lat="40.485888" lon="-111.022701"></trkpt><trkpt lat="40.485969" lon="-111.021865"></trkpt><trkpt lat="40.486090" lon="-111.021520"></trkpt><trkpt lat="40.486059" lon="-111.021240"></trkpt><trkpt lat="40.485717" lon="-111.020962"></trkpt><trkpt lat="40.485374" lon="-111.020606"></trkpt><trkpt lat="40.485262" lon="-111.020364"></trkpt><trkpt lat="40.485050" lon="-111.019686"></trkpt><trkpt lat="40.485041" lon="-111.019364"></trkpt><trkpt lat="40.485316" lon="-111.017823"></trkpt><trkpt lat="40.485420" lon="-111.017008"></trkpt><trkpt lat="40.485672" lon="-111.015941"></trkpt><trkpt lat="40.485695" lon="-111.015528"></trkpt><trkpt lat="40.485335" lon="-111.014390"></trkpt><trkpt lat="40.485060" lon="-111.013329"></trkpt><trkpt lat="40.485015" lon="-111.012922"></trkpt><trkpt lat="40.485029" lon="-111.012379"></trkpt><trkpt lat="40.485196" lon="-111.011409"></trkpt><trkpt lat="40.485299" lon="-111.011157"></trkpt><trkpt lat="40.485957" lon="-111.010068"></trkpt><trkpt lat="40.486097" lon="-111.009777"></trkpt><trkpt lat="40.486308" lon="-111.009208"></trkpt><trkpt lat="40.486588" lon="-111.008025"></trkpt><trkpt lat="40.486619" lon="-111.007398"></trkpt><trkpt lat="40.486597" lon="-111.006972"></trkpt><trkpt lat="40.486462" lon="-111.005701"></trkpt><trkpt lat="40.486624" lon="-111.004706"></trkpt><trkpt lat="40.486818" lon="-111.002246"></trkpt><trkpt lat="40.486944" lon="-111.001276"></trkpt><trkpt lat="40.487074" lon="-111.000940"></trkpt><trkpt lat="40.487214" lon="-111.000681"></trkpt><trkpt lat="40.487894" lon="-110.999685"></trkpt><trkpt lat="40.488110" lon="-110.998842"></trkpt><trkpt lat="40.488300" lon="-110.998396"></trkpt><trkpt lat="40.488457" lon="-110.997788"></trkpt><trkpt lat="40.488642" lon="-110.997407"></trkpt><trkpt lat="40.488935" lon="-110.996430"></trkpt><trkpt lat="40.489011" lon="-110.996282"></trkpt><trkpt lat="40.489327" lon="-110.995894"></trkpt><trkpt lat="40.489809" lon="-110.994817"></trkpt><trkpt lat="40.490007" lon="-110.994533"></trkpt><trkpt lat="40.490187" lon="-110.994164"></trkpt><trkpt lat="40.490430" lon="-110.993479"></trkpt><trkpt lat="40.490858" lon="-110.992677"></trkpt><trkpt lat="40.490948" lon="-110.992321"></trkpt><trkpt lat="40.490993" lon="-110.991908"></trkpt><trkpt lat="40.491002" lon="-110.991293"></trkpt><trkpt lat="40.491124" lon="-110.990233"></trkpt><trkpt lat="40.491155" lon="-110.989470"></trkpt><trkpt lat="40.491772" lon="-110.987615"></trkpt><trkpt lat="40.491970" lon="-110.986748"></trkpt><trkpt lat="40.492375" lon="-110.985274"></trkpt><trkpt lat="40.492438" lon="-110.984699"></trkpt><trkpt lat="40.492708" lon="-110.983273"></trkpt><trkpt lat="40.492916" lon="-110.982684"></trkpt><trkpt lat="40.493096" lon="-110.982290"></trkpt><trkpt lat="40.493650" lon="-110.981391"></trkpt><trkpt lat="40.494077" lon="-110.980816"></trkpt><trkpt lat="40.494411" lon="-110.980444"></trkpt><trkpt lat="40.494929" lon="-110.979649"></trkpt><trkpt lat="40.495437" lon="-110.979209"></trkpt><trkpt lat="40.495645" lon="-110.978931"></trkpt><trkpt lat="40.495739" lon="-110.978633"></trkpt><trkpt lat="40.495816" lon="-110.977660"></trkpt><trkpt lat="40.495617" lon="-110.977117"></trkpt><trkpt lat="40.495302" lon="-110.975637"></trkpt><trkpt lat="40.495238" lon="-110.975139"></trkpt><trkpt lat="40.495211" lon="-110.974279"></trkpt><trkpt lat="40.495180" lon="-110.974046"></trkpt><trkpt lat="40.495099" lon="-110.973826"></trkpt><trkpt lat="40.494797" lon="-110.973413"></trkpt><trkpt lat="40.494607" lon="-110.973219"></trkpt><trkpt lat="40.494112" lon="-110.972899"></trkpt><trkpt lat="40.494008" lon="-110.972796"></trkpt><trkpt lat="40.493923" lon="-110.972666"></trkpt><trkpt lat="40.493855" lon="-110.972459"></trkpt><trkpt lat="40.493823" lon="-110.972175"></trkpt><trkpt lat="40.493747" lon="-110.971903"></trkpt><trkpt lat="40.493463" lon="-110.971302"></trkpt><trkpt lat="40.492251" lon="-110.969450"></trkpt><trkpt lat="40.491160" lon="-110.967983"></trkpt><trkpt lat="40.490804" lon="-110.967117"></trkpt><trkpt lat="40.490669" lon="-110.966593"></trkpt><trkpt lat="40.490371" lon="-110.965759"></trkpt><trkpt lat="40.489636" lon="-110.964174"></trkpt><trkpt lat="40.489361" lon="-110.963053"></trkpt><trkpt lat="40.489190" lon="-110.962574"></trkpt><trkpt lat="40.488338" lon="-110.960842"></trkpt><trkpt lat="40.488261" lon="-110.960605"></trkpt><trkpt lat="40.488176" lon="-110.960096"></trkpt><trkpt lat="40.488090" lon="-110.959855"></trkpt><trkpt lat="40.487463" lon="-110.958506"></trkpt><trkpt lat="40.487089" lon="-110.957871"></trkpt><trkpt lat="40.486751" lon="-110.957463"></trkpt><trkpt lat="40.486454" lon="-110.957215"></trkpt><trkpt lat="40.486283" lon="-110.956990"></trkpt><trkpt lat="40.486260" lon="-110.956659"></trkpt><trkpt lat="40.486435" lon="-110.955914"></trkpt><trkpt lat="40.486440" lon="-110.955742"></trkpt><trkpt lat="40.486390" lon="-110.955246"></trkpt><trkpt lat="40.486169" lon="-110.954536"></trkpt><trkpt lat="40.485777" lon="-110.953782"></trkpt><trkpt lat="40.485606" lon="-110.953516"></trkpt><trkpt lat="40.485511" lon="-110.953404"></trkpt><trkpt lat="40.485029" lon="-110.953038"></trkpt><trkpt lat="40.484682" lon="-110.952601"></trkpt><trkpt lat="40.484551" lon="-110.952260"></trkpt><trkpt lat="40.484519" lon="-110.951781"></trkpt><trkpt lat="40.484479" lon="-110.951622"></trkpt><trkpt lat="40.484222" lon="-110.951084"></trkpt><trkpt lat="40.483753" lon="-110.950339"></trkpt><trkpt lat="40.483307" lon="-110.949240"></trkpt><trkpt lat="40.483072" lon="-110.947930"></trkpt><trkpt lat="40.483126" lon="-110.947658"></trkpt><trkpt lat="40.483247" lon="-110.947374"></trkpt><trkpt lat="40.483288" lon="-110.947143"></trkpt><trkpt lat="40.483274" lon="-110.946629"></trkpt><trkpt lat="40.483211" lon="-110.946452"></trkpt><trkpt lat="40.482160" lon="-110.944708"></trkpt><trkpt lat="40.482012" lon="-110.944530"></trkpt><trkpt lat="40.481552" lon="-110.944194"></trkpt><trkpt lat="40.481363" lon="-110.943662"></trkpt><trkpt lat="40.481272" lon="-110.943508"></trkpt><trkpt lat="40.481097" lon="-110.943366"></trkpt><trkpt lat="40.480862" lon="-110.943278"></trkpt><trkpt lat="40.480750" lon="-110.943183"></trkpt><trkpt lat="40.480669" lon="-110.943083"></trkpt><trkpt lat="40.480569" lon="-110.942805"></trkpt><trkpt lat="40.480348" lon="-110.942634"></trkpt><trkpt lat="40.480222" lon="-110.942486"></trkpt><trkpt lat="40.480019" lon="-110.942108"></trkpt><trkpt lat="40.479857" lon="-110.941907"></trkpt><trkpt lat="40.479609" lon="-110.941685"></trkpt><trkpt lat="40.479357" lon="-110.941585"></trkpt><trkpt lat="40.479258" lon="-110.941508"></trkpt><trkpt lat="40.479150" lon="-110.941361"></trkpt><trkpt lat="40.478965" lon="-110.940822"></trkpt><trkpt lat="40.478347" lon="-110.939623"></trkpt><trkpt lat="40.478180" lon="-110.939402"></trkpt><trkpt lat="40.477968" lon="-110.939017"></trkpt><trkpt lat="40.477747" lon="-110.938456"></trkpt><trkpt lat="40.477499" lon="-110.937977"></trkpt><trkpt lat="40.477008" lon="-110.936718"></trkpt><trkpt lat="40.476895" lon="-110.936257"></trkpt><trkpt lat="40.476899" lon="-110.935426"></trkpt><trkpt lat="40.476858" lon="-110.934640"></trkpt><trkpt lat="40.476885" lon="-110.934397"></trkpt><trkpt lat="40.476966" lon="-110.934184"></trkpt><trkpt lat="40.477186" lon="-110.933812"></trkpt><trkpt lat="40.477213" lon="-110.933658"></trkpt><trkpt lat="40.477159" lon="-110.933386"></trkpt><trkpt lat="40.476663" lon="-110.932411"></trkpt><trkpt lat="40.476320" lon="-110.931468"></trkpt><trkpt lat="40.475860" lon="-110.930570"></trkpt><trkpt lat="40.475540" lon="-110.930115"></trkpt><trkpt lat="40.475432" lon="-110.929902"></trkpt><trkpt lat="40.475129" lon="-110.928992"></trkpt><trkpt lat="40.474719" lon="-110.928031"></trkpt><trkpt lat="40.474340" lon="-110.927358"></trkpt><trkpt lat="40.473889" lon="-110.926797"></trkpt><trkpt lat="40.473452" lon="-110.925860"></trkpt><trkpt lat="40.473104" lon="-110.925039"></trkpt><trkpt lat="40.472806" lon="-110.924181"></trkpt><trkpt lat="40.472215" lon="-110.922680"></trkpt><trkpt lat="40.472071" lon="-110.922228"></trkpt><trkpt lat="40.471994" lon="-110.921932"></trkpt><trkpt lat="40.471949" lon="-110.921507"></trkpt><trkpt lat="40.471957" lon="-110.920939"></trkpt><trkpt lat="40.471917" lon="-110.920774"></trkpt><trkpt lat="40.471790" lon="-110.920561"></trkpt><trkpt lat="40.471565" lon="-110.920378"></trkpt><trkpt lat="40.471380" lon="-110.920041"></trkpt><trkpt lat="40.471163" lon="-110.919360"></trkpt><trkpt lat="40.471159" lon="-110.919165"></trkpt><trkpt lat="40.471244" lon="-110.918732"></trkpt><trkpt lat="40.471612" lon="-110.917457"></trkpt><trkpt lat="40.471702" lon="-110.917084"></trkpt><trkpt lat="40.471760" lon="-110.916504"></trkpt><trkpt lat="40.471931" lon="-110.915917"></trkpt><trkpt lat="40.471940" lon="-110.915587"></trkpt><trkpt lat="40.471899" lon="-110.915169"></trkpt><trkpt lat="40.471935" lon="-110.915042"></trkpt><trkpt lat="40.472025" lon="-110.914921"></trkpt><trkpt lat="40.472354" lon="-110.914657"></trkpt><trkpt lat="40.472444" lon="-110.914478"></trkpt><trkpt lat="40.472875" lon="-110.913427"></trkpt><trkpt lat="40.473226" lon="-110.912326"></trkpt><trkpt lat="40.473478" lon="-110.911849"></trkpt><trkpt lat="40.473545" lon="-110.911219"></trkpt><trkpt lat="40.473482" lon="-110.911000"></trkpt><trkpt lat="40.473450" lon="-110.910728"></trkpt><trkpt lat="40.473449" lon="-110.910100"></trkpt><trkpt lat="40.473422" lon="-110.909905"></trkpt><trkpt lat="40.473255" lon="-110.909524"></trkpt><trkpt lat="40.473129" lon="-110.909325"></trkpt><trkpt lat="40.472885" lon="-110.909097"></trkpt><trkpt lat="40.472561" lon="-110.908885"></trkpt><trkpt lat="40.472241" lon="-110.908549"></trkpt><trkpt lat="40.471750" lon="-110.908153"></trkpt><trkpt lat="40.471668" lon="-110.908043"></trkpt><trkpt lat="40.471231" lon="-110.906981"></trkpt><trkpt lat="40.470946" lon="-110.906124"></trkpt><trkpt lat="40.470680" lon="-110.905486"></trkpt><trkpt lat="40.470202" lon="-110.904531"></trkpt><trkpt lat="40.469575" lon="-110.903431"></trkpt><trkpt lat="40.469489" lon="-110.902865"></trkpt></trkseg></trk><trk><name>T077 AU6D793</name><trkseg><trkpt lat="40.755681" lon="-111.026092"></trkpt><trkpt lat="40.755213" lon="-111.026344"></trkpt><trkpt lat="40.754852" lon="-111.026702"></trkpt><trkpt lat="40.754402" lon="-111.026771"></trkpt><trkpt lat="40.754185" lon="-111.026984"></trkpt><trkpt lat="40.753537" lon="-111.027221"></trkpt><trkpt lat="40.753320" lon="-111.027358"></trkpt><trkpt lat="40.753086" lon="-111.027404"></trkpt><trkpt lat="40.753032" lon="-111.027358"></trkpt><trkpt lat="40.753046" lon="-111.027244"></trkpt><trkpt lat="40.753231" lon="-111.026916"></trkpt><trkpt lat="40.753681" lon="-111.026389"></trkpt><trkpt lat="40.753915" lon="-111.026061"></trkpt><trkpt lat="40.754492" lon="-111.025039"></trkpt><trkpt lat="40.754835" lon="-111.024330"></trkpt><trkpt lat="40.754961" lon="-111.023902"></trkpt><trkpt lat="40.754965" lon="-111.023353"></trkpt><trkpt lat="40.754997" lon="-111.023238"></trkpt><trkpt lat="40.755177" lon="-111.022933"></trkpt><trkpt lat="40.755339" lon="-111.022506"></trkpt><trkpt lat="40.755538" lon="-111.021827"></trkpt><trkpt lat="40.755475" lon="-111.021591"></trkpt><trkpt lat="40.755569" lon="-111.020835"></trkpt><trkpt lat="40.755619" lon="-111.019691"></trkpt><trkpt lat="40.755619" lon="-111.019599"></trkpt><trkpt lat="40.755565" lon="-111.019500"></trkpt><trkpt lat="40.755520" lon="-111.019469"></trkpt><trkpt lat="40.755466" lon="-111.019492"></trkpt><trkpt lat="40.755371" lon="-111.019805"></trkpt><trkpt lat="40.755034" lon="-111.020194"></trkpt><trkpt lat="40.754871" lon="-111.020476"></trkpt><trkpt lat="40.754466" lon="-111.021476"></trkpt><trkpt lat="40.754385" lon="-111.021537"></trkpt><trkpt lat="40.754236" lon="-111.021369"></trkpt><trkpt lat="40.754146" lon="-111.021079"></trkpt><trkpt lat="40.754133" lon="-111.020896"></trkpt><trkpt lat="40.754205" lon="-111.020606"></trkpt><trkpt lat="40.754187" lon="-111.020385"></trkpt><trkpt lat="40.754070" lon="-111.019935"></trkpt><trkpt lat="40.754119" lon="-111.019591"></trkpt><trkpt lat="40.754110" lon="-111.019416"></trkpt><trkpt lat="40.754034" lon="-111.019210"></trkpt><trkpt lat="40.753948" lon="-111.019172"></trkpt><trkpt lat="40.753894" lon="-111.019195"></trkpt><trkpt lat="40.753790" lon="-111.019339"></trkpt><trkpt lat="40.753637" lon="-111.019889"></trkpt><trkpt lat="40.753331" lon="-111.020347"></trkpt><trkpt lat="40.753061" lon="-111.020682"></trkpt><trkpt lat="40.752682" lon="-111.021011"></trkpt><trkpt lat="40.752430" lon="-111.021193"></trkpt><trkpt lat="40.752205" lon="-111.021308"></trkpt><trkpt lat="40.752006" lon="-111.021613"></trkpt><trkpt lat="40.751574" lon="-111.022712"></trkpt><trkpt lat="40.751376" lon="-111.022857"></trkpt><trkpt lat="40.751276" lon="-111.022819"></trkpt><trkpt lat="40.751204" lon="-111.022727"></trkpt><trkpt lat="40.751123" lon="-111.022575"></trkpt><trkpt lat="40.751069" lon="-111.022361"></trkpt><trkpt lat="40.751042" lon="-111.021827"></trkpt><trkpt lat="40.751060" lon="-111.021567"></trkpt><trkpt lat="40.751232" lon="-111.021003"></trkpt><trkpt lat="40.751286" lon="-111.020675"></trkpt><trkpt lat="40.751223" lon="-111.020408"></trkpt><trkpt lat="40.750980" lon="-111.020179"></trkpt><trkpt lat="40.750529" lon="-111.020049"></trkpt><trkpt lat="40.750367" lon="-111.019919"></trkpt><trkpt lat="40.750336" lon="-111.019790"></trkpt><trkpt lat="40.750417" lon="-111.019423"></trkpt><trkpt lat="40.750358" lon="-111.019255"></trkpt><trkpt lat="40.750376" lon="-111.018958"></trkpt><trkpt lat="40.750336" lon="-111.018805"></trkpt><trkpt lat="40.750223" lon="-111.018668"></trkpt><trkpt lat="40.749948" lon="-111.018508"></trkpt><trkpt lat="40.749529" lon="-111.018569"></trkpt></trkseg></trk><trk><name>T078 AU6D793</name><trkseg><trkpt lat="40.430587" lon="-111.612388"></trkpt><trkpt lat="40.430565" lon="-111.612275"></trkpt><trkpt lat="40.430825" lon="-111.611742"></trkpt><trkpt lat="40.431013" lon="-111.611015"></trkpt><trkpt lat="40.431155" lon="-111.610702"></trkpt><trkpt lat="40.431409" lon="-111.610315"></trkpt><trkpt lat="40.431930" lon="-111.609826"></trkpt><trkpt lat="40.432436" lon="-111.609436"></trkpt><trkpt lat="40.432635" lon="-111.609308"></trkpt><trkpt lat="40.432919" lon="-111.609258"></trkpt><trkpt lat="40.433189" lon="-111.609345"></trkpt><trkpt lat="40.433328" lon="-111.609461"></trkpt><trkpt lat="40.433923" lon="-111.610160"></trkpt><trkpt lat="40.434488" lon="-111.610657"></trkpt><trkpt lat="40.434632" lon="-111.610828"></trkpt><trkpt lat="40.434801" lon="-111.611144"></trkpt><trkpt lat="40.434981" lon="-111.611994"></trkpt><trkpt lat="40.435279" lon="-111.612670"></trkpt><trkpt lat="40.435615" lon="-111.613030"></trkpt><trkpt lat="40.435835" lon="-111.613211"></trkpt><trkpt lat="40.435988" lon="-111.613333"></trkpt><trkpt lat="40.436302" lon="-111.613485"></trkpt><trkpt lat="40.436473" lon="-111.613527"></trkpt><trkpt lat="40.437058" lon="-111.613567"></trkpt><trkpt lat="40.437616" lon="-111.613747"></trkpt><trkpt lat="40.437810" lon="-111.613749"></trkpt><trkpt lat="40.438022" lon="-111.613706"></trkpt><trkpt lat="40.438144" lon="-111.613647"></trkpt><trkpt lat="40.438420" lon="-111.613310"></trkpt><trkpt lat="40.438808" lon="-111.612376"></trkpt><trkpt lat="40.438940" lon="-111.612172"></trkpt><trkpt lat="40.439347" lon="-111.611771"></trkpt><trkpt lat="40.439582" lon="-111.611604"></trkpt><trkpt lat="40.439772" lon="-111.611505"></trkpt><trkpt lat="40.439980" lon="-111.611452"></trkpt><trkpt lat="40.440236" lon="-111.611435"></trkpt><trkpt lat="40.440516" lon="-111.611477"></trkpt><trkpt lat="40.440673" lon="-111.611534"></trkpt><trkpt lat="40.441741" lon="-111.612357"></trkpt><trkpt lat="40.442176" lon="-111.612596"></trkpt><trkpt lat="40.442518" lon="-111.612639"></trkpt><trkpt lat="40.442739" lon="-111.612561"></trkpt><trkpt lat="40.443219" lon="-111.612145"></trkpt><trkpt lat="40.443400" lon="-111.612082"></trkpt><trkpt lat="40.444143" lon="-111.612076"></trkpt><trkpt lat="40.444423" lon="-111.611945"></trkpt><trkpt lat="40.444821" lon="-111.611649"></trkpt><trkpt lat="40.445060" lon="-111.611511"></trkpt><trkpt lat="40.445426" lon="-111.611430"></trkpt><trkpt lat="40.445944" lon="-111.611379"></trkpt><trkpt lat="40.446179" lon="-111.611317"></trkpt><trkpt lat="40.446382" lon="-111.611194"></trkpt><trkpt lat="40.446830" lon="-111.610709"></trkpt><trkpt lat="40.447031" lon="-111.610311"></trkpt><trkpt lat="40.447173" lon="-111.609848"></trkpt><trkpt lat="40.447210" lon="-111.609594"></trkpt><trkpt lat="40.447237" lon="-111.608686"></trkpt><trkpt lat="40.447279" lon="-111.608497"></trkpt><trkpt lat="40.447493" lon="-111.608105"></trkpt><trkpt lat="40.447615" lon="-111.607950"></trkpt><trkpt lat="40.447787" lon="-111.607806"></trkpt><trkpt lat="40.448099" lon="-111.607615"></trkpt><trkpt lat="40.448702" lon="-111.607627"></trkpt><trkpt lat="40.449019" lon="-111.607470"></trkpt><trkpt lat="40.449431" lon="-111.606939"></trkpt><trkpt lat="40.450051" lon="-111.606438"></trkpt><trkpt lat="40.450228" lon="-111.606267"></trkpt><trkpt lat="40.450305" lon="-111.606135"></trkpt><trkpt lat="40.450442" lon="-111.605824"></trkpt><trkpt lat="40.450470" lon="-111.605595"></trkpt><trkpt lat="40.450457" lon="-111.604630"></trkpt><trkpt lat="40.450527" lon="-111.603305"></trkpt><trkpt lat="40.450776" lon="-111.600413"></trkpt><trkpt lat="40.450853" lon="-111.598627"></trkpt><trkpt lat="40.450970" lon="-111.597705"></trkpt><trkpt lat="40.450959" lon="-111.597253"></trkpt><trkpt lat="40.450884" lon="-111.596934"></trkpt><trkpt lat="40.450846" lon="-111.596454"></trkpt><trkpt lat="40.450866" lon="-111.596211"></trkpt><trkpt lat="40.450967" lon="-111.595817"></trkpt><trkpt lat="40.450991" lon="-111.595456"></trkpt><trkpt lat="40.450943" lon="-111.595216"></trkpt><trkpt lat="40.450446" lon="-111.594546"></trkpt><trkpt lat="40.450286" lon="-111.594239"></trkpt><trkpt lat="40.450108" lon="-111.593772"></trkpt><trkpt lat="40.449871" lon="-111.592462"></trkpt><trkpt lat="40.449615" lon="-111.591453"></trkpt><trkpt lat="40.449582" lon="-111.590991"></trkpt><trkpt lat="40.449626" lon="-111.590198"></trkpt><trkpt lat="40.449705" lon="-111.589772"></trkpt><trkpt lat="40.449796" lon="-111.589570"></trkpt><trkpt lat="40.450299" lon="-111.588901"></trkpt><trkpt lat="40.450721" lon="-111.588429"></trkpt><trkpt lat="40.450915" lon="-111.588281"></trkpt><trkpt lat="40.451326" lon="-111.588068"></trkpt><trkpt lat="40.451503" lon="-111.587852"></trkpt><trkpt lat="40.451698" lon="-111.587503"></trkpt><trkpt lat="40.451737" lon="-111.587070"></trkpt><trkpt lat="40.451666" lon="-111.586737"></trkpt><trkpt lat="40.451497" lon="-111.586367"></trkpt><trkpt lat="40.451193" lon="-111.585875"></trkpt><trkpt lat="40.451077" lon="-111.585588"></trkpt><trkpt lat="40.451016" lon="-111.585271"></trkpt><trkpt lat="40.450887" lon="-111.584910"></trkpt><trkpt lat="40.450615" lon="-111.584433"></trkpt><trkpt lat="40.450517" lon="-111.584187"></trkpt><trkpt lat="40.450406" lon="-111.583789"></trkpt><trkpt lat="40.450410" lon="-111.583092"></trkpt><trkpt lat="40.450442" lon="-111.582922"></trkpt><trkpt lat="40.450611" lon="-111.582552"></trkpt><trkpt lat="40.450742" lon="-111.582387"></trkpt><trkpt lat="40.450950" lon="-111.582195"></trkpt><trkpt lat="40.451294" lon="-111.581986"></trkpt><trkpt lat="40.452182" lon="-111.581880"></trkpt><trkpt lat="40.453110" lon="-111.581821"></trkpt><trkpt lat="40.453313" lon="-111.581763"></trkpt><trkpt lat="40.453417" lon="-111.581686"></trkpt><trkpt lat="40.453476" lon="-111.581594"></trkpt><trkpt lat="40.453517" lon="-111.581502"></trkpt><trkpt lat="40.453545" lon="-111.581267"></trkpt><trkpt lat="40.453515" lon="-111.580997"></trkpt><trkpt lat="40.452991" lon="-111.580471"></trkpt><trkpt lat="40.452812" lon="-111.580151"></trkpt><trkpt lat="40.452755" lon="-111.579963"></trkpt><trkpt lat="40.452762" lon="-111.579409"></trkpt><trkpt lat="40.452830" lon="-111.579201"></trkpt><trkpt lat="40.452971" lon="-111.578982"></trkpt><trkpt lat="40.453369" lon="-111.578607"></trkpt><trkpt lat="40.453633" lon="-111.578197"></trkpt><trkpt lat="40.453850" lon="-111.578001"></trkpt><trkpt lat="40.454356" lon="-111.577649"></trkpt><trkpt lat="40.454478" lon="-111.577529"></trkpt><trkpt lat="40.454642" lon="-111.577261"></trkpt><trkpt lat="40.454694" lon="-111.576850"></trkpt><trkpt lat="40.454672" lon="-111.576636"></trkpt><trkpt lat="40.454592" lon="-111.576344"></trkpt><trkpt lat="40.454499" lon="-111.576151"></trkpt><trkpt lat="40.454226" lon="-111.575808"></trkpt><trkpt lat="40.454110" lon="-111.575538"></trkpt><trkpt lat="40.454076" lon="-111.575137"></trkpt><trkpt lat="40.454100" lon="-111.574868"></trkpt><trkpt lat="40.454264" lon="-111.574447"></trkpt><trkpt lat="40.454355" lon="-111.574332"></trkpt><trkpt lat="40.454585" lon="-111.574169"></trkpt><trkpt lat="40.454919" lon="-111.574018"></trkpt><trkpt lat="40.455403" lon="-111.573704"></trkpt><trkpt lat="40.455566" lon="-111.573574"></trkpt><trkpt lat="40.455838" lon="-111.573186"></trkpt><trkpt lat="40.455970" lon="-111.572863"></trkpt><trkpt lat="40.456017" lon="-111.572512"></trkpt><trkpt lat="40.456024" lon="-111.571979"></trkpt><trkpt lat="40.455969" lon="-111.571342"></trkpt><trkpt lat="40.456019" lon="-111.571117"></trkpt><trkpt lat="40.456155" lon="-111.570899"></trkpt><trkpt lat="40.456217" lon="-111.570303"></trkpt><trkpt lat="40.456200" lon="-111.570001"></trkpt><trkpt lat="40.456156" lon="-111.569869"></trkpt><trkpt lat="40.455973" lon="-111.569636"></trkpt><trkpt lat="40.455784" lon="-111.569542"></trkpt><trkpt lat="40.455425" lon="-111.569242"></trkpt><trkpt lat="40.455066" lon="-111.568877"></trkpt><trkpt lat="40.454772" lon="-111.568363"></trkpt><trkpt lat="40.454576" lon="-111.567878"></trkpt><trkpt lat="40.454307" lon="-111.566745"></trkpt><trkpt lat="40.454308" lon="-111.566542"></trkpt><trkpt lat="40.454559" lon="-111.565803"></trkpt><trkpt lat="40.454556" lon="-111.565550"></trkpt><trkpt lat="40.454476" lon="-111.565209"></trkpt><trkpt lat="40.454414" lon="-111.565060"></trkpt><trkpt lat="40.454289" lon="-111.564900"></trkpt><trkpt lat="40.453303" lon="-111.564644"></trkpt><trkpt lat="40.452935" lon="-111.564468"></trkpt><trkpt lat="40.452719" lon="-111.564302"></trkpt><trkpt lat="40.452481" lon="-111.564174"></trkpt><trkpt lat="40.452202" lon="-111.564100"></trkpt><trkpt lat="40.451627" lon="-111.563881"></trkpt><trkpt lat="40.451276" lon="-111.563793"></trkpt><trkpt lat="40.451150" lon="-111.563726"></trkpt><trkpt lat="40.449682" lon="-111.562811"></trkpt><trkpt lat="40.449525" lon="-111.562513"></trkpt><trkpt lat="40.449500" lon="-111.562265"></trkpt><trkpt lat="40.449532" lon="-111.562062"></trkpt><trkpt lat="40.449615" lon="-111.561788"></trkpt><trkpt lat="40.449982" lon="-111.561236"></trkpt><trkpt lat="40.450154" lon="-111.561063"></trkpt><trkpt lat="40.450312" lon="-111.560992"></trkpt><trkpt lat="40.450578" lon="-111.560989"></trkpt><trkpt lat="40.451113" lon="-111.561175"></trkpt><trkpt lat="40.451239" lon="-111.561170"></trkpt><trkpt lat="40.451343" lon="-111.561100"></trkpt><trkpt lat="40.451538" lon="-111.560838"></trkpt><trkpt lat="40.451708" lon="-111.560235"></trkpt><trkpt lat="40.451780" lon="-111.560109"></trkpt><trkpt lat="40.452024" lon="-111.559930"></trkpt><trkpt lat="40.452200" lon="-111.559904"></trkpt><trkpt lat="40.452659" lon="-111.559985"></trkpt><trkpt lat="40.453186" lon="-111.559995"></trkpt><trkpt lat="40.453547" lon="-111.559938"></trkpt><trkpt lat="40.453823" lon="-111.559764"></trkpt><trkpt lat="40.453936" lon="-111.559600"></trkpt><trkpt lat="40.454050" lon="-111.559332"></trkpt><trkpt lat="40.454123" lon="-111.559135"></trkpt><trkpt lat="40.454156" lon="-111.558866"></trkpt><trkpt lat="40.454145" lon="-111.558191"></trkpt><trkpt lat="40.454102" lon="-111.557894"></trkpt><trkpt lat="40.453866" lon="-111.557260"></trkpt><trkpt lat="40.453783" lon="-111.556779"></trkpt><trkpt lat="40.453801" lon="-111.556664"></trkpt><trkpt lat="40.453915" lon="-111.556413"></trkpt><trkpt lat="40.453992" lon="-111.556287"></trkpt><trkpt lat="40.454106" lon="-111.556200"></trkpt><trkpt lat="40.454250" lon="-111.556152"></trkpt><trkpt lat="40.454439" lon="-111.556148"></trkpt><trkpt lat="40.454785" lon="-111.556271"></trkpt><trkpt lat="40.455041" lon="-111.556510"></trkpt><trkpt lat="40.455305" lon="-111.556836"></trkpt><trkpt lat="40.455520" lon="-111.557043"></trkpt><trkpt lat="40.455893" lon="-111.557327"></trkpt><trkpt lat="40.456162" lon="-111.557488"></trkpt><trkpt lat="40.456709" lon="-111.558014"></trkpt><trkpt lat="40.457024" lon="-111.558206"></trkpt><trkpt lat="40.457285" lon="-111.558258"></trkpt><trkpt lat="40.457623" lon="-111.558206"></trkpt><trkpt lat="40.457857" lon="-111.558131"></trkpt><trkpt lat="40.459046" lon="-111.557303"></trkpt><trkpt lat="40.459436" lon="-111.556881"></trkpt><trkpt lat="40.459806" lon="-111.556719"></trkpt><trkpt lat="40.459887" lon="-111.556648"></trkpt><trkpt lat="40.460055" lon="-111.556359"></trkpt><trkpt lat="40.460083" lon="-111.556205"></trkpt><trkpt lat="40.460080" lon="-111.555859"></trkpt><trkpt lat="40.460002" lon="-111.555281"></trkpt><trkpt lat="40.460012" lon="-111.555139"></trkpt><trkpt lat="40.460062" lon="-111.555024"></trkpt><trkpt lat="40.460320" lon="-111.554669"></trkpt><trkpt lat="40.460428" lon="-111.554621"></trkpt><trkpt lat="40.460681" lon="-111.554595"></trkpt><trkpt lat="40.460865" lon="-111.554613"></trkpt><trkpt lat="40.461118" lon="-111.554555"></trkpt><trkpt lat="40.461258" lon="-111.554452"></trkpt><trkpt lat="40.461412" lon="-111.554274"></trkpt><trkpt lat="40.461558" lon="-111.554002"></trkpt><trkpt lat="40.461749" lon="-111.553436"></trkpt><trkpt lat="40.462081" lon="-111.552789"></trkpt><trkpt lat="40.462205" lon="-111.552451"></trkpt><trkpt lat="40.462255" lon="-111.552217"></trkpt><trkpt lat="40.462280" lon="-111.551773"></trkpt><trkpt lat="40.462183" lon="-111.551282"></trkpt><trkpt lat="40.461879" lon="-111.550745"></trkpt><trkpt lat="40.461571" lon="-111.550316"></trkpt><trkpt lat="40.461478" lon="-111.549980"></trkpt><trkpt lat="40.461453" lon="-111.549581"></trkpt><trkpt lat="40.461481" lon="-111.549345"></trkpt><trkpt lat="40.461731" lon="-111.548694"></trkpt><trkpt lat="40.462182" lon="-111.547755"></trkpt></trkseg></trk><trk><name>T079 AU6D793</name><trkseg><trkpt lat="40.999405" lon="-110.398133"></trkpt><trkpt lat="40.999551" lon="-110.397827"></trkpt><trkpt lat="40.999701" lon="-110.397760"></trkpt><trkpt lat="40.999877" lon="-110.397758"></trkpt><trkpt lat="41.000228" lon="-110.397854"></trkpt><trkpt lat="41.000403" lon="-110.397654"></trkpt><trkpt lat="41.000401" lon="-110.397323"></trkpt><trkpt lat="41.000349" lon="-110.396993"></trkpt><trkpt lat="40.999921" lon="-110.396666"></trkpt><trkpt lat="40.999121" lon="-110.397037"></trkpt><trkpt lat="40.998697" lon="-110.397372"></trkpt><trkpt lat="40.998296" lon="-110.397375"></trkpt><trkpt lat="40.997718" lon="-110.397248"></trkpt><trkpt lat="40.997417" lon="-110.397086"></trkpt><trkpt lat="40.997041" lon="-110.397089"></trkpt><trkpt lat="40.996890" lon="-110.397057"></trkpt><trkpt lat="40.996639" lon="-110.396927"></trkpt><trkpt lat="40.996387" lon="-110.396698"></trkpt><trkpt lat="40.996011" lon="-110.396768"></trkpt><trkpt lat="40.994382" lon="-110.396749"></trkpt><trkpt lat="40.993931" lon="-110.396627"></trkpt><trkpt lat="40.993030" lon="-110.396635"></trkpt><trkpt lat="40.992921" lon="-110.396551"></trkpt><trkpt lat="40.992811" lon="-110.396215"></trkpt><trkpt lat="40.992215" lon="-110.395909"></trkpt><trkpt lat="40.991962" lon="-110.395727"></trkpt><trkpt lat="40.991820" lon="-110.395254"></trkpt><trkpt lat="40.991667" lon="-110.394445"></trkpt><trkpt lat="40.991702" lon="-110.394277"></trkpt><trkpt lat="40.991796" lon="-110.394170"></trkpt><trkpt lat="40.991899" lon="-110.393964"></trkpt><trkpt lat="40.991860" lon="-110.393407"></trkpt></trkseg></trk><trk><name>T080 AU6D793</name><trkseg><trkpt lat="40.168888" lon="-111.477054"></trkpt><trkpt lat="40.168856" lon="-111.476299"></trkpt><trkpt lat="40.169419" lon="-111.475800"></trkpt><trkpt lat="40.169581" lon="-111.475573"></trkpt><trkpt lat="40.169605" lon="-111.474915"></trkpt><trkpt lat="40.169439" lon="-111.474497"></trkpt><trkpt lat="40.169440" lon="-111.474257"></trkpt><trkpt lat="40.169342" lon="-111.473878"></trkpt><trkpt lat="40.169190" lon="-111.473689"></trkpt><trkpt lat="40.169141" lon="-111.473550"></trkpt><trkpt lat="40.169151" lon="-111.473385"></trkpt><trkpt lat="40.169106" lon="-111.473219"></trkpt><trkpt lat="40.169021" lon="-111.473057"></trkpt><trkpt lat="40.168649" lon="-111.472580"></trkpt><trkpt lat="40.168618" lon="-111.472424"></trkpt><trkpt lat="40.168524" lon="-111.472279"></trkpt><trkpt lat="40.168508" lon="-111.471950"></trkpt><trkpt lat="40.168531" lon="-111.471770"></trkpt><trkpt lat="40.168248" lon="-111.471542"></trkpt><trkpt lat="40.168042" lon="-111.471200"></trkpt><trkpt lat="40.167836" lon="-111.470979"></trkpt><trkpt lat="40.167517" lon="-111.470767"></trkpt><trkpt lat="40.167495" lon="-111.470725"></trkpt><trkpt lat="40.167509" lon="-111.470600"></trkpt><trkpt lat="40.167473" lon="-111.470526"></trkpt><trkpt lat="40.167190" lon="-111.470298"></trkpt><trkpt lat="40.167060" lon="-111.470251"></trkpt><trkpt lat="40.166582" lon="-111.470305"></trkpt><trkpt lat="40.166469" lon="-111.470229"></trkpt><trkpt lat="40.166195" lon="-111.470168"></trkpt><trkpt lat="40.166118" lon="-111.470230"></trkpt><trkpt lat="40.166010" lon="-111.470179"></trkpt><trkpt lat="40.165920" lon="-111.470231"></trkpt><trkpt lat="40.165673" lon="-111.470101"></trkpt><trkpt lat="40.165574" lon="-111.469973"></trkpt><trkpt lat="40.165426" lon="-111.469885"></trkpt><trkpt lat="40.165165" lon="-111.469758"></trkpt><trkpt lat="40.165052" lon="-111.469792"></trkpt><trkpt lat="40.164860" lon="-111.469314"></trkpt><trkpt lat="40.164798" lon="-111.469201"></trkpt><trkpt lat="40.164686" lon="-111.469107"></trkpt><trkpt lat="40.164525" lon="-111.468736"></trkpt><trkpt lat="40.164463" lon="-111.468494"></trkpt><trkpt lat="40.164499" lon="-111.468361"></trkpt><trkpt lat="40.164442" lon="-111.468164"></trkpt><trkpt lat="40.164356" lon="-111.468111"></trkpt><trkpt lat="40.164294" lon="-111.467854"></trkpt><trkpt lat="40.163937" lon="-111.467149"></trkpt><trkpt lat="40.163830" lon="-111.466770"></trkpt><trkpt lat="40.163464" lon="-111.465985"></trkpt><trkpt lat="40.163298" lon="-111.465746"></trkpt><trkpt lat="40.163163" lon="-111.465646"></trkpt><trkpt lat="40.163100" lon="-111.465661"></trkpt><trkpt lat="40.162853" lon="-111.465508"></trkpt><trkpt lat="40.162534" lon="-111.465251"></trkpt><trkpt lat="40.162462" lon="-111.465217"></trkpt><trkpt lat="40.162359" lon="-111.465223"></trkpt><trkpt lat="40.162355" lon="-111.465091"></trkpt><trkpt lat="40.162067" lon="-111.465010"></trkpt><trkpt lat="40.161802" lon="-111.464797"></trkpt><trkpt lat="40.161613" lon="-111.464724"></trkpt><trkpt lat="40.161348" lon="-111.464440"></trkpt><trkpt lat="40.161268" lon="-111.464285"></trkpt><trkpt lat="40.161034" lon="-111.464144"></trkpt><trkpt lat="40.160917" lon="-111.464112"></trkpt><trkpt lat="40.160858" lon="-111.464194"></trkpt><trkpt lat="40.160709" lon="-111.464215"></trkpt><trkpt lat="40.160422" lon="-111.464120"></trkpt><trkpt lat="40.160269" lon="-111.464005"></trkpt><trkpt lat="40.160120" lon="-111.463958"></trkpt><trkpt lat="40.160112" lon="-111.463742"></trkpt><trkpt lat="40.159718" lon="-111.463268"></trkpt><trkpt lat="40.159587" lon="-111.463194"></trkpt><trkpt lat="40.159435" lon="-111.463026"></trkpt><trkpt lat="40.159265" lon="-111.462731"></trkpt><trkpt lat="40.159161" lon="-111.462692"></trkpt><trkpt lat="40.159116" lon="-111.462743"></trkpt><trkpt lat="40.159107" lon="-111.462643"></trkpt><trkpt lat="40.159000" lon="-111.462518"></trkpt><trkpt lat="40.158835" lon="-111.462088"></trkpt><trkpt lat="40.158840" lon="-111.461900"></trkpt><trkpt lat="40.158726" lon="-111.461049"></trkpt><trkpt lat="40.158601" lon="-111.460908"></trkpt><trkpt lat="40.158533" lon="-111.460941"></trkpt><trkpt lat="40.158417" lon="-111.460569"></trkpt><trkpt lat="40.158328" lon="-111.460485"></trkpt><trkpt lat="40.158279" lon="-111.460205"></trkpt><trkpt lat="40.158316" lon="-111.459960"></trkpt><trkpt lat="40.158228" lon="-111.459563"></trkpt><trkpt lat="40.158098" lon="-111.459218"></trkpt><trkpt lat="40.157955" lon="-111.459061"></trkpt><trkpt lat="40.157924" lon="-111.458966"></trkpt><trkpt lat="40.157933" lon="-111.458843"></trkpt><trkpt lat="40.157782" lon="-111.458455"></trkpt><trkpt lat="40.157602" lon="-111.458189"></trkpt><trkpt lat="40.157479" lon="-111.457596"></trkpt><trkpt lat="40.157462" lon="-111.457380"></trkpt><trkpt lat="40.157484" lon="-111.457270"></trkpt><trkpt lat="40.157432" lon="-111.456964"></trkpt><trkpt lat="40.157521" lon="-111.456039"></trkpt><trkpt lat="40.157420" lon="-111.455319"></trkpt><trkpt lat="40.157421" lon="-111.454993"></trkpt><trkpt lat="40.157672" lon="-111.454306"></trkpt><trkpt lat="40.157747" lon="-111.453602"></trkpt><trkpt lat="40.157875" lon="-111.453143"></trkpt><trkpt lat="40.157871" lon="-111.452963"></trkpt><trkpt lat="40.157790" lon="-111.452923"></trkpt><trkpt lat="40.157786" lon="-111.452851"></trkpt><trkpt lat="40.158041" lon="-111.452166"></trkpt><trkpt lat="40.158068" lon="-111.451999"></trkpt><trkpt lat="40.158313" lon="-111.451520"></trkpt><trkpt lat="40.158744" lon="-111.450912"></trkpt><trkpt lat="40.158989" lon="-111.450419"></trkpt><trkpt lat="40.159021" lon="-111.450179"></trkpt><trkpt lat="40.159515" lon="-111.449421"></trkpt><trkpt lat="40.159719" lon="-111.449216"></trkpt><trkpt lat="40.160249" lon="-111.448483"></trkpt><trkpt lat="40.160285" lon="-111.448394"></trkpt><trkpt lat="40.160345" lon="-111.447944"></trkpt><trkpt lat="40.160559" lon="-111.447580"></trkpt><trkpt lat="40.160764" lon="-111.446817"></trkpt><trkpt lat="40.160987" lon="-111.446350"></trkpt><trkpt lat="40.161051" lon="-111.446139"></trkpt><trkpt lat="40.161273" lon="-111.445795"></trkpt><trkpt lat="40.161499" lon="-111.445520"></trkpt><trkpt lat="40.161838" lon="-111.445250"></trkpt><trkpt lat="40.161974" lon="-111.445024"></trkpt><trkpt lat="40.162015" lon="-111.444934"></trkpt><trkpt lat="40.162098" lon="-111.444465"></trkpt><trkpt lat="40.162243" lon="-111.444200"></trkpt><trkpt lat="40.162320" lon="-111.443981"></trkpt><trkpt lat="40.162298" lon="-111.443893"></trkpt><trkpt lat="40.162384" lon="-111.443778"></trkpt><trkpt lat="40.162467" lon="-111.443399"></trkpt><trkpt lat="40.162702" lon="-111.443095"></trkpt><trkpt lat="40.162942" lon="-111.442874"></trkpt><trkpt lat="40.163064" lon="-111.442675"></trkpt><trkpt lat="40.163133" lon="-111.442405"></trkpt><trkpt lat="40.163210" lon="-111.442319"></trkpt><trkpt lat="40.163183" lon="-111.442219"></trkpt><trkpt lat="40.163228" lon="-111.442096"></trkpt><trkpt lat="40.163346" lon="-111.441962"></trkpt><trkpt lat="40.163441" lon="-111.441939"></trkpt><trkpt lat="40.163450" lon="-111.441843"></trkpt><trkpt lat="40.163622" lon="-111.441670"></trkpt><trkpt lat="40.164069" lon="-111.441324"></trkpt><trkpt lat="40.164164" lon="-111.441367"></trkpt><trkpt lat="40.164286" lon="-111.441258"></trkpt><trkpt lat="40.164457" lon="-111.441165"></trkpt><trkpt lat="40.164809" lon="-111.441063"></trkpt><trkpt lat="40.164999" lon="-111.440967"></trkpt><trkpt lat="40.165314" lon="-111.440906"></trkpt><trkpt lat="40.165715" lon="-111.440956"></trkpt><trkpt lat="40.165846" lon="-111.440946"></trkpt><trkpt lat="40.165850" lon="-111.441010"></trkpt><trkpt lat="40.165908" lon="-111.441044"></trkpt><trkpt lat="40.166107" lon="-111.440992"></trkpt><trkpt lat="40.166530" lon="-111.440999"></trkpt><trkpt lat="40.166719" lon="-111.440959"></trkpt><trkpt lat="40.167144" lon="-111.440758"></trkpt><trkpt lat="40.167324" lon="-111.440845"></trkpt><trkpt lat="40.167504" lon="-111.440828"></trkpt><trkpt lat="40.167621" lon="-111.440928"></trkpt><trkpt lat="40.167931" lon="-111.440914"></trkpt><trkpt lat="40.168026" lon="-111.440985"></trkpt><trkpt lat="40.168166" lon="-111.440942"></trkpt><trkpt lat="40.168260" lon="-111.440872"></trkpt><trkpt lat="40.168369" lon="-111.440878"></trkpt><trkpt lat="40.168504" lon="-111.440715"></trkpt><trkpt lat="40.168581" lon="-111.440713"></trkpt><trkpt lat="40.168702" lon="-111.440781"></trkpt><trkpt lat="40.168918" lon="-111.440819"></trkpt><trkpt lat="40.169202" lon="-111.440778"></trkpt><trkpt lat="40.169297" lon="-111.440699"></trkpt><trkpt lat="40.169365" lon="-111.440769"></trkpt><trkpt lat="40.169711" lon="-111.440885"></trkpt><trkpt lat="40.170157" lon="-111.440894"></trkpt><trkpt lat="40.170306" lon="-111.440852"></trkpt><trkpt lat="40.170351" lon="-111.440866"></trkpt><trkpt lat="40.170606" lon="-111.441141"></trkpt><trkpt lat="40.170656" lon="-111.441182"></trkpt><trkpt lat="40.170728" lon="-111.441174"></trkpt><trkpt lat="40.170854" lon="-111.441328"></trkpt><trkpt lat="40.170971" lon="-111.441313"></trkpt><trkpt lat="40.171307" lon="-111.440608"></trkpt><trkpt lat="40.171365" lon="-111.440562"></trkpt><trkpt lat="40.171737" lon="-111.439919"></trkpt><trkpt lat="40.171896" lon="-111.439716"></trkpt><trkpt lat="40.172090" lon="-111.439603"></trkpt><trkpt lat="40.172342" lon="-111.439517"></trkpt><trkpt lat="40.172469" lon="-111.439404"></trkpt><trkpt lat="40.172532" lon="-111.439388"></trkpt><trkpt lat="40.172790" lon="-111.439149"></trkpt><trkpt lat="40.173146" lon="-111.439034"></trkpt><trkpt lat="40.173236" lon="-111.439048"></trkpt><trkpt lat="40.173327" lon="-111.438894"></trkpt><trkpt lat="40.173490" lon="-111.438754"></trkpt><trkpt lat="40.173657" lon="-111.438469"></trkpt><trkpt lat="40.173689" lon="-111.438484"></trkpt><trkpt lat="40.173730" lon="-111.438383"></trkpt><trkpt lat="40.173811" lon="-111.438382"></trkpt><trkpt lat="40.173865" lon="-111.438310"></trkpt><trkpt lat="40.173865" lon="-111.438407"></trkpt><trkpt lat="40.173969" lon="-111.438301"></trkpt><trkpt lat="40.174136" lon="-111.438214"></trkpt><trkpt lat="40.174588" lon="-111.437785"></trkpt><trkpt lat="40.174705" lon="-111.437732"></trkpt><trkpt lat="40.174751" lon="-111.437637"></trkpt><trkpt lat="40.175004" lon="-111.437382"></trkpt><trkpt lat="40.175541" lon="-111.437055"></trkpt><trkpt lat="40.175790" lon="-111.436826"></trkpt><trkpt lat="40.176331" lon="-111.436627"></trkpt><trkpt lat="40.176544" lon="-111.436385"></trkpt><trkpt lat="40.176806" lon="-111.436219"></trkpt><trkpt lat="40.177000" lon="-111.435986"></trkpt><trkpt lat="40.177330" lon="-111.435880"></trkpt><trkpt lat="40.177700" lon="-111.435523"></trkpt><trkpt lat="40.177778" lon="-111.435274"></trkpt><trkpt lat="40.178316" lon="-111.434747"></trkpt><trkpt lat="40.178506" lon="-111.434476"></trkpt><trkpt lat="40.178696" lon="-111.434311"></trkpt><trkpt lat="40.178960" lon="-111.434189"></trkpt></trkseg></trk><trk><name>T081 AU6D793</name><trkseg><trkpt lat="40.619094" lon="-111.136206"></trkpt><trkpt lat="40.619215" lon="-111.136740"></trkpt><trkpt lat="40.619300" lon="-111.136953"></trkpt><trkpt lat="40.619300" lon="-111.137152"></trkpt><trkpt lat="40.619065" lon="-111.137495"></trkpt><trkpt lat="40.618821" lon="-111.138052"></trkpt><trkpt lat="40.618654" lon="-111.138845"></trkpt><trkpt lat="40.618536" lon="-111.139113"></trkpt><trkpt lat="40.618432" lon="-111.139899"></trkpt><trkpt lat="40.618210" lon="-111.140417"></trkpt><trkpt lat="40.618007" lon="-111.140722"></trkpt><trkpt lat="40.617863" lon="-111.140867"></trkpt><trkpt lat="40.617665" lon="-111.141005"></trkpt><trkpt lat="40.616411" lon="-111.141722"></trkpt><trkpt lat="40.615672" lon="-111.142027"></trkpt><trkpt lat="40.615456" lon="-111.142286"></trkpt><trkpt lat="40.615275" lon="-111.142439"></trkpt><trkpt lat="40.614906" lon="-111.142645"></trkpt><trkpt lat="40.614383" lon="-111.142828"></trkpt><trkpt lat="40.613951" lon="-111.142912"></trkpt><trkpt lat="40.613149" lon="-111.143004"></trkpt><trkpt lat="40.612076" lon="-111.143087"></trkpt><trkpt lat="40.610491" lon="-111.142729"></trkpt><trkpt lat="40.609658" lon="-111.142736"></trkpt><trkpt lat="40.609018" lon="-111.142935"></trkpt><trkpt lat="40.608548" lon="-111.143211"></trkpt><trkpt lat="40.608719" lon="-111.142478"></trkpt><trkpt lat="40.609620" lon="-111.141938"></trkpt><trkpt lat="40.610009" lon="-111.141619"></trkpt><trkpt lat="40.610326" lon="-111.141237"></trkpt><trkpt lat="40.611226" lon="-111.141271"></trkpt><trkpt lat="40.611835" lon="-111.140442"></trkpt><trkpt lat="40.612274" lon="-111.139741"></trkpt><trkpt lat="40.612420" lon="-111.139167"></trkpt><trkpt lat="40.612275" lon="-111.138528"></trkpt><trkpt lat="40.611814" lon="-111.137825"></trkpt><trkpt lat="40.611450" lon="-111.137346"></trkpt><trkpt lat="40.610903" lon="-111.137205"></trkpt><trkpt lat="40.610813" lon="-111.137327"></trkpt><trkpt lat="40.610741" lon="-111.137350"></trkpt><trkpt lat="40.610606" lon="-111.137274"></trkpt><trkpt lat="40.610092" lon="-111.137159"></trkpt><trkpt lat="40.609543" lon="-111.136846"></trkpt><trkpt lat="40.608841" lon="-111.136396"></trkpt><trkpt lat="40.607270" lon="-111.135152"></trkpt><trkpt lat="40.606537" lon="-111.134526"></trkpt><trkpt lat="40.606064" lon="-111.134199"></trkpt><trkpt lat="40.605686" lon="-111.134168"></trkpt><trkpt lat="40.605173" lon="-111.134008"></trkpt><trkpt lat="40.604722" lon="-111.133817"></trkpt><trkpt lat="40.604056" lon="-111.133718"></trkpt><trkpt lat="40.603398" lon="-111.133802"></trkpt><trkpt lat="40.602749" lon="-111.133939"></trkpt><trkpt lat="40.601713" lon="-111.134244"></trkpt><trkpt lat="40.601352" lon="-111.134389"></trkpt><trkpt lat="40.601109" lon="-111.134503"></trkpt><trkpt lat="40.600924" lon="-111.134709"></trkpt><trkpt lat="40.600811" lon="-111.134976"></trkpt><trkpt lat="40.600793" lon="-111.135251"></trkpt><trkpt lat="40.600662" lon="-111.135365"></trkpt><trkpt lat="40.600545" lon="-111.135549"></trkpt><trkpt lat="40.600225" lon="-111.135716"></trkpt><trkpt lat="40.600153" lon="-111.135869"></trkpt><trkpt lat="40.600336" lon="-111.136937"></trkpt><trkpt lat="40.600597" lon="-111.137128"></trkpt><trkpt lat="40.600930" lon="-111.137601"></trkpt><trkpt lat="40.601006" lon="-111.137784"></trkpt><trkpt lat="40.601027" lon="-111.138944"></trkpt><trkpt lat="40.600396" lon="-111.139752"></trkpt><trkpt lat="40.600269" lon="-111.139974"></trkpt><trkpt lat="40.600017" lon="-111.140172"></trkpt><trkpt lat="40.599728" lon="-111.140317"></trkpt><trkpt lat="40.598222" lon="-111.142049"></trkpt><trkpt lat="40.598167" lon="-111.142606"></trkpt><trkpt lat="40.598194" lon="-111.142713"></trkpt><trkpt lat="40.598027" lon="-111.142995"></trkpt><trkpt lat="40.597954" lon="-111.143399"></trkpt><trkpt lat="40.597796" lon="-111.143819"></trkpt><trkpt lat="40.597512" lon="-111.144231"></trkpt><trkpt lat="40.596984" lon="-111.144803"></trkpt><trkpt lat="40.596380" lon="-111.145536"></trkpt><trkpt lat="40.596159" lon="-111.145955"></trkpt><trkpt lat="40.595982" lon="-111.146573"></trkpt><trkpt lat="40.595829" lon="-111.146871"></trkpt><trkpt lat="40.595630" lon="-111.147153"></trkpt></trkseg></trk><trk><name>T082 AU6D793</name><trkseg><trkpt lat="40.483625" lon="-111.642684"></trkpt><trkpt lat="40.483822" lon="-111.642891"></trkpt><trkpt lat="40.483875" lon="-111.643088"></trkpt><trkpt lat="40.483921" lon="-111.645431"></trkpt><trkpt lat="40.484032" lon="-111.645651"></trkpt><trkpt lat="40.484399" lon="-111.646093"></trkpt><trkpt lat="40.485251" lon="-111.647567"></trkpt><trkpt lat="40.485565" lon="-111.647839"></trkpt><trkpt lat="40.485889" lon="-111.648000"></trkpt><trkpt lat="40.486216" lon="-111.648211"></trkpt><trkpt lat="40.486565" lon="-111.648585"></trkpt><trkpt lat="40.486935" lon="-111.649257"></trkpt><trkpt lat="40.487403" lon="-111.650205"></trkpt><trkpt lat="40.488273" lon="-111.651680"></trkpt><trkpt lat="40.488452" lon="-111.651873"></trkpt><trkpt lat="40.488977" lon="-111.652198"></trkpt><trkpt lat="40.489193" lon="-111.652369"></trkpt><trkpt lat="40.489542" lon="-111.652698"></trkpt><trkpt lat="40.489667" lon="-111.652901"></trkpt><trkpt lat="40.489884" lon="-111.652774"></trkpt><trkpt lat="40.489975" lon="-111.652573"></trkpt><trkpt lat="40.489990" lon="-111.652371"></trkpt><trkpt lat="40.489531" lon="-111.651440"></trkpt><trkpt lat="40.489554" lon="-111.651355"></trkpt><trkpt lat="40.489676" lon="-111.651261"></trkpt><trkpt lat="40.489767" lon="-111.651268"></trkpt><trkpt lat="40.489838" lon="-111.651347"></trkpt><trkpt lat="40.490110" lon="-111.651805"></trkpt><trkpt lat="40.490289" lon="-111.651986"></trkpt><trkpt lat="40.490379" lon="-111.652127"></trkpt><trkpt lat="40.490414" lon="-111.652257"></trkpt><trkpt lat="40.490339" lon="-111.652773"></trkpt><trkpt lat="40.490379" lon="-111.652829"></trkpt><trkpt lat="40.490451" lon="-111.652847"></trkpt><trkpt lat="40.490771" lon="-111.652800"></trkpt><trkpt lat="40.490933" lon="-111.652930"></trkpt><trkpt lat="40.491053" lon="-111.653151"></trkpt><trkpt lat="40.491066" lon="-111.653347"></trkpt><trkpt lat="40.491015" lon="-111.653594"></trkpt><trkpt lat="40.490896" lon="-111.653874"></trkpt><trkpt lat="40.490890" lon="-111.654110"></trkpt><trkpt lat="40.490983" lon="-111.654436"></trkpt><trkpt lat="40.491323" lon="-111.654889"></trkpt><trkpt lat="40.491561" lon="-111.655021"></trkpt><trkpt lat="40.491930" lon="-111.655058"></trkpt><trkpt lat="40.492033" lon="-111.655126"></trkpt><trkpt lat="40.492346" lon="-111.655455"></trkpt><trkpt lat="40.492508" lon="-111.655569"></trkpt><trkpt lat="40.492598" lon="-111.655593"></trkpt><trkpt lat="40.493102" lon="-111.655581"></trkpt><trkpt lat="40.493612" lon="-111.655445"></trkpt><trkpt lat="40.493684" lon="-111.655479"></trkpt><trkpt lat="40.493751" lon="-111.655665"></trkpt><trkpt lat="40.493747" lon="-111.656311"></trkpt><trkpt lat="40.493778" lon="-111.656475"></trkpt><trkpt lat="40.493972" lon="-111.657202"></trkpt><trkpt lat="40.494115" lon="-111.657377"></trkpt><trkpt lat="40.494232" lon="-111.657401"></trkpt><trkpt lat="40.494317" lon="-111.657379"></trkpt><trkpt lat="40.494358" lon="-111.657295"></trkpt><trkpt lat="40.494360" lon="-111.656969"></trkpt><trkpt lat="40.494294" lon="-111.656676"></trkpt><trkpt lat="40.494072" lon="-111.656242"></trkpt><trkpt lat="40.494042" lon="-111.655921"></trkpt><trkpt lat="40.494061" lon="-111.655792"></trkpt><trkpt lat="40.494084" lon="-111.655708"></trkpt><trkpt lat="40.494256" lon="-111.655457"></trkpt><trkpt lat="40.494528" lon="-111.655263"></trkpt><trkpt lat="40.494623" lon="-111.655118"></trkpt><trkpt lat="40.494647" lon="-111.654949"></trkpt><trkpt lat="40.494553" lon="-111.654808"></trkpt><trkpt lat="40.493986" lon="-111.654600"></trkpt><trkpt lat="40.493933" lon="-111.654549"></trkpt><trkpt lat="40.493853" lon="-111.654234"></trkpt><trkpt lat="40.493782" lon="-111.654138"></trkpt><trkpt lat="40.493669" lon="-111.654086"></trkpt><trkpt lat="40.493377" lon="-111.654050"></trkpt><trkpt lat="40.493202" lon="-111.653952"></trkpt><trkpt lat="40.493135" lon="-111.653873"></trkpt><trkpt lat="40.493024" lon="-111.653614"></trkpt><trkpt lat="40.493029" lon="-111.653490"></trkpt><trkpt lat="40.493161" lon="-111.653143"></trkpt><trkpt lat="40.493199" lon="-111.652913"></trkpt><trkpt lat="40.493150" lon="-111.652716"></trkpt><trkpt lat="40.492994" lon="-111.652518"></trkpt><trkpt lat="40.492958" lon="-111.652416"></trkpt><trkpt lat="40.492993" lon="-111.651799"></trkpt><trkpt lat="40.493043" lon="-111.651681"></trkpt><trkpt lat="40.493735" lon="-111.651328"></trkpt><trkpt lat="40.493939" lon="-111.651044"></trkpt><trkpt lat="40.493973" lon="-111.650561"></trkpt><trkpt lat="40.494097" lon="-111.650236"></trkpt><trkpt lat="40.494103" lon="-111.649978"></trkpt><trkpt lat="40.494046" lon="-111.649595"></trkpt><trkpt lat="40.493997" lon="-111.649454"></trkpt><trkpt lat="40.493859" lon="-111.649251"></trkpt><trkpt lat="40.493753" lon="-111.648946"></trkpt><trkpt lat="40.493583" lon="-111.648664"></trkpt><trkpt lat="40.493561" lon="-111.648546"></trkpt><trkpt lat="40.493707" lon="-111.648176"></trkpt><trkpt lat="40.493704" lon="-111.647890"></trkpt><trkpt lat="40.493643" lon="-111.647580"></trkpt><trkpt lat="40.493385" lon="-111.646931"></trkpt><trkpt lat="40.492821" lon="-111.646432"></trkpt><trkpt lat="40.492710" lon="-111.646167"></trkpt><trkpt lat="40.492684" lon="-111.645987"></trkpt><trkpt lat="40.492756" lon="-111.645836"></trkpt><trkpt lat="40.492824" lon="-111.645814"></trkpt><trkpt lat="40.492982" lon="-111.645843"></trkpt><trkpt lat="40.493058" lon="-111.645940"></trkpt><trkpt lat="40.493289" lon="-111.646397"></trkpt><trkpt lat="40.493713" lon="-111.647109"></trkpt><trkpt lat="40.494025" lon="-111.647741"></trkpt><trkpt lat="40.494175" lon="-111.648394"></trkpt><trkpt lat="40.494246" lon="-111.648580"></trkpt><trkpt lat="40.494326" lon="-111.648755"></trkpt><trkpt lat="40.494616" lon="-111.649129"></trkpt><trkpt lat="40.494705" lon="-111.649326"></trkpt><trkpt lat="40.494776" lon="-111.649535"></trkpt><trkpt lat="40.494836" lon="-111.650098"></trkpt><trkpt lat="40.494810" lon="-111.650816"></trkpt><trkpt lat="40.494857" lon="-111.651210"></trkpt><trkpt lat="40.494819" lon="-111.651508"></trkpt><trkpt lat="40.494837" lon="-111.651603"></trkpt><trkpt lat="40.495438" lon="-111.652042"></trkpt><trkpt lat="40.496722" lon="-111.652739"></trkpt><trkpt lat="40.496946" lon="-111.652994"></trkpt><trkpt lat="40.497544" lon="-111.653129"></trkpt><trkpt lat="40.497822" lon="-111.653346"></trkpt><trkpt lat="40.497976" lon="-111.653325"></trkpt><trkpt lat="40.498248" lon="-111.652985"></trkpt><trkpt lat="40.498447" lon="-111.652845"></trkpt><trkpt lat="40.498668" lon="-111.652830"></trkpt><trkpt lat="40.498856" lon="-111.652932"></trkpt><trkpt lat="40.499420" lon="-111.654313"></trkpt><trkpt lat="40.499608" lon="-111.654632"></trkpt><trkpt lat="40.499723" lon="-111.655001"></trkpt><trkpt lat="40.499748" lon="-111.655302"></trkpt><trkpt lat="40.499730" lon="-111.655402"></trkpt><trkpt lat="40.499675" lon="-111.655479"></trkpt><trkpt lat="40.499521" lon="-111.655556"></trkpt><trkpt lat="40.499255" lon="-111.655598"></trkpt><trkpt lat="40.499133" lon="-111.655691"></trkpt><trkpt lat="40.499110" lon="-111.655769"></trkpt><trkpt lat="40.499190" lon="-111.656076"></trkpt><trkpt lat="40.499643" lon="-111.657122"></trkpt><trkpt lat="40.499867" lon="-111.657396"></trkpt><trkpt lat="40.500304" lon="-111.658091"></trkpt><trkpt lat="40.500533" lon="-111.658302"></trkpt><trkpt lat="40.501148" lon="-111.658737"></trkpt><trkpt lat="40.501259" lon="-111.658864"></trkpt><trkpt lat="40.501914" lon="-111.659404"></trkpt><trkpt lat="40.502093" lon="-111.659521"></trkpt><trkpt lat="40.502404" lon="-111.659607"></trkpt><trkpt lat="40.502606" lon="-111.659630"></trkpt><trkpt lat="40.502971" lon="-111.659592"></trkpt><trkpt lat="40.503251" lon="-111.659521"></trkpt><trkpt lat="40.503373" lon="-111.659533"></trkpt><trkpt lat="40.503547" lon="-111.659765"></trkpt><trkpt lat="40.503785" lon="-111.659830"></trkpt><trkpt lat="40.504141" lon="-111.659844"></trkpt><trkpt lat="40.504398" lon="-111.659773"></trkpt><trkpt lat="40.505086" lon="-111.659246"></trkpt><trkpt lat="40.505231" lon="-111.659081"></trkpt><trkpt lat="40.505572" lon="-111.658561"></trkpt><trkpt lat="40.506220" lon="-111.657804"></trkpt><trkpt lat="40.506723" lon="-111.657369"></trkpt><trkpt lat="40.506809" lon="-111.657224"></trkpt><trkpt lat="40.506828" lon="-111.657067"></trkpt><trkpt lat="40.506805" lon="-111.656407"></trkpt></trkseg></trk><trk><name>T083 AU6D793</name><trkseg><trkpt lat="40.850477" lon="-110.815550"></trkpt><trkpt lat="40.850896" lon="-110.816016"></trkpt><trkpt lat="40.850997" lon="-110.816411"></trkpt><trkpt lat="40.851117" lon="-110.816569"></trkpt><trkpt lat="40.851337" lon="-110.816648"></trkpt><trkpt lat="40.851518" lon="-110.816911"></trkpt><trkpt lat="40.851518" lon="-110.817096"></trkpt><trkpt lat="40.851379" lon="-110.817333"></trkpt><trkpt lat="40.851158" lon="-110.817281"></trkpt><trkpt lat="40.850677" lon="-110.816913"></trkpt><trkpt lat="40.850417" lon="-110.817020"></trkpt><trkpt lat="40.850217" lon="-110.817205"></trkpt><trkpt lat="40.850037" lon="-110.817258"></trkpt><trkpt lat="40.849756" lon="-110.817074"></trkpt><trkpt lat="40.849415" lon="-110.817022"></trkpt><trkpt lat="40.849015" lon="-110.817419"></trkpt><trkpt lat="40.848896" lon="-110.817667"></trkpt></trkseg></trk><trk><name>T084 AU6D793</name><trkseg><trkpt lat="40.194019" lon="-111.247298"></trkpt><trkpt lat="40.194012" lon="-111.246992"></trkpt><trkpt lat="40.193940" lon="-111.246807"></trkpt><trkpt lat="40.193683" lon="-111.246695"></trkpt><trkpt lat="40.193531" lon="-111.246475"></trkpt><trkpt lat="40.193355" lon="-111.246302"></trkpt><trkpt lat="40.193103" lon="-111.246386"></trkpt><trkpt lat="40.192354" lon="-111.246727"></trkpt><trkpt lat="40.192120" lon="-111.246715"></trkpt><trkpt lat="40.191882" lon="-111.246505"></trkpt><trkpt lat="40.191117" lon="-111.246088"></trkpt><trkpt lat="40.190506" lon="-111.245501"></trkpt><trkpt lat="40.190330" lon="-111.245378"></trkpt><trkpt lat="40.190042" lon="-111.245056"></trkpt><trkpt lat="40.189890" lon="-111.244826"></trkpt><trkpt lat="40.189782" lon="-111.244574"></trkpt><trkpt lat="40.189481" lon="-111.244127"></trkpt><trkpt lat="40.189292" lon="-111.244030"></trkpt><trkpt lat="40.188649" lon="-111.243380"></trkpt><trkpt lat="40.188137" lon="-111.243063"></trkpt><trkpt lat="40.187853" lon="-111.242979"></trkpt><trkpt lat="40.187583" lon="-111.242961"></trkpt><trkpt lat="40.187371" lon="-111.242832"></trkpt><trkpt lat="40.187160" lon="-111.242631"></trkpt><trkpt lat="40.186760" lon="-111.242354"></trkpt><trkpt lat="40.186499" lon="-111.242037"></trkpt><trkpt lat="40.186463" lon="-111.241887"></trkpt><trkpt lat="40.186131" lon="-111.241530"></trkpt><trkpt lat="40.186001" lon="-111.241247"></trkpt><trkpt lat="40.185641" lon="-111.240658"></trkpt><trkpt lat="40.184657" lon="-111.239604"></trkpt><trkpt lat="40.184355" lon="-111.239476"></trkpt><trkpt lat="40.183086" lon="-111.239093"></trkpt><trkpt lat="40.182789" lon="-111.238971"></trkpt><trkpt lat="40.182573" lon="-111.238777"></trkpt><trkpt lat="40.182094" lon="-111.237302"></trkpt><trkpt lat="40.181757" lon="-111.236650"></trkpt><trkpt lat="40.181111" lon="-111.235741"></trkpt><trkpt lat="40.180566" lon="-111.235447"></trkpt><trkpt lat="40.180314" lon="-111.235264"></trkpt><trkpt lat="40.180112" lon="-111.235019"></trkpt><trkpt lat="40.179936" lon="-111.234951"></trkpt><trkpt lat="40.179815" lon="-111.234831"></trkpt><trkpt lat="40.179658" lon="-111.234760"></trkpt><trkpt lat="40.179504" lon="-111.234815"></trkpt><trkpt lat="40.179373" lon="-111.234953"></trkpt><trkpt lat="40.179225" lon="-111.235029"></trkpt><trkpt lat="40.179049" lon="-111.234973"></trkpt><trkpt lat="40.178873" lon="-111.234958"></trkpt><trkpt lat="40.178612" lon="-111.234984"></trkpt><trkpt lat="40.178346" lon="-111.235100"></trkpt><trkpt lat="40.177494" lon="-111.235157"></trkpt><trkpt lat="40.177044" lon="-111.235075"></trkpt><trkpt lat="40.176692" lon="-111.235300"></trkpt><trkpt lat="40.176395" lon="-111.235312"></trkpt><trkpt lat="40.176057" lon="-111.235277"></trkpt><trkpt lat="40.175882" lon="-111.235112"></trkpt><trkpt lat="40.175500" lon="-111.234568"></trkpt><trkpt lat="40.175014" lon="-111.234168"></trkpt><trkpt lat="40.174835" lon="-111.233909"></trkpt><trkpt lat="40.174637" lon="-111.233730"></trkpt><trkpt lat="40.174241" lon="-111.233279"></trkpt><trkpt lat="40.174088" lon="-111.233167"></trkpt><trkpt lat="40.173963" lon="-111.232972"></trkpt><trkpt lat="40.173886" lon="-111.232719"></trkpt><trkpt lat="40.173608" lon="-111.232067"></trkpt><trkpt lat="40.173515" lon="-111.231621"></trkpt><trkpt lat="40.173353" lon="-111.231330"></trkpt><trkpt lat="40.171676" lon="-111.229672"></trkpt><trkpt lat="40.171352" lon="-111.229294"></trkpt><trkpt lat="40.170993" lon="-111.228944"></trkpt><trkpt lat="40.170498" lon="-111.228501"></trkpt><trkpt lat="40.170147" lon="-111.228268"></trkpt><trkpt lat="40.169559" lon="-111.227497"></trkpt><trkpt lat="40.169276" lon="-111.226984"></trkpt><trkpt lat="40.169046" lon="-111.226810"></trkpt><trkpt lat="40.168785" lon="-111.226688"></trkpt><trkpt lat="40.168375" lon="-111.226817"></trkpt><trkpt lat="40.168276" lon="-111.226608"></trkpt><trkpt lat="40.167962" lon="-111.226214"></trkpt><trkpt lat="40.167769" lon="-111.225523"></trkpt><trkpt lat="40.167401" lon="-111.225189"></trkpt><trkpt lat="40.166933" lon="-111.225039"></trkpt><trkpt lat="40.166442" lon="-111.224952"></trkpt><trkpt lat="40.166216" lon="-111.224944"></trkpt><trkpt lat="40.165802" lon="-111.225042"></trkpt><trkpt lat="40.165617" lon="-111.225142"></trkpt><trkpt lat="40.165401" lon="-111.225161"></trkpt><trkpt lat="40.165189" lon="-111.225097"></trkpt><trkpt lat="40.165018" lon="-111.225103"></trkpt><trkpt lat="40.164364" lon="-111.225373"></trkpt><trkpt lat="40.164152" lon="-111.225493"></trkpt><trkpt lat="40.163922" lon="-111.225546"></trkpt><trkpt lat="40.163530" lon="-111.225824"></trkpt><trkpt lat="40.163318" lon="-111.225772"></trkpt><trkpt lat="40.162854" lon="-111.225755"></trkpt><trkpt lat="40.161201" lon="-111.225873"></trkpt><trkpt lat="40.160483" lon="-111.226647"></trkpt><trkpt lat="40.159986" lon="-111.227380"></trkpt><trkpt lat="40.159810" lon="-111.227546"></trkpt><trkpt lat="40.159218" lon="-111.228489"></trkpt><trkpt lat="40.158627" lon="-111.229126"></trkpt><trkpt lat="40.158437" lon="-111.229174"></trkpt><trkpt lat="40.158266" lon="-111.229027"></trkpt><trkpt lat="40.158177" lon="-111.228825"></trkpt><trkpt lat="40.158034" lon="-111.228227"></trkpt><trkpt lat="40.157756" lon="-111.227505"></trkpt><trkpt lat="40.157630" lon="-111.227289"></trkpt><trkpt lat="40.157482" lon="-111.227219"></trkpt><trkpt lat="40.157328" lon="-111.227353"></trkpt><trkpt lat="40.157153" lon="-111.227360"></trkpt><trkpt lat="40.156909" lon="-111.227304"></trkpt><trkpt lat="40.156527" lon="-111.227057"></trkpt><trkpt lat="40.156293" lon="-111.226950"></trkpt><trkpt lat="40.155883" lon="-111.226848"></trkpt><trkpt lat="40.155703" lon="-111.226942"></trkpt><trkpt lat="40.155040" lon="-111.227131"></trkpt><trkpt lat="40.153625" lon="-111.227478"></trkpt><trkpt lat="40.153152" lon="-111.227513"></trkpt><trkpt lat="40.152945" lon="-111.227620"></trkpt><trkpt lat="40.152809" lon="-111.227832"></trkpt><trkpt lat="40.152453" lon="-111.228076"></trkpt><trkpt lat="40.152173" lon="-111.228472"></trkpt><trkpt lat="40.152064" lon="-111.228715"></trkpt><trkpt lat="40.151874" lon="-111.228872"></trkpt><trkpt lat="40.151540" lon="-111.229240"></trkpt><trkpt lat="40.151445" lon="-111.229444"></trkpt><trkpt lat="40.151328" lon="-111.229607"></trkpt><trkpt lat="40.151012" lon="-111.229870"></trkpt><trkpt lat="40.150592" lon="-111.230491"></trkpt><trkpt lat="40.150438" lon="-111.230638"></trkpt><trkpt lat="40.150330" lon="-111.230829"></trkpt><trkpt lat="40.150145" lon="-111.230957"></trkpt><trkpt lat="40.149960" lon="-111.230967"></trkpt><trkpt lat="40.149749" lon="-111.230935"></trkpt><trkpt lat="40.149569" lon="-111.230867"></trkpt><trkpt lat="40.149087" lon="-111.230805"></trkpt><trkpt lat="40.148573" lon="-111.230895"></trkpt><trkpt lat="40.148442" lon="-111.230966"></trkpt><trkpt lat="40.147834" lon="-111.231054"></trkpt><trkpt lat="40.147663" lon="-111.231019"></trkpt><trkpt lat="40.147133" lon="-111.230207"></trkpt><trkpt lat="40.146935" lon="-111.229957"></trkpt><trkpt lat="40.146728" lon="-111.229816"></trkpt><trkpt lat="40.146361" lon="-111.228848"></trkpt><trkpt lat="40.146069" lon="-111.228180"></trkpt><trkpt lat="40.145728" lon="-111.227567"></trkpt><trkpt lat="40.145598" lon="-111.227218"></trkpt><trkpt lat="40.145023" lon="-111.226413"></trkpt><trkpt lat="40.144838" lon="-111.226247"></trkpt><trkpt lat="40.144515" lon="-111.225652"></trkpt><trkpt lat="40.144268" lon="-111.225550"></trkpt><trkpt lat="40.143817" lon="-111.225441"></trkpt><trkpt lat="40.142944" lon="-111.224997"></trkpt><trkpt lat="40.142512" lon="-111.224876"></trkpt><trkpt lat="40.142341" lon="-111.224935"></trkpt><trkpt lat="40.142021" lon="-111.224833"></trkpt><trkpt lat="40.141692" lon="-111.224850"></trkpt><trkpt lat="40.141643" lon="-111.224868"></trkpt><trkpt lat="40.141313" lon="-111.225319"></trkpt><trkpt lat="40.141205" lon="-111.225355"></trkpt><trkpt lat="40.141133" lon="-111.225343"></trkpt><trkpt lat="40.139874" lon="-111.224224"></trkpt><trkpt lat="40.138284" lon="-111.223641"></trkpt><trkpt lat="40.138163" lon="-111.223646"></trkpt><trkpt lat="40.137685" lon="-111.223800"></trkpt><trkpt lat="40.137505" lon="-111.223799"></trkpt><trkpt lat="40.137460" lon="-111.223848"></trkpt><trkpt lat="40.137401" lon="-111.223990"></trkpt><trkpt lat="40.136494" lon="-111.224747"></trkpt><trkpt lat="40.135755" lon="-111.224864"></trkpt><trkpt lat="40.135683" lon="-111.224910"></trkpt><trkpt lat="40.135407" lon="-111.225225"></trkpt><trkpt lat="40.135258" lon="-111.225594"></trkpt><trkpt lat="40.135118" lon="-111.225815"></trkpt><trkpt lat="40.134608" lon="-111.226102"></trkpt><trkpt lat="40.133873" lon="-111.226652"></trkpt><trkpt lat="40.133598" lon="-111.226745"></trkpt><trkpt lat="40.133548" lon="-111.226819"></trkpt><trkpt lat="40.133489" lon="-111.227114"></trkpt><trkpt lat="40.133519" lon="-111.227706"></trkpt><trkpt lat="40.133560" lon="-111.227717"></trkpt><trkpt lat="40.133569" lon="-111.227793"></trkpt><trkpt lat="40.133555" lon="-111.227925"></trkpt><trkpt lat="40.133415" lon="-111.228056"></trkpt><trkpt lat="40.133217" lon="-111.228160"></trkpt><trkpt lat="40.132838" lon="-111.228557"></trkpt><trkpt lat="40.132711" lon="-111.228887"></trkpt><trkpt lat="40.132678" lon="-111.229757"></trkpt><trkpt lat="40.132704" lon="-111.230141"></trkpt><trkpt lat="40.132667" lon="-111.230328"></trkpt><trkpt lat="40.132684" lon="-111.230850"></trkpt><trkpt lat="40.132607" lon="-111.231217"></trkpt><trkpt lat="40.132746" lon="-111.231697"></trkpt><trkpt lat="40.132718" lon="-111.232012"></trkpt><trkpt lat="40.132808" lon="-111.232299"></trkpt><trkpt lat="40.132829" lon="-111.232996"></trkpt><trkpt lat="40.132751" lon="-111.233581"></trkpt><trkpt lat="40.132683" lon="-111.233646"></trkpt><trkpt lat="40.132633" lon="-111.233781"></trkpt><trkpt lat="40.132534" lon="-111.233801"></trkpt><trkpt lat="40.132471" lon="-111.233857"></trkpt><trkpt lat="40.132516" lon="-111.234010"></trkpt><trkpt lat="40.132462" lon="-111.234140"></trkpt><trkpt lat="40.132249" lon="-111.234360"></trkpt><trkpt lat="40.132015" lon="-111.234404"></trkpt><trkpt lat="40.131885" lon="-111.234334"></trkpt><trkpt lat="40.131840" lon="-111.234087"></trkpt><trkpt lat="40.131863" lon="-111.233663"></trkpt><trkpt lat="40.131819" lon="-111.233280"></trkpt><trkpt lat="40.131568" lon="-111.232747"></trkpt><trkpt lat="40.131465" lon="-111.232264"></trkpt><trkpt lat="40.131164" lon="-111.231811"></trkpt><trkpt lat="40.131026" lon="-111.231228"></trkpt><trkpt lat="40.130994" lon="-111.231181"></trkpt><trkpt lat="40.130900" lon="-111.231178"></trkpt><trkpt lat="40.130819" lon="-111.231285"></trkpt><trkpt lat="40.130850" lon="-111.231382"></trkpt><trkpt lat="40.130768" lon="-111.231639"></trkpt><trkpt lat="40.130682" lon="-111.231729"></trkpt><trkpt lat="40.130632" lon="-111.231948"></trkpt><trkpt lat="40.130655" lon="-111.232106"></trkpt><trkpt lat="40.130564" lon="-111.232434"></trkpt><trkpt lat="40.130483" lon="-111.232524"></trkpt><trkpt lat="40.130423" lon="-111.232913"></trkpt><trkpt lat="40.130400" lon="-111.233376"></trkpt><trkpt lat="40.130241" lon="-111.233946"></trkpt><trkpt lat="40.130088" lon="-111.234091"></trkpt><trkpt lat="40.129885" lon="-111.234222"></trkpt><trkpt lat="40.129718" lon="-111.234439"></trkpt><trkpt lat="40.129717" lon="-111.234517"></trkpt><trkpt lat="40.129270" lon="-111.235025"></trkpt><trkpt lat="40.129089" lon="-111.235364"></trkpt><trkpt lat="40.129035" lon="-111.235625"></trkpt><trkpt lat="40.128931" lon="-111.235817"></trkpt><trkpt lat="40.128624" lon="-111.236055"></trkpt><trkpt lat="40.128304" lon="-111.236195"></trkpt><trkpt lat="40.128114" lon="-111.236576"></trkpt><trkpt lat="40.127933" lon="-111.236814"></trkpt><trkpt lat="40.127865" lon="-111.236970"></trkpt><trkpt lat="40.127482" lon="-111.237382"></trkpt><trkpt lat="40.127355" lon="-111.237783"></trkpt><trkpt lat="40.127274" lon="-111.237841"></trkpt><trkpt lat="40.127215" lon="-111.237965"></trkpt><trkpt lat="40.127106" lon="-111.238052"></trkpt><trkpt lat="40.126908" lon="-111.238317"></trkpt><trkpt lat="40.126772" lon="-111.238395"></trkpt><trkpt lat="40.126497" lon="-111.238799"></trkpt><trkpt lat="40.126393" lon="-111.238888"></trkpt><trkpt lat="40.126289" lon="-111.238895"></trkpt><trkpt lat="40.126249" lon="-111.238959"></trkpt><trkpt lat="40.125829" lon="-111.239149"></trkpt><trkpt lat="40.125379" lon="-111.239231"></trkpt><trkpt lat="40.124874" lon="-111.239434"></trkpt><trkpt lat="40.124765" lon="-111.239532"></trkpt><trkpt lat="40.124810" lon="-111.239593"></trkpt><trkpt lat="40.124756" lon="-111.239663"></trkpt><trkpt lat="40.124693" lon="-111.239671"></trkpt><trkpt lat="40.124639" lon="-111.239730"></trkpt><trkpt lat="40.124575" lon="-111.240036"></trkpt><trkpt lat="40.124633" lon="-111.240473"></trkpt><trkpt lat="40.124565" lon="-111.240608"></trkpt><trkpt lat="40.124573" lon="-111.240989"></trkpt><trkpt lat="40.124473" lon="-111.241425"></trkpt><trkpt lat="40.124473" lon="-111.241685"></trkpt><trkpt lat="40.124328" lon="-111.242129"></trkpt><trkpt lat="40.123916" lon="-111.242655"></trkpt><trkpt lat="40.123550" lon="-111.243208"></trkpt><trkpt lat="40.123442" lon="-111.243286"></trkpt><trkpt lat="40.123275" lon="-111.243546"></trkpt><trkpt lat="40.123148" lon="-111.243998"></trkpt><trkpt lat="40.123012" lon="-111.244301"></trkpt><trkpt lat="40.122922" lon="-111.244422"></trkpt><trkpt lat="40.122854" lon="-111.244642"></trkpt><trkpt lat="40.122546" lon="-111.245325"></trkpt><trkpt lat="40.122528" lon="-111.245440"></trkpt><trkpt lat="40.122293" lon="-111.245793"></trkpt><trkpt lat="40.122134" lon="-111.246225"></trkpt><trkpt lat="40.122008" lon="-111.246372"></trkpt><trkpt lat="40.121750" lon="-111.246855"></trkpt><trkpt lat="40.121339" lon="-111.247269"></trkpt><trkpt lat="40.121267" lon="-111.247386"></trkpt><trkpt lat="40.120942" lon="-111.247664"></trkpt><trkpt lat="40.120824" lon="-111.247844"></trkpt><trkpt lat="40.120788" lon="-111.247980"></trkpt></trkseg></trk><trk><name>T085 AU6D793</name><trkseg><trkpt lat="40.202733" lon="-111.189241"></trkpt><trkpt lat="40.202719" lon="-111.189587"></trkpt><trkpt lat="40.202633" lon="-111.189753"></trkpt><trkpt lat="40.202312" lon="-111.190126"></trkpt><trkpt lat="40.202226" lon="-111.190286"></trkpt><trkpt lat="40.202131" lon="-111.190700"></trkpt><trkpt lat="40.202149" lon="-111.190872"></trkpt><trkpt lat="40.202508" lon="-111.191851"></trkpt><trkpt lat="40.202651" lon="-111.192444"></trkpt><trkpt lat="40.202898" lon="-111.193080"></trkpt><trkpt lat="40.202959" lon="-111.193921"></trkpt><trkpt lat="40.202963" lon="-111.194556"></trkpt><trkpt lat="40.202862" lon="-111.195231"></trkpt><trkpt lat="40.202785" lon="-111.195510"></trkpt><trkpt lat="40.202704" lon="-111.195764"></trkpt><trkpt lat="40.202044" lon="-111.197114"></trkpt><trkpt lat="40.201985" lon="-111.197381"></trkpt><trkpt lat="40.201984" lon="-111.197689"></trkpt><trkpt lat="40.202038" lon="-111.198021"></trkpt><trkpt lat="40.202415" lon="-111.198959"></trkpt><trkpt lat="40.202647" lon="-111.199825"></trkpt><trkpt lat="40.202890" lon="-111.200359"></trkpt><trkpt lat="40.203196" lon="-111.200645"></trkpt><trkpt lat="40.203592" lon="-111.200824"></trkpt><trkpt lat="40.204298" lon="-111.201288"></trkpt><trkpt lat="40.204375" lon="-111.201377"></trkpt><trkpt lat="40.204567" lon="-111.202072"></trkpt><trkpt lat="40.204607" lon="-111.202475"></trkpt><trkpt lat="40.204652" lon="-111.202581"></trkpt><trkpt lat="40.204796" lon="-111.202700"></trkpt><trkpt lat="40.204922" lon="-111.202915"></trkpt><trkpt lat="40.205105" lon="-111.203711"></trkpt><trkpt lat="40.205325" lon="-111.204217"></trkpt><trkpt lat="40.205288" lon="-111.204801"></trkpt><trkpt lat="40.205188" lon="-111.205185"></trkpt><trkpt lat="40.205030" lon="-111.205489"></trkpt><trkpt lat="40.204732" lon="-111.205922"></trkpt><trkpt lat="40.204560" lon="-111.206418"></trkpt><trkpt lat="40.204509" lon="-111.206777"></trkpt><trkpt lat="40.204247" lon="-111.207436"></trkpt><trkpt lat="40.204021" lon="-111.207836"></trkpt><trkpt lat="40.204007" lon="-111.207911"></trkpt><trkpt lat="40.204047" lon="-111.208203"></trkpt><trkpt lat="40.204375" lon="-111.208718"></trkpt><trkpt lat="40.204843" lon="-111.209220"></trkpt><trkpt lat="40.205004" lon="-111.209613"></trkpt><trkpt lat="40.204986" lon="-111.209884"></trkpt><trkpt lat="40.204705" lon="-111.210630"></trkpt><trkpt lat="40.204587" lon="-111.211127"></trkpt><trkpt lat="40.204316" lon="-111.211647"></trkpt><trkpt lat="40.204266" lon="-111.211869"></trkpt><trkpt lat="40.204279" lon="-111.211931"></trkpt><trkpt lat="40.204518" lon="-111.212212"></trkpt><trkpt lat="40.204868" lon="-111.212718"></trkpt><trkpt lat="40.205124" lon="-111.212919"></trkpt><trkpt lat="40.205305" lon="-111.212982"></trkpt><trkpt lat="40.205399" lon="-111.213133"></trkpt><trkpt lat="40.205412" lon="-111.213345"></trkpt><trkpt lat="40.205361" lon="-111.213988"></trkpt><trkpt lat="40.205271" lon="-111.214192"></trkpt><trkpt lat="40.205027" lon="-111.214455"></trkpt><trkpt lat="40.204688" lon="-111.214975"></trkpt><trkpt lat="40.204607" lon="-111.215188"></trkpt><trkpt lat="40.204624" lon="-111.215459"></trkpt><trkpt lat="40.204683" lon="-111.215597"></trkpt><trkpt lat="40.205002" lon="-111.216036"></trkpt><trkpt lat="40.205472" lon="-111.217277"></trkpt><trkpt lat="40.205755" lon="-111.217704"></trkpt><trkpt lat="40.205787" lon="-111.217838"></trkpt><trkpt lat="40.205794" lon="-111.218610"></trkpt><trkpt lat="40.205830" lon="-111.218994"></trkpt><trkpt lat="40.205856" lon="-111.219040"></trkpt><trkpt lat="40.206001" lon="-111.219045"></trkpt><trkpt lat="40.206145" lon="-111.218937"></trkpt><trkpt lat="40.206258" lon="-111.218804"></trkpt><trkpt lat="40.206366" lon="-111.218762"></trkpt><trkpt lat="40.206456" lon="-111.218879"></trkpt><trkpt lat="40.206492" lon="-111.219084"></trkpt><trkpt lat="40.206495" lon="-111.219443"></trkpt><trkpt lat="40.206318" lon="-111.220181"></trkpt><trkpt lat="40.206210" lon="-111.220502"></trkpt><trkpt lat="40.205830" lon="-111.221023"></trkpt><trkpt lat="40.205708" lon="-111.221252"></trkpt><trkpt lat="40.205631" lon="-111.221510"></trkpt><trkpt lat="40.205679" lon="-111.222258"></trkpt><trkpt lat="40.205361" lon="-111.223630"></trkpt><trkpt lat="40.205207" lon="-111.224043"></trkpt><trkpt lat="40.205054" lon="-111.224226"></trkpt><trkpt lat="40.204828" lon="-111.224367"></trkpt><trkpt lat="40.204752" lon="-111.224379"></trkpt><trkpt lat="40.204243" lon="-111.224365"></trkpt><trkpt lat="40.203585" lon="-111.224233"></trkpt><trkpt lat="40.203117" lon="-111.224103"></trkpt><trkpt lat="40.202986" lon="-111.224098"></trkpt><trkpt lat="40.202919" lon="-111.224127"></trkpt><trkpt lat="40.202661" lon="-111.224460"></trkpt><trkpt lat="40.202525" lon="-111.224889"></trkpt><trkpt lat="40.202551" lon="-111.225595"></trkpt><trkpt lat="40.202424" lon="-111.226279"></trkpt><trkpt lat="40.202432" lon="-111.226709"></trkpt><trkpt lat="40.202570" lon="-111.227223"></trkpt><trkpt lat="40.202579" lon="-111.227369"></trkpt><trkpt lat="40.202543" lon="-111.227457"></trkpt><trkpt lat="40.202322" lon="-111.227689"></trkpt><trkpt lat="40.201866" lon="-111.227997"></trkpt><trkpt lat="40.201216" lon="-111.228550"></trkpt><trkpt lat="40.200859" lon="-111.229058"></trkpt><trkpt lat="40.200854" lon="-111.229325"></trkpt><trkpt lat="40.200917" lon="-111.229826"></trkpt><trkpt lat="40.200947" lon="-111.230512"></trkpt><trkpt lat="40.200837" lon="-111.231265"></trkpt><trkpt lat="40.200800" lon="-111.231952"></trkpt><trkpt lat="40.200708" lon="-111.232673"></trkpt><trkpt lat="40.200455" lon="-111.233299"></trkpt><trkpt lat="40.200450" lon="-111.233537"></trkpt><trkpt lat="40.200512" lon="-111.233975"></trkpt><trkpt lat="40.200461" lon="-111.234395"></trkpt><trkpt lat="40.200212" lon="-111.235263"></trkpt><trkpt lat="40.199610" lon="-111.236868"></trkpt><trkpt lat="40.199506" lon="-111.237008"></trkpt><trkpt lat="40.199212" lon="-111.237245"></trkpt><trkpt lat="40.199014" lon="-111.237535"></trkpt><trkpt lat="40.198873" lon="-111.237916"></trkpt><trkpt lat="40.198759" lon="-111.238438"></trkpt><trkpt lat="40.198438" lon="-111.239424"></trkpt><trkpt lat="40.198320" lon="-111.239518"></trkpt><trkpt lat="40.197798" lon="-111.239506"></trkpt><trkpt lat="40.197654" lon="-111.239547"></trkpt><trkpt lat="40.197099" lon="-111.239920"></trkpt><trkpt lat="40.196900" lon="-111.239972"></trkpt><trkpt lat="40.196819" lon="-111.239968"></trkpt><trkpt lat="40.196356" lon="-111.239799"></trkpt><trkpt lat="40.195446" lon="-111.239757"></trkpt><trkpt lat="40.195085" lon="-111.239840"></trkpt><trkpt lat="40.195004" lon="-111.239909"></trkpt><trkpt lat="40.194909" lon="-111.240063"></trkpt><trkpt lat="40.194850" lon="-111.240352"></trkpt><trkpt lat="40.195041" lon="-111.240707"></trkpt><trkpt lat="40.195086" lon="-111.240964"></trkpt><trkpt lat="40.195085" lon="-111.241378"></trkpt><trkpt lat="40.195221" lon="-111.241733"></trkpt><trkpt lat="40.195719" lon="-111.241932"></trkpt><trkpt lat="40.196006" lon="-111.242130"></trkpt><trkpt lat="40.196187" lon="-111.242367"></trkpt><trkpt lat="40.196247" lon="-111.242663"></trkpt><trkpt lat="40.196258" lon="-111.244300"></trkpt><trkpt lat="40.196105" lon="-111.245364"></trkpt><trkpt lat="40.196104" lon="-111.245759"></trkpt><trkpt lat="40.196119" lon="-111.246113"></trkpt><trkpt lat="40.196342" lon="-111.247751"></trkpt><trkpt lat="40.196340" lon="-111.248737"></trkpt><trkpt lat="40.196611" lon="-111.248994"></trkpt><trkpt lat="40.196958" lon="-111.249469"></trkpt><trkpt lat="40.196988" lon="-111.249567"></trkpt><trkpt lat="40.196897" lon="-111.249863"></trkpt><trkpt lat="40.196715" lon="-111.250197"></trkpt><trkpt lat="40.196503" lon="-111.250354"></trkpt><trkpt lat="40.196261" lon="-111.250373"></trkpt><trkpt lat="40.196019" lon="-111.250274"></trkpt><trkpt lat="40.195808" lon="-111.250095"></trkpt><trkpt lat="40.195581" lon="-111.249956"></trkpt><trkpt lat="40.195400" lon="-111.249956"></trkpt><trkpt lat="40.195218" lon="-111.249896"></trkpt><trkpt lat="40.195068" lon="-111.249757"></trkpt><trkpt lat="40.194903" lon="-111.248850"></trkpt><trkpt lat="40.194663" lon="-111.247942"></trkpt><trkpt lat="40.194347" lon="-111.247369"></trkpt><trkpt lat="40.194226" lon="-111.247250"></trkpt><trkpt lat="40.194120" lon="-111.247210"></trkpt><trkpt lat="40.194019" lon="-111.247298"></trkpt><trkpt lat="40.193951" lon="-111.247942"></trkpt><trkpt lat="40.193937" lon="-111.248215"></trkpt><trkpt lat="40.194021" lon="-111.249097"></trkpt><trkpt lat="40.194343" lon="-111.250070"></trkpt><trkpt lat="40.194661" lon="-111.250749"></trkpt><trkpt lat="40.194868" lon="-111.250966"></trkpt><trkpt lat="40.195259" lon="-111.251274"></trkpt><trkpt lat="40.196270" lon="-111.252429"></trkpt><trkpt lat="40.196598" lon="-111.253020"></trkpt><trkpt lat="40.196683" lon="-111.253388"></trkpt><trkpt lat="40.196934" lon="-111.254031"></trkpt><trkpt lat="40.197265" lon="-111.255111"></trkpt><trkpt lat="40.197807" lon="-111.256556"></trkpt><trkpt lat="40.197900" lon="-111.256998"></trkpt><trkpt lat="40.197839" lon="-111.258084"></trkpt><trkpt lat="40.197915" lon="-111.258305"></trkpt><trkpt lat="40.198100" lon="-111.258341"></trkpt><trkpt lat="40.198488" lon="-111.258147"></trkpt><trkpt lat="40.199034" lon="-111.257808"></trkpt><trkpt lat="40.199214" lon="-111.257587"></trkpt><trkpt lat="40.199319" lon="-111.257246"></trkpt><trkpt lat="40.199508" lon="-111.256979"></trkpt><trkpt lat="40.199761" lon="-111.256754"></trkpt><trkpt lat="40.200641" lon="-111.256136"></trkpt><trkpt lat="40.200916" lon="-111.256070"></trkpt><trkpt lat="40.201177" lon="-111.256267"></trkpt><trkpt lat="40.201302" lon="-111.256609"></trkpt><trkpt lat="40.201482" lon="-111.256864"></trkpt><trkpt lat="40.202489" lon="-111.257491"></trkpt><trkpt lat="40.202763" lon="-111.257925"></trkpt><trkpt lat="40.203041" lon="-111.258529"></trkpt><trkpt lat="40.203742" lon="-111.259363"></trkpt><trkpt lat="40.203958" lon="-111.259675"></trkpt><trkpt lat="40.204241" lon="-111.259937"></trkpt><trkpt lat="40.204452" lon="-111.260252"></trkpt><trkpt lat="40.204672" lon="-111.260779"></trkpt><trkpt lat="40.204940" lon="-111.261700"></trkpt><trkpt lat="40.205375" lon="-111.262644"></trkpt><trkpt lat="40.205468" lon="-111.262977"></trkpt><trkpt lat="40.205607" lon="-111.263268"></trkpt><trkpt lat="40.205900" lon="-111.263315"></trkpt><trkpt lat="40.206189" lon="-111.263271"></trkpt><trkpt lat="40.206450" lon="-111.263327"></trkpt><trkpt lat="40.206625" lon="-111.263544"></trkpt><trkpt lat="40.207102" lon="-111.263776"></trkpt><trkpt lat="40.207431" lon="-111.263655"></trkpt><trkpt lat="40.207490" lon="-111.263571"></trkpt><trkpt lat="40.207567" lon="-111.263264"></trkpt><trkpt lat="40.207783" lon="-111.263235"></trkpt><trkpt lat="40.207829" lon="-111.263093"></trkpt><trkpt lat="40.207879" lon="-111.262624"></trkpt><trkpt lat="40.207906" lon="-111.262602"></trkpt><trkpt lat="40.208005" lon="-111.262639"></trkpt><trkpt lat="40.208109" lon="-111.262852"></trkpt><trkpt lat="40.208527" lon="-111.263238"></trkpt><trkpt lat="40.208765" lon="-111.263279"></trkpt><trkpt lat="40.208842" lon="-111.263141"></trkpt><trkpt lat="40.208924" lon="-111.262786"></trkpt><trkpt lat="40.208961" lon="-111.262452"></trkpt><trkpt lat="40.208926" lon="-111.261958"></trkpt><trkpt lat="40.208952" lon="-111.260508"></trkpt><trkpt lat="40.208921" lon="-111.260219"></trkpt><trkpt lat="40.208764" lon="-111.259746"></trkpt><trkpt lat="40.208707" lon="-111.259240"></trkpt><trkpt lat="40.208633" lon="-111.257984"></trkpt><trkpt lat="40.208692" lon="-111.257559"></trkpt><trkpt lat="40.208824" lon="-111.257172"></trkpt><trkpt lat="40.209091" lon="-111.256671"></trkpt><trkpt lat="40.209462" lon="-111.255845"></trkpt><trkpt lat="40.209629" lon="-111.255681"></trkpt><trkpt lat="40.209706" lon="-111.255542"></trkpt><trkpt lat="40.209811" lon="-111.254920"></trkpt><trkpt lat="40.209906" lon="-111.254568"></trkpt><trkpt lat="40.209970" lon="-111.254100"></trkpt><trkpt lat="40.210070" lon="-111.253840"></trkpt><trkpt lat="40.210328" lon="-111.253354"></trkpt><trkpt lat="40.210654" lon="-111.252429"></trkpt><trkpt lat="40.211061" lon="-111.251929"></trkpt><trkpt lat="40.211147" lon="-111.251760"></trkpt><trkpt lat="40.211224" lon="-111.251501"></trkpt><trkpt lat="40.211389" lon="-111.250227"></trkpt><trkpt lat="40.211648" lon="-111.249210"></trkpt><trkpt lat="40.212087" lon="-111.248194"></trkpt><trkpt lat="40.212359" lon="-111.247411"></trkpt><trkpt lat="40.212839" lon="-111.246347"></trkpt><trkpt lat="40.212863" lon="-111.245669"></trkpt><trkpt lat="40.212944" lon="-111.245322"></trkpt><trkpt lat="40.213121" lon="-111.244828"></trkpt><trkpt lat="40.213745" lon="-111.243527"></trkpt><trkpt lat="40.214256" lon="-111.242789"></trkpt><trkpt lat="40.214469" lon="-111.242420"></trkpt><trkpt lat="40.214627" lon="-111.242054"></trkpt><trkpt lat="40.214777" lon="-111.241494"></trkpt><trkpt lat="40.214944" lon="-111.241088"></trkpt><trkpt lat="40.215102" lon="-111.240862"></trkpt><trkpt lat="40.215287" lon="-111.240701"></trkpt><trkpt lat="40.215450" lon="-111.240658"></trkpt><trkpt lat="40.215643" lon="-111.240688"></trkpt><trkpt lat="40.215720" lon="-111.240736"></trkpt><trkpt lat="40.216043" lon="-111.241085"></trkpt><trkpt lat="40.216331" lon="-111.241617"></trkpt><trkpt lat="40.216519" lon="-111.242134"></trkpt><trkpt lat="40.216536" lon="-111.242335"></trkpt><trkpt lat="40.216535" lon="-111.242907"></trkpt><trkpt lat="40.216479" lon="-111.243822"></trkpt><trkpt lat="40.216564" lon="-111.244101"></trkpt><trkpt lat="40.216717" lon="-111.244314"></trkpt><trkpt lat="40.216906" lon="-111.244454"></trkpt><trkpt lat="40.216991" lon="-111.244465"></trkpt><trkpt lat="40.217298" lon="-111.244364"></trkpt><trkpt lat="40.217429" lon="-111.244389"></trkpt><trkpt lat="40.217519" lon="-111.244459"></trkpt><trkpt lat="40.217891" lon="-111.244933"></trkpt><trkpt lat="40.218238" lon="-111.245312"></trkpt><trkpt lat="40.218508" lon="-111.245386"></trkpt><trkpt lat="40.219188" lon="-111.245326"></trkpt><trkpt lat="40.219341" lon="-111.245371"></trkpt><trkpt lat="40.219399" lon="-111.245429"></trkpt><trkpt lat="40.219435" lon="-111.245540"></trkpt><trkpt lat="40.219407" lon="-111.245982"></trkpt><trkpt lat="40.219293" lon="-111.246597"></trkpt><trkpt lat="40.219270" lon="-111.246996"></trkpt><trkpt lat="40.219283" lon="-111.247194"></trkpt><trkpt lat="40.219355" lon="-111.247293"></trkpt><trkpt lat="40.219657" lon="-111.247353"></trkpt><trkpt lat="40.219954" lon="-111.247288"></trkpt><trkpt lat="40.220071" lon="-111.247237"></trkpt><trkpt lat="40.220297" lon="-111.247011"></trkpt></trkseg></trk><trk><name>T086 AU6D793</name><trkseg><trkpt lat="40.877489" lon="-110.807589"></trkpt><trkpt lat="40.877744" lon="-110.806821"></trkpt><trkpt lat="40.877912" lon="-110.805420"></trkpt><trkpt lat="40.877910" lon="-110.804132"></trkpt><trkpt lat="40.877611" lon="-110.803404"></trkpt><trkpt lat="40.877014" lon="-110.802398"></trkpt><trkpt lat="40.876928" lon="-110.801614"></trkpt><trkpt lat="40.876756" lon="-110.800719"></trkpt><trkpt lat="40.876414" lon="-110.799600"></trkpt><trkpt lat="40.876627" lon="-110.799879"></trkpt><trkpt lat="40.877309" lon="-110.800605"></trkpt><trkpt lat="40.877863" lon="-110.801555"></trkpt><trkpt lat="40.878161" lon="-110.801779"></trkpt><trkpt lat="40.878586" lon="-110.802001"></trkpt><trkpt lat="40.878885" lon="-110.802673"></trkpt><trkpt lat="40.879524" lon="-110.803119"></trkpt><trkpt lat="40.880120" lon="-110.803733"></trkpt><trkpt lat="40.880588" lon="-110.804068"></trkpt><trkpt lat="40.881396" lon="-110.804121"></trkpt><trkpt lat="40.881779" lon="-110.804512"></trkpt><trkpt lat="40.882206" lon="-110.805295"></trkpt><trkpt lat="40.882802" lon="-110.806022"></trkpt><trkpt lat="40.883355" lon="-110.806132"></trkpt><trkpt lat="40.883762" lon="-110.806310"></trkpt><trkpt lat="40.883775" lon="-110.806254"></trkpt><trkpt lat="40.883838" lon="-110.806247"></trkpt><trkpt lat="40.884631" lon="-110.806415"></trkpt><trkpt lat="40.885032" lon="-110.806346"></trkpt><trkpt lat="40.885423" lon="-110.806094"></trkpt><trkpt lat="40.885788" lon="-110.805804"></trkpt><trkpt lat="40.886328" lon="-110.805980"></trkpt><trkpt lat="40.886748" lon="-110.806201"></trkpt><trkpt lat="40.887171" lon="-110.806216"></trkpt><trkpt lat="40.888302" lon="-110.806170"></trkpt><trkpt lat="40.888572" lon="-110.806071"></trkpt><trkpt lat="40.888905" lon="-110.805843"></trkpt></trkseg></trk><trk><name>T087 AU6D793</name><trkseg><trkpt lat="40.279249" lon="-111.218764"></trkpt><trkpt lat="40.281105" lon="-111.217737"></trkpt><trkpt lat="40.284670" lon="-111.213791"></trkpt><trkpt lat="40.286125" lon="-111.210527"></trkpt><trkpt lat="40.287120" lon="-111.206659"></trkpt><trkpt lat="40.288190" lon="-111.197543"></trkpt><trkpt lat="40.288723" lon="-111.193846"></trkpt><trkpt lat="40.288599" lon="-111.189114"></trkpt><trkpt lat="40.288342" lon="-111.185070"></trkpt><trkpt lat="40.287954" lon="-111.180079"></trkpt><trkpt lat="40.286587" lon="-111.169323"></trkpt><trkpt lat="40.285933" lon="-111.165536"></trkpt><trkpt lat="40.285771" lon="-111.165252"></trkpt></trkseg></trk><trk><name>T088 AU6D793</name><trkseg><trkpt lat="40.585525" lon="-111.155713"></trkpt><trkpt lat="40.585569" lon="-111.155888"></trkpt><trkpt lat="40.585520" lon="-111.156102"></trkpt><trkpt lat="40.585325" lon="-111.156491"></trkpt><trkpt lat="40.585023" lon="-111.156911"></trkpt><trkpt lat="40.584739" lon="-111.157208"></trkpt><trkpt lat="40.584297" lon="-111.157476"></trkpt><trkpt lat="40.583039" lon="-111.158337"></trkpt><trkpt lat="40.582481" lon="-111.158208"></trkpt><trkpt lat="40.581247" lon="-111.158116"></trkpt><trkpt lat="40.580967" lon="-111.158009"></trkpt><trkpt lat="40.580769" lon="-111.157849"></trkpt><trkpt lat="40.580662" lon="-111.157658"></trkpt><trkpt lat="40.580478" lon="-111.156934"></trkpt><trkpt lat="40.580329" lon="-111.156865"></trkpt><trkpt lat="40.579914" lon="-111.157193"></trkpt><trkpt lat="40.579748" lon="-111.157239"></trkpt><trkpt lat="40.579013" lon="-111.157277"></trkpt><trkpt lat="40.578612" lon="-111.157330"></trkpt><trkpt lat="40.577751" lon="-111.157849"></trkpt><trkpt lat="40.577057" lon="-111.158200"></trkpt><trkpt lat="40.576832" lon="-111.158307"></trkpt><trkpt lat="40.576169" lon="-111.158505"></trkpt><trkpt lat="40.575818" lon="-111.158566"></trkpt><trkpt lat="40.575575" lon="-111.158566"></trkpt><trkpt lat="40.574318" lon="-111.158696"></trkpt><trkpt lat="40.573714" lon="-111.158680"></trkpt><trkpt lat="40.573016" lon="-111.158574"></trkpt><trkpt lat="40.572530" lon="-111.158390"></trkpt><trkpt lat="40.571877" lon="-111.158001"></trkpt><trkpt lat="40.571342" lon="-111.157559"></trkpt><trkpt lat="40.571041" lon="-111.156986"></trkpt><trkpt lat="40.570929" lon="-111.156582"></trkpt><trkpt lat="40.570637" lon="-111.156048"></trkpt><trkpt lat="40.570340" lon="-111.155727"></trkpt><trkpt lat="40.569611" lon="-111.155094"></trkpt><trkpt lat="40.567776" lon="-111.153049"></trkpt><trkpt lat="40.567119" lon="-111.152630"></trkpt><trkpt lat="40.566259" lon="-111.152294"></trkpt><trkpt lat="40.565952" lon="-111.152130"></trkpt></trkseg></trk><trk><name>T089 AU6D793</name><trkseg><trkpt lat="40.620112" lon="-111.167610"></trkpt><trkpt lat="40.620977" lon="-111.167602"></trkpt><trkpt lat="40.621477" lon="-111.167640"></trkpt><trkpt lat="40.621846" lon="-111.167572"></trkpt><trkpt lat="40.622234" lon="-111.167389"></trkpt><trkpt lat="40.622468" lon="-111.167320"></trkpt><trkpt lat="40.622626" lon="-111.167312"></trkpt><trkpt lat="40.623243" lon="-111.167396"></trkpt><trkpt lat="40.623743" lon="-111.167274"></trkpt><trkpt lat="40.623896" lon="-111.167297"></trkpt><trkpt lat="40.624193" lon="-111.167457"></trkpt><trkpt lat="40.624463" lon="-111.167495"></trkpt><trkpt lat="40.624544" lon="-111.167457"></trkpt><trkpt lat="40.624883" lon="-111.167030"></trkpt><trkpt lat="40.625112" lon="-111.167061"></trkpt><trkpt lat="40.625590" lon="-111.167038"></trkpt></trkseg></trk><trk><name>T090 AU6D793</name><trkseg><trkpt lat="40.613437" lon="-111.185387"></trkpt><trkpt lat="40.613536" lon="-111.185409"></trkpt><trkpt lat="40.613693" lon="-111.185646"></trkpt><trkpt lat="40.613805" lon="-111.185684"></trkpt><trkpt lat="40.614337" lon="-111.185623"></trkpt><trkpt lat="40.614495" lon="-111.185486"></trkpt><trkpt lat="40.614567" lon="-111.185303"></trkpt><trkpt lat="40.614965" lon="-111.184662"></trkpt><trkpt lat="40.615064" lon="-111.184257"></trkpt><trkpt lat="40.615327" lon="-111.183670"></trkpt><trkpt lat="40.615850" lon="-111.183090"></trkpt><trkpt lat="40.616022" lon="-111.182854"></trkpt><trkpt lat="40.616099" lon="-111.182579"></trkpt><trkpt lat="40.616045" lon="-111.182342"></trkpt><trkpt lat="40.615780" lon="-111.181907"></trkpt><trkpt lat="40.615722" lon="-111.181702"></trkpt><trkpt lat="40.615623" lon="-111.181572"></trkpt><trkpt lat="40.615164" lon="-111.181221"></trkpt><trkpt lat="40.614908" lon="-111.180778"></trkpt><trkpt lat="40.614741" lon="-111.180694"></trkpt><trkpt lat="40.614574" lon="-111.180755"></trkpt><trkpt lat="40.614264" lon="-111.180717"></trkpt><trkpt lat="40.613916" lon="-111.180961"></trkpt><trkpt lat="40.613741" lon="-111.181014"></trkpt><trkpt lat="40.613570" lon="-111.180915"></trkpt><trkpt lat="40.613066" lon="-111.180458"></trkpt><trkpt lat="40.612841" lon="-111.180374"></trkpt><trkpt lat="40.612625" lon="-111.180374"></trkpt><trkpt lat="40.612467" lon="-111.180488"></trkpt><trkpt lat="40.612264" lon="-111.180488"></trkpt><trkpt lat="40.612043" lon="-111.180549"></trkpt><trkpt lat="40.611295" lon="-111.181068"></trkpt><trkpt lat="40.610767" lon="-111.181640"></trkpt><trkpt lat="40.610632" lon="-111.181632"></trkpt><trkpt lat="40.610510" lon="-111.181739"></trkpt><trkpt lat="40.610383" lon="-111.182021"></trkpt><trkpt lat="40.609842" lon="-111.182540"></trkpt><trkpt lat="40.609715" lon="-111.182914"></trkpt><trkpt lat="40.609025" lon="-111.183295"></trkpt><trkpt lat="40.608827" lon="-111.183326"></trkpt><trkpt lat="40.608656" lon="-111.183265"></trkpt><trkpt lat="40.608490" lon="-111.183151"></trkpt><trkpt lat="40.608477" lon="-111.182693"></trkpt><trkpt lat="40.608405" lon="-111.182571"></trkpt><trkpt lat="40.608153" lon="-111.182449"></trkpt><trkpt lat="40.607856" lon="-111.182082"></trkpt><trkpt lat="40.607636" lon="-111.181907"></trkpt><trkpt lat="40.607114" lon="-111.181609"></trkpt><trkpt lat="40.606763" lon="-111.181312"></trkpt><trkpt lat="40.606538" lon="-111.180991"></trkpt><trkpt lat="40.606403" lon="-111.180938"></trkpt><trkpt lat="40.606206" lon="-111.180434"></trkpt><trkpt lat="40.605900" lon="-111.180266"></trkpt><trkpt lat="40.605737" lon="-111.180457"></trkpt><trkpt lat="40.605480" lon="-111.180564"></trkpt><trkpt lat="40.604543" lon="-111.180633"></trkpt><trkpt lat="40.603750" lon="-111.180785"></trkpt><trkpt lat="40.603399" lon="-111.180770"></trkpt><trkpt lat="40.603169" lon="-111.180686"></trkpt><trkpt lat="40.602755" lon="-111.180732"></trkpt><trkpt lat="40.602520" lon="-111.180838"></trkpt><trkpt lat="40.601993" lon="-111.181227"></trkpt><trkpt lat="40.601564" lon="-111.181464"></trkpt><trkpt lat="40.601168" lon="-111.181769"></trkpt><trkpt lat="40.600996" lon="-111.181960"></trkpt><trkpt lat="40.600919" lon="-111.182097"></trkpt><trkpt lat="40.600820" lon="-111.182181"></trkpt><trkpt lat="40.600698" lon="-111.182143"></trkpt><trkpt lat="40.600202" lon="-111.182486"></trkpt><trkpt lat="40.599612" lon="-111.182768"></trkpt><trkpt lat="40.599183" lon="-111.183127"></trkpt><trkpt lat="40.598832" lon="-111.183287"></trkpt><trkpt lat="40.598589" lon="-111.183348"></trkpt><trkpt lat="40.598192" lon="-111.183318"></trkpt><trkpt lat="40.597377" lon="-111.183364"></trkpt><trkpt lat="40.596940" lon="-111.183249"></trkpt><trkpt lat="40.596706" lon="-111.183097"></trkpt><trkpt lat="40.596625" lon="-111.182965"></trkpt></trkseg></trk><trk><name>T091 AU6D793</name><trkseg><trkpt lat="40.607568" lon="-111.203827"></trkpt><trkpt lat="40.607253" lon="-111.203659"></trkpt><trkpt lat="40.606480" lon="-111.202980"></trkpt><trkpt lat="40.606250" lon="-111.202690"></trkpt><trkpt lat="40.605882" lon="-111.202057"></trkpt><trkpt lat="40.605775" lon="-111.201568"></trkpt><trkpt lat="40.605510" lon="-111.200874"></trkpt><trkpt lat="40.604805" lon="-111.199592"></trkpt><trkpt lat="40.604630" lon="-111.199104"></trkpt><trkpt lat="40.604582" lon="-111.198455"></trkpt><trkpt lat="40.604678" lon="-111.197799"></trkpt><trkpt lat="40.605144" lon="-111.196632"></trkpt><trkpt lat="40.605145" lon="-111.195968"></trkpt><trkpt lat="40.605624" lon="-111.195030"></trkpt><trkpt lat="40.605868" lon="-111.194297"></trkpt><trkpt lat="40.606664" lon="-111.192688"></trkpt><trkpt lat="40.607008" lon="-111.191650"></trkpt><trkpt lat="40.607451" lon="-111.190765"></trkpt><trkpt lat="40.607776" lon="-111.189850"></trkpt><trkpt lat="40.607922" lon="-111.189079"></trkpt><trkpt lat="40.608245" lon="-111.186714"></trkpt><trkpt lat="40.608215" lon="-111.186241"></trkpt><trkpt lat="40.608085" lon="-111.185424"></trkpt><trkpt lat="40.608235" lon="-111.184974"></trkpt><trkpt lat="40.608492" lon="-111.184768"></trkpt><trkpt lat="40.608898" lon="-111.184242"></trkpt><trkpt lat="40.609850" lon="-111.183197"></trkpt><trkpt lat="40.610184" lon="-111.182899"></trkpt><trkpt lat="40.610369" lon="-111.182830"></trkpt><trkpt lat="40.610526" lon="-111.182998"></trkpt><trkpt lat="40.610629" lon="-111.183235"></trkpt><trkpt lat="40.610719" lon="-111.183586"></trkpt><trkpt lat="40.610862" lon="-111.183845"></trkpt><trkpt lat="40.611244" lon="-111.184722"></trkpt><trkpt lat="40.611559" lon="-111.185134"></trkpt><trkpt lat="40.611973" lon="-111.185325"></trkpt><trkpt lat="40.612495" lon="-111.185272"></trkpt><trkpt lat="40.612968" lon="-111.185264"></trkpt><trkpt lat="40.613437" lon="-111.185387"></trkpt><trkpt lat="40.612860" lon="-111.185570"></trkpt><trkpt lat="40.612661" lon="-111.185714"></trkpt><trkpt lat="40.612539" lon="-111.185928"></trkpt><trkpt lat="40.612512" lon="-111.186149"></trkpt><trkpt lat="40.612367" lon="-111.186447"></trkpt><trkpt lat="40.612430" lon="-111.186546"></trkpt><trkpt lat="40.612493" lon="-111.186752"></trkpt><trkpt lat="40.612591" lon="-111.187202"></trkpt><trkpt lat="40.613081" lon="-111.188064"></trkpt><trkpt lat="40.613462" lon="-111.188965"></trkpt><trkpt lat="40.613786" lon="-111.189629"></trkpt><trkpt lat="40.613812" lon="-111.189834"></trkpt><trkpt lat="40.613807" lon="-111.190338"></trkpt><trkpt lat="40.613725" lon="-111.190658"></trkpt><trkpt lat="40.613631" lon="-111.190849"></trkpt><trkpt lat="40.613261" lon="-111.191223"></trkpt><trkpt lat="40.613161" lon="-111.191368"></trkpt><trkpt lat="40.613102" lon="-111.191528"></trkpt><trkpt lat="40.613133" lon="-111.191826"></trkpt><trkpt lat="40.613232" lon="-111.191948"></trkpt><trkpt lat="40.613331" lon="-111.192009"></trkpt><trkpt lat="40.613597" lon="-111.192085"></trkpt><trkpt lat="40.613836" lon="-111.192101"></trkpt><trkpt lat="40.614060" lon="-111.192383"></trkpt><trkpt lat="40.614285" lon="-111.192574"></trkpt><trkpt lat="40.615145" lon="-111.192947"></trkpt><trkpt lat="40.615312" lon="-111.193001"></trkpt><trkpt lat="40.615438" lon="-111.192978"></trkpt><trkpt lat="40.615582" lon="-111.192864"></trkpt><trkpt lat="40.615754" lon="-111.192520"></trkpt><trkpt lat="40.616043" lon="-111.191826"></trkpt><trkpt lat="40.616442" lon="-111.190628"></trkpt><trkpt lat="40.616564" lon="-111.190407"></trkpt><trkpt lat="40.616790" lon="-111.190018"></trkpt><trkpt lat="40.617962" lon="-111.188912"></trkpt><trkpt lat="40.618153" lon="-111.188164"></trkpt><trkpt lat="40.618100" lon="-111.187653"></trkpt><trkpt lat="40.618100" lon="-111.187180"></trkpt><trkpt lat="40.618296" lon="-111.186203"></trkpt><trkpt lat="40.618532" lon="-111.184517"></trkpt><trkpt lat="40.618679" lon="-111.182991"></trkpt><trkpt lat="40.618563" lon="-111.182404"></trkpt><trkpt lat="40.618257" lon="-111.181793"></trkpt><trkpt lat="40.618172" lon="-111.181518"></trkpt><trkpt lat="40.618155" lon="-111.181068"></trkpt><trkpt lat="40.617841" lon="-111.179969"></trkpt><trkpt lat="40.617675" lon="-111.179596"></trkpt><trkpt lat="40.617577" lon="-111.179260"></trkpt><trkpt lat="40.617384" lon="-111.178337"></trkpt><trkpt lat="40.617416" lon="-111.177971"></trkpt><trkpt lat="40.617702" lon="-111.177040"></trkpt><trkpt lat="40.617864" lon="-111.176636"></trkpt><trkpt lat="40.617869" lon="-111.176315"></trkpt><trkpt lat="40.617838" lon="-111.176162"></trkpt><trkpt lat="40.617600" lon="-111.175583"></trkpt><trkpt lat="40.617605" lon="-111.175453"></trkpt><trkpt lat="40.617646" lon="-111.175338"></trkpt><trkpt lat="40.617790" lon="-111.175125"></trkpt><trkpt lat="40.617885" lon="-111.175064"></trkpt><trkpt lat="40.618002" lon="-111.175086"></trkpt><trkpt lat="40.618051" lon="-111.175193"></trkpt><trkpt lat="40.618069" lon="-111.175514"></trkpt><trkpt lat="40.618208" lon="-111.176094"></trkpt><trkpt lat="40.618311" lon="-111.176353"></trkpt><trkpt lat="40.618387" lon="-111.176475"></trkpt><trkpt lat="40.618752" lon="-111.176773"></trkpt><trkpt lat="40.618909" lon="-111.176804"></trkpt><trkpt lat="40.618950" lon="-111.176735"></trkpt><trkpt lat="40.618932" lon="-111.176575"></trkpt><trkpt lat="40.618699" lon="-111.175873"></trkpt><trkpt lat="40.618686" lon="-111.175727"></trkpt><trkpt lat="40.618699" lon="-111.175567"></trkpt><trkpt lat="40.618808" lon="-111.175232"></trkpt><trkpt lat="40.619051" lon="-111.175011"></trkpt><trkpt lat="40.619344" lon="-111.174903"></trkpt><trkpt lat="40.619619" lon="-111.174903"></trkpt><trkpt lat="40.619723" lon="-111.174873"></trkpt><trkpt lat="40.619854" lon="-111.174789"></trkpt><trkpt lat="40.620093" lon="-111.174507"></trkpt><trkpt lat="40.620305" lon="-111.174141"></trkpt><trkpt lat="40.620323" lon="-111.174011"></trkpt><trkpt lat="40.620279" lon="-111.173622"></trkpt><trkpt lat="40.620356" lon="-111.173218"></trkpt><trkpt lat="40.620943" lon="-111.172188"></trkpt><trkpt lat="40.621038" lon="-111.171798"></trkpt><trkpt lat="40.621021" lon="-111.171432"></trkpt><trkpt lat="40.620940" lon="-111.171173"></trkpt><trkpt lat="40.620491" lon="-111.170181"></trkpt><trkpt lat="40.620149" lon="-111.169692"></trkpt><trkpt lat="40.619848" lon="-111.169387"></trkpt><trkpt lat="40.619115" lon="-111.168754"></trkpt><trkpt lat="40.619007" lon="-111.168601"></trkpt><trkpt lat="40.619034" lon="-111.168319"></trkpt><trkpt lat="40.619161" lon="-111.168113"></trkpt><trkpt lat="40.619377" lon="-111.167930"></trkpt><trkpt lat="40.619566" lon="-111.167785"></trkpt><trkpt lat="40.619900" lon="-111.167648"></trkpt><trkpt lat="40.620112" lon="-111.167610"></trkpt><trkpt lat="40.619873" lon="-111.167366"></trkpt><trkpt lat="40.618834" lon="-111.166847"></trkpt><trkpt lat="40.618703" lon="-111.166709"></trkpt><trkpt lat="40.618721" lon="-111.166625"></trkpt><trkpt lat="40.619560" lon="-111.166130"></trkpt><trkpt lat="40.619605" lon="-111.165839"></trkpt><trkpt lat="40.619552" lon="-111.165489"></trkpt><trkpt lat="40.619242" lon="-111.164619"></trkpt><trkpt lat="40.619108" lon="-111.164077"></trkpt><trkpt lat="40.618943" lon="-111.162788"></trkpt><trkpt lat="40.618826" lon="-111.162391"></trkpt><trkpt lat="40.618696" lon="-111.162086"></trkpt></trkseg></trk><trk><name>T092 AU6D793</name><trkseg><trkpt lat="40.909676" lon="-110.801822"></trkpt><trkpt lat="40.909496" lon="-110.801845"></trkpt><trkpt lat="40.908254" lon="-110.802386"></trkpt><trkpt lat="40.907876" lon="-110.802516"></trkpt><trkpt lat="40.906988" lon="-110.802684"></trkpt><trkpt lat="40.906227" lon="-110.802761"></trkpt><trkpt lat="40.905912" lon="-110.802829"></trkpt><trkpt lat="40.905579" lon="-110.802951"></trkpt><trkpt lat="40.904742" lon="-110.803348"></trkpt><trkpt lat="40.903959" lon="-110.803798"></trkpt><trkpt lat="40.903356" lon="-110.804248"></trkpt><trkpt lat="40.903050" lon="-110.804416"></trkpt><trkpt lat="40.902447" lon="-110.804599"></trkpt><trkpt lat="40.901488" lon="-110.804805"></trkpt><trkpt lat="40.901038" lon="-110.805042"></trkpt><trkpt lat="40.900529" lon="-110.805255"></trkpt><trkpt lat="40.900039" lon="-110.805415"></trkpt><trkpt lat="40.899620" lon="-110.805446"></trkpt><trkpt lat="40.899277" lon="-110.805400"></trkpt><trkpt lat="40.898385" lon="-110.805049"></trkpt><trkpt lat="40.897907" lon="-110.805003"></trkpt><trkpt lat="40.897398" lon="-110.804912"></trkpt><trkpt lat="40.897204" lon="-110.804836"></trkpt><trkpt lat="40.895959" lon="-110.803806"></trkpt><trkpt lat="40.895518" lon="-110.803584"></trkpt><trkpt lat="40.894616" lon="-110.802982"></trkpt><trkpt lat="40.893037" lon="-110.801578"></trkpt><trkpt lat="40.892752" lon="-110.801242"></trkpt><trkpt lat="40.892504" lon="-110.801005"></trkpt><trkpt lat="40.892130" lon="-110.800731"></trkpt><trkpt lat="40.891675" lon="-110.800487"></trkpt><trkpt lat="40.891206" lon="-110.800288"></trkpt><trkpt lat="40.890611" lon="-110.799960"></trkpt><trkpt lat="40.890128" lon="-110.799769"></trkpt><trkpt lat="40.889804" lon="-110.799579"></trkpt><trkpt lat="40.888816" lon="-110.798823"></trkpt><trkpt lat="40.888401" lon="-110.798587"></trkpt><trkpt lat="40.888203" lon="-110.798511"></trkpt><trkpt lat="40.887725" lon="-110.798465"></trkpt><trkpt lat="40.887446" lon="-110.798228"></trkpt><trkpt lat="40.887021" lon="-110.797793"></trkpt><trkpt lat="40.886055" lon="-110.796336"></trkpt><trkpt lat="40.885260" lon="-110.794864"></trkpt><trkpt lat="40.884853" lon="-110.794253"></trkpt><trkpt lat="40.884754" lon="-110.794192"></trkpt><trkpt lat="40.884424" lon="-110.793780"></trkpt><trkpt lat="40.883760" lon="-110.792712"></trkpt><trkpt lat="40.883471" lon="-110.792170"></trkpt><trkpt lat="40.883308" lon="-110.791774"></trkpt><trkpt lat="40.883118" lon="-110.791178"></trkpt><trkpt lat="40.883018" lon="-110.791003"></trkpt><trkpt lat="40.882432" lon="-110.790377"></trkpt><trkpt lat="40.881673" lon="-110.789301"></trkpt><trkpt lat="40.881239" lon="-110.788485"></trkpt><trkpt lat="40.880607" lon="-110.787676"></trkpt><trkpt lat="40.879198" lon="-110.785693"></trkpt><trkpt lat="40.878377" lon="-110.784930"></trkpt><trkpt lat="40.877799" lon="-110.784502"></trkpt><trkpt lat="40.877195" lon="-110.784273"></trkpt><trkpt lat="40.874938" lon="-110.783739"></trkpt><trkpt lat="40.874726" lon="-110.783625"></trkpt><trkpt lat="40.874310" lon="-110.783122"></trkpt><trkpt lat="40.873769" lon="-110.782381"></trkpt><trkpt lat="40.872764" lon="-110.780146"></trkpt><trkpt lat="40.872511" lon="-110.779421"></trkpt><trkpt lat="40.872294" lon="-110.779055"></trkpt><trkpt lat="40.872100" lon="-110.778902"></trkpt><trkpt lat="40.870572" lon="-110.778406"></trkpt><trkpt lat="40.870216" lon="-110.778254"></trkpt><trkpt lat="40.869869" lon="-110.778055"></trkpt><trkpt lat="40.869367" lon="-110.777483"></trkpt><trkpt lat="40.869155" lon="-110.777292"></trkpt><trkpt lat="40.868767" lon="-110.776766"></trkpt><trkpt lat="40.868163" lon="-110.776316"></trkpt><trkpt lat="40.867991" lon="-110.776041"></trkpt><trkpt lat="40.867810" lon="-110.775553"></trkpt><trkpt lat="40.867754" lon="-110.774874"></trkpt><trkpt lat="40.867636" lon="-110.774302"></trkpt><trkpt lat="40.867423" lon="-110.773531"></trkpt><trkpt lat="40.867204" lon="-110.772447"></trkpt><trkpt lat="40.866999" lon="-110.770929"></trkpt><trkpt lat="40.866484" lon="-110.768290"></trkpt><trkpt lat="40.866466" lon="-110.767885"></trkpt><trkpt lat="40.866523" lon="-110.767435"></trkpt><trkpt lat="40.866522" lon="-110.766985"></trkpt><trkpt lat="40.866485" lon="-110.766519"></trkpt><trkpt lat="40.866358" lon="-110.765795"></trkpt><trkpt lat="40.866355" lon="-110.764620"></trkpt><trkpt lat="40.866292" lon="-110.764292"></trkpt><trkpt lat="40.866192" lon="-110.764032"></trkpt><trkpt lat="40.865450" lon="-110.762521"></trkpt><trkpt lat="40.865039" lon="-110.761804"></trkpt><trkpt lat="40.864781" lon="-110.761247"></trkpt><trkpt lat="40.864284" lon="-110.760500"></trkpt><trkpt lat="40.863995" lon="-110.760164"></trkpt><trkpt lat="40.863715" lon="-110.759966"></trkpt><trkpt lat="40.863242" lon="-110.759775"></trkpt><trkpt lat="40.863065" lon="-110.759226"></trkpt><trkpt lat="40.863038" lon="-110.758996"></trkpt><trkpt lat="40.862812" lon="-110.758676"></trkpt><trkpt lat="40.862442" lon="-110.758333"></trkpt><trkpt lat="40.862283" lon="-110.758089"></trkpt><trkpt lat="40.862179" lon="-110.757730"></trkpt><trkpt lat="40.862043" lon="-110.757432"></trkpt><trkpt lat="40.861890" lon="-110.757242"></trkpt><trkpt lat="40.861267" lon="-110.756799"></trkpt><trkpt lat="40.861010" lon="-110.756395"></trkpt><trkpt lat="40.860896" lon="-110.756097"></trkpt><trkpt lat="40.860147" lon="-110.755189"></trkpt><trkpt lat="40.859750" lon="-110.754846"></trkpt><trkpt lat="40.859339" lon="-110.754701"></trkpt><trkpt lat="40.858929" lon="-110.754625"></trkpt><trkpt lat="40.858564" lon="-110.754502"></trkpt><trkpt lat="40.858168" lon="-110.754472"></trkpt><trkpt lat="40.858055" lon="-110.754365"></trkpt><trkpt lat="40.858046" lon="-110.754297"></trkpt></trkseg></trk><trk><name>T093 AU6D793</name><trkseg><trkpt lat="40.872994" lon="-110.733613"></trkpt><trkpt lat="40.872626" lon="-110.733788"></trkpt><trkpt lat="40.871109" lon="-110.734200"></trkpt><trkpt lat="40.870212" lon="-110.734117"></trkpt><trkpt lat="40.869928" lon="-110.734147"></trkpt><trkpt lat="40.868925" lon="-110.734635"></trkpt><trkpt lat="40.868858" lon="-110.734712"></trkpt><trkpt lat="40.868831" lon="-110.734796"></trkpt><trkpt lat="40.869079" lon="-110.735482"></trkpt><trkpt lat="40.869438" lon="-110.736090"></trkpt><trkpt lat="40.869939" lon="-110.736550"></trkpt><trkpt lat="40.869895" lon="-110.736708"></trkpt><trkpt lat="40.869896" lon="-110.736944"></trkpt><trkpt lat="40.869538" lon="-110.737201"></trkpt><trkpt lat="40.869359" lon="-110.737378"></trkpt><trkpt lat="40.869122" lon="-110.738107"></trkpt><trkpt lat="40.869063" lon="-110.738402"></trkpt><trkpt lat="40.869272" lon="-110.738460"></trkpt><trkpt lat="40.869392" lon="-110.738538"></trkpt><trkpt lat="40.868915" lon="-110.738854"></trkpt><trkpt lat="40.868631" lon="-110.738836"></trkpt><trkpt lat="40.868407" lon="-110.738778"></trkpt><trkpt lat="40.868168" lon="-110.738661"></trkpt><trkpt lat="40.867377" lon="-110.738408"></trkpt><trkpt lat="40.867048" lon="-110.738134"></trkpt><trkpt lat="40.866495" lon="-110.737861"></trkpt><trkpt lat="40.866108" lon="-110.738040"></trkpt><trkpt lat="40.865795" lon="-110.738257"></trkpt><trkpt lat="40.866154" lon="-110.738669"></trkpt><trkpt lat="40.866737" lon="-110.739118"></trkpt><trkpt lat="40.867874" lon="-110.740490"></trkpt><trkpt lat="40.867875" lon="-110.740765"></trkpt><trkpt lat="40.867980" lon="-110.740961"></trkpt><trkpt lat="40.868324" lon="-110.741392"></trkpt><trkpt lat="40.868533" lon="-110.741608"></trkpt><trkpt lat="40.868772" lon="-110.741744"></trkpt><trkpt lat="40.869191" lon="-110.741900"></trkpt><trkpt lat="40.869729" lon="-110.742527"></trkpt><trkpt lat="40.870977" lon="-110.743515"></trkpt><trkpt lat="40.871127" lon="-110.743672"></trkpt><trkpt lat="40.871262" lon="-110.743887"></trkpt><trkpt lat="40.871337" lon="-110.744064"></trkpt><trkpt lat="40.871489" lon="-110.745302"></trkpt><trkpt lat="40.871940" lon="-110.747030"></trkpt><trkpt lat="40.872004" lon="-110.748760"></trkpt><trkpt lat="40.872259" lon="-110.749486"></trkpt><trkpt lat="40.872186" lon="-110.750292"></trkpt><trkpt lat="40.872112" lon="-110.750430"></trkpt><trkpt lat="40.871828" lon="-110.750471"></trkpt><trkpt lat="40.871366" lon="-110.750374"></trkpt><trkpt lat="40.871201" lon="-110.750257"></trkpt><trkpt lat="40.871096" lon="-110.750100"></trkpt><trkpt lat="40.870916" lon="-110.749648"></trkpt><trkpt lat="40.870617" lon="-110.749237"></trkpt><trkpt lat="40.870363" lon="-110.749002"></trkpt><trkpt lat="40.869989" lon="-110.748551"></trkpt><trkpt lat="40.869854" lon="-110.748493"></trkpt><trkpt lat="40.869750" lon="-110.748532"></trkpt><trkpt lat="40.869856" lon="-110.749416"></trkpt><trkpt lat="40.869737" lon="-110.749515"></trkpt><trkpt lat="40.869528" lon="-110.749555"></trkpt><trkpt lat="40.868857" lon="-110.749577"></trkpt><trkpt lat="40.868380" lon="-110.749717"></trkpt><trkpt lat="40.867739" lon="-110.749994"></trkpt><trkpt lat="40.866574" lon="-110.750726"></trkpt><trkpt lat="40.866497" lon="-110.750864"></trkpt><trkpt lat="40.866228" lon="-110.751054"></trkpt><trkpt lat="40.866102" lon="-110.751222"></trkpt><trkpt lat="40.865778" lon="-110.751390"></trkpt><trkpt lat="40.865598" lon="-110.751390"></trkpt><trkpt lat="40.865504" lon="-110.751725"></trkpt><trkpt lat="40.865356" lon="-110.751962"></trkpt><trkpt lat="40.865113" lon="-110.752229"></trkpt><trkpt lat="40.864430" lon="-110.752748"></trkpt><trkpt lat="40.864133" lon="-110.752877"></trkpt><trkpt lat="40.863826" lon="-110.752862"></trkpt><trkpt lat="40.863213" lon="-110.752504"></trkpt><trkpt lat="40.863042" lon="-110.752473"></trkpt><trkpt lat="40.862339" lon="-110.752557"></trkpt><trkpt lat="40.862168" lon="-110.752428"></trkpt><trkpt lat="40.861905" lon="-110.751939"></trkpt><trkpt lat="40.861698" lon="-110.751748"></trkpt><trkpt lat="40.861671" lon="-110.751848"></trkpt><trkpt lat="40.861726" lon="-110.752176"></trkpt><trkpt lat="40.861925" lon="-110.752664"></trkpt><trkpt lat="40.862268" lon="-110.753030"></trkpt><trkpt lat="40.862349" lon="-110.753183"></trkpt><trkpt lat="40.862377" lon="-110.753267"></trkpt><trkpt lat="40.862323" lon="-110.753389"></trkpt><trkpt lat="40.861854" lon="-110.753351"></trkpt><trkpt lat="40.861458" lon="-110.753152"></trkpt><trkpt lat="40.861349" lon="-110.753022"></trkpt><trkpt lat="40.860943" lon="-110.752435"></trkpt><trkpt lat="40.860586" lon="-110.752046"></trkpt><trkpt lat="40.860572" lon="-110.751977"></trkpt><trkpt lat="40.860716" lon="-110.751710"></trkpt><trkpt lat="40.860751" lon="-110.751481"></trkpt><trkpt lat="40.860643" lon="-110.751352"></trkpt><trkpt lat="40.860350" lon="-110.751298"></trkpt><trkpt lat="40.860031" lon="-110.751481"></trkpt><trkpt lat="40.859720" lon="-110.751725"></trkpt><trkpt lat="40.859594" lon="-110.751710"></trkpt><trkpt lat="40.859256" lon="-110.751466"></trkpt><trkpt lat="40.858913" lon="-110.751283"></trkpt><trkpt lat="40.858814" lon="-110.751291"></trkpt><trkpt lat="40.858751" lon="-110.751321"></trkpt><trkpt lat="40.858742" lon="-110.751382"></trkpt><trkpt lat="40.858788" lon="-110.751527"></trkpt><trkpt lat="40.858945" lon="-110.751634"></trkpt><trkpt lat="40.859329" lon="-110.752137"></trkpt><trkpt lat="40.859641" lon="-110.752450"></trkpt><trkpt lat="40.859826" lon="-110.752481"></trkpt><trkpt lat="40.859889" lon="-110.752519"></trkpt><trkpt lat="40.859934" lon="-110.752672"></trkpt><trkpt lat="40.859907" lon="-110.752801"></trkpt><trkpt lat="40.859853" lon="-110.752870"></trkpt><trkpt lat="40.859759" lon="-110.752900"></trkpt><trkpt lat="40.859543" lon="-110.752832"></trkpt><trkpt lat="40.859381" lon="-110.752916"></trkpt><trkpt lat="40.858881" lon="-110.752900"></trkpt><trkpt lat="40.858556" lon="-110.752817"></trkpt><trkpt lat="40.858421" lon="-110.752855"></trkpt><trkpt lat="40.858390" lon="-110.752916"></trkpt><trkpt lat="40.858412" lon="-110.753007"></trkpt><trkpt lat="40.858593" lon="-110.753282"></trkpt><trkpt lat="40.858613" lon="-110.753961"></trkpt><trkpt lat="40.858794" lon="-110.754388"></trkpt><trkpt lat="40.858929" lon="-110.754625"></trkpt></trkseg></trk><trk><name>T094 AU6D793</name><trkseg><trkpt lat="40.657076" lon="-110.937028"></trkpt><trkpt lat="40.657008" lon="-110.937570"></trkpt><trkpt lat="40.656878" lon="-110.938035"></trkpt><trkpt lat="40.656586" lon="-110.938729"></trkpt><trkpt lat="40.656320" lon="-110.939126"></trkpt><trkpt lat="40.655991" lon="-110.939431"></trkpt><trkpt lat="40.653974" lon="-110.940827"></trkpt><trkpt lat="40.652799" lon="-110.941545"></trkpt><trkpt lat="40.652475" lon="-110.941682"></trkpt><trkpt lat="40.652146" lon="-110.941689"></trkpt><trkpt lat="40.651754" lon="-110.941575"></trkpt><trkpt lat="40.650956" lon="-110.941224"></trkpt><trkpt lat="40.650492" lon="-110.941094"></trkpt><trkpt lat="40.649988" lon="-110.941048"></trkpt><trkpt lat="40.649618" lon="-110.941079"></trkpt><trkpt lat="40.648866" lon="-110.941437"></trkpt><trkpt lat="40.648339" lon="-110.941613"></trkpt><trkpt lat="40.646488" lon="-110.941781"></trkpt><trkpt lat="40.645844" lon="-110.941788"></trkpt><trkpt lat="40.645060" lon="-110.941735"></trkpt><trkpt lat="40.643537" lon="-110.941476"></trkpt><trkpt lat="40.642871" lon="-110.941308"></trkpt><trkpt lat="40.642208" lon="-110.941025"></trkpt><trkpt lat="40.641812" lon="-110.940773"></trkpt><trkpt lat="40.641726" lon="-110.940697"></trkpt><trkpt lat="40.641668" lon="-110.940590"></trkpt><trkpt lat="40.641582" lon="-110.940377"></trkpt><trkpt lat="40.641528" lon="-110.939949"></trkpt><trkpt lat="40.641545" lon="-110.939347"></trkpt><trkpt lat="40.641581" lon="-110.939171"></trkpt><trkpt lat="40.641752" lon="-110.938736"></trkpt><trkpt lat="40.642297" lon="-110.937737"></trkpt><trkpt lat="40.642382" lon="-110.937439"></trkpt><trkpt lat="40.642400" lon="-110.937241"></trkpt><trkpt lat="40.642364" lon="-110.936936"></trkpt><trkpt lat="40.642296" lon="-110.936768"></trkpt><trkpt lat="40.641769" lon="-110.936272"></trkpt><trkpt lat="40.640471" lon="-110.935166"></trkpt><trkpt lat="40.640444" lon="-110.934769"></trkpt><trkpt lat="40.640570" lon="-110.934502"></trkpt><trkpt lat="40.640596" lon="-110.934098"></trkpt><trkpt lat="40.640380" lon="-110.933647"></trkpt><trkpt lat="40.640128" lon="-110.933403"></trkpt><trkpt lat="40.639943" lon="-110.933281"></trkpt><trkpt lat="40.639497" lon="-110.933129"></trkpt></trkseg></trk><trk><name>T095 AU6D793</name><trkseg><trkpt lat="40.044244" lon="-111.212607"></trkpt><trkpt lat="40.043639" lon="-111.213292"></trkpt><trkpt lat="40.043454" lon="-111.213412"></trkpt><trkpt lat="40.043093" lon="-111.213519"></trkpt><trkpt lat="40.042980" lon="-111.213591"></trkpt><trkpt lat="40.042804" lon="-111.213808"></trkpt><trkpt lat="40.042750" lon="-111.214037"></trkpt><trkpt lat="40.042870" lon="-111.215135"></trkpt><trkpt lat="40.042878" lon="-111.215665"></trkpt><trkpt lat="40.042717" lon="-111.217100"></trkpt><trkpt lat="40.042526" lon="-111.218318"></trkpt><trkpt lat="40.042381" lon="-111.218691"></trkpt><trkpt lat="40.042155" lon="-111.218992"></trkpt><trkpt lat="40.041988" lon="-111.219184"></trkpt><trkpt lat="40.041329" lon="-111.219785"></trkpt><trkpt lat="40.040986" lon="-111.220206"></trkpt><trkpt lat="40.040810" lon="-111.220513"></trkpt><trkpt lat="40.040669" lon="-111.220935"></trkpt><trkpt lat="40.040592" lon="-111.221429"></trkpt><trkpt lat="40.040631" lon="-111.222008"></trkpt><trkpt lat="40.040720" lon="-111.222539"></trkpt><trkpt lat="40.040589" lon="-111.223082"></trkpt><trkpt lat="40.040218" lon="-111.223442"></trkpt><trkpt lat="40.040025" lon="-111.223490"></trkpt><trkpt lat="40.039781" lon="-111.223513"></trkpt><trkpt lat="40.039200" lon="-111.223475"></trkpt><trkpt lat="40.038344" lon="-111.223496"></trkpt><trkpt lat="40.038096" lon="-111.223568"></trkpt><trkpt lat="40.036164" lon="-111.225564"></trkpt><trkpt lat="40.035875" lon="-111.225973"></trkpt><trkpt lat="40.035744" lon="-111.226407"></trkpt><trkpt lat="40.035716" lon="-111.226600"></trkpt><trkpt lat="40.035734" lon="-111.226804"></trkpt><trkpt lat="40.036143" lon="-111.227518"></trkpt><trkpt lat="40.036205" lon="-111.227687"></trkpt><trkpt lat="40.036241" lon="-111.227856"></trkpt><trkpt lat="40.036231" lon="-111.228422"></trkpt><trkpt lat="40.036280" lon="-111.228652"></trkpt><trkpt lat="40.036369" lon="-111.228978"></trkpt><trkpt lat="40.036594" lon="-111.229412"></trkpt><trkpt lat="40.036768" lon="-111.230149"></trkpt><trkpt lat="40.036777" lon="-111.230318"></trkpt><trkpt lat="40.037162" lon="-111.231344"></trkpt><trkpt lat="40.037337" lon="-111.231972"></trkpt><trkpt lat="40.037300" lon="-111.232442"></trkpt><trkpt lat="40.037141" lon="-111.233008"></trkpt><trkpt lat="40.037158" lon="-111.233418"></trkpt><trkpt lat="40.037342" lon="-111.233829"></trkpt><trkpt lat="40.037620" lon="-111.234167"></trkpt><trkpt lat="40.037697" lon="-111.234349"></trkpt><trkpt lat="40.037804" lon="-111.234808"></trkpt><trkpt lat="40.037870" lon="-111.235628"></trkpt><trkpt lat="40.037933" lon="-111.235797"></trkpt><trkpt lat="40.038045" lon="-111.235966"></trkpt><trkpt lat="40.038458" lon="-111.236353"></trkpt><trkpt lat="40.038598" lon="-111.236523"></trkpt><trkpt lat="40.038817" lon="-111.237077"></trkpt><trkpt lat="40.038812" lon="-111.237476"></trkpt><trkpt lat="40.038762" lon="-111.237693"></trkpt><trkpt lat="40.038604" lon="-111.238006"></trkpt><trkpt lat="40.038355" lon="-111.238295"></trkpt><trkpt lat="40.038139" lon="-111.238439"></trkpt><trkpt lat="40.037823" lon="-111.238534"></trkpt><trkpt lat="40.037566" lon="-111.238582"></trkpt><trkpt lat="40.037373" lon="-111.238581"></trkpt><trkpt lat="40.036445" lon="-111.238445"></trkpt><trkpt lat="40.036008" lon="-111.238468"></trkpt><trkpt lat="40.035070" lon="-111.238766"></trkpt><trkpt lat="40.034782" lon="-111.238934"></trkpt><trkpt lat="40.034624" lon="-111.239066"></trkpt><trkpt lat="40.034393" lon="-111.239415"></trkpt><trkpt lat="40.034298" lon="-111.239619"></trkpt><trkpt lat="40.034067" lon="-111.240354"></trkpt><trkpt lat="40.033759" lon="-111.241125"></trkpt><trkpt lat="40.033538" lon="-111.241383"></trkpt><trkpt lat="40.033443" lon="-111.241431"></trkpt><trkpt lat="40.033186" lon="-111.241454"></trkpt><trkpt lat="40.033074" lon="-111.241394"></trkpt><trkpt lat="40.032674" lon="-111.240850"></trkpt><trkpt lat="40.032296" lon="-111.240511"></trkpt><trkpt lat="40.031927" lon="-111.240340"></trkpt><trkpt lat="40.031603" lon="-111.240279"></trkpt><trkpt lat="40.031008" lon="-111.240361"></trkpt><trkpt lat="40.030801" lon="-111.240496"></trkpt><trkpt lat="40.030480" lon="-111.240902"></trkpt><trkpt lat="40.030290" lon="-111.241083"></trkpt><trkpt lat="40.029948" lon="-111.241286"></trkpt><trkpt lat="40.029772" lon="-111.241346"></trkpt><trkpt lat="40.029375" lon="-111.241406"></trkpt><trkpt lat="40.029290" lon="-111.241453"></trkpt><trkpt lat="40.028901" lon="-111.241934"></trkpt><trkpt lat="40.028639" lon="-111.242319"></trkpt><trkpt lat="40.027961" lon="-111.243619"></trkpt><trkpt lat="40.027839" lon="-111.243785"></trkpt><trkpt lat="40.027573" lon="-111.243871"></trkpt><trkpt lat="40.027181" lon="-111.243833"></trkpt><trkpt lat="40.026803" lon="-111.243735"></trkpt><trkpt lat="40.026541" lon="-111.243710"></trkpt><trkpt lat="40.026383" lon="-111.243811"></trkpt><trkpt lat="40.026180" lon="-111.244119"></trkpt><trkpt lat="40.025976" lon="-111.244818"></trkpt><trkpt lat="40.025925" lon="-111.245620"></trkpt><trkpt lat="40.026009" lon="-111.246090"></trkpt><trkpt lat="40.026166" lon="-111.246452"></trkpt><trkpt lat="40.026255" lon="-111.246899"></trkpt><trkpt lat="40.026255" lon="-111.247056"></trkpt><trkpt lat="40.026201" lon="-111.247200"></trkpt><trkpt lat="40.026070" lon="-111.247272"></trkpt><trkpt lat="40.025876" lon="-111.247283"></trkpt><trkpt lat="40.025191" lon="-111.247209"></trkpt><trkpt lat="40.023021" lon="-111.246586"></trkpt><trkpt lat="40.022837" lon="-111.246567"></trkpt><trkpt lat="40.022652" lon="-111.246627"></trkpt><trkpt lat="40.022327" lon="-111.246806"></trkpt><trkpt lat="40.022106" lon="-111.246974"></trkpt><trkpt lat="40.021750" lon="-111.247118"></trkpt><trkpt lat="40.021592" lon="-111.247226"></trkpt><trkpt lat="40.021564" lon="-111.247481"></trkpt><trkpt lat="40.021676" lon="-111.247818"></trkpt><trkpt lat="40.021978" lon="-111.248048"></trkpt><trkpt lat="40.022392" lon="-111.248104"></trkpt><trkpt lat="40.022865" lon="-111.248079"></trkpt><trkpt lat="40.023654" lon="-111.247879"></trkpt><trkpt lat="40.023956" lon="-111.247907"></trkpt><trkpt lat="40.024203" lon="-111.248029"></trkpt><trkpt lat="40.024387" lon="-111.248300"></trkpt><trkpt lat="40.024472" lon="-111.248569"></trkpt><trkpt lat="40.024695" lon="-111.249716"></trkpt><trkpt lat="40.024883" lon="-111.250390"></trkpt><trkpt lat="40.025017" lon="-111.250755"></trkpt><trkpt lat="40.025313" lon="-111.251349"></trkpt><trkpt lat="40.025884" lon="-111.252038"></trkpt><trkpt lat="40.026617" lon="-111.252782"></trkpt><trkpt lat="40.026927" lon="-111.253013"></trkpt><trkpt lat="40.027310" lon="-111.253068"></trkpt><trkpt lat="40.027796" lon="-111.252989"></trkpt><trkpt lat="40.028991" lon="-111.252589"></trkpt><trkpt lat="40.029158" lon="-111.252590"></trkpt><trkpt lat="40.029293" lon="-111.252658"></trkpt><trkpt lat="40.029405" lon="-111.252806"></trkpt><trkpt lat="40.029468" lon="-111.252941"></trkpt><trkpt lat="40.029570" lon="-111.253562"></trkpt><trkpt lat="40.029722" lon="-111.253940"></trkpt><trkpt lat="40.029889" lon="-111.254129"></trkpt><trkpt lat="40.030001" lon="-111.254318"></trkpt><trkpt lat="40.030054" lon="-111.254601"></trkpt><trkpt lat="40.030031" lon="-111.254924"></trkpt><trkpt lat="40.029968" lon="-111.255126"></trkpt><trkpt lat="40.029814" lon="-111.255342"></trkpt><trkpt lat="40.029670" lon="-111.255435"></trkpt><trkpt lat="40.029408" lon="-111.255542"></trkpt><trkpt lat="40.029056" lon="-111.255810"></trkpt><trkpt lat="40.029006" lon="-111.255918"></trkpt><trkpt lat="40.028919" lon="-111.256444"></trkpt><trkpt lat="40.028877" lon="-111.257387"></trkpt><trkpt lat="40.028822" lon="-111.257535"></trkpt><trkpt lat="40.028357" lon="-111.258194"></trkpt><trkpt lat="40.028302" lon="-111.258557"></trkpt><trkpt lat="40.028333" lon="-111.258760"></trkpt><trkpt lat="40.028428" lon="-111.258895"></trkpt><trkpt lat="40.028688" lon="-111.259152"></trkpt><trkpt lat="40.029233" lon="-111.259423"></trkpt><trkpt lat="40.029661" lon="-111.259479"></trkpt><trkpt lat="40.030346" lon="-111.259360"></trkpt><trkpt lat="40.030508" lon="-111.259374"></trkpt><trkpt lat="40.030800" lon="-111.259524"></trkpt><trkpt lat="40.031016" lon="-111.259713"></trkpt><trkpt lat="40.031200" lon="-111.260011"></trkpt><trkpt lat="40.031438" lon="-111.260551"></trkpt><trkpt lat="40.031563" lon="-111.261050"></trkpt></trkseg></trk><trk><name>T096 AU6D793</name><trkseg><trkpt lat="40.908816" lon="-111.822249"></trkpt><trkpt lat="40.909024" lon="-111.822112"></trkpt><trkpt lat="40.909413" lon="-111.821967"></trkpt><trkpt lat="40.909653" lon="-111.821746"></trkpt><trkpt lat="40.910209" lon="-111.820884"></trkpt><trkpt lat="40.910801" lon="-111.819869"></trkpt><trkpt lat="40.911570" lon="-111.818770"></trkpt><trkpt lat="40.911881" lon="-111.818198"></trkpt><trkpt lat="40.911918" lon="-111.818038"></trkpt><trkpt lat="40.912126" lon="-111.817870"></trkpt><trkpt lat="40.912199" lon="-111.817755"></trkpt><trkpt lat="40.912393" lon="-111.817122"></trkpt><trkpt lat="40.913061" lon="-111.815612"></trkpt><trkpt lat="40.913215" lon="-111.815520"></trkpt><trkpt lat="40.913368" lon="-111.815482"></trkpt><trkpt lat="40.913559" lon="-111.815253"></trkpt><trkpt lat="40.913837" lon="-111.814788"></trkpt><trkpt lat="40.913987" lon="-111.814620"></trkpt><trkpt lat="40.914358" lon="-111.814368"></trkpt><trkpt lat="40.914743" lon="-111.814048"></trkpt><trkpt lat="40.915069" lon="-111.813842"></trkpt><trkpt lat="40.915364" lon="-111.813567"></trkpt></trkseg></trk><trk><name>T097 AU6D793</name><trkseg><trkpt lat="40.507736" lon="-110.994999"></trkpt><trkpt lat="40.507554" lon="-110.994996"></trkpt><trkpt lat="40.507401" lon="-110.994885"></trkpt><trkpt lat="40.507356" lon="-110.994803"></trkpt><trkpt lat="40.507189" lon="-110.994667"></trkpt><trkpt lat="40.506770" lon="-110.994042"></trkpt><trkpt lat="40.506793" lon="-110.994046"></trkpt><trkpt lat="40.506703" lon="-110.993849"></trkpt><trkpt lat="40.506662" lon="-110.993441"></trkpt><trkpt lat="40.506522" lon="-110.992994"></trkpt><trkpt lat="40.506576" lon="-110.992586"></trkpt><trkpt lat="40.506414" lon="-110.992122"></trkpt><trkpt lat="40.506184" lon="-110.991016"></trkpt><trkpt lat="40.505896" lon="-110.990705"></trkpt><trkpt lat="40.505756" lon="-110.990276"></trkpt><trkpt lat="40.505337" lon="-110.989349"></trkpt><trkpt lat="40.505220" lon="-110.988948"></trkpt><trkpt lat="40.505062" lon="-110.988637"></trkpt><trkpt lat="40.505031" lon="-110.988502"></trkpt><trkpt lat="40.504855" lon="-110.988237"></trkpt><trkpt lat="40.504585" lon="-110.988026"></trkpt><trkpt lat="40.504450" lon="-110.987869"></trkpt><trkpt lat="40.504351" lon="-110.987644"></trkpt><trkpt lat="40.504040" lon="-110.987264"></trkpt><trkpt lat="40.503945" lon="-110.987047"></trkpt><trkpt lat="40.503972" lon="-110.986892"></trkpt><trkpt lat="40.504067" lon="-110.986737"></trkpt><trkpt lat="40.504332" lon="-110.986457"></trkpt><trkpt lat="40.504499" lon="-110.986071"></trkpt><trkpt lat="40.504634" lon="-110.985311"></trkpt><trkpt lat="40.504508" lon="-110.985256"></trkpt><trkpt lat="40.504148" lon="-110.985668"></trkpt><trkpt lat="40.504076" lon="-110.985664"></trkpt><trkpt lat="40.503909" lon="-110.984966"></trkpt><trkpt lat="40.503675" lon="-110.984444"></trkpt><trkpt lat="40.503526" lon="-110.983909"></trkpt><trkpt lat="40.503395" lon="-110.983827"></trkpt><trkpt lat="40.503350" lon="-110.983303"></trkpt><trkpt lat="40.503228" lon="-110.983075"></trkpt><trkpt lat="40.502945" lon="-110.982876"></trkpt><trkpt lat="40.502413" lon="-110.981367"></trkpt><trkpt lat="40.502359" lon="-110.981300"></trkpt><trkpt lat="40.501350" lon="-110.980839"></trkpt><trkpt lat="40.500701" lon="-110.980440"></trkpt><trkpt lat="40.500471" lon="-110.980220"></trkpt><trkpt lat="40.500322" lon="-110.979990"></trkpt><trkpt lat="40.500390" lon="-110.979910"></trkpt><trkpt lat="40.500318" lon="-110.979919"></trkpt><trkpt lat="40.500147" lon="-110.979632"></trkpt><trkpt lat="40.499827" lon="-110.979400"></trkpt><trkpt lat="40.499660" lon="-110.979215"></trkpt><trkpt lat="40.499480" lon="-110.978806"></trkpt><trkpt lat="40.499408" lon="-110.978860"></trkpt><trkpt lat="40.499236" lon="-110.978489"></trkpt><trkpt lat="40.499052" lon="-110.978216"></trkpt><trkpt lat="40.498561" lon="-110.977866"></trkpt><trkpt lat="40.498516" lon="-110.977691"></trkpt><trkpt lat="40.498362" lon="-110.977447"></trkpt><trkpt lat="40.498097" lon="-110.977094"></trkpt><trkpt lat="40.497970" lon="-110.977007"></trkpt><trkpt lat="40.497506" lon="-110.975820"></trkpt><trkpt lat="40.497101" lon="-110.975047"></trkpt><trkpt lat="40.496934" lon="-110.974681"></trkpt><trkpt lat="40.496911" lon="-110.974568"></trkpt><trkpt lat="40.496844" lon="-110.974488"></trkpt><trkpt lat="40.496853" lon="-110.974441"></trkpt><trkpt lat="40.496718" lon="-110.974149"></trkpt><trkpt lat="40.496546" lon="-110.973570"></trkpt><trkpt lat="40.496213" lon="-110.973324"></trkpt><trkpt lat="40.496006" lon="-110.973062"></trkpt><trkpt lat="40.495641" lon="-110.972856"></trkpt><trkpt lat="40.495010" lon="-110.971780"></trkpt><trkpt lat="40.494645" lon="-110.971635"></trkpt><trkpt lat="40.494604" lon="-110.971661"></trkpt><trkpt lat="40.494068" lon="-110.971586"></trkpt><trkpt lat="40.493902" lon="-110.971544"></trkpt><trkpt lat="40.493759" lon="-110.971466"></trkpt><trkpt lat="40.493674" lon="-110.971318"></trkpt><trkpt lat="40.493688" lon="-110.971022"></trkpt><trkpt lat="40.493739" lon="-110.970931"></trkpt><trkpt lat="40.493978" lon="-110.970773"></trkpt><trkpt lat="40.494253" lon="-110.970461"></trkpt><trkpt lat="40.494505" lon="-110.970300"></trkpt><trkpt lat="40.494712" lon="-110.970238"></trkpt><trkpt lat="40.495059" lon="-110.970203"></trkpt><trkpt lat="40.495820" lon="-110.970228"></trkpt><trkpt lat="40.495951" lon="-110.970257"></trkpt><trkpt lat="40.496527" lon="-110.970232"></trkpt><trkpt lat="40.496739" lon="-110.970346"></trkpt><trkpt lat="40.497136" lon="-110.970400"></trkpt><trkpt lat="40.497834" lon="-110.970177"></trkpt><trkpt lat="40.498181" lon="-110.970160"></trkpt><trkpt lat="40.498298" lon="-110.970123"></trkpt><trkpt lat="40.498469" lon="-110.969999"></trkpt><trkpt lat="40.498748" lon="-110.969986"></trkpt><trkpt lat="40.498910" lon="-110.970060"></trkpt><trkpt lat="40.499145" lon="-110.970091"></trkpt><trkpt lat="40.499838" lon="-110.969953"></trkpt><trkpt lat="40.500203" lon="-110.969797"></trkpt><trkpt lat="40.500829" lon="-110.969759"></trkpt><trkpt lat="40.501298" lon="-110.969670"></trkpt><trkpt lat="40.501424" lon="-110.969593"></trkpt><trkpt lat="40.501658" lon="-110.969576"></trkpt><trkpt lat="40.502167" lon="-110.969320"></trkpt><trkpt lat="40.502397" lon="-110.969255"></trkpt><trkpt lat="40.502640" lon="-110.969289"></trkpt><trkpt lat="40.502807" lon="-110.969400"></trkpt><trkpt lat="40.503230" lon="-110.969318"></trkpt><trkpt lat="40.503428" lon="-110.969378"></trkpt><trkpt lat="40.503518" lon="-110.969448"></trkpt><trkpt lat="40.503622" lon="-110.969706"></trkpt><trkpt lat="40.503744" lon="-110.969737"></trkpt><trkpt lat="40.503789" lon="-110.969930"></trkpt><trkpt lat="40.503766" lon="-110.970179"></trkpt><trkpt lat="40.503933" lon="-110.970469"></trkpt><trkpt lat="40.504203" lon="-110.970705"></trkpt><trkpt lat="40.504302" lon="-110.970702"></trkpt><trkpt lat="40.504649" lon="-110.970896"></trkpt><trkpt lat="40.504771" lon="-110.971009"></trkpt><trkpt lat="40.504852" lon="-110.971013"></trkpt><trkpt lat="40.505384" lon="-110.971305"></trkpt><trkpt lat="40.505762" lon="-110.971368"></trkpt><trkpt lat="40.505861" lon="-110.971431"></trkpt><trkpt lat="40.506086" lon="-110.971421"></trkpt><trkpt lat="40.506767" lon="-110.970975"></trkpt><trkpt lat="40.507163" lon="-110.970500"></trkpt><trkpt lat="40.507280" lon="-110.970468"></trkpt><trkpt lat="40.507600" lon="-110.970491"></trkpt><trkpt lat="40.507663" lon="-110.970465"></trkpt><trkpt lat="40.507721" lon="-110.970309"></trkpt><trkpt lat="40.507699" lon="-110.969987"></trkpt><trkpt lat="40.507577" lon="-110.969417"></trkpt><trkpt lat="40.507608" lon="-110.969140"></trkpt><trkpt lat="40.507685" lon="-110.968964"></trkpt><trkpt lat="40.508320" lon="-110.968497"></trkpt><trkpt lat="40.508613" lon="-110.968214"></trkpt><trkpt lat="40.508851" lon="-110.967862"></trkpt><trkpt lat="40.509027" lon="-110.967371"></trkpt><trkpt lat="40.509113" lon="-110.967297"></trkpt><trkpt lat="40.509135" lon="-110.967186"></trkpt><trkpt lat="40.509221" lon="-110.967062"></trkpt><trkpt lat="40.509820" lon="-110.966670"></trkpt><trkpt lat="40.510360" lon="-110.966398"></trkpt><trkpt lat="40.510446" lon="-110.966339"></trkpt><trkpt lat="40.510585" lon="-110.966143"></trkpt><trkpt lat="40.510720" lon="-110.965852"></trkpt><trkpt lat="40.510743" lon="-110.965719"></trkpt><trkpt lat="40.511031" lon="-110.965245"></trkpt><trkpt lat="40.511103" lon="-110.964628"></trkpt><trkpt lat="40.511188" lon="-110.964660"></trkpt><trkpt lat="40.511139" lon="-110.964512"></trkpt><trkpt lat="40.511143" lon="-110.964394"></trkpt><trkpt lat="40.511431" lon="-110.963307"></trkpt><trkpt lat="40.511512" lon="-110.963151"></trkpt><trkpt lat="40.511697" lon="-110.962917"></trkpt><trkpt lat="40.511737" lon="-110.962809"></trkpt><trkpt lat="40.511922" lon="-110.962589"></trkpt><trkpt lat="40.512053" lon="-110.962470"></trkpt><trkpt lat="40.512197" lon="-110.962410"></trkpt><trkpt lat="40.512494" lon="-110.962159"></trkpt><trkpt lat="40.512498" lon="-110.961629"></trkpt><trkpt lat="40.512525" lon="-110.961344"></trkpt><trkpt lat="40.512552" lon="-110.961344"></trkpt><trkpt lat="40.512606" lon="-110.960711"></trkpt><trkpt lat="40.512656" lon="-110.960618"></trkpt><trkpt lat="40.512728" lon="-110.960588"></trkpt></trkseg></trk><trk><name>T098 AU6D793</name><trkseg><trkpt lat="41.004453" lon="-110.397680"></trkpt><trkpt lat="41.004129" lon="-110.397702"></trkpt><trkpt lat="41.003572" lon="-110.397893"></trkpt><trkpt lat="41.002916" lon="-110.398229"></trkpt><trkpt lat="41.002313" lon="-110.398374"></trkpt><trkpt lat="41.001737" lon="-110.398389"></trkpt><trkpt lat="41.001592" lon="-110.398344"></trkpt><trkpt lat="41.001461" lon="-110.398252"></trkpt><trkpt lat="41.001284" lon="-110.398016"></trkpt><trkpt lat="41.001149" lon="-110.398016"></trkpt><trkpt lat="41.000906" lon="-110.398107"></trkpt><trkpt lat="41.000375" lon="-110.398061"></trkpt><trkpt lat="41.000064" lon="-110.398122"></trkpt><trkpt lat="41.000010" lon="-110.398176"></trkpt><trkpt lat="41.000043" lon="-110.398397"></trkpt><trkpt lat="40.999886" lon="-110.398458"></trkpt><trkpt lat="40.999714" lon="-110.398428"></trkpt><trkpt lat="40.999488" lon="-110.398161"></trkpt><trkpt lat="40.999411" lon="-110.398130"></trkpt><trkpt lat="40.999065" lon="-110.398298"></trkpt><trkpt lat="40.998953" lon="-110.398397"></trkpt><trkpt lat="40.998669" lon="-110.398442"></trkpt><trkpt lat="40.998480" lon="-110.398412"></trkpt></trkseg></trk><trk><name>T099 AU6D793</name><trkseg><trkpt lat="40.855162" lon="-110.822086"></trkpt><trkpt lat="40.854631" lon="-110.822020"></trkpt><trkpt lat="40.854150" lon="-110.822100"></trkpt><trkpt lat="40.853530" lon="-110.822392"></trkpt><trkpt lat="40.853170" lon="-110.822525"></trkpt><trkpt lat="40.852729" lon="-110.822605"></trkpt><trkpt lat="40.852408" lon="-110.822527"></trkpt><trkpt lat="40.851987" lon="-110.822185"></trkpt><trkpt lat="40.851104" lon="-110.821291"></trkpt><trkpt lat="40.850563" lon="-110.820818"></trkpt><trkpt lat="40.850278" lon="-110.821078"></trkpt><trkpt lat="40.849900" lon="-110.821567"></trkpt><trkpt lat="40.849792" lon="-110.821566"></trkpt><trkpt lat="40.849712" lon="-110.821788"></trkpt><trkpt lat="40.849703" lon="-110.822124"></trkpt><trkpt lat="40.849631" lon="-110.822261"></trkpt><trkpt lat="40.849487" lon="-110.822360"></trkpt><trkpt lat="40.849388" lon="-110.822360"></trkpt><trkpt lat="40.849244" lon="-110.822215"></trkpt><trkpt lat="40.849100" lon="-110.822253"></trkpt><trkpt lat="40.848839" lon="-110.822429"></trkpt><trkpt lat="40.848708" lon="-110.822589"></trkpt><trkpt lat="40.848479" lon="-110.822589"></trkpt><trkpt lat="40.848271" lon="-110.822520"></trkpt><trkpt lat="40.848127" lon="-110.822398"></trkpt><trkpt lat="40.848028" lon="-110.822200"></trkpt><trkpt lat="40.847883" lon="-110.822093"></trkpt><trkpt lat="40.847689" lon="-110.822009"></trkpt><trkpt lat="40.847396" lon="-110.821704"></trkpt><trkpt lat="40.847252" lon="-110.821735"></trkpt><trkpt lat="40.846964" lon="-110.821963"></trkpt><trkpt lat="40.846730" lon="-110.821963"></trkpt><trkpt lat="40.846577" lon="-110.821933"></trkpt><trkpt lat="40.846193" lon="-110.821612"></trkpt><trkpt lat="40.845972" lon="-110.821483"></trkpt><trkpt lat="40.845603" lon="-110.821360"></trkpt><trkpt lat="40.845328" lon="-110.821147"></trkpt><trkpt lat="40.845224" lon="-110.820994"></trkpt><trkpt lat="40.845035" lon="-110.820857"></trkpt><trkpt lat="40.844556" lon="-110.820262"></trkpt><trkpt lat="40.844448" lon="-110.820193"></trkpt><trkpt lat="40.844322" lon="-110.820193"></trkpt><trkpt lat="40.843934" lon="-110.820003"></trkpt><trkpt lat="40.843808" lon="-110.819865"></trkpt><trkpt lat="40.843722" lon="-110.819674"></trkpt><trkpt lat="40.843636" lon="-110.819575"></trkpt></trkseg></trk><trk><name>T100 AU6D793</name><trkseg><trkpt lat="40.236491" lon="-111.185165"></trkpt><trkpt lat="40.236428" lon="-111.186219"></trkpt><trkpt lat="40.236285" lon="-111.193181"></trkpt><trkpt lat="40.236146" lon="-111.197049"></trkpt><trkpt lat="40.236061" lon="-111.200954"></trkpt><trkpt lat="40.236339" lon="-111.203954"></trkpt><trkpt lat="40.237397" lon="-111.205619"></trkpt><trkpt lat="40.238280" lon="-111.206499"></trkpt><trkpt lat="40.239093" lon="-111.206963"></trkpt><trkpt lat="40.240330" lon="-111.207197"></trkpt><trkpt lat="40.241674" lon="-111.207247"></trkpt><trkpt lat="40.242239" lon="-111.207710"></trkpt><trkpt lat="40.242731" lon="-111.209281"></trkpt><trkpt lat="40.243330" lon="-111.210575"></trkpt><trkpt lat="40.243860" lon="-111.211223"></trkpt><trkpt lat="40.244496" lon="-111.211271"></trkpt><trkpt lat="40.246017" lon="-111.210999"></trkpt><trkpt lat="40.248564" lon="-111.210868"></trkpt><trkpt lat="40.254683" lon="-111.210657"></trkpt><trkpt lat="40.255390" lon="-111.211120"></trkpt><trkpt lat="40.255848" lon="-111.211768"></trkpt><trkpt lat="40.256694" lon="-111.213617"></trkpt><trkpt lat="40.257397" lon="-111.215697"></trkpt><trkpt lat="40.257748" lon="-111.217083"></trkpt><trkpt lat="40.258178" lon="-111.218266"></trkpt><trkpt lat="40.259458" lon="-111.220850"></trkpt><trkpt lat="40.260379" lon="-111.221540"></trkpt><trkpt lat="40.261366" lon="-111.222060"></trkpt><trkpt lat="40.262287" lon="-111.222665"></trkpt><trkpt lat="40.263142" lon="-111.223613"></trkpt><trkpt lat="40.264064" lon="-111.223960"></trkpt><trkpt lat="40.265051" lon="-111.224222"></trkpt><trkpt lat="40.266895" lon="-111.224830"></trkpt><trkpt lat="40.267618" lon="-111.225606"></trkpt><trkpt lat="40.268865" lon="-111.228190"></trkpt><trkpt lat="40.269193" lon="-111.228707"></trkpt><trkpt lat="40.269720" lon="-111.228881"></trkpt><trkpt lat="40.270247" lon="-111.228883"></trkpt><trkpt lat="40.271301" lon="-111.228628"></trkpt><trkpt lat="40.271829" lon="-111.228458"></trkpt><trkpt lat="40.273609" lon="-111.227604"></trkpt><trkpt lat="40.274070" lon="-111.227520"></trkpt><trkpt lat="40.275059" lon="-111.227523"></trkpt><trkpt lat="40.276440" lon="-111.228646"></trkpt><trkpt lat="40.277228" lon="-111.229852"></trkpt><trkpt lat="40.277752" lon="-111.231316"></trkpt><trkpt lat="40.278078" lon="-111.233124"></trkpt><trkpt lat="40.278531" lon="-111.236996"></trkpt><trkpt lat="40.279054" lon="-111.239148"></trkpt><trkpt lat="40.281351" lon="-111.243285"></trkpt><trkpt lat="40.283389" lon="-111.245615"></trkpt><trkpt lat="40.284770" lon="-111.246480"></trkpt><trkpt lat="40.287798" lon="-111.247782"></trkpt><trkpt lat="40.290233" lon="-111.248909"></trkpt><trkpt lat="40.292865" lon="-111.250467"></trkpt><trkpt lat="40.294074" lon="-111.251137"></trkpt><trkpt lat="40.294188" lon="-111.251267"></trkpt><trkpt lat="40.294530" lon="-111.251364"></trkpt><trkpt lat="40.294764" lon="-111.251496"></trkpt><trkpt lat="40.296010" lon="-111.252607"></trkpt><trkpt lat="40.296288" lon="-111.252938"></trkpt><trkpt lat="40.297128" lon="-111.254132"></trkpt><trkpt lat="40.298315" lon="-111.255442"></trkpt><trkpt lat="40.298525" lon="-111.256194"></trkpt><trkpt lat="40.298807" lon="-111.257022"></trkpt><trkpt lat="40.298847" lon="-111.257232"></trkpt><trkpt lat="40.298877" lon="-111.257762"></trkpt><trkpt lat="40.298681" lon="-111.258661"></trkpt><trkpt lat="40.298536" lon="-111.261376"></trkpt><trkpt lat="40.298557" lon="-111.261674"></trkpt><trkpt lat="40.298950" lon="-111.263336"></trkpt><trkpt lat="40.299021" lon="-111.263795"></trkpt><trkpt lat="40.299149" lon="-111.264894"></trkpt><trkpt lat="40.299215" lon="-111.265815"></trkpt><trkpt lat="40.299309" lon="-111.266191"></trkpt><trkpt lat="40.299353" lon="-111.266555"></trkpt><trkpt lat="40.299400" lon="-111.267593"></trkpt><trkpt lat="40.299560" lon="-111.268554"></trkpt><trkpt lat="40.299580" lon="-111.269558"></trkpt><trkpt lat="40.299548" lon="-111.269851"></trkpt><trkpt lat="40.299343" lon="-111.270700"></trkpt><trkpt lat="40.299130" lon="-111.273293"></trkpt><trkpt lat="40.298689" lon="-111.275145"></trkpt><trkpt lat="40.298280" lon="-111.276518"></trkpt><trkpt lat="40.298279" lon="-111.276750"></trkpt><trkpt lat="40.298387" lon="-111.276899"></trkpt><trkpt lat="40.298142" lon="-111.277618"></trkpt><trkpt lat="40.297708" lon="-111.278511"></trkpt><trkpt lat="40.297224" lon="-111.279306"></trkpt><trkpt lat="40.297200" lon="-111.279630"></trkpt><trkpt lat="40.297312" lon="-111.279959"></trkpt><trkpt lat="40.297389" lon="-111.280049"></trkpt><trkpt lat="40.297663" lon="-111.280191"></trkpt><trkpt lat="40.297721" lon="-111.280261"></trkpt><trkpt lat="40.297833" lon="-111.280484"></trkpt><trkpt lat="40.297887" lon="-111.280672"></trkpt><trkpt lat="40.297993" lon="-111.281669"></trkpt><trkpt lat="40.297906" lon="-111.282337"></trkpt><trkpt lat="40.297760" lon="-111.282762"></trkpt><trkpt lat="40.297534" lon="-111.283277"></trkpt><trkpt lat="40.297249" lon="-111.283756"></trkpt><trkpt lat="40.296901" lon="-111.284095"></trkpt><trkpt lat="40.296337" lon="-111.284378"></trkpt><trkpt lat="40.295936" lon="-111.284650"></trkpt><trkpt lat="40.295764" lon="-111.284871"></trkpt><trkpt lat="40.295529" lon="-111.285445"></trkpt><trkpt lat="40.295072" lon="-111.286009"></trkpt><trkpt lat="40.294937" lon="-111.286005"></trkpt><trkpt lat="40.294825" lon="-111.285860"></trkpt><trkpt lat="40.294610" lon="-111.285378"></trkpt><trkpt lat="40.294359" lon="-111.284592"></trkpt><trkpt lat="40.294207" lon="-111.284318"></trkpt><trkpt lat="40.294009" lon="-111.284110"></trkpt><trkpt lat="40.293820" lon="-111.284039"></trkpt><trkpt lat="40.293644" lon="-111.284085"></trkpt><trkpt lat="40.293153" lon="-111.284388"></trkpt><trkpt lat="40.292698" lon="-111.284386"></trkpt><trkpt lat="40.292157" lon="-111.284602"></trkpt><trkpt lat="40.291737" lon="-111.284874"></trkpt><trkpt lat="40.291565" lon="-111.285030"></trkpt><trkpt lat="40.291055" lon="-111.285698"></trkpt><trkpt lat="40.290897" lon="-111.285844"></trkpt><trkpt lat="40.290144" lon="-111.286162"></trkpt><trkpt lat="40.289864" lon="-111.286224"></trkpt><trkpt lat="40.289729" lon="-111.286224"></trkpt><trkpt lat="40.289157" lon="-111.286094"></trkpt><trkpt lat="40.288896" lon="-111.285977"></trkpt><trkpt lat="40.288627" lon="-111.285755"></trkpt><trkpt lat="40.288469" lon="-111.285531"></trkpt><trkpt lat="40.288327" lon="-111.284980"></trkpt><trkpt lat="40.288280" lon="-111.283926"></trkpt><trkpt lat="40.288142" lon="-111.283193"></trkpt><trkpt lat="40.288051" lon="-111.281678"></trkpt><trkpt lat="40.288095" lon="-111.279996"></trkpt><trkpt lat="40.288079" lon="-111.279301"></trkpt><trkpt lat="40.288003" lon="-111.278923"></trkpt><trkpt lat="40.287748" lon="-111.278212"></trkpt><trkpt lat="40.287538" lon="-111.277770"></trkpt><trkpt lat="40.287273" lon="-111.277384"></trkpt><trkpt lat="40.286217" lon="-111.276037"></trkpt><trkpt lat="40.285889" lon="-111.275801"></trkpt><trkpt lat="40.285660" lon="-111.275736"></trkpt><trkpt lat="40.284921" lon="-111.275812"></trkpt><trkpt lat="40.284578" lon="-111.275982"></trkpt><trkpt lat="40.284114" lon="-111.276096"></trkpt><trkpt lat="40.283996" lon="-111.276193"></trkpt><trkpt lat="40.283816" lon="-111.276424"></trkpt><trkpt lat="40.283684" lon="-111.276689"></trkpt><trkpt lat="40.283465" lon="-111.277858"></trkpt><trkpt lat="40.283161" lon="-111.278799"></trkpt><trkpt lat="40.283006" lon="-111.279729"></trkpt><trkpt lat="40.282856" lon="-111.280195"></trkpt><trkpt lat="40.282652" lon="-111.280595"></trkpt><trkpt lat="40.282417" lon="-111.280889"></trkpt><trkpt lat="40.282070" lon="-111.281242"></trkpt><trkpt lat="40.281993" lon="-111.281283"></trkpt><trkpt lat="40.281858" lon="-111.281298"></trkpt><trkpt lat="40.281547" lon="-111.281251"></trkpt><trkpt lat="40.281254" lon="-111.281265"></trkpt><trkpt lat="40.281101" lon="-111.281339"></trkpt><trkpt lat="40.279994" lon="-111.282583"></trkpt><trkpt lat="40.279634" lon="-111.282716"></trkpt><trkpt lat="40.279299" lon="-111.283261"></trkpt><trkpt lat="40.279231" lon="-111.283294"></trkpt><trkpt lat="40.278849" lon="-111.283154"></trkpt><trkpt lat="40.278628" lon="-111.283015"></trkpt><trkpt lat="40.278304" lon="-111.282980"></trkpt><trkpt lat="40.277949" lon="-111.282833"></trkpt><trkpt lat="40.277926" lon="-111.282794"></trkpt><trkpt lat="40.277597" lon="-111.282750"></trkpt><trkpt lat="40.277295" lon="-111.282816"></trkpt><trkpt lat="40.276894" lon="-111.282983"></trkpt><trkpt lat="40.276772" lon="-111.282991"></trkpt><trkpt lat="40.276673" lon="-111.282957"></trkpt><trkpt lat="40.276570" lon="-111.282830"></trkpt><trkpt lat="40.276572" lon="-111.282094"></trkpt><trkpt lat="40.276252" lon="-111.280326"></trkpt><trkpt lat="40.275980" lon="-111.279233"></trkpt><trkpt lat="40.275936" lon="-111.278650"></trkpt><trkpt lat="40.275856" lon="-111.278286"></trkpt><trkpt lat="40.275753" lon="-111.278032"></trkpt><trkpt lat="40.275636" lon="-111.277845"></trkpt><trkpt lat="40.275380" lon="-111.277607"></trkpt><trkpt lat="40.275214" lon="-111.277471"></trkpt><trkpt lat="40.275038" lon="-111.277420"></trkpt><trkpt lat="40.274894" lon="-111.277402"></trkpt><trkpt lat="40.274700" lon="-111.277435"></trkpt><trkpt lat="40.274136" lon="-111.277670"></trkpt><trkpt lat="40.273884" lon="-111.277644"></trkpt><trkpt lat="40.273808" lon="-111.277592"></trkpt><trkpt lat="40.273574" lon="-111.277287"></trkpt><trkpt lat="40.273427" lon="-111.276830"></trkpt><trkpt lat="40.273370" lon="-111.276170"></trkpt><trkpt lat="40.273425" lon="-111.275519"></trkpt><trkpt lat="40.273562" lon="-111.275063"></trkpt><trkpt lat="40.273733" lon="-111.274768"></trkpt><trkpt lat="40.273942" lon="-111.274253"></trkpt><trkpt lat="40.274006" lon="-111.273610"></trkpt><trkpt lat="40.274239" lon="-111.272394"></trkpt><trkpt lat="40.274254" lon="-111.271852"></trkpt><trkpt lat="40.274133" lon="-111.271361"></trkpt><trkpt lat="40.273914" lon="-111.270904"></trkpt><trkpt lat="40.273725" lon="-111.270632"></trkpt><trkpt lat="40.273195" lon="-111.270072"></trkpt><trkpt lat="40.272867" lon="-111.269817"></trkpt><trkpt lat="40.272673" lon="-111.269715"></trkpt><trkpt lat="40.272327" lon="-111.269392"></trkpt><trkpt lat="40.270245" lon="-111.267778"></trkpt><trkpt lat="40.269971" lon="-111.267632"></trkpt><trkpt lat="40.269844" lon="-111.267649"></trkpt><trkpt lat="40.269754" lon="-111.267843"></trkpt><trkpt lat="40.269708" lon="-111.268046"></trkpt><trkpt lat="40.269680" lon="-111.268587"></trkpt><trkpt lat="40.269616" lon="-111.268874"></trkpt><trkpt lat="40.269559" lon="-111.270371"></trkpt><trkpt lat="40.269480" lon="-111.271427"></trkpt><trkpt lat="40.269416" lon="-111.271867"></trkpt><trkpt lat="40.269382" lon="-111.272738"></trkpt><trkpt lat="40.269031" lon="-111.274520"></trkpt><trkpt lat="40.268970" lon="-111.275501"></trkpt><trkpt lat="40.268694" lon="-111.276219"></trkpt><trkpt lat="40.268539" lon="-111.276852"></trkpt><trkpt lat="40.268380" lon="-111.277325"></trkpt><trkpt lat="40.268045" lon="-111.278271"></trkpt><trkpt lat="40.267728" lon="-111.279031"></trkpt><trkpt lat="40.267649" lon="-111.279816"></trkpt><trkpt lat="40.267620" lon="-111.280806"></trkpt><trkpt lat="40.267608" lon="-111.281795"></trkpt><trkpt lat="40.267679" lon="-111.282370"></trkpt><trkpt lat="40.267643" lon="-111.282524"></trkpt><trkpt lat="40.267602" lon="-111.282571"></trkpt><trkpt lat="40.267521" lon="-111.282580"></trkpt><trkpt lat="40.267350" lon="-111.282527"></trkpt><trkpt lat="40.266977" lon="-111.281988"></trkpt><trkpt lat="40.266200" lon="-111.281217"></trkpt><trkpt lat="40.265778" lon="-111.280495"></trkpt><trkpt lat="40.265446" lon="-111.280105"></trkpt><trkpt lat="40.265297" lon="-111.280004"></trkpt><trkpt lat="40.265153" lon="-111.279968"></trkpt><trkpt lat="40.264621" lon="-111.280080"></trkpt><trkpt lat="40.264446" lon="-111.280057"></trkpt><trkpt lat="40.264392" lon="-111.279996"></trkpt><trkpt lat="40.264351" lon="-111.279904"></trkpt><trkpt lat="40.264339" lon="-111.279629"></trkpt><trkpt lat="40.264470" lon="-111.279245"></trkpt><trkpt lat="40.264521" lon="-111.278625"></trkpt><trkpt lat="40.264239" lon="-111.277817"></trkpt><trkpt lat="40.263759" lon="-111.276898"></trkpt><trkpt lat="40.263406" lon="-111.276054"></trkpt><trkpt lat="40.262396" lon="-111.274387"></trkpt><trkpt lat="40.261695" lon="-111.273528"></trkpt><trkpt lat="40.261538" lon="-111.273279"></trkpt><trkpt lat="40.261363" lon="-111.272850"></trkpt><trkpt lat="40.261269" lon="-111.272710"></trkpt><trkpt lat="40.261107" lon="-111.272557"></trkpt><trkpt lat="40.261062" lon="-111.272862"></trkpt><trkpt lat="40.261070" lon="-111.273124"></trkpt><trkpt lat="40.261123" lon="-111.273386"></trkpt><trkpt lat="40.261226" lon="-111.273729"></trkpt><trkpt lat="40.262144" lon="-111.276059"></trkpt><trkpt lat="40.262328" lon="-111.278242"></trkpt><trkpt lat="40.262318" lon="-111.278960"></trkpt><trkpt lat="40.262281" lon="-111.279175"></trkpt><trkpt lat="40.262141" lon="-111.279512"></trkpt><trkpt lat="40.261942" lon="-111.279842"></trkpt><trkpt lat="40.261449" lon="-111.280536"></trkpt><trkpt lat="40.261128" lon="-111.281093"></trkpt><trkpt lat="40.260856" lon="-111.281666"></trkpt><trkpt lat="40.260810" lon="-111.282036"></trkpt><trkpt lat="40.260832" lon="-111.282301"></trkpt><trkpt lat="40.260872" lon="-111.282414"></trkpt><trkpt lat="40.260760" lon="-111.282378"></trkpt><trkpt lat="40.260661" lon="-111.282291"></trkpt><trkpt lat="40.260549" lon="-111.282097"></trkpt><trkpt lat="40.260513" lon="-111.281957"></trkpt><trkpt lat="40.260475" lon="-111.281063"></trkpt><trkpt lat="40.260544" lon="-111.280449"></trkpt><trkpt lat="40.260616" lon="-111.280255"></trkpt><trkpt lat="40.260901" lon="-111.279977"></trkpt><trkpt lat="40.261000" lon="-111.279805"></trkpt><trkpt lat="40.260982" lon="-111.279643"></trkpt><trkpt lat="40.260884" lon="-111.279524"></trkpt><trkpt lat="40.260785" lon="-111.279470"></trkpt><trkpt lat="40.260686" lon="-111.279459"></trkpt><trkpt lat="40.260469" lon="-111.279533"></trkpt><trkpt lat="40.260365" lon="-111.279640"></trkpt><trkpt lat="40.260190" lon="-111.279704"></trkpt><trkpt lat="40.259870" lon="-111.279735"></trkpt><trkpt lat="40.259671" lon="-111.279713"></trkpt><trkpt lat="40.259217" lon="-111.279507"></trkpt><trkpt lat="40.258893" lon="-111.279171"></trkpt><trkpt lat="40.258772" lon="-111.278988"></trkpt><trkpt lat="40.258583" lon="-111.278825"></trkpt><trkpt lat="40.258281" lon="-111.278926"></trkpt><trkpt lat="40.257948" lon="-111.278793"></trkpt><trkpt lat="40.257750" lon="-111.278814"></trkpt><trkpt lat="40.257521" lon="-111.278644"></trkpt><trkpt lat="40.257440" lon="-111.278637"></trkpt><trkpt lat="40.257255" lon="-111.278702"></trkpt><trkpt lat="40.257007" lon="-111.278650"></trkpt><trkpt lat="40.256615" lon="-111.278736"></trkpt><trkpt lat="40.256134" lon="-111.278492"></trkpt><trkpt lat="40.255728" lon="-111.278454"></trkpt><trkpt lat="40.255593" lon="-111.278387"></trkpt><trkpt lat="40.255508" lon="-111.278196"></trkpt><trkpt lat="40.255419" lon="-111.277844"></trkpt><trkpt lat="40.255302" lon="-111.277674"></trkpt><trkpt lat="40.255217" lon="-111.277439"></trkpt><trkpt lat="40.254903" lon="-111.276866"></trkpt><trkpt lat="40.254666" lon="-111.276256"></trkpt><trkpt lat="40.254406" lon="-111.275873"></trkpt><trkpt lat="40.254280" lon="-111.275616"></trkpt><trkpt lat="40.254091" lon="-111.275366"></trkpt><trkpt lat="40.253791" lon="-111.274807"></trkpt><trkpt lat="40.253566" lon="-111.274608"></trkpt><trkpt lat="40.253472" lon="-111.274468"></trkpt><trkpt lat="40.253382" lon="-111.274248"></trkpt><trkpt lat="40.253342" lon="-111.273991"></trkpt><trkpt lat="40.253361" lon="-111.273727"></trkpt><trkpt lat="40.253335" lon="-111.273338"></trkpt><trkpt lat="40.253259" lon="-111.273162"></trkpt><trkpt lat="40.253156" lon="-111.273000"></trkpt><trkpt lat="40.252985" lon="-111.272853"></trkpt><trkpt lat="40.252594" lon="-111.272433"></trkpt><trkpt lat="40.252531" lon="-111.272330"></trkpt><trkpt lat="40.251992" lon="-111.271822"></trkpt><trkpt lat="40.251525" lon="-111.270991"></trkpt><trkpt lat="40.250815" lon="-111.270288"></trkpt><trkpt lat="40.250734" lon="-111.270162"></trkpt><trkpt lat="40.250582" lon="-111.269767"></trkpt><trkpt lat="40.249773" lon="-111.268812"></trkpt><trkpt lat="40.249593" lon="-111.268732"></trkpt><trkpt lat="40.249233" lon="-111.268677"></trkpt><trkpt lat="40.248936" lon="-111.268591"></trkpt><trkpt lat="40.248751" lon="-111.268583"></trkpt><trkpt lat="40.248589" lon="-111.268594"></trkpt><trkpt lat="40.248359" lon="-111.268700"></trkpt><trkpt lat="40.248138" lon="-111.268749"></trkpt><trkpt lat="40.247746" lon="-111.268942"></trkpt><trkpt lat="40.247579" lon="-111.268938"></trkpt><trkpt lat="40.247219" lon="-111.268753"></trkpt><trkpt lat="40.247066" lon="-111.268794"></trkpt><trkpt lat="40.246953" lon="-111.268759"></trkpt><trkpt lat="40.246616" lon="-111.268441"></trkpt><trkpt lat="40.245956" lon="-111.267616"></trkpt><trkpt lat="40.245506" lon="-111.267187"></trkpt><trkpt lat="40.243496" lon="-111.265856"></trkpt><trkpt lat="40.242943" lon="-111.265277"></trkpt><trkpt lat="40.242773" lon="-111.264963"></trkpt><trkpt lat="40.242368" lon="-111.264552"></trkpt><trkpt lat="40.242180" lon="-111.264238"></trkpt><trkpt lat="40.242025" lon="-111.263038"></trkpt><trkpt lat="40.241836" lon="-111.262709"></trkpt><trkpt lat="40.241746" lon="-111.262594"></trkpt><trkpt lat="40.241647" lon="-111.262536"></trkpt><trkpt lat="40.241539" lon="-111.262562"></trkpt><trkpt lat="40.241485" lon="-111.262627"></trkpt><trkpt lat="40.241340" lon="-111.262997"></trkpt><trkpt lat="40.241200" lon="-111.263149"></trkpt><trkpt lat="40.240874" lon="-111.263710"></trkpt><trkpt lat="40.240653" lon="-111.263996"></trkpt><trkpt lat="40.240039" lon="-111.264613"></trkpt><trkpt lat="40.239511" lon="-111.264893"></trkpt><trkpt lat="40.239308" lon="-111.265072"></trkpt><trkpt lat="40.239127" lon="-111.265304"></trkpt><trkpt lat="40.238861" lon="-111.265796"></trkpt><trkpt lat="40.238328" lon="-111.266306"></trkpt><trkpt lat="40.237935" lon="-111.266805"></trkpt><trkpt lat="40.237447" lon="-111.267247"></trkpt><trkpt lat="40.237262" lon="-111.267483"></trkpt><trkpt lat="40.237063" lon="-111.267811"></trkpt><trkpt lat="40.236909" lon="-111.268117"></trkpt><trkpt lat="40.236895" lon="-111.268210"></trkpt><trkpt lat="40.236913" lon="-111.268307"></trkpt><trkpt lat="40.237012" lon="-111.268498"></trkpt><trkpt lat="40.237003" lon="-111.268547"></trkpt><trkpt lat="40.236867" lon="-111.268751"></trkpt><trkpt lat="40.237140" lon="-111.269392"></trkpt><trkpt lat="40.237176" lon="-111.269572"></trkpt><trkpt lat="40.237112" lon="-111.269860"></trkpt><trkpt lat="40.237148" lon="-111.269987"></trkpt><trkpt lat="40.237134" lon="-111.270070"></trkpt><trkpt lat="40.236971" lon="-111.270455"></trkpt><trkpt lat="40.236885" lon="-111.270806"></trkpt><trkpt lat="40.236889" lon="-111.271118"></trkpt><trkpt lat="40.236956" lon="-111.271445"></trkpt><trkpt lat="40.236833" lon="-111.271962"></trkpt><trkpt lat="40.236497" lon="-111.272819"></trkpt><trkpt lat="40.236258" lon="-111.273160"></trkpt><trkpt lat="40.236131" lon="-111.273281"></trkpt><trkpt lat="40.235983" lon="-111.273349"></trkpt><trkpt lat="40.235563" lon="-111.273630"></trkpt><trkpt lat="40.234991" lon="-111.273672"></trkpt><trkpt lat="40.234067" lon="-111.273610"></trkpt><trkpt lat="40.233635" lon="-111.273428"></trkpt><trkpt lat="40.233383" lon="-111.273417"></trkpt><trkpt lat="40.232794" lon="-111.273146"></trkpt><trkpt lat="40.232573" lon="-111.272930"></trkpt><trkpt lat="40.232150" lon="-111.272860"></trkpt><trkpt lat="40.231880" lon="-111.272703"></trkpt><trkpt lat="40.231430" lon="-111.272550"></trkpt><trkpt lat="40.231246" lon="-111.272384"></trkpt><trkpt lat="40.231165" lon="-111.272354"></trkpt><trkpt lat="40.230836" lon="-111.272318"></trkpt><trkpt lat="40.230525" lon="-111.272195"></trkpt><trkpt lat="40.229796" lon="-111.272100"></trkpt><trkpt lat="40.228665" lon="-111.272007"></trkpt><trkpt lat="40.228220" lon="-111.271869"></trkpt><trkpt lat="40.227666" lon="-111.271847"></trkpt><trkpt lat="40.227372" lon="-111.272139"></trkpt><trkpt lat="40.227092" lon="-111.272348"></trkpt><trkpt lat="40.226655" lon="-111.272570"></trkpt><trkpt lat="40.226407" lon="-111.272613"></trkpt><trkpt lat="40.226249" lon="-111.272715"></trkpt><trkpt lat="40.226114" lon="-111.272866"></trkpt><trkpt lat="40.225902" lon="-111.272894"></trkpt><trkpt lat="40.225776" lon="-111.272996"></trkpt><trkpt lat="40.225537" lon="-111.273034"></trkpt><trkpt lat="40.224585" lon="-111.273323"></trkpt><trkpt lat="40.224275" lon="-111.273341"></trkpt><trkpt lat="40.224049" lon="-111.273287"></trkpt><trkpt lat="40.223897" lon="-111.273194"></trkpt><trkpt lat="40.223797" lon="-111.273183"></trkpt><trkpt lat="40.223680" lon="-111.273188"></trkpt><trkpt lat="40.223477" lon="-111.273280"></trkpt><trkpt lat="40.223176" lon="-111.273303"></trkpt><trkpt lat="40.223022" lon="-111.273263"></trkpt><trkpt lat="40.222586" lon="-111.272905"></trkpt><trkpt lat="40.222380" lon="-111.272675"></trkpt><trkpt lat="40.221732" lon="-111.272141"></trkpt><trkpt lat="40.221179" lon="-111.271797"></trkpt><trkpt lat="40.220976" lon="-111.271757"></trkpt><trkpt lat="40.220810" lon="-111.271805"></trkpt><trkpt lat="40.220349" lon="-111.272184"></trkpt><trkpt lat="40.219939" lon="-111.272192"></trkpt><trkpt lat="40.219755" lon="-111.272133"></trkpt><trkpt lat="40.219544" lon="-111.271721"></trkpt><trkpt lat="40.219262" lon="-111.270872"></trkpt><trkpt lat="40.219209" lon="-111.270528"></trkpt><trkpt lat="40.219269" lon="-111.269631"></trkpt><trkpt lat="40.219257" lon="-111.269256"></trkpt><trkpt lat="40.219110" lon="-111.268562"></trkpt><trkpt lat="40.219102" lon="-111.267972"></trkpt><trkpt lat="40.219035" lon="-111.267665"></trkpt><trkpt lat="40.218756" lon="-111.267412"></trkpt><trkpt lat="40.218459" lon="-111.267270"></trkpt><trkpt lat="40.218018" lon="-111.267292"></trkpt><trkpt lat="40.217824" lon="-111.267267"></trkpt><trkpt lat="40.217730" lon="-111.267181"></trkpt><trkpt lat="40.217681" lon="-111.267058"></trkpt><trkpt lat="40.217618" lon="-111.266738"></trkpt><trkpt lat="40.217655" lon="-111.266585"></trkpt><trkpt lat="40.217732" lon="-111.266474"></trkpt><trkpt lat="40.218318" lon="-111.265942"></trkpt><trkpt lat="40.218675" lon="-111.265692"></trkpt><trkpt lat="40.218986" lon="-111.265539"></trkpt><trkpt lat="40.219266" lon="-111.265301"></trkpt><trkpt lat="40.219487" lon="-111.264983"></trkpt><trkpt lat="40.220243" lon="-111.263579"></trkpt><trkpt lat="40.220731" lon="-111.262961"></trkpt><trkpt lat="40.220857" lon="-111.262746"></trkpt><trkpt lat="40.220943" lon="-111.262575"></trkpt><trkpt lat="40.220998" lon="-111.262261"></trkpt><trkpt lat="40.220936" lon="-111.262034"></trkpt><trkpt lat="40.220837" lon="-111.261899"></trkpt><trkpt lat="40.220374" lon="-111.261541"></trkpt><trkpt lat="40.219865" lon="-111.261213"></trkpt><trkpt lat="40.219676" lon="-111.261047"></trkpt><trkpt lat="40.219587" lon="-111.260911"></trkpt><trkpt lat="40.219524" lon="-111.260505"></trkpt><trkpt lat="40.219539" lon="-111.260125"></trkpt><trkpt lat="40.219473" lon="-111.259289"></trkpt><trkpt lat="40.219289" lon="-111.258951"></trkpt><trkpt lat="40.218633" lon="-111.258174"></trkpt><trkpt lat="40.218503" lon="-111.257959"></trkpt><trkpt lat="40.218476" lon="-111.257861"></trkpt><trkpt lat="40.218490" lon="-111.257719"></trkpt><trkpt lat="40.218553" lon="-111.257615"></trkpt><trkpt lat="40.218729" lon="-111.257462"></trkpt><trkpt lat="40.218887" lon="-111.257444"></trkpt><trkpt lat="40.220283" lon="-111.257610"></trkpt><trkpt lat="40.220423" lon="-111.257659"></trkpt><trkpt lat="40.220526" lon="-111.257758"></trkpt><trkpt lat="40.220845" lon="-111.258183"></trkpt><trkpt lat="40.220953" lon="-111.258226"></trkpt><trkpt lat="40.221142" lon="-111.258239"></trkpt><trkpt lat="40.221476" lon="-111.258173"></trkpt><trkpt lat="40.221611" lon="-111.258241"></trkpt><trkpt lat="40.221862" lon="-111.258604"></trkpt><trkpt lat="40.222064" lon="-111.259139"></trkpt><trkpt lat="40.222185" lon="-111.259263"></trkpt><trkpt lat="40.222257" lon="-111.259294"></trkpt><trkpt lat="40.222410" lon="-111.259214"></trkpt><trkpt lat="40.222456" lon="-111.259135"></trkpt><trkpt lat="40.222456" lon="-111.258901"></trkpt><trkpt lat="40.222308" lon="-111.258471"></trkpt><trkpt lat="40.222048" lon="-111.258169"></trkpt><trkpt lat="40.221671" lon="-111.257553"></trkpt><trkpt lat="40.221649" lon="-111.257301"></trkpt><trkpt lat="40.221772" lon="-111.256497"></trkpt><trkpt lat="40.221741" lon="-111.256141"></trkpt><trkpt lat="40.221131" lon="-111.255242"></trkpt><trkpt lat="40.221036" lon="-111.255125"></trkpt><trkpt lat="40.220762" lon="-111.254909"></trkpt><trkpt lat="40.220636" lon="-111.254724"></trkpt><trkpt lat="40.220574" lon="-111.254607"></trkpt><trkpt lat="40.220448" lon="-111.254177"></trkpt><trkpt lat="40.220291" lon="-111.254004"></trkpt><trkpt lat="40.220003" lon="-111.253776"></trkpt><trkpt lat="40.219873" lon="-111.253474"></trkpt><trkpt lat="40.219834" lon="-111.252940"></trkpt><trkpt lat="40.219686" lon="-111.252565"></trkpt><trkpt lat="40.219556" lon="-111.252484"></trkpt><trkpt lat="40.219258" lon="-111.252446"></trkpt><trkpt lat="40.219137" lon="-111.252366"></trkpt><trkpt lat="40.219101" lon="-111.252292"></trkpt><trkpt lat="40.219097" lon="-111.252206"></trkpt><trkpt lat="40.219256" lon="-111.251660"></trkpt><trkpt lat="40.219301" lon="-111.251396"></trkpt><trkpt lat="40.219252" lon="-111.251138"></trkpt><trkpt lat="40.219015" lon="-111.250579"></trkpt><trkpt lat="40.219002" lon="-111.250351"></trkpt><trkpt lat="40.219024" lon="-111.250259"></trkpt><trkpt lat="40.219182" lon="-111.250057"></trkpt><trkpt lat="40.219557" lon="-111.249813"></trkpt><trkpt lat="40.219616" lon="-111.249739"></trkpt><trkpt lat="40.219807" lon="-111.248912"></trkpt><trkpt lat="40.220069" lon="-111.248292"></trkpt><trkpt lat="40.220304" lon="-111.247846"></trkpt><trkpt lat="40.220341" lon="-111.247594"></trkpt><trkpt lat="40.220280" lon="-111.246784"></trkpt><trkpt lat="40.220299" lon="-111.246348"></trkpt><trkpt lat="40.220539" lon="-111.245423"></trkpt><trkpt lat="40.220929" lon="-111.244248"></trkpt><trkpt lat="40.221020" lon="-111.244076"></trkpt><trkpt lat="40.221123" lon="-111.243982"></trkpt><trkpt lat="40.221646" lon="-111.243749"></trkpt><trkpt lat="40.221944" lon="-111.243454"></trkpt><trkpt lat="40.221981" lon="-111.243285"></trkpt><trkpt lat="40.221945" lon="-111.243062"></trkpt><trkpt lat="40.221973" lon="-111.242750"></trkpt><trkpt lat="40.222317" lon="-111.241968"></trkpt><trkpt lat="40.222286" lon="-111.241733"></trkpt><trkpt lat="40.222223" lon="-111.241601"></trkpt><trkpt lat="40.221868" lon="-111.241161"></trkpt><trkpt lat="40.221738" lon="-111.240885"></trkpt><trkpt lat="40.221734" lon="-111.240640"></trkpt><trkpt lat="40.221852" lon="-111.240241"></trkpt><trkpt lat="40.221866" lon="-111.239963"></trkpt><trkpt lat="40.221817" lon="-111.239812"></trkpt><trkpt lat="40.221740" lon="-111.239699"></trkpt><trkpt lat="40.221511" lon="-111.239511"></trkpt><trkpt lat="40.221475" lon="-111.239361"></trkpt><trkpt lat="40.221562" lon="-111.239028"></trkpt><trkpt lat="40.222014" lon="-111.238044"></trkpt><trkpt lat="40.222073" lon="-111.237788"></trkpt><trkpt lat="40.222088" lon="-111.237304"></trkpt><trkpt lat="40.222040" lon="-111.236524"></trkpt><trkpt lat="40.222081" lon="-111.236345"></trkpt><trkpt lat="40.222270" lon="-111.236031"></trkpt><trkpt lat="40.222352" lon="-111.235786"></trkpt><trkpt lat="40.222348" lon="-111.235654"></trkpt><trkpt lat="40.222177" lon="-111.235254"></trkpt><trkpt lat="40.222164" lon="-111.235159"></trkpt><trkpt lat="40.222223" lon="-111.234844"></trkpt><trkpt lat="40.222427" lon="-111.234504"></trkpt><trkpt lat="40.222661" lon="-111.234303"></trkpt><trkpt lat="40.222964" lon="-111.233942"></trkpt><trkpt lat="40.223100" lon="-111.233558"></trkpt><trkpt lat="40.223155" lon="-111.232965"></trkpt><trkpt lat="40.223147" lon="-111.232642"></trkpt><trkpt lat="40.223044" lon="-111.232342"></trkpt><trkpt lat="40.222806" lon="-111.231824"></trkpt><trkpt lat="40.222752" lon="-111.231538"></trkpt><trkpt lat="40.222766" lon="-111.231238"></trkpt><trkpt lat="40.222884" lon="-111.230978"></trkpt><trkpt lat="40.223295" lon="-111.230493"></trkpt><trkpt lat="40.223372" lon="-111.230266"></trkpt><trkpt lat="40.223468" lon="-111.229625"></trkpt><trkpt lat="40.223581" lon="-111.229322"></trkpt><trkpt lat="40.223726" lon="-111.229113"></trkpt><trkpt lat="40.224023" lon="-111.228902"></trkpt><trkpt lat="40.224267" lon="-111.228870"></trkpt><trkpt lat="40.224370" lon="-111.228885"></trkpt><trkpt lat="40.224496" lon="-111.228925"></trkpt><trkpt lat="40.224690" lon="-111.229076"></trkpt><trkpt lat="40.224914" lon="-111.229509"></trkpt><trkpt lat="40.225081" lon="-111.229653"></trkpt><trkpt lat="40.225166" lon="-111.229697"></trkpt><trkpt lat="40.225346" lon="-111.229712"></trkpt><trkpt lat="40.225518" lon="-111.229632"></trkpt><trkpt lat="40.225685" lon="-111.229464"></trkpt><trkpt lat="40.225770" lon="-111.229296"></trkpt><trkpt lat="40.225804" lon="-111.228424"></trkpt><trkpt lat="40.225863" lon="-111.227861"></trkpt><trkpt lat="40.226022" lon="-111.227447"></trkpt><trkpt lat="40.226162" lon="-111.227316"></trkpt><trkpt lat="40.226297" lon="-111.227280"></trkpt><trkpt lat="40.226693" lon="-111.227318"></trkpt><trkpt lat="40.226914" lon="-111.227296"></trkpt><trkpt lat="40.227013" lon="-111.227245"></trkpt><trkpt lat="40.227176" lon="-111.227041"></trkpt><trkpt lat="40.227276" lon="-111.226554"></trkpt><trkpt lat="40.227589" lon="-111.225636"></trkpt><trkpt lat="40.227630" lon="-111.225354"></trkpt><trkpt lat="40.227676" lon="-111.224757"></trkpt><trkpt lat="40.227529" lon="-111.223635"></trkpt><trkpt lat="40.227525" lon="-111.223317"></trkpt><trkpt lat="40.227806" lon="-111.222574"></trkpt><trkpt lat="40.227974" lon="-111.221992"></trkpt><trkpt lat="40.228229" lon="-111.220579"></trkpt><trkpt lat="40.228361" lon="-111.219649"></trkpt><trkpt lat="40.228511" lon="-111.218972"></trkpt><trkpt lat="40.228647" lon="-111.218530"></trkpt><trkpt lat="40.228661" lon="-111.218163"></trkpt><trkpt lat="40.228408" lon="-111.216229"></trkpt><trkpt lat="40.228231" lon="-111.214415"></trkpt><trkpt lat="40.228106" lon="-111.213806"></trkpt><trkpt lat="40.227811" lon="-111.212787"></trkpt><trkpt lat="40.227704" lon="-111.212106"></trkpt><trkpt lat="40.227727" lon="-111.209293"></trkpt><trkpt lat="40.227791" lon="-111.208722"></trkpt><trkpt lat="40.227960" lon="-111.207730"></trkpt><trkpt lat="40.227983" lon="-111.206956"></trkpt><trkpt lat="40.227945" lon="-111.205777"></trkpt><trkpt lat="40.227865" lon="-111.205238"></trkpt><trkpt lat="40.227632" lon="-111.204186"></trkpt><trkpt lat="40.227592" lon="-111.203846"></trkpt><trkpt lat="40.227684" lon="-111.202938"></trkpt><trkpt lat="40.227903" lon="-111.201403"></trkpt><trkpt lat="40.227932" lon="-111.200502"></trkpt><trkpt lat="40.227906" lon="-111.199927"></trkpt><trkpt lat="40.227657" lon="-111.197865"></trkpt><trkpt lat="40.227617" lon="-111.197179"></trkpt><trkpt lat="40.227615" lon="-111.196143"></trkpt><trkpt lat="40.227721" lon="-111.194553"></trkpt><trkpt lat="40.227817" lon="-111.193851"></trkpt><trkpt lat="40.228288" lon="-111.192053"></trkpt><trkpt lat="40.228289" lon="-111.191577"></trkpt><trkpt lat="40.228195" lon="-111.190647"></trkpt></trkseg></trk><trk><name>T101 AU6D793</name><trkseg><trkpt lat="40.341143" lon="-111.308261"></trkpt><trkpt lat="40.341054" lon="-111.307826"></trkpt><trkpt lat="40.340343" lon="-111.306046"></trkpt><trkpt lat="40.340065" lon="-111.305429"></trkpt><trkpt lat="40.339800" lon="-111.305001"></trkpt><trkpt lat="40.339598" lon="-111.304804"></trkpt><trkpt lat="40.339382" lon="-111.304698"></trkpt><trkpt lat="40.339050" lon="-111.304340"></trkpt><trkpt lat="40.338839" lon="-111.304024"></trkpt><trkpt lat="40.338731" lon="-111.303946"></trkpt><trkpt lat="40.338601" lon="-111.303875"></trkpt><trkpt lat="40.338394" lon="-111.303833"></trkpt><trkpt lat="40.338015" lon="-111.303803"></trkpt><trkpt lat="40.337534" lon="-111.303626"></trkpt><trkpt lat="40.337174" lon="-111.303533"></trkpt><trkpt lat="40.336670" lon="-111.303349"></trkpt><trkpt lat="40.336427" lon="-111.303166"></trkpt><trkpt lat="40.336185" lon="-111.302677"></trkpt><trkpt lat="40.336037" lon="-111.302240"></trkpt><trkpt lat="40.335786" lon="-111.301756"></trkpt><trkpt lat="40.335189" lon="-111.300872"></trkpt><trkpt lat="40.335010" lon="-111.300653"></trkpt><trkpt lat="40.333994" lon="-111.299731"></trkpt><trkpt lat="40.333194" lon="-111.299124"></trkpt><trkpt lat="40.331981" lon="-111.297889"></trkpt><trkpt lat="40.331388" lon="-111.297084"></trkpt><trkpt lat="40.330939" lon="-111.296539"></trkpt><trkpt lat="40.330374" lon="-111.295739"></trkpt><trkpt lat="40.330099" lon="-111.295487"></trkpt><trkpt lat="40.329857" lon="-111.295143"></trkpt><trkpt lat="40.329614" lon="-111.294887"></trkpt><trkpt lat="40.329250" lon="-111.294542"></trkpt><trkpt lat="40.328751" lon="-111.294136"></trkpt><trkpt lat="40.328536" lon="-111.293894"></trkpt><trkpt lat="40.328150" lon="-111.293392"></trkpt><trkpt lat="40.327795" lon="-111.292838"></trkpt><trkpt lat="40.327589" lon="-111.292332"></trkpt><trkpt lat="40.327371" lon="-111.291250"></trkpt><trkpt lat="40.327129" lon="-111.290697"></trkpt><trkpt lat="40.326152" lon="-111.288874"></trkpt><trkpt lat="40.325869" lon="-111.288590"></trkpt><trkpt lat="40.325725" lon="-111.288515"></trkpt><trkpt lat="40.325437" lon="-111.288454"></trkpt><trkpt lat="40.324378" lon="-111.288528"></trkpt><trkpt lat="40.323955" lon="-111.288480"></trkpt><trkpt lat="40.323306" lon="-111.288269"></trkpt><trkpt lat="40.322551" lon="-111.287885"></trkpt><trkpt lat="40.321778" lon="-111.287200"></trkpt><trkpt lat="40.321620" lon="-111.287097"></trkpt><trkpt lat="40.320999" lon="-111.286858"></trkpt><trkpt lat="40.320900" lon="-111.286788"></trkpt><trkpt lat="40.320783" lon="-111.286681"></trkpt><trkpt lat="40.320604" lon="-111.286411"></trkpt><trkpt lat="40.320461" lon="-111.286012"></trkpt><trkpt lat="40.320250" lon="-111.285612"></trkpt><trkpt lat="40.319765" lon="-111.284914"></trkpt><trkpt lat="40.319500" lon="-111.284728"></trkpt><trkpt lat="40.318928" lon="-111.284512"></trkpt><trkpt lat="40.318564" lon="-111.284232"></trkpt><trkpt lat="40.318375" lon="-111.284189"></trkpt><trkpt lat="40.318046" lon="-111.284179"></trkpt><trkpt lat="40.317659" lon="-111.283955"></trkpt><trkpt lat="40.317286" lon="-111.283591"></trkpt><trkpt lat="40.316976" lon="-111.283205"></trkpt><trkpt lat="40.316689" lon="-111.282930"></trkpt><trkpt lat="40.316239" lon="-111.282404"></trkpt><trkpt lat="40.316015" lon="-111.282213"></trkpt><trkpt lat="40.315813" lon="-111.281985"></trkpt><trkpt lat="40.315184" lon="-111.281088"></trkpt><trkpt lat="40.314843" lon="-111.280678"></trkpt><trkpt lat="40.314064" lon="-111.280243"></trkpt><trkpt lat="40.313844" lon="-111.280215"></trkpt><trkpt lat="40.313267" lon="-111.280240"></trkpt><trkpt lat="40.312830" lon="-111.280136"></trkpt><trkpt lat="40.312340" lon="-111.279953"></trkpt><trkpt lat="40.312011" lon="-111.279906"></trkpt><trkpt lat="40.311921" lon="-111.279929"></trkpt><trkpt lat="40.311650" lon="-111.280197"></trkpt><trkpt lat="40.311285" lon="-111.280473"></trkpt><trkpt lat="40.311163" lon="-111.280515"></trkpt><trkpt lat="40.310888" lon="-111.280448"></trkpt><trkpt lat="40.310425" lon="-111.280170"></trkpt><trkpt lat="40.310128" lon="-111.279922"></trkpt><trkpt lat="40.309647" lon="-111.279650"></trkpt><trkpt lat="40.309187" lon="-111.279648"></trkpt><trkpt lat="40.308827" lon="-111.279559"></trkpt><trkpt lat="40.308638" lon="-111.279582"></trkpt><trkpt lat="40.308228" lon="-111.279724"></trkpt><trkpt lat="40.308106" lon="-111.279739"></trkpt><trkpt lat="40.307912" lon="-111.279698"></trkpt><trkpt lat="40.307422" lon="-111.279251"></trkpt><trkpt lat="40.306981" lon="-111.279114"></trkpt><trkpt lat="40.306707" lon="-111.278882"></trkpt><trkpt lat="40.305996" lon="-111.278601"></trkpt><trkpt lat="40.305668" lon="-111.278416"></trkpt><trkpt lat="40.305196" lon="-111.278016"></trkpt><trkpt lat="40.303985" lon="-111.277383"></trkpt><trkpt lat="40.303643" lon="-111.277254"></trkpt><trkpt lat="40.302887" lon="-111.276894"></trkpt><trkpt lat="40.301171" lon="-111.275176"></trkpt><trkpt lat="40.301018" lon="-111.275144"></trkpt><trkpt lat="40.300932" lon="-111.275183"></trkpt><trkpt lat="40.300408" lon="-111.275627"></trkpt><trkpt lat="40.300088" lon="-111.275816"></trkpt><trkpt lat="40.299948" lon="-111.275935"></trkpt><trkpt lat="40.299551" lon="-111.276363"></trkpt><trkpt lat="40.299131" lon="-111.276560"></trkpt><trkpt lat="40.298928" lon="-111.276599"></trkpt><trkpt lat="40.298694" lon="-111.276773"></trkpt><trkpt lat="40.298387" lon="-111.276899"></trkpt></trkseg></trk><trk><name>T102 AU6D793</name><trkseg><trkpt lat="40.863456" lon="-110.788676"></trkpt><trkpt lat="40.863916" lon="-110.788561"></trkpt><trkpt lat="40.864042" lon="-110.788622"></trkpt><trkpt lat="40.864115" lon="-110.788927"></trkpt><trkpt lat="40.864218" lon="-110.788988"></trkpt><trkpt lat="40.864489" lon="-110.789019"></trkpt><trkpt lat="40.864980" lon="-110.789339"></trkpt><trkpt lat="40.865427" lon="-110.789935"></trkpt><trkpt lat="40.866082" lon="-110.790667"></trkpt><trkpt lat="40.866262" lon="-110.790987"></trkpt><trkpt lat="40.866659" lon="-110.791369"></trkpt><trkpt lat="40.866948" lon="-110.791521"></trkpt><trkpt lat="40.867160" lon="-110.791682"></trkpt><trkpt lat="40.867381" lon="-110.792040"></trkpt><trkpt lat="40.867598" lon="-110.792216"></trkpt><trkpt lat="40.867580" lon="-110.792536"></trkpt><trkpt lat="40.867689" lon="-110.792704"></trkpt><trkpt lat="40.867793" lon="-110.792964"></trkpt><trkpt lat="40.867888" lon="-110.793047"></trkpt><trkpt lat="40.867978" lon="-110.793299"></trkpt><trkpt lat="40.868029" lon="-110.793742"></trkpt><trkpt lat="40.868864" lon="-110.795176"></trkpt><trkpt lat="40.869708" lon="-110.795954"></trkpt><trkpt lat="40.870637" lon="-110.796282"></trkpt><trkpt lat="40.871381" lon="-110.796870"></trkpt><trkpt lat="40.872134" lon="-110.797213"></trkpt><trkpt lat="40.872544" lon="-110.797564"></trkpt><trkpt lat="40.874382" lon="-110.800052"></trkpt><trkpt lat="40.874896" lon="-110.800669"></trkpt><trkpt lat="40.875481" lon="-110.801003"></trkpt><trkpt lat="40.876905" lon="-110.801495"></trkpt></trkseg></trk><trk><name>T103 AU6D793</name><trkseg><trkpt lat="40.453546" lon="-111.581128"></trkpt><trkpt lat="40.453637" lon="-111.581016"></trkpt><trkpt lat="40.453831" lon="-111.580903"></trkpt><trkpt lat="40.454020" lon="-111.580925"></trkpt><trkpt lat="40.454114" lon="-111.581003"></trkpt><trkpt lat="40.454378" lon="-111.581416"></trkpt><trkpt lat="40.454574" lon="-111.581912"></trkpt><trkpt lat="40.454952" lon="-111.582696"></trkpt><trkpt lat="40.455747" lon="-111.583323"></trkpt><trkpt lat="40.455937" lon="-111.583929"></trkpt><trkpt lat="40.456174" lon="-111.584370"></trkpt><trkpt lat="40.456564" lon="-111.584703"></trkpt><trkpt lat="40.456680" lon="-111.584938"></trkpt><trkpt lat="40.456720" lon="-111.585109"></trkpt><trkpt lat="40.456863" lon="-111.585289"></trkpt><trkpt lat="40.457132" lon="-111.585539"></trkpt><trkpt lat="40.457357" lon="-111.585591"></trkpt><trkpt lat="40.457470" lon="-111.585567"></trkpt><trkpt lat="40.457551" lon="-111.585508"></trkpt><trkpt lat="40.457660" lon="-111.585399"></trkpt><trkpt lat="40.457782" lon="-111.585190"></trkpt><trkpt lat="40.458148" lon="-111.584974"></trkpt><trkpt lat="40.458361" lon="-111.584783"></trkpt><trkpt lat="40.458543" lon="-111.584406"></trkpt><trkpt lat="40.458901" lon="-111.583985"></trkpt><trkpt lat="40.458969" lon="-111.583945"></trkpt><trkpt lat="40.459131" lon="-111.583992"></trkpt><trkpt lat="40.459193" lon="-111.584072"></trkpt><trkpt lat="40.459255" lon="-111.584392"></trkpt><trkpt lat="40.459245" lon="-111.584577"></trkpt><trkpt lat="40.459199" lon="-111.584726"></trkpt><trkpt lat="40.459126" lon="-111.584865"></trkpt><trkpt lat="40.459008" lon="-111.584994"></trkpt><trkpt lat="40.458999" lon="-111.585103"></trkpt><trkpt lat="40.459043" lon="-111.585213"></trkpt><trkpt lat="40.459174" lon="-111.585229"></trkpt><trkpt lat="40.459292" lon="-111.584971"></trkpt><trkpt lat="40.459595" lon="-111.584764"></trkpt><trkpt lat="40.459731" lon="-111.584586"></trkpt><trkpt lat="40.459759" lon="-111.584386"></trkpt><trkpt lat="40.459671" lon="-111.584067"></trkpt><trkpt lat="40.459637" lon="-111.583652"></trkpt><trkpt lat="40.459693" lon="-111.583168"></trkpt><trkpt lat="40.459556" lon="-111.582649"></trkpt><trkpt lat="40.459465" lon="-111.582004"></trkpt><trkpt lat="40.459322" lon="-111.581774"></trkpt><trkpt lat="40.459228" lon="-111.581688"></trkpt><trkpt lat="40.458774" lon="-111.581489"></trkpt><trkpt lat="40.458635" lon="-111.581364"></trkpt><trkpt lat="40.458599" lon="-111.581269"></trkpt><trkpt lat="40.458613" lon="-111.581159"></trkpt><trkpt lat="40.458713" lon="-111.581030"></trkpt><trkpt lat="40.459011" lon="-111.580878"></trkpt><trkpt lat="40.459282" lon="-111.580845"></trkpt><trkpt lat="40.459583" lon="-111.580938"></trkpt><trkpt lat="40.459812" lon="-111.581065"></trkpt><trkpt lat="40.460442" lon="-111.581140"></trkpt><trkpt lat="40.460703" lon="-111.581242"></trkpt><trkpt lat="40.461005" lon="-111.581302"></trkpt><trkpt lat="40.461401" lon="-111.581305"></trkpt><trkpt lat="40.462040" lon="-111.581485"></trkpt><trkpt lat="40.462197" lon="-111.581569"></trkpt><trkpt lat="40.462426" lon="-111.581760"></trkpt><trkpt lat="40.462596" lon="-111.581976"></trkpt><trkpt lat="40.462720" lon="-111.582257"></trkpt><trkpt lat="40.462809" lon="-111.582632"></trkpt><trkpt lat="40.462929" lon="-111.582892"></trkpt><trkpt lat="40.463364" lon="-111.583215"></trkpt><trkpt lat="40.463821" lon="-111.583795"></trkpt><trkpt lat="40.463892" lon="-111.583986"></trkpt><trkpt lat="40.463900" lon="-111.584115"></trkpt><trkpt lat="40.463862" lon="-111.584594"></trkpt><trkpt lat="40.463883" lon="-111.584799"></trkpt><trkpt lat="40.463977" lon="-111.584934"></trkpt><trkpt lat="40.464090" lon="-111.584960"></trkpt><trkpt lat="40.464157" lon="-111.584956"></trkpt><trkpt lat="40.464225" lon="-111.584901"></trkpt><trkpt lat="40.464274" lon="-111.584228"></trkpt><trkpt lat="40.464483" lon="-111.583691"></trkpt><trkpt lat="40.464525" lon="-111.583462"></trkpt><trkpt lat="40.464739" lon="-111.583003"></trkpt><trkpt lat="40.464785" lon="-111.582824"></trkpt><trkpt lat="40.464832" lon="-111.582515"></trkpt><trkpt lat="40.464824" lon="-111.582315"></trkpt><trkpt lat="40.464741" lon="-111.581706"></trkpt><trkpt lat="40.464661" lon="-111.581506"></trkpt><trkpt lat="40.464645" lon="-111.581201"></trkpt><trkpt lat="40.464672" lon="-111.581131"></trkpt><trkpt lat="40.464735" lon="-111.581102"></trkpt><trkpt lat="40.464852" lon="-111.581133"></trkpt><trkpt lat="40.464973" lon="-111.581209"></trkpt><trkpt lat="40.465193" lon="-111.581460"></trkpt><trkpt lat="40.465751" lon="-111.582363"></trkpt><trkpt lat="40.465899" lon="-111.582514"></trkpt><trkpt lat="40.466039" lon="-111.582597"></trkpt><trkpt lat="40.466394" lon="-111.582760"></trkpt><trkpt lat="40.466771" lon="-111.582863"></trkpt><trkpt lat="40.467591" lon="-111.582905"></trkpt><trkpt lat="40.467708" lon="-111.582976"></trkpt><trkpt lat="40.467923" lon="-111.583247"></trkpt><trkpt lat="40.468031" lon="-111.583293"></trkpt><trkpt lat="40.468437" lon="-111.583182"></trkpt><trkpt lat="40.468562" lon="-111.583213"></trkpt><trkpt lat="40.469182" lon="-111.583587"></trkpt><trkpt lat="40.469976" lon="-111.584340"></trkpt><trkpt lat="40.470486" lon="-111.584928"></trkpt><trkpt lat="40.470857" lon="-111.585471"></trkpt><trkpt lat="40.471112" lon="-111.585934"></trkpt><trkpt lat="40.471481" lon="-111.586891"></trkpt><trkpt lat="40.471700" lon="-111.587122"></trkpt><trkpt lat="40.471898" lon="-111.587268"></trkpt><trkpt lat="40.472159" lon="-111.587353"></trkpt><trkpt lat="40.472455" lon="-111.587595"></trkpt><trkpt lat="40.472590" lon="-111.587632"></trkpt><trkpt lat="40.473292" lon="-111.587642"></trkpt><trkpt lat="40.473400" lon="-111.587688"></trkpt><trkpt lat="40.473709" lon="-111.587988"></trkpt><trkpt lat="40.473885" lon="-111.588044"></trkpt><trkpt lat="40.474028" lon="-111.588140"></trkpt><trkpt lat="40.474042" lon="-111.588181"></trkpt><trkpt lat="40.473924" lon="-111.588371"></trkpt><trkpt lat="40.473712" lon="-111.588394"></trkpt><trkpt lat="40.473129" lon="-111.588710"></trkpt><trkpt lat="40.472692" lon="-111.588854"></trkpt><trkpt lat="40.472202" lon="-111.589492"></trkpt><trkpt lat="40.471917" lon="-111.589737"></trkpt><trkpt lat="40.471501" lon="-111.590005"></trkpt><trkpt lat="40.471310" lon="-111.590274"></trkpt><trkpt lat="40.471062" lon="-111.590445"></trkpt><trkpt lat="40.470818" lon="-111.590566"></trkpt></trkseg></trk><trk><name>T104 AU6D793</name><trkseg><trkpt lat="40.189373" lon="-111.185216"></trkpt><trkpt lat="40.189279" lon="-111.185002"></trkpt><trkpt lat="40.189108" lon="-111.184747"></trkpt><trkpt lat="40.188645" lon="-111.184315"></trkpt><trkpt lat="40.188204" lon="-111.183792"></trkpt><trkpt lat="40.187962" lon="-111.183361"></trkpt><trkpt lat="40.187499" lon="-111.182385"></trkpt><trkpt lat="40.187144" lon="-111.181840"></trkpt><trkpt lat="40.186847" lon="-111.181539"></trkpt><trkpt lat="40.186114" lon="-111.180976"></trkpt><trkpt lat="40.185682" lon="-111.180578"></trkpt><trkpt lat="40.185507" lon="-111.180368"></trkpt><trkpt lat="40.185120" lon="-111.179862"></trkpt><trkpt lat="40.184815" lon="-111.179352"></trkpt><trkpt lat="40.184374" lon="-111.178795"></trkpt><trkpt lat="40.183857" lon="-111.177882"></trkpt><trkpt lat="40.182877" lon="-111.176406"></trkpt><trkpt lat="40.181528" lon="-111.174810"></trkpt><trkpt lat="40.180912" lon="-111.173987"></trkpt><trkpt lat="40.180652" lon="-111.173555"></trkpt><trkpt lat="40.180342" lon="-111.172863"></trkpt><trkpt lat="40.179737" lon="-111.170997"></trkpt><trkpt lat="40.179701" lon="-111.170708"></trkpt><trkpt lat="40.179720" lon="-111.170187"></trkpt><trkpt lat="40.179792" lon="-111.169921"></trkpt><trkpt lat="40.179914" lon="-111.169655"></trkpt><trkpt lat="40.180275" lon="-111.169219"></trkpt><trkpt lat="40.180965" lon="-111.168671"></trkpt><trkpt lat="40.181200" lon="-111.168275"></trkpt><trkpt lat="40.181291" lon="-111.168060"></trkpt><trkpt lat="40.181372" lon="-111.167635"></trkpt><trkpt lat="40.181369" lon="-111.166548"></trkpt><trkpt lat="40.181695" lon="-111.165800"></trkpt><trkpt lat="40.182150" lon="-111.165218"></trkpt><trkpt lat="40.182574" lon="-111.164879"></trkpt><trkpt lat="40.182782" lon="-111.164766"></trkpt><trkpt lat="40.183431" lon="-111.164524"></trkpt><trkpt lat="40.183882" lon="-111.164294"></trkpt><trkpt lat="40.184242" lon="-111.164062"></trkpt><trkpt lat="40.184531" lon="-111.163942"></trkpt><trkpt lat="40.185176" lon="-111.163478"></trkpt><trkpt lat="40.185401" lon="-111.163275"></trkpt><trkpt lat="40.185685" lon="-111.162902"></trkpt><trkpt lat="40.185767" lon="-111.162747"></trkpt><trkpt lat="40.185889" lon="-111.162352"></trkpt><trkpt lat="40.185948" lon="-111.162014"></trkpt><trkpt lat="40.185944" lon="-111.161541"></trkpt><trkpt lat="40.185850" lon="-111.161111"></trkpt><trkpt lat="40.185783" lon="-111.160948"></trkpt><trkpt lat="40.185594" lon="-111.160630"></trkpt><trkpt lat="40.184955" lon="-111.159910"></trkpt><trkpt lat="40.183817" lon="-111.159159"></trkpt><trkpt lat="40.183592" lon="-111.159067"></trkpt><trkpt lat="40.182988" lon="-111.158911"></trkpt><trkpt lat="40.182051" lon="-111.158817"></trkpt><trkpt lat="40.181290" lon="-111.158688"></trkpt><trkpt lat="40.180362" lon="-111.158439"></trkpt><trkpt lat="40.180070" lon="-111.158262"></trkpt><trkpt lat="40.179881" lon="-111.158093"></trkpt><trkpt lat="40.179548" lon="-111.157711"></trkpt><trkpt lat="40.179314" lon="-111.157372"></trkpt><trkpt lat="40.178856" lon="-111.156574"></trkpt><trkpt lat="40.178775" lon="-111.156383"></trkpt><trkpt lat="40.178569" lon="-111.155626"></trkpt><trkpt lat="40.178506" lon="-111.155523"></trkpt><trkpt lat="40.176704" lon="-111.155487"></trkpt></trkseg></trk><trk><name>T105 AU6D793</name><trkseg><trkpt lat="40.110418" lon="-111.282742"></trkpt><trkpt lat="40.110719" lon="-111.281957"></trkpt><trkpt lat="40.111049" lon="-111.281346"></trkpt><trkpt lat="40.111326" lon="-111.280535"></trkpt><trkpt lat="40.111751" lon="-111.279812"></trkpt><trkpt lat="40.112027" lon="-111.279249"></trkpt><trkpt lat="40.112235" lon="-111.279118"></trkpt><trkpt lat="40.112546" lon="-111.278791"></trkpt><trkpt lat="40.113015" lon="-111.278488"></trkpt><trkpt lat="40.113115" lon="-111.278379"></trkpt><trkpt lat="40.113291" lon="-111.278147"></trkpt><trkpt lat="40.113418" lon="-111.277845"></trkpt><trkpt lat="40.113685" lon="-111.277407"></trkpt><trkpt lat="40.113785" lon="-111.277133"></trkpt><trkpt lat="40.113992" lon="-111.277020"></trkpt><trkpt lat="40.114060" lon="-111.276909"></trkpt><trkpt lat="40.114137" lon="-111.276625"></trkpt><trkpt lat="40.114147" lon="-111.276460"></trkpt><trkpt lat="40.114112" lon="-111.275960"></trkpt><trkpt lat="40.114004" lon="-111.275578"></trkpt><trkpt lat="40.114114" lon="-111.275061"></trkpt><trkpt lat="40.114250" lon="-111.274805"></trkpt><trkpt lat="40.114370" lon="-111.273566"></trkpt><trkpt lat="40.114606" lon="-111.272858"></trkpt><trkpt lat="40.114624" lon="-111.272497"></trkpt><trkpt lat="40.114784" lon="-111.271756"></trkpt><trkpt lat="40.115070" lon="-111.270927"></trkpt><trkpt lat="40.115228" lon="-111.270677"></trkpt><trkpt lat="40.115265" lon="-111.270312"></trkpt><trkpt lat="40.115378" lon="-111.270023"></trkpt><trkpt lat="40.115424" lon="-111.269702"></trkpt><trkpt lat="40.115460" lon="-111.269623"></trkpt><trkpt lat="40.115582" lon="-111.269538"></trkpt><trkpt lat="40.115758" lon="-111.269269"></trkpt><trkpt lat="40.115768" lon="-111.269031"></trkpt><trkpt lat="40.115872" lon="-111.268789"></trkpt><trkpt lat="40.115949" lon="-111.268677"></trkpt><trkpt lat="40.116152" lon="-111.268509"></trkpt><trkpt lat="40.116324" lon="-111.268238"></trkpt><trkpt lat="40.116465" lon="-111.267460"></trkpt><trkpt lat="40.116751" lon="-111.266568"></trkpt><trkpt lat="40.116814" lon="-111.266436"></trkpt><trkpt lat="40.116950" lon="-111.266356"></trkpt><trkpt lat="40.116991" lon="-111.266212"></trkpt><trkpt lat="40.116986" lon="-111.266097"></trkpt><trkpt lat="40.117212" lon="-111.265681"></trkpt><trkpt lat="40.117353" lon="-111.265335"></trkpt><trkpt lat="40.117602" lon="-111.264913"></trkpt><trkpt lat="40.117689" lon="-111.264358"></trkpt><trkpt lat="40.117685" lon="-111.263865"></trkpt><trkpt lat="40.117610" lon="-111.263067"></trkpt><trkpt lat="40.117674" lon="-111.262847"></trkpt><trkpt lat="40.117711" lon="-111.262547"></trkpt><trkpt lat="40.117869" lon="-111.262044"></trkpt><trkpt lat="40.117942" lon="-111.261874"></trkpt><trkpt lat="40.118014" lon="-111.261798"></trkpt><trkpt lat="40.118177" lon="-111.261408"></trkpt><trkpt lat="40.118417" lon="-111.261057"></trkpt><trkpt lat="40.118431" lon="-111.260948"></trkpt><trkpt lat="40.118512" lon="-111.260856"></trkpt><trkpt lat="40.118711" lon="-111.260422"></trkpt><trkpt lat="40.118951" lon="-111.260060"></trkpt><trkpt lat="40.119073" lon="-111.259734"></trkpt><trkpt lat="40.119426" lon="-111.259051"></trkpt><trkpt lat="40.119605" lon="-111.258585"></trkpt></trkseg></trk><trk><name>T106 AU6D793</name><trkseg><trkpt lat="40.090327" lon="-111.280128"></trkpt><trkpt lat="40.090164" lon="-111.279718"></trkpt><trkpt lat="40.090137" lon="-111.279524"></trkpt><trkpt lat="40.090224" lon="-111.279159"></trkpt><trkpt lat="40.090459" lon="-111.278730"></trkpt><trkpt lat="40.090491" lon="-111.278502"></trkpt><trkpt lat="40.090632" lon="-111.278047"></trkpt><trkpt lat="40.090727" lon="-111.277948"></trkpt><trkpt lat="40.090880" lon="-111.277889"></trkpt><trkpt lat="40.091378" lon="-111.276872"></trkpt><trkpt lat="40.091486" lon="-111.276804"></trkpt><trkpt lat="40.091536" lon="-111.276695"></trkpt><trkpt lat="40.091739" lon="-111.276471"></trkpt><trkpt lat="40.091816" lon="-111.276306"></trkpt><trkpt lat="40.092096" lon="-111.275924"></trkpt><trkpt lat="40.092110" lon="-111.275791"></trkpt><trkpt lat="40.092160" lon="-111.275709"></trkpt><trkpt lat="40.092268" lon="-111.275697"></trkpt><trkpt lat="40.092358" lon="-111.275645"></trkpt><trkpt lat="40.092584" lon="-111.275336"></trkpt><trkpt lat="40.092828" lon="-111.275272"></trkpt><trkpt lat="40.092886" lon="-111.275307"></trkpt><trkpt lat="40.093049" lon="-111.275144"></trkpt><trkpt lat="40.093238" lon="-111.275022"></trkpt><trkpt lat="40.093369" lon="-111.274850"></trkpt><trkpt lat="40.093410" lon="-111.274591"></trkpt><trkpt lat="40.093682" lon="-111.274161"></trkpt><trkpt lat="40.093872" lon="-111.273736"></trkpt><trkpt lat="40.093994" lon="-111.273549"></trkpt><trkpt lat="40.094035" lon="-111.273298"></trkpt><trkpt lat="40.094126" lon="-111.273086"></trkpt><trkpt lat="40.094270" lon="-111.272949"></trkpt><trkpt lat="40.094356" lon="-111.272770"></trkpt><trkpt lat="40.094510" lon="-111.272663"></trkpt><trkpt lat="40.094799" lon="-111.272330"></trkpt><trkpt lat="40.094880" lon="-111.272138"></trkpt><trkpt lat="40.095070" lon="-111.271977"></trkpt><trkpt lat="40.095169" lon="-111.271797"></trkpt><trkpt lat="40.095481" lon="-111.271614"></trkpt><trkpt lat="40.095603" lon="-111.271201"></trkpt><trkpt lat="40.095707" lon="-111.270986"></trkpt><trkpt lat="40.095942" lon="-111.270893"></trkpt><trkpt lat="40.096055" lon="-111.270700"></trkpt><trkpt lat="40.096222" lon="-111.270583"></trkpt><trkpt lat="40.096240" lon="-111.270377"></trkpt><trkpt lat="40.096313" lon="-111.270166"></trkpt><trkpt lat="40.096467" lon="-111.270016"></trkpt><trkpt lat="40.096598" lon="-111.269780"></trkpt><trkpt lat="40.096625" lon="-111.269546"></trkpt><trkpt lat="40.096821" lon="-111.268871"></trkpt><trkpt lat="40.096907" lon="-111.268371"></trkpt><trkpt lat="40.096971" lon="-111.268179"></trkpt><trkpt lat="40.097170" lon="-111.267801"></trkpt><trkpt lat="40.097252" lon="-111.267571"></trkpt><trkpt lat="40.097401" lon="-111.267317"></trkpt><trkpt lat="40.097383" lon="-111.267145"></trkpt><trkpt lat="40.097428" lon="-111.267056"></trkpt><trkpt lat="40.097514" lon="-111.266981"></trkpt><trkpt lat="40.097624" lon="-111.266381"></trkpt><trkpt lat="40.097615" lon="-111.266216"></trkpt><trkpt lat="40.097647" lon="-111.266072"></trkpt><trkpt lat="40.097625" lon="-111.265783"></trkpt><trkpt lat="40.097693" lon="-111.265669"></trkpt><trkpt lat="40.097770" lon="-111.265620"></trkpt><trkpt lat="40.097739" lon="-111.265351"></trkpt><trkpt lat="40.097817" lon="-111.264691"></trkpt><trkpt lat="40.098053" lon="-111.263825"></trkpt><trkpt lat="40.098107" lon="-111.263742"></trkpt><trkpt lat="40.098082" lon="-111.262982"></trkpt><trkpt lat="40.098115" lon="-111.262454"></trkpt><trkpt lat="40.098215" lon="-111.261964"></trkpt><trkpt lat="40.098202" lon="-111.261742"></trkpt><trkpt lat="40.098225" lon="-111.261668"></trkpt><trkpt lat="40.098171" lon="-111.261581"></trkpt><trkpt lat="40.098189" lon="-111.261491"></trkpt><trkpt lat="40.098135" lon="-111.261429"></trkpt><trkpt lat="40.098086" lon="-111.261212"></trkpt><trkpt lat="40.098122" lon="-111.260957"></trkpt><trkpt lat="40.098096" lon="-111.260881"></trkpt><trkpt lat="40.098064" lon="-111.260868"></trkpt><trkpt lat="40.097512" lon="-111.259820"></trkpt><trkpt lat="40.097387" lon="-111.259642"></trkpt><trkpt lat="40.097283" lon="-111.259624"></trkpt><trkpt lat="40.097139" lon="-111.259517"></trkpt><trkpt lat="40.097090" lon="-111.259415"></trkpt><trkpt lat="40.097113" lon="-111.259015"></trkpt><trkpt lat="40.097064" lon="-111.258881"></trkpt><trkpt lat="40.097069" lon="-111.258702"></trkpt><trkpt lat="40.097128" lon="-111.258476"></trkpt><trkpt lat="40.096872" lon="-111.258160"></trkpt><trkpt lat="40.096642" lon="-111.258018"></trkpt><trkpt lat="40.096472" lon="-111.257708"></trkpt><trkpt lat="40.096495" lon="-111.257605"></trkpt><trkpt lat="40.096334" lon="-111.256854"></trkpt><trkpt lat="40.096343" lon="-111.256738"></trkpt><trkpt lat="40.096705" lon="-111.256352"></trkpt><trkpt lat="40.096773" lon="-111.256237"></trkpt><trkpt lat="40.096991" lon="-111.255200"></trkpt><trkpt lat="40.097118" lon="-111.254849"></trkpt><trkpt lat="40.097389" lon="-111.254458"></trkpt><trkpt lat="40.097376" lon="-111.254333"></trkpt><trkpt lat="40.097480" lon="-111.254219"></trkpt><trkpt lat="40.097552" lon="-111.254210"></trkpt><trkpt lat="40.097620" lon="-111.254137"></trkpt><trkpt lat="40.097846" lon="-111.253712"></trkpt><trkpt lat="40.098032" lon="-111.253196"></trkpt><trkpt lat="40.097996" lon="-111.253107"></trkpt><trkpt lat="40.098082" lon="-111.252903"></trkpt><trkpt lat="40.098055" lon="-111.252794"></trkpt><trkpt lat="40.098114" lon="-111.252620"></trkpt><trkpt lat="40.098213" lon="-111.252424"></trkpt><trkpt lat="40.098268" lon="-111.252223"></trkpt><trkpt lat="40.098367" lon="-111.252054"></trkpt><trkpt lat="40.098417" lon="-111.251816"></trkpt><trkpt lat="40.098548" lon="-111.251670"></trkpt><trkpt lat="40.098635" lon="-111.251396"></trkpt><trkpt lat="40.098689" lon="-111.251008"></trkpt><trkpt lat="40.098753" lon="-111.250968"></trkpt><trkpt lat="40.098717" lon="-111.250748"></trkpt><trkpt lat="40.098826" lon="-111.250397"></trkpt><trkpt lat="40.098818" lon="-111.249986"></trkpt><trkpt lat="40.098715" lon="-111.249613"></trkpt><trkpt lat="40.098774" lon="-111.249342"></trkpt><trkpt lat="40.098761" lon="-111.249236"></trkpt><trkpt lat="40.098590" lon="-111.249062"></trkpt><trkpt lat="40.098523" lon="-111.248896"></trkpt><trkpt lat="40.098510" lon="-111.248757"></trkpt><trkpt lat="40.098478" lon="-111.248739"></trkpt><trkpt lat="40.098389" lon="-111.248516"></trkpt><trkpt lat="40.098285" lon="-111.248473"></trkpt><trkpt lat="40.098258" lon="-111.248344"></trkpt><trkpt lat="40.098146" lon="-111.248144"></trkpt><trkpt lat="40.098125" lon="-111.247606"></trkpt><trkpt lat="40.098093" lon="-111.247536"></trkpt><trkpt lat="40.098224" lon="-111.247554"></trkpt><trkpt lat="40.098062" lon="-111.247249"></trkpt><trkpt lat="40.098090" lon="-111.247153"></trkpt><trkpt lat="40.098139" lon="-111.247105"></trkpt><trkpt lat="40.098076" lon="-111.247023"></trkpt><trkpt lat="40.097987" lon="-111.246455"></trkpt><trkpt lat="40.097929" lon="-111.246377"></trkpt><trkpt lat="40.097952" lon="-111.246233"></trkpt><trkpt lat="40.097759" lon="-111.246033"></trkpt><trkpt lat="40.097656" lon="-111.245873"></trkpt></trkseg></trk><trk><name>T107 AU6D793</name><trkseg><trkpt lat="40.914163" lon="-110.826267"></trkpt><trkpt lat="40.913995" lon="-110.826374"></trkpt><trkpt lat="40.913653" lon="-110.826496"></trkpt><trkpt lat="40.913392" lon="-110.826656"></trkpt><trkpt lat="40.913023" lon="-110.826946"></trkpt><trkpt lat="40.912465" lon="-110.827511"></trkpt><trkpt lat="40.912222" lon="-110.827664"></trkpt><trkpt lat="40.912024" lon="-110.827740"></trkpt><trkpt lat="40.911727" lon="-110.827740"></trkpt><trkpt lat="40.911330" lon="-110.827526"></trkpt><trkpt lat="40.911141" lon="-110.827312"></trkpt><trkpt lat="40.910766" lon="-110.826519"></trkpt><trkpt lat="40.910490" lon="-110.826244"></trkpt><trkpt lat="40.910220" lon="-110.826046"></trkpt><trkpt lat="40.909895" lon="-110.825871"></trkpt><trkpt lat="40.909408" lon="-110.825359"></trkpt><trkpt lat="40.909200" lon="-110.824879"></trkpt><trkpt lat="40.908712" lon="-110.824085"></trkpt><trkpt lat="40.908288" lon="-110.823589"></trkpt><trkpt lat="40.908098" lon="-110.823131"></trkpt><trkpt lat="40.907575" lon="-110.822338"></trkpt><trkpt lat="40.907309" lon="-110.822361"></trkpt><trkpt lat="40.907106" lon="-110.822300"></trkpt><trkpt lat="40.906944" lon="-110.822292"></trkpt><trkpt lat="40.906836" lon="-110.822407"></trkpt><trkpt lat="40.906755" lon="-110.822697"></trkpt><trkpt lat="40.906756" lon="-110.822887"></trkpt><trkpt lat="40.906950" lon="-110.823429"></trkpt><trkpt lat="40.907113" lon="-110.823742"></trkpt><trkpt lat="40.907199" lon="-110.824192"></trkpt><trkpt lat="40.907191" lon="-110.824490"></trkpt><trkpt lat="40.907101" lon="-110.824665"></trkpt><trkpt lat="40.906966" lon="-110.824802"></trkpt><trkpt lat="40.906655" lon="-110.824863"></trkpt><trkpt lat="40.906367" lon="-110.824825"></trkpt></trkseg></trk><trk><name>T108 AU6D793</name><trkseg><trkpt lat="40.903502" lon="-110.813236"></trkpt><trkpt lat="40.903773" lon="-110.814022"></trkpt><trkpt lat="40.904112" lon="-110.814701"></trkpt><trkpt lat="40.904338" lon="-110.815029"></trkpt><trkpt lat="40.904685" lon="-110.815311"></trkpt><trkpt lat="40.905235" lon="-110.815586"></trkpt><trkpt lat="40.905335" lon="-110.815700"></trkpt><trkpt lat="40.905407" lon="-110.815906"></trkpt><trkpt lat="40.905421" lon="-110.816112"></trkpt><trkpt lat="40.905358" lon="-110.816311"></trkpt><trkpt lat="40.905358" lon="-110.816410"></trkpt><trkpt lat="40.905417" lon="-110.816745"></trkpt><trkpt lat="40.905607" lon="-110.817264"></trkpt><trkpt lat="40.905878" lon="-110.817760"></trkpt><trkpt lat="40.905987" lon="-110.817897"></trkpt><trkpt lat="40.906199" lon="-110.817958"></trkpt><trkpt lat="40.906311" lon="-110.818035"></trkpt><trkpt lat="40.906519" lon="-110.818607"></trkpt><trkpt lat="40.906588" lon="-110.819103"></trkpt><trkpt lat="40.906485" lon="-110.819568"></trkpt><trkpt lat="40.906539" lon="-110.819797"></trkpt><trkpt lat="40.906941" lon="-110.820446"></trkpt><trkpt lat="40.907369" lon="-110.820675"></trkpt><trkpt lat="40.907676" lon="-110.820896"></trkpt><trkpt lat="40.907911" lon="-110.821384"></trkpt><trkpt lat="40.907984" lon="-110.821636"></trkpt><trkpt lat="40.907984" lon="-110.821949"></trkpt><trkpt lat="40.907894" lon="-110.822155"></trkpt><trkpt lat="40.907575" lon="-110.822338"></trkpt></trkseg></trk></gpx>