<?xml version='1.0' encoding='utf-8'?>
<gpx xmlns="http://www.topografix.com/GPX/1/1" xmlns:xsi="http://www.w3.org/2001/XMLSchema-instance" version="1.1" creator="Bob's Motorcycle Trails" xsi:schemaLocation="http://www.topografix.com/GPX/1/1 http://www.topografix.com/GPX/1/1/gpx.xsd"><trk><name>T001 BAC44CF</name><trkseg><trkpt lat="30.942647" lon="-115.938539"></trkpt><trkpt lat="30.944896" lon="-115.935060"></trkpt><trkpt lat="30.945167" lon="-115.934807"></trkpt><trkpt lat="30.945661" lon="-115.934591"></trkpt><trkpt lat="30.947486" lon="-115.934212"></trkpt><trkpt lat="30.947934" lon="-115.933933"></trkpt><trkpt lat="30.949380" lon="-115.932455"></trkpt><trkpt lat="30.950794" lon="-115.931977"></trkpt><trkpt lat="30.951189" lon="-115.932094"></trkpt><trkpt lat="30.951799" lon="-115.933744"></trkpt><trkpt lat="30.952796" lon="-115.934194"></trkpt><trkpt lat="30.953422" lon="-115.934708"></trkpt><trkpt lat="30.958277" lon="-115.940224"></trkpt><trkpt lat="30.959907" lon="-115.940810"></trkpt><trkpt lat="30.962767" lon="-115.941018"></trkpt><trkpt lat="30.967134" lon="-115.941693"></trkpt><trkpt lat="30.967366" lon="-115.941306"></trkpt><trkpt lat="30.969592" lon="-115.931040"></trkpt><trkpt lat="30.972003" lon="-115.927074"></trkpt><trkpt lat="30.974723" lon="-115.923198"></trkpt><trkpt lat="30.976400" lon="-115.921431"></trkpt><trkpt lat="30.977335" lon="-115.919980"></trkpt><trkpt lat="30.979607" lon="-115.918619"></trkpt><trkpt lat="30.981423" lon="-115.918070"></trkpt><trkpt lat="30.985905" lon="-115.914996"></trkpt><trkpt lat="30.987798" lon="-115.914158"></trkpt><trkpt lat="30.990101" lon="-115.910210"></trkpt><trkpt lat="30.991005" lon="-115.906064"></trkpt><trkpt lat="30.992434" lon="-115.904279"></trkpt><trkpt lat="30.994860" lon="-115.902819"></trkpt><trkpt lat="30.998724" lon="-115.901088"></trkpt><trkpt lat="31.000338" lon="-115.899781"></trkpt><trkpt lat="31.001876" lon="-115.899331"></trkpt><trkpt lat="31.004201" lon="-115.898267"></trkpt><trkpt lat="31.005460" lon="-115.897880"></trkpt><trkpt lat="31.007616" lon="-115.897663"></trkpt><trkpt lat="31.014553" lon="-115.896473"></trkpt><trkpt lat="31.014986" lon="-115.896275"></trkpt><trkpt lat="31.015967" lon="-115.894202"></trkpt><trkpt lat="31.016453" lon="-115.893616"></trkpt><trkpt lat="31.017596" lon="-115.891408"></trkpt><trkpt lat="31.018523" lon="-115.887839"></trkpt><trkpt lat="31.018655" lon="-115.885729"></trkpt><trkpt lat="31.018562" lon="-115.884963"></trkpt><trkpt lat="31.018670" lon="-115.884621"></trkpt><trkpt lat="31.019551" lon="-115.883873"></trkpt><trkpt lat="31.019844" lon="-115.883188"></trkpt><trkpt lat="31.021018" lon="-115.881601"></trkpt><trkpt lat="31.022517" lon="-115.880790"></trkpt><trkpt lat="31.023142" lon="-115.879817"></trkpt><trkpt lat="31.023142" lon="-115.879231"></trkpt><trkpt lat="31.022656" lon="-115.877852"></trkpt><trkpt lat="31.022779" lon="-115.876942"></trkpt><trkpt lat="31.022617" lon="-115.876220"></trkpt><trkpt lat="31.022756" lon="-115.875869"></trkpt><trkpt lat="31.023436" lon="-115.875265"></trkpt><trkpt lat="31.025267" lon="-115.874409"></trkpt><trkpt lat="31.026054" lon="-115.874805"></trkpt><trkpt lat="31.026209" lon="-115.874733"></trkpt><trkpt lat="31.026356" lon="-115.873615"></trkpt><trkpt lat="31.026974" lon="-115.873102"></trkpt><trkpt lat="31.027120" lon="-115.872119"></trkpt><trkpt lat="31.027630" lon="-115.871344"></trkpt><trkpt lat="31.027761" lon="-115.869947"></trkpt><trkpt lat="31.028171" lon="-115.869578"></trkpt><trkpt lat="31.028673" lon="-115.869451"></trkpt><trkpt lat="31.028750" lon="-115.869271"></trkpt><trkpt lat="31.028619" lon="-115.868577"></trkpt><trkpt lat="31.027970" lon="-115.867901"></trkpt><trkpt lat="31.027568" lon="-115.866675"></trkpt><trkpt lat="31.027113" lon="-115.865864"></trkpt><trkpt lat="31.026688" lon="-115.865458"></trkpt><trkpt lat="31.026958" lon="-115.864476"></trkpt><trkpt lat="31.026827" lon="-115.863809"></trkpt><trkpt lat="31.026896" lon="-115.862601"></trkpt><trkpt lat="31.026665" lon="-115.862006"></trkpt><trkpt lat="31.026873" lon="-115.860150"></trkpt><trkpt lat="31.026896" lon="-115.857545"></trkpt><trkpt lat="31.027213" lon="-115.856833"></trkpt><trkpt lat="31.027893" lon="-115.856238"></trkpt><trkpt lat="31.027723" lon="-115.855120"></trkpt><trkpt lat="31.027823" lon="-115.854633"></trkpt><trkpt lat="31.029862" lon="-115.852614"></trkpt><trkpt lat="31.030526" lon="-115.850965"></trkpt><trkpt lat="31.030665" lon="-115.850397"></trkpt><trkpt lat="31.030542" lon="-115.849649"></trkpt><trkpt lat="31.030287" lon="-115.849198"></trkpt><trkpt lat="31.029870" lon="-115.848892"></trkpt><trkpt lat="31.029615" lon="-115.849838"></trkpt><trkpt lat="31.029005" lon="-115.849964"></trkpt><trkpt lat="31.028480" lon="-115.849198"></trkpt><trkpt lat="31.028402" lon="-115.848856"></trkpt><trkpt lat="31.028596" lon="-115.847675"></trkpt><trkpt lat="31.028812" lon="-115.847287"></trkpt><trkpt lat="31.029067" lon="-115.846990"></trkpt><trkpt lat="31.029901" lon="-115.846566"></trkpt><trkpt lat="31.030580" lon="-115.845809"></trkpt><trkpt lat="31.031415" lon="-115.845881"></trkpt><trkpt lat="31.032079" lon="-115.845647"></trkpt><trkpt lat="31.032720" lon="-115.845881"></trkpt><trkpt lat="31.033299" lon="-115.846368"></trkpt><trkpt lat="31.034403" lon="-115.846395"></trkpt><trkpt lat="31.034836" lon="-115.847179"></trkpt><trkpt lat="31.034071" lon="-115.848252"></trkpt><trkpt lat="31.034133" lon="-115.848802"></trkpt><trkpt lat="31.034380" lon="-115.849018"></trkpt><trkpt lat="31.035145" lon="-115.849126"></trkpt><trkpt lat="31.035547" lon="-115.848910"></trkpt><trkpt lat="31.036350" lon="-115.849009"></trkpt><trkpt lat="31.037222" lon="-115.848666"></trkpt><trkpt lat="31.038049" lon="-115.848856"></trkpt><trkpt lat="31.038891" lon="-115.848666"></trkpt><trkpt lat="31.039238" lon="-115.848288"></trkpt><trkpt lat="31.039385" lon="-115.847170"></trkpt><trkpt lat="31.039709" lon="-115.846179"></trkpt><trkpt lat="31.041339" lon="-115.844169"></trkpt><trkpt lat="31.042466" lon="-115.843322"></trkpt><trkpt lat="31.043138" lon="-115.841933"></trkpt><trkpt lat="31.043640" lon="-115.841366"></trkpt><trkpt lat="31.044574" lon="-115.838716"></trkpt><trkpt lat="31.044860" lon="-115.838770"></trkpt><trkpt lat="31.045401" lon="-115.839329"></trkpt><trkpt lat="31.046188" lon="-115.839491"></trkpt><trkpt lat="31.048544" lon="-115.838860"></trkpt><trkpt lat="31.049972" lon="-115.839284"></trkpt><trkpt lat="31.050636" lon="-115.839878"></trkpt><trkpt lat="31.051656" lon="-115.839942"></trkpt><trkpt lat="31.051934" lon="-115.839824"></trkpt><trkpt lat="31.052242" lon="-115.839392"></trkpt><trkpt lat="31.052590" lon="-115.838022"></trkpt><trkpt lat="31.055377" lon="-115.837526"></trkpt><trkpt lat="31.055663" lon="-115.837661"></trkpt><trkpt lat="31.056227" lon="-115.838680"></trkpt><trkpt lat="31.057014" lon="-115.839094"></trkpt><trkpt lat="31.057887" lon="-115.839058"></trkpt><trkpt lat="31.058474" lon="-115.838725"></trkpt><trkpt lat="31.060018" lon="-115.839581"></trkpt><trkpt lat="31.061361" lon="-115.841519"></trkpt><trkpt lat="31.061377" lon="-115.843547"></trkpt><trkpt lat="31.061130" lon="-115.845061"></trkpt><trkpt lat="31.060620" lon="-115.846035"></trkpt><trkpt lat="31.060234" lon="-115.846395"></trkpt><trkpt lat="31.059918" lon="-115.847495"></trkpt><trkpt lat="31.060118" lon="-115.848865"></trkpt><trkpt lat="31.060960" lon="-115.850181"></trkpt><trkpt lat="31.061083" lon="-115.851911"></trkpt><trkpt lat="31.062720" lon="-115.851902"></trkpt><trkpt lat="31.063446" lon="-115.852416"></trkpt><trkpt lat="31.064658" lon="-115.853669"></trkpt><trkpt lat="31.067360" lon="-115.853966"></trkpt><trkpt lat="31.071066" lon="-115.851199"></trkpt><trkpt lat="31.073977" lon="-115.850397"></trkpt><trkpt lat="31.074787" lon="-115.849955"></trkpt><trkpt lat="31.075729" lon="-115.849036"></trkpt><trkpt lat="31.075961" lon="-115.848477"></trkpt><trkpt lat="31.075675" lon="-115.847143"></trkpt><trkpt lat="31.075250" lon="-115.846134"></trkpt><trkpt lat="31.074347" lon="-115.844908"></trkpt><trkpt lat="31.073899" lon="-115.844556"></trkpt><trkpt lat="31.073676" lon="-115.843953"></trkpt><trkpt lat="31.073815" lon="-115.842240"></trkpt><trkpt lat="31.073552" lon="-115.839788"></trkpt><trkpt lat="31.071830" lon="-115.837183"></trkpt><trkpt lat="31.071568" lon="-115.835624"></trkpt><trkpt lat="31.070827" lon="-115.834245"></trkpt><trkpt lat="31.069777" lon="-115.832767"></trkpt><trkpt lat="31.068248" lon="-115.831334"></trkpt><trkpt lat="31.067715" lon="-115.830216"></trkpt><trkpt lat="31.067067" lon="-115.830108"></trkpt><trkpt lat="31.066079" lon="-115.828440"></trkpt><trkpt lat="31.065662" lon="-115.828071"></trkpt><trkpt lat="31.064951" lon="-115.825926"></trkpt><trkpt lat="31.064496" lon="-115.825106"></trkpt><trkpt lat="31.064110" lon="-115.823618"></trkpt><trkpt lat="31.062543" lon="-115.821113"></trkpt><trkpt lat="31.060906" lon="-115.819472"></trkpt><trkpt lat="31.060250" lon="-115.817039"></trkpt><trkpt lat="31.058373" lon="-115.813226"></trkpt><trkpt lat="31.058211" lon="-115.812496"></trkpt><trkpt lat="31.057810" lon="-115.811847"></trkpt><trkpt lat="31.057130" lon="-115.810143"></trkpt><trkpt lat="31.056860" lon="-115.808782"></trkpt><trkpt lat="31.056482" lon="-115.808151"></trkpt><trkpt lat="31.055825" lon="-115.806322"></trkpt><trkpt lat="31.055810" lon="-115.804952"></trkpt><trkpt lat="31.055308" lon="-115.804204"></trkpt><trkpt lat="31.055416" lon="-115.803302"></trkpt><trkpt lat="31.055231" lon="-115.802815"></trkpt><trkpt lat="31.055223" lon="-115.801869"></trkpt><trkpt lat="31.054489" lon="-115.799652"></trkpt><trkpt lat="31.054636" lon="-115.797903"></trkpt><trkpt lat="31.054497" lon="-115.797128"></trkpt><trkpt lat="31.053431" lon="-115.795424"></trkpt><trkpt lat="31.052227" lon="-115.795722"></trkpt><trkpt lat="31.051339" lon="-115.795551"></trkpt><trkpt lat="31.050675" lon="-115.795010"></trkpt><trkpt lat="31.049841" lon="-115.794009"></trkpt><trkpt lat="31.048675" lon="-115.793640"></trkpt><trkpt lat="31.049061" lon="-115.792162"></trkpt><trkpt lat="31.048922" lon="-115.790449"></trkpt><trkpt lat="31.049138" lon="-115.790170"></trkpt><trkpt lat="31.049826" lon="-115.790296"></trkpt><trkpt lat="31.048466" lon="-115.788439"></trkpt><trkpt lat="31.047185" lon="-115.785293"></trkpt><trkpt lat="31.046204" lon="-115.781418"></trkpt><trkpt lat="31.046057" lon="-115.779246"></trkpt><trkpt lat="31.044999" lon="-115.778227"></trkpt><trkpt lat="31.043887" lon="-115.777830"></trkpt><trkpt lat="31.042860" lon="-115.776623"></trkpt><trkpt lat="31.042559" lon="-115.775830"></trkpt><trkpt lat="31.042196" lon="-115.775379"></trkpt><trkpt lat="31.042451" lon="-115.774856"></trkpt><trkpt lat="31.043524" lon="-115.773820"></trkpt><trkpt lat="31.043825" lon="-115.773306"></trkpt><trkpt lat="31.044397" lon="-115.771755"></trkpt><trkpt lat="31.044490" lon="-115.770953"></trkpt><trkpt lat="31.043200" lon="-115.769105"></trkpt><trkpt lat="31.042381" lon="-115.768393"></trkpt><trkpt lat="31.040852" lon="-115.767618"></trkpt><trkpt lat="31.040466" lon="-115.766924"></trkpt><trkpt lat="31.040427" lon="-115.766122"></trkpt><trkpt lat="31.041262" lon="-115.764220"></trkpt><trkpt lat="31.041632" lon="-115.761778"></trkpt><trkpt lat="31.042041" lon="-115.760993"></trkpt><trkpt lat="31.042767" lon="-115.760543"></trkpt><trkpt lat="31.043764" lon="-115.758335"></trkpt><trkpt lat="31.044814" lon="-115.756559"></trkpt><trkpt lat="31.046397" lon="-115.755540"></trkpt><trkpt lat="31.046652" lon="-115.754035"></trkpt><trkpt lat="31.047154" lon="-115.752449"></trkpt><trkpt lat="31.048142" lon="-115.750700"></trkpt><trkpt lat="31.048768" lon="-115.749087"></trkpt><trkpt lat="31.049316" lon="-115.748257"></trkpt><trkpt lat="31.050752" lon="-115.747825"></trkpt><trkpt lat="31.051771" lon="-115.747131"></trkpt><trkpt lat="31.052814" lon="-115.746815"></trkpt><trkpt lat="31.053362" lon="-115.747266"></trkpt><trkpt lat="31.053810" lon="-115.748303"></trkpt><trkpt lat="31.056111" lon="-115.750096"></trkpt><trkpt lat="31.057694" lon="-115.752737"></trkpt><trkpt lat="31.058914" lon="-115.752728"></trkpt><trkpt lat="31.060026" lon="-115.753143"></trkpt><trkpt lat="31.060520" lon="-115.753684"></trkpt><trkpt lat="31.060983" lon="-115.753864"></trkpt><trkpt lat="31.061469" lon="-115.753720"></trkpt><trkpt lat="31.062134" lon="-115.752313"></trkpt><trkpt lat="31.062612" lon="-115.751755"></trkpt><trkpt lat="31.063485" lon="-115.751313"></trkpt><trkpt lat="31.063986" lon="-115.751295"></trkpt><trkpt lat="31.064604" lon="-115.750889"></trkpt><trkpt lat="31.065747" lon="-115.750628"></trkpt><trkpt lat="31.066287" lon="-115.750087"></trkpt><trkpt lat="31.066442" lon="-115.750096"></trkpt><trkpt lat="31.066496" lon="-115.750295"></trkpt><trkpt lat="31.067021" lon="-115.750150"></trkpt><trkpt lat="31.068820" lon="-115.748627"></trkpt><trkpt lat="31.069368" lon="-115.748564"></trkpt><trkpt lat="31.069846" lon="-115.748897"></trkpt><trkpt lat="31.070464" lon="-115.749655"></trkpt><trkpt lat="31.071607" lon="-115.752440"></trkpt><trkpt lat="31.072571" lon="-115.753909"></trkpt><trkpt lat="31.073398" lon="-115.754864"></trkpt><trkpt lat="31.073853" lon="-115.755108"></trkpt><trkpt lat="31.074942" lon="-115.755216"></trkpt><trkpt lat="31.076856" lon="-115.755009"></trkpt><trkpt lat="31.078076" lon="-115.754477"></trkpt><trkpt lat="31.079952" lon="-115.751593"></trkpt><trkpt lat="31.080353" lon="-115.750403"></trkpt><trkpt lat="31.079527" lon="-115.749051"></trkpt><trkpt lat="31.079535" lon="-115.748140"></trkpt><trkpt lat="31.079874" lon="-115.746698"></trkpt><trkpt lat="31.080376" lon="-115.745842"></trkpt><trkpt lat="31.081079" lon="-115.745472"></trkpt><trkpt lat="31.083093" lon="-115.745941"></trkpt><trkpt lat="31.084190" lon="-115.745572"></trkpt><trkpt lat="31.085942" lon="-115.745995"></trkpt><trkpt lat="31.086073" lon="-115.745860"></trkpt><trkpt lat="31.086189" lon="-115.744733"></trkpt><trkpt lat="31.087617" lon="-115.743643"></trkpt><trkpt lat="31.088767" lon="-115.742002"></trkpt><trkpt lat="31.089454" lon="-115.741425"></trkpt><trkpt lat="31.089616" lon="-115.740046"></trkpt><trkpt lat="31.090419" lon="-115.738775"></trkpt><trkpt lat="31.090349" lon="-115.737757"></trkpt><trkpt lat="31.089137" lon="-115.736171"></trkpt><trkpt lat="31.088304" lon="-115.735747"></trkpt><trkpt lat="31.086837" lon="-115.734278"></trkpt><trkpt lat="31.086397" lon="-115.732980"></trkpt><trkpt lat="31.085263" lon="-115.733016"></trkpt><trkpt lat="31.085209" lon="-115.732619"></trkpt><trkpt lat="31.084985" lon="-115.732358"></trkpt><trkpt lat="31.084051" lon="-115.731655"></trkpt><trkpt lat="31.083927" lon="-115.730537"></trkpt><trkpt lat="31.084051" lon="-115.729798"></trkpt><trkpt lat="31.083858" lon="-115.729420"></trkpt><trkpt lat="31.082553" lon="-115.728140"></trkpt><trkpt lat="31.082522" lon="-115.727707"></trkpt><trkpt lat="31.082800" lon="-115.727211"></trkpt><trkpt lat="31.082870" lon="-115.726734"></trkpt><trkpt lat="31.082514" lon="-115.725796"></trkpt><trkpt lat="31.082422" lon="-115.725012"></trkpt><trkpt lat="31.082144" lon="-115.724570"></trkpt><trkpt lat="31.081233" lon="-115.723804"></trkpt><trkpt lat="31.081040" lon="-115.722551"></trkpt><trkpt lat="31.079982" lon="-115.719649"></trkpt><trkpt lat="31.079326" lon="-115.718414"></trkpt><trkpt lat="31.079550" lon="-115.717882"></trkpt><trkpt lat="31.079465" lon="-115.717666"></trkpt><trkpt lat="31.078145" lon="-115.716621"></trkpt><trkpt lat="31.077613" lon="-115.715900"></trkpt><trkpt lat="31.077466" lon="-115.715458"></trkpt><trkpt lat="31.077389" lon="-115.714638"></trkpt><trkpt lat="31.077504" lon="-115.714097"></trkpt><trkpt lat="31.078755" lon="-115.711411"></trkpt><trkpt lat="31.078585" lon="-115.710428"></trkpt><trkpt lat="31.078632" lon="-115.709473"></trkpt><trkpt lat="31.078578" lon="-115.709275"></trkpt><trkpt lat="31.077860" lon="-115.708914"></trkpt><trkpt lat="31.077659" lon="-115.708635"></trkpt><trkpt lat="31.076926" lon="-115.706012"></trkpt><trkpt lat="31.075968" lon="-115.704552"></trkpt><trkpt lat="31.074988" lon="-115.701677"></trkpt><trkpt lat="31.074710" lon="-115.700396"></trkpt><trkpt lat="31.074023" lon="-115.699378"></trkpt><trkpt lat="31.074038" lon="-115.698747"></trkpt><trkpt lat="31.074957" lon="-115.697269"></trkpt><trkpt lat="31.075235" lon="-115.696322"></trkpt><trkpt lat="31.075065" lon="-115.695412"></trkpt><trkpt lat="31.075513" lon="-115.693997"></trkpt><trkpt lat="31.075266" lon="-115.693294"></trkpt><trkpt lat="31.074571" lon="-115.692528"></trkpt><trkpt lat="31.074216" lon="-115.691852"></trkpt><trkpt lat="31.074177" lon="-115.690617"></trkpt><trkpt lat="31.073382" lon="-115.689914"></trkpt><trkpt lat="31.073166" lon="-115.688841"></trkpt><trkpt lat="31.072834" lon="-115.688409"></trkpt><trkpt lat="31.072741" lon="-115.687507"></trkpt><trkpt lat="31.072479" lon="-115.687048"></trkpt><trkpt lat="31.072332" lon="-115.686056"></trkpt><trkpt lat="31.072610" lon="-115.684569"></trkpt><trkpt lat="31.072348" lon="-115.683262"></trkpt><trkpt lat="31.072448" lon="-115.682415"></trkpt><trkpt lat="31.073066" lon="-115.681252"></trkpt><trkpt lat="31.073042" lon="-115.680910"></trkpt><trkpt lat="31.073382" lon="-115.680198"></trkpt><trkpt lat="31.073668" lon="-115.678963"></trkpt><trkpt lat="31.074903" lon="-115.677412"></trkpt><trkpt lat="31.075490" lon="-115.676187"></trkpt><trkpt lat="31.075590" lon="-115.675619"></trkpt><trkpt lat="31.075482" lon="-115.675078"></trkpt><trkpt lat="31.075752" lon="-115.674609"></trkpt><trkpt lat="31.075706" lon="-115.674069"></trkpt><trkpt lat="31.076717" lon="-115.672608"></trkpt><trkpt lat="31.077512" lon="-115.671797"></trkpt><trkpt lat="31.077898" lon="-115.670670"></trkpt><trkpt lat="31.078238" lon="-115.670202"></trkpt><trkpt lat="31.078238" lon="-115.669129"></trkpt><trkpt lat="31.079674" lon="-115.667011"></trkpt><trkpt lat="31.081380" lon="-115.665993"></trkpt><trkpt lat="31.082075" lon="-115.665299"></trkpt><trkpt lat="31.083147" lon="-115.664577"></trkpt><trkpt lat="31.086428" lon="-115.662793"></trkpt><trkpt lat="31.087787" lon="-115.660395"></trkpt><trkpt lat="31.087987" lon="-115.659611"></trkpt><trkpt lat="31.088450" lon="-115.659160"></trkpt><trkpt lat="31.089801" lon="-115.658529"></trkpt><trkpt lat="31.090457" lon="-115.657520"></trkpt><trkpt lat="31.092179" lon="-115.655447"></trkpt><trkpt lat="31.094625" lon="-115.654717"></trkpt><trkpt lat="31.095652" lon="-115.654852"></trkpt><trkpt lat="31.096416" lon="-115.654347"></trkpt><trkpt lat="31.097041" lon="-115.654537"></trkpt><trkpt lat="31.097674" lon="-115.655077"></trkpt><trkpt lat="31.099341" lon="-115.655285"></trkpt><trkpt lat="31.100491" lon="-115.656114"></trkpt><trkpt lat="31.100939" lon="-115.656258"></trkpt><trkpt lat="31.104111" lon="-115.656528"></trkpt><trkpt lat="31.106063" lon="-115.656294"></trkpt><trkpt lat="31.107483" lon="-115.656546"></trkpt><trkpt lat="31.108208" lon="-115.656988"></trkpt><trkpt lat="31.108502" lon="-115.656961"></trkpt><trkpt lat="31.108386" lon="-115.656366"></trkpt><trkpt lat="31.108556" lon="-115.655086"></trkpt><trkpt lat="31.109150" lon="-115.653914"></trkpt><trkpt lat="31.109026" lon="-115.653194"></trkpt><trkpt lat="31.109258" lon="-115.652112"></trkpt><trkpt lat="31.109212" lon="-115.651679"></trkpt><trkpt lat="31.108602" lon="-115.649246"></trkpt><trkpt lat="31.107583" lon="-115.647984"></trkpt><trkpt lat="31.106989" lon="-115.646866"></trkpt><trkpt lat="31.106426" lon="-115.645172"></trkpt><trkpt lat="31.107691" lon="-115.642359"></trkpt><trkpt lat="31.108054" lon="-115.641025"></trkpt><trkpt lat="31.108610" lon="-115.640521"></trkpt><trkpt lat="31.109019" lon="-115.639430"></trkpt><trkpt lat="31.109096" lon="-115.637907"></trkpt><trkpt lat="31.109335" lon="-115.636591"></trkpt><trkpt lat="31.109405" lon="-115.636438"></trkpt><trkpt lat="31.109852" lon="-115.636510"></trkpt><trkpt lat="31.110107" lon="-115.636330"></trkpt><trkpt lat="31.109883" lon="-115.636077"></trkpt><trkpt lat="31.109767" lon="-115.635149"></trkpt><trkpt lat="31.109875" lon="-115.634752"></trkpt><trkpt lat="31.110045" lon="-115.634761"></trkpt><trkpt lat="31.110269" lon="-115.635293"></trkpt><trkpt lat="31.111025" lon="-115.635500"></trkpt><trkpt lat="31.111172" lon="-115.634968"></trkpt><trkpt lat="31.111689" lon="-115.634446"></trkpt><trkpt lat="31.112214" lon="-115.634265"></trkpt><trkpt lat="31.112900" lon="-115.633679"></trkpt><trkpt lat="31.114174" lon="-115.633256"></trkpt><trkpt lat="31.115231" lon="-115.633265"></trkpt><trkpt lat="31.116481" lon="-115.632995"></trkpt><trkpt lat="31.117361" lon="-115.633229"></trkpt><trkpt lat="31.118379" lon="-115.633824"></trkpt><trkpt lat="31.120254" lon="-115.634139"></trkpt><trkpt lat="31.121142" lon="-115.634509"></trkpt><trkpt lat="31.121697" lon="-115.634978"></trkpt><trkpt lat="31.122021" lon="-115.635978"></trkpt><trkpt lat="31.122747" lon="-115.636771"></trkpt><trkpt lat="31.124421" lon="-115.637988"></trkpt><trkpt lat="31.125764" lon="-115.639511"></trkpt><trkpt lat="31.126713" lon="-115.639953"></trkpt><trkpt lat="31.126759" lon="-115.640557"></trkpt><trkpt lat="31.126990" lon="-115.640908"></trkpt><trkpt lat="31.127878" lon="-115.641557"></trkpt><trkpt lat="31.128495" lon="-115.641575"></trkpt><trkpt lat="31.129359" lon="-115.641954"></trkpt><trkpt lat="31.130740" lon="-115.643414"></trkpt><trkpt lat="31.132221" lon="-115.644027"></trkpt><trkpt lat="31.133379" lon="-115.645045"></trkpt><trkpt lat="31.134220" lon="-115.645406"></trkpt><trkpt lat="31.134482" lon="-115.646479"></trkpt><trkpt lat="31.135284" lon="-115.647154"></trkpt><trkpt lat="31.136249" lon="-115.647777"></trkpt><trkpt lat="31.137089" lon="-115.647966"></trkpt><trkpt lat="31.138679" lon="-115.648092"></trkpt><trkpt lat="31.139350" lon="-115.647731"></trkpt><trkpt lat="31.140546" lon="-115.647632"></trkpt><trkpt lat="31.141487" lon="-115.647037"></trkpt><trkpt lat="31.142019" lon="-115.647137"></trkpt><trkpt lat="31.143508" lon="-115.646560"></trkpt><trkpt lat="31.144326" lon="-115.646668"></trkpt><trkpt lat="31.145375" lon="-115.645505"></trkpt><trkpt lat="31.146478" lon="-115.644784"></trkpt><trkpt lat="31.146794" lon="-115.644027"></trkpt><trkpt lat="31.147211" lon="-115.643594"></trkpt><trkpt lat="31.147566" lon="-115.642395"></trkpt><trkpt lat="31.147543" lon="-115.641368"></trkpt><trkpt lat="31.147859" lon="-115.640620"></trkpt><trkpt lat="31.148059" lon="-115.640593"></trkpt><trkpt lat="31.148522" lon="-115.640917"></trkpt><trkpt lat="31.149101" lon="-115.640620"></trkpt><trkpt lat="31.149610" lon="-115.640602"></trkpt><trkpt lat="31.150119" lon="-115.641503"></trkpt><trkpt lat="31.150620" lon="-115.641674"></trkpt><trkpt lat="31.151346" lon="-115.642278"></trkpt><trkpt lat="31.152726" lon="-115.642855"></trkpt><trkpt lat="31.154624" lon="-115.644153"></trkpt><trkpt lat="31.155017" lon="-115.644135"></trkpt><trkpt lat="31.156051" lon="-115.643306"></trkpt><trkpt lat="31.157161" lon="-115.643639"></trkpt><trkpt lat="31.157894" lon="-115.644270"></trkpt><trkpt lat="31.158889" lon="-115.645559"></trkpt><trkpt lat="31.159336" lon="-115.646479"></trkpt><trkpt lat="31.159452" lon="-115.647425"></trkpt><trkpt lat="31.159900" lon="-115.647785"></trkpt><trkpt lat="31.161388" lon="-115.648011"></trkpt><trkpt lat="31.161928" lon="-115.648254"></trkpt><trkpt lat="31.162823" lon="-115.648155"></trkpt><trkpt lat="31.163849" lon="-115.648534"></trkpt><trkpt lat="31.164080" lon="-115.648849"></trkpt><trkpt lat="31.163525" lon="-115.650526"></trkpt><trkpt lat="31.163671" lon="-115.651166"></trkpt><trkpt lat="31.164481" lon="-115.652427"></trkpt><trkpt lat="31.165669" lon="-115.653545"></trkpt><trkpt lat="31.166664" lon="-115.653698"></trkpt><trkpt lat="31.167998" lon="-115.653356"></trkpt><trkpt lat="31.168414" lon="-115.652869"></trkpt><trkpt lat="31.169054" lon="-115.652590"></trkpt><trkpt lat="31.170504" lon="-115.652617"></trkpt><trkpt lat="31.171036" lon="-115.652869"></trkpt><trkpt lat="31.171838" lon="-115.653752"></trkpt><trkpt lat="31.174206" lon="-115.655591"></trkpt><trkpt lat="31.174892" lon="-115.655753"></trkpt><trkpt lat="31.175509" lon="-115.655231"></trkpt><trkpt lat="31.176473" lon="-115.654041"></trkpt><trkpt lat="31.178625" lon="-115.652635"></trkpt><trkpt lat="31.180907" lon="-115.650643"></trkpt><trkpt lat="31.184601" lon="-115.648236"></trkpt><trkpt lat="31.185889" lon="-115.646965"></trkpt><trkpt lat="31.192235" lon="-115.642089"></trkpt><trkpt lat="31.194386" lon="-115.639529"></trkpt><trkpt lat="31.195982" lon="-115.637267"></trkpt><trkpt lat="31.196352" lon="-115.636357"></trkpt><trkpt lat="31.196413" lon="-115.635807"></trkpt><trkpt lat="31.196275" lon="-115.633031"></trkpt><trkpt lat="31.195596" lon="-115.629389"></trkpt><trkpt lat="31.194825" lon="-115.627280"></trkpt><trkpt lat="31.194802" lon="-115.626595"></trkpt><trkpt lat="31.195758" lon="-115.624973"></trkpt><trkpt lat="31.195704" lon="-115.624179"></trkpt><trkpt lat="31.195912" lon="-115.623540"></trkpt><trkpt lat="31.196976" lon="-115.622485"></trkpt><trkpt lat="31.197439" lon="-115.621764"></trkpt><trkpt lat="31.198542" lon="-115.621458"></trkpt><trkpt lat="31.199019" lon="-115.620222"></trkpt><trkpt lat="31.200291" lon="-115.618988"></trkpt><trkpt lat="31.201579" lon="-115.618582"></trkpt><trkpt lat="31.202003" lon="-115.618204"></trkpt><trkpt lat="31.202612" lon="-115.618140"></trkpt><trkpt lat="31.202921" lon="-115.616969"></trkpt><trkpt lat="31.201810" lon="-115.615482"></trkpt><trkpt lat="31.201764" lon="-115.615112"></trkpt><trkpt lat="31.202034" lon="-115.614995"></trkpt><trkpt lat="31.203298" lon="-115.615446"></trkpt><trkpt lat="31.203614" lon="-115.615419"></trkpt><trkpt lat="31.203784" lon="-115.614887"></trkpt><trkpt lat="31.204501" lon="-115.614283"></trkpt><trkpt lat="31.204709" lon="-115.613571"></trkpt><trkpt lat="31.205488" lon="-115.613057"></trkpt><trkpt lat="31.205842" lon="-115.613021"></trkpt><trkpt lat="31.206536" lon="-115.613643"></trkpt><trkpt lat="31.206737" lon="-115.613354"></trkpt><trkpt lat="31.206899" lon="-115.612444"></trkpt><trkpt lat="31.207261" lon="-115.612165"></trkpt><trkpt lat="31.209612" lon="-115.612895"></trkpt><trkpt lat="31.211123" lon="-115.612976"></trkpt><trkpt lat="31.211670" lon="-115.612841"></trkpt><trkpt lat="31.216511" lon="-115.608009"></trkpt><trkpt lat="31.218153" lon="-115.606126"></trkpt><trkpt lat="31.220751" lon="-115.605639"></trkpt><trkpt lat="31.222346" lon="-115.604891"></trkpt><trkpt lat="31.223379" lon="-115.604665"></trkpt><trkpt lat="31.224250" lon="-115.604909"></trkpt><trkpt lat="31.225661" lon="-115.605630"></trkpt><trkpt lat="31.227434" lon="-115.605441"></trkpt><trkpt lat="31.227950" lon="-115.605531"></trkpt><trkpt lat="31.228566" lon="-115.604720"></trkpt><trkpt lat="31.230324" lon="-115.603422"></trkpt><trkpt lat="31.230216" lon="-115.602430"></trkpt><trkpt lat="31.230725" lon="-115.600997"></trkpt><trkpt lat="31.231649" lon="-115.600321"></trkpt><trkpt lat="31.232374" lon="-115.600123"></trkpt><trkpt lat="31.234570" lon="-115.601033"></trkpt><trkpt lat="31.235680" lon="-115.601006"></trkpt><trkpt lat="31.236828" lon="-115.601204"></trkpt><trkpt lat="31.237923" lon="-115.601015"></trkpt><trkpt lat="31.239287" lon="-115.601213"></trkpt><trkpt lat="31.240466" lon="-115.601673"></trkpt><trkpt lat="31.242331" lon="-115.601466"></trkpt><trkpt lat="31.245128" lon="-115.600600"></trkpt><trkpt lat="31.245922" lon="-115.600537"></trkpt><trkpt lat="31.248627" lon="-115.600591"></trkpt><trkpt lat="31.249998" lon="-115.600781"></trkpt><trkpt lat="31.251085" lon="-115.600645"></trkpt><trkpt lat="31.254005" lon="-115.600799"></trkpt><trkpt lat="31.255099" lon="-115.600537"></trkpt><trkpt lat="31.256132" lon="-115.600501"></trkpt><trkpt lat="31.257280" lon="-115.600024"></trkpt><trkpt lat="31.258713" lon="-115.599104"></trkpt><trkpt lat="31.259630" lon="-115.598897"></trkpt><trkpt lat="31.260539" lon="-115.598302"></trkpt><trkpt lat="31.261733" lon="-115.598077"></trkpt><trkpt lat="31.263636" lon="-115.597887"></trkpt><trkpt lat="31.264314" lon="-115.597978"></trkpt><trkpt lat="31.264923" lon="-115.598284"></trkpt><trkpt lat="31.268590" lon="-115.597536"></trkpt><trkpt lat="31.273621" lon="-115.598852"></trkpt><trkpt lat="31.275947" lon="-115.598924"></trkpt><trkpt lat="31.278697" lon="-115.598302"></trkpt><trkpt lat="31.280223" lon="-115.598149"></trkpt><trkpt lat="31.282318" lon="-115.597338"></trkpt><trkpt lat="31.289520" lon="-115.596211"></trkpt><trkpt lat="31.290252" lon="-115.595787"></trkpt><trkpt lat="31.292331" lon="-115.594066"></trkpt><trkpt lat="31.293826" lon="-115.592534"></trkpt><trkpt lat="31.294680" lon="-115.590605"></trkpt><trkpt lat="31.294881" lon="-115.588207"></trkpt><trkpt lat="31.295959" lon="-115.585431"></trkpt><trkpt lat="31.296383" lon="-115.584971"></trkpt><trkpt lat="31.300518" lon="-115.585134"></trkpt><trkpt lat="31.303168" lon="-115.586431"></trkpt><trkpt lat="31.304970" lon="-115.586287"></trkpt><trkpt lat="31.305532" lon="-115.585990"></trkpt><trkpt lat="31.307303" lon="-115.583800"></trkpt><trkpt lat="31.312871" lon="-115.580320"></trkpt><trkpt lat="31.337124" lon="-115.573993"></trkpt></trkseg></trk><trk><name>T002 BAC44CF</name><trkseg><trkpt lat="30.949380" lon="-115.932455"></trkpt><trkpt lat="30.950431" lon="-115.930662"></trkpt><trkpt lat="30.949748" lon="-115.929466"></trkpt><trkpt lat="30.947639" lon="-115.928137"></trkpt><trkpt lat="30.946044" lon="-115.923087"></trkpt><trkpt lat="30.945075" lon="-115.919500"></trkpt><trkpt lat="30.944961" lon="-115.917905"></trkpt><trkpt lat="30.945417" lon="-115.915115"></trkpt><trkpt lat="30.947753" lon="-115.912856"></trkpt><trkpt lat="30.949349" lon="-115.911195"></trkpt><trkpt lat="30.949292" lon="-115.909467"></trkpt><trkpt lat="30.954306" lon="-115.908869"></trkpt><trkpt lat="30.954648" lon="-115.903620"></trkpt><trkpt lat="30.954534" lon="-115.901229"></trkpt><trkpt lat="30.949577" lon="-115.893654"></trkpt><trkpt lat="30.949406" lon="-115.891794"></trkpt><trkpt lat="30.951514" lon="-115.887343"></trkpt><trkpt lat="30.954135" lon="-115.883888"></trkpt><trkpt lat="30.956813" lon="-115.881429"></trkpt><trkpt lat="30.956927" lon="-115.878639"></trkpt><trkpt lat="30.956015" lon="-115.877443"></trkpt><trkpt lat="30.956243" lon="-115.874054"></trkpt><trkpt lat="30.955616" lon="-115.873058"></trkpt><trkpt lat="30.954876" lon="-115.869337"></trkpt><trkpt lat="30.957155" lon="-115.866148"></trkpt><trkpt lat="30.957155" lon="-115.864819"></trkpt><trkpt lat="30.954591" lon="-115.859371"></trkpt><trkpt lat="30.954989" lon="-115.857976"></trkpt><trkpt lat="30.955844" lon="-115.857179"></trkpt><trkpt lat="30.955388" lon="-115.854986"></trkpt><trkpt lat="30.957952" lon="-115.853458"></trkpt><trkpt lat="30.960801" lon="-115.853192"></trkpt><trkpt lat="30.962168" lon="-115.852262"></trkpt><trkpt lat="30.962111" lon="-115.851199"></trkpt><trkpt lat="30.963422" lon="-115.850468"></trkpt><trkpt lat="30.964390" lon="-115.851066"></trkpt><trkpt lat="30.964846" lon="-115.852196"></trkpt><trkpt lat="30.965758" lon="-115.851199"></trkpt><trkpt lat="30.965416" lon="-115.849272"></trkpt><trkpt lat="30.964390" lon="-115.847611"></trkpt><trkpt lat="30.964162" lon="-115.846349"></trkpt><trkpt lat="30.962282" lon="-115.845618"></trkpt><trkpt lat="30.961997" lon="-115.844289"></trkpt><trkpt lat="30.960231" lon="-115.843293"></trkpt><trkpt lat="30.959548" lon="-115.840502"></trkpt><trkpt lat="30.958351" lon="-115.838044"></trkpt><trkpt lat="30.958465" lon="-115.836516"></trkpt><trkpt lat="30.957269" lon="-115.830270"></trkpt><trkpt lat="30.957952" lon="-115.827945"></trkpt><trkpt lat="30.958921" lon="-115.826749"></trkpt><trkpt lat="30.960174" lon="-115.826483"></trkpt><trkpt lat="30.960117" lon="-115.825752"></trkpt><trkpt lat="30.959775" lon="-115.824756"></trkpt><trkpt lat="30.958579" lon="-115.823892"></trkpt><trkpt lat="30.958408" lon="-115.821434"></trkpt><trkpt lat="30.956927" lon="-115.819042"></trkpt><trkpt lat="30.956414" lon="-115.816850"></trkpt><trkpt lat="30.954819" lon="-115.815454"></trkpt><trkpt lat="30.955161" lon="-115.813195"></trkpt><trkpt lat="30.955787" lon="-115.812199"></trkpt><trkpt lat="30.956129" lon="-115.809142"></trkpt><trkpt lat="30.957611" lon="-115.804957"></trkpt><trkpt lat="30.958180" lon="-115.803429"></trkpt><trkpt lat="30.958921" lon="-115.802831"></trkpt><trkpt lat="30.960744" lon="-115.803096"></trkpt><trkpt lat="30.963365" lon="-115.799043"></trkpt><trkpt lat="30.963308" lon="-115.796917"></trkpt><trkpt lat="30.964618" lon="-115.794791"></trkpt><trkpt lat="30.966156" lon="-115.793662"></trkpt><trkpt lat="30.966043" lon="-115.792931"></trkpt><trkpt lat="30.967353" lon="-115.790871"></trkpt><trkpt lat="30.966954" lon="-115.787882"></trkpt><trkpt lat="30.967809" lon="-115.786088"></trkpt><trkpt lat="30.970543" lon="-115.778381"></trkpt><trkpt lat="30.971739" lon="-115.777384"></trkpt><trkpt lat="30.973790" lon="-115.773730"></trkpt><trkpt lat="30.977037" lon="-115.765491"></trkpt><trkpt lat="30.976183" lon="-115.763963"></trkpt><trkpt lat="30.973847" lon="-115.761771"></trkpt><trkpt lat="30.973960" lon="-115.760652"></trkpt><trkpt lat="30.976126" lon="-115.757851"></trkpt><trkpt lat="30.977151" lon="-115.756788"></trkpt><trkpt lat="30.978803" lon="-115.756389"></trkpt><trkpt lat="30.980569" lon="-115.752004"></trkpt><trkpt lat="30.981537" lon="-115.751738"></trkpt><trkpt lat="30.982392" lon="-115.748615"></trkpt><trkpt lat="30.981651" lon="-115.746157"></trkpt><trkpt lat="30.981651" lon="-115.744363"></trkpt><trkpt lat="30.981252" lon="-115.741706"></trkpt><trkpt lat="30.980569" lon="-115.738051"></trkpt><trkpt lat="30.980683" lon="-115.737188"></trkpt><trkpt lat="30.981480" lon="-115.736523"></trkpt><trkpt lat="30.983018" lon="-115.736058"></trkpt><trkpt lat="30.987575" lon="-115.732271"></trkpt><trkpt lat="30.989682" lon="-115.730677"></trkpt><trkpt lat="30.990765" lon="-115.729879"></trkpt><trkpt lat="30.994125" lon="-115.720445"></trkpt><trkpt lat="30.988885" lon="-115.711276"></trkpt><trkpt lat="30.988828" lon="-115.708552"></trkpt><trkpt lat="30.984556" lon="-115.706027"></trkpt><trkpt lat="30.983588" lon="-115.707024"></trkpt><trkpt lat="30.983132" lon="-115.708618"></trkpt><trkpt lat="30.980512" lon="-115.709615"></trkpt><trkpt lat="30.975214" lon="-115.709748"></trkpt><trkpt lat="30.970372" lon="-115.709349"></trkpt><trkpt lat="30.970201" lon="-115.708286"></trkpt><trkpt lat="30.971455" lon="-115.706824"></trkpt><trkpt lat="30.970543" lon="-115.703702"></trkpt><trkpt lat="30.965416" lon="-115.700978"></trkpt><trkpt lat="30.962111" lon="-115.698054"></trkpt><trkpt lat="30.960915" lon="-115.698985"></trkpt><trkpt lat="30.960516" lon="-115.698054"></trkpt><trkpt lat="30.959320" lon="-115.697589"></trkpt><trkpt lat="30.958978" lon="-115.696659"></trkpt><trkpt lat="30.961485" lon="-115.695662"></trkpt><trkpt lat="30.962567" lon="-115.692274"></trkpt><trkpt lat="30.961997" lon="-115.689683"></trkpt><trkpt lat="30.957326" lon="-115.687225"></trkpt><trkpt lat="30.955958" lon="-115.687490"></trkpt><trkpt lat="30.955901" lon="-115.686029"></trkpt><trkpt lat="30.956756" lon="-115.684102"></trkpt><trkpt lat="30.956984" lon="-115.682308"></trkpt><trkpt lat="30.957553" lon="-115.677989"></trkpt><trkpt lat="30.958807" lon="-115.677126"></trkpt><trkpt lat="30.959320" lon="-115.675133"></trkpt><trkpt lat="30.958636" lon="-115.672807"></trkpt><trkpt lat="30.958408" lon="-115.670548"></trkpt><trkpt lat="30.960402" lon="-115.668223"></trkpt><trkpt lat="30.962567" lon="-115.666761"></trkpt><trkpt lat="30.964618" lon="-115.667558"></trkpt><trkpt lat="30.967410" lon="-115.667492"></trkpt><trkpt lat="30.969233" lon="-115.664502"></trkpt><trkpt lat="30.969176" lon="-115.662044"></trkpt><trkpt lat="30.968207" lon="-115.660184"></trkpt><trkpt lat="30.968264" lon="-115.658190"></trkpt><trkpt lat="30.969176" lon="-115.656729"></trkpt><trkpt lat="30.978974" lon="-115.653074"></trkpt><trkpt lat="30.979828" lon="-115.652011"></trkpt><trkpt lat="30.979487" lon="-115.650749"></trkpt><trkpt lat="30.979715" lon="-115.649553"></trkpt><trkpt lat="30.979145" lon="-115.647427"></trkpt><trkpt lat="30.978233" lon="-115.646098"></trkpt><trkpt lat="30.976980" lon="-115.645700"></trkpt><trkpt lat="30.976582" lon="-115.643773"></trkpt><trkpt lat="30.975043" lon="-115.641912"></trkpt><trkpt lat="30.974360" lon="-115.641912"></trkpt><trkpt lat="30.974018" lon="-115.640052"></trkpt><trkpt lat="30.973221" lon="-115.638923"></trkpt><trkpt lat="30.973562" lon="-115.637394"></trkpt><trkpt lat="30.971796" lon="-115.634870"></trkpt><trkpt lat="30.971739" lon="-115.633342"></trkpt><trkpt lat="30.974645" lon="-115.630418"></trkpt><trkpt lat="30.974417" lon="-115.629422"></trkpt><trkpt lat="30.972879" lon="-115.629687"></trkpt><trkpt lat="30.970942" lon="-115.627827"></trkpt><trkpt lat="30.971341" lon="-115.626631"></trkpt><trkpt lat="30.970429" lon="-115.626033"></trkpt><trkpt lat="30.969461" lon="-115.626299"></trkpt><trkpt lat="30.968549" lon="-115.624837"></trkpt><trkpt lat="30.971682" lon="-115.621183"></trkpt><trkpt lat="30.971455" lon="-115.620319"></trkpt><trkpt lat="30.968492" lon="-115.621250"></trkpt><trkpt lat="30.966498" lon="-115.621050"></trkpt><trkpt lat="30.964105" lon="-115.620054"></trkpt><trkpt lat="30.965359" lon="-115.619123"></trkpt><trkpt lat="30.965074" lon="-115.617927"></trkpt><trkpt lat="30.966612" lon="-115.615801"></trkpt><trkpt lat="30.964732" lon="-115.614871"></trkpt><trkpt lat="30.964732" lon="-115.610951"></trkpt><trkpt lat="30.963479" lon="-115.609157"></trkpt><trkpt lat="30.964846" lon="-115.607962"></trkpt><trkpt lat="30.965530" lon="-115.605636"></trkpt><trkpt lat="30.967353" lon="-115.602779"></trkpt><trkpt lat="30.969916" lon="-115.601650"></trkpt><trkpt lat="30.971853" lon="-115.600387"></trkpt><trkpt lat="30.971682" lon="-115.599258"></trkpt><trkpt lat="30.969575" lon="-115.599524"></trkpt><trkpt lat="30.967979" lon="-115.597730"></trkpt><trkpt lat="30.966783" lon="-115.598593"></trkpt><trkpt lat="30.966270" lon="-115.597265"></trkpt><trkpt lat="30.964846" lon="-115.596800"></trkpt><trkpt lat="30.964618" lon="-115.595869"></trkpt><trkpt lat="30.966099" lon="-115.594474"></trkpt><trkpt lat="30.965929" lon="-115.593544"></trkpt><trkpt lat="30.966897" lon="-115.592414"></trkpt><trkpt lat="30.966669" lon="-115.588760"></trkpt><trkpt lat="30.965416" lon="-115.587365"></trkpt><trkpt lat="30.964960" lon="-115.584309"></trkpt><trkpt lat="30.966669" lon="-115.582714"></trkpt><trkpt lat="30.969119" lon="-115.578794"></trkpt><trkpt lat="30.969973" lon="-115.580787"></trkpt><trkpt lat="30.969461" lon="-115.583445"></trkpt><trkpt lat="30.970600" lon="-115.584575"></trkpt><trkpt lat="30.970942" lon="-115.583644"></trkpt><trkpt lat="30.972252" lon="-115.583512"></trkpt><trkpt lat="30.973050" lon="-115.581518"></trkpt><trkpt lat="30.972879" lon="-115.580455"></trkpt><trkpt lat="30.974588" lon="-115.580854"></trkpt><trkpt lat="30.977949" lon="-115.580256"></trkpt><trkpt lat="30.979828" lon="-115.578396"></trkpt><trkpt lat="30.981822" lon="-115.578993"></trkpt><trkpt lat="30.983417" lon="-115.578329"></trkpt><trkpt lat="30.984841" lon="-115.579193"></trkpt><trkpt lat="30.987575" lon="-115.579126"></trkpt><trkpt lat="30.988031" lon="-115.577067"></trkpt><trkpt lat="30.988600" lon="-115.575605"></trkpt><trkpt lat="30.989796" lon="-115.575605"></trkpt><trkpt lat="30.990081" lon="-115.574874"></trkpt><trkpt lat="30.988771" lon="-115.572084"></trkpt><trkpt lat="30.989625" lon="-115.569426"></trkpt><trkpt lat="30.991562" lon="-115.566768"></trkpt><trkpt lat="30.995663" lon="-115.564642"></trkpt><trkpt lat="30.997371" lon="-115.562981"></trkpt><trkpt lat="30.999308" lon="-115.559659"></trkpt><trkpt lat="31.000270" lon="-115.557228"></trkpt><trkpt lat="31.000335" lon="-115.556028"></trkpt><trkpt lat="31.002360" lon="-115.553515"></trkpt><trkpt lat="31.002585" lon="-115.551490"></trkpt><trkpt lat="31.002617" lon="-115.550140"></trkpt><trkpt lat="31.003549" lon="-115.548302"></trkpt><trkpt lat="31.003967" lon="-115.546952"></trkpt><trkpt lat="31.005028" lon="-115.546765"></trkpt><trkpt lat="31.005350" lon="-115.546127"></trkpt><trkpt lat="31.005253" lon="-115.544777"></trkpt><trkpt lat="31.005799" lon="-115.543127"></trkpt><trkpt lat="31.006764" lon="-115.542602"></trkpt><trkpt lat="31.007343" lon="-115.542752"></trkpt><trkpt lat="31.007664" lon="-115.542564"></trkpt><trkpt lat="31.007600" lon="-115.541627"></trkpt><trkpt lat="31.009239" lon="-115.538064"></trkpt><trkpt lat="31.009721" lon="-115.537951"></trkpt><trkpt lat="31.010493" lon="-115.538476"></trkpt><trkpt lat="31.010943" lon="-115.538251"></trkpt><trkpt lat="31.010107" lon="-115.536939"></trkpt><trkpt lat="31.011135" lon="-115.536076"></trkpt><trkpt lat="31.011200" lon="-115.535364"></trkpt><trkpt lat="31.010910" lon="-115.534876"></trkpt><trkpt lat="31.011168" lon="-115.534688"></trkpt><trkpt lat="31.011875" lon="-115.534988"></trkpt><trkpt lat="31.013257" lon="-115.534276"></trkpt><trkpt lat="31.014382" lon="-115.533263"></trkpt><trkpt lat="31.016407" lon="-115.531051"></trkpt><trkpt lat="31.016118" lon="-115.530225"></trkpt><trkpt lat="31.015603" lon="-115.528988"></trkpt><trkpt lat="31.015507" lon="-115.527638"></trkpt><trkpt lat="31.015796" lon="-115.525537"></trkpt><trkpt lat="31.016696" lon="-115.524150"></trkpt><trkpt lat="31.017146" lon="-115.519724"></trkpt><trkpt lat="31.018142" lon="-115.516762"></trkpt><trkpt lat="31.018014" lon="-115.514474"></trkpt><trkpt lat="31.017339" lon="-115.513386"></trkpt><trkpt lat="31.015250" lon="-115.512674"></trkpt><trkpt lat="31.014221" lon="-115.507986"></trkpt><trkpt lat="31.014607" lon="-115.505886"></trkpt><trkpt lat="31.013868" lon="-115.505736"></trkpt><trkpt lat="31.014607" lon="-115.498947"></trkpt><trkpt lat="31.014671" lon="-115.493772"></trkpt><trkpt lat="31.015089" lon="-115.491747"></trkpt><trkpt lat="31.016921" lon="-115.489721"></trkpt><trkpt lat="31.017114" lon="-115.489009"></trkpt><trkpt lat="31.013675" lon="-115.485709"></trkpt><trkpt lat="31.013289" lon="-115.484433"></trkpt><trkpt lat="31.013932" lon="-115.481433"></trkpt><trkpt lat="31.016439" lon="-115.476558"></trkpt><trkpt lat="31.021164" lon="-115.473932"></trkpt><trkpt lat="31.021742" lon="-115.473745"></trkpt><trkpt lat="31.024570" lon="-115.475320"></trkpt><trkpt lat="31.026563" lon="-115.477083"></trkpt><trkpt lat="31.027302" lon="-115.477195"></trkpt><trkpt lat="31.027945" lon="-115.476295"></trkpt><trkpt lat="31.028973" lon="-115.473557"></trkpt><trkpt lat="31.028845" lon="-115.472732"></trkpt><trkpt lat="31.029134" lon="-115.472320"></trkpt><trkpt lat="31.030066" lon="-115.473070"></trkpt><trkpt lat="31.031287" lon="-115.473445"></trkpt><trkpt lat="31.032090" lon="-115.472470"></trkpt><trkpt lat="31.032733" lon="-115.472432"></trkpt><trkpt lat="31.033376" lon="-115.471832"></trkpt><trkpt lat="31.033312" lon="-115.471007"></trkpt><trkpt lat="31.034083" lon="-115.469769"></trkpt><trkpt lat="31.034565" lon="-115.469169"></trkpt><trkpt lat="31.035047" lon="-115.467144"></trkpt><trkpt lat="31.035336" lon="-115.468457"></trkpt><trkpt lat="31.035786" lon="-115.469544"></trkpt><trkpt lat="31.035272" lon="-115.470857"></trkpt><trkpt lat="31.035529" lon="-115.472207"></trkpt><trkpt lat="31.035079" lon="-115.473632"></trkpt><trkpt lat="31.035947" lon="-115.474532"></trkpt><trkpt lat="31.036493" lon="-115.474307"></trkpt><trkpt lat="31.036750" lon="-115.473707"></trkpt><trkpt lat="31.037007" lon="-115.471907"></trkpt><trkpt lat="31.037297" lon="-115.471757"></trkpt><trkpt lat="31.037843" lon="-115.472057"></trkpt><trkpt lat="31.038293" lon="-115.471345"></trkpt><trkpt lat="31.038743" lon="-115.470407"></trkpt><trkpt lat="31.039393" lon="-115.470550"></trkpt></trkseg></trk><trk><name>T003 BAC44CF</name><trkseg><trkpt lat="30.966673" lon="-116.154782"></trkpt><trkpt lat="30.969029" lon="-116.151104"></trkpt><trkpt lat="30.973248" lon="-116.147785"></trkpt><trkpt lat="30.977614" lon="-116.144867"></trkpt><trkpt lat="30.978644" lon="-116.143838"></trkpt><trkpt lat="30.978889" lon="-116.143094"></trkpt><trkpt lat="30.979919" lon="-116.137429"></trkpt><trkpt lat="30.977172" lon="-116.131136"></trkpt><trkpt lat="30.977123" lon="-116.130163"></trkpt><trkpt lat="30.978350" lon="-116.125357"></trkpt><trkpt lat="30.978644" lon="-116.122668"></trkpt><trkpt lat="30.979772" lon="-116.119693"></trkpt><trkpt lat="30.981440" lon="-116.115631"></trkpt><trkpt lat="30.982029" lon="-116.114658"></trkpt><trkpt lat="30.984138" lon="-116.113456"></trkpt><trkpt lat="30.985757" lon="-116.111111"></trkpt><trkpt lat="30.986394" lon="-116.110024"></trkpt><trkpt lat="30.986002" lon="-116.109051"></trkpt><trkpt lat="30.983451" lon="-116.103616"></trkpt><trkpt lat="30.983206" lon="-116.096979"></trkpt><trkpt lat="30.982715" lon="-116.095720"></trkpt><trkpt lat="30.981636" lon="-116.096178"></trkpt><trkpt lat="30.980508" lon="-116.095205"></trkpt><trkpt lat="30.978987" lon="-116.095606"></trkpt><trkpt lat="30.977172" lon="-116.097150"></trkpt><trkpt lat="30.976289" lon="-116.098581"></trkpt><trkpt lat="30.975357" lon="-116.098810"></trkpt><trkpt lat="30.972463" lon="-116.097551"></trkpt><trkpt lat="30.971580" lon="-116.097436"></trkpt><trkpt lat="30.970501" lon="-116.098066"></trkpt><trkpt lat="30.969471" lon="-116.098237"></trkpt><trkpt lat="30.968342" lon="-116.097494"></trkpt><trkpt lat="30.967704" lon="-116.095949"></trkpt><trkpt lat="30.967754" lon="-116.094061"></trkpt><trkpt lat="30.967950" lon="-116.093203"></trkpt><trkpt lat="30.969765" lon="-116.090113"></trkpt><trkpt lat="30.970697" lon="-116.089426"></trkpt><trkpt lat="30.971454" lon="-116.088557"></trkpt><trkpt lat="30.971625" lon="-116.087858"></trkpt><trkpt lat="30.971411" lon="-116.086909"></trkpt><trkpt lat="30.969614" lon="-116.084863"></trkpt><trkpt lat="30.969657" lon="-116.084314"></trkpt><trkpt lat="30.970727" lon="-116.084364"></trkpt><trkpt lat="30.971326" lon="-116.084064"></trkpt><trkpt lat="30.971369" lon="-116.083565"></trkpt><trkpt lat="30.970299" lon="-116.083216"></trkpt><trkpt lat="30.969443" lon="-116.081818"></trkpt><trkpt lat="30.968758" lon="-116.082367"></trkpt><trkpt lat="30.968672" lon="-116.081269"></trkpt><trkpt lat="30.968672" lon="-116.080520"></trkpt><trkpt lat="30.967987" lon="-116.079572"></trkpt><trkpt lat="30.968244" lon="-116.078324"></trkpt><trkpt lat="30.967902" lon="-116.077126"></trkpt><trkpt lat="30.965419" lon="-116.071934"></trkpt><trkpt lat="30.965248" lon="-116.070137"></trkpt><trkpt lat="30.966318" lon="-116.063848"></trkpt><trkpt lat="30.966275" lon="-116.062999"></trkpt><trkpt lat="30.965034" lon="-116.060753"></trkpt><trkpt lat="30.963921" lon="-116.059555"></trkpt><trkpt lat="30.964306" lon="-116.057608"></trkpt><trkpt lat="30.963964" lon="-116.056060"></trkpt><trkpt lat="30.958057" lon="-116.041285"></trkpt><trkpt lat="30.957478" lon="-116.035679"></trkpt><trkpt lat="30.956861" lon="-116.034359"></trkpt><trkpt lat="30.953000" lon="-116.032738"></trkpt><trkpt lat="30.952640" lon="-116.031718"></trkpt><trkpt lat="30.953000" lon="-116.029017"></trkpt><trkpt lat="30.952434" lon="-116.027276"></trkpt><trkpt lat="30.950684" lon="-116.025836"></trkpt><trkpt lat="30.948882" lon="-116.024816"></trkpt><trkpt lat="30.947338" lon="-116.020794"></trkpt><trkpt lat="30.946154" lon="-116.018754"></trkpt><trkpt lat="30.946154" lon="-116.014252"></trkpt><trkpt lat="30.946412" lon="-116.012812"></trkpt><trkpt lat="30.947132" lon="-116.012451"></trkpt><trkpt lat="30.948419" lon="-116.012212"></trkpt><trkpt lat="30.949449" lon="-116.011371"></trkpt><trkpt lat="30.949552" lon="-116.010411"></trkpt><trkpt lat="30.948934" lon="-116.009270"></trkpt><trkpt lat="30.947802" lon="-116.008670"></trkpt><trkpt lat="30.947390" lon="-116.005669"></trkpt><trkpt lat="30.946154" lon="-116.001528"></trkpt><trkpt lat="30.946463" lon="-115.999668"></trkpt><trkpt lat="30.947390" lon="-115.998467"></trkpt><trkpt lat="30.948882" lon="-115.998287"></trkpt><trkpt lat="30.950890" lon="-115.998407"></trkpt><trkpt lat="30.952846" lon="-115.996967"></trkpt><trkpt lat="30.953206" lon="-115.994626"></trkpt><trkpt lat="30.952794" lon="-115.993846"></trkpt><trkpt lat="30.950993" lon="-115.993906"></trkpt><trkpt lat="30.950581" lon="-115.993666"></trkpt><trkpt lat="30.950530" lon="-115.991505"></trkpt><trkpt lat="30.946927" lon="-115.988684"></trkpt><trkpt lat="30.943838" lon="-115.983642"></trkpt><trkpt lat="30.943529" lon="-115.980881"></trkpt><trkpt lat="30.941933" lon="-115.979501"></trkpt><trkpt lat="30.940440" lon="-115.978121"></trkpt><trkpt lat="30.939462" lon="-115.972959"></trkpt><trkpt lat="30.939256" lon="-115.967377"></trkpt><trkpt lat="30.935138" lon="-115.959095"></trkpt><trkpt lat="30.935138" lon="-115.956334"></trkpt><trkpt lat="30.936785" lon="-115.951832"></trkpt><trkpt lat="30.938175" lon="-115.948831"></trkpt><trkpt lat="30.937660" lon="-115.946731"></trkpt><trkpt lat="30.936991" lon="-115.944990"></trkpt><trkpt lat="30.942647" lon="-115.938539"></trkpt><trkpt lat="30.941132" lon="-115.937160"></trkpt><trkpt lat="30.938518" lon="-115.934546"></trkpt><trkpt lat="30.937869" lon="-115.934203"></trkpt><trkpt lat="30.935117" lon="-115.930886"></trkpt><trkpt lat="30.934877" lon="-115.930751"></trkpt><trkpt lat="30.933826" lon="-115.930391"></trkpt><trkpt lat="30.932898" lon="-115.929823"></trkpt><trkpt lat="30.932388" lon="-115.929832"></trkpt><trkpt lat="30.932187" lon="-115.929760"></trkpt><trkpt lat="30.931081" lon="-115.928588"></trkpt><trkpt lat="30.930756" lon="-115.928318"></trkpt><trkpt lat="30.930377" lon="-115.928173"></trkpt><trkpt lat="30.929960" lon="-115.928110"></trkpt><trkpt lat="30.929527" lon="-115.928264"></trkpt><trkpt lat="30.928816" lon="-115.928759"></trkpt><trkpt lat="30.928560" lon="-115.928832"></trkpt><trkpt lat="30.928297" lon="-115.928804"></trkpt><trkpt lat="30.926055" lon="-115.927804"></trkpt><trkpt lat="30.924818" lon="-115.927056"></trkpt><trkpt lat="30.924640" lon="-115.926903"></trkpt><trkpt lat="30.924416" lon="-115.926578"></trkpt><trkpt lat="30.924138" lon="-115.926001"></trkpt><trkpt lat="30.923279" lon="-115.923847"></trkpt><trkpt lat="30.923179" lon="-115.923514"></trkpt><trkpt lat="30.923156" lon="-115.923162"></trkpt><trkpt lat="30.923179" lon="-115.922405"></trkpt><trkpt lat="30.923481" lon="-115.920422"></trkpt><trkpt lat="30.923697" lon="-115.919385"></trkpt><trkpt lat="30.924223" lon="-115.916294"></trkpt><trkpt lat="30.924331" lon="-115.914158"></trkpt><trkpt lat="30.924300" lon="-115.913869"></trkpt><trkpt lat="30.924169" lon="-115.913419"></trkpt><trkpt lat="30.923233" lon="-115.911138"></trkpt><trkpt lat="30.922970" lon="-115.910345"></trkpt><trkpt lat="30.922715" lon="-115.908642"></trkpt><trkpt lat="30.922429" lon="-115.907551"></trkpt><trkpt lat="30.922383" lon="-115.907271"></trkpt><trkpt lat="30.922367" lon="-115.906622"></trkpt><trkpt lat="30.922220" lon="-115.905658"></trkpt><trkpt lat="30.922120" lon="-115.905388"></trkpt><trkpt lat="30.921702" lon="-115.904712"></trkpt><trkpt lat="30.919467" lon="-115.901818"></trkpt><trkpt lat="30.918470" lon="-115.900295"></trkpt><trkpt lat="30.917728" lon="-115.899358"></trkpt><trkpt lat="30.916846" lon="-115.898096"></trkpt><trkpt lat="30.916398" lon="-115.897555"></trkpt><trkpt lat="30.914596" lon="-115.894653"></trkpt><trkpt lat="30.914441" lon="-115.894464"></trkpt><trkpt lat="30.913869" lon="-115.894004"></trkpt><trkpt lat="30.913397" lon="-115.893733"></trkpt><trkpt lat="30.913018" lon="-115.893652"></trkpt><trkpt lat="30.912840" lon="-115.893526"></trkpt><trkpt lat="30.912407" lon="-115.892688"></trkpt><trkpt lat="30.911348" lon="-115.891138"></trkpt><trkpt lat="30.910691" lon="-115.889813"></trkpt><trkpt lat="30.910111" lon="-115.889019"></trkpt><trkpt lat="30.908587" lon="-115.887154"></trkpt><trkpt lat="30.907999" lon="-115.886324"></trkpt><trkpt lat="30.907814" lon="-115.886207"></trkpt><trkpt lat="30.906901" lon="-115.885901"></trkpt><trkpt lat="30.906290" lon="-115.885766"></trkpt><trkpt lat="30.905602" lon="-115.885540"></trkpt><trkpt lat="30.904357" lon="-115.884801"></trkpt><trkpt lat="30.904225" lon="-115.884648"></trkpt><trkpt lat="30.904179" lon="-115.884260"></trkpt><trkpt lat="30.904373" lon="-115.882692"></trkpt><trkpt lat="30.904558" lon="-115.881845"></trkpt><trkpt lat="30.904574" lon="-115.881629"></trkpt><trkpt lat="30.904504" lon="-115.881385"></trkpt><trkpt lat="30.904295" lon="-115.881106"></trkpt><trkpt lat="30.903885" lon="-115.880772"></trkpt><trkpt lat="30.902772" lon="-115.879655"></trkpt><trkpt lat="30.902400" lon="-115.879105"></trkpt><trkpt lat="30.902393" lon="-115.878915"></trkpt><trkpt lat="30.902594" lon="-115.878239"></trkpt><trkpt lat="30.902501" lon="-115.877789"></trkpt><trkpt lat="30.902509" lon="-115.877572"></trkpt><trkpt lat="30.902632" lon="-115.877194"></trkpt><trkpt lat="30.902609" lon="-115.876951"></trkpt><trkpt lat="30.902547" lon="-115.876761"></trkpt><trkpt lat="30.902261" lon="-115.876428"></trkpt><trkpt lat="30.901960" lon="-115.875905"></trkpt><trkpt lat="30.901929" lon="-115.875671"></trkpt><trkpt lat="30.902161" lon="-115.873706"></trkpt><trkpt lat="30.902137" lon="-115.873444"></trkpt><trkpt lat="30.901635" lon="-115.872119"></trkpt><trkpt lat="30.901612" lon="-115.871912"></trkpt><trkpt lat="30.901859" lon="-115.870839"></trkpt><trkpt lat="30.901843" lon="-115.870407"></trkpt><trkpt lat="30.901735" lon="-115.869785"></trkpt><trkpt lat="30.901751" lon="-115.869388"></trkpt><trkpt lat="30.901851" lon="-115.868947"></trkpt><trkpt lat="30.902168" lon="-115.868280"></trkpt><trkpt lat="30.902230" lon="-115.868054"></trkpt><trkpt lat="30.902230" lon="-115.867829"></trkpt><trkpt lat="30.902130" lon="-115.867288"></trkpt><trkpt lat="30.901921" lon="-115.866585"></trkpt><trkpt lat="30.901704" lon="-115.866170"></trkpt><trkpt lat="30.901178" lon="-115.865431"></trkpt><trkpt lat="30.900923" lon="-115.864701"></trkpt><trkpt lat="30.900537" lon="-115.864251"></trkpt><trkpt lat="30.900366" lon="-115.863593"></trkpt><trkpt lat="30.899693" lon="-115.862601"></trkpt><trkpt lat="30.899531" lon="-115.862232"></trkpt><trkpt lat="30.899423" lon="-115.860970"></trkpt><trkpt lat="30.899090" lon="-115.859798"></trkpt><trkpt lat="30.899206" lon="-115.858987"></trkpt><trkpt lat="30.899082" lon="-115.857103"></trkpt><trkpt lat="30.898959" lon="-115.855985"></trkpt><trkpt lat="30.898881" lon="-115.855706"></trkpt><trkpt lat="30.898634" lon="-115.855201"></trkpt><trkpt lat="30.898332" lon="-115.854715"></trkpt><trkpt lat="30.897961" lon="-115.854246"></trkpt><trkpt lat="30.897868" lon="-115.854021"></trkpt><trkpt lat="30.897884" lon="-115.853840"></trkpt><trkpt lat="30.898100" lon="-115.853471"></trkpt><trkpt lat="30.898108" lon="-115.853299"></trkpt><trkpt lat="30.897853" lon="-115.852650"></trkpt><trkpt lat="30.897334" lon="-115.852065"></trkpt><trkpt lat="30.897288" lon="-115.851668"></trkpt><trkpt lat="30.897141" lon="-115.851271"></trkpt><trkpt lat="30.897118" lon="-115.850992"></trkpt><trkpt lat="30.897242" lon="-115.850451"></trkpt><trkpt lat="30.897211" lon="-115.850253"></trkpt><trkpt lat="30.896190" lon="-115.849649"></trkpt><trkpt lat="30.895881" lon="-115.849361"></trkpt><trkpt lat="30.894976" lon="-115.847909"></trkpt><trkpt lat="30.894589" lon="-115.847504"></trkpt><trkpt lat="30.894241" lon="-115.846792"></trkpt><trkpt lat="30.893715" lon="-115.846035"></trkpt><trkpt lat="30.893668" lon="-115.845836"></trkpt><trkpt lat="30.893676" lon="-115.845404"></trkpt><trkpt lat="30.893614" lon="-115.845196"></trkpt><trkpt lat="30.893475" lon="-115.845025"></trkpt><trkpt lat="30.893259" lon="-115.844908"></trkpt><trkpt lat="30.892415" lon="-115.844701"></trkpt><trkpt lat="30.891967" lon="-115.844349"></trkpt><trkpt lat="30.891193" lon="-115.842826"></trkpt><trkpt lat="30.891139" lon="-115.842276"></trkpt><trkpt lat="30.890946" lon="-115.841618"></trkpt><trkpt lat="30.890915" lon="-115.841375"></trkpt><trkpt lat="30.890923" lon="-115.841122"></trkpt><trkpt lat="30.891023" lon="-115.840717"></trkpt><trkpt lat="30.890961" lon="-115.840527"></trkpt><trkpt lat="30.890412" lon="-115.839996"></trkpt><trkpt lat="30.890079" lon="-115.839419"></trkpt><trkpt lat="30.890033" lon="-115.838499"></trkpt><trkpt lat="30.889770" lon="-115.837724"></trkpt><trkpt lat="30.889964" lon="-115.836742"></trkpt><trkpt lat="30.890242" lon="-115.836489"></trkpt><trkpt lat="30.890335" lon="-115.836021"></trkpt><trkpt lat="30.891008" lon="-115.835255"></trkpt><trkpt lat="30.891185" lon="-115.835146"></trkpt><trkpt lat="30.891557" lon="-115.835038"></trkpt><trkpt lat="30.892191" lon="-115.834660"></trkpt><trkpt lat="30.893027" lon="-115.833984"></trkpt><trkpt lat="30.893552" lon="-115.833740"></trkpt><trkpt lat="30.893962" lon="-115.833786"></trkpt><trkpt lat="30.894233" lon="-115.833605"></trkpt><trkpt lat="30.894403" lon="-115.833272"></trkpt><trkpt lat="30.894442" lon="-115.833019"></trkpt><trkpt lat="30.894333" lon="-115.832154"></trkpt><trkpt lat="30.894736" lon="-115.830676"></trkpt><trkpt lat="30.894720" lon="-115.830433"></trkpt><trkpt lat="30.894620" lon="-115.830279"></trkpt><trkpt lat="30.893699" lon="-115.829432"></trkpt><trkpt lat="30.893467" lon="-115.828855"></trkpt><trkpt lat="30.893065" lon="-115.828332"></trkpt><trkpt lat="30.892756" lon="-115.828026"></trkpt><trkpt lat="30.892369" lon="-115.827476"></trkpt><trkpt lat="30.892307" lon="-115.827296"></trkpt><trkpt lat="30.892361" lon="-115.826962"></trkpt><trkpt lat="30.892454" lon="-115.826818"></trkpt><trkpt lat="30.892965" lon="-115.826295"></trkpt><trkpt lat="30.893444" lon="-115.824565"></trkpt><trkpt lat="30.893405" lon="-115.823817"></trkpt><trkpt lat="30.893227" lon="-115.823528"></trkpt><trkpt lat="30.892941" lon="-115.823366"></trkpt><trkpt lat="30.892779" lon="-115.823195"></trkpt><trkpt lat="30.892369" lon="-115.822140"></trkpt><trkpt lat="30.892168" lon="-115.821743"></trkpt><trkpt lat="30.891510" lon="-115.820977"></trkpt><trkpt lat="30.891139" lon="-115.820346"></trkpt><trkpt lat="30.890497" lon="-115.817805"></trkpt><trkpt lat="30.890520" lon="-115.817390"></trkpt><trkpt lat="30.889948" lon="-115.815641"></trkpt><trkpt lat="30.889507" lon="-115.814037"></trkpt><trkpt lat="30.888834" lon="-115.812883"></trkpt><trkpt lat="30.888370" lon="-115.813388"></trkpt><trkpt lat="30.887898" lon="-115.813424"></trkpt><trkpt lat="30.887759" lon="-115.813541"></trkpt><trkpt lat="30.887519" lon="-115.813875"></trkpt><trkpt lat="30.887171" lon="-115.814190"></trkpt><trkpt lat="30.886699" lon="-115.815146"></trkpt><trkpt lat="30.886529" lon="-115.815299"></trkpt><trkpt lat="30.885895" lon="-115.815777"></trkpt><trkpt lat="30.884766" lon="-115.816173"></trkpt><trkpt lat="30.883938" lon="-115.816597"></trkpt><trkpt lat="30.882731" lon="-115.816750"></trkpt><trkpt lat="30.881733" lon="-115.816570"></trkpt><trkpt lat="30.880944" lon="-115.816254"></trkpt><trkpt lat="30.880728" lon="-115.816218"></trkpt><trkpt lat="30.880078" lon="-115.816290"></trkpt><trkpt lat="30.879714" lon="-115.816254"></trkpt><trkpt lat="30.879567" lon="-115.816335"></trkpt><trkpt lat="30.879111" lon="-115.816723"></trkpt><trkpt lat="30.878801" lon="-115.817156"></trkpt><trkpt lat="30.878709" lon="-115.817336"></trkpt><trkpt lat="30.878384" lon="-115.818508"></trkpt><trkpt lat="30.878144" lon="-115.818904"></trkpt><trkpt lat="30.877865" lon="-115.819256"></trkpt><trkpt lat="30.877161" lon="-115.819932"></trkpt><trkpt lat="30.876442" lon="-115.820743"></trkpt><trkpt lat="30.876233" lon="-115.820941"></trkpt><trkpt lat="30.874052" lon="-115.822447"></trkpt><trkpt lat="30.872999" lon="-115.823105"></trkpt><trkpt lat="30.872396" lon="-115.823673"></trkpt><trkpt lat="30.871475" lon="-115.824772"></trkpt><trkpt lat="30.870911" lon="-115.825764"></trkpt><trkpt lat="30.870686" lon="-115.826241"></trkpt><trkpt lat="30.870377" lon="-115.827098"></trkpt><trkpt lat="30.870036" lon="-115.828594"></trkpt><trkpt lat="30.869820" lon="-115.830433"></trkpt><trkpt lat="30.869735" lon="-115.831667"></trkpt><trkpt lat="30.869572" lon="-115.833146"></trkpt><trkpt lat="30.869526" lon="-115.834705"></trkpt><trkpt lat="30.869588" lon="-115.835200"></trkpt><trkpt lat="30.870083" lon="-115.836517"></trkpt><trkpt lat="30.870230" lon="-115.837301"></trkpt><trkpt lat="30.870160" lon="-115.837697"></trkpt><trkpt lat="30.869549" lon="-115.838517"></trkpt><trkpt lat="30.869046" lon="-115.838842"></trkpt><trkpt lat="30.868597" lon="-115.839238"></trkpt><trkpt lat="30.867592" lon="-115.839509"></trkpt><trkpt lat="30.864791" lon="-115.841185"></trkpt><trkpt lat="30.864156" lon="-115.841636"></trkpt><trkpt lat="30.863638" lon="-115.842123"></trkpt><trkpt lat="30.861069" lon="-115.844169"></trkpt><trkpt lat="30.858593" lon="-115.846269"></trkpt><trkpt lat="30.856226" lon="-115.849369"></trkpt><trkpt lat="30.856063" lon="-115.849487"></trkpt><trkpt lat="30.855901" lon="-115.849406"></trkpt><trkpt lat="30.854477" lon="-115.848405"></trkpt><trkpt lat="30.853897" lon="-115.847927"></trkpt><trkpt lat="30.852349" lon="-115.846864"></trkpt><trkpt lat="30.850887" lon="-115.845935"></trkpt><trkpt lat="30.850740" lon="-115.845908"></trkpt><trkpt lat="30.850461" lon="-115.846215"></trkpt><trkpt lat="30.849386" lon="-115.847116"></trkpt><trkpt lat="30.848449" lon="-115.847495"></trkpt><trkpt lat="30.847807" lon="-115.847846"></trkpt><trkpt lat="30.847227" lon="-115.848063"></trkpt><trkpt lat="30.845346" lon="-115.848955"></trkpt><trkpt lat="30.844696" lon="-115.849324"></trkpt><trkpt lat="30.843226" lon="-115.849550"></trkpt><trkpt lat="30.842583" lon="-115.849703"></trkpt><trkpt lat="30.841167" lon="-115.850154"></trkpt><trkpt lat="30.839999" lon="-115.850649"></trkpt><trkpt lat="30.839635" lon="-115.850875"></trkpt><trkpt lat="30.839410" lon="-115.851091"></trkpt><trkpt lat="30.838443" lon="-115.852398"></trkpt><trkpt lat="30.837313" lon="-115.853218"></trkpt><trkpt lat="30.837143" lon="-115.853335"></trkpt><trkpt lat="30.836973" lon="-115.853363"></trkpt><trkpt lat="30.836648" lon="-115.853191"></trkpt><trkpt lat="30.836446" lon="-115.853272"></trkpt><trkpt lat="30.830054" lon="-115.857833"></trkpt><trkpt lat="30.829551" lon="-115.858086"></trkpt><trkpt lat="30.829179" lon="-115.858185"></trkpt><trkpt lat="30.828668" lon="-115.858464"></trkpt><trkpt lat="30.828614" lon="-115.858680"></trkpt><trkpt lat="30.828653" lon="-115.860465"></trkpt><trkpt lat="30.828622" lon="-115.860654"></trkpt><trkpt lat="30.828150" lon="-115.861907"></trkpt><trkpt lat="30.827972" lon="-115.862123"></trkpt><trkpt lat="30.827763" lon="-115.862250"></trkpt><trkpt lat="30.827329" lon="-115.862439"></trkpt><trkpt lat="30.826772" lon="-115.862601"></trkpt><trkpt lat="30.826625" lon="-115.862700"></trkpt><trkpt lat="30.826517" lon="-115.862844"></trkpt><trkpt lat="30.826369" lon="-115.863286"></trkpt><trkpt lat="30.826292" lon="-115.863782"></trkpt><trkpt lat="30.826377" lon="-115.864773"></trkpt><trkpt lat="30.826230" lon="-115.865963"></trkpt><trkpt lat="30.826191" lon="-115.867757"></trkpt><trkpt lat="30.825920" lon="-115.868631"></trkpt><trkpt lat="30.825820" lon="-115.869307"></trkpt><trkpt lat="30.825681" lon="-115.869803"></trkpt><trkpt lat="30.825650" lon="-115.870290"></trkpt><trkpt lat="30.825541" lon="-115.870497"></trkpt><trkpt lat="30.825363" lon="-115.870614"></trkpt><trkpt lat="30.824976" lon="-115.870668"></trkpt><trkpt lat="30.824341" lon="-115.870461"></trkpt><trkpt lat="30.824133" lon="-115.870461"></trkpt><trkpt lat="30.823777" lon="-115.870578"></trkpt><trkpt lat="30.823065" lon="-115.870434"></trkpt><trkpt lat="30.822716" lon="-115.870272"></trkpt><trkpt lat="30.822546" lon="-115.870244"></trkpt><trkpt lat="30.822399" lon="-115.870290"></trkpt><trkpt lat="30.822244" lon="-115.870461"></trkpt><trkpt lat="30.822221" lon="-115.870632"></trkpt><trkpt lat="30.822461" lon="-115.871470"></trkpt><trkpt lat="30.822468" lon="-115.871660"></trkpt><trkpt lat="30.822376" lon="-115.871804"></trkpt><trkpt lat="30.821199" lon="-115.872300"></trkpt><trkpt lat="30.820502" lon="-115.873084"></trkpt><trkpt lat="30.818382" lon="-115.874463"></trkpt><trkpt lat="30.817274" lon="-115.875643"></trkpt><trkpt lat="30.816671" lon="-115.876067"></trkpt><trkpt lat="30.816276" lon="-115.876590"></trkpt><trkpt lat="30.815928" lon="-115.877392"></trkpt><trkpt lat="30.815657" lon="-115.877843"></trkpt><trkpt lat="30.815510" lon="-115.878059"></trkpt><trkpt lat="30.815006" lon="-115.878528"></trkpt><trkpt lat="30.814906" lon="-115.878717"></trkpt><trkpt lat="30.814821" lon="-115.878933"></trkpt><trkpt lat="30.814852" lon="-115.879627"></trkpt><trkpt lat="30.814635" lon="-115.880385"></trkpt><trkpt lat="30.814403" lon="-115.880745"></trkpt><trkpt lat="30.813389" lon="-115.881944"></trkpt><trkpt lat="30.813373" lon="-115.882160"></trkpt><trkpt lat="30.813420" lon="-115.882331"></trkpt><trkpt lat="30.813389" lon="-115.882512"></trkpt><trkpt lat="30.813172" lon="-115.882917"></trkpt><trkpt lat="30.813164" lon="-115.883125"></trkpt><trkpt lat="30.813358" lon="-115.883521"></trkpt><trkpt lat="30.813412" lon="-115.883783"></trkpt><trkpt lat="30.813404" lon="-115.884612"></trkpt><trkpt lat="30.813861" lon="-115.886757"></trkpt><trkpt lat="30.813876" lon="-115.887045"></trkpt><trkpt lat="30.813752" lon="-115.887658"></trkpt><trkpt lat="30.813690" lon="-115.888434"></trkpt><trkpt lat="30.813690" lon="-115.889236"></trkpt><trkpt lat="30.813567" lon="-115.889912"></trkpt><trkpt lat="30.813598" lon="-115.891372"></trkpt><trkpt lat="30.813621" lon="-115.891669"></trkpt><trkpt lat="30.813745" lon="-115.892066"></trkpt><trkpt lat="30.813737" lon="-115.892246"></trkpt><trkpt lat="30.813404" lon="-115.892814"></trkpt><trkpt lat="30.813404" lon="-115.893535"></trkpt><trkpt lat="30.813660" lon="-115.894103"></trkpt><trkpt lat="30.813690" lon="-115.894337"></trkpt><trkpt lat="30.813690" lon="-115.894608"></trkpt><trkpt lat="30.813443" lon="-115.896392"></trkpt><trkpt lat="30.813505" lon="-115.897204"></trkpt><trkpt lat="30.813164" lon="-115.897907"></trkpt><trkpt lat="30.813017" lon="-115.898492"></trkpt><trkpt lat="30.813009" lon="-115.899105"></trkpt><trkpt lat="30.813071" lon="-115.899718"></trkpt><trkpt lat="30.812994" lon="-115.900593"></trkpt><trkpt lat="30.813079" lon="-115.900827"></trkpt><trkpt lat="30.813118" lon="-115.901638"></trkpt><trkpt lat="30.813373" lon="-115.901935"></trkpt><trkpt lat="30.813404" lon="-115.902116"></trkpt><trkpt lat="30.813242" lon="-115.902161"></trkpt><trkpt lat="30.811933" lon="-115.901890"></trkpt><trkpt lat="30.811809" lon="-115.901999"></trkpt><trkpt lat="30.811221" lon="-115.901674"></trkpt><trkpt lat="30.811051" lon="-115.901332"></trkpt><trkpt lat="30.810997" lon="-115.900944"></trkpt><trkpt lat="30.810625" lon="-115.900773"></trkpt><trkpt lat="30.809773" lon="-115.900674"></trkpt><trkpt lat="30.809255" lon="-115.900511"></trkpt><trkpt lat="30.808465" lon="-115.900439"></trkpt><trkpt lat="30.806731" lon="-115.900412"></trkpt><trkpt lat="30.806058" lon="-115.900313"></trkpt><trkpt lat="30.805369" lon="-115.900313"></trkpt><trkpt lat="30.805206" lon="-115.900331"></trkpt><trkpt lat="30.804896" lon="-115.900502"></trkpt><trkpt lat="30.804579" lon="-115.900502"></trkpt><trkpt lat="30.804269" lon="-115.900728"></trkpt><trkpt lat="30.803960" lon="-115.900755"></trkpt><trkpt lat="30.803495" lon="-115.900692"></trkpt><trkpt lat="30.803240" lon="-115.900881"></trkpt><trkpt lat="30.802876" lon="-115.901503"></trkpt><trkpt lat="30.802752" lon="-115.901593"></trkpt><trkpt lat="30.802605" lon="-115.901647"></trkpt><trkpt lat="30.802280" lon="-115.901539"></trkpt><trkpt lat="30.801668" lon="-115.901692"></trkpt><trkpt lat="30.801420" lon="-115.901927"></trkpt><trkpt lat="30.801126" lon="-115.902008"></trkpt><trkpt lat="30.801025" lon="-115.902161"></trkpt><trkpt lat="30.800592" lon="-115.902404"></trkpt><trkpt lat="30.800259" lon="-115.902368"></trkpt><trkpt lat="30.799957" lon="-115.902206"></trkpt><trkpt lat="30.799810" lon="-115.902233"></trkpt><trkpt lat="30.799252" lon="-115.902575"></trkpt><trkpt lat="30.798989" lon="-115.902999"></trkpt><trkpt lat="30.798378" lon="-115.903306"></trkpt><trkpt lat="30.797905" lon="-115.903333"></trkpt><trkpt lat="30.797588" lon="-115.903261"></trkpt><trkpt lat="30.796937" lon="-115.903279"></trkpt><trkpt lat="30.796357" lon="-115.902999"></trkpt><trkpt lat="30.795900" lon="-115.903152"></trkpt><trkpt lat="30.795482" lon="-115.903468"></trkpt><trkpt lat="30.795296" lon="-115.903792"></trkpt><trkpt lat="30.795250" lon="-115.903973"></trkpt><trkpt lat="30.794754" lon="-115.904180"></trkpt><trkpt lat="30.794638" lon="-115.904297"></trkpt><trkpt lat="30.794483" lon="-115.904270"></trkpt><trkpt lat="30.794158" lon="-115.904369"></trkpt><trkpt lat="30.793833" lon="-115.904631"></trkpt><trkpt lat="30.792927" lon="-115.904820"></trkpt><trkpt lat="30.791851" lon="-115.905307"></trkpt><trkpt lat="30.791340" lon="-115.905352"></trkpt><trkpt lat="30.790852" lon="-115.905649"></trkpt><trkpt lat="30.790325" lon="-115.905856"></trkpt><trkpt lat="30.790163" lon="-115.905983"></trkpt><trkpt lat="30.789613" lon="-115.906812"></trkpt><trkpt lat="30.789055" lon="-115.907398"></trkpt><trkpt lat="30.788297" lon="-115.907984"></trkpt><trkpt lat="30.788142" lon="-115.908038"></trkpt><trkpt lat="30.787298" lon="-115.908001"></trkpt><trkpt lat="30.786671" lon="-115.908362"></trkpt><trkpt lat="30.786345" lon="-115.908470"></trkpt><trkpt lat="30.785718" lon="-115.908903"></trkpt><trkpt lat="30.785207" lon="-115.908723"></trkpt><trkpt lat="30.785052" lon="-115.908759"></trkpt><trkpt lat="30.784595" lon="-115.908642"></trkpt><trkpt lat="30.784084" lon="-115.908741"></trkpt><trkpt lat="30.783697" lon="-115.909056"></trkpt><trkpt lat="30.783504" lon="-115.909353"></trkpt><trkpt lat="30.783364" lon="-115.909471"></trkpt><trkpt lat="30.782714" lon="-115.910525"></trkpt><trkpt lat="30.782404" lon="-115.910561"></trkpt><trkpt lat="30.781877" lon="-115.910462"></trkpt><trkpt lat="30.781746" lon="-115.910570"></trkpt><trkpt lat="30.781754" lon="-115.910760"></trkpt><trkpt lat="30.781676" lon="-115.910949"></trkpt><trkpt lat="30.781119" lon="-115.911309"></trkpt><trkpt lat="30.780244" lon="-115.911715"></trkpt><trkpt lat="30.780027" lon="-115.911967"></trkpt><trkpt lat="30.779748" lon="-115.912184"></trkpt><trkpt lat="30.779376" lon="-115.912806"></trkpt><trkpt lat="30.778943" lon="-115.913121"></trkpt><trkpt lat="30.778788" lon="-115.913085"></trkpt><trkpt lat="30.778470" lon="-115.912652"></trkpt><trkpt lat="30.778153" lon="-115.912725"></trkpt><trkpt lat="30.777990" lon="-115.912652"></trkpt><trkpt lat="30.777936" lon="-115.912490"></trkpt><trkpt lat="30.777626" lon="-115.912031"></trkpt><trkpt lat="30.777185" lon="-115.911742"></trkpt><trkpt lat="30.777037" lon="-115.911715"></trkpt><trkpt lat="30.776968" lon="-115.912058"></trkpt><trkpt lat="30.776798" lon="-115.912364"></trkpt><trkpt lat="30.776650" lon="-115.913292"></trkpt><trkpt lat="30.776612" lon="-115.913698"></trkpt><trkpt lat="30.776643" lon="-115.913887"></trkpt><trkpt lat="30.776859" lon="-115.914509"></trkpt><trkpt lat="30.776774" lon="-115.915483"></trkpt><trkpt lat="30.776643" lon="-115.916285"></trkpt><trkpt lat="30.776542" lon="-115.916618"></trkpt><trkpt lat="30.776310" lon="-115.917150"></trkpt><trkpt lat="30.775961" lon="-115.917718"></trkpt><trkpt lat="30.775698" lon="-115.918051"></trkpt><trkpt lat="30.775287" lon="-115.918448"></trkpt><trkpt lat="30.774234" lon="-115.919719"></trkpt><trkpt lat="30.773770" lon="-115.920377"></trkpt><trkpt lat="30.773677" lon="-115.920548"></trkpt><trkpt lat="30.773599" lon="-115.921152"></trkpt><trkpt lat="30.773166" lon="-115.922107"></trkpt><trkpt lat="30.772941" lon="-115.922396"></trkpt><trkpt lat="30.772515" lon="-115.922765"></trkpt><trkpt lat="30.772476" lon="-115.923153"></trkpt><trkpt lat="30.772081" lon="-115.923631"></trkpt><trkpt lat="30.771624" lon="-115.924379"></trkpt><trkpt lat="30.771531" lon="-115.924595"></trkpt><trkpt lat="30.771524" lon="-115.924830"></trkpt><trkpt lat="30.771446" lon="-115.925073"></trkpt><trkpt lat="30.771075" lon="-115.925803"></trkpt><trkpt lat="30.771059" lon="-115.926046"></trkpt><trkpt lat="30.771121" lon="-115.926281"></trkpt><trkpt lat="30.771082" lon="-115.926506"></trkpt><trkpt lat="30.770834" lon="-115.927002"></trkpt><trkpt lat="30.770811" lon="-115.927236"></trkpt><trkpt lat="30.771036" lon="-115.927533"></trkpt><trkpt lat="30.771082" lon="-115.927723"></trkpt><trkpt lat="30.770377" lon="-115.930364"></trkpt><trkpt lat="30.770161" lon="-115.931004"></trkpt><trkpt lat="30.769959" lon="-115.931310"></trkpt><trkpt lat="30.769448" lon="-115.933068"></trkpt><trkpt lat="30.768991" lon="-115.933798"></trkpt><trkpt lat="30.768348" lon="-115.934492"></trkpt><trkpt lat="30.767558" lon="-115.935186"></trkpt><trkpt lat="30.767442" lon="-115.935537"></trkpt><trkpt lat="30.767334" lon="-115.936204"></trkpt><trkpt lat="30.767187" lon="-115.936610"></trkpt><trkpt lat="30.767070" lon="-115.937466"></trkpt><trkpt lat="30.766993" lon="-115.937692"></trkpt><trkpt lat="30.766923" lon="-115.938151"></trkpt><trkpt lat="30.766799" lon="-115.938250"></trkpt><trkpt lat="30.766521" lon="-115.938088"></trkpt><trkpt lat="30.766265" lon="-115.938773"></trkpt><trkpt lat="30.765986" lon="-115.938990"></trkpt><trkpt lat="30.765506" lon="-115.939648"></trkpt><trkpt lat="30.765026" lon="-115.939990"></trkpt><trkpt lat="30.764894" lon="-115.940143"></trkpt><trkpt lat="30.764747" lon="-115.940477"></trkpt><trkpt lat="30.764701" lon="-115.940702"></trkpt><trkpt lat="30.764708" lon="-115.942045"></trkpt><trkpt lat="30.764933" lon="-115.943091"></trkpt><trkpt lat="30.765220" lon="-115.943271"></trkpt><trkpt lat="30.765297" lon="-115.943424"></trkpt><trkpt lat="30.765127" lon="-115.944190"></trkpt><trkpt lat="30.764925" lon="-115.944470"></trkpt><trkpt lat="30.764809" lon="-115.944839"></trkpt><trkpt lat="30.764809" lon="-115.945497"></trkpt><trkpt lat="30.765065" lon="-115.946606"></trkpt><trkpt lat="30.765057" lon="-115.947011"></trkpt><trkpt lat="30.764979" lon="-115.947543"></trkpt><trkpt lat="30.764972" lon="-115.948670"></trkpt><trkpt lat="30.764801" lon="-115.948967"></trkpt><trkpt lat="30.764577" lon="-115.949679"></trkpt><trkpt lat="30.763895" lon="-115.950563"></trkpt><trkpt lat="30.763345" lon="-115.950977"></trkpt><trkpt lat="30.761703" lon="-115.952023"></trkpt><trkpt lat="30.760967" lon="-115.952311"></trkpt><trkpt lat="30.760510" lon="-115.952618"></trkpt><trkpt lat="30.759333" lon="-115.953159"></trkpt><trkpt lat="30.758342" lon="-115.953961"></trkpt><trkpt lat="30.756584" lon="-115.955214"></trkpt><trkpt lat="30.756367" lon="-115.955574"></trkpt><trkpt lat="30.755731" lon="-115.957079"></trkpt><trkpt lat="30.755298" lon="-115.957764"></trkpt><trkpt lat="30.754515" lon="-115.958413"></trkpt><trkpt lat="30.752130" lon="-115.960685"></trkpt><trkpt lat="30.751812" lon="-115.961225"></trkpt><trkpt lat="30.751231" lon="-115.962938"></trkpt><trkpt lat="30.750782" lon="-115.962749"></trkpt><trkpt lat="30.750294" lon="-115.962758"></trkpt><trkpt lat="30.749457" lon="-115.962677"></trkpt><trkpt lat="30.749310" lon="-115.962713"></trkpt><trkpt lat="30.749101" lon="-115.963668"></trkpt><trkpt lat="30.749016" lon="-115.963812"></trkpt><trkpt lat="30.748861" lon="-115.963848"></trkpt><trkpt lat="30.748714" lon="-115.963794"></trkpt><trkpt lat="30.748171" lon="-115.963335"></trkpt><trkpt lat="30.747459" lon="-115.963704"></trkpt><trkpt lat="30.747149" lon="-115.963776"></trkpt><trkpt lat="30.746948" lon="-115.963740"></trkpt><trkpt lat="30.745127" lon="-115.963127"></trkpt><trkpt lat="30.740967" lon="-115.961901"></trkpt><trkpt lat="30.740611" lon="-115.961730"></trkpt><trkpt lat="30.740285" lon="-115.961496"></trkpt><trkpt lat="30.739673" lon="-115.961217"></trkpt><trkpt lat="30.739596" lon="-115.960892"></trkpt><trkpt lat="30.739464" lon="-115.959928"></trkpt><trkpt lat="30.739116" lon="-115.958864"></trkpt><trkpt lat="30.739108" lon="-115.958485"></trkpt><trkpt lat="30.738984" lon="-115.957854"></trkpt><trkpt lat="30.738945" lon="-115.957395"></trkpt><trkpt lat="30.738953" lon="-115.956502"></trkpt><trkpt lat="30.738697" lon="-115.955619"></trkpt><trkpt lat="30.738705" lon="-115.955448"></trkpt><trkpt lat="30.738837" lon="-115.955042"></trkpt><trkpt lat="30.738945" lon="-115.954051"></trkpt><trkpt lat="30.739108" lon="-115.953150"></trkpt><trkpt lat="30.739123" lon="-115.952924"></trkpt><trkpt lat="30.739007" lon="-115.952329"></trkpt><trkpt lat="30.738844" lon="-115.951996"></trkpt><trkpt lat="30.738240" lon="-115.951437"></trkpt><trkpt lat="30.738116" lon="-115.951085"></trkpt><trkpt lat="30.738008" lon="-115.950923"></trkpt><trkpt lat="30.737682" lon="-115.950671"></trkpt><trkpt lat="30.737411" lon="-115.950364"></trkpt><trkpt lat="30.737210" lon="-115.949833"></trkpt><trkpt lat="30.737016" lon="-115.949517"></trkpt><trkpt lat="30.736086" lon="-115.948553"></trkpt><trkpt lat="30.735877" lon="-115.948156"></trkpt><trkpt lat="30.735838" lon="-115.947949"></trkpt><trkpt lat="30.735978" lon="-115.947381"></trkpt><trkpt lat="30.735962" lon="-115.946966"></trkpt><trkpt lat="30.735482" lon="-115.946128"></trkpt><trkpt lat="30.734955" lon="-115.945533"></trkpt><trkpt lat="30.734769" lon="-115.945128"></trkpt><trkpt lat="30.734669" lon="-115.944686"></trkpt><trkpt lat="30.734676" lon="-115.943208"></trkpt><trkpt lat="30.734746" lon="-115.942342"></trkpt><trkpt lat="30.734839" lon="-115.941937"></trkpt><trkpt lat="30.734816" lon="-115.941711"></trkpt><trkpt lat="30.734638" lon="-115.941324"></trkpt><trkpt lat="30.733569" lon="-115.940378"></trkpt><trkpt lat="30.733336" lon="-115.939990"></trkpt><trkpt lat="30.733119" lon="-115.939161"></trkpt><trkpt lat="30.732771" lon="-115.938413"></trkpt><trkpt lat="30.732716" lon="-115.938007"></trkpt><trkpt lat="30.733119" lon="-115.935880"></trkpt><trkpt lat="30.733104" lon="-115.935537"></trkpt><trkpt lat="30.732957" lon="-115.935033"></trkpt><trkpt lat="30.732802" lon="-115.934095"></trkpt><trkpt lat="30.732608" lon="-115.933293"></trkpt><trkpt lat="30.732159" lon="-115.932022"></trkpt><trkpt lat="30.731709" lon="-115.930481"></trkpt><trkpt lat="30.731500" lon="-115.930120"></trkpt><trkpt lat="30.731260" lon="-115.929273"></trkpt><trkpt lat="30.731159" lon="-115.927840"></trkpt><trkpt lat="30.731244" lon="-115.926884"></trkpt><trkpt lat="30.729919" lon="-115.924072"></trkpt><trkpt lat="30.729183" lon="-115.922765"></trkpt><trkpt lat="30.728199" lon="-115.920755"></trkpt><trkpt lat="30.726983" lon="-115.919223"></trkpt><trkpt lat="30.726495" lon="-115.917970"></trkpt><trkpt lat="30.726115" lon="-115.917565"></trkpt><trkpt lat="30.724875" lon="-115.916691"></trkpt><trkpt lat="30.724604" lon="-115.916420"></trkpt><trkpt lat="30.724674" lon="-115.915104"></trkpt><trkpt lat="30.724643" lon="-115.914897"></trkpt><trkpt lat="30.723961" lon="-115.913148"></trkpt><trkpt lat="30.723984" lon="-115.912788"></trkpt><trkpt lat="30.724209" lon="-115.912229"></trkpt><trkpt lat="30.724256" lon="-115.911886"></trkpt><trkpt lat="30.724170" lon="-115.911490"></trkpt><trkpt lat="30.723798" lon="-115.910742"></trkpt><trkpt lat="30.723798" lon="-115.910363"></trkpt><trkpt lat="30.723899" lon="-115.910011"></trkpt><trkpt lat="30.724271" lon="-115.909552"></trkpt><trkpt lat="30.724643" lon="-115.908542"></trkpt><trkpt lat="30.724682" lon="-115.908353"></trkpt><trkpt lat="30.724612" lon="-115.906794"></trkpt><trkpt lat="30.724844" lon="-115.906208"></trkpt><trkpt lat="30.724883" lon="-115.905974"></trkpt><trkpt lat="30.724860" lon="-115.905757"></trkpt><trkpt lat="30.724395" lon="-115.904288"></trkpt><trkpt lat="30.724263" lon="-115.904180"></trkpt><trkpt lat="30.723566" lon="-115.904000"></trkpt><trkpt lat="30.723264" lon="-115.903801"></trkpt><trkpt lat="30.723171" lon="-115.903648"></trkpt><trkpt lat="30.723140" lon="-115.903423"></trkpt><trkpt lat="30.723148" lon="-115.901872"></trkpt><trkpt lat="30.723070" lon="-115.900935"></trkpt><trkpt lat="30.722946" lon="-115.900403"></trkpt><trkpt lat="30.722876" lon="-115.898943"></trkpt><trkpt lat="30.722845" lon="-115.898763"></trkpt><trkpt lat="30.722613" lon="-115.898204"></trkpt><trkpt lat="30.722822" lon="-115.897059"></trkpt><trkpt lat="30.723055" lon="-115.896509"></trkpt><trkpt lat="30.724108" lon="-115.894698"></trkpt><trkpt lat="30.724333" lon="-115.894382"></trkpt><trkpt lat="30.724651" lon="-115.894094"></trkpt><trkpt lat="30.725077" lon="-115.893418"></trkpt><trkpt lat="30.725054" lon="-115.892823"></trkpt><trkpt lat="30.724930" lon="-115.891678"></trkpt><trkpt lat="30.724782" lon="-115.891336"></trkpt><trkpt lat="30.724403" lon="-115.890804"></trkpt><trkpt lat="30.724217" lon="-115.890417"></trkpt><trkpt lat="30.724132" lon="-115.889930"></trkpt><trkpt lat="30.724178" lon="-115.889551"></trkpt><trkpt lat="30.724139" lon="-115.889344"></trkpt><trkpt lat="30.723675" lon="-115.888614"></trkpt><trkpt lat="30.723295" lon="-115.888244"></trkpt><trkpt lat="30.722721" lon="-115.887081"></trkpt><trkpt lat="30.722659" lon="-115.886883"></trkpt><trkpt lat="30.722698" lon="-115.886451"></trkpt><trkpt lat="30.722683" lon="-115.885901"></trkpt><trkpt lat="30.722419" lon="-115.885387"></trkpt><trkpt lat="30.722195" lon="-115.884684"></trkpt><trkpt lat="30.722241" lon="-115.884125"></trkpt><trkpt lat="30.722148" lon="-115.883963"></trkpt><trkpt lat="30.722094" lon="-115.883584"></trkpt><trkpt lat="30.722195" lon="-115.883206"></trkpt><trkpt lat="30.722171" lon="-115.883008"></trkpt><trkpt lat="30.722264" lon="-115.882070"></trkpt><trkpt lat="30.722272" lon="-115.881349"></trkpt><trkpt lat="30.722388" lon="-115.881006"></trkpt><trkpt lat="30.722295" lon="-115.878906"></trkpt><trkpt lat="30.722745" lon="-115.877491"></trkpt><trkpt lat="30.722915" lon="-115.876707"></trkpt><trkpt lat="30.722915" lon="-115.876157"></trkpt><trkpt lat="30.722791" lon="-115.875797"></trkpt><trkpt lat="30.722683" lon="-115.875653"></trkpt><trkpt lat="30.721776" lon="-115.875094"></trkpt><trkpt lat="30.721637" lon="-115.874959"></trkpt><trkpt lat="30.721567" lon="-115.874787"></trkpt><trkpt lat="30.721567" lon="-115.874616"></trkpt><trkpt lat="30.721637" lon="-115.874264"></trkpt><trkpt lat="30.721730" lon="-115.873093"></trkpt><trkpt lat="30.721559" lon="-115.872300"></trkpt><trkpt lat="30.721288" lon="-115.871813"></trkpt><trkpt lat="30.721055" lon="-115.871542"></trkpt><trkpt lat="30.720513" lon="-115.871110"></trkpt><trkpt lat="30.720366" lon="-115.870776"></trkpt><trkpt lat="30.720118" lon="-115.870569"></trkpt><trkpt lat="30.720149" lon="-115.870578"></trkpt><trkpt lat="30.720141" lon="-115.870380"></trkpt><trkpt lat="30.720273" lon="-115.870001"></trkpt><trkpt lat="30.720459" lon="-115.868415"></trkpt><trkpt lat="30.720560" lon="-115.868225"></trkpt><trkpt lat="30.720916" lon="-115.868126"></trkpt><trkpt lat="30.721505" lon="-115.867802"></trkpt><trkpt lat="30.721652" lon="-115.867631"></trkpt><trkpt lat="30.721885" lon="-115.867162"></trkpt><trkpt lat="30.721939" lon="-115.866928"></trkpt><trkpt lat="30.721861" lon="-115.866495"></trkpt><trkpt lat="30.721792" lon="-115.866306"></trkpt><trkpt lat="30.721172" lon="-115.865359"></trkpt><trkpt lat="30.721102" lon="-115.865170"></trkpt><trkpt lat="30.721055" lon="-115.864746"></trkpt><trkpt lat="30.721613" lon="-115.863016"></trkpt><trkpt lat="30.721861" lon="-115.862006"></trkpt><trkpt lat="30.722063" lon="-115.861619"></trkpt><trkpt lat="30.722605" lon="-115.860961"></trkpt><trkpt lat="30.722667" lon="-115.860799"></trkpt><trkpt lat="30.722845" lon="-115.860150"></trkpt><trkpt lat="30.723047" lon="-115.858599"></trkpt><trkpt lat="30.723031" lon="-115.858374"></trkpt><trkpt lat="30.722853" lon="-115.857680"></trkpt><trkpt lat="30.722683" lon="-115.856436"></trkpt><trkpt lat="30.722535" lon="-115.854462"></trkpt><trkpt lat="30.722171" lon="-115.853507"></trkpt><trkpt lat="30.721683" lon="-115.852533"></trkpt><trkpt lat="30.721427" lon="-115.852191"></trkpt><trkpt lat="30.720606" lon="-115.851569"></trkpt><trkpt lat="30.719738" lon="-115.850334"></trkpt><trkpt lat="30.719622" lon="-115.849937"></trkpt><trkpt lat="30.719374" lon="-115.849586"></trkpt><trkpt lat="30.719273" lon="-115.849162"></trkpt><trkpt lat="30.719374" lon="-115.848207"></trkpt><trkpt lat="30.719227" lon="-115.847648"></trkpt><trkpt lat="30.719188" lon="-115.847017"></trkpt><trkpt lat="30.719064" lon="-115.846305"></trkpt><trkpt lat="30.719180" lon="-115.845323"></trkpt><trkpt lat="30.719134" lon="-115.844259"></trkpt><trkpt lat="30.719297" lon="-115.843466"></trkpt><trkpt lat="30.719397" lon="-115.843331"></trkpt><trkpt lat="30.719940" lon="-115.842826"></trkpt><trkpt lat="30.720560" lon="-115.842826"></trkpt><trkpt lat="30.721637" lon="-115.842916"></trkpt><trkpt lat="30.722272" lon="-115.842574"></trkpt><trkpt lat="30.722667" lon="-115.842438"></trkpt><trkpt lat="30.722822" lon="-115.842321"></trkpt><trkpt lat="30.722900" lon="-115.842177"></trkpt><trkpt lat="30.723140" lon="-115.841158"></trkpt><trkpt lat="30.723403" lon="-115.840464"></trkpt><trkpt lat="30.723582" lon="-115.839806"></trkpt><trkpt lat="30.723597" lon="-115.839076"></trkpt><trkpt lat="30.723396" lon="-115.838229"></trkpt><trkpt lat="30.723179" lon="-115.837643"></trkpt><trkpt lat="30.722830" lon="-115.837048"></trkpt><trkpt lat="30.722597" lon="-115.836426"></trkpt><trkpt lat="30.722326" lon="-115.836156"></trkpt><trkpt lat="30.722164" lon="-115.836102"></trkpt><trkpt lat="30.722016" lon="-115.836183"></trkpt><trkpt lat="30.721118" lon="-115.836039"></trkpt><trkpt lat="30.720777" lon="-115.836129"></trkpt><trkpt lat="30.720405" lon="-115.836102"></trkpt><trkpt lat="30.720056" lon="-115.836012"></trkpt><trkpt lat="30.719669" lon="-115.836066"></trkpt><trkpt lat="30.718839" lon="-115.836039"></trkpt><trkpt lat="30.717352" lon="-115.835814"></trkpt><trkpt lat="30.715965" lon="-115.835967"></trkpt><trkpt lat="30.715531" lon="-115.835886"></trkpt><trkpt lat="30.713694" lon="-115.835913"></trkpt><trkpt lat="30.713384" lon="-115.835859"></trkpt><trkpt lat="30.713252" lon="-115.835768"></trkpt><trkpt lat="30.713314" lon="-115.835597"></trkpt><trkpt lat="30.713849" lon="-115.835155"></trkpt><trkpt lat="30.713764" lon="-115.834993"></trkpt><trkpt lat="30.713640" lon="-115.834885"></trkpt><trkpt lat="30.713508" lon="-115.834777"></trkpt><trkpt lat="30.712857" lon="-115.834570"></trkpt><trkpt lat="30.712578" lon="-115.834705"></trkpt><trkpt lat="30.712245" lon="-115.834696"></trkpt><trkpt lat="30.712082" lon="-115.834615"></trkpt><trkpt lat="30.711935" lon="-115.834209"></trkpt><trkpt lat="30.711726" lon="-115.833903"></trkpt><trkpt lat="30.710564" lon="-115.833281"></trkpt><trkpt lat="30.709618" lon="-115.832487"></trkpt><trkpt lat="30.708696" lon="-115.831902"></trkpt><trkpt lat="30.708153" lon="-115.831469"></trkpt><trkpt lat="30.708076" lon="-115.831316"></trkpt><trkpt lat="30.708068" lon="-115.830739"></trkpt><trkpt lat="30.708115" lon="-115.830568"></trkpt><trkpt lat="30.708440" lon="-115.830117"></trkpt><trkpt lat="30.708665" lon="-115.829693"></trkpt><trkpt lat="30.708727" lon="-115.828747"></trkpt><trkpt lat="30.709145" lon="-115.828035"></trkpt><trkpt lat="30.709455" lon="-115.827765"></trkpt><trkpt lat="30.709541" lon="-115.827620"></trkpt><trkpt lat="30.709463" lon="-115.827071"></trkpt><trkpt lat="30.709494" lon="-115.826512"></trkpt><trkpt lat="30.709401" lon="-115.826124"></trkpt><trkpt lat="30.709130" lon="-115.825529"></trkpt><trkpt lat="30.708975" lon="-115.825403"></trkpt><trkpt lat="30.708890" lon="-115.825250"></trkpt><trkpt lat="30.708766" lon="-115.824799"></trkpt><trkpt lat="30.708688" lon="-115.824637"></trkpt><trkpt lat="30.708541" lon="-115.824493"></trkpt><trkpt lat="30.708433" lon="-115.824096"></trkpt><trkpt lat="30.708169" lon="-115.823681"></trkpt><trkpt lat="30.706317" lon="-115.823213"></trkpt><trkpt lat="30.705743" lon="-115.823141"></trkpt><trkpt lat="30.705581" lon="-115.823014"></trkpt><trkpt lat="30.704689" lon="-115.821924"></trkpt><trkpt lat="30.703883" lon="-115.821482"></trkpt><trkpt lat="30.703728" lon="-115.821356"></trkpt><trkpt lat="30.703612" lon="-115.821167"></trkpt><trkpt lat="30.703581" lon="-115.820950"></trkpt><trkpt lat="30.703604" lon="-115.820229"></trkpt><trkpt lat="30.703434" lon="-115.819725"></trkpt><trkpt lat="30.703496" lon="-115.819175"></trkpt><trkpt lat="30.703465" lon="-115.818138"></trkpt><trkpt lat="30.703163" lon="-115.816948"></trkpt><trkpt lat="30.703070" lon="-115.816354"></trkpt><trkpt lat="30.702434" lon="-115.814740"></trkpt><trkpt lat="30.702054" lon="-115.812928"></trkpt><trkpt lat="30.701403" lon="-115.812198"></trkpt><trkpt lat="30.700876" lon="-115.811234"></trkpt><trkpt lat="30.700822" lon="-115.811054"></trkpt><trkpt lat="30.700830" lon="-115.810882"></trkpt><trkpt lat="30.701070" lon="-115.809584"></trkpt><trkpt lat="30.700900" lon="-115.809197"></trkpt><trkpt lat="30.700861" lon="-115.808999"></trkpt><trkpt lat="30.700869" lon="-115.808323"></trkpt><trkpt lat="30.700698" lon="-115.807620"></trkpt><trkpt lat="30.700597" lon="-115.807385"></trkpt><trkpt lat="30.700187" lon="-115.806826"></trkpt><trkpt lat="30.699900" lon="-115.806078"></trkpt><trkpt lat="30.698792" lon="-115.804952"></trkpt><trkpt lat="30.697474" lon="-115.803762"></trkpt><trkpt lat="30.696645" lon="-115.803212"></trkpt><trkpt lat="30.696203" lon="-115.803113"></trkpt><trkpt lat="30.695777" lon="-115.802852"></trkpt><trkpt lat="30.694878" lon="-115.802004"></trkpt><trkpt lat="30.694529" lon="-115.801860"></trkpt><trkpt lat="30.693994" lon="-115.801815"></trkpt><trkpt lat="30.693227" lon="-115.801391"></trkpt><trkpt lat="30.693017" lon="-115.801418"></trkpt><trkpt lat="30.692591" lon="-115.801761"></trkpt><trkpt lat="30.692475" lon="-115.801626"></trkpt><trkpt lat="30.692444" lon="-115.801418"></trkpt><trkpt lat="30.692359" lon="-115.801265"></trkpt><trkpt lat="30.691971" lon="-115.800905"></trkpt><trkpt lat="30.691684" lon="-115.800418"></trkpt><trkpt lat="30.691405" lon="-115.800148"></trkpt><trkpt lat="30.691103" lon="-115.800003"></trkpt><trkpt lat="30.690762" lon="-115.799517"></trkpt><trkpt lat="30.690088" lon="-115.798922"></trkpt><trkpt lat="30.689855" lon="-115.798633"></trkpt><trkpt lat="30.689553" lon="-115.798417"></trkpt><trkpt lat="30.689367" lon="-115.798065"></trkpt><trkpt lat="30.689243" lon="-115.797957"></trkpt><trkpt lat="30.689072" lon="-115.797966"></trkpt><trkpt lat="30.688933" lon="-115.797849"></trkpt><trkpt lat="30.688716" lon="-115.797561"></trkpt><trkpt lat="30.688755" lon="-115.797353"></trkpt><trkpt lat="30.688700" lon="-115.797191"></trkpt><trkpt lat="30.688568" lon="-115.797092"></trkpt><trkpt lat="30.688584" lon="-115.796921"></trkpt><trkpt lat="30.689429" lon="-115.796137"></trkpt><trkpt lat="30.689925" lon="-115.795334"></trkpt><trkpt lat="30.690057" lon="-115.795028"></trkpt><trkpt lat="30.690359" lon="-115.793982"></trkpt><trkpt lat="30.690444" lon="-115.793414"></trkpt><trkpt lat="30.690436" lon="-115.793045"></trkpt><trkpt lat="30.690917" lon="-115.791459"></trkpt><trkpt lat="30.691025" lon="-115.791332"></trkpt><trkpt lat="30.691336" lon="-115.791459"></trkpt><trkpt lat="30.691824" lon="-115.791558"></trkpt><trkpt lat="30.692010" lon="-115.791008"></trkpt><trkpt lat="30.691824" lon="-115.790674"></trkpt><trkpt lat="30.691808" lon="-115.789963"></trkpt><trkpt lat="30.692072" lon="-115.789746"></trkpt><trkpt lat="30.692103" lon="-115.789575"></trkpt><trkpt lat="30.691870" lon="-115.789070"></trkpt><trkpt lat="30.692018" lon="-115.788971"></trkpt><trkpt lat="30.692173" lon="-115.788980"></trkpt><trkpt lat="30.692111" lon="-115.788601"></trkpt><trkpt lat="30.692343" lon="-115.787880"></trkpt><trkpt lat="30.692343" lon="-115.787709"></trkpt><trkpt lat="30.692188" lon="-115.787168"></trkpt><trkpt lat="30.692196" lon="-115.786438"></trkpt><trkpt lat="30.692018" lon="-115.786159"></trkpt><trkpt lat="30.691971" lon="-115.785943"></trkpt><trkpt lat="30.691956" lon="-115.785744"></trkpt><trkpt lat="30.692087" lon="-115.785014"></trkpt><trkpt lat="30.691855" lon="-115.784230"></trkpt><trkpt lat="30.691762" lon="-115.783698"></trkpt><trkpt lat="30.691847" lon="-115.783518"></trkpt><trkpt lat="30.692328" lon="-115.782923"></trkpt><trkpt lat="30.692615" lon="-115.782436"></trkpt><trkpt lat="30.693025" lon="-115.782103"></trkpt><trkpt lat="30.692832" lon="-115.781832"></trkpt><trkpt lat="30.692498" lon="-115.781210"></trkpt><trkpt lat="30.692343" lon="-115.781238"></trkpt><trkpt lat="30.692227" lon="-115.781093"></trkpt><trkpt lat="30.692514" lon="-115.780165"></trkpt><trkpt lat="30.692498" lon="-115.779615"></trkpt><trkpt lat="30.692770" lon="-115.778687"></trkpt><trkpt lat="30.692684" lon="-115.778542"></trkpt><trkpt lat="30.692273" lon="-115.778155"></trkpt><trkpt lat="30.692188" lon="-115.778011"></trkpt><trkpt lat="30.692196" lon="-115.777614"></trkpt><trkpt lat="30.692049" lon="-115.777272"></trkpt><trkpt lat="30.691987" lon="-115.776893"></trkpt><trkpt lat="30.691979" lon="-115.776695"></trkpt><trkpt lat="30.692056" lon="-115.776533"></trkpt><trkpt lat="30.691956" lon="-115.776370"></trkpt><trkpt lat="30.691808" lon="-115.776298"></trkpt><trkpt lat="30.691514" lon="-115.775992"></trkpt><trkpt lat="30.691250" lon="-115.775244"></trkpt><trkpt lat="30.691212" lon="-115.775018"></trkpt><trkpt lat="30.691258" lon="-115.774081"></trkpt><trkpt lat="30.691677" lon="-115.772170"></trkpt><trkpt lat="30.691932" lon="-115.771404"></trkpt><trkpt lat="30.692196" lon="-115.771134"></trkpt><trkpt lat="30.692754" lon="-115.769709"></trkpt><trkpt lat="30.692971" lon="-115.769367"></trkpt><trkpt lat="30.693273" lon="-115.769169"></trkpt><trkpt lat="30.693482" lon="-115.768853"></trkpt><trkpt lat="30.693901" lon="-115.768411"></trkpt><trkpt lat="30.694475" lon="-115.767916"></trkpt><trkpt lat="30.694792" lon="-115.767753"></trkpt><trkpt lat="30.695529" lon="-115.767114"></trkpt><trkpt lat="30.695505" lon="-115.766942"></trkpt><trkpt lat="30.695374" lon="-115.766825"></trkpt><trkpt lat="30.695312" lon="-115.766654"></trkpt><trkpt lat="30.695753" lon="-115.765753"></trkpt><trkpt lat="30.695815" lon="-115.765140"></trkpt><trkpt lat="30.695963" lon="-115.764355"></trkpt><trkpt lat="30.696110" lon="-115.764238"></trkpt><trkpt lat="30.696389" lon="-115.763364"></trkpt><trkpt lat="30.696559" lon="-115.763030"></trkpt><trkpt lat="30.696668" lon="-115.762508"></trkpt><trkpt lat="30.697063" lon="-115.762165"></trkpt><trkpt lat="30.697335" lon="-115.761724"></trkpt><trkpt lat="30.697366" lon="-115.761525"></trkpt><trkpt lat="30.697327" lon="-115.761174"></trkpt><trkpt lat="30.697389" lon="-115.760633"></trkpt><trkpt lat="30.697459" lon="-115.760471"></trkpt><trkpt lat="30.697412" lon="-115.760281"></trkpt><trkpt lat="30.697234" lon="-115.759984"></trkpt><trkpt lat="30.697172" lon="-115.759605"></trkpt><trkpt lat="30.697226" lon="-115.759416"></trkpt><trkpt lat="30.697420" lon="-115.759110"></trkpt><trkpt lat="30.697490" lon="-115.758686"></trkpt><trkpt lat="30.697559" lon="-115.758524"></trkpt><trkpt lat="30.698094" lon="-115.758073"></trkpt><trkpt lat="30.698187" lon="-115.757884"></trkpt><trkpt lat="30.698172" lon="-115.757469"></trkpt><trkpt lat="30.698311" lon="-115.755333"></trkpt><trkpt lat="30.698435" lon="-115.754999"></trkpt><trkpt lat="30.698489" lon="-115.754576"></trkpt><trkpt lat="30.698613" lon="-115.754233"></trkpt><trkpt lat="30.698699" lon="-115.753647"></trkpt><trkpt lat="30.698815" lon="-115.753440"></trkpt><trkpt lat="30.699071" lon="-115.753188"></trkpt><trkpt lat="30.699714" lon="-115.752665"></trkpt><trkpt lat="30.700117" lon="-115.752223"></trkpt><trkpt lat="30.700551" lon="-115.751854"></trkpt><trkpt lat="30.701380" lon="-115.750709"></trkpt><trkpt lat="30.701450" lon="-115.750331"></trkpt><trkpt lat="30.701698" lon="-115.749961"></trkpt><trkpt lat="30.701752" lon="-115.749790"></trkpt><trkpt lat="30.701729" lon="-115.749366"></trkpt><trkpt lat="30.701806" lon="-115.748961"></trkpt><trkpt lat="30.701659" lon="-115.748654"></trkpt><trkpt lat="30.701613" lon="-115.748294"></trkpt><trkpt lat="30.701543" lon="-115.748140"></trkpt><trkpt lat="30.701365" lon="-115.748086"></trkpt><trkpt lat="30.701256" lon="-115.747951"></trkpt><trkpt lat="30.701248" lon="-115.747536"></trkpt><trkpt lat="30.701264" lon="-115.747347"></trkpt><trkpt lat="30.701535" lon="-115.746464"></trkpt><trkpt lat="30.701613" lon="-115.746067"></trkpt><trkpt lat="30.701636" lon="-115.745653"></trkpt><trkpt lat="30.701698" lon="-115.745454"></trkpt><trkpt lat="30.701923" lon="-115.745148"></trkpt><trkpt lat="30.702078" lon="-115.744805"></trkpt><trkpt lat="30.702233" lon="-115.744643"></trkpt><trkpt lat="30.702574" lon="-115.744391"></trkpt><trkpt lat="30.702760" lon="-115.744355"></trkpt><trkpt lat="30.702969" lon="-115.744066"></trkpt><trkpt lat="30.703263" lon="-115.743994"></trkpt><trkpt lat="30.703426" lon="-115.743868"></trkpt><trkpt lat="30.703883" lon="-115.742994"></trkpt><trkpt lat="30.703992" lon="-115.742876"></trkpt><trkpt lat="30.704147" lon="-115.742318"></trkpt><trkpt lat="30.704147" lon="-115.742120"></trkpt><trkpt lat="30.703930" lon="-115.741849"></trkpt><trkpt lat="30.703969" lon="-115.741461"></trkpt><trkpt lat="30.704000" lon="-115.741290"></trkpt><trkpt lat="30.704310" lon="-115.740876"></trkpt><trkpt lat="30.704348" lon="-115.740524"></trkpt><trkpt lat="30.704589" lon="-115.739704"></trkpt><trkpt lat="30.704534" lon="-115.738631"></trkpt><trkpt lat="30.704434" lon="-115.738045"></trkpt><trkpt lat="30.704612" lon="-115.737288"></trkpt><trkpt lat="30.704643" lon="-115.736847"></trkpt><trkpt lat="30.704589" lon="-115.736657"></trkpt><trkpt lat="30.704310" lon="-115.736189"></trkpt><trkpt lat="30.704465" lon="-115.735233"></trkpt><trkpt lat="30.704837" lon="-115.734602"></trkpt><trkpt lat="30.705116" lon="-115.734269"></trkpt><trkpt lat="30.705418" lon="-115.734053"></trkpt><trkpt lat="30.705666" lon="-115.733782"></trkpt><trkpt lat="30.706286" lon="-115.733575"></trkpt><trkpt lat="30.706619" lon="-115.733539"></trkpt><trkpt lat="30.706828" lon="-115.733575"></trkpt><trkpt lat="30.706983" lon="-115.733512"></trkpt><trkpt lat="30.707363" lon="-115.732881"></trkpt><trkpt lat="30.707688" lon="-115.732682"></trkpt><trkpt lat="30.708216" lon="-115.732241"></trkpt><trkpt lat="30.708525" lon="-115.731790"></trkpt><trkpt lat="30.708556" lon="-115.731610"></trkpt><trkpt lat="30.707518" lon="-115.730024"></trkpt><trkpt lat="30.707448" lon="-115.729870"></trkpt><trkpt lat="30.707379" lon="-115.729338"></trkpt><trkpt lat="30.707402" lon="-115.729167"></trkpt><trkpt lat="30.707588" lon="-115.728690"></trkpt><trkpt lat="30.707766" lon="-115.728401"></trkpt><trkpt lat="30.708177" lon="-115.728077"></trkpt><trkpt lat="30.708518" lon="-115.727941"></trkpt><trkpt lat="30.708781" lon="-115.727752"></trkpt><trkpt lat="30.708936" lon="-115.727689"></trkpt><trkpt lat="30.709424" lon="-115.727653"></trkpt><trkpt lat="30.709750" lon="-115.727464"></trkpt><trkpt lat="30.709959" lon="-115.727112"></trkpt><trkpt lat="30.709998" lon="-115.726923"></trkpt><trkpt lat="30.709796" lon="-115.726256"></trkpt><trkpt lat="30.709889" lon="-115.725517"></trkpt><trkpt lat="30.709796" lon="-115.724733"></trkpt><trkpt lat="30.709711" lon="-115.724579"></trkpt><trkpt lat="30.709727" lon="-115.724372"></trkpt><trkpt lat="30.710130" lon="-115.723426"></trkpt><trkpt lat="30.710137" lon="-115.722984"></trkpt><trkpt lat="30.710091" lon="-115.722615"></trkpt><trkpt lat="30.710207" lon="-115.722209"></trkpt><trkpt lat="30.710401" lon="-115.720956"></trkpt><trkpt lat="30.710215" lon="-115.719676"></trkpt><trkpt lat="30.710052" lon="-115.719153"></trkpt><trkpt lat="30.710052" lon="-115.718540"></trkpt><trkpt lat="30.710106" lon="-115.718000"></trkpt><trkpt lat="30.709773" lon="-115.717279"></trkpt><trkpt lat="30.709734" lon="-115.717089"></trkpt><trkpt lat="30.709835" lon="-115.716945"></trkpt><trkpt lat="30.709781" lon="-115.716332"></trkpt><trkpt lat="30.709804" lon="-115.716125"></trkpt><trkpt lat="30.709727" lon="-115.715764"></trkpt><trkpt lat="30.709835" lon="-115.715440"></trkpt><trkpt lat="30.709874" lon="-115.715016"></trkpt><trkpt lat="30.709851" lon="-115.714836"></trkpt><trkpt lat="30.709502" lon="-115.714142"></trkpt><trkpt lat="30.709572" lon="-115.713610"></trkpt><trkpt lat="30.709665" lon="-115.713466"></trkpt><trkpt lat="30.709959" lon="-115.713232"></trkpt><trkpt lat="30.710277" lon="-115.712303"></trkpt><trkpt lat="30.710199" lon="-115.711681"></trkpt><trkpt lat="30.710261" lon="-115.711303"></trkpt><trkpt lat="30.710246" lon="-115.711077"></trkpt><trkpt lat="30.710137" lon="-115.710717"></trkpt><trkpt lat="30.710238" lon="-115.710537"></trkpt><trkpt lat="30.710719" lon="-115.710221"></trkpt><trkpt lat="30.711207" lon="-115.709806"></trkpt><trkpt lat="30.711292" lon="-115.709590"></trkpt><trkpt lat="30.711734" lon="-115.709212"></trkpt><trkpt lat="30.712113" lon="-115.708581"></trkpt><trkpt lat="30.711966" lon="-115.708508"></trkpt><trkpt lat="30.711168" lon="-115.708986"></trkpt><trkpt lat="30.710656" lon="-115.709022"></trkpt><trkpt lat="30.710006" lon="-115.709212"></trkpt><trkpt lat="30.709603" lon="-115.709166"></trkpt><trkpt lat="30.709448" lon="-115.709058"></trkpt><trkpt lat="30.709378" lon="-115.708842"></trkpt><trkpt lat="30.709285" lon="-115.708427"></trkpt><trkpt lat="30.709153" lon="-115.706814"></trkpt><trkpt lat="30.708990" lon="-115.705804"></trkpt><trkpt lat="30.709029" lon="-115.705570"></trkpt><trkpt lat="30.709192" lon="-115.705273"></trkpt><trkpt lat="30.709448" lon="-115.704362"></trkpt><trkpt lat="30.709502" lon="-115.703750"></trkpt><trkpt lat="30.709479" lon="-115.703299"></trkpt><trkpt lat="30.709533" lon="-115.703101"></trkpt><trkpt lat="30.709944" lon="-115.702379"></trkpt><trkpt lat="30.710060" lon="-115.701118"></trkpt><trkpt lat="30.710037" lon="-115.700901"></trkpt><trkpt lat="30.709951" lon="-115.700694"></trkpt><trkpt lat="30.709657" lon="-115.700469"></trkpt><trkpt lat="30.709161" lon="-115.700306"></trkpt><trkpt lat="30.708781" lon="-115.699820"></trkpt><trkpt lat="30.708440" lon="-115.699207"></trkpt><trkpt lat="30.708060" lon="-115.698702"></trkpt><trkpt lat="30.707495" lon="-115.698323"></trkpt><trkpt lat="30.707069" lon="-115.697891"></trkpt><trkpt lat="30.706906" lon="-115.697801"></trkpt><trkpt lat="30.706356" lon="-115.697801"></trkpt><trkpt lat="30.705976" lon="-115.697711"></trkpt><trkpt lat="30.704705" lon="-115.696935"></trkpt><trkpt lat="30.704062" lon="-115.696701"></trkpt><trkpt lat="30.703612" lon="-115.696413"></trkpt><trkpt lat="30.703046" lon="-115.696331"></trkpt><trkpt lat="30.702101" lon="-115.696431"></trkpt><trkpt lat="30.701202" lon="-115.696196"></trkpt><trkpt lat="30.700737" lon="-115.695953"></trkpt><trkpt lat="30.700357" lon="-115.695520"></trkpt><trkpt lat="30.700171" lon="-115.695493"></trkpt><trkpt lat="30.699722" lon="-115.695214"></trkpt><trkpt lat="30.698846" lon="-115.694376"></trkpt><trkpt lat="30.698513" lon="-115.693925"></trkpt><trkpt lat="30.697435" lon="-115.692771"></trkpt><trkpt lat="30.697087" lon="-115.692176"></trkpt><trkpt lat="30.696606" lon="-115.690887"></trkpt><trkpt lat="30.696265" lon="-115.690419"></trkpt><trkpt lat="30.695878" lon="-115.690085"></trkpt><trkpt lat="30.695366" lon="-115.690049"></trkpt><trkpt lat="30.694661" lon="-115.689589"></trkpt><trkpt lat="30.694568" lon="-115.689454"></trkpt><trkpt lat="30.694537" lon="-115.689283"></trkpt><trkpt lat="30.694614" lon="-115.688778"></trkpt><trkpt lat="30.694606" lon="-115.688237"></trkpt><trkpt lat="30.694273" lon="-115.686777"></trkpt><trkpt lat="30.693862" lon="-115.686245"></trkpt><trkpt lat="30.693700" lon="-115.686146"></trkpt><trkpt lat="30.693374" lon="-115.686155"></trkpt><trkpt lat="30.693041" lon="-115.686092"></trkpt><trkpt lat="30.692645" lon="-115.685759"></trkpt><trkpt lat="30.692452" lon="-115.685443"></trkpt><trkpt lat="30.691429" lon="-115.684515"></trkpt><trkpt lat="30.691119" lon="-115.684082"></trkpt><trkpt lat="30.690971" lon="-115.683776"></trkpt><trkpt lat="30.690708" lon="-115.682902"></trkpt><trkpt lat="30.690491" lon="-115.682640"></trkpt><trkpt lat="30.690499" lon="-115.682442"></trkpt><trkpt lat="30.690607" lon="-115.682298"></trkpt><trkpt lat="30.690653" lon="-115.682126"></trkpt><trkpt lat="30.690553" lon="-115.681577"></trkpt><trkpt lat="30.690940" lon="-115.680612"></trkpt><trkpt lat="30.690971" lon="-115.680378"></trkpt><trkpt lat="30.690801" lon="-115.679846"></trkpt><trkpt lat="30.690483" lon="-115.679341"></trkpt><trkpt lat="30.689956" lon="-115.678782"></trkpt><trkpt lat="30.689778" lon="-115.678431"></trkpt><trkpt lat="30.689708" lon="-115.677989"></trkpt><trkpt lat="30.689894" lon="-115.677430"></trkpt><trkpt lat="30.689700" lon="-115.676430"></trkpt><trkpt lat="30.689661" lon="-115.675421"></trkpt><trkpt lat="30.689522" lon="-115.674762"></trkpt><trkpt lat="30.689530" lon="-115.674537"></trkpt><trkpt lat="30.690064" lon="-115.673609"></trkpt><trkpt lat="30.690212" lon="-115.673239"></trkpt><trkpt lat="30.690367" lon="-115.673113"></trkpt><trkpt lat="30.690692" lon="-115.673032"></trkpt><trkpt lat="30.690855" lon="-115.673050"></trkpt><trkpt lat="30.690987" lon="-115.672951"></trkpt><trkpt lat="30.691018" lon="-115.672780"></trkpt><trkpt lat="30.690932" lon="-115.672194"></trkpt><trkpt lat="30.690677" lon="-115.671509"></trkpt><trkpt lat="30.690677" lon="-115.671319"></trkpt><trkpt lat="30.690971" lon="-115.671076"></trkpt><trkpt lat="30.691328" lon="-115.670905"></trkpt><trkpt lat="30.691987" lon="-115.670779"></trkpt><trkpt lat="30.692196" lon="-115.670454"></trkpt><trkpt lat="30.692204" lon="-115.670247"></trkpt><trkpt lat="30.692118" lon="-115.670067"></trkpt><trkpt lat="30.692235" lon="-115.669517"></trkpt><trkpt lat="30.692506" lon="-115.669309"></trkpt><trkpt lat="30.692839" lon="-115.668868"></trkpt><trkpt lat="30.694164" lon="-115.667444"></trkpt><trkpt lat="30.694358" lon="-115.667426"></trkpt><trkpt lat="30.694692" lon="-115.667534"></trkpt><trkpt lat="30.694878" lon="-115.667525"></trkpt><trkpt lat="30.695629" lon="-115.667272"></trkpt><trkpt lat="30.696234" lon="-115.666912"></trkpt><trkpt lat="30.696327" lon="-115.666723"></trkpt><trkpt lat="30.696350" lon="-115.666497"></trkpt><trkpt lat="30.696281" lon="-115.666128"></trkpt><trkpt lat="30.696327" lon="-115.665776"></trkpt><trkpt lat="30.696157" lon="-115.665425"></trkpt><trkpt lat="30.696064" lon="-115.665046"></trkpt><trkpt lat="30.695994" lon="-115.664433"></trkpt><trkpt lat="30.696025" lon="-115.664073"></trkpt><trkpt lat="30.696095" lon="-115.663910"></trkpt><trkpt lat="30.696219" lon="-115.663739"></trkpt><trkpt lat="30.696552" lon="-115.663523"></trkpt><trkpt lat="30.696660" lon="-115.663388"></trkpt><trkpt lat="30.696846" lon="-115.662676"></trkpt><trkpt lat="30.697218" lon="-115.662252"></trkpt><trkpt lat="30.697629" lon="-115.661585"></trkpt><trkpt lat="30.697722" lon="-115.660990"></trkpt><trkpt lat="30.698017" lon="-115.660278"></trkpt><trkpt lat="30.698644" lon="-115.659629"></trkpt><trkpt lat="30.699195" lon="-115.659548"></trkpt><trkpt lat="30.699923" lon="-115.659097"></trkpt><trkpt lat="30.700435" lon="-115.658520"></trkpt><trkpt lat="30.700900" lon="-115.657835"></trkpt><trkpt lat="30.701318" lon="-115.656853"></trkpt><trkpt lat="30.701589" lon="-115.655924"></trkpt><trkpt lat="30.701690" lon="-115.655231"></trkpt><trkpt lat="30.701682" lon="-115.655041"></trkpt><trkpt lat="30.701465" lon="-115.654492"></trkpt><trkpt lat="30.701365" lon="-115.653897"></trkpt><trkpt lat="30.701016" lon="-115.652932"></trkpt><trkpt lat="30.701008" lon="-115.652734"></trkpt><trkpt lat="30.701124" lon="-115.652626"></trkpt><trkpt lat="30.701186" lon="-115.652427"></trkpt><trkpt lat="30.700861" lon="-115.651986"></trkpt><trkpt lat="30.700683" lon="-115.651445"></trkpt><trkpt lat="30.700838" lon="-115.649895"></trkpt><trkpt lat="30.700876" lon="-115.649714"></trkpt><trkpt lat="30.700969" lon="-115.649570"></trkpt><trkpt lat="30.701264" lon="-115.649345"></trkpt><trkpt lat="30.701396" lon="-115.649147"></trkpt><trkpt lat="30.701799" lon="-115.648227"></trkpt><trkpt lat="30.702171" lon="-115.647713"></trkpt><trkpt lat="30.703783" lon="-115.644216"></trkpt><trkpt lat="30.703364" lon="-115.643378"></trkpt><trkpt lat="30.702915" lon="-115.642810"></trkpt><trkpt lat="30.701868" lon="-115.641999"></trkpt><trkpt lat="30.701411" lon="-115.641404"></trkpt><trkpt lat="30.700404" lon="-115.640449"></trkpt><trkpt lat="30.699698" lon="-115.639944"></trkpt><trkpt lat="30.699520" lon="-115.639655"></trkpt><trkpt lat="30.699543" lon="-115.638691"></trkpt><trkpt lat="30.700078" lon="-115.637817"></trkpt><trkpt lat="30.700295" lon="-115.637303"></trkpt><trkpt lat="30.700311" lon="-115.637132"></trkpt><trkpt lat="30.700101" lon="-115.636591"></trkpt><trkpt lat="30.700132" lon="-115.636420"></trkpt><trkpt lat="30.700272" lon="-115.636302"></trkpt><trkpt lat="30.700442" lon="-115.635987"></trkpt><trkpt lat="30.700295" lon="-115.635221"></trkpt><trkpt lat="30.700287" lon="-115.634806"></trkpt><trkpt lat="30.700342" lon="-115.634419"></trkpt><trkpt lat="30.700551" lon="-115.634067"></trkpt><trkpt lat="30.700706" lon="-115.633941"></trkpt><trkpt lat="30.700783" lon="-115.633761"></trkpt><trkpt lat="30.700807" lon="-115.633553"></trkpt><trkpt lat="30.700752" lon="-115.633346"></trkpt><trkpt lat="30.700597" lon="-115.633211"></trkpt><trkpt lat="30.699954" lon="-115.632940"></trkpt><trkpt lat="30.699691" lon="-115.632769"></trkpt><trkpt lat="30.699543" lon="-115.632760"></trkpt><trkpt lat="30.699419" lon="-115.632661"></trkpt><trkpt lat="30.699311" lon="-115.632490"></trkpt><trkpt lat="30.698838" lon="-115.632156"></trkpt><trkpt lat="30.698164" lon="-115.631796"></trkpt><trkpt lat="30.697830" lon="-115.631336"></trkpt><trkpt lat="30.696854" lon="-115.630732"></trkpt><trkpt lat="30.696451" lon="-115.630281"></trkpt><trkpt lat="30.695304" lon="-115.630011"></trkpt><trkpt lat="30.694234" lon="-115.629623"></trkpt><trkpt lat="30.693746" lon="-115.629615"></trkpt><trkpt lat="30.693568" lon="-115.629524"></trkpt><trkpt lat="30.693390" lon="-115.629119"></trkpt><trkpt lat="30.693382" lon="-115.628902"></trkpt><trkpt lat="30.693560" lon="-115.628533"></trkpt><trkpt lat="30.693529" lon="-115.628353"></trkpt><trkpt lat="30.693676" lon="-115.627938"></trkpt><trkpt lat="30.693661" lon="-115.627731"></trkpt><trkpt lat="30.693405" lon="-115.627469"></trkpt><trkpt lat="30.693335" lon="-115.627046"></trkpt><trkpt lat="30.693552" lon="-115.626226"></trkpt><trkpt lat="30.693645" lon="-115.626054"></trkpt><trkpt lat="30.693808" lon="-115.625937"></trkpt><trkpt lat="30.694203" lon="-115.625838"></trkpt><trkpt lat="30.694327" lon="-115.625685"></trkpt><trkpt lat="30.694351" lon="-115.625504"></trkpt><trkpt lat="30.694258" lon="-115.624864"></trkpt><trkpt lat="30.694289" lon="-115.623945"></trkpt><trkpt lat="30.694444" lon="-115.623188"></trkpt><trkpt lat="30.694661" lon="-115.622945"></trkpt><trkpt lat="30.694761" lon="-115.622584"></trkpt><trkpt lat="30.694777" lon="-115.622224"></trkpt><trkpt lat="30.695110" lon="-115.621556"></trkpt><trkpt lat="30.695273" lon="-115.621511"></trkpt><trkpt lat="30.695428" lon="-115.621538"></trkpt><trkpt lat="30.695761" lon="-115.621133"></trkpt><trkpt lat="30.695916" lon="-115.620781"></trkpt><trkpt lat="30.696629" lon="-115.620222"></trkpt><trkpt lat="30.697009" lon="-115.619781"></trkpt><trkpt lat="30.697187" lon="-115.619772"></trkpt><trkpt lat="30.697350" lon="-115.619844"></trkpt><trkpt lat="30.697490" lon="-115.619709"></trkpt><trkpt lat="30.697792" lon="-115.619249"></trkpt><trkpt lat="30.697970" lon="-115.618853"></trkpt><trkpt lat="30.698102" lon="-115.618717"></trkpt><trkpt lat="30.698753" lon="-115.618492"></trkpt><trkpt lat="30.698954" lon="-115.618177"></trkpt><trkpt lat="30.699357" lon="-115.617780"></trkpt><trkpt lat="30.699497" lon="-115.617681"></trkpt><trkpt lat="30.699977" lon="-115.617528"></trkpt><trkpt lat="30.700132" lon="-115.617068"></trkpt><trkpt lat="30.700566" lon="-115.616554"></trkpt><trkpt lat="30.700807" lon="-115.616067"></trkpt><trkpt lat="30.700853" lon="-115.615878"></trkpt><trkpt lat="30.700706" lon="-115.615518"></trkpt><trkpt lat="30.700799" lon="-115.614986"></trkpt><trkpt lat="30.700791" lon="-115.614788"></trkpt><trkpt lat="30.701202" lon="-115.614301"></trkpt><trkpt lat="30.701349" lon="-115.613922"></trkpt><trkpt lat="30.701512" lon="-115.613787"></trkpt><trkpt lat="30.702667" lon="-115.613409"></trkpt><trkpt lat="30.702969" lon="-115.613508"></trkpt><trkpt lat="30.703674" lon="-115.613553"></trkpt><trkpt lat="30.704193" lon="-115.613057"></trkpt><trkpt lat="30.704341" lon="-115.613021"></trkpt><trkpt lat="30.704689" lon="-115.613012"></trkpt><trkpt lat="30.705193" lon="-115.613138"></trkpt><trkpt lat="30.705364" lon="-115.613129"></trkpt><trkpt lat="30.705511" lon="-115.613039"></trkpt><trkpt lat="30.705852" lon="-115.612552"></trkpt><trkpt lat="30.706139" lon="-115.612372"></trkpt><trkpt lat="30.706472" lon="-115.612354"></trkpt><trkpt lat="30.706782" lon="-115.612201"></trkpt><trkpt lat="30.707115" lon="-115.612138"></trkpt><trkpt lat="30.707797" lon="-115.611849"></trkpt><trkpt lat="30.708208" lon="-115.611867"></trkpt><trkpt lat="30.708603" lon="-115.611822"></trkpt><trkpt lat="30.709161" lon="-115.611407"></trkpt><trkpt lat="30.709657" lon="-115.611281"></trkpt><trkpt lat="30.709975" lon="-115.611263"></trkpt><trkpt lat="30.711648" lon="-115.611435"></trkpt><trkpt lat="30.712206" lon="-115.611272"></trkpt><trkpt lat="30.712447" lon="-115.610993"></trkpt><trkpt lat="30.712919" lon="-115.611038"></trkpt><trkpt lat="30.713625" lon="-115.611209"></trkpt><trkpt lat="30.713950" lon="-115.611209"></trkpt><trkpt lat="30.714492" lon="-115.611101"></trkpt><trkpt lat="30.714833" lon="-115.610975"></trkpt><trkpt lat="30.715073" lon="-115.610605"></trkpt><trkpt lat="30.715244" lon="-115.610551"></trkpt><trkpt lat="30.715329" lon="-115.610695"></trkpt><trkpt lat="30.715259" lon="-115.610867"></trkpt><trkpt lat="30.715376" lon="-115.610984"></trkpt><trkpt lat="30.715717" lon="-115.610731"></trkpt><trkpt lat="30.716290" lon="-115.610488"></trkpt><trkpt lat="30.716406" lon="-115.610380"></trkpt><trkpt lat="30.716437" lon="-115.610182"></trkpt><trkpt lat="30.717259" lon="-115.609479"></trkpt><trkpt lat="30.717669" lon="-115.608911"></trkpt><trkpt lat="30.717987" lon="-115.608893"></trkpt><trkpt lat="30.718313" lon="-115.608343"></trkpt><trkpt lat="30.718405" lon="-115.607937"></trkpt><trkpt lat="30.718553" lon="-115.607622"></trkpt><trkpt lat="30.718669" lon="-115.607487"></trkpt><trkpt lat="30.719126" lon="-115.607234"></trkpt><trkpt lat="30.719622" lon="-115.606721"></trkpt><trkpt lat="30.719932" lon="-115.606513"></trkpt><trkpt lat="30.720211" lon="-115.606234"></trkpt><trkpt lat="30.720381" lon="-115.606279"></trkpt><trkpt lat="30.720560" lon="-115.606261"></trkpt><trkpt lat="30.720846" lon="-115.606126"></trkpt><trkpt lat="30.720885" lon="-115.606315"></trkpt><trkpt lat="30.720823" lon="-115.606495"></trkpt><trkpt lat="30.720622" lon="-115.606775"></trkpt><trkpt lat="30.720459" lon="-115.607325"></trkpt><trkpt lat="30.720529" lon="-115.607703"></trkpt><trkpt lat="30.720629" lon="-115.607883"></trkpt><trkpt lat="30.720769" lon="-115.608009"></trkpt><trkpt lat="30.721079" lon="-115.607964"></trkpt><trkpt lat="30.721621" lon="-115.607423"></trkpt><trkpt lat="30.721784" lon="-115.607054"></trkpt><trkpt lat="30.721931" lon="-115.606964"></trkpt><trkpt lat="30.722412" lon="-115.606901"></trkpt><trkpt lat="30.722605" lon="-115.607487"></trkpt><trkpt lat="30.722721" lon="-115.607595"></trkpt><trkpt lat="30.723031" lon="-115.607649"></trkpt><trkpt lat="30.723318" lon="-115.607568"></trkpt><trkpt lat="30.723465" lon="-115.607613"></trkpt><trkpt lat="30.723636" lon="-115.607532"></trkpt><trkpt lat="30.723775" lon="-115.607595"></trkpt><trkpt lat="30.723915" lon="-115.607901"></trkpt><trkpt lat="30.724023" lon="-115.608839"></trkpt><trkpt lat="30.724194" lon="-115.608911"></trkpt><trkpt lat="30.724922" lon="-115.608974"></trkpt><trkpt lat="30.725790" lon="-115.609388"></trkpt><trkpt lat="30.725960" lon="-115.609325"></trkpt><trkpt lat="30.726782" lon="-115.608505"></trkpt><trkpt lat="30.727014" lon="-115.608127"></trkpt><trkpt lat="30.727378" lon="-115.607099"></trkpt><trkpt lat="30.727680" lon="-115.606477"></trkpt><trkpt lat="30.727781" lon="-115.606351"></trkpt><trkpt lat="30.728099" lon="-115.606171"></trkpt><trkpt lat="30.728246" lon="-115.605864"></trkpt><trkpt lat="30.728339" lon="-115.605414"></trkpt><trkpt lat="30.728331" lon="-115.603557"></trkpt><trkpt lat="30.728238" lon="-115.603187"></trkpt><trkpt lat="30.727789" lon="-115.602935"></trkpt><trkpt lat="30.727827" lon="-115.602755"></trkpt><trkpt lat="30.728060" lon="-115.602367"></trkpt><trkpt lat="30.728331" lon="-115.601520"></trkpt><trkpt lat="30.728742" lon="-115.600628"></trkpt><trkpt lat="30.728726" lon="-115.600429"></trkpt><trkpt lat="30.728463" lon="-115.600123"></trkpt><trkpt lat="30.728176" lon="-115.599663"></trkpt><trkpt lat="30.727773" lon="-115.598780"></trkpt><trkpt lat="30.727549" lon="-115.598410"></trkpt><trkpt lat="30.727184" lon="-115.597987"></trkpt><trkpt lat="30.727161" lon="-115.597788"></trkpt><trkpt lat="30.727556" lon="-115.596409"></trkpt><trkpt lat="30.727750" lon="-115.595021"></trkpt><trkpt lat="30.727657" lon="-115.594255"></trkpt><trkpt lat="30.727680" lon="-115.593850"></trkpt><trkpt lat="30.727401" lon="-115.590325"></trkpt><trkpt lat="30.727161" lon="-115.589559"></trkpt><trkpt lat="30.727146" lon="-115.586675"></trkpt><trkpt lat="30.727053" lon="-115.584890"></trkpt><trkpt lat="30.726867" lon="-115.583430"></trkpt><trkpt lat="30.726758" lon="-115.583042"></trkpt><trkpt lat="30.726681" lon="-115.582889"></trkpt><trkpt lat="30.726208" lon="-115.582457"></trkpt><trkpt lat="30.726146" lon="-115.582276"></trkpt><trkpt lat="30.726115" lon="-115.581078"></trkpt><trkpt lat="30.726433" lon="-115.579987"></trkpt><trkpt lat="30.726580" lon="-115.579284"></trkpt><trkpt lat="30.726665" lon="-115.578635"></trkpt><trkpt lat="30.726634" lon="-115.578184"></trkpt><trkpt lat="30.726402" lon="-115.577175"></trkpt><trkpt lat="30.726115" lon="-115.576751"></trkpt><trkpt lat="30.725890" lon="-115.576237"></trkpt><trkpt lat="30.725658" lon="-115.575174"></trkpt><trkpt lat="30.725565" lon="-115.574290"></trkpt><trkpt lat="30.725340" lon="-115.572938"></trkpt><trkpt lat="30.725395" lon="-115.571947"></trkpt><trkpt lat="30.725642" lon="-115.570838"></trkpt><trkpt lat="30.725619" lon="-115.570270"></trkpt><trkpt lat="30.725488" lon="-115.569676"></trkpt><trkpt lat="30.725519" lon="-115.568747"></trkpt><trkpt lat="30.725294" lon="-115.567828"></trkpt><trkpt lat="30.725309" lon="-115.567657"></trkpt><trkpt lat="30.725519" lon="-115.567125"></trkpt><trkpt lat="30.725503" lon="-115.566935"></trkpt><trkpt lat="30.725333" lon="-115.566566"></trkpt><trkpt lat="30.724906" lon="-115.566025"></trkpt><trkpt lat="30.724457" lon="-115.565592"></trkpt><trkpt lat="30.723620" lon="-115.562753"></trkpt><trkpt lat="30.723365" lon="-115.562276"></trkpt><trkpt lat="30.723186" lon="-115.561636"></trkpt><trkpt lat="30.722520" lon="-115.560284"></trkpt><trkpt lat="30.722481" lon="-115.560085"></trkpt><trkpt lat="30.722512" lon="-115.559490"></trkpt><trkpt lat="30.722280" lon="-115.559184"></trkpt><trkpt lat="30.721838" lon="-115.558932"></trkpt><trkpt lat="30.721087" lon="-115.558102"></trkpt><trkpt lat="30.720893" lon="-115.557787"></trkpt><trkpt lat="30.720591" lon="-115.557508"></trkpt><trkpt lat="30.720335" lon="-115.557174"></trkpt><trkpt lat="30.720226" lon="-115.556741"></trkpt><trkpt lat="30.720226" lon="-115.555741"></trkpt><trkpt lat="30.719940" lon="-115.555155"></trkpt><trkpt lat="30.719839" lon="-115.554749"></trkpt><trkpt lat="30.719909" lon="-115.552947"></trkpt><trkpt lat="30.720079" lon="-115.551793"></trkpt><trkpt lat="30.720296" lon="-115.549242"></trkpt><trkpt lat="30.720257" lon="-115.547944"></trkpt><trkpt lat="30.720141" lon="-115.547323"></trkpt><trkpt lat="30.720064" lon="-115.546529"></trkpt><trkpt lat="30.720095" lon="-115.546313"></trkpt><trkpt lat="30.720319" lon="-115.545772"></trkpt><trkpt lat="30.720428" lon="-115.545204"></trkpt><trkpt lat="30.720645" lon="-115.544844"></trkpt><trkpt lat="30.720901" lon="-115.544582"></trkpt><trkpt lat="30.721156" lon="-115.544132"></trkpt><trkpt lat="30.721164" lon="-115.543699"></trkpt><trkpt lat="30.721420" lon="-115.543086"></trkpt><trkpt lat="30.721536" lon="-115.542554"></trkpt><trkpt lat="30.721490" lon="-115.542041"></trkpt><trkpt lat="30.721180" lon="-115.540725"></trkpt><trkpt lat="30.721288" lon="-115.540310"></trkpt><trkpt lat="30.721280" lon="-115.539859"></trkpt><trkpt lat="30.721490" lon="-115.539490"></trkpt><trkpt lat="30.721497" lon="-115.539301"></trkpt><trkpt lat="30.721366" lon="-115.539129"></trkpt><trkpt lat="30.721048" lon="-115.538904"></trkpt><trkpt lat="30.720955" lon="-115.538706"></trkpt><trkpt lat="30.720986" lon="-115.538525"></trkpt><trkpt lat="30.720947" lon="-115.538336"></trkpt><trkpt lat="30.721102" lon="-115.538228"></trkpt><trkpt lat="30.721443" lon="-115.538165"></trkpt><trkpt lat="30.721908" lon="-115.537885"></trkpt><trkpt lat="30.722241" lon="-115.537372"></trkpt><trkpt lat="30.722419" lon="-115.537245"></trkpt><trkpt lat="30.722915" lon="-115.537164"></trkpt><trkpt lat="30.723078" lon="-115.537065"></trkpt><trkpt lat="30.723504" lon="-115.536669"></trkpt><trkpt lat="30.723582" lon="-115.536470"></trkpt><trkpt lat="30.723589" lon="-115.535894"></trkpt><trkpt lat="30.723706" lon="-115.535785"></trkpt><trkpt lat="30.724031" lon="-115.535704"></trkpt><trkpt lat="30.724333" lon="-115.535127"></trkpt><trkpt lat="30.724620" lon="-115.534884"></trkpt><trkpt lat="30.725511" lon="-115.534740"></trkpt><trkpt lat="30.725542" lon="-115.534569"></trkpt><trkpt lat="30.724325" lon="-115.533595"></trkpt><trkpt lat="30.724194" lon="-115.533433"></trkpt><trkpt lat="30.724070" lon="-115.533072"></trkpt><trkpt lat="30.723450" lon="-115.532099"></trkpt><trkpt lat="30.723210" lon="-115.531874"></trkpt><trkpt lat="30.723055" lon="-115.531378"></trkpt><trkpt lat="30.723372" lon="-115.530503"></trkpt><trkpt lat="30.723365" lon="-115.530305"></trkpt><trkpt lat="30.723217" lon="-115.529918"></trkpt><trkpt lat="30.723202" lon="-115.529701"></trkpt><trkpt lat="30.723272" lon="-115.529278"></trkpt><trkpt lat="30.723264" lon="-115.529061"></trkpt><trkpt lat="30.723202" lon="-115.528881"></trkpt><trkpt lat="30.722745" lon="-115.528493"></trkpt><trkpt lat="30.722024" lon="-115.527682"></trkpt><trkpt lat="30.721923" lon="-115.527123"></trkpt><trkpt lat="30.721551" lon="-115.526276"></trkpt><trkpt lat="30.721474" lon="-115.525889"></trkpt><trkpt lat="30.721482" lon="-115.525483"></trkpt><trkpt lat="30.721273" lon="-115.524978"></trkpt><trkpt lat="30.721358" lon="-115.524825"></trkpt><trkpt lat="30.721776" lon="-115.524555"></trkpt><trkpt lat="30.721869" lon="-115.524401"></trkpt><trkpt lat="30.721908" lon="-115.524005"></trkpt><trkpt lat="30.721838" lon="-115.523464"></trkpt><trkpt lat="30.721931" lon="-115.523266"></trkpt><trkpt lat="30.722504" lon="-115.522797"></trkpt><trkpt lat="30.722582" lon="-115.522590"></trkpt><trkpt lat="30.722566" lon="-115.522130"></trkpt><trkpt lat="30.722636" lon="-115.521905"></trkpt><trkpt lat="30.722768" lon="-115.521751"></trkpt><trkpt lat="30.722884" lon="-115.521319"></trkpt><trkpt lat="30.723171" lon="-115.521067"></trkpt><trkpt lat="30.723496" lon="-115.520444"></trkpt><trkpt lat="30.723504" lon="-115.520255"></trkpt><trkpt lat="30.723310" lon="-115.519705"></trkpt><trkpt lat="30.723256" lon="-115.519291"></trkpt><trkpt lat="30.723574" lon="-115.518777"></trkpt><trkpt lat="30.723566" lon="-115.518561"></trkpt><trkpt lat="30.723667" lon="-115.518362"></trkpt><trkpt lat="30.723667" lon="-115.518191"></trkpt><trkpt lat="30.723465" lon="-115.517930"></trkpt><trkpt lat="30.723388" lon="-115.517731"></trkpt><trkpt lat="30.723434" lon="-115.517533"></trkpt><trkpt lat="30.723984" lon="-115.517055"></trkpt><trkpt lat="30.724325" lon="-115.516614"></trkpt><trkpt lat="30.724426" lon="-115.516190"></trkpt><trkpt lat="30.724813" lon="-115.515073"></trkpt><trkpt lat="30.724821" lon="-115.514694"></trkpt><trkpt lat="30.725077" lon="-115.514442"></trkpt><trkpt lat="30.725387" lon="-115.513955"></trkpt><trkpt lat="30.725511" lon="-115.513405"></trkpt><trkpt lat="30.725534" lon="-115.513036"></trkpt><trkpt lat="30.725418" lon="-115.512260"></trkpt><trkpt lat="30.725519" lon="-115.512125"></trkpt><trkpt lat="30.725658" lon="-115.512053"></trkpt><trkpt lat="30.725821" lon="-115.511539"></trkpt><trkpt lat="30.725635" lon="-115.511062"></trkpt><trkpt lat="30.725581" lon="-115.510701"></trkpt><trkpt lat="30.725565" lon="-115.510115"></trkpt><trkpt lat="30.724875" lon="-115.509547"></trkpt><trkpt lat="30.724674" lon="-115.509061"></trkpt><trkpt lat="30.724581" lon="-115.508628"></trkpt><trkpt lat="30.724287" lon="-115.508358"></trkpt><trkpt lat="30.724240" lon="-115.507943"></trkpt><trkpt lat="30.724457" lon="-115.507645"></trkpt><trkpt lat="30.725185" lon="-115.506321"></trkpt><trkpt lat="30.725278" lon="-115.505870"></trkpt><trkpt lat="30.725488" lon="-115.505311"></trkpt><trkpt lat="30.725906" lon="-115.503617"></trkpt><trkpt lat="30.726193" lon="-115.502120"></trkpt><trkpt lat="30.726092" lon="-115.501679"></trkpt><trkpt lat="30.725550" lon="-115.500381"></trkpt><trkpt lat="30.725224" lon="-115.499912"></trkpt><trkpt lat="30.724984" lon="-115.499389"></trkpt><trkpt lat="30.724426" lon="-115.498488"></trkpt><trkpt lat="30.724155" lon="-115.498218"></trkpt><trkpt lat="30.723837" lon="-115.498037"></trkpt><trkpt lat="30.723520" lon="-115.497938"></trkpt><trkpt lat="30.722822" lon="-115.496983"></trkpt><trkpt lat="30.721970" lon="-115.496532"></trkpt><trkpt lat="30.721211" lon="-115.496000"></trkpt><trkpt lat="30.720637" lon="-115.495504"></trkpt><trkpt lat="30.719638" lon="-115.494846"></trkpt><trkpt lat="30.718553" lon="-115.494450"></trkpt><trkpt lat="30.718003" lon="-115.494080"></trkpt><trkpt lat="30.717538" lon="-115.493981"></trkpt><trkpt lat="30.717197" lon="-115.493549"></trkpt><trkpt lat="30.716724" lon="-115.493359"></trkpt><trkpt lat="30.716282" lon="-115.493044"></trkpt><trkpt lat="30.715608" lon="-115.492927"></trkpt><trkpt lat="30.714950" lon="-115.492674"></trkpt><trkpt lat="30.714554" lon="-115.492287"></trkpt><trkpt lat="30.714454" lon="-115.492125"></trkpt><trkpt lat="30.713997" lon="-115.492242"></trkpt><trkpt lat="30.713531" lon="-115.492134"></trkpt><trkpt lat="30.713082" lon="-115.492386"></trkpt><trkpt lat="30.712935" lon="-115.492350"></trkpt><trkpt lat="30.712571" lon="-115.491944"></trkpt><trkpt lat="30.712268" lon="-115.491728"></trkpt><trkpt lat="30.711935" lon="-115.491692"></trkpt><trkpt lat="30.711362" lon="-115.491295"></trkpt><trkpt lat="30.710517" lon="-115.490033"></trkpt><trkpt lat="30.710161" lon="-115.489691"></trkpt><trkpt lat="30.709750" lon="-115.489402"></trkpt><trkpt lat="30.709401" lon="-115.488771"></trkpt><trkpt lat="30.708409" lon="-115.487951"></trkpt><trkpt lat="30.708076" lon="-115.487410"></trkpt><trkpt lat="30.707588" lon="-115.487077"></trkpt><trkpt lat="30.707402" lon="-115.486780"></trkpt><trkpt lat="30.707069" lon="-115.486590"></trkpt><trkpt lat="30.706774" lon="-115.486293"></trkpt><trkpt lat="30.706418" lon="-115.485761"></trkpt><trkpt lat="30.706030" lon="-115.485437"></trkpt><trkpt lat="30.705891" lon="-115.485085"></trkpt><trkpt lat="30.705201" lon="-115.484184"></trkpt><trkpt lat="30.705054" lon="-115.483805"></trkpt><trkpt lat="30.704767" lon="-115.483309"></trkpt><trkpt lat="30.704705" lon="-115.483111"></trkpt><trkpt lat="30.704705" lon="-115.482913"></trkpt><trkpt lat="30.704550" lon="-115.482877"></trkpt><trkpt lat="30.704031" lon="-115.482120"></trkpt><trkpt lat="30.703899" lon="-115.482011"></trkpt><trkpt lat="30.703736" lon="-115.482011"></trkpt><trkpt lat="30.703581" lon="-115.481939"></trkpt><trkpt lat="30.703240" lon="-115.481561"></trkpt><trkpt lat="30.702775" lon="-115.480723"></trkpt><trkpt lat="30.702698" lon="-115.480353"></trkpt><trkpt lat="30.702504" lon="-115.479794"></trkpt><trkpt lat="30.702116" lon="-115.479497"></trkpt><trkpt lat="30.701791" lon="-115.479073"></trkpt><trkpt lat="30.701496" lon="-115.478911"></trkpt><trkpt lat="30.701047" lon="-115.477928"></trkpt><trkpt lat="30.701024" lon="-115.477748"></trkpt><trkpt lat="30.701132" lon="-115.477379"></trkpt><trkpt lat="30.701070" lon="-115.477207"></trkpt><trkpt lat="30.700915" lon="-115.477117"></trkpt><trkpt lat="30.700380" lon="-115.477126"></trkpt><trkpt lat="30.700218" lon="-115.477081"></trkpt><trkpt lat="30.699636" lon="-115.476613"></trkpt><trkpt lat="30.699536" lon="-115.476423"></trkpt><trkpt lat="30.699373" lon="-115.476387"></trkpt><trkpt lat="30.699086" lon="-115.476135"></trkpt><trkpt lat="30.698830" lon="-115.475810"></trkpt><trkpt lat="30.698350" lon="-115.475513"></trkpt><trkpt lat="30.698133" lon="-115.475242"></trkpt><trkpt lat="30.697931" lon="-115.474837"></trkpt><trkpt lat="30.697691" lon="-115.474548"></trkpt><trkpt lat="30.696838" lon="-115.474323"></trkpt><trkpt lat="30.696497" lon="-115.474080"></trkpt><trkpt lat="30.696234" lon="-115.473701"></trkpt><trkpt lat="30.695947" lon="-115.473422"></trkpt><trkpt lat="30.695536" lon="-115.472764"></trkpt><trkpt lat="30.695211" lon="-115.472385"></trkpt><trkpt lat="30.694831" lon="-115.471727"></trkpt><trkpt lat="30.694010" lon="-115.470826"></trkpt><trkpt lat="30.693265" lon="-115.469627"></trkpt><trkpt lat="30.692746" lon="-115.468536"></trkpt><trkpt lat="30.692297" lon="-115.467906"></trkpt><trkpt lat="30.691925" lon="-115.467220"></trkpt><trkpt lat="30.691436" lon="-115.466887"></trkpt><trkpt lat="30.691080" lon="-115.466482"></trkpt><trkpt lat="30.690746" lon="-115.466472"></trkpt><trkpt lat="30.690669" lon="-115.466328"></trkpt><trkpt lat="30.690677" lon="-115.466139"></trkpt><trkpt lat="30.690336" lon="-115.465950"></trkpt><trkpt lat="30.690049" lon="-115.465517"></trkpt><trkpt lat="30.689739" lon="-115.465436"></trkpt><trkpt lat="30.689274" lon="-115.465562"></trkpt><trkpt lat="30.689127" lon="-115.465517"></trkpt><trkpt lat="30.688731" lon="-115.464913"></trkpt><trkpt lat="30.688731" lon="-115.464435"></trkpt><trkpt lat="30.688561" lon="-115.463895"></trkpt><trkpt lat="30.688212" lon="-115.463444"></trkpt><trkpt lat="30.687514" lon="-115.463038"></trkpt><trkpt lat="30.687398" lon="-115.462651"></trkpt><trkpt lat="30.687266" lon="-115.462443"></trkpt><trkpt lat="30.686902" lon="-115.462056"></trkpt><trkpt lat="30.686755" lon="-115.461506"></trkpt><trkpt lat="30.686468" lon="-115.461010"></trkpt><trkpt lat="30.686080" lon="-115.460361"></trkpt><trkpt lat="30.685359" lon="-115.459424"></trkpt><trkpt lat="30.685352" lon="-115.459217"></trkpt><trkpt lat="30.685282" lon="-115.459027"></trkpt><trkpt lat="30.684941" lon="-115.458946"></trkpt><trkpt lat="30.684786" lon="-115.458991"></trkpt><trkpt lat="30.684321" lon="-115.458973"></trkpt><trkpt lat="30.684019" lon="-115.459036"></trkpt><trkpt lat="30.683484" lon="-115.458640"></trkpt><trkpt lat="30.683305" lon="-115.458568"></trkpt><trkpt lat="30.682995" lon="-115.458622"></trkpt><trkpt lat="30.682848" lon="-115.458586"></trkpt><trkpt lat="30.682081" lon="-115.458748"></trkpt><trkpt lat="30.681770" lon="-115.458631"></trkpt><trkpt lat="30.681584" lon="-115.458324"></trkpt><trkpt lat="30.681778" lon="-115.458054"></trkpt><trkpt lat="30.681352" lon="-115.457252"></trkpt><trkpt lat="30.681321" lon="-115.457081"></trkpt><trkpt lat="30.681181" lon="-115.456927"></trkpt><trkpt lat="30.681042" lon="-115.456359"></trkpt><trkpt lat="30.680414" lon="-115.455287"></trkpt><trkpt lat="30.680019" lon="-115.454341"></trkpt><trkpt lat="30.679856" lon="-115.451925"></trkpt><trkpt lat="30.679771" lon="-115.451582"></trkpt><trkpt lat="30.679538" lon="-115.451348"></trkpt><trkpt lat="30.679205" lon="-115.451465"></trkpt><trkpt lat="30.679011" lon="-115.451447"></trkpt><trkpt lat="30.678119" lon="-115.450248"></trkpt><trkpt lat="30.677840" lon="-115.449960"></trkpt><trkpt lat="30.677639" lon="-115.449618"></trkpt><trkpt lat="30.676740" lon="-115.448653"></trkpt><trkpt lat="30.676561" lon="-115.448626"></trkpt><trkpt lat="30.676081" lon="-115.448815"></trkpt><trkpt lat="30.675585" lon="-115.448617"></trkpt><trkpt lat="30.675305" lon="-115.448752"></trkpt><trkpt lat="30.674654" lon="-115.448374"></trkpt><trkpt lat="30.674515" lon="-115.448220"></trkpt><trkpt lat="30.674429" lon="-115.447824"></trkpt><trkpt lat="30.674251" lon="-115.447427"></trkpt><trkpt lat="30.673654" lon="-115.446895"></trkpt><trkpt lat="30.672398" lon="-115.446183"></trkpt><trkpt lat="30.672259" lon="-115.446048"></trkpt><trkpt lat="30.672150" lon="-115.445643"></trkpt><trkpt lat="30.672236" lon="-115.445210"></trkpt><trkpt lat="30.672197" lon="-115.444831"></trkpt><trkpt lat="30.671662" lon="-115.443678"></trkpt><trkpt lat="30.671205" lon="-115.443344"></trkpt><trkpt lat="30.670995" lon="-115.443029"></trkpt><trkpt lat="30.670375" lon="-115.442650"></trkpt><trkpt lat="30.668778" lon="-115.441100"></trkpt><trkpt lat="30.667336" lon="-115.440415"></trkpt><trkpt lat="30.667033" lon="-115.440361"></trkpt><trkpt lat="30.666855" lon="-115.440252"></trkpt><trkpt lat="30.666522" lon="-115.439793"></trkpt><trkpt lat="30.665266" lon="-115.439135"></trkpt><trkpt lat="30.664971" lon="-115.438910"></trkpt><trkpt lat="30.664646" lon="-115.438838"></trkpt><trkpt lat="30.663537" lon="-115.438198"></trkpt><trkpt lat="30.663304" lon="-115.437963"></trkpt><trkpt lat="30.662955" lon="-115.437756"></trkpt><trkpt lat="30.662870" lon="-115.437576"></trkpt><trkpt lat="30.662545" lon="-115.437413"></trkpt><trkpt lat="30.661971" lon="-115.436972"></trkpt><trkpt lat="30.661606" lon="-115.436503"></trkpt><trkpt lat="30.661482" lon="-115.436413"></trkpt><trkpt lat="30.661335" lon="-115.436521"></trkpt><trkpt lat="30.661165" lon="-115.436476"></trkpt><trkpt lat="30.660878" lon="-115.436178"></trkpt><trkpt lat="30.660451" lon="-115.435854"></trkpt><trkpt lat="30.660118" lon="-115.435728"></trkpt><trkpt lat="30.659994" lon="-115.435602"></trkpt><trkpt lat="30.659823" lon="-115.435530"></trkpt><trkpt lat="30.659451" lon="-115.435512"></trkpt><trkpt lat="30.658071" lon="-115.434998"></trkpt><trkpt lat="30.657063" lon="-115.434844"></trkpt><trkpt lat="30.656419" lon="-115.435061"></trkpt><trkpt lat="30.655946" lon="-115.435376"></trkpt><trkpt lat="30.655613" lon="-115.435520"></trkpt><trkpt lat="30.654938" lon="-115.435430"></trkpt><trkpt lat="30.654566" lon="-115.435430"></trkpt><trkpt lat="30.653737" lon="-115.435539"></trkpt><trkpt lat="30.653271" lon="-115.435385"></trkpt><trkpt lat="30.653101" lon="-115.435376"></trkpt><trkpt lat="30.651069" lon="-115.435448"></trkpt><trkpt lat="30.650007" lon="-115.435034"></trkpt><trkpt lat="30.649844" lon="-115.434890"></trkpt><trkpt lat="30.649448" lon="-115.434205"></trkpt><trkpt lat="30.649107" lon="-115.433961"></trkpt><trkpt lat="30.648440" lon="-115.433970"></trkpt><trkpt lat="30.647820" lon="-115.433592"></trkpt><trkpt lat="30.647634" lon="-115.433628"></trkpt><trkpt lat="30.647138" lon="-115.434133"></trkpt><trkpt lat="30.646959" lon="-115.434205"></trkpt><trkpt lat="30.646719" lon="-115.433961"></trkpt><trkpt lat="30.646556" lon="-115.433934"></trkpt><trkpt lat="30.646052" lon="-115.434196"></trkpt><trkpt lat="30.645145" lon="-115.434205"></trkpt><trkpt lat="30.644765" lon="-115.434196"></trkpt><trkpt lat="30.644028" lon="-115.434024"></trkpt><trkpt lat="30.642974" lon="-115.434096"></trkpt><trkpt lat="30.641834" lon="-115.433961"></trkpt><trkpt lat="30.641182" lon="-115.433943"></trkpt><trkpt lat="30.640973" lon="-115.433853"></trkpt><trkpt lat="30.638111" lon="-115.431897"></trkpt><trkpt lat="30.637281" lon="-115.431564"></trkpt><trkpt lat="30.635994" lon="-115.430879"></trkpt><trkpt lat="30.634955" lon="-115.430149"></trkpt><trkpt lat="30.633916" lon="-115.429860"></trkpt><trkpt lat="30.633605" lon="-115.429824"></trkpt><trkpt lat="30.633125" lon="-115.429959"></trkpt><trkpt lat="30.632636" lon="-115.429959"></trkpt><trkpt lat="30.631263" lon="-115.430094"></trkpt><trkpt lat="30.630922" lon="-115.430049"></trkpt><trkpt lat="30.630433" lon="-115.429869"></trkpt><trkpt lat="30.629735" lon="-115.429455"></trkpt><trkpt lat="30.628332" lon="-115.429346"></trkpt><trkpt lat="30.627781" lon="-115.429373"></trkpt><trkpt lat="30.626897" lon="-115.429617"></trkpt><trkpt lat="30.626478" lon="-115.429662"></trkpt><trkpt lat="30.626175" lon="-115.429779"></trkpt><trkpt lat="30.625074" lon="-115.429941"></trkpt><trkpt lat="30.624236" lon="-115.429815"></trkpt><trkpt lat="30.622654" lon="-115.429112"></trkpt><trkpt lat="30.621940" lon="-115.428977"></trkpt><trkpt lat="30.621529" lon="-115.429022"></trkpt><trkpt lat="30.621219" lon="-115.429121"></trkpt><trkpt lat="30.620412" lon="-115.429635"></trkpt><trkpt lat="30.619706" lon="-115.429896"></trkpt><trkpt lat="30.618489" lon="-115.430464"></trkpt><trkpt lat="30.617232" lon="-115.430906"></trkpt><trkpt lat="30.616239" lon="-115.430852"></trkpt><trkpt lat="30.615851" lon="-115.430743"></trkpt><trkpt lat="30.615402" lon="-115.430437"></trkpt><trkpt lat="30.613082" lon="-115.428211"></trkpt><trkpt lat="30.612493" lon="-115.427805"></trkpt><trkpt lat="30.611663" lon="-115.427373"></trkpt><trkpt lat="30.610980" lon="-115.426895"></trkpt><trkpt lat="30.610592" lon="-115.426715"></trkpt><trkpt lat="30.610336" lon="-115.426705"></trkpt><trkpt lat="30.608668" lon="-115.426904"></trkpt><trkpt lat="30.608521" lon="-115.426895"></trkpt><trkpt lat="30.608350" lon="-115.426796"></trkpt><trkpt lat="30.607714" lon="-115.426057"></trkpt><trkpt lat="30.607489" lon="-115.425507"></trkpt><trkpt lat="30.607326" lon="-115.425371"></trkpt><trkpt lat="30.606907" lon="-115.425209"></trkpt><trkpt lat="30.606737" lon="-115.424795"></trkpt><trkpt lat="30.606589" lon="-115.424614"></trkpt><trkpt lat="30.605612" lon="-115.423848"></trkpt><trkpt lat="30.605138" lon="-115.423605"></trkpt><trkpt lat="30.604665" lon="-115.423136"></trkpt><trkpt lat="30.604471" lon="-115.423028"></trkpt><trkpt lat="30.604006" lon="-115.422875"></trkpt><trkpt lat="30.603323" lon="-115.422857"></trkpt><trkpt lat="30.602990" lon="-115.422983"></trkpt><trkpt lat="30.602780" lon="-115.422992"></trkpt><trkpt lat="30.602431" lon="-115.422920"></trkpt><trkpt lat="30.602012" lon="-115.423307"></trkpt><trkpt lat="30.601516" lon="-115.423506"></trkpt><trkpt lat="30.600515" lon="-115.423623"></trkpt><trkpt lat="30.600360" lon="-115.423497"></trkpt><trkpt lat="30.600297" lon="-115.423344"></trkpt><trkpt lat="30.600142" lon="-115.423325"></trkpt><trkpt lat="30.599537" lon="-115.423722"></trkpt><trkpt lat="30.599157" lon="-115.423749"></trkpt><trkpt lat="30.598630" lon="-115.423920"></trkpt><trkpt lat="30.597784" lon="-115.423434"></trkpt><trkpt lat="30.596783" lon="-115.423037"></trkpt><trkpt lat="30.595953" lon="-115.422478"></trkpt><trkpt lat="30.595767" lon="-115.422469"></trkpt><trkpt lat="30.595255" lon="-115.422622"></trkpt><trkpt lat="30.594882" lon="-115.422595"></trkpt><trkpt lat="30.594587" lon="-115.422839"></trkpt><trkpt lat="30.594386" lon="-115.422812"></trkpt><trkpt lat="30.594262" lon="-115.422721"></trkpt><trkpt lat="30.594006" lon="-115.422388"></trkpt><trkpt lat="30.593819" lon="-115.421766"></trkpt><trkpt lat="30.593563" lon="-115.421433"></trkpt><trkpt lat="30.593393" lon="-115.421334"></trkpt><trkpt lat="30.592555" lon="-115.421063"></trkpt><trkpt lat="30.592182" lon="-115.420739"></trkpt><trkpt lat="30.591825" lon="-115.420540"></trkpt><trkpt lat="30.591166" lon="-115.420468"></trkpt><trkpt lat="30.590514" lon="-115.420288"></trkpt><trkpt lat="30.590049" lon="-115.420342"></trkpt><trkpt lat="30.589831" lon="-115.420288"></trkpt><trkpt lat="30.589242" lon="-115.419973"></trkpt><trkpt lat="30.588652" lon="-115.419585"></trkpt><trkpt lat="30.588473" lon="-115.419576"></trkpt><trkpt lat="30.587271" lon="-115.420018"></trkpt><trkpt lat="30.585913" lon="-115.420892"></trkpt><trkpt lat="30.584726" lon="-115.421324"></trkpt><trkpt lat="30.584384" lon="-115.421387"></trkpt><trkpt lat="30.584214" lon="-115.421496"></trkpt><trkpt lat="30.583841" lon="-115.421928"></trkpt><trkpt lat="30.583181" lon="-115.422415"></trkpt><trkpt lat="30.582879" lon="-115.423010"></trkpt><trkpt lat="30.582825" lon="-115.423623"></trkpt><trkpt lat="30.582305" lon="-115.424218"></trkpt><trkpt lat="30.581265" lon="-115.425020"></trkpt><trkpt lat="30.580163" lon="-115.425741"></trkpt><trkpt lat="30.578083" lon="-115.426489"></trkpt><trkpt lat="30.576857" lon="-115.426633"></trkpt><trkpt lat="30.575988" lon="-115.426516"></trkpt><trkpt lat="30.575647" lon="-115.426300"></trkpt><trkpt lat="30.575492" lon="-115.425984"></trkpt><trkpt lat="30.575251" lon="-115.425696"></trkpt><trkpt lat="30.574894" lon="-115.425579"></trkpt><trkpt lat="30.574506" lon="-115.425570"></trkpt><trkpt lat="30.574382" lon="-115.425669"></trkpt><trkpt lat="30.574133" lon="-115.426210"></trkpt><trkpt lat="30.573986" lon="-115.426300"></trkpt><trkpt lat="30.573792" lon="-115.426318"></trkpt><trkpt lat="30.573179" lon="-115.426183"></trkpt><trkpt lat="30.572217" lon="-115.426192"></trkpt><trkpt lat="30.571549" lon="-115.426057"></trkpt><trkpt lat="30.571022" lon="-115.426029"></trkpt><trkpt lat="30.570789" lon="-115.425948"></trkpt><trkpt lat="30.570106" lon="-115.425921"></trkpt><trkpt lat="30.569330" lon="-115.425732"></trkpt><trkpt lat="30.568585" lon="-115.425353"></trkpt><trkpt lat="30.568142" lon="-115.425002"></trkpt><trkpt lat="30.567979" lon="-115.424939"></trkpt><trkpt lat="30.567374" lon="-115.424416"></trkpt><trkpt lat="30.566738" lon="-115.423758"></trkpt><trkpt lat="30.566567" lon="-115.423695"></trkpt><trkpt lat="30.566031" lon="-115.423641"></trkpt><trkpt lat="30.565667" lon="-115.423497"></trkpt><trkpt lat="30.565255" lon="-115.423055"></trkpt><trkpt lat="30.565116" lon="-115.422631"></trkpt><trkpt lat="30.564945" lon="-115.422487"></trkpt><trkpt lat="30.562974" lon="-115.421478"></trkpt><trkpt lat="30.562570" lon="-115.421207"></trkpt><trkpt lat="30.561367" lon="-115.420171"></trkpt><trkpt lat="30.560560" lon="-115.419774"></trkpt><trkpt lat="30.558674" lon="-115.418639"></trkpt><trkpt lat="30.557626" lon="-115.418188"></trkpt><trkpt lat="30.556640" lon="-115.417196"></trkpt><trkpt lat="30.555864" lon="-115.416610"></trkpt><trkpt lat="30.555492" lon="-115.416412"></trkpt><trkpt lat="30.554638" lon="-115.415727"></trkpt><trkpt lat="30.554459" lon="-115.415222"></trkpt><trkpt lat="30.554451" lon="-115.414997"></trkpt><trkpt lat="30.554700" lon="-115.414258"></trkpt><trkpt lat="30.554700" lon="-115.414078"></trkpt><trkpt lat="30.554568" lon="-115.413762"></trkpt><trkpt lat="30.554498" lon="-115.413185"></trkpt><trkpt lat="30.554428" lon="-115.411779"></trkpt><trkpt lat="30.554265" lon="-115.411365"></trkpt><trkpt lat="30.554009" lon="-115.410436"></trkpt><trkpt lat="30.553908" lon="-115.409922"></trkpt><trkpt lat="30.553753" lon="-115.409445"></trkpt><trkpt lat="30.553698" lon="-115.408976"></trkpt><trkpt lat="30.553753" lon="-115.408769"></trkpt><trkpt lat="30.553963" lon="-115.408435"></trkpt><trkpt lat="30.554234" lon="-115.408156"></trkpt><trkpt lat="30.554498" lon="-115.407985"></trkpt><trkpt lat="30.555104" lon="-115.407236"></trkpt><trkpt lat="30.555212" lon="-115.406858"></trkpt><trkpt lat="30.555212" lon="-115.406191"></trkpt><trkpt lat="30.555181" lon="-115.406002"></trkpt><trkpt lat="30.554514" lon="-115.405722"></trkpt><trkpt lat="30.554242" lon="-115.405533"></trkpt><trkpt lat="30.553667" lon="-115.404767"></trkpt><trkpt lat="30.553489" lon="-115.404037"></trkpt><trkpt lat="30.553489" lon="-115.403857"></trkpt><trkpt lat="30.553745" lon="-115.403352"></trkpt><trkpt lat="30.553761" lon="-115.403181"></trkpt><trkpt lat="30.553683" lon="-115.402982"></trkpt><trkpt lat="30.553698" lon="-115.402784"></trkpt><trkpt lat="30.553916" lon="-115.402541"></trkpt><trkpt lat="30.554087" lon="-115.402514"></trkpt><trkpt lat="30.554219" lon="-115.402378"></trkpt><trkpt lat="30.554374" lon="-115.401765"></trkpt><trkpt lat="30.554389" lon="-115.401549"></trkpt><trkpt lat="30.554149" lon="-115.400468"></trkpt><trkpt lat="30.554079" lon="-115.399755"></trkpt><trkpt lat="30.554063" lon="-115.398980"></trkpt><trkpt lat="30.554157" lon="-115.398286"></trkpt><trkpt lat="30.554180" lon="-115.396448"></trkpt><trkpt lat="30.554118" lon="-115.396258"></trkpt><trkpt lat="30.553567" lon="-115.395294"></trkpt><trkpt lat="30.552565" lon="-115.394897"></trkpt><trkpt lat="30.552201" lon="-115.394879"></trkpt><trkpt lat="30.550376" lon="-115.395645"></trkpt><trkpt lat="30.550175" lon="-115.395654"></trkpt><trkpt lat="30.549903" lon="-115.395474"></trkpt><trkpt lat="30.549740" lon="-115.395465"></trkpt><trkpt lat="30.549282" lon="-115.395600"></trkpt><trkpt lat="30.548459" lon="-115.395663"></trkpt><trkpt lat="30.548319" lon="-115.395736"></trkpt><trkpt lat="30.547535" lon="-115.396475"></trkpt><trkpt lat="30.546813" lon="-115.396682"></trkpt><trkpt lat="30.545835" lon="-115.396601"></trkpt><trkpt lat="30.545471" lon="-115.396646"></trkpt><trkpt lat="30.545075" lon="-115.396619"></trkpt><trkpt lat="30.544919" lon="-115.396691"></trkpt><trkpt lat="30.543716" lon="-115.397574"></trkpt><trkpt lat="30.542870" lon="-115.398277"></trkpt><trkpt lat="30.542699" lon="-115.398692"></trkpt><trkpt lat="30.542327" lon="-115.399124"></trkpt><trkpt lat="30.542179" lon="-115.399503"></trkpt><trkpt lat="30.542063" lon="-115.399620"></trkpt><trkpt lat="30.541776" lon="-115.399846"></trkpt><trkpt lat="30.541613" lon="-115.399882"></trkpt><trkpt lat="30.541271" lon="-115.400098"></trkpt><trkpt lat="30.540596" lon="-115.400332"></trkpt><trkpt lat="30.539804" lon="-115.400936"></trkpt><trkpt lat="30.539307" lon="-115.401657"></trkpt><trkpt lat="30.538500" lon="-115.402468"></trkpt><trkpt lat="30.538337" lon="-115.402523"></trkpt><trkpt lat="30.537475" lon="-115.402541"></trkpt><trkpt lat="30.536978" lon="-115.402703"></trkpt><trkpt lat="30.535410" lon="-115.402748"></trkpt><trkpt lat="30.534502" lon="-115.402982"></trkpt><trkpt lat="30.533516" lon="-115.402829"></trkpt><trkpt lat="30.532250" lon="-115.402793"></trkpt><trkpt lat="30.531264" lon="-115.402991"></trkpt><trkpt lat="30.530907" lon="-115.403117"></trkpt><trkpt lat="30.529766" lon="-115.403271"></trkpt><trkpt lat="30.529540" lon="-115.403262"></trkpt><trkpt lat="30.528997" lon="-115.403451"></trkpt><trkpt lat="30.527825" lon="-115.403550"></trkpt><trkpt lat="30.527429" lon="-115.403920"></trkpt><trkpt lat="30.526862" lon="-115.404325"></trkpt><trkpt lat="30.526683" lon="-115.404605"></trkpt><trkpt lat="30.526513" lon="-115.404695"></trkpt><trkpt lat="30.526295" lon="-115.404704"></trkpt><trkpt lat="30.526117" lon="-115.404785"></trkpt><trkpt lat="30.525915" lon="-115.405146"></trkpt><trkpt lat="30.525884" lon="-115.405551"></trkpt><trkpt lat="30.525806" lon="-115.405713"></trkpt><trkpt lat="30.525627" lon="-115.405776"></trkpt><trkpt lat="30.525255" lon="-115.405677"></trkpt><trkpt lat="30.524688" lon="-115.405650"></trkpt><trkpt lat="30.524548" lon="-115.405524"></trkpt><trkpt lat="30.524385" lon="-115.405470"></trkpt><trkpt lat="30.524238" lon="-115.405524"></trkpt><trkpt lat="30.524160" lon="-115.405668"></trkpt><trkpt lat="30.523857" lon="-115.405930"></trkpt><trkpt lat="30.522879" lon="-115.406029"></trkpt><trkpt lat="30.522468" lon="-115.406380"></trkpt><trkpt lat="30.521955" lon="-115.406507"></trkpt><trkpt lat="30.521792" lon="-115.406597"></trkpt><trkpt lat="30.521691" lon="-115.406723"></trkpt><trkpt lat="30.521939" lon="-115.407300"></trkpt><trkpt lat="30.522017" lon="-115.407714"></trkpt><trkpt lat="30.522165" lon="-115.408039"></trkpt><trkpt lat="30.522607" lon="-115.408715"></trkpt><trkpt lat="30.522949" lon="-115.409824"></trkpt><trkpt lat="30.522902" lon="-115.410211"></trkpt><trkpt lat="30.522755" lon="-115.410580"></trkpt><trkpt lat="30.522483" lon="-115.410887"></trkpt><trkpt lat="30.522180" lon="-115.411094"></trkpt><trkpt lat="30.521815" lon="-115.412203"></trkpt><trkpt lat="30.521466" lon="-115.412437"></trkpt><trkpt lat="30.521365" lon="-115.412645"></trkpt><trkpt lat="30.521458" lon="-115.412969"></trkpt><trkpt lat="30.521458" lon="-115.413149"></trkpt><trkpt lat="30.521054" lon="-115.414249"></trkpt><trkpt lat="30.521155" lon="-115.414619"></trkpt><trkpt lat="30.521148" lon="-115.414799"></trkpt><trkpt lat="30.520938" lon="-115.415565"></trkpt><trkpt lat="30.520938" lon="-115.415745"></trkpt><trkpt lat="30.521295" lon="-115.416764"></trkpt><trkpt lat="30.521613" lon="-115.417494"></trkpt><trkpt lat="30.521598" lon="-115.417944"></trkpt><trkpt lat="30.521474" lon="-115.418720"></trkpt><trkpt lat="30.521241" lon="-115.419035"></trkpt><trkpt lat="30.520907" lon="-115.419251"></trkpt><trkpt lat="30.520138" lon="-115.419936"></trkpt><trkpt lat="30.519548" lon="-115.420621"></trkpt><trkpt lat="30.519362" lon="-115.420594"></trkpt><trkpt lat="30.519261" lon="-115.420757"></trkpt><trkpt lat="30.518958" lon="-115.421703"></trkpt><trkpt lat="30.518748" lon="-115.422063"></trkpt><trkpt lat="30.518391" lon="-115.422253"></trkpt><trkpt lat="30.517607" lon="-115.423091"></trkpt><trkpt lat="30.516714" lon="-115.423497"></trkpt><trkpt lat="30.516458" lon="-115.423803"></trkpt><trkpt lat="30.516271" lon="-115.424110"></trkpt><trkpt lat="30.516062" lon="-115.424632"></trkpt><trkpt lat="30.516031" lon="-115.424813"></trkpt><trkpt lat="30.516046" lon="-115.425462"></trkpt><trkpt lat="30.515945" lon="-115.426057"></trkpt><trkpt lat="30.515355" lon="-115.426841"></trkpt><trkpt lat="30.515068" lon="-115.427048"></trkpt><trkpt lat="30.514446" lon="-115.427733"></trkpt><trkpt lat="30.512746" lon="-115.428914"></trkpt><trkpt lat="30.512490" lon="-115.429193"></trkpt><trkpt lat="30.511511" lon="-115.429473"></trkpt><trkpt lat="30.510944" lon="-115.430013"></trkpt><trkpt lat="30.510742" lon="-115.430085"></trkpt><trkpt lat="30.510269" lon="-115.430131"></trkpt><trkpt lat="30.509950" lon="-115.430293"></trkpt><trkpt lat="30.509329" lon="-115.430770"></trkpt><trkpt lat="30.509112" lon="-115.431023"></trkpt><trkpt lat="30.508646" lon="-115.431780"></trkpt><trkpt lat="30.508071" lon="-115.432123"></trkpt><trkpt lat="30.507768" lon="-115.432195"></trkpt><trkpt lat="30.507605" lon="-115.432177"></trkpt><trkpt lat="30.507069" lon="-115.432032"></trkpt><trkpt lat="30.506728" lon="-115.432005"></trkpt><trkpt lat="30.505842" lon="-115.431690"></trkpt><trkpt lat="30.505679" lon="-115.431699"></trkpt><trkpt lat="30.505400" lon="-115.431807"></trkpt><trkpt lat="30.505190" lon="-115.431753"></trkpt><trkpt lat="30.504646" lon="-115.431239"></trkpt><trkpt lat="30.503792" lon="-115.430843"></trkpt><trkpt lat="30.503606" lon="-115.430915"></trkpt><trkpt lat="30.503443" lon="-115.431059"></trkpt><trkpt lat="30.503334" lon="-115.431419"></trkpt><trkpt lat="30.503179" lon="-115.431744"></trkpt><trkpt lat="30.502954" lon="-115.432041"></trkpt><trkpt lat="30.502783" lon="-115.432104"></trkpt><trkpt lat="30.502192" lon="-115.432177"></trkpt><trkpt lat="30.501129" lon="-115.432681"></trkpt><trkpt lat="30.500663" lon="-115.432799"></trkpt><trkpt lat="30.499863" lon="-115.432817"></trkpt><trkpt lat="30.499039" lon="-115.432961"></trkpt><trkpt lat="30.497766" lon="-115.432979"></trkpt><trkpt lat="30.496026" lon="-115.433366"></trkpt><trkpt lat="30.495793" lon="-115.433538"></trkpt><trkpt lat="30.495622" lon="-115.433772"></trkpt><trkpt lat="30.495164" lon="-115.434917"></trkpt><trkpt lat="30.495094" lon="-115.435629"></trkpt><trkpt lat="30.494815" lon="-115.436188"></trkpt><trkpt lat="30.494729" lon="-115.436476"></trkpt><trkpt lat="30.494636" lon="-115.437044"></trkpt><trkpt lat="30.494605" lon="-115.438188"></trkpt><trkpt lat="30.494519" lon="-115.438468"></trkpt><trkpt lat="30.493828" lon="-115.439279"></trkpt><trkpt lat="30.493051" lon="-115.440316"></trkpt><trkpt lat="30.492601" lon="-115.440631"></trkpt><trkpt lat="30.491840" lon="-115.440965"></trkpt><trkpt lat="30.491560" lon="-115.441271"></trkpt><trkpt lat="30.491382" lon="-115.441370"></trkpt><trkpt lat="30.491234" lon="-115.441325"></trkpt><trkpt lat="30.490815" lon="-115.440974"></trkpt><trkpt lat="30.490512" lon="-115.440838"></trkpt><trkpt lat="30.490333" lon="-115.440856"></trkpt><trkpt lat="30.490092" lon="-115.441091"></trkpt><trkpt lat="30.489929" lon="-115.441145"></trkpt><trkpt lat="30.489525" lon="-115.440793"></trkpt><trkpt lat="30.488958" lon="-115.440676"></trkpt><trkpt lat="30.488601" lon="-115.440433"></trkpt><trkpt lat="30.487855" lon="-115.439658"></trkpt><trkpt lat="30.487669" lon="-115.439351"></trkpt><trkpt lat="30.487250" lon="-115.439081"></trkpt><trkpt lat="30.486752" lon="-115.439000"></trkpt><trkpt lat="30.486380" lon="-115.438657"></trkpt><trkpt lat="30.486085" lon="-115.438522"></trkpt><trkpt lat="30.485929" lon="-115.438531"></trkpt><trkpt lat="30.485758" lon="-115.438630"></trkpt><trkpt lat="30.485479" lon="-115.438901"></trkpt><trkpt lat="30.484655" lon="-115.439351"></trkpt><trkpt lat="30.484166" lon="-115.439685"></trkpt><trkpt lat="30.482574" lon="-115.440388"></trkpt><trkpt lat="30.481976" lon="-115.440856"></trkpt><trkpt lat="30.481245" lon="-115.441118"></trkpt><trkpt lat="30.480507" lon="-115.441271"></trkpt><trkpt lat="30.479785" lon="-115.441361"></trkpt><trkpt lat="30.479109" lon="-115.441343"></trkpt><trkpt lat="30.478480" lon="-115.441496"></trkpt><trkpt lat="30.477897" lon="-115.441524"></trkpt><trkpt lat="30.477268" lon="-115.441623"></trkpt><trkpt lat="30.476623" lon="-115.441569"></trkpt><trkpt lat="30.476227" lon="-115.441586"></trkpt><trkpt lat="30.475575" lon="-115.441433"></trkpt><trkpt lat="30.474852" lon="-115.441406"></trkpt><trkpt lat="30.474417" lon="-115.441235"></trkpt><trkpt lat="30.474052" lon="-115.441010"></trkpt><trkpt lat="30.473493" lon="-115.440388"></trkpt><trkpt lat="30.473159" lon="-115.439910"></trkpt><trkpt lat="30.473011" lon="-115.439802"></trkpt><trkpt lat="30.472514" lon="-115.439622"></trkpt><trkpt lat="30.472227" lon="-115.439423"></trkpt><trkpt lat="30.471861" lon="-115.438892"></trkpt><trkpt lat="30.471745" lon="-115.438414"></trkpt><trkpt lat="30.471629" lon="-115.438243"></trkpt><trkpt lat="30.471263" lon="-115.437909"></trkpt><trkpt lat="30.470820" lon="-115.437332"></trkpt><trkpt lat="30.470393" lon="-115.436539"></trkpt><trkpt lat="30.469756" lon="-115.435908"></trkpt><trkpt lat="30.469601" lon="-115.435809"></trkpt><trkpt lat="30.469391" lon="-115.435791"></trkpt><trkpt lat="30.469042" lon="-115.435908"></trkpt><trkpt lat="30.467628" lon="-115.436196"></trkpt><trkpt lat="30.467231" lon="-115.436467"></trkpt><trkpt lat="30.467146" lon="-115.436611"></trkpt><trkpt lat="30.466998" lon="-115.436728"></trkpt><trkpt lat="30.466843" lon="-115.436728"></trkpt><trkpt lat="30.466641" lon="-115.437711"></trkpt><trkpt lat="30.466610" lon="-115.438125"></trkpt><trkpt lat="30.466447" lon="-115.438702"></trkpt><trkpt lat="30.466361" lon="-115.438892"></trkpt><trkpt lat="30.465926" lon="-115.439126"></trkpt><trkpt lat="30.465747" lon="-115.439135"></trkpt><trkpt lat="30.465600" lon="-115.439036"></trkpt><trkpt lat="30.465546" lon="-115.438657"></trkpt><trkpt lat="30.465414" lon="-115.438567"></trkpt><trkpt lat="30.465048" lon="-115.438486"></trkpt><trkpt lat="30.464753" lon="-115.438288"></trkpt><trkpt lat="30.464738" lon="-115.438098"></trkpt><trkpt lat="30.464870" lon="-115.437576"></trkpt><trkpt lat="30.464862" lon="-115.437332"></trkpt><trkpt lat="30.464248" lon="-115.436539"></trkpt><trkpt lat="30.464101" lon="-115.436503"></trkpt><trkpt lat="30.463627" lon="-115.436737"></trkpt><trkpt lat="30.463075" lon="-115.437098"></trkpt><trkpt lat="30.462275" lon="-115.437233"></trkpt><trkpt lat="30.461575" lon="-115.437594"></trkpt><trkpt lat="30.461001" lon="-115.437963"></trkpt><trkpt lat="30.460387" lon="-115.438495"></trkpt><trkpt lat="30.459944" lon="-115.439036"></trkpt><trkpt lat="30.459633" lon="-115.439541"></trkpt><trkpt lat="30.459322" lon="-115.439766"></trkpt><trkpt lat="30.458755" lon="-115.439928"></trkpt><trkpt lat="30.458056" lon="-115.439973"></trkpt><trkpt lat="30.456689" lon="-115.440343"></trkpt><trkpt lat="30.455640" lon="-115.440433"></trkpt><trkpt lat="30.455189" lon="-115.440766"></trkpt><trkpt lat="30.453899" lon="-115.440983"></trkpt><trkpt lat="30.452788" lon="-115.440911"></trkpt><trkpt lat="30.452198" lon="-115.441037"></trkpt><trkpt lat="30.451895" lon="-115.441028"></trkpt><trkpt lat="30.451040" lon="-115.441145"></trkpt><trkpt lat="30.450706" lon="-115.441082"></trkpt><trkpt lat="30.450325" lon="-115.440721"></trkpt><trkpt lat="30.449991" lon="-115.440757"></trkpt><trkpt lat="30.449851" lon="-115.440820"></trkpt><trkpt lat="30.449727" lon="-115.440947"></trkpt><trkpt lat="30.449727" lon="-115.442524"></trkpt><trkpt lat="30.449525" lon="-115.443236"></trkpt><trkpt lat="30.449354" lon="-115.443551"></trkpt><trkpt lat="30.449307" lon="-115.443903"></trkpt><trkpt lat="30.449051" lon="-115.444164"></trkpt><trkpt lat="30.448732" lon="-115.444254"></trkpt><trkpt lat="30.447978" lon="-115.444651"></trkpt><trkpt lat="30.447668" lon="-115.444741"></trkpt><trkpt lat="30.447147" lon="-115.445318"></trkpt><trkpt lat="30.446852" lon="-115.445543"></trkpt><trkpt lat="30.446098" lon="-115.446760"></trkpt><trkpt lat="30.445873" lon="-115.447328"></trkpt><trkpt lat="30.445810" lon="-115.447815"></trkpt><trkpt lat="30.445810" lon="-115.448256"></trkpt><trkpt lat="30.445554" lon="-115.449023"></trkpt><trkpt lat="30.445531" lon="-115.449933"></trkpt><trkpt lat="30.445686" lon="-115.450537"></trkpt><trkpt lat="30.445639" lon="-115.450717"></trkpt><trkpt lat="30.445336" lon="-115.451330"></trkpt><trkpt lat="30.444218" lon="-115.453268"></trkpt><trkpt lat="30.443930" lon="-115.453926"></trkpt><trkpt lat="30.443534" lon="-115.454656"></trkpt><trkpt lat="30.442601" lon="-115.455945"></trkpt><trkpt lat="30.441187" lon="-115.457558"></trkpt><trkpt lat="30.441078" lon="-115.457775"></trkpt><trkpt lat="30.440962" lon="-115.458216"></trkpt><trkpt lat="30.440868" lon="-115.458360"></trkpt><trkpt lat="30.440713" lon="-115.458433"></trkpt><trkpt lat="30.440340" lon="-115.458451"></trkpt><trkpt lat="30.440200" lon="-115.458532"></trkpt><trkpt lat="30.438863" lon="-115.459821"></trkpt><trkpt lat="30.438451" lon="-115.460280"></trkpt><trkpt lat="30.437791" lon="-115.460812"></trkpt><trkpt lat="30.437325" lon="-115.461272"></trkpt><trkpt lat="30.436835" lon="-115.461587"></trkpt><trkpt lat="30.435716" lon="-115.463020"></trkpt><trkpt lat="30.435475" lon="-115.463128"></trkpt><trkpt lat="30.434721" lon="-115.463922"></trkpt><trkpt lat="30.434317" lon="-115.464246"></trkpt><trkpt lat="30.433688" lon="-115.465030"></trkpt><trkpt lat="30.432600" lon="-115.465661"></trkpt><trkpt lat="30.432032" lon="-115.466148"></trkpt><trkpt lat="30.431846" lon="-115.466364"></trkpt><trkpt lat="30.431457" lon="-115.467004"></trkpt><trkpt lat="30.430999" lon="-115.467437"></trkpt><trkpt lat="30.431092" lon="-115.467293"></trkpt><trkpt lat="30.430183" lon="-115.468077"></trkpt><trkpt lat="30.429848" lon="-115.468203"></trkpt><trkpt lat="30.429188" lon="-115.468645"></trkpt><trkpt lat="30.429095" lon="-115.468825"></trkpt><trkpt lat="30.428457" lon="-115.470952"></trkpt><trkpt lat="30.427556" lon="-115.472863"></trkpt><trkpt lat="30.426483" lon="-115.474927"></trkpt><trkpt lat="30.425729" lon="-115.476297"></trkpt><trkpt lat="30.425582" lon="-115.476369"></trkpt><trkpt lat="30.425434" lon="-115.477198"></trkpt><trkpt lat="30.425232" lon="-115.477721"></trkpt><trkpt lat="30.425271" lon="-115.478091"></trkpt><trkpt lat="30.425014" lon="-115.479542"></trkpt><trkpt lat="30.425030" lon="-115.480353"></trkpt><trkpt lat="30.424851" lon="-115.481678"></trkpt><trkpt lat="30.424890" lon="-115.482057"></trkpt><trkpt lat="30.425535" lon="-115.483868"></trkpt><trkpt lat="30.425745" lon="-115.484725"></trkpt><trkpt lat="30.425729" lon="-115.484941"></trkpt><trkpt lat="30.424579" lon="-115.486861"></trkpt><trkpt lat="30.424276" lon="-115.487807"></trkpt><trkpt lat="30.423701" lon="-115.489330"></trkpt><trkpt lat="30.422527" lon="-115.491917"></trkpt><trkpt lat="30.420817" lon="-115.494261"></trkpt><trkpt lat="30.420250" lon="-115.495270"></trkpt><trkpt lat="30.420219" lon="-115.495441"></trkpt><trkpt lat="30.419698" lon="-115.496226"></trkpt><trkpt lat="30.418268" lon="-115.499795"></trkpt><trkpt lat="30.417957" lon="-115.501165"></trkpt><trkpt lat="30.417498" lon="-115.502184"></trkpt><trkpt lat="30.417320" lon="-115.503499"></trkpt><trkpt lat="30.417219" lon="-115.503725"></trkpt><trkpt lat="30.416395" lon="-115.504942"></trkpt><trkpt lat="30.415990" lon="-115.505762"></trkpt><trkpt lat="30.415555" lon="-115.506420"></trkpt><trkpt lat="30.414397" lon="-115.508907"></trkpt><trkpt lat="30.413690" lon="-115.509602"></trkpt><trkpt lat="30.413029" lon="-115.510350"></trkpt><trkpt lat="30.412586" lon="-115.510683"></trkpt><trkpt lat="30.412322" lon="-115.511044"></trkpt><trkpt lat="30.411925" lon="-115.511855"></trkpt><trkpt lat="30.411894" lon="-115.512035"></trkpt><trkpt lat="30.411917" lon="-115.512468"></trkpt><trkpt lat="30.411630" lon="-115.513495"></trkpt><trkpt lat="30.411490" lon="-115.514234"></trkpt><trkpt lat="30.411350" lon="-115.514550"></trkpt><trkpt lat="30.410674" lon="-115.515406"></trkpt><trkpt lat="30.409982" lon="-115.516073"></trkpt><trkpt lat="30.407992" lon="-115.517686"></trkpt><trkpt lat="30.407494" lon="-115.518570"></trkpt><trkpt lat="30.407098" lon="-115.519877"></trkpt><trkpt lat="30.406849" lon="-115.520417"></trkpt><trkpt lat="30.406460" lon="-115.520832"></trkpt><trkpt lat="30.406126" lon="-115.521337"></trkpt><trkpt lat="30.405504" lon="-115.521652"></trkpt><trkpt lat="30.405007" lon="-115.522103"></trkpt><trkpt lat="30.404556" lon="-115.522806"></trkpt><trkpt lat="30.404564" lon="-115.523004"></trkpt><trkpt lat="30.404820" lon="-115.523527"></trkpt><trkpt lat="30.404828" lon="-115.524095"></trkpt><trkpt lat="30.405038" lon="-115.524618"></trkpt><trkpt lat="30.404976" lon="-115.525249"></trkpt><trkpt lat="30.405007" lon="-115.525681"></trkpt><trkpt lat="30.404960" lon="-115.525844"></trkpt><trkpt lat="30.404812" lon="-115.525898"></trkpt><trkpt lat="30.404455" lon="-115.525889"></trkpt><trkpt lat="30.404315" lon="-115.525961"></trkpt><trkpt lat="30.404175" lon="-115.526123"></trkpt><trkpt lat="30.404136" lon="-115.526502"></trkpt><trkpt lat="30.403926" lon="-115.527033"></trkpt><trkpt lat="30.403794" lon="-115.527141"></trkpt><trkpt lat="30.403437" lon="-115.527241"></trkpt><trkpt lat="30.403296" lon="-115.527403"></trkpt><trkpt lat="30.403040" lon="-115.527971"></trkpt><trkpt lat="30.402745" lon="-115.528160"></trkpt><trkpt lat="30.402527" lon="-115.528457"></trkpt><trkpt lat="30.402519" lon="-115.528701"></trkpt><trkpt lat="30.402589" lon="-115.529106"></trkpt><trkpt lat="30.402333" lon="-115.530440"></trkpt><trkpt lat="30.402457" lon="-115.531062"></trkpt><trkpt lat="30.402434" lon="-115.531243"></trkpt><trkpt lat="30.401563" lon="-115.532775"></trkpt><trkpt lat="30.401415" lon="-115.533081"></trkpt><trkpt lat="30.401322" lon="-115.533541"></trkpt><trkpt lat="30.401050" lon="-115.534064"></trkpt><trkpt lat="30.400964" lon="-115.534893"></trkpt><trkpt lat="30.400739" lon="-115.535452"></trkpt><trkpt lat="30.400677" lon="-115.535876"></trkpt><trkpt lat="30.400677" lon="-115.536497"></trkpt><trkpt lat="30.400537" lon="-115.536894"></trkpt><trkpt lat="30.400467" lon="-115.537489"></trkpt><trkpt lat="30.400381" lon="-115.539156"></trkpt><trkpt lat="30.400389" lon="-115.539607"></trkpt><trkpt lat="30.400583" lon="-115.540779"></trkpt><trkpt lat="30.400863" lon="-115.541518"></trkpt><trkpt lat="30.400949" lon="-115.542095"></trkpt><trkpt lat="30.401213" lon="-115.542726"></trkpt><trkpt lat="30.401400" lon="-115.543447"></trkpt><trkpt lat="30.401819" lon="-115.544736"></trkpt><trkpt lat="30.401850" lon="-115.545493"></trkpt><trkpt lat="30.402084" lon="-115.546196"></trkpt><trkpt lat="30.402185" lon="-115.546376"></trkpt><trkpt lat="30.402550" lon="-115.546520"></trkpt><trkpt lat="30.402908" lon="-115.546989"></trkpt><trkpt lat="30.403607" lon="-115.547494"></trkpt><trkpt lat="30.403996" lon="-115.547917"></trkpt><trkpt lat="30.404299" lon="-115.547980"></trkpt><trkpt lat="30.404424" lon="-115.548080"></trkpt><trkpt lat="30.404641" lon="-115.548368"></trkpt><trkpt lat="30.404688" lon="-115.548566"></trkpt><trkpt lat="30.404696" lon="-115.548783"></trkpt><trkpt lat="30.404548" lon="-115.549522"></trkpt><trkpt lat="30.404152" lon="-115.550189"></trkpt><trkpt lat="30.403234" lon="-115.550838"></trkpt><trkpt lat="30.402986" lon="-115.551351"></trkpt><trkpt lat="30.402978" lon="-115.551559"></trkpt><trkpt lat="30.403133" lon="-115.551946"></trkpt><trkpt lat="30.403157" lon="-115.552118"></trkpt><trkpt lat="30.403110" lon="-115.552739"></trkpt><trkpt lat="30.402931" lon="-115.553091"></trkpt><trkpt lat="30.402884" lon="-115.553433"></trkpt><trkpt lat="30.402923" lon="-115.553659"></trkpt><trkpt lat="30.403009" lon="-115.553830"></trkpt><trkpt lat="30.403553" lon="-115.554371"></trkpt><trkpt lat="30.403732" lon="-115.555137"></trkpt><trkpt lat="30.403716" lon="-115.555561"></trkpt><trkpt lat="30.403607" lon="-115.555741"></trkpt><trkpt lat="30.403304" lon="-115.555975"></trkpt><trkpt lat="30.402410" lon="-115.556940"></trkpt><trkpt lat="30.400956" lon="-115.557562"></trkpt><trkpt lat="30.399790" lon="-115.557922"></trkpt><trkpt lat="30.399635" lon="-115.558057"></trkpt><trkpt lat="30.398920" lon="-115.558247"></trkpt><trkpt lat="30.398352" lon="-115.558265"></trkpt><trkpt lat="30.397831" lon="-115.558111"></trkpt><trkpt lat="30.397528" lon="-115.558256"></trkpt><trkpt lat="30.397031" lon="-115.558364"></trkpt><trkpt lat="30.396035" lon="-115.558373"></trkpt><trkpt lat="30.395857" lon="-115.558418"></trkpt><trkpt lat="30.395756" lon="-115.558580"></trkpt><trkpt lat="30.395678" lon="-115.558941"></trkpt><trkpt lat="30.395476" lon="-115.559346"></trkpt><trkpt lat="30.395437" lon="-115.559536"></trkpt><trkpt lat="30.395460" lon="-115.559725"></trkpt><trkpt lat="30.394962" lon="-115.561474"></trkpt><trkpt lat="30.394986" lon="-115.561879"></trkpt><trkpt lat="30.394939" lon="-115.562122"></trkpt><trkpt lat="30.394722" lon="-115.562447"></trkpt><trkpt lat="30.394636" lon="-115.562879"></trkpt><trkpt lat="30.394543" lon="-115.563051"></trkpt><trkpt lat="30.394263" lon="-115.563222"></trkpt><trkpt lat="30.394131" lon="-115.563384"></trkpt><trkpt lat="30.394068" lon="-115.563610"></trkpt><trkpt lat="30.394107" lon="-115.564078"></trkpt><trkpt lat="30.393882" lon="-115.564898"></trkpt><trkpt lat="30.393789" lon="-115.565538"></trkpt><trkpt lat="30.393835" lon="-115.565719"></trkpt><trkpt lat="30.394247" lon="-115.566097"></trkpt><trkpt lat="30.394278" lon="-115.566269"></trkpt><trkpt lat="30.394208" lon="-115.566431"></trkpt><trkpt lat="30.394154" lon="-115.566809"></trkpt><trkpt lat="30.394224" lon="-115.568035"></trkpt><trkpt lat="30.394185" lon="-115.569117"></trkpt><trkpt lat="30.394146" lon="-115.569513"></trkpt><trkpt lat="30.393967" lon="-115.570153"></trkpt><trkpt lat="30.394076" lon="-115.570505"></trkpt><trkpt lat="30.394527" lon="-115.571037"></trkpt><trkpt lat="30.394620" lon="-115.571208"></trkpt><trkpt lat="30.394667" lon="-115.571415"></trkpt><trkpt lat="30.394667" lon="-115.572037"></trkpt><trkpt lat="30.394574" lon="-115.572416"></trkpt><trkpt lat="30.393929" lon="-115.573155"></trkpt><trkpt lat="30.393633" lon="-115.573750"></trkpt><trkpt lat="30.393462" lon="-115.574245"></trkpt><trkpt lat="30.393260" lon="-115.575363"></trkpt><trkpt lat="30.393345" lon="-115.577589"></trkpt><trkpt lat="30.393423" lon="-115.578473"></trkpt><trkpt lat="30.393594" lon="-115.579022"></trkpt><trkpt lat="30.393446" lon="-115.579843"></trkpt><trkpt lat="30.393454" lon="-115.580275"></trkpt><trkpt lat="30.393190" lon="-115.580888"></trkpt><trkpt lat="30.393392" lon="-115.581429"></trkpt><trkpt lat="30.393400" lon="-115.581817"></trkpt><trkpt lat="30.393128" lon="-115.581979"></trkpt><trkpt lat="30.393027" lon="-115.582114"></trkpt><trkpt lat="30.393003" lon="-115.582303"></trkpt><trkpt lat="30.393042" lon="-115.582709"></trkpt><trkpt lat="30.393182" lon="-115.583295"></trkpt><trkpt lat="30.393104" lon="-115.584494"></trkpt><trkpt lat="30.392591" lon="-115.585873"></trkpt><trkpt lat="30.392630" lon="-115.586089"></trkpt><trkpt lat="30.392498" lon="-115.586422"></trkpt><trkpt lat="30.392202" lon="-115.586882"></trkpt><trkpt lat="30.391837" lon="-115.587188"></trkpt><trkpt lat="30.391277" lon="-115.587910"></trkpt><trkpt lat="30.390562" lon="-115.588685"></trkpt><trkpt lat="30.390508" lon="-115.588865"></trkpt><trkpt lat="30.390554" lon="-115.589451"></trkpt><trkpt lat="30.390469" lon="-115.589613"></trkpt><trkpt lat="30.390189" lon="-115.589821"></trkpt><trkpt lat="30.389761" lon="-115.590388"></trkpt><trkpt lat="30.389163" lon="-115.590740"></trkpt><trkpt lat="30.389030" lon="-115.591091"></trkpt><trkpt lat="30.388883" lon="-115.591218"></trkpt><trkpt lat="30.388331" lon="-115.591362"></trkpt><trkpt lat="30.388035" lon="-115.591623"></trkpt><trkpt lat="30.387755" lon="-115.592317"></trkpt><trkpt lat="30.387390" lon="-115.592687"></trkpt><trkpt lat="30.387172" lon="-115.593237"></trkpt><trkpt lat="30.387188" lon="-115.593435"></trkpt><trkpt lat="30.387040" lon="-115.594039"></trkpt><trkpt lat="30.386776" lon="-115.594498"></trkpt><trkpt lat="30.386628" lon="-115.594607"></trkpt><trkpt lat="30.386021" lon="-115.594841"></trkpt><trkpt lat="30.385617" lon="-115.595111"></trkpt><trkpt lat="30.385423" lon="-115.595445"></trkpt><trkpt lat="30.385026" lon="-115.595805"></trkpt><trkpt lat="30.384676" lon="-115.595805"></trkpt><trkpt lat="30.384358" lon="-115.595895"></trkpt><trkpt lat="30.383697" lon="-115.596463"></trkpt><trkpt lat="30.383533" lon="-115.596445"></trkpt><trkpt lat="30.382624" lon="-115.596581"></trkpt><trkpt lat="30.382351" lon="-115.596761"></trkpt><trkpt lat="30.381846" lon="-115.596815"></trkpt><trkpt lat="30.381527" lon="-115.596968"></trkpt><trkpt lat="30.381232" lon="-115.596995"></trkpt><trkpt lat="30.381100" lon="-115.597094"></trkpt><trkpt lat="30.380687" lon="-115.597689"></trkpt><trkpt lat="30.380361" lon="-115.597806"></trkpt><trkpt lat="30.379817" lon="-115.598401"></trkpt><trkpt lat="30.379653" lon="-115.598735"></trkpt><trkpt lat="30.379358" lon="-115.599699"></trkpt><trkpt lat="30.379226" lon="-115.599888"></trkpt><trkpt lat="30.378736" lon="-115.600231"></trkpt><trkpt lat="30.378067" lon="-115.600141"></trkpt><trkpt lat="30.377896" lon="-115.600195"></trkpt><trkpt lat="30.377476" lon="-115.600528"></trkpt><trkpt lat="30.377149" lon="-115.600628"></trkpt><trkpt lat="30.377002" lon="-115.600618"></trkpt><trkpt lat="30.376714" lon="-115.600501"></trkpt><trkpt lat="30.376279" lon="-115.600105"></trkpt><trkpt lat="30.376123" lon="-115.600150"></trkpt><trkpt lat="30.376061" lon="-115.600546"></trkpt><trkpt lat="30.375913" lon="-115.600889"></trkpt><trkpt lat="30.375633" lon="-115.601087"></trkpt><trkpt lat="30.375478" lon="-115.601078"></trkpt><trkpt lat="30.375454" lon="-115.601258"></trkpt><trkpt lat="30.375563" lon="-115.602007"></trkpt><trkpt lat="30.375547" lon="-115.602872"></trkpt><trkpt lat="30.375454" lon="-115.603908"></trkpt><trkpt lat="30.375291" lon="-115.604485"></trkpt><trkpt lat="30.375143" lon="-115.604485"></trkpt><trkpt lat="30.374887" lon="-115.604026"></trkpt><trkpt lat="30.374855" lon="-115.603854"></trkpt><trkpt lat="30.374646" lon="-115.603593"></trkpt><trkpt lat="30.374475" lon="-115.603530"></trkpt><trkpt lat="30.373627" lon="-115.603728"></trkpt><trkpt lat="30.373471" lon="-115.603647"></trkpt><trkpt lat="30.372577" lon="-115.603467"></trkpt><trkpt lat="30.372313" lon="-115.603205"></trkpt><trkpt lat="30.372266" lon="-115.602863"></trkpt><trkpt lat="30.372383" lon="-115.602259"></trkpt><trkpt lat="30.372281" lon="-115.601916"></trkpt><trkpt lat="30.371900" lon="-115.601556"></trkpt><trkpt lat="30.371566" lon="-115.601493"></trkpt><trkpt lat="30.371146" lon="-115.601240"></trkpt><trkpt lat="30.370703" lon="-115.601069"></trkpt><trkpt lat="30.370602" lon="-115.601195"></trkpt><trkpt lat="30.370454" lon="-115.601565"></trkpt><trkpt lat="30.370283" lon="-115.601592"></trkpt><trkpt lat="30.370159" lon="-115.601691"></trkpt><trkpt lat="30.369746" lon="-115.602538"></trkpt><trkpt lat="30.369731" lon="-115.602719"></trkpt><trkpt lat="30.369653" lon="-115.602899"></trkpt><trkpt lat="30.369529" lon="-115.602998"></trkpt><trkpt lat="30.368665" lon="-115.603187"></trkpt><trkpt lat="30.368518" lon="-115.603323"></trkpt><trkpt lat="30.368611" lon="-115.603854"></trkpt><trkpt lat="30.368455" lon="-115.603926"></trkpt><trkpt lat="30.367973" lon="-115.603764"></trkpt><trkpt lat="30.367655" lon="-115.603512"></trkpt><trkpt lat="30.367522" lon="-115.603377"></trkpt><trkpt lat="30.367149" lon="-115.602737"></trkpt><trkpt lat="30.367025" lon="-115.602647"></trkpt><trkpt lat="30.365982" lon="-115.602665"></trkpt><trkpt lat="30.365695" lon="-115.602475"></trkpt><trkpt lat="30.365562" lon="-115.602304"></trkpt><trkpt lat="30.365461" lon="-115.601970"></trkpt><trkpt lat="30.365314" lon="-115.601907"></trkpt><trkpt lat="30.364987" lon="-115.602088"></trkpt><trkpt lat="30.364691" lon="-115.602331"></trkpt><trkpt lat="30.364466" lon="-115.602647"></trkpt><trkpt lat="30.363953" lon="-115.603115"></trkpt><trkpt lat="30.363611" lon="-115.603341"></trkpt><trkpt lat="30.363276" lon="-115.603539"></trkpt><trkpt lat="30.363113" lon="-115.603575"></trkpt><trkpt lat="30.362771" lon="-115.603503"></trkpt><trkpt lat="30.362646" lon="-115.603404"></trkpt><trkpt lat="30.362537" lon="-115.603214"></trkpt><trkpt lat="30.362413" lon="-115.602655"></trkpt><trkpt lat="30.362413" lon="-115.602106"></trkpt><trkpt lat="30.362514" lon="-115.601970"></trkpt><trkpt lat="30.362506" lon="-115.601799"></trkpt><trkpt lat="30.362226" lon="-115.601655"></trkpt><trkpt lat="30.362024" lon="-115.601358"></trkpt><trkpt lat="30.361892" lon="-115.601231"></trkpt><trkpt lat="30.361736" lon="-115.601177"></trkpt><trkpt lat="30.361503" lon="-115.600889"></trkpt><trkpt lat="30.361223" lon="-115.600745"></trkpt><trkpt lat="30.361060" lon="-115.600736"></trkpt><trkpt lat="30.360725" lon="-115.600312"></trkpt><trkpt lat="30.360313" lon="-115.599987"></trkpt><trkpt lat="30.360150" lon="-115.599708"></trkpt><trkpt lat="30.359979" lon="-115.599699"></trkpt><trkpt lat="30.359815" lon="-115.599762"></trkpt><trkpt lat="30.359706" lon="-115.600105"></trkpt><trkpt lat="30.359481" lon="-115.600384"></trkpt><trkpt lat="30.359162" lon="-115.600447"></trkpt><trkpt lat="30.358890" lon="-115.600312"></trkpt><trkpt lat="30.358579" lon="-115.599861"></trkpt><trkpt lat="30.358431" lon="-115.599474"></trkpt><trkpt lat="30.358446" lon="-115.599077"></trkpt><trkpt lat="30.358384" lon="-115.598888"></trkpt><trkpt lat="30.358540" lon="-115.598563"></trkpt><trkpt lat="30.358680" lon="-115.597770"></trkpt><trkpt lat="30.358633" lon="-115.597536"></trkpt><trkpt lat="30.358431" lon="-115.597067"></trkpt><trkpt lat="30.358376" lon="-115.596653"></trkpt><trkpt lat="30.358190" lon="-115.596274"></trkpt><trkpt lat="30.357645" lon="-115.595562"></trkpt><trkpt lat="30.357396" lon="-115.595039"></trkpt><trkpt lat="30.357241" lon="-115.594904"></trkpt><trkpt lat="30.356416" lon="-115.594435"></trkpt><trkpt lat="30.356378" lon="-115.594255"></trkpt><trkpt lat="30.356432" lon="-115.594030"></trkpt><trkpt lat="30.356945" lon="-115.593219"></trkpt><trkpt lat="30.357046" lon="-115.593074"></trkpt><trkpt lat="30.357326" lon="-115.592849"></trkpt><trkpt lat="30.357676" lon="-115.592155"></trkpt><trkpt lat="30.358003" lon="-115.591821"></trkpt><trkpt lat="30.358182" lon="-115.591416"></trkpt><trkpt lat="30.358446" lon="-115.591154"></trkpt><trkpt lat="30.359006" lon="-115.590172"></trkpt><trkpt lat="30.359621" lon="-115.589460"></trkpt><trkpt lat="30.359901" lon="-115.588928"></trkpt><trkpt lat="30.359979" lon="-115.588559"></trkpt><trkpt lat="30.360072" lon="-115.588387"></trkpt><trkpt lat="30.360406" lon="-115.588000"></trkpt><trkpt lat="30.360772" lon="-115.587306"></trkpt><trkpt lat="30.361503" lon="-115.586242"></trkpt><trkpt lat="30.361954" lon="-115.585088"></trkpt><trkpt lat="30.362257" lon="-115.584890"></trkpt><trkpt lat="30.362459" lon="-115.584620"></trkpt><trkpt lat="30.362475" lon="-115.584421"></trkpt><trkpt lat="30.362739" lon="-115.583881"></trkpt><trkpt lat="30.362973" lon="-115.583583"></trkpt><trkpt lat="30.363245" lon="-115.582817"></trkpt><trkpt lat="30.363922" lon="-115.582385"></trkpt><trkpt lat="30.364279" lon="-115.581735"></trkpt><trkpt lat="30.364863" lon="-115.581240"></trkpt><trkpt lat="30.364940" lon="-115.581014"></trkpt><trkpt lat="30.365228" lon="-115.580528"></trkpt><trkpt lat="30.365796" lon="-115.580032"></trkpt><trkpt lat="30.366332" lon="-115.579735"></trkpt><trkpt lat="30.366760" lon="-115.579275"></trkpt><trkpt lat="30.366916" lon="-115.578932"></trkpt><trkpt lat="30.367133" lon="-115.578671"></trkpt><trkpt lat="30.367203" lon="-115.578464"></trkpt><trkpt lat="30.367211" lon="-115.578031"></trkpt><trkpt lat="30.367297" lon="-115.577652"></trkpt><trkpt lat="30.367266" lon="-115.577427"></trkpt><trkpt lat="30.367025" lon="-115.576868"></trkpt><trkpt lat="30.366947" lon="-115.575390"></trkpt><trkpt lat="30.366807" lon="-115.574813"></trkpt><trkpt lat="30.366939" lon="-115.573813"></trkpt><trkpt lat="30.366605" lon="-115.573083"></trkpt><trkpt lat="30.366434" lon="-115.572073"></trkpt><trkpt lat="30.366286" lon="-115.571713"></trkpt><trkpt lat="30.366107" lon="-115.570397"></trkpt><trkpt lat="30.365944" lon="-115.569621"></trkpt><trkpt lat="30.365360" lon="-115.568567"></trkpt><trkpt lat="30.365384" lon="-115.567999"></trkpt><trkpt lat="30.365267" lon="-115.567611"></trkpt><trkpt lat="30.365524" lon="-115.567359"></trkpt><trkpt lat="30.365539" lon="-115.567143"></trkpt><trkpt lat="30.365345" lon="-115.566800"></trkpt><trkpt lat="30.365345" lon="-115.566620"></trkpt><trkpt lat="30.365275" lon="-115.566431"></trkpt><trkpt lat="30.365119" lon="-115.566404"></trkpt><trkpt lat="30.364341" lon="-115.566467"></trkpt><trkpt lat="30.363875" lon="-115.566683"></trkpt><trkpt lat="30.363533" lon="-115.566782"></trkpt><trkpt lat="30.363121" lon="-115.566818"></trkpt><trkpt lat="30.362148" lon="-115.567260"></trkpt><trkpt lat="30.361130" lon="-115.567386"></trkpt><trkpt lat="30.359512" lon="-115.567900"></trkpt><trkpt lat="30.358913" lon="-115.567882"></trkpt><trkpt lat="30.357225" lon="-115.568080"></trkpt><trkpt lat="30.356829" lon="-115.568152"></trkpt><trkpt lat="30.356059" lon="-115.568423"></trkpt><trkpt lat="30.355436" lon="-115.568495"></trkpt><trkpt lat="30.354900" lon="-115.568720"></trkpt><trkpt lat="30.353756" lon="-115.569603"></trkpt><trkpt lat="30.352901" lon="-115.569937"></trkpt><trkpt lat="30.351625" lon="-115.570847"></trkpt><trkpt lat="30.351143" lon="-115.571073"></trkpt><trkpt lat="30.349790" lon="-115.571947"></trkpt><trkpt lat="30.349393" lon="-115.572316"></trkpt><trkpt lat="30.349191" lon="-115.572596"></trkpt><trkpt lat="30.349012" lon="-115.572641"></trkpt><trkpt lat="30.348250" lon="-115.573101"></trkpt><trkpt lat="30.347869" lon="-115.573137"></trkpt><trkpt lat="30.347340" lon="-115.573092"></trkpt><trkpt lat="30.346826" lon="-115.573191"></trkpt><trkpt lat="30.346134" lon="-115.573092"></trkpt><trkpt lat="30.345045" lon="-115.573344"></trkpt><trkpt lat="30.344508" lon="-115.573344"></trkpt><trkpt lat="30.344259" lon="-115.573587"></trkpt><trkpt lat="30.343785" lon="-115.573903"></trkpt><trkpt lat="30.343225" lon="-115.573930"></trkpt><trkpt lat="30.342883" lon="-115.574083"></trkpt><trkpt lat="30.342556" lon="-115.574047"></trkpt><trkpt lat="30.342143" lon="-115.574299"></trkpt><trkpt lat="30.341692" lon="-115.574281"></trkpt><trkpt lat="30.341583" lon="-115.574408"></trkpt><trkpt lat="30.341249" lon="-115.574426"></trkpt><trkpt lat="30.340938" lon="-115.574363"></trkpt><trkpt lat="30.340619" lon="-115.574453"></trkpt><trkpt lat="30.340378" lon="-115.574750"></trkpt><trkpt lat="30.340230" lon="-115.574822"></trkpt><trkpt lat="30.339553" lon="-115.575002"></trkpt><trkpt lat="30.338705" lon="-115.575372"></trkpt><trkpt lat="30.337857" lon="-115.575507"></trkpt><trkpt lat="30.337694" lon="-115.575588"></trkpt><trkpt lat="30.337437" lon="-115.575868"></trkpt><trkpt lat="30.337181" lon="-115.576039"></trkpt><trkpt lat="30.336893" lon="-115.576120"></trkpt><trkpt lat="30.336371" lon="-115.576066"></trkpt><trkpt lat="30.336185" lon="-115.576129"></trkpt><trkpt lat="30.335811" lon="-115.576436"></trkpt><trkpt lat="30.335516" lon="-115.576463"></trkpt><trkpt lat="30.335267" lon="-115.576742"></trkpt><trkpt lat="30.334932" lon="-115.576751"></trkpt><trkpt lat="30.334792" lon="-115.576823"></trkpt><trkpt lat="30.334699" lon="-115.576958"></trkpt><trkpt lat="30.334652" lon="-115.577166"></trkpt><trkpt lat="30.334520" lon="-115.577265"></trkpt><trkpt lat="30.334364" lon="-115.576922"></trkpt><trkpt lat="30.333913" lon="-115.577139"></trkpt><trkpt lat="30.333439" lon="-115.577202"></trkpt><trkpt lat="30.333190" lon="-115.576977"></trkpt><trkpt lat="30.333127" lon="-115.576814"></trkpt><trkpt lat="30.333112" lon="-115.575705"></trkpt><trkpt lat="30.333003" lon="-115.575201"></trkpt><trkpt lat="30.332863" lon="-115.574840"></trkpt><trkpt lat="30.332606" lon="-115.574480"></trkpt><trkpt lat="30.332280" lon="-115.574218"></trkpt><trkpt lat="30.332046" lon="-115.573921"></trkpt><trkpt lat="30.331914" lon="-115.573822"></trkpt><trkpt lat="30.331393" lon="-115.573614"></trkpt><trkpt lat="30.331097" lon="-115.573398"></trkpt><trkpt lat="30.330397" lon="-115.572461"></trkpt><trkpt lat="30.330335" lon="-115.572299"></trkpt><trkpt lat="30.330311" lon="-115.571631"></trkpt><trkpt lat="30.330451" lon="-115.570586"></trkpt><trkpt lat="30.330498" lon="-115.569721"></trkpt><trkpt lat="30.330366" lon="-115.569090"></trkpt><trkpt lat="30.329961" lon="-115.568269"></trkpt><trkpt lat="30.329020" lon="-115.567476"></trkpt><trkpt lat="30.328475" lon="-115.567134"></trkpt><trkpt lat="30.328359" lon="-115.567008"></trkpt><trkpt lat="30.328117" lon="-115.566494"></trkpt><trkpt lat="30.327386" lon="-115.565511"></trkpt><trkpt lat="30.326818" lon="-115.565196"></trkpt><trkpt lat="30.326375" lon="-115.564745"></trkpt><trkpt lat="30.326203" lon="-115.564646"></trkpt><trkpt lat="30.325846" lon="-115.564565"></trkpt><trkpt lat="30.325550" lon="-115.564340"></trkpt><trkpt lat="30.324842" lon="-115.563988"></trkpt><trkpt lat="30.324686" lon="-115.563844"></trkpt><trkpt lat="30.324406" lon="-115.563294"></trkpt><trkpt lat="30.323924" lon="-115.562636"></trkpt><trkpt lat="30.322796" lon="-115.561960"></trkpt><trkpt lat="30.322220" lon="-115.561509"></trkpt><trkpt lat="30.321948" lon="-115.561194"></trkpt><trkpt lat="30.321598" lon="-115.561068"></trkpt><trkpt lat="30.321178" lon="-115.560824"></trkpt><trkpt lat="30.320975" lon="-115.560563"></trkpt><trkpt lat="30.320796" lon="-115.559761"></trkpt><trkpt lat="30.320454" lon="-115.559085"></trkpt><trkpt lat="30.319497" lon="-115.558048"></trkpt><trkpt lat="30.319209" lon="-115.557553"></trkpt><trkpt lat="30.318151" lon="-115.556814"></trkpt><trkpt lat="30.317770" lon="-115.556480"></trkpt><trkpt lat="30.316626" lon="-115.555723"></trkpt><trkpt lat="30.316081" lon="-115.555182"></trkpt><trkpt lat="30.315684" lon="-115.554587"></trkpt><trkpt lat="30.314704" lon="-115.553632"></trkpt><trkpt lat="30.313887" lon="-115.553154"></trkpt><trkpt lat="30.313023" lon="-115.552298"></trkpt><trkpt lat="30.312728" lon="-115.552126"></trkpt><trkpt lat="30.311973" lon="-115.552154"></trkpt><trkpt lat="30.311459" lon="-115.552099"></trkpt><trkpt lat="30.310907" lon="-115.552136"></trkpt><trkpt lat="30.310611" lon="-115.552054"></trkpt><trkpt lat="30.310020" lon="-115.552063"></trkpt><trkpt lat="30.308977" lon="-115.551793"></trkpt><trkpt lat="30.308588" lon="-115.551802"></trkpt><trkpt lat="30.307530" lon="-115.552063"></trkpt><trkpt lat="30.307024" lon="-115.551856"></trkpt><trkpt lat="30.305763" lon="-115.551712"></trkpt><trkpt lat="30.305491" lon="-115.551505"></trkpt><trkpt lat="30.305203" lon="-115.551423"></trkpt><trkpt lat="30.305047" lon="-115.551441"></trkpt><trkpt lat="30.304775" lon="-115.551595"></trkpt><trkpt lat="30.304401" lon="-115.551946"></trkpt><trkpt lat="30.303997" lon="-115.552226"></trkpt><trkpt lat="30.303942" lon="-115.552406"></trkpt><trkpt lat="30.303841" lon="-115.552532"></trkpt><trkpt lat="30.303538" lon="-115.552712"></trkpt><trkpt lat="30.303390" lon="-115.552685"></trkpt><trkpt lat="30.303001" lon="-115.552406"></trkpt><trkpt lat="30.302526" lon="-115.551838"></trkpt><trkpt lat="30.302051" lon="-115.551441"></trkpt><trkpt lat="30.300861" lon="-115.549783"></trkpt><trkpt lat="30.300775" lon="-115.549639"></trkpt><trkpt lat="30.300666" lon="-115.549215"></trkpt><trkpt lat="30.300433" lon="-115.548611"></trkpt><trkpt lat="30.300347" lon="-115.548116"></trkpt><trkpt lat="30.300223" lon="-115.547755"></trkpt><trkpt lat="30.300020" lon="-115.547458"></trkpt><trkpt lat="30.299732" lon="-115.547223"></trkpt><trkpt lat="30.299382" lon="-115.546773"></trkpt><trkpt lat="30.299234" lon="-115.546655"></trkpt><trkpt lat="30.298736" lon="-115.546475"></trkpt><trkpt lat="30.297779" lon="-115.546313"></trkpt><trkpt lat="30.297639" lon="-115.546205"></trkpt><trkpt lat="30.297195" lon="-115.544618"></trkpt><trkpt lat="30.296370" lon="-115.543906"></trkpt><trkpt lat="30.296028" lon="-115.543492"></trkpt><trkpt lat="30.295896" lon="-115.543420"></trkpt><trkpt lat="30.295133" lon="-115.543365"></trkpt><trkpt lat="30.294121" lon="-115.542879"></trkpt><trkpt lat="30.293647" lon="-115.542852"></trkpt><trkpt lat="30.293195" lon="-115.542536"></trkpt><trkpt lat="30.292892" lon="-115.542410"></trkpt><trkpt lat="30.292744" lon="-115.542419"></trkpt><trkpt lat="30.291841" lon="-115.542933"></trkpt><trkpt lat="30.291397" lon="-115.543384"></trkpt><trkpt lat="30.290549" lon="-115.544078"></trkpt><trkpt lat="30.290284" lon="-115.544366"></trkpt><trkpt lat="30.289989" lon="-115.545060"></trkpt><trkpt lat="30.289794" lon="-115.545357"></trkpt><trkpt lat="30.289623" lon="-115.545439"></trkpt><trkpt lat="30.289039" lon="-115.545538"></trkpt><trkpt lat="30.288494" lon="-115.545853"></trkpt><trkpt lat="30.288354" lon="-115.545997"></trkpt><trkpt lat="30.288276" lon="-115.546178"></trkpt><trkpt lat="30.288113" lon="-115.546295"></trkpt><trkpt lat="30.287584" lon="-115.546475"></trkpt><trkpt lat="30.286362" lon="-115.546574"></trkpt><trkpt lat="30.285529" lon="-115.546349"></trkpt><trkpt lat="30.285124" lon="-115.546033"></trkpt><trkpt lat="30.284276" lon="-115.545754"></trkpt><trkpt lat="30.283918" lon="-115.545961"></trkpt><trkpt lat="30.283272" lon="-115.546187"></trkpt><trkpt lat="30.283100" lon="-115.546493"></trkpt><trkpt lat="30.282789" lon="-115.546746"></trkpt><trkpt lat="30.282478" lon="-115.546890"></trkpt><trkpt lat="30.281785" lon="-115.547512"></trkpt><trkpt lat="30.281147" lon="-115.548440"></trkpt><trkpt lat="30.279551" lon="-115.550468"></trkpt><trkpt lat="30.279255" lon="-115.550630"></trkpt><trkpt lat="30.277808" lon="-115.551198"></trkpt><trkpt lat="30.277675" lon="-115.551315"></trkpt><trkpt lat="30.277473" lon="-115.551892"></trkpt><trkpt lat="30.277348" lon="-115.552054"></trkpt><trkpt lat="30.276414" lon="-115.552496"></trkpt><trkpt lat="30.276204" lon="-115.552749"></trkpt><trkpt lat="30.276142" lon="-115.552992"></trkpt><trkpt lat="30.276297" lon="-115.554614"></trkpt><trkpt lat="30.276196" lon="-115.554948"></trkpt><trkpt lat="30.276150" lon="-115.555389"></trkpt><trkpt lat="30.276321" lon="-115.555795"></trkpt><trkpt lat="30.276671" lon="-115.556327"></trkpt><trkpt lat="30.277123" lon="-115.556886"></trkpt><trkpt lat="30.277185" lon="-115.557066"></trkpt><trkpt lat="30.276959" lon="-115.557616"></trkpt><trkpt lat="30.276656" lon="-115.558039"></trkpt><trkpt lat="30.276601" lon="-115.558211"></trkpt><trkpt lat="30.276702" lon="-115.559445"></trkpt><trkpt lat="30.276391" lon="-115.561474"></trkpt><trkpt lat="30.276375" lon="-115.562834"></trkpt><trkpt lat="30.276905" lon="-115.563637"></trkpt><trkpt lat="30.277169" lon="-115.563835"></trkpt><trkpt lat="30.277099" lon="-115.564232"></trkpt><trkpt lat="30.277193" lon="-115.564844"></trkpt><trkpt lat="30.277325" lon="-115.565232"></trkpt><trkpt lat="30.277667" lon="-115.565926"></trkpt><trkpt lat="30.277706" lon="-115.566287"></trkpt><trkpt lat="30.277699" lon="-115.567125"></trkpt><trkpt lat="30.277792" lon="-115.567287"></trkpt><trkpt lat="30.278298" lon="-115.567792"></trkpt><trkpt lat="30.279427" lon="-115.569468"></trkpt><trkpt lat="30.279746" lon="-115.570622"></trkpt><trkpt lat="30.280189" lon="-115.571361"></trkpt><trkpt lat="30.280221" lon="-115.571794"></trkpt><trkpt lat="30.280034" lon="-115.573678"></trkpt><trkpt lat="30.279878" lon="-115.574209"></trkpt><trkpt lat="30.279466" lon="-115.574903"></trkpt><trkpt lat="30.279442" lon="-115.575084"></trkpt><trkpt lat="30.279543" lon="-115.575715"></trkpt><trkpt lat="30.279380" lon="-115.576472"></trkpt><trkpt lat="30.279107" lon="-115.577319"></trkpt><trkpt lat="30.279092" lon="-115.577743"></trkpt><trkpt lat="30.279302" lon="-115.578148"></trkpt><trkpt lat="30.280322" lon="-115.579275"></trkpt><trkpt lat="30.280477" lon="-115.579518"></trkpt><trkpt lat="30.280695" lon="-115.580059"></trkpt><trkpt lat="30.280952" lon="-115.581059"></trkpt><trkpt lat="30.281092" lon="-115.582583"></trkpt><trkpt lat="30.281201" lon="-115.583277"></trkpt><trkpt lat="30.281279" lon="-115.584250"></trkpt><trkpt lat="30.281279" lon="-115.584908"></trkpt><trkpt lat="30.281232" lon="-115.585116"></trkpt><trkpt lat="30.280812" lon="-115.585846"></trkpt><trkpt lat="30.280446" lon="-115.586332"></trkpt><trkpt lat="30.280080" lon="-115.586693"></trkpt><trkpt lat="30.279224" lon="-115.587369"></trkpt><trkpt lat="30.278812" lon="-115.587531"></trkpt><trkpt lat="30.277714" lon="-115.587603"></trkpt><trkpt lat="30.277566" lon="-115.587711"></trkpt><trkpt lat="30.277356" lon="-115.588054"></trkpt><trkpt lat="30.277091" lon="-115.588694"></trkpt><trkpt lat="30.276951" lon="-115.588874"></trkpt><trkpt lat="30.276399" lon="-115.589352"></trkpt><trkpt lat="30.275753" lon="-115.589667"></trkpt><trkpt lat="30.275605" lon="-115.589821"></trkpt><trkpt lat="30.275216" lon="-115.590451"></trkpt><trkpt lat="30.275029" lon="-115.590605"></trkpt><trkpt lat="30.274398" lon="-115.590686"></trkpt><trkpt lat="30.272919" lon="-115.590992"></trkpt><trkpt lat="30.271954" lon="-115.591344"></trkpt><trkpt lat="30.271604" lon="-115.591686"></trkpt><trkpt lat="30.271362" lon="-115.592389"></trkpt><trkpt lat="30.270825" lon="-115.593651"></trkpt><trkpt lat="30.270584" lon="-115.594417"></trkpt><trkpt lat="30.270623" lon="-115.594634"></trkpt><trkpt lat="30.271238" lon="-115.595355"></trkpt><trkpt lat="30.271300" lon="-115.595598"></trkpt><trkpt lat="30.271269" lon="-115.596626"></trkpt><trkpt lat="30.271316" lon="-115.596995"></trkpt><trkpt lat="30.271619" lon="-115.597329"></trkpt><trkpt lat="30.272452" lon="-115.597869"></trkpt><trkpt lat="30.272647" lon="-115.598059"></trkpt><trkpt lat="30.272732" lon="-115.598284"></trkpt><trkpt lat="30.272732" lon="-115.598491"></trkpt><trkpt lat="30.272078" lon="-115.600177"></trkpt><trkpt lat="30.272125" lon="-115.600573"></trkpt><trkpt lat="30.272343" lon="-115.601276"></trkpt><trkpt lat="30.272265" lon="-115.601682"></trkpt><trkpt lat="30.271752" lon="-115.602385"></trkpt><trkpt lat="30.270755" lon="-115.603124"></trkpt><trkpt lat="30.270615" lon="-115.603304"></trkpt><trkpt lat="30.270195" lon="-115.604170"></trkpt><trkpt lat="30.270078" lon="-115.605405"></trkpt><trkpt lat="30.270016" lon="-115.605594"></trkpt><trkpt lat="30.269899" lon="-115.605702"></trkpt><trkpt lat="30.268599" lon="-115.606017"></trkpt><trkpt lat="30.267906" lon="-115.606495"></trkpt><trkpt lat="30.266372" lon="-115.607171"></trkpt><trkpt lat="30.265968" lon="-115.607622"></trkpt><trkpt lat="30.265804" lon="-115.607739"></trkpt><trkpt lat="30.265197" lon="-115.607955"></trkpt><trkpt lat="30.265072" lon="-115.608109"></trkpt><trkpt lat="30.264854" lon="-115.608757"></trkpt><trkpt lat="30.264738" lon="-115.608965"></trkpt><trkpt lat="30.264364" lon="-115.609280"></trkpt><trkpt lat="30.263990" lon="-115.609425"></trkpt><trkpt lat="30.263492" lon="-115.609208"></trkpt><trkpt lat="30.262924" lon="-115.609380"></trkpt><trkpt lat="30.262768" lon="-115.609515"></trkpt><trkpt lat="30.262472" lon="-115.610155"></trkpt><trkpt lat="30.262441" lon="-115.611020"></trkpt><trkpt lat="30.262355" lon="-115.611218"></trkpt><trkpt lat="30.262052" lon="-115.611552"></trkpt><trkpt lat="30.261655" lon="-115.611813"></trkpt><trkpt lat="30.261437" lon="-115.611831"></trkpt><trkpt lat="30.260627" lon="-115.611696"></trkpt><trkpt lat="30.260222" lon="-115.611723"></trkpt><trkpt lat="30.259592" lon="-115.611894"></trkpt><trkpt lat="30.259202" lon="-115.611840"></trkpt><trkpt lat="30.258556" lon="-115.611633"></trkpt><trkpt lat="30.258144" lon="-115.611588"></trkpt><trkpt lat="30.256493" lon="-115.612111"></trkpt><trkpt lat="30.256088" lon="-115.612129"></trkpt><trkpt lat="30.255489" lon="-115.612002"></trkpt><trkpt lat="30.254033" lon="-115.611272"></trkpt><trkpt lat="30.252460" lon="-115.610245"></trkpt><trkpt lat="30.251814" lon="-115.609749"></trkpt><trkpt lat="30.251456" lon="-115.609398"></trkpt><trkpt lat="30.251113" lon="-115.608722"></trkpt><trkpt lat="30.250661" lon="-115.608036"></trkpt><trkpt lat="30.249322" lon="-115.606504"></trkpt><trkpt lat="30.249159" lon="-115.606432"></trkpt><trkpt lat="30.248053" lon="-115.606315"></trkpt><trkpt lat="30.247804" lon="-115.606360"></trkpt><trkpt lat="30.247415" lon="-115.606630"></trkpt><trkpt lat="30.247041" lon="-115.607000"></trkpt><trkpt lat="30.245242" lon="-115.609082"></trkpt><trkpt lat="30.244627" lon="-115.609370"></trkpt><trkpt lat="30.242229" lon="-115.610245"></trkpt><trkpt lat="30.241894" lon="-115.610560"></trkpt><trkpt lat="30.241645" lon="-115.610921"></trkpt><trkpt lat="30.241170" lon="-115.611822"></trkpt><trkpt lat="30.241006" lon="-115.611948"></trkpt><trkpt lat="30.238764" lon="-115.612507"></trkpt><trkpt lat="30.238398" lon="-115.612552"></trkpt><trkpt lat="30.237814" lon="-115.612435"></trkpt><trkpt lat="30.237261" lon="-115.611984"></trkpt><trkpt lat="30.236770" lon="-115.611732"></trkpt><trkpt lat="30.235680" lon="-115.610686"></trkpt><trkpt lat="30.235524" lon="-115.610605"></trkpt><trkpt lat="30.235010" lon="-115.610506"></trkpt><trkpt lat="30.234309" lon="-115.609875"></trkpt><trkpt lat="30.233640" lon="-115.609479"></trkpt><trkpt lat="30.232643" lon="-115.608469"></trkpt><trkpt lat="30.231856" lon="-115.607793"></trkpt><trkpt lat="30.230073" lon="-115.605900"></trkpt><trkpt lat="30.229341" lon="-115.605323"></trkpt><trkpt lat="30.228959" lon="-115.605215"></trkpt><trkpt lat="30.228422" lon="-115.605260"></trkpt><trkpt lat="30.228313" lon="-115.605414"></trkpt><trkpt lat="30.228282" lon="-115.605657"></trkpt><trkpt lat="30.228305" lon="-115.606090"></trkpt><trkpt lat="30.228196" lon="-115.607144"></trkpt><trkpt lat="30.228056" lon="-115.607225"></trkpt><trkpt lat="30.227924" lon="-115.607063"></trkpt><trkpt lat="30.227799" lon="-115.606495"></trkpt><trkpt lat="30.227659" lon="-115.606126"></trkpt><trkpt lat="30.227379" lon="-115.605891"></trkpt><trkpt lat="30.226592" lon="-115.604575"></trkpt><trkpt lat="30.226537" lon="-115.604386"></trkpt><trkpt lat="30.226234" lon="-115.604116"></trkpt><trkpt lat="30.225626" lon="-115.603728"></trkpt><trkpt lat="30.225478" lon="-115.603692"></trkpt><trkpt lat="30.225346" lon="-115.603782"></trkpt><trkpt lat="30.225112" lon="-115.604323"></trkpt><trkpt lat="30.225050" lon="-115.604891"></trkpt><trkpt lat="30.224886" lon="-115.604990"></trkpt><trkpt lat="30.224411" lon="-115.604720"></trkpt><trkpt lat="30.223780" lon="-115.604071"></trkpt><trkpt lat="30.223609" lon="-115.603981"></trkpt><trkpt lat="30.223477" lon="-115.604062"></trkpt><trkpt lat="30.223383" lon="-115.604224"></trkpt><trkpt lat="30.223282" lon="-115.604629"></trkpt><trkpt lat="30.223142" lon="-115.604711"></trkpt><trkpt lat="30.222231" lon="-115.604954"></trkpt><trkpt lat="30.221935" lon="-115.604999"></trkpt><trkpt lat="30.221242" lon="-115.604990"></trkpt><trkpt lat="30.220720" lon="-115.605107"></trkpt><trkpt lat="30.220432" lon="-115.605260"></trkpt><trkpt lat="30.220136" lon="-115.605323"></trkpt><trkpt lat="30.219403" lon="-115.605053"></trkpt><trkpt lat="30.219069" lon="-115.605125"></trkpt><trkpt lat="30.218897" lon="-115.605071"></trkpt><trkpt lat="30.218399" lon="-115.604566"></trkpt><trkpt lat="30.218235" lon="-115.604485"></trkpt><trkpt lat="30.217783" lon="-115.604765"></trkpt><trkpt lat="30.217589" lon="-115.604738"></trkpt><trkpt lat="30.216950" lon="-115.604386"></trkpt><trkpt lat="30.216171" lon="-115.603629"></trkpt><trkpt lat="30.215634" lon="-115.603223"></trkpt><trkpt lat="30.215034" lon="-115.602647"></trkpt><trkpt lat="30.214909" lon="-115.602250"></trkpt><trkpt lat="30.214754" lon="-115.602088"></trkpt><trkpt lat="30.214349" lon="-115.601772"></trkpt><trkpt lat="30.214060" lon="-115.601682"></trkpt><trkpt lat="30.213943" lon="-115.601538"></trkpt><trkpt lat="30.213796" lon="-115.601186"></trkpt><trkpt lat="30.213289" lon="-115.601168"></trkpt><trkpt lat="30.212985" lon="-115.601078"></trkpt><trkpt lat="30.212877" lon="-115.600862"></trkpt><trkpt lat="30.212799" lon="-115.600510"></trkpt><trkpt lat="30.212666" lon="-115.600357"></trkpt><trkpt lat="30.211513" lon="-115.600177"></trkpt><trkpt lat="30.211241" lon="-115.599987"></trkpt><trkpt lat="30.210867" lon="-115.599609"></trkpt><trkpt lat="30.210742" lon="-115.599708"></trkpt><trkpt lat="30.210501" lon="-115.600384"></trkpt><trkpt lat="30.210290" lon="-115.600691"></trkpt><trkpt lat="30.210244" lon="-115.600898"></trkpt><trkpt lat="30.210259" lon="-115.601096"></trkpt><trkpt lat="30.210431" lon="-115.601511"></trkpt><trkpt lat="30.210431" lon="-115.601682"></trkpt><trkpt lat="30.210119" lon="-115.602124"></trkpt><trkpt lat="30.209971" lon="-115.602160"></trkpt><trkpt lat="30.209223" lon="-115.601754"></trkpt><trkpt lat="30.209013" lon="-115.601718"></trkpt><trkpt lat="30.208507" lon="-115.601844"></trkpt><trkpt lat="30.208109" lon="-115.601781"></trkpt><trkpt lat="30.207704" lon="-115.601610"></trkpt><trkpt lat="30.207346" lon="-115.601331"></trkpt><trkpt lat="30.206435" lon="-115.600213"></trkpt><trkpt lat="30.206154" lon="-115.599970"></trkpt><trkpt lat="30.204978" lon="-115.599780"></trkpt><trkpt lat="30.204261" lon="-115.599789"></trkpt><trkpt lat="30.203623" lon="-115.599870"></trkpt><trkpt lat="30.203467" lon="-115.599843"></trkpt><trkpt lat="30.203303" lon="-115.599699"></trkpt><trkpt lat="30.203171" lon="-115.599492"></trkpt><trkpt lat="30.202727" lon="-115.599230"></trkpt><trkpt lat="30.202563" lon="-115.599185"></trkpt><trkpt lat="30.202252" lon="-115.599294"></trkpt><trkpt lat="30.202119" lon="-115.599212"></trkpt><trkpt lat="30.201558" lon="-115.598608"></trkpt><trkpt lat="30.200717" lon="-115.598437"></trkpt><trkpt lat="30.200367" lon="-115.598473"></trkpt><trkpt lat="30.200086" lon="-115.598572"></trkpt><trkpt lat="30.199572" lon="-115.598473"></trkpt><trkpt lat="30.199416" lon="-115.598581"></trkpt><trkpt lat="30.199323" lon="-115.598753"></trkpt><trkpt lat="30.199167" lon="-115.598861"></trkpt><trkpt lat="30.198808" lon="-115.598915"></trkpt><trkpt lat="30.198559" lon="-115.599221"></trkpt><trkpt lat="30.198014" lon="-115.599555"></trkpt><trkpt lat="30.197601" lon="-115.599645"></trkpt><trkpt lat="30.197336" lon="-115.599807"></trkpt><trkpt lat="30.196869" lon="-115.599780"></trkpt><trkpt lat="30.196222" lon="-115.599979"></trkpt><trkpt lat="30.195957" lon="-115.600213"></trkpt><trkpt lat="30.195373" lon="-115.600429"></trkpt><trkpt lat="30.195233" lon="-115.600600"></trkpt><trkpt lat="30.195046" lon="-115.601213"></trkpt><trkpt lat="30.194937" lon="-115.601430"></trkpt><trkpt lat="30.194789" lon="-115.601574"></trkpt><trkpt lat="30.194462" lon="-115.601556"></trkpt><trkpt lat="30.193542" lon="-115.601808"></trkpt><trkpt lat="30.193028" lon="-115.601853"></trkpt><trkpt lat="30.192896" lon="-115.601989"></trkpt><trkpt lat="30.192771" lon="-115.602394"></trkpt><trkpt lat="30.192600" lon="-115.602511"></trkpt><trkpt lat="30.191556" lon="-115.602647"></trkpt><trkpt lat="30.191221" lon="-115.602899"></trkpt><trkpt lat="30.190917" lon="-115.603025"></trkpt><trkpt lat="30.189795" lon="-115.603304"></trkpt><trkpt lat="30.189413" lon="-115.603250"></trkpt><trkpt lat="30.188915" lon="-115.603413"></trkpt><trkpt lat="30.188034" lon="-115.603422"></trkpt><trkpt lat="30.187473" lon="-115.603575"></trkpt><trkpt lat="30.187325" lon="-115.603566"></trkpt><trkpt lat="30.187146" lon="-115.603449"></trkpt><trkpt lat="30.186936" lon="-115.603404"></trkpt><trkpt lat="30.186429" lon="-115.603386"></trkpt><trkpt lat="30.185868" lon="-115.603485"></trkpt><trkpt lat="30.185035" lon="-115.603521"></trkpt><trkpt lat="30.184653" lon="-115.603584"></trkpt><trkpt lat="30.183017" lon="-115.604449"></trkpt><trkpt lat="30.182588" lon="-115.604765"></trkpt><trkpt lat="30.181832" lon="-115.605459"></trkpt><trkpt lat="30.181287" lon="-115.605522"></trkpt><trkpt lat="30.179292" lon="-115.606351"></trkpt><trkpt lat="30.178731" lon="-115.606630"></trkpt><trkpt lat="30.178124" lon="-115.606694"></trkpt><trkpt lat="30.176285" lon="-115.607126"></trkpt><trkpt lat="30.175248" lon="-115.607027"></trkpt><trkpt lat="30.174609" lon="-115.606757"></trkpt><trkpt lat="30.173285" lon="-115.606585"></trkpt><trkpt lat="30.172755" lon="-115.606450"></trkpt><trkpt lat="30.172108" lon="-115.606423"></trkpt><trkpt lat="30.171664" lon="-115.606306"></trkpt><trkpt lat="30.170043" lon="-115.606054"></trkpt><trkpt lat="30.169311" lon="-115.605999"></trkpt><trkpt lat="30.168843" lon="-115.606017"></trkpt><trkpt lat="30.167425" lon="-115.605675"></trkpt><trkpt lat="30.166622" lon="-115.605567"></trkpt><trkpt lat="30.166085" lon="-115.605269"></trkpt><trkpt lat="30.165149" lon="-115.604954"></trkpt><trkpt lat="30.164643" lon="-115.604602"></trkpt><trkpt lat="30.163949" lon="-115.604458"></trkpt><trkpt lat="30.163303" lon="-115.604386"></trkpt><trkpt lat="30.161370" lon="-115.603422"></trkpt><trkpt lat="30.160552" lon="-115.602728"></trkpt><trkpt lat="30.159180" lon="-115.600988"></trkpt><trkpt lat="30.159001" lon="-115.600564"></trkpt><trkpt lat="30.158572" lon="-115.599924"></trkpt><trkpt lat="30.157925" lon="-115.599285"></trkpt><trkpt lat="30.157037" lon="-115.598212"></trkpt><trkpt lat="30.156873" lon="-115.598095"></trkpt><trkpt lat="30.156491" lon="-115.597978"></trkpt><trkpt lat="30.155735" lon="-115.597491"></trkpt><trkpt lat="30.155681" lon="-115.597103"></trkpt><trkpt lat="30.155478" lon="-115.596761"></trkpt><trkpt lat="30.155470" lon="-115.596544"></trkpt><trkpt lat="30.156024" lon="-115.595048"></trkpt><trkpt lat="30.156515" lon="-115.592948"></trkpt><trkpt lat="30.156515" lon="-115.592732"></trkpt><trkpt lat="30.156296" lon="-115.592146"></trkpt><trkpt lat="30.156047" lon="-115.591912"></trkpt><trkpt lat="30.155922" lon="-115.591713"></trkpt><trkpt lat="30.155673" lon="-115.590713"></trkpt><trkpt lat="30.153647" lon="-115.589658"></trkpt><trkpt lat="30.152493" lon="-115.589244"></trkpt><trkpt lat="30.152181" lon="-115.589226"></trkpt><trkpt lat="30.151885" lon="-115.589298"></trkpt><trkpt lat="30.151051" lon="-115.590109"></trkpt><trkpt lat="30.150872" lon="-115.590208"></trkpt><trkpt lat="30.150171" lon="-115.590379"></trkpt><trkpt lat="30.149500" lon="-115.590289"></trkpt><trkpt lat="30.148214" lon="-115.589911"></trkpt><trkpt lat="30.147255" lon="-115.589460"></trkpt><trkpt lat="30.147123" lon="-115.589487"></trkpt><trkpt lat="30.147100" lon="-115.589370"></trkpt><trkpt lat="30.147287" lon="-115.588153"></trkpt><trkpt lat="30.147450" lon="-115.587423"></trkpt><trkpt lat="30.148736" lon="-115.584629"></trkpt><trkpt lat="30.149181" lon="-115.584025"></trkpt><trkpt lat="30.149329" lon="-115.583971"></trkpt><trkpt lat="30.149422" lon="-115.583818"></trkpt><trkpt lat="30.149804" lon="-115.582745"></trkpt><trkpt lat="30.150194" lon="-115.581041"></trkpt><trkpt lat="30.150521" lon="-115.580645"></trkpt><trkpt lat="30.150677" lon="-115.579843"></trkpt><trkpt lat="30.150623" lon="-115.579671"></trkpt><trkpt lat="30.150693" lon="-115.579518"></trkpt><trkpt lat="30.150825" lon="-115.579419"></trkpt><trkpt lat="30.150919" lon="-115.579266"></trkpt><trkpt lat="30.151106" lon="-115.578752"></trkpt><trkpt lat="30.151324" lon="-115.577797"></trkpt><trkpt lat="30.151573" lon="-115.576111"></trkpt><trkpt lat="30.151815" lon="-115.575201"></trkpt><trkpt lat="30.151909" lon="-115.575029"></trkpt><trkpt lat="30.152142" lon="-115.573831"></trkpt><trkpt lat="30.152368" lon="-115.573281"></trkpt><trkpt lat="30.152618" lon="-115.572470"></trkpt><trkpt lat="30.152649" lon="-115.571082"></trkpt><trkpt lat="30.152290" lon="-115.570117"></trkpt><trkpt lat="30.152361" lon="-115.569306"></trkpt><trkpt lat="30.152337" lon="-115.568936"></trkpt><trkpt lat="30.151761" lon="-115.567017"></trkpt><trkpt lat="30.151667" lon="-115.566151"></trkpt><trkpt lat="30.151729" lon="-115.565259"></trkpt><trkpt lat="30.151979" lon="-115.563781"></trkpt><trkpt lat="30.152002" lon="-115.563366"></trkpt><trkpt lat="30.152392" lon="-115.561933"></trkpt><trkpt lat="30.152610" lon="-115.561356"></trkpt><trkpt lat="30.152587" lon="-115.560770"></trkpt><trkpt lat="30.152384" lon="-115.560022"></trkpt><trkpt lat="30.152415" lon="-115.559301"></trkpt><trkpt lat="30.152477" lon="-115.559139"></trkpt><trkpt lat="30.152641" lon="-115.558986"></trkpt><trkpt lat="30.152945" lon="-115.558851"></trkpt><trkpt lat="30.153226" lon="-115.558580"></trkpt><trkpt lat="30.153272" lon="-115.558021"></trkpt><trkpt lat="30.153553" lon="-115.557796"></trkpt><trkpt lat="30.153873" lon="-115.557408"></trkpt><trkpt lat="30.154169" lon="-115.556841"></trkpt><trkpt lat="30.154270" lon="-115.556083"></trkpt><trkpt lat="30.154270" lon="-115.554299"></trkpt><trkpt lat="30.154169" lon="-115.554136"></trkpt><trkpt lat="30.154028" lon="-115.554046"></trkpt><trkpt lat="30.153678" lon="-115.553533"></trkpt><trkpt lat="30.153499" lon="-115.553406"></trkpt><trkpt lat="30.152828" lon="-115.553118"></trkpt><trkpt lat="30.152540" lon="-115.552875"></trkpt><trkpt lat="30.152579" lon="-115.552505"></trkpt><trkpt lat="30.152517" lon="-115.552118"></trkpt><trkpt lat="30.152010" lon="-115.551595"></trkpt><trkpt lat="30.151932" lon="-115.551396"></trkpt><trkpt lat="30.151768" lon="-115.551351"></trkpt><trkpt lat="30.151441" lon="-115.551441"></trkpt><trkpt lat="30.151262" lon="-115.551396"></trkpt><trkpt lat="30.150981" lon="-115.551162"></trkpt><trkpt lat="30.151449" lon="-115.550928"></trkpt><trkpt lat="30.151675" lon="-115.550702"></trkpt><trkpt lat="30.152002" lon="-115.550675"></trkpt><trkpt lat="30.151916" lon="-115.550504"></trkpt><trkpt lat="30.150662" lon="-115.549576"></trkpt><trkpt lat="30.150560" lon="-115.549423"></trkpt><trkpt lat="30.150443" lon="-115.549053"></trkpt><trkpt lat="30.150396" lon="-115.548819"></trkpt><trkpt lat="30.150428" lon="-115.548431"></trkpt><trkpt lat="30.150381" lon="-115.548224"></trkpt><trkpt lat="30.150280" lon="-115.548062"></trkpt><trkpt lat="30.149991" lon="-115.547863"></trkpt><trkpt lat="30.149984" lon="-115.547674"></trkpt><trkpt lat="30.150607" lon="-115.546989"></trkpt><trkpt lat="30.150786" lon="-115.546655"></trkpt><trkpt lat="30.150771" lon="-115.546457"></trkpt><trkpt lat="30.150256" lon="-115.545457"></trkpt><trkpt lat="30.150295" lon="-115.545078"></trkpt><trkpt lat="30.150264" lon="-115.544709"></trkpt><trkpt lat="30.150334" lon="-115.544546"></trkpt><trkpt lat="30.150490" lon="-115.544465"></trkpt><trkpt lat="30.150934" lon="-115.544654"></trkpt><trkpt lat="30.151067" lon="-115.544528"></trkpt><trkpt lat="30.151114" lon="-115.544348"></trkpt><trkpt lat="30.151106" lon="-115.544150"></trkpt><trkpt lat="30.150872" lon="-115.543320"></trkpt><trkpt lat="30.150677" lon="-115.542969"></trkpt><trkpt lat="30.150319" lon="-115.542636"></trkpt><trkpt lat="30.150209" lon="-115.542428"></trkpt><trkpt lat="30.149921" lon="-115.541752"></trkpt><trkpt lat="30.149757" lon="-115.541130"></trkpt><trkpt lat="30.149820" lon="-115.540968"></trkpt><trkpt lat="30.150241" lon="-115.540679"></trkpt><trkpt lat="30.150295" lon="-115.540463"></trkpt><trkpt lat="30.150248" lon="-115.539120"></trkpt><trkpt lat="30.150381" lon="-115.538760"></trkpt><trkpt lat="30.150396" lon="-115.538219"></trkpt><trkpt lat="30.150576" lon="-115.537570"></trkpt><trkpt lat="30.150529" lon="-115.536912"></trkpt><trkpt lat="30.150623" lon="-115.536696"></trkpt><trkpt lat="30.150856" lon="-115.536425"></trkpt><trkpt lat="30.150888" lon="-115.536254"></trkpt><trkpt lat="30.150911" lon="-115.535416"></trkpt><trkpt lat="30.150771" lon="-115.534352"></trkpt><trkpt lat="30.150841" lon="-115.533919"></trkpt><trkpt lat="30.151114" lon="-115.533406"></trkpt><trkpt lat="30.151160" lon="-115.533208"></trkpt><trkpt lat="30.151160" lon="-115.531198"></trkpt><trkpt lat="30.151121" lon="-115.530990"></trkpt><trkpt lat="30.150779" lon="-115.530548"></trkpt><trkpt lat="30.150576" lon="-115.530125"></trkpt><trkpt lat="30.150373" lon="-115.529206"></trkpt><trkpt lat="30.150007" lon="-115.528106"></trkpt><trkpt lat="30.149874" lon="-115.527286"></trkpt><trkpt lat="30.149703" lon="-115.525213"></trkpt><trkpt lat="30.149477" lon="-115.524230"></trkpt><trkpt lat="30.149368" lon="-115.523437"></trkpt><trkpt lat="30.149095" lon="-115.522328"></trkpt><trkpt lat="30.148674" lon="-115.521661"></trkpt><trkpt lat="30.148066" lon="-115.520300"></trkpt><trkpt lat="30.147372" lon="-115.519174"></trkpt><trkpt lat="30.147240" lon="-115.519011"></trkpt><trkpt lat="30.146523" lon="-115.518714"></trkpt><trkpt lat="30.145845" lon="-115.518146"></trkpt><trkpt lat="30.145463" lon="-115.517741"></trkpt><trkpt lat="30.145229" lon="-115.517380"></trkpt><trkpt lat="30.144598" lon="-115.516794"></trkpt><trkpt lat="30.144216" lon="-115.516325"></trkpt><trkpt lat="30.143998" lon="-115.515965"></trkpt><trkpt lat="30.143771" lon="-115.515343"></trkpt><trkpt lat="30.143390" lon="-115.513324"></trkpt><trkpt lat="30.143257" lon="-115.512224"></trkpt><trkpt lat="30.143280" lon="-115.511657"></trkpt><trkpt lat="30.143397" lon="-115.510710"></trkpt><trkpt lat="30.143655" lon="-115.509827"></trkpt><trkpt lat="30.143787" lon="-115.508340"></trkpt><trkpt lat="30.143779" lon="-115.507438"></trkpt><trkpt lat="30.143888" lon="-115.505627"></trkpt><trkpt lat="30.143795" lon="-115.505032"></trkpt><trkpt lat="30.143491" lon="-115.503977"></trkpt><trkpt lat="30.143319" lon="-115.502977"></trkpt><trkpt lat="30.143343" lon="-115.502733"></trkpt><trkpt lat="30.143514" lon="-115.502084"></trkpt><trkpt lat="30.143561" lon="-115.501111"></trkpt><trkpt lat="30.143452" lon="-115.500146"></trkpt><trkpt lat="30.143187" lon="-115.498704"></trkpt><trkpt lat="30.143015" lon="-115.496775"></trkpt><trkpt lat="30.142836" lon="-115.495333"></trkpt><trkpt lat="30.142789" lon="-115.494820"></trkpt><trkpt lat="30.142782" lon="-115.492828"></trkpt><trkpt lat="30.142688" lon="-115.492386"></trkpt><trkpt lat="30.141534" lon="-115.489024"></trkpt><trkpt lat="30.140607" lon="-115.486122"></trkpt><trkpt lat="30.140545" lon="-115.485716"></trkpt><trkpt lat="30.140545" lon="-115.485085"></trkpt><trkpt lat="30.140311" lon="-115.483282"></trkpt><trkpt lat="30.140256" lon="-115.482047"></trkpt><trkpt lat="30.140077" lon="-115.480858"></trkpt><trkpt lat="30.140022" lon="-115.479794"></trkpt><trkpt lat="30.139983" lon="-115.479605"></trkpt><trkpt lat="30.139796" lon="-115.479289"></trkpt><trkpt lat="30.139835" lon="-115.478613"></trkpt><trkpt lat="30.140295" lon="-115.477523"></trkpt><trkpt lat="30.140895" lon="-115.476856"></trkpt><trkpt lat="30.141168" lon="-115.476324"></trkpt><trkpt lat="30.141488" lon="-115.476108"></trkpt><trkpt lat="30.141885" lon="-115.475333"></trkpt><trkpt lat="30.143374" lon="-115.473503"></trkpt><trkpt lat="30.144302" lon="-115.472232"></trkpt><trkpt lat="30.146055" lon="-115.469059"></trkpt><trkpt lat="30.146273" lon="-115.468564"></trkpt><trkpt lat="30.146445" lon="-115.467770"></trkpt><trkpt lat="30.146468" lon="-115.467365"></trkpt><trkpt lat="30.146406" lon="-115.466815"></trkpt><trkpt lat="30.146047" lon="-115.465562"></trkpt><trkpt lat="30.145868" lon="-115.464598"></trkpt><trkpt lat="30.145720" lon="-115.464138"></trkpt><trkpt lat="30.145510" lon="-115.463750"></trkpt><trkpt lat="30.145494" lon="-115.463525"></trkpt><trkpt lat="30.145665" lon="-115.462714"></trkpt><trkpt lat="30.145720" lon="-115.462227"></trkpt><trkpt lat="30.145892" lon="-115.461831"></trkpt><trkpt lat="30.145853" lon="-115.461596"></trkpt><trkpt lat="30.144847" lon="-115.460686"></trkpt><trkpt lat="30.144481" lon="-115.460127"></trkpt><trkpt lat="30.144387" lon="-115.459938"></trkpt><trkpt lat="30.144379" lon="-115.459731"></trkpt><trkpt lat="30.144442" lon="-115.459379"></trkpt><trkpt lat="30.144403" lon="-115.458991"></trkpt><trkpt lat="30.144169" lon="-115.458649"></trkpt><trkpt lat="30.143436" lon="-115.458072"></trkpt><trkpt lat="30.143132" lon="-115.457531"></trkpt><trkpt lat="30.143062" lon="-115.457315"></trkpt><trkpt lat="30.142922" lon="-115.455900"></trkpt><trkpt lat="30.142953" lon="-115.455521"></trkpt><trkpt lat="30.142914" lon="-115.454863"></trkpt><trkpt lat="30.142844" lon="-115.454467"></trkpt><trkpt lat="30.142704" lon="-115.454124"></trkpt><trkpt lat="30.142672" lon="-115.453727"></trkpt><trkpt lat="30.142485" lon="-115.453205"></trkpt><trkpt lat="30.142423" lon="-115.452258"></trkpt><trkpt lat="30.142540" lon="-115.451907"></trkpt><trkpt lat="30.142540" lon="-115.451718"></trkpt><trkpt lat="30.142454" lon="-115.451537"></trkpt><trkpt lat="30.142025" lon="-115.451141"></trkpt><trkpt lat="30.141940" lon="-115.450979"></trkpt><trkpt lat="30.141901" lon="-115.450339"></trkpt><trkpt lat="30.142018" lon="-115.449924"></trkpt><trkpt lat="30.142033" lon="-115.449671"></trkpt><trkpt lat="30.141932" lon="-115.449140"></trkpt><trkpt lat="30.141807" lon="-115.447571"></trkpt><trkpt lat="30.141932" lon="-115.446950"></trkpt><trkpt lat="30.141971" lon="-115.445976"></trkpt><trkpt lat="30.142236" lon="-115.444930"></trkpt><trkpt lat="30.142899" lon="-115.444227"></trkpt><trkpt lat="30.143888" lon="-115.442957"></trkpt><trkpt lat="30.144044" lon="-115.442695"></trkpt><trkpt lat="30.144566" lon="-115.441244"></trkpt><trkpt lat="30.144621" lon="-115.440018"></trkpt><trkpt lat="30.144512" lon="-115.439054"></trkpt><trkpt lat="30.144364" lon="-115.438450"></trkpt><trkpt lat="30.144340" lon="-115.438008"></trkpt><trkpt lat="30.144676" lon="-115.435169"></trkpt><trkpt lat="30.144566" lon="-115.434322"></trkpt><trkpt lat="30.144543" lon="-115.433646"></trkpt><trkpt lat="30.144582" lon="-115.432447"></trkpt><trkpt lat="30.144395" lon="-115.431537"></trkpt><trkpt lat="30.144044" lon="-115.430581"></trkpt><trkpt lat="30.144005" lon="-115.430329"></trkpt><trkpt lat="30.144052" lon="-115.429860"></trkpt><trkpt lat="30.144223" lon="-115.429274"></trkpt><trkpt lat="30.144925" lon="-115.428202"></trkpt><trkpt lat="30.145221" lon="-115.427309"></trkpt><trkpt lat="30.145221" lon="-115.426742"></trkpt><trkpt lat="30.145167" lon="-115.426435"></trkpt><trkpt lat="30.144652" lon="-115.424903"></trkpt><trkpt lat="30.144551" lon="-115.424389"></trkpt><trkpt lat="30.144457" lon="-115.424146"></trkpt><trkpt lat="30.144185" lon="-115.423659"></trkpt><trkpt lat="30.143319" lon="-115.422514"></trkpt><trkpt lat="30.143047" lon="-115.421766"></trkpt><trkpt lat="30.142914" lon="-115.421532"></trkpt><trkpt lat="30.142431" lon="-115.420000"></trkpt><trkpt lat="30.142181" lon="-115.418792"></trkpt><trkpt lat="30.142025" lon="-115.418395"></trkpt><trkpt lat="30.141113" lon="-115.417494"></trkpt><trkpt lat="30.140778" lon="-115.417232"></trkpt><trkpt lat="30.140178" lon="-115.417133"></trkpt><trkpt lat="30.139087" lon="-115.416737"></trkpt><trkpt lat="30.138268" lon="-115.416683"></trkpt><trkpt lat="30.137996" lon="-115.416556"></trkpt><trkpt lat="30.137489" lon="-115.416052"></trkpt><trkpt lat="30.137310" lon="-115.415736"></trkpt><trkpt lat="30.137169" lon="-115.415015"></trkpt><trkpt lat="30.136904" lon="-115.414474"></trkpt><trkpt lat="30.136678" lon="-115.414150"></trkpt><trkpt lat="30.136865" lon="-115.413735"></trkpt><trkpt lat="30.136896" lon="-115.413537"></trkpt><trkpt lat="30.136858" lon="-115.413339"></trkpt><trkpt lat="30.136670" lon="-115.412960"></trkpt><trkpt lat="30.136164" lon="-115.412194"></trkpt><trkpt lat="30.135228" lon="-115.411085"></trkpt><trkpt lat="30.133981" lon="-115.409824"></trkpt><trkpt lat="30.133584" lon="-115.409490"></trkpt><trkpt lat="30.133451" lon="-115.409292"></trkpt><trkpt lat="30.133412" lon="-115.409057"></trkpt><trkpt lat="30.133607" lon="-115.407318"></trkpt><trkpt lat="30.133747" lon="-115.405073"></trkpt><trkpt lat="30.133700" lon="-115.404524"></trkpt><trkpt lat="30.133443" lon="-115.403857"></trkpt><trkpt lat="30.133412" lon="-115.403586"></trkpt><trkpt lat="30.133459" lon="-115.402766"></trkpt><trkpt lat="30.133319" lon="-115.400873"></trkpt><trkpt lat="30.132383" lon="-115.398809"></trkpt><trkpt lat="30.132048" lon="-115.397818"></trkpt><trkpt lat="30.131611" lon="-115.397015"></trkpt><trkpt lat="30.131526" lon="-115.396763"></trkpt><trkpt lat="30.131479" lon="-115.396366"></trkpt><trkpt lat="30.131151" lon="-115.394879"></trkpt><trkpt lat="30.131198" lon="-115.394510"></trkpt><trkpt lat="30.131502" lon="-115.394374"></trkpt><trkpt lat="30.131985" lon="-115.394248"></trkpt><trkpt lat="30.132711" lon="-115.394212"></trkpt><trkpt lat="30.134246" lon="-115.393798"></trkpt><trkpt lat="30.134878" lon="-115.393590"></trkpt><trkpt lat="30.135844" lon="-115.393077"></trkpt><trkpt lat="30.136195" lon="-115.393068"></trkpt><trkpt lat="30.136639" lon="-115.393185"></trkpt><trkpt lat="30.137123" lon="-115.393085"></trkpt><trkpt lat="30.138120" lon="-115.392455"></trkpt><trkpt lat="30.139009" lon="-115.392112"></trkpt><trkpt lat="30.139157" lon="-115.391986"></trkpt><trkpt lat="30.139671" lon="-115.391292"></trkpt><trkpt lat="30.140381" lon="-115.390562"></trkpt><trkpt lat="30.140584" lon="-115.389724"></trkpt><trkpt lat="30.140685" lon="-115.389516"></trkpt><trkpt lat="30.140926" lon="-115.389264"></trkpt><trkpt lat="30.141168" lon="-115.388858"></trkpt><trkpt lat="30.142197" lon="-115.387659"></trkpt><trkpt lat="30.142392" lon="-115.387299"></trkpt><trkpt lat="30.142556" lon="-115.386668"></trkpt><trkpt lat="30.143358" lon="-115.385487"></trkpt><trkpt lat="30.143444" lon="-115.385055"></trkpt><trkpt lat="30.143678" lon="-115.384379"></trkpt><trkpt lat="30.143974" lon="-115.383234"></trkpt><trkpt lat="30.144262" lon="-115.382513"></trkpt><trkpt lat="30.145034" lon="-115.379656"></trkpt><trkpt lat="30.145120" lon="-115.379124"></trkpt><trkpt lat="30.145377" lon="-115.378727"></trkpt><trkpt lat="30.145603" lon="-115.378141"></trkpt><trkpt lat="30.145884" lon="-115.377700"></trkpt><trkpt lat="30.146172" lon="-115.376726"></trkpt><trkpt lat="30.146273" lon="-115.376014"></trkpt><trkpt lat="30.146320" lon="-115.375275"></trkpt><trkpt lat="30.146375" lon="-115.375086"></trkpt><trkpt lat="30.146702" lon="-115.374608"></trkpt><trkpt lat="30.146811" lon="-115.374284"></trkpt><trkpt lat="30.147076" lon="-115.373950"></trkpt><trkpt lat="30.147482" lon="-115.373572"></trkpt><trkpt lat="30.148222" lon="-115.373031"></trkpt><trkpt lat="30.150030" lon="-115.371300"></trkpt><trkpt lat="30.150747" lon="-115.370165"></trkpt><trkpt lat="30.150981" lon="-115.369552"></trkpt><trkpt lat="30.151184" lon="-115.369236"></trkpt><trkpt lat="30.151324" lon="-115.368632"></trkpt><trkpt lat="30.151535" lon="-115.368209"></trkpt><trkpt lat="30.152213" lon="-115.367407"></trkpt><trkpt lat="30.152602" lon="-115.366776"></trkpt><trkpt lat="30.153249" lon="-115.366370"></trkpt><trkpt lat="30.153724" lon="-115.365847"></trkpt><trkpt lat="30.153834" lon="-115.365622"></trkpt><trkpt lat="30.153904" lon="-115.365099"></trkpt><trkpt lat="30.154106" lon="-115.364612"></trkpt><trkpt lat="30.154239" lon="-115.364396"></trkpt><trkpt lat="30.154629" lon="-115.364117"></trkpt><trkpt lat="30.155728" lon="-115.362873"></trkpt><trkpt lat="30.155985" lon="-115.362233"></trkpt><trkpt lat="30.156663" lon="-115.361377"></trkpt><trkpt lat="30.157060" lon="-115.360394"></trkpt><trkpt lat="30.157458" lon="-115.359898"></trkpt><trkpt lat="30.158253" lon="-115.359367"></trkpt><trkpt lat="30.158580" lon="-115.359060"></trkpt><trkpt lat="30.158860" lon="-115.358691"></trkpt><trkpt lat="30.159001" lon="-115.358096"></trkpt><trkpt lat="30.159094" lon="-115.357897"></trkpt><trkpt lat="30.159468" lon="-115.357447"></trkpt><trkpt lat="30.159570" lon="-115.356861"></trkpt><trkpt lat="30.159546" lon="-115.356167"></trkpt><trkpt lat="30.159593" lon="-115.356005"></trkpt><trkpt lat="30.160575" lon="-115.354914"></trkpt><trkpt lat="30.161307" lon="-115.354328"></trkpt><trkpt lat="30.162500" lon="-115.353535"></trkpt><trkpt lat="30.163279" lon="-115.353093"></trkpt><trkpt lat="30.163934" lon="-115.353111"></trkpt><trkpt lat="30.165064" lon="-115.353030"></trkpt><trkpt lat="30.165492" lon="-115.352904"></trkpt><trkpt lat="30.166630" lon="-115.352111"></trkpt><trkpt lat="30.167331" lon="-115.351831"></trkpt><trkpt lat="30.167713" lon="-115.351579"></trkpt><trkpt lat="30.168469" lon="-115.351309"></trkpt><trkpt lat="30.169311" lon="-115.351209"></trkpt><trkpt lat="30.169576" lon="-115.351119"></trkpt><trkpt lat="30.169825" lon="-115.350948"></trkpt><trkpt lat="30.170745" lon="-115.350038"></trkpt><trkpt lat="30.171874" lon="-115.349380"></trkpt><trkpt lat="30.173324" lon="-115.348893"></trkpt><trkpt lat="30.174095" lon="-115.348523"></trkpt><trkpt lat="30.175170" lon="-115.348262"></trkpt><trkpt lat="30.176028" lon="-115.347875"></trkpt><trkpt lat="30.177134" lon="-115.347117"></trkpt><trkpt lat="30.178396" lon="-115.346649"></trkpt><trkpt lat="30.179113" lon="-115.346216"></trkpt><trkpt lat="30.180157" lon="-115.346126"></trkpt><trkpt lat="30.180438" lon="-115.346189"></trkpt><trkpt lat="30.180858" lon="-115.346378"></trkpt><trkpt lat="30.181326" lon="-115.346423"></trkpt><trkpt lat="30.182004" lon="-115.346369"></trkpt><trkpt lat="30.182658" lon="-115.346162"></trkpt><trkpt lat="30.183227" lon="-115.345783"></trkpt><trkpt lat="30.183913" lon="-115.345026"></trkpt><trkpt lat="30.184146" lon="-115.344558"></trkpt><trkpt lat="30.184536" lon="-115.343197"></trkpt><trkpt lat="30.185050" lon="-115.340447"></trkpt><trkpt lat="30.185720" lon="-115.339095"></trkpt><trkpt lat="30.185923" lon="-115.338483"></trkpt><trkpt lat="30.185962" lon="-115.338239"></trkpt><trkpt lat="30.185915" lon="-115.336923"></trkpt><trkpt lat="30.186048" lon="-115.336743"></trkpt><trkpt lat="30.186655" lon="-115.336427"></trkpt><trkpt lat="30.186686" lon="-115.336247"></trkpt><trkpt lat="30.186585" lon="-115.335833"></trkpt><trkpt lat="30.186577" lon="-115.335571"></trkpt><trkpt lat="30.186632" lon="-115.335292"></trkpt><trkpt lat="30.186827" lon="-115.334787"></trkpt><trkpt lat="30.186881" lon="-115.334201"></trkpt><trkpt lat="30.187084" lon="-115.333444"></trkpt><trkpt lat="30.187130" lon="-115.332903"></trkpt><trkpt lat="30.187395" lon="-115.331948"></trkpt><trkpt lat="30.187434" lon="-115.330911"></trkpt><trkpt lat="30.187395" lon="-115.330623"></trkpt><trkpt lat="30.187154" lon="-115.329740"></trkpt><trkpt lat="30.187123" lon="-115.329406"></trkpt><trkpt lat="30.187162" lon="-115.328748"></trkpt><trkpt lat="30.186912" lon="-115.327739"></trkpt><trkpt lat="30.186834" lon="-115.326864"></trkpt><trkpt lat="30.186601" lon="-115.326450"></trkpt><trkpt lat="30.186530" lon="-115.326215"></trkpt><trkpt lat="30.186616" lon="-115.325431"></trkpt><trkpt lat="30.186562" lon="-115.324268"></trkpt><trkpt lat="30.186608" lon="-115.323106"></trkpt><trkpt lat="30.186663" lon="-115.322862"></trkpt><trkpt lat="30.187099" lon="-115.322033"></trkpt><trkpt lat="30.187333" lon="-115.321114"></trkpt><trkpt lat="30.187434" lon="-115.320257"></trkpt><trkpt lat="30.187442" lon="-115.319482"></trkpt><trkpt lat="30.187356" lon="-115.318942"></trkpt><trkpt lat="30.187091" lon="-115.318347"></trkpt><trkpt lat="30.186842" lon="-115.317193"></trkpt><trkpt lat="30.186834" lon="-115.316499"></trkpt><trkpt lat="30.186710" lon="-115.314741"></trkpt><trkpt lat="30.186562" lon="-115.314218"></trkpt><trkpt lat="30.186141" lon="-115.313579"></trkpt><trkpt lat="30.186141" lon="-115.313092"></trkpt><trkpt lat="30.186094" lon="-115.312804"></trkpt><trkpt lat="30.185977" lon="-115.312506"></trkpt><trkpt lat="30.185510" lon="-115.311785"></trkpt><trkpt lat="30.184442" lon="-115.310730"></trkpt><trkpt lat="30.183609" lon="-115.308829"></trkpt><trkpt lat="30.183383" lon="-115.308180"></trkpt><trkpt lat="30.182799" lon="-115.307350"></trkpt><trkpt lat="30.182549" lon="-115.306701"></trkpt><trkpt lat="30.182362" lon="-115.305809"></trkpt><trkpt lat="30.182347" lon="-115.305430"></trkpt><trkpt lat="30.182456" lon="-115.304079"></trkpt><trkpt lat="30.182378" lon="-115.303105"></trkpt><trkpt lat="30.182082" lon="-115.301212"></trkpt><trkpt lat="30.182051" lon="-115.299743"></trkpt><trkpt lat="30.182082" lon="-115.298661"></trkpt><trkpt lat="30.182152" lon="-115.298130"></trkpt><trkpt lat="30.182167" lon="-115.297174"></trkpt><trkpt lat="30.182082" lon="-115.296399"></trkpt><trkpt lat="30.182066" lon="-115.293884"></trkpt><trkpt lat="30.182012" lon="-115.293686"></trkpt><trkpt lat="30.181622" lon="-115.292956"></trkpt><trkpt lat="30.181334" lon="-115.292596"></trkpt><trkpt lat="30.180812" lon="-115.292100"></trkpt><trkpt lat="30.180586" lon="-115.291712"></trkpt><trkpt lat="30.180243" lon="-115.291307"></trkpt><trkpt lat="30.180072" lon="-115.291225"></trkpt><trkpt lat="30.179666" lon="-115.291171"></trkpt><trkpt lat="30.179160" lon="-115.291280"></trkpt><trkpt lat="30.178950" lon="-115.291262"></trkpt><trkpt lat="30.178466" lon="-115.291144"></trkpt><trkpt lat="30.177975" lon="-115.290874"></trkpt><trkpt lat="30.177438" lon="-115.290315"></trkpt><trkpt lat="30.177048" lon="-115.290090"></trkpt><trkpt lat="30.176752" lon="-115.289396"></trkpt><trkpt lat="30.176635" lon="-115.289215"></trkpt><trkpt lat="30.176316" lon="-115.288990"></trkpt><trkpt lat="30.176082" lon="-115.288612"></trkpt><trkpt lat="30.175957" lon="-115.288080"></trkpt><trkpt lat="30.175770" lon="-115.286592"></trkpt><trkpt lat="30.175794" lon="-115.285799"></trkpt><trkpt lat="30.175996" lon="-115.284348"></trkpt><trkpt lat="30.176004" lon="-115.283357"></trkpt><trkpt lat="30.175950" lon="-115.282329"></trkpt><trkpt lat="30.175786" lon="-115.281329"></trkpt><trkpt lat="30.175841" lon="-115.280743"></trkpt><trkpt lat="30.175739" lon="-115.280166"></trkpt><trkpt lat="30.175490" lon="-115.279553"></trkpt><trkpt lat="30.175155" lon="-115.278399"></trkpt><trkpt lat="30.175077" lon="-115.277859"></trkpt><trkpt lat="30.175061" lon="-115.277092"></trkpt><trkpt lat="30.175817" lon="-115.272379"></trkpt><trkpt lat="30.176285" lon="-115.270864"></trkpt><trkpt lat="30.176472" lon="-115.269846"></trkpt><trkpt lat="30.176542" lon="-115.268818"></trkpt><trkpt lat="30.176737" lon="-115.267917"></trkpt><trkpt lat="30.176838" lon="-115.266790"></trkpt><trkpt lat="30.177742" lon="-115.262572"></trkpt><trkpt lat="30.178085" lon="-115.261436"></trkpt><trkpt lat="30.179378" lon="-115.258849"></trkpt><trkpt lat="30.179370" lon="-115.258660"></trkpt><trkpt lat="30.179012" lon="-115.257777"></trkpt><trkpt lat="30.179004" lon="-115.257542"></trkpt><trkpt lat="30.179565" lon="-115.254226"></trkpt><trkpt lat="30.180554" lon="-115.245600"></trkpt><trkpt lat="30.180890" lon="-115.244185"></trkpt><trkpt lat="30.181373" lon="-115.242878"></trkpt><trkpt lat="30.181365" lon="-115.241805"></trkpt><trkpt lat="30.181295" lon="-115.241003"></trkpt><trkpt lat="30.181474" lon="-115.240399"></trkpt><trkpt lat="30.181583" lon="-115.240219"></trkpt><trkpt lat="30.182082" lon="-115.239633"></trkpt><trkpt lat="30.183056" lon="-115.238623"></trkpt><trkpt lat="30.183118" lon="-115.238470"></trkpt><trkpt lat="30.183079" lon="-115.237893"></trkpt><trkpt lat="30.182931" lon="-115.237073"></trkpt><trkpt lat="30.182697" lon="-115.236127"></trkpt><trkpt lat="30.182612" lon="-115.235983"></trkpt><trkpt lat="30.181817" lon="-115.235315"></trkpt><trkpt lat="30.181014" lon="-115.234423"></trkpt><trkpt lat="30.180344" lon="-115.233765"></trkpt><trkpt lat="30.180204" lon="-115.233585"></trkpt><trkpt lat="30.179869" lon="-115.232747"></trkpt><trkpt lat="30.179612" lon="-115.231710"></trkpt><trkpt lat="30.179448" lon="-115.230556"></trkpt><trkpt lat="30.179362" lon="-115.229358"></trkpt><trkpt lat="30.179425" lon="-115.229006"></trkpt><trkpt lat="30.179409" lon="-115.228826"></trkpt><trkpt lat="30.179207" lon="-115.228267"></trkpt><trkpt lat="30.179409" lon="-115.227131"></trkpt><trkpt lat="30.179464" lon="-115.226942"></trkpt><trkpt lat="30.180142" lon="-115.225897"></trkpt><trkpt lat="30.180360" lon="-115.225194"></trkpt><trkpt lat="30.180866" lon="-115.224418"></trkpt><trkpt lat="30.181349" lon="-115.223959"></trkpt><trkpt lat="30.181645" lon="-115.223562"></trkpt><trkpt lat="30.182978" lon="-115.222733"></trkpt><trkpt lat="30.183266" lon="-115.222327"></trkpt><trkpt lat="30.183913" lon="-115.221579"></trkpt><trkpt lat="30.184271" lon="-115.221047"></trkpt><trkpt lat="30.184481" lon="-115.220182"></trkpt><trkpt lat="30.184863" lon="-115.219209"></trkpt><trkpt lat="30.185697" lon="-115.218109"></trkpt><trkpt lat="30.185775" lon="-115.217911"></trkpt><trkpt lat="30.186211" lon="-115.215531"></trkpt><trkpt lat="30.186741" lon="-115.213764"></trkpt><trkpt lat="30.187162" lon="-115.212052"></trkpt><trkpt lat="30.187442" lon="-115.211259"></trkpt><trkpt lat="30.188291" lon="-115.209880"></trkpt><trkpt lat="30.188790" lon="-115.209267"></trkpt><trkpt lat="30.188977" lon="-115.209204"></trkpt><trkpt lat="30.189172" lon="-115.209267"></trkpt><trkpt lat="30.189320" lon="-115.209240"></trkpt><trkpt lat="30.189452" lon="-115.209132"></trkpt><trkpt lat="30.189779" lon="-115.208654"></trkpt><trkpt lat="30.189943" lon="-115.208086"></trkpt><trkpt lat="30.190496" lon="-115.206635"></trkpt><trkpt lat="30.190652" lon="-115.206085"></trkpt><trkpt lat="30.190707" lon="-115.205716"></trkpt><trkpt lat="30.190948" lon="-115.205112"></trkpt><trkpt lat="30.190870" lon="-115.204733"></trkpt><trkpt lat="30.190535" lon="-115.204048"></trkpt><trkpt lat="30.190309" lon="-115.203165"></trkpt><trkpt lat="30.190091" lon="-115.202561"></trkpt><trkpt lat="30.190122" lon="-115.201804"></trkpt><trkpt lat="30.190068" lon="-115.201380"></trkpt><trkpt lat="30.189561" lon="-115.200172"></trkpt><trkpt lat="30.189265" lon="-115.199289"></trkpt><trkpt lat="30.189148" lon="-115.198721"></trkpt><trkpt lat="30.188712" lon="-115.197306"></trkpt><trkpt lat="30.188276" lon="-115.196234"></trkpt><trkpt lat="30.187855" lon="-115.194602"></trkpt><trkpt lat="30.187473" lon="-115.193827"></trkpt><trkpt lat="30.186982" lon="-115.193241"></trkpt><trkpt lat="30.186663" lon="-115.192935"></trkpt><trkpt lat="30.186390" lon="-115.192529"></trkpt><trkpt lat="30.186094" lon="-115.191898"></trkpt><trkpt lat="30.185689" lon="-115.191366"></trkpt><trkpt lat="30.185463" lon="-115.190979"></trkpt><trkpt lat="30.185533" lon="-115.190456"></trkpt><trkpt lat="30.185510" lon="-115.190222"></trkpt><trkpt lat="30.185557" lon="-115.189663"></trkpt><trkpt lat="30.185307" lon="-115.189086"></trkpt><trkpt lat="30.184949" lon="-115.188671"></trkpt><trkpt lat="30.184403" lon="-115.188608"></trkpt><trkpt lat="30.184248" lon="-115.188518"></trkpt><trkpt lat="30.184053" lon="-115.188212"></trkpt><trkpt lat="30.184068" lon="-115.187797"></trkpt><trkpt lat="30.183835" lon="-115.186003"></trkpt><trkpt lat="30.183843" lon="-115.185363"></trkpt><trkpt lat="30.183780" lon="-115.185120"></trkpt><trkpt lat="30.182775" lon="-115.183570"></trkpt><trkpt lat="30.182292" lon="-115.181821"></trkpt><trkpt lat="30.182012" lon="-115.181325"></trkpt><trkpt lat="30.181536" lon="-115.180848"></trkpt><trkpt lat="30.181435" lon="-115.180271"></trkpt><trkpt lat="30.181217" lon="-115.178261"></trkpt><trkpt lat="30.180601" lon="-115.176206"></trkpt><trkpt lat="30.180344" lon="-115.174484"></trkpt><trkpt lat="30.180687" lon="-115.173042"></trkpt><trkpt lat="30.181030" lon="-115.171933"></trkpt><trkpt lat="30.181513" lon="-115.170690"></trkpt><trkpt lat="30.181840" lon="-115.169969"></trkpt><trkpt lat="30.182261" lon="-115.169365"></trkpt><trkpt lat="30.182604" lon="-115.168490"></trkpt><trkpt lat="30.182721" lon="-115.168364"></trkpt><trkpt lat="30.182884" lon="-115.168418"></trkpt><trkpt lat="30.183032" lon="-115.168373"></trkpt><trkpt lat="30.183095" lon="-115.168202"></trkpt><trkpt lat="30.182962" lon="-115.167210"></trkpt><trkpt lat="30.183321" lon="-115.163470"></trkpt><trkpt lat="30.183523" lon="-115.162830"></trkpt><trkpt lat="30.183679" lon="-115.162100"></trkpt><trkpt lat="30.183695" lon="-115.161712"></trkpt><trkpt lat="30.183585" lon="-115.161072"></trkpt><trkpt lat="30.183601" lon="-115.160694"></trkpt><trkpt lat="30.183850" lon="-115.160162"></trkpt><trkpt lat="30.184068" lon="-115.159378"></trkpt><trkpt lat="30.184466" lon="-115.158540"></trkpt><trkpt lat="30.184661" lon="-115.158008"></trkpt><trkpt lat="30.184777" lon="-115.157368"></trkpt><trkpt lat="30.185144" lon="-115.156385"></trkpt><trkpt lat="30.185354" lon="-115.154817"></trkpt><trkpt lat="30.185876" lon="-115.153519"></trkpt><trkpt lat="30.186686" lon="-115.151707"></trkpt><trkpt lat="30.186858" lon="-115.150878"></trkpt><trkpt lat="30.187021" lon="-115.149607"></trkpt><trkpt lat="30.187286" lon="-115.148976"></trkpt><trkpt lat="30.187762" lon="-115.148111"></trkpt><trkpt lat="30.187832" lon="-115.147661"></trkpt><trkpt lat="30.187987" lon="-115.147354"></trkpt><trkpt lat="30.188042" lon="-115.147129"></trkpt><trkpt lat="30.188034" lon="-115.146921"></trkpt><trkpt lat="30.187878" lon="-115.146399"></trkpt><trkpt lat="30.186819" lon="-115.144524"></trkpt><trkpt lat="30.186383" lon="-115.143028"></trkpt><trkpt lat="30.185938" lon="-115.141766"></trkpt><trkpt lat="30.185183" lon="-115.138530"></trkpt><trkpt lat="30.184661" lon="-115.136682"></trkpt><trkpt lat="30.184598" lon="-115.136331"></trkpt><trkpt lat="30.184692" lon="-115.135574"></trkpt><trkpt lat="30.184676" lon="-115.134717"></trkpt><trkpt lat="30.184520" lon="-115.134077"></trkpt><trkpt lat="30.184030" lon="-115.133365"></trkpt><trkpt lat="30.183998" lon="-115.133149"></trkpt><trkpt lat="30.184022" lon="-115.132906"></trkpt><trkpt lat="30.183913" lon="-115.132374"></trkpt><trkpt lat="30.183991" lon="-115.132022"></trkpt><trkpt lat="30.184037" lon="-115.131472"></trkpt><trkpt lat="30.183632" lon="-115.129940"></trkpt><trkpt lat="30.182409" lon="-115.128029"></trkpt><trkpt lat="30.182043" lon="-115.127326"></trkpt><trkpt lat="30.181466" lon="-115.126542"></trkpt><trkpt lat="30.180648" lon="-115.125190"></trkpt><trkpt lat="30.180664" lon="-115.125019"></trkpt><trkpt lat="30.181193" lon="-115.124280"></trkpt><trkpt lat="30.180952" lon="-115.123333"></trkpt><trkpt lat="30.180936" lon="-115.122928"></trkpt><trkpt lat="30.180749" lon="-115.121936"></trkpt><trkpt lat="30.180726" lon="-115.121621"></trkpt><trkpt lat="30.180765" lon="-115.121125"></trkpt><trkpt lat="30.181092" lon="-115.119746"></trkpt><trkpt lat="30.181225" lon="-115.119593"></trkpt><trkpt lat="30.181544" lon="-115.119530"></trkpt><trkpt lat="30.181669" lon="-115.119431"></trkpt><trkpt lat="30.182253" lon="-115.118304"></trkpt><trkpt lat="30.182471" lon="-115.117682"></trkpt><trkpt lat="30.182643" lon="-115.117006"></trkpt><trkpt lat="30.182799" lon="-115.116087"></trkpt><trkpt lat="30.182799" lon="-115.115438"></trkpt><trkpt lat="30.182915" lon="-115.113950"></trkpt><trkpt lat="30.182908" lon="-115.113274"></trkpt><trkpt lat="30.182728" lon="-115.112328"></trkpt><trkpt lat="30.182432" lon="-115.111562"></trkpt><trkpt lat="30.182230" lon="-115.110606"></trkpt><trkpt lat="30.181996" lon="-115.110021"></trkpt><trkpt lat="30.181435" lon="-115.109020"></trkpt><trkpt lat="30.180812" lon="-115.107091"></trkpt><trkpt lat="30.180266" lon="-115.106118"></trkpt><trkpt lat="30.180142" lon="-115.105965"></trkpt><trkpt lat="30.179596" lon="-115.105595"></trkpt><trkpt lat="30.179479" lon="-115.105397"></trkpt><trkpt lat="30.179386" lon="-115.104189"></trkpt><trkpt lat="30.178942" lon="-115.101377"></trkpt><trkpt lat="30.178887" lon="-115.100214"></trkpt><trkpt lat="30.178942" lon="-115.099655"></trkpt><trkpt lat="30.179144" lon="-115.098889"></trkpt><trkpt lat="30.179362" lon="-115.098339"></trkpt><trkpt lat="30.180064" lon="-115.096897"></trkpt><trkpt lat="30.180523" lon="-115.096293"></trkpt><trkpt lat="30.180664" lon="-115.095888"></trkpt><trkpt lat="30.180812" lon="-115.095743"></trkpt><trkpt lat="30.181131" lon="-115.095167"></trkpt><trkpt lat="30.181661" lon="-115.094725"></trkpt><trkpt lat="30.182463" lon="-115.093589"></trkpt><trkpt lat="30.182752" lon="-115.093373"></trkpt><trkpt lat="30.183087" lon="-115.093301"></trkpt><trkpt lat="30.183196" lon="-115.093120"></trkpt><trkpt lat="30.183274" lon="-115.092706"></trkpt><trkpt lat="30.184022" lon="-115.091399"></trkpt><trkpt lat="30.184925" lon="-115.090092"></trkpt><trkpt lat="30.185307" lon="-115.089749"></trkpt><trkpt lat="30.186235" lon="-115.089245"></trkpt><trkpt lat="30.187115" lon="-115.088983"></trkpt><trkpt lat="30.188221" lon="-115.088731"></trkpt><trkpt lat="30.188517" lon="-115.088488"></trkpt><trkpt lat="30.188603" lon="-115.088343"></trkpt><trkpt lat="30.188439" lon="-115.088235"></trkpt><trkpt lat="30.186850" lon="-115.087929"></trkpt><trkpt lat="30.186538" lon="-115.087821"></trkpt><trkpt lat="30.185253" lon="-115.086352"></trkpt><trkpt lat="30.185183" lon="-115.086153"></trkpt><trkpt lat="30.184746" lon="-115.083819"></trkpt><trkpt lat="30.184372" lon="-115.083116"></trkpt><trkpt lat="30.184185" lon="-115.082647"></trkpt><trkpt lat="30.183983" lon="-115.081854"></trkpt><trkpt lat="30.183741" lon="-115.080610"></trkpt><trkpt lat="30.183710" lon="-115.080078"></trkpt><trkpt lat="30.183765" lon="-115.078952"></trkpt><trkpt lat="30.183928" lon="-115.078167"></trkpt><trkpt lat="30.184419" lon="-115.076887"></trkpt><trkpt lat="30.185066" lon="-115.075635"></trkpt><trkpt lat="30.185190" lon="-115.075292"></trkpt><trkpt lat="30.185222" lon="-115.074932"></trkpt><trkpt lat="30.185292" lon="-115.074769"></trkpt><trkpt lat="30.185284" lon="-115.074571"></trkpt><trkpt lat="30.185144" lon="-115.074066"></trkpt><trkpt lat="30.184887" lon="-115.073579"></trkpt><trkpt lat="30.184629" lon="-115.073363"></trkpt><trkpt lat="30.184435" lon="-115.073075"></trkpt><trkpt lat="30.184318" lon="-115.072714"></trkpt><trkpt lat="30.184084" lon="-115.071606"></trkpt><trkpt lat="30.183835" lon="-115.071128"></trkpt><trkpt lat="30.183780" lon="-115.070767"></trkpt><trkpt lat="30.183492" lon="-115.070317"></trkpt><trkpt lat="30.183360" lon="-115.069767"></trkpt><trkpt lat="30.183274" lon="-115.069614"></trkpt><trkpt lat="30.183110" lon="-115.069668"></trkpt><trkpt lat="30.182876" lon="-115.070380"></trkpt><trkpt lat="30.182970" lon="-115.071101"></trkpt><trkpt lat="30.182923" lon="-115.071840"></trkpt><trkpt lat="30.182853" lon="-115.072011"></trkpt><trkpt lat="30.182588" lon="-115.072164"></trkpt><trkpt lat="30.182440" lon="-115.072128"></trkpt><trkpt lat="30.182479" lon="-115.071416"></trkpt><trkpt lat="30.182393" lon="-115.071263"></trkpt><trkpt lat="30.182136" lon="-115.071047"></trkpt><trkpt lat="30.181825" lon="-115.070587"></trkpt><trkpt lat="30.181427" lon="-115.070290"></trkpt><trkpt lat="30.181155" lon="-115.069596"></trkpt><trkpt lat="30.180414" lon="-115.068884"></trkpt><trkpt lat="30.180157" lon="-115.068694"></trkpt><trkpt lat="30.179978" lon="-115.068685"></trkpt><trkpt lat="30.179729" lon="-115.068974"></trkpt><trkpt lat="30.179347" lon="-115.069569"></trkpt><trkpt lat="30.179199" lon="-115.069641"></trkpt><trkpt lat="30.179035" lon="-115.069587"></trkpt><trkpt lat="30.178981" lon="-115.069388"></trkpt><trkpt lat="30.179066" lon="-115.069235"></trkpt><trkpt lat="30.179308" lon="-115.068992"></trkpt><trkpt lat="30.179604" lon="-115.068289"></trkpt><trkpt lat="30.179783" lon="-115.067504"></trkpt><trkpt lat="30.179775" lon="-115.065314"></trkpt><trkpt lat="30.179674" lon="-115.064395"></trkpt><trkpt lat="30.179526" lon="-115.063818"></trkpt><trkpt lat="30.179550" lon="-115.063593"></trkpt><trkpt lat="30.179838" lon="-115.062845"></trkpt><trkpt lat="30.180383" lon="-115.061844"></trkpt><trkpt lat="30.180679" lon="-115.061511"></trkpt><trkpt lat="30.182347" lon="-115.058762"></trkpt><trkpt lat="30.182456" lon="-115.058176"></trkpt><trkpt lat="30.182682" lon="-115.057626"></trkpt><trkpt lat="30.182799" lon="-115.057428"></trkpt><trkpt lat="30.183149" lon="-115.057040"></trkpt><trkpt lat="30.183461" lon="-115.056301"></trkpt><trkpt lat="30.183484" lon="-115.055832"></trkpt><trkpt lat="30.183445" lon="-115.054994"></trkpt><trkpt lat="30.183211" lon="-115.053480"></trkpt><trkpt lat="30.183188" lon="-115.053074"></trkpt><trkpt lat="30.183406" lon="-115.051848"></trkpt><trkpt lat="30.183196" lon="-115.050938"></trkpt><trkpt lat="30.183211" lon="-115.050541"></trkpt><trkpt lat="30.183102" lon="-115.049811"></trkpt><trkpt lat="30.182822" lon="-115.049316"></trkpt><trkpt lat="30.182347" lon="-115.048820"></trkpt><trkpt lat="30.182089" lon="-115.048297"></trkpt><trkpt lat="30.181630" lon="-115.047945"></trkpt><trkpt lat="30.181536" lon="-115.047810"></trkpt><trkpt lat="30.181419" lon="-115.047143"></trkpt><trkpt lat="30.181591" lon="-115.045584"></trkpt><trkpt lat="30.181084" lon="-115.042529"></trkpt><trkpt lat="30.180999" lon="-115.041726"></trkpt><trkpt lat="30.180999" lon="-115.035931"></trkpt><trkpt lat="30.181123" lon="-115.033614"></trkpt><trkpt lat="30.181162" lon="-115.032010"></trkpt><trkpt lat="30.181256" lon="-115.030946"></trkpt><trkpt lat="30.181240" lon="-115.030207"></trkpt><trkpt lat="30.180554" lon="-115.028603"></trkpt><trkpt lat="30.180500" lon="-115.028242"></trkpt><trkpt lat="30.179807" lon="-115.025610"></trkpt><trkpt lat="30.179378" lon="-115.024331"></trkpt><trkpt lat="30.179027" lon="-115.023492"></trkpt><trkpt lat="30.178817" lon="-115.022672"></trkpt><trkpt lat="30.178396" lon="-115.022104"></trkpt><trkpt lat="30.177983" lon="-115.021194"></trkpt><trkpt lat="30.177321" lon="-115.020500"></trkpt><trkpt lat="30.176760" lon="-115.020238"></trkpt><trkpt lat="30.175957" lon="-115.019977"></trkpt><trkpt lat="30.175264" lon="-115.019535"></trkpt><trkpt lat="30.175100" lon="-115.019364"></trkpt><trkpt lat="30.174828" lon="-115.018805"></trkpt><trkpt lat="30.173791" lon="-115.017940"></trkpt><trkpt lat="30.173612" lon="-115.017616"></trkpt><trkpt lat="30.173324" lon="-115.016885"></trkpt><trkpt lat="30.173183" lon="-115.016092"></trkpt><trkpt lat="30.173222" lon="-115.015344"></trkpt><trkpt lat="30.173160" lon="-115.014911"></trkpt><trkpt lat="30.173168" lon="-115.014154"></trkpt><trkpt lat="30.172996" lon="-115.013100"></trkpt><trkpt lat="30.173035" lon="-115.012424"></trkpt><trkpt lat="30.173152" lon="-115.011811"></trkpt><trkpt lat="30.173339" lon="-115.009522"></trkpt><trkpt lat="30.173534" lon="-115.009008"></trkpt><trkpt lat="30.174002" lon="-115.007151"></trkpt><trkpt lat="30.174087" lon="-115.006565"></trkpt><trkpt lat="30.174080" lon="-115.006214"></trkpt><trkpt lat="30.173908" lon="-115.005411"></trkpt><trkpt lat="30.173339" lon="-115.003627"></trkpt><trkpt lat="30.172770" lon="-115.002401"></trkpt><trkpt lat="30.172716" lon="-115.001959"></trkpt><trkpt lat="30.172732" lon="-115.001166"></trkpt><trkpt lat="30.172607" lon="-115.000256"></trkpt><trkpt lat="30.172256" lon="-114.998696"></trkpt><trkpt lat="30.171742" lon="-114.997507"></trkpt><trkpt lat="30.171150" lon="-114.996696"></trkpt><trkpt lat="30.170464" lon="-114.995289"></trkpt><trkpt lat="30.170339" lon="-114.995100"></trkpt><trkpt lat="30.169895" lon="-114.994694"></trkpt><trkpt lat="30.169225" lon="-114.993883"></trkpt><trkpt lat="30.169131" lon="-114.993496"></trkpt><trkpt lat="30.168719" lon="-114.992333"></trkpt><trkpt lat="30.168695" lon="-114.992162"></trkpt><trkpt lat="30.169303" lon="-114.991864"></trkpt><trkpt lat="30.169459" lon="-114.991756"></trkpt><trkpt lat="30.169552" lon="-114.991594"></trkpt><trkpt lat="30.169732" lon="-114.991188"></trkpt><trkpt lat="30.169809" lon="-114.990837"></trkpt><trkpt lat="30.169825" lon="-114.990260"></trkpt><trkpt lat="30.169318" lon="-114.988746"></trkpt><trkpt lat="30.168937" lon="-114.988304"></trkpt><trkpt lat="30.168586" lon="-114.987799"></trkpt><trkpt lat="30.168407" lon="-114.987421"></trkpt><trkpt lat="30.168267" lon="-114.986862"></trkpt><trkpt lat="30.168142" lon="-114.986015"></trkpt><trkpt lat="30.168173" lon="-114.985312"></trkpt><trkpt lat="30.168461" lon="-114.983743"></trkpt><trkpt lat="30.168633" lon="-114.983311"></trkpt><trkpt lat="30.168789" lon="-114.983157"></trkpt><trkpt lat="30.169186" lon="-114.983076"></trkpt><trkpt lat="30.169778" lon="-114.982788"></trkpt><trkpt lat="30.169778" lon="-114.982202"></trkpt><trkpt lat="30.169638" lon="-114.981616"></trkpt><trkpt lat="30.168859" lon="-114.980372"></trkpt><trkpt lat="30.167947" lon="-114.978083"></trkpt><trkpt lat="30.167596" lon="-114.977614"></trkpt><trkpt lat="30.167121" lon="-114.976812"></trkpt><trkpt lat="30.166981" lon="-114.976749"></trkpt><trkpt lat="30.166801" lon="-114.976776"></trkpt><trkpt lat="30.164760" lon="-114.977632"></trkpt><trkpt lat="30.163825" lon="-114.978254"></trkpt><trkpt lat="30.163108" lon="-114.978858"></trkpt><trkpt lat="30.161666" lon="-114.979777"></trkpt><trkpt lat="30.160746" lon="-114.980075"></trkpt><trkpt lat="30.160427" lon="-114.980021"></trkpt><trkpt lat="30.159983" lon="-114.979768"></trkpt><trkpt lat="30.159453" lon="-114.979759"></trkpt><trkpt lat="30.158728" lon="-114.979976"></trkpt><trkpt lat="30.157497" lon="-114.980480"></trkpt><trkpt lat="30.157216" lon="-114.980796"></trkpt><trkpt lat="30.156912" lon="-114.980976"></trkpt><trkpt lat="30.156203" lon="-114.981264"></trkpt><trkpt lat="30.156024" lon="-114.981319"></trkpt><trkpt lat="30.155338" lon="-114.981246"></trkpt><trkpt lat="30.154410" lon="-114.981310"></trkpt><trkpt lat="30.153966" lon="-114.981616"></trkpt><trkpt lat="30.153608" lon="-114.982085"></trkpt><trkpt lat="30.153288" lon="-114.982662"></trkpt><trkpt lat="30.153140" lon="-114.982716"></trkpt><trkpt lat="30.153008" lon="-114.982590"></trkpt><trkpt lat="30.152844" lon="-114.982256"></trkpt><trkpt lat="30.152750" lon="-114.981922"></trkpt><trkpt lat="30.151947" lon="-114.981490"></trkpt><trkpt lat="30.151768" lon="-114.981490"></trkpt><trkpt lat="30.151207" lon="-114.982112"></trkpt><trkpt lat="30.150100" lon="-114.982806"></trkpt><trkpt lat="30.149750" lon="-114.982914"></trkpt><trkpt lat="30.148908" lon="-114.982851"></trkpt><trkpt lat="30.148316" lon="-114.982671"></trkpt><trkpt lat="30.147302" lon="-114.982598"></trkpt><trkpt lat="30.147178" lon="-114.982490"></trkpt><trkpt lat="30.147037" lon="-114.982175"></trkpt><trkpt lat="30.146967" lon="-114.981742"></trkpt><trkpt lat="30.146975" lon="-114.981535"></trkpt><trkpt lat="30.146850" lon="-114.980976"></trkpt><trkpt lat="30.146383" lon="-114.979976"></trkpt><trkpt lat="30.146250" lon="-114.979850"></trkpt><trkpt lat="30.146079" lon="-114.979850"></trkpt><trkpt lat="30.145751" lon="-114.979985"></trkpt><trkpt lat="30.145237" lon="-114.980535"></trkpt><trkpt lat="30.144777" lon="-114.981256"></trkpt><trkpt lat="30.144418" lon="-114.981986"></trkpt><trkpt lat="30.144185" lon="-114.982274"></trkpt><trkpt lat="30.143795" lon="-114.982635"></trkpt><trkpt lat="30.142065" lon="-114.983824"></trkpt><trkpt lat="30.141004" lon="-114.984807"></trkpt><trkpt lat="30.140443" lon="-114.985185"></trkpt><trkpt lat="30.138495" lon="-114.987186"></trkpt><trkpt lat="30.138339" lon="-114.987285"></trkpt><trkpt lat="30.137637" lon="-114.987502"></trkpt><trkpt lat="30.137013" lon="-114.987871"></trkpt><trkpt lat="30.135875" lon="-114.987880"></trkpt><trkpt lat="30.135337" lon="-114.987971"></trkpt><trkpt lat="30.134854" lon="-114.988160"></trkpt><trkpt lat="30.134285" lon="-114.988502"></trkpt><trkpt lat="30.133015" lon="-114.988629"></trkpt><trkpt lat="30.132516" lon="-114.988755"></trkpt><trkpt lat="30.131494" lon="-114.989476"></trkpt><trkpt lat="30.130536" lon="-114.990449"></trkpt><trkpt lat="30.129000" lon="-114.992964"></trkpt><trkpt lat="30.128150" lon="-114.994812"></trkpt><trkpt lat="30.127285" lon="-114.996182"></trkpt><trkpt lat="30.127028" lon="-114.996723"></trkpt><trkpt lat="30.126373" lon="-114.997389"></trkpt><trkpt lat="30.125788" lon="-114.997804"></trkpt><trkpt lat="30.124993" lon="-114.998588"></trkpt><trkpt lat="30.123956" lon="-114.999886"></trkpt><trkpt lat="30.123153" lon="-115.000806"></trkpt><trkpt lat="30.122085" lon="-115.001716"></trkpt><trkpt lat="30.121329" lon="-115.002491"></trkpt><trkpt lat="30.120604" lon="-115.003077"></trkpt><trkpt lat="30.119294" lon="-115.004438"></trkpt><trkpt lat="30.119021" lon="-115.004582"></trkpt><trkpt lat="30.118187" lon="-115.004663"></trkpt><trkpt lat="30.117072" lon="-115.004645"></trkpt><trkpt lat="30.115746" lon="-115.004726"></trkpt><trkpt lat="30.114663" lon="-115.004916"></trkpt><trkpt lat="30.114288" lon="-115.005123"></trkpt><trkpt lat="30.114140" lon="-115.005150"></trkpt><trkpt lat="30.113844" lon="-115.005087"></trkpt><trkpt lat="30.113041" lon="-115.005285"></trkpt><trkpt lat="30.111513" lon="-115.005556"></trkpt><trkpt lat="30.110951" lon="-115.005709"></trkpt><trkpt lat="30.106686" lon="-115.007548"></trkpt><trkpt lat="30.106086" lon="-115.007485"></trkpt><trkpt lat="30.105329" lon="-115.007764"></trkpt><trkpt lat="30.105142" lon="-115.007782"></trkpt><trkpt lat="30.103333" lon="-115.007430"></trkpt><trkpt lat="30.101922" lon="-115.007331"></trkpt><trkpt lat="30.100557" lon="-115.007115"></trkpt><trkpt lat="30.097189" lon="-115.006078"></trkpt><trkpt lat="30.094763" lon="-115.005556"></trkpt><trkpt lat="30.094412" lon="-115.005420"></trkpt><trkpt lat="30.094163" lon="-115.005231"></trkpt><trkpt lat="30.093773" lon="-115.005177"></trkpt><trkpt lat="30.093398" lon="-115.004997"></trkpt><trkpt lat="30.091145" lon="-115.004726"></trkpt><trkpt lat="30.090669" lon="-115.004799"></trkpt><trkpt lat="30.090498" lon="-115.004762"></trkpt><trkpt lat="30.088782" lon="-115.004077"></trkpt><trkpt lat="30.087978" lon="-115.003284"></trkpt><trkpt lat="30.087698" lon="-115.003086"></trkpt><trkpt lat="30.087191" lon="-115.002969"></trkpt><trkpt lat="30.086848" lon="-115.002960"></trkpt><trkpt lat="30.086676" lon="-115.002888"></trkpt><trkpt lat="30.086232" lon="-115.002500"></trkpt><trkpt lat="30.084937" lon="-115.002203"></trkpt><trkpt lat="30.083759" lon="-115.001761"></trkpt><trkpt lat="30.083541" lon="-115.001572"></trkpt><trkpt lat="30.082184" lon="-114.999805"></trkpt><trkpt lat="30.081162" lon="-114.998913"></trkpt><trkpt lat="30.079984" lon="-114.997642"></trkpt><trkpt lat="30.078838" lon="-114.996272"></trkpt><trkpt lat="30.078456" lon="-114.995569"></trkpt><trkpt lat="30.077800" lon="-114.995046"></trkpt><trkpt lat="30.074470" lon="-114.991215"></trkpt><trkpt lat="30.074345" lon="-114.991089"></trkpt><trkpt lat="30.074197" lon="-114.991071"></trkpt><trkpt lat="30.073690" lon="-114.991531"></trkpt><trkpt lat="30.073245" lon="-114.991765"></trkpt><trkpt lat="30.072255" lon="-114.992459"></trkpt><trkpt lat="30.069150" lon="-114.994848"></trkpt><trkpt lat="30.067153" lon="-114.996263"></trkpt><trkpt lat="30.065687" lon="-114.997435"></trkpt><trkpt lat="30.064907" lon="-114.998183"></trkpt><trkpt lat="30.063112" lon="-114.999634"></trkpt><trkpt lat="30.056325" lon="-115.004988"></trkpt><trkpt lat="30.055975" lon="-115.005303"></trkpt><trkpt lat="30.055545" lon="-115.006015"></trkpt><trkpt lat="30.055413" lon="-115.006133"></trkpt><trkpt lat="30.054539" lon="-115.006475"></trkpt><trkpt lat="30.053634" lon="-115.006655"></trkpt><trkpt lat="30.052901" lon="-115.006890"></trkpt><trkpt lat="30.052121" lon="-115.007214"></trkpt><trkpt lat="30.050599" lon="-115.008395"></trkpt><trkpt lat="30.049959" lon="-115.008728"></trkpt><trkpt lat="30.049335" lon="-115.009134"></trkpt><trkpt lat="30.047556" lon="-115.009990"></trkpt><trkpt lat="30.045777" lon="-115.011099"></trkpt><trkpt lat="30.044982" lon="-115.011694"></trkpt><trkpt lat="30.044802" lon="-115.011721"></trkpt><trkpt lat="30.044467" lon="-115.011640"></trkpt><trkpt lat="30.043952" lon="-115.011649"></trkpt><trkpt lat="30.043343" lon="-115.011351"></trkpt><trkpt lat="30.042360" lon="-115.011486"></trkpt><trkpt lat="30.042188" lon="-115.011586"></trkpt><trkpt lat="30.042110" lon="-115.011829"></trkpt><trkpt lat="30.042079" lon="-115.012225"></trkpt><trkpt lat="30.042001" lon="-115.012388"></trkpt><trkpt lat="30.041744" lon="-115.012694"></trkpt><trkpt lat="30.041159" lon="-115.013100"></trkpt><trkpt lat="30.040745" lon="-115.013514"></trkpt><trkpt lat="30.040238" lon="-115.014145"></trkpt><trkpt lat="30.039785" lon="-115.015290"></trkpt><trkpt lat="30.039520" lon="-115.015831"></trkpt><trkpt lat="30.039130" lon="-115.017264"></trkpt><trkpt lat="30.038966" lon="-115.017661"></trkpt><trkpt lat="30.037780" lon="-115.019463"></trkpt><trkpt lat="30.036961" lon="-115.020978"></trkpt><trkpt lat="30.035673" lon="-115.022744"></trkpt><trkpt lat="30.034510" lon="-115.024069"></trkpt><trkpt lat="30.034113" lon="-115.024691"></trkpt><trkpt lat="30.033722" lon="-115.025124"></trkpt><trkpt lat="30.032763" lon="-115.026647"></trkpt><trkpt lat="30.032380" lon="-115.027034"></trkpt><trkpt lat="30.031826" lon="-115.027458"></trkpt><trkpt lat="30.031405" lon="-115.027945"></trkpt><trkpt lat="30.029259" lon="-115.029180"></trkpt><trkpt lat="30.027729" lon="-115.030487"></trkpt><trkpt lat="30.019036" lon="-115.036435"></trkpt><trkpt lat="30.018130" lon="-115.037247"></trkpt><trkpt lat="30.017381" lon="-115.038373"></trkpt><trkpt lat="30.017186" lon="-115.038509"></trkpt><trkpt lat="30.016476" lon="-115.038698"></trkpt><trkpt lat="30.014572" lon="-115.039518"></trkpt><trkpt lat="30.013658" lon="-115.040167"></trkpt><trkpt lat="30.012901" lon="-115.040527"></trkpt><trkpt lat="30.012613" lon="-115.040572"></trkpt><trkpt lat="30.011754" lon="-115.040482"></trkpt><trkpt lat="30.011192" lon="-115.040572"></trkpt><trkpt lat="30.010747" lon="-115.040771"></trkpt><trkpt lat="30.010006" lon="-115.040816"></trkpt><trkpt lat="30.009272" lon="-115.040951"></trkpt><trkpt lat="30.008648" lon="-115.040969"></trkpt><trkpt lat="30.008234" lon="-115.041131"></trkpt><trkpt lat="30.007649" lon="-115.041573"></trkpt><trkpt lat="30.007204" lon="-115.041672"></trkpt><trkpt lat="30.006548" lon="-115.041979"></trkpt><trkpt lat="30.005853" lon="-115.042168"></trkpt><trkpt lat="30.005424" lon="-115.042402"></trkpt><trkpt lat="30.004846" lon="-115.042916"></trkpt><trkpt lat="30.004277" lon="-115.043277"></trkpt><trkpt lat="30.003988" lon="-115.043619"></trkpt><trkpt lat="30.003043" lon="-115.044349"></trkpt><trkpt lat="30.002887" lon="-115.044592"></trkpt><trkpt lat="30.002786" lon="-115.044881"></trkpt><trkpt lat="30.002544" lon="-115.046017"></trkpt><trkpt lat="30.002419" lon="-115.046287"></trkpt><trkpt lat="30.002060" lon="-115.046774"></trkpt><trkpt lat="30.001576" lon="-115.047062"></trkpt><trkpt lat="30.000592" lon="-115.047378"></trkpt><trkpt lat="30.000358" lon="-115.047513"></trkpt><trkpt lat="29.999882" lon="-115.048081"></trkpt><trkpt lat="29.998899" lon="-115.048973"></trkpt><trkpt lat="29.998165" lon="-115.049928"></trkpt><trkpt lat="29.997400" lon="-115.050767"></trkpt><trkpt lat="29.996073" lon="-115.052479"></trkpt><trkpt lat="29.995347" lon="-115.053308"></trkpt><trkpt lat="29.993747" lon="-115.054778"></trkpt><trkpt lat="29.991498" lon="-115.056166"></trkpt><trkpt lat="29.990710" lon="-115.057022"></trkpt><trkpt lat="29.990023" lon="-115.057671"></trkpt><trkpt lat="29.989328" lon="-115.058590"></trkpt><trkpt lat="29.988735" lon="-115.059663"></trkpt><trkpt lat="29.988508" lon="-115.059978"></trkpt><trkpt lat="29.988227" lon="-115.060240"></trkpt><trkpt lat="29.987611" lon="-115.060654"></trkpt><trkpt lat="29.986424" lon="-115.061204"></trkpt><trkpt lat="29.985589" lon="-115.061520"></trkpt><trkpt lat="29.984090" lon="-115.062448"></trkpt><trkpt lat="29.981958" lon="-115.063403"></trkpt><trkpt lat="29.981607" lon="-115.063602"></trkpt><trkpt lat="29.979429" lon="-115.065242"></trkpt><trkpt lat="29.978710" lon="-115.065549"></trkpt><trkpt lat="29.977290" lon="-115.066315"></trkpt><trkpt lat="29.976142" lon="-115.066774"></trkpt><trkpt lat="29.974971" lon="-115.067063"></trkpt><trkpt lat="29.974065" lon="-115.067477"></trkpt><trkpt lat="29.972292" lon="-115.067847"></trkpt><trkpt lat="29.971637" lon="-115.068361"></trkpt><trkpt lat="29.971035" lon="-115.068622"></trkpt><trkpt lat="29.969599" lon="-115.068920"></trkpt><trkpt lat="29.969224" lon="-115.069163"></trkpt><trkpt lat="29.968677" lon="-115.069767"></trkpt><trkpt lat="29.967077" lon="-115.071020"></trkpt><trkpt lat="29.966655" lon="-115.071597"></trkpt><trkpt lat="29.966226" lon="-115.071858"></trkpt></trkseg></trk><trk><name>T004 BAC44CF</name><trkseg><trkpt lat="28.419569" lon="-112.862668"></trkpt><trkpt lat="28.417908" lon="-112.868504"></trkpt><trkpt lat="28.418814" lon="-112.869706"></trkpt><trkpt lat="28.418361" lon="-112.870564"></trkpt><trkpt lat="28.413832" lon="-112.871079"></trkpt><trkpt lat="28.412775" lon="-112.870049"></trkpt><trkpt lat="28.409000" lon="-112.868332"></trkpt><trkpt lat="28.407792" lon="-112.869019"></trkpt><trkpt lat="28.408396" lon="-112.873654"></trkpt><trkpt lat="28.407339" lon="-112.879834"></trkpt><trkpt lat="28.405829" lon="-112.880349"></trkpt><trkpt lat="28.403716" lon="-112.889103"></trkpt><trkpt lat="28.405528" lon="-112.893051"></trkpt><trkpt lat="28.406886" lon="-112.893910"></trkpt><trkpt lat="28.407189" lon="-112.894940"></trkpt><trkpt lat="28.408094" lon="-112.896656"></trkpt><trkpt lat="28.407339" lon="-112.900433"></trkpt><trkpt lat="28.405980" lon="-112.901463"></trkpt><trkpt lat="28.403112" lon="-112.901978"></trkpt><trkpt lat="28.400696" lon="-112.906269"></trkpt><trkpt lat="28.394957" lon="-112.907471"></trkpt><trkpt lat="28.388917" lon="-112.930989"></trkpt><trkpt lat="28.388615" lon="-112.937512"></trkpt><trkpt lat="28.387407" lon="-112.943348"></trkpt><trkpt lat="28.382876" lon="-112.964978"></trkpt><trkpt lat="28.369434" lon="-112.980599"></trkpt><trkpt lat="28.356745" lon="-112.987980"></trkpt><trkpt lat="28.352781" lon="-113.000729"></trkpt><trkpt lat="28.347832" lon="-113.016648"></trkpt><trkpt lat="28.348285" lon="-113.022312"></trkpt><trkpt lat="28.346624" lon="-113.028492"></trkpt><trkpt lat="28.346768" lon="-113.029995"></trkpt></trkseg></trk><trk><name>T005 BAC44CF</name><trkseg><trkpt lat="28.247017" lon="-112.952103"></trkpt><trkpt lat="28.247168" lon="-112.952618"></trkpt><trkpt lat="28.250948" lon="-112.948326"></trkpt><trkpt lat="28.258660" lon="-112.943520"></trkpt><trkpt lat="28.261230" lon="-112.935795"></trkpt><trkpt lat="28.269092" lon="-112.923436"></trkpt><trkpt lat="28.270907" lon="-112.922062"></trkpt><trkpt lat="28.287989" lon="-112.890477"></trkpt><trkpt lat="28.285419" lon="-112.883954"></trkpt><trkpt lat="28.287687" lon="-112.882580"></trkpt><trkpt lat="28.289047" lon="-112.880864"></trkpt><trkpt lat="28.289954" lon="-112.878632"></trkpt><trkpt lat="28.294943" lon="-112.876229"></trkpt><trkpt lat="28.295396" lon="-112.875199"></trkpt><trkpt lat="28.296907" lon="-112.875027"></trkpt><trkpt lat="28.300233" lon="-112.877430"></trkpt><trkpt lat="28.299326" lon="-112.886872"></trkpt><trkpt lat="28.302802" lon="-112.887902"></trkpt><trkpt lat="28.304616" lon="-112.890133"></trkpt><trkpt lat="28.308612" lon="-112.892681"></trkpt><trkpt lat="28.304313" lon="-112.878804"></trkpt><trkpt lat="28.308612" lon="-112.892681"></trkpt><trkpt lat="28.312928" lon="-112.906613"></trkpt><trkpt lat="28.317915" lon="-112.911591"></trkpt><trkpt lat="28.324111" lon="-112.932019"></trkpt><trkpt lat="28.325773" lon="-112.933049"></trkpt><trkpt lat="28.325622" lon="-112.935109"></trkpt><trkpt lat="28.333781" lon="-112.951245"></trkpt><trkpt lat="28.345717" lon="-112.985920"></trkpt><trkpt lat="28.352781" lon="-113.000729"></trkpt></trkseg></trk><trk><name>T006 BAC44CF</name><trkseg><trkpt lat="27.846018" lon="-115.076603"></trkpt><trkpt lat="27.840857" lon="-115.074028"></trkpt><trkpt lat="27.836759" lon="-115.067676"></trkpt><trkpt lat="27.832205" lon="-115.063728"></trkpt><trkpt lat="27.822944" lon="-115.054630"></trkpt><trkpt lat="27.822185" lon="-115.052055"></trkpt><trkpt lat="27.819301" lon="-115.049480"></trkpt><trkpt lat="27.817783" lon="-115.050853"></trkpt><trkpt lat="27.816568" lon="-115.048622"></trkpt><trkpt lat="27.816264" lon="-115.046905"></trkpt><trkpt lat="27.814746" lon="-115.045875"></trkpt><trkpt lat="27.811558" lon="-115.042270"></trkpt><trkpt lat="27.808673" lon="-115.037635"></trkpt><trkpt lat="27.805940" lon="-115.035919"></trkpt><trkpt lat="27.803358" lon="-115.033172"></trkpt><trkpt lat="27.801233" lon="-115.032314"></trkpt><trkpt lat="27.798347" lon="-115.030426"></trkpt><trkpt lat="27.797284" lon="-115.025276"></trkpt><trkpt lat="27.793944" lon="-115.025962"></trkpt><trkpt lat="27.789995" lon="-115.016349"></trkpt><trkpt lat="27.790603" lon="-115.011886"></trkpt><trkpt lat="27.788629" lon="-115.008453"></trkpt><trkpt lat="27.787414" lon="-115.007595"></trkpt><trkpt lat="27.785591" lon="-115.003475"></trkpt><trkpt lat="27.784680" lon="-115.003303"></trkpt><trkpt lat="27.784224" lon="-115.001415"></trkpt><trkpt lat="27.783465" lon="-115.000557"></trkpt><trkpt lat="27.782554" lon="-114.999011"></trkpt><trkpt lat="27.780428" lon="-114.997638"></trkpt><trkpt lat="27.779668" lon="-114.996608"></trkpt><trkpt lat="27.778605" lon="-114.996437"></trkpt><trkpt lat="27.778605" lon="-114.994892"></trkpt><trkpt lat="27.777542" lon="-114.993003"></trkpt><trkpt lat="27.776023" lon="-114.986824"></trkpt><trkpt lat="27.776327" lon="-114.984592"></trkpt><trkpt lat="27.773137" lon="-114.980815"></trkpt><trkpt lat="27.767821" lon="-114.978069"></trkpt><trkpt lat="27.767062" lon="-114.973434"></trkpt><trkpt lat="27.765998" lon="-114.972576"></trkpt><trkpt lat="27.764935" lon="-114.970687"></trkpt><trkpt lat="27.764024" lon="-114.967597"></trkpt><trkpt lat="27.762657" lon="-114.966396"></trkpt><trkpt lat="27.761593" lon="-114.964508"></trkpt><trkpt lat="27.759770" lon="-114.962963"></trkpt><trkpt lat="27.757644" lon="-114.959701"></trkpt><trkpt lat="27.755973" lon="-114.955581"></trkpt><trkpt lat="27.753086" lon="-114.952835"></trkpt><trkpt lat="27.752023" lon="-114.951290"></trkpt><trkpt lat="27.749440" lon="-114.948886"></trkpt><trkpt lat="27.747769" lon="-114.943222"></trkpt><trkpt lat="27.744883" lon="-114.939617"></trkpt><trkpt lat="27.741692" lon="-114.928802"></trkpt><trkpt lat="27.725435" lon="-114.921077"></trkpt><trkpt lat="27.702335" lon="-114.902881"></trkpt><trkpt lat="27.700360" lon="-114.897216"></trkpt><trkpt lat="27.705679" lon="-114.897388"></trkpt><trkpt lat="27.711910" lon="-114.892925"></trkpt><trkpt lat="27.713886" lon="-114.881767"></trkpt><trkpt lat="27.728626" lon="-114.852069"></trkpt><trkpt lat="27.706743" lon="-114.771560"></trkpt><trkpt lat="27.680903" lon="-114.724525"></trkpt><trkpt lat="27.677255" lon="-114.704784"></trkpt><trkpt lat="27.680143" lon="-114.689334"></trkpt><trkpt lat="27.681816" lon="-114.679550"></trkpt><trkpt lat="27.672390" lon="-114.668392"></trkpt><trkpt lat="27.651713" lon="-114.650711"></trkpt><trkpt lat="27.642285" lon="-114.645561"></trkpt><trkpt lat="27.638787" lon="-114.637836"></trkpt><trkpt lat="27.637723" lon="-114.636119"></trkpt><trkpt lat="27.636050" lon="-114.632171"></trkpt><trkpt lat="27.633465" lon="-114.628395"></trkpt><trkpt lat="27.632096" lon="-114.627021"></trkpt><trkpt lat="27.630271" lon="-114.625133"></trkpt><trkpt lat="27.627077" lon="-114.623588"></trkpt><trkpt lat="27.626013" lon="-114.621871"></trkpt><trkpt lat="27.624187" lon="-114.620841"></trkpt><trkpt lat="27.623731" lon="-114.618782"></trkpt><trkpt lat="27.622210" lon="-114.617752"></trkpt><trkpt lat="27.621146" lon="-114.615348"></trkpt><trkpt lat="27.616126" lon="-114.606765"></trkpt><trkpt lat="27.613540" lon="-114.607280"></trkpt><trkpt lat="27.606695" lon="-114.603332"></trkpt><trkpt lat="27.603805" lon="-114.604362"></trkpt><trkpt lat="27.601219" lon="-114.608310"></trkpt><trkpt lat="27.595286" lon="-114.607452"></trkpt><trkpt lat="27.592243" lon="-114.608482"></trkpt><trkpt lat="27.589809" lon="-114.606422"></trkpt><trkpt lat="27.572007" lon="-114.604019"></trkpt><trkpt lat="27.571246" lon="-114.599727"></trkpt><trkpt lat="27.566225" lon="-114.595607"></trkpt><trkpt lat="27.565464" lon="-114.593547"></trkpt><trkpt lat="27.561811" lon="-114.590801"></trkpt><trkpt lat="27.561811" lon="-114.584621"></trkpt><trkpt lat="27.558920" lon="-114.579986"></trkpt><trkpt lat="27.555267" lon="-114.577583"></trkpt><trkpt lat="27.551615" lon="-114.570030"></trkpt><trkpt lat="27.551006" lon="-114.552177"></trkpt><trkpt lat="27.548723" lon="-114.549430"></trkpt><trkpt lat="27.545983" lon="-114.537414"></trkpt><trkpt lat="27.546136" lon="-114.536727"></trkpt><trkpt lat="27.545831" lon="-114.535697"></trkpt><trkpt lat="27.543092" lon="-114.535183"></trkpt><trkpt lat="27.542483" lon="-114.531749"></trkpt><trkpt lat="27.543548" lon="-114.520935"></trkpt><trkpt lat="27.542787" lon="-114.515785"></trkpt><trkpt lat="27.544590" lon="-114.511651"></trkpt><trkpt lat="27.547353" lon="-114.505313"></trkpt><trkpt lat="27.556637" lon="-114.453643"></trkpt><trkpt lat="27.555876" lon="-114.446262"></trkpt><trkpt lat="27.542483" lon="-114.411758"></trkpt><trkpt lat="27.501684" lon="-114.302925"></trkpt><trkpt lat="27.501988" lon="-114.296916"></trkpt><trkpt lat="27.496659" lon="-114.291423"></trkpt><trkpt lat="27.466353" lon="-114.198726"></trkpt><trkpt lat="27.441523" lon="-114.105514"></trkpt><trkpt lat="27.431316" lon="-114.068778"></trkpt><trkpt lat="27.429183" lon="-114.043373"></trkpt><trkpt lat="27.437105" lon="-113.940719"></trkpt><trkpt lat="27.466810" lon="-113.857120"></trkpt><trkpt lat="27.510972" lon="-113.727172"></trkpt><trkpt lat="27.546440" lon="-113.624347"></trkpt><trkpt lat="27.577637" lon="-113.532508"></trkpt><trkpt lat="27.635746" lon="-113.493713"></trkpt><trkpt lat="27.642741" lon="-113.471912"></trkpt><trkpt lat="27.641677" lon="-113.429340"></trkpt><trkpt lat="27.641525" lon="-113.396209"></trkpt><trkpt lat="27.646999" lon="-113.386940"></trkpt><trkpt lat="27.646897" lon="-113.384065"></trkpt></trkseg></trk><trk><name>T007 BAC44CF</name><trkseg><trkpt lat="27.431316" lon="-114.068778"></trkpt><trkpt lat="27.410136" lon="-114.081825"></trkpt><trkpt lat="27.338947" lon="-114.125255"></trkpt><trkpt lat="27.274273" lon="-114.164222"></trkpt><trkpt lat="27.236428" lon="-114.201129"></trkpt><trkpt lat="27.219943" lon="-114.204048"></trkpt><trkpt lat="27.215363" lon="-114.208511"></trkpt><trkpt lat="27.208951" lon="-114.213661"></trkpt><trkpt lat="27.199943" lon="-114.214862"></trkpt><trkpt lat="27.191393" lon="-114.226535"></trkpt><trkpt lat="27.179483" lon="-114.221042"></trkpt><trkpt lat="27.175512" lon="-114.221729"></trkpt><trkpt lat="27.167266" lon="-114.226879"></trkpt><trkpt lat="27.160698" lon="-114.232887"></trkpt><trkpt lat="27.159018" lon="-114.211944"></trkpt><trkpt lat="27.152756" lon="-114.198726"></trkpt><trkpt lat="27.154589" lon="-114.186882"></trkpt><trkpt lat="27.143285" lon="-114.170230"></trkpt><trkpt lat="27.128620" lon="-114.132980"></trkpt><trkpt lat="27.110438" lon="-114.114269"></trkpt><trkpt lat="27.092253" lon="-114.088691"></trkpt><trkpt lat="27.076205" lon="-114.074787"></trkpt><trkpt lat="27.037070" lon="-114.048179"></trkpt><trkpt lat="27.030648" lon="-114.017623"></trkpt><trkpt lat="27.023613" lon="-114.008869"></trkpt><trkpt lat="27.016120" lon="-113.976768"></trkpt><trkpt lat="27.008168" lon="-113.953422"></trkpt><trkpt lat="27.008168" lon="-113.936599"></trkpt><trkpt lat="27.003885" lon="-113.914798"></trkpt><trkpt lat="26.994096" lon="-113.883899"></trkpt><trkpt lat="26.979870" lon="-113.852657"></trkpt><trkpt lat="26.964724" lon="-113.826393"></trkpt><trkpt lat="26.943302" lon="-113.799098"></trkpt><trkpt lat="26.920346" lon="-113.779529"></trkpt><trkpt lat="26.871662" lon="-113.752063"></trkpt><trkpt lat="26.867987" lon="-113.754295"></trkpt><trkpt lat="26.862321" lon="-113.745025"></trkpt><trkpt lat="26.852060" lon="-113.740562"></trkpt><trkpt lat="26.843330" lon="-113.727859"></trkpt><trkpt lat="26.824796" lon="-113.724254"></trkpt><trkpt lat="26.820660" lon="-113.724769"></trkpt><trkpt lat="26.817136" lon="-113.723568"></trkpt><trkpt lat="26.810549" lon="-113.721164"></trkpt><trkpt lat="26.809016" lon="-113.719791"></trkpt><trkpt lat="26.804267" lon="-113.718761"></trkpt><trkpt lat="26.801356" lon="-113.709491"></trkpt><trkpt lat="26.803960" lon="-113.702625"></trkpt><trkpt lat="26.802813" lon="-113.693195"></trkpt><trkpt lat="26.802581" lon="-113.691295"></trkpt><trkpt lat="26.789404" lon="-113.673099"></trkpt><trkpt lat="26.777297" lon="-113.648551"></trkpt><trkpt lat="26.761052" lon="-113.632244"></trkpt><trkpt lat="26.745876" lon="-113.609584"></trkpt><trkpt lat="26.742810" lon="-113.603404"></trkpt><trkpt lat="26.730392" lon="-113.579372"></trkpt><trkpt lat="26.726099" lon="-113.574394"></trkpt><trkpt lat="26.726733" lon="-113.571115"></trkpt><trkpt lat="26.730873" lon="-113.562017"></trkpt><trkpt lat="26.743137" lon="-113.546224"></trkpt><trkpt lat="26.752028" lon="-113.536954"></trkpt><trkpt lat="26.778697" lon="-113.520303"></trkpt><trkpt lat="26.810263" lon="-113.498159"></trkpt><trkpt lat="26.842585" lon="-113.487344"></trkpt><trkpt lat="26.882554" lon="-113.473268"></trkpt><trkpt lat="26.928784" lon="-113.456789"></trkpt><trkpt lat="26.935977" lon="-113.455072"></trkpt><trkpt lat="26.939803" lon="-113.453699"></trkpt><trkpt lat="26.941945" lon="-113.455072"></trkpt><trkpt lat="26.945618" lon="-113.455415"></trkpt><trkpt lat="26.949291" lon="-113.454557"></trkpt><trkpt lat="26.959848" lon="-113.456274"></trkpt><trkpt lat="26.987080" lon="-113.450094"></trkpt><trkpt lat="26.993658" lon="-113.447004"></trkpt><trkpt lat="27.010176" lon="-113.430353"></trkpt><trkpt lat="27.036325" lon="-113.408209"></trkpt><trkpt lat="27.116876" lon="-113.339887"></trkpt><trkpt lat="27.157053" lon="-113.305555"></trkpt><trkpt lat="27.187291" lon="-113.294225"></trkpt><trkpt lat="27.225916" lon="-113.269334"></trkpt><trkpt lat="27.227595" lon="-113.264356"></trkpt><trkpt lat="27.228206" lon="-113.242727"></trkpt><trkpt lat="27.232785" lon="-113.232084"></trkpt><trkpt lat="27.247131" lon="-113.207708"></trkpt><trkpt lat="27.260866" lon="-113.191400"></trkpt><trkpt lat="27.299313" lon="-113.146768"></trkpt><trkpt lat="27.322802" lon="-113.119302"></trkpt><trkpt lat="27.329054" lon="-113.116046"></trkpt></trkseg></trk><trk><name>T008 BAC44CF</name><trkseg><trkpt lat="27.160698" lon="-114.232887"></trkpt><trkpt lat="27.163447" lon="-114.244732"></trkpt><trkpt lat="27.155352" lon="-114.275974"></trkpt><trkpt lat="27.153367" lon="-114.285244"></trkpt><trkpt lat="27.143897" lon="-114.291595"></trkpt><trkpt lat="27.150376" lon="-114.287408"></trkpt><trkpt lat="27.162557" lon="-114.281872"></trkpt><trkpt lat="27.169048" lon="-114.283417"></trkpt><trkpt lat="27.171300" lon="-114.286078"></trkpt><trkpt lat="27.171542" lon="-114.286273"></trkpt><trkpt lat="27.177192" lon="-114.286789"></trkpt><trkpt lat="27.186354" lon="-114.297260"></trkpt><trkpt lat="27.187881" lon="-114.300521"></trkpt><trkpt lat="27.186354" lon="-114.305328"></trkpt><trkpt lat="27.187271" lon="-114.307559"></trkpt><trkpt lat="27.197806" lon="-114.310134"></trkpt><trkpt lat="27.198569" lon="-114.309619"></trkpt><trkpt lat="27.205745" lon="-114.310821"></trkpt><trkpt lat="27.206967" lon="-114.311679"></trkpt><trkpt lat="27.221774" lon="-114.314598"></trkpt><trkpt lat="27.224980" lon="-114.319232"></trkpt><trkpt lat="27.226354" lon="-114.320434"></trkpt><trkpt lat="27.227270" lon="-114.323524"></trkpt><trkpt lat="27.232917" lon="-114.332450"></trkpt><trkpt lat="27.231544" lon="-114.335540"></trkpt><trkpt lat="27.233070" lon="-114.336055"></trkpt><trkpt lat="27.232612" lon="-114.339660"></trkpt><trkpt lat="27.234291" lon="-114.340347"></trkpt><trkpt lat="27.235512" lon="-114.342407"></trkpt><trkpt lat="27.242380" lon="-114.347042"></trkpt><trkpt lat="27.250621" lon="-114.357856"></trkpt><trkpt lat="27.254131" lon="-114.359401"></trkpt><trkpt lat="27.255505" lon="-114.367298"></trkpt><trkpt lat="27.258252" lon="-114.375366"></trkpt><trkpt lat="27.266186" lon="-114.386009"></trkpt><trkpt lat="27.271832" lon="-114.392017"></trkpt><trkpt lat="27.274426" lon="-114.393390"></trkpt><trkpt lat="27.277935" lon="-114.396823"></trkpt><trkpt lat="27.283427" lon="-114.400772"></trkpt><trkpt lat="27.286631" lon="-114.404205"></trkpt><trkpt lat="27.291818" lon="-114.405235"></trkpt><trkpt lat="27.299750" lon="-114.409870"></trkpt><trkpt lat="27.310581" lon="-114.413475"></trkpt><trkpt lat="27.312716" lon="-114.412616"></trkpt><trkpt lat="27.316681" lon="-114.412101"></trkpt><trkpt lat="27.318969" lon="-114.410556"></trkpt><trkpt lat="27.320952" lon="-114.411415"></trkpt><trkpt lat="27.325375" lon="-114.411586"></trkpt><trkpt lat="27.328425" lon="-114.413475"></trkpt><trkpt lat="27.333915" lon="-114.418281"></trkpt><trkpt lat="27.338642" lon="-114.425491"></trkpt><trkpt lat="27.340624" lon="-114.426864"></trkpt><trkpt lat="27.383464" lon="-114.442142"></trkpt><trkpt lat="27.390476" lon="-114.442485"></trkpt><trkpt lat="27.402668" lon="-114.450210"></trkpt><trkpt lat="27.404345" lon="-114.463771"></trkpt><trkpt lat="27.403583" lon="-114.466175"></trkpt><trkpt lat="27.406631" lon="-114.474243"></trkpt><trkpt lat="27.408155" lon="-114.475959"></trkpt><trkpt lat="27.409069" lon="-114.476474"></trkpt><trkpt lat="27.410136" lon="-114.479049"></trkpt><trkpt lat="27.411660" lon="-114.480937"></trkpt><trkpt lat="27.412422" lon="-114.483341"></trkpt><trkpt lat="27.411964" lon="-114.485401"></trkpt><trkpt lat="27.411202" lon="-114.487976"></trkpt><trkpt lat="27.411507" lon="-114.491066"></trkpt><trkpt lat="27.411660" lon="-114.495872"></trkpt><trkpt lat="27.409221" lon="-114.501022"></trkpt><trkpt lat="27.404040" lon="-114.503940"></trkpt></trkseg></trk><trk><name>T009 BAC44CF</name><trkseg><trkpt lat="27.402668" lon="-114.450210"></trkpt><trkpt lat="27.410136" lon="-114.449523"></trkpt><trkpt lat="27.416231" lon="-114.448322"></trkpt><trkpt lat="27.423850" lon="-114.445060"></trkpt><trkpt lat="27.426288" lon="-114.444374"></trkpt><trkpt lat="27.428573" lon="-114.441627"></trkpt><trkpt lat="27.435430" lon="-114.438880"></trkpt><trkpt lat="27.437410" lon="-114.436992"></trkpt><trkpt lat="27.440152" lon="-114.436649"></trkpt><trkpt lat="27.441523" lon="-114.434246"></trkpt><trkpt lat="27.443809" lon="-114.433044"></trkpt><trkpt lat="27.449445" lon="-114.431499"></trkpt><trkpt lat="27.451730" lon="-114.428581"></trkpt><trkpt lat="27.455234" lon="-114.427894"></trkpt><trkpt lat="27.457366" lon="-114.427551"></trkpt><trkpt lat="27.459347" lon="-114.426349"></trkpt><trkpt lat="27.463764" lon="-114.428581"></trkpt><trkpt lat="27.464678" lon="-114.428237"></trkpt><trkpt lat="27.465896" lon="-114.428752"></trkpt><trkpt lat="27.466658" lon="-114.429954"></trkpt><trkpt lat="27.470313" lon="-114.431842"></trkpt><trkpt lat="27.473359" lon="-114.441112"></trkpt><trkpt lat="27.475187" lon="-114.440254"></trkpt><trkpt lat="27.476862" lon="-114.438366"></trkpt><trkpt lat="27.479147" lon="-114.437507"></trkpt><trkpt lat="27.480365" lon="-114.434074"></trkpt><trkpt lat="27.483868" lon="-114.431499"></trkpt><trkpt lat="27.491786" lon="-114.430126"></trkpt><trkpt lat="27.498182" lon="-114.431499"></trkpt><trkpt lat="27.502445" lon="-114.435447"></trkpt><trkpt lat="27.506404" lon="-114.440597"></trkpt><trkpt lat="27.510515" lon="-114.443859"></trkpt><trkpt lat="27.522694" lon="-114.457592"></trkpt><trkpt lat="27.524825" lon="-114.458278"></trkpt><trkpt lat="27.526500" lon="-114.462055"></trkpt><trkpt lat="27.530762" lon="-114.465660"></trkpt><trkpt lat="27.533655" lon="-114.466518"></trkpt><trkpt lat="27.535329" lon="-114.466346"></trkpt><trkpt lat="27.535329" lon="-114.467891"></trkpt><trkpt lat="27.536699" lon="-114.469780"></trkpt><trkpt lat="27.535633" lon="-114.471668"></trkpt><trkpt lat="27.536851" lon="-114.481624"></trkpt><trkpt lat="27.538830" lon="-114.488834"></trkpt><trkpt lat="27.540048" lon="-114.492954"></trkpt><trkpt lat="27.542178" lon="-114.496902"></trkpt><trkpt lat="27.543396" lon="-114.500164"></trkpt><trkpt lat="27.543244" lon="-114.501365"></trkpt><trkpt lat="27.544309" lon="-114.503597"></trkpt><trkpt lat="27.543548" lon="-114.505657"></trkpt><trkpt lat="27.544766" lon="-114.507717"></trkpt><trkpt lat="27.544590" lon="-114.511651"></trkpt></trkseg></trk><trk><name>T010 BAC44CF</name><trkseg><trkpt lat="30.390991" lon="-115.869988"></trkpt><trkpt lat="30.407130" lon="-115.894707"></trkpt><trkpt lat="30.417789" lon="-115.897797"></trkpt><trkpt lat="30.421748" lon="-115.879762"></trkpt></trkseg></trk><trk><name>T011 BAC44CF</name><trkseg><trkpt lat="30.401643" lon="-115.911637"></trkpt><trkpt lat="30.413816" lon="-115.915440"></trkpt><trkpt lat="30.417789" lon="-115.897797"></trkpt><trkpt lat="30.424895" lon="-115.899857"></trkpt><trkpt lat="30.433183" lon="-115.902432"></trkpt><trkpt lat="30.442212" lon="-115.905006"></trkpt><trkpt lat="30.461597" lon="-115.911015"></trkpt></trkseg></trk><trk><name>T012 BAC44CF</name><trkseg><trkpt lat="23.463804" lon="-110.245458"></trkpt><trkpt lat="23.465986" lon="-110.247549"></trkpt><trkpt lat="23.468516" lon="-110.249253"></trkpt><trkpt lat="23.469484" lon="-110.250992"></trkpt><trkpt lat="23.472716" lon="-110.255048"></trkpt><trkpt lat="23.475767" lon="-110.256310"></trkpt><trkpt lat="23.476189" lon="-110.256626"></trkpt><trkpt lat="23.481091" lon="-110.262512"></trkpt><trkpt lat="23.481802" lon="-110.263602"></trkpt><trkpt lat="23.485935" lon="-110.267505"></trkpt><trkpt lat="23.487192" lon="-110.268208"></trkpt><trkpt lat="23.487812" lon="-110.269208"></trkpt><trkpt lat="23.488308" lon="-110.270831"></trkpt><trkpt lat="23.489317" lon="-110.272255"></trkpt><trkpt lat="23.501071" lon="-110.278745"></trkpt><trkpt lat="23.504468" lon="-110.280439"></trkpt><trkpt lat="23.507890" lon="-110.282539"></trkpt><trkpt lat="23.517453" lon="-110.282431"></trkpt><trkpt lat="23.517973" lon="-110.282575"></trkpt><trkpt lat="23.520469" lon="-110.283891"></trkpt><trkpt lat="23.521296" lon="-110.283846"></trkpt><trkpt lat="23.525833" lon="-110.288019"></trkpt><trkpt lat="23.525849" lon="-110.288236"></trkpt><trkpt lat="23.525023" lon="-110.289633"></trkpt><trkpt lat="23.524990" lon="-110.289867"></trkpt><trkpt lat="23.525188" lon="-110.290210"></trkpt><trkpt lat="23.534931" lon="-110.297754"></trkpt><trkpt lat="23.536691" lon="-110.298493"></trkpt><trkpt lat="23.538344" lon="-110.296149"></trkpt><trkpt lat="23.541046" lon="-110.298114"></trkpt><trkpt lat="23.543145" lon="-110.300368"></trkpt><trkpt lat="23.543979" lon="-110.302224"></trkpt><trkpt lat="23.544343" lon="-110.302720"></trkpt><trkpt lat="23.552738" lon="-110.312608"></trkpt><trkpt lat="23.552697" lon="-110.312959"></trkpt><trkpt lat="23.551201" lon="-110.313680"></trkpt><trkpt lat="23.551019" lon="-110.314086"></trkpt><trkpt lat="23.551160" lon="-110.314302"></trkpt><trkpt lat="23.553540" lon="-110.316492"></trkpt><trkpt lat="23.553821" lon="-110.317006"></trkpt><trkpt lat="23.559943" lon="-110.323054"></trkpt><trkpt lat="23.560389" lon="-110.323865"></trkpt><trkpt lat="23.566693" lon="-110.331923"></trkpt><trkpt lat="23.571559" lon="-110.338485"></trkpt><trkpt lat="23.585635" lon="-110.358333"></trkpt><trkpt lat="23.587651" lon="-110.361451"></trkpt><trkpt lat="23.588221" lon="-110.362028"></trkpt><trkpt lat="23.588419" lon="-110.362731"></trkpt><trkpt lat="23.589542" lon="-110.363786"></trkpt><trkpt lat="23.590467" lon="-110.365291"></trkpt><trkpt lat="23.591715" lon="-110.365850"></trkpt><trkpt lat="23.592119" lon="-110.365823"></trkpt><trkpt lat="23.592607" lon="-110.367436"></trkpt><trkpt lat="23.593970" lon="-110.368869"></trkpt><trkpt lat="23.594284" lon="-110.369852"></trkpt><trkpt lat="23.595564" lon="-110.372583"></trkpt><trkpt lat="23.596679" lon="-110.374205"></trkpt><trkpt lat="23.597150" lon="-110.375647"></trkpt><trkpt lat="23.598950" lon="-110.379144"></trkpt><trkpt lat="23.601081" lon="-110.382804"></trkpt><trkpt lat="23.603402" lon="-110.387238"></trkpt><trkpt lat="23.605929" lon="-110.392547"></trkpt><trkpt lat="23.608977" lon="-110.398460"></trkpt><trkpt lat="23.610216" lon="-110.401326"></trkpt><trkpt lat="23.614692" lon="-110.410060"></trkpt><trkpt lat="23.617021" lon="-110.415234"></trkpt><trkpt lat="23.617483" lon="-110.416018"></trkpt><trkpt lat="23.618962" lon="-110.417253"></trkpt><trkpt lat="23.619466" lon="-110.417433"></trkpt><trkpt lat="23.629003" lon="-110.417226"></trkpt><trkpt lat="23.631852" lon="-110.417379"></trkpt><trkpt lat="23.634198" lon="-110.417731"></trkpt><trkpt lat="23.635907" lon="-110.418235"></trkpt><trkpt lat="23.636576" lon="-110.418623"></trkpt><trkpt lat="23.637690" lon="-110.418767"></trkpt><trkpt lat="23.639234" lon="-110.418722"></trkpt><trkpt lat="23.639763" lon="-110.419750"></trkpt><trkpt lat="23.641266" lon="-110.420336"></trkpt><trkpt lat="23.642100" lon="-110.420128"></trkpt><trkpt lat="23.643124" lon="-110.420309"></trkpt><trkpt lat="23.644271" lon="-110.420101"></trkpt><trkpt lat="23.645716" lon="-110.419227"></trkpt><trkpt lat="23.646335" lon="-110.419092"></trkpt><trkpt lat="23.646558" lon="-110.419092"></trkpt><trkpt lat="23.646847" lon="-110.419443"></trkpt><trkpt lat="23.647689" lon="-110.419515"></trkpt><trkpt lat="23.648053" lon="-110.419849"></trkpt><trkpt lat="23.648713" lon="-110.419389"></trkpt><trkpt lat="23.649068" lon="-110.419326"></trkpt><trkpt lat="23.649803" lon="-110.419759"></trkpt><trkpt lat="23.651314" lon="-110.420155"></trkpt><trkpt lat="23.651479" lon="-110.419831"></trkpt><trkpt lat="23.651264" lon="-110.419146"></trkpt><trkpt lat="23.652007" lon="-110.418389"></trkpt><trkpt lat="23.652305" lon="-110.417866"></trkpt><trkpt lat="23.653246" lon="-110.417496"></trkpt><trkpt lat="23.654104" lon="-110.417686"></trkpt><trkpt lat="23.655120" lon="-110.417442"></trkpt><trkpt lat="23.655566" lon="-110.417758"></trkpt><trkpt lat="23.656251" lon="-110.417713"></trkpt><trkpt lat="23.659232" lon="-110.419209"></trkpt><trkpt lat="23.659380" lon="-110.419209"></trkpt><trkpt lat="23.659760" lon="-110.418299"></trkpt><trkpt lat="23.660057" lon="-110.418254"></trkpt><trkpt lat="23.663186" lon="-110.419867"></trkpt><trkpt lat="23.664738" lon="-110.420498"></trkpt><trkpt lat="23.666926" lon="-110.419056"></trkpt><trkpt lat="23.669947" lon="-110.417596"></trkpt><trkpt lat="23.670104" lon="-110.417641"></trkpt><trkpt lat="23.671532" lon="-110.419948"></trkpt><trkpt lat="23.677830" lon="-110.421147"></trkpt><trkpt lat="23.679605" lon="-110.421147"></trkpt><trkpt lat="23.681751" lon="-110.440688"></trkpt><trkpt lat="23.689122" lon="-110.440805"></trkpt><trkpt lat="23.684814" lon="-110.449963"></trkpt><trkpt lat="23.691912" lon="-110.465448"></trkpt><trkpt lat="23.698729" lon="-110.470576"></trkpt><trkpt lat="23.699662" lon="-110.473794"></trkpt><trkpt lat="23.699340" lon="-110.481068"></trkpt><trkpt lat="23.699505" lon="-110.481798"></trkpt><trkpt lat="23.700124" lon="-110.482203"></trkpt><trkpt lat="23.702353" lon="-110.482762"></trkpt><trkpt lat="23.704424" lon="-110.488900"></trkpt><trkpt lat="23.704614" lon="-110.489117"></trkpt><trkpt lat="23.722464" lon="-110.502925"></trkpt><trkpt lat="23.722538" lon="-110.503448"></trkpt><trkpt lat="23.723503" lon="-110.504836"></trkpt><trkpt lat="23.729915" lon="-110.517329"></trkpt><trkpt lat="23.730831" lon="-110.518771"></trkpt><trkpt lat="23.738380" lon="-110.532507"></trkpt><trkpt lat="23.738273" lon="-110.533372"></trkpt><trkpt lat="23.738752" lon="-110.534337"></trkpt><trkpt lat="23.739519" lon="-110.534589"></trkpt><trkpt lat="23.742399" lon="-110.539826"></trkpt><trkpt lat="23.743248" lon="-110.541683"></trkpt><trkpt lat="23.744016" lon="-110.542079"></trkpt><trkpt lat="23.744775" lon="-110.542719"></trkpt><trkpt lat="23.744717" lon="-110.543242"></trkpt><trkpt lat="23.744874" lon="-110.543918"></trkpt><trkpt lat="23.745690" lon="-110.545991"></trkpt><trkpt lat="23.756811" lon="-110.566578"></trkpt><trkpt lat="23.772476" lon="-110.596583"></trkpt><trkpt lat="23.772559" lon="-110.597133"></trkpt><trkpt lat="23.772386" lon="-110.598981"></trkpt><trkpt lat="23.772872" lon="-110.600657"></trkpt><trkpt lat="23.773277" lon="-110.601045"></trkpt><trkpt lat="23.773384" lon="-110.601351"></trkpt><trkpt lat="23.773219" lon="-110.602478"></trkpt><trkpt lat="23.773969" lon="-110.606236"></trkpt><trkpt lat="23.773937" lon="-110.607066"></trkpt><trkpt lat="23.774539" lon="-110.609184"></trkpt><trkpt lat="23.774514" lon="-110.610022"></trkpt><trkpt lat="23.774803" lon="-110.611419"></trkpt><trkpt lat="23.788808" lon="-110.628202"></trkpt><trkpt lat="23.788849" lon="-110.629437"></trkpt><trkpt lat="23.788618" lon="-110.630203"></trkpt><trkpt lat="23.788470" lon="-110.631555"></trkpt><trkpt lat="23.786903" lon="-110.633682"></trkpt><trkpt lat="23.785121" lon="-110.636584"></trkpt><trkpt lat="23.784090" lon="-110.639460"></trkpt><trkpt lat="23.783628" lon="-110.640028"></trkpt><trkpt lat="23.783364" lon="-110.640649"></trkpt><trkpt lat="23.783150" lon="-110.641686"></trkpt><trkpt lat="23.780403" lon="-110.648374"></trkpt><trkpt lat="23.774341" lon="-110.662137"></trkpt><trkpt lat="23.774118" lon="-110.663697"></trkpt><trkpt lat="23.773260" lon="-110.667131"></trkpt><trkpt lat="23.772691" lon="-110.668167"></trkpt><trkpt lat="23.771198" lon="-110.669808"></trkpt><trkpt lat="23.770571" lon="-110.670853"></trkpt><trkpt lat="23.770719" lon="-110.671322"></trkpt><trkpt lat="23.775603" lon="-110.673458"></trkpt><trkpt lat="23.777698" lon="-110.673837"></trkpt><trkpt lat="23.782407" lon="-110.674224"></trkpt><trkpt lat="23.786300" lon="-110.673990"></trkpt><trkpt lat="23.790235" lon="-110.674161"></trkpt><trkpt lat="23.793385" lon="-110.674450"></trkpt><trkpt lat="23.797690" lon="-110.675252"></trkpt><trkpt lat="23.800791" lon="-110.675522"></trkpt><trkpt lat="23.801698" lon="-110.675117"></trkpt><trkpt lat="23.802242" lon="-110.675378"></trkpt><trkpt lat="23.803463" lon="-110.674657"></trkpt><trkpt lat="23.803892" lon="-110.673999"></trkpt><trkpt lat="23.805087" lon="-110.672836"></trkpt><trkpt lat="23.805525" lon="-110.672052"></trkpt><trkpt lat="23.806918" lon="-110.671259"></trkpt><trkpt lat="23.809714" lon="-110.668988"></trkpt><trkpt lat="23.811808" lon="-110.668284"></trkpt><trkpt lat="23.813672" lon="-110.668339"></trkpt><trkpt lat="23.814802" lon="-110.667888"></trkpt><trkpt lat="23.815478" lon="-110.667383"></trkpt><trkpt lat="23.817407" lon="-110.666680"></trkpt><trkpt lat="23.820392" lon="-110.666247"></trkpt><trkpt lat="23.838374" lon="-110.688051"></trkpt><trkpt lat="23.850543" lon="-110.716362"></trkpt><trkpt lat="23.863608" lon="-110.725655"></trkpt><trkpt lat="23.863616" lon="-110.725826"></trkpt><trkpt lat="23.862932" lon="-110.726601"></trkpt><trkpt lat="23.861630" lon="-110.727439"></trkpt><trkpt lat="23.861721" lon="-110.728494"></trkpt><trkpt lat="23.862380" lon="-110.729440"></trkpt><trkpt lat="23.862248" lon="-110.730585"></trkpt><trkpt lat="23.861440" lon="-110.732108"></trkpt><trkpt lat="23.861020" lon="-110.732288"></trkpt><trkpt lat="23.860476" lon="-110.733055"></trkpt><trkpt lat="23.859437" lon="-110.733613"></trkpt><trkpt lat="23.858118" lon="-110.736831"></trkpt><trkpt lat="23.857624" lon="-110.737570"></trkpt><trkpt lat="23.857063" lon="-110.739229"></trkpt><trkpt lat="23.856684" lon="-110.739346"></trkpt><trkpt lat="23.855687" lon="-110.739067"></trkpt><trkpt lat="23.854384" lon="-110.739589"></trkpt><trkpt lat="23.854326" lon="-110.739743"></trkpt><trkpt lat="23.853700" lon="-110.739788"></trkpt><trkpt lat="23.853065" lon="-110.740626"></trkpt><trkpt lat="23.852373" lon="-110.740545"></trkpt><trkpt lat="23.852035" lon="-110.741040"></trkpt><trkpt lat="23.851738" lon="-110.742104"></trkpt><trkpt lat="23.850798" lon="-110.743816"></trkpt><trkpt lat="23.848836" lon="-110.750739"></trkpt><trkpt lat="23.850683" lon="-110.753839"></trkpt><trkpt lat="23.851820" lon="-110.756426"></trkpt><trkpt lat="23.855167" lon="-110.760230"></trkpt><trkpt lat="23.859792" lon="-110.765025"></trkpt><trkpt lat="23.861284" lon="-110.766467"></trkpt><trkpt lat="23.864573" lon="-110.769180"></trkpt><trkpt lat="23.865776" lon="-110.770721"></trkpt><trkpt lat="23.868306" lon="-110.773281"></trkpt><trkpt lat="23.869708" lon="-110.774913"></trkpt><trkpt lat="23.871158" lon="-110.776192"></trkpt><trkpt lat="23.872543" lon="-110.777725"></trkpt><trkpt lat="23.873145" lon="-110.778248"></trkpt><trkpt lat="23.873738" lon="-110.778473"></trkpt><trkpt lat="23.873845" lon="-110.779230"></trkpt><trkpt lat="23.874060" lon="-110.779618"></trkpt><trkpt lat="23.876442" lon="-110.781772"></trkpt><trkpt lat="23.877538" lon="-110.783097"></trkpt><trkpt lat="23.889307" lon="-110.792489"></trkpt><trkpt lat="23.892537" lon="-110.794796"></trkpt><trkpt lat="23.895117" lon="-110.796968"></trkpt><trkpt lat="23.895422" lon="-110.796968"></trkpt><trkpt lat="23.897556" lon="-110.800385"></trkpt><trkpt lat="23.898883" lon="-110.801772"></trkpt><trkpt lat="23.906035" lon="-110.807613"></trkpt><trkpt lat="23.909867" lon="-110.813237"></trkpt><trkpt lat="23.911449" lon="-110.815166"></trkpt><trkpt lat="23.912578" lon="-110.816203"></trkpt><trkpt lat="23.913113" lon="-110.816437"></trkpt><trkpt lat="23.913657" lon="-110.816906"></trkpt><trkpt lat="23.914695" lon="-110.818150"></trkpt><trkpt lat="23.916277" lon="-110.820854"></trkpt><trkpt lat="23.918675" lon="-110.823242"></trkpt><trkpt lat="23.921221" lon="-110.826325"></trkpt><trkpt lat="23.924278" lon="-110.829011"></trkpt><trkpt lat="23.924929" lon="-110.830201"></trkpt><trkpt lat="23.925654" lon="-110.830832"></trkpt><trkpt lat="23.927310" lon="-110.833139"></trkpt><trkpt lat="23.928801" lon="-110.834689"></trkpt><trkpt lat="23.929938" lon="-110.836213"></trkpt><trkpt lat="23.934700" lon="-110.841188"></trkpt><trkpt lat="23.936281" lon="-110.842107"></trkpt><trkpt lat="23.937847" lon="-110.841693"></trkpt><trkpt lat="23.938637" lon="-110.842207"></trkpt><trkpt lat="23.939692" lon="-110.841981"></trkpt><trkpt lat="23.940096" lon="-110.842252"></trkpt><trkpt lat="23.940886" lon="-110.844793"></trkpt><trkpt lat="23.940302" lon="-110.846767"></trkpt><trkpt lat="23.940458" lon="-110.847515"></trkpt><trkpt lat="23.943918" lon="-110.851680"></trkpt><trkpt lat="23.945565" lon="-110.854203"></trkpt><trkpt lat="23.946224" lon="-110.854870"></trkpt><trkpt lat="23.947015" lon="-110.855366"></trkpt><trkpt lat="23.947369" lon="-110.856448"></trkpt><trkpt lat="23.947847" lon="-110.856511"></trkpt><trkpt lat="23.949025" lon="-110.856267"></trkpt><trkpt lat="23.950450" lon="-110.856646"></trkpt><trkpt lat="23.951224" lon="-110.860062"></trkpt><trkpt lat="23.951447" lon="-110.860504"></trkpt><trkpt lat="23.955508" lon="-110.865236"></trkpt></trkseg></trk><trk><name>T013 BAC44CF</name><trkseg><trkpt lat="31.874581" lon="-116.574112"></trkpt><trkpt lat="31.874727" lon="-116.574129"></trkpt><trkpt lat="31.875215" lon="-116.574155"></trkpt><trkpt lat="31.875857" lon="-116.574172"></trkpt><trkpt lat="31.876199" lon="-116.574266"></trkpt><trkpt lat="31.876498" lon="-116.574429"></trkpt><trkpt lat="31.876578" lon="-116.574489"></trkpt><trkpt lat="31.877110" lon="-116.574944"></trkpt><trkpt lat="31.877300" lon="-116.575056"></trkpt><trkpt lat="31.877489" lon="-116.575142"></trkpt><trkpt lat="31.877773" lon="-116.575202"></trkpt><trkpt lat="31.878794" lon="-116.575425"></trkpt><trkpt lat="31.879216" lon="-116.575502"></trkpt><trkpt lat="31.879523" lon="-116.575665"></trkpt><trkpt lat="31.879749" lon="-116.575845"></trkpt><trkpt lat="31.879974" lon="-116.576154"></trkpt><trkpt lat="31.880120" lon="-116.576575"></trkpt><trkpt lat="31.880339" lon="-116.577193"></trkpt><trkpt lat="31.880426" lon="-116.577442"></trkpt><trkpt lat="31.880616" lon="-116.577734"></trkpt><trkpt lat="31.880842" lon="-116.577922"></trkpt><trkpt lat="31.881133" lon="-116.578077"></trkpt><trkpt lat="31.881425" lon="-116.578077"></trkpt><trkpt lat="31.882015" lon="-116.578008"></trkpt><trkpt lat="31.882904" lon="-116.577897"></trkpt><trkpt lat="31.883597" lon="-116.577725"></trkpt><trkpt lat="31.884275" lon="-116.577502"></trkpt><trkpt lat="31.884515" lon="-116.577356"></trkpt><trkpt lat="31.886082" lon="-116.576429"></trkpt><trkpt lat="31.887284" lon="-116.575708"></trkpt><trkpt lat="31.887926" lon="-116.575502"></trkpt><trkpt lat="31.888771" lon="-116.575365"></trkpt><trkpt lat="31.889485" lon="-116.575348"></trkpt><trkpt lat="31.890134" lon="-116.575408"></trkpt><trkpt lat="31.893464" lon="-116.575794"></trkpt><trkpt lat="31.894521" lon="-116.575622"></trkpt><trkpt lat="31.894805" lon="-116.575717"></trkpt><trkpt lat="31.895009" lon="-116.575768"></trkpt><trkpt lat="31.895257" lon="-116.575802"></trkpt><trkpt lat="31.895374" lon="-116.575940"></trkpt><trkpt lat="31.895381" lon="-116.576077"></trkpt><trkpt lat="31.895381" lon="-116.576223"></trkpt><trkpt lat="31.895242" lon="-116.576609"></trkpt><trkpt lat="31.894951" lon="-116.577579"></trkpt><trkpt lat="31.894710" lon="-116.578180"></trkpt><trkpt lat="31.892998" lon="-116.582944"></trkpt><trkpt lat="31.891577" lon="-116.586909"></trkpt><trkpt lat="31.890447" lon="-116.590128"></trkpt><trkpt lat="31.890200" lon="-116.590814"></trkpt><trkpt lat="31.889959" lon="-116.591501"></trkpt><trkpt lat="31.889172" lon="-116.593775"></trkpt><trkpt lat="31.889099" lon="-116.594110"></trkpt><trkpt lat="31.889143" lon="-116.594376"></trkpt><trkpt lat="31.889216" lon="-116.594548"></trkpt><trkpt lat="31.889434" lon="-116.595003"></trkpt><trkpt lat="31.889551" lon="-116.595217"></trkpt><trkpt lat="31.889573" lon="-116.595389"></trkpt><trkpt lat="31.889602" lon="-116.595621"></trkpt><trkpt lat="31.889529" lon="-116.596333"></trkpt><trkpt lat="31.889376" lon="-116.597518"></trkpt><trkpt lat="31.889187" lon="-116.598985"></trkpt><trkpt lat="31.889041" lon="-116.599895"></trkpt><trkpt lat="31.888851" lon="-116.601002"></trkpt><trkpt lat="31.888698" lon="-116.601543"></trkpt><trkpt lat="31.888421" lon="-116.602290"></trkpt><trkpt lat="31.888188" lon="-116.602590"></trkpt><trkpt lat="31.887948" lon="-116.602770"></trkpt><trkpt lat="31.887263" lon="-116.603037"></trkpt><trkpt lat="31.887095" lon="-116.603191"></trkpt><trkpt lat="31.886869" lon="-116.603483"></trkpt><trkpt lat="31.886694" lon="-116.603792"></trkpt><trkpt lat="31.886461" lon="-116.604032"></trkpt><trkpt lat="31.886053" lon="-116.604230"></trkpt><trkpt lat="31.885506" lon="-116.604358"></trkpt><trkpt lat="31.884974" lon="-116.604478"></trkpt><trkpt lat="31.884384" lon="-116.604607"></trkpt><trkpt lat="31.883706" lon="-116.604770"></trkpt><trkpt lat="31.883036" lon="-116.604805"></trkpt><trkpt lat="31.882278" lon="-116.604788"></trkpt><trkpt lat="31.882095" lon="-116.604685"></trkpt><trkpt lat="31.881870" lon="-116.603929"></trkpt><trkpt lat="31.881848" lon="-116.603715"></trkpt><trkpt lat="31.881920" lon="-116.603491"></trkpt><trkpt lat="31.882219" lon="-116.602968"></trkpt><trkpt lat="31.882489" lon="-116.602504"></trkpt><trkpt lat="31.882655" lon="-116.602077"></trkpt></trkseg></trk><trk><name>T014 BAC44CF</name><trkseg><trkpt lat="29.517804" lon="-114.290227"></trkpt><trkpt lat="29.517537" lon="-114.290462"></trkpt><trkpt lat="29.517483" lon="-114.290624"></trkpt><trkpt lat="29.517490" lon="-114.290849"></trkpt><trkpt lat="29.517388" lon="-114.290975"></trkpt><trkpt lat="29.516816" lon="-114.290723"></trkpt><trkpt lat="29.516800" lon="-114.290606"></trkpt><trkpt lat="29.516737" lon="-114.290651"></trkpt><trkpt lat="29.516416" lon="-114.290669"></trkpt><trkpt lat="29.515239" lon="-114.290435"></trkpt><trkpt lat="29.511309" lon="-114.289344"></trkpt><trkpt lat="29.509827" lon="-114.288497"></trkpt><trkpt lat="29.508486" lon="-114.288244"></trkpt><trkpt lat="29.508329" lon="-114.288154"></trkpt><trkpt lat="29.507482" lon="-114.287190"></trkpt><trkpt lat="29.504642" lon="-114.285351"></trkpt><trkpt lat="29.503865" lon="-114.284946"></trkpt><trkpt lat="29.503065" lon="-114.284612"></trkpt><trkpt lat="29.502853" lon="-114.284567"></trkpt><trkpt lat="29.502414" lon="-114.284702"></trkpt><trkpt lat="29.502194" lon="-114.284675"></trkpt><trkpt lat="29.501818" lon="-114.284387"></trkpt><trkpt lat="29.501528" lon="-114.283918"></trkpt><trkpt lat="29.501331" lon="-114.283747"></trkpt><trkpt lat="29.500861" lon="-114.283512"></trkpt><trkpt lat="29.499676" lon="-114.283260"></trkpt><trkpt lat="29.498923" lon="-114.283278"></trkpt><trkpt lat="29.498382" lon="-114.283620"></trkpt><trkpt lat="29.497338" lon="-114.284450"></trkpt><trkpt lat="29.496993" lon="-114.284828"></trkpt><trkpt lat="29.495620" lon="-114.286667"></trkpt><trkpt lat="29.494428" lon="-114.287424"></trkpt><trkpt lat="29.493675" lon="-114.287776"></trkpt><trkpt lat="29.493424" lon="-114.288001"></trkpt><trkpt lat="29.493204" lon="-114.288289"></trkpt><trkpt lat="29.492984" lon="-114.288839"></trkpt><trkpt lat="29.491933" lon="-114.292868"></trkpt><trkpt lat="29.491070" lon="-114.295969"></trkpt><trkpt lat="29.490897" lon="-114.296455"></trkpt><trkpt lat="29.490450" lon="-114.297213"></trkpt><trkpt lat="29.490388" lon="-114.297474"></trkpt><trkpt lat="29.490380" lon="-114.297997"></trkpt><trkpt lat="29.490262" lon="-114.298285"></trkpt><trkpt lat="29.485712" lon="-114.306082"></trkpt><trkpt lat="29.484017" lon="-114.309092"></trkpt><trkpt lat="29.483632" lon="-114.309606"></trkpt><trkpt lat="29.483177" lon="-114.310102"></trkpt><trkpt lat="29.478697" lon="-114.314843"></trkpt><trkpt lat="29.478540" lon="-114.315284"></trkpt><trkpt lat="29.478406" lon="-114.316330"></trkpt><trkpt lat="29.478234" lon="-114.316799"></trkpt><trkpt lat="29.476767" lon="-114.318358"></trkpt><trkpt lat="29.475613" lon="-114.319503"></trkpt><trkpt lat="29.475284" lon="-114.319908"></trkpt><trkpt lat="29.474938" lon="-114.320729"></trkpt><trkpt lat="29.474891" lon="-114.321819"></trkpt><trkpt lat="29.474617" lon="-114.322693"></trkpt><trkpt lat="29.474562" lon="-114.323045"></trkpt><trkpt lat="29.474562" lon="-114.323550"></trkpt><trkpt lat="29.474609" lon="-114.323847"></trkpt><trkpt lat="29.474868" lon="-114.324676"></trkpt><trkpt lat="29.474899" lon="-114.324902"></trkpt><trkpt lat="29.474836" lon="-114.325109"></trkpt><trkpt lat="29.474507" lon="-114.325641"></trkpt><trkpt lat="29.474460" lon="-114.325893"></trkpt><trkpt lat="29.474460" lon="-114.326416"></trkpt><trkpt lat="29.474256" lon="-114.326821"></trkpt><trkpt lat="29.474091" lon="-114.326975"></trkpt><trkpt lat="29.473871" lon="-114.327074"></trkpt><trkpt lat="29.473142" lon="-114.327272"></trkpt><trkpt lat="29.471753" lon="-114.327416"></trkpt><trkpt lat="29.471321" lon="-114.327588"></trkpt><trkpt lat="29.470983" lon="-114.327921"></trkpt><trkpt lat="29.470403" lon="-114.328787"></trkpt><trkpt lat="29.470191" lon="-114.328949"></trkpt><trkpt lat="29.469014" lon="-114.329471"></trkpt><trkpt lat="29.468786" lon="-114.329697"></trkpt><trkpt lat="29.468363" lon="-114.330319"></trkpt><trkpt lat="29.468206" lon="-114.330418"></trkpt><trkpt lat="29.467594" lon="-114.330517"></trkpt><trkpt lat="29.467452" lon="-114.330679"></trkpt><trkpt lat="29.467405" lon="-114.331455"></trkpt><trkpt lat="29.467335" lon="-114.331680"></trkpt><trkpt lat="29.467185" lon="-114.331842"></trkpt><trkpt lat="29.465043" lon="-114.332969"></trkpt><trkpt lat="29.464486" lon="-114.333347"></trkpt><trkpt lat="29.464376" lon="-114.333546"></trkpt><trkpt lat="29.464360" lon="-114.333780"></trkpt><trkpt lat="29.464470" lon="-114.334771"></trkpt><trkpt lat="29.464376" lon="-114.334961"></trkpt><trkpt lat="29.464227" lon="-114.335123"></trkpt><trkpt lat="29.463576" lon="-114.335565"></trkpt><trkpt lat="29.462838" lon="-114.335925"></trkpt><trkpt lat="29.462665" lon="-114.336078"></trkpt><trkpt lat="29.462540" lon="-114.336286"></trkpt><trkpt lat="29.462343" lon="-114.336421"></trkpt><trkpt lat="29.462124" lon="-114.336466"></trkpt><trkpt lat="29.461920" lon="-114.336385"></trkpt><trkpt lat="29.460554" lon="-114.335132"></trkpt><trkpt lat="29.460287" lon="-114.334717"></trkpt><trkpt lat="29.460201" lon="-114.334312"></trkpt><trkpt lat="29.460099" lon="-114.334159"></trkpt><trkpt lat="29.459934" lon="-114.334068"></trkpt><trkpt lat="29.459715" lon="-114.334041"></trkpt><trkpt lat="29.458341" lon="-114.334077"></trkpt><trkpt lat="29.457941" lon="-114.334041"></trkpt><trkpt lat="29.457580" lon="-114.333933"></trkpt><trkpt lat="29.457109" lon="-114.333518"></trkpt><trkpt lat="29.456340" lon="-114.333302"></trkpt><trkpt lat="29.456104" lon="-114.333176"></trkpt><trkpt lat="29.455657" lon="-114.332572"></trkpt><trkpt lat="29.455453" lon="-114.332383"></trkpt><trkpt lat="29.455202" lon="-114.332257"></trkpt><trkpt lat="29.454676" lon="-114.332221"></trkpt><trkpt lat="29.453561" lon="-114.332311"></trkpt><trkpt lat="29.453326" lon="-114.332446"></trkpt><trkpt lat="29.453161" lon="-114.332644"></trkpt><trkpt lat="29.452910" lon="-114.333122"></trkpt><trkpt lat="29.452745" lon="-114.333302"></trkpt><trkpt lat="29.452157" lon="-114.333690"></trkpt><trkpt lat="29.451929" lon="-114.333780"></trkpt><trkpt lat="29.451701" lon="-114.333780"></trkpt><trkpt lat="29.451537" lon="-114.333645"></trkpt><trkpt lat="29.451136" lon="-114.333005"></trkpt><trkpt lat="29.450972" lon="-114.332924"></trkpt><trkpt lat="29.448742" lon="-114.333122"></trkpt><trkpt lat="29.448169" lon="-114.333275"></trkpt><trkpt lat="29.447738" lon="-114.333203"></trkpt><trkpt lat="29.447110" lon="-114.332689"></trkpt><trkpt lat="29.446804" lon="-114.332311"></trkpt><trkpt lat="29.446451" lon="-114.331283"></trkpt><trkpt lat="29.446270" lon="-114.330941"></trkpt><trkpt lat="29.444975" lon="-114.329156"></trkpt><trkpt lat="29.443538" lon="-114.327371"></trkpt><trkpt lat="29.443444" lon="-114.327182"></trkpt><trkpt lat="29.441615" lon="-114.325046"></trkpt><trkpt lat="29.440831" lon="-114.323946"></trkpt><trkpt lat="29.440187" lon="-114.323216"></trkpt><trkpt lat="29.439779" lon="-114.323036"></trkpt><trkpt lat="29.439269" lon="-114.323054"></trkpt><trkpt lat="29.436223" lon="-114.323433"></trkpt><trkpt lat="29.435972" lon="-114.323505"></trkpt><trkpt lat="29.435744" lon="-114.323658"></trkpt><trkpt lat="29.423921" lon="-114.334204"></trkpt><trkpt lat="29.420051" lon="-114.337466"></trkpt><trkpt lat="29.402314" lon="-114.361784"></trkpt><trkpt lat="29.399047" lon="-114.366354"></trkpt><trkpt lat="29.385273" lon="-114.382299"></trkpt></trkseg></trk><trk><name>T015 BAC44CF</name><trkseg><trkpt lat="24.810771" lon="-112.092231"></trkpt><trkpt lat="24.822301" lon="-112.085708"></trkpt><trkpt lat="24.847538" lon="-112.086223"></trkpt><trkpt lat="24.850031" lon="-112.085364"></trkpt><trkpt lat="24.908118" lon="-112.004169"></trkpt><trkpt lat="24.931364" lon="-111.943199"></trkpt></trkseg></trk><trk><name>T016 BAC44CF</name><trkseg><trkpt lat="27.795424" lon="-113.360588"></trkpt><trkpt lat="27.773718" lon="-113.388638"></trkpt><trkpt lat="27.723823" lon="-113.454249"></trkpt></trkseg></trk><trk><name>T017 BAC44CF</name><trkseg><trkpt lat="28.973814" lon="-113.773340"></trkpt><trkpt lat="28.973814" lon="-113.775274"></trkpt><trkpt lat="28.969175" lon="-113.777318"></trkpt><trkpt lat="28.967531" lon="-113.779030"></trkpt><trkpt lat="28.965550" lon="-113.780634"></trkpt><trkpt lat="28.963297" lon="-113.783344"></trkpt><trkpt lat="28.961697" lon="-113.785919"></trkpt><trkpt lat="28.961341" lon="-113.788222"></trkpt><trkpt lat="28.961744" lon="-113.792411"></trkpt><trkpt lat="28.961434" lon="-113.792901"></trkpt><trkpt lat="28.961125" lon="-113.793119"></trkpt><trkpt lat="28.960529" lon="-113.793418"></trkpt><trkpt lat="28.960124" lon="-113.794289"></trkpt><trkpt lat="28.959243" lon="-113.796059"></trkpt><trkpt lat="28.959004" lon="-113.796413"></trkpt><trkpt lat="28.958337" lon="-113.796495"></trkpt><trkpt lat="28.957248" lon="-113.796331"></trkpt><trkpt lat="28.955300" lon="-113.797042"></trkpt><trkpt lat="28.953525" lon="-113.799522"></trkpt><trkpt lat="28.948988" lon="-113.809816"></trkpt><trkpt lat="28.947147" lon="-113.811694"></trkpt><trkpt lat="28.943333" lon="-113.812220"></trkpt><trkpt lat="28.941295" lon="-113.813573"></trkpt><trkpt lat="28.938270" lon="-113.812671"></trkpt><trkpt lat="28.932944" lon="-113.813272"></trkpt><trkpt lat="28.930840" lon="-113.812446"></trkpt><trkpt lat="28.925513" lon="-113.814399"></trkpt><trkpt lat="28.919133" lon="-113.811319"></trkpt><trkpt lat="28.914990" lon="-113.808614"></trkpt><trkpt lat="28.908741" lon="-113.807186"></trkpt><trkpt lat="28.902690" lon="-113.803504"></trkpt><trkpt lat="28.899335" lon="-113.802452"></trkpt><trkpt lat="28.896046" lon="-113.801776"></trkpt><trkpt lat="28.891573" lon="-113.800499"></trkpt><trkpt lat="28.886507" lon="-113.798996"></trkpt><trkpt lat="28.882560" lon="-113.798470"></trkpt><trkpt lat="28.880323" lon="-113.797118"></trkpt><trkpt lat="28.877230" lon="-113.796967"></trkpt><trkpt lat="28.876244" lon="-113.796366"></trkpt><trkpt lat="28.865123" lon="-113.794713"></trkpt><trkpt lat="28.862228" lon="-113.794187"></trkpt><trkpt lat="28.859135" lon="-113.794939"></trkpt><trkpt lat="28.855728" lon="-113.795891"></trkpt><trkpt lat="28.853480" lon="-113.797584"></trkpt><trkpt lat="28.851687" lon="-113.798212"></trkpt><trkpt lat="28.850815" lon="-113.798199"></trkpt><trkpt lat="28.850245" lon="-113.797966"></trkpt><trkpt lat="28.848119" lon="-113.797511"></trkpt><trkpt lat="28.844207" lon="-113.798711"></trkpt><trkpt lat="28.842864" lon="-113.798511"></trkpt><trkpt lat="28.839361" lon="-113.799311"></trkpt><trkpt lat="28.837550" lon="-113.800378"></trkpt><trkpt lat="28.832704" lon="-113.801244"></trkpt><trkpt lat="28.828207" lon="-113.803911"></trkpt><trkpt lat="28.822542" lon="-113.805577"></trkpt><trkpt lat="28.822192" lon="-113.806111"></trkpt><trkpt lat="28.819914" lon="-113.806577"></trkpt><trkpt lat="28.817052" lon="-113.805844"></trkpt><trkpt lat="28.816643" lon="-113.806377"></trkpt><trkpt lat="28.814015" lon="-113.805977"></trkpt><trkpt lat="28.811153" lon="-113.802844"></trkpt><trkpt lat="28.808408" lon="-113.800511"></trkpt><trkpt lat="28.807356" lon="-113.796112"></trkpt><trkpt lat="28.806772" lon="-113.795512"></trkpt><trkpt lat="28.807239" lon="-113.792979"></trkpt><trkpt lat="28.807415" lon="-113.791045"></trkpt><trkpt lat="28.807648" lon="-113.789246"></trkpt><trkpt lat="28.806947" lon="-113.786579"></trkpt><trkpt lat="28.805662" lon="-113.783513"></trkpt><trkpt lat="28.804319" lon="-113.782713"></trkpt><trkpt lat="28.803092" lon="-113.781180"></trkpt><trkpt lat="28.800814" lon="-113.780846"></trkpt><trkpt lat="28.796550" lon="-113.776580"></trkpt><trkpt lat="28.794797" lon="-113.772047"></trkpt><trkpt lat="28.794155" lon="-113.767914"></trkpt><trkpt lat="28.791409" lon="-113.762315"></trkpt><trkpt lat="28.789189" lon="-113.760515"></trkpt><trkpt lat="28.784398" lon="-113.757915"></trkpt><trkpt lat="28.779257" lon="-113.756648"></trkpt><trkpt lat="28.775459" lon="-113.757448"></trkpt><trkpt lat="28.771895" lon="-113.757915"></trkpt><trkpt lat="28.767045" lon="-113.758382"></trkpt><trkpt lat="28.763130" lon="-113.759582"></trkpt><trkpt lat="28.760383" lon="-113.761248"></trkpt><trkpt lat="28.757929" lon="-113.762115"></trkpt><trkpt lat="28.755475" lon="-113.764128"></trkpt><trkpt lat="28.751674" lon="-113.765302"></trkpt><trkpt lat="28.756234" lon="-113.770890"></trkpt><trkpt lat="28.754293" lon="-113.773227"></trkpt><trkpt lat="28.752892" lon="-113.777039"></trkpt><trkpt lat="28.753107" lon="-113.779498"></trkpt><trkpt lat="28.751382" lon="-113.784540"></trkpt><trkpt lat="28.749981" lon="-113.786508"></trkpt><trkpt lat="28.749226" lon="-113.791058"></trkpt><trkpt lat="28.746531" lon="-113.796345"></trkpt><trkpt lat="28.745453" lon="-113.796222"></trkpt><trkpt lat="28.742434" lon="-113.799420"></trkpt><trkpt lat="28.741463" lon="-113.803109"></trkpt><trkpt lat="28.741032" lon="-113.806675"></trkpt><trkpt lat="28.738660" lon="-113.807905"></trkpt><trkpt lat="28.738229" lon="-113.813192"></trkpt><trkpt lat="28.740493" lon="-113.818480"></trkpt><trkpt lat="28.740062" lon="-113.820571"></trkpt><trkpt lat="28.740277" lon="-113.825612"></trkpt><trkpt lat="28.741463" lon="-113.828195"></trkpt><trkpt lat="28.742002" lon="-113.831392"></trkpt><trkpt lat="28.742326" lon="-113.834466"></trkpt><trkpt lat="28.741679" lon="-113.836926"></trkpt><trkpt lat="28.741571" lon="-113.839016"></trkpt><trkpt lat="28.740493" lon="-113.841229"></trkpt><trkpt lat="28.738876" lon="-113.844058"></trkpt><trkpt lat="28.738013" lon="-113.846640"></trkpt><trkpt lat="28.739091" lon="-113.850698"></trkpt><trkpt lat="28.738983" lon="-113.855740"></trkpt><trkpt lat="28.740062" lon="-113.859552"></trkpt><trkpt lat="28.739738" lon="-113.860782"></trkpt><trkpt lat="28.739091" lon="-113.864717"></trkpt><trkpt lat="28.739846" lon="-113.867545"></trkpt><trkpt lat="28.739846" lon="-113.870742"></trkpt><trkpt lat="28.738768" lon="-113.878490"></trkpt><trkpt lat="28.737905" lon="-113.887589"></trkpt><trkpt lat="28.740601" lon="-113.892754"></trkpt><trkpt lat="28.739522" lon="-113.893738"></trkpt><trkpt lat="28.739091" lon="-113.895828"></trkpt><trkpt lat="28.737689" lon="-113.897550"></trkpt><trkpt lat="28.738013" lon="-113.901485"></trkpt><trkpt lat="28.735964" lon="-113.903904"></trkpt><trkpt lat="28.735964" lon="-113.906938"></trkpt><trkpt lat="28.735432" lon="-113.908105"></trkpt><trkpt lat="28.734245" lon="-113.908525"></trkpt><trkpt lat="28.732854" lon="-113.909972"></trkpt><trkpt lat="28.732322" lon="-113.911652"></trkpt><trkpt lat="28.731462" lon="-113.913426"></trkpt><trkpt lat="28.731299" lon="-113.915060"></trkpt><trkpt lat="28.730193" lon="-113.918140"></trkpt><trkpt lat="28.728638" lon="-113.925329"></trkpt><trkpt lat="28.726264" lon="-113.928923"></trkpt><trkpt lat="28.726018" lon="-113.930556"></trkpt><trkpt lat="28.724504" lon="-113.932190"></trkpt><trkpt lat="28.723112" lon="-113.935224"></trkpt><trkpt lat="28.722334" lon="-113.938118"></trkpt><trkpt lat="28.722498" lon="-113.939005"></trkpt><trkpt lat="28.722007" lon="-113.939892"></trkpt><trkpt lat="28.720943" lon="-113.940312"></trkpt><trkpt lat="28.719183" lon="-113.941012"></trkpt><trkpt lat="28.717709" lon="-113.942132"></trkpt><trkpt lat="28.716808" lon="-113.943579"></trkpt><trkpt lat="28.715212" lon="-113.945166"></trkpt><trkpt lat="28.714066" lon="-113.949133"></trkpt><trkpt lat="28.712756" lon="-113.949320"></trkpt><trkpt lat="28.709726" lon="-113.951000"></trkpt><trkpt lat="28.705960" lon="-113.952961"></trkpt><trkpt lat="28.702890" lon="-113.955528"></trkpt><trkpt lat="28.700761" lon="-113.958702"></trkpt><trkpt lat="28.699164" lon="-113.960942"></trkpt><trkpt lat="28.698550" lon="-113.962296"></trkpt><trkpt lat="28.697731" lon="-113.962949"></trkpt><trkpt lat="28.697280" lon="-113.963463"></trkpt><trkpt lat="28.696216" lon="-113.963930"></trkpt><trkpt lat="28.695151" lon="-113.965283"></trkpt><trkpt lat="28.694578" lon="-113.966030"></trkpt><trkpt lat="28.694701" lon="-113.966637"></trkpt><trkpt lat="28.695110" lon="-113.967057"></trkpt><trkpt lat="28.695561" lon="-113.967850"></trkpt><trkpt lat="28.695602" lon="-113.968457"></trkpt><trkpt lat="28.695520" lon="-113.969391"></trkpt><trkpt lat="28.695888" lon="-113.970044"></trkpt><trkpt lat="28.695602" lon="-113.970838"></trkpt><trkpt lat="28.694906" lon="-113.971725"></trkpt><trkpt lat="28.693063" lon="-113.972285"></trkpt><trkpt lat="28.690811" lon="-113.972752"></trkpt><trkpt lat="28.688354" lon="-113.974572"></trkpt><trkpt lat="28.687699" lon="-113.975926"></trkpt><trkpt lat="28.686635" lon="-113.976906"></trkpt><trkpt lat="28.683441" lon="-113.980220"></trkpt><trkpt lat="28.681926" lon="-113.982134"></trkpt><trkpt lat="28.680329" lon="-113.982694"></trkpt><trkpt lat="28.678936" lon="-113.983394"></trkpt><trkpt lat="28.678036" lon="-113.984934"></trkpt><trkpt lat="28.676643" lon="-113.986848"></trkpt><trkpt lat="28.675046" lon="-113.988248"></trkpt><trkpt lat="28.673449" lon="-113.988995"></trkpt><trkpt lat="28.663087" lon="-113.992262"></trkpt><trkpt lat="28.662187" lon="-113.992402"></trkpt><trkpt lat="28.661244" lon="-113.992169"></trkpt><trkpt lat="28.659893" lon="-113.991002"></trkpt><trkpt lat="28.659319" lon="-113.990068"></trkpt><trkpt lat="28.659033" lon="-113.989088"></trkpt><trkpt lat="28.658132" lon="-113.988248"></trkpt><trkpt lat="28.657190" lon="-113.987174"></trkpt><trkpt lat="28.656084" lon="-113.986241"></trkpt><trkpt lat="28.654773" lon="-113.985587"></trkpt><trkpt lat="28.653585" lon="-113.985354"></trkpt><trkpt lat="28.652029" lon="-113.985401"></trkpt><trkpt lat="28.651373" lon="-113.985587"></trkpt><trkpt lat="28.650636" lon="-113.986334"></trkpt><trkpt lat="28.649899" lon="-113.987595"></trkpt><trkpt lat="28.649448" lon="-113.988201"></trkpt><trkpt lat="28.648424" lon="-113.988481"></trkpt><trkpt lat="28.647195" lon="-113.989555"></trkpt><trkpt lat="28.646663" lon="-113.989602"></trkpt><trkpt lat="28.645147" lon="-113.989322"></trkpt><trkpt lat="28.644778" lon="-113.989555"></trkpt><trkpt lat="28.644410" lon="-113.990022"></trkpt><trkpt lat="28.644328" lon="-113.991422"></trkpt><trkpt lat="28.644287" lon="-113.994783"></trkpt><trkpt lat="28.643959" lon="-114.000104"></trkpt><trkpt lat="28.644000" lon="-114.002624"></trkpt><trkpt lat="28.644615" lon="-114.007292"></trkpt><trkpt lat="28.644738" lon="-114.009579"></trkpt><trkpt lat="28.644533" lon="-114.010466"></trkpt><trkpt lat="28.643713" lon="-114.011493"></trkpt><trkpt lat="28.632250" lon="-114.019629"></trkpt><trkpt lat="28.632229" lon="-114.020736"></trkpt></trkseg></trk><trk><name>T018 BAC44CF</name><trkseg><trkpt lat="28.986718" lon="-113.742955"></trkpt><trkpt lat="28.985558" lon="-113.752955"></trkpt><trkpt lat="28.984495" lon="-113.756490"></trkpt><trkpt lat="28.982610" lon="-113.760910"></trkpt><trkpt lat="28.980677" lon="-113.763783"></trkpt><trkpt lat="28.977391" lon="-113.769197"></trkpt><trkpt lat="28.973814" lon="-113.773340"></trkpt><trkpt lat="28.971765" lon="-113.771770"></trkpt><trkpt lat="28.969426" lon="-113.767927"></trkpt><trkpt lat="28.967745" lon="-113.766757"></trkpt><trkpt lat="28.966064" lon="-113.763665"></trkpt><trkpt lat="28.964821" lon="-113.762329"></trkpt><trkpt lat="28.959630" lon="-113.761577"></trkpt><trkpt lat="28.950712" lon="-113.757817"></trkpt><trkpt lat="28.949322" lon="-113.757817"></trkpt><trkpt lat="28.945959" lon="-113.756146"></trkpt><trkpt lat="28.944205" lon="-113.754475"></trkpt><trkpt lat="28.938721" lon="-113.751968"></trkpt><trkpt lat="28.935723" lon="-113.751634"></trkpt><trkpt lat="28.932433" lon="-113.751133"></trkpt><trkpt lat="28.929361" lon="-113.748209"></trkpt><trkpt lat="28.926509" lon="-113.746621"></trkpt><trkpt lat="28.923219" lon="-113.745953"></trkpt><trkpt lat="28.922341" lon="-113.740940"></trkpt><trkpt lat="28.921975" lon="-113.733504"></trkpt><trkpt lat="28.921157" lon="-113.730917"></trkpt><trkpt lat="28.920280" lon="-113.728769"></trkpt><trkpt lat="28.919833" lon="-113.727713"></trkpt><trkpt lat="28.919195" lon="-113.727048"></trkpt><trkpt lat="28.918539" lon="-113.726855"></trkpt><trkpt lat="28.918032" lon="-113.726148"></trkpt><trkpt lat="28.916400" lon="-113.725034"></trkpt><trkpt lat="28.915706" lon="-113.724112"></trkpt><trkpt lat="28.914956" lon="-113.723427"></trkpt><trkpt lat="28.914337" lon="-113.722248"></trkpt><trkpt lat="28.913680" lon="-113.721605"></trkpt><trkpt lat="28.913103" lon="-113.721373"></trkpt></trkseg></trk><trk><name>T019 BAC44CF</name><trkseg><trkpt lat="27.854134" lon="-113.770733"></trkpt><trkpt lat="27.855249" lon="-113.765950"></trkpt><trkpt lat="27.889544" lon="-113.691620"></trkpt><trkpt lat="27.911238" lon="-113.643555"></trkpt><trkpt lat="27.932018" lon="-113.598751"></trkpt><trkpt lat="27.960527" lon="-113.536782"></trkpt><trkpt lat="27.984936" lon="-113.483738"></trkpt><trkpt lat="27.996001" lon="-113.453183"></trkpt><trkpt lat="27.997214" lon="-113.447518"></trkpt><trkpt lat="28.002519" lon="-113.442883"></trkpt><trkpt lat="28.003428" lon="-113.441510"></trkpt><trkpt lat="28.006308" lon="-113.439621"></trkpt><trkpt lat="28.007823" lon="-113.436703"></trkpt><trkpt lat="28.012825" lon="-113.432583"></trkpt><trkpt lat="28.015704" lon="-113.424858"></trkpt><trkpt lat="28.015704" lon="-113.419194"></trkpt><trkpt lat="28.024948" lon="-113.404431"></trkpt><trkpt lat="28.034646" lon="-113.400311"></trkpt><trkpt lat="28.044645" lon="-113.395333"></trkpt><trkpt lat="28.054190" lon="-113.397221"></trkpt><trkpt lat="28.057220" lon="-113.393273"></trkpt><trkpt lat="28.060552" lon="-113.387436"></trkpt><trkpt lat="28.062219" lon="-113.384518"></trkpt><trkpt lat="28.064945" lon="-113.381943"></trkpt><trkpt lat="28.066157" lon="-113.376965"></trkpt><trkpt lat="28.067520" lon="-113.376622"></trkpt><trkpt lat="28.068732" lon="-113.374390"></trkpt><trkpt lat="28.071307" lon="-113.374218"></trkpt><trkpt lat="28.072973" lon="-113.369927"></trkpt><trkpt lat="28.072367" lon="-113.364777"></trkpt><trkpt lat="28.074639" lon="-113.362717"></trkpt><trkpt lat="28.077517" lon="-113.362545"></trkpt><trkpt lat="28.078274" lon="-113.361344"></trkpt><trkpt lat="28.081606" lon="-113.359799"></trkpt><trkpt lat="28.085090" lon="-113.357567"></trkpt><trkpt lat="28.087816" lon="-113.356881"></trkpt><trkpt lat="28.094631" lon="-113.349499"></trkpt><trkpt lat="28.132634" lon="-113.296971"></trkpt><trkpt lat="28.134148" lon="-113.296112"></trkpt><trkpt lat="28.133845" lon="-113.294911"></trkpt><trkpt lat="28.134602" lon="-113.293023"></trkpt><trkpt lat="28.135510" lon="-113.291821"></trkpt><trkpt lat="28.156398" lon="-113.253197"></trkpt><trkpt lat="28.162603" lon="-113.235344"></trkpt><trkpt lat="28.165630" lon="-113.227105"></trkpt><trkpt lat="28.170775" lon="-113.220410"></trkpt><trkpt lat="28.173745" lon="-113.218672"></trkpt></trkseg></trk><trk><name>T020 BAC44CF</name><trkseg><trkpt lat="23.535219" lon="-109.673512"></trkpt><trkpt lat="23.538813" lon="-109.670501"></trkpt><trkpt lat="23.545101" lon="-109.661343"></trkpt><trkpt lat="23.553029" lon="-109.659839"></trkpt><trkpt lat="23.555729" lon="-109.655841"></trkpt><trkpt lat="23.558360" lon="-109.644837"></trkpt><trkpt lat="23.564067" lon="-109.627648"></trkpt><trkpt lat="23.565776" lon="-109.625700"></trkpt><trkpt lat="23.574524" lon="-109.618011"></trkpt><trkpt lat="23.579923" lon="-109.613842"></trkpt><trkpt lat="23.580299" lon="-109.613364"></trkpt><trkpt lat="23.581871" lon="-109.606631"></trkpt><trkpt lat="23.582282" lon="-109.606187"></trkpt><trkpt lat="23.583409" lon="-109.605845"></trkpt><trkpt lat="23.583888" lon="-109.605401"></trkpt><trkpt lat="23.584093" lon="-109.604308"></trkpt><trkpt lat="23.584469" lon="-109.603624"></trkpt><trkpt lat="23.587749" lon="-109.602291"></trkpt><trkpt lat="23.588228" lon="-109.601574"></trkpt><trkpt lat="23.588364" lon="-109.596892"></trkpt><trkpt lat="23.588535" lon="-109.595696"></trkpt><trkpt lat="23.590346" lon="-109.593509"></trkpt><trkpt lat="23.590449" lon="-109.592860"></trkpt><trkpt lat="23.589800" lon="-109.590194"></trkpt><trkpt lat="23.588535" lon="-109.579156"></trkpt><trkpt lat="23.588399" lon="-109.577789"></trkpt><trkpt lat="23.588023" lon="-109.576935"></trkpt><trkpt lat="23.582008" lon="-109.571535"></trkpt><trkpt lat="23.580778" lon="-109.569519"></trkpt><trkpt lat="23.578146" lon="-109.563573"></trkpt><trkpt lat="23.576950" lon="-109.561522"></trkpt><trkpt lat="23.576233" lon="-109.561215"></trkpt><trkpt lat="23.570355" lon="-109.560771"></trkpt><trkpt lat="23.568817" lon="-109.560156"></trkpt><trkpt lat="23.558053" lon="-109.553423"></trkpt><trkpt lat="23.557369" lon="-109.552535"></trkpt><trkpt lat="23.548177" lon="-109.536268"></trkpt><trkpt lat="23.548279" lon="-109.534560"></trkpt><trkpt lat="23.549783" lon="-109.531689"></trkpt><trkpt lat="23.549338" lon="-109.530596"></trkpt><trkpt lat="23.544007" lon="-109.528545"></trkpt><trkpt lat="23.542845" lon="-109.527964"></trkpt><trkpt lat="23.527331" lon="-109.514056"></trkpt></trkseg></trk><trk><name>T021 BAC44CF</name><trkseg><trkpt lat="26.241826" lon="-111.779657"></trkpt><trkpt lat="26.238285" lon="-111.784292"></trkpt><trkpt lat="26.236591" lon="-111.787038"></trkpt><trkpt lat="26.235513" lon="-111.786523"></trkpt><trkpt lat="26.234436" lon="-111.787382"></trkpt><trkpt lat="26.234590" lon="-111.786008"></trkpt><trkpt lat="26.233666" lon="-111.784807"></trkpt><trkpt lat="26.232280" lon="-111.784120"></trkpt><trkpt lat="26.233050" lon="-111.787210"></trkpt><trkpt lat="26.229200" lon="-111.790472"></trkpt><trkpt lat="26.224273" lon="-111.789442"></trkpt><trkpt lat="26.222887" lon="-111.793562"></trkpt><trkpt lat="26.221501" lon="-111.794763"></trkpt><trkpt lat="26.219807" lon="-111.793390"></trkpt><trkpt lat="26.217343" lon="-111.793047"></trkpt><trkpt lat="26.213493" lon="-111.794420"></trkpt><trkpt lat="26.208564" lon="-111.794077"></trkpt><trkpt lat="26.207024" lon="-111.792360"></trkpt><trkpt lat="26.205638" lon="-111.792017"></trkpt><trkpt lat="26.206408" lon="-111.789613"></trkpt><trkpt lat="26.201787" lon="-111.788583"></trkpt><trkpt lat="26.200401" lon="-111.788927"></trkpt><trkpt lat="26.198399" lon="-111.791502"></trkpt><trkpt lat="26.185922" lon="-111.788412"></trkpt><trkpt lat="26.184998" lon="-111.789270"></trkpt><trkpt lat="26.184228" lon="-111.788755"></trkpt><trkpt lat="26.179606" lon="-111.785665"></trkpt><trkpt lat="26.176679" lon="-111.781202"></trkpt><trkpt lat="26.165895" lon="-111.777597"></trkpt><trkpt lat="26.165124" lon="-111.775880"></trkpt><trkpt lat="26.164354" lon="-111.776910"></trkpt><trkpt lat="26.156650" lon="-111.778284"></trkpt><trkpt lat="26.154647" lon="-111.780687"></trkpt><trkpt lat="26.150179" lon="-111.783262"></trkpt><trkpt lat="26.141857" lon="-111.790815"></trkpt><trkpt lat="26.137080" lon="-111.793733"></trkpt><trkpt lat="26.132149" lon="-111.792703"></trkpt><trkpt lat="26.124905" lon="-111.795793"></trkpt><trkpt lat="26.123980" lon="-111.797338"></trkpt><trkpt lat="26.116428" lon="-111.800600"></trkpt><trkpt lat="26.112575" lon="-111.804376"></trkpt><trkpt lat="26.112420" lon="-111.807466"></trkpt><trkpt lat="26.107796" lon="-111.813646"></trkpt><trkpt lat="26.102863" lon="-111.811929"></trkpt><trkpt lat="26.094385" lon="-111.818109"></trkpt><trkpt lat="26.088064" lon="-111.817594"></trkpt><trkpt lat="26.086522" lon="-111.818796"></trkpt><trkpt lat="26.086522" lon="-111.818109"></trkpt><trkpt lat="26.082822" lon="-111.815363"></trkpt><trkpt lat="26.082205" lon="-111.819139"></trkpt><trkpt lat="26.078659" lon="-111.818624"></trkpt><trkpt lat="26.077734" lon="-111.820169"></trkpt><trkpt lat="26.072800" lon="-111.821542"></trkpt><trkpt lat="26.071258" lon="-111.825662"></trkpt><trkpt lat="26.066786" lon="-111.827035"></trkpt><trkpt lat="26.063702" lon="-111.827722"></trkpt><trkpt lat="26.062160" lon="-111.829267"></trkpt><trkpt lat="26.062314" lon="-111.831327"></trkpt><trkpt lat="26.059847" lon="-111.830640"></trkpt><trkpt lat="26.055991" lon="-111.830984"></trkpt><trkpt lat="26.059384" lon="-111.832529"></trkpt><trkpt lat="26.054295" lon="-111.838880"></trkpt><trkpt lat="26.054758" lon="-111.842828"></trkpt><trkpt lat="26.054758" lon="-111.845232"></trkpt><trkpt lat="26.056917" lon="-111.848150"></trkpt><trkpt lat="26.054603" lon="-111.851755"></trkpt><trkpt lat="26.055374" lon="-111.860338"></trkpt><trkpt lat="26.057996" lon="-111.862913"></trkpt><trkpt lat="26.060309" lon="-111.863084"></trkpt><trkpt lat="26.061080" lon="-111.864114"></trkpt><trkpt lat="26.072954" lon="-111.867548"></trkpt><trkpt lat="26.091455" lon="-111.879049"></trkpt><trkpt lat="26.101322" lon="-111.882139"></trkpt><trkpt lat="26.103171" lon="-111.886774"></trkpt><trkpt lat="26.109029" lon="-111.889692"></trkpt><trkpt lat="26.127987" lon="-111.905313"></trkpt><trkpt lat="26.128912" lon="-111.907888"></trkpt><trkpt lat="26.134306" lon="-111.916128"></trkpt><trkpt lat="26.135077" lon="-111.919561"></trkpt><trkpt lat="26.134152" lon="-111.920076"></trkpt><trkpt lat="26.135385" lon="-111.925054"></trkpt><trkpt lat="26.139392" lon="-111.927114"></trkpt><trkpt lat="26.146018" lon="-111.933466"></trkpt><trkpt lat="26.147097" lon="-111.936041"></trkpt><trkpt lat="26.149408" lon="-111.936041"></trkpt><trkpt lat="26.152336" lon="-111.939474"></trkpt><trkpt lat="26.153723" lon="-111.939989"></trkpt><trkpt lat="26.153723" lon="-111.940847"></trkpt><trkpt lat="26.156804" lon="-111.943594"></trkpt><trkpt lat="26.157113" lon="-111.946340"></trkpt><trkpt lat="26.165278" lon="-111.947027"></trkpt><trkpt lat="26.164200" lon="-111.950460"></trkpt><trkpt lat="26.169130" lon="-111.954237"></trkpt><trkpt lat="26.174830" lon="-111.958013"></trkpt><trkpt lat="26.176371" lon="-111.959386"></trkpt><trkpt lat="26.178990" lon="-111.959730"></trkpt><trkpt lat="26.191005" lon="-111.967455"></trkpt><trkpt lat="26.193162" lon="-111.967111"></trkpt><trkpt lat="26.196551" lon="-111.971059"></trkpt><trkpt lat="26.198399" lon="-111.969686"></trkpt><trkpt lat="26.198707" lon="-111.971231"></trkpt><trkpt lat="26.207948" lon="-111.979814"></trkpt><trkpt lat="26.211337" lon="-111.993547"></trkpt><trkpt lat="26.220115" lon="-112.004705"></trkpt><trkpt lat="26.218575" lon="-112.005220"></trkpt><trkpt lat="26.221151" lon="-112.010709"></trkpt></trkseg></trk><trk><name>T022 BAC44CF</name><trkseg><trkpt lat="30.538986" lon="-114.694809"></trkpt><trkpt lat="30.574906" lon="-114.676957"></trkpt><trkpt lat="30.602392" lon="-114.694981"></trkpt><trkpt lat="30.617019" lon="-114.698414"></trkpt><trkpt lat="30.619825" lon="-114.700646"></trkpt><trkpt lat="30.632972" lon="-114.704079"></trkpt><trkpt lat="30.636369" lon="-114.706482"></trkpt><trkpt lat="30.661623" lon="-114.703736"></trkpt><trkpt lat="30.668710" lon="-114.701161"></trkpt><trkpt lat="30.701336" lon="-114.712491"></trkpt><trkpt lat="30.705911" lon="-114.715237"></trkpt><trkpt lat="30.711520" lon="-114.714035"></trkpt><trkpt lat="30.730261" lon="-114.714379"></trkpt><trkpt lat="30.736901" lon="-114.718499"></trkpt><trkpt lat="30.755785" lon="-114.723648"></trkpt><trkpt lat="30.781450" lon="-114.737381"></trkpt><trkpt lat="30.819197" lon="-114.742703"></trkpt><trkpt lat="30.871959" lon="-114.744591"></trkpt><trkpt lat="30.882125" lon="-114.731201"></trkpt><trkpt lat="30.887871" lon="-114.722618"></trkpt><trkpt lat="30.902454" lon="-114.727082"></trkpt><trkpt lat="30.904221" lon="-114.726223"></trkpt><trkpt lat="30.912322" lon="-114.718327"></trkpt><trkpt lat="30.915415" lon="-114.718842"></trkpt><trkpt lat="30.924692" lon="-114.724335"></trkpt><trkpt lat="30.929846" lon="-114.727082"></trkpt><trkpt lat="30.933969" lon="-114.736008"></trkpt><trkpt lat="30.939564" lon="-114.740815"></trkpt><trkpt lat="30.943245" lon="-114.746136"></trkpt><trkpt lat="30.950901" lon="-114.763474"></trkpt><trkpt lat="30.953551" lon="-114.778237"></trkpt><trkpt lat="30.956642" lon="-114.789566"></trkpt></trkseg></trk><trk><name>T023 BAC44CF</name><trkseg><trkpt lat="27.440387" lon="-113.271028"></trkpt><trkpt lat="27.443438" lon="-113.261350"></trkpt><trkpt lat="27.454033" lon="-113.229149"></trkpt><trkpt lat="27.454996" lon="-113.227159"></trkpt><trkpt lat="27.474739" lon="-113.201381"></trkpt><trkpt lat="27.485091" lon="-113.190617"></trkpt><trkpt lat="27.486134" lon="-113.189261"></trkpt><trkpt lat="27.491109" lon="-113.181753"></trkpt><trkpt lat="27.492473" lon="-113.178859"></trkpt><trkpt lat="27.491992" lon="-113.173974"></trkpt><trkpt lat="27.494639" lon="-113.168638"></trkpt><trkpt lat="27.497528" lon="-113.162306"></trkpt><trkpt lat="27.498410" lon="-113.160045"></trkpt><trkpt lat="27.501379" lon="-113.158236"></trkpt><trkpt lat="27.504347" lon="-113.152356"></trkpt><trkpt lat="27.504427" lon="-113.150728"></trkpt><trkpt lat="27.505746" lon="-113.148156"></trkpt><trkpt lat="27.506825" lon="-113.146651"></trkpt><trkpt lat="27.509084" lon="-113.145782"></trkpt><trkpt lat="27.509905" lon="-113.144509"></trkpt><trkpt lat="27.509751" lon="-113.143583"></trkpt><trkpt lat="27.508724" lon="-113.143525"></trkpt><trkpt lat="27.508262" lon="-113.143178"></trkpt><trkpt lat="27.510213" lon="-113.138720"></trkpt><trkpt lat="27.519455" lon="-113.124653"></trkpt><trkpt lat="27.522176" lon="-113.115854"></trkpt><trkpt lat="27.524742" lon="-113.114118"></trkpt><trkpt lat="27.526385" lon="-113.112207"></trkpt><trkpt lat="27.529106" lon="-113.110123"></trkpt><trkpt lat="27.530800" lon="-113.108850"></trkpt><trkpt lat="27.531416" lon="-113.107634"></trkpt><trkpt lat="27.537165" lon="-113.105145"></trkpt><trkpt lat="27.538089" lon="-113.103640"></trkpt><trkpt lat="27.540194" lon="-113.102250"></trkpt><trkpt lat="27.541015" lon="-113.101382"></trkpt><trkpt lat="27.540810" lon="-113.100745"></trkpt><trkpt lat="27.542298" lon="-113.098719"></trkpt><trkpt lat="27.542298" lon="-113.097677"></trkpt><trkpt lat="27.543684" lon="-113.094956"></trkpt><trkpt lat="27.544608" lon="-113.092467"></trkpt><trkpt lat="27.549073" lon="-113.089168"></trkpt><trkpt lat="27.550921" lon="-113.082105"></trkpt><trkpt lat="27.555848" lon="-113.078053"></trkpt><trkpt lat="27.557182" lon="-113.079153"></trkpt><trkpt lat="27.562417" lon="-113.077416"></trkpt><trkpt lat="27.563546" lon="-113.077590"></trkpt><trkpt lat="27.564829" lon="-113.075332"></trkpt><trkpt lat="27.565752" lon="-113.073885"></trkpt><trkpt lat="27.566933" lon="-113.073653"></trkpt><trkpt lat="27.570063" lon="-113.076837"></trkpt><trkpt lat="27.572013" lon="-113.075795"></trkpt><trkpt lat="27.573860" lon="-113.075506"></trkpt><trkpt lat="27.574784" lon="-113.073132"></trkpt><trkpt lat="27.578170" lon="-113.072785"></trkpt><trkpt lat="27.579453" lon="-113.071917"></trkpt><trkpt lat="27.584584" lon="-113.066359"></trkpt><trkpt lat="27.586739" lon="-113.057387"></trkpt><trkpt lat="27.588073" lon="-113.049803"></trkpt><trkpt lat="27.590125" lon="-113.044478"></trkpt><trkpt lat="27.590484" lon="-113.043493"></trkpt><trkpt lat="27.590177" lon="-113.042567"></trkpt><trkpt lat="27.590279" lon="-113.038978"></trkpt><trkpt lat="27.590998" lon="-113.036547"></trkpt><trkpt lat="27.591203" lon="-113.034868"></trkpt><trkpt lat="27.590177" lon="-113.033074"></trkpt><trkpt lat="27.588894" lon="-113.032610"></trkpt><trkpt lat="27.587560" lon="-113.032437"></trkpt><trkpt lat="27.586842" lon="-113.031395"></trkpt><trkpt lat="27.586893" lon="-113.030874"></trkpt><trkpt lat="27.587868" lon="-113.030295"></trkpt><trkpt lat="27.586996" lon="-113.028500"></trkpt><trkpt lat="27.588381" lon="-113.028790"></trkpt><trkpt lat="27.589099" lon="-113.029600"></trkpt><trkpt lat="27.590946" lon="-113.029542"></trkpt><trkpt lat="27.591870" lon="-113.028790"></trkpt><trkpt lat="27.591357" lon="-113.027979"></trkpt><trkpt lat="27.593563" lon="-113.026879"></trkpt><trkpt lat="27.594486" lon="-113.025606"></trkpt><trkpt lat="27.594589" lon="-113.024101"></trkpt><trkpt lat="27.593717" lon="-113.023638"></trkpt><trkpt lat="27.592024" lon="-113.024332"></trkpt><trkpt lat="27.591511" lon="-113.024217"></trkpt><trkpt lat="27.591921" lon="-113.023348"></trkpt><trkpt lat="27.592434" lon="-113.022422"></trkpt><trkpt lat="27.593255" lon="-113.022017"></trkpt><trkpt lat="27.593204" lon="-113.020570"></trkpt><trkpt lat="27.592793" lon="-113.019991"></trkpt><trkpt lat="27.591728" lon="-113.019729"></trkpt><trkpt lat="27.590639" lon="-113.019883"></trkpt><trkpt lat="27.590911" lon="-113.018884"></trkpt><trkpt lat="27.590366" lon="-113.018039"></trkpt><trkpt lat="27.590699" lon="-113.017481"></trkpt><trkpt lat="27.592303" lon="-113.018267"></trkpt><trkpt lat="27.592791" lon="-113.017874"></trkpt><trkpt lat="27.592895" lon="-113.017087"></trkpt><trkpt lat="27.593767" lon="-113.016458"></trkpt><trkpt lat="27.593488" lon="-113.014924"></trkpt><trkpt lat="27.593453" lon="-113.013114"></trkpt><trkpt lat="27.596137" lon="-113.012131"></trkpt><trkpt lat="27.597845" lon="-113.014963"></trkpt><trkpt lat="27.598508" lon="-113.014806"></trkpt><trkpt lat="27.601819" lon="-113.016418"></trkpt><trkpt lat="27.602969" lon="-113.018739"></trkpt><trkpt lat="27.604782" lon="-113.019211"></trkpt><trkpt lat="27.605479" lon="-113.019959"></trkpt><trkpt lat="27.605549" lon="-113.021296"></trkpt><trkpt lat="27.607779" lon="-113.022515"></trkpt><trkpt lat="27.610324" lon="-113.024561"></trkpt><trkpt lat="27.610916" lon="-113.025347"></trkpt><trkpt lat="27.610777" lon="-113.027235"></trkpt><trkpt lat="27.611683" lon="-113.027904"></trkpt><trkpt lat="27.611683" lon="-113.028494"></trkpt><trkpt lat="27.612102" lon="-113.029320"></trkpt><trkpt lat="27.611753" lon="-113.031444"></trkpt><trkpt lat="27.610882" lon="-113.031051"></trkpt><trkpt lat="27.610184" lon="-113.031444"></trkpt><trkpt lat="27.610359" lon="-113.031916"></trkpt><trkpt lat="27.611230" lon="-113.032191"></trkpt><trkpt lat="27.614506" lon="-113.031129"></trkpt><trkpt lat="27.614721" lon="-113.031207"></trkpt></trkseg></trk><trk><name>T024 BAC44CF</name><trkseg><trkpt lat="24.172888" lon="-110.306291"></trkpt><trkpt lat="24.173138" lon="-110.306110"></trkpt><trkpt lat="24.173344" lon="-110.305949"></trkpt><trkpt lat="24.173490" lon="-110.305767"></trkpt><trkpt lat="24.173774" lon="-110.305370"></trkpt><trkpt lat="24.174048" lon="-110.304994"></trkpt><trkpt lat="24.174332" lon="-110.304737"></trkpt><trkpt lat="24.174685" lon="-110.304490"></trkpt><trkpt lat="24.175037" lon="-110.304318"></trkpt><trkpt lat="24.175497" lon="-110.304200"></trkpt><trkpt lat="24.176290" lon="-110.304093"></trkpt><trkpt lat="24.176652" lon="-110.304007"></trkpt><trkpt lat="24.177034" lon="-110.303835"></trkpt><trkpt lat="24.178492" lon="-110.302913"></trkpt><trkpt lat="24.179011" lon="-110.302634"></trkpt><trkpt lat="24.179588" lon="-110.302419"></trkpt><trkpt lat="24.180675" lon="-110.302087"></trkpt><trkpt lat="24.183983" lon="-110.301067"></trkpt><trkpt lat="24.184629" lon="-110.300939"></trkpt><trkpt lat="24.185509" lon="-110.300810"></trkpt><trkpt lat="24.185852" lon="-110.300831"></trkpt><trkpt lat="24.186127" lon="-110.300898"></trkpt><trkpt lat="24.186420" lon="-110.300949"></trkpt><trkpt lat="24.186929" lon="-110.300939"></trkpt><trkpt lat="24.187300" lon="-110.300960"></trkpt><trkpt lat="24.187555" lon="-110.301089"></trkpt><trkpt lat="24.187868" lon="-110.301314"></trkpt><trkpt lat="24.188103" lon="-110.301464"></trkpt><trkpt lat="24.188309" lon="-110.301507"></trkpt><trkpt lat="24.188661" lon="-110.301496"></trkpt><trkpt lat="24.188964" lon="-110.301593"></trkpt><trkpt lat="24.189532" lon="-110.301829"></trkpt><trkpt lat="24.189865" lon="-110.301818"></trkpt><trkpt lat="24.190158" lon="-110.301754"></trkpt><trkpt lat="24.190501" lon="-110.301625"></trkpt><trkpt lat="24.190716" lon="-110.301572"></trkpt><trkpt lat="24.191411" lon="-110.301572"></trkpt><trkpt lat="24.191656" lon="-110.301529"></trkpt><trkpt lat="24.191890" lon="-110.301454"></trkpt><trkpt lat="24.192214" lon="-110.301368"></trkpt><trkpt lat="24.192889" lon="-110.301368"></trkpt><trkpt lat="24.193133" lon="-110.301336"></trkpt><trkpt lat="24.193310" lon="-110.301282"></trkpt><trkpt lat="24.193721" lon="-110.301024"></trkpt><trkpt lat="24.193877" lon="-110.300896"></trkpt><trkpt lat="24.194337" lon="-110.300413"></trkpt><trkpt lat="24.194660" lon="-110.300155"></trkpt><trkpt lat="24.195932" lon="-110.299340"></trkpt><trkpt lat="24.196148" lon="-110.299222"></trkpt><trkpt lat="24.196422" lon="-110.299147"></trkpt><trkpt lat="24.196627" lon="-110.299158"></trkpt><trkpt lat="24.196823" lon="-110.299211"></trkpt><trkpt lat="24.197518" lon="-110.299726"></trkpt><trkpt lat="24.197938" lon="-110.299941"></trkpt><trkpt lat="24.198252" lon="-110.299973"></trkpt><trkpt lat="24.198633" lon="-110.299909"></trkpt><trkpt lat="24.199093" lon="-110.299737"></trkpt><trkpt lat="24.201432" lon="-110.298439"></trkpt><trkpt lat="24.201726" lon="-110.298310"></trkpt><trkpt lat="24.202117" lon="-110.298214"></trkpt><trkpt lat="24.202803" lon="-110.298134"></trkpt><trkpt lat="24.203233" lon="-110.298085"></trkpt><trkpt lat="24.203702" lon="-110.298106"></trkpt><trkpt lat="24.204074" lon="-110.298171"></trkpt><trkpt lat="24.205327" lon="-110.298482"></trkpt><trkpt lat="24.205738" lon="-110.298546"></trkpt><trkpt lat="24.205987" lon="-110.298535"></trkpt><trkpt lat="24.207122" lon="-110.298323"></trkpt><trkpt lat="24.207969" lon="-110.298074"></trkpt><trkpt lat="24.208977" lon="-110.297698"></trkpt><trkpt lat="24.210053" lon="-110.297205"></trkpt><trkpt lat="24.210728" lon="-110.296851"></trkpt><trkpt lat="24.211687" lon="-110.296282"></trkpt><trkpt lat="24.212020" lon="-110.296025"></trkpt><trkpt lat="24.212421" lon="-110.295596"></trkpt><trkpt lat="24.212764" lon="-110.295199"></trkpt><trkpt lat="24.212989" lon="-110.295038"></trkpt><trkpt lat="24.213243" lon="-110.294909"></trkpt><trkpt lat="24.213488" lon="-110.294834"></trkpt><trkpt lat="24.213772" lon="-110.294834"></trkpt><trkpt lat="24.214065" lon="-110.294930"></trkpt><trkpt lat="24.214329" lon="-110.295102"></trkpt><trkpt lat="24.214535" lon="-110.295360"></trkpt><trkpt lat="24.215386" lon="-110.297613"></trkpt><trkpt lat="24.215552" lon="-110.297913"></trkpt><trkpt lat="24.215797" lon="-110.298128"></trkpt><trkpt lat="24.218429" lon="-110.299297"></trkpt><trkpt lat="24.218732" lon="-110.299533"></trkpt><trkpt lat="24.219006" lon="-110.299769"></trkpt><trkpt lat="24.219202" lon="-110.300102"></trkpt><trkpt lat="24.219359" lon="-110.300466"></trkpt><trkpt lat="24.219427" lon="-110.300831"></trkpt><trkpt lat="24.219564" lon="-110.303814"></trkpt><trkpt lat="24.219554" lon="-110.304222"></trkpt><trkpt lat="24.219496" lon="-110.304576"></trkpt><trkpt lat="24.219310" lon="-110.305091"></trkpt><trkpt lat="24.219231" lon="-110.305413"></trkpt><trkpt lat="24.219192" lon="-110.305831"></trkpt><trkpt lat="24.219282" lon="-110.308210"></trkpt><trkpt lat="24.219467" lon="-110.309212"></trkpt><trkpt lat="24.219917" lon="-110.310212"></trkpt><trkpt lat="24.220210" lon="-110.311539"></trkpt><trkpt lat="24.220317" lon="-110.311775"></trkpt><trkpt lat="24.220454" lon="-110.311882"></trkpt><trkpt lat="24.220630" lon="-110.311893"></trkpt><trkpt lat="24.220836" lon="-110.311839"></trkpt><trkpt lat="24.222441" lon="-110.311217"></trkpt><trkpt lat="24.222920" lon="-110.311077"></trkpt><trkpt lat="24.223448" lon="-110.310981"></trkpt><trkpt lat="24.224230" lon="-110.310945"></trkpt><trkpt lat="24.226790" lon="-110.310975"></trkpt><trkpt lat="24.227687" lon="-110.310660"></trkpt><trkpt lat="24.229620" lon="-110.308917"></trkpt><trkpt lat="24.230887" lon="-110.308197"></trkpt><trkpt lat="24.231428" lon="-110.307735"></trkpt><trkpt lat="24.232075" lon="-110.305976"></trkpt><trkpt lat="24.232401" lon="-110.305638"></trkpt><trkpt lat="24.232675" lon="-110.305445"></trkpt><trkpt lat="24.232967" lon="-110.305324"></trkpt><trkpt lat="24.233301" lon="-110.305327"></trkpt><trkpt lat="24.233594" lon="-110.305391"></trkpt><trkpt lat="24.234023" lon="-110.305607"></trkpt><trkpt lat="24.234729" lon="-110.306196"></trkpt><trkpt lat="24.235101" lon="-110.306421"></trkpt><trkpt lat="24.238018" lon="-110.307628"></trkpt><trkpt lat="24.238300" lon="-110.307709"></trkpt><trkpt lat="24.238848" lon="-110.307837"></trkpt><trkpt lat="24.239229" lon="-110.307987"></trkpt><trkpt lat="24.239670" lon="-110.308299"></trkpt><trkpt lat="24.240012" lon="-110.308642"></trkpt><trkpt lat="24.241313" lon="-110.310155"></trkpt><trkpt lat="24.241587" lon="-110.310562"></trkpt><trkpt lat="24.241773" lon="-110.311099"></trkpt><trkpt lat="24.241841" lon="-110.311603"></trkpt><trkpt lat="24.241832" lon="-110.311946"></trkpt><trkpt lat="24.241695" lon="-110.312687"></trkpt><trkpt lat="24.241636" lon="-110.313073"></trkpt><trkpt lat="24.241675" lon="-110.313448"></trkpt><trkpt lat="24.241871" lon="-110.313781"></trkpt><trkpt lat="24.242106" lon="-110.313974"></trkpt><trkpt lat="24.242418" lon="-110.314081"></trkpt><trkpt lat="24.242771" lon="-110.314167"></trkpt><trkpt lat="24.243094" lon="-110.314307"></trkpt><trkpt lat="24.243612" lon="-110.314682"></trkpt><trkpt lat="24.243964" lon="-110.314822"></trkpt><trkpt lat="24.244267" lon="-110.314822"></trkpt><trkpt lat="24.244551" lon="-110.314725"></trkpt><trkpt lat="24.245128" lon="-110.314232"></trkpt><trkpt lat="24.245422" lon="-110.314071"></trkpt><trkpt lat="24.245764" lon="-110.314049"></trkpt><trkpt lat="24.246439" lon="-110.314146"></trkpt><trkpt lat="24.246791" lon="-110.314124"></trkpt><trkpt lat="24.247075" lon="-110.314017"></trkpt><trkpt lat="24.247369" lon="-110.313770"></trkpt><trkpt lat="24.248268" lon="-110.312654"></trkpt><trkpt lat="24.248591" lon="-110.312343"></trkpt><trkpt lat="24.248973" lon="-110.312118"></trkpt><trkpt lat="24.249305" lon="-110.312022"></trkpt><trkpt lat="24.249765" lon="-110.312011"></trkpt><trkpt lat="24.250088" lon="-110.312075"></trkpt><trkpt lat="24.250381" lon="-110.312225"></trkpt><trkpt lat="24.252485" lon="-110.313781"></trkpt><trkpt lat="24.252876" lon="-110.314049"></trkpt><trkpt lat="24.253199" lon="-110.314199"></trkpt><trkpt lat="24.253512" lon="-110.314296"></trkpt><trkpt lat="24.255758" lon="-110.314863"></trkpt><trkpt lat="24.256123" lon="-110.314940"></trkpt><trkpt lat="24.256456" lon="-110.314875"></trkpt><trkpt lat="24.256661" lon="-110.314714"></trkpt><trkpt lat="24.256886" lon="-110.314403"></trkpt><trkpt lat="24.257806" lon="-110.312912"></trkpt><trkpt lat="24.258001" lon="-110.312526"></trkpt><trkpt lat="24.258060" lon="-110.312225"></trkpt><trkpt lat="24.258187" lon="-110.310616"></trkpt><trkpt lat="24.258275" lon="-110.310176"></trkpt><trkpt lat="24.258461" lon="-110.309758"></trkpt><trkpt lat="24.258706" lon="-110.309436"></trkpt><trkpt lat="24.258950" lon="-110.309232"></trkpt><trkpt lat="24.259801" lon="-110.308706"></trkpt><trkpt lat="24.260085" lon="-110.308577"></trkpt><trkpt lat="24.260398" lon="-110.308577"></trkpt><trkpt lat="24.260770" lon="-110.308706"></trkpt><trkpt lat="24.261816" lon="-110.309479"></trkpt><trkpt lat="24.262031" lon="-110.309747"></trkpt><trkpt lat="24.262119" lon="-110.310026"></trkpt><trkpt lat="24.262080" lon="-110.310380"></trkpt><trkpt lat="24.261689" lon="-110.311539"></trkpt><trkpt lat="24.261669" lon="-110.311732"></trkpt><trkpt lat="24.261660" lon="-110.312032"></trkpt><trkpt lat="24.261767" lon="-110.312730"></trkpt><trkpt lat="24.261885" lon="-110.313094"></trkpt><trkpt lat="24.262080" lon="-110.313352"></trkpt><trkpt lat="24.262452" lon="-110.313577"></trkpt><trkpt lat="24.265895" lon="-110.315358"></trkpt><trkpt lat="24.266247" lon="-110.315573"></trkpt><trkpt lat="24.266589" lon="-110.315852"></trkpt><trkpt lat="24.270648" lon="-110.319971"></trkpt><trkpt lat="24.271049" lon="-110.320411"></trkpt><trkpt lat="24.271353" lon="-110.320926"></trkpt><trkpt lat="24.271538" lon="-110.321366"></trkpt><trkpt lat="24.272184" lon="-110.323888"></trkpt><trkpt lat="24.272379" lon="-110.324338"></trkpt><trkpt lat="24.272644" lon="-110.324628"></trkpt><trkpt lat="24.272986" lon="-110.324821"></trkpt><trkpt lat="24.273286" lon="-110.324910"></trkpt><trkpt lat="24.273990" lon="-110.325133"></trkpt><trkpt lat="24.274201" lon="-110.325236"></trkpt><trkpt lat="24.274397" lon="-110.325382"></trkpt><trkpt lat="24.274584" lon="-110.325571"></trkpt><trkpt lat="24.274850" lon="-110.325871"></trkpt><trkpt lat="24.275077" lon="-110.326052"></trkpt><trkpt lat="24.275312" lon="-110.326215"></trkpt><trkpt lat="24.275766" lon="-110.326481"></trkpt><trkpt lat="24.276752" lon="-110.327107"></trkpt><trkpt lat="24.277832" lon="-110.327828"></trkpt><trkpt lat="24.277980" lon="-110.327923"></trkpt><trkpt lat="24.278191" lon="-110.327957"></trkpt><trkpt lat="24.278340" lon="-110.327948"></trkpt><trkpt lat="24.279036" lon="-110.327871"></trkpt><trkpt lat="24.279318" lon="-110.327862"></trkpt><trkpt lat="24.279647" lon="-110.327871"></trkpt><trkpt lat="24.280351" lon="-110.327923"></trkpt><trkpt lat="24.280531" lon="-110.327905"></trkpt><trkpt lat="24.280742" lon="-110.327854"></trkpt><trkpt lat="24.280992" lon="-110.327742"></trkpt><trkpt lat="24.281274" lon="-110.327562"></trkpt><trkpt lat="24.281657" lon="-110.327313"></trkpt><trkpt lat="24.281908" lon="-110.327210"></trkpt><trkpt lat="24.282362" lon="-110.327107"></trkpt><trkpt lat="24.284482" lon="-110.326704"></trkpt><trkpt lat="24.284818" lon="-110.326601"></trkpt><trkpt lat="24.285139" lon="-110.326412"></trkpt><trkpt lat="24.287486" lon="-110.324721"></trkpt><trkpt lat="24.287916" lon="-110.324386"></trkpt><trkpt lat="24.288112" lon="-110.324206"></trkpt><trkpt lat="24.288307" lon="-110.323923"></trkpt><trkpt lat="24.288792" lon="-110.322661"></trkpt><trkpt lat="24.288902" lon="-110.322292"></trkpt><trkpt lat="24.288941" lon="-110.321940"></trkpt><trkpt lat="24.288988" lon="-110.321597"></trkpt><trkpt lat="24.289066" lon="-110.321305"></trkpt><trkpt lat="24.289192" lon="-110.320979"></trkpt><trkpt lat="24.289567" lon="-110.320318"></trkpt><trkpt lat="24.289716" lon="-110.319992"></trkpt><trkpt lat="24.289864" lon="-110.319520"></trkpt><trkpt lat="24.290005" lon="-110.318713"></trkpt><trkpt lat="24.290083" lon="-110.318438"></trkpt><trkpt lat="24.290240" lon="-110.318164"></trkpt><trkpt lat="24.290420" lon="-110.317958"></trkpt><trkpt lat="24.291750" lon="-110.317082"></trkpt><trkpt lat="24.292023" lon="-110.316971"></trkpt><trkpt lat="24.292360" lon="-110.316919"></trkpt><trkpt lat="24.292665" lon="-110.316979"></trkpt><trkpt lat="24.295051" lon="-110.317872"></trkpt><trkpt lat="24.295419" lon="-110.317975"></trkpt><trkpt lat="24.295849" lon="-110.318026"></trkpt><trkpt lat="24.296287" lon="-110.317992"></trkpt><trkpt lat="24.313207" lon="-110.314293"></trkpt><trkpt lat="24.313504" lon="-110.314258"></trkpt><trkpt lat="24.313934" lon="-110.314267"></trkpt><trkpt lat="24.314458" lon="-110.314301"></trkpt><trkpt lat="24.314881" lon="-110.314293"></trkpt><trkpt lat="24.315858" lon="-110.314233"></trkpt><trkpt lat="24.316195" lon="-110.314258"></trkpt><trkpt lat="24.316562" lon="-110.314396"></trkpt><trkpt lat="24.316852" lon="-110.314602"></trkpt><trkpt lat="24.317266" lon="-110.314902"></trkpt><trkpt lat="24.317438" lon="-110.315005"></trkpt><trkpt lat="24.317657" lon="-110.315091"></trkpt><trkpt lat="24.317939" lon="-110.315125"></trkpt><trkpt lat="24.319433" lon="-110.315228"></trkpt><trkpt lat="24.319652" lon="-110.315228"></trkpt><trkpt lat="24.319894" lon="-110.315159"></trkpt><trkpt lat="24.320184" lon="-110.315005"></trkpt><trkpt lat="24.321670" lon="-110.314147"></trkpt><trkpt lat="24.321928" lon="-110.314061"></trkpt><trkpt lat="24.322194" lon="-110.314061"></trkpt><trkpt lat="24.322522" lon="-110.314138"></trkpt><trkpt lat="24.322804" lon="-110.314293"></trkpt><trkpt lat="24.323046" lon="-110.314481"></trkpt><trkpt lat="24.323289" lon="-110.314739"></trkpt><trkpt lat="24.323461" lon="-110.315022"></trkpt><trkpt lat="24.323570" lon="-110.315357"></trkpt><trkpt lat="24.323594" lon="-110.315683"></trkpt><trkpt lat="24.323547" lon="-110.316112"></trkpt><trkpt lat="24.323234" lon="-110.317915"></trkpt><trkpt lat="24.323210" lon="-110.318224"></trkpt><trkpt lat="24.323273" lon="-110.318490"></trkpt><trkpt lat="24.323437" lon="-110.318764"></trkpt><trkpt lat="24.324102" lon="-110.319460"></trkpt><trkpt lat="24.324399" lon="-110.319717"></trkpt><trkpt lat="24.324962" lon="-110.320198"></trkpt><trkpt lat="24.325103" lon="-110.320404"></trkpt><trkpt lat="24.325236" lon="-110.320670"></trkpt></trkseg></trk></gpx>