<?xml version='1.0' encoding='utf-8'?>
<gpx xmlns="http://www.topografix.com/GPX/1/1" xmlns:xsi="http://www.w3.org/2001/XMLSchema-instance" version="1.1" creator="Bob's Motorcycle Trails" xsi:schemaLocation="http://www.topografix.com/GPX/1/1 http://www.topografix.com/GPX/1/1/gpx.xsd"><trk><name>T001 BR5F828</name><trkseg><trkpt lat="36.879919" lon="-93.120026"></trkpt><trkpt lat="36.880028" lon="-93.120423"></trkpt><trkpt lat="36.880180" lon="-93.120763"></trkpt><trkpt lat="36.880349" lon="-93.121316"></trkpt><trkpt lat="36.880541" lon="-93.122986"></trkpt><trkpt lat="36.880409" lon="-93.124148"></trkpt><trkpt lat="36.880256" lon="-93.125031"></trkpt><trkpt lat="36.880394" lon="-93.127176"></trkpt><trkpt lat="36.880350" lon="-93.127463"></trkpt><trkpt lat="36.880160" lon="-93.128075"></trkpt><trkpt lat="36.879923" lon="-93.128452"></trkpt><trkpt lat="36.879859" lon="-93.129302"></trkpt><trkpt lat="36.879816" lon="-93.129446"></trkpt><trkpt lat="36.879481" lon="-93.130191"></trkpt><trkpt lat="36.879000" lon="-93.131142"></trkpt><trkpt lat="36.878898" lon="-93.131293"></trkpt><trkpt lat="36.878791" lon="-93.131347"></trkpt><trkpt lat="36.878834" lon="-93.131505"></trkpt><trkpt lat="36.878788" lon="-93.131589"></trkpt><trkpt lat="36.878653" lon="-93.131561"></trkpt><trkpt lat="36.878596" lon="-93.131675"></trkpt><trkpt lat="36.878580" lon="-93.131798"></trkpt><trkpt lat="36.878413" lon="-93.132016"></trkpt><trkpt lat="36.878388" lon="-93.132203"></trkpt><trkpt lat="36.878238" lon="-93.132130"></trkpt><trkpt lat="36.878166" lon="-93.132160"></trkpt><trkpt lat="36.878038" lon="-93.132362"></trkpt><trkpt lat="36.877993" lon="-93.132379"></trkpt><trkpt lat="36.877865" lon="-93.132328"></trkpt><trkpt lat="36.877815" lon="-93.132337"></trkpt><trkpt lat="36.877730" lon="-93.132461"></trkpt><trkpt lat="36.877386" lon="-93.132470"></trkpt><trkpt lat="36.877279" lon="-93.132583"></trkpt><trkpt lat="36.877045" lon="-93.132650"></trkpt><trkpt lat="36.877022" lon="-93.132817"></trkpt><trkpt lat="36.876983" lon="-93.132821"></trkpt><trkpt lat="36.876908" lon="-93.132742"></trkpt><trkpt lat="36.876725" lon="-93.132685"></trkpt><trkpt lat="36.876685" lon="-93.132629"></trkpt><trkpt lat="36.876654" lon="-93.132388"></trkpt><trkpt lat="36.876620" lon="-93.132344"></trkpt><trkpt lat="36.876502" lon="-93.132295"></trkpt><trkpt lat="36.876461" lon="-93.132231"></trkpt><trkpt lat="36.876382" lon="-93.132230"></trkpt><trkpt lat="36.876362" lon="-93.132201"></trkpt><trkpt lat="36.876246" lon="-93.132218"></trkpt></trkseg></trk><trk><name>T002 BR5F828</name><trkseg><trkpt lat="36.879409" lon="-93.120520"></trkpt><trkpt lat="36.879318" lon="-93.120154"></trkpt><trkpt lat="36.878546" lon="-93.119239"></trkpt><trkpt lat="36.878378" lon="-93.119132"></trkpt><trkpt lat="36.878192" lon="-93.119122"></trkpt><trkpt lat="36.877847" lon="-93.118894"></trkpt><trkpt lat="36.877737" lon="-93.118862"></trkpt><trkpt lat="36.877592" lon="-93.118889"></trkpt><trkpt lat="36.877287" lon="-93.118819"></trkpt><trkpt lat="36.876957" lon="-93.118809"></trkpt><trkpt lat="36.876619" lon="-93.118853"></trkpt><trkpt lat="36.876448" lon="-93.118818"></trkpt><trkpt lat="36.876320" lon="-93.118743"></trkpt><trkpt lat="36.876218" lon="-93.118743"></trkpt><trkpt lat="36.876134" lon="-93.118795"></trkpt><trkpt lat="36.875943" lon="-93.118719"></trkpt><trkpt lat="36.875793" lon="-93.118793"></trkpt><trkpt lat="36.875760" lon="-93.118828"></trkpt><trkpt lat="36.875747" lon="-93.118966"></trkpt><trkpt lat="36.875591" lon="-93.119091"></trkpt><trkpt lat="36.875476" lon="-93.119122"></trkpt><trkpt lat="36.875387" lon="-93.119256"></trkpt><trkpt lat="36.874959" lon="-93.119405"></trkpt><trkpt lat="36.874714" lon="-93.119339"></trkpt><trkpt lat="36.874652" lon="-93.119276"></trkpt><trkpt lat="36.874600" lon="-93.119110"></trkpt><trkpt lat="36.874459" lon="-93.118989"></trkpt><trkpt lat="36.874369" lon="-93.118834"></trkpt></trkseg></trk><trk><name>T003 BR5F828</name><trkseg><trkpt lat="35.575563" lon="-93.068542"></trkpt><trkpt lat="35.574866" lon="-93.068410"></trkpt><trkpt lat="35.574340" lon="-93.068242"></trkpt><trkpt lat="35.573674" lon="-93.068131"></trkpt><trkpt lat="35.573528" lon="-93.068182"></trkpt><trkpt lat="35.573355" lon="-93.068380"></trkpt><trkpt lat="35.573128" lon="-93.068394"></trkpt><trkpt lat="35.572853" lon="-93.068473"></trkpt><trkpt lat="35.572727" lon="-93.068540"></trkpt><trkpt lat="35.572338" lon="-93.068567"></trkpt><trkpt lat="35.571168" lon="-93.068807"></trkpt><trkpt lat="35.570277" lon="-93.068774"></trkpt><trkpt lat="35.570057" lon="-93.068787"></trkpt><trkpt lat="35.569958" lon="-93.068832"></trkpt><trkpt lat="35.569898" lon="-93.068995"></trkpt><trkpt lat="35.569898" lon="-93.069258"></trkpt><trkpt lat="35.569773" lon="-93.069715"></trkpt><trkpt lat="35.569439" lon="-93.070184"></trkpt><trkpt lat="35.569303" lon="-93.070932"></trkpt><trkpt lat="35.569269" lon="-93.071001"></trkpt><trkpt lat="35.568906" lon="-93.071344"></trkpt><trkpt lat="35.568708" lon="-93.071710"></trkpt><trkpt lat="35.568832" lon="-93.072187"></trkpt><trkpt lat="35.568907" lon="-93.073449"></trkpt><trkpt lat="35.568896" lon="-93.073841"></trkpt><trkpt lat="35.568855" lon="-93.073937"></trkpt><trkpt lat="35.568633" lon="-93.073964"></trkpt><trkpt lat="35.568683" lon="-93.074219"></trkpt><trkpt lat="35.568677" lon="-93.074864"></trkpt><trkpt lat="35.568803" lon="-93.075511"></trkpt><trkpt lat="35.569062" lon="-93.076080"></trkpt><trkpt lat="35.569192" lon="-93.076243"></trkpt><trkpt lat="35.569257" lon="-93.076405"></trkpt><trkpt lat="35.568923" lon="-93.076885"></trkpt><trkpt lat="35.569118" lon="-93.077130"></trkpt><trkpt lat="35.569354" lon="-93.077276"></trkpt><trkpt lat="35.568545" lon="-93.077583"></trkpt><trkpt lat="35.568359" lon="-93.077623"></trkpt><trkpt lat="35.568199" lon="-93.077617"></trkpt><trkpt lat="35.567730" lon="-93.077432"></trkpt><trkpt lat="35.567192" lon="-93.077013"></trkpt><trkpt lat="35.566911" lon="-93.076945"></trkpt><trkpt lat="35.566962" lon="-93.077057"></trkpt><trkpt lat="35.567143" lon="-93.077222"></trkpt><trkpt lat="35.567226" lon="-93.077365"></trkpt><trkpt lat="35.567316" lon="-93.077629"></trkpt><trkpt lat="35.567368" lon="-93.078056"></trkpt><trkpt lat="35.567421" lon="-93.078237"></trkpt><trkpt lat="35.567584" lon="-93.078495"></trkpt><trkpt lat="35.568083" lon="-93.078886"></trkpt><trkpt lat="35.568495" lon="-93.079083"></trkpt><trkpt lat="35.568893" lon="-93.079386"></trkpt><trkpt lat="35.569406" lon="-93.079579"></trkpt><trkpt lat="35.569831" lon="-93.080183"></trkpt><trkpt lat="35.569914" lon="-93.080422"></trkpt><trkpt lat="35.569974" lon="-93.080495"></trkpt><trkpt lat="35.570633" lon="-93.080857"></trkpt><trkpt lat="35.570843" lon="-93.081029"></trkpt><trkpt lat="35.571132" lon="-93.081055"></trkpt><trkpt lat="35.571570" lon="-93.081280"></trkpt><trkpt lat="35.571886" lon="-93.081361"></trkpt><trkpt lat="35.572060" lon="-93.081448"></trkpt><trkpt lat="35.572220" lon="-93.081552"></trkpt><trkpt lat="35.572314" lon="-93.081703"></trkpt><trkpt lat="35.572485" lon="-93.081766"></trkpt><trkpt lat="35.572730" lon="-93.081746"></trkpt><trkpt lat="35.572807" lon="-93.081876"></trkpt><trkpt lat="35.572839" lon="-93.082153"></trkpt><trkpt lat="35.572962" lon="-93.082505"></trkpt><trkpt lat="35.573082" lon="-93.083223"></trkpt><trkpt lat="35.573020" lon="-93.083433"></trkpt><trkpt lat="35.572679" lon="-93.083797"></trkpt><trkpt lat="35.572338" lon="-93.083891"></trkpt><trkpt lat="35.572161" lon="-93.083886"></trkpt><trkpt lat="35.571726" lon="-93.083983"></trkpt><trkpt lat="35.571473" lon="-93.083970"></trkpt><trkpt lat="35.571210" lon="-93.083834"></trkpt><trkpt lat="35.571097" lon="-93.083680"></trkpt><trkpt lat="35.570974" lon="-93.083368"></trkpt><trkpt lat="35.570580" lon="-93.083282"></trkpt><trkpt lat="35.570184" lon="-93.083277"></trkpt><trkpt lat="35.569394" lon="-93.083105"></trkpt><trkpt lat="35.569066" lon="-93.082939"></trkpt><trkpt lat="35.568605" lon="-93.082852"></trkpt><trkpt lat="35.568144" lon="-93.082846"></trkpt><trkpt lat="35.567617" lon="-93.082758"></trkpt><trkpt lat="35.567423" lon="-93.082352"></trkpt><trkpt lat="35.567163" lon="-93.081945"></trkpt><trkpt lat="35.566778" lon="-93.080810"></trkpt><trkpt lat="35.566583" lon="-93.080485"></trkpt><trkpt lat="35.566383" lon="-93.080724"></trkpt><trkpt lat="35.566313" lon="-93.081127"></trkpt><trkpt lat="35.566570" lon="-93.081856"></trkpt><trkpt lat="35.566633" lon="-93.082180"></trkpt><trkpt lat="35.566762" lon="-93.082585"></trkpt><trkpt lat="35.566824" lon="-93.082990"></trkpt><trkpt lat="35.566623" lon="-93.083310"></trkpt><trkpt lat="35.566292" lon="-93.083467"></trkpt><trkpt lat="35.565963" lon="-93.083462"></trkpt><trkpt lat="35.565174" lon="-93.083209"></trkpt><trkpt lat="35.564717" lon="-93.082638"></trkpt><trkpt lat="35.564457" lon="-93.082231"></trkpt><trkpt lat="35.564129" lon="-93.082066"></trkpt><trkpt lat="35.563802" lon="-93.081819"></trkpt><trkpt lat="35.563238" lon="-93.081543"></trkpt><trkpt lat="35.563167" lon="-93.081442"></trkpt><trkpt lat="35.563147" lon="-93.081628"></trkpt><trkpt lat="35.563075" lon="-93.081675"></trkpt><trkpt lat="35.562921" lon="-93.081894"></trkpt><trkpt lat="35.562741" lon="-93.082028"></trkpt><trkpt lat="35.562307" lon="-93.082243"></trkpt><trkpt lat="35.562053" lon="-93.082317"></trkpt><trkpt lat="35.561639" lon="-93.082339"></trkpt><trkpt lat="35.561212" lon="-93.082550"></trkpt><trkpt lat="35.561068" lon="-93.082587"></trkpt><trkpt lat="35.560847" lon="-93.082573"></trkpt><trkpt lat="35.560628" lon="-93.082440"></trkpt><trkpt lat="35.560292" lon="-93.081975"></trkpt><trkpt lat="35.560176" lon="-93.081884"></trkpt><trkpt lat="35.560117" lon="-93.081891"></trkpt><trkpt lat="35.560031" lon="-93.081961"></trkpt><trkpt lat="35.559754" lon="-93.082329"></trkpt><trkpt lat="35.559359" lon="-93.082442"></trkpt><trkpt lat="35.558948" lon="-93.082298"></trkpt><trkpt lat="35.558416" lon="-93.081979"></trkpt><trkpt lat="35.558081" lon="-93.082011"></trkpt><trkpt lat="35.557899" lon="-93.082072"></trkpt><trkpt lat="35.557679" lon="-93.082367"></trkpt><trkpt lat="35.557441" lon="-93.082556"></trkpt><trkpt lat="35.556956" lon="-93.082690"></trkpt><trkpt lat="35.556824" lon="-93.082851"></trkpt><trkpt lat="35.556807" lon="-93.083202"></trkpt><trkpt lat="35.556709" lon="-93.083419"></trkpt><trkpt lat="35.556769" lon="-93.083727"></trkpt><trkpt lat="35.556811" lon="-93.083860"></trkpt><trkpt lat="35.557274" lon="-93.084313"></trkpt><trkpt lat="35.557353" lon="-93.084520"></trkpt><trkpt lat="35.557345" lon="-93.084721"></trkpt><trkpt lat="35.557248" lon="-93.084981"></trkpt><trkpt lat="35.557128" lon="-93.085127"></trkpt><trkpt lat="35.556465" lon="-93.085489"></trkpt><trkpt lat="35.556064" lon="-93.085463"></trkpt><trkpt lat="35.555406" lon="-93.084970"></trkpt><trkpt lat="35.555127" lon="-93.084902"></trkpt><trkpt lat="35.554592" lon="-93.084980"></trkpt><trkpt lat="35.553744" lon="-93.084900"></trkpt><trkpt lat="35.553661" lon="-93.084819"></trkpt><trkpt lat="35.553405" lon="-93.084763"></trkpt><trkpt lat="35.553328" lon="-93.084717"></trkpt><trkpt lat="35.553212" lon="-93.084568"></trkpt><trkpt lat="35.553351" lon="-93.085471"></trkpt><trkpt lat="35.553279" lon="-93.086115"></trkpt><trkpt lat="35.553142" lon="-93.086678"></trkpt><trkpt lat="35.552537" lon="-93.087961"></trkpt><trkpt lat="35.552335" lon="-93.088523"></trkpt><trkpt lat="35.552332" lon="-93.088765"></trkpt><trkpt lat="35.552197" lon="-93.089166"></trkpt><trkpt lat="35.551996" lon="-93.089486"></trkpt><trkpt lat="35.551463" lon="-93.090124"></trkpt><trkpt lat="35.551197" lon="-93.090363"></trkpt><trkpt lat="35.550930" lon="-93.090682"></trkpt><trkpt lat="35.550730" lon="-93.091002"></trkpt><trkpt lat="35.550579" lon="-93.091536"></trkpt><trkpt lat="35.549943" lon="-93.091959"></trkpt><trkpt lat="35.549539" lon="-93.092564"></trkpt><trkpt lat="35.549389" lon="-93.092870"></trkpt><trkpt lat="35.549311" lon="-93.093297"></trkpt><trkpt lat="35.549310" lon="-93.093469"></trkpt><trkpt lat="35.549417" lon="-93.094070"></trkpt><trkpt lat="35.549489" lon="-93.094216"></trkpt><trkpt lat="35.549602" lon="-93.094283"></trkpt><trkpt lat="35.549844" lon="-93.094319"></trkpt><trkpt lat="35.550139" lon="-93.094463"></trkpt><trkpt lat="35.550261" lon="-93.094601"></trkpt><trkpt lat="35.549954" lon="-93.094674"></trkpt><trkpt lat="35.549445" lon="-93.095015"></trkpt><trkpt lat="35.549054" lon="-93.095425"></trkpt><trkpt lat="35.548739" lon="-93.095628"></trkpt><trkpt lat="35.548453" lon="-93.095678"></trkpt><trkpt lat="35.548180" lon="-93.095854"></trkpt><trkpt lat="35.547896" lon="-93.095850"></trkpt><trkpt lat="35.547736" lon="-93.095813"></trkpt><trkpt lat="35.547129" lon="-93.095577"></trkpt><trkpt lat="35.546905" lon="-93.095598"></trkpt><trkpt lat="35.546835" lon="-93.095638"></trkpt><trkpt lat="35.546731" lon="-93.096046"></trkpt><trkpt lat="35.546727" lon="-93.096443"></trkpt><trkpt lat="35.546798" lon="-93.096764"></trkpt><trkpt lat="35.547642" lon="-93.097086"></trkpt><trkpt lat="35.547780" lon="-93.097064"></trkpt><trkpt lat="35.548132" lon="-93.096878"></trkpt><trkpt lat="35.548830" lon="-93.096844"></trkpt><trkpt lat="35.549054" lon="-93.096908"></trkpt><trkpt lat="35.549650" lon="-93.096891"></trkpt><trkpt lat="35.550307" lon="-93.096624"></trkpt><trkpt lat="35.550490" lon="-93.096596"></trkpt><trkpt lat="35.550875" lon="-93.096691"></trkpt><trkpt lat="35.551341" lon="-93.096577"></trkpt><trkpt lat="35.551462" lon="-93.096659"></trkpt><trkpt lat="35.551608" lon="-93.096669"></trkpt><trkpt lat="35.551749" lon="-93.096590"></trkpt><trkpt lat="35.551832" lon="-93.096584"></trkpt><trkpt lat="35.552247" lon="-93.096626"></trkpt><trkpt lat="35.552439" lon="-93.096592"></trkpt><trkpt lat="35.552710" lon="-93.096595"></trkpt><trkpt lat="35.553123" lon="-93.096715"></trkpt><trkpt lat="35.553543" lon="-93.096667"></trkpt><trkpt lat="35.553819" lon="-93.096685"></trkpt><trkpt lat="35.554198" lon="-93.096618"></trkpt><trkpt lat="35.554677" lon="-93.096812"></trkpt><trkpt lat="35.555071" lon="-93.096828"></trkpt><trkpt lat="35.555650" lon="-93.097123"></trkpt><trkpt lat="35.555941" lon="-93.097181"></trkpt><trkpt lat="35.556115" lon="-93.097401"></trkpt><trkpt lat="35.556557" lon="-93.097606"></trkpt><trkpt lat="35.556835" lon="-93.097668"></trkpt><trkpt lat="35.557225" lon="-93.097660"></trkpt><trkpt lat="35.557588" lon="-93.098115"></trkpt><trkpt lat="35.557853" lon="-93.098038"></trkpt><trkpt lat="35.558314" lon="-93.098044"></trkpt><trkpt lat="35.559108" lon="-93.097732"></trkpt><trkpt lat="35.559315" lon="-93.096766"></trkpt><trkpt lat="35.559320" lon="-93.096202"></trkpt><trkpt lat="35.559390" lon="-93.095799"></trkpt><trkpt lat="35.559397" lon="-93.094992"></trkpt><trkpt lat="35.559529" lon="-93.094914"></trkpt><trkpt lat="35.559988" lon="-93.095243"></trkpt><trkpt lat="35.560526" lon="-93.095692"></trkpt><trkpt lat="35.560671" lon="-93.095753"></trkpt><trkpt lat="35.561043" lon="-93.096017"></trkpt><trkpt lat="35.561674" lon="-93.096556"></trkpt><trkpt lat="35.562216" lon="-93.096725"></trkpt><trkpt lat="35.562555" lon="-93.096744"></trkpt><trkpt lat="35.563077" lon="-93.096665"></trkpt><trkpt lat="35.563455" lon="-93.096657"></trkpt><trkpt lat="35.563921" lon="-93.096767"></trkpt><trkpt lat="35.564201" lon="-93.096736"></trkpt><trkpt lat="35.564672" lon="-93.096784"></trkpt><trkpt lat="35.564956" lon="-93.096862"></trkpt><trkpt lat="35.565239" lon="-93.096870"></trkpt><trkpt lat="35.565631" lon="-93.097017"></trkpt><trkpt lat="35.566040" lon="-93.097029"></trkpt><trkpt lat="35.566417" lon="-93.097081"></trkpt><trkpt lat="35.566893" lon="-93.096992"></trkpt><trkpt lat="35.567311" lon="-93.096786"></trkpt><trkpt lat="35.567396" lon="-93.096675"></trkpt><trkpt lat="35.567339" lon="-93.096499"></trkpt><trkpt lat="35.567266" lon="-93.096447"></trkpt><trkpt lat="35.567079" lon="-93.096388"></trkpt><trkpt lat="35.566941" lon="-93.096385"></trkpt><trkpt lat="35.566903" lon="-93.096336"></trkpt><trkpt lat="35.567142" lon="-93.096174"></trkpt><trkpt lat="35.567587" lon="-93.095951"></trkpt><trkpt lat="35.567826" lon="-93.095782"></trkpt><trkpt lat="35.567923" lon="-93.095766"></trkpt><trkpt lat="35.568043" lon="-93.095780"></trkpt><trkpt lat="35.568486" lon="-93.096145"></trkpt><trkpt lat="35.568696" lon="-93.096234"></trkpt><trkpt lat="35.568952" lon="-93.096647"></trkpt><trkpt lat="35.569004" lon="-93.096873"></trkpt><trkpt lat="35.568971" lon="-93.097127"></trkpt><trkpt lat="35.568824" lon="-93.097385"></trkpt><trkpt lat="35.568813" lon="-93.097453"></trkpt><trkpt lat="35.568840" lon="-93.097500"></trkpt><trkpt lat="35.569089" lon="-93.097550"></trkpt><trkpt lat="35.569215" lon="-93.097609"></trkpt><trkpt lat="35.569386" lon="-93.097885"></trkpt><trkpt lat="35.569701" lon="-93.097634"></trkpt><trkpt lat="35.569823" lon="-93.097638"></trkpt><trkpt lat="35.569889" lon="-93.097729"></trkpt><trkpt lat="35.569880" lon="-93.098944"></trkpt><trkpt lat="35.569671" lon="-93.099322"></trkpt><trkpt lat="35.569348" lon="-93.099560"></trkpt><trkpt lat="35.569572" lon="-93.100051"></trkpt><trkpt lat="35.569724" lon="-93.100491"></trkpt><trkpt lat="35.569761" lon="-93.100530"></trkpt><trkpt lat="35.570256" lon="-93.100710"></trkpt><trkpt lat="35.570384" lon="-93.100789"></trkpt><trkpt lat="35.570888" lon="-93.100810"></trkpt><trkpt lat="35.571109" lon="-93.100921"></trkpt><trkpt lat="35.571379" lon="-93.100842"></trkpt><trkpt lat="35.571599" lon="-93.100817"></trkpt><trkpt lat="35.571696" lon="-93.100839"></trkpt><trkpt lat="35.571875" lon="-93.101008"></trkpt><trkpt lat="35.571999" lon="-93.101303"></trkpt></trkseg></trk><trk><name>T004 BR5F828</name><trkseg><trkpt lat="35.563167" lon="-93.081442"></trkpt><trkpt lat="35.563263" lon="-93.081004"></trkpt><trkpt lat="35.563216" lon="-93.080857"></trkpt><trkpt lat="35.563092" lon="-93.080709"></trkpt><trkpt lat="35.563038" lon="-93.080559"></trkpt><trkpt lat="35.563043" lon="-93.080470"></trkpt><trkpt lat="35.563154" lon="-93.080159"></trkpt><trkpt lat="35.563284" lon="-93.080001"></trkpt><trkpt lat="35.563955" lon="-93.079686"></trkpt><trkpt lat="35.564110" lon="-93.079534"></trkpt><trkpt lat="35.564200" lon="-93.079244"></trkpt><trkpt lat="35.564199" lon="-93.079077"></trkpt><trkpt lat="35.564140" lon="-93.078841"></trkpt><trkpt lat="35.563912" lon="-93.078487"></trkpt><trkpt lat="35.563898" lon="-93.078362"></trkpt><trkpt lat="35.563936" lon="-93.078260"></trkpt><trkpt lat="35.564057" lon="-93.078129"></trkpt><trkpt lat="35.564286" lon="-93.078079"></trkpt><trkpt lat="35.564489" lon="-93.077986"></trkpt><trkpt lat="35.564686" lon="-93.077815"></trkpt><trkpt lat="35.564870" lon="-93.077553"></trkpt><trkpt lat="35.564937" lon="-93.077070"></trkpt><trkpt lat="35.564939" lon="-93.076729"></trkpt><trkpt lat="35.564801" lon="-93.076247"></trkpt><trkpt lat="35.564733" lon="-93.075221"></trkpt><trkpt lat="35.564740" lon="-93.074544"></trkpt><trkpt lat="35.564799" lon="-93.074189"></trkpt><trkpt lat="35.564837" lon="-93.074139"></trkpt><trkpt lat="35.564962" lon="-93.074086"></trkpt><trkpt lat="35.565114" lon="-93.074122"></trkpt><trkpt lat="35.565142" lon="-93.074545"></trkpt><trkpt lat="35.565253" lon="-93.074873"></trkpt><trkpt lat="35.565514" lon="-93.075119"></trkpt><trkpt lat="35.565808" lon="-93.075689"></trkpt><trkpt lat="35.565955" lon="-93.075892"></trkpt><trkpt lat="35.566314" lon="-93.076221"></trkpt><trkpt lat="35.566701" lon="-93.076434"></trkpt><trkpt lat="35.566890" lon="-93.076721"></trkpt><trkpt lat="35.566910" lon="-93.076929"></trkpt></trkseg></trk><trk><name>T005 BR5F828</name><trkseg><trkpt lat="35.566903" lon="-93.096336"></trkpt><trkpt lat="35.566905" lon="-93.096025"></trkpt><trkpt lat="35.566951" lon="-93.095850"></trkpt><trkpt lat="35.566961" lon="-93.095632"></trkpt><trkpt lat="35.566860" lon="-93.095212"></trkpt><trkpt lat="35.566713" lon="-93.094935"></trkpt><trkpt lat="35.566089" lon="-93.094382"></trkpt><trkpt lat="35.565917" lon="-93.094060"></trkpt><trkpt lat="35.565700" lon="-93.093883"></trkpt><trkpt lat="35.565474" lon="-93.093823"></trkpt><trkpt lat="35.565136" lon="-93.093811"></trkpt><trkpt lat="35.565015" lon="-93.093754"></trkpt><trkpt lat="35.564914" lon="-93.093410"></trkpt><trkpt lat="35.564898" lon="-93.093222"></trkpt><trkpt lat="35.564732" lon="-93.093048"></trkpt><trkpt lat="35.564398" lon="-93.092881"></trkpt><trkpt lat="35.564283" lon="-93.092872"></trkpt><trkpt lat="35.564120" lon="-93.092797"></trkpt><trkpt lat="35.563928" lon="-93.092661"></trkpt><trkpt lat="35.563809" lon="-93.092399"></trkpt><trkpt lat="35.563884" lon="-93.092101"></trkpt><trkpt lat="35.563836" lon="-93.091841"></trkpt><trkpt lat="35.563751" lon="-93.091636"></trkpt><trkpt lat="35.563552" lon="-93.091417"></trkpt><trkpt lat="35.563121" lon="-93.091217"></trkpt><trkpt lat="35.562458" lon="-93.091061"></trkpt><trkpt lat="35.562297" lon="-93.091084"></trkpt><trkpt lat="35.562211" lon="-93.090928"></trkpt><trkpt lat="35.561782" lon="-93.090771"></trkpt><trkpt lat="35.561668" lon="-93.090518"></trkpt><trkpt lat="35.561567" lon="-93.090512"></trkpt><trkpt lat="35.561394" lon="-93.090670"></trkpt><trkpt lat="35.561214" lon="-93.090564"></trkpt><trkpt lat="35.561050" lon="-93.090370"></trkpt><trkpt lat="35.560830" lon="-93.090260"></trkpt><trkpt lat="35.560406" lon="-93.090146"></trkpt><trkpt lat="35.559569" lon="-93.090398"></trkpt><trkpt lat="35.559218" lon="-93.090264"></trkpt><trkpt lat="35.559077" lon="-93.090281"></trkpt><trkpt lat="35.558862" lon="-93.090472"></trkpt><trkpt lat="35.558502" lon="-93.090601"></trkpt><trkpt lat="35.558337" lon="-93.090737"></trkpt><trkpt lat="35.557375" lon="-93.091294"></trkpt><trkpt lat="35.556864" lon="-93.091524"></trkpt><trkpt lat="35.556602" lon="-93.091676"></trkpt><trkpt lat="35.556456" lon="-93.091699"></trkpt><trkpt lat="35.556159" lon="-93.091951"></trkpt><trkpt lat="35.555864" lon="-93.092093"></trkpt><trkpt lat="35.555577" lon="-93.092431"></trkpt><trkpt lat="35.555490" lon="-93.092482"></trkpt><trkpt lat="35.555442" lon="-93.092502"></trkpt><trkpt lat="35.555202" lon="-93.092469"></trkpt><trkpt lat="35.555159" lon="-93.092513"></trkpt><trkpt lat="35.555107" lon="-93.092669"></trkpt><trkpt lat="35.554783" lon="-93.092933"></trkpt><trkpt lat="35.554431" lon="-93.092990"></trkpt><trkpt lat="35.554176" lon="-93.093070"></trkpt><trkpt lat="35.553938" lon="-93.093194"></trkpt><trkpt lat="35.553762" lon="-93.093218"></trkpt><trkpt lat="35.553520" lon="-93.093339"></trkpt><trkpt lat="35.553238" lon="-93.093573"></trkpt><trkpt lat="35.553000" lon="-93.094006"></trkpt><trkpt lat="35.552766" lon="-93.094174"></trkpt><trkpt lat="35.552576" lon="-93.094250"></trkpt><trkpt lat="35.552214" lon="-93.094204"></trkpt><trkpt lat="35.551863" lon="-93.094409"></trkpt><trkpt lat="35.551446" lon="-93.094574"></trkpt><trkpt lat="35.550712" lon="-93.094622"></trkpt><trkpt lat="35.550513" lon="-93.094577"></trkpt><trkpt lat="35.550268" lon="-93.094599"></trkpt></trkseg></trk><trk><name>T006 BR5F828</name><trkseg><trkpt lat="36.881204" lon="-93.105866"></trkpt><trkpt lat="36.881088" lon="-93.105896"></trkpt><trkpt lat="36.880923" lon="-93.106019"></trkpt><trkpt lat="36.880735" lon="-93.106100"></trkpt><trkpt lat="36.880554" lon="-93.106033"></trkpt><trkpt lat="36.880326" lon="-93.105889"></trkpt><trkpt lat="36.880397" lon="-93.105594"></trkpt><trkpt lat="36.880550" lon="-93.105410"></trkpt><trkpt lat="36.880619" lon="-93.105026"></trkpt><trkpt lat="36.881110" lon="-93.104156"></trkpt><trkpt lat="36.881166" lon="-93.103912"></trkpt><trkpt lat="36.881301" lon="-93.103584"></trkpt><trkpt lat="36.881487" lon="-93.103331"></trkpt><trkpt lat="36.881534" lon="-93.103168"></trkpt><trkpt lat="36.881492" lon="-93.102632"></trkpt><trkpt lat="36.881765" lon="-93.102573"></trkpt><trkpt lat="36.881885" lon="-93.102617"></trkpt><trkpt lat="36.882057" lon="-93.102419"></trkpt><trkpt lat="36.882120" lon="-93.102189"></trkpt><trkpt lat="36.882208" lon="-93.102199"></trkpt><trkpt lat="36.882293" lon="-93.102265"></trkpt><trkpt lat="36.882432" lon="-93.101947"></trkpt><trkpt lat="36.882814" lon="-93.102201"></trkpt><trkpt lat="36.883222" lon="-93.102416"></trkpt><trkpt lat="36.883609" lon="-93.102737"></trkpt><trkpt lat="36.884275" lon="-93.103501"></trkpt><trkpt lat="36.884571" lon="-93.103783"></trkpt><trkpt lat="36.884776" lon="-93.103924"></trkpt><trkpt lat="36.884918" lon="-93.104103"></trkpt><trkpt lat="36.885056" lon="-93.104216"></trkpt><trkpt lat="36.885146" lon="-93.104230"></trkpt><trkpt lat="36.885452" lon="-93.104755"></trkpt><trkpt lat="36.885486" lon="-93.104745"></trkpt><trkpt lat="36.885608" lon="-93.104843"></trkpt><trkpt lat="36.886040" lon="-93.105241"></trkpt><trkpt lat="36.887230" lon="-93.105192"></trkpt><trkpt lat="36.888209" lon="-93.105394"></trkpt><trkpt lat="36.888789" lon="-93.105381"></trkpt><trkpt lat="36.889133" lon="-93.105448"></trkpt><trkpt lat="36.889391" lon="-93.105543"></trkpt><trkpt lat="36.889595" lon="-93.105516"></trkpt><trkpt lat="36.889939" lon="-93.105570"></trkpt><trkpt lat="36.890444" lon="-93.105838"></trkpt><trkpt lat="36.890724" lon="-93.106107"></trkpt><trkpt lat="36.891372" lon="-93.106403"></trkpt><trkpt lat="36.891664" lon="-93.106463"></trkpt><trkpt lat="36.891926" lon="-93.106342"></trkpt><trkpt lat="36.892263" lon="-93.105851"></trkpt><trkpt lat="36.892532" lon="-93.105028"></trkpt><trkpt lat="36.892708" lon="-93.104760"></trkpt><trkpt lat="36.892815" lon="-93.104668"></trkpt><trkpt lat="36.893054" lon="-93.104575"></trkpt><trkpt lat="36.893271" lon="-93.104378"></trkpt><trkpt lat="36.893538" lon="-93.104290"></trkpt><trkpt lat="36.894002" lon="-93.104043"></trkpt></trkseg></trk><trk><name>T007 BR5F828</name><trkseg><trkpt lat="36.882527" lon="-93.100362"></trkpt><trkpt lat="36.882535" lon="-93.100505"></trkpt><trkpt lat="36.882463" lon="-93.100757"></trkpt><trkpt lat="36.882441" lon="-93.100815"></trkpt><trkpt lat="36.882366" lon="-93.100868"></trkpt><trkpt lat="36.882351" lon="-93.100929"></trkpt><trkpt lat="36.882339" lon="-93.100987"></trkpt><trkpt lat="36.882371" lon="-93.100979"></trkpt><trkpt lat="36.882374" lon="-93.101050"></trkpt><trkpt lat="36.882201" lon="-93.101211"></trkpt><trkpt lat="36.882132" lon="-93.101358"></trkpt><trkpt lat="36.882122" lon="-93.101458"></trkpt><trkpt lat="36.882171" lon="-93.101542"></trkpt><trkpt lat="36.882158" lon="-93.101590"></trkpt><trkpt lat="36.882264" lon="-93.101759"></trkpt><trkpt lat="36.882432" lon="-93.101947"></trkpt></trkseg></trk><trk><name>T008 BR5F828</name><trkseg><trkpt lat="36.893349" lon="-93.113393"></trkpt><trkpt lat="36.893828" lon="-93.113995"></trkpt><trkpt lat="36.894242" lon="-93.114423"></trkpt><trkpt lat="36.894380" lon="-93.114819"></trkpt><trkpt lat="36.894403" lon="-93.114983"></trkpt><trkpt lat="36.894363" lon="-93.115100"></trkpt><trkpt lat="36.894366" lon="-93.115208"></trkpt><trkpt lat="36.894381" lon="-93.115314"></trkpt><trkpt lat="36.894452" lon="-93.115382"></trkpt><trkpt lat="36.894482" lon="-93.115593"></trkpt><trkpt lat="36.894436" lon="-93.115742"></trkpt><trkpt lat="36.894472" lon="-93.115841"></trkpt><trkpt lat="36.894649" lon="-93.116064"></trkpt><trkpt lat="36.894769" lon="-93.116398"></trkpt><trkpt lat="36.894884" lon="-93.116470"></trkpt><trkpt lat="36.894972" lon="-93.116744"></trkpt><trkpt lat="36.894925" lon="-93.116941"></trkpt><trkpt lat="36.894931" lon="-93.117075"></trkpt><trkpt lat="36.895014" lon="-93.117145"></trkpt><trkpt lat="36.894943" lon="-93.117334"></trkpt><trkpt lat="36.894940" lon="-93.117459"></trkpt><trkpt lat="36.894999" lon="-93.117542"></trkpt><trkpt lat="36.894929" lon="-93.117767"></trkpt><trkpt lat="36.894801" lon="-93.118009"></trkpt><trkpt lat="36.894804" lon="-93.118084"></trkpt><trkpt lat="36.894485" lon="-93.118642"></trkpt><trkpt lat="36.894354" lon="-93.118720"></trkpt><trkpt lat="36.894279" lon="-93.118727"></trkpt><trkpt lat="36.893830" lon="-93.118723"></trkpt><trkpt lat="36.893468" lon="-93.118635"></trkpt><trkpt lat="36.893353" lon="-93.118670"></trkpt><trkpt lat="36.893094" lon="-93.118776"></trkpt><trkpt lat="36.892958" lon="-93.118793"></trkpt><trkpt lat="36.892646" lon="-93.119055"></trkpt><trkpt lat="36.892388" lon="-93.119122"></trkpt><trkpt lat="36.892262" lon="-93.119120"></trkpt><trkpt lat="36.892109" lon="-93.119204"></trkpt><trkpt lat="36.891960" lon="-93.119384"></trkpt><trkpt lat="36.891615" lon="-93.119508"></trkpt><trkpt lat="36.891456" lon="-93.119526"></trkpt><trkpt lat="36.891218" lon="-93.119488"></trkpt><trkpt lat="36.891126" lon="-93.119454"></trkpt><trkpt lat="36.890763" lon="-93.119157"></trkpt><trkpt lat="36.890626" lon="-93.119187"></trkpt><trkpt lat="36.890555" lon="-93.119323"></trkpt><trkpt lat="36.890668" lon="-93.119625"></trkpt><trkpt lat="36.891234" lon="-93.119966"></trkpt><trkpt lat="36.891656" lon="-93.120620"></trkpt><trkpt lat="36.891649" lon="-93.120686"></trkpt><trkpt lat="36.890316" lon="-93.120902"></trkpt><trkpt lat="36.889551" lon="-93.120612"></trkpt><trkpt lat="36.889112" lon="-93.120550"></trkpt><trkpt lat="36.888998" lon="-93.120708"></trkpt><trkpt lat="36.888852" lon="-93.120815"></trkpt><trkpt lat="36.888768" lon="-93.120956"></trkpt><trkpt lat="36.888622" lon="-93.121037"></trkpt><trkpt lat="36.888200" lon="-93.121078"></trkpt><trkpt lat="36.887773" lon="-93.121285"></trkpt><trkpt lat="36.887593" lon="-93.121272"></trkpt><trkpt lat="36.887273" lon="-93.121339"></trkpt><trkpt lat="36.887185" lon="-93.121319"></trkpt><trkpt lat="36.886950" lon="-93.121348"></trkpt><trkpt lat="36.886845" lon="-93.121307"></trkpt><trkpt lat="36.886765" lon="-93.121326"></trkpt><trkpt lat="36.886684" lon="-93.121395"></trkpt><trkpt lat="36.886529" lon="-93.121404"></trkpt><trkpt lat="36.886265" lon="-93.121364"></trkpt><trkpt lat="36.886178" lon="-93.121407"></trkpt><trkpt lat="36.886074" lon="-93.121405"></trkpt><trkpt lat="36.885963" lon="-93.121440"></trkpt><trkpt lat="36.885910" lon="-93.121514"></trkpt><trkpt lat="36.885799" lon="-93.121571"></trkpt><trkpt lat="36.885656" lon="-93.121807"></trkpt><trkpt lat="36.885459" lon="-93.122010"></trkpt><trkpt lat="36.885345" lon="-93.122393"></trkpt><trkpt lat="36.885204" lon="-93.122569"></trkpt><trkpt lat="36.885296" lon="-93.122765"></trkpt><trkpt lat="36.885244" lon="-93.122984"></trkpt><trkpt lat="36.885340" lon="-93.123097"></trkpt><trkpt lat="36.885574" lon="-93.123147"></trkpt><trkpt lat="36.885684" lon="-93.123414"></trkpt><trkpt lat="36.885671" lon="-93.123597"></trkpt><trkpt lat="36.885703" lon="-93.123672"></trkpt><trkpt lat="36.885621" lon="-93.123800"></trkpt><trkpt lat="36.885640" lon="-93.124028"></trkpt><trkpt lat="36.885593" lon="-93.124207"></trkpt><trkpt lat="36.885619" lon="-93.124415"></trkpt><trkpt lat="36.885667" lon="-93.124431"></trkpt><trkpt lat="36.885799" lon="-93.124311"></trkpt><trkpt lat="36.885831" lon="-93.124317"></trkpt><trkpt lat="36.886070" lon="-93.124503"></trkpt><trkpt lat="36.886111" lon="-93.124640"></trkpt><trkpt lat="36.886266" lon="-93.124838"></trkpt><trkpt lat="36.886414" lon="-93.124916"></trkpt><trkpt lat="36.886517" lon="-93.124875"></trkpt><trkpt lat="36.886552" lon="-93.124890"></trkpt><trkpt lat="36.886640" lon="-93.124644"></trkpt><trkpt lat="36.886686" lon="-93.124583"></trkpt><trkpt lat="36.886787" lon="-93.124544"></trkpt><trkpt lat="36.886863" lon="-93.124183"></trkpt><trkpt lat="36.886956" lon="-93.124021"></trkpt><trkpt lat="36.887093" lon="-93.123913"></trkpt><trkpt lat="36.887503" lon="-93.123860"></trkpt><trkpt lat="36.887578" lon="-93.123898"></trkpt><trkpt lat="36.887553" lon="-93.124089"></trkpt><trkpt lat="36.887604" lon="-93.124212"></trkpt><trkpt lat="36.887707" lon="-93.124286"></trkpt><trkpt lat="36.887831" lon="-93.124454"></trkpt><trkpt lat="36.887944" lon="-93.124475"></trkpt><trkpt lat="36.888041" lon="-93.124299"></trkpt><trkpt lat="36.888062" lon="-93.124082"></trkpt><trkpt lat="36.888315" lon="-93.124054"></trkpt><trkpt lat="36.888443" lon="-93.123889"></trkpt><trkpt lat="36.888671" lon="-93.123814"></trkpt><trkpt lat="36.888861" lon="-93.123229"></trkpt><trkpt lat="36.888958" lon="-93.123039"></trkpt><trkpt lat="36.889069" lon="-93.122981"></trkpt><trkpt lat="36.889235" lon="-93.122742"></trkpt><trkpt lat="36.889488" lon="-93.122652"></trkpt><trkpt lat="36.889569" lon="-93.122659"></trkpt><trkpt lat="36.889716" lon="-93.122831"></trkpt><trkpt lat="36.889793" lon="-93.122871"></trkpt><trkpt lat="36.890007" lon="-93.122736"></trkpt><trkpt lat="36.890447" lon="-93.123491"></trkpt><trkpt lat="36.890552" lon="-93.123733"></trkpt><trkpt lat="36.890655" lon="-93.123760"></trkpt><trkpt lat="36.890837" lon="-93.123734"></trkpt><trkpt lat="36.890973" lon="-93.123794"></trkpt><trkpt lat="36.891275" lon="-93.123773"></trkpt><trkpt lat="36.891565" lon="-93.123654"></trkpt><trkpt lat="36.891783" lon="-93.123491"></trkpt><trkpt lat="36.891917" lon="-93.123473"></trkpt><trkpt lat="36.892356" lon="-93.123612"></trkpt><trkpt lat="36.892747" lon="-93.123961"></trkpt></trkseg></trk><trk><name>T009 BR5F828</name><trkseg><trkpt lat="36.912075" lon="-93.117632"></trkpt><trkpt lat="36.911359" lon="-93.116703"></trkpt><trkpt lat="36.911064" lon="-93.116567"></trkpt><trkpt lat="36.910526" lon="-93.116419"></trkpt><trkpt lat="36.910367" lon="-93.116316"></trkpt><trkpt lat="36.910097" lon="-93.116079"></trkpt><trkpt lat="36.909713" lon="-93.115664"></trkpt><trkpt lat="36.909338" lon="-93.115174"></trkpt><trkpt lat="36.908915" lon="-93.114739"></trkpt><trkpt lat="36.908365" lon="-93.114333"></trkpt><trkpt lat="36.907850" lon="-93.114104"></trkpt><trkpt lat="36.907725" lon="-93.114019"></trkpt><trkpt lat="36.907305" lon="-93.113668"></trkpt><trkpt lat="36.906851" lon="-93.113228"></trkpt><trkpt lat="36.906757" lon="-93.113181"></trkpt><trkpt lat="36.906622" lon="-93.113166"></trkpt><trkpt lat="36.906189" lon="-93.113271"></trkpt><trkpt lat="36.905819" lon="-93.113161"></trkpt><trkpt lat="36.905571" lon="-93.113004"></trkpt><trkpt lat="36.905248" lon="-93.112638"></trkpt><trkpt lat="36.905026" lon="-93.112512"></trkpt><trkpt lat="36.904318" lon="-93.112243"></trkpt><trkpt lat="36.904117" lon="-93.112093"></trkpt><trkpt lat="36.903934" lon="-93.111880"></trkpt><trkpt lat="36.903659" lon="-93.111666"></trkpt><trkpt lat="36.903289" lon="-93.111066"></trkpt><trkpt lat="36.902991" lon="-93.109975"></trkpt><trkpt lat="36.902707" lon="-93.109419"></trkpt><trkpt lat="36.902670" lon="-93.109302"></trkpt><trkpt lat="36.902600" lon="-93.108352"></trkpt><trkpt lat="36.902531" lon="-93.108211"></trkpt><trkpt lat="36.902441" lon="-93.108136"></trkpt><trkpt lat="36.902282" lon="-93.108136"></trkpt><trkpt lat="36.901384" lon="-93.108276"></trkpt><trkpt lat="36.901244" lon="-93.108243"></trkpt><trkpt lat="36.901104" lon="-93.108153"></trkpt><trkpt lat="36.900981" lon="-93.107995"></trkpt><trkpt lat="36.900764" lon="-93.107537"></trkpt><trkpt lat="36.900412" lon="-93.107011"></trkpt><trkpt lat="36.900326" lon="-93.106938"></trkpt><trkpt lat="36.898082" lon="-93.105982"></trkpt><trkpt lat="36.897582" lon="-93.105637"></trkpt><trkpt lat="36.897205" lon="-93.105443"></trkpt><trkpt lat="36.897010" lon="-93.105272"></trkpt><trkpt lat="36.896640" lon="-93.104667"></trkpt><trkpt lat="36.896505" lon="-93.104499"></trkpt><trkpt lat="36.896102" lon="-93.104242"></trkpt><trkpt lat="36.895479" lon="-93.104118"></trkpt><trkpt lat="36.894672" lon="-93.104029"></trkpt><trkpt lat="36.894498" lon="-93.103974"></trkpt><trkpt lat="36.894352" lon="-93.103854"></trkpt><trkpt lat="36.894140" lon="-93.103578"></trkpt><trkpt lat="36.894018" lon="-93.103210"></trkpt><trkpt lat="36.894004" lon="-93.102591"></trkpt><trkpt lat="36.893868" lon="-93.101697"></trkpt><trkpt lat="36.893895" lon="-93.101293"></trkpt><trkpt lat="36.894023" lon="-93.100894"></trkpt><trkpt lat="36.894567" lon="-93.100283"></trkpt><trkpt lat="36.894751" lon="-93.099982"></trkpt></trkseg></trk><trk><name>T010 BR5F828</name><trkseg><trkpt lat="36.915768" lon="-93.113331"></trkpt><trkpt lat="36.915601" lon="-93.113388"></trkpt><trkpt lat="36.915348" lon="-93.113623"></trkpt><trkpt lat="36.915034" lon="-93.113776"></trkpt><trkpt lat="36.914982" lon="-93.113751"></trkpt><trkpt lat="36.914765" lon="-93.113795"></trkpt><trkpt lat="36.914601" lon="-93.113738"></trkpt><trkpt lat="36.914439" lon="-93.113764"></trkpt><trkpt lat="36.914373" lon="-93.114070"></trkpt><trkpt lat="36.914381" lon="-93.114163"></trkpt><trkpt lat="36.914138" lon="-93.114398"></trkpt><trkpt lat="36.913706" lon="-93.114713"></trkpt><trkpt lat="36.913597" lon="-93.114700"></trkpt><trkpt lat="36.913503" lon="-93.114628"></trkpt><trkpt lat="36.913431" lon="-93.114624"></trkpt><trkpt lat="36.913057" lon="-93.114819"></trkpt><trkpt lat="36.912898" lon="-93.114825"></trkpt><trkpt lat="36.912779" lon="-93.114873"></trkpt><trkpt lat="36.912690" lon="-93.115259"></trkpt><trkpt lat="36.912512" lon="-93.115421"></trkpt><trkpt lat="36.912463" lon="-93.115676"></trkpt><trkpt lat="36.912352" lon="-93.115723"></trkpt><trkpt lat="36.912210" lon="-93.115666"></trkpt><trkpt lat="36.912116" lon="-93.115819"></trkpt><trkpt lat="36.912101" lon="-93.115922"></trkpt><trkpt lat="36.912214" lon="-93.116169"></trkpt><trkpt lat="36.912528" lon="-93.116447"></trkpt><trkpt lat="36.912701" lon="-93.116514"></trkpt><trkpt lat="36.912761" lon="-93.116483"></trkpt><trkpt lat="36.912934" lon="-93.116484"></trkpt><trkpt lat="36.913080" lon="-93.116579"></trkpt><trkpt lat="36.913135" lon="-93.116871"></trkpt><trkpt lat="36.913293" lon="-93.117027"></trkpt><trkpt lat="36.913353" lon="-93.117142"></trkpt><trkpt lat="36.913339" lon="-93.117212"></trkpt><trkpt lat="36.913235" lon="-93.117331"></trkpt><trkpt lat="36.912938" lon="-93.117422"></trkpt><trkpt lat="36.912451" lon="-93.117428"></trkpt><trkpt lat="36.912075" lon="-93.117632"></trkpt><trkpt lat="36.912619" lon="-93.118327"></trkpt><trkpt lat="36.912773" lon="-93.118453"></trkpt><trkpt lat="36.913144" lon="-93.118653"></trkpt><trkpt lat="36.913642" lon="-93.118866"></trkpt><trkpt lat="36.914329" lon="-93.119032"></trkpt><trkpt lat="36.914506" lon="-93.119172"></trkpt><trkpt lat="36.914589" lon="-93.119400"></trkpt><trkpt lat="36.914519" lon="-93.120394"></trkpt><trkpt lat="36.914538" lon="-93.120591"></trkpt><trkpt lat="36.914614" lon="-93.120906"></trkpt><trkpt lat="36.914732" lon="-93.121158"></trkpt><trkpt lat="36.914605" lon="-93.121294"></trkpt><trkpt lat="36.914512" lon="-93.121324"></trkpt><trkpt lat="36.914488" lon="-93.121367"></trkpt><trkpt lat="36.914537" lon="-93.121409"></trkpt><trkpt lat="36.914576" lon="-93.121547"></trkpt><trkpt lat="36.914617" lon="-93.121583"></trkpt><trkpt lat="36.914605" lon="-93.121656"></trkpt><trkpt lat="36.914699" lon="-93.121957"></trkpt><trkpt lat="36.914600" lon="-93.122306"></trkpt><trkpt lat="36.914425" lon="-93.122360"></trkpt><trkpt lat="36.914246" lon="-93.122327"></trkpt><trkpt lat="36.913986" lon="-93.122165"></trkpt><trkpt lat="36.913799" lon="-93.121855"></trkpt><trkpt lat="36.913374" lon="-93.121672"></trkpt><trkpt lat="36.913181" lon="-93.121775"></trkpt><trkpt lat="36.913034" lon="-93.121644"></trkpt><trkpt lat="36.912903" lon="-93.121602"></trkpt><trkpt lat="36.912584" lon="-93.121398"></trkpt><trkpt lat="36.912365" lon="-93.121329"></trkpt><trkpt lat="36.912110" lon="-93.121115"></trkpt><trkpt lat="36.912026" lon="-93.121109"></trkpt><trkpt lat="36.911853" lon="-93.121014"></trkpt><trkpt lat="36.911635" lon="-93.120843"></trkpt><trkpt lat="36.911581" lon="-93.120819"></trkpt><trkpt lat="36.911520" lon="-93.120839"></trkpt><trkpt lat="36.911278" lon="-93.120636"></trkpt><trkpt lat="36.910798" lon="-93.120365"></trkpt><trkpt lat="36.910723" lon="-93.120386"></trkpt><trkpt lat="36.910640" lon="-93.120461"></trkpt><trkpt lat="36.910560" lon="-93.120476"></trkpt><trkpt lat="36.910463" lon="-93.120396"></trkpt><trkpt lat="36.910298" lon="-93.120346"></trkpt><trkpt lat="36.910209" lon="-93.120262"></trkpt><trkpt lat="36.910156" lon="-93.120252"></trkpt><trkpt lat="36.909989" lon="-93.120313"></trkpt><trkpt lat="36.909916" lon="-93.120200"></trkpt><trkpt lat="36.909838" lon="-93.120155"></trkpt><trkpt lat="36.909679" lon="-93.120162"></trkpt><trkpt lat="36.909463" lon="-93.120070"></trkpt><trkpt lat="36.909351" lon="-93.120055"></trkpt><trkpt lat="36.909239" lon="-93.119921"></trkpt><trkpt lat="36.908879" lon="-93.119733"></trkpt><trkpt lat="36.908828" lon="-93.119791"></trkpt><trkpt lat="36.908751" lon="-93.119792"></trkpt><trkpt lat="36.908483" lon="-93.119661"></trkpt><trkpt lat="36.908150" lon="-93.119654"></trkpt><trkpt lat="36.907960" lon="-93.119713"></trkpt><trkpt lat="36.907751" lon="-93.119732"></trkpt><trkpt lat="36.907450" lon="-93.119817"></trkpt><trkpt lat="36.907332" lon="-93.119881"></trkpt><trkpt lat="36.907019" lon="-93.119923"></trkpt><trkpt lat="36.906818" lon="-93.119813"></trkpt><trkpt lat="36.906652" lon="-93.119613"></trkpt><trkpt lat="36.906613" lon="-93.119481"></trkpt><trkpt lat="36.906476" lon="-93.119340"></trkpt><trkpt lat="36.906369" lon="-93.119162"></trkpt><trkpt lat="36.906279" lon="-93.119133"></trkpt><trkpt lat="36.906020" lon="-93.118368"></trkpt><trkpt lat="36.905819" lon="-93.117953"></trkpt><trkpt lat="36.905717" lon="-93.117629"></trkpt><trkpt lat="36.905338" lon="-93.116749"></trkpt><trkpt lat="36.905298" lon="-93.116566"></trkpt><trkpt lat="36.905255" lon="-93.116227"></trkpt><trkpt lat="36.905309" lon="-93.115738"></trkpt><trkpt lat="36.905341" lon="-93.115588"></trkpt><trkpt lat="36.905509" lon="-93.115242"></trkpt><trkpt lat="36.905519" lon="-93.115061"></trkpt><trkpt lat="36.905616" lon="-93.114863"></trkpt><trkpt lat="36.905609" lon="-93.114691"></trkpt><trkpt lat="36.905649" lon="-93.114637"></trkpt><trkpt lat="36.905640" lon="-93.114276"></trkpt><trkpt lat="36.905687" lon="-93.114222"></trkpt><trkpt lat="36.905776" lon="-93.113916"></trkpt><trkpt lat="36.905656" lon="-93.113427"></trkpt><trkpt lat="36.905640" lon="-93.113151"></trkpt><trkpt lat="36.905588" lon="-93.113017"></trkpt></trkseg></trk><trk><name>T011 BR5F828</name><trkseg><trkpt lat="36.901527" lon="-93.108261"></trkpt><trkpt lat="36.902037" lon="-93.107818"></trkpt><trkpt lat="36.902197" lon="-93.107623"></trkpt><trkpt lat="36.902273" lon="-93.107455"></trkpt><trkpt lat="36.902391" lon="-93.107332"></trkpt><trkpt lat="36.902683" lon="-93.107111"></trkpt><trkpt lat="36.902962" lon="-93.106943"></trkpt><trkpt lat="36.903235" lon="-93.106823"></trkpt><trkpt lat="36.903467" lon="-93.106810"></trkpt><trkpt lat="36.903556" lon="-93.106871"></trkpt><trkpt lat="36.903633" lon="-93.106837"></trkpt><trkpt lat="36.903655" lon="-93.106858"></trkpt><trkpt lat="36.904162" lon="-93.106778"></trkpt><trkpt lat="36.904661" lon="-93.106658"></trkpt><trkpt lat="36.905137" lon="-93.106622"></trkpt><trkpt lat="36.905687" lon="-93.106475"></trkpt><trkpt lat="36.905959" lon="-93.106450"></trkpt><trkpt lat="36.906113" lon="-93.106400"></trkpt><trkpt lat="36.906447" lon="-93.106400"></trkpt><trkpt lat="36.907700" lon="-93.106257"></trkpt><trkpt lat="36.908172" lon="-93.106354"></trkpt><trkpt lat="36.908763" lon="-93.106578"></trkpt><trkpt lat="36.909141" lon="-93.106917"></trkpt><trkpt lat="36.909480" lon="-93.107114"></trkpt><trkpt lat="36.909619" lon="-93.107276"></trkpt><trkpt lat="36.909832" lon="-93.107395"></trkpt><trkpt lat="36.909953" lon="-93.107411"></trkpt><trkpt lat="36.910069" lon="-93.107469"></trkpt><trkpt lat="36.910771" lon="-93.108003"></trkpt><trkpt lat="36.910968" lon="-93.108254"></trkpt><trkpt lat="36.911073" lon="-93.108542"></trkpt><trkpt lat="36.911174" lon="-93.108682"></trkpt><trkpt lat="36.911458" lon="-93.108806"></trkpt><trkpt lat="36.911700" lon="-93.109068"></trkpt><trkpt lat="36.911942" lon="-93.109239"></trkpt><trkpt lat="36.912007" lon="-93.109462"></trkpt><trkpt lat="36.912090" lon="-93.109568"></trkpt><trkpt lat="36.912227" lon="-93.109610"></trkpt><trkpt lat="36.912460" lon="-93.109763"></trkpt><trkpt lat="36.912613" lon="-93.109801"></trkpt><trkpt lat="36.912738" lon="-93.109968"></trkpt><trkpt lat="36.913152" lon="-93.110098"></trkpt><trkpt lat="36.913638" lon="-93.110316"></trkpt><trkpt lat="36.913787" lon="-93.110418"></trkpt><trkpt lat="36.914000" lon="-93.110442"></trkpt><trkpt lat="36.914099" lon="-93.110403"></trkpt><trkpt lat="36.914237" lon="-93.110279"></trkpt><trkpt lat="36.914362" lon="-93.110061"></trkpt><trkpt lat="36.914441" lon="-93.110020"></trkpt><trkpt lat="36.914703" lon="-93.109979"></trkpt><trkpt lat="36.914918" lon="-93.110003"></trkpt><trkpt lat="36.915309" lon="-93.109976"></trkpt><trkpt lat="36.915989" lon="-93.109667"></trkpt><trkpt lat="36.916252" lon="-93.109504"></trkpt><trkpt lat="36.916131" lon="-93.109180"></trkpt><trkpt lat="36.916075" lon="-93.108854"></trkpt><trkpt lat="36.915991" lon="-93.108585"></trkpt><trkpt lat="36.916055" lon="-93.108074"></trkpt><trkpt lat="36.916006" lon="-93.107894"></trkpt><trkpt lat="36.915995" lon="-93.107639"></trkpt><trkpt lat="36.915926" lon="-93.107444"></trkpt><trkpt lat="36.915733" lon="-93.107186"></trkpt><trkpt lat="36.915456" lon="-93.106651"></trkpt><trkpt lat="36.915384" lon="-93.106543"></trkpt><trkpt lat="36.915113" lon="-93.106443"></trkpt><trkpt lat="36.914922" lon="-93.106283"></trkpt><trkpt lat="36.914590" lon="-93.106109"></trkpt><trkpt lat="36.914294" lon="-93.105767"></trkpt><trkpt lat="36.914047" lon="-93.105612"></trkpt><trkpt lat="36.913818" lon="-93.105421"></trkpt><trkpt lat="36.913730" lon="-93.105291"></trkpt><trkpt lat="36.913592" lon="-93.105212"></trkpt><trkpt lat="36.913184" lon="-93.104746"></trkpt><trkpt lat="36.912997" lon="-93.104437"></trkpt><trkpt lat="36.912768" lon="-93.104163"></trkpt><trkpt lat="36.912496" lon="-93.103905"></trkpt><trkpt lat="36.912399" lon="-93.103752"></trkpt><trkpt lat="36.912230" lon="-93.103352"></trkpt><trkpt lat="36.911879" lon="-93.102084"></trkpt><trkpt lat="36.911821" lon="-93.101479"></trkpt><trkpt lat="36.911764" lon="-93.101298"></trkpt><trkpt lat="36.911674" lon="-93.101171"></trkpt><trkpt lat="36.911547" lon="-93.100872"></trkpt><trkpt lat="36.911468" lon="-93.100811"></trkpt><trkpt lat="36.911318" lon="-93.100562"></trkpt><trkpt lat="36.911272" lon="-93.100382"></trkpt><trkpt lat="36.911232" lon="-93.100193"></trkpt><trkpt lat="36.911391" lon="-93.099881"></trkpt><trkpt lat="36.911341" lon="-93.099514"></trkpt><trkpt lat="36.911338" lon="-93.099161"></trkpt><trkpt lat="36.911278" lon="-93.098999"></trkpt><trkpt lat="36.911255" lon="-93.098431"></trkpt></trkseg></trk><trk><name>T012 BR5F828</name><trkseg><trkpt lat="36.912782" lon="-93.077339"></trkpt><trkpt lat="36.912976" lon="-93.077306"></trkpt><trkpt lat="36.913046" lon="-93.077353"></trkpt><trkpt lat="36.913075" lon="-93.077481"></trkpt><trkpt lat="36.913141" lon="-93.077580"></trkpt><trkpt lat="36.913159" lon="-93.077740"></trkpt><trkpt lat="36.913251" lon="-93.078013"></trkpt><trkpt lat="36.913365" lon="-93.078119"></trkpt><trkpt lat="36.913493" lon="-93.078135"></trkpt><trkpt lat="36.913564" lon="-93.078082"></trkpt><trkpt lat="36.913940" lon="-93.077515"></trkpt><trkpt lat="36.913947" lon="-93.077348"></trkpt><trkpt lat="36.914028" lon="-93.077044"></trkpt><trkpt lat="36.914004" lon="-93.076742"></trkpt><trkpt lat="36.914033" lon="-93.076305"></trkpt><trkpt lat="36.914024" lon="-93.076180"></trkpt><trkpt lat="36.913737" lon="-93.075886"></trkpt><trkpt lat="36.913651" lon="-93.075676"></trkpt><trkpt lat="36.913601" lon="-93.075367"></trkpt><trkpt lat="36.913551" lon="-93.075272"></trkpt><trkpt lat="36.913568" lon="-93.074678"></trkpt><trkpt lat="36.913704" lon="-93.074480"></trkpt><trkpt lat="36.913905" lon="-93.074437"></trkpt><trkpt lat="36.914098" lon="-93.074353"></trkpt><trkpt lat="36.914436" lon="-93.074411"></trkpt><trkpt lat="36.914507" lon="-93.074457"></trkpt><trkpt lat="36.914740" lon="-93.074510"></trkpt><trkpt lat="36.914868" lon="-93.074504"></trkpt><trkpt lat="36.914970" lon="-93.074407"></trkpt><trkpt lat="36.915065" lon="-93.073761"></trkpt><trkpt lat="36.914886" lon="-93.072999"></trkpt><trkpt lat="36.914531" lon="-93.071762"></trkpt><trkpt lat="36.914488" lon="-93.071397"></trkpt><trkpt lat="36.914529" lon="-93.071212"></trkpt><trkpt lat="36.914995" lon="-93.070780"></trkpt><trkpt lat="36.915313" lon="-93.070642"></trkpt><trkpt lat="36.916419" lon="-93.071046"></trkpt><trkpt lat="36.916571" lon="-93.071074"></trkpt><trkpt lat="36.916907" lon="-93.071219"></trkpt><trkpt lat="36.917089" lon="-93.071228"></trkpt><trkpt lat="36.917651" lon="-93.071360"></trkpt><trkpt lat="36.917844" lon="-93.071439"></trkpt><trkpt lat="36.918032" lon="-93.071576"></trkpt><trkpt lat="36.918233" lon="-93.071626"></trkpt><trkpt lat="36.918825" lon="-93.071675"></trkpt><trkpt lat="36.919181" lon="-93.071794"></trkpt><trkpt lat="36.919671" lon="-93.072086"></trkpt><trkpt lat="36.920057" lon="-93.072234"></trkpt><trkpt lat="36.920432" lon="-93.072434"></trkpt><trkpt lat="36.921069" lon="-93.073089"></trkpt><trkpt lat="36.921256" lon="-93.073200"></trkpt><trkpt lat="36.921871" lon="-93.073349"></trkpt><trkpt lat="36.922316" lon="-93.073357"></trkpt><trkpt lat="36.922557" lon="-93.073399"></trkpt><trkpt lat="36.922779" lon="-93.073528"></trkpt><trkpt lat="36.923200" lon="-93.073850"></trkpt><trkpt lat="36.923617" lon="-93.074179"></trkpt><trkpt lat="36.923795" lon="-93.074364"></trkpt><trkpt lat="36.924338" lon="-93.075175"></trkpt><trkpt lat="36.924557" lon="-93.075871"></trkpt><trkpt lat="36.925049" lon="-93.077020"></trkpt><trkpt lat="36.925456" lon="-93.077846"></trkpt><trkpt lat="36.925815" lon="-93.078288"></trkpt><trkpt lat="36.925950" lon="-93.078522"></trkpt><trkpt lat="36.926199" lon="-93.079081"></trkpt><trkpt lat="36.926350" lon="-93.079344"></trkpt><trkpt lat="36.926612" lon="-93.080036"></trkpt><trkpt lat="36.926636" lon="-93.080077"></trkpt><trkpt lat="36.926837" lon="-93.080170"></trkpt><trkpt lat="36.926955" lon="-93.080267"></trkpt><trkpt lat="36.927175" lon="-93.080510"></trkpt><trkpt lat="36.927361" lon="-93.081024"></trkpt><trkpt lat="36.927519" lon="-93.081305"></trkpt><trkpt lat="36.927525" lon="-93.081498"></trkpt><trkpt lat="36.927613" lon="-93.081659"></trkpt><trkpt lat="36.927657" lon="-93.081829"></trkpt><trkpt lat="36.927814" lon="-93.082118"></trkpt><trkpt lat="36.927791" lon="-93.082679"></trkpt><trkpt lat="36.927678" lon="-93.082946"></trkpt><trkpt lat="36.927751" lon="-93.083119"></trkpt><trkpt lat="36.927669" lon="-93.083196"></trkpt><trkpt lat="36.927727" lon="-93.083325"></trkpt><trkpt lat="36.927851" lon="-93.083933"></trkpt><trkpt lat="36.927728" lon="-93.084468"></trkpt><trkpt lat="36.927725" lon="-93.084600"></trkpt><trkpt lat="36.927799" lon="-93.084740"></trkpt><trkpt lat="36.927708" lon="-93.085042"></trkpt><trkpt lat="36.927634" lon="-93.085152"></trkpt><trkpt lat="36.927639" lon="-93.085201"></trkpt><trkpt lat="36.927548" lon="-93.085393"></trkpt><trkpt lat="36.927429" lon="-93.085596"></trkpt><trkpt lat="36.927145" lon="-93.085852"></trkpt><trkpt lat="36.927097" lon="-93.085969"></trkpt><trkpt lat="36.926976" lon="-93.086122"></trkpt><trkpt lat="36.926953" lon="-93.086303"></trkpt><trkpt lat="36.926887" lon="-93.086404"></trkpt><trkpt lat="36.926679" lon="-93.086490"></trkpt><trkpt lat="36.926373" lon="-93.086467"></trkpt><trkpt lat="36.926354" lon="-93.086561"></trkpt><trkpt lat="36.926481" lon="-93.086961"></trkpt><trkpt lat="36.926432" lon="-93.087115"></trkpt><trkpt lat="36.926148" lon="-93.087126"></trkpt><trkpt lat="36.926063" lon="-93.087086"></trkpt><trkpt lat="36.926005" lon="-93.086985"></trkpt><trkpt lat="36.925933" lon="-93.087005"></trkpt><trkpt lat="36.925940" lon="-93.087122"></trkpt><trkpt lat="36.925874" lon="-93.087150"></trkpt></trkseg></trk><trk><name>T013 BR5F828</name><trkseg><trkpt lat="36.921689" lon="-93.094037"></trkpt><trkpt lat="36.921532" lon="-93.093737"></trkpt><trkpt lat="36.921405" lon="-93.093161"></trkpt><trkpt lat="36.921194" lon="-93.092925"></trkpt><trkpt lat="36.921129" lon="-93.092801"></trkpt><trkpt lat="36.921045" lon="-93.092765"></trkpt><trkpt lat="36.920830" lon="-93.092575"></trkpt><trkpt lat="36.920687" lon="-93.092308"></trkpt><trkpt lat="36.920471" lon="-93.092137"></trkpt><trkpt lat="36.920409" lon="-93.091949"></trkpt><trkpt lat="36.920272" lon="-93.091895"></trkpt><trkpt lat="36.920074" lon="-93.091384"></trkpt><trkpt lat="36.919648" lon="-93.090808"></trkpt><trkpt lat="36.919435" lon="-93.090587"></trkpt><trkpt lat="36.919360" lon="-93.090573"></trkpt><trkpt lat="36.919236" lon="-93.090290"></trkpt><trkpt lat="36.919153" lon="-93.090215"></trkpt><trkpt lat="36.919133" lon="-93.090102"></trkpt><trkpt lat="36.918949" lon="-93.089907"></trkpt><trkpt lat="36.918778" lon="-93.089925"></trkpt><trkpt lat="36.918776" lon="-93.089948"></trkpt><trkpt lat="36.918605" lon="-93.089831"></trkpt><trkpt lat="36.918348" lon="-93.089319"></trkpt><trkpt lat="36.918146" lon="-93.089058"></trkpt><trkpt lat="36.917941" lon="-93.088867"></trkpt><trkpt lat="36.917801" lon="-93.088601"></trkpt><trkpt lat="36.917714" lon="-93.088012"></trkpt><trkpt lat="36.917734" lon="-93.087871"></trkpt><trkpt lat="36.917665" lon="-93.087564"></trkpt><trkpt lat="36.917445" lon="-93.087310"></trkpt><trkpt lat="36.917407" lon="-93.087222"></trkpt><trkpt lat="36.917152" lon="-93.087052"></trkpt><trkpt lat="36.917079" lon="-93.086884"></trkpt></trkseg></trk><trk><name>T014 BR5F828</name><trkseg><trkpt lat="36.892359" lon="-93.100242"></trkpt><trkpt lat="36.891953" lon="-93.099782"></trkpt><trkpt lat="36.891665" lon="-93.099725"></trkpt><trkpt lat="36.891412" lon="-93.099826"></trkpt><trkpt lat="36.891277" lon="-93.100039"></trkpt><trkpt lat="36.891259" lon="-93.100174"></trkpt></trkseg></trk><trk><name>T015 BR5F828</name><trkseg><trkpt lat="36.890007" lon="-93.122736"></trkpt><trkpt lat="36.889872" lon="-93.122523"></trkpt><trkpt lat="36.889676" lon="-93.121948"></trkpt><trkpt lat="36.889520" lon="-93.121680"></trkpt><trkpt lat="36.888937" lon="-93.121570"></trkpt><trkpt lat="36.888500" lon="-93.121626"></trkpt><trkpt lat="36.888250" lon="-93.121605"></trkpt><trkpt lat="36.887903" lon="-93.121684"></trkpt><trkpt lat="36.887666" lon="-93.121670"></trkpt><trkpt lat="36.887459" lon="-93.121727"></trkpt><trkpt lat="36.887204" lon="-93.121713"></trkpt><trkpt lat="36.886787" lon="-93.121792"></trkpt><trkpt lat="36.886533" lon="-93.121907"></trkpt><trkpt lat="36.885959" lon="-93.121794"></trkpt><trkpt lat="36.885890" lon="-93.121676"></trkpt><trkpt lat="36.885910" lon="-93.121514"></trkpt></trkseg></trk><trk><name>T016 BR5F828</name><trkseg><trkpt lat="36.894485" lon="-93.118642"></trkpt><trkpt lat="36.894427" lon="-93.118899"></trkpt><trkpt lat="36.894413" lon="-93.119314"></trkpt><trkpt lat="36.894354" lon="-93.119585"></trkpt><trkpt lat="36.894189" lon="-93.119850"></trkpt><trkpt lat="36.893980" lon="-93.120337"></trkpt><trkpt lat="36.893871" lon="-93.121057"></trkpt><trkpt lat="36.893905" lon="-93.121488"></trkpt><trkpt lat="36.893866" lon="-93.121777"></trkpt><trkpt lat="36.893879" lon="-93.122176"></trkpt><trkpt lat="36.893747" lon="-93.122572"></trkpt><trkpt lat="36.893543" lon="-93.122943"></trkpt><trkpt lat="36.893469" lon="-93.123167"></trkpt><trkpt lat="36.893520" lon="-93.123539"></trkpt><trkpt lat="36.893672" lon="-93.123889"></trkpt><trkpt lat="36.894118" lon="-93.124340"></trkpt><trkpt lat="36.894512" lon="-93.125044"></trkpt><trkpt lat="36.894686" lon="-93.125293"></trkpt><trkpt lat="36.894724" lon="-93.125394"></trkpt><trkpt lat="36.894724" lon="-93.125733"></trkpt><trkpt lat="36.894697" lon="-93.125814"></trkpt><trkpt lat="36.894627" lon="-93.125884"></trkpt><trkpt lat="36.894510" lon="-93.125932"></trkpt><trkpt lat="36.894458" lon="-93.125998"></trkpt><trkpt lat="36.894295" lon="-93.125954"></trkpt><trkpt lat="36.894036" lon="-93.126095"></trkpt><trkpt lat="36.893967" lon="-93.126198"></trkpt><trkpt lat="36.893343" lon="-93.126456"></trkpt><trkpt lat="36.893252" lon="-93.126554"></trkpt><trkpt lat="36.893065" lon="-93.126902"></trkpt><trkpt lat="36.892742" lon="-93.127317"></trkpt><trkpt lat="36.892602" lon="-93.127549"></trkpt><trkpt lat="36.892552" lon="-93.127815"></trkpt><trkpt lat="36.892617" lon="-93.127911"></trkpt><trkpt lat="36.892678" lon="-93.128137"></trkpt><trkpt lat="36.892601" lon="-93.128385"></trkpt><trkpt lat="36.892623" lon="-93.128407"></trkpt><trkpt lat="36.892508" lon="-93.128572"></trkpt><trkpt lat="36.892510" lon="-93.128628"></trkpt><trkpt lat="36.892352" lon="-93.128919"></trkpt><trkpt lat="36.892148" lon="-93.129226"></trkpt><trkpt lat="36.892105" lon="-93.129245"></trkpt><trkpt lat="36.891871" lon="-93.129138"></trkpt><trkpt lat="36.891790" lon="-93.129139"></trkpt><trkpt lat="36.891575" lon="-93.128940"></trkpt><trkpt lat="36.891411" lon="-93.128565"></trkpt><trkpt lat="36.891141" lon="-93.128218"></trkpt><trkpt lat="36.891125" lon="-93.128261"></trkpt><trkpt lat="36.891074" lon="-93.128224"></trkpt><trkpt lat="36.890997" lon="-93.128286"></trkpt><trkpt lat="36.890969" lon="-93.128258"></trkpt><trkpt lat="36.890659" lon="-93.128310"></trkpt><trkpt lat="36.890533" lon="-93.128404"></trkpt><trkpt lat="36.890469" lon="-93.128506"></trkpt><trkpt lat="36.890405" lon="-93.128641"></trkpt><trkpt lat="36.890473" lon="-93.128692"></trkpt><trkpt lat="36.890444" lon="-93.128787"></trkpt><trkpt lat="36.890427" lon="-93.129166"></trkpt><trkpt lat="36.890366" lon="-93.129313"></trkpt><trkpt lat="36.890315" lon="-93.129358"></trkpt><trkpt lat="36.890342" lon="-93.129418"></trkpt><trkpt lat="36.890299" lon="-93.129491"></trkpt><trkpt lat="36.890361" lon="-93.129591"></trkpt><trkpt lat="36.890302" lon="-93.129681"></trkpt><trkpt lat="36.890363" lon="-93.129839"></trkpt><trkpt lat="36.890316" lon="-93.130046"></trkpt><trkpt lat="36.890352" lon="-93.130229"></trkpt><trkpt lat="36.890297" lon="-93.130699"></trkpt><trkpt lat="36.890315" lon="-93.130945"></trkpt><trkpt lat="36.890377" lon="-93.131033"></trkpt><trkpt lat="36.890378" lon="-93.131127"></trkpt><trkpt lat="36.890421" lon="-93.131210"></trkpt><trkpt lat="36.890487" lon="-93.131272"></trkpt><trkpt lat="36.890588" lon="-93.131506"></trkpt><trkpt lat="36.890622" lon="-93.131502"></trkpt><trkpt lat="36.890875" lon="-93.131992"></trkpt><trkpt lat="36.891504" lon="-93.132310"></trkpt><trkpt lat="36.891709" lon="-93.132558"></trkpt><trkpt lat="36.891892" lon="-93.132555"></trkpt><trkpt lat="36.892840" lon="-93.131699"></trkpt><trkpt lat="36.892956" lon="-93.131514"></trkpt><trkpt lat="36.893050" lon="-93.131468"></trkpt><trkpt lat="36.893157" lon="-93.131093"></trkpt><trkpt lat="36.893210" lon="-93.131056"></trkpt><trkpt lat="36.893210" lon="-93.130987"></trkpt><trkpt lat="36.893186" lon="-93.130976"></trkpt><trkpt lat="36.893367" lon="-93.130694"></trkpt><trkpt lat="36.893885" lon="-93.130199"></trkpt><trkpt lat="36.894231" lon="-93.129727"></trkpt><trkpt lat="36.894422" lon="-93.129638"></trkpt><trkpt lat="36.894811" lon="-93.128976"></trkpt><trkpt lat="36.894924" lon="-93.128903"></trkpt><trkpt lat="36.895027" lon="-93.128573"></trkpt><trkpt lat="36.895140" lon="-93.128554"></trkpt><trkpt lat="36.895186" lon="-93.128450"></trkpt><trkpt lat="36.895435" lon="-93.128283"></trkpt><trkpt lat="36.895594" lon="-93.128261"></trkpt><trkpt lat="36.895756" lon="-93.128170"></trkpt><trkpt lat="36.895864" lon="-93.128064"></trkpt><trkpt lat="36.895860" lon="-93.127979"></trkpt></trkseg></trk><trk><name>T017 BR5F828</name><trkseg><trkpt lat="36.894724" lon="-93.125733"></trkpt><trkpt lat="36.894817" lon="-93.125797"></trkpt><trkpt lat="36.894889" lon="-93.126159"></trkpt><trkpt lat="36.895140" lon="-93.126643"></trkpt><trkpt lat="36.895384" lon="-93.127324"></trkpt><trkpt lat="36.895656" lon="-93.127733"></trkpt><trkpt lat="36.895837" lon="-93.127933"></trkpt><trkpt lat="36.896127" lon="-93.128519"></trkpt><trkpt lat="36.896206" lon="-93.128877"></trkpt><trkpt lat="36.896148" lon="-93.129152"></trkpt><trkpt lat="36.896023" lon="-93.129312"></trkpt><trkpt lat="36.895487" lon="-93.129832"></trkpt><trkpt lat="36.895916" lon="-93.129969"></trkpt><trkpt lat="36.896042" lon="-93.130049"></trkpt><trkpt lat="36.896174" lon="-93.130254"></trkpt><trkpt lat="36.896450" lon="-93.130392"></trkpt><trkpt lat="36.896642" lon="-93.130375"></trkpt><trkpt lat="36.896935" lon="-93.130205"></trkpt><trkpt lat="36.897467" lon="-93.129731"></trkpt><trkpt lat="36.897499" lon="-93.129759"></trkpt><trkpt lat="36.897497" lon="-93.129827"></trkpt><trkpt lat="36.897437" lon="-93.129943"></trkpt><trkpt lat="36.897507" lon="-93.130060"></trkpt><trkpt lat="36.897635" lon="-93.129837"></trkpt><trkpt lat="36.897848" lon="-93.129623"></trkpt><trkpt lat="36.897851" lon="-93.129503"></trkpt><trkpt lat="36.897910" lon="-93.129392"></trkpt><trkpt lat="36.898065" lon="-93.129321"></trkpt><trkpt lat="36.898136" lon="-93.129345"></trkpt><trkpt lat="36.898274" lon="-93.129322"></trkpt><trkpt lat="36.898323" lon="-93.129233"></trkpt><trkpt lat="36.898447" lon="-93.129169"></trkpt><trkpt lat="36.898556" lon="-93.129062"></trkpt><trkpt lat="36.898657" lon="-93.128864"></trkpt><trkpt lat="36.898788" lon="-93.128739"></trkpt><trkpt lat="36.898921" lon="-93.128394"></trkpt><trkpt lat="36.898872" lon="-93.127987"></trkpt><trkpt lat="36.898904" lon="-93.127961"></trkpt><trkpt lat="36.899062" lon="-93.128010"></trkpt><trkpt lat="36.899143" lon="-93.127980"></trkpt><trkpt lat="36.899240" lon="-93.127771"></trkpt><trkpt lat="36.899217" lon="-93.127637"></trkpt><trkpt lat="36.899299" lon="-93.127634"></trkpt><trkpt lat="36.899343" lon="-93.127583"></trkpt><trkpt lat="36.899617" lon="-93.127482"></trkpt><trkpt lat="36.899941" lon="-93.127478"></trkpt><trkpt lat="36.900048" lon="-93.127380"></trkpt><trkpt lat="36.900239" lon="-93.127381"></trkpt><trkpt lat="36.900382" lon="-93.127328"></trkpt><trkpt lat="36.900580" lon="-93.127313"></trkpt><trkpt lat="36.900671" lon="-93.127352"></trkpt><trkpt lat="36.900752" lon="-93.127301"></trkpt><trkpt lat="36.900858" lon="-93.127372"></trkpt><trkpt lat="36.900987" lon="-93.127558"></trkpt><trkpt lat="36.901583" lon="-93.127817"></trkpt><trkpt lat="36.902052" lon="-93.128088"></trkpt><trkpt lat="36.902391" lon="-93.128142"></trkpt><trkpt lat="36.902465" lon="-93.128145"></trkpt><trkpt lat="36.902522" lon="-93.128111"></trkpt><trkpt lat="36.902671" lon="-93.127994"></trkpt><trkpt lat="36.902675" lon="-93.127950"></trkpt><trkpt lat="36.902599" lon="-93.127891"></trkpt><trkpt lat="36.902661" lon="-93.127741"></trkpt><trkpt lat="36.902622" lon="-93.127677"></trkpt><trkpt lat="36.902681" lon="-93.127387"></trkpt><trkpt lat="36.902656" lon="-93.127390"></trkpt><trkpt lat="36.902717" lon="-93.127244"></trkpt><trkpt lat="36.902676" lon="-93.127186"></trkpt><trkpt lat="36.902732" lon="-93.127094"></trkpt><trkpt lat="36.902712" lon="-93.127022"></trkpt><trkpt lat="36.902629" lon="-93.126961"></trkpt><trkpt lat="36.902654" lon="-93.126752"></trkpt><trkpt lat="36.902573" lon="-93.126589"></trkpt><trkpt lat="36.902557" lon="-93.126473"></trkpt><trkpt lat="36.902638" lon="-93.126065"></trkpt><trkpt lat="36.902797" lon="-93.125831"></trkpt><trkpt lat="36.902835" lon="-93.125832"></trkpt><trkpt lat="36.902935" lon="-93.125698"></trkpt><trkpt lat="36.902975" lon="-93.125408"></trkpt><trkpt lat="36.902946" lon="-93.125218"></trkpt><trkpt lat="36.902954" lon="-93.124812"></trkpt><trkpt lat="36.903061" lon="-93.124569"></trkpt><trkpt lat="36.903151" lon="-93.124463"></trkpt><trkpt lat="36.903125" lon="-93.124443"></trkpt><trkpt lat="36.903149" lon="-93.124357"></trkpt><trkpt lat="36.903091" lon="-93.124144"></trkpt><trkpt lat="36.903094" lon="-93.123824"></trkpt><trkpt lat="36.903159" lon="-93.123461"></trkpt><trkpt lat="36.903122" lon="-93.123134"></trkpt><trkpt lat="36.903081" lon="-93.123048"></trkpt><trkpt lat="36.903120" lon="-93.122876"></trkpt><trkpt lat="36.903024" lon="-93.122670"></trkpt><trkpt lat="36.903008" lon="-93.122475"></trkpt><trkpt lat="36.902883" lon="-93.122370"></trkpt><trkpt lat="36.902881" lon="-93.122195"></trkpt><trkpt lat="36.902802" lon="-93.122106"></trkpt><trkpt lat="36.902660" lon="-93.121400"></trkpt><trkpt lat="36.902605" lon="-93.120890"></trkpt><trkpt lat="36.902529" lon="-93.120630"></trkpt><trkpt lat="36.902428" lon="-93.120456"></trkpt><trkpt lat="36.902350" lon="-93.120177"></trkpt><trkpt lat="36.902428" lon="-93.119970"></trkpt><trkpt lat="36.902399" lon="-93.119719"></trkpt><trkpt lat="36.902418" lon="-93.119588"></trkpt><trkpt lat="36.902452" lon="-93.119525"></trkpt><trkpt lat="36.902580" lon="-93.119431"></trkpt><trkpt lat="36.902649" lon="-93.119225"></trkpt><trkpt lat="36.902608" lon="-93.119060"></trkpt><trkpt lat="36.902534" lon="-93.119004"></trkpt><trkpt lat="36.902525" lon="-93.118892"></trkpt><trkpt lat="36.902625" lon="-93.118642"></trkpt><trkpt lat="36.902612" lon="-93.118592"></trkpt><trkpt lat="36.902438" lon="-93.118372"></trkpt><trkpt lat="36.902379" lon="-93.118231"></trkpt><trkpt lat="36.902470" lon="-93.117934"></trkpt><trkpt lat="36.902485" lon="-93.117613"></trkpt><trkpt lat="36.902375" lon="-93.117471"></trkpt><trkpt lat="36.902288" lon="-93.116787"></trkpt><trkpt lat="36.902180" lon="-93.116848"></trkpt><trkpt lat="36.902133" lon="-93.116842"></trkpt><trkpt lat="36.902085" lon="-93.116778"></trkpt><trkpt lat="36.902060" lon="-93.116653"></trkpt><trkpt lat="36.901986" lon="-93.116576"></trkpt><trkpt lat="36.901979" lon="-93.116464"></trkpt><trkpt lat="36.902038" lon="-93.116435"></trkpt><trkpt lat="36.902023" lon="-93.116312"></trkpt><trkpt lat="36.901867" lon="-93.115849"></trkpt><trkpt lat="36.901758" lon="-93.115733"></trkpt><trkpt lat="36.901668" lon="-93.115413"></trkpt><trkpt lat="36.901495" lon="-93.115180"></trkpt><trkpt lat="36.901533" lon="-93.114967"></trkpt><trkpt lat="36.901486" lon="-93.114963"></trkpt><trkpt lat="36.901362" lon="-93.115046"></trkpt><trkpt lat="36.901274" lon="-93.114805"></trkpt><trkpt lat="36.901145" lon="-93.114664"></trkpt><trkpt lat="36.901170" lon="-93.114288"></trkpt><trkpt lat="36.901213" lon="-93.114140"></trkpt><trkpt lat="36.901215" lon="-93.114068"></trkpt><trkpt lat="36.901180" lon="-93.114049"></trkpt><trkpt lat="36.901236" lon="-93.113840"></trkpt><trkpt lat="36.901224" lon="-93.113700"></trkpt><trkpt lat="36.901191" lon="-93.113656"></trkpt><trkpt lat="36.901162" lon="-93.113394"></trkpt><trkpt lat="36.901098" lon="-93.113383"></trkpt><trkpt lat="36.901123" lon="-93.113235"></trkpt><trkpt lat="36.901043" lon="-93.113237"></trkpt><trkpt lat="36.901039" lon="-93.113103"></trkpt><trkpt lat="36.900964" lon="-93.112993"></trkpt><trkpt lat="36.900969" lon="-93.112685"></trkpt><trkpt lat="36.900895" lon="-93.112552"></trkpt><trkpt lat="36.900984" lon="-93.112332"></trkpt><trkpt lat="36.900980" lon="-93.112269"></trkpt><trkpt lat="36.900859" lon="-93.112061"></trkpt><trkpt lat="36.900837" lon="-93.111779"></trkpt><trkpt lat="36.900838" lon="-93.111708"></trkpt><trkpt lat="36.900897" lon="-93.111596"></trkpt><trkpt lat="36.900963" lon="-93.110981"></trkpt><trkpt lat="36.901018" lon="-93.110866"></trkpt><trkpt lat="36.901000" lon="-93.110810"></trkpt><trkpt lat="36.900950" lon="-93.110800"></trkpt><trkpt lat="36.900920" lon="-93.110619"></trkpt><trkpt lat="36.900861" lon="-93.110615"></trkpt><trkpt lat="36.900822" lon="-93.110418"></trkpt><trkpt lat="36.900879" lon="-93.110228"></trkpt><trkpt lat="36.900844" lon="-93.110091"></trkpt><trkpt lat="36.900741" lon="-93.109998"></trkpt><trkpt lat="36.900724" lon="-93.109780"></trkpt><trkpt lat="36.900787" lon="-93.109597"></trkpt><trkpt lat="36.900465" lon="-93.108804"></trkpt><trkpt lat="36.900428" lon="-93.108742"></trkpt><trkpt lat="36.900340" lon="-93.108764"></trkpt><trkpt lat="36.900328" lon="-93.108641"></trkpt><trkpt lat="36.900042" lon="-93.108845"></trkpt><trkpt lat="36.899984" lon="-93.109234"></trkpt><trkpt lat="36.899851" lon="-93.109371"></trkpt><trkpt lat="36.899755" lon="-93.109624"></trkpt><trkpt lat="36.899636" lon="-93.109774"></trkpt><trkpt lat="36.899626" lon="-93.109911"></trkpt><trkpt lat="36.899793" lon="-93.110170"></trkpt><trkpt lat="36.899609" lon="-93.110450"></trkpt><trkpt lat="36.899499" lon="-93.110498"></trkpt><trkpt lat="36.899298" lon="-93.110744"></trkpt><trkpt lat="36.899107" lon="-93.110874"></trkpt><trkpt lat="36.899113" lon="-93.110962"></trkpt><trkpt lat="36.899021" lon="-93.111147"></trkpt></trkseg></trk><trk><name>T018 BR5F828</name><trkseg><trkpt lat="36.906718" lon="-93.098782"></trkpt><trkpt lat="36.906828" lon="-93.098613"></trkpt><trkpt lat="36.906913" lon="-93.098311"></trkpt><trkpt lat="36.906954" lon="-93.098308"></trkpt><trkpt lat="36.907011" lon="-93.098220"></trkpt><trkpt lat="36.906966" lon="-93.098169"></trkpt><trkpt lat="36.906977" lon="-93.097823"></trkpt><trkpt lat="36.906895" lon="-93.097625"></trkpt><trkpt lat="36.906915" lon="-93.097483"></trkpt><trkpt lat="36.906810" lon="-93.097360"></trkpt><trkpt lat="36.906643" lon="-93.097001"></trkpt><trkpt lat="36.906131" lon="-93.096596"></trkpt><trkpt lat="36.906048" lon="-93.096409"></trkpt><trkpt lat="36.905867" lon="-93.096184"></trkpt><trkpt lat="36.905590" lon="-93.095640"></trkpt><trkpt lat="36.905543" lon="-93.095441"></trkpt><trkpt lat="36.905412" lon="-93.095215"></trkpt><trkpt lat="36.905394" lon="-93.094889"></trkpt><trkpt lat="36.905002" lon="-93.094261"></trkpt><trkpt lat="36.904964" lon="-93.094220"></trkpt><trkpt lat="36.904885" lon="-93.094230"></trkpt><trkpt lat="36.904814" lon="-93.094164"></trkpt><trkpt lat="36.904649" lon="-93.093739"></trkpt><trkpt lat="36.904582" lon="-93.093421"></trkpt><trkpt lat="36.904583" lon="-93.093255"></trkpt><trkpt lat="36.904617" lon="-93.093089"></trkpt><trkpt lat="36.904690" lon="-93.092960"></trkpt><trkpt lat="36.904594" lon="-93.092655"></trkpt><trkpt lat="36.904577" lon="-93.092320"></trkpt><trkpt lat="36.904473" lon="-93.091802"></trkpt><trkpt lat="36.904521" lon="-93.091458"></trkpt><trkpt lat="36.904492" lon="-93.091409"></trkpt><trkpt lat="36.904532" lon="-93.091358"></trkpt><trkpt lat="36.904537" lon="-93.091254"></trkpt><trkpt lat="36.904420" lon="-93.091097"></trkpt><trkpt lat="36.904352" lon="-93.090826"></trkpt><trkpt lat="36.904327" lon="-93.090481"></trkpt><trkpt lat="36.904222" lon="-93.090026"></trkpt><trkpt lat="36.904205" lon="-93.089821"></trkpt></trkseg></trk><trk><name>T019 BR5F828</name><trkseg><trkpt lat="36.877780" lon="-93.137279"></trkpt><trkpt lat="36.877895" lon="-93.137256"></trkpt><trkpt lat="36.878014" lon="-93.137390"></trkpt><trkpt lat="36.878105" lon="-93.137397"></trkpt><trkpt lat="36.878467" lon="-93.137303"></trkpt><trkpt lat="36.878519" lon="-93.137260"></trkpt><trkpt lat="36.878630" lon="-93.137044"></trkpt><trkpt lat="36.878797" lon="-93.136891"></trkpt><trkpt lat="36.878967" lon="-93.136916"></trkpt><trkpt lat="36.879266" lon="-93.137299"></trkpt><trkpt lat="36.879325" lon="-93.137235"></trkpt><trkpt lat="36.879348" lon="-93.137133"></trkpt><trkpt lat="36.879394" lon="-93.137112"></trkpt><trkpt lat="36.879475" lon="-93.137144"></trkpt><trkpt lat="36.879573" lon="-93.137094"></trkpt><trkpt lat="36.879657" lon="-93.136943"></trkpt><trkpt lat="36.879990" lon="-93.136857"></trkpt><trkpt lat="36.880077" lon="-93.136899"></trkpt><trkpt lat="36.880131" lon="-93.136877"></trkpt><trkpt lat="36.880254" lon="-93.136937"></trkpt><trkpt lat="36.880345" lon="-93.136906"></trkpt><trkpt lat="36.880478" lon="-93.136938"></trkpt><trkpt lat="36.880621" lon="-93.136819"></trkpt><trkpt lat="36.880716" lon="-93.136797"></trkpt><trkpt lat="36.880705" lon="-93.136761"></trkpt><trkpt lat="36.880767" lon="-93.136781"></trkpt><trkpt lat="36.880838" lon="-93.136728"></trkpt><trkpt lat="36.880828" lon="-93.136660"></trkpt><trkpt lat="36.880951" lon="-93.136572"></trkpt><trkpt lat="36.881105" lon="-93.136539"></trkpt><trkpt lat="36.881344" lon="-93.136587"></trkpt><trkpt lat="36.881442" lon="-93.136520"></trkpt><trkpt lat="36.881545" lon="-93.136526"></trkpt><trkpt lat="36.881736" lon="-93.136425"></trkpt><trkpt lat="36.881790" lon="-93.136364"></trkpt><trkpt lat="36.881970" lon="-93.136384"></trkpt><trkpt lat="36.882124" lon="-93.136266"></trkpt><trkpt lat="36.882186" lon="-93.136252"></trkpt><trkpt lat="36.882428" lon="-93.136047"></trkpt><trkpt lat="36.882671" lon="-93.136038"></trkpt><trkpt lat="36.882882" lon="-93.135915"></trkpt><trkpt lat="36.882909" lon="-93.135868"></trkpt><trkpt lat="36.883102" lon="-93.135852"></trkpt><trkpt lat="36.883609" lon="-93.135702"></trkpt><trkpt lat="36.884112" lon="-93.135711"></trkpt><trkpt lat="36.884268" lon="-93.135643"></trkpt><trkpt lat="36.884608" lon="-93.135703"></trkpt><trkpt lat="36.884903" lon="-93.135678"></trkpt><trkpt lat="36.885244" lon="-93.135544"></trkpt><trkpt lat="36.885348" lon="-93.135592"></trkpt><trkpt lat="36.885556" lon="-93.135879"></trkpt><trkpt lat="36.885508" lon="-93.136024"></trkpt><trkpt lat="36.885341" lon="-93.136203"></trkpt><trkpt lat="36.885248" lon="-93.136396"></trkpt><trkpt lat="36.885224" lon="-93.136818"></trkpt><trkpt lat="36.885162" lon="-93.137146"></trkpt><trkpt lat="36.885172" lon="-93.137455"></trkpt><trkpt lat="36.885133" lon="-93.137598"></trkpt><trkpt lat="36.885062" lon="-93.137721"></trkpt><trkpt lat="36.884655" lon="-93.138149"></trkpt><trkpt lat="36.884578" lon="-93.138268"></trkpt><trkpt lat="36.884477" lon="-93.138944"></trkpt><trkpt lat="36.884486" lon="-93.139259"></trkpt><trkpt lat="36.884443" lon="-93.139403"></trkpt><trkpt lat="36.884359" lon="-93.139500"></trkpt><trkpt lat="36.883855" lon="-93.139800"></trkpt><trkpt lat="36.883100" lon="-93.140363"></trkpt><trkpt lat="36.882900" lon="-93.140678"></trkpt><trkpt lat="36.882770" lon="-93.141402"></trkpt><trkpt lat="36.882690" lon="-93.141532"></trkpt><trkpt lat="36.882383" lon="-93.141873"></trkpt><trkpt lat="36.882337" lon="-93.141995"></trkpt><trkpt lat="36.882269" lon="-93.142060"></trkpt><trkpt lat="36.882235" lon="-93.142183"></trkpt><trkpt lat="36.882161" lon="-93.142115"></trkpt><trkpt lat="36.882106" lon="-93.142135"></trkpt><trkpt lat="36.881764" lon="-93.142361"></trkpt><trkpt lat="36.881743" lon="-93.142406"></trkpt><trkpt lat="36.881556" lon="-93.142468"></trkpt><trkpt lat="36.881315" lon="-93.142670"></trkpt><trkpt lat="36.880486" lon="-93.142912"></trkpt><trkpt lat="36.880383" lon="-93.142977"></trkpt><trkpt lat="36.880322" lon="-93.143093"></trkpt><trkpt lat="36.880259" lon="-93.143141"></trkpt><trkpt lat="36.880253" lon="-93.143200"></trkpt><trkpt lat="36.880147" lon="-93.143291"></trkpt><trkpt lat="36.880085" lon="-93.143406"></trkpt><trkpt lat="36.880054" lon="-93.143608"></trkpt><trkpt lat="36.879951" lon="-93.143787"></trkpt><trkpt lat="36.879938" lon="-93.144085"></trkpt><trkpt lat="36.879813" lon="-93.144494"></trkpt><trkpt lat="36.879743" lon="-93.144614"></trkpt><trkpt lat="36.879644" lon="-93.144909"></trkpt><trkpt lat="36.879594" lon="-93.144938"></trkpt><trkpt lat="36.879498" lon="-93.144948"></trkpt><trkpt lat="36.879443" lon="-93.144857"></trkpt><trkpt lat="36.879505" lon="-93.144389"></trkpt><trkpt lat="36.879448" lon="-93.144278"></trkpt><trkpt lat="36.879164" lon="-93.144107"></trkpt><trkpt lat="36.879135" lon="-93.144053"></trkpt><trkpt lat="36.878957" lon="-93.144106"></trkpt><trkpt lat="36.878823" lon="-93.144222"></trkpt><trkpt lat="36.878700" lon="-93.144414"></trkpt><trkpt lat="36.878564" lon="-93.144390"></trkpt><trkpt lat="36.878518" lon="-93.144298"></trkpt><trkpt lat="36.878476" lon="-93.144297"></trkpt><trkpt lat="36.878321" lon="-93.144370"></trkpt><trkpt lat="36.878264" lon="-93.144430"></trkpt><trkpt lat="36.878165" lon="-93.144457"></trkpt><trkpt lat="36.878131" lon="-93.144445"></trkpt><trkpt lat="36.877957" lon="-93.144123"></trkpt><trkpt lat="36.877794" lon="-93.144036"></trkpt><trkpt lat="36.877676" lon="-93.144051"></trkpt><trkpt lat="36.877608" lon="-93.144206"></trkpt><trkpt lat="36.877608" lon="-93.144557"></trkpt><trkpt lat="36.877529" lon="-93.144963"></trkpt><trkpt lat="36.877574" lon="-93.145227"></trkpt><trkpt lat="36.877518" lon="-93.145496"></trkpt><trkpt lat="36.877393" lon="-93.145725"></trkpt><trkpt lat="36.877328" lon="-93.145737"></trkpt><trkpt lat="36.877295" lon="-93.145709"></trkpt><trkpt lat="36.877247" lon="-93.145504"></trkpt><trkpt lat="36.877074" lon="-93.145094"></trkpt><trkpt lat="36.876810" lon="-93.144850"></trkpt><trkpt lat="36.876545" lon="-93.144315"></trkpt><trkpt lat="36.876476" lon="-93.144108"></trkpt><trkpt lat="36.876216" lon="-93.143666"></trkpt><trkpt lat="36.876183" lon="-93.143445"></trkpt><trkpt lat="36.876192" lon="-93.143186"></trkpt><trkpt lat="36.876334" lon="-93.142482"></trkpt><trkpt lat="36.876420" lon="-93.142217"></trkpt><trkpt lat="36.876399" lon="-93.142058"></trkpt><trkpt lat="36.876210" lon="-93.141857"></trkpt><trkpt lat="36.876019" lon="-93.141741"></trkpt><trkpt lat="36.875791" lon="-93.141304"></trkpt><trkpt lat="36.875616" lon="-93.141061"></trkpt><trkpt lat="36.875449" lon="-93.140610"></trkpt><trkpt lat="36.875195" lon="-93.140186"></trkpt><trkpt lat="36.874970" lon="-93.139948"></trkpt><trkpt lat="36.874794" lon="-93.139877"></trkpt><trkpt lat="36.874427" lon="-93.139610"></trkpt><trkpt lat="36.874180" lon="-93.139232"></trkpt><trkpt lat="36.873726" lon="-93.138375"></trkpt><trkpt lat="36.873664" lon="-93.138117"></trkpt><trkpt lat="36.873470" lon="-93.137595"></trkpt><trkpt lat="36.873332" lon="-93.136978"></trkpt><trkpt lat="36.873058" lon="-93.136586"></trkpt><trkpt lat="36.872928" lon="-93.136341"></trkpt><trkpt lat="36.872856" lon="-93.136229"></trkpt><trkpt lat="36.872610" lon="-93.135997"></trkpt><trkpt lat="36.872275" lon="-93.135851"></trkpt><trkpt lat="36.871782" lon="-93.135533"></trkpt><trkpt lat="36.871401" lon="-93.135315"></trkpt><trkpt lat="36.871285" lon="-93.135281"></trkpt><trkpt lat="36.870814" lon="-93.134981"></trkpt><trkpt lat="36.870576" lon="-93.134928"></trkpt><trkpt lat="36.870411" lon="-93.134844"></trkpt><trkpt lat="36.870235" lon="-93.134570"></trkpt><trkpt lat="36.870109" lon="-93.134493"></trkpt><trkpt lat="36.869740" lon="-93.133991"></trkpt><trkpt lat="36.869731" lon="-93.133925"></trkpt><trkpt lat="36.869633" lon="-93.133805"></trkpt><trkpt lat="36.869576" lon="-93.133587"></trkpt><trkpt lat="36.869486" lon="-93.133481"></trkpt><trkpt lat="36.869386" lon="-93.132814"></trkpt><trkpt lat="36.869352" lon="-93.132782"></trkpt><trkpt lat="36.869342" lon="-93.132615"></trkpt><trkpt lat="36.869313" lon="-93.132581"></trkpt><trkpt lat="36.869367" lon="-93.132017"></trkpt><trkpt lat="36.869373" lon="-93.131799"></trkpt><trkpt lat="36.869343" lon="-93.131689"></trkpt><trkpt lat="36.869372" lon="-93.131584"></trkpt><trkpt lat="36.869496" lon="-93.131430"></trkpt><trkpt lat="36.869505" lon="-93.130957"></trkpt><trkpt lat="36.869615" lon="-93.130743"></trkpt><trkpt lat="36.869561" lon="-93.130428"></trkpt><trkpt lat="36.869585" lon="-93.130246"></trkpt><trkpt lat="36.869938" lon="-93.129303"></trkpt><trkpt lat="36.870024" lon="-93.129231"></trkpt><trkpt lat="36.870083" lon="-93.129227"></trkpt><trkpt lat="36.870464" lon="-93.129299"></trkpt><trkpt lat="36.870620" lon="-93.129400"></trkpt><trkpt lat="36.870767" lon="-93.129373"></trkpt><trkpt lat="36.870844" lon="-93.129540"></trkpt><trkpt lat="36.870797" lon="-93.129659"></trkpt><trkpt lat="36.870798" lon="-93.129836"></trkpt><trkpt lat="36.870915" lon="-93.129943"></trkpt><trkpt lat="36.871025" lon="-93.129918"></trkpt><trkpt lat="36.871139" lon="-93.129855"></trkpt><trkpt lat="36.871377" lon="-93.129597"></trkpt><trkpt lat="36.871484" lon="-93.129368"></trkpt><trkpt lat="36.871610" lon="-93.129222"></trkpt><trkpt lat="36.871720" lon="-93.128888"></trkpt><trkpt lat="36.871813" lon="-93.128749"></trkpt><trkpt lat="36.871810" lon="-93.128645"></trkpt><trkpt lat="36.871856" lon="-93.128574"></trkpt><trkpt lat="36.871923" lon="-93.128545"></trkpt><trkpt lat="36.872015" lon="-93.128575"></trkpt><trkpt lat="36.872132" lon="-93.128549"></trkpt><trkpt lat="36.872410" lon="-93.128295"></trkpt><trkpt lat="36.872444" lon="-93.128223"></trkpt><trkpt lat="36.872602" lon="-93.128235"></trkpt><trkpt lat="36.872847" lon="-93.128165"></trkpt><trkpt lat="36.873037" lon="-93.128231"></trkpt><trkpt lat="36.873213" lon="-93.128437"></trkpt><trkpt lat="36.873332" lon="-93.128714"></trkpt><trkpt lat="36.873492" lon="-93.128677"></trkpt><trkpt lat="36.873571" lon="-93.128595"></trkpt><trkpt lat="36.873684" lon="-93.128540"></trkpt><trkpt lat="36.873724" lon="-93.128483"></trkpt><trkpt lat="36.873645" lon="-93.128269"></trkpt><trkpt lat="36.873654" lon="-93.128179"></trkpt><trkpt lat="36.873914" lon="-93.128056"></trkpt><trkpt lat="36.873944" lon="-93.127740"></trkpt><trkpt lat="36.874039" lon="-93.127364"></trkpt><trkpt lat="36.874260" lon="-93.127186"></trkpt></trkseg></trk><trk><name>T020 BR5F828</name><trkseg><trkpt lat="36.879526" lon="-93.150882"></trkpt><trkpt lat="36.879372" lon="-93.150704"></trkpt><trkpt lat="36.879376" lon="-93.150438"></trkpt><trkpt lat="36.879359" lon="-93.150346"></trkpt><trkpt lat="36.879264" lon="-93.150203"></trkpt><trkpt lat="36.879253" lon="-93.150023"></trkpt><trkpt lat="36.879291" lon="-93.149872"></trkpt><trkpt lat="36.879458" lon="-93.149756"></trkpt><trkpt lat="36.879539" lon="-93.149351"></trkpt><trkpt lat="36.879538" lon="-93.149147"></trkpt><trkpt lat="36.879367" lon="-93.148397"></trkpt><trkpt lat="36.879241" lon="-93.148165"></trkpt><trkpt lat="36.879114" lon="-93.148059"></trkpt><trkpt lat="36.878979" lon="-93.147779"></trkpt><trkpt lat="36.878862" lon="-93.146928"></trkpt><trkpt lat="36.878910" lon="-93.146456"></trkpt><trkpt lat="36.878845" lon="-93.146318"></trkpt><trkpt lat="36.878784" lon="-93.146053"></trkpt><trkpt lat="36.878715" lon="-93.145986"></trkpt><trkpt lat="36.878681" lon="-93.145829"></trkpt><trkpt lat="36.878805" lon="-93.145443"></trkpt><trkpt lat="36.878829" lon="-93.144865"></trkpt><trkpt lat="36.878972" lon="-93.144599"></trkpt><trkpt lat="36.878994" lon="-93.144437"></trkpt><trkpt lat="36.879164" lon="-93.144121"></trkpt><trkpt lat="36.879074" lon="-93.143155"></trkpt><trkpt lat="36.878939" lon="-93.142817"></trkpt><trkpt lat="36.878893" lon="-93.142528"></trkpt><trkpt lat="36.878762" lon="-93.142290"></trkpt><trkpt lat="36.878742" lon="-93.142070"></trkpt><trkpt lat="36.878631" lon="-93.141823"></trkpt><trkpt lat="36.878595" lon="-93.141465"></trkpt><trkpt lat="36.878641" lon="-93.141231"></trkpt><trkpt lat="36.878627" lon="-93.141025"></trkpt><trkpt lat="36.878373" lon="-93.139863"></trkpt><trkpt lat="36.878251" lon="-93.139606"></trkpt><trkpt lat="36.878230" lon="-93.139400"></trkpt><trkpt lat="36.878073" lon="-93.139007"></trkpt><trkpt lat="36.878003" lon="-93.138709"></trkpt><trkpt lat="36.877950" lon="-93.138645"></trkpt><trkpt lat="36.877638" lon="-93.137556"></trkpt><trkpt lat="36.877654" lon="-93.137426"></trkpt><trkpt lat="36.877780" lon="-93.137279"></trkpt><trkpt lat="36.877742" lon="-93.137245"></trkpt><trkpt lat="36.877919" lon="-93.137101"></trkpt><trkpt lat="36.877984" lon="-93.136908"></trkpt><trkpt lat="36.878491" lon="-93.136191"></trkpt><trkpt lat="36.878514" lon="-93.136114"></trkpt><trkpt lat="36.878484" lon="-93.135910"></trkpt><trkpt lat="36.878584" lon="-93.135310"></trkpt></trkseg></trk><trk><name>T021 BR5F828</name><trkseg><trkpt lat="36.894943" lon="-93.117086"></trkpt><trkpt lat="36.896134" lon="-93.116400"></trkpt><trkpt lat="36.897069" lon="-93.116375"></trkpt><trkpt lat="36.897464" lon="-93.116428"></trkpt><trkpt lat="36.898025" lon="-93.116403"></trkpt><trkpt lat="36.898774" lon="-93.116611"></trkpt><trkpt lat="36.899002" lon="-93.116534"></trkpt><trkpt lat="36.899086" lon="-93.116404"></trkpt><trkpt lat="36.899148" lon="-93.115913"></trkpt><trkpt lat="36.899066" lon="-93.115447"></trkpt><trkpt lat="36.898941" lon="-93.115006"></trkpt><trkpt lat="36.898859" lon="-93.114333"></trkpt><trkpt lat="36.898880" lon="-93.113557"></trkpt><trkpt lat="36.898828" lon="-93.112721"></trkpt><trkpt lat="36.898651" lon="-93.111510"></trkpt><trkpt lat="36.898506" lon="-93.111297"></trkpt><trkpt lat="36.898533" lon="-93.111201"></trkpt><trkpt lat="36.898601" lon="-93.111126"></trkpt><trkpt lat="36.898659" lon="-93.111133"></trkpt><trkpt lat="36.898724" lon="-93.111092"></trkpt><trkpt lat="36.898837" lon="-93.111092"></trkpt><trkpt lat="36.898936" lon="-93.111160"></trkpt><trkpt lat="36.899117" lon="-93.111140"></trkpt><trkpt lat="36.899165" lon="-93.111167"></trkpt><trkpt lat="36.899236" lon="-93.111003"></trkpt><trkpt lat="36.899339" lon="-93.110969"></trkpt><trkpt lat="36.899417" lon="-93.110901"></trkpt><trkpt lat="36.899568" lon="-93.110901"></trkpt><trkpt lat="36.899742" lon="-93.110846"></trkpt><trkpt lat="36.899916" lon="-93.110689"></trkpt><trkpt lat="36.900070" lon="-93.110471"></trkpt><trkpt lat="36.900042" lon="-93.110375"></trkpt><trkpt lat="36.900107" lon="-93.110286"></trkpt><trkpt lat="36.900155" lon="-93.110034"></trkpt><trkpt lat="36.900237" lon="-93.109917"></trkpt><trkpt lat="36.900217" lon="-93.109835"></trkpt><trkpt lat="36.900271" lon="-93.109713"></trkpt><trkpt lat="36.900264" lon="-93.109583"></trkpt><trkpt lat="36.900384" lon="-93.109091"></trkpt><trkpt lat="36.900346" lon="-93.109029"></trkpt><trkpt lat="36.900322" lon="-93.108845"></trkpt><trkpt lat="36.900328" lon="-93.108641"></trkpt><trkpt lat="36.900402" lon="-93.108367"></trkpt><trkpt lat="36.900561" lon="-93.107991"></trkpt><trkpt lat="36.900660" lon="-93.107466"></trkpt><trkpt lat="36.900724" lon="-93.107477"></trkpt><trkpt lat="36.900844" lon="-93.107385"></trkpt><trkpt lat="36.901142" lon="-93.107260"></trkpt><trkpt lat="36.901264" lon="-93.107072"></trkpt><trkpt lat="36.901329" lon="-93.106402"></trkpt><trkpt lat="36.901396" lon="-93.106288"></trkpt><trkpt lat="36.901527" lon="-93.105856"></trkpt><trkpt lat="36.901607" lon="-93.105743"></trkpt><trkpt lat="36.901734" lon="-93.105416"></trkpt><trkpt lat="36.901861" lon="-93.105244"></trkpt><trkpt lat="36.902093" lon="-93.105080"></trkpt><trkpt lat="36.902181" lon="-93.104887"></trkpt><trkpt lat="36.902598" lon="-93.104366"></trkpt><trkpt lat="36.902812" lon="-93.103999"></trkpt><trkpt lat="36.903002" lon="-93.103775"></trkpt><trkpt lat="36.903418" lon="-93.102910"></trkpt><trkpt lat="36.903444" lon="-93.102768"></trkpt><trkpt lat="36.903732" lon="-93.102442"></trkpt><trkpt lat="36.903778" lon="-93.102346"></trkpt><trkpt lat="36.903832" lon="-93.101996"></trkpt><trkpt lat="36.903797" lon="-93.101893"></trkpt><trkpt lat="36.903843" lon="-93.101805"></trkpt><trkpt lat="36.903853" lon="-93.101656"></trkpt><trkpt lat="36.903995" lon="-93.101339"></trkpt><trkpt lat="36.904171" lon="-93.101081"></trkpt><trkpt lat="36.904563" lon="-93.100846"></trkpt><trkpt lat="36.904998" lon="-93.100768"></trkpt><trkpt lat="36.905260" lon="-93.100904"></trkpt><trkpt lat="36.905383" lon="-93.100843"></trkpt><trkpt lat="36.905448" lon="-93.100861"></trkpt><trkpt lat="36.905557" lon="-93.100820"></trkpt><trkpt lat="36.905594" lon="-93.100861"></trkpt><trkpt lat="36.905726" lon="-93.100876"></trkpt><trkpt lat="36.905757" lon="-93.100824"></trkpt><trkpt lat="36.905808" lon="-93.100898"></trkpt><trkpt lat="36.905945" lon="-93.100861"></trkpt><trkpt lat="36.905990" lon="-93.100880"></trkpt><trkpt lat="36.906041" lon="-93.101049"></trkpt><trkpt lat="36.906130" lon="-93.101104"></trkpt><trkpt lat="36.906169" lon="-93.101207"></trkpt><trkpt lat="36.906219" lon="-93.101245"></trkpt><trkpt lat="36.906280" lon="-93.101541"></trkpt><trkpt lat="36.906688" lon="-93.101619"></trkpt><trkpt lat="36.906693" lon="-93.101668"></trkpt><trkpt lat="36.906792" lon="-93.101698"></trkpt><trkpt lat="36.906769" lon="-93.101774"></trkpt><trkpt lat="36.906865" lon="-93.101831"></trkpt><trkpt lat="36.906918" lon="-93.101936"></trkpt><trkpt lat="36.906963" lon="-93.101957"></trkpt><trkpt lat="36.907181" lon="-93.101894"></trkpt><trkpt lat="36.907305" lon="-93.101969"></trkpt><trkpt lat="36.907208" lon="-93.101442"></trkpt><trkpt lat="36.907245" lon="-93.101358"></trkpt><trkpt lat="36.907091" lon="-93.101063"></trkpt><trkpt lat="36.907011" lon="-93.100999"></trkpt><trkpt lat="36.906999" lon="-93.100915"></trkpt><trkpt lat="36.907010" lon="-93.100839"></trkpt><trkpt lat="36.907146" lon="-93.100770"></trkpt><trkpt lat="36.907209" lon="-93.100679"></trkpt><trkpt lat="36.907255" lon="-93.100527"></trkpt><trkpt lat="36.907124" lon="-93.099717"></trkpt><trkpt lat="36.907006" lon="-93.099316"></trkpt><trkpt lat="36.906899" lon="-93.099062"></trkpt><trkpt lat="36.906718" lon="-93.098782"></trkpt><trkpt lat="36.906517" lon="-93.098676"></trkpt><trkpt lat="36.906347" lon="-93.098643"></trkpt><trkpt lat="36.906186" lon="-93.098546"></trkpt><trkpt lat="36.905978" lon="-93.098546"></trkpt><trkpt lat="36.905694" lon="-93.098471"></trkpt><trkpt lat="36.904854" lon="-93.098610"></trkpt><trkpt lat="36.903860" lon="-93.099069"></trkpt><trkpt lat="36.903521" lon="-93.099372"></trkpt><trkpt lat="36.903365" lon="-93.099649"></trkpt><trkpt lat="36.903123" lon="-93.099897"></trkpt><trkpt lat="36.903078" lon="-93.100081"></trkpt><trkpt lat="36.902869" lon="-93.100593"></trkpt><trkpt lat="36.902793" lon="-93.100710"></trkpt><trkpt lat="36.902776" lon="-93.100967"></trkpt><trkpt lat="36.902554" lon="-93.101998"></trkpt><trkpt lat="36.902580" lon="-93.102202"></trkpt><trkpt lat="36.902549" lon="-93.102283"></trkpt><trkpt lat="36.902464" lon="-93.102158"></trkpt><trkpt lat="36.902263" lon="-93.102101"></trkpt><trkpt lat="36.902214" lon="-93.102223"></trkpt><trkpt lat="36.902138" lon="-93.102271"></trkpt><trkpt lat="36.902080" lon="-93.102583"></trkpt><trkpt lat="36.901889" lon="-93.102747"></trkpt><trkpt lat="36.901834" lon="-93.102859"></trkpt><trkpt lat="36.901512" lon="-93.103225"></trkpt><trkpt lat="36.901105" lon="-93.103457"></trkpt><trkpt lat="36.901012" lon="-93.103567"></trkpt><trkpt lat="36.900887" lon="-93.103650"></trkpt><trkpt lat="36.900709" lon="-93.103700"></trkpt><trkpt lat="36.900596" lon="-93.103698"></trkpt><trkpt lat="36.900498" lon="-93.103782"></trkpt><trkpt lat="36.900237" lon="-93.103808"></trkpt><trkpt lat="36.899878" lon="-93.103767"></trkpt><trkpt lat="36.899518" lon="-93.103553"></trkpt><trkpt lat="36.898761" lon="-93.103296"></trkpt><trkpt lat="36.898475" lon="-93.103334"></trkpt><trkpt lat="36.898352" lon="-93.103317"></trkpt><trkpt lat="36.898198" lon="-93.103399"></trkpt><trkpt lat="36.897751" lon="-93.103341"></trkpt><trkpt lat="36.897561" lon="-93.103387"></trkpt><trkpt lat="36.896992" lon="-93.103377"></trkpt><trkpt lat="36.896536" lon="-93.103277"></trkpt><trkpt lat="36.896459" lon="-93.103218"></trkpt><trkpt lat="36.896270" lon="-93.103220"></trkpt><trkpt lat="36.896071" lon="-93.103087"></trkpt><trkpt lat="36.895936" lon="-93.103092"></trkpt><trkpt lat="36.895805" lon="-93.103066"></trkpt><trkpt lat="36.895697" lon="-93.103003"></trkpt><trkpt lat="36.895514" lon="-93.102999"></trkpt><trkpt lat="36.895404" lon="-93.102956"></trkpt><trkpt lat="36.895223" lon="-93.102776"></trkpt><trkpt lat="36.894942" lon="-93.102712"></trkpt><trkpt lat="36.894756" lon="-93.102704"></trkpt><trkpt lat="36.894676" lon="-93.102789"></trkpt><trkpt lat="36.894423" lon="-93.102853"></trkpt><trkpt lat="36.894012" lon="-93.102801"></trkpt></trkseg></trk><trk><name>T022 BR5F828</name><trkseg><trkpt lat="36.916436" lon="-93.111217"></trkpt><trkpt lat="36.916428" lon="-93.110299"></trkpt><trkpt lat="36.916383" lon="-93.109716"></trkpt><trkpt lat="36.916465" lon="-93.108840"></trkpt><trkpt lat="36.916548" lon="-93.108597"></trkpt><trkpt lat="36.916594" lon="-93.108548"></trkpt><trkpt lat="36.916391" lon="-93.108290"></trkpt><trkpt lat="36.916414" lon="-93.108091"></trkpt><trkpt lat="36.916391" lon="-93.107892"></trkpt><trkpt lat="36.916437" lon="-93.107608"></trkpt><trkpt lat="36.916392" lon="-93.107324"></trkpt><trkpt lat="36.916415" lon="-93.106955"></trkpt><trkpt lat="36.916393" lon="-93.106699"></trkpt><trkpt lat="36.916479" lon="-93.106572"></trkpt><trkpt lat="36.916360" lon="-93.106046"></trkpt><trkpt lat="36.916299" lon="-93.105582"></trkpt><trkpt lat="36.916310" lon="-93.105448"></trkpt><trkpt lat="36.916267" lon="-93.105401"></trkpt><trkpt lat="36.916152" lon="-93.104632"></trkpt><trkpt lat="36.916163" lon="-93.104526"></trkpt><trkpt lat="36.916073" lon="-93.104333"></trkpt><trkpt lat="36.915981" lon="-93.103948"></trkpt><trkpt lat="36.915980" lon="-93.103881"></trkpt><trkpt lat="36.916099" lon="-93.103631"></trkpt><trkpt lat="36.916077" lon="-93.103414"></trkpt><trkpt lat="36.916104" lon="-93.103347"></trkpt><trkpt lat="36.916046" lon="-93.103140"></trkpt><trkpt lat="36.916030" lon="-93.102926"></trkpt><trkpt lat="36.916057" lon="-93.102286"></trkpt><trkpt lat="36.916015" lon="-93.101558"></trkpt><trkpt lat="36.915950" lon="-93.101344"></trkpt><trkpt lat="36.916001" lon="-93.101207"></trkpt><trkpt lat="36.915950" lon="-93.101128"></trkpt><trkpt lat="36.915982" lon="-93.100999"></trkpt><trkpt lat="36.915958" lon="-93.100979"></trkpt><trkpt lat="36.915987" lon="-93.100946"></trkpt><trkpt lat="36.915957" lon="-93.100851"></trkpt><trkpt lat="36.915984" lon="-93.100808"></trkpt><trkpt lat="36.915928" lon="-93.100148"></trkpt><trkpt lat="36.915984" lon="-93.100034"></trkpt><trkpt lat="36.915985" lon="-93.099947"></trkpt><trkpt lat="36.916076" lon="-93.099858"></trkpt><trkpt lat="36.916058" lon="-93.099751"></trkpt><trkpt lat="36.916119" lon="-93.099682"></trkpt><trkpt lat="36.916165" lon="-93.099341"></trkpt><trkpt lat="36.916086" lon="-93.098815"></trkpt><trkpt lat="36.916109" lon="-93.098574"></trkpt><trkpt lat="36.916280" lon="-93.098247"></trkpt><trkpt lat="36.916508" lon="-93.098034"></trkpt><trkpt lat="36.916759" lon="-93.097836"></trkpt><trkpt lat="36.916874" lon="-93.097808"></trkpt><trkpt lat="36.916976" lon="-93.097737"></trkpt><trkpt lat="36.917045" lon="-93.097737"></trkpt><trkpt lat="36.917215" lon="-93.097590"></trkpt><trkpt lat="36.917220" lon="-93.097515"></trkpt><trkpt lat="36.917277" lon="-93.097497"></trkpt><trkpt lat="36.917310" lon="-93.097445"></trkpt><trkpt lat="36.917351" lon="-93.097312"></trkpt><trkpt lat="36.917329" lon="-93.097214"></trkpt><trkpt lat="36.917353" lon="-93.097162"></trkpt><trkpt lat="36.917450" lon="-93.097115"></trkpt><trkpt lat="36.917695" lon="-93.097232"></trkpt><trkpt lat="36.918024" lon="-93.097037"></trkpt><trkpt lat="36.918360" lon="-93.096783"></trkpt><trkpt lat="36.918511" lon="-93.096489"></trkpt><trkpt lat="36.918717" lon="-93.096333"></trkpt><trkpt lat="36.919116" lon="-93.096148"></trkpt><trkpt lat="36.919267" lon="-93.096122"></trkpt><trkpt lat="36.919316" lon="-93.095950"></trkpt><trkpt lat="36.919419" lon="-93.095879"></trkpt><trkpt lat="36.919533" lon="-93.095737"></trkpt><trkpt lat="36.919727" lon="-93.095624"></trkpt><trkpt lat="36.919875" lon="-93.095482"></trkpt><trkpt lat="36.920035" lon="-93.095411"></trkpt><trkpt lat="36.920149" lon="-93.095297"></trkpt><trkpt lat="36.920275" lon="-93.095056"></trkpt><trkpt lat="36.920514" lon="-93.094872"></trkpt><trkpt lat="36.920708" lon="-93.094730"></trkpt><trkpt lat="36.920845" lon="-93.094687"></trkpt><trkpt lat="36.921142" lon="-93.094517"></trkpt><trkpt lat="36.921432" lon="-93.094433"></trkpt><trkpt lat="36.921584" lon="-93.094158"></trkpt><trkpt lat="36.921732" lon="-93.094002"></trkpt><trkpt lat="36.921864" lon="-93.093926"></trkpt><trkpt lat="36.922255" lon="-93.093805"></trkpt><trkpt lat="36.922540" lon="-93.093496"></trkpt><trkpt lat="36.922791" lon="-93.093369"></trkpt><trkpt lat="36.923122" lon="-93.093042"></trkpt><trkpt lat="36.923464" lon="-93.092915"></trkpt><trkpt lat="36.923841" lon="-93.092631"></trkpt><trkpt lat="36.923997" lon="-93.092591"></trkpt><trkpt lat="36.924452" lon="-93.091825"></trkpt><trkpt lat="36.924269" lon="-93.091376"></trkpt><trkpt lat="36.924335" lon="-93.091140"></trkpt><trkpt lat="36.924315" lon="-93.091037"></trkpt><trkpt lat="36.924401" lon="-93.090796"></trkpt><trkpt lat="36.924394" lon="-93.090612"></trkpt><trkpt lat="36.924468" lon="-93.090491"></trkpt><trkpt lat="36.924365" lon="-93.089943"></trkpt><trkpt lat="36.924509" lon="-93.089601"></trkpt><trkpt lat="36.924511" lon="-93.089278"></trkpt><trkpt lat="36.924652" lon="-93.089182"></trkpt><trkpt lat="36.924662" lon="-93.089099"></trkpt><trkpt lat="36.924749" lon="-93.088993"></trkpt><trkpt lat="36.924767" lon="-93.088725"></trkpt><trkpt lat="36.924869" lon="-93.088642"></trkpt><trkpt lat="36.925074" lon="-93.088618"></trkpt><trkpt lat="36.925251" lon="-93.088406"></trkpt><trkpt lat="36.925264" lon="-93.088299"></trkpt><trkpt lat="36.925365" lon="-93.088058"></trkpt><trkpt lat="36.925441" lon="-93.087614"></trkpt><trkpt lat="36.925437" lon="-93.087410"></trkpt><trkpt lat="36.925354" lon="-93.087224"></trkpt><trkpt lat="36.925380" lon="-93.087160"></trkpt><trkpt lat="36.925667" lon="-93.087341"></trkpt><trkpt lat="36.925772" lon="-93.087632"></trkpt><trkpt lat="36.925852" lon="-93.087740"></trkpt><trkpt lat="36.925988" lon="-93.087664"></trkpt><trkpt lat="36.926082" lon="-93.087488"></trkpt><trkpt lat="36.926070" lon="-93.087417"></trkpt><trkpt lat="36.925867" lon="-93.087185"></trkpt><trkpt lat="36.925874" lon="-93.087150"></trkpt><trkpt lat="36.925827" lon="-93.086999"></trkpt><trkpt lat="36.925703" lon="-93.086809"></trkpt><trkpt lat="36.925607" lon="-93.086478"></trkpt><trkpt lat="36.925395" lon="-93.086247"></trkpt><trkpt lat="36.925351" lon="-93.086143"></trkpt><trkpt lat="36.925344" lon="-93.085863"></trkpt><trkpt lat="36.925162" lon="-93.085398"></trkpt><trkpt lat="36.925104" lon="-93.085347"></trkpt><trkpt lat="36.925004" lon="-93.085111"></trkpt><trkpt lat="36.925005" lon="-93.085067"></trkpt><trkpt lat="36.925067" lon="-93.084991"></trkpt><trkpt lat="36.925100" lon="-93.083940"></trkpt><trkpt lat="36.925172" lon="-93.083709"></trkpt><trkpt lat="36.925166" lon="-93.083425"></trkpt><trkpt lat="36.925214" lon="-93.083297"></trkpt><trkpt lat="36.925239" lon="-93.082911"></trkpt><trkpt lat="36.925157" lon="-93.082877"></trkpt><trkpt lat="36.925054" lon="-93.082591"></trkpt><trkpt lat="36.924669" lon="-93.082117"></trkpt><trkpt lat="36.924596" lon="-93.082116"></trkpt><trkpt lat="36.924399" lon="-93.081918"></trkpt><trkpt lat="36.924255" lon="-93.081863"></trkpt><trkpt lat="36.924110" lon="-93.081657"></trkpt><trkpt lat="36.923937" lon="-93.081553"></trkpt><trkpt lat="36.923827" lon="-93.081527"></trkpt><trkpt lat="36.923647" lon="-93.081513"></trkpt><trkpt lat="36.923512" lon="-93.081616"></trkpt><trkpt lat="36.923268" lon="-93.081584"></trkpt><trkpt lat="36.922872" lon="-93.081361"></trkpt><trkpt lat="36.922780" lon="-93.081342"></trkpt><trkpt lat="36.922655" lon="-93.081118"></trkpt><trkpt lat="36.922657" lon="-93.081026"></trkpt><trkpt lat="36.922990" lon="-93.080979"></trkpt><trkpt lat="36.923356" lon="-93.080818"></trkpt><trkpt lat="36.923701" lon="-93.080375"></trkpt><trkpt lat="36.923680" lon="-93.080316"></trkpt><trkpt lat="36.923481" lon="-93.080148"></trkpt><trkpt lat="36.923320" lon="-93.080259"></trkpt><trkpt lat="36.923203" lon="-93.080231"></trkpt><trkpt lat="36.922863" lon="-93.079954"></trkpt><trkpt lat="36.922702" lon="-93.079862"></trkpt><trkpt lat="36.922519" lon="-93.079822"></trkpt><trkpt lat="36.922376" lon="-93.079703"></trkpt><trkpt lat="36.921957" lon="-93.079675"></trkpt><trkpt lat="36.921740" lon="-93.079584"></trkpt><trkpt lat="36.921356" lon="-93.079623"></trkpt><trkpt lat="36.920972" lon="-93.079511"></trkpt></trkseg></trk><trk><name>T023 BR5F828</name><trkseg><trkpt lat="36.896720" lon="-93.095865"></trkpt><trkpt lat="36.897263" lon="-93.095742"></trkpt><trkpt lat="36.898164" lon="-93.095911"></trkpt><trkpt lat="36.898590" lon="-93.095954"></trkpt><trkpt lat="36.899113" lon="-93.095888"></trkpt><trkpt lat="36.899256" lon="-93.095783"></trkpt><trkpt lat="36.899444" lon="-93.095732"></trkpt><trkpt lat="36.900053" lon="-93.096538"></trkpt><trkpt lat="36.900375" lon="-93.096004"></trkpt><trkpt lat="36.900701" lon="-93.095590"></trkpt><trkpt lat="36.901112" lon="-93.095292"></trkpt><trkpt lat="36.901174" lon="-93.095133"></trkpt><trkpt lat="36.901645" lon="-93.095023"></trkpt><trkpt lat="36.901704" lon="-93.094982"></trkpt><trkpt lat="36.901713" lon="-93.094626"></trkpt><trkpt lat="36.901842" lon="-93.094666"></trkpt><trkpt lat="36.901998" lon="-93.094611"></trkpt><trkpt lat="36.901954" lon="-93.094240"></trkpt><trkpt lat="36.902013" lon="-93.094109"></trkpt><trkpt lat="36.901923" lon="-93.093885"></trkpt><trkpt lat="36.901889" lon="-93.093510"></trkpt></trkseg></trk><trk><name>T024 BR5F828</name><trkseg><trkpt lat="36.895063" lon="-93.100566"></trkpt><trkpt lat="36.895566" lon="-93.101184"></trkpt><trkpt lat="36.895722" lon="-93.101532"></trkpt><trkpt lat="36.896094" lon="-93.101890"></trkpt><trkpt lat="36.896569" lon="-93.102124"></trkpt><trkpt lat="36.897205" lon="-93.102217"></trkpt><trkpt lat="36.897612" lon="-93.102168"></trkpt><trkpt lat="36.897820" lon="-93.102206"></trkpt><trkpt lat="36.897915" lon="-93.102194"></trkpt><trkpt lat="36.898250" lon="-93.102300"></trkpt><trkpt lat="36.898489" lon="-93.102249"></trkpt><trkpt lat="36.898691" lon="-93.102155"></trkpt><trkpt lat="36.898686" lon="-93.102118"></trkpt><trkpt lat="36.898738" lon="-93.102103"></trkpt><trkpt lat="36.898881" lon="-93.101963"></trkpt><trkpt lat="36.898917" lon="-93.101844"></trkpt><trkpt lat="36.899076" lon="-93.101641"></trkpt><trkpt lat="36.899423" lon="-93.101382"></trkpt><trkpt lat="36.899550" lon="-93.101347"></trkpt><trkpt lat="36.899734" lon="-93.101496"></trkpt><trkpt lat="36.899978" lon="-93.101427"></trkpt><trkpt lat="36.900253" lon="-93.101208"></trkpt><trkpt lat="36.900407" lon="-93.101230"></trkpt><trkpt lat="36.900562" lon="-93.101163"></trkpt><trkpt lat="36.900678" lon="-93.101040"></trkpt><trkpt lat="36.900782" lon="-93.101107"></trkpt><trkpt lat="36.900957" lon="-93.101065"></trkpt><trkpt lat="36.901087" lon="-93.101074"></trkpt><trkpt lat="36.901215" lon="-93.101006"></trkpt><trkpt lat="36.901353" lon="-93.101102"></trkpt><trkpt lat="36.901385" lon="-93.101057"></trkpt><trkpt lat="36.901461" lon="-93.101054"></trkpt><trkpt lat="36.901527" lon="-93.101097"></trkpt><trkpt lat="36.901744" lon="-93.101122"></trkpt><trkpt lat="36.901854" lon="-93.101064"></trkpt><trkpt lat="36.902023" lon="-93.100817"></trkpt><trkpt lat="36.902013" lon="-93.100360"></trkpt><trkpt lat="36.901962" lon="-93.100215"></trkpt><trkpt lat="36.901872" lon="-93.100142"></trkpt><trkpt lat="36.901660" lon="-93.100065"></trkpt><trkpt lat="36.901360" lon="-93.100033"></trkpt><trkpt lat="36.900905" lon="-93.100102"></trkpt><trkpt lat="36.900427" lon="-93.100118"></trkpt><trkpt lat="36.900045" lon="-93.099924"></trkpt><trkpt lat="36.900047" lon="-93.099851"></trkpt><trkpt lat="36.899962" lon="-93.099748"></trkpt><trkpt lat="36.899859" lon="-93.099703"></trkpt><trkpt lat="36.899698" lon="-93.099811"></trkpt><trkpt lat="36.899502" lon="-93.099829"></trkpt><trkpt lat="36.899365" lon="-93.099773"></trkpt><trkpt lat="36.899159" lon="-93.099744"></trkpt><trkpt lat="36.898996" lon="-93.099512"></trkpt><trkpt lat="36.898947" lon="-93.099382"></trkpt><trkpt lat="36.899008" lon="-93.099318"></trkpt><trkpt lat="36.899378" lon="-93.099302"></trkpt><trkpt lat="36.899443" lon="-93.099232"></trkpt><trkpt lat="36.899799" lon="-93.099181"></trkpt><trkpt lat="36.899871" lon="-93.099123"></trkpt><trkpt lat="36.900069" lon="-93.099160"></trkpt><trkpt lat="36.900326" lon="-93.099131"></trkpt><trkpt lat="36.900532" lon="-93.099196"></trkpt><trkpt lat="36.900712" lon="-93.099136"></trkpt><trkpt lat="36.900907" lon="-93.099122"></trkpt><trkpt lat="36.901036" lon="-93.099056"></trkpt><trkpt lat="36.901221" lon="-93.099079"></trkpt><trkpt lat="36.901465" lon="-93.099029"></trkpt><trkpt lat="36.902087" lon="-93.099051"></trkpt><trkpt lat="36.902285" lon="-93.099253"></trkpt><trkpt lat="36.902378" lon="-93.099258"></trkpt><trkpt lat="36.902416" lon="-93.099183"></trkpt><trkpt lat="36.902362" lon="-93.098955"></trkpt><trkpt lat="36.902428" lon="-93.098702"></trkpt><trkpt lat="36.902361" lon="-93.098631"></trkpt><trkpt lat="36.902191" lon="-93.098535"></trkpt><trkpt lat="36.902059" lon="-93.098501"></trkpt><trkpt lat="36.901792" lon="-93.098494"></trkpt><trkpt lat="36.901435" lon="-93.098395"></trkpt><trkpt lat="36.900958" lon="-93.098366"></trkpt><trkpt lat="36.900922" lon="-93.098318"></trkpt><trkpt lat="36.900633" lon="-93.098316"></trkpt><trkpt lat="36.900247" lon="-93.098204"></trkpt><trkpt lat="36.899976" lon="-93.098284"></trkpt><trkpt lat="36.899406" lon="-93.098270"></trkpt><trkpt lat="36.898932" lon="-93.098095"></trkpt><trkpt lat="36.898633" lon="-93.097772"></trkpt><trkpt lat="36.898378" lon="-93.097593"></trkpt><trkpt lat="36.898090" lon="-93.097480"></trkpt><trkpt lat="36.897888" lon="-93.097291"></trkpt><trkpt lat="36.897627" lon="-93.097136"></trkpt><trkpt lat="36.897024" lon="-93.096873"></trkpt></trkseg></trk><trk><name>T025 BR5F828</name><trkseg><trkpt lat="36.916252" lon="-93.109504"></trkpt><trkpt lat="36.916307" lon="-93.109664"></trkpt><trkpt lat="36.916255" lon="-93.110125"></trkpt><trkpt lat="36.916364" lon="-93.110648"></trkpt><trkpt lat="36.916436" lon="-93.111217"></trkpt><trkpt lat="36.916462" lon="-93.112444"></trkpt><trkpt lat="36.916425" lon="-93.113005"></trkpt><trkpt lat="36.916454" lon="-93.113291"></trkpt><trkpt lat="36.916173" lon="-93.113680"></trkpt><trkpt lat="36.915855" lon="-93.113426"></trkpt><trkpt lat="36.915588" lon="-93.113138"></trkpt><trkpt lat="36.915363" lon="-93.113043"></trkpt><trkpt lat="36.915286" lon="-93.113074"></trkpt><trkpt lat="36.915150" lon="-93.112946"></trkpt><trkpt lat="36.915021" lon="-93.112942"></trkpt><trkpt lat="36.914842" lon="-93.112875"></trkpt><trkpt lat="36.914570" lon="-93.112899"></trkpt><trkpt lat="36.914449" lon="-93.112861"></trkpt><trkpt lat="36.914023" lon="-93.113572"></trkpt><trkpt lat="36.914006" lon="-93.113665"></trkpt><trkpt lat="36.913839" lon="-93.113773"></trkpt><trkpt lat="36.913677" lon="-93.113713"></trkpt><trkpt lat="36.913638" lon="-93.113690"></trkpt><trkpt lat="36.913461" lon="-93.113226"></trkpt><trkpt lat="36.913386" lon="-93.113140"></trkpt><trkpt lat="36.913327" lon="-93.113151"></trkpt><trkpt lat="36.913265" lon="-93.112920"></trkpt><trkpt lat="36.913274" lon="-93.112759"></trkpt><trkpt lat="36.913234" lon="-93.112692"></trkpt><trkpt lat="36.913043" lon="-93.112731"></trkpt><trkpt lat="36.912866" lon="-93.112678"></trkpt><trkpt lat="36.912802" lon="-93.112589"></trkpt><trkpt lat="36.912570" lon="-93.112484"></trkpt><trkpt lat="36.912522" lon="-93.112365"></trkpt><trkpt lat="36.912411" lon="-93.112363"></trkpt><trkpt lat="36.912200" lon="-93.112188"></trkpt><trkpt lat="36.912095" lon="-93.112148"></trkpt><trkpt lat="36.911999" lon="-93.112044"></trkpt><trkpt lat="36.911910" lon="-93.112016"></trkpt><trkpt lat="36.911769" lon="-93.112006"></trkpt><trkpt lat="36.911571" lon="-93.111934"></trkpt><trkpt lat="36.911516" lon="-93.111954"></trkpt><trkpt lat="36.911438" lon="-93.111929"></trkpt><trkpt lat="36.911290" lon="-93.111973"></trkpt><trkpt lat="36.911135" lon="-93.111944"></trkpt><trkpt lat="36.910944" lon="-93.111795"></trkpt><trkpt lat="36.910627" lon="-93.111933"></trkpt><trkpt lat="36.910380" lon="-93.111958"></trkpt><trkpt lat="36.910385" lon="-93.111880"></trkpt><trkpt lat="36.910674" lon="-93.111713"></trkpt><trkpt lat="36.910698" lon="-93.111678"></trkpt><trkpt lat="36.910684" lon="-93.111593"></trkpt><trkpt lat="36.910485" lon="-93.111384"></trkpt><trkpt lat="36.910294" lon="-93.111318"></trkpt><trkpt lat="36.910086" lon="-93.111315"></trkpt><trkpt lat="36.909887" lon="-93.111232"></trkpt><trkpt lat="36.909802" lon="-93.110963"></trkpt><trkpt lat="36.909621" lon="-93.110823"></trkpt><trkpt lat="36.909495" lon="-93.110801"></trkpt><trkpt lat="36.909421" lon="-93.110800"></trkpt><trkpt lat="36.909291" lon="-93.110959"></trkpt><trkpt lat="36.909158" lon="-93.111012"></trkpt><trkpt lat="36.909154" lon="-93.111100"></trkpt><trkpt lat="36.909043" lon="-93.111302"></trkpt><trkpt lat="36.908847" lon="-93.111489"></trkpt><trkpt lat="36.908641" lon="-93.111542"></trkpt><trkpt lat="36.908460" lon="-93.111503"></trkpt><trkpt lat="36.908296" lon="-93.111577"></trkpt><trkpt lat="36.907897" lon="-93.111663"></trkpt><trkpt lat="36.907434" lon="-93.111873"></trkpt><trkpt lat="36.907222" lon="-93.111827"></trkpt><trkpt lat="36.907125" lon="-93.111849"></trkpt><trkpt lat="36.906921" lon="-93.111964"></trkpt><trkpt lat="36.906753" lon="-93.111996"></trkpt><trkpt lat="36.906624" lon="-93.112137"></trkpt><trkpt lat="36.906388" lon="-93.112253"></trkpt><trkpt lat="36.906070" lon="-93.112283"></trkpt><trkpt lat="36.905981" lon="-93.112228"></trkpt><trkpt lat="36.905864" lon="-93.112216"></trkpt><trkpt lat="36.905525" lon="-93.112248"></trkpt><trkpt lat="36.904947" lon="-93.112409"></trkpt><trkpt lat="36.904925" lon="-93.112439"></trkpt><trkpt lat="36.904951" lon="-93.112483"></trkpt></trkseg></trk><trk><name>T026 BR5F828</name><trkseg><trkpt lat="36.904941" lon="-93.133160"></trkpt><trkpt lat="36.904823" lon="-93.133202"></trkpt><trkpt lat="36.904690" lon="-93.133355"></trkpt><trkpt lat="36.904547" lon="-93.133371"></trkpt><trkpt lat="36.904374" lon="-93.133327"></trkpt><trkpt lat="36.904259" lon="-93.133365"></trkpt><trkpt lat="36.903957" lon="-93.133354"></trkpt><trkpt lat="36.903785" lon="-93.133422"></trkpt><trkpt lat="36.903641" lon="-93.133108"></trkpt><trkpt lat="36.903619" lon="-93.132972"></trkpt><trkpt lat="36.903497" lon="-93.132833"></trkpt><trkpt lat="36.903439" lon="-93.132488"></trkpt><trkpt lat="36.903516" lon="-93.132180"></trkpt><trkpt lat="36.903495" lon="-93.132095"></trkpt><trkpt lat="36.903648" lon="-93.131859"></trkpt><trkpt lat="36.903639" lon="-93.131754"></trkpt><trkpt lat="36.903598" lon="-93.131714"></trkpt><trkpt lat="36.903554" lon="-93.131497"></trkpt><trkpt lat="36.903282" lon="-93.131233"></trkpt><trkpt lat="36.903201" lon="-93.131082"></trkpt><trkpt lat="36.903083" lon="-93.131011"></trkpt><trkpt lat="36.903077" lon="-93.130713"></trkpt><trkpt lat="36.902996" lon="-93.130636"></trkpt><trkpt lat="36.902978" lon="-93.130331"></trkpt><trkpt lat="36.902829" lon="-93.130066"></trkpt><trkpt lat="36.902840" lon="-93.129872"></trkpt><trkpt lat="36.902787" lon="-93.129702"></trkpt><trkpt lat="36.902679" lon="-93.129592"></trkpt><trkpt lat="36.902682" lon="-93.129267"></trkpt><trkpt lat="36.902802" lon="-93.128962"></trkpt><trkpt lat="36.902618" lon="-93.128527"></trkpt><trkpt lat="36.902577" lon="-93.128306"></trkpt><trkpt lat="36.902597" lon="-93.128122"></trkpt><trkpt lat="36.902566" lon="-93.128077"></trkpt></trkseg></trk><trk><name>T027 BR5F828</name><trkseg><trkpt lat="36.906785" lon="-93.125324"></trkpt><trkpt lat="36.906507" lon="-93.125317"></trkpt><trkpt lat="36.906236" lon="-93.125354"></trkpt><trkpt lat="36.906087" lon="-93.125477"></trkpt><trkpt lat="36.905920" lon="-93.125501"></trkpt><trkpt lat="36.904695" lon="-93.126187"></trkpt><trkpt lat="36.904638" lon="-93.126298"></trkpt><trkpt lat="36.904627" lon="-93.126406"></trkpt><trkpt lat="36.904720" lon="-93.126525"></trkpt><trkpt lat="36.904766" lon="-93.126559"></trkpt><trkpt lat="36.905031" lon="-93.126510"></trkpt><trkpt lat="36.905217" lon="-93.126656"></trkpt><trkpt lat="36.905209" lon="-93.126902"></trkpt><trkpt lat="36.904760" lon="-93.128037"></trkpt><trkpt lat="36.904596" lon="-93.128204"></trkpt><trkpt lat="36.904413" lon="-93.128282"></trkpt><trkpt lat="36.904253" lon="-93.128464"></trkpt><trkpt lat="36.904163" lon="-93.128473"></trkpt><trkpt lat="36.904095" lon="-93.128524"></trkpt><trkpt lat="36.903974" lon="-93.128677"></trkpt><trkpt lat="36.903528" lon="-93.128559"></trkpt><trkpt lat="36.903431" lon="-93.128396"></trkpt><trkpt lat="36.903343" lon="-93.128586"></trkpt><trkpt lat="36.903322" lon="-93.128718"></trkpt><trkpt lat="36.903345" lon="-93.129079"></trkpt><trkpt lat="36.903395" lon="-93.129086"></trkpt><trkpt lat="36.903532" lon="-93.129434"></trkpt><trkpt lat="36.903586" lon="-93.129938"></trkpt><trkpt lat="36.903922" lon="-93.130649"></trkpt><trkpt lat="36.903929" lon="-93.130820"></trkpt><trkpt lat="36.904007" lon="-93.130967"></trkpt><trkpt lat="36.904069" lon="-93.131290"></trkpt><trkpt lat="36.904225" lon="-93.131780"></trkpt><trkpt lat="36.904384" lon="-93.132023"></trkpt><trkpt lat="36.904387" lon="-93.132220"></trkpt><trkpt lat="36.904505" lon="-93.132526"></trkpt><trkpt lat="36.904585" lon="-93.132604"></trkpt><trkpt lat="36.904941" lon="-93.133160"></trkpt><trkpt lat="36.904983" lon="-93.133243"></trkpt><trkpt lat="36.905104" lon="-93.133284"></trkpt><trkpt lat="36.905374" lon="-93.133267"></trkpt><trkpt lat="36.905673" lon="-93.133312"></trkpt><trkpt lat="36.905723" lon="-93.133250"></trkpt><trkpt lat="36.905688" lon="-93.133161"></trkpt><trkpt lat="36.905745" lon="-93.133126"></trkpt><trkpt lat="36.906457" lon="-93.133198"></trkpt><trkpt lat="36.906855" lon="-93.133305"></trkpt><trkpt lat="36.906983" lon="-93.133240"></trkpt><trkpt lat="36.907107" lon="-93.133247"></trkpt><trkpt lat="36.907244" lon="-93.133159"></trkpt><trkpt lat="36.907403" lon="-93.133161"></trkpt><trkpt lat="36.907541" lon="-93.133281"></trkpt><trkpt lat="36.907945" lon="-93.133243"></trkpt><trkpt lat="36.908044" lon="-93.133141"></trkpt><trkpt lat="36.908248" lon="-93.133038"></trkpt><trkpt lat="36.908349" lon="-93.133019"></trkpt><trkpt lat="36.908396" lon="-93.133060"></trkpt><trkpt lat="36.908596" lon="-93.133032"></trkpt><trkpt lat="36.908677" lon="-93.133057"></trkpt><trkpt lat="36.908794" lon="-93.132917"></trkpt><trkpt lat="36.908966" lon="-93.132801"></trkpt><trkpt lat="36.909008" lon="-93.132718"></trkpt><trkpt lat="36.909001" lon="-93.132625"></trkpt><trkpt lat="36.909143" lon="-93.132613"></trkpt><trkpt lat="36.909327" lon="-93.132481"></trkpt><trkpt lat="36.909618" lon="-93.132497"></trkpt><trkpt lat="36.909795" lon="-93.132323"></trkpt><trkpt lat="36.909724" lon="-93.132047"></trkpt><trkpt lat="36.909780" lon="-93.131872"></trkpt><trkpt lat="36.909972" lon="-93.131647"></trkpt><trkpt lat="36.910118" lon="-93.131554"></trkpt><trkpt lat="36.910188" lon="-93.131424"></trkpt><trkpt lat="36.910123" lon="-93.131393"></trkpt><trkpt lat="36.909962" lon="-93.131185"></trkpt><trkpt lat="36.909828" lon="-93.131139"></trkpt><trkpt lat="36.909816" lon="-93.131083"></trkpt><trkpt lat="36.909510" lon="-93.130871"></trkpt><trkpt lat="36.909442" lon="-93.130787"></trkpt><trkpt lat="36.909473" lon="-93.130533"></trkpt><trkpt lat="36.909448" lon="-93.130552"></trkpt><trkpt lat="36.909416" lon="-93.130508"></trkpt><trkpt lat="36.909475" lon="-93.130147"></trkpt><trkpt lat="36.909407" lon="-93.130084"></trkpt><trkpt lat="36.909425" lon="-93.129813"></trkpt><trkpt lat="36.909376" lon="-93.129581"></trkpt><trkpt lat="36.909187" lon="-93.129160"></trkpt><trkpt lat="36.909201" lon="-93.129025"></trkpt><trkpt lat="36.909103" lon="-93.128642"></trkpt><trkpt lat="36.909048" lon="-93.128607"></trkpt><trkpt lat="36.909006" lon="-93.128445"></trkpt><trkpt lat="36.908948" lon="-93.128432"></trkpt><trkpt lat="36.908959" lon="-93.128313"></trkpt><trkpt lat="36.908936" lon="-93.128243"></trkpt><trkpt lat="36.908895" lon="-93.128272"></trkpt><trkpt lat="36.908864" lon="-93.128205"></trkpt><trkpt lat="36.908815" lon="-93.127874"></trkpt><trkpt lat="36.908687" lon="-93.127706"></trkpt><trkpt lat="36.908612" lon="-93.127482"></trkpt><trkpt lat="36.908495" lon="-93.127294"></trkpt><trkpt lat="36.908490" lon="-93.127111"></trkpt><trkpt lat="36.908358" lon="-93.126938"></trkpt><trkpt lat="36.908347" lon="-93.126832"></trkpt><trkpt lat="36.908188" lon="-93.126694"></trkpt><trkpt lat="36.907848" lon="-93.126528"></trkpt><trkpt lat="36.907447" lon="-93.126224"></trkpt><trkpt lat="36.907264" lon="-93.126135"></trkpt><trkpt lat="36.907254" lon="-93.126028"></trkpt><trkpt lat="36.907123" lon="-93.125901"></trkpt><trkpt lat="36.907063" lon="-93.125921"></trkpt><trkpt lat="36.906967" lon="-93.125806"></trkpt><trkpt lat="36.906964" lon="-93.125697"></trkpt><trkpt lat="36.906933" lon="-93.125628"></trkpt><trkpt lat="36.906868" lon="-93.125607"></trkpt><trkpt lat="36.906799" lon="-93.125396"></trkpt><trkpt lat="36.906783" lon="-93.125193"></trkpt><trkpt lat="36.906855" lon="-93.124989"></trkpt><trkpt lat="36.906965" lon="-93.124807"></trkpt><trkpt lat="36.907053" lon="-93.124797"></trkpt><trkpt lat="36.907117" lon="-93.124699"></trkpt><trkpt lat="36.907156" lon="-93.124453"></trkpt><trkpt lat="36.907279" lon="-93.124355"></trkpt><trkpt lat="36.907227" lon="-93.124172"></trkpt><trkpt lat="36.907372" lon="-93.124187"></trkpt><trkpt lat="36.907315" lon="-93.124080"></trkpt><trkpt lat="36.907432" lon="-93.124030"></trkpt><trkpt lat="36.907415" lon="-93.123909"></trkpt><trkpt lat="36.907467" lon="-93.123873"></trkpt><trkpt lat="36.907414" lon="-93.123811"></trkpt><trkpt lat="36.907482" lon="-93.123644"></trkpt><trkpt lat="36.907507" lon="-93.123193"></trkpt><trkpt lat="36.907464" lon="-93.122900"></trkpt><trkpt lat="36.907296" lon="-93.122568"></trkpt><trkpt lat="36.906834" lon="-93.122219"></trkpt><trkpt lat="36.906751" lon="-93.122095"></trkpt><trkpt lat="36.906524" lon="-93.121232"></trkpt><trkpt lat="36.906411" lon="-93.120923"></trkpt><trkpt lat="36.906405" lon="-93.120524"></trkpt><trkpt lat="36.906331" lon="-93.120410"></trkpt><trkpt lat="36.906337" lon="-93.120107"></trkpt><trkpt lat="36.906296" lon="-93.120069"></trkpt><trkpt lat="36.906371" lon="-93.119480"></trkpt><trkpt lat="36.906369" lon="-93.119162"></trkpt></trkseg></trk><trk><name>T028 BR5F828</name><trkseg><trkpt lat="36.910788" lon="-93.079986"></trkpt><trkpt lat="36.911403" lon="-93.080397"></trkpt><trkpt lat="36.912007" lon="-93.081015"></trkpt><trkpt lat="36.912656" lon="-93.081342"></trkpt><trkpt lat="36.913376" lon="-93.081836"></trkpt><trkpt lat="36.913980" lon="-93.082376"></trkpt><trkpt lat="36.915016" lon="-93.083511"></trkpt><trkpt lat="36.915159" lon="-93.083991"></trkpt><trkpt lat="36.915420" lon="-93.084621"></trkpt><trkpt lat="36.915458" lon="-93.085064"></trkpt><trkpt lat="36.915420" lon="-93.085577"></trkpt><trkpt lat="36.915494" lon="-93.085973"></trkpt><trkpt lat="36.915719" lon="-93.086277"></trkpt><trkpt lat="36.916056" lon="-93.086347"></trkpt><trkpt lat="36.916562" lon="-93.086348"></trkpt><trkpt lat="36.917079" lon="-93.086884"></trkpt><trkpt lat="36.917104" lon="-93.086415"></trkpt><trkpt lat="36.917028" lon="-93.086235"></trkpt><trkpt lat="36.917023" lon="-93.086126"></trkpt><trkpt lat="36.917053" lon="-93.085958"></trkpt><trkpt lat="36.917016" lon="-93.085561"></trkpt><trkpt lat="36.917053" lon="-93.085414"></trkpt><trkpt lat="36.916945" lon="-93.085035"></trkpt><trkpt lat="36.916989" lon="-93.084600"></trkpt><trkpt lat="36.916951" lon="-93.084354"></trkpt><trkpt lat="36.916851" lon="-93.084144"></trkpt><trkpt lat="36.916842" lon="-93.084024"></trkpt><trkpt lat="36.916638" lon="-93.083653"></trkpt><trkpt lat="36.916658" lon="-93.083427"></trkpt><trkpt lat="36.916616" lon="-93.083381"></trkpt><trkpt lat="36.916660" lon="-93.083299"></trkpt><trkpt lat="36.916647" lon="-93.082990"></trkpt><trkpt lat="36.916617" lon="-93.082911"></trkpt><trkpt lat="36.916394" lon="-93.082797"></trkpt><trkpt lat="36.916275" lon="-93.082785"></trkpt><trkpt lat="36.916242" lon="-93.082730"></trkpt><trkpt lat="36.916379" lon="-93.082517"></trkpt><trkpt lat="36.916344" lon="-93.082399"></trkpt><trkpt lat="36.916180" lon="-93.082223"></trkpt><trkpt lat="36.916114" lon="-93.081905"></trkpt><trkpt lat="36.916044" lon="-93.081874"></trkpt><trkpt lat="36.915698" lon="-93.081394"></trkpt><trkpt lat="36.915498" lon="-93.081176"></trkpt><trkpt lat="36.915473" lon="-93.081059"></trkpt><trkpt lat="36.915424" lon="-93.081002"></trkpt><trkpt lat="36.915193" lon="-93.080990"></trkpt><trkpt lat="36.914875" lon="-93.080891"></trkpt><trkpt lat="36.914776" lon="-93.080948"></trkpt><trkpt lat="36.914685" lon="-93.080914"></trkpt><trkpt lat="36.914461" lon="-93.080711"></trkpt><trkpt lat="36.913908" lon="-93.080500"></trkpt><trkpt lat="36.913733" lon="-93.080351"></trkpt><trkpt lat="36.913577" lon="-93.080301"></trkpt><trkpt lat="36.913408" lon="-93.080197"></trkpt><trkpt lat="36.913270" lon="-93.079806"></trkpt><trkpt lat="36.913228" lon="-93.079346"></trkpt><trkpt lat="36.913138" lon="-93.079180"></trkpt><trkpt lat="36.913124" lon="-93.079078"></trkpt><trkpt lat="36.913017" lon="-93.078927"></trkpt><trkpt lat="36.913070" lon="-93.078803"></trkpt><trkpt lat="36.913061" lon="-93.078717"></trkpt><trkpt lat="36.912948" lon="-93.078277"></trkpt><trkpt lat="36.912879" lon="-93.078233"></trkpt><trkpt lat="36.912859" lon="-93.078158"></trkpt><trkpt lat="36.912859" lon="-93.077901"></trkpt><trkpt lat="36.912898" lon="-93.077767"></trkpt><trkpt lat="36.912807" lon="-93.077506"></trkpt><trkpt lat="36.912782" lon="-93.077339"></trkpt><trkpt lat="36.912653" lon="-93.077258"></trkpt><trkpt lat="36.912558" lon="-93.077249"></trkpt><trkpt lat="36.912414" lon="-93.077296"></trkpt><trkpt lat="36.912370" lon="-93.077362"></trkpt><trkpt lat="36.912341" lon="-93.077514"></trkpt><trkpt lat="36.912025" lon="-93.077654"></trkpt><trkpt lat="36.911867" lon="-93.077674"></trkpt><trkpt lat="36.911767" lon="-93.077767"></trkpt><trkpt lat="36.911653" lon="-93.077811"></trkpt><trkpt lat="36.911030" lon="-93.077942"></trkpt><trkpt lat="36.910342" lon="-93.078017"></trkpt><trkpt lat="36.910083" lon="-93.078015"></trkpt><trkpt lat="36.909661" lon="-93.077904"></trkpt><trkpt lat="36.909566" lon="-93.077800"></trkpt><trkpt lat="36.909446" lon="-93.077786"></trkpt><trkpt lat="36.909319" lon="-93.077695"></trkpt><trkpt lat="36.909276" lon="-93.077714"></trkpt><trkpt lat="36.909236" lon="-93.077842"></trkpt><trkpt lat="36.909389" lon="-93.078260"></trkpt><trkpt lat="36.909342" lon="-93.078390"></trkpt><trkpt lat="36.909210" lon="-93.078589"></trkpt><trkpt lat="36.908920" lon="-93.078861"></trkpt><trkpt lat="36.908475" lon="-93.078532"></trkpt><trkpt lat="36.908426" lon="-93.078419"></trkpt><trkpt lat="36.908221" lon="-93.078315"></trkpt><trkpt lat="36.908154" lon="-93.078398"></trkpt><trkpt lat="36.907652" lon="-93.078693"></trkpt><trkpt lat="36.907615" lon="-93.078764"></trkpt><trkpt lat="36.907514" lon="-93.078842"></trkpt><trkpt lat="36.907356" lon="-93.079184"></trkpt><trkpt lat="36.907361" lon="-93.079629"></trkpt><trkpt lat="36.907405" lon="-93.079877"></trkpt><trkpt lat="36.907373" lon="-93.079997"></trkpt><trkpt lat="36.907393" lon="-93.080449"></trkpt><trkpt lat="36.907341" lon="-93.080642"></trkpt><trkpt lat="36.907218" lon="-93.080857"></trkpt><trkpt lat="36.907014" lon="-93.080958"></trkpt><trkpt lat="36.906732" lon="-93.081211"></trkpt><trkpt lat="36.906631" lon="-93.081396"></trkpt><trkpt lat="36.906522" lon="-93.081732"></trkpt><trkpt lat="36.906590" lon="-93.082218"></trkpt><trkpt lat="36.906800" lon="-93.082726"></trkpt><trkpt lat="36.906372" lon="-93.083262"></trkpt><trkpt lat="36.906079" lon="-93.083422"></trkpt><trkpt lat="36.906038" lon="-93.083393"></trkpt><trkpt lat="36.905783" lon="-93.083376"></trkpt><trkpt lat="36.905574" lon="-93.083849"></trkpt><trkpt lat="36.905323" lon="-93.084266"></trkpt><trkpt lat="36.905355" lon="-93.084471"></trkpt><trkpt lat="36.905352" lon="-93.084859"></trkpt><trkpt lat="36.905296" lon="-93.085627"></trkpt><trkpt lat="36.905211" lon="-93.086033"></trkpt><trkpt lat="36.905082" lon="-93.086383"></trkpt><trkpt lat="36.905127" lon="-93.086708"></trkpt><trkpt lat="36.905166" lon="-93.086733"></trkpt><trkpt lat="36.905177" lon="-93.086908"></trkpt><trkpt lat="36.905224" lon="-93.086949"></trkpt><trkpt lat="36.905242" lon="-93.087070"></trkpt><trkpt lat="36.905221" lon="-93.087415"></trkpt><trkpt lat="36.905166" lon="-93.087584"></trkpt><trkpt lat="36.904903" lon="-93.087982"></trkpt><trkpt lat="36.904609" lon="-93.088537"></trkpt><trkpt lat="36.904301" lon="-93.089415"></trkpt><trkpt lat="36.904160" lon="-93.089619"></trkpt><trkpt lat="36.904205" lon="-93.089821"></trkpt><trkpt lat="36.904119" lon="-93.089796"></trkpt><trkpt lat="36.904002" lon="-93.089847"></trkpt><trkpt lat="36.903805" lon="-93.090201"></trkpt><trkpt lat="36.903686" lon="-93.090302"></trkpt><trkpt lat="36.903685" lon="-93.090392"></trkpt><trkpt lat="36.903633" lon="-93.090497"></trkpt><trkpt lat="36.903440" lon="-93.090728"></trkpt><trkpt lat="36.903369" lon="-93.091126"></trkpt><trkpt lat="36.903171" lon="-93.091426"></trkpt><trkpt lat="36.903312" lon="-93.091691"></trkpt><trkpt lat="36.903445" lon="-93.091866"></trkpt><trkpt lat="36.903609" lon="-93.092455"></trkpt><trkpt lat="36.903554" lon="-93.092692"></trkpt><trkpt lat="36.903474" lon="-93.092782"></trkpt><trkpt lat="36.903383" lon="-93.092966"></trkpt><trkpt lat="36.903384" lon="-93.093041"></trkpt><trkpt lat="36.903488" lon="-93.093317"></trkpt><trkpt lat="36.903483" lon="-93.093630"></trkpt><trkpt lat="36.903463" lon="-93.093909"></trkpt><trkpt lat="36.903347" lon="-93.094171"></trkpt><trkpt lat="36.903201" lon="-93.094062"></trkpt><trkpt lat="36.903176" lon="-93.093994"></trkpt><trkpt lat="36.902778" lon="-93.093530"></trkpt><trkpt lat="36.902654" lon="-93.093616"></trkpt><trkpt lat="36.902657" lon="-93.093723"></trkpt><trkpt lat="36.902499" lon="-93.093822"></trkpt><trkpt lat="36.901999" lon="-93.093676"></trkpt><trkpt lat="36.901889" lon="-93.093510"></trkpt><trkpt lat="36.901633" lon="-93.093085"></trkpt><trkpt lat="36.901565" lon="-93.093078"></trkpt><trkpt lat="36.901480" lon="-93.093002"></trkpt><trkpt lat="36.901358" lon="-93.092797"></trkpt><trkpt lat="36.901321" lon="-93.092642"></trkpt><trkpt lat="36.901233" lon="-93.092557"></trkpt><trkpt lat="36.901185" lon="-93.092402"></trkpt><trkpt lat="36.900999" lon="-93.092219"></trkpt><trkpt lat="36.900880" lon="-93.091922"></trkpt><trkpt lat="36.900806" lon="-93.091847"></trkpt><trkpt lat="36.900760" lon="-93.091872"></trkpt><trkpt lat="36.900714" lon="-93.092016"></trkpt><trkpt lat="36.900642" lon="-93.092092"></trkpt><trkpt lat="36.900606" lon="-93.092052"></trkpt><trkpt lat="36.900528" lon="-93.091695"></trkpt><trkpt lat="36.900474" lon="-93.091680"></trkpt><trkpt lat="36.900197" lon="-93.091963"></trkpt><trkpt lat="36.900051" lon="-93.091953"></trkpt><trkpt lat="36.899760" lon="-93.092038"></trkpt><trkpt lat="36.899745" lon="-93.092006"></trkpt><trkpt lat="36.899484" lon="-93.091932"></trkpt><trkpt lat="36.898901" lon="-93.092059"></trkpt><trkpt lat="36.898630" lon="-93.092164"></trkpt><trkpt lat="36.898602" lon="-93.092205"></trkpt><trkpt lat="36.898040" lon="-93.092310"></trkpt><trkpt lat="36.897928" lon="-93.092248"></trkpt><trkpt lat="36.896344" lon="-93.092466"></trkpt><trkpt lat="36.896139" lon="-93.092558"></trkpt><trkpt lat="36.895988" lon="-93.093051"></trkpt><trkpt lat="36.896059" lon="-93.093361"></trkpt><trkpt lat="36.896071" lon="-93.093655"></trkpt><trkpt lat="36.896024" lon="-93.093906"></trkpt><trkpt lat="36.896036" lon="-93.094393"></trkpt><trkpt lat="36.896092" lon="-93.094549"></trkpt><trkpt lat="36.896173" lon="-93.094591"></trkpt><trkpt lat="36.896419" lon="-93.094586"></trkpt><trkpt lat="36.896482" lon="-93.094520"></trkpt><trkpt lat="36.896520" lon="-93.094564"></trkpt><trkpt lat="36.896584" lon="-93.094915"></trkpt><trkpt lat="36.896552" lon="-93.095166"></trkpt><trkpt lat="36.896733" lon="-93.095816"></trkpt><trkpt lat="36.896642" lon="-93.096319"></trkpt><trkpt lat="36.896885" lon="-93.096421"></trkpt><trkpt lat="36.897010" lon="-93.096534"></trkpt><trkpt lat="36.897059" lon="-93.096645"></trkpt><trkpt lat="36.897066" lon="-93.096764"></trkpt><trkpt lat="36.897001" lon="-93.096938"></trkpt><trkpt lat="36.896862" lon="-93.097118"></trkpt><trkpt lat="36.896821" lon="-93.097152"></trkpt><trkpt lat="36.896804" lon="-93.097131"></trkpt><trkpt lat="36.896630" lon="-93.097374"></trkpt><trkpt lat="36.896529" lon="-93.097418"></trkpt><trkpt lat="36.896412" lon="-93.097399"></trkpt><trkpt lat="36.896320" lon="-93.097475"></trkpt><trkpt lat="36.896537" lon="-93.097993"></trkpt><trkpt lat="36.896549" lon="-93.098141"></trkpt><trkpt lat="36.896410" lon="-93.098133"></trkpt><trkpt lat="36.896144" lon="-93.097806"></trkpt><trkpt lat="36.896063" lon="-93.097799"></trkpt><trkpt lat="36.895986" lon="-93.097855"></trkpt><trkpt lat="36.896053" lon="-93.098213"></trkpt><trkpt lat="36.896037" lon="-93.098376"></trkpt><trkpt lat="36.895991" lon="-93.098549"></trkpt><trkpt lat="36.895832" lon="-93.098761"></trkpt><trkpt lat="36.895761" lon="-93.098932"></trkpt><trkpt lat="36.895720" lon="-93.099176"></trkpt><trkpt lat="36.895967" lon="-93.099641"></trkpt><trkpt lat="36.895949" lon="-93.099695"></trkpt><trkpt lat="36.895573" lon="-93.099992"></trkpt><trkpt lat="36.895440" lon="-93.100237"></trkpt><trkpt lat="36.895263" lon="-93.100435"></trkpt><trkpt lat="36.895063" lon="-93.100566"></trkpt><trkpt lat="36.894893" lon="-93.100394"></trkpt><trkpt lat="36.894751" lon="-93.099982"></trkpt><trkpt lat="36.894815" lon="-93.099862"></trkpt><trkpt lat="36.894414" lon="-93.099538"></trkpt><trkpt lat="36.894225" lon="-93.099459"></trkpt><trkpt lat="36.893820" lon="-93.099470"></trkpt><trkpt lat="36.893720" lon="-93.099515"></trkpt><trkpt lat="36.893386" lon="-93.099907"></trkpt><trkpt lat="36.893242" lon="-93.099952"></trkpt><trkpt lat="36.892828" lon="-93.099940"></trkpt><trkpt lat="36.892530" lon="-93.100074"></trkpt><trkpt lat="36.892359" lon="-93.100242"></trkpt><trkpt lat="36.892178" lon="-93.100467"></trkpt><trkpt lat="36.892025" lon="-93.100534"></trkpt><trkpt lat="36.891322" lon="-93.100443"></trkpt><trkpt lat="36.891259" lon="-93.100174"></trkpt><trkpt lat="36.891082" lon="-93.100104"></trkpt><trkpt lat="36.890828" lon="-93.100177"></trkpt><trkpt lat="36.890733" lon="-93.100176"></trkpt><trkpt lat="36.890655" lon="-93.100247"></trkpt><trkpt lat="36.890308" lon="-93.100168"></trkpt><trkpt lat="36.889973" lon="-93.100376"></trkpt><trkpt lat="36.889721" lon="-93.100706"></trkpt><trkpt lat="36.889260" lon="-93.100897"></trkpt><trkpt lat="36.888897" lon="-93.100879"></trkpt><trkpt lat="36.888585" lon="-93.100961"></trkpt><trkpt lat="36.888039" lon="-93.100804"></trkpt><trkpt lat="36.887667" lon="-93.100388"></trkpt><trkpt lat="36.887236" lon="-93.100244"></trkpt><trkpt lat="36.887071" lon="-93.100151"></trkpt><trkpt lat="36.886647" lon="-93.099693"></trkpt><trkpt lat="36.886187" lon="-93.099562"></trkpt><trkpt lat="36.886049" lon="-93.099581"></trkpt><trkpt lat="36.885937" lon="-93.099614"></trkpt><trkpt lat="36.885709" lon="-93.099760"></trkpt><trkpt lat="36.885400" lon="-93.100426"></trkpt><trkpt lat="36.885188" lon="-93.100704"></trkpt><trkpt lat="36.885052" lon="-93.100984"></trkpt><trkpt lat="36.884856" lon="-93.101235"></trkpt><trkpt lat="36.884648" lon="-93.101306"></trkpt><trkpt lat="36.884427" lon="-93.101167"></trkpt><trkpt lat="36.884400" lon="-93.101112"></trkpt><trkpt lat="36.884432" lon="-93.100972"></trkpt><trkpt lat="36.884315" lon="-93.100801"></trkpt><trkpt lat="36.884303" lon="-93.100696"></trkpt><trkpt lat="36.884418" lon="-93.100488"></trkpt><trkpt lat="36.884341" lon="-93.100189"></trkpt><trkpt lat="36.884356" lon="-93.100038"></trkpt><trkpt lat="36.884319" lon="-93.099923"></trkpt><trkpt lat="36.884177" lon="-93.099758"></trkpt><trkpt lat="36.884049" lon="-93.099715"></trkpt><trkpt lat="36.883876" lon="-93.099585"></trkpt><trkpt lat="36.883672" lon="-93.099501"></trkpt><trkpt lat="36.883297" lon="-93.099684"></trkpt><trkpt lat="36.883191" lon="-93.099484"></trkpt><trkpt lat="36.883197" lon="-93.099285"></trkpt><trkpt lat="36.883136" lon="-93.099060"></trkpt><trkpt lat="36.882886" lon="-93.099691"></trkpt><trkpt lat="36.882702" lon="-93.099975"></trkpt><trkpt lat="36.882697" lon="-93.100132"></trkpt><trkpt lat="36.882527" lon="-93.100362"></trkpt><trkpt lat="36.882439" lon="-93.100415"></trkpt><trkpt lat="36.882371" lon="-93.100571"></trkpt><trkpt lat="36.882248" lon="-93.100687"></trkpt><trkpt lat="36.882092" lon="-93.100768"></trkpt><trkpt lat="36.882032" lon="-93.100853"></trkpt><trkpt lat="36.881868" lon="-93.100874"></trkpt><trkpt lat="36.881655" lon="-93.101004"></trkpt><trkpt lat="36.881573" lon="-93.101092"></trkpt><trkpt lat="36.881258" lon="-93.101294"></trkpt><trkpt lat="36.880970" lon="-93.101600"></trkpt><trkpt lat="36.880479" lon="-93.101934"></trkpt><trkpt lat="36.880359" lon="-93.101981"></trkpt><trkpt lat="36.880303" lon="-93.102107"></trkpt><trkpt lat="36.880259" lon="-93.102125"></trkpt><trkpt lat="36.880259" lon="-93.102176"></trkpt><trkpt lat="36.880169" lon="-93.102208"></trkpt><trkpt lat="36.880133" lon="-93.102347"></trkpt><trkpt lat="36.880077" lon="-93.102336"></trkpt><trkpt lat="36.879881" lon="-93.102582"></trkpt><trkpt lat="36.879773" lon="-93.102611"></trkpt><trkpt lat="36.879717" lon="-93.102739"></trkpt><trkpt lat="36.879617" lon="-93.102817"></trkpt><trkpt lat="36.879515" lon="-93.102964"></trkpt><trkpt lat="36.879240" lon="-93.103211"></trkpt><trkpt lat="36.879141" lon="-93.103255"></trkpt><trkpt lat="36.879084" lon="-93.103349"></trkpt><trkpt lat="36.878793" lon="-93.103440"></trkpt><trkpt lat="36.878727" lon="-93.103421"></trkpt><trkpt lat="36.878528" lon="-93.103482"></trkpt><trkpt lat="36.878418" lon="-93.103613"></trkpt><trkpt lat="36.878343" lon="-93.103793"></trkpt><trkpt lat="36.878358" lon="-93.103838"></trkpt><trkpt lat="36.878237" lon="-93.103956"></trkpt><trkpt lat="36.878238" lon="-93.103997"></trkpt><trkpt lat="36.878102" lon="-93.104161"></trkpt><trkpt lat="36.878102" lon="-93.104450"></trkpt><trkpt lat="36.877854" lon="-93.104958"></trkpt><trkpt lat="36.877777" lon="-93.105218"></trkpt><trkpt lat="36.877765" lon="-93.105414"></trkpt><trkpt lat="36.877713" lon="-93.105525"></trkpt><trkpt lat="36.877733" lon="-93.105584"></trkpt><trkpt lat="36.877706" lon="-93.105701"></trkpt><trkpt lat="36.877606" lon="-93.105905"></trkpt><trkpt lat="36.877660" lon="-93.105987"></trkpt><trkpt lat="36.877581" lon="-93.106624"></trkpt><trkpt lat="36.877554" lon="-93.106643"></trkpt><trkpt lat="36.877583" lon="-93.106714"></trkpt><trkpt lat="36.877540" lon="-93.106851"></trkpt><trkpt lat="36.877574" lon="-93.107097"></trkpt><trkpt lat="36.877670" lon="-93.107367"></trkpt><trkpt lat="36.877604" lon="-93.107465"></trkpt><trkpt lat="36.877596" lon="-93.107565"></trkpt><trkpt lat="36.877662" lon="-93.108469"></trkpt><trkpt lat="36.877771" lon="-93.108607"></trkpt><trkpt lat="36.877755" lon="-93.108869"></trkpt><trkpt lat="36.877785" lon="-93.108896"></trkpt><trkpt lat="36.877836" lon="-93.109297"></trkpt><trkpt lat="36.877792" lon="-93.109511"></trkpt><trkpt lat="36.877818" lon="-93.109582"></trkpt><trkpt lat="36.877795" lon="-93.109642"></trkpt><trkpt lat="36.877821" lon="-93.109671"></trkpt><trkpt lat="36.877777" lon="-93.109710"></trkpt><trkpt lat="36.877783" lon="-93.109792"></trkpt><trkpt lat="36.877744" lon="-93.109824"></trkpt><trkpt lat="36.877797" lon="-93.109874"></trkpt><trkpt lat="36.877808" lon="-93.109946"></trkpt><trkpt lat="36.877762" lon="-93.110128"></trkpt><trkpt lat="36.877788" lon="-93.110154"></trkpt><trkpt lat="36.877759" lon="-93.110210"></trkpt><trkpt lat="36.877761" lon="-93.110378"></trkpt><trkpt lat="36.877778" lon="-93.110440"></trkpt><trkpt lat="36.877829" lon="-93.110473"></trkpt><trkpt lat="36.877818" lon="-93.110570"></trkpt><trkpt lat="36.877923" lon="-93.110908"></trkpt><trkpt lat="36.877904" lon="-93.110945"></trkpt><trkpt lat="36.878017" lon="-93.111166"></trkpt><trkpt lat="36.877996" lon="-93.111243"></trkpt><trkpt lat="36.878035" lon="-93.111223"></trkpt><trkpt lat="36.877983" lon="-93.111304"></trkpt><trkpt lat="36.878061" lon="-93.111305"></trkpt><trkpt lat="36.878123" lon="-93.111414"></trkpt><trkpt lat="36.878204" lon="-93.111400"></trkpt><trkpt lat="36.878207" lon="-93.111493"></trkpt><trkpt lat="36.878259" lon="-93.111458"></trkpt><trkpt lat="36.878272" lon="-93.111499"></trkpt><trkpt lat="36.878350" lon="-93.111515"></trkpt><trkpt lat="36.878455" lon="-93.111678"></trkpt><trkpt lat="36.878529" lon="-93.111671"></trkpt><trkpt lat="36.878442" lon="-93.111877"></trkpt><trkpt lat="36.878462" lon="-93.111969"></trkpt><trkpt lat="36.878390" lon="-93.112035"></trkpt><trkpt lat="36.878333" lon="-93.112221"></trkpt><trkpt lat="36.878298" lon="-93.112226"></trkpt><trkpt lat="36.878278" lon="-93.112396"></trkpt><trkpt lat="36.878192" lon="-93.112456"></trkpt><trkpt lat="36.878037" lon="-93.112840"></trkpt><trkpt lat="36.877984" lon="-93.112870"></trkpt><trkpt lat="36.877933" lon="-93.112967"></trkpt><trkpt lat="36.877898" lon="-93.113040"></trkpt><trkpt lat="36.877914" lon="-93.113094"></trkpt><trkpt lat="36.877822" lon="-93.113178"></trkpt><trkpt lat="36.877741" lon="-93.113321"></trkpt><trkpt lat="36.877697" lon="-93.113339"></trkpt><trkpt lat="36.877563" lon="-93.113596"></trkpt><trkpt lat="36.877410" lon="-93.113714"></trkpt><trkpt lat="36.877284" lon="-93.114059"></trkpt><trkpt lat="36.877056" lon="-93.114359"></trkpt><trkpt lat="36.876963" lon="-93.114637"></trkpt><trkpt lat="36.876983" lon="-93.114632"></trkpt><trkpt lat="36.876921" lon="-93.114703"></trkpt><trkpt lat="36.876948" lon="-93.114732"></trkpt><trkpt lat="36.876898" lon="-93.114778"></trkpt><trkpt lat="36.876920" lon="-93.114879"></trkpt><trkpt lat="36.876888" lon="-93.115086"></trkpt><trkpt lat="36.876831" lon="-93.115073"></trkpt><trkpt lat="36.876819" lon="-93.115154"></trkpt><trkpt lat="36.876778" lon="-93.115159"></trkpt><trkpt lat="36.876593" lon="-93.115084"></trkpt><trkpt lat="36.876524" lon="-93.115093"></trkpt><trkpt lat="36.876415" lon="-93.115201"></trkpt><trkpt lat="36.876325" lon="-93.115184"></trkpt><trkpt lat="36.876267" lon="-93.115318"></trkpt><trkpt lat="36.876168" lon="-93.115439"></trkpt><trkpt lat="36.876092" lon="-93.115465"></trkpt><trkpt lat="36.875956" lon="-93.115634"></trkpt><trkpt lat="36.875669" lon="-93.115889"></trkpt><trkpt lat="36.875624" lon="-93.116106"></trkpt><trkpt lat="36.875510" lon="-93.116287"></trkpt><trkpt lat="36.875495" lon="-93.116505"></trkpt><trkpt lat="36.875501" lon="-93.116609"></trkpt><trkpt lat="36.875558" lon="-93.116612"></trkpt><trkpt lat="36.875569" lon="-93.116677"></trkpt><trkpt lat="36.875616" lon="-93.116641"></trkpt><trkpt lat="36.875627" lon="-93.116725"></trkpt><trkpt lat="36.875543" lon="-93.116826"></trkpt><trkpt lat="36.875323" lon="-93.116825"></trkpt><trkpt lat="36.875255" lon="-93.116885"></trkpt><trkpt lat="36.875183" lon="-93.117067"></trkpt><trkpt lat="36.875135" lon="-93.117117"></trkpt><trkpt lat="36.875111" lon="-93.117296"></trkpt><trkpt lat="36.875038" lon="-93.117365"></trkpt><trkpt lat="36.875017" lon="-93.117514"></trkpt><trkpt lat="36.874959" lon="-93.117508"></trkpt><trkpt lat="36.874931" lon="-93.117545"></trkpt><trkpt lat="36.874859" lon="-93.117764"></trkpt><trkpt lat="36.874825" lon="-93.117773"></trkpt><trkpt lat="36.874737" lon="-93.117946"></trkpt><trkpt lat="36.874699" lon="-93.117963"></trkpt><trkpt lat="36.874442" lon="-93.118340"></trkpt><trkpt lat="36.874390" lon="-93.118472"></trkpt><trkpt lat="36.874408" lon="-93.118716"></trkpt><trkpt lat="36.874365" lon="-93.118916"></trkpt><trkpt lat="36.874376" lon="-93.119070"></trkpt><trkpt lat="36.874413" lon="-93.119087"></trkpt><trkpt lat="36.874408" lon="-93.119225"></trkpt><trkpt lat="36.874492" lon="-93.119434"></trkpt><trkpt lat="36.874368" lon="-93.119776"></trkpt><trkpt lat="36.874393" lon="-93.120002"></trkpt><trkpt lat="36.874374" lon="-93.120218"></trkpt><trkpt lat="36.874328" lon="-93.120340"></trkpt><trkpt lat="36.874393" lon="-93.120359"></trkpt><trkpt lat="36.874413" lon="-93.120520"></trkpt><trkpt lat="36.874319" lon="-93.120693"></trkpt><trkpt lat="36.874346" lon="-93.120866"></trkpt><trkpt lat="36.874160" lon="-93.120964"></trkpt><trkpt lat="36.874017" lon="-93.121212"></trkpt><trkpt lat="36.873888" lon="-93.121356"></trkpt><trkpt lat="36.873824" lon="-93.121514"></trkpt><trkpt lat="36.873779" lon="-93.121543"></trkpt><trkpt lat="36.873729" lon="-93.121798"></trkpt><trkpt lat="36.873616" lon="-93.121998"></trkpt><trkpt lat="36.873622" lon="-93.122194"></trkpt><trkpt lat="36.873568" lon="-93.122335"></trkpt><trkpt lat="36.873572" lon="-93.122530"></trkpt><trkpt lat="36.873636" lon="-93.122670"></trkpt><trkpt lat="36.873668" lon="-93.122670"></trkpt><trkpt lat="36.873668" lon="-93.122770"></trkpt><trkpt lat="36.873717" lon="-93.122864"></trkpt><trkpt lat="36.873778" lon="-93.123268"></trkpt><trkpt lat="36.873766" lon="-93.123433"></trkpt><trkpt lat="36.873799" lon="-93.123541"></trkpt><trkpt lat="36.873848" lon="-93.123533"></trkpt><trkpt lat="36.873890" lon="-93.123660"></trkpt><trkpt lat="36.874000" lon="-93.123826"></trkpt><trkpt lat="36.874186" lon="-93.123966"></trkpt><trkpt lat="36.874271" lon="-93.124000"></trkpt><trkpt lat="36.874322" lon="-93.123966"></trkpt><trkpt lat="36.874362" lon="-93.124030"></trkpt><trkpt lat="36.874318" lon="-93.124148"></trkpt><trkpt lat="36.874113" lon="-93.124390"></trkpt><trkpt lat="36.874085" lon="-93.124536"></trkpt><trkpt lat="36.874086" lon="-93.124708"></trkpt><trkpt lat="36.874142" lon="-93.124977"></trkpt><trkpt lat="36.874230" lon="-93.125225"></trkpt><trkpt lat="36.874283" lon="-93.125641"></trkpt><trkpt lat="36.874241" lon="-93.125701"></trkpt><trkpt lat="36.874376" lon="-93.126006"></trkpt><trkpt lat="36.874399" lon="-93.126197"></trkpt><trkpt lat="36.874370" lon="-93.126355"></trkpt><trkpt lat="36.874402" lon="-93.126722"></trkpt><trkpt lat="36.874272" lon="-93.127023"></trkpt><trkpt lat="36.874260" lon="-93.127186"></trkpt><trkpt lat="36.874282" lon="-93.127239"></trkpt><trkpt lat="36.874339" lon="-93.127220"></trkpt><trkpt lat="36.874435" lon="-93.127333"></trkpt><trkpt lat="36.874440" lon="-93.127405"></trkpt><trkpt lat="36.874530" lon="-93.127541"></trkpt><trkpt lat="36.874594" lon="-93.127568"></trkpt><trkpt lat="36.874576" lon="-93.127595"></trkpt><trkpt lat="36.874693" lon="-93.127700"></trkpt><trkpt lat="36.874686" lon="-93.127729"></trkpt><trkpt lat="36.874832" lon="-93.127856"></trkpt><trkpt lat="36.874855" lon="-93.128037"></trkpt><trkpt lat="36.874896" lon="-93.128088"></trkpt><trkpt lat="36.874944" lon="-93.128316"></trkpt><trkpt lat="36.875014" lon="-93.128436"></trkpt><trkpt lat="36.874997" lon="-93.128457"></trkpt><trkpt lat="36.875040" lon="-93.128454"></trkpt><trkpt lat="36.875080" lon="-93.128537"></trkpt><trkpt lat="36.875124" lon="-93.128943"></trkpt><trkpt lat="36.875163" lon="-93.129049"></trkpt><trkpt lat="36.875133" lon="-93.129142"></trkpt><trkpt lat="36.875186" lon="-93.129213"></trkpt><trkpt lat="36.875273" lon="-93.129612"></trkpt><trkpt lat="36.875246" lon="-93.129720"></trkpt><trkpt lat="36.875269" lon="-93.129782"></trkpt><trkpt lat="36.875302" lon="-93.129775"></trkpt><trkpt lat="36.875303" lon="-93.129940"></trkpt><trkpt lat="36.875353" lon="-93.129943"></trkpt><trkpt lat="36.875302" lon="-93.130035"></trkpt><trkpt lat="36.875362" lon="-93.130084"></trkpt><trkpt lat="36.875335" lon="-93.130113"></trkpt><trkpt lat="36.875455" lon="-93.130260"></trkpt><trkpt lat="36.875522" lon="-93.130499"></trkpt><trkpt lat="36.875508" lon="-93.130584"></trkpt><trkpt lat="36.875563" lon="-93.130639"></trkpt><trkpt lat="36.875527" lon="-93.130714"></trkpt><trkpt lat="36.875598" lon="-93.130883"></trkpt><trkpt lat="36.875681" lon="-93.130899"></trkpt><trkpt lat="36.875829" lon="-93.131088"></trkpt><trkpt lat="36.875863" lon="-93.131383"></trkpt><trkpt lat="36.875890" lon="-93.131469"></trkpt><trkpt lat="36.875940" lon="-93.131500"></trkpt><trkpt lat="36.875927" lon="-93.131536"></trkpt><trkpt lat="36.876037" lon="-93.131518"></trkpt><trkpt lat="36.876077" lon="-93.131585"></trkpt><trkpt lat="36.876197" lon="-93.131622"></trkpt><trkpt lat="36.876186" lon="-93.131865"></trkpt><trkpt lat="36.876338" lon="-93.132728"></trkpt><trkpt lat="36.877393" lon="-93.135087"></trkpt><trkpt lat="36.877483" lon="-93.135177"></trkpt><trkpt lat="36.877472" lon="-93.135291"></trkpt><trkpt lat="36.877516" lon="-93.135411"></trkpt><trkpt lat="36.877662" lon="-93.135599"></trkpt><trkpt lat="36.877830" lon="-93.135731"></trkpt><trkpt lat="36.878114" lon="-93.135623"></trkpt><trkpt lat="36.878247" lon="-93.135500"></trkpt><trkpt lat="36.878451" lon="-93.135409"></trkpt><trkpt lat="36.878623" lon="-93.135273"></trkpt><trkpt lat="36.878649" lon="-93.135204"></trkpt><trkpt lat="36.878819" lon="-93.135048"></trkpt><trkpt lat="36.878925" lon="-93.134881"></trkpt><trkpt lat="36.878987" lon="-93.134863"></trkpt><trkpt lat="36.879283" lon="-93.134535"></trkpt><trkpt lat="36.879384" lon="-93.134465"></trkpt><trkpt lat="36.879404" lon="-93.134402"></trkpt><trkpt lat="36.879483" lon="-93.134352"></trkpt><trkpt lat="36.879848" lon="-93.133855"></trkpt><trkpt lat="36.879907" lon="-93.133733"></trkpt><trkpt lat="36.880028" lon="-93.133641"></trkpt><trkpt lat="36.880255" lon="-93.133345"></trkpt><trkpt lat="36.880305" lon="-93.133321"></trkpt><trkpt lat="36.880558" lon="-93.132943"></trkpt><trkpt lat="36.880809" lon="-93.132135"></trkpt><trkpt lat="36.880906" lon="-93.132031"></trkpt><trkpt lat="36.881098" lon="-93.131591"></trkpt><trkpt lat="36.881114" lon="-93.131241"></trkpt><trkpt lat="36.881168" lon="-93.131053"></trkpt><trkpt lat="36.881400" lon="-93.130446"></trkpt><trkpt lat="36.881442" lon="-93.130176"></trkpt><trkpt lat="36.881529" lon="-93.129977"></trkpt><trkpt lat="36.881614" lon="-93.129606"></trkpt><trkpt lat="36.881769" lon="-93.129327"></trkpt><trkpt lat="36.881956" lon="-93.128795"></trkpt><trkpt lat="36.881961" lon="-93.128550"></trkpt><trkpt lat="36.882185" lon="-93.127939"></trkpt><trkpt lat="36.882205" lon="-93.127767"></trkpt><trkpt lat="36.882313" lon="-93.127447"></trkpt><trkpt lat="36.882390" lon="-93.126893"></trkpt><trkpt lat="36.882509" lon="-93.126401"></trkpt><trkpt lat="36.882507" lon="-93.126209"></trkpt><trkpt lat="36.882602" lon="-93.125641"></trkpt><trkpt lat="36.882591" lon="-93.125239"></trkpt><trkpt lat="36.882641" lon="-93.125079"></trkpt><trkpt lat="36.882748" lon="-93.124909"></trkpt><trkpt lat="36.882989" lon="-93.124825"></trkpt><trkpt lat="36.883024" lon="-93.124757"></trkpt><trkpt lat="36.883031" lon="-93.124575"></trkpt><trkpt lat="36.883114" lon="-93.124295"></trkpt><trkpt lat="36.883306" lon="-93.123858"></trkpt><trkpt lat="36.883429" lon="-93.122987"></trkpt><trkpt lat="36.883401" lon="-93.122793"></trkpt><trkpt lat="36.883616" lon="-93.121873"></trkpt><trkpt lat="36.883724" lon="-93.121628"></trkpt><trkpt lat="36.883781" lon="-93.121396"></trkpt><trkpt lat="36.884002" lon="-93.121283"></trkpt><trkpt lat="36.884459" lon="-93.120841"></trkpt><trkpt lat="36.884583" lon="-93.120543"></trkpt><trkpt lat="36.885077" lon="-93.120224"></trkpt><trkpt lat="36.885155" lon="-93.120140"></trkpt><trkpt lat="36.885453" lon="-93.120031"></trkpt><trkpt lat="36.885611" lon="-93.120048"></trkpt><trkpt lat="36.885807" lon="-93.119994"></trkpt><trkpt lat="36.886095" lon="-93.119832"></trkpt><trkpt lat="36.886181" lon="-93.119836"></trkpt><trkpt lat="36.886487" lon="-93.119960"></trkpt><trkpt lat="36.886545" lon="-93.119942"></trkpt><trkpt lat="36.889969" lon="-93.118176"></trkpt><trkpt lat="36.890065" lon="-93.117992"></trkpt><trkpt lat="36.890062" lon="-93.117194"></trkpt><trkpt lat="36.890030" lon="-93.116945"></trkpt><trkpt lat="36.890271" lon="-93.115945"></trkpt><trkpt lat="36.890424" lon="-93.115642"></trkpt><trkpt lat="36.890917" lon="-93.114996"></trkpt><trkpt lat="36.891178" lon="-93.114548"></trkpt><trkpt lat="36.891366" lon="-93.114461"></trkpt><trkpt lat="36.891553" lon="-93.114470"></trkpt><trkpt lat="36.891784" lon="-93.114406"></trkpt><trkpt lat="36.892190" lon="-93.114233"></trkpt><trkpt lat="36.892542" lon="-93.114025"></trkpt><trkpt lat="36.892868" lon="-93.113762"></trkpt><trkpt lat="36.893123" lon="-93.113623"></trkpt><trkpt lat="36.893254" lon="-93.113527"></trkpt><trkpt lat="36.893349" lon="-93.113393"></trkpt><trkpt lat="36.893113" lon="-93.113104"></trkpt><trkpt lat="36.892740" lon="-93.112539"></trkpt><trkpt lat="36.892680" lon="-93.112201"></trkpt><trkpt lat="36.892716" lon="-93.111956"></trkpt><trkpt lat="36.892687" lon="-93.111862"></trkpt><trkpt lat="36.892986" lon="-93.111228"></trkpt><trkpt lat="36.893439" lon="-93.110741"></trkpt><trkpt lat="36.893808" lon="-93.110197"></trkpt><trkpt lat="36.893917" lon="-93.109837"></trkpt><trkpt lat="36.893959" lon="-93.109365"></trkpt><trkpt lat="36.893903" lon="-93.108442"></trkpt><trkpt lat="36.893959" lon="-93.108087"></trkpt><trkpt lat="36.894130" lon="-93.107672"></trkpt><trkpt lat="36.894195" lon="-93.107153"></trkpt><trkpt lat="36.894151" lon="-93.107067"></trkpt><trkpt lat="36.894196" lon="-93.106806"></trkpt><trkpt lat="36.894188" lon="-93.106498"></trkpt><trkpt lat="36.894057" lon="-93.105657"></trkpt><trkpt lat="36.894125" lon="-93.104979"></trkpt><trkpt lat="36.894073" lon="-93.104734"></trkpt><trkpt lat="36.894043" lon="-93.104232"></trkpt><trkpt lat="36.893959" lon="-93.103722"></trkpt><trkpt lat="36.893917" lon="-93.103662"></trkpt><trkpt lat="36.893939" lon="-93.103288"></trkpt><trkpt lat="36.894017" lon="-93.103179"></trkpt></trkseg></trk><trk><name>T029 BR5F828</name><trkseg><trkpt lat="36.907255" lon="-93.100527"></trkpt><trkpt lat="36.907387" lon="-93.100945"></trkpt><trkpt lat="36.907470" lon="-93.100997"></trkpt><trkpt lat="36.907522" lon="-93.100965"></trkpt><trkpt lat="36.907747" lon="-93.101317"></trkpt><trkpt lat="36.907861" lon="-93.101558"></trkpt><trkpt lat="36.908002" lon="-93.101707"></trkpt><trkpt lat="36.908143" lon="-93.101982"></trkpt><trkpt lat="36.908312" lon="-93.102161"></trkpt><trkpt lat="36.908388" lon="-93.102330"></trkpt><trkpt lat="36.908565" lon="-93.102510"></trkpt><trkpt lat="36.908551" lon="-93.102577"></trkpt><trkpt lat="36.908583" lon="-93.102700"></trkpt><trkpt lat="36.908629" lon="-93.102694"></trkpt><trkpt lat="36.908757" lon="-93.102801"></trkpt><trkpt lat="36.908811" lon="-93.102763"></trkpt><trkpt lat="36.908979" lon="-93.102843"></trkpt><trkpt lat="36.909283" lon="-93.103057"></trkpt><trkpt lat="36.909287" lon="-93.103126"></trkpt><trkpt lat="36.909353" lon="-93.103143"></trkpt><trkpt lat="36.909414" lon="-93.103238"></trkpt><trkpt lat="36.909446" lon="-93.103227"></trkpt><trkpt lat="36.909467" lon="-93.103310"></trkpt><trkpt lat="36.909513" lon="-93.103325"></trkpt><trkpt lat="36.909574" lon="-93.103425"></trkpt><trkpt lat="36.910145" lon="-93.103981"></trkpt><trkpt lat="36.910571" lon="-93.104653"></trkpt><trkpt lat="36.911479" lon="-93.105960"></trkpt><trkpt lat="36.912331" lon="-93.107011"></trkpt><trkpt lat="36.912794" lon="-93.107804"></trkpt><trkpt lat="36.913934" lon="-93.108773"></trkpt><trkpt lat="36.915989" lon="-93.109667"></trkpt></trkseg></trk><trk><name>T030 BR5F828</name><trkseg><trkpt lat="36.916087" lon="-93.104362"></trkpt><trkpt lat="36.915305" lon="-93.104139"></trkpt><trkpt lat="36.915001" lon="-93.103968"></trkpt><trkpt lat="36.914666" lon="-93.103924"></trkpt><trkpt lat="36.913898" lon="-93.103697"></trkpt><trkpt lat="36.913165" lon="-93.102885"></trkpt><trkpt lat="36.913025" lon="-93.102681"></trkpt><trkpt lat="36.912719" lon="-93.101941"></trkpt><trkpt lat="36.912641" lon="-93.101668"></trkpt><trkpt lat="36.912611" lon="-93.101181"></trkpt><trkpt lat="36.912496" lon="-93.100620"></trkpt><trkpt lat="36.912557" lon="-93.100247"></trkpt><trkpt lat="36.912539" lon="-93.099834"></trkpt><trkpt lat="36.912480" lon="-93.099648"></trkpt><trkpt lat="36.912156" lon="-93.099189"></trkpt><trkpt lat="36.911796" lon="-93.098874"></trkpt><trkpt lat="36.911283" lon="-93.098491"></trkpt><trkpt lat="36.911092" lon="-93.098079"></trkpt><trkpt lat="36.911011" lon="-93.097974"></trkpt><trkpt lat="36.910785" lon="-93.097800"></trkpt><trkpt lat="36.910834" lon="-93.097664"></trkpt><trkpt lat="36.911009" lon="-93.097447"></trkpt><trkpt lat="36.911115" lon="-93.097144"></trkpt><trkpt lat="36.911401" lon="-93.096697"></trkpt><trkpt lat="36.911518" lon="-93.096311"></trkpt><trkpt lat="36.911533" lon="-93.096088"></trkpt><trkpt lat="36.911451" lon="-93.095885"></trkpt><trkpt lat="36.910994" lon="-93.095241"></trkpt><trkpt lat="36.910611" lon="-93.094782"></trkpt><trkpt lat="36.910521" lon="-93.094616"></trkpt><trkpt lat="36.910404" lon="-93.093956"></trkpt><trkpt lat="36.910294" lon="-93.093818"></trkpt><trkpt lat="36.910025" lon="-93.093589"></trkpt><trkpt lat="36.909784" lon="-93.093282"></trkpt><trkpt lat="36.909636" lon="-93.093171"></trkpt><trkpt lat="36.909334" lon="-93.093070"></trkpt><trkpt lat="36.909202" lon="-93.092952"></trkpt><trkpt lat="36.908999" lon="-93.092587"></trkpt><trkpt lat="36.908901" lon="-93.092398"></trkpt><trkpt lat="36.908804" lon="-93.091737"></trkpt><trkpt lat="36.908806" lon="-93.091527"></trkpt><trkpt lat="36.908882" lon="-93.091331"></trkpt><trkpt lat="36.908897" lon="-93.091101"></trkpt><trkpt lat="36.908673" lon="-93.090477"></trkpt><trkpt lat="36.908642" lon="-93.089789"></trkpt><trkpt lat="36.908580" lon="-93.089562"></trkpt><trkpt lat="36.908467" lon="-93.089341"></trkpt><trkpt lat="36.907855" lon="-93.088635"></trkpt><trkpt lat="36.907157" lon="-93.088197"></trkpt><trkpt lat="36.907015" lon="-93.088052"></trkpt><trkpt lat="36.906889" lon="-93.087864"></trkpt><trkpt lat="36.906777" lon="-93.087683"></trkpt><trkpt lat="36.906643" lon="-93.087207"></trkpt><trkpt lat="36.906516" lon="-93.087015"></trkpt><trkpt lat="36.906334" lon="-93.086293"></trkpt><trkpt lat="36.906036" lon="-93.085624"></trkpt><trkpt lat="36.905996" lon="-93.085374"></trkpt><trkpt lat="36.906203" lon="-93.084654"></trkpt><trkpt lat="36.906647" lon="-93.084219"></trkpt><trkpt lat="36.907031" lon="-93.083480"></trkpt><trkpt lat="36.907018" lon="-93.083140"></trkpt><trkpt lat="36.906800" lon="-93.082726"></trkpt></trkseg></trk><trk><name>T031 BR5F828</name><trkseg><trkpt lat="34.994203" lon="-93.823649"></trkpt><trkpt lat="34.993815" lon="-93.823265"></trkpt><trkpt lat="34.993668" lon="-93.823010"></trkpt><trkpt lat="34.993560" lon="-93.822701"></trkpt><trkpt lat="34.993353" lon="-93.822286"></trkpt><trkpt lat="34.993197" lon="-93.821322"></trkpt><trkpt lat="34.993174" lon="-93.820733"></trkpt><trkpt lat="34.993119" lon="-93.820510"></trkpt><trkpt lat="34.992985" lon="-93.820294"></trkpt><trkpt lat="34.992436" lon="-93.819829"></trkpt><trkpt lat="34.991937" lon="-93.819350"></trkpt><trkpt lat="34.991833" lon="-93.818964"></trkpt><trkpt lat="34.991730" lon="-93.818277"></trkpt><trkpt lat="34.991778" lon="-93.818110"></trkpt><trkpt lat="34.992106" lon="-93.817692"></trkpt><trkpt lat="34.992443" lon="-93.817430"></trkpt><trkpt lat="34.992589" lon="-93.817243"></trkpt><trkpt lat="34.992651" lon="-93.816991"></trkpt><trkpt lat="34.992648" lon="-93.816857"></trkpt><trkpt lat="34.992517" lon="-93.816482"></trkpt><trkpt lat="34.992506" lon="-93.816212"></trkpt><trkpt lat="34.992571" lon="-93.815949"></trkpt><trkpt lat="34.992685" lon="-93.815750"></trkpt><trkpt lat="34.993364" lon="-93.815012"></trkpt><trkpt lat="34.993522" lon="-93.814890"></trkpt><trkpt lat="34.993816" lon="-93.814748"></trkpt><trkpt lat="34.994322" lon="-93.814320"></trkpt><trkpt lat="34.994421" lon="-93.814292"></trkpt><trkpt lat="34.994496" lon="-93.814223"></trkpt><trkpt lat="34.994731" lon="-93.814196"></trkpt><trkpt lat="34.994972" lon="-93.814108"></trkpt><trkpt lat="34.995222" lon="-93.813893"></trkpt><trkpt lat="34.995319" lon="-93.813856"></trkpt><trkpt lat="34.995664" lon="-93.813851"></trkpt><trkpt lat="34.995876" lon="-93.813902"></trkpt><trkpt lat="34.996081" lon="-93.813849"></trkpt><trkpt lat="34.996425" lon="-93.813652"></trkpt><trkpt lat="34.996631" lon="-93.813469"></trkpt><trkpt lat="34.997114" lon="-93.812789"></trkpt><trkpt lat="34.997282" lon="-93.812629"></trkpt><trkpt lat="34.997768" lon="-93.812418"></trkpt><trkpt lat="34.998302" lon="-93.812115"></trkpt><trkpt lat="34.998526" lon="-93.812041"></trkpt><trkpt lat="34.999105" lon="-93.812084"></trkpt><trkpt lat="34.999389" lon="-93.812069"></trkpt><trkpt lat="35.000046" lon="-93.812293"></trkpt><trkpt lat="35.000441" lon="-93.812539"></trkpt><trkpt lat="35.000648" lon="-93.812609"></trkpt><trkpt lat="35.001040" lon="-93.812511"></trkpt><trkpt lat="35.001378" lon="-93.812530"></trkpt><trkpt lat="35.001572" lon="-93.812623"></trkpt><trkpt lat="35.001735" lon="-93.812779"></trkpt><trkpt lat="35.002083" lon="-93.813289"></trkpt><trkpt lat="35.002256" lon="-93.813450"></trkpt><trkpt lat="35.002451" lon="-93.813548"></trkpt><trkpt lat="35.002544" lon="-93.813567"></trkpt><trkpt lat="35.002639" lon="-93.813527"></trkpt><trkpt lat="35.002720" lon="-93.813454"></trkpt><trkpt lat="35.002841" lon="-93.813249"></trkpt><trkpt lat="35.002976" lon="-93.812919"></trkpt><trkpt lat="35.003198" lon="-93.812187"></trkpt><trkpt lat="35.003381" lon="-93.811797"></trkpt><trkpt lat="35.003633" lon="-93.811423"></trkpt><trkpt lat="35.003906" lon="-93.811103"></trkpt><trkpt lat="35.003937" lon="-93.810889"></trkpt><trkpt lat="35.003795" lon="-93.809871"></trkpt><trkpt lat="35.003852" lon="-93.809735"></trkpt><trkpt lat="35.003952" lon="-93.809679"></trkpt><trkpt lat="35.004064" lon="-93.809684"></trkpt><trkpt lat="35.004285" lon="-93.809755"></trkpt><trkpt lat="35.005091" lon="-93.810485"></trkpt><trkpt lat="35.005241" lon="-93.810773"></trkpt><trkpt lat="35.005471" lon="-93.811091"></trkpt><trkpt lat="35.005753" lon="-93.811343"></trkpt><trkpt lat="35.005899" lon="-93.811401"></trkpt><trkpt lat="35.006093" lon="-93.811402"></trkpt><trkpt lat="35.006185" lon="-93.811435"></trkpt><trkpt lat="35.006577" lon="-93.811880"></trkpt><trkpt lat="35.006843" lon="-93.812108"></trkpt><trkpt lat="35.007178" lon="-93.812321"></trkpt><trkpt lat="35.007488" lon="-93.812401"></trkpt><trkpt lat="35.007883" lon="-93.812370"></trkpt><trkpt lat="35.007962" lon="-93.812410"></trkpt><trkpt lat="35.008066" lon="-93.812379"></trkpt><trkpt lat="35.008140" lon="-93.812398"></trkpt><trkpt lat="35.008413" lon="-93.812350"></trkpt><trkpt lat="35.008656" lon="-93.812351"></trkpt><trkpt lat="35.008729" lon="-93.812312"></trkpt><trkpt lat="35.009000" lon="-93.812272"></trkpt><trkpt lat="35.009344" lon="-93.812310"></trkpt><trkpt lat="35.009857" lon="-93.812445"></trkpt><trkpt lat="35.010432" lon="-93.812879"></trkpt><trkpt lat="35.010599" lon="-93.813059"></trkpt><trkpt lat="35.010734" lon="-93.813503"></trkpt><trkpt lat="35.010795" lon="-93.814143"></trkpt><trkpt lat="35.010840" lon="-93.814201"></trkpt><trkpt lat="35.010930" lon="-93.814517"></trkpt><trkpt lat="35.011074" lon="-93.815208"></trkpt><trkpt lat="35.011431" lon="-93.816093"></trkpt><trkpt lat="35.011329" lon="-93.816532"></trkpt><trkpt lat="35.011365" lon="-93.816913"></trkpt><trkpt lat="35.011293" lon="-93.817171"></trkpt><trkpt lat="35.011308" lon="-93.817288"></trkpt><trkpt lat="35.011261" lon="-93.817646"></trkpt><trkpt lat="35.011346" lon="-93.818771"></trkpt><trkpt lat="35.011225" lon="-93.819271"></trkpt><trkpt lat="35.011320" lon="-93.819536"></trkpt><trkpt lat="35.011483" lon="-93.819714"></trkpt><trkpt lat="35.011843" lon="-93.820495"></trkpt><trkpt lat="35.011695" lon="-93.821056"></trkpt><trkpt lat="35.011730" lon="-93.821283"></trkpt><trkpt lat="35.011783" lon="-93.821383"></trkpt><trkpt lat="35.012717" lon="-93.821947"></trkpt><trkpt lat="35.013102" lon="-93.822753"></trkpt><trkpt lat="35.013316" lon="-93.823122"></trkpt><trkpt lat="35.013342" lon="-93.823235"></trkpt><trkpt lat="35.013338" lon="-93.823828"></trkpt><trkpt lat="35.013391" lon="-93.824002"></trkpt><trkpt lat="35.013442" lon="-93.824063"></trkpt><trkpt lat="35.013937" lon="-93.824198"></trkpt><trkpt lat="35.013996" lon="-93.824152"></trkpt><trkpt lat="35.014003" lon="-93.824190"></trkpt><trkpt lat="35.014210" lon="-93.824148"></trkpt><trkpt lat="35.014357" lon="-93.824196"></trkpt><trkpt lat="35.014530" lon="-93.824288"></trkpt><trkpt lat="35.015048" lon="-93.824664"></trkpt><trkpt lat="35.015142" lon="-93.824768"></trkpt><trkpt lat="35.015340" lon="-93.825136"></trkpt><trkpt lat="35.016180" lon="-93.825607"></trkpt><trkpt lat="35.016601" lon="-93.825675"></trkpt><trkpt lat="35.016687" lon="-93.825663"></trkpt><trkpt lat="35.017209" lon="-93.825790"></trkpt><trkpt lat="35.018563" lon="-93.826587"></trkpt><trkpt lat="35.018657" lon="-93.826957"></trkpt><trkpt lat="35.018564" lon="-93.827332"></trkpt><trkpt lat="35.018581" lon="-93.827575"></trkpt><trkpt lat="35.018790" lon="-93.827934"></trkpt><trkpt lat="35.018901" lon="-93.828192"></trkpt><trkpt lat="35.019068" lon="-93.828828"></trkpt><trkpt lat="35.019119" lon="-93.828931"></trkpt><trkpt lat="35.019332" lon="-93.829160"></trkpt><trkpt lat="35.019358" lon="-93.829267"></trkpt><trkpt lat="35.019373" lon="-93.829375"></trkpt><trkpt lat="35.019260" lon="-93.829816"></trkpt><trkpt lat="35.019275" lon="-93.830189"></trkpt><trkpt lat="35.019201" lon="-93.830451"></trkpt><trkpt lat="35.018964" lon="-93.830806"></trkpt><trkpt lat="35.018617" lon="-93.831230"></trkpt><trkpt lat="35.018440" lon="-93.831379"></trkpt><trkpt lat="35.017926" lon="-93.831597"></trkpt><trkpt lat="35.017017" lon="-93.831700"></trkpt><trkpt lat="35.016766" lon="-93.831817"></trkpt><trkpt lat="35.016440" lon="-93.832379"></trkpt><trkpt lat="35.016289" lon="-93.832724"></trkpt><trkpt lat="35.016125" lon="-93.833248"></trkpt><trkpt lat="35.016099" lon="-93.833474"></trkpt><trkpt lat="35.016127" lon="-93.833695"></trkpt><trkpt lat="35.016191" lon="-93.833908"></trkpt><trkpt lat="35.016295" lon="-93.834099"></trkpt><trkpt lat="35.016439" lon="-93.834205"></trkpt><trkpt lat="35.016580" lon="-93.834263"></trkpt><trkpt lat="35.016792" lon="-93.834323"></trkpt><trkpt lat="35.016911" lon="-93.834322"></trkpt><trkpt lat="35.016893" lon="-93.834382"></trkpt><trkpt lat="35.016839" lon="-93.834427"></trkpt><trkpt lat="35.016608" lon="-93.834470"></trkpt><trkpt lat="35.016286" lon="-93.834435"></trkpt><trkpt lat="35.015915" lon="-93.834348"></trkpt><trkpt lat="35.015856" lon="-93.834378"></trkpt><trkpt lat="35.015277" lon="-93.834333"></trkpt><trkpt lat="35.014760" lon="-93.834458"></trkpt><trkpt lat="35.014577" lon="-93.834471"></trkpt><trkpt lat="35.014473" lon="-93.834516"></trkpt><trkpt lat="35.014417" lon="-93.834500"></trkpt><trkpt lat="35.014254" lon="-93.834654"></trkpt><trkpt lat="35.014244" lon="-93.834716"></trkpt><trkpt lat="35.014040" lon="-93.834851"></trkpt><trkpt lat="35.013901" lon="-93.835075"></trkpt><trkpt lat="35.013943" lon="-93.835507"></trkpt><trkpt lat="35.014106" lon="-93.835828"></trkpt><trkpt lat="35.014272" lon="-93.835847"></trkpt><trkpt lat="35.014555" lon="-93.835753"></trkpt><trkpt lat="35.014993" lon="-93.835908"></trkpt><trkpt lat="35.015228" lon="-93.836217"></trkpt><trkpt lat="35.015263" lon="-93.836405"></trkpt><trkpt lat="35.015377" lon="-93.836535"></trkpt><trkpt lat="35.015505" lon="-93.836611"></trkpt><trkpt lat="35.015552" lon="-93.836600"></trkpt><trkpt lat="35.015602" lon="-93.836535"></trkpt><trkpt lat="35.015651" lon="-93.836394"></trkpt><trkpt lat="35.015654" lon="-93.836264"></trkpt><trkpt lat="35.015773" lon="-93.836023"></trkpt><trkpt lat="35.015883" lon="-93.835966"></trkpt><trkpt lat="35.016084" lon="-93.835958"></trkpt><trkpt lat="35.016275" lon="-93.836003"></trkpt><trkpt lat="35.016637" lon="-93.836236"></trkpt><trkpt lat="35.016709" lon="-93.836248"></trkpt><trkpt lat="35.016812" lon="-93.836355"></trkpt><trkpt lat="35.017072" lon="-93.836532"></trkpt><trkpt lat="35.017217" lon="-93.836682"></trkpt><trkpt lat="35.017322" lon="-93.836850"></trkpt><trkpt lat="35.017377" lon="-93.837049"></trkpt><trkpt lat="35.017374" lon="-93.837230"></trkpt><trkpt lat="35.017090" lon="-93.838101"></trkpt><trkpt lat="35.017128" lon="-93.838200"></trkpt><trkpt lat="35.017207" lon="-93.838266"></trkpt><trkpt lat="35.017609" lon="-93.838469"></trkpt><trkpt lat="35.017730" lon="-93.838834"></trkpt><trkpt lat="35.017737" lon="-93.839166"></trkpt><trkpt lat="35.017627" lon="-93.839377"></trkpt><trkpt lat="35.017653" lon="-93.839485"></trkpt><trkpt lat="35.017587" lon="-93.839626"></trkpt><trkpt lat="35.017612" lon="-93.840290"></trkpt><trkpt lat="35.017559" lon="-93.840447"></trkpt><trkpt lat="35.017574" lon="-93.840504"></trkpt><trkpt lat="35.017545" lon="-93.840571"></trkpt><trkpt lat="35.017345" lon="-93.840767"></trkpt><trkpt lat="35.017122" lon="-93.841374"></trkpt><trkpt lat="35.017063" lon="-93.841433"></trkpt><trkpt lat="35.017105" lon="-93.841515"></trkpt><trkpt lat="35.017028" lon="-93.841646"></trkpt><trkpt lat="35.017187" lon="-93.841763"></trkpt><trkpt lat="35.017304" lon="-93.841759"></trkpt><trkpt lat="35.017480" lon="-93.841685"></trkpt><trkpt lat="35.017572" lon="-93.841743"></trkpt><trkpt lat="35.017632" lon="-93.841864"></trkpt><trkpt lat="35.017559" lon="-93.842425"></trkpt><trkpt lat="35.017586" lon="-93.842687"></trkpt><trkpt lat="35.017531" lon="-93.842888"></trkpt><trkpt lat="35.017558" lon="-93.843183"></trkpt><trkpt lat="35.017452" lon="-93.843578"></trkpt><trkpt lat="35.017478" lon="-93.843934"></trkpt><trkpt lat="35.017434" lon="-93.844441"></trkpt><trkpt lat="35.017451" lon="-93.844569"></trkpt><trkpt lat="35.017631" lon="-93.844969"></trkpt><trkpt lat="35.017727" lon="-93.845068"></trkpt><trkpt lat="35.017870" lon="-93.845347"></trkpt><trkpt lat="35.017994" lon="-93.845694"></trkpt><trkpt lat="35.018038" lon="-93.845728"></trkpt><trkpt lat="35.018199" lon="-93.845704"></trkpt><trkpt lat="35.018262" lon="-93.845727"></trkpt><trkpt lat="35.018370" lon="-93.845687"></trkpt><trkpt lat="35.018460" lon="-93.845741"></trkpt><trkpt lat="35.018568" lon="-93.845708"></trkpt><trkpt lat="35.018642" lon="-93.845449"></trkpt><trkpt lat="35.018618" lon="-93.845382"></trkpt><trkpt lat="35.018683" lon="-93.845147"></trkpt><trkpt lat="35.018664" lon="-93.844908"></trkpt><trkpt lat="35.018708" lon="-93.844777"></trkpt><trkpt lat="35.018676" lon="-93.844461"></trkpt><trkpt lat="35.018916" lon="-93.844299"></trkpt><trkpt lat="35.018979" lon="-93.844302"></trkpt><trkpt lat="35.019171" lon="-93.844024"></trkpt><trkpt lat="35.019298" lon="-93.843924"></trkpt><trkpt lat="35.019555" lon="-93.843865"></trkpt><trkpt lat="35.019771" lon="-93.843934"></trkpt><trkpt lat="35.020201" lon="-93.844313"></trkpt><trkpt lat="35.020299" lon="-93.844455"></trkpt><trkpt lat="35.020492" lon="-93.844615"></trkpt><trkpt lat="35.020554" lon="-93.844758"></trkpt><trkpt lat="35.020577" lon="-93.845040"></trkpt><trkpt lat="35.020553" lon="-93.845306"></trkpt><trkpt lat="35.020381" lon="-93.845674"></trkpt><trkpt lat="35.020115" lon="-93.846029"></trkpt><trkpt lat="35.020104" lon="-93.846246"></trkpt><trkpt lat="35.020215" lon="-93.846860"></trkpt><trkpt lat="35.020165" lon="-93.847284"></trkpt><trkpt lat="35.020355" lon="-93.848121"></trkpt><trkpt lat="35.020559" lon="-93.848541"></trkpt><trkpt lat="35.020576" lon="-93.849016"></trkpt><trkpt lat="35.020708" lon="-93.849233"></trkpt><trkpt lat="35.020756" lon="-93.849442"></trkpt><trkpt lat="35.020748" lon="-93.849884"></trkpt><trkpt lat="35.020813" lon="-93.849950"></trkpt><trkpt lat="35.021034" lon="-93.849946"></trkpt><trkpt lat="35.021194" lon="-93.850056"></trkpt><trkpt lat="35.021309" lon="-93.850260"></trkpt><trkpt lat="35.021324" lon="-93.850467"></trkpt><trkpt lat="35.021286" lon="-93.850675"></trkpt><trkpt lat="35.021158" lon="-93.850890"></trkpt><trkpt lat="35.020974" lon="-93.851107"></trkpt><trkpt lat="35.020603" lon="-93.851361"></trkpt><trkpt lat="35.020130" lon="-93.851608"></trkpt><trkpt lat="35.020018" lon="-93.851749"></trkpt><trkpt lat="35.019836" lon="-93.851772"></trkpt><trkpt lat="35.019725" lon="-93.851848"></trkpt><trkpt lat="35.019471" lon="-93.852074"></trkpt><trkpt lat="35.019300" lon="-93.852291"></trkpt><trkpt lat="35.019093" lon="-93.852936"></trkpt><trkpt lat="35.019168" lon="-93.853456"></trkpt><trkpt lat="35.018952" lon="-93.853062"></trkpt><trkpt lat="35.018797" lon="-93.852630"></trkpt><trkpt lat="35.018498" lon="-93.852260"></trkpt><trkpt lat="35.018239" lon="-93.851549"></trkpt><trkpt lat="35.018090" lon="-93.851251"></trkpt><trkpt lat="35.017652" lon="-93.850747"></trkpt><trkpt lat="35.017561" lon="-93.850573"></trkpt><trkpt lat="35.017344" lon="-93.850007"></trkpt><trkpt lat="35.017279" lon="-93.849574"></trkpt><trkpt lat="35.017196" lon="-93.849258"></trkpt><trkpt lat="35.016910" lon="-93.848505"></trkpt><trkpt lat="35.016667" lon="-93.848046"></trkpt><trkpt lat="35.016519" lon="-93.847947"></trkpt><trkpt lat="35.016301" lon="-93.847919"></trkpt><trkpt lat="35.015980" lon="-93.848032"></trkpt><trkpt lat="35.015565" lon="-93.848321"></trkpt><trkpt lat="35.015115" lon="-93.848928"></trkpt><trkpt lat="35.015018" lon="-93.848960"></trkpt><trkpt lat="35.014955" lon="-93.848928"></trkpt><trkpt lat="35.014846" lon="-93.848331"></trkpt><trkpt lat="35.014791" lon="-93.848174"></trkpt><trkpt lat="35.014570" lon="-93.847803"></trkpt><trkpt lat="35.014594" lon="-93.847069"></trkpt><trkpt lat="35.014381" lon="-93.846555"></trkpt><trkpt lat="35.014000" lon="-93.846201"></trkpt><trkpt lat="35.013829" lon="-93.846101"></trkpt><trkpt lat="35.013702" lon="-93.845976"></trkpt><trkpt lat="35.013456" lon="-93.845669"></trkpt><trkpt lat="35.013312" lon="-93.845298"></trkpt><trkpt lat="35.013207" lon="-93.845198"></trkpt><trkpt lat="35.012949" lon="-93.845287"></trkpt><trkpt lat="35.012768" lon="-93.845402"></trkpt><trkpt lat="35.012542" lon="-93.845456"></trkpt><trkpt lat="35.012235" lon="-93.845934"></trkpt><trkpt lat="35.012051" lon="-93.846097"></trkpt><trkpt lat="35.011583" lon="-93.846241"></trkpt><trkpt lat="35.011498" lon="-93.846205"></trkpt><trkpt lat="35.010713" lon="-93.844638"></trkpt><trkpt lat="35.010621" lon="-93.844510"></trkpt><trkpt lat="35.010444" lon="-93.844048"></trkpt><trkpt lat="35.010452" lon="-93.843631"></trkpt><trkpt lat="35.010405" lon="-93.843269"></trkpt><trkpt lat="35.010340" lon="-93.843094"></trkpt><trkpt lat="35.010298" lon="-93.842730"></trkpt><trkpt lat="35.010238" lon="-93.842587"></trkpt><trkpt lat="35.010269" lon="-93.842408"></trkpt><trkpt lat="35.010111" lon="-93.841719"></trkpt><trkpt lat="35.009989" lon="-93.841465"></trkpt><trkpt lat="35.009821" lon="-93.841286"></trkpt><trkpt lat="35.009733" lon="-93.841024"></trkpt><trkpt lat="35.009520" lon="-93.840731"></trkpt><trkpt lat="35.009395" lon="-93.840645"></trkpt><trkpt lat="35.008904" lon="-93.840489"></trkpt><trkpt lat="35.008082" lon="-93.840481"></trkpt><trkpt lat="35.007981" lon="-93.840422"></trkpt><trkpt lat="35.007795" lon="-93.840167"></trkpt><trkpt lat="35.007488" lon="-93.839981"></trkpt><trkpt lat="35.007253" lon="-93.839760"></trkpt><trkpt lat="35.007073" lon="-93.839672"></trkpt><trkpt lat="35.006924" lon="-93.839648"></trkpt><trkpt lat="35.006439" lon="-93.839802"></trkpt><trkpt lat="35.006083" lon="-93.839706"></trkpt><trkpt lat="35.005871" lon="-93.839705"></trkpt><trkpt lat="35.005722" lon="-93.839495"></trkpt><trkpt lat="35.005430" lon="-93.839224"></trkpt><trkpt lat="35.004468" lon="-93.838472"></trkpt><trkpt lat="35.004351" lon="-93.838448"></trkpt><trkpt lat="35.004119" lon="-93.838185"></trkpt><trkpt lat="35.003554" lon="-93.837750"></trkpt><trkpt lat="35.003216" lon="-93.837404"></trkpt><trkpt lat="35.002655" lon="-93.837027"></trkpt><trkpt lat="35.002363" lon="-93.836888"></trkpt><trkpt lat="35.002123" lon="-93.836698"></trkpt><trkpt lat="35.001846" lon="-93.836362"></trkpt><trkpt lat="35.001757" lon="-93.836143"></trkpt><trkpt lat="35.001741" lon="-93.835769"></trkpt><trkpt lat="35.001762" lon="-93.835727"></trkpt><trkpt lat="35.001586" lon="-93.835106"></trkpt><trkpt lat="35.001486" lon="-93.834230"></trkpt><trkpt lat="35.001235" lon="-93.833330"></trkpt><trkpt lat="35.001010" lon="-93.832006"></trkpt><trkpt lat="35.000878" lon="-93.831479"></trkpt><trkpt lat="35.000796" lon="-93.831318"></trkpt><trkpt lat="35.000494" lon="-93.830916"></trkpt><trkpt lat="35.000181" lon="-93.830236"></trkpt><trkpt lat="34.999958" lon="-93.829835"></trkpt><trkpt lat="34.999799" lon="-93.829698"></trkpt><trkpt lat="34.999625" lon="-93.829464"></trkpt><trkpt lat="34.999369" lon="-93.828288"></trkpt><trkpt lat="34.999063" lon="-93.827907"></trkpt><trkpt lat="34.998853" lon="-93.827334"></trkpt><trkpt lat="34.998719" lon="-93.827102"></trkpt><trkpt lat="34.998275" lon="-93.826121"></trkpt><trkpt lat="34.998183" lon="-93.826007"></trkpt><trkpt lat="34.997728" lon="-93.825642"></trkpt><trkpt lat="34.997435" lon="-93.825288"></trkpt><trkpt lat="34.996553" lon="-93.824758"></trkpt><trkpt lat="34.996200" lon="-93.824640"></trkpt><trkpt lat="34.996045" lon="-93.824553"></trkpt><trkpt lat="34.995553" lon="-93.823895"></trkpt><trkpt lat="34.995219" lon="-93.823733"></trkpt><trkpt lat="34.994955" lon="-93.823658"></trkpt><trkpt lat="34.994335" lon="-93.823689"></trkpt><trkpt lat="34.994203" lon="-93.823649"></trkpt><trkpt lat="34.994168" lon="-93.823763"></trkpt><trkpt lat="34.993867" lon="-93.823944"></trkpt><trkpt lat="34.993767" lon="-93.824109"></trkpt><trkpt lat="34.993617" lon="-93.824262"></trkpt><trkpt lat="34.993489" lon="-93.824528"></trkpt><trkpt lat="34.993239" lon="-93.824816"></trkpt><trkpt lat="34.993056" lon="-93.825159"></trkpt><trkpt lat="34.992650" lon="-93.825542"></trkpt><trkpt lat="34.991958" lon="-93.825792"></trkpt><trkpt lat="34.991741" lon="-93.825991"></trkpt><trkpt lat="34.990978" lon="-93.826391"></trkpt><trkpt lat="34.990826" lon="-93.826574"></trkpt><trkpt lat="34.990588" lon="-93.826780"></trkpt><trkpt lat="34.989895" lon="-93.827184"></trkpt><trkpt lat="34.989994" lon="-93.827915"></trkpt><trkpt lat="34.990226" lon="-93.828329"></trkpt><trkpt lat="34.990307" lon="-93.828566"></trkpt><trkpt lat="34.990588" lon="-93.829030"></trkpt><trkpt lat="34.990592" lon="-93.829089"></trkpt><trkpt lat="34.990607" lon="-93.828998"></trkpt><trkpt lat="34.990619" lon="-93.829229"></trkpt><trkpt lat="34.990489" lon="-93.829744"></trkpt><trkpt lat="34.990462" lon="-93.829989"></trkpt><trkpt lat="34.990568" lon="-93.831069"></trkpt><trkpt lat="34.990433" lon="-93.831383"></trkpt><trkpt lat="34.990221" lon="-93.832243"></trkpt><trkpt lat="34.989789" lon="-93.833179"></trkpt><trkpt lat="34.989764" lon="-93.833559"></trkpt><trkpt lat="34.989624" lon="-93.833954"></trkpt><trkpt lat="34.989620" lon="-93.834164"></trkpt><trkpt lat="34.989664" lon="-93.834317"></trkpt><trkpt lat="34.990075" lon="-93.834802"></trkpt><trkpt lat="34.990123" lon="-93.836400"></trkpt><trkpt lat="34.990051" lon="-93.837395"></trkpt><trkpt lat="34.990123" lon="-93.837670"></trkpt><trkpt lat="34.990464" lon="-93.838308"></trkpt><trkpt lat="34.990647" lon="-93.838480"></trkpt><trkpt lat="34.990937" lon="-93.838624"></trkpt><trkpt lat="34.991253" lon="-93.838867"></trkpt><trkpt lat="34.991400" lon="-93.839207"></trkpt><trkpt lat="34.991607" lon="-93.839553"></trkpt><trkpt lat="34.991735" lon="-93.839594"></trkpt><trkpt lat="34.992189" lon="-93.839570"></trkpt><trkpt lat="34.992301" lon="-93.839591"></trkpt><trkpt lat="34.992415" lon="-93.839702"></trkpt><trkpt lat="34.992450" lon="-93.839983"></trkpt><trkpt lat="34.992343" lon="-93.840330"></trkpt><trkpt lat="34.992020" lon="-93.840840"></trkpt><trkpt lat="34.991848" lon="-93.841206"></trkpt><trkpt lat="34.991537" lon="-93.842575"></trkpt><trkpt lat="34.990965" lon="-93.843425"></trkpt><trkpt lat="34.990386" lon="-93.843949"></trkpt><trkpt lat="34.990388" lon="-93.844017"></trkpt><trkpt lat="34.990180" lon="-93.844515"></trkpt><trkpt lat="34.990205" lon="-93.845135"></trkpt><trkpt lat="34.990445" lon="-93.846188"></trkpt><trkpt lat="34.990374" lon="-93.846758"></trkpt><trkpt lat="34.990238" lon="-93.847138"></trkpt><trkpt lat="34.990068" lon="-93.847300"></trkpt><trkpt lat="34.989492" lon="-93.847728"></trkpt><trkpt lat="34.989388" lon="-93.847834"></trkpt><trkpt lat="34.989319" lon="-93.847967"></trkpt><trkpt lat="34.989218" lon="-93.848312"></trkpt><trkpt lat="34.989124" lon="-93.849137"></trkpt><trkpt lat="34.989134" lon="-93.849249"></trkpt><trkpt lat="34.989312" lon="-93.849985"></trkpt><trkpt lat="34.989576" lon="-93.850823"></trkpt><trkpt lat="34.990281" lon="-93.851951"></trkpt><trkpt lat="34.990536" lon="-93.852180"></trkpt><trkpt lat="34.991138" lon="-93.852507"></trkpt><trkpt lat="34.991459" lon="-93.852784"></trkpt><trkpt lat="34.991848" lon="-93.853160"></trkpt><trkpt lat="34.992121" lon="-93.853508"></trkpt><trkpt lat="34.992278" lon="-93.853904"></trkpt><trkpt lat="34.992500" lon="-93.854089"></trkpt><trkpt lat="34.993171" lon="-93.853847"></trkpt><trkpt lat="34.993322" lon="-93.853865"></trkpt><trkpt lat="34.993631" lon="-93.854194"></trkpt><trkpt lat="34.993670" lon="-93.854445"></trkpt><trkpt lat="34.993571" lon="-93.854957"></trkpt><trkpt lat="34.993585" lon="-93.854939"></trkpt><trkpt lat="34.993659" lon="-93.854978"></trkpt><trkpt lat="34.993620" lon="-93.855021"></trkpt><trkpt lat="34.993653" lon="-93.855145"></trkpt><trkpt lat="34.993732" lon="-93.855214"></trkpt><trkpt lat="34.993860" lon="-93.855214"></trkpt><trkpt lat="34.994074" lon="-93.855276"></trkpt><trkpt lat="34.994096" lon="-93.855420"></trkpt><trkpt lat="34.993930" lon="-93.855490"></trkpt><trkpt lat="34.993434" lon="-93.855562"></trkpt><trkpt lat="34.993086" lon="-93.855945"></trkpt><trkpt lat="34.993281" lon="-93.856416"></trkpt><trkpt lat="34.993032" lon="-93.856560"></trkpt><trkpt lat="34.992872" lon="-93.856586"></trkpt><trkpt lat="34.992275" lon="-93.856540"></trkpt><trkpt lat="34.992198" lon="-93.856645"></trkpt><trkpt lat="34.992115" lon="-93.856856"></trkpt><trkpt lat="34.992159" lon="-93.857101"></trkpt><trkpt lat="34.992311" lon="-93.857235"></trkpt><trkpt lat="34.992482" lon="-93.857308"></trkpt><trkpt lat="34.993301" lon="-93.857102"></trkpt><trkpt lat="34.993530" lon="-93.857305"></trkpt><trkpt lat="34.993536" lon="-93.857453"></trkpt><trkpt lat="34.993474" lon="-93.857601"></trkpt><trkpt lat="34.993179" lon="-93.857799"></trkpt><trkpt lat="34.992716" lon="-93.857985"></trkpt><trkpt lat="34.992600" lon="-93.858096"></trkpt><trkpt lat="34.992586" lon="-93.858168"></trkpt><trkpt lat="34.992646" lon="-93.858278"></trkpt><trkpt lat="34.992873" lon="-93.858443"></trkpt><trkpt lat="34.992901" lon="-93.858508"></trkpt><trkpt lat="34.992887" lon="-93.858601"></trkpt><trkpt lat="34.993126" lon="-93.858640"></trkpt><trkpt lat="34.993212" lon="-93.858589"></trkpt><trkpt lat="34.993340" lon="-93.858671"></trkpt><trkpt lat="34.993581" lon="-93.858654"></trkpt><trkpt lat="34.994077" lon="-93.858694"></trkpt><trkpt lat="34.995206" lon="-93.859032"></trkpt><trkpt lat="34.995421" lon="-93.859213"></trkpt><trkpt lat="34.995682" lon="-93.859648"></trkpt><trkpt lat="34.995895" lon="-93.859762"></trkpt><trkpt lat="34.995958" lon="-93.859833"></trkpt><trkpt lat="34.996158" lon="-93.859891"></trkpt><trkpt lat="34.996301" lon="-93.860084"></trkpt><trkpt lat="34.996519" lon="-93.860218"></trkpt><trkpt lat="34.996705" lon="-93.860392"></trkpt><trkpt lat="34.997052" lon="-93.860973"></trkpt><trkpt lat="34.997306" lon="-93.861162"></trkpt><trkpt lat="34.997526" lon="-93.861238"></trkpt><trkpt lat="34.997747" lon="-93.861199"></trkpt><trkpt lat="34.997874" lon="-93.861109"></trkpt><trkpt lat="34.997917" lon="-93.861039"></trkpt><trkpt lat="34.997987" lon="-93.860815"></trkpt><trkpt lat="34.998010" lon="-93.860447"></trkpt><trkpt lat="34.998072" lon="-93.860169"></trkpt><trkpt lat="34.998194" lon="-93.859904"></trkpt><trkpt lat="34.998387" lon="-93.859732"></trkpt><trkpt lat="34.998626" lon="-93.859659"></trkpt><trkpt lat="34.998714" lon="-93.859677"></trkpt><trkpt lat="34.998849" lon="-93.859645"></trkpt><trkpt lat="34.999086" lon="-93.859674"></trkpt><trkpt lat="34.999920" lon="-93.859986"></trkpt><trkpt lat="34.999976" lon="-93.860032"></trkpt><trkpt lat="35.000007" lon="-93.860142"></trkpt><trkpt lat="34.999985" lon="-93.861028"></trkpt><trkpt lat="34.999922" lon="-93.861316"></trkpt><trkpt lat="34.999737" lon="-93.861547"></trkpt><trkpt lat="34.999728" lon="-93.861637"></trkpt><trkpt lat="34.999761" lon="-93.861718"></trkpt><trkpt lat="34.999821" lon="-93.861803"></trkpt><trkpt lat="35.000026" lon="-93.861925"></trkpt><trkpt lat="35.000408" lon="-93.862058"></trkpt><trkpt lat="35.000687" lon="-93.862423"></trkpt><trkpt lat="35.001302" lon="-93.863430"></trkpt><trkpt lat="35.001611" lon="-93.863794"></trkpt><trkpt lat="35.001860" lon="-93.864289"></trkpt><trkpt lat="35.001787" lon="-93.864386"></trkpt><trkpt lat="35.001745" lon="-93.864536"></trkpt><trkpt lat="35.001652" lon="-93.864622"></trkpt><trkpt lat="35.001126" lon="-93.864784"></trkpt><trkpt lat="35.000874" lon="-93.864989"></trkpt><trkpt lat="35.000644" lon="-93.865028"></trkpt><trkpt lat="35.000390" lon="-93.864898"></trkpt><trkpt lat="35.000315" lon="-93.864939"></trkpt><trkpt lat="35.000285" lon="-93.865360"></trkpt><trkpt lat="35.000204" lon="-93.865724"></trkpt><trkpt lat="35.000091" lon="-93.866045"></trkpt><trkpt lat="34.999640" lon="-93.866721"></trkpt><trkpt lat="34.999492" lon="-93.866869"></trkpt><trkpt lat="34.999246" lon="-93.866939"></trkpt><trkpt lat="34.998922" lon="-93.866788"></trkpt><trkpt lat="34.998807" lon="-93.866818"></trkpt><trkpt lat="34.998547" lon="-93.866977"></trkpt><trkpt lat="34.997967" lon="-93.867437"></trkpt><trkpt lat="34.997689" lon="-93.867527"></trkpt><trkpt lat="34.997556" lon="-93.867506"></trkpt><trkpt lat="34.997429" lon="-93.867636"></trkpt><trkpt lat="34.997134" lon="-93.867823"></trkpt><trkpt lat="34.996723" lon="-93.868011"></trkpt><trkpt lat="34.996594" lon="-93.868040"></trkpt><trkpt lat="34.996383" lon="-93.868243"></trkpt><trkpt lat="34.996262" lon="-93.868413"></trkpt><trkpt lat="34.996304" lon="-93.868524"></trkpt><trkpt lat="34.996241" lon="-93.868862"></trkpt><trkpt lat="34.996181" lon="-93.868975"></trkpt><trkpt lat="34.996145" lon="-93.868984"></trkpt><trkpt lat="34.996087" lon="-93.869190"></trkpt><trkpt lat="34.995973" lon="-93.869406"></trkpt><trkpt lat="34.995953" lon="-93.869665"></trkpt><trkpt lat="34.995808" lon="-93.870085"></trkpt><trkpt lat="34.995787" lon="-93.870250"></trkpt><trkpt lat="34.995701" lon="-93.870520"></trkpt><trkpt lat="34.995537" lon="-93.870823"></trkpt><trkpt lat="34.995548" lon="-93.871426"></trkpt><trkpt lat="34.995470" lon="-93.871637"></trkpt><trkpt lat="34.995279" lon="-93.871925"></trkpt><trkpt lat="34.994881" lon="-93.873275"></trkpt><trkpt lat="34.994631" lon="-93.873633"></trkpt><trkpt lat="34.994585" lon="-93.873783"></trkpt><trkpt lat="34.994464" lon="-93.873955"></trkpt><trkpt lat="34.994381" lon="-93.874169"></trkpt><trkpt lat="34.994270" lon="-93.874309"></trkpt><trkpt lat="34.994091" lon="-93.874756"></trkpt><trkpt lat="34.994039" lon="-93.874985"></trkpt><trkpt lat="34.994049" lon="-93.875184"></trkpt><trkpt lat="34.993998" lon="-93.875396"></trkpt><trkpt lat="34.993987" lon="-93.875642"></trkpt><trkpt lat="34.994145" lon="-93.876308"></trkpt><trkpt lat="34.994129" lon="-93.876361"></trkpt><trkpt lat="34.994177" lon="-93.876530"></trkpt><trkpt lat="34.994165" lon="-93.876689"></trkpt><trkpt lat="34.994260" lon="-93.876852"></trkpt><trkpt lat="34.994255" lon="-93.876997"></trkpt><trkpt lat="34.994332" lon="-93.877310"></trkpt><trkpt lat="34.994602" lon="-93.877626"></trkpt><trkpt lat="34.994675" lon="-93.877757"></trkpt><trkpt lat="34.994706" lon="-93.877918"></trkpt><trkpt lat="34.994660" lon="-93.878068"></trkpt><trkpt lat="34.994670" lon="-93.878140"></trkpt><trkpt lat="34.994515" lon="-93.878378"></trkpt><trkpt lat="34.994462" lon="-93.878569"></trkpt><trkpt lat="34.994492" lon="-93.878774"></trkpt><trkpt lat="34.994615" lon="-93.879017"></trkpt><trkpt lat="34.994585" lon="-93.879308"></trkpt><trkpt lat="34.994637" lon="-93.879668"></trkpt><trkpt lat="34.994554" lon="-93.880513"></trkpt><trkpt lat="34.994583" lon="-93.880630"></trkpt><trkpt lat="34.994824" lon="-93.880945"></trkpt><trkpt lat="34.994877" lon="-93.881086"></trkpt><trkpt lat="34.994815" lon="-93.881234"></trkpt><trkpt lat="34.994763" lon="-93.881261"></trkpt><trkpt lat="34.994671" lon="-93.881193"></trkpt><trkpt lat="34.994472" lon="-93.880925"></trkpt><trkpt lat="34.994299" lon="-93.880864"></trkpt><trkpt lat="34.994181" lon="-93.880702"></trkpt><trkpt lat="34.994053" lon="-93.880622"></trkpt><trkpt lat="34.993991" lon="-93.880690"></trkpt><trkpt lat="34.993993" lon="-93.880783"></trkpt><trkpt lat="34.994105" lon="-93.881152"></trkpt><trkpt lat="34.994159" lon="-93.881557"></trkpt><trkpt lat="34.994305" lon="-93.881909"></trkpt><trkpt lat="34.994328" lon="-93.882147"></trkpt><trkpt lat="34.994269" lon="-93.882263"></trkpt><trkpt lat="34.994201" lon="-93.882291"></trkpt><trkpt lat="34.994036" lon="-93.882257"></trkpt><trkpt lat="34.993918" lon="-93.882057"></trkpt><trkpt lat="34.993800" lon="-93.881967"></trkpt><trkpt lat="34.993503" lon="-93.882089"></trkpt><trkpt lat="34.993141" lon="-93.882309"></trkpt><trkpt lat="34.992874" lon="-93.882412"></trkpt><trkpt lat="34.992751" lon="-93.882385"></trkpt><trkpt lat="34.992652" lon="-93.882314"></trkpt><trkpt lat="34.992410" lon="-93.882417"></trkpt><trkpt lat="34.992246" lon="-93.882334"></trkpt><trkpt lat="34.991529" lon="-93.882306"></trkpt><trkpt lat="34.991469" lon="-93.882278"></trkpt><trkpt lat="34.991336" lon="-93.882303"></trkpt><trkpt lat="34.991221" lon="-93.882260"></trkpt><trkpt lat="34.991153" lon="-93.882352"></trkpt><trkpt lat="34.990748" lon="-93.882510"></trkpt><trkpt lat="34.990577" lon="-93.882767"></trkpt><trkpt lat="34.990445" lon="-93.883225"></trkpt><trkpt lat="34.990311" lon="-93.883436"></trkpt><trkpt lat="34.990158" lon="-93.883604"></trkpt><trkpt lat="34.989975" lon="-93.883725"></trkpt><trkpt lat="34.989661" lon="-93.883737"></trkpt><trkpt lat="34.989623" lon="-93.883770"></trkpt><trkpt lat="34.989365" lon="-93.884192"></trkpt><trkpt lat="34.989105" lon="-93.884351"></trkpt><trkpt lat="34.989040" lon="-93.884559"></trkpt><trkpt lat="34.988900" lon="-93.884644"></trkpt><trkpt lat="34.988715" lon="-93.884891"></trkpt><trkpt lat="34.988582" lon="-93.884861"></trkpt><trkpt lat="34.988165" lon="-93.884875"></trkpt><trkpt lat="34.988036" lon="-93.885052"></trkpt><trkpt lat="34.987913" lon="-93.885103"></trkpt><trkpt lat="34.987795" lon="-93.885315"></trkpt><trkpt lat="34.987795" lon="-93.885549"></trkpt><trkpt lat="34.987728" lon="-93.885755"></trkpt><trkpt lat="34.987731" lon="-93.885970"></trkpt><trkpt lat="34.987664" lon="-93.886205"></trkpt><trkpt lat="34.987088" lon="-93.887265"></trkpt><trkpt lat="34.986765" lon="-93.887644"></trkpt><trkpt lat="34.986680" lon="-93.887661"></trkpt><trkpt lat="34.986579" lon="-93.887629"></trkpt><trkpt lat="34.986308" lon="-93.887362"></trkpt><trkpt lat="34.986194" lon="-93.887186"></trkpt><trkpt lat="34.986048" lon="-93.887112"></trkpt><trkpt lat="34.985894" lon="-93.886968"></trkpt><trkpt lat="34.985759" lon="-93.886923"></trkpt><trkpt lat="34.985429" lon="-93.886985"></trkpt><trkpt lat="34.985352" lon="-93.887037"></trkpt><trkpt lat="34.985289" lon="-93.887019"></trkpt><trkpt lat="34.985219" lon="-93.887083"></trkpt><trkpt lat="34.985043" lon="-93.887089"></trkpt><trkpt lat="34.984939" lon="-93.887058"></trkpt><trkpt lat="34.984736" lon="-93.887080"></trkpt><trkpt lat="34.984372" lon="-93.887260"></trkpt><trkpt lat="34.984257" lon="-93.887252"></trkpt><trkpt lat="34.984002" lon="-93.887315"></trkpt><trkpt lat="34.983737" lon="-93.887422"></trkpt><trkpt lat="34.983528" lon="-93.887430"></trkpt><trkpt lat="34.983314" lon="-93.887383"></trkpt><trkpt lat="34.983025" lon="-93.887480"></trkpt><trkpt lat="34.982869" lon="-93.887448"></trkpt><trkpt lat="34.982714" lon="-93.887463"></trkpt><trkpt lat="34.982610" lon="-93.887418"></trkpt><trkpt lat="34.982297" lon="-93.887147"></trkpt><trkpt lat="34.981956" lon="-93.887116"></trkpt><trkpt lat="34.981658" lon="-93.887249"></trkpt><trkpt lat="34.981549" lon="-93.887406"></trkpt><trkpt lat="34.981543" lon="-93.887598"></trkpt><trkpt lat="34.981463" lon="-93.888033"></trkpt><trkpt lat="34.981512" lon="-93.888332"></trkpt><trkpt lat="34.981439" lon="-93.888511"></trkpt><trkpt lat="34.981445" lon="-93.888680"></trkpt><trkpt lat="34.981297" lon="-93.889200"></trkpt><trkpt lat="34.981310" lon="-93.889552"></trkpt><trkpt lat="34.981266" lon="-93.889647"></trkpt><trkpt lat="34.981169" lon="-93.889711"></trkpt><trkpt lat="34.981119" lon="-93.889796"></trkpt><trkpt lat="34.981066" lon="-93.890230"></trkpt><trkpt lat="34.980976" lon="-93.890461"></trkpt><trkpt lat="34.980927" lon="-93.890964"></trkpt><trkpt lat="34.980774" lon="-93.891354"></trkpt><trkpt lat="34.980797" lon="-93.891586"></trkpt><trkpt lat="34.980629" lon="-93.891952"></trkpt><trkpt lat="34.980492" lon="-93.892502"></trkpt><trkpt lat="34.980368" lon="-93.892803"></trkpt><trkpt lat="34.980332" lon="-93.893160"></trkpt><trkpt lat="34.980341" lon="-93.893483"></trkpt><trkpt lat="34.980219" lon="-93.894147"></trkpt><trkpt lat="34.979772" lon="-93.895154"></trkpt><trkpt lat="34.979822" lon="-93.895305"></trkpt><trkpt lat="34.979806" lon="-93.895438"></trkpt><trkpt lat="34.979457" lon="-93.896251"></trkpt><trkpt lat="34.979302" lon="-93.896505"></trkpt><trkpt lat="34.979294" lon="-93.896614"></trkpt><trkpt lat="34.979226" lon="-93.896763"></trkpt><trkpt lat="34.979155" lon="-93.897195"></trkpt><trkpt lat="34.979007" lon="-93.897673"></trkpt><trkpt lat="34.978978" lon="-93.897938"></trkpt><trkpt lat="34.978845" lon="-93.898291"></trkpt><trkpt lat="34.978832" lon="-93.898439"></trkpt><trkpt lat="34.978698" lon="-93.898899"></trkpt><trkpt lat="34.978678" lon="-93.899170"></trkpt><trkpt lat="34.978784" lon="-93.899469"></trkpt><trkpt lat="34.978774" lon="-93.899595"></trkpt><trkpt lat="34.978692" lon="-93.899766"></trkpt><trkpt lat="34.978535" lon="-93.899931"></trkpt><trkpt lat="34.978450" lon="-93.900121"></trkpt><trkpt lat="34.978343" lon="-93.900253"></trkpt><trkpt lat="34.978031" lon="-93.901284"></trkpt><trkpt lat="34.977883" lon="-93.901552"></trkpt><trkpt lat="34.977669" lon="-93.902041"></trkpt><trkpt lat="34.977614" lon="-93.902243"></trkpt><trkpt lat="34.977493" lon="-93.902479"></trkpt><trkpt lat="34.977312" lon="-93.903084"></trkpt><trkpt lat="34.977294" lon="-93.903417"></trkpt><trkpt lat="34.977177" lon="-93.903689"></trkpt><trkpt lat="34.977183" lon="-93.903747"></trkpt><trkpt lat="34.977278" lon="-93.903799"></trkpt><trkpt lat="34.977501" lon="-93.904090"></trkpt><trkpt lat="34.977521" lon="-93.904358"></trkpt><trkpt lat="34.977693" lon="-93.904881"></trkpt><trkpt lat="34.977691" lon="-93.905234"></trkpt><trkpt lat="34.977530" lon="-93.905873"></trkpt><trkpt lat="34.977520" lon="-93.906647"></trkpt><trkpt lat="34.977382" lon="-93.907303"></trkpt><trkpt lat="34.977394" lon="-93.907590"></trkpt><trkpt lat="34.977362" lon="-93.907870"></trkpt><trkpt lat="34.977276" lon="-93.908216"></trkpt><trkpt lat="34.977213" lon="-93.908242"></trkpt><trkpt lat="34.976969" lon="-93.908564"></trkpt><trkpt lat="34.976968" lon="-93.908728"></trkpt><trkpt lat="34.977048" lon="-93.908914"></trkpt><trkpt lat="34.977077" lon="-93.909467"></trkpt><trkpt lat="34.977145" lon="-93.909807"></trkpt><trkpt lat="34.977322" lon="-93.910210"></trkpt><trkpt lat="34.977442" lon="-93.910710"></trkpt><trkpt lat="34.977439" lon="-93.911129"></trkpt><trkpt lat="34.977570" lon="-93.911399"></trkpt><trkpt lat="34.977449" lon="-93.911910"></trkpt><trkpt lat="34.977309" lon="-93.912299"></trkpt><trkpt lat="34.977336" lon="-93.912806"></trkpt><trkpt lat="34.977303" lon="-93.913055"></trkpt><trkpt lat="34.977255" lon="-93.913086"></trkpt><trkpt lat="34.977226" lon="-93.913162"></trkpt><trkpt lat="34.977239" lon="-93.913214"></trkpt><trkpt lat="34.977091" lon="-93.913629"></trkpt><trkpt lat="34.977032" lon="-93.913718"></trkpt><trkpt lat="34.976858" lon="-93.913822"></trkpt><trkpt lat="34.976844" lon="-93.914091"></trkpt><trkpt lat="34.976689" lon="-93.914346"></trkpt><trkpt lat="34.976610" lon="-93.914633"></trkpt><trkpt lat="34.976586" lon="-93.914906"></trkpt><trkpt lat="34.976758" lon="-93.915317"></trkpt><trkpt lat="34.976852" lon="-93.916037"></trkpt><trkpt lat="34.976977" lon="-93.916261"></trkpt><trkpt lat="34.977149" lon="-93.916473"></trkpt><trkpt lat="34.977205" lon="-93.916495"></trkpt><trkpt lat="34.977408" lon="-93.916765"></trkpt><trkpt lat="34.977517" lon="-93.917011"></trkpt><trkpt lat="34.977702" lon="-93.917247"></trkpt><trkpt lat="34.977770" lon="-93.917438"></trkpt><trkpt lat="34.977890" lon="-93.918060"></trkpt><trkpt lat="34.977834" lon="-93.918256"></trkpt><trkpt lat="34.977694" lon="-93.918547"></trkpt><trkpt lat="34.977517" lon="-93.918802"></trkpt><trkpt lat="34.977426" lon="-93.919109"></trkpt><trkpt lat="34.977277" lon="-93.919250"></trkpt><trkpt lat="34.977182" lon="-93.919268"></trkpt><trkpt lat="34.976994" lon="-93.919391"></trkpt><trkpt lat="34.976708" lon="-93.919650"></trkpt><trkpt lat="34.976578" lon="-93.919847"></trkpt><trkpt lat="34.976444" lon="-93.919957"></trkpt><trkpt lat="34.976377" lon="-93.920159"></trkpt><trkpt lat="34.976545" lon="-93.920350"></trkpt><trkpt lat="34.976557" lon="-93.920519"></trkpt><trkpt lat="34.976717" lon="-93.920826"></trkpt><trkpt lat="34.976654" lon="-93.920848"></trkpt><trkpt lat="34.976803" lon="-93.921015"></trkpt><trkpt lat="34.976976" lon="-93.921136"></trkpt><trkpt lat="34.977062" lon="-93.921138"></trkpt><trkpt lat="34.977109" lon="-93.921092"></trkpt><trkpt lat="34.977380" lon="-93.921009"></trkpt><trkpt lat="34.977529" lon="-93.921024"></trkpt><trkpt lat="34.977888" lon="-93.920963"></trkpt><trkpt lat="34.978032" lon="-93.921004"></trkpt><trkpt lat="34.978220" lon="-93.920919"></trkpt><trkpt lat="34.978400" lon="-93.920975"></trkpt><trkpt lat="34.978549" lon="-93.920922"></trkpt><trkpt lat="34.978643" lon="-93.920975"></trkpt><trkpt lat="34.978905" lon="-93.921281"></trkpt><trkpt lat="34.978997" lon="-93.921324"></trkpt><trkpt lat="34.979051" lon="-93.921315"></trkpt><trkpt lat="34.979190" lon="-93.921376"></trkpt><trkpt lat="34.979459" lon="-93.921317"></trkpt><trkpt lat="34.979513" lon="-93.921313"></trkpt><trkpt lat="34.979600" lon="-93.921361"></trkpt><trkpt lat="34.979720" lon="-93.921330"></trkpt><trkpt lat="34.979911" lon="-93.921442"></trkpt><trkpt lat="34.980449" lon="-93.921527"></trkpt><trkpt lat="34.980537" lon="-93.921584"></trkpt><trkpt lat="34.980683" lon="-93.921890"></trkpt><trkpt lat="34.980700" lon="-93.922654"></trkpt><trkpt lat="34.980790" lon="-93.922944"></trkpt><trkpt lat="34.980743" lon="-93.923248"></trkpt><trkpt lat="34.980755" lon="-93.923372"></trkpt><trkpt lat="34.980723" lon="-93.923421"></trkpt><trkpt lat="34.980687" lon="-93.923680"></trkpt><trkpt lat="34.980605" lon="-93.923850"></trkpt><trkpt lat="34.980587" lon="-93.924085"></trkpt><trkpt lat="34.980676" lon="-93.924247"></trkpt><trkpt lat="34.980736" lon="-93.924460"></trkpt><trkpt lat="34.981047" lon="-93.925030"></trkpt><trkpt lat="34.981083" lon="-93.925273"></trkpt><trkpt lat="34.981064" lon="-93.925504"></trkpt><trkpt lat="34.981123" lon="-93.925695"></trkpt><trkpt lat="34.981153" lon="-93.925945"></trkpt><trkpt lat="34.981259" lon="-93.926151"></trkpt><trkpt lat="34.981342" lon="-93.926230"></trkpt><trkpt lat="34.981442" lon="-93.926409"></trkpt><trkpt lat="34.981471" lon="-93.926408"></trkpt><trkpt lat="34.981705" lon="-93.926822"></trkpt><trkpt lat="34.981922" lon="-93.927331"></trkpt><trkpt lat="34.982114" lon="-93.927557"></trkpt><trkpt lat="34.982206" lon="-93.927896"></trkpt><trkpt lat="34.982384" lon="-93.928283"></trkpt><trkpt lat="34.982830" lon="-93.928904"></trkpt><trkpt lat="34.982879" lon="-93.929218"></trkpt><trkpt lat="34.982966" lon="-93.929404"></trkpt><trkpt lat="34.982973" lon="-93.929567"></trkpt><trkpt lat="34.983192" lon="-93.929837"></trkpt><trkpt lat="34.983368" lon="-93.930396"></trkpt><trkpt lat="34.983555" lon="-93.930724"></trkpt><trkpt lat="34.983617" lon="-93.931228"></trkpt><trkpt lat="34.983677" lon="-93.931361"></trkpt><trkpt lat="34.983849" lon="-93.931495"></trkpt><trkpt lat="34.983858" lon="-93.931545"></trkpt><trkpt lat="34.984269" lon="-93.931673"></trkpt><trkpt lat="34.984375" lon="-93.931738"></trkpt><trkpt lat="34.984674" lon="-93.931750"></trkpt><trkpt lat="34.984803" lon="-93.931708"></trkpt><trkpt lat="34.984963" lon="-93.931761"></trkpt><trkpt lat="34.985225" lon="-93.931936"></trkpt><trkpt lat="34.985475" lon="-93.932020"></trkpt><trkpt lat="34.985887" lon="-93.932069"></trkpt><trkpt lat="34.986226" lon="-93.932305"></trkpt><trkpt lat="34.986236" lon="-93.932355"></trkpt><trkpt lat="34.986486" lon="-93.932471"></trkpt><trkpt lat="34.986495" lon="-93.932512"></trkpt><trkpt lat="34.986526" lon="-93.932501"></trkpt><trkpt lat="34.986818" lon="-93.932639"></trkpt><trkpt lat="34.986863" lon="-93.932612"></trkpt><trkpt lat="34.987050" lon="-93.932690"></trkpt><trkpt lat="34.987110" lon="-93.932755"></trkpt><trkpt lat="34.987109" lon="-93.932945"></trkpt><trkpt lat="34.987172" lon="-93.933198"></trkpt><trkpt lat="34.987159" lon="-93.933436"></trkpt><trkpt lat="34.987215" lon="-93.933559"></trkpt><trkpt lat="34.987287" lon="-93.933564"></trkpt><trkpt lat="34.987359" lon="-93.933488"></trkpt><trkpt lat="34.987417" lon="-93.933365"></trkpt><trkpt lat="34.987473" lon="-93.933096"></trkpt><trkpt lat="34.987608" lon="-93.932871"></trkpt><trkpt lat="34.987714" lon="-93.932788"></trkpt><trkpt lat="34.987773" lon="-93.932762"></trkpt><trkpt lat="34.987843" lon="-93.932783"></trkpt><trkpt lat="34.988157" lon="-93.932923"></trkpt><trkpt lat="34.988253" lon="-93.933050"></trkpt><trkpt lat="34.988348" lon="-93.933302"></trkpt><trkpt lat="34.988505" lon="-93.933445"></trkpt><trkpt lat="34.988775" lon="-93.933804"></trkpt><trkpt lat="34.988897" lon="-93.934594"></trkpt><trkpt lat="34.989062" lon="-93.934634"></trkpt><trkpt lat="34.989161" lon="-93.934624"></trkpt><trkpt lat="34.989219" lon="-93.934652"></trkpt><trkpt lat="34.989525" lon="-93.934449"></trkpt><trkpt lat="34.990213" lon="-93.933795"></trkpt><trkpt lat="34.990423" lon="-93.933435"></trkpt><trkpt lat="34.990528" lon="-93.933354"></trkpt><trkpt lat="34.990636" lon="-93.933098"></trkpt><trkpt lat="34.990738" lon="-93.932709"></trkpt><trkpt lat="34.990768" lon="-93.932300"></trkpt><trkpt lat="34.990713" lon="-93.932096"></trkpt><trkpt lat="34.990730" lon="-93.932023"></trkpt><trkpt lat="34.990918" lon="-93.932149"></trkpt><trkpt lat="34.991007" lon="-93.932285"></trkpt><trkpt lat="34.991106" lon="-93.932365"></trkpt><trkpt lat="34.991270" lon="-93.932443"></trkpt><trkpt lat="34.991348" lon="-93.932520"></trkpt><trkpt lat="34.991438" lon="-93.932540"></trkpt><trkpt lat="34.991789" lon="-93.932366"></trkpt><trkpt lat="34.992143" lon="-93.932069"></trkpt><trkpt lat="34.992222" lon="-93.932049"></trkpt><trkpt lat="34.992380" lon="-93.931930"></trkpt><trkpt lat="34.992584" lon="-93.931889"></trkpt><trkpt lat="34.992831" lon="-93.931944"></trkpt><trkpt lat="34.993130" lon="-93.932078"></trkpt><trkpt lat="34.993342" lon="-93.932300"></trkpt><trkpt lat="34.993393" lon="-93.932412"></trkpt><trkpt lat="34.993604" lon="-93.932530"></trkpt><trkpt lat="34.993658" lon="-93.932625"></trkpt><trkpt lat="34.993938" lon="-93.932853"></trkpt><trkpt lat="34.993968" lon="-93.933079"></trkpt><trkpt lat="34.993919" lon="-93.933593"></trkpt><trkpt lat="34.993853" lon="-93.933887"></trkpt><trkpt lat="34.993874" lon="-93.934098"></trkpt><trkpt lat="34.994096" lon="-93.934588"></trkpt><trkpt lat="34.994049" lon="-93.934750"></trkpt><trkpt lat="34.993871" lon="-93.935088"></trkpt><trkpt lat="34.993873" lon="-93.935659"></trkpt><trkpt lat="34.993941" lon="-93.936266"></trkpt><trkpt lat="34.994071" lon="-93.936561"></trkpt><trkpt lat="34.994116" lon="-93.936613"></trkpt><trkpt lat="34.994195" lon="-93.936626"></trkpt><trkpt lat="34.994508" lon="-93.936641"></trkpt><trkpt lat="34.994644" lon="-93.936615"></trkpt><trkpt lat="34.994884" lon="-93.936429"></trkpt><trkpt lat="34.994954" lon="-93.936396"></trkpt><trkpt lat="34.995004" lon="-93.936413"></trkpt><trkpt lat="34.994996" lon="-93.936501"></trkpt><trkpt lat="34.994827" lon="-93.936771"></trkpt><trkpt lat="34.994669" lon="-93.937133"></trkpt><trkpt lat="34.994630" lon="-93.937502"></trkpt><trkpt lat="34.994709" lon="-93.937762"></trkpt><trkpt lat="34.994925" lon="-93.938081"></trkpt><trkpt lat="34.995045" lon="-93.938329"></trkpt><trkpt lat="34.995135" lon="-93.938431"></trkpt><trkpt lat="34.995235" lon="-93.938519"></trkpt><trkpt lat="34.995431" lon="-93.938595"></trkpt><trkpt lat="34.995529" lon="-93.938679"></trkpt><trkpt lat="34.995631" lon="-93.938904"></trkpt><trkpt lat="34.995705" lon="-93.939246"></trkpt><trkpt lat="34.995888" lon="-93.939469"></trkpt><trkpt lat="34.995983" lon="-93.939535"></trkpt><trkpt lat="34.996176" lon="-93.939591"></trkpt><trkpt lat="34.996361" lon="-93.939552"></trkpt><trkpt lat="34.996469" lon="-93.939589"></trkpt><trkpt lat="34.996848" lon="-93.940166"></trkpt><trkpt lat="34.997088" lon="-93.940349"></trkpt><trkpt lat="34.997595" lon="-93.940390"></trkpt><trkpt lat="34.997678" lon="-93.940372"></trkpt><trkpt lat="34.997821" lon="-93.940260"></trkpt><trkpt lat="34.997972" lon="-93.940244"></trkpt><trkpt lat="34.998116" lon="-93.940354"></trkpt><trkpt lat="34.998347" lon="-93.940393"></trkpt><trkpt lat="34.998478" lon="-93.940485"></trkpt><trkpt lat="34.998689" lon="-93.940480"></trkpt><trkpt lat="34.998854" lon="-93.940531"></trkpt><trkpt lat="34.999073" lon="-93.940720"></trkpt><trkpt lat="34.999368" lon="-93.940492"></trkpt><trkpt lat="34.999431" lon="-93.940499"></trkpt><trkpt lat="34.999482" lon="-93.940555"></trkpt><trkpt lat="34.999685" lon="-93.940551"></trkpt><trkpt lat="34.999814" lon="-93.940497"></trkpt><trkpt lat="34.999836" lon="-93.940358"></trkpt><trkpt lat="34.999895" lon="-93.940300"></trkpt><trkpt lat="35.000063" lon="-93.940338"></trkpt><trkpt lat="35.000276" lon="-93.940275"></trkpt><trkpt lat="35.000911" lon="-93.940339"></trkpt><trkpt lat="35.001017" lon="-93.940571"></trkpt><trkpt lat="35.001096" lon="-93.940676"></trkpt><trkpt lat="35.001158" lon="-93.940692"></trkpt><trkpt lat="35.001409" lon="-93.940702"></trkpt><trkpt lat="35.001607" lon="-93.940760"></trkpt><trkpt lat="35.001677" lon="-93.940750"></trkpt><trkpt lat="35.001946" lon="-93.940580"></trkpt><trkpt lat="35.002086" lon="-93.940543"></trkpt><trkpt lat="35.002269" lon="-93.940552"></trkpt><trkpt lat="35.002444" lon="-93.940602"></trkpt><trkpt lat="35.002599" lon="-93.940738"></trkpt><trkpt lat="35.002841" lon="-93.940875"></trkpt><trkpt lat="35.002920" lon="-93.940852"></trkpt><trkpt lat="35.002907" lon="-93.940784"></trkpt><trkpt lat="35.002521" lon="-93.940254"></trkpt><trkpt lat="35.002291" lon="-93.940035"></trkpt><trkpt lat="35.002260" lon="-93.939939"></trkpt><trkpt lat="35.002170" lon="-93.939903"></trkpt><trkpt lat="35.001871" lon="-93.939567"></trkpt><trkpt lat="35.001816" lon="-93.939571"></trkpt><trkpt lat="35.001487" lon="-93.939359"></trkpt><trkpt lat="35.001135" lon="-93.939080"></trkpt><trkpt lat="35.001076" lon="-93.939087"></trkpt><trkpt lat="35.001002" lon="-93.939038"></trkpt><trkpt lat="35.000713" lon="-93.938834"></trkpt><trkpt lat="35.000532" lon="-93.938650"></trkpt><trkpt lat="35.000291" lon="-93.938308"></trkpt><trkpt lat="35.000184" lon="-93.938205"></trkpt><trkpt lat="34.999818" lon="-93.937623"></trkpt><trkpt lat="34.999086" lon="-93.936166"></trkpt><trkpt lat="34.999038" lon="-93.935894"></trkpt><trkpt lat="34.999076" lon="-93.935710"></trkpt><trkpt lat="34.999169" lon="-93.935566"></trkpt><trkpt lat="34.999457" lon="-93.935347"></trkpt><trkpt lat="34.999608" lon="-93.935125"></trkpt><trkpt lat="34.999780" lon="-93.934652"></trkpt><trkpt lat="34.999808" lon="-93.934255"></trkpt><trkpt lat="34.999760" lon="-93.933826"></trkpt><trkpt lat="34.999534" lon="-93.933289"></trkpt><trkpt lat="34.999358" lon="-93.932972"></trkpt><trkpt lat="34.999253" lon="-93.932894"></trkpt><trkpt lat="34.998687" lon="-93.932270"></trkpt><trkpt lat="34.998576" lon="-93.932053"></trkpt><trkpt lat="34.998539" lon="-93.931898"></trkpt><trkpt lat="34.998553" lon="-93.931593"></trkpt><trkpt lat="34.998714" lon="-93.931214"></trkpt><trkpt lat="34.998772" lon="-93.930918"></trkpt><trkpt lat="34.998765" lon="-93.930156"></trkpt><trkpt lat="34.998797" lon="-93.929467"></trkpt><trkpt lat="34.998887" lon="-93.928826"></trkpt><trkpt lat="34.999013" lon="-93.928599"></trkpt><trkpt lat="34.999261" lon="-93.928351"></trkpt><trkpt lat="34.999444" lon="-93.927918"></trkpt><trkpt lat="34.999452" lon="-93.927819"></trkpt><trkpt lat="34.999435" lon="-93.927621"></trkpt><trkpt lat="34.999169" lon="-93.927079"></trkpt><trkpt lat="34.999070" lon="-93.926808"></trkpt><trkpt lat="34.998955" lon="-93.926411"></trkpt><trkpt lat="34.998876" lon="-93.925895"></trkpt><trkpt lat="34.998980" lon="-93.925321"></trkpt><trkpt lat="34.999095" lon="-93.925274"></trkpt><trkpt lat="34.999349" lon="-93.925290"></trkpt><trkpt lat="34.999397" lon="-93.925262"></trkpt><trkpt lat="34.999445" lon="-93.925151"></trkpt><trkpt lat="34.999479" lon="-93.924926"></trkpt><trkpt lat="34.999561" lon="-93.924786"></trkpt><trkpt lat="34.999808" lon="-93.924644"></trkpt><trkpt lat="34.999969" lon="-93.924477"></trkpt><trkpt lat="35.000594" lon="-93.924104"></trkpt><trkpt lat="35.000800" lon="-93.923938"></trkpt><trkpt lat="35.001175" lon="-93.923521"></trkpt><trkpt lat="35.001309" lon="-93.923489"></trkpt><trkpt lat="35.001639" lon="-93.923635"></trkpt><trkpt lat="35.001880" lon="-93.923639"></trkpt><trkpt lat="35.002095" lon="-93.923591"></trkpt><trkpt lat="35.002348" lon="-93.923480"></trkpt><trkpt lat="35.002583" lon="-93.923446"></trkpt><trkpt lat="35.002677" lon="-93.923228"></trkpt><trkpt lat="35.002729" lon="-93.923179"></trkpt><trkpt lat="35.002803" lon="-93.923195"></trkpt><trkpt lat="35.002915" lon="-93.923038"></trkpt><trkpt lat="35.003066" lon="-93.922679"></trkpt><trkpt lat="35.003310" lon="-93.922385"></trkpt><trkpt lat="35.003603" lon="-93.922334"></trkpt><trkpt lat="35.003900" lon="-93.922100"></trkpt><trkpt lat="35.004134" lon="-93.922149"></trkpt><trkpt lat="35.004317" lon="-93.922114"></trkpt><trkpt lat="35.004403" lon="-93.922135"></trkpt><trkpt lat="35.004577" lon="-93.922075"></trkpt><trkpt lat="35.004728" lon="-93.921806"></trkpt><trkpt lat="35.004722" lon="-93.921670"></trkpt><trkpt lat="35.004801" lon="-93.921585"></trkpt><trkpt lat="35.004907" lon="-93.921289"></trkpt><trkpt lat="35.005058" lon="-93.921011"></trkpt><trkpt lat="35.005110" lon="-93.920767"></trkpt><trkpt lat="35.005092" lon="-93.920441"></trkpt><trkpt lat="35.004963" lon="-93.920140"></trkpt><trkpt lat="35.004944" lon="-93.919966"></trkpt><trkpt lat="35.004833" lon="-93.919746"></trkpt><trkpt lat="35.004827" lon="-93.919644"></trkpt><trkpt lat="35.004610" lon="-93.919227"></trkpt><trkpt lat="35.004534" lon="-93.918859"></trkpt><trkpt lat="35.004524" lon="-93.918619"></trkpt><trkpt lat="35.004475" lon="-93.918502"></trkpt><trkpt lat="35.004375" lon="-93.918393"></trkpt><trkpt lat="35.004101" lon="-93.917921"></trkpt><trkpt lat="35.004045" lon="-93.917871"></trkpt><trkpt lat="35.004028" lon="-93.917797"></trkpt><trkpt lat="35.003693" lon="-93.917270"></trkpt><trkpt lat="35.002890" lon="-93.915841"></trkpt><trkpt lat="35.002471" lon="-93.914718"></trkpt><trkpt lat="35.002202" lon="-93.914186"></trkpt><trkpt lat="35.002092" lon="-93.913851"></trkpt><trkpt lat="35.002077" lon="-93.913700"></trkpt><trkpt lat="35.001802" lon="-93.913059"></trkpt><trkpt lat="35.001808" lon="-93.912951"></trkpt><trkpt lat="35.001723" lon="-93.912809"></trkpt><trkpt lat="35.001439" lon="-93.911928"></trkpt><trkpt lat="35.001139" lon="-93.911594"></trkpt><trkpt lat="35.001129" lon="-93.911508"></trkpt><trkpt lat="35.001059" lon="-93.911463"></trkpt><trkpt lat="35.000902" lon="-93.911098"></trkpt><trkpt lat="35.000618" lon="-93.910828"></trkpt><trkpt lat="35.000427" lon="-93.910734"></trkpt><trkpt lat="35.000384" lon="-93.910676"></trkpt><trkpt lat="35.000298" lon="-93.910417"></trkpt><trkpt lat="35.000284" lon="-93.910208"></trkpt><trkpt lat="35.000794" lon="-93.910200"></trkpt><trkpt lat="35.001132" lon="-93.910129"></trkpt><trkpt lat="35.001687" lon="-93.908554"></trkpt><trkpt lat="35.001771" lon="-93.908475"></trkpt><trkpt lat="35.001867" lon="-93.908301"></trkpt><trkpt lat="35.001969" lon="-93.907978"></trkpt><trkpt lat="35.002099" lon="-93.907822"></trkpt><trkpt lat="35.002195" lon="-93.907546"></trkpt><trkpt lat="35.002284" lon="-93.907422"></trkpt><trkpt lat="35.002507" lon="-93.907212"></trkpt><trkpt lat="35.002582" lon="-93.906723"></trkpt><trkpt lat="35.002661" lon="-93.906486"></trkpt><trkpt lat="35.002864" lon="-93.906150"></trkpt><trkpt lat="35.003036" lon="-93.905699"></trkpt><trkpt lat="35.003128" lon="-93.905554"></trkpt><trkpt lat="35.003471" lon="-93.905157"></trkpt><trkpt lat="35.003661" lon="-93.905067"></trkpt><trkpt lat="35.003963" lon="-93.904804"></trkpt><trkpt lat="35.004077" lon="-93.904637"></trkpt><trkpt lat="35.004132" lon="-93.904481"></trkpt><trkpt lat="35.004336" lon="-93.904294"></trkpt><trkpt lat="35.004526" lon="-93.903977"></trkpt><trkpt lat="35.004621" lon="-93.903877"></trkpt><trkpt lat="35.004836" lon="-93.903772"></trkpt><trkpt lat="35.004951" lon="-93.903551"></trkpt><trkpt lat="35.005138" lon="-93.903453"></trkpt><trkpt lat="35.005515" lon="-93.903076"></trkpt><trkpt lat="35.005821" lon="-93.902964"></trkpt><trkpt lat="35.005926" lon="-93.902786"></trkpt><trkpt lat="35.006114" lon="-93.902620"></trkpt><trkpt lat="35.006201" lon="-93.902365"></trkpt><trkpt lat="35.006398" lon="-93.902323"></trkpt><trkpt lat="35.006763" lon="-93.902369"></trkpt><trkpt lat="35.006932" lon="-93.902328"></trkpt><trkpt lat="35.007442" lon="-93.902294"></trkpt><trkpt lat="35.007773" lon="-93.902356"></trkpt><trkpt lat="35.008047" lon="-93.902461"></trkpt><trkpt lat="35.008151" lon="-93.902400"></trkpt><trkpt lat="35.008249" lon="-93.902264"></trkpt><trkpt lat="35.008335" lon="-93.902202"></trkpt><trkpt lat="35.008628" lon="-93.902268"></trkpt><trkpt lat="35.009102" lon="-93.902206"></trkpt><trkpt lat="35.009322" lon="-93.902018"></trkpt><trkpt lat="35.009529" lon="-93.901763"></trkpt><trkpt lat="35.009705" lon="-93.901667"></trkpt><trkpt lat="35.009983" lon="-93.901591"></trkpt><trkpt lat="35.010221" lon="-93.901451"></trkpt><trkpt lat="35.010457" lon="-93.901502"></trkpt><trkpt lat="35.010812" lon="-93.901359"></trkpt><trkpt lat="35.010974" lon="-93.901400"></trkpt><trkpt lat="35.011200" lon="-93.901356"></trkpt><trkpt lat="35.011519" lon="-93.901194"></trkpt><trkpt lat="35.011710" lon="-93.901003"></trkpt><trkpt lat="35.011875" lon="-93.900941"></trkpt><trkpt lat="35.012554" lon="-93.900568"></trkpt><trkpt lat="35.012885" lon="-93.900264"></trkpt><trkpt lat="35.013289" lon="-93.899969"></trkpt><trkpt lat="35.013817" lon="-93.899489"></trkpt><trkpt lat="35.014234" lon="-93.898961"></trkpt><trkpt lat="35.014751" lon="-93.898501"></trkpt><trkpt lat="35.014865" lon="-93.898330"></trkpt><trkpt lat="35.014994" lon="-93.898324"></trkpt><trkpt lat="35.015142" lon="-93.898405"></trkpt><trkpt lat="35.015444" lon="-93.898403"></trkpt><trkpt lat="35.015745" lon="-93.898284"></trkpt><trkpt lat="35.015890" lon="-93.898089"></trkpt><trkpt lat="35.016614" lon="-93.898150"></trkpt><trkpt lat="35.016675" lon="-93.898118"></trkpt><trkpt lat="35.016693" lon="-93.898033"></trkpt><trkpt lat="35.016791" lon="-93.897918"></trkpt><trkpt lat="35.016814" lon="-93.897843"></trkpt><trkpt lat="35.016782" lon="-93.897644"></trkpt><trkpt lat="35.016873" lon="-93.897217"></trkpt><trkpt lat="35.016764" lon="-93.896754"></trkpt><trkpt lat="35.016830" lon="-93.896357"></trkpt><trkpt lat="35.016771" lon="-93.895442"></trkpt><trkpt lat="35.016741" lon="-93.895248"></trkpt><trkpt lat="35.016624" lon="-93.894952"></trkpt><trkpt lat="35.016428" lon="-93.894236"></trkpt><trkpt lat="35.016285" lon="-93.893868"></trkpt><trkpt lat="35.015701" lon="-93.893219"></trkpt><trkpt lat="35.015294" lon="-93.893042"></trkpt><trkpt lat="35.014889" lon="-93.893032"></trkpt><trkpt lat="35.014391" lon="-93.892876"></trkpt><trkpt lat="35.014165" lon="-93.892711"></trkpt><trkpt lat="35.014054" lon="-93.892451"></trkpt><trkpt lat="35.013983" lon="-93.892021"></trkpt><trkpt lat="35.014074" lon="-93.891647"></trkpt><trkpt lat="35.014082" lon="-93.891487"></trkpt><trkpt lat="35.013874" lon="-93.890852"></trkpt><trkpt lat="35.013823" lon="-93.890504"></trkpt><trkpt lat="35.013861" lon="-93.890161"></trkpt><trkpt lat="35.014102" lon="-93.889345"></trkpt><trkpt lat="35.014193" lon="-93.889180"></trkpt><trkpt lat="35.014404" lon="-93.888989"></trkpt><trkpt lat="35.014809" lon="-93.888811"></trkpt><trkpt lat="35.015091" lon="-93.888771"></trkpt><trkpt lat="35.015236" lon="-93.888690"></trkpt><trkpt lat="35.015368" lon="-93.888479"></trkpt><trkpt lat="35.015645" lon="-93.888497"></trkpt><trkpt lat="35.015842" lon="-93.888465"></trkpt><trkpt lat="35.016104" lon="-93.888605"></trkpt><trkpt lat="35.016368" lon="-93.888629"></trkpt><trkpt lat="35.016564" lon="-93.888629"></trkpt><trkpt lat="35.016677" lon="-93.888553"></trkpt><trkpt lat="35.016756" lon="-93.888548"></trkpt><trkpt lat="35.016918" lon="-93.888908"></trkpt><trkpt lat="35.017184" lon="-93.889270"></trkpt><trkpt lat="35.017368" lon="-93.889705"></trkpt><trkpt lat="35.017511" lon="-93.889908"></trkpt><trkpt lat="35.017608" lon="-93.890128"></trkpt><trkpt lat="35.017600" lon="-93.890292"></trkpt><trkpt lat="35.017663" lon="-93.890358"></trkpt><trkpt lat="35.017774" lon="-93.890612"></trkpt><trkpt lat="35.017793" lon="-93.890812"></trkpt><trkpt lat="35.017855" lon="-93.890969"></trkpt><trkpt lat="35.018018" lon="-93.891175"></trkpt><trkpt lat="35.018129" lon="-93.891607"></trkpt><trkpt lat="35.018474" lon="-93.892536"></trkpt><trkpt lat="35.018572" lon="-93.892963"></trkpt><trkpt lat="35.018765" lon="-93.893436"></trkpt><trkpt lat="35.018931" lon="-93.893592"></trkpt><trkpt lat="35.019140" lon="-93.893678"></trkpt><trkpt lat="35.019727" lon="-93.893835"></trkpt><trkpt lat="35.019835" lon="-93.893907"></trkpt><trkpt lat="35.020121" lon="-93.893881"></trkpt><trkpt lat="35.019879" lon="-93.893718"></trkpt><trkpt lat="35.019763" lon="-93.893555"></trkpt><trkpt lat="35.019612" lon="-93.892981"></trkpt><trkpt lat="35.019426" lon="-93.892530"></trkpt><trkpt lat="35.019363" lon="-93.892173"></trkpt><trkpt lat="35.019243" lon="-93.891949"></trkpt><trkpt lat="35.019177" lon="-93.891730"></trkpt><trkpt lat="35.019200" lon="-93.891325"></trkpt><trkpt lat="35.019161" lon="-93.891117"></trkpt><trkpt lat="35.018811" lon="-93.890618"></trkpt><trkpt lat="35.018653" lon="-93.890240"></trkpt><trkpt lat="35.018475" lon="-93.889964"></trkpt><trkpt lat="35.018298" lon="-93.889529"></trkpt><trkpt lat="35.018202" lon="-93.889402"></trkpt><trkpt lat="35.017994" lon="-93.888886"></trkpt><trkpt lat="35.017641" lon="-93.888432"></trkpt><trkpt lat="35.017311" lon="-93.888223"></trkpt><trkpt lat="35.017215" lon="-93.888038"></trkpt><trkpt lat="35.017183" lon="-93.887597"></trkpt><trkpt lat="35.017054" lon="-93.887272"></trkpt><trkpt lat="35.016985" lon="-93.886942"></trkpt><trkpt lat="35.016865" lon="-93.886619"></trkpt><trkpt lat="35.016875" lon="-93.886261"></trkpt><trkpt lat="35.016812" lon="-93.885842"></trkpt><trkpt lat="35.016843" lon="-93.885657"></trkpt><trkpt lat="35.016916" lon="-93.885524"></trkpt><trkpt lat="35.017086" lon="-93.885362"></trkpt><trkpt lat="35.017131" lon="-93.885155"></trkpt><trkpt lat="35.017093" lon="-93.885084"></trkpt><trkpt lat="35.016920" lon="-93.884972"></trkpt><trkpt lat="35.016867" lon="-93.884854"></trkpt><trkpt lat="35.016916" lon="-93.884532"></trkpt><trkpt lat="35.016847" lon="-93.884234"></trkpt><trkpt lat="35.016762" lon="-93.884059"></trkpt><trkpt lat="35.016770" lon="-93.883968"></trkpt><trkpt lat="35.016630" lon="-93.883688"></trkpt><trkpt lat="35.016643" lon="-93.883369"></trkpt><trkpt lat="35.016599" lon="-93.883211"></trkpt><trkpt lat="35.016419" lon="-93.882877"></trkpt><trkpt lat="35.016072" lon="-93.882492"></trkpt><trkpt lat="35.015895" lon="-93.882050"></trkpt><trkpt lat="35.015534" lon="-93.881518"></trkpt><trkpt lat="35.015357" lon="-93.881435"></trkpt><trkpt lat="35.015119" lon="-93.881542"></trkpt><trkpt lat="35.014995" lon="-93.881514"></trkpt><trkpt lat="35.014674" lon="-93.881307"></trkpt><trkpt lat="35.014619" lon="-93.881234"></trkpt><trkpt lat="35.014579" lon="-93.881030"></trkpt><trkpt lat="35.014669" lon="-93.880857"></trkpt><trkpt lat="35.014659" lon="-93.880616"></trkpt><trkpt lat="35.014702" lon="-93.880302"></trkpt><trkpt lat="35.014626" lon="-93.879926"></trkpt><trkpt lat="35.014650" lon="-93.879725"></trkpt><trkpt lat="35.014711" lon="-93.879642"></trkpt><trkpt lat="35.014588" lon="-93.878926"></trkpt><trkpt lat="35.014618" lon="-93.878782"></trkpt><trkpt lat="35.014599" lon="-93.878604"></trkpt><trkpt lat="35.014648" lon="-93.878041"></trkpt><trkpt lat="35.014663" lon="-93.877330"></trkpt><trkpt lat="35.014798" lon="-93.876978"></trkpt><trkpt lat="35.014828" lon="-93.876573"></trkpt><trkpt lat="35.014929" lon="-93.876302"></trkpt><trkpt lat="35.015229" lon="-93.875998"></trkpt><trkpt lat="35.015294" lon="-93.876013"></trkpt><trkpt lat="35.015680" lon="-93.875934"></trkpt><trkpt lat="35.015871" lon="-93.875775"></trkpt><trkpt lat="35.015910" lon="-93.875699"></trkpt><trkpt lat="35.015903" lon="-93.875638"></trkpt><trkpt lat="35.015933" lon="-93.875642"></trkpt><trkpt lat="35.015958" lon="-93.875597"></trkpt><trkpt lat="35.016125" lon="-93.874985"></trkpt><trkpt lat="35.016400" lon="-93.874618"></trkpt><trkpt lat="35.016469" lon="-93.874445"></trkpt><trkpt lat="35.016497" lon="-93.873998"></trkpt><trkpt lat="35.016564" lon="-93.873766"></trkpt><trkpt lat="35.016955" lon="-93.873233"></trkpt><trkpt lat="35.017472" lon="-93.872312"></trkpt><trkpt lat="35.017781" lon="-93.871882"></trkpt><trkpt lat="35.017983" lon="-93.871660"></trkpt><trkpt lat="35.018206" lon="-93.871077"></trkpt><trkpt lat="35.018242" lon="-93.870803"></trkpt><trkpt lat="35.018227" lon="-93.870707"></trkpt><trkpt lat="35.017995" lon="-93.870358"></trkpt><trkpt lat="35.017923" lon="-93.869989"></trkpt><trkpt lat="35.017959" lon="-93.869789"></trkpt><trkpt lat="35.017957" lon="-93.869447"></trkpt><trkpt lat="35.018021" lon="-93.869235"></trkpt><trkpt lat="35.018062" lon="-93.868904"></trkpt><trkpt lat="35.018028" lon="-93.868651"></trkpt><trkpt lat="35.018062" lon="-93.868559"></trkpt><trkpt lat="35.018077" lon="-93.868114"></trkpt><trkpt lat="35.018209" lon="-93.867601"></trkpt><trkpt lat="35.018198" lon="-93.867550"></trkpt><trkpt lat="35.018296" lon="-93.867381"></trkpt><trkpt lat="35.018317" lon="-93.867256"></trkpt><trkpt lat="35.017698" lon="-93.867433"></trkpt><trkpt lat="35.017712" lon="-93.867390"></trkpt><trkpt lat="35.017670" lon="-93.867323"></trkpt><trkpt lat="35.017275" lon="-93.866990"></trkpt><trkpt lat="35.017170" lon="-93.866832"></trkpt><trkpt lat="35.017182" lon="-93.866744"></trkpt><trkpt lat="35.017268" lon="-93.866676"></trkpt><trkpt lat="35.017555" lon="-93.866595"></trkpt><trkpt lat="35.017789" lon="-93.866090"></trkpt><trkpt lat="35.017749" lon="-93.865657"></trkpt><trkpt lat="35.017619" lon="-93.865295"></trkpt><trkpt lat="35.017514" lon="-93.864813"></trkpt><trkpt lat="35.017518" lon="-93.864621"></trkpt><trkpt lat="35.017583" lon="-93.864349"></trkpt><trkpt lat="35.017582" lon="-93.864107"></trkpt><trkpt lat="35.017500" lon="-93.863872"></trkpt><trkpt lat="35.017442" lon="-93.863831"></trkpt><trkpt lat="35.017385" lon="-93.863625"></trkpt><trkpt lat="35.017372" lon="-93.863497"></trkpt><trkpt lat="35.017418" lon="-93.863423"></trkpt><trkpt lat="35.017364" lon="-93.863121"></trkpt><trkpt lat="35.017048" lon="-93.862436"></trkpt><trkpt lat="35.017007" lon="-93.862244"></trkpt><trkpt lat="35.016947" lon="-93.862134"></trkpt><trkpt lat="35.016895" lon="-93.861251"></trkpt><trkpt lat="35.017361" lon="-93.860350"></trkpt><trkpt lat="35.017464" lon="-93.860053"></trkpt><trkpt lat="35.017635" lon="-93.859768"></trkpt><trkpt lat="35.017992" lon="-93.859467"></trkpt><trkpt lat="35.018279" lon="-93.859050"></trkpt><trkpt lat="35.018367" lon="-93.859020"></trkpt><trkpt lat="35.018467" lon="-93.858899"></trkpt><trkpt lat="35.018773" lon="-93.858362"></trkpt><trkpt lat="35.018832" lon="-93.858183"></trkpt><trkpt lat="35.018921" lon="-93.858130"></trkpt><trkpt lat="35.019009" lon="-93.858020"></trkpt><trkpt lat="35.019167" lon="-93.857746"></trkpt><trkpt lat="35.019314" lon="-93.857413"></trkpt><trkpt lat="35.019358" lon="-93.856267"></trkpt><trkpt lat="35.019374" lon="-93.856168"></trkpt><trkpt lat="35.019451" lon="-93.856085"></trkpt><trkpt lat="35.019475" lon="-93.855893"></trkpt><trkpt lat="35.019413" lon="-93.855106"></trkpt><trkpt lat="35.019367" lon="-93.854989"></trkpt><trkpt lat="35.019311" lon="-93.854216"></trkpt><trkpt lat="35.019170" lon="-93.853465"></trkpt></trkseg></trk><trk><name>T032 BR5F828</name><trkseg><trkpt lat="35.000911" lon="-93.940339"></trkpt><trkpt lat="35.000928" lon="-93.940237"></trkpt><trkpt lat="35.000898" lon="-93.939989"></trkpt><trkpt lat="35.000720" lon="-93.939660"></trkpt><trkpt lat="35.000736" lon="-93.939323"></trkpt><trkpt lat="35.000645" lon="-93.939171"></trkpt><trkpt lat="35.000520" lon="-93.939068"></trkpt><trkpt lat="35.000345" lon="-93.938660"></trkpt><trkpt lat="35.000298" lon="-93.938622"></trkpt><trkpt lat="35.000292" lon="-93.938511"></trkpt><trkpt lat="35.000233" lon="-93.938495"></trkpt><trkpt lat="35.000199" lon="-93.938210"></trkpt></trkseg></trk><trk><name>T033 BR5F828</name><trkseg><trkpt lat="35.000284" lon="-93.910208"></trkpt><trkpt lat="35.000104" lon="-93.909894"></trkpt><trkpt lat="35.000030" lon="-93.909832"></trkpt><trkpt lat="34.999941" lon="-93.909610"></trkpt><trkpt lat="34.999626" lon="-93.909533"></trkpt><trkpt lat="34.999434" lon="-93.909379"></trkpt><trkpt lat="34.999310" lon="-93.909068"></trkpt><trkpt lat="34.999314" lon="-93.908847"></trkpt><trkpt lat="34.999444" lon="-93.908560"></trkpt><trkpt lat="34.999608" lon="-93.908057"></trkpt><trkpt lat="34.999607" lon="-93.907624"></trkpt><trkpt lat="34.999644" lon="-93.907522"></trkpt><trkpt lat="34.999537" lon="-93.906968"></trkpt><trkpt lat="34.999398" lon="-93.906637"></trkpt><trkpt lat="34.999249" lon="-93.906028"></trkpt><trkpt lat="34.999300" lon="-93.905579"></trkpt><trkpt lat="34.999394" lon="-93.905309"></trkpt><trkpt lat="34.999508" lon="-93.905109"></trkpt><trkpt lat="34.999670" lon="-93.904582"></trkpt><trkpt lat="34.999667" lon="-93.904402"></trkpt><trkpt lat="34.999695" lon="-93.904334"></trkpt><trkpt lat="34.999674" lon="-93.904121"></trkpt><trkpt lat="34.999699" lon="-93.904062"></trkpt><trkpt lat="34.999678" lon="-93.903804"></trkpt><trkpt lat="34.999708" lon="-93.903775"></trkpt><trkpt lat="34.999703" lon="-93.903502"></trkpt><trkpt lat="34.999767" lon="-93.903340"></trkpt><trkpt lat="34.999695" lon="-93.903101"></trkpt><trkpt lat="34.999662" lon="-93.902687"></trkpt><trkpt lat="34.999604" lon="-93.902565"></trkpt><trkpt lat="34.999800" lon="-93.901416"></trkpt><trkpt lat="34.999853" lon="-93.901273"></trkpt><trkpt lat="34.999977" lon="-93.900540"></trkpt><trkpt lat="35.000016" lon="-93.900468"></trkpt><trkpt lat="35.000026" lon="-93.899403"></trkpt><trkpt lat="35.000081" lon="-93.899071"></trkpt><trkpt lat="35.000050" lon="-93.898911"></trkpt><trkpt lat="35.000107" lon="-93.898005"></trkpt><trkpt lat="35.000153" lon="-93.897844"></trkpt><trkpt lat="35.000402" lon="-93.897334"></trkpt><trkpt lat="35.000453" lon="-93.897167"></trkpt><trkpt lat="35.000459" lon="-93.896999"></trkpt><trkpt lat="35.000334" lon="-93.896475"></trkpt><trkpt lat="35.000175" lon="-93.896098"></trkpt><trkpt lat="34.999897" lon="-93.895618"></trkpt><trkpt lat="34.999680" lon="-93.895066"></trkpt><trkpt lat="34.999535" lon="-93.894505"></trkpt><trkpt lat="34.999281" lon="-93.893838"></trkpt><trkpt lat="34.999262" lon="-93.893693"></trkpt><trkpt lat="34.999369" lon="-93.893444"></trkpt><trkpt lat="34.999634" lon="-93.893285"></trkpt><trkpt lat="34.999640" lon="-93.892781"></trkpt><trkpt lat="34.999861" lon="-93.892502"></trkpt><trkpt lat="34.999955" lon="-93.892308"></trkpt><trkpt lat="34.999953" lon="-93.892199"></trkpt><trkpt lat="35.000119" lon="-93.892005"></trkpt><trkpt lat="35.000170" lon="-93.891835"></trkpt><trkpt lat="35.000179" lon="-93.891502"></trkpt><trkpt lat="35.000252" lon="-93.891134"></trkpt><trkpt lat="35.000309" lon="-93.890998"></trkpt><trkpt lat="35.000276" lon="-93.890877"></trkpt><trkpt lat="35.000327" lon="-93.890430"></trkpt><trkpt lat="35.000380" lon="-93.890234"></trkpt><trkpt lat="35.000524" lon="-93.890008"></trkpt><trkpt lat="35.000520" lon="-93.889956"></trkpt><trkpt lat="35.000631" lon="-93.889805"></trkpt><trkpt lat="35.000772" lon="-93.889424"></trkpt><trkpt lat="35.001053" lon="-93.888889"></trkpt><trkpt lat="35.001050" lon="-93.888722"></trkpt><trkpt lat="35.001109" lon="-93.888593"></trkpt><trkpt lat="35.001218" lon="-93.888470"></trkpt><trkpt lat="35.001386" lon="-93.888036"></trkpt><trkpt lat="35.001466" lon="-93.887883"></trkpt><trkpt lat="35.001520" lon="-93.887846"></trkpt><trkpt lat="35.001539" lon="-93.887751"></trkpt><trkpt lat="35.001846" lon="-93.887460"></trkpt><trkpt lat="35.001951" lon="-93.887184"></trkpt><trkpt lat="35.002081" lon="-93.886972"></trkpt><trkpt lat="35.002135" lon="-93.886766"></trkpt><trkpt lat="35.002230" lon="-93.886670"></trkpt><trkpt lat="35.002350" lon="-93.886624"></trkpt><trkpt lat="35.002366" lon="-93.886541"></trkpt><trkpt lat="35.002414" lon="-93.886501"></trkpt><trkpt lat="35.002599" lon="-93.886410"></trkpt><trkpt lat="35.002616" lon="-93.886355"></trkpt><trkpt lat="35.002663" lon="-93.886334"></trkpt><trkpt lat="35.002791" lon="-93.886048"></trkpt><trkpt lat="35.002829" lon="-93.885879"></trkpt><trkpt lat="35.002908" lon="-93.885802"></trkpt><trkpt lat="35.002963" lon="-93.885663"></trkpt><trkpt lat="35.003017" lon="-93.885356"></trkpt><trkpt lat="35.003106" lon="-93.885236"></trkpt><trkpt lat="35.003176" lon="-93.884923"></trkpt><trkpt lat="35.003182" lon="-93.884783"></trkpt><trkpt lat="35.003132" lon="-93.884534"></trkpt><trkpt lat="35.003101" lon="-93.884432"></trkpt><trkpt lat="35.003051" lon="-93.884443"></trkpt><trkpt lat="35.002959" lon="-93.884125"></trkpt><trkpt lat="35.003103" lon="-93.883841"></trkpt><trkpt lat="35.003189" lon="-93.883777"></trkpt><trkpt lat="35.003287" lon="-93.883591"></trkpt><trkpt lat="35.003543" lon="-93.883407"></trkpt><trkpt lat="35.003758" lon="-93.883070"></trkpt><trkpt lat="35.003887" lon="-93.882928"></trkpt><trkpt lat="35.004159" lon="-93.882806"></trkpt><trkpt lat="35.004386" lon="-93.882595"></trkpt><trkpt lat="35.004560" lon="-93.882504"></trkpt><trkpt lat="35.004738" lon="-93.882219"></trkpt><trkpt lat="35.004895" lon="-93.882041"></trkpt><trkpt lat="35.004941" lon="-93.881921"></trkpt><trkpt lat="35.005069" lon="-93.881868"></trkpt><trkpt lat="35.005271" lon="-93.881691"></trkpt><trkpt lat="35.005595" lon="-93.881507"></trkpt><trkpt lat="35.005692" lon="-93.881498"></trkpt><trkpt lat="35.005619" lon="-93.881024"></trkpt><trkpt lat="35.005658" lon="-93.880950"></trkpt><trkpt lat="35.005707" lon="-93.880929"></trkpt><trkpt lat="35.005778" lon="-93.880831"></trkpt><trkpt lat="35.006022" lon="-93.880785"></trkpt><trkpt lat="35.006210" lon="-93.880674"></trkpt><trkpt lat="35.006442" lon="-93.880620"></trkpt><trkpt lat="35.006589" lon="-93.880664"></trkpt><trkpt lat="35.006666" lon="-93.880616"></trkpt><trkpt lat="35.006876" lon="-93.879887"></trkpt><trkpt lat="35.007288" lon="-93.879393"></trkpt><trkpt lat="35.007579" lon="-93.878974"></trkpt><trkpt lat="35.007654" lon="-93.878925"></trkpt><trkpt lat="35.007931" lon="-93.878589"></trkpt><trkpt lat="35.008107" lon="-93.878276"></trkpt><trkpt lat="35.008172" lon="-93.878093"></trkpt><trkpt lat="35.008277" lon="-93.877498"></trkpt><trkpt lat="35.008596" lon="-93.876522"></trkpt><trkpt lat="35.008673" lon="-93.875809"></trkpt><trkpt lat="35.008665" lon="-93.875670"></trkpt><trkpt lat="35.008616" lon="-93.875544"></trkpt><trkpt lat="35.008544" lon="-93.875489"></trkpt><trkpt lat="35.008547" lon="-93.875389"></trkpt><trkpt lat="35.008401" lon="-93.875097"></trkpt><trkpt lat="35.008288" lon="-93.874725"></trkpt><trkpt lat="35.008166" lon="-93.874538"></trkpt><trkpt lat="35.007846" lon="-93.874187"></trkpt><trkpt lat="35.007744" lon="-93.873899"></trkpt><trkpt lat="35.007742" lon="-93.873556"></trkpt><trkpt lat="35.007807" lon="-93.873384"></trkpt><trkpt lat="35.007914" lon="-93.873224"></trkpt><trkpt lat="35.007942" lon="-93.873030"></trkpt><trkpt lat="35.007933" lon="-93.872788"></trkpt><trkpt lat="35.007853" lon="-93.872608"></trkpt><trkpt lat="35.007777" lon="-93.872195"></trkpt><trkpt lat="35.007762" lon="-93.871803"></trkpt><trkpt lat="35.007814" lon="-93.871407"></trkpt><trkpt lat="35.007886" lon="-93.871173"></trkpt><trkpt lat="35.007963" lon="-93.871036"></trkpt><trkpt lat="35.008004" lon="-93.870660"></trkpt><trkpt lat="35.008052" lon="-93.870618"></trkpt><trkpt lat="35.008080" lon="-93.870450"></trkpt><trkpt lat="35.008308" lon="-93.869792"></trkpt><trkpt lat="35.008323" lon="-93.869653"></trkpt><trkpt lat="35.008379" lon="-93.869572"></trkpt><trkpt lat="35.008355" lon="-93.869471"></trkpt><trkpt lat="35.008416" lon="-93.868537"></trkpt><trkpt lat="35.008361" lon="-93.868046"></trkpt><trkpt lat="35.008205" lon="-93.867778"></trkpt><trkpt lat="35.008218" lon="-93.867289"></trkpt><trkpt lat="35.008152" lon="-93.867069"></trkpt><trkpt lat="35.007585" lon="-93.866219"></trkpt><trkpt lat="35.007373" lon="-93.866195"></trkpt><trkpt lat="35.007208" lon="-93.866272"></trkpt><trkpt lat="35.007075" lon="-93.866379"></trkpt><trkpt lat="35.006876" lon="-93.866408"></trkpt><trkpt lat="35.006687" lon="-93.866096"></trkpt><trkpt lat="35.006458" lon="-93.865968"></trkpt><trkpt lat="35.006265" lon="-93.865797"></trkpt><trkpt lat="35.006216" lon="-93.865640"></trkpt><trkpt lat="35.006294" lon="-93.865474"></trkpt><trkpt lat="35.006449" lon="-93.865204"></trkpt><trkpt lat="35.006754" lon="-93.864798"></trkpt><trkpt lat="35.006706" lon="-93.864680"></trkpt><trkpt lat="35.006453" lon="-93.864397"></trkpt><trkpt lat="35.006401" lon="-93.864358"></trkpt><trkpt lat="35.006314" lon="-93.864350"></trkpt><trkpt lat="35.006294" lon="-93.864308"></trkpt><trkpt lat="35.006163" lon="-93.864276"></trkpt><trkpt lat="35.005894" lon="-93.864092"></trkpt><trkpt lat="35.005779" lon="-93.864079"></trkpt><trkpt lat="35.005670" lon="-93.864147"></trkpt><trkpt lat="35.005268" lon="-93.864570"></trkpt><trkpt lat="35.005166" lon="-93.864619"></trkpt><trkpt lat="35.005070" lon="-93.864584"></trkpt><trkpt lat="35.003518" lon="-93.862777"></trkpt><trkpt lat="35.003114" lon="-93.861607"></trkpt><trkpt lat="35.002863" lon="-93.861122"></trkpt><trkpt lat="35.002720" lon="-93.860896"></trkpt><trkpt lat="35.002566" lon="-93.860727"></trkpt><trkpt lat="35.002312" lon="-93.860582"></trkpt><trkpt lat="35.002125" lon="-93.860549"></trkpt><trkpt lat="35.001956" lon="-93.860581"></trkpt><trkpt lat="35.001576" lon="-93.860751"></trkpt><trkpt lat="35.001308" lon="-93.860756"></trkpt><trkpt lat="35.001121" lon="-93.860687"></trkpt><trkpt lat="35.000399" lon="-93.860175"></trkpt><trkpt lat="35.000073" lon="-93.860033"></trkpt><trkpt lat="34.999976" lon="-93.860032"></trkpt></trkseg></trk><trk><name>T034 BR5F828</name><trkseg><trkpt lat="35.005871" lon="-93.839705"></trkpt><trkpt lat="35.005840" lon="-93.840245"></trkpt><trkpt lat="35.005717" lon="-93.841115"></trkpt><trkpt lat="35.005675" lon="-93.841278"></trkpt><trkpt lat="35.005555" lon="-93.841412"></trkpt><trkpt lat="35.005349" lon="-93.841583"></trkpt><trkpt lat="35.005120" lon="-93.841713"></trkpt><trkpt lat="35.004892" lon="-93.841758"></trkpt><trkpt lat="35.004414" lon="-93.841784"></trkpt><trkpt lat="35.003621" lon="-93.842093"></trkpt><trkpt lat="35.003505" lon="-93.842191"></trkpt><trkpt lat="35.003287" lon="-93.842462"></trkpt><trkpt lat="35.002786" lon="-93.842873"></trkpt><trkpt lat="35.002099" lon="-93.843397"></trkpt><trkpt lat="35.001574" lon="-93.843714"></trkpt><trkpt lat="35.001231" lon="-93.843739"></trkpt><trkpt lat="35.000418" lon="-93.843561"></trkpt><trkpt lat="35.000047" lon="-93.843539"></trkpt><trkpt lat="34.999819" lon="-93.843575"></trkpt><trkpt lat="34.999287" lon="-93.843791"></trkpt><trkpt lat="34.999172" lon="-93.843812"></trkpt><trkpt lat="34.998927" lon="-93.843780"></trkpt><trkpt lat="34.998731" lon="-93.843698"></trkpt><trkpt lat="34.998236" lon="-93.843602"></trkpt><trkpt lat="34.997924" lon="-93.843444"></trkpt><trkpt lat="34.997708" lon="-93.843407"></trkpt><trkpt lat="34.997337" lon="-93.843542"></trkpt><trkpt lat="34.997008" lon="-93.843818"></trkpt><trkpt lat="34.996837" lon="-93.843851"></trkpt><trkpt lat="34.995964" lon="-93.843883"></trkpt><trkpt lat="34.995749" lon="-93.843965"></trkpt><trkpt lat="34.995609" lon="-93.844080"></trkpt><trkpt lat="34.995305" lon="-93.844589"></trkpt><trkpt lat="34.994708" lon="-93.845230"></trkpt><trkpt lat="34.994614" lon="-93.845377"></trkpt><trkpt lat="34.994428" lon="-93.846602"></trkpt><trkpt lat="34.994382" lon="-93.846651"></trkpt><trkpt lat="34.994345" lon="-93.846860"></trkpt><trkpt lat="34.994267" lon="-93.846987"></trkpt><trkpt lat="34.994237" lon="-93.847184"></trkpt><trkpt lat="34.993976" lon="-93.847769"></trkpt><trkpt lat="34.993872" lon="-93.848084"></trkpt><trkpt lat="34.993826" lon="-93.848519"></trkpt><trkpt lat="34.993829" lon="-93.849007"></trkpt><trkpt lat="34.993862" lon="-93.849151"></trkpt><trkpt lat="34.993967" lon="-93.849367"></trkpt><trkpt lat="34.994293" lon="-93.849741"></trkpt><trkpt lat="34.994321" lon="-93.849942"></trkpt><trkpt lat="34.994241" lon="-93.850155"></trkpt><trkpt lat="34.993914" lon="-93.850727"></trkpt><trkpt lat="34.993885" lon="-93.851030"></trkpt><trkpt lat="34.994000" lon="-93.852398"></trkpt><trkpt lat="34.994200" lon="-93.854002"></trkpt><trkpt lat="34.994178" lon="-93.854299"></trkpt><trkpt lat="34.994038" lon="-93.854678"></trkpt><trkpt lat="34.993659" lon="-93.854978"></trkpt></trkseg></trk><trk><name>T035 BR5F828</name><trkseg><trkpt lat="34.994637" lon="-93.879661"></trkpt><trkpt lat="34.994810" lon="-93.879657"></trkpt><trkpt lat="34.995046" lon="-93.879762"></trkpt><trkpt lat="34.995215" lon="-93.880081"></trkpt><trkpt lat="34.995296" lon="-93.880114"></trkpt><trkpt lat="34.995289" lon="-93.880152"></trkpt><trkpt lat="34.995461" lon="-93.880434"></trkpt><trkpt lat="34.995501" lon="-93.880480"></trkpt><trkpt lat="34.995564" lon="-93.880489"></trkpt><trkpt lat="34.995562" lon="-93.880525"></trkpt><trkpt lat="34.995709" lon="-93.880727"></trkpt><trkpt lat="34.995764" lon="-93.880914"></trkpt><trkpt lat="34.995833" lon="-93.881014"></trkpt><trkpt lat="34.995972" lon="-93.881139"></trkpt><trkpt lat="34.995985" lon="-93.881195"></trkpt><trkpt lat="34.996071" lon="-93.881208"></trkpt><trkpt lat="34.996195" lon="-93.881430"></trkpt><trkpt lat="34.996435" lon="-93.881608"></trkpt><trkpt lat="34.996546" lon="-93.881616"></trkpt><trkpt lat="34.996608" lon="-93.881708"></trkpt><trkpt lat="34.996714" lon="-93.881696"></trkpt><trkpt lat="34.996892" lon="-93.881792"></trkpt><trkpt lat="34.996991" lon="-93.881809"></trkpt><trkpt lat="34.997235" lon="-93.881990"></trkpt><trkpt lat="34.997444" lon="-93.882013"></trkpt><trkpt lat="34.997530" lon="-93.882059"></trkpt><trkpt lat="34.997614" lon="-93.882005"></trkpt><trkpt lat="34.998181" lon="-93.882109"></trkpt><trkpt lat="34.998253" lon="-93.882171"></trkpt><trkpt lat="34.998574" lon="-93.882258"></trkpt><trkpt lat="34.998736" lon="-93.882352"></trkpt><trkpt lat="34.998833" lon="-93.882344"></trkpt><trkpt lat="34.998932" lon="-93.882403"></trkpt><trkpt lat="34.999105" lon="-93.882385"></trkpt><trkpt lat="34.999307" lon="-93.882530"></trkpt><trkpt lat="34.999696" lon="-93.882441"></trkpt><trkpt lat="34.999835" lon="-93.882471"></trkpt><trkpt lat="34.999865" lon="-93.882439"></trkpt><trkpt lat="34.999968" lon="-93.882432"></trkpt><trkpt lat="35.000051" lon="-93.882491"></trkpt><trkpt lat="35.000208" lon="-93.882969"></trkpt><trkpt lat="35.000318" lon="-93.883056"></trkpt><trkpt lat="35.000456" lon="-93.883250"></trkpt><trkpt lat="35.000654" lon="-93.883378"></trkpt><trkpt lat="35.000966" lon="-93.883494"></trkpt><trkpt lat="35.000963" lon="-93.883563"></trkpt><trkpt lat="35.001015" lon="-93.883615"></trkpt><trkpt lat="35.001067" lon="-93.883866"></trkpt><trkpt lat="35.001412" lon="-93.884203"></trkpt><trkpt lat="35.001611" lon="-93.884129"></trkpt><trkpt lat="35.001746" lon="-93.884158"></trkpt><trkpt lat="35.002154" lon="-93.884381"></trkpt><trkpt lat="35.002255" lon="-93.884470"></trkpt><trkpt lat="35.002748" lon="-93.884543"></trkpt><trkpt lat="35.003051" lon="-93.884443"></trkpt></trkseg></trk><trk><name>T036 BR5F828</name><trkseg><trkpt lat="35.506706" lon="-92.781519"></trkpt><trkpt lat="35.506448" lon="-92.781414"></trkpt><trkpt lat="35.506138" lon="-92.781357"></trkpt><trkpt lat="35.505916" lon="-92.781355"></trkpt><trkpt lat="35.505691" lon="-92.781841"></trkpt><trkpt lat="35.505732" lon="-92.782383"></trkpt><trkpt lat="35.505908" lon="-92.782656"></trkpt><trkpt lat="35.505995" lon="-92.782928"></trkpt><trkpt lat="35.505993" lon="-92.783253"></trkpt><trkpt lat="35.505947" lon="-92.783470"></trkpt><trkpt lat="35.505680" lon="-92.783630"></trkpt><trkpt lat="35.505455" lon="-92.784061"></trkpt><trkpt lat="35.505185" lon="-92.784709"></trkpt><trkpt lat="35.504828" lon="-92.785139"></trkpt><trkpt lat="35.504782" lon="-92.785302"></trkpt><trkpt lat="35.504781" lon="-92.785518"></trkpt><trkpt lat="35.505174" lon="-92.786335"></trkpt><trkpt lat="35.505529" lon="-92.786393"></trkpt><trkpt lat="35.506105" lon="-92.786399"></trkpt><trkpt lat="35.506725" lon="-92.786568"></trkpt><trkpt lat="35.507566" lon="-92.786684"></trkpt><trkpt lat="35.509160" lon="-92.787079"></trkpt><trkpt lat="35.509515" lon="-92.786920"></trkpt><trkpt lat="35.509870" lon="-92.786924"></trkpt><trkpt lat="35.510268" lon="-92.787036"></trkpt><trkpt lat="35.511069" lon="-92.786664"></trkpt><trkpt lat="35.511732" lon="-92.786833"></trkpt><trkpt lat="35.512086" lon="-92.786999"></trkpt><trkpt lat="35.513506" lon="-92.786742"></trkpt><trkpt lat="35.514039" lon="-92.786693"></trkpt><trkpt lat="35.514393" lon="-92.786697"></trkpt><trkpt lat="35.514747" lon="-92.786917"></trkpt><trkpt lat="35.514745" lon="-92.787188"></trkpt><trkpt lat="35.514567" lon="-92.787295"></trkpt><trkpt lat="35.514345" lon="-92.787347"></trkpt><trkpt lat="35.513635" lon="-92.787394"></trkpt><trkpt lat="35.513368" lon="-92.787500"></trkpt><trkpt lat="35.513146" lon="-92.787660"></trkpt><trkpt lat="35.512880" lon="-92.787658"></trkpt><trkpt lat="35.512702" lon="-92.787710"></trkpt><trkpt lat="35.512391" lon="-92.787870"></trkpt><trkpt lat="35.512123" lon="-92.788138"></trkpt><trkpt lat="35.512033" lon="-92.788300"></trkpt><trkpt lat="35.512029" lon="-92.788897"></trkpt><trkpt lat="35.512469" lon="-92.789497"></trkpt><trkpt lat="35.512910" lon="-92.789773"></trkpt><trkpt lat="35.513265" lon="-92.789776"></trkpt><trkpt lat="35.513574" lon="-92.789888"></trkpt><trkpt lat="35.513751" lon="-92.790052"></trkpt><trkpt lat="35.514103" lon="-92.790489"></trkpt><trkpt lat="35.514543" lon="-92.790873"></trkpt><trkpt lat="35.514895" lon="-92.791256"></trkpt><trkpt lat="35.514983" lon="-92.791474"></trkpt><trkpt lat="35.514980" lon="-92.791854"></trkpt><trkpt lat="35.514787" lon="-92.792406"></trkpt></trkseg></trk><trk><name>T037 BR5F828</name><trkseg><trkpt lat="37.536827" lon="-91.104591"></trkpt><trkpt lat="37.536836" lon="-91.103495"></trkpt><trkpt lat="37.536749" lon="-91.103032"></trkpt><trkpt lat="37.536264" lon="-91.102446"></trkpt><trkpt lat="37.535154" lon="-91.100880"></trkpt><trkpt lat="37.534646" lon="-91.100528"></trkpt><trkpt lat="37.534135" lon="-91.099976"></trkpt><trkpt lat="37.534183" lon="-91.099709"></trkpt><trkpt lat="37.534473" lon="-91.099635"></trkpt><trkpt lat="37.534817" lon="-91.099627"></trkpt><trkpt lat="37.535347" lon="-91.099746"></trkpt><trkpt lat="37.535533" lon="-91.099741"></trkpt><trkpt lat="37.535556" lon="-91.099541"></trkpt><trkpt lat="37.535421" lon="-91.099379"></trkpt><trkpt lat="37.535127" lon="-91.099220"></trkpt><trkpt lat="37.534590" lon="-91.098669"></trkpt><trkpt lat="37.534638" lon="-91.098402"></trkpt><trkpt lat="37.534797" lon="-91.098398"></trkpt><trkpt lat="37.534876" lon="-91.098363"></trkpt><trkpt lat="37.534793" lon="-91.098133"></trkpt><trkpt lat="37.534919" lon="-91.097797"></trkpt><trkpt lat="37.535076" lon="-91.097660"></trkpt><trkpt lat="37.534994" lon="-91.097530"></trkpt><trkpt lat="37.532888" lon="-91.098148"></trkpt><trkpt lat="37.532675" lon="-91.098020"></trkpt><trkpt lat="37.532670" lon="-91.097722"></trkpt><trkpt lat="37.532841" lon="-91.096821"></trkpt><trkpt lat="37.532734" lon="-91.096757"></trkpt><trkpt lat="37.532602" lon="-91.096793"></trkpt><trkpt lat="37.532419" lon="-91.096898"></trkpt><trkpt lat="37.532160" lon="-91.097270"></trkpt><trkpt lat="37.531982" lon="-91.097673"></trkpt><trkpt lat="37.531906" lon="-91.097940"></trkpt><trkpt lat="37.531775" lon="-91.098010"></trkpt><trkpt lat="37.531590" lon="-91.097981"></trkpt><trkpt lat="37.531458" lon="-91.098018"></trkpt><trkpt lat="37.531302" lon="-91.098155"></trkpt><trkpt lat="37.531065" lon="-91.098227"></trkpt><trkpt lat="37.530929" lon="-91.098031"></trkpt><trkpt lat="37.530608" lon="-91.097774"></trkpt><trkpt lat="37.530452" lon="-91.097944"></trkpt><trkpt lat="37.530403" lon="-91.098211"></trkpt><trkpt lat="37.530118" lon="-91.098550"></trkpt><trkpt lat="37.529645" lon="-91.098762"></trkpt><trkpt lat="37.528799" lon="-91.098750"></trkpt><trkpt lat="37.527552" lon="-91.098516"></trkpt><trkpt lat="37.527465" lon="-91.098086"></trkpt><trkpt lat="37.527938" lon="-91.096214"></trkpt><trkpt lat="37.528115" lon="-91.095745"></trkpt><trkpt lat="37.528352" lon="-91.095639"></trkpt><trkpt lat="37.528241" lon="-91.095343"></trkpt><trkpt lat="37.528291" lon="-91.095143"></trkpt><trkpt lat="37.528525" lon="-91.094938"></trkpt><trkpt lat="37.528521" lon="-91.094672"></trkpt><trkpt lat="37.528776" lon="-91.094068"></trkpt><trkpt lat="37.528482" lon="-91.093876"></trkpt><trkpt lat="37.528042" lon="-91.094485"></trkpt><trkpt lat="37.526684" lon="-91.097176"></trkpt><trkpt lat="37.526217" lon="-91.097753"></trkpt><trkpt lat="37.525930" lon="-91.098026"></trkpt><trkpt lat="37.525585" lon="-91.097902"></trkpt><trkpt lat="37.525314" lon="-91.097510"></trkpt><trkpt lat="37.525021" lon="-91.097385"></trkpt><trkpt lat="37.524847" lon="-91.098120"></trkpt><trkpt lat="37.524694" lon="-91.098456"></trkpt><trkpt lat="37.524273" lon="-91.098566"></trkpt><trkpt lat="37.523584" lon="-91.098517"></trkpt><trkpt lat="37.523343" lon="-91.098324"></trkpt><trkpt lat="37.523079" lon="-91.098330"></trkpt><trkpt lat="37.522610" lon="-91.098807"></trkpt><trkpt lat="37.522085" lon="-91.099053"></trkpt><trkpt lat="37.521399" lon="-91.099137"></trkpt><trkpt lat="37.520843" lon="-91.099118"></trkpt><trkpt lat="37.520680" lon="-91.098856"></trkpt><trkpt lat="37.521024" lon="-91.098814"></trkpt><trkpt lat="37.521285" lon="-91.098642"></trkpt><trkpt lat="37.521386" lon="-91.098307"></trkpt><trkpt lat="37.521303" lon="-91.098077"></trkpt><trkpt lat="37.521016" lon="-91.098350"></trkpt><trkpt lat="37.520719" lon="-91.098329"></trkpt><trkpt lat="37.520514" lon="-91.098362"></trkpt><trkpt lat="37.520215" lon="-91.097905"></trkpt><trkpt lat="37.520105" lon="-91.097609"></trkpt><trkpt lat="37.520028" lon="-91.097777"></trkpt><trkpt lat="37.519981" lon="-91.098110"></trkpt><trkpt lat="37.519880" lon="-91.098412"></trkpt><trkpt lat="37.519589" lon="-91.098419"></trkpt><trkpt lat="37.519189" lon="-91.098230"></trkpt><trkpt lat="37.518311" lon="-91.097887"></trkpt><trkpt lat="37.517907" lon="-91.097466"></trkpt><trkpt lat="37.517543" lon="-91.097807"></trkpt><trkpt lat="37.516857" lon="-91.097924"></trkpt><trkpt lat="37.515985" lon="-91.097979"></trkpt><trkpt lat="37.515428" lon="-91.097894"></trkpt><trkpt lat="37.515330" lon="-91.098361"></trkpt><trkpt lat="37.514695" lon="-91.098344"></trkpt><trkpt lat="37.514244" lon="-91.098289"></trkpt><trkpt lat="37.513504" lon="-91.098341"></trkpt><trkpt lat="37.512925" lon="-91.098522"></trkpt><trkpt lat="37.512559" lon="-91.098730"></trkpt><trkpt lat="37.512321" lon="-91.098770"></trkpt><trkpt lat="37.512054" lon="-91.098577"></trkpt><trkpt lat="37.510564" lon="-91.098051"></trkpt><trkpt lat="37.510030" lon="-91.097732"></trkpt><trkpt lat="37.509331" lon="-91.097019"></trkpt><trkpt lat="37.509175" lon="-91.097189"></trkpt><trkpt lat="37.509607" lon="-91.097743"></trkpt><trkpt lat="37.509852" lon="-91.098168"></trkpt><trkpt lat="37.509910" lon="-91.098532"></trkpt><trkpt lat="37.509142" lon="-91.098419"></trkpt><trkpt lat="37.508822" lon="-91.098261"></trkpt><trkpt lat="37.508532" lon="-91.098368"></trkpt><trkpt lat="37.508415" lon="-91.099267"></trkpt><trkpt lat="37.508857" lon="-91.098791"></trkpt><trkpt lat="37.509120" lon="-91.098718"></trkpt><trkpt lat="37.509308" lon="-91.098912"></trkpt><trkpt lat="37.509399" lon="-91.099641"></trkpt><trkpt lat="37.509481" lon="-91.099804"></trkpt><trkpt lat="37.509746" lon="-91.099798"></trkpt><trkpt lat="37.510012" lon="-91.099891"></trkpt><trkpt lat="37.510202" lon="-91.100185"></trkpt><trkpt lat="37.510449" lon="-91.100743"></trkpt><trkpt lat="37.510740" lon="-91.100769"></trkpt><trkpt lat="37.510812" lon="-91.100302"></trkpt><trkpt lat="37.510963" lon="-91.099866"></trkpt><trkpt lat="37.511172" lon="-91.099662"></trkpt><trkpt lat="37.511383" lon="-91.099657"></trkpt><trkpt lat="37.511545" lon="-91.099852"></trkpt><trkpt lat="37.511776" lon="-91.101041"></trkpt><trkpt lat="37.512254" lon="-91.101162"></trkpt><trkpt lat="37.512409" lon="-91.100926"></trkpt><trkpt lat="37.512593" lon="-91.100854"></trkpt><trkpt lat="37.512693" lon="-91.100487"></trkpt><trkpt lat="37.512953" lon="-91.100248"></trkpt><trkpt lat="37.513244" lon="-91.100240"></trkpt><trkpt lat="37.513695" lon="-91.100328"></trkpt><trkpt lat="37.513828" lon="-91.100392"></trkpt><trkpt lat="37.514008" lon="-91.100055"></trkpt><trkpt lat="37.514191" lon="-91.099884"></trkpt><trkpt lat="37.514455" lon="-91.099878"></trkpt><trkpt lat="37.514751" lon="-91.100169"></trkpt><trkpt lat="37.514754" lon="-91.100368"></trkpt><trkpt lat="37.514604" lon="-91.100936"></trkpt><trkpt lat="37.514816" lon="-91.100964"></trkpt><trkpt lat="37.515133" lon="-91.100923"></trkpt><trkpt lat="37.515558" lon="-91.101012"></trkpt><trkpt lat="37.515658" lon="-91.100677"></trkpt><trkpt lat="37.515890" lon="-91.100306"></trkpt><trkpt lat="37.516207" lon="-91.100265"></trkpt><trkpt lat="37.516420" lon="-91.100392"></trkpt><trkpt lat="37.516584" lon="-91.100720"></trkpt><trkpt lat="37.516589" lon="-91.100986"></trkpt><trkpt lat="37.516725" lon="-91.101248"></trkpt><trkpt lat="37.517168" lon="-91.100805"></trkpt><trkpt lat="37.517587" lon="-91.100595"></trkpt><trkpt lat="37.518011" lon="-91.100651"></trkpt><trkpt lat="37.518364" lon="-91.101206"></trkpt><trkpt lat="37.518426" lon="-91.101769"></trkpt><trkpt lat="37.518593" lon="-91.102296"></trkpt><trkpt lat="37.519173" lon="-91.102149"></trkpt><trkpt lat="37.519561" lon="-91.101608"></trkpt><trkpt lat="37.520033" lon="-91.101330"></trkpt><trkpt lat="37.520612" lon="-91.101149"></trkpt><trkpt lat="37.521301" lon="-91.101265"></trkpt><trkpt lat="37.521782" lon="-91.101585"></trkpt></trkseg></trk><trk><name>T038 BR5F828</name><trkseg><trkpt lat="36.896997" lon="-93.105252"></trkpt><trkpt lat="36.896969" lon="-93.105307"></trkpt><trkpt lat="36.897030" lon="-93.105731"></trkpt><trkpt lat="36.896938" lon="-93.106236"></trkpt><trkpt lat="36.896911" lon="-93.106359"></trkpt><trkpt lat="36.896586" lon="-93.106673"></trkpt><trkpt lat="36.896538" lon="-93.106782"></trkpt><trkpt lat="36.896521" lon="-93.107411"></trkpt><trkpt lat="36.896624" lon="-93.107711"></trkpt><trkpt lat="36.896935" lon="-93.107950"></trkpt><trkpt lat="36.897467" lon="-93.108189"></trkpt><trkpt lat="36.897621" lon="-93.108312"></trkpt><trkpt lat="36.897706" lon="-93.108490"></trkpt><trkpt lat="36.897730" lon="-93.109125"></trkpt><trkpt lat="36.897795" lon="-93.109371"></trkpt><trkpt lat="36.897809" lon="-93.109631"></trkpt><trkpt lat="36.897754" lon="-93.110088"></trkpt><trkpt lat="36.897874" lon="-93.110409"></trkpt><trkpt lat="36.897887" lon="-93.110676"></trkpt><trkpt lat="36.897963" lon="-93.110853"></trkpt><trkpt lat="36.897867" lon="-93.111181"></trkpt><trkpt lat="36.897918" lon="-93.111639"></trkpt><trkpt lat="36.897846" lon="-93.111919"></trkpt><trkpt lat="36.897874" lon="-93.112007"></trkpt><trkpt lat="36.897980" lon="-93.112035"></trkpt><trkpt lat="36.898021" lon="-93.112096"></trkpt><trkpt lat="36.898051" lon="-93.112267"></trkpt><trkpt lat="36.898055" lon="-93.112465"></trkpt><trkpt lat="36.897983" lon="-93.112759"></trkpt><trkpt lat="36.897911" lon="-93.112841"></trkpt><trkpt lat="36.897898" lon="-93.112970"></trkpt><trkpt lat="36.898024" lon="-93.113210"></trkpt><trkpt lat="36.898188" lon="-93.113203"></trkpt><trkpt lat="36.898191" lon="-93.113244"></trkpt><trkpt lat="36.898126" lon="-93.113510"></trkpt><trkpt lat="36.898133" lon="-93.113613"></trkpt><trkpt lat="36.898068" lon="-93.113749"></trkpt><trkpt lat="36.897990" lon="-93.113817"></trkpt><trkpt lat="36.897802" lon="-93.113858"></trkpt><trkpt lat="36.897621" lon="-93.113783"></trkpt><trkpt lat="36.897430" lon="-93.113797"></trkpt><trkpt lat="36.897341" lon="-93.113920"></trkpt><trkpt lat="36.897143" lon="-93.113879"></trkpt><trkpt lat="36.897102" lon="-93.113824"></trkpt><trkpt lat="36.897040" lon="-93.113401"></trkpt><trkpt lat="36.897064" lon="-93.113360"></trkpt><trkpt lat="36.896986" lon="-93.112964"></trkpt><trkpt lat="36.896819" lon="-93.112588"></trkpt><trkpt lat="36.896760" lon="-93.111529"></trkpt><trkpt lat="36.896778" lon="-93.111495"></trkpt><trkpt lat="36.896846" lon="-93.111488"></trkpt><trkpt lat="36.896856" lon="-93.111372"></trkpt><trkpt lat="36.896894" lon="-93.111324"></trkpt><trkpt lat="36.896853" lon="-93.111229"></trkpt><trkpt lat="36.896931" lon="-93.111017"></trkpt><trkpt lat="36.896846" lon="-93.110778"></trkpt><trkpt lat="36.896812" lon="-93.110457"></trkpt><trkpt lat="36.896743" lon="-93.110416"></trkpt><trkpt lat="36.895838" lon="-93.109426"></trkpt><trkpt lat="36.895592" lon="-93.109344"></trkpt><trkpt lat="36.895466" lon="-93.109371"></trkpt><trkpt lat="36.895049" lon="-93.109248"></trkpt><trkpt lat="36.894913" lon="-93.109275"></trkpt><trkpt lat="36.894708" lon="-93.109200"></trkpt><trkpt lat="36.894503" lon="-93.108770"></trkpt><trkpt lat="36.894257" lon="-93.108592"></trkpt><trkpt lat="36.894203" lon="-93.108353"></trkpt><trkpt lat="36.893941" lon="-93.108171"></trkpt></trkseg></trk><trk><name>T039 BR5F828</name><trkseg><trkpt lat="36.898584" lon="-93.111428"></trkpt><trkpt lat="36.898550" lon="-93.112158"></trkpt><trkpt lat="36.898581" lon="-93.112349"></trkpt><trkpt lat="36.898471" lon="-93.112629"></trkpt><trkpt lat="36.898427" lon="-93.112943"></trkpt><trkpt lat="36.898307" lon="-93.113107"></trkpt><trkpt lat="36.898219" lon="-93.113087"></trkpt><trkpt lat="36.898188" lon="-93.113203"></trkpt></trkseg></trk><trk><name>T040 BR5F828</name><trkseg><trkpt lat="35.561236" lon="-93.114070"></trkpt><trkpt lat="35.561151" lon="-93.114235"></trkpt><trkpt lat="35.561033" lon="-93.114376"></trkpt><trkpt lat="35.560748" lon="-93.114435"></trkpt><trkpt lat="35.560423" lon="-93.114652"></trkpt><trkpt lat="35.560241" lon="-93.114823"></trkpt><trkpt lat="35.560174" lon="-93.115107"></trkpt><trkpt lat="35.560338" lon="-93.115321"></trkpt><trkpt lat="35.560636" lon="-93.115398"></trkpt><trkpt lat="35.560815" lon="-93.115574"></trkpt><trkpt lat="35.560942" lon="-93.115829"></trkpt><trkpt lat="35.560922" lon="-93.116054"></trkpt><trkpt lat="35.560848" lon="-93.116239"></trkpt><trkpt lat="35.560820" lon="-93.116475"></trkpt><trkpt lat="35.560977" lon="-93.116932"></trkpt><trkpt lat="35.561007" lon="-93.117158"></trkpt><trkpt lat="35.560994" lon="-93.117524"></trkpt><trkpt lat="35.560756" lon="-93.118102"></trkpt><trkpt lat="35.560545" lon="-93.118452"></trkpt><trkpt lat="35.560017" lon="-93.119174"></trkpt><trkpt lat="35.559806" lon="-93.119399"></trkpt><trkpt lat="35.559418" lon="-93.119997"></trkpt><trkpt lat="35.558820" lon="-93.121403"></trkpt><trkpt lat="35.558716" lon="-93.121806"></trkpt><trkpt lat="35.558751" lon="-93.122234"></trkpt><trkpt lat="35.558863" lon="-93.122662"></trkpt><trkpt lat="35.559072" lon="-93.123068"></trkpt><trkpt lat="35.559125" lon="-93.123413"></trkpt><trkpt lat="35.559120" lon="-93.123779"></trkpt><trkpt lat="35.558917" lon="-93.124175"></trkpt><trkpt lat="35.558641" lon="-93.124334"></trkpt><trkpt lat="35.558484" lon="-93.124522"></trkpt><trkpt lat="35.558506" lon="-93.124918"></trkpt><trkpt lat="35.558696" lon="-93.125376"></trkpt><trkpt lat="35.558827" lon="-93.125526"></trkpt><trkpt lat="35.558912" lon="-93.125913"></trkpt><trkpt lat="35.558838" lon="-93.126269"></trkpt><trkpt lat="35.558807" lon="-93.127167"></trkpt><trkpt lat="35.558562" lon="-93.127739"></trkpt><trkpt lat="35.558490" lon="-93.128000"></trkpt><trkpt lat="35.558478" lon="-93.128237"></trkpt><trkpt lat="35.558342" lon="-93.128615"></trkpt><trkpt lat="35.558274" lon="-93.128916"></trkpt><trkpt lat="35.558256" lon="-93.129562"></trkpt><trkpt lat="35.558303" lon="-93.130037"></trkpt><trkpt lat="35.558310" lon="-93.130749"></trkpt><trkpt lat="35.558361" lon="-93.131508"></trkpt><trkpt lat="35.559489" lon="-93.131609"></trkpt><trkpt lat="35.559821" lon="-93.131730"></trkpt><trkpt lat="35.560057" lon="-93.131907"></trkpt><trkpt lat="35.560460" lon="-93.131913"></trkpt><trkpt lat="35.560836" lon="-93.132325"></trkpt><trkpt lat="35.561928" lon="-93.132370"></trkpt><trkpt lat="35.562520" lon="-93.132552"></trkpt><trkpt lat="35.562826" lon="-93.132876"></trkpt><trkpt lat="35.563514" lon="-93.132973"></trkpt><trkpt lat="35.564364" lon="-93.133439"></trkpt><trkpt lat="35.564506" lon="-93.133373"></trkpt><trkpt lat="35.565110" lon="-93.132845"></trkpt><trkpt lat="35.565811" lon="-93.132518"></trkpt><trkpt lat="35.566301" lon="-93.131882"></trkpt><trkpt lat="35.566591" lon="-93.131568"></trkpt><trkpt lat="35.566522" lon="-93.130615"></trkpt><trkpt lat="35.566587" lon="-93.130232"></trkpt><trkpt lat="35.566911" lon="-93.129523"></trkpt><trkpt lat="35.566945" lon="-93.129333"></trkpt><trkpt lat="35.566917" lon="-93.128911"></trkpt><trkpt lat="35.566847" lon="-93.128715"></trkpt><trkpt lat="35.566842" lon="-93.128440"></trkpt><trkpt lat="35.566896" lon="-93.128406"></trkpt><trkpt lat="35.567003" lon="-93.128413"></trkpt><trkpt lat="35.567203" lon="-93.128235"></trkpt><trkpt lat="35.567397" lon="-93.128210"></trkpt><trkpt lat="35.567873" lon="-93.128030"></trkpt><trkpt lat="35.568335" lon="-93.127788"></trkpt><trkpt lat="35.568764" lon="-93.127492"></trkpt><trkpt lat="35.568905" lon="-93.127433"></trkpt><trkpt lat="35.569403" lon="-93.126713"></trkpt><trkpt lat="35.569447" lon="-93.126596"></trkpt></trkseg></trk><trk><name>T041 BR5F828</name><trkseg><trkpt lat="34.502439" lon="-94.170250"></trkpt><trkpt lat="34.502091" lon="-94.170180"></trkpt><trkpt lat="34.501912" lon="-94.170176"></trkpt><trkpt lat="34.501865" lon="-94.170182"></trkpt><trkpt lat="34.501721" lon="-94.170373"></trkpt><trkpt lat="34.501540" lon="-94.170493"></trkpt><trkpt lat="34.500916" lon="-94.170634"></trkpt><trkpt lat="34.500730" lon="-94.170735"></trkpt><trkpt lat="34.500705" lon="-94.171029"></trkpt><trkpt lat="34.500768" lon="-94.171271"></trkpt><trkpt lat="34.500729" lon="-94.171370"></trkpt><trkpt lat="34.500814" lon="-94.171617"></trkpt><trkpt lat="34.501237" lon="-94.172180"></trkpt><trkpt lat="34.501303" lon="-94.172351"></trkpt><trkpt lat="34.501213" lon="-94.172632"></trkpt><trkpt lat="34.501113" lon="-94.172638"></trkpt><trkpt lat="34.500945" lon="-94.172563"></trkpt><trkpt lat="34.500911" lon="-94.172580"></trkpt><trkpt lat="34.500825" lon="-94.172396"></trkpt><trkpt lat="34.500696" lon="-94.172236"></trkpt><trkpt lat="34.500263" lon="-94.172257"></trkpt><trkpt lat="34.499924" lon="-94.172120"></trkpt><trkpt lat="34.499707" lon="-94.172134"></trkpt><trkpt lat="34.499483" lon="-94.172240"></trkpt><trkpt lat="34.499161" lon="-94.172677"></trkpt><trkpt lat="34.499133" lon="-94.172769"></trkpt><trkpt lat="34.499167" lon="-94.173162"></trkpt><trkpt lat="34.499152" lon="-94.173347"></trkpt><trkpt lat="34.499014" lon="-94.173383"></trkpt><trkpt lat="34.498683" lon="-94.173379"></trkpt><trkpt lat="34.498622" lon="-94.173402"></trkpt><trkpt lat="34.498451" lon="-94.173562"></trkpt><trkpt lat="34.498187" lon="-94.173628"></trkpt><trkpt lat="34.498128" lon="-94.173607"></trkpt><trkpt lat="34.498086" lon="-94.173547"></trkpt><trkpt lat="34.497972" lon="-94.173236"></trkpt><trkpt lat="34.497911" lon="-94.173197"></trkpt><trkpt lat="34.497790" lon="-94.172905"></trkpt><trkpt lat="34.497536" lon="-94.172596"></trkpt><trkpt lat="34.497448" lon="-94.172407"></trkpt><trkpt lat="34.497267" lon="-94.172202"></trkpt><trkpt lat="34.497192" lon="-94.172063"></trkpt><trkpt lat="34.497053" lon="-94.171982"></trkpt><trkpt lat="34.496819" lon="-94.171700"></trkpt><trkpt lat="34.496711" lon="-94.171411"></trkpt><trkpt lat="34.496691" lon="-94.171198"></trkpt><trkpt lat="34.496616" lon="-94.170993"></trkpt><trkpt lat="34.496512" lon="-94.170342"></trkpt><trkpt lat="34.496454" lon="-94.170295"></trkpt><trkpt lat="34.496346" lon="-94.169933"></trkpt><trkpt lat="34.496245" lon="-94.169900"></trkpt><trkpt lat="34.496008" lon="-94.169938"></trkpt><trkpt lat="34.495680" lon="-94.170099"></trkpt><trkpt lat="34.495328" lon="-94.170076"></trkpt><trkpt lat="34.495100" lon="-94.169959"></trkpt><trkpt lat="34.494886" lon="-94.169653"></trkpt><trkpt lat="34.494743" lon="-94.169517"></trkpt><trkpt lat="34.494369" lon="-94.168773"></trkpt><trkpt lat="34.494134" lon="-94.168594"></trkpt><trkpt lat="34.493964" lon="-94.168236"></trkpt><trkpt lat="34.493904" lon="-94.168194"></trkpt><trkpt lat="34.493770" lon="-94.168254"></trkpt><trkpt lat="34.493459" lon="-94.168493"></trkpt><trkpt lat="34.493373" lon="-94.168491"></trkpt><trkpt lat="34.493043" lon="-94.168357"></trkpt><trkpt lat="34.492921" lon="-94.168447"></trkpt><trkpt lat="34.492748" lon="-94.168836"></trkpt><trkpt lat="34.492698" lon="-94.168874"></trkpt><trkpt lat="34.492416" lon="-94.168888"></trkpt><trkpt lat="34.492042" lon="-94.169134"></trkpt><trkpt lat="34.491927" lon="-94.169117"></trkpt><trkpt lat="34.491018" lon="-94.168673"></trkpt><trkpt lat="34.490776" lon="-94.168524"></trkpt><trkpt lat="34.490628" lon="-94.168383"></trkpt><trkpt lat="34.490504" lon="-94.168200"></trkpt><trkpt lat="34.489749" lon="-94.166307"></trkpt><trkpt lat="34.489619" lon="-94.166185"></trkpt><trkpt lat="34.489416" lon="-94.165773"></trkpt><trkpt lat="34.488953" lon="-94.164149"></trkpt><trkpt lat="34.488929" lon="-94.164052"></trkpt><trkpt lat="34.488951" lon="-94.163907"></trkpt><trkpt lat="34.488858" lon="-94.163767"></trkpt><trkpt lat="34.488743" lon="-94.163231"></trkpt><trkpt lat="34.488592" lon="-94.162784"></trkpt><trkpt lat="34.488533" lon="-94.162623"></trkpt><trkpt lat="34.488125" lon="-94.161923"></trkpt><trkpt lat="34.487927" lon="-94.161321"></trkpt><trkpt lat="34.487896" lon="-94.161099"></trkpt><trkpt lat="34.487818" lon="-94.160934"></trkpt><trkpt lat="34.487703" lon="-94.160532"></trkpt><trkpt lat="34.487488" lon="-94.160090"></trkpt><trkpt lat="34.487424" lon="-94.160012"></trkpt><trkpt lat="34.487095" lon="-94.159269"></trkpt><trkpt lat="34.486968" lon="-94.158876"></trkpt><trkpt lat="34.486692" lon="-94.157729"></trkpt><trkpt lat="34.486196" lon="-94.156598"></trkpt><trkpt lat="34.486134" lon="-94.156199"></trkpt><trkpt lat="34.485917" lon="-94.155301"></trkpt><trkpt lat="34.485876" lon="-94.154897"></trkpt><trkpt lat="34.485993" lon="-94.154158"></trkpt><trkpt lat="34.486002" lon="-94.153753"></trkpt><trkpt lat="34.485557" lon="-94.152661"></trkpt><trkpt lat="34.485202" lon="-94.151993"></trkpt><trkpt lat="34.485028" lon="-94.151579"></trkpt><trkpt lat="34.485001" lon="-94.151135"></trkpt><trkpt lat="34.484783" lon="-94.150110"></trkpt><trkpt lat="34.484782" lon="-94.149912"></trkpt><trkpt lat="34.484306" lon="-94.148499"></trkpt><trkpt lat="34.484172" lon="-94.147866"></trkpt><trkpt lat="34.483867" lon="-94.147027"></trkpt><trkpt lat="34.483306" lon="-94.145758"></trkpt><trkpt lat="34.483151" lon="-94.144963"></trkpt><trkpt lat="34.483184" lon="-94.144582"></trkpt><trkpt lat="34.483102" lon="-94.144410"></trkpt><trkpt lat="34.482993" lon="-94.144290"></trkpt><trkpt lat="34.482893" lon="-94.143931"></trkpt><trkpt lat="34.482884" lon="-94.143461"></trkpt><trkpt lat="34.482775" lon="-94.142515"></trkpt><trkpt lat="34.482778" lon="-94.142246"></trkpt><trkpt lat="34.482907" lon="-94.141728"></trkpt><trkpt lat="34.483324" lon="-94.141007"></trkpt><trkpt lat="34.483524" lon="-94.140753"></trkpt><trkpt lat="34.483647" lon="-94.140708"></trkpt><trkpt lat="34.483786" lon="-94.140715"></trkpt><trkpt lat="34.484064" lon="-94.140657"></trkpt><trkpt lat="34.484131" lon="-94.140548"></trkpt><trkpt lat="34.484159" lon="-94.140207"></trkpt><trkpt lat="34.484091" lon="-94.139902"></trkpt><trkpt lat="34.484068" lon="-94.139310"></trkpt><trkpt lat="34.484116" lon="-94.138972"></trkpt><trkpt lat="34.484260" lon="-94.138708"></trkpt><trkpt lat="34.484770" lon="-94.138174"></trkpt><trkpt lat="34.484881" lon="-94.137239"></trkpt><trkpt lat="34.484934" lon="-94.137105"></trkpt><trkpt lat="34.484873" lon="-94.136547"></trkpt><trkpt lat="34.484381" lon="-94.135480"></trkpt><trkpt lat="34.484390" lon="-94.134668"></trkpt><trkpt lat="34.484480" lon="-94.134207"></trkpt><trkpt lat="34.484599" lon="-94.133818"></trkpt><trkpt lat="34.484600" lon="-94.133654"></trkpt><trkpt lat="34.484384" lon="-94.133151"></trkpt><trkpt lat="34.484273" lon="-94.132694"></trkpt><trkpt lat="34.484147" lon="-94.131476"></trkpt><trkpt lat="34.484083" lon="-94.131110"></trkpt><trkpt lat="34.483725" lon="-94.130279"></trkpt><trkpt lat="34.483636" lon="-94.129952"></trkpt><trkpt lat="34.483553" lon="-94.129171"></trkpt><trkpt lat="34.483543" lon="-94.128309"></trkpt><trkpt lat="34.483445" lon="-94.127402"></trkpt><trkpt lat="34.483445" lon="-94.126773"></trkpt><trkpt lat="34.483534" lon="-94.126566"></trkpt><trkpt lat="34.483710" lon="-94.126321"></trkpt><trkpt lat="34.484077" lon="-94.125939"></trkpt><trkpt lat="34.484735" lon="-94.125657"></trkpt><trkpt lat="34.485252" lon="-94.125332"></trkpt><trkpt lat="34.485606" lon="-94.124903"></trkpt><trkpt lat="34.485703" lon="-94.124872"></trkpt><trkpt lat="34.485842" lon="-94.124717"></trkpt><trkpt lat="34.486316" lon="-94.124412"></trkpt><trkpt lat="34.486659" lon="-94.124144"></trkpt><trkpt lat="34.486991" lon="-94.124064"></trkpt><trkpt lat="34.487059" lon="-94.123997"></trkpt><trkpt lat="34.487102" lon="-94.123726"></trkpt><trkpt lat="34.487084" lon="-94.123211"></trkpt><trkpt lat="34.487223" lon="-94.122545"></trkpt><trkpt lat="34.487192" lon="-94.122054"></trkpt><trkpt lat="34.487367" lon="-94.120888"></trkpt><trkpt lat="34.487104" lon="-94.120310"></trkpt><trkpt lat="34.487041" lon="-94.120059"></trkpt><trkpt lat="34.486739" lon="-94.119550"></trkpt><trkpt lat="34.486569" lon="-94.119147"></trkpt><trkpt lat="34.486551" lon="-94.118934"></trkpt><trkpt lat="34.486408" lon="-94.118806"></trkpt><trkpt lat="34.486180" lon="-94.118338"></trkpt><trkpt lat="34.486141" lon="-94.118176"></trkpt><trkpt lat="34.486162" lon="-94.117852"></trkpt><trkpt lat="34.486140" lon="-94.117741"></trkpt><trkpt lat="34.485971" lon="-94.117559"></trkpt><trkpt lat="34.484878" lon="-94.116682"></trkpt><trkpt lat="34.484743" lon="-94.116416"></trkpt><trkpt lat="34.484656" lon="-94.116125"></trkpt><trkpt lat="34.484574" lon="-94.115672"></trkpt><trkpt lat="34.484501" lon="-94.115049"></trkpt><trkpt lat="34.484521" lon="-94.114593"></trkpt><trkpt lat="34.484754" lon="-94.114015"></trkpt><trkpt lat="34.484796" lon="-94.113851"></trkpt><trkpt lat="34.484808" lon="-94.113575"></trkpt><trkpt lat="34.484696" lon="-94.113191"></trkpt><trkpt lat="34.484522" lon="-94.112777"></trkpt><trkpt lat="34.484446" lon="-94.112230"></trkpt><trkpt lat="34.484350" lon="-94.111862"></trkpt><trkpt lat="34.484491" lon="-94.111251"></trkpt><trkpt lat="34.484506" lon="-94.111066"></trkpt><trkpt lat="34.484503" lon="-94.110597"></trkpt><trkpt lat="34.484449" lon="-94.110106"></trkpt><trkpt lat="34.484080" lon="-94.109050"></trkpt><trkpt lat="34.483916" lon="-94.108447"></trkpt><trkpt lat="34.483795" lon="-94.108201"></trkpt><trkpt lat="34.483616" lon="-94.108033"></trkpt><trkpt lat="34.483438" lon="-94.107797"></trkpt><trkpt lat="34.483297" lon="-94.107389"></trkpt><trkpt lat="34.483109" lon="-94.106979"></trkpt><trkpt lat="34.483020" lon="-94.106869"></trkpt><trkpt lat="34.483862" lon="-94.105298"></trkpt><trkpt lat="34.484072" lon="-94.104424"></trkpt><trkpt lat="34.484367" lon="-94.104042"></trkpt><trkpt lat="34.484687" lon="-94.103731"></trkpt><trkpt lat="34.485182" lon="-94.103632"></trkpt><trkpt lat="34.485619" lon="-94.103462"></trkpt><trkpt lat="34.486029" lon="-94.103187"></trkpt><trkpt lat="34.486440" lon="-94.102667"></trkpt><trkpt lat="34.486879" lon="-94.102217"></trkpt><trkpt lat="34.487152" lon="-94.100958"></trkpt><trkpt lat="34.487356" lon="-94.100750"></trkpt><trkpt lat="34.487850" lon="-94.100722"></trkpt><trkpt lat="34.488083" lon="-94.100655"></trkpt><trkpt lat="34.488323" lon="-94.099816"></trkpt><trkpt lat="34.488270" lon="-94.099395"></trkpt><trkpt lat="34.487762" lon="-94.097775"></trkpt><trkpt lat="34.487764" lon="-94.097494"></trkpt><trkpt lat="34.487804" lon="-94.096373"></trkpt><trkpt lat="34.487867" lon="-94.095602"></trkpt><trkpt lat="34.487958" lon="-94.095218"></trkpt><trkpt lat="34.487962" lon="-94.094832"></trkpt><trkpt lat="34.488078" lon="-94.094658"></trkpt><trkpt lat="34.488169" lon="-94.094414"></trkpt><trkpt lat="34.488142" lon="-94.094063"></trkpt><trkpt lat="34.488279" lon="-94.091855"></trkpt><trkpt lat="34.489248" lon="-94.090676"></trkpt><trkpt lat="34.489309" lon="-94.090396"></trkpt><trkpt lat="34.489383" lon="-94.088398"></trkpt><trkpt lat="34.489443" lon="-94.088224"></trkpt><trkpt lat="34.489589" lon="-94.088086"></trkpt><trkpt lat="34.490210" lon="-94.086971"></trkpt><trkpt lat="34.490385" lon="-94.086833"></trkpt><trkpt lat="34.490768" lon="-94.086347"></trkpt><trkpt lat="34.490943" lon="-94.086174"></trkpt><trkpt lat="34.491354" lon="-94.085583"></trkpt><trkpt lat="34.491386" lon="-94.085303"></trkpt><trkpt lat="34.491618" lon="-94.085236"></trkpt><trkpt lat="34.491707" lon="-94.085132"></trkpt><trkpt lat="34.491797" lon="-94.084712"></trkpt><trkpt lat="34.492387" lon="-94.083773"></trkpt></trkseg></trk><trk><name>T042 BR5F828</name><trkseg><trkpt lat="34.484934" lon="-94.137105"></trkpt><trkpt lat="34.485012" lon="-94.136946"></trkpt><trkpt lat="34.485122" lon="-94.136479"></trkpt><trkpt lat="34.485184" lon="-94.136386"></trkpt><trkpt lat="34.485380" lon="-94.136359"></trkpt><trkpt lat="34.485533" lon="-94.136218"></trkpt><trkpt lat="34.486235" lon="-94.135388"></trkpt><trkpt lat="34.486291" lon="-94.135387"></trkpt><trkpt lat="34.486632" lon="-94.135611"></trkpt><trkpt lat="34.486999" lon="-94.135578"></trkpt><trkpt lat="34.487184" lon="-94.135646"></trkpt><trkpt lat="34.487338" lon="-94.135793"></trkpt><trkpt lat="34.487598" lon="-94.136167"></trkpt><trkpt lat="34.487697" lon="-94.136232"></trkpt><trkpt lat="34.487805" lon="-94.136252"></trkpt><trkpt lat="34.487983" lon="-94.136207"></trkpt><trkpt lat="34.488122" lon="-94.136090"></trkpt><trkpt lat="34.488346" lon="-94.135707"></trkpt><trkpt lat="34.488494" lon="-94.135530"></trkpt><trkpt lat="34.488619" lon="-94.135438"></trkpt><trkpt lat="34.488836" lon="-94.135128"></trkpt><trkpt lat="34.489026" lon="-94.135071"></trkpt><trkpt lat="34.489141" lon="-94.135108"></trkpt><trkpt lat="34.489263" lon="-94.135298"></trkpt><trkpt lat="34.489375" lon="-94.135399"></trkpt><trkpt lat="34.489200" lon="-94.135545"></trkpt><trkpt lat="34.489156" lon="-94.135621"></trkpt><trkpt lat="34.489179" lon="-94.135843"></trkpt><trkpt lat="34.489317" lon="-94.136031"></trkpt><trkpt lat="34.489328" lon="-94.136103"></trkpt><trkpt lat="34.489158" lon="-94.136435"></trkpt><trkpt lat="34.489127" lon="-94.136625"></trkpt><trkpt lat="34.488994" lon="-94.136854"></trkpt><trkpt lat="34.488896" lon="-94.137153"></trkpt><trkpt lat="34.489075" lon="-94.137588"></trkpt><trkpt lat="34.489074" lon="-94.137717"></trkpt><trkpt lat="34.488976" lon="-94.138066"></trkpt><trkpt lat="34.488937" lon="-94.138349"></trkpt><trkpt lat="34.488795" lon="-94.138607"></trkpt><trkpt lat="34.488787" lon="-94.138710"></trkpt><trkpt lat="34.488804" lon="-94.138825"></trkpt><trkpt lat="34.489114" lon="-94.139470"></trkpt><trkpt lat="34.489284" lon="-94.139641"></trkpt><trkpt lat="34.489270" lon="-94.139850"></trkpt><trkpt lat="34.489308" lon="-94.139927"></trkpt><trkpt lat="34.489821" lon="-94.140465"></trkpt><trkpt lat="34.489797" lon="-94.140619"></trkpt><trkpt lat="34.489704" lon="-94.140759"></trkpt><trkpt lat="34.489810" lon="-94.141201"></trkpt><trkpt lat="34.489788" lon="-94.141344"></trkpt><trkpt lat="34.489568" lon="-94.141529"></trkpt><trkpt lat="34.489406" lon="-94.141772"></trkpt><trkpt lat="34.489270" lon="-94.142258"></trkpt><trkpt lat="34.489297" lon="-94.142549"></trkpt><trkpt lat="34.489567" lon="-94.142869"></trkpt><trkpt lat="34.489751" lon="-94.143154"></trkpt><trkpt lat="34.489923" lon="-94.143335"></trkpt><trkpt lat="34.490042" lon="-94.143362"></trkpt><trkpt lat="34.490378" lon="-94.143162"></trkpt><trkpt lat="34.490989" lon="-94.143609"></trkpt><trkpt lat="34.491289" lon="-94.144300"></trkpt><trkpt lat="34.491197" lon="-94.144775"></trkpt><trkpt lat="34.491675" lon="-94.145204"></trkpt><trkpt lat="34.491930" lon="-94.146149"></trkpt><trkpt lat="34.491885" lon="-94.146418"></trkpt><trkpt lat="34.492353" lon="-94.147486"></trkpt><trkpt lat="34.492519" lon="-94.148545"></trkpt><trkpt lat="34.492242" lon="-94.149422"></trkpt><trkpt lat="34.492239" lon="-94.149742"></trkpt><trkpt lat="34.492322" lon="-94.149994"></trkpt><trkpt lat="34.492354" lon="-94.150206"></trkpt><trkpt lat="34.492532" lon="-94.150469"></trkpt><trkpt lat="34.492466" lon="-94.151218"></trkpt><trkpt lat="34.492503" lon="-94.151391"></trkpt><trkpt lat="34.492654" lon="-94.151652"></trkpt><trkpt lat="34.492686" lon="-94.152084"></trkpt><trkpt lat="34.492773" lon="-94.152172"></trkpt><trkpt lat="34.492986" lon="-94.152260"></trkpt><trkpt lat="34.493378" lon="-94.152604"></trkpt><trkpt lat="34.493452" lon="-94.152880"></trkpt><trkpt lat="34.493576" lon="-94.153097"></trkpt><trkpt lat="34.494008" lon="-94.153681"></trkpt><trkpt lat="34.494082" lon="-94.153731"></trkpt><trkpt lat="34.494385" lon="-94.153550"></trkpt><trkpt lat="34.494650" lon="-94.153463"></trkpt><trkpt lat="34.494780" lon="-94.153533"></trkpt><trkpt lat="34.494871" lon="-94.153647"></trkpt><trkpt lat="34.495060" lon="-94.153740"></trkpt><trkpt lat="34.495339" lon="-94.153789"></trkpt><trkpt lat="34.495507" lon="-94.153859"></trkpt><trkpt lat="34.495711" lon="-94.154066"></trkpt><trkpt lat="34.495915" lon="-94.154340"></trkpt><trkpt lat="34.496119" lon="-94.154456"></trkpt><trkpt lat="34.496359" lon="-94.154690"></trkpt><trkpt lat="34.496520" lon="-94.154775"></trkpt><trkpt lat="34.496805" lon="-94.154678"></trkpt><trkpt lat="34.496993" lon="-94.154556"></trkpt><trkpt lat="34.497106" lon="-94.154364"></trkpt><trkpt lat="34.497125" lon="-94.154231"></trkpt><trkpt lat="34.496817" lon="-94.153668"></trkpt><trkpt lat="34.496641" lon="-94.152705"></trkpt><trkpt lat="34.496736" lon="-94.152483"></trkpt><trkpt lat="34.496921" lon="-94.152396"></trkpt><trkpt lat="34.497180" lon="-94.152467"></trkpt><trkpt lat="34.497434" lon="-94.153051"></trkpt><trkpt lat="34.498145" lon="-94.154066"></trkpt><trkpt lat="34.498879" lon="-94.154635"></trkpt><trkpt lat="34.499063" lon="-94.154727"></trkpt><trkpt lat="34.499358" lon="-94.154798"></trkpt><trkpt lat="34.499693" lon="-94.154690"></trkpt><trkpt lat="34.499859" lon="-94.154715"></trkpt><trkpt lat="34.500025" lon="-94.154628"></trkpt><trkpt lat="34.500138" lon="-94.154607"></trkpt><trkpt lat="34.500615" lon="-94.154949"></trkpt><trkpt lat="34.500780" lon="-94.155130"></trkpt><trkpt lat="34.500908" lon="-94.155177"></trkpt><trkpt lat="34.501019" lon="-94.155089"></trkpt><trkpt lat="34.501134" lon="-94.154867"></trkpt><trkpt lat="34.501024" lon="-94.154530"></trkpt><trkpt lat="34.500860" lon="-94.154483"></trkpt><trkpt lat="34.500619" lon="-94.154525"></trkpt><trkpt lat="34.500509" lon="-94.154478"></trkpt><trkpt lat="34.500435" lon="-94.154388"></trkpt><trkpt lat="34.500437" lon="-94.154187"></trkpt><trkpt lat="34.500474" lon="-94.154098"></trkpt><trkpt lat="34.500587" lon="-94.154033"></trkpt><trkpt lat="34.500681" lon="-94.153900"></trkpt><trkpt lat="34.500978" lon="-94.153725"></trkpt><trkpt lat="34.501628" lon="-94.153422"></trkpt><trkpt lat="34.501832" lon="-94.153290"></trkpt><trkpt lat="34.502148" lon="-94.153228"></trkpt><trkpt lat="34.502369" lon="-94.153231"></trkpt><trkpt lat="34.502519" lon="-94.153076"></trkpt><trkpt lat="34.502819" lon="-94.152634"></trkpt><trkpt lat="34.502896" lon="-94.152277"></trkpt><trkpt lat="34.502918" lon="-94.151942"></trkpt><trkpt lat="34.503145" lon="-94.151543"></trkpt><trkpt lat="34.503275" lon="-94.151389"></trkpt><trkpt lat="34.503424" lon="-94.151368"></trkpt><trkpt lat="34.503496" lon="-94.151302"></trkpt><trkpt lat="34.503683" lon="-94.151394"></trkpt><trkpt lat="34.504402" lon="-94.151404"></trkpt><trkpt lat="34.504625" lon="-94.151385"></trkpt><trkpt lat="34.505089" lon="-94.151235"></trkpt><trkpt lat="34.505255" lon="-94.151304"></trkpt><trkpt lat="34.505438" lon="-94.151486"></trkpt><trkpt lat="34.505453" lon="-94.151776"></trkpt><trkpt lat="34.505560" lon="-94.152135"></trkpt><trkpt lat="34.505592" lon="-94.152784"></trkpt><trkpt lat="34.505516" lon="-94.153028"></trkpt><trkpt lat="34.505496" lon="-94.153251"></trkpt><trkpt lat="34.505475" lon="-94.153564"></trkpt><trkpt lat="34.505509" lon="-94.153721"></trkpt><trkpt lat="34.505875" lon="-94.154128"></trkpt><trkpt lat="34.505984" lon="-94.154331"></trkpt><trkpt lat="34.506018" lon="-94.154778"></trkpt><trkpt lat="34.506267" lon="-94.155854"></trkpt><trkpt lat="34.506265" lon="-94.156077"></trkpt><trkpt lat="34.506112" lon="-94.156433"></trkpt><trkpt lat="34.505858" lon="-94.157814"></trkpt><trkpt lat="34.505856" lon="-94.158082"></trkpt><trkpt lat="34.505946" lon="-94.158329"></trkpt><trkpt lat="34.506514" lon="-94.159052"></trkpt><trkpt lat="34.507058" lon="-94.160177"></trkpt><trkpt lat="34.507128" lon="-94.160558"></trkpt><trkpt lat="34.507235" lon="-94.160917"></trkpt><trkpt lat="34.507251" lon="-94.161230"></trkpt><trkpt lat="34.507155" lon="-94.161519"></trkpt><trkpt lat="34.507134" lon="-94.161921"></trkpt><trkpt lat="34.507185" lon="-94.162189"></trkpt><trkpt lat="34.507368" lon="-94.162416"></trkpt><trkpt lat="34.507625" lon="-94.162620"></trkpt><trkpt lat="34.507809" lon="-94.162668"></trkpt><trkpt lat="34.508033" lon="-94.162626"></trkpt><trkpt lat="34.508775" lon="-94.162390"></trkpt><trkpt lat="34.508942" lon="-94.162393"></trkpt><trkpt lat="34.509108" lon="-94.162462"></trkpt><trkpt lat="34.509456" lon="-94.162780"></trkpt><trkpt lat="34.509826" lon="-94.162785"></trkpt><trkpt lat="34.510662" lon="-94.162394"></trkpt><trkpt lat="34.510938" lon="-94.162532"></trkpt><trkpt lat="34.511157" lon="-94.162736"></trkpt><trkpt lat="34.509710" lon="-94.165286"></trkpt><trkpt lat="34.509126" lon="-94.166216"></trkpt><trkpt lat="34.508862" lon="-94.166749"></trkpt><trkpt lat="34.508656" lon="-94.167081"></trkpt><trkpt lat="34.508725" lon="-94.167640"></trkpt><trkpt lat="34.508537" lon="-94.168118"></trkpt><trkpt lat="34.508312" lon="-94.168373"></trkpt><trkpt lat="34.508228" lon="-94.168424"></trkpt><trkpt lat="34.507662" lon="-94.168628"></trkpt><trkpt lat="34.507308" lon="-94.168671"></trkpt><trkpt lat="34.507193" lon="-94.168723"></trkpt><trkpt lat="34.507108" lon="-94.168817"></trkpt><trkpt lat="34.507128" lon="-94.169330"></trkpt><trkpt lat="34.507242" lon="-94.169734"></trkpt><trkpt lat="34.507234" lon="-94.171468"></trkpt><trkpt lat="34.507343" lon="-94.171804"></trkpt><trkpt lat="34.507331" lon="-94.171915"></trkpt><trkpt lat="34.507262" lon="-94.172071"></trkpt><trkpt lat="34.507107" lon="-94.172266"></trkpt><trkpt lat="34.506914" lon="-94.172435"></trkpt><trkpt lat="34.506714" lon="-94.172604"></trkpt><trkpt lat="34.506321" lon="-94.172843"></trkpt><trkpt lat="34.506244" lon="-94.172940"></trkpt><trkpt lat="34.505942" lon="-94.173167"></trkpt><trkpt lat="34.505464" lon="-94.173642"></trkpt><trkpt lat="34.504883" lon="-94.173591"></trkpt><trkpt lat="34.504410" lon="-94.173751"></trkpt><trkpt lat="34.504259" lon="-94.173713"></trkpt><trkpt lat="34.504199" lon="-94.173654"></trkpt><trkpt lat="34.503977" lon="-94.173236"></trkpt><trkpt lat="34.503909" lon="-94.172891"></trkpt><trkpt lat="34.503855" lon="-94.172800"></trkpt><trkpt lat="34.503533" lon="-94.172546"></trkpt><trkpt lat="34.503411" lon="-94.172388"></trkpt><trkpt lat="34.503337" lon="-94.172353"></trkpt><trkpt lat="34.503230" lon="-94.172229"></trkpt><trkpt lat="34.503149" lon="-94.172183"></trkpt><trkpt lat="34.503106" lon="-94.172206"></trkpt><trkpt lat="34.502958" lon="-94.172100"></trkpt><trkpt lat="34.502811" lon="-94.171950"></trkpt><trkpt lat="34.502729" lon="-94.171793"></trkpt><trkpt lat="34.502383" lon="-94.170986"></trkpt><trkpt lat="34.502374" lon="-94.170665"></trkpt><trkpt lat="34.502444" lon="-94.170466"></trkpt><trkpt lat="34.502439" lon="-94.170250"></trkpt><trkpt lat="34.502348" lon="-94.169941"></trkpt><trkpt lat="34.502356" lon="-94.169784"></trkpt><trkpt lat="34.502247" lon="-94.169616"></trkpt><trkpt lat="34.501943" lon="-94.169386"></trkpt><trkpt lat="34.501549" lon="-94.169244"></trkpt><trkpt lat="34.501322" lon="-94.169018"></trkpt><trkpt lat="34.501301" lon="-94.168532"></trkpt><trkpt lat="34.501087" lon="-94.168101"></trkpt><trkpt lat="34.501070" lon="-94.167508"></trkpt><trkpt lat="34.500914" lon="-94.166808"></trkpt><trkpt lat="34.500428" lon="-94.165552"></trkpt><trkpt lat="34.500240" lon="-94.165208"></trkpt><trkpt lat="34.499771" lon="-94.165003"></trkpt><trkpt lat="34.499256" lon="-94.164598"></trkpt><trkpt lat="34.499075" lon="-94.164392"></trkpt><trkpt lat="34.498712" lon="-94.164210"></trkpt><trkpt lat="34.498517" lon="-94.163881"></trkpt><trkpt lat="34.498523" lon="-94.163662"></trkpt><trkpt lat="34.498645" lon="-94.163468"></trkpt><trkpt lat="34.498498" lon="-94.162990"></trkpt><trkpt lat="34.498324" lon="-94.162841"></trkpt><trkpt lat="34.498224" lon="-94.162674"></trkpt><trkpt lat="34.497993" lon="-94.162522"></trkpt><trkpt lat="34.497916" lon="-94.162341"></trkpt><trkpt lat="34.497552" lon="-94.161986"></trkpt><trkpt lat="34.497541" lon="-94.161889"></trkpt><trkpt lat="34.497336" lon="-94.161677"></trkpt><trkpt lat="34.497217" lon="-94.161602"></trkpt><trkpt lat="34.497047" lon="-94.161250"></trkpt><trkpt lat="34.496931" lon="-94.161153"></trkpt><trkpt lat="34.496856" lon="-94.160914"></trkpt><trkpt lat="34.496863" lon="-94.160716"></trkpt><trkpt lat="34.496807" lon="-94.160460"></trkpt><trkpt lat="34.496719" lon="-94.160370"></trkpt><trkpt lat="34.496696" lon="-94.160262"></trkpt><trkpt lat="34.496828" lon="-94.160139"></trkpt><trkpt lat="34.496961" lon="-94.160142"></trkpt><trkpt lat="34.497259" lon="-94.160329"></trkpt><trkpt lat="34.497360" lon="-94.160340"></trkpt><trkpt lat="34.497397" lon="-94.160279"></trkpt><trkpt lat="34.497471" lon="-94.160282"></trkpt><trkpt lat="34.497560" lon="-94.160224"></trkpt><trkpt lat="34.497546" lon="-94.159972"></trkpt><trkpt lat="34.497430" lon="-94.159830"></trkpt><trkpt lat="34.497228" lon="-94.159712"></trkpt><trkpt lat="34.497011" lon="-94.159616"></trkpt><trkpt lat="34.496929" lon="-94.159654"></trkpt><trkpt lat="34.496757" lon="-94.159551"></trkpt><trkpt lat="34.496702" lon="-94.159572"></trkpt><trkpt lat="34.496622" lon="-94.159516"></trkpt><trkpt lat="34.496676" lon="-94.159265"></trkpt><trkpt lat="34.496665" lon="-94.158938"></trkpt><trkpt lat="34.496505" lon="-94.158486"></trkpt><trkpt lat="34.496543" lon="-94.158283"></trkpt><trkpt lat="34.496521" lon="-94.158205"></trkpt><trkpt lat="34.496311" lon="-94.158000"></trkpt><trkpt lat="34.496257" lon="-94.157997"></trkpt><trkpt lat="34.496157" lon="-94.157888"></trkpt><trkpt lat="34.496040" lon="-94.157845"></trkpt><trkpt lat="34.495987" lon="-94.157783"></trkpt><trkpt lat="34.496085" lon="-94.157105"></trkpt><trkpt lat="34.496071" lon="-94.157010"></trkpt><trkpt lat="34.495918" lon="-94.156706"></trkpt><trkpt lat="34.495721" lon="-94.156498"></trkpt><trkpt lat="34.495638" lon="-94.156479"></trkpt><trkpt lat="34.495324" lon="-94.156094"></trkpt><trkpt lat="34.495260" lon="-94.155752"></trkpt><trkpt lat="34.495111" lon="-94.155469"></trkpt><trkpt lat="34.495101" lon="-94.154833"></trkpt><trkpt lat="34.495036" lon="-94.154378"></trkpt><trkpt lat="34.494904" lon="-94.154245"></trkpt><trkpt lat="34.494707" lon="-94.154112"></trkpt><trkpt lat="34.494082" lon="-94.153731"></trkpt></trkseg></trk><trk><name>T043 BR5F828</name><trkseg><trkpt lat="35.156377" lon="-93.581600"></trkpt><trkpt lat="35.156499" lon="-93.581602"></trkpt><trkpt lat="35.156633" lon="-93.581660"></trkpt><trkpt lat="35.156722" lon="-93.581716"></trkpt><trkpt lat="35.156810" lon="-93.581827"></trkpt><trkpt lat="35.156945" lon="-93.581830"></trkpt><trkpt lat="35.156991" lon="-93.581721"></trkpt><trkpt lat="35.157126" lon="-93.581669"></trkpt><trkpt lat="35.157261" lon="-93.581672"></trkpt><trkpt lat="35.157577" lon="-93.581514"></trkpt><trkpt lat="35.157981" lon="-93.581522"></trkpt><trkpt lat="35.158161" lon="-93.581471"></trkpt><trkpt lat="35.158297" lon="-93.581364"></trkpt><trkpt lat="35.158790" lon="-93.581374"></trkpt><trkpt lat="35.159058" lon="-93.581489"></trkpt><trkpt lat="35.159239" lon="-93.581328"></trkpt><trkpt lat="35.159419" lon="-93.581332"></trkpt><trkpt lat="35.159557" lon="-93.581061"></trkpt><trkpt lat="35.159790" lon="-93.580410"></trkpt><trkpt lat="35.160016" lon="-93.580251"></trkpt><trkpt lat="35.160196" lon="-93.580254"></trkpt><trkpt lat="35.160418" lon="-93.580368"></trkpt><trkpt lat="35.160690" lon="-93.580209"></trkpt><trkpt lat="35.160915" lon="-93.580159"></trkpt><trkpt lat="35.161406" lon="-93.580333"></trkpt><trkpt lat="35.161677" lon="-93.580174"></trkpt><trkpt lat="35.161812" lon="-93.580177"></trkpt><trkpt lat="35.162172" lon="-93.580074"></trkpt><trkpt lat="35.162487" lon="-93.580026"></trkpt><trkpt lat="35.162769" lon="-93.580132"></trkpt><trkpt lat="35.163263" lon="-93.580087"></trkpt><trkpt lat="35.163401" lon="-93.579816"></trkpt><trkpt lat="35.163808" lon="-93.579606"></trkpt><trkpt lat="35.163945" lon="-93.579390"></trkpt><trkpt lat="35.163992" lon="-93.579227"></trkpt><trkpt lat="35.164129" lon="-93.579066"></trkpt><trkpt lat="35.164353" lon="-93.579125"></trkpt><trkpt lat="35.164577" lon="-93.579129"></trkpt><trkpt lat="35.164755" lon="-93.579242"></trkpt><trkpt lat="35.164888" lon="-93.579354"></trkpt><trkpt lat="35.165197" lon="-93.579742"></trkpt><trkpt lat="35.165194" lon="-93.579940"></trkpt><trkpt lat="35.165465" lon="-93.579838"></trkpt><trkpt lat="35.165599" lon="-93.579841"></trkpt><trkpt lat="35.165911" lon="-93.580011"></trkpt><trkpt lat="35.166270" lon="-93.580018"></trkpt><trkpt lat="35.166496" lon="-93.579913"></trkpt><trkpt lat="35.166588" lon="-93.579696"></trkpt><trkpt lat="35.166723" lon="-93.579699"></trkpt><trkpt lat="35.166857" lon="-93.579756"></trkpt><trkpt lat="35.166856" lon="-93.579811"></trkpt><trkpt lat="35.166988" lon="-93.579977"></trkpt><trkpt lat="35.167618" lon="-93.579880"></trkpt><trkpt lat="35.167796" lon="-93.579938"></trkpt><trkpt lat="35.168018" lon="-93.580107"></trkpt><trkpt lat="35.168155" lon="-93.579945"></trkpt><trkpt lat="35.168161" lon="-93.579509"></trkpt><trkpt lat="35.168209" lon="-93.579291"></trkpt><trkpt lat="35.168343" lon="-93.579294"></trkpt><trkpt lat="35.168477" lon="-93.579351"></trkpt><trkpt lat="35.168569" lon="-93.579189"></trkpt><trkpt lat="35.168750" lon="-93.579083"></trkpt><trkpt lat="35.168929" lon="-93.579086"></trkpt><trkpt lat="35.169111" lon="-93.578926"></trkpt><trkpt lat="35.169203" lon="-93.578709"></trkpt><trkpt lat="35.169208" lon="-93.578382"></trkpt><trkpt lat="35.169122" lon="-93.578052"></trkpt><trkpt lat="35.168991" lon="-93.577776"></trkpt><trkpt lat="35.168952" lon="-93.577339"></trkpt><trkpt lat="35.169001" lon="-93.577066"></trkpt><trkpt lat="35.168915" lon="-93.576737"></trkpt><trkpt lat="35.168741" lon="-93.576296"></trkpt><trkpt lat="35.168388" lon="-93.575852"></trkpt><trkpt lat="35.168169" lon="-93.575466"></trkpt><trkpt lat="35.168084" lon="-93.575136"></trkpt><trkpt lat="35.168183" lon="-93.574428"></trkpt><trkpt lat="35.168369" lon="-93.573940"></trkpt><trkpt lat="35.168805" lon="-93.573532"></trkpt><trkpt lat="35.168958" lon="-93.573233"></trkpt><trkpt lat="35.168912" lon="-93.572930"></trkpt><trkpt lat="35.168916" lon="-93.572628"></trkpt><trkpt lat="35.169120" lon="-93.572208"></trkpt><trkpt lat="35.169372" lon="-93.571911"></trkpt><trkpt lat="35.169524" lon="-93.571672"></trkpt><trkpt lat="35.169594" lon="-93.571441"></trkpt><trkpt lat="35.169896" lon="-93.571085"></trkpt><trkpt lat="35.169900" lon="-93.570782"></trkpt><trkpt lat="35.170002" lon="-93.570603"></trkpt><trkpt lat="35.170150" lon="-93.570666"></trkpt><trkpt lat="35.170350" lon="-93.570549"></trkpt><trkpt lat="35.170403" lon="-93.570308"></trkpt><trkpt lat="35.170405" lon="-93.570127"></trkpt><trkpt lat="35.170658" lon="-93.569769"></trkpt><trkpt lat="35.170724" lon="-93.569780"></trkpt><trkpt lat="35.170874" lon="-93.569723"></trkpt><trkpt lat="35.171024" lon="-93.569605"></trkpt><trkpt lat="35.171126" lon="-93.569425"></trkpt><trkpt lat="35.171277" lon="-93.569307"></trkpt><trkpt lat="35.171526" lon="-93.569252"></trkpt><trkpt lat="35.171676" lon="-93.569134"></trkpt><trkpt lat="35.171975" lon="-93.569019"></trkpt><trkpt lat="35.172272" lon="-93.569145"></trkpt><trkpt lat="35.172462" lon="-93.569149"></trkpt><trkpt lat="35.172718" lon="-93.569154"></trkpt><trkpt lat="35.172919" lon="-93.569037"></trkpt><trkpt lat="35.173216" lon="-93.569043"></trkpt><trkpt lat="35.173664" lon="-93.568991"></trkpt><trkpt lat="35.174061" lon="-93.568999"></trkpt><trkpt lat="35.174408" lon="-93.569066"></trkpt><trkpt lat="35.174654" lon="-93.569192"></trkpt><trkpt lat="35.175146" lon="-93.569564"></trkpt><trkpt lat="35.175193" lon="-93.569746"></trkpt><trkpt lat="35.175338" lon="-93.570051"></trkpt><trkpt lat="35.175582" lon="-93.570358"></trkpt><trkpt lat="35.175762" lon="-93.570407"></trkpt><trkpt lat="35.175982" lon="-93.570185"></trkpt><trkpt lat="35.176231" lon="-93.570129"></trkpt><trkpt lat="35.176530" lon="-93.570014"></trkpt><trkpt lat="35.177275" lon="-93.570028"></trkpt><trkpt lat="35.177541" lon="-93.569923"></trkpt><trkpt lat="35.177640" lon="-93.569985"></trkpt><trkpt lat="35.177889" lon="-93.569930"></trkpt><trkpt lat="35.178481" lon="-93.570183"></trkpt><trkpt lat="35.178731" lon="-93.570067"></trkpt><trkpt lat="35.178929" lon="-93.570071"></trkpt><trkpt lat="35.179275" lon="-93.570198"></trkpt><trkpt lat="35.179673" lon="-93.570146"></trkpt><trkpt lat="35.179970" lon="-93.570212"></trkpt><trkpt lat="35.180318" lon="-93.570158"></trkpt><trkpt lat="35.180616" lon="-93.570164"></trkpt><trkpt lat="35.180916" lon="-93.569988"></trkpt><trkpt lat="35.181264" lon="-93.569995"></trkpt><trkpt lat="35.181759" lon="-93.570126"></trkpt><trkpt lat="35.182104" lon="-93.570314"></trkpt><trkpt lat="35.182346" lon="-93.570742"></trkpt><trkpt lat="35.182543" lon="-93.570927"></trkpt><trkpt lat="35.182639" lon="-93.571111"></trkpt><trkpt lat="35.182936" lon="-93.571237"></trkpt><trkpt lat="35.183085" lon="-93.571179"></trkpt><trkpt lat="35.183237" lon="-93.571001"></trkpt><trkpt lat="35.183288" lon="-93.570881"></trkpt><trkpt lat="35.183488" lon="-93.570764"></trkpt><trkpt lat="35.183591" lon="-93.570524"></trkpt><trkpt lat="35.183592" lon="-93.570403"></trkpt><trkpt lat="35.183694" lon="-93.570224"></trkpt><trkpt lat="35.184062" lon="-93.569938"></trkpt><trkpt lat="35.184164" lon="-93.569699"></trkpt><trkpt lat="35.184315" lon="-93.569580"></trkpt><trkpt lat="35.184613" lon="-93.569526"></trkpt><trkpt lat="35.184918" lon="-93.568987"></trkpt><trkpt lat="35.185120" lon="-93.568749"></trkpt><trkpt lat="35.185627" lon="-93.567973"></trkpt><trkpt lat="35.185831" lon="-93.567554"></trkpt><trkpt lat="35.185931" lon="-93.567495"></trkpt><trkpt lat="35.186135" lon="-93.567076"></trkpt><trkpt lat="35.186286" lon="-93.566897"></trkpt><trkpt lat="35.186288" lon="-93.566716"></trkpt><trkpt lat="35.186392" lon="-93.566415"></trkpt><trkpt lat="35.186892" lon="-93.566123"></trkpt><trkpt lat="35.187195" lon="-93.565705"></trkpt><trkpt lat="35.187349" lon="-93.565345"></trkpt><trkpt lat="35.187550" lon="-93.565168"></trkpt><trkpt lat="35.187703" lon="-93.564868"></trkpt><trkpt lat="35.187808" lon="-93.564447"></trkpt><trkpt lat="35.187814" lon="-93.563963"></trkpt><trkpt lat="35.187922" lon="-93.563300"></trkpt><trkpt lat="35.187893" lon="-93.562947"></trkpt><trkpt lat="35.187906" lon="-93.561979"></trkpt><trkpt lat="35.187860" lon="-93.561676"></trkpt><trkpt lat="35.187766" lon="-93.561311"></trkpt><trkpt lat="35.187573" lon="-93.560824"></trkpt><trkpt lat="35.187448" lon="-93.560697"></trkpt><trkpt lat="35.187136" lon="-93.560090"></trkpt><trkpt lat="35.187041" lon="-93.559785"></trkpt><trkpt lat="35.186997" lon="-93.559361"></trkpt><trkpt lat="35.187098" lon="-93.559182"></trkpt><trkpt lat="35.187346" lon="-93.559186"></trkpt><trkpt lat="35.187736" lon="-93.559738"></trkpt><trkpt lat="35.187982" lon="-93.559924"></trkpt><trkpt lat="35.188178" lon="-93.560170"></trkpt><trkpt lat="35.188423" lon="-93.560356"></trkpt><trkpt lat="35.188523" lon="-93.560358"></trkpt><trkpt lat="35.188332" lon="-93.559812"></trkpt><trkpt lat="35.188234" lon="-93.559687"></trkpt><trkpt lat="35.188140" lon="-93.559262"></trkpt><trkpt lat="35.188148" lon="-93.558658"></trkpt><trkpt lat="35.188250" lon="-93.558359"></trkpt><trkpt lat="35.188263" lon="-93.557450"></trkpt><trkpt lat="35.188170" lon="-93.556965"></trkpt><trkpt lat="35.188176" lon="-93.556481"></trkpt><trkpt lat="35.188229" lon="-93.556240"></trkpt><trkpt lat="35.188328" lon="-93.556242"></trkpt><trkpt lat="35.188478" lon="-93.556124"></trkpt><trkpt lat="35.188482" lon="-93.555882"></trkpt><trkpt lat="35.188586" lon="-93.555461"></trkpt><trkpt lat="35.188562" lon="-93.554805"></trkpt><trkpt lat="35.188666" lon="-93.554383"></trkpt><trkpt lat="35.188723" lon="-93.553840"></trkpt><trkpt lat="35.188874" lon="-93.553722"></trkpt><trkpt lat="35.188980" lon="-93.553180"></trkpt><trkpt lat="35.188984" lon="-93.552878"></trkpt><trkpt lat="35.188795" lon="-93.552088"></trkpt><trkpt lat="35.188704" lon="-93.551481"></trkpt><trkpt lat="35.188489" lon="-93.550998"></trkpt><trkpt lat="35.188358" lon="-93.550827"></trkpt><trkpt lat="35.188221" lon="-93.550444"></trkpt><trkpt lat="35.189044" lon="-93.548222"></trkpt><trkpt lat="35.189367" lon="-93.547573"></trkpt><trkpt lat="35.189526" lon="-93.546789"></trkpt><trkpt lat="35.189681" lon="-93.546309"></trkpt><trkpt lat="35.189687" lon="-93.545825"></trkpt><trkpt lat="35.189603" lon="-93.544674"></trkpt><trkpt lat="35.189660" lon="-93.544070"></trkpt><trkpt lat="35.189666" lon="-93.543647"></trkpt><trkpt lat="35.189769" lon="-93.543347"></trkpt><trkpt lat="35.189921" lon="-93.543108"></trkpt><trkpt lat="35.190219" lon="-93.543053"></trkpt><trkpt lat="35.190566" lon="-93.543120"></trkpt><trkpt lat="35.190763" lon="-93.543245"></trkpt><trkpt lat="35.190959" lon="-93.543430"></trkpt><trkpt lat="35.191851" lon="-93.543568"></trkpt><trkpt lat="35.192048" lon="-93.543693"></trkpt><trkpt lat="35.192940" lon="-93.543831"></trkpt><trkpt lat="35.193285" lon="-93.544079"></trkpt><trkpt lat="35.193531" lon="-93.544205"></trkpt><trkpt lat="35.193828" lon="-93.544271"></trkpt><trkpt lat="35.194027" lon="-93.544275"></trkpt><trkpt lat="35.194224" lon="-93.544399"></trkpt><trkpt lat="35.194404" lon="-93.544645"></trkpt><trkpt lat="35.194618" lon="-93.544649"></trkpt><trkpt lat="35.194817" lon="-93.544592"></trkpt><trkpt lat="35.194869" lon="-93.544412"></trkpt><trkpt lat="35.194871" lon="-93.544230"></trkpt><trkpt lat="35.194973" lon="-93.544051"></trkpt><trkpt lat="35.194927" lon="-93.543748"></trkpt><trkpt lat="35.194979" lon="-93.543628"></trkpt><trkpt lat="35.195128" lon="-93.543570"></trkpt><trkpt lat="35.195131" lon="-93.543328"></trkpt><trkpt lat="35.195084" lon="-93.543146"></trkpt><trkpt lat="35.194889" lon="-93.542900"></trkpt><trkpt lat="35.195093" lon="-93.542480"></trkpt><trkpt lat="35.195096" lon="-93.542178"></trkpt><trkpt lat="35.195252" lon="-93.541697"></trkpt><trkpt lat="35.195253" lon="-93.541576"></trkpt><trkpt lat="35.195406" lon="-93.541277"></trkpt><trkpt lat="35.195760" lon="-93.540739"></trkpt><trkpt lat="35.195865" lon="-93.540318"></trkpt><trkpt lat="35.196222" lon="-93.539599"></trkpt><trkpt lat="35.195882" lon="-93.539507"></trkpt><trkpt lat="35.195615" lon="-93.539338"></trkpt><trkpt lat="35.195438" lon="-93.539171"></trkpt><trkpt lat="35.195037" lon="-93.538945"></trkpt><trkpt lat="35.194948" lon="-93.538834"></trkpt><trkpt lat="35.194817" lon="-93.538558"></trkpt><trkpt lat="35.194732" lon="-93.538228"></trkpt><trkpt lat="35.194557" lon="-93.537897"></trkpt><trkpt lat="35.194212" lon="-93.536797"></trkpt><trkpt lat="35.194127" lon="-93.536413"></trkpt><trkpt lat="35.193865" lon="-93.535862"></trkpt><trkpt lat="35.193733" lon="-93.535695"></trkpt><trkpt lat="35.193599" lon="-93.535638"></trkpt><trkpt lat="35.193508" lon="-93.535746"></trkpt><trkpt lat="35.193506" lon="-93.535852"></trkpt></trkseg></trk><trk><name>T044 BR5F828</name><trkseg><trkpt lat="35.193506" lon="-93.535865"></trkpt><trkpt lat="35.193504" lon="-93.536019"></trkpt><trkpt lat="35.193647" lon="-93.536559"></trkpt><trkpt lat="35.193727" lon="-93.537326"></trkpt><trkpt lat="35.193676" lon="-93.537762"></trkpt><trkpt lat="35.193629" lon="-93.537925"></trkpt><trkpt lat="35.193396" lon="-93.538631"></trkpt><trkpt lat="35.193259" lon="-93.538847"></trkpt><trkpt lat="35.193117" lon="-93.539391"></trkpt><trkpt lat="35.193027" lon="-93.539444"></trkpt><trkpt lat="35.192844" lon="-93.539659"></trkpt><trkpt lat="35.192615" lon="-93.540092"></trkpt><trkpt lat="35.192162" lon="-93.540411"></trkpt><trkpt lat="35.191716" lon="-93.540184"></trkpt><trkpt lat="35.191360" lon="-93.539958"></trkpt><trkpt lat="35.190642" lon="-93.539999"></trkpt><trkpt lat="35.190326" lon="-93.540103"></trkpt><trkpt lat="35.189384" lon="-93.540139"></trkpt><trkpt lat="35.189166" lon="-93.539643"></trkpt><trkpt lat="35.189125" lon="-93.539315"></trkpt><trkpt lat="35.188993" lon="-93.539148"></trkpt><trkpt lat="35.188859" lon="-93.539091"></trkpt><trkpt lat="35.188546" lon="-93.539031"></trkpt><trkpt lat="35.188007" lon="-93.539020"></trkpt><trkpt lat="35.187646" lon="-93.539232"></trkpt><trkpt lat="35.187375" lon="-93.539336"></trkpt><trkpt lat="35.187059" lon="-93.539549"></trkpt><trkpt lat="35.186624" lon="-93.539641"></trkpt><trkpt lat="35.186218" lon="-93.539797"></trkpt><trkpt lat="35.185949" lon="-93.539792"></trkpt><trkpt lat="35.185454" lon="-93.539892"></trkpt><trkpt lat="35.185275" lon="-93.539888"></trkpt><trkpt lat="35.185006" lon="-93.539828"></trkpt><trkpt lat="35.184691" lon="-93.539932"></trkpt><trkpt lat="35.184331" lon="-93.539980"></trkpt><trkpt lat="35.183971" lon="-93.540082"></trkpt><trkpt lat="35.183658" lon="-93.540021"></trkpt><trkpt lat="35.183253" lon="-93.540123"></trkpt><trkpt lat="35.182891" lon="-93.540389"></trkpt><trkpt lat="35.182620" lon="-93.540493"></trkpt><trkpt lat="35.182172" lon="-93.540485"></trkpt><trkpt lat="35.182036" lon="-93.540592"></trkpt><trkpt lat="35.181630" lon="-93.540748"></trkpt><trkpt lat="35.181449" lon="-93.540854"></trkpt><trkpt lat="35.181179" lon="-93.540903"></trkpt><trkpt lat="35.180970" lon="-93.540890"></trkpt><trkpt lat="35.180745" lon="-93.540940"></trkpt><trkpt lat="35.180433" lon="-93.540825"></trkpt><trkpt lat="35.179981" lon="-93.541035"></trkpt><trkpt lat="35.179618" lon="-93.541356"></trkpt><trkpt lat="35.179395" lon="-93.541297"></trkpt><trkpt lat="35.179306" lon="-93.541186"></trkpt><trkpt lat="35.178995" lon="-93.541016"></trkpt><trkpt lat="35.178772" lon="-93.540848"></trkpt><trkpt lat="35.178460" lon="-93.540733"></trkpt><trkpt lat="35.178191" lon="-93.540728"></trkpt><trkpt lat="35.178058" lon="-93.540616"></trkpt><trkpt lat="35.177793" lon="-93.540228"></trkpt><trkpt lat="35.177615" lon="-93.540170"></trkpt><trkpt lat="35.177345" lon="-93.540220"></trkpt><trkpt lat="35.177029" lon="-93.540378"></trkpt><trkpt lat="35.176892" lon="-93.540539"></trkpt><trkpt lat="35.176435" lon="-93.541241"></trkpt><trkpt lat="35.176297" lon="-93.541511"></trkpt><trkpt lat="35.176160" lon="-93.541673"></trkpt><trkpt lat="35.175979" lon="-93.541778"></trkpt><trkpt lat="35.175126" lon="-93.541871"></trkpt><trkpt lat="35.174509" lon="-93.542124"></trkpt><trkpt lat="35.174416" lon="-93.542395"></trkpt><trkpt lat="35.174456" lon="-93.542778"></trkpt><trkpt lat="35.174363" lon="-93.543050"></trkpt><trkpt lat="35.174179" lon="-93.543374"></trkpt><trkpt lat="35.173943" lon="-93.544298"></trkpt><trkpt lat="35.173891" lon="-93.544844"></trkpt><trkpt lat="35.173708" lon="-93.545113"></trkpt><trkpt lat="35.173432" lon="-93.545655"></trkpt><trkpt lat="35.173161" lon="-93.545759"></trkpt><trkpt lat="35.172708" lon="-93.546132"></trkpt><trkpt lat="35.172348" lon="-93.546180"></trkpt><trkpt lat="35.172035" lon="-93.546174"></trkpt><trkpt lat="35.171495" lon="-93.546273"></trkpt><trkpt lat="35.171359" lon="-93.546380"></trkpt><trkpt lat="35.171133" lon="-93.546485"></trkpt><trkpt lat="35.170954" lon="-93.546481"></trkpt><trkpt lat="35.170775" lon="-93.546423"></trkpt><trkpt lat="35.170465" lon="-93.546144"></trkpt><trkpt lat="35.170242" lon="-93.546031"></trkpt><trkpt lat="35.169973" lon="-93.546026"></trkpt><trkpt lat="35.169794" lon="-93.545968"></trkpt><trkpt lat="35.169351" lon="-93.545522"></trkpt><trkpt lat="35.169264" lon="-93.545356"></trkpt><trkpt lat="35.169057" lon="-93.545125"></trkpt><trkpt lat="35.168970" lon="-93.544905"></trkpt><trkpt lat="35.168838" lon="-93.544738"></trkpt><trkpt lat="35.168438" lon="-93.544457"></trkpt><trkpt lat="35.168125" lon="-93.544397"></trkpt><trkpt lat="35.167900" lon="-93.544447"></trkpt><trkpt lat="35.167808" lon="-93.544609"></trkpt><trkpt lat="35.167759" lon="-93.544882"></trkpt><trkpt lat="35.167573" lon="-93.545424"></trkpt><trkpt lat="35.167569" lon="-93.545697"></trkpt><trkpt lat="35.167431" lon="-93.546023"></trkpt><trkpt lat="35.167197" lon="-93.546728"></trkpt><trkpt lat="35.167061" lon="-93.546890"></trkpt><trkpt lat="35.166834" lon="-93.547049"></trkpt><trkpt lat="35.166697" lon="-93.547265"></trkpt><trkpt lat="35.166604" lon="-93.547482"></trkpt><trkpt lat="35.166513" lon="-93.547589"></trkpt><trkpt lat="35.165925" lon="-93.547946"></trkpt><trkpt lat="35.165831" lon="-93.548499"></trkpt><trkpt lat="35.165670" lon="-93.548713"></trkpt><trkpt lat="35.165547" lon="-93.549024"></trkpt><trkpt lat="35.165183" lon="-93.549548"></trkpt><trkpt lat="35.164856" lon="-93.549816"></trkpt><trkpt lat="35.163483" lon="-93.550046"></trkpt><trkpt lat="35.162850" lon="-93.549985"></trkpt><trkpt lat="35.162272" lon="-93.550111"></trkpt><trkpt lat="35.161421" lon="-93.550175"></trkpt><trkpt lat="35.160824" lon="-93.550357"></trkpt><trkpt lat="35.160402" lon="-93.550435"></trkpt><trkpt lat="35.160097" lon="-93.550678"></trkpt><trkpt lat="35.159525" lon="-93.550799"></trkpt><trkpt lat="35.159226" lon="-93.550942"></trkpt><trkpt lat="35.159002" lon="-93.551118"></trkpt><trkpt lat="35.158645" lon="-93.551135"></trkpt><trkpt lat="35.158052" lon="-93.550873"></trkpt><trkpt lat="35.157386" lon="-93.550460"></trkpt><trkpt lat="35.156613" lon="-93.550173"></trkpt></trkseg></trk><trk><name>T045 BR5F828</name><trkseg><trkpt lat="36.914899" lon="-93.074481"></trkpt><trkpt lat="36.915043" lon="-93.074951"></trkpt><trkpt lat="36.915125" lon="-93.075147"></trkpt><trkpt lat="36.915250" lon="-93.075334"></trkpt><trkpt lat="36.915599" lon="-93.075570"></trkpt><trkpt lat="36.915937" lon="-93.075858"></trkpt><trkpt lat="36.916506" lon="-93.076583"></trkpt><trkpt lat="36.916917" lon="-93.077200"></trkpt><trkpt lat="36.917286" lon="-93.077512"></trkpt><trkpt lat="36.917480" lon="-93.077577"></trkpt><trkpt lat="36.917965" lon="-93.077645"></trkpt><trkpt lat="36.918189" lon="-93.077620"></trkpt><trkpt lat="36.918375" lon="-93.077539"></trkpt><trkpt lat="36.918721" lon="-93.077287"></trkpt><trkpt lat="36.918941" lon="-93.077199"></trkpt><trkpt lat="36.919182" lon="-93.077166"></trkpt><trkpt lat="36.919398" lon="-93.077265"></trkpt><trkpt lat="36.919556" lon="-93.077451"></trkpt><trkpt lat="36.919892" lon="-93.078078"></trkpt><trkpt lat="36.920242" lon="-93.078588"></trkpt><trkpt lat="36.920884" lon="-93.079365"></trkpt><trkpt lat="36.920981" lon="-93.079525"></trkpt><trkpt lat="36.921158" lon="-93.080167"></trkpt><trkpt lat="36.921133" lon="-93.080677"></trkpt><trkpt lat="36.921159" lon="-93.080926"></trkpt><trkpt lat="36.921416" lon="-93.081559"></trkpt><trkpt lat="36.921503" lon="-93.082010"></trkpt><trkpt lat="36.921933" lon="-93.082648"></trkpt><trkpt lat="36.922247" lon="-93.082920"></trkpt><trkpt lat="36.922591" lon="-93.083153"></trkpt><trkpt lat="36.922959" lon="-93.083322"></trkpt><trkpt lat="36.923087" lon="-93.083515"></trkpt><trkpt lat="36.923214" lon="-93.083946"></trkpt><trkpt lat="36.923230" lon="-93.084133"></trkpt><trkpt lat="36.923373" lon="-93.084459"></trkpt><trkpt lat="36.923514" lon="-93.085006"></trkpt><trkpt lat="36.923785" lon="-93.086402"></trkpt><trkpt lat="36.923946" lon="-93.086589"></trkpt><trkpt lat="36.923960" lon="-93.086761"></trkpt><trkpt lat="36.924045" lon="-93.086961"></trkpt><trkpt lat="36.924104" lon="-93.086964"></trkpt><trkpt lat="36.924159" lon="-93.086900"></trkpt><trkpt lat="36.924216" lon="-93.086891"></trkpt><trkpt lat="36.924369" lon="-93.087035"></trkpt><trkpt lat="36.924431" lon="-93.087589"></trkpt><trkpt lat="36.924494" lon="-93.087777"></trkpt><trkpt lat="36.924467" lon="-93.087834"></trkpt><trkpt lat="36.924552" lon="-93.087985"></trkpt><trkpt lat="36.924618" lon="-93.088040"></trkpt><trkpt lat="36.924686" lon="-93.088188"></trkpt><trkpt lat="36.924724" lon="-93.088446"></trkpt><trkpt lat="36.924687" lon="-93.088603"></trkpt><trkpt lat="36.924760" lon="-93.088763"></trkpt></trkseg></trk><trk><name>T046 BR5F828</name><trkseg><trkpt lat="35.490261" lon="-92.801079"></trkpt><trkpt lat="35.490395" lon="-92.801087"></trkpt><trkpt lat="35.490659" lon="-92.801354"></trkpt><trkpt lat="35.490863" lon="-92.801494"></trkpt><trkpt lat="35.491364" lon="-92.801639"></trkpt><trkpt lat="35.491715" lon="-92.801596"></trkpt><trkpt lat="35.492088" lon="-92.801392"></trkpt><trkpt lat="35.492262" lon="-92.801136"></trkpt><trkpt lat="35.492523" lon="-92.800409"></trkpt><trkpt lat="35.492589" lon="-92.800341"></trkpt><trkpt lat="35.492682" lon="-92.800307"></trkpt><trkpt lat="35.492951" lon="-92.800278"></trkpt><trkpt lat="35.493071" lon="-92.800170"></trkpt><trkpt lat="35.493725" lon="-92.798997"></trkpt><trkpt lat="35.494146" lon="-92.798369"></trkpt><trkpt lat="35.494222" lon="-92.798140"></trkpt><trkpt lat="35.494537" lon="-92.797500"></trkpt><trkpt lat="35.494684" lon="-92.797089"></trkpt><trkpt lat="35.494853" lon="-92.796893"></trkpt><trkpt lat="35.495297" lon="-92.796508"></trkpt><trkpt lat="35.495367" lon="-92.796292"></trkpt><trkpt lat="35.495328" lon="-92.796071"></trkpt><trkpt lat="35.495360" lon="-92.795842"></trkpt><trkpt lat="35.495578" lon="-92.795444"></trkpt><trkpt lat="35.495983" lon="-92.795126"></trkpt><trkpt lat="35.496147" lon="-92.795037"></trkpt><trkpt lat="35.496860" lon="-92.794791"></trkpt><trkpt lat="35.497014" lon="-92.794716"></trkpt><trkpt lat="35.497134" lon="-92.794588"></trkpt><trkpt lat="35.497199" lon="-92.794460"></trkpt><trkpt lat="35.497285" lon="-92.793915"></trkpt><trkpt lat="35.497372" lon="-92.793646"></trkpt><trkpt lat="35.497393" lon="-92.793410"></trkpt><trkpt lat="35.497555" lon="-92.792939"></trkpt><trkpt lat="35.497763" lon="-92.792588"></trkpt><trkpt lat="35.497871" lon="-92.792285"></trkpt><trkpt lat="35.497930" lon="-92.791976"></trkpt><trkpt lat="35.497939" lon="-92.791505"></trkpt><trkpt lat="35.497640" lon="-92.790936"></trkpt><trkpt lat="35.497607" lon="-92.790836"></trkpt><trkpt lat="35.497634" lon="-92.790735"></trkpt><trkpt lat="35.497711" lon="-92.790714"></trkpt><trkpt lat="35.497876" lon="-92.790834"></trkpt><trkpt lat="35.498300" lon="-92.791039"></trkpt><trkpt lat="35.498421" lon="-92.791065"></trkpt><trkpt lat="35.498774" lon="-92.791392"></trkpt><trkpt lat="35.498978" lon="-92.791754"></trkpt><trkpt lat="35.499061" lon="-92.791847"></trkpt><trkpt lat="35.499276" lon="-92.791947"></trkpt><trkpt lat="35.499479" lon="-92.791999"></trkpt><trkpt lat="35.499617" lon="-92.791998"></trkpt><trkpt lat="35.500238" lon="-92.791874"></trkpt><trkpt lat="35.500454" lon="-92.791702"></trkpt><trkpt lat="35.501076" lon="-92.791519"></trkpt><trkpt lat="35.501241" lon="-92.791440"></trkpt><trkpt lat="35.501379" lon="-92.791307"></trkpt><trkpt lat="35.501550" lon="-92.791215"></trkpt><trkpt lat="35.501645" lon="-92.791068"></trkpt><trkpt lat="35.501662" lon="-92.790894"></trkpt><trkpt lat="35.501137" lon="-92.790640"></trkpt><trkpt lat="35.500571" lon="-92.790560"></trkpt><trkpt lat="35.500506" lon="-92.790499"></trkpt><trkpt lat="35.500485" lon="-92.790338"></trkpt><trkpt lat="35.500832" lon="-92.789306"></trkpt><trkpt lat="35.501332" lon="-92.788538"></trkpt><trkpt lat="35.501438" lon="-92.788217"></trkpt><trkpt lat="35.501480" lon="-92.787687"></trkpt><trkpt lat="35.501566" lon="-92.787157"></trkpt><trkpt lat="35.502228" lon="-92.785967"></trkpt><trkpt lat="35.502555" lon="-92.785533"></trkpt><trkpt lat="35.502964" lon="-92.785107"></trkpt><trkpt lat="35.503318" lon="-92.784818"></trkpt><trkpt lat="35.503947" lon="-92.784025"></trkpt><trkpt lat="35.504212" lon="-92.783812"></trkpt><trkpt lat="35.504658" lon="-92.783615"></trkpt><trkpt lat="35.505067" lon="-92.783356"></trkpt><trkpt lat="35.505144" lon="-92.783223"></trkpt><trkpt lat="35.505151" lon="-92.783062"></trkpt><trkpt lat="35.505066" lon="-92.782604"></trkpt><trkpt lat="35.504577" lon="-92.781686"></trkpt><trkpt lat="35.504901" lon="-92.781062"></trkpt><trkpt lat="35.505113" lon="-92.780763"></trkpt><trkpt lat="35.505368" lon="-92.780703"></trkpt></trkseg></trk><trk><name>T047 BR5F828</name><trkseg><trkpt lat="35.572919" lon="-93.082376"></trkpt><trkpt lat="35.573480" lon="-93.081846"></trkpt><trkpt lat="35.573576" lon="-93.081681"></trkpt><trkpt lat="35.573825" lon="-93.081394"></trkpt><trkpt lat="35.574070" lon="-93.081300"></trkpt><trkpt lat="35.574302" lon="-93.081256"></trkpt><trkpt lat="35.574510" lon="-93.081258"></trkpt><trkpt lat="35.574750" lon="-93.081185"></trkpt><trkpt lat="35.575147" lon="-93.081168"></trkpt><trkpt lat="35.575259" lon="-93.081130"></trkpt><trkpt lat="35.575444" lon="-93.081151"></trkpt><trkpt lat="35.575621" lon="-93.081406"></trkpt><trkpt lat="35.575717" lon="-93.081737"></trkpt><trkpt lat="35.575868" lon="-93.081739"></trkpt><trkpt lat="35.576068" lon="-93.081500"></trkpt><trkpt lat="35.576335" lon="-93.081100"></trkpt><trkpt lat="35.576601" lon="-93.080861"></trkpt><trkpt lat="35.577985" lon="-93.080880"></trkpt><trkpt lat="35.578035" lon="-93.080858"></trkpt><trkpt lat="35.578363" lon="-93.080481"></trkpt><trkpt lat="35.578420" lon="-93.080265"></trkpt><trkpt lat="35.578705" lon="-93.079952"></trkpt><trkpt lat="35.579042" lon="-93.079872"></trkpt><trkpt lat="35.579233" lon="-93.079920"></trkpt><trkpt lat="35.579401" lon="-93.079890"></trkpt><trkpt lat="35.579570" lon="-93.079798"></trkpt><trkpt lat="35.579739" lon="-93.079782"></trkpt><trkpt lat="35.580179" lon="-93.079556"></trkpt><trkpt lat="35.580512" lon="-93.079485"></trkpt><trkpt lat="35.580892" lon="-93.079357"></trkpt><trkpt lat="35.581031" lon="-93.079286"></trkpt><trkpt lat="35.581149" lon="-93.079144"></trkpt><trkpt lat="35.581190" lon="-93.078820"></trkpt><trkpt lat="35.581224" lon="-93.078770"></trkpt><trkpt lat="35.581406" lon="-93.078714"></trkpt><trkpt lat="35.581488" lon="-93.079349"></trkpt><trkpt lat="35.581565" lon="-93.079598"></trkpt><trkpt lat="35.581415" lon="-93.080476"></trkpt><trkpt lat="35.581379" lon="-93.080986"></trkpt><trkpt lat="35.581386" lon="-93.081666"></trkpt><trkpt lat="35.581332" lon="-93.082010"></trkpt><trkpt lat="35.581398" lon="-93.082352"></trkpt><trkpt lat="35.581390" lon="-93.082636"></trkpt><trkpt lat="35.581434" lon="-93.082915"></trkpt><trkpt lat="35.581280" lon="-93.084719"></trkpt><trkpt lat="35.581301" lon="-93.084854"></trkpt><trkpt lat="35.581346" lon="-93.084909"></trkpt><trkpt lat="35.581386" lon="-93.084907"></trkpt><trkpt lat="35.581844" lon="-93.084720"></trkpt><trkpt lat="35.581999" lon="-93.084700"></trkpt><trkpt lat="35.582176" lon="-93.084555"></trkpt><trkpt lat="35.582362" lon="-93.084306"></trkpt><trkpt lat="35.582479" lon="-93.084311"></trkpt><trkpt lat="35.582588" lon="-93.084267"></trkpt><trkpt lat="35.582411" lon="-93.083096"></trkpt><trkpt lat="35.582313" lon="-93.082767"></trkpt><trkpt lat="35.582313" lon="-93.082484"></trkpt><trkpt lat="35.582484" lon="-93.082153"></trkpt><trkpt lat="35.582478" lon="-93.081406"></trkpt><trkpt lat="35.582692" lon="-93.080833"></trkpt><trkpt lat="35.582703" lon="-93.080422"></trkpt><trkpt lat="35.582820" lon="-93.079897"></trkpt><trkpt lat="35.582819" lon="-93.079244"></trkpt><trkpt lat="35.583047" lon="-93.078551"></trkpt><trkpt lat="35.583058" lon="-93.078354"></trkpt><trkpt lat="35.583161" lon="-93.078163"></trkpt><trkpt lat="35.583302" lon="-93.078174"></trkpt><trkpt lat="35.583707" lon="-93.078623"></trkpt><trkpt lat="35.583983" lon="-93.079125"></trkpt><trkpt lat="35.584065" lon="-93.079215"></trkpt><trkpt lat="35.584359" lon="-93.079201"></trkpt><trkpt lat="35.584549" lon="-93.079098"></trkpt><trkpt lat="35.584790" lon="-93.078732"></trkpt><trkpt lat="35.584895" lon="-93.078480"></trkpt><trkpt lat="35.584910" lon="-93.078217"></trkpt><trkpt lat="35.584890" lon="-93.077472"></trkpt><trkpt lat="35.584926" lon="-93.077000"></trkpt><trkpt lat="35.584858" lon="-93.076507"></trkpt><trkpt lat="35.584863" lon="-93.076017"></trkpt><trkpt lat="35.585078" lon="-93.075412"></trkpt><trkpt lat="35.585199" lon="-93.075172"></trkpt><trkpt lat="35.585327" lon="-93.074700"></trkpt><trkpt lat="35.585628" lon="-93.073845"></trkpt><trkpt lat="35.585669" lon="-93.073423"></trkpt><trkpt lat="35.585986" lon="-93.072525"></trkpt><trkpt lat="35.586052" lon="-93.072224"></trkpt><trkpt lat="35.586215" lon="-93.071973"></trkpt><trkpt lat="35.586277" lon="-93.071663"></trkpt><trkpt lat="35.586383" lon="-93.071387"></trkpt><trkpt lat="35.586550" lon="-93.070496"></trkpt><trkpt lat="35.586424" lon="-93.070050"></trkpt><trkpt lat="35.586419" lon="-93.069876"></trkpt><trkpt lat="35.586516" lon="-93.069720"></trkpt><trkpt lat="35.586698" lon="-93.069580"></trkpt><trkpt lat="35.586936" lon="-93.069206"></trkpt><trkpt lat="35.587090" lon="-93.069259"></trkpt><trkpt lat="35.587797" lon="-93.069088"></trkpt><trkpt lat="35.588398" lon="-93.069174"></trkpt><trkpt lat="35.588534" lon="-93.069269"></trkpt><trkpt lat="35.588677" lon="-93.069487"></trkpt><trkpt lat="35.588839" lon="-93.069633"></trkpt><trkpt lat="35.589141" lon="-93.069807"></trkpt><trkpt lat="35.589658" lon="-93.070419"></trkpt><trkpt lat="35.589711" lon="-93.070904"></trkpt><trkpt lat="35.590032" lon="-93.071644"></trkpt><trkpt lat="35.590350" lon="-93.071932"></trkpt><trkpt lat="35.590478" lon="-93.071906"></trkpt><trkpt lat="35.590674" lon="-93.071941"></trkpt><trkpt lat="35.590898" lon="-93.072149"></trkpt><trkpt lat="35.591008" lon="-93.072336"></trkpt><trkpt lat="35.590967" lon="-93.072951"></trkpt><trkpt lat="35.590825" lon="-93.073289"></trkpt><trkpt lat="35.590585" lon="-93.073721"></trkpt><trkpt lat="35.590430" lon="-93.074679"></trkpt><trkpt lat="35.590423" lon="-93.074986"></trkpt><trkpt lat="35.590538" lon="-93.075487"></trkpt><trkpt lat="35.590549" lon="-93.075742"></trkpt><trkpt lat="35.590789" lon="-93.076543"></trkpt><trkpt lat="35.590928" lon="-93.076816"></trkpt><trkpt lat="35.591512" lon="-93.077232"></trkpt><trkpt lat="35.591661" lon="-93.077476"></trkpt><trkpt lat="35.591966" lon="-93.077816"></trkpt><trkpt lat="35.592110" lon="-93.078046"></trkpt><trkpt lat="35.592049" lon="-93.078728"></trkpt><trkpt lat="35.591255" lon="-93.079040"></trkpt><trkpt lat="35.590859" lon="-93.079035"></trkpt><trkpt lat="35.590528" lon="-93.079273"></trkpt><trkpt lat="35.590196" lon="-93.079430"></trkpt><trkpt lat="35.589535" lon="-93.079663"></trkpt><trkpt lat="35.589334" lon="-93.080064"></trkpt><trkpt lat="35.588455" lon="-93.082411"></trkpt><trkpt lat="35.588381" lon="-93.082762"></trkpt><trkpt lat="35.588406" lon="-93.082933"></trkpt><trkpt lat="35.588458" lon="-93.083042"></trkpt><trkpt lat="35.588458" lon="-93.083150"></trkpt><trkpt lat="35.588354" lon="-93.084686"></trkpt><trkpt lat="35.588163" lon="-93.085356"></trkpt><trkpt lat="35.588173" lon="-93.085492"></trkpt><trkpt lat="35.588093" lon="-93.085922"></trkpt><trkpt lat="35.588145" lon="-93.086502"></trkpt><trkpt lat="35.588055" lon="-93.086735"></trkpt><trkpt lat="35.587959" lon="-93.086865"></trkpt><trkpt lat="35.588016" lon="-93.087311"></trkpt><trkpt lat="35.587747" lon="-93.087872"></trkpt><trkpt lat="35.587809" lon="-93.088357"></trkpt><trkpt lat="35.587598" lon="-93.089726"></trkpt><trkpt lat="35.587593" lon="-93.090372"></trkpt><trkpt lat="35.587721" lon="-93.090777"></trkpt><trkpt lat="35.587450" lon="-93.091581"></trkpt><trkpt lat="35.587310" lon="-93.092467"></trkpt><trkpt lat="35.586778" lon="-93.092944"></trkpt><trkpt lat="35.586515" lon="-93.092860"></trkpt><trkpt lat="35.585856" lon="-93.092851"></trkpt><trkpt lat="35.585528" lon="-93.092685"></trkpt><trkpt lat="35.585331" lon="-93.092521"></trkpt><trkpt lat="35.585002" lon="-93.092516"></trkpt><trkpt lat="35.583745" lon="-93.092983"></trkpt><trkpt lat="35.583213" lon="-93.093460"></trkpt><trkpt lat="35.583014" lon="-93.093538"></trkpt><trkpt lat="35.583019" lon="-93.093054"></trkpt><trkpt lat="35.582892" lon="-93.092488"></trkpt><trkpt lat="35.582698" lon="-93.092081"></trkpt><trkpt lat="35.582507" lon="-93.091352"></trkpt><trkpt lat="35.582310" lon="-93.091188"></trkpt><trkpt lat="35.582047" lon="-93.091185"></trkpt><trkpt lat="35.582050" lon="-93.090781"></trkpt><trkpt lat="35.581655" lon="-93.090776"></trkpt><trkpt lat="35.581392" lon="-93.090692"></trkpt><trkpt lat="35.581128" lon="-93.090688"></trkpt><trkpt lat="35.580730" lon="-93.090925"></trkpt><trkpt lat="35.580662" lon="-93.091247"></trkpt><trkpt lat="35.580463" lon="-93.091325"></trkpt><trkpt lat="35.580189" lon="-93.091500"></trkpt></trkseg></trk><trk><name>T048 BR5F828</name><trkseg><trkpt lat="35.582588" lon="-93.084267"></trkpt><trkpt lat="35.582774" lon="-93.084209"></trkpt><trkpt lat="35.582794" lon="-93.084146"></trkpt><trkpt lat="35.582824" lon="-93.083791"></trkpt><trkpt lat="35.582805" lon="-93.083467"></trkpt><trkpt lat="35.582832" lon="-93.083384"></trkpt><trkpt lat="35.582926" lon="-93.083263"></trkpt><trkpt lat="35.582969" lon="-93.083259"></trkpt><trkpt lat="35.583029" lon="-93.083293"></trkpt><trkpt lat="35.583118" lon="-93.083453"></trkpt><trkpt lat="35.583193" lon="-93.083916"></trkpt><trkpt lat="35.583187" lon="-93.084060"></trkpt><trkpt lat="35.583271" lon="-93.084371"></trkpt><trkpt lat="35.583364" lon="-93.084994"></trkpt><trkpt lat="35.583517" lon="-93.085721"></trkpt><trkpt lat="35.583466" lon="-93.086059"></trkpt><trkpt lat="35.583487" lon="-93.086445"></trkpt><trkpt lat="35.583440" lon="-93.086758"></trkpt><trkpt lat="35.583465" lon="-93.086965"></trkpt><trkpt lat="35.583430" lon="-93.087275"></trkpt><trkpt lat="35.583403" lon="-93.087391"></trkpt><trkpt lat="35.583160" lon="-93.087583"></trkpt><trkpt lat="35.582712" lon="-93.088391"></trkpt><trkpt lat="35.582329" lon="-93.088727"></trkpt><trkpt lat="35.582208" lon="-93.088985"></trkpt><trkpt lat="35.581891" lon="-93.089269"></trkpt><trkpt lat="35.581710" lon="-93.089289"></trkpt><trkpt lat="35.581573" lon="-93.089440"></trkpt><trkpt lat="35.581494" lon="-93.089618"></trkpt><trkpt lat="35.580958" lon="-93.090175"></trkpt><trkpt lat="35.580055" lon="-93.090597"></trkpt><trkpt lat="35.579967" lon="-93.090723"></trkpt><trkpt lat="35.579936" lon="-93.091010"></trkpt><trkpt lat="35.580140" lon="-93.091237"></trkpt><trkpt lat="35.580182" lon="-93.091505"></trkpt><trkpt lat="35.580151" lon="-93.092140"></trkpt><trkpt lat="35.580189" lon="-93.092477"></trkpt><trkpt lat="35.580174" lon="-93.092627"></trkpt><trkpt lat="35.580080" lon="-93.092985"></trkpt><trkpt lat="35.579797" lon="-93.093523"></trkpt><trkpt lat="35.579619" lon="-93.094204"></trkpt><trkpt lat="35.579684" lon="-93.094941"></trkpt><trkpt lat="35.579584" lon="-93.095142"></trkpt><trkpt lat="35.579535" lon="-93.095447"></trkpt><trkpt lat="35.579208" lon="-93.096038"></trkpt><trkpt lat="35.579089" lon="-93.096399"></trkpt><trkpt lat="35.579072" lon="-93.096794"></trkpt><trkpt lat="35.579167" lon="-93.097097"></trkpt><trkpt lat="35.579144" lon="-93.097388"></trkpt><trkpt lat="35.579164" lon="-93.097522"></trkpt><trkpt lat="35.579254" lon="-93.097707"></trkpt><trkpt lat="35.579296" lon="-93.097958"></trkpt><trkpt lat="35.579581" lon="-93.098328"></trkpt><trkpt lat="35.579741" lon="-93.098677"></trkpt><trkpt lat="35.579836" lon="-93.098955"></trkpt><trkpt lat="35.579878" lon="-93.099404"></trkpt><trkpt lat="35.579772" lon="-93.099691"></trkpt><trkpt lat="35.579600" lon="-93.099930"></trkpt><trkpt lat="35.579295" lon="-93.100192"></trkpt></trkseg></trk><trk><name>T049 BR5F828</name><trkseg><trkpt lat="35.582928" lon="-93.071024"></trkpt><trkpt lat="35.583037" lon="-93.071504"></trkpt><trkpt lat="35.583166" lon="-93.071861"></trkpt><trkpt lat="35.583187" lon="-93.072138"></trkpt><trkpt lat="35.583123" lon="-93.072292"></trkpt><trkpt lat="35.582909" lon="-93.072527"></trkpt><trkpt lat="35.582625" lon="-93.072751"></trkpt><trkpt lat="35.582542" lon="-93.072915"></trkpt><trkpt lat="35.582470" lon="-93.072967"></trkpt><trkpt lat="35.582153" lon="-93.074328"></trkpt><trkpt lat="35.582157" lon="-93.074768"></trkpt><trkpt lat="35.581953" lon="-93.076080"></trkpt><trkpt lat="35.581694" lon="-93.077067"></trkpt><trkpt lat="35.581702" lon="-93.077721"></trkpt><trkpt lat="35.581457" lon="-93.078457"></trkpt><trkpt lat="35.581406" lon="-93.078714"></trkpt></trkseg></trk><trk><name>T050 BR5F828</name><trkseg><trkpt lat="35.569420" lon="-93.079598"></trkpt><trkpt lat="35.569819" lon="-93.079775"></trkpt><trkpt lat="35.570744" lon="-93.080087"></trkpt><trkpt lat="35.571759" lon="-93.080204"></trkpt><trkpt lat="35.572046" lon="-93.080029"></trkpt><trkpt lat="35.572185" lon="-93.079876"></trkpt><trkpt lat="35.572140" lon="-93.079675"></trkpt><trkpt lat="35.572029" lon="-93.079493"></trkpt><trkpt lat="35.572034" lon="-93.079343"></trkpt><trkpt lat="35.572079" lon="-93.079238"></trkpt><trkpt lat="35.572076" lon="-93.079019"></trkpt><trkpt lat="35.572305" lon="-93.078354"></trkpt><trkpt lat="35.572355" lon="-93.077965"></trkpt><trkpt lat="35.572574" lon="-93.077061"></trkpt><trkpt lat="35.572624" lon="-93.076477"></trkpt><trkpt lat="35.572608" lon="-93.076372"></trkpt><trkpt lat="35.572536" lon="-93.076141"></trkpt><trkpt lat="35.572039" lon="-93.075623"></trkpt><trkpt lat="35.571838" lon="-93.075365"></trkpt><trkpt lat="35.571400" lon="-93.074578"></trkpt><trkpt lat="35.571112" lon="-93.074301"></trkpt><trkpt lat="35.570944" lon="-93.074051"></trkpt><trkpt lat="35.570841" lon="-93.073625"></trkpt><trkpt lat="35.570869" lon="-93.073457"></trkpt><trkpt lat="35.570973" lon="-93.073351"></trkpt><trkpt lat="35.571099" lon="-93.073338"></trkpt><trkpt lat="35.571856" lon="-93.073769"></trkpt><trkpt lat="35.572240" lon="-93.073872"></trkpt><trkpt lat="35.572491" lon="-93.073866"></trkpt><trkpt lat="35.572801" lon="-93.073808"></trkpt><trkpt lat="35.573201" lon="-93.073521"></trkpt><trkpt lat="35.573471" lon="-93.073079"></trkpt><trkpt lat="35.573939" lon="-93.072469"></trkpt><trkpt lat="35.574524" lon="-93.070993"></trkpt><trkpt lat="35.574774" lon="-93.070715"></trkpt><trkpt lat="35.574944" lon="-93.070631"></trkpt><trkpt lat="35.575053" lon="-93.070515"></trkpt><trkpt lat="35.575449" lon="-93.069987"></trkpt><trkpt lat="35.575580" lon="-93.069428"></trkpt><trkpt lat="35.575566" lon="-93.069035"></trkpt><trkpt lat="35.575599" lon="-93.068600"></trkpt><trkpt lat="35.575986" lon="-93.068506"></trkpt><trkpt lat="35.576448" lon="-93.068512"></trkpt><trkpt lat="35.576774" lon="-93.068839"></trkpt><trkpt lat="35.577037" lon="-93.068923"></trkpt><trkpt lat="35.577166" lon="-93.069328"></trkpt><trkpt lat="35.577887" lon="-93.069741"></trkpt><trkpt lat="35.578412" lon="-93.069991"></trkpt><trkpt lat="35.578939" lon="-93.070078"></trkpt><trkpt lat="35.579529" lon="-93.070490"></trkpt><trkpt lat="35.580187" lon="-93.070660"></trkpt><trkpt lat="35.580648" lon="-93.070747"></trkpt><trkpt lat="35.581043" lon="-93.070752"></trkpt><trkpt lat="35.581305" lon="-93.070917"></trkpt><trkpt lat="35.581833" lon="-93.070924"></trkpt><trkpt lat="35.582754" lon="-93.071178"></trkpt><trkpt lat="35.582925" lon="-93.071014"></trkpt><trkpt lat="35.583289" lon="-93.071028"></trkpt><trkpt lat="35.583562" lon="-93.070961"></trkpt><trkpt lat="35.584292" lon="-93.070542"></trkpt><trkpt lat="35.584519" lon="-93.070500"></trkpt><trkpt lat="35.584721" lon="-93.070517"></trkpt><trkpt lat="35.584944" lon="-93.070599"></trkpt><trkpt lat="35.585100" lon="-93.070707"></trkpt><trkpt lat="35.585604" lon="-93.070852"></trkpt><trkpt lat="35.585881" lon="-93.071060"></trkpt><trkpt lat="35.586105" lon="-93.071151"></trkpt><trkpt lat="35.586383" lon="-93.071387"></trkpt></trkseg></trk><trk><name>T051 BR5F828</name><trkseg><trkpt lat="35.508872" lon="-92.813988"></trkpt><trkpt lat="35.508960" lon="-92.814442"></trkpt><trkpt lat="35.509078" lon="-92.814659"></trkpt><trkpt lat="35.509604" lon="-92.815259"></trkpt><trkpt lat="35.509631" lon="-92.815361"></trkpt><trkpt lat="35.510135" lon="-92.815967"></trkpt><trkpt lat="35.510313" lon="-92.816280"></trkpt><trkpt lat="35.510407" lon="-92.816664"></trkpt><trkpt lat="35.510398" lon="-92.816984"></trkpt><trkpt lat="35.510762" lon="-92.817418"></trkpt><trkpt lat="35.510558" lon="-92.817606"></trkpt><trkpt lat="35.510499" lon="-92.818002"></trkpt><trkpt lat="35.510089" lon="-92.818171"></trkpt><trkpt lat="35.509427" lon="-92.818182"></trkpt><trkpt lat="35.508812" lon="-92.818388"></trkpt><trkpt lat="35.508609" lon="-92.818288"></trkpt><trkpt lat="35.508083" lon="-92.818185"></trkpt><trkpt lat="35.507901" lon="-92.818269"></trkpt><trkpt lat="35.507418" lon="-92.818221"></trkpt><trkpt lat="35.507275" lon="-92.818259"></trkpt><trkpt lat="35.507126" lon="-92.818350"></trkpt><trkpt lat="35.506959" lon="-92.818556"></trkpt><trkpt lat="35.506634" lon="-92.818624"></trkpt><trkpt lat="35.506311" lon="-92.818545"></trkpt><trkpt lat="35.506257" lon="-92.818470"></trkpt><trkpt lat="35.506104" lon="-92.818373"></trkpt><trkpt lat="35.505456" lon="-92.818369"></trkpt><trkpt lat="35.505378" lon="-92.818449"></trkpt><trkpt lat="35.505268" lon="-92.818480"></trkpt><trkpt lat="35.505114" lon="-92.818451"></trkpt><trkpt lat="35.505071" lon="-92.818390"></trkpt><trkpt lat="35.505011" lon="-92.818368"></trkpt><trkpt lat="35.504818" lon="-92.818432"></trkpt><trkpt lat="35.504681" lon="-92.818444"></trkpt><trkpt lat="35.504599" lon="-92.818415"></trkpt><trkpt lat="35.504495" lon="-92.818367"></trkpt><trkpt lat="35.504424" lon="-92.818278"></trkpt><trkpt lat="35.504258" lon="-92.817912"></trkpt><trkpt lat="35.504172" lon="-92.817790"></trkpt><trkpt lat="35.503676" lon="-92.817425"></trkpt><trkpt lat="35.503490" lon="-92.816844"></trkpt><trkpt lat="35.503360" lon="-92.816727"></trkpt><trkpt lat="35.503156" lon="-92.816620"></trkpt><trkpt lat="35.503267" lon="-92.816397"></trkpt><trkpt lat="35.503239" lon="-92.816295"></trkpt><trkpt lat="35.503379" lon="-92.816094"></trkpt><trkpt lat="35.503680" lon="-92.815404"></trkpt><trkpt lat="35.503772" lon="-92.814744"></trkpt><trkpt lat="35.503642" lon="-92.814656"></trkpt><trkpt lat="35.503496" lon="-92.814672"></trkpt><trkpt lat="35.503291" lon="-92.814759"></trkpt><trkpt lat="35.503130" lon="-92.814776"></trkpt><trkpt lat="35.502999" lon="-92.814721"></trkpt><trkpt lat="35.502809" lon="-92.814772"></trkpt><trkpt lat="35.502518" lon="-92.814698"></trkpt><trkpt lat="35.502387" lon="-92.814625"></trkpt><trkpt lat="35.502141" lon="-92.814302"></trkpt><trkpt lat="35.502231" lon="-92.813982"></trkpt><trkpt lat="35.502569" lon="-92.813664"></trkpt><trkpt lat="35.502629" lon="-92.813432"></trkpt><trkpt lat="35.502661" lon="-92.812897"></trkpt><trkpt lat="35.502999" lon="-92.812615"></trkpt><trkpt lat="35.503365" lon="-92.812459"></trkpt><trkpt lat="35.503498" lon="-92.812121"></trkpt><trkpt lat="35.503325" lon="-92.811923"></trkpt><trkpt lat="35.502986" lon="-92.811940"></trkpt><trkpt lat="35.502837" lon="-92.811909"></trkpt><trkpt lat="35.502696" lon="-92.811756"></trkpt><trkpt lat="35.502393" lon="-92.811780"></trkpt><trkpt lat="35.502148" lon="-92.811687"></trkpt><trkpt lat="35.501789" lon="-92.811407"></trkpt><trkpt lat="35.501595" lon="-92.811209"></trkpt><trkpt lat="35.501338" lon="-92.811118"></trkpt><trkpt lat="35.500577" lon="-92.810716"></trkpt><trkpt lat="35.500165" lon="-92.810285"></trkpt><trkpt lat="35.500070" lon="-92.810295"></trkpt><trkpt lat="35.499698" lon="-92.810481"></trkpt><trkpt lat="35.499396" lon="-92.810515"></trkpt><trkpt lat="35.499226" lon="-92.810425"></trkpt><trkpt lat="35.499132" lon="-92.810425"></trkpt><trkpt lat="35.499069" lon="-92.811134"></trkpt><trkpt lat="35.498966" lon="-92.811839"></trkpt><trkpt lat="35.499053" lon="-92.812381"></trkpt><trkpt lat="35.499083" lon="-92.813441"></trkpt><trkpt lat="35.499189" lon="-92.814823"></trkpt><trkpt lat="35.499182" lon="-92.815377"></trkpt><trkpt lat="35.499122" lon="-92.815697"></trkpt><trkpt lat="35.498726" lon="-92.816790"></trkpt><trkpt lat="35.498514" lon="-92.817287"></trkpt><trkpt lat="35.498082" lon="-92.817983"></trkpt><trkpt lat="35.497970" lon="-92.818029"></trkpt><trkpt lat="35.497880" lon="-92.818200"></trkpt><trkpt lat="35.497702" lon="-92.818987"></trkpt><trkpt lat="35.497495" lon="-92.819391"></trkpt><trkpt lat="35.497491" lon="-92.819727"></trkpt><trkpt lat="35.497179" lon="-92.820159"></trkpt><trkpt lat="35.497000" lon="-92.820550"></trkpt><trkpt lat="35.496985" lon="-92.821108"></trkpt><trkpt lat="35.496915" lon="-92.821410"></trkpt><trkpt lat="35.496938" lon="-92.821686"></trkpt><trkpt lat="35.497060" lon="-92.821954"></trkpt><trkpt lat="35.497066" lon="-92.822075"></trkpt><trkpt lat="35.496952" lon="-92.822391"></trkpt><trkpt lat="35.496953" lon="-92.822499"></trkpt><trkpt lat="35.496904" lon="-92.822647"></trkpt><trkpt lat="35.496855" lon="-92.822714"></trkpt><trkpt lat="35.496411" lon="-92.823053"></trkpt><trkpt lat="35.496346" lon="-92.823235"></trkpt><trkpt lat="35.496298" lon="-92.823611"></trkpt><trkpt lat="35.496327" lon="-92.823900"></trkpt><trkpt lat="35.496234" lon="-92.824109"></trkpt><trkpt lat="35.496054" lon="-92.824291"></trkpt><trkpt lat="35.495807" lon="-92.824380"></trkpt><trkpt lat="35.495610" lon="-92.824529"></trkpt><trkpt lat="35.495353" lon="-92.824846"></trkpt><trkpt lat="35.495124" lon="-92.825352"></trkpt><trkpt lat="35.494911" lon="-92.825716"></trkpt><trkpt lat="35.494890" lon="-92.825837"></trkpt><trkpt lat="35.494930" lon="-92.826159"></trkpt><trkpt lat="35.494805" lon="-92.826529"></trkpt><trkpt lat="35.494717" lon="-92.826705"></trkpt><trkpt lat="35.494472" lon="-92.827042"></trkpt><trkpt lat="35.494265" lon="-92.827446"></trkpt><trkpt lat="35.494113" lon="-92.827931"></trkpt><trkpt lat="35.494125" lon="-92.828164"></trkpt><trkpt lat="35.494209" lon="-92.828623"></trkpt><trkpt lat="35.494116" lon="-92.828771"></trkpt><trkpt lat="35.494107" lon="-92.828905"></trkpt><trkpt lat="35.494211" lon="-92.829173"></trkpt><trkpt lat="35.494171" lon="-92.829611"></trkpt><trkpt lat="35.494107" lon="-92.829583"></trkpt><trkpt lat="35.493901" lon="-92.829623"></trkpt><trkpt lat="35.493525" lon="-92.829751"></trkpt><trkpt lat="35.493266" lon="-92.830159"></trkpt><trkpt lat="35.493089" lon="-92.830234"></trkpt><trkpt lat="35.492140" lon="-92.830175"></trkpt><trkpt lat="35.491548" lon="-92.829891"></trkpt><trkpt lat="35.491401" lon="-92.830069"></trkpt><trkpt lat="35.491402" lon="-92.830368"></trkpt><trkpt lat="35.491349" lon="-92.830695"></trkpt><trkpt lat="35.491113" lon="-92.830913"></trkpt><trkpt lat="35.491065" lon="-92.831115"></trkpt><trkpt lat="35.490535" lon="-92.832068"></trkpt><trkpt lat="35.490252" lon="-92.832262"></trkpt><trkpt lat="35.489961" lon="-92.832110"></trkpt><trkpt lat="35.490082" lon="-92.831841"></trkpt><trkpt lat="35.489981" lon="-92.831683"></trkpt><trkpt lat="35.489634" lon="-92.831998"></trkpt><trkpt lat="35.489509" lon="-92.832157"></trkpt><trkpt lat="35.489426" lon="-92.832069"></trkpt><trkpt lat="35.489423" lon="-92.831892"></trkpt><trkpt lat="35.489491" lon="-92.831758"></trkpt><trkpt lat="35.489772" lon="-92.831440"></trkpt><trkpt lat="35.489836" lon="-92.831174"></trkpt><trkpt lat="35.489776" lon="-92.830577"></trkpt><trkpt lat="35.489685" lon="-92.830178"></trkpt><trkpt lat="35.489556" lon="-92.830021"></trkpt><trkpt lat="35.489226" lon="-92.829733"></trkpt><trkpt lat="35.489222" lon="-92.829653"></trkpt><trkpt lat="35.489331" lon="-92.829484"></trkpt><trkpt lat="35.489646" lon="-92.828756"></trkpt><trkpt lat="35.489731" lon="-92.827985"></trkpt><trkpt lat="35.489673" lon="-92.827726"></trkpt><trkpt lat="35.489747" lon="-92.827348"></trkpt><trkpt lat="35.489698" lon="-92.826773"></trkpt><trkpt lat="35.489765" lon="-92.826468"></trkpt><trkpt lat="35.489767" lon="-92.826260"></trkpt><trkpt lat="35.489607" lon="-92.825682"></trkpt><trkpt lat="35.489613" lon="-92.825255"></trkpt><trkpt lat="35.489478" lon="-92.824936"></trkpt><trkpt lat="35.489484" lon="-92.824787"></trkpt><trkpt lat="35.489577" lon="-92.824426"></trkpt><trkpt lat="35.489565" lon="-92.824197"></trkpt><trkpt lat="35.489353" lon="-92.823800"></trkpt><trkpt lat="35.489183" lon="-92.823014"></trkpt><trkpt lat="35.489027" lon="-92.822645"></trkpt><trkpt lat="35.489021" lon="-92.822422"></trkpt><trkpt lat="35.489046" lon="-92.822267"></trkpt><trkpt lat="35.489418" lon="-92.821632"></trkpt><trkpt lat="35.489445" lon="-92.821524"></trkpt><trkpt lat="35.489378" lon="-92.821150"></trkpt><trkpt lat="35.489380" lon="-92.820936"></trkpt><trkpt lat="35.489528" lon="-92.820655"></trkpt><trkpt lat="35.489622" lon="-92.820289"></trkpt><trkpt lat="35.489918" lon="-92.819899"></trkpt><trkpt lat="35.489970" lon="-92.819776"></trkpt><trkpt lat="35.490052" lon="-92.818687"></trkpt><trkpt lat="35.489931" lon="-92.817721"></trkpt><trkpt lat="35.489936" lon="-92.817604"></trkpt><trkpt lat="35.490025" lon="-92.817308"></trkpt><trkpt lat="35.490036" lon="-92.817093"></trkpt><trkpt lat="35.489937" lon="-92.816781"></trkpt><trkpt lat="35.489917" lon="-92.816503"></trkpt><trkpt lat="35.489794" lon="-92.816267"></trkpt><trkpt lat="35.489844" lon="-92.815686"></trkpt><trkpt lat="35.489725" lon="-92.815435"></trkpt><trkpt lat="35.489703" lon="-92.815153"></trkpt><trkpt lat="35.489661" lon="-92.815026"></trkpt><trkpt lat="35.489300" lon="-92.814305"></trkpt><trkpt lat="35.489186" lon="-92.814172"></trkpt><trkpt lat="35.488898" lon="-92.814095"></trkpt><trkpt lat="35.488835" lon="-92.814051"></trkpt></trkseg></trk><trk><name>T052 BR5F828</name><trkseg><trkpt lat="35.499085" lon="-92.812719"></trkpt><trkpt lat="35.499207" lon="-92.812670"></trkpt><trkpt lat="35.499427" lon="-92.812710"></trkpt><trkpt lat="35.499733" lon="-92.813069"></trkpt><trkpt lat="35.499767" lon="-92.813336"></trkpt><trkpt lat="35.500132" lon="-92.813608"></trkpt><trkpt lat="35.500193" lon="-92.813723"></trkpt><trkpt lat="35.500092" lon="-92.814014"></trkpt><trkpt lat="35.499958" lon="-92.814089"></trkpt><trkpt lat="35.499841" lon="-92.814534"></trkpt><trkpt lat="35.499752" lon="-92.814754"></trkpt><trkpt lat="35.499550" lon="-92.815083"></trkpt><trkpt lat="35.499477" lon="-92.815794"></trkpt><trkpt lat="35.499430" lon="-92.817257"></trkpt><trkpt lat="35.499352" lon="-92.817597"></trkpt><trkpt lat="35.499209" lon="-92.817697"></trkpt><trkpt lat="35.498939" lon="-92.817739"></trkpt><trkpt lat="35.498646" lon="-92.817938"></trkpt><trkpt lat="35.498574" lon="-92.818155"></trkpt><trkpt lat="35.498695" lon="-92.818376"></trkpt><trkpt lat="35.499069" lon="-92.818426"></trkpt><trkpt lat="35.499241" lon="-92.818308"></trkpt><trkpt lat="35.499562" lon="-92.818329"></trkpt><trkpt lat="35.499849" lon="-92.818530"></trkpt><trkpt lat="35.499901" lon="-92.818656"></trkpt><trkpt lat="35.499893" lon="-92.818824"></trkpt><trkpt lat="35.499802" lon="-92.818942"></trkpt><trkpt lat="35.499705" lon="-92.819009"></trkpt><trkpt lat="35.499481" lon="-92.819026"></trkpt><trkpt lat="35.499314" lon="-92.819108"></trkpt><trkpt lat="35.499094" lon="-92.819355"></trkpt><trkpt lat="35.499077" lon="-92.819489"></trkpt><trkpt lat="35.499215" lon="-92.819732"></trkpt><trkpt lat="35.499372" lon="-92.819783"></trkpt><trkpt lat="35.499431" lon="-92.819846"></trkpt><trkpt lat="35.499556" lon="-92.819799"></trkpt><trkpt lat="35.499725" lon="-92.819899"></trkpt><trkpt lat="35.499735" lon="-92.819970"></trkpt><trkpt lat="35.499612" lon="-92.820511"></trkpt><trkpt lat="35.499526" lon="-92.820718"></trkpt><trkpt lat="35.499369" lon="-92.820825"></trkpt><trkpt lat="35.499340" lon="-92.820895"></trkpt><trkpt lat="35.499212" lon="-92.820974"></trkpt><trkpt lat="35.498961" lon="-92.821231"></trkpt><trkpt lat="35.498640" lon="-92.821246"></trkpt><trkpt lat="35.498542" lon="-92.821544"></trkpt><trkpt lat="35.498351" lon="-92.821825"></trkpt><trkpt lat="35.498301" lon="-92.822001"></trkpt><trkpt lat="35.498421" lon="-92.822068"></trkpt><trkpt lat="35.498592" lon="-92.822227"></trkpt><trkpt lat="35.498727" lon="-92.822422"></trkpt><trkpt lat="35.498771" lon="-92.822568"></trkpt><trkpt lat="35.498665" lon="-92.822804"></trkpt><trkpt lat="35.498531" lon="-92.822837"></trkpt><trkpt lat="35.498475" lon="-92.822819"></trkpt><trkpt lat="35.498292" lon="-92.822877"></trkpt><trkpt lat="35.498138" lon="-92.822845"></trkpt><trkpt lat="35.497999" lon="-92.822954"></trkpt><trkpt lat="35.497882" lon="-92.823189"></trkpt><trkpt lat="35.497720" lon="-92.823400"></trkpt><trkpt lat="35.497674" lon="-92.823715"></trkpt><trkpt lat="35.497570" lon="-92.823887"></trkpt><trkpt lat="35.497337" lon="-92.824044"></trkpt><trkpt lat="35.497263" lon="-92.824268"></trkpt><trkpt lat="35.496962" lon="-92.824138"></trkpt><trkpt lat="35.496926" lon="-92.824179"></trkpt><trkpt lat="35.496942" lon="-92.824622"></trkpt><trkpt lat="35.496765" lon="-92.825051"></trkpt><trkpt lat="35.496614" lon="-92.825181"></trkpt><trkpt lat="35.496510" lon="-92.825208"></trkpt><trkpt lat="35.496256" lon="-92.825138"></trkpt><trkpt lat="35.496018" lon="-92.825208"></trkpt><trkpt lat="35.495796" lon="-92.825718"></trkpt><trkpt lat="35.495665" lon="-92.826138"></trkpt><trkpt lat="35.495492" lon="-92.826280"></trkpt><trkpt lat="35.495396" lon="-92.826563"></trkpt><trkpt lat="35.495286" lon="-92.826712"></trkpt><trkpt lat="35.495238" lon="-92.826887"></trkpt><trkpt lat="35.495086" lon="-92.827159"></trkpt><trkpt lat="35.495151" lon="-92.827459"></trkpt><trkpt lat="35.495129" lon="-92.827835"></trkpt><trkpt lat="35.495240" lon="-92.828042"></trkpt><trkpt lat="35.495462" lon="-92.828645"></trkpt><trkpt lat="35.495467" lon="-92.828989"></trkpt><trkpt lat="35.495400" lon="-92.829091"></trkpt><trkpt lat="35.495298" lon="-92.829103"></trkpt><trkpt lat="35.495096" lon="-92.829046"></trkpt><trkpt lat="35.495030" lon="-92.829061"></trkpt><trkpt lat="35.494834" lon="-92.829449"></trkpt><trkpt lat="35.494634" lon="-92.829468"></trkpt><trkpt lat="35.494504" lon="-92.829599"></trkpt><trkpt lat="35.494348" lon="-92.829649"></trkpt><trkpt lat="35.494171" lon="-92.829611"></trkpt></trkseg></trk><trk><name>T053 BR5F828</name><trkseg><trkpt lat="36.879862" lon="-93.115545"></trkpt><trkpt lat="36.879693" lon="-93.115495"></trkpt><trkpt lat="36.879303" lon="-93.115261"></trkpt><trkpt lat="36.879118" lon="-93.115255"></trkpt><trkpt lat="36.878915" lon="-93.115196"></trkpt><trkpt lat="36.878843" lon="-93.115149"></trkpt><trkpt lat="36.878824" lon="-93.115048"></trkpt><trkpt lat="36.878867" lon="-93.114960"></trkpt><trkpt lat="36.879013" lon="-93.114888"></trkpt><trkpt lat="36.879075" lon="-93.114743"></trkpt><trkpt lat="36.879164" lon="-93.114699"></trkpt><trkpt lat="36.879185" lon="-93.114513"></trkpt><trkpt lat="36.879129" lon="-93.114343"></trkpt><trkpt lat="36.879074" lon="-93.114311"></trkpt><trkpt lat="36.878871" lon="-93.114046"></trkpt><trkpt lat="36.878799" lon="-93.113834"></trkpt><trkpt lat="36.878834" lon="-93.113722"></trkpt><trkpt lat="36.879017" lon="-93.113415"></trkpt><trkpt lat="36.879244" lon="-93.113224"></trkpt><trkpt lat="36.879377" lon="-93.112958"></trkpt><trkpt lat="36.879733" lon="-93.112551"></trkpt><trkpt lat="36.880220" lon="-93.112390"></trkpt><trkpt lat="36.880382" lon="-93.112241"></trkpt><trkpt lat="36.880526" lon="-93.112170"></trkpt><trkpt lat="36.880602" lon="-93.112009"></trkpt><trkpt lat="36.880394" lon="-93.111820"></trkpt><trkpt lat="36.879995" lon="-93.111824"></trkpt><trkpt lat="36.879734" lon="-93.111715"></trkpt><trkpt lat="36.879661" lon="-93.111618"></trkpt></trkseg></trk><trk><name>T054 BR5F828</name><trkseg><trkpt lat="37.482516" lon="-90.946478"></trkpt><trkpt lat="37.482141" lon="-90.946424"></trkpt><trkpt lat="37.481955" lon="-90.946291"></trkpt><trkpt lat="37.481864" lon="-90.946001"></trkpt><trkpt lat="37.481820" lon="-90.945602"></trkpt><trkpt lat="37.481721" lon="-90.945528"></trkpt><trkpt lat="37.481667" lon="-90.945268"></trkpt><trkpt lat="37.481462" lon="-90.945473"></trkpt><trkpt lat="37.481382" lon="-90.945799"></trkpt><trkpt lat="37.481253" lon="-90.946094"></trkpt><trkpt lat="37.481175" lon="-90.946558"></trkpt><trkpt lat="37.481008" lon="-90.946855"></trkpt><trkpt lat="37.480716" lon="-90.947648"></trkpt><trkpt lat="37.480731" lon="-90.947847"></trkpt><trkpt lat="37.480820" lon="-90.947999"></trkpt><trkpt lat="37.481079" lon="-90.948115"></trkpt><trkpt lat="37.481095" lon="-90.948299"></trkpt><trkpt lat="37.480742" lon="-90.948478"></trkpt><trkpt lat="37.480428" lon="-90.948748"></trkpt><trkpt lat="37.479938" lon="-90.948982"></trkpt><trkpt lat="37.479606" lon="-90.949622"></trkpt><trkpt lat="37.479242" lon="-90.949997"></trkpt><trkpt lat="37.478742" lon="-90.950143"></trkpt><trkpt lat="37.478402" lon="-90.950385"></trkpt><trkpt lat="37.478173" lon="-90.950889"></trkpt><trkpt lat="37.477466" lon="-90.951273"></trkpt><trkpt lat="37.476910" lon="-90.951255"></trkpt><trkpt lat="37.475516" lon="-90.951725"></trkpt><trkpt lat="37.474972" lon="-90.952370"></trkpt><trkpt lat="37.474274" lon="-90.953285"></trkpt><trkpt lat="37.473617" lon="-90.953795"></trkpt><trkpt lat="37.473666" lon="-90.954733"></trkpt><trkpt lat="37.473613" lon="-90.955211"></trkpt><trkpt lat="37.473628" lon="-90.955395"></trkpt><trkpt lat="37.473558" lon="-90.955612"></trkpt><trkpt lat="37.473438" lon="-90.955754"></trkpt><trkpt lat="37.473418" lon="-90.955985"></trkpt><trkpt lat="37.473153" lon="-90.956270"></trkpt><trkpt lat="37.472903" lon="-90.956707"></trkpt><trkpt lat="37.472649" lon="-90.956929"></trkpt><trkpt lat="37.472472" lon="-90.957319"></trkpt><trkpt lat="37.472406" lon="-90.957721"></trkpt><trkpt lat="37.472116" lon="-90.957975"></trkpt><trkpt lat="37.471871" lon="-90.958704"></trkpt><trkpt lat="37.471901" lon="-90.959011"></trkpt><trkpt lat="37.472075" lon="-90.959176"></trkpt><trkpt lat="37.472322" lon="-90.959277"></trkpt><trkpt lat="37.473171" lon="-90.959423"></trkpt><trkpt lat="37.473430" lon="-90.959539"></trkpt><trkpt lat="37.473506" lon="-90.959660"></trkpt><trkpt lat="37.473511" lon="-90.959984"></trkpt><trkpt lat="37.474798" lon="-90.959963"></trkpt><trkpt lat="37.475331" lon="-90.960256"></trkpt><trkpt lat="37.476340" lon="-90.960475"></trkpt><trkpt lat="37.476586" lon="-90.959791"></trkpt><trkpt lat="37.476767" lon="-90.959788"></trkpt><trkpt lat="37.476973" lon="-90.959484"></trkpt><trkpt lat="37.478182" lon="-90.959053"></trkpt><trkpt lat="37.479232" lon="-90.958966"></trkpt><trkpt lat="37.479981" lon="-90.959037"></trkpt><trkpt lat="37.480424" lon="-90.959148"></trkpt><trkpt lat="37.480648" lon="-90.958589"></trkpt><trkpt lat="37.480910" lon="-90.958166"></trkpt><trkpt lat="37.481259" lon="-90.957787"></trkpt><trkpt lat="37.481614" lon="-90.957731"></trkpt><trkpt lat="37.482432" lon="-90.958263"></trkpt><trkpt lat="37.482694" lon="-90.958533"></trkpt><trkpt lat="37.482883" lon="-90.958820"></trkpt><trkpt lat="37.482989" lon="-90.959279"></trkpt><trkpt lat="37.483459" lon="-90.959497"></trkpt><trkpt lat="37.483734" lon="-90.959812"></trkpt><trkpt lat="37.483839" lon="-90.960179"></trkpt><trkpt lat="37.484060" lon="-90.960204"></trkpt><trkpt lat="37.484234" lon="-90.960337"></trkpt><trkpt lat="37.484324" lon="-90.960581"></trkpt><trkpt lat="37.484869" lon="-90.960905"></trkpt><trkpt lat="37.485292" lon="-90.961278"></trkpt><trkpt lat="37.485464" lon="-90.961289"></trkpt><trkpt lat="37.485625" lon="-90.961407"></trkpt><trkpt lat="37.485780" lon="-90.961849"></trkpt><trkpt lat="37.486173" lon="-90.961900"></trkpt><trkpt lat="37.486435" lon="-90.962139"></trkpt><trkpt lat="37.486637" lon="-90.962503"></trkpt><trkpt lat="37.486646" lon="-90.962318"></trkpt><trkpt lat="37.486604" lon="-90.962011"></trkpt><trkpt lat="37.486689" lon="-90.961963"></trkpt><trkpt lat="37.486861" lon="-90.961958"></trkpt><trkpt lat="37.486945" lon="-90.961833"></trkpt><trkpt lat="37.487201" lon="-90.961764"></trkpt><trkpt lat="37.488015" lon="-90.962050"></trkpt><trkpt lat="37.488371" lon="-90.962056"></trkpt><trkpt lat="37.488560" lon="-90.962343"></trkpt><trkpt lat="37.488820" lon="-90.962521"></trkpt><trkpt lat="37.488773" lon="-90.962645"></trkpt><trkpt lat="37.488332" lon="-90.962657"></trkpt><trkpt lat="37.487987" lon="-90.962559"></trkpt><trkpt lat="37.487190" lon="-90.962534"></trkpt><trkpt lat="37.487160" lon="-90.962920"></trkpt><trkpt lat="37.487079" lon="-90.963245"></trkpt><trkpt lat="37.486947" lon="-90.963402"></trkpt><trkpt lat="37.486686" lon="-90.963194"></trkpt><trkpt lat="37.486463" lon="-90.963077"></trkpt><trkpt lat="37.486342" lon="-90.963142"></trkpt><trkpt lat="37.486898" lon="-90.964096"></trkpt><trkpt lat="37.487109" lon="-90.964244"></trkpt><trkpt lat="37.487305" lon="-90.964239"></trkpt><trkpt lat="37.487401" lon="-90.964113"></trkpt><trkpt lat="37.487358" lon="-90.963745"></trkpt><trkpt lat="37.487611" lon="-90.963492"></trkpt><trkpt lat="37.487792" lon="-90.963364"></trkpt><trkpt lat="37.488175" lon="-90.963477"></trkpt><trkpt lat="37.488499" lon="-90.963791"></trkpt><trkpt lat="37.489099" lon="-90.963775"></trkpt><trkpt lat="37.490189" lon="-90.963668"></trkpt><trkpt lat="37.490382" lon="-90.963524"></trkpt><trkpt lat="37.490391" lon="-90.963340"></trkpt><trkpt lat="37.490338" lon="-90.963064"></trkpt><trkpt lat="37.490437" lon="-90.963123"></trkpt><trkpt lat="37.490551" lon="-90.963351"></trkpt><trkpt lat="37.491077" lon="-90.963290"></trkpt><trkpt lat="37.491390" lon="-90.963155"></trkpt><trkpt lat="37.491531" lon="-90.962947"></trkpt></trkseg></trk><trk><name>T055 BR5F828</name><trkseg><trkpt lat="37.473131" lon="-90.945352"></trkpt><trkpt lat="37.472531" lon="-90.947360"></trkpt><trkpt lat="37.472566" lon="-90.947856"></trkpt><trkpt lat="37.472836" lon="-90.948148"></trkpt><trkpt lat="37.473170" lon="-90.949101"></trkpt><trkpt lat="37.473803" lon="-90.950544"></trkpt><trkpt lat="37.474022" lon="-90.950538"></trkpt><trkpt lat="37.474089" lon="-90.950152"></trkpt><trkpt lat="37.473832" lon="-90.949497"></trkpt><trkpt lat="37.473840" lon="-90.949205"></trkpt><trkpt lat="37.473991" lon="-90.949432"></trkpt><trkpt lat="37.474346" lon="-90.950130"></trkpt><trkpt lat="37.474400" lon="-90.950405"></trkpt><trkpt lat="37.474294" lon="-90.950639"></trkpt><trkpt lat="37.474423" lon="-90.951050"></trkpt><trkpt lat="37.474403" lon="-90.951313"></trkpt><trkpt lat="37.474236" lon="-90.951579"></trkpt><trkpt lat="37.473969" lon="-90.951724"></trkpt><trkpt lat="37.473488" lon="-90.951538"></trkpt><trkpt lat="37.473239" lon="-90.951360"></trkpt><trkpt lat="37.473089" lon="-90.951179"></trkpt><trkpt lat="37.472468" lon="-90.950704"></trkpt><trkpt lat="37.472247" lon="-90.950695"></trkpt><trkpt lat="37.471726" lon="-90.950355"></trkpt><trkpt lat="37.471830" lon="-90.950660"></trkpt><trkpt lat="37.472130" lon="-90.951036"></trkpt><trkpt lat="37.472839" lon="-90.951571"></trkpt><trkpt lat="37.473001" lon="-90.951751"></trkpt><trkpt lat="37.473203" lon="-90.952099"></trkpt><trkpt lat="37.473805" lon="-90.952528"></trkpt><trkpt lat="37.474057" lon="-90.952522"></trkpt><trkpt lat="37.474362" lon="-90.952437"></trkpt><trkpt lat="37.474889" lon="-90.951761"></trkpt><trkpt lat="37.475116" lon="-90.951416"></trkpt><trkpt lat="37.475311" lon="-90.951319"></trkpt><trkpt lat="37.475209" lon="-90.951814"></trkpt><trkpt lat="37.474909" lon="-90.952206"></trkpt><trkpt lat="37.474091" lon="-90.953090"></trkpt><trkpt lat="37.473694" lon="-90.953349"></trkpt><trkpt lat="37.473680" lon="-90.953624"></trkpt><trkpt lat="37.473617" lon="-90.953795"></trkpt></trkseg></trk><trk><name>T056 BR5F828</name><trkseg><trkpt lat="35.522409" lon="-92.821039"></trkpt><trkpt lat="35.522747" lon="-92.821355"></trkpt><trkpt lat="35.523053" lon="-92.821525"></trkpt><trkpt lat="35.523238" lon="-92.821756"></trkpt><trkpt lat="35.523338" lon="-92.822152"></trkpt><trkpt lat="35.523674" lon="-92.822718"></trkpt><trkpt lat="35.524231" lon="-92.823473"></trkpt><trkpt lat="35.524316" lon="-92.823516"></trkpt><trkpt lat="35.524401" lon="-92.823496"></trkpt><trkpt lat="35.524521" lon="-92.823372"></trkpt><trkpt lat="35.524659" lon="-92.823124"></trkpt><trkpt lat="35.524729" lon="-92.822895"></trkpt><trkpt lat="35.524733" lon="-92.822208"></trkpt><trkpt lat="35.524821" lon="-92.821793"></trkpt><trkpt lat="35.524907" lon="-92.821689"></trkpt><trkpt lat="35.525095" lon="-92.821629"></trkpt><trkpt lat="35.525232" lon="-92.821464"></trkpt><trkpt lat="35.525319" lon="-92.821194"></trkpt><trkpt lat="35.525271" lon="-92.820715"></trkpt><trkpt lat="35.525205" lon="-92.820443"></trkpt></trkseg></trk><trk><name>T057 BR5F828</name><trkseg><trkpt lat="36.926410" lon="-93.086461"></trkpt><trkpt lat="36.926437" lon="-93.086156"></trkpt><trkpt lat="36.926201" lon="-93.086047"></trkpt><trkpt lat="36.925756" lon="-93.085555"></trkpt><trkpt lat="36.925641" lon="-93.085489"></trkpt><trkpt lat="36.925539" lon="-93.085523"></trkpt><trkpt lat="36.925391" lon="-93.085456"></trkpt><trkpt lat="36.925321" lon="-93.085471"></trkpt><trkpt lat="36.925132" lon="-93.085371"></trkpt></trkseg></trk><trk><name>T058 BR5F828</name><trkseg><trkpt lat="36.919255" lon="-93.096128"></trkpt><trkpt lat="36.919251" lon="-93.096071"></trkpt><trkpt lat="36.919171" lon="-93.096019"></trkpt><trkpt lat="36.919033" lon="-93.096092"></trkpt><trkpt lat="36.918954" lon="-93.096097"></trkpt><trkpt lat="36.918765" lon="-93.095981"></trkpt><trkpt lat="36.918661" lon="-93.095955"></trkpt><trkpt lat="36.918202" lon="-93.095699"></trkpt><trkpt lat="36.917998" lon="-93.095489"></trkpt><trkpt lat="36.917986" lon="-93.095311"></trkpt><trkpt lat="36.918054" lon="-93.095151"></trkpt><trkpt lat="36.918111" lon="-93.094869"></trkpt><trkpt lat="36.918130" lon="-93.094118"></trkpt><trkpt lat="36.917496" lon="-93.091852"></trkpt><trkpt lat="36.916894" lon="-93.091430"></trkpt><trkpt lat="36.916742" lon="-93.091383"></trkpt><trkpt lat="36.916686" lon="-93.091159"></trkpt><trkpt lat="36.916663" lon="-93.091185"></trkpt><trkpt lat="36.916569" lon="-93.090974"></trkpt><trkpt lat="36.916533" lon="-93.090788"></trkpt><trkpt lat="36.916385" lon="-93.090622"></trkpt><trkpt lat="36.915936" lon="-93.090249"></trkpt><trkpt lat="36.915405" lon="-93.090221"></trkpt><trkpt lat="36.915116" lon="-93.090109"></trkpt><trkpt lat="36.915045" lon="-93.090118"></trkpt><trkpt lat="36.914747" lon="-93.089858"></trkpt><trkpt lat="36.914606" lon="-93.089805"></trkpt><trkpt lat="36.913523" lon="-93.089026"></trkpt><trkpt lat="36.913396" lon="-93.088836"></trkpt><trkpt lat="36.913378" lon="-93.088730"></trkpt><trkpt lat="36.913320" lon="-93.088645"></trkpt><trkpt lat="36.913191" lon="-93.088571"></trkpt><trkpt lat="36.913082" lon="-93.088430"></trkpt><trkpt lat="36.912927" lon="-93.087986"></trkpt><trkpt lat="36.912756" lon="-93.087981"></trkpt><trkpt lat="36.912696" lon="-93.087886"></trkpt><trkpt lat="36.912700" lon="-93.087795"></trkpt><trkpt lat="36.912450" lon="-93.086620"></trkpt><trkpt lat="36.912610" lon="-93.086074"></trkpt><trkpt lat="36.912612" lon="-93.085148"></trkpt><trkpt lat="36.912219" lon="-93.083829"></trkpt><trkpt lat="36.912263" lon="-93.083707"></trkpt><trkpt lat="36.911804" lon="-93.082691"></trkpt><trkpt lat="36.911633" lon="-93.082445"></trkpt><trkpt lat="36.911433" lon="-93.082040"></trkpt><trkpt lat="36.911467" lon="-93.081832"></trkpt><trkpt lat="36.911093" lon="-93.080577"></trkpt><trkpt lat="36.910887" lon="-93.080237"></trkpt><trkpt lat="36.910614" lon="-93.079586"></trkpt><trkpt lat="36.910250" lon="-93.079090"></trkpt><trkpt lat="36.909434" lon="-93.078420"></trkpt><trkpt lat="36.909215" lon="-93.078179"></trkpt><trkpt lat="36.908893" lon="-93.077453"></trkpt></trkseg></trk><trk><name>T059 BR5F828</name><trkseg><trkpt lat="36.918112" lon="-93.094463"></trkpt><trkpt lat="36.917955" lon="-93.094479"></trkpt><trkpt lat="36.917665" lon="-93.094299"></trkpt><trkpt lat="36.917492" lon="-93.094640"></trkpt><trkpt lat="36.917277" lon="-93.094816"></trkpt><trkpt lat="36.917173" lon="-93.094858"></trkpt><trkpt lat="36.916938" lon="-93.094772"></trkpt><trkpt lat="36.916863" lon="-93.094783"></trkpt><trkpt lat="36.916513" lon="-93.094480"></trkpt><trkpt lat="36.916328" lon="-93.094451"></trkpt><trkpt lat="36.916136" lon="-93.094288"></trkpt><trkpt lat="36.916031" lon="-93.094114"></trkpt><trkpt lat="36.915918" lon="-93.094017"></trkpt><trkpt lat="36.915899" lon="-93.093942"></trkpt><trkpt lat="36.915836" lon="-93.093918"></trkpt><trkpt lat="36.915597" lon="-93.093547"></trkpt><trkpt lat="36.915499" lon="-93.093468"></trkpt><trkpt lat="36.915499" lon="-93.093414"></trkpt><trkpt lat="36.915290" lon="-93.093271"></trkpt><trkpt lat="36.915116" lon="-93.093035"></trkpt><trkpt lat="36.914884" lon="-93.092805"></trkpt><trkpt lat="36.914849" lon="-93.092703"></trkpt><trkpt lat="36.914690" lon="-93.092640"></trkpt><trkpt lat="36.914303" lon="-93.092383"></trkpt><trkpt lat="36.914229" lon="-93.092257"></trkpt><trkpt lat="36.914253" lon="-93.092145"></trkpt><trkpt lat="36.913874" lon="-93.091747"></trkpt><trkpt lat="36.913804" lon="-93.091711"></trkpt><trkpt lat="36.913543" lon="-93.091882"></trkpt><trkpt lat="36.913437" lon="-93.091998"></trkpt><trkpt lat="36.913329" lon="-93.092047"></trkpt><trkpt lat="36.913290" lon="-93.092147"></trkpt></trkseg></trk><trk><name>T060 BR5F828</name><trkseg><trkpt lat="37.456204" lon="-91.047673"></trkpt><trkpt lat="37.456388" lon="-91.047459"></trkpt><trkpt lat="37.456577" lon="-91.047548"></trkpt><trkpt lat="37.457143" lon="-91.047722"></trkpt><trkpt lat="37.457269" lon="-91.048075"></trkpt><trkpt lat="37.457659" lon="-91.048297"></trkpt><trkpt lat="37.458292" lon="-91.049174"></trkpt><trkpt lat="37.458634" lon="-91.049471"></trkpt><trkpt lat="37.458961" lon="-91.049933"></trkpt><trkpt lat="37.459183" lon="-91.049786"></trkpt><trkpt lat="37.459097" lon="-91.049106"></trkpt><trkpt lat="37.459546" lon="-91.049811"></trkpt><trkpt lat="37.459862" lon="-91.050106"></trkpt><trkpt lat="37.460028" lon="-91.050221"></trkpt><trkpt lat="37.460358" lon="-91.050321"></trkpt><trkpt lat="37.460865" lon="-91.050178"></trkpt><trkpt lat="37.460924" lon="-91.050057"></trkpt><trkpt lat="37.460834" lon="-91.049864"></trkpt><trkpt lat="37.460640" lon="-91.049641"></trkpt><trkpt lat="37.459929" lon="-91.049052"></trkpt><trkpt lat="37.459769" lon="-91.048688"></trkpt><trkpt lat="37.459720" lon="-91.048321"></trkpt><trkpt lat="37.459992" lon="-91.047565"></trkpt><trkpt lat="37.460186" lon="-91.047235"></trkpt><trkpt lat="37.460545" lon="-91.047069"></trkpt><trkpt lat="37.461031" lon="-91.046985"></trkpt><trkpt lat="37.461272" lon="-91.046814"></trkpt><trkpt lat="37.461585" lon="-91.046453"></trkpt><trkpt lat="37.461378" lon="-91.046412"></trkpt><trkpt lat="37.461208" lon="-91.046322"></trkpt><trkpt lat="37.461185" lon="-91.046087"></trkpt><trkpt lat="37.461311" lon="-91.045755"></trkpt><trkpt lat="37.461305" lon="-91.045402"></trkpt><trkpt lat="37.461222" lon="-91.044910"></trkpt><trkpt lat="37.461302" lon="-91.044774"></trkpt></trkseg></trk><trk><name>T061 BR5F828</name><trkseg><trkpt lat="36.903122" lon="-93.103491"></trkpt><trkpt lat="36.902758" lon="-93.103468"></trkpt><trkpt lat="36.902428" lon="-93.103633"></trkpt><trkpt lat="36.902305" lon="-93.103656"></trkpt><trkpt lat="36.901941" lon="-93.103607"></trkpt><trkpt lat="36.902126" lon="-93.103296"></trkpt><trkpt lat="36.902310" lon="-93.103092"></trkpt><trkpt lat="36.902395" lon="-93.103058"></trkpt><trkpt lat="36.902434" lon="-93.102978"></trkpt><trkpt lat="36.902576" lon="-93.102213"></trkpt></trkseg></trk><trk><name>T062 BR5F828</name><trkseg><trkpt lat="34.463283" lon="-94.060574"></trkpt><trkpt lat="34.463874" lon="-94.062329"></trkpt><trkpt lat="34.463891" lon="-94.062474"></trkpt><trkpt lat="34.463703" lon="-94.063047"></trkpt><trkpt lat="34.463700" lon="-94.063210"></trkpt><trkpt lat="34.463375" lon="-94.063773"></trkpt><trkpt lat="34.463468" lon="-94.064129"></trkpt><trkpt lat="34.463410" lon="-94.064389"></trkpt><trkpt lat="34.463231" lon="-94.064433"></trkpt><trkpt lat="34.462889" lon="-94.064407"></trkpt><trkpt lat="34.462801" lon="-94.064377"></trkpt><trkpt lat="34.462649" lon="-94.064242"></trkpt><trkpt lat="34.462531" lon="-94.064358"></trkpt><trkpt lat="34.462341" lon="-94.064700"></trkpt><trkpt lat="34.462348" lon="-94.064933"></trkpt><trkpt lat="34.462419" lon="-94.065321"></trkpt><trkpt lat="34.462352" lon="-94.065990"></trkpt><trkpt lat="34.462412" lon="-94.066342"></trkpt><trkpt lat="34.462494" lon="-94.066537"></trkpt><trkpt lat="34.462551" lon="-94.066948"></trkpt><trkpt lat="34.462523" lon="-94.067361"></trkpt><trkpt lat="34.462558" lon="-94.067683"></trkpt><trkpt lat="34.462422" lon="-94.068530"></trkpt><trkpt lat="34.462318" lon="-94.068903"></trkpt><trkpt lat="34.462034" lon="-94.069367"></trkpt><trkpt lat="34.462022" lon="-94.069476"></trkpt><trkpt lat="34.462056" lon="-94.069667"></trkpt><trkpt lat="34.462012" lon="-94.069800"></trkpt><trkpt lat="34.461965" lon="-94.069821"></trkpt><trkpt lat="34.461674" lon="-94.069756"></trkpt><trkpt lat="34.461595" lon="-94.069771"></trkpt><trkpt lat="34.461384" lon="-94.069951"></trkpt><trkpt lat="34.461124" lon="-94.070006"></trkpt><trkpt lat="34.461015" lon="-94.070114"></trkpt><trkpt lat="34.460927" lon="-94.070385"></trkpt><trkpt lat="34.460900" lon="-94.070627"></trkpt><trkpt lat="34.460850" lon="-94.070739"></trkpt><trkpt lat="34.460862" lon="-94.070815"></trkpt><trkpt lat="34.460777" lon="-94.071018"></trkpt><trkpt lat="34.460767" lon="-94.071214"></trkpt><trkpt lat="34.461075" lon="-94.071810"></trkpt><trkpt lat="34.461121" lon="-94.072223"></trkpt><trkpt lat="34.461096" lon="-94.072430"></trkpt><trkpt lat="34.461344" lon="-94.072734"></trkpt><trkpt lat="34.461490" lon="-94.073070"></trkpt><trkpt lat="34.461841" lon="-94.073416"></trkpt><trkpt lat="34.462014" lon="-94.073670"></trkpt><trkpt lat="34.462106" lon="-94.073989"></trkpt><trkpt lat="34.462319" lon="-94.074444"></trkpt><trkpt lat="34.462322" lon="-94.074600"></trkpt><trkpt lat="34.462417" lon="-94.074772"></trkpt><trkpt lat="34.462438" lon="-94.074923"></trkpt><trkpt lat="34.462516" lon="-94.075097"></trkpt><trkpt lat="34.462651" lon="-94.075832"></trkpt><trkpt lat="34.462558" lon="-94.076397"></trkpt><trkpt lat="34.462387" lon="-94.076637"></trkpt><trkpt lat="34.462341" lon="-94.076798"></trkpt><trkpt lat="34.462435" lon="-94.077045"></trkpt><trkpt lat="34.462459" lon="-94.077211"></trkpt><trkpt lat="34.462519" lon="-94.077302"></trkpt><trkpt lat="34.462505" lon="-94.077358"></trkpt><trkpt lat="34.462560" lon="-94.077506"></trkpt><trkpt lat="34.462550" lon="-94.077574"></trkpt><trkpt lat="34.462640" lon="-94.077648"></trkpt><trkpt lat="34.462730" lon="-94.077608"></trkpt><trkpt lat="34.462782" lon="-94.077618"></trkpt><trkpt lat="34.463130" lon="-94.078080"></trkpt><trkpt lat="34.463537" lon="-94.078395"></trkpt><trkpt lat="34.463302" lon="-94.078729"></trkpt><trkpt lat="34.463711" lon="-94.079595"></trkpt><trkpt lat="34.463823" lon="-94.080242"></trkpt><trkpt lat="34.464380" lon="-94.080494"></trkpt><trkpt lat="34.464318" lon="-94.080624"></trkpt><trkpt lat="34.464274" lon="-94.080948"></trkpt><trkpt lat="34.464392" lon="-94.081446"></trkpt><trkpt lat="34.464561" lon="-94.081632"></trkpt><trkpt lat="34.464911" lon="-94.081826"></trkpt><trkpt lat="34.465000" lon="-94.081986"></trkpt><trkpt lat="34.465041" lon="-94.082206"></trkpt><trkpt lat="34.465105" lon="-94.082331"></trkpt><trkpt lat="34.465179" lon="-94.082369"></trkpt><trkpt lat="34.465355" lon="-94.082394"></trkpt><trkpt lat="34.465496" lon="-94.082461"></trkpt><trkpt lat="34.466103" lon="-94.082248"></trkpt><trkpt lat="34.466560" lon="-94.082216"></trkpt><trkpt lat="34.466824" lon="-94.082286"></trkpt><trkpt lat="34.467090" lon="-94.082290"></trkpt><trkpt lat="34.467577" lon="-94.082730"></trkpt><trkpt lat="34.467784" lon="-94.082749"></trkpt><trkpt lat="34.467776" lon="-94.082673"></trkpt><trkpt lat="34.467892" lon="-94.082599"></trkpt><trkpt lat="34.468070" lon="-94.082548"></trkpt><trkpt lat="34.468131" lon="-94.082567"></trkpt><trkpt lat="34.468240" lon="-94.082671"></trkpt><trkpt lat="34.468492" lon="-94.082801"></trkpt><trkpt lat="34.468730" lon="-94.083094"></trkpt><trkpt lat="34.468905" lon="-94.083250"></trkpt><trkpt lat="34.469009" lon="-94.083442"></trkpt><trkpt lat="34.469148" lon="-94.083586"></trkpt><trkpt lat="34.469197" lon="-94.083619"></trkpt><trkpt lat="34.469373" lon="-94.083621"></trkpt><trkpt lat="34.469456" lon="-94.083671"></trkpt><trkpt lat="34.469542" lon="-94.083839"></trkpt><trkpt lat="34.469600" lon="-94.084178"></trkpt><trkpt lat="34.469673" lon="-94.084313"></trkpt><trkpt lat="34.470025" lon="-94.084554"></trkpt><trkpt lat="34.470342" lon="-94.084869"></trkpt><trkpt lat="34.470428" lon="-94.084883"></trkpt><trkpt lat="34.470464" lon="-94.085135"></trkpt><trkpt lat="34.470611" lon="-94.085315"></trkpt><trkpt lat="34.470649" lon="-94.085408"></trkpt><trkpt lat="34.470645" lon="-94.085521"></trkpt><trkpt lat="34.470544" lon="-94.085745"></trkpt><trkpt lat="34.470349" lon="-94.085892"></trkpt><trkpt lat="34.470315" lon="-94.085972"></trkpt><trkpt lat="34.470235" lon="-94.086020"></trkpt><trkpt lat="34.469922" lon="-94.086044"></trkpt><trkpt lat="34.469820" lon="-94.086081"></trkpt><trkpt lat="34.469370" lon="-94.086416"></trkpt><trkpt lat="34.469335" lon="-94.086803"></trkpt><trkpt lat="34.469400" lon="-94.087165"></trkpt><trkpt lat="34.469378" lon="-94.087379"></trkpt><trkpt lat="34.469393" lon="-94.087472"></trkpt><trkpt lat="34.469587" lon="-94.087664"></trkpt><trkpt lat="34.469609" lon="-94.087756"></trkpt><trkpt lat="34.469849" lon="-94.088122"></trkpt><trkpt lat="34.470065" lon="-94.088213"></trkpt><trkpt lat="34.470283" lon="-94.088208"></trkpt><trkpt lat="34.470512" lon="-94.088147"></trkpt><trkpt lat="34.470628" lon="-94.088229"></trkpt><trkpt lat="34.470867" lon="-94.088522"></trkpt><trkpt lat="34.470940" lon="-94.088681"></trkpt><trkpt lat="34.471112" lon="-94.089277"></trkpt><trkpt lat="34.471117" lon="-94.089542"></trkpt><trkpt lat="34.471034" lon="-94.089935"></trkpt><trkpt lat="34.471051" lon="-94.090077"></trkpt><trkpt lat="34.471125" lon="-94.090158"></trkpt><trkpt lat="34.471325" lon="-94.090222"></trkpt><trkpt lat="34.471414" lon="-94.090311"></trkpt><trkpt lat="34.471580" lon="-94.091000"></trkpt><trkpt lat="34.471772" lon="-94.092407"></trkpt><trkpt lat="34.471958" lon="-94.092813"></trkpt><trkpt lat="34.472059" lon="-94.093130"></trkpt><trkpt lat="34.472121" lon="-94.093458"></trkpt><trkpt lat="34.471882" lon="-94.094234"></trkpt><trkpt lat="34.471892" lon="-94.094665"></trkpt><trkpt lat="34.471841" lon="-94.095022"></trkpt><trkpt lat="34.471893" lon="-94.095316"></trkpt><trkpt lat="34.472116" lon="-94.095996"></trkpt><trkpt lat="34.472152" lon="-94.096517"></trkpt><trkpt lat="34.472316" lon="-94.097108"></trkpt><trkpt lat="34.472322" lon="-94.097752"></trkpt><trkpt lat="34.472415" lon="-94.097920"></trkpt><trkpt lat="34.472630" lon="-94.098028"></trkpt><trkpt lat="34.472883" lon="-94.098219"></trkpt><trkpt lat="34.473326" lon="-94.098326"></trkpt><trkpt lat="34.473457" lon="-94.098394"></trkpt><trkpt lat="34.473708" lon="-94.098738"></trkpt><trkpt lat="34.473975" lon="-94.099365"></trkpt><trkpt lat="34.474102" lon="-94.099848"></trkpt><trkpt lat="34.474310" lon="-94.099991"></trkpt><trkpt lat="34.474537" lon="-94.100061"></trkpt><trkpt lat="34.474918" lon="-94.100362"></trkpt><trkpt lat="34.475136" lon="-94.100679"></trkpt><trkpt lat="34.475260" lon="-94.100972"></trkpt><trkpt lat="34.475356" lon="-94.101569"></trkpt><trkpt lat="34.475245" lon="-94.101804"></trkpt><trkpt lat="34.475161" lon="-94.101896"></trkpt><trkpt lat="34.475019" lon="-94.101910"></trkpt><trkpt lat="34.474957" lon="-94.101977"></trkpt><trkpt lat="34.474862" lon="-94.102009"></trkpt><trkpt lat="34.474560" lon="-94.102282"></trkpt><trkpt lat="34.474393" lon="-94.102314"></trkpt><trkpt lat="34.474547" lon="-94.102534"></trkpt><trkpt lat="34.474696" lon="-94.102668"></trkpt><trkpt lat="34.474910" lon="-94.102762"></trkpt><trkpt lat="34.474992" lon="-94.102838"></trkpt><trkpt lat="34.475137" lon="-94.103309"></trkpt><trkpt lat="34.475585" lon="-94.104119"></trkpt><trkpt lat="34.475626" lon="-94.104290"></trkpt><trkpt lat="34.475881" lon="-94.104521"></trkpt><trkpt lat="34.475879" lon="-94.104795"></trkpt><trkpt lat="34.475792" lon="-94.104895"></trkpt><trkpt lat="34.475814" lon="-94.104997"></trkpt><trkpt lat="34.475716" lon="-94.105371"></trkpt><trkpt lat="34.475721" lon="-94.105570"></trkpt><trkpt lat="34.475865" lon="-94.106052"></trkpt><trkpt lat="34.476187" lon="-94.106610"></trkpt><trkpt lat="34.476228" lon="-94.106769"></trkpt><trkpt lat="34.476198" lon="-94.107150"></trkpt><trkpt lat="34.476443" lon="-94.107459"></trkpt><trkpt lat="34.476509" lon="-94.107844"></trkpt><trkpt lat="34.476663" lon="-94.108111"></trkpt><trkpt lat="34.476951" lon="-94.108887"></trkpt><trkpt lat="34.477378" lon="-94.109495"></trkpt><trkpt lat="34.477381" lon="-94.109735"></trkpt><trkpt lat="34.477505" lon="-94.109932"></trkpt><trkpt lat="34.477500" lon="-94.110227"></trkpt><trkpt lat="34.478111" lon="-94.110945"></trkpt><trkpt lat="34.478242" lon="-94.111224"></trkpt><trkpt lat="34.478483" lon="-94.111991"></trkpt><trkpt lat="34.478558" lon="-94.112103"></trkpt><trkpt lat="34.478553" lon="-94.112204"></trkpt><trkpt lat="34.478507" lon="-94.112292"></trkpt><trkpt lat="34.478982" lon="-94.113084"></trkpt><trkpt lat="34.479735" lon="-94.114084"></trkpt><trkpt lat="34.479830" lon="-94.114327"></trkpt><trkpt lat="34.479999" lon="-94.114580"></trkpt><trkpt lat="34.480120" lon="-94.114942"></trkpt><trkpt lat="34.480474" lon="-94.115401"></trkpt><trkpt lat="34.480388" lon="-94.115906"></trkpt><trkpt lat="34.480388" lon="-94.116121"></trkpt><trkpt lat="34.480502" lon="-94.116227"></trkpt><trkpt lat="34.480725" lon="-94.116287"></trkpt><trkpt lat="34.480774" lon="-94.116337"></trkpt><trkpt lat="34.480982" lon="-94.116730"></trkpt><trkpt lat="34.480860" lon="-94.117087"></trkpt><trkpt lat="34.480872" lon="-94.117427"></trkpt><trkpt lat="34.481002" lon="-94.118308"></trkpt><trkpt lat="34.480945" lon="-94.118803"></trkpt><trkpt lat="34.481435" lon="-94.119758"></trkpt><trkpt lat="34.481580" lon="-94.119964"></trkpt><trkpt lat="34.481633" lon="-94.120260"></trkpt><trkpt lat="34.481645" lon="-94.120443"></trkpt><trkpt lat="34.481535" lon="-94.120861"></trkpt><trkpt lat="34.481496" lon="-94.121197"></trkpt><trkpt lat="34.481590" lon="-94.122542"></trkpt><trkpt lat="34.481787" lon="-94.123129"></trkpt><trkpt lat="34.482022" lon="-94.123629"></trkpt><trkpt lat="34.482116" lon="-94.123942"></trkpt><trkpt lat="34.482124" lon="-94.124229"></trkpt><trkpt lat="34.482333" lon="-94.125120"></trkpt><trkpt lat="34.482495" lon="-94.125396"></trkpt><trkpt lat="34.482613" lon="-94.125719"></trkpt><trkpt lat="34.482570" lon="-94.125960"></trkpt><trkpt lat="34.482033" lon="-94.126507"></trkpt><trkpt lat="34.481686" lon="-94.126488"></trkpt><trkpt lat="34.481187" lon="-94.126376"></trkpt><trkpt lat="34.480772" lon="-94.126848"></trkpt><trkpt lat="34.480422" lon="-94.127147"></trkpt><trkpt lat="34.480130" lon="-94.127265"></trkpt><trkpt lat="34.479974" lon="-94.127389"></trkpt><trkpt lat="34.479818" lon="-94.127459"></trkpt><trkpt lat="34.479741" lon="-94.127433"></trkpt><trkpt lat="34.479596" lon="-94.127276"></trkpt><trkpt lat="34.479542" lon="-94.127266"></trkpt><trkpt lat="34.479322" lon="-94.127467"></trkpt><trkpt lat="34.479298" lon="-94.127536"></trkpt><trkpt lat="34.479121" lon="-94.127664"></trkpt><trkpt lat="34.478985" lon="-94.127732"></trkpt><trkpt lat="34.478742" lon="-94.127768"></trkpt><trkpt lat="34.478497" lon="-94.128115"></trkpt><trkpt lat="34.478213" lon="-94.128345"></trkpt><trkpt lat="34.478146" lon="-94.128355"></trkpt><trkpt lat="34.478011" lon="-94.128295"></trkpt><trkpt lat="34.477918" lon="-94.128294"></trkpt><trkpt lat="34.477755" lon="-94.128155"></trkpt><trkpt lat="34.477647" lon="-94.128135"></trkpt><trkpt lat="34.477615" lon="-94.128173"></trkpt><trkpt lat="34.477621" lon="-94.128256"></trkpt><trkpt lat="34.477701" lon="-94.128406"></trkpt><trkpt lat="34.477796" lon="-94.128837"></trkpt><trkpt lat="34.477781" lon="-94.129062"></trkpt><trkpt lat="34.477547" lon="-94.129666"></trkpt><trkpt lat="34.477302" lon="-94.130066"></trkpt><trkpt lat="34.477035" lon="-94.130204"></trkpt><trkpt lat="34.476777" lon="-94.130526"></trkpt><trkpt lat="34.476641" lon="-94.130642"></trkpt><trkpt lat="34.475675" lon="-94.131213"></trkpt><trkpt lat="34.475232" lon="-94.131329"></trkpt><trkpt lat="34.474854" lon="-94.131299"></trkpt><trkpt lat="34.474648" lon="-94.131351"></trkpt><trkpt lat="34.474558" lon="-94.131420"></trkpt><trkpt lat="34.474339" lon="-94.131702"></trkpt><trkpt lat="34.474148" lon="-94.132120"></trkpt><trkpt lat="34.474073" lon="-94.132388"></trkpt><trkpt lat="34.474080" lon="-94.133120"></trkpt><trkpt lat="34.473894" lon="-94.133422"></trkpt><trkpt lat="34.473806" lon="-94.133483"></trkpt><trkpt lat="34.473685" lon="-94.133636"></trkpt><trkpt lat="34.472964" lon="-94.134057"></trkpt><trkpt lat="34.472839" lon="-94.134181"></trkpt><trkpt lat="34.472715" lon="-94.134218"></trkpt><trkpt lat="34.472458" lon="-94.134184"></trkpt><trkpt lat="34.472275" lon="-94.134231"></trkpt><trkpt lat="34.471601" lon="-94.134712"></trkpt><trkpt lat="34.471442" lon="-94.134864"></trkpt><trkpt lat="34.471064" lon="-94.135429"></trkpt><trkpt lat="34.470671" lon="-94.136232"></trkpt><trkpt lat="34.470424" lon="-94.136611"></trkpt><trkpt lat="34.470046" lon="-94.137075"></trkpt><trkpt lat="34.469724" lon="-94.137226"></trkpt><trkpt lat="34.469543" lon="-94.137356"></trkpt></trkseg></trk><trk><name>T063 BR5F828</name><trkseg><trkpt lat="34.474393" lon="-94.102314"></trkpt><trkpt lat="34.473668" lon="-94.102438"></trkpt><trkpt lat="34.473060" lon="-94.102387"></trkpt><trkpt lat="34.472836" lon="-94.102508"></trkpt><trkpt lat="34.472695" lon="-94.102636"></trkpt><trkpt lat="34.472589" lon="-94.102914"></trkpt><trkpt lat="34.472412" lon="-94.103041"></trkpt><trkpt lat="34.472356" lon="-94.103243"></trkpt><trkpt lat="34.472360" lon="-94.103458"></trkpt><trkpt lat="34.472207" lon="-94.103763"></trkpt><trkpt lat="34.472174" lon="-94.103903"></trkpt><trkpt lat="34.472196" lon="-94.104433"></trkpt><trkpt lat="34.472257" lon="-94.104625"></trkpt><trkpt lat="34.472267" lon="-94.104836"></trkpt><trkpt lat="34.472023" lon="-94.105127"></trkpt><trkpt lat="34.471858" lon="-94.105452"></trkpt><trkpt lat="34.471846" lon="-94.105556"></trkpt><trkpt lat="34.471848" lon="-94.105742"></trkpt><trkpt lat="34.471941" lon="-94.106244"></trkpt><trkpt lat="34.472025" lon="-94.106600"></trkpt><trkpt lat="34.472160" lon="-94.106895"></trkpt><trkpt lat="34.472187" lon="-94.107141"></trkpt><trkpt lat="34.471982" lon="-94.107953"></trkpt><trkpt lat="34.471808" lon="-94.108208"></trkpt><trkpt lat="34.471743" lon="-94.108395"></trkpt><trkpt lat="34.471545" lon="-94.108587"></trkpt><trkpt lat="34.471518" lon="-94.108904"></trkpt><trkpt lat="34.471607" lon="-94.109232"></trkpt><trkpt lat="34.471581" lon="-94.109596"></trkpt><trkpt lat="34.471508" lon="-94.109709"></trkpt><trkpt lat="34.471295" lon="-94.109849"></trkpt><trkpt lat="34.470745" lon="-94.110123"></trkpt><trkpt lat="34.470399" lon="-94.110396"></trkpt><trkpt lat="34.470006" lon="-94.110803"></trkpt><trkpt lat="34.469895" lon="-94.111055"></trkpt><trkpt lat="34.469886" lon="-94.111330"></trkpt><trkpt lat="34.469546" lon="-94.112053"></trkpt><trkpt lat="34.469481" lon="-94.112499"></trkpt><trkpt lat="34.469517" lon="-94.112770"></trkpt><trkpt lat="34.469635" lon="-94.113133"></trkpt><trkpt lat="34.469909" lon="-94.113536"></trkpt><trkpt lat="34.469954" lon="-94.113752"></trkpt><trkpt lat="34.470047" lon="-94.113902"></trkpt><trkpt lat="34.470353" lon="-94.113988"></trkpt><trkpt lat="34.470485" lon="-94.114112"></trkpt><trkpt lat="34.470628" lon="-94.114489"></trkpt><trkpt lat="34.470766" lon="-94.114694"></trkpt><trkpt lat="34.470885" lon="-94.115000"></trkpt><trkpt lat="34.470909" lon="-94.115131"></trkpt><trkpt lat="34.470836" lon="-94.115434"></trkpt><trkpt lat="34.470658" lon="-94.115678"></trkpt><trkpt lat="34.470640" lon="-94.115865"></trkpt><trkpt lat="34.470679" lon="-94.116310"></trkpt><trkpt lat="34.470994" lon="-94.116620"></trkpt><trkpt lat="34.471154" lon="-94.116914"></trkpt><trkpt lat="34.471155" lon="-94.116997"></trkpt><trkpt lat="34.471215" lon="-94.117105"></trkpt><trkpt lat="34.471238" lon="-94.117380"></trkpt><trkpt lat="34.471288" lon="-94.117548"></trkpt><trkpt lat="34.471287" lon="-94.117622"></trkpt><trkpt lat="34.471212" lon="-94.117667"></trkpt><trkpt lat="34.471011" lon="-94.117708"></trkpt><trkpt lat="34.470748" lon="-94.117951"></trkpt><trkpt lat="34.470305" lon="-94.118024"></trkpt><trkpt lat="34.470183" lon="-94.118110"></trkpt><trkpt lat="34.470109" lon="-94.118254"></trkpt><trkpt lat="34.470183" lon="-94.118754"></trkpt><trkpt lat="34.470130" lon="-94.118922"></trkpt><trkpt lat="34.470005" lon="-94.119003"></trkpt><trkpt lat="34.469920" lon="-94.118999"></trkpt><trkpt lat="34.469893" lon="-94.118968"></trkpt><trkpt lat="34.469713" lon="-94.118960"></trkpt><trkpt lat="34.469667" lon="-94.118987"></trkpt><trkpt lat="34.469541" lon="-94.119232"></trkpt><trkpt lat="34.469570" lon="-94.119476"></trkpt><trkpt lat="34.469847" lon="-94.119995"></trkpt><trkpt lat="34.470021" lon="-94.120006"></trkpt><trkpt lat="34.470224" lon="-94.119996"></trkpt><trkpt lat="34.470281" lon="-94.119960"></trkpt><trkpt lat="34.470529" lon="-94.119641"></trkpt><trkpt lat="34.471010" lon="-94.119368"></trkpt><trkpt lat="34.471313" lon="-94.119424"></trkpt><trkpt lat="34.471149" lon="-94.120162"></trkpt><trkpt lat="34.471241" lon="-94.120680"></trkpt><trkpt lat="34.471295" lon="-94.120706"></trkpt><trkpt lat="34.471375" lon="-94.121087"></trkpt><trkpt lat="34.471403" lon="-94.121460"></trkpt><trkpt lat="34.471341" lon="-94.121629"></trkpt><trkpt lat="34.471318" lon="-94.121835"></trkpt><trkpt lat="34.471406" lon="-94.122096"></trkpt><trkpt lat="34.471333" lon="-94.122507"></trkpt><trkpt lat="34.471470" lon="-94.122731"></trkpt><trkpt lat="34.471559" lon="-94.123112"></trkpt><trkpt lat="34.471848" lon="-94.123363"></trkpt><trkpt lat="34.471905" lon="-94.123544"></trkpt><trkpt lat="34.471951" lon="-94.124105"></trkpt><trkpt lat="34.472116" lon="-94.124558"></trkpt><trkpt lat="34.472118" lon="-94.125097"></trkpt><trkpt lat="34.472166" lon="-94.125230"></trkpt><trkpt lat="34.472198" lon="-94.125499"></trkpt><trkpt lat="34.472238" lon="-94.125562"></trkpt><trkpt lat="34.472765" lon="-94.125869"></trkpt><trkpt lat="34.473047" lon="-94.126346"></trkpt><trkpt lat="34.473745" lon="-94.126934"></trkpt><trkpt lat="34.474114" lon="-94.127161"></trkpt><trkpt lat="34.474154" lon="-94.127240"></trkpt><trkpt lat="34.474456" lon="-94.127527"></trkpt><trkpt lat="34.474578" lon="-94.127735"></trkpt><trkpt lat="34.474586" lon="-94.127818"></trkpt><trkpt lat="34.474714" lon="-94.127957"></trkpt><trkpt lat="34.474761" lon="-94.128172"></trkpt><trkpt lat="34.475008" lon="-94.128528"></trkpt><trkpt lat="34.475078" lon="-94.128803"></trkpt><trkpt lat="34.475142" lon="-94.128932"></trkpt><trkpt lat="34.475274" lon="-94.129000"></trkpt><trkpt lat="34.475537" lon="-94.129351"></trkpt><trkpt lat="34.475637" lon="-94.129540"></trkpt><trkpt lat="34.475903" lon="-94.130282"></trkpt><trkpt lat="34.475911" lon="-94.130608"></trkpt><trkpt lat="34.475990" lon="-94.130796"></trkpt><trkpt lat="34.476004" lon="-94.131029"></trkpt></trkseg></trk><trk><name>T064 BR5F828</name><trkseg><trkpt lat="34.462550" lon="-94.077574"></trkpt><trkpt lat="34.461858" lon="-94.076801"></trkpt><trkpt lat="34.461455" lon="-94.076764"></trkpt><trkpt lat="34.460947" lon="-94.076595"></trkpt><trkpt lat="34.460674" lon="-94.076819"></trkpt><trkpt lat="34.460537" lon="-94.077304"></trkpt><trkpt lat="34.460586" lon="-94.077954"></trkpt><trkpt lat="34.460526" lon="-94.078537"></trkpt><trkpt lat="34.460386" lon="-94.079055"></trkpt><trkpt lat="34.460143" lon="-94.079344"></trkpt><trkpt lat="34.459736" lon="-94.079729"></trkpt><trkpt lat="34.459448" lon="-94.079908"></trkpt></trkseg></trk><trk><name>T065 BR5F828</name><trkseg><trkpt lat="34.485470" lon="-94.125073"></trkpt><trkpt lat="34.485395" lon="-94.124955"></trkpt><trkpt lat="34.485043" lon="-94.124636"></trkpt><trkpt lat="34.484900" lon="-94.124662"></trkpt><trkpt lat="34.484781" lon="-94.124747"></trkpt><trkpt lat="34.484638" lon="-94.124773"></trkpt><trkpt lat="34.484543" lon="-94.124829"></trkpt><trkpt lat="34.484448" lon="-94.124828"></trkpt><trkpt lat="34.484186" lon="-94.124911"></trkpt><trkpt lat="34.483902" lon="-94.124907"></trkpt><trkpt lat="34.483782" lon="-94.125048"></trkpt><trkpt lat="34.483663" lon="-94.125104"></trkpt><trkpt lat="34.483236" lon="-94.125127"></trkpt><trkpt lat="34.482613" lon="-94.125719"></trkpt></trkseg></trk><trk><name>T066 BR5F828</name><trkseg><trkpt lat="34.456921" lon="-94.087478"></trkpt><trkpt lat="34.456913" lon="-94.087102"></trkpt><trkpt lat="34.456813" lon="-94.086716"></trkpt><trkpt lat="34.456779" lon="-94.086444"></trkpt><trkpt lat="34.456726" lon="-94.085576"></trkpt><trkpt lat="34.456737" lon="-94.083867"></trkpt><trkpt lat="34.456666" lon="-94.083473"></trkpt><trkpt lat="34.456691" lon="-94.082974"></trkpt><trkpt lat="34.456593" lon="-94.082264"></trkpt><trkpt lat="34.456672" lon="-94.081536"></trkpt><trkpt lat="34.456585" lon="-94.081165"></trkpt><trkpt lat="34.456587" lon="-94.080954"></trkpt><trkpt lat="34.456623" lon="-94.080898"></trkpt><trkpt lat="34.456405" lon="-94.080624"></trkpt><trkpt lat="34.456236" lon="-94.080288"></trkpt><trkpt lat="34.456199" lon="-94.080149"></trkpt><trkpt lat="34.456121" lon="-94.080035"></trkpt><trkpt lat="34.455864" lon="-94.079880"></trkpt><trkpt lat="34.455779" lon="-94.079713"></trkpt><trkpt lat="34.455735" lon="-94.079086"></trkpt><trkpt lat="34.455754" lon="-94.079004"></trkpt><trkpt lat="34.455585" lon="-94.078483"></trkpt><trkpt lat="34.455673" lon="-94.078031"></trkpt><trkpt lat="34.455681" lon="-94.077366"></trkpt><trkpt lat="34.455464" lon="-94.076863"></trkpt><trkpt lat="34.455362" lon="-94.076739"></trkpt><trkpt lat="34.455220" lon="-94.076658"></trkpt><trkpt lat="34.455132" lon="-94.076484"></trkpt><trkpt lat="34.455103" lon="-94.076169"></trkpt><trkpt lat="34.455144" lon="-94.075862"></trkpt><trkpt lat="34.455101" lon="-94.075389"></trkpt><trkpt lat="34.455137" lon="-94.075310"></trkpt><trkpt lat="34.455070" lon="-94.074984"></trkpt><trkpt lat="34.454834" lon="-94.074374"></trkpt><trkpt lat="34.454758" lon="-94.074095"></trkpt><trkpt lat="34.454781" lon="-94.074029"></trkpt><trkpt lat="34.454896" lon="-94.074077"></trkpt><trkpt lat="34.455144" lon="-94.074288"></trkpt><trkpt lat="34.455248" lon="-94.074504"></trkpt><trkpt lat="34.455348" lon="-94.074965"></trkpt><trkpt lat="34.455560" lon="-94.075683"></trkpt><trkpt lat="34.455628" lon="-94.075968"></trkpt><trkpt lat="34.455628" lon="-94.076199"></trkpt><trkpt lat="34.455997" lon="-94.076566"></trkpt><trkpt lat="34.456134" lon="-94.076789"></trkpt><trkpt lat="34.456231" lon="-94.077023"></trkpt><trkpt lat="34.456313" lon="-94.077494"></trkpt><trkpt lat="34.456337" lon="-94.078057"></trkpt><trkpt lat="34.456319" lon="-94.078599"></trkpt><trkpt lat="34.456403" lon="-94.079088"></trkpt><trkpt lat="34.456562" lon="-94.079173"></trkpt><trkpt lat="34.456727" lon="-94.079321"></trkpt><trkpt lat="34.456966" lon="-94.079383"></trkpt><trkpt lat="34.457126" lon="-94.079684"></trkpt><trkpt lat="34.457314" lon="-94.079789"></trkpt><trkpt lat="34.457470" lon="-94.079947"></trkpt><trkpt lat="34.457626" lon="-94.080224"></trkpt><trkpt lat="34.457731" lon="-94.080556"></trkpt><trkpt lat="34.458042" lon="-94.081106"></trkpt><trkpt lat="34.458160" lon="-94.081468"></trkpt><trkpt lat="34.458310" lon="-94.081599"></trkpt><trkpt lat="34.458576" lon="-94.081612"></trkpt><trkpt lat="34.458621" lon="-94.081669"></trkpt><trkpt lat="34.458644" lon="-94.081829"></trkpt><trkpt lat="34.458584" lon="-94.082029"></trkpt><trkpt lat="34.458907" lon="-94.082681"></trkpt><trkpt lat="34.458963" lon="-94.082719"></trkpt><trkpt lat="34.459067" lon="-94.082704"></trkpt><trkpt lat="34.459120" lon="-94.082624"></trkpt><trkpt lat="34.459167" lon="-94.082343"></trkpt><trkpt lat="34.459248" lon="-94.082097"></trkpt><trkpt lat="34.459517" lon="-94.081994"></trkpt><trkpt lat="34.459758" lon="-94.081796"></trkpt><trkpt lat="34.460038" lon="-94.081771"></trkpt><trkpt lat="34.460115" lon="-94.081740"></trkpt><trkpt lat="34.459886" lon="-94.081310"></trkpt><trkpt lat="34.459669" lon="-94.080390"></trkpt><trkpt lat="34.459459" lon="-94.079945"></trkpt><trkpt lat="34.459352" lon="-94.079518"></trkpt><trkpt lat="34.459281" lon="-94.079414"></trkpt><trkpt lat="34.459132" lon="-94.078957"></trkpt><trkpt lat="34.459126" lon="-94.078863"></trkpt><trkpt lat="34.459392" lon="-94.078371"></trkpt><trkpt lat="34.459354" lon="-94.078063"></trkpt><trkpt lat="34.459213" lon="-94.077942"></trkpt><trkpt lat="34.459107" lon="-94.077657"></trkpt><trkpt lat="34.459109" lon="-94.077469"></trkpt><trkpt lat="34.459010" lon="-94.077160"></trkpt><trkpt lat="34.458819" lon="-94.075536"></trkpt><trkpt lat="34.458665" lon="-94.075164"></trkpt><trkpt lat="34.458639" lon="-94.074254"></trkpt><trkpt lat="34.458726" lon="-94.073849"></trkpt><trkpt lat="34.458718" lon="-94.073730"></trkpt><trkpt lat="34.458441" lon="-94.073109"></trkpt><trkpt lat="34.458348" lon="-94.072713"></trkpt><trkpt lat="34.458175" lon="-94.072400"></trkpt><trkpt lat="34.458214" lon="-94.072014"></trkpt><trkpt lat="34.458031" lon="-94.071341"></trkpt><trkpt lat="34.457766" lon="-94.070660"></trkpt><trkpt lat="34.457732" lon="-94.070500"></trkpt><trkpt lat="34.457710" lon="-94.070120"></trkpt><trkpt lat="34.457768" lon="-94.069418"></trkpt><trkpt lat="34.457438" lon="-94.068796"></trkpt><trkpt lat="34.457454" lon="-94.068736"></trkpt><trkpt lat="34.457389" lon="-94.068387"></trkpt><trkpt lat="34.457516" lon="-94.067883"></trkpt><trkpt lat="34.457537" lon="-94.067450"></trkpt><trkpt lat="34.457496" lon="-94.067232"></trkpt><trkpt lat="34.457437" lon="-94.067093"></trkpt><trkpt lat="34.457193" lon="-94.066900"></trkpt><trkpt lat="34.457044" lon="-94.066649"></trkpt><trkpt lat="34.457066" lon="-94.066429"></trkpt><trkpt lat="34.456777" lon="-94.066014"></trkpt><trkpt lat="34.456401" lon="-94.065625"></trkpt><trkpt lat="34.456110" lon="-94.065183"></trkpt><trkpt lat="34.455786" lon="-94.064818"></trkpt><trkpt lat="34.455483" lon="-94.064619"></trkpt><trkpt lat="34.455430" lon="-94.064536"></trkpt><trkpt lat="34.454755" lon="-94.063152"></trkpt><trkpt lat="34.454644" lon="-94.062435"></trkpt><trkpt lat="34.454558" lon="-94.062177"></trkpt><trkpt lat="34.454381" lon="-94.061998"></trkpt><trkpt lat="34.454061" lon="-94.061758"></trkpt><trkpt lat="34.453912" lon="-94.061575"></trkpt><trkpt lat="34.453644" lon="-94.060952"></trkpt><trkpt lat="34.453453" lon="-94.060411"></trkpt><trkpt lat="34.453361" lon="-94.059317"></trkpt><trkpt lat="34.453470" lon="-94.058933"></trkpt><trkpt lat="34.453607" lon="-94.058717"></trkpt><trkpt lat="34.453898" lon="-94.058423"></trkpt><trkpt lat="34.454452" lon="-94.057762"></trkpt><trkpt lat="34.454756" lon="-94.057249"></trkpt><trkpt lat="34.454822" lon="-94.056935"></trkpt><trkpt lat="34.454794" lon="-94.056765"></trkpt><trkpt lat="34.454914" lon="-94.056686"></trkpt><trkpt lat="34.454956" lon="-94.056541"></trkpt><trkpt lat="34.455510" lon="-94.056066"></trkpt><trkpt lat="34.455515" lon="-94.055996"></trkpt><trkpt lat="34.455650" lon="-94.055847"></trkpt><trkpt lat="34.455711" lon="-94.055253"></trkpt><trkpt lat="34.455615" lon="-94.054963"></trkpt><trkpt lat="34.455573" lon="-94.054238"></trkpt><trkpt lat="34.455329" lon="-94.053767"></trkpt><trkpt lat="34.455136" lon="-94.053141"></trkpt><trkpt lat="34.455022" lon="-94.052879"></trkpt><trkpt lat="34.455007" lon="-94.052788"></trkpt><trkpt lat="34.455052" lon="-94.052446"></trkpt><trkpt lat="34.454920" lon="-94.051346"></trkpt><trkpt lat="34.454900" lon="-94.050723"></trkpt><trkpt lat="34.454831" lon="-94.050608"></trkpt><trkpt lat="34.455186" lon="-94.049746"></trkpt><trkpt lat="34.455255" lon="-94.049284"></trkpt><trkpt lat="34.455077" lon="-94.048049"></trkpt><trkpt lat="34.455158" lon="-94.047228"></trkpt><trkpt lat="34.454871" lon="-94.045945"></trkpt><trkpt lat="34.454796" lon="-94.044427"></trkpt><trkpt lat="34.454791" lon="-94.043728"></trkpt><trkpt lat="34.455074" lon="-94.043369"></trkpt><trkpt lat="34.455113" lon="-94.043278"></trkpt><trkpt lat="34.455108" lon="-94.042561"></trkpt><trkpt lat="34.455051" lon="-94.042393"></trkpt><trkpt lat="34.455061" lon="-94.041904"></trkpt><trkpt lat="34.454975" lon="-94.040967"></trkpt><trkpt lat="34.454658" lon="-94.040325"></trkpt><trkpt lat="34.454594" lon="-94.039328"></trkpt><trkpt lat="34.454326" lon="-94.038245"></trkpt><trkpt lat="34.454412" lon="-94.037660"></trkpt><trkpt lat="34.454334" lon="-94.037307"></trkpt><trkpt lat="34.454219" lon="-94.036274"></trkpt><trkpt lat="34.454114" lon="-94.034562"></trkpt><trkpt lat="34.453664" lon="-94.034437"></trkpt><trkpt lat="34.453022" lon="-94.033784"></trkpt><trkpt lat="34.452927" lon="-94.033377"></trkpt><trkpt lat="34.452913" lon="-94.033117"></trkpt><trkpt lat="34.452313" lon="-94.032142"></trkpt><trkpt lat="34.451982" lon="-94.031509"></trkpt><trkpt lat="34.451779" lon="-94.029981"></trkpt><trkpt lat="34.451918" lon="-94.030041"></trkpt><trkpt lat="34.452083" lon="-94.030010"></trkpt><trkpt lat="34.452233" lon="-94.030044"></trkpt><trkpt lat="34.452279" lon="-94.030039"></trkpt><trkpt lat="34.452343" lon="-94.029938"></trkpt><trkpt lat="34.452301" lon="-94.029775"></trkpt><trkpt lat="34.452237" lon="-94.029682"></trkpt><trkpt lat="34.452148" lon="-94.029172"></trkpt><trkpt lat="34.452160" lon="-94.028912"></trkpt><trkpt lat="34.452213" lon="-94.028742"></trkpt><trkpt lat="34.452257" lon="-94.028335"></trkpt><trkpt lat="34.452314" lon="-94.028280"></trkpt><trkpt lat="34.452319" lon="-94.028189"></trkpt><trkpt lat="34.452256" lon="-94.027950"></trkpt><trkpt lat="34.452273" lon="-94.027781"></trkpt><trkpt lat="34.452217" lon="-94.027687"></trkpt><trkpt lat="34.452207" lon="-94.027582"></trkpt><trkpt lat="34.452424" lon="-94.027479"></trkpt><trkpt lat="34.452633" lon="-94.027285"></trkpt><trkpt lat="34.452771" lon="-94.027028"></trkpt><trkpt lat="34.452950" lon="-94.026624"></trkpt><trkpt lat="34.453277" lon="-94.026317"></trkpt><trkpt lat="34.453408" lon="-94.026290"></trkpt><trkpt lat="34.453542" lon="-94.026143"></trkpt><trkpt lat="34.453617" lon="-94.026110"></trkpt><trkpt lat="34.453829" lon="-94.025831"></trkpt><trkpt lat="34.454145" lon="-94.025779"></trkpt><trkpt lat="34.454409" lon="-94.025785"></trkpt><trkpt lat="34.454841" lon="-94.025552"></trkpt><trkpt lat="34.455130" lon="-94.025264"></trkpt><trkpt lat="34.455206" lon="-94.024582"></trkpt><trkpt lat="34.455155" lon="-94.024450"></trkpt><trkpt lat="34.455293" lon="-94.024346"></trkpt><trkpt lat="34.455437" lon="-94.024356"></trkpt><trkpt lat="34.455471" lon="-94.024336"></trkpt><trkpt lat="34.455474" lon="-94.024282"></trkpt><trkpt lat="34.455757" lon="-94.024175"></trkpt><trkpt lat="34.455934" lon="-94.023795"></trkpt><trkpt lat="34.456090" lon="-94.023723"></trkpt><trkpt lat="34.456301" lon="-94.023496"></trkpt><trkpt lat="34.456352" lon="-94.023077"></trkpt><trkpt lat="34.456281" lon="-94.022928"></trkpt><trkpt lat="34.456294" lon="-94.022806"></trkpt><trkpt lat="34.456447" lon="-94.022475"></trkpt><trkpt lat="34.456524" lon="-94.022470"></trkpt><trkpt lat="34.456697" lon="-94.022545"></trkpt><trkpt lat="34.457103" lon="-94.022552"></trkpt><trkpt lat="34.457266" lon="-94.022489"></trkpt><trkpt lat="34.457395" lon="-94.022329"></trkpt><trkpt lat="34.457583" lon="-94.022290"></trkpt><trkpt lat="34.457745" lon="-94.022299"></trkpt><trkpt lat="34.457884" lon="-94.022191"></trkpt><trkpt lat="34.458153" lon="-94.022109"></trkpt><trkpt lat="34.458240" lon="-94.022113"></trkpt><trkpt lat="34.458318" lon="-94.022037"></trkpt><trkpt lat="34.458665" lon="-94.022061"></trkpt><trkpt lat="34.458747" lon="-94.022169"></trkpt><trkpt lat="34.458964" lon="-94.022697"></trkpt><trkpt lat="34.459012" lon="-94.023144"></trkpt><trkpt lat="34.459069" lon="-94.023267"></trkpt><trkpt lat="34.459116" lon="-94.023595"></trkpt><trkpt lat="34.459637" lon="-94.024197"></trkpt><trkpt lat="34.459886" lon="-94.024544"></trkpt><trkpt lat="34.460237" lon="-94.024645"></trkpt><trkpt lat="34.460416" lon="-94.024824"></trkpt><trkpt lat="34.460665" lon="-94.025009"></trkpt><trkpt lat="34.460781" lon="-94.025154"></trkpt><trkpt lat="34.460815" lon="-94.025393"></trkpt><trkpt lat="34.460877" lon="-94.025491"></trkpt><trkpt lat="34.460878" lon="-94.025948"></trkpt><trkpt lat="34.460739" lon="-94.026128"></trkpt><trkpt lat="34.460793" lon="-94.026351"></trkpt><trkpt lat="34.460862" lon="-94.026480"></trkpt><trkpt lat="34.460816" lon="-94.026563"></trkpt><trkpt lat="34.460385" lon="-94.026839"></trkpt><trkpt lat="34.460152" lon="-94.027570"></trkpt><trkpt lat="34.460207" lon="-94.027724"></trkpt><trkpt lat="34.460272" lon="-94.027777"></trkpt><trkpt lat="34.460398" lon="-94.027765"></trkpt><trkpt lat="34.460692" lon="-94.027421"></trkpt><trkpt lat="34.460782" lon="-94.027442"></trkpt><trkpt lat="34.460888" lon="-94.027604"></trkpt><trkpt lat="34.461114" lon="-94.027831"></trkpt><trkpt lat="34.461212" lon="-94.028028"></trkpt><trkpt lat="34.461365" lon="-94.028571"></trkpt><trkpt lat="34.461511" lon="-94.028888"></trkpt><trkpt lat="34.461621" lon="-94.028977"></trkpt><trkpt lat="34.461846" lon="-94.028700"></trkpt><trkpt lat="34.461897" lon="-94.028585"></trkpt><trkpt lat="34.462419" lon="-94.028154"></trkpt><trkpt lat="34.462485" lon="-94.028129"></trkpt><trkpt lat="34.462502" lon="-94.028160"></trkpt><trkpt lat="34.462452" lon="-94.029603"></trkpt><trkpt lat="34.462529" lon="-94.030110"></trkpt><trkpt lat="34.462563" lon="-94.030606"></trkpt><trkpt lat="34.462539" lon="-94.030798"></trkpt><trkpt lat="34.462339" lon="-94.031559"></trkpt><trkpt lat="34.462300" lon="-94.032064"></trkpt><trkpt lat="34.462453" lon="-94.032713"></trkpt><trkpt lat="34.462785" lon="-94.033393"></trkpt><trkpt lat="34.462952" lon="-94.033657"></trkpt><trkpt lat="34.463095" lon="-94.034127"></trkpt><trkpt lat="34.463128" lon="-94.034742"></trkpt><trkpt lat="34.463098" lon="-94.035375"></trkpt><trkpt lat="34.462909" lon="-94.036611"></trkpt><trkpt lat="34.462892" lon="-94.036784"></trkpt><trkpt lat="34.462925" lon="-94.037338"></trkpt><trkpt lat="34.462883" lon="-94.037518"></trkpt><trkpt lat="34.462973" lon="-94.038136"></trkpt><trkpt lat="34.463179" lon="-94.038582"></trkpt><trkpt lat="34.463184" lon="-94.038758"></trkpt><trkpt lat="34.462904" lon="-94.039598"></trkpt><trkpt lat="34.462937" lon="-94.039934"></trkpt><trkpt lat="34.463023" lon="-94.040216"></trkpt><trkpt lat="34.463049" lon="-94.040570"></trkpt><trkpt lat="34.463046" lon="-94.040670"></trkpt><trkpt lat="34.462919" lon="-94.041054"></trkpt><trkpt lat="34.462969" lon="-94.041270"></trkpt><trkpt lat="34.462895" lon="-94.041923"></trkpt><trkpt lat="34.462930" lon="-94.042666"></trkpt><trkpt lat="34.462447" lon="-94.044554"></trkpt><trkpt lat="34.462394" lon="-94.045524"></trkpt><trkpt lat="34.462617" lon="-94.047860"></trkpt><trkpt lat="34.462692" lon="-94.048258"></trkpt><trkpt lat="34.462955" lon="-94.048876"></trkpt><trkpt lat="34.463055" lon="-94.049323"></trkpt><trkpt lat="34.463046" lon="-94.050185"></trkpt><trkpt lat="34.463137" lon="-94.051092"></trkpt><trkpt lat="34.463246" lon="-94.051804"></trkpt><trkpt lat="34.463252" lon="-94.052180"></trkpt><trkpt lat="34.463150" lon="-94.052672"></trkpt><trkpt lat="34.462967" lon="-94.053318"></trkpt><trkpt lat="34.462856" lon="-94.053583"></trkpt><trkpt lat="34.462607" lon="-94.053999"></trkpt><trkpt lat="34.462579" lon="-94.054115"></trkpt><trkpt lat="34.462695" lon="-94.054534"></trkpt><trkpt lat="34.462678" lon="-94.054698"></trkpt><trkpt lat="34.462500" lon="-94.055130"></trkpt><trkpt lat="34.462430" lon="-94.055753"></trkpt><trkpt lat="34.462335" lon="-94.056211"></trkpt><trkpt lat="34.462273" lon="-94.056348"></trkpt><trkpt lat="34.462038" lon="-94.056671"></trkpt><trkpt lat="34.461755" lon="-94.056853"></trkpt><trkpt lat="34.461514" lon="-94.056878"></trkpt><trkpt lat="34.461412" lon="-94.056839"></trkpt><trkpt lat="34.461131" lon="-94.056838"></trkpt><trkpt lat="34.460979" lon="-94.056954"></trkpt><trkpt lat="34.460917" lon="-94.057041"></trkpt><trkpt lat="34.460879" lon="-94.057232"></trkpt><trkpt lat="34.460917" lon="-94.057508"></trkpt><trkpt lat="34.461540" lon="-94.057765"></trkpt><trkpt lat="34.462232" lon="-94.058270"></trkpt><trkpt lat="34.462506" lon="-94.058430"></trkpt><trkpt lat="34.462776" lon="-94.058672"></trkpt><trkpt lat="34.463007" lon="-94.059123"></trkpt><trkpt lat="34.463211" lon="-94.059738"></trkpt><trkpt lat="34.463292" lon="-94.060090"></trkpt><trkpt lat="34.463283" lon="-94.060574"></trkpt><trkpt lat="34.462986" lon="-94.061215"></trkpt><trkpt lat="34.462842" lon="-94.061213"></trkpt><trkpt lat="34.461840" lon="-94.060609"></trkpt><trkpt lat="34.461524" lon="-94.060361"></trkpt><trkpt lat="34.461406" lon="-94.060673"></trkpt><trkpt lat="34.461117" lon="-94.060774"></trkpt><trkpt lat="34.460888" lon="-94.060632"></trkpt><trkpt lat="34.460489" lon="-94.060070"></trkpt><trkpt lat="34.460290" lon="-94.059685"></trkpt><trkpt lat="34.460118" lon="-94.059543"></trkpt><trkpt lat="34.460002" lon="-94.059611"></trkpt><trkpt lat="34.459915" lon="-94.059715"></trkpt><trkpt lat="34.459768" lon="-94.060130"></trkpt><trkpt lat="34.459447" lon="-94.060405"></trkpt><trkpt lat="34.459331" lon="-94.060577"></trkpt><trkpt lat="34.459101" lon="-94.060609"></trkpt><trkpt lat="34.459042" lon="-94.060574"></trkpt><trkpt lat="34.458956" lon="-94.060607"></trkpt><trkpt lat="34.458955" lon="-94.060781"></trkpt><trkpt lat="34.458841" lon="-94.060676"></trkpt><trkpt lat="34.458697" lon="-94.060639"></trkpt><trkpt lat="34.458494" lon="-94.060636"></trkpt><trkpt lat="34.458436" lon="-94.060775"></trkpt><trkpt lat="34.458464" lon="-94.060984"></trkpt><trkpt lat="34.458433" lon="-94.061158"></trkpt><trkpt lat="34.458289" lon="-94.061121"></trkpt><trkpt lat="34.458116" lon="-94.061014"></trkpt><trkpt lat="34.457791" lon="-94.060885"></trkpt><trkpt lat="34.457657" lon="-94.060939"></trkpt><trkpt lat="34.457540" lon="-94.061146"></trkpt><trkpt lat="34.457453" lon="-94.061110"></trkpt><trkpt lat="34.457281" lon="-94.061108"></trkpt><trkpt lat="34.457165" lon="-94.061037"></trkpt><trkpt lat="34.457079" lon="-94.061036"></trkpt><trkpt lat="34.457048" lon="-94.061210"></trkpt><trkpt lat="34.456933" lon="-94.061243"></trkpt><trkpt lat="34.456674" lon="-94.061239"></trkpt><trkpt lat="34.456560" lon="-94.061099"></trkpt><trkpt lat="34.456476" lon="-94.060924"></trkpt><trkpt lat="34.455932" lon="-94.060465"></trkpt><trkpt lat="34.455845" lon="-94.060324"></trkpt><trkpt lat="34.455701" lon="-94.060323"></trkpt><trkpt lat="34.455672" lon="-94.060600"></trkpt><trkpt lat="34.455583" lon="-94.060704"></trkpt><trkpt lat="34.455469" lon="-94.060633"></trkpt><trkpt lat="34.455353" lon="-94.060736"></trkpt><trkpt lat="34.455209" lon="-94.060664"></trkpt><trkpt lat="34.455096" lon="-94.060454"></trkpt><trkpt lat="34.454981" lon="-94.060383"></trkpt><trkpt lat="34.454808" lon="-94.060346"></trkpt><trkpt lat="34.454516" lon="-94.060725"></trkpt><trkpt lat="34.454515" lon="-94.060829"></trkpt><trkpt lat="34.454429" lon="-94.060933"></trkpt><trkpt lat="34.454200" lon="-94.060825"></trkpt><trkpt lat="34.454026" lon="-94.060893"></trkpt><trkpt lat="34.453996" lon="-94.060962"></trkpt><trkpt lat="34.453767" lon="-94.061103"></trkpt><trkpt lat="34.453702" lon="-94.061095"></trkpt></trkseg></trk><trk><name>T067 BR5F828</name><trkseg><trkpt lat="34.460038" lon="-94.081771"></trkpt><trkpt lat="34.460351" lon="-94.082144"></trkpt><trkpt lat="34.460525" lon="-94.082434"></trkpt><trkpt lat="34.460812" lon="-94.083258"></trkpt><trkpt lat="34.460891" lon="-94.083293"></trkpt><trkpt lat="34.461448" lon="-94.083082"></trkpt><trkpt lat="34.461578" lon="-94.083097"></trkpt><trkpt lat="34.461674" lon="-94.083153"></trkpt><trkpt lat="34.462041" lon="-94.083260"></trkpt><trkpt lat="34.462245" lon="-94.083263"></trkpt><trkpt lat="34.462454" lon="-94.083396"></trkpt><trkpt lat="34.462907" lon="-94.084010"></trkpt><trkpt lat="34.462934" lon="-94.084770"></trkpt><trkpt lat="34.463118" lon="-94.085819"></trkpt><trkpt lat="34.463236" lon="-94.085848"></trkpt><trkpt lat="34.463464" lon="-94.085776"></trkpt><trkpt lat="34.463582" lon="-94.085873"></trkpt><trkpt lat="34.463632" lon="-94.085990"></trkpt><trkpt lat="34.463594" lon="-94.086372"></trkpt><trkpt lat="34.463444" lon="-94.086699"></trkpt><trkpt lat="34.463443" lon="-94.086835"></trkpt><trkpt lat="34.463486" lon="-94.087055"></trkpt><trkpt lat="34.463677" lon="-94.087228"></trkpt><trkpt lat="34.463745" lon="-94.087941"></trkpt><trkpt lat="34.463962" lon="-94.088313"></trkpt><trkpt lat="34.463983" lon="-94.088491"></trkpt><trkpt lat="34.463919" lon="-94.088682"></trkpt><trkpt lat="34.463924" lon="-94.088812"></trkpt><trkpt lat="34.463995" lon="-94.089059"></trkpt><trkpt lat="34.463999" lon="-94.089271"></trkpt><trkpt lat="34.464371" lon="-94.090110"></trkpt><trkpt lat="34.464742" lon="-94.090505"></trkpt><trkpt lat="34.464920" lon="-94.090802"></trkpt><trkpt lat="34.464975" lon="-94.090987"></trkpt><trkpt lat="34.465051" lon="-94.091419"></trkpt><trkpt lat="34.464944" lon="-94.091985"></trkpt><trkpt lat="34.465100" lon="-94.092842"></trkpt><trkpt lat="34.465232" lon="-94.093289"></trkpt><trkpt lat="34.465259" lon="-94.093535"></trkpt><trkpt lat="34.465391" lon="-94.093907"></trkpt><trkpt lat="34.465533" lon="-94.094510"></trkpt><trkpt lat="34.465870" lon="-94.095527"></trkpt><trkpt lat="34.466293" lon="-94.096285"></trkpt><trkpt lat="34.466540" lon="-94.096624"></trkpt><trkpt lat="34.466681" lon="-94.096701"></trkpt><trkpt lat="34.466805" lon="-94.096709"></trkpt><trkpt lat="34.466936" lon="-94.096608"></trkpt><trkpt lat="34.467057" lon="-94.096411"></trkpt><trkpt lat="34.467153" lon="-94.096420"></trkpt><trkpt lat="34.467238" lon="-94.096496"></trkpt><trkpt lat="34.467349" lon="-94.096730"></trkpt><trkpt lat="34.467359" lon="-94.096853"></trkpt><trkpt lat="34.467566" lon="-94.097136"></trkpt><trkpt lat="34.468028" lon="-94.097484"></trkpt><trkpt lat="34.468230" lon="-94.097706"></trkpt><trkpt lat="34.468737" lon="-94.097986"></trkpt><trkpt lat="34.468815" lon="-94.098186"></trkpt><trkpt lat="34.468791" lon="-94.098247"></trkpt><trkpt lat="34.468609" lon="-94.098320"></trkpt><trkpt lat="34.468229" lon="-94.098411"></trkpt><trkpt lat="34.468149" lon="-94.098512"></trkpt><trkpt lat="34.468079" lon="-94.098703"></trkpt><trkpt lat="34.468076" lon="-94.099004"></trkpt><trkpt lat="34.468125" lon="-94.099251"></trkpt><trkpt lat="34.468506" lon="-94.100378"></trkpt><trkpt lat="34.468551" lon="-94.101001"></trkpt><trkpt lat="34.468787" lon="-94.101250"></trkpt><trkpt lat="34.468800" lon="-94.101709"></trkpt><trkpt lat="34.468916" lon="-94.101997"></trkpt><trkpt lat="34.468987" lon="-94.102299"></trkpt><trkpt lat="34.469296" lon="-94.102625"></trkpt><trkpt lat="34.469423" lon="-94.102962"></trkpt><trkpt lat="34.469415" lon="-94.103263"></trkpt><trkpt lat="34.469497" lon="-94.103524"></trkpt><trkpt lat="34.469537" lon="-94.103517"></trkpt><trkpt lat="34.469702" lon="-94.104053"></trkpt><trkpt lat="34.469690" lon="-94.104162"></trkpt><trkpt lat="34.469795" lon="-94.104451"></trkpt><trkpt lat="34.469875" lon="-94.104945"></trkpt><trkpt lat="34.469830" lon="-94.104971"></trkpt><trkpt lat="34.469975" lon="-94.105261"></trkpt><trkpt lat="34.470042" lon="-94.105330"></trkpt><trkpt lat="34.470206" lon="-94.105401"></trkpt><trkpt lat="34.470382" lon="-94.105574"></trkpt><trkpt lat="34.470630" lon="-94.105724"></trkpt><trkpt lat="34.470755" lon="-94.105753"></trkpt><trkpt lat="34.470857" lon="-94.105731"></trkpt><trkpt lat="34.471090" lon="-94.105539"></trkpt><trkpt lat="34.471193" lon="-94.105388"></trkpt><trkpt lat="34.471385" lon="-94.104896"></trkpt><trkpt lat="34.471686" lon="-94.104594"></trkpt><trkpt lat="34.471857" lon="-94.104059"></trkpt><trkpt lat="34.472006" lon="-94.103972"></trkpt><trkpt lat="34.472183" lon="-94.104105"></trkpt></trkseg></trk><trk><name>T068 BR5F828</name><trkseg><trkpt lat="34.457356" lon="-94.067033"></trkpt><trkpt lat="34.457293" lon="-94.067015"></trkpt><trkpt lat="34.457148" lon="-94.067074"></trkpt><trkpt lat="34.457014" lon="-94.066989"></trkpt><trkpt lat="34.456708" lon="-94.066913"></trkpt><trkpt lat="34.456486" lon="-94.066981"></trkpt><trkpt lat="34.456277" lon="-94.067209"></trkpt><trkpt lat="34.456244" lon="-94.067373"></trkpt><trkpt lat="34.456174" lon="-94.067372"></trkpt><trkpt lat="34.455902" lon="-94.067552"></trkpt><trkpt lat="34.455699" lon="-94.067551"></trkpt><trkpt lat="34.455275" lon="-94.067867"></trkpt><trkpt lat="34.455254" lon="-94.067930"></trkpt><trkpt lat="34.455007" lon="-94.068027"></trkpt><trkpt lat="34.454776" lon="-94.067923"></trkpt><trkpt lat="34.454564" lon="-94.067898"></trkpt><trkpt lat="34.454400" lon="-94.068392"></trkpt><trkpt lat="34.454202" lon="-94.068604"></trkpt><trkpt lat="34.454192" lon="-94.068666"></trkpt><trkpt lat="34.453996" lon="-94.068972"></trkpt><trkpt lat="34.453897" lon="-94.068992"></trkpt><trkpt lat="34.453712" lon="-94.068940"></trkpt><trkpt lat="34.453360" lon="-94.069214"></trkpt><trkpt lat="34.453541" lon="-94.070145"></trkpt><trkpt lat="34.453564" lon="-94.071171"></trkpt><trkpt lat="34.453506" lon="-94.071592"></trkpt><trkpt lat="34.453442" lon="-94.071707"></trkpt><trkpt lat="34.453390" lon="-94.072311"></trkpt><trkpt lat="34.453425" lon="-94.072659"></trkpt><trkpt lat="34.453133" lon="-94.073284"></trkpt><trkpt lat="34.453072" lon="-94.073504"></trkpt><trkpt lat="34.452928" lon="-94.073820"></trkpt><trkpt lat="34.452820" lon="-94.073980"></trkpt><trkpt lat="34.452824" lon="-94.074042"></trkpt><trkpt lat="34.452181" lon="-94.075360"></trkpt><trkpt lat="34.452192" lon="-94.075424"></trkpt><trkpt lat="34.452317" lon="-94.075876"></trkpt><trkpt lat="34.452436" lon="-94.075939"></trkpt><trkpt lat="34.452748" lon="-94.075809"></trkpt><trkpt lat="34.453199" lon="-94.076023"></trkpt><trkpt lat="34.453328" lon="-94.076259"></trkpt><trkpt lat="34.453301" lon="-94.076997"></trkpt><trkpt lat="34.453273" lon="-94.077115"></trkpt><trkpt lat="34.453163" lon="-94.077285"></trkpt><trkpt lat="34.453096" lon="-94.077687"></trkpt><trkpt lat="34.453272" lon="-94.077938"></trkpt><trkpt lat="34.453619" lon="-94.078247"></trkpt><trkpt lat="34.453642" lon="-94.078773"></trkpt><trkpt lat="34.453420" lon="-94.079112"></trkpt><trkpt lat="34.453497" lon="-94.079318"></trkpt><trkpt lat="34.453781" lon="-94.079797"></trkpt><trkpt lat="34.453764" lon="-94.080427"></trkpt><trkpt lat="34.453832" lon="-94.080713"></trkpt><trkpt lat="34.453804" lon="-94.080835"></trkpt><trkpt lat="34.453846" lon="-94.081187"></trkpt><trkpt lat="34.454018" lon="-94.081601"></trkpt><trkpt lat="34.454094" lon="-94.081682"></trkpt><trkpt lat="34.454518" lon="-94.081871"></trkpt><trkpt lat="34.454823" lon="-94.081810"></trkpt><trkpt lat="34.454926" lon="-94.081878"></trkpt><trkpt lat="34.454952" lon="-94.081978"></trkpt><trkpt lat="34.454826" lon="-94.082451"></trkpt><trkpt lat="34.454781" lon="-94.082479"></trkpt><trkpt lat="34.454755" lon="-94.082568"></trkpt><trkpt lat="34.454749" lon="-94.082737"></trkpt><trkpt lat="34.454801" lon="-94.082772"></trkpt><trkpt lat="34.455080" lon="-94.082780"></trkpt><trkpt lat="34.455145" lon="-94.082838"></trkpt><trkpt lat="34.455322" lon="-94.083042"></trkpt><trkpt lat="34.455655" lon="-94.083562"></trkpt><trkpt lat="34.455675" lon="-94.083642"></trkpt><trkpt lat="34.455609" lon="-94.083906"></trkpt><trkpt lat="34.455671" lon="-94.084026"></trkpt><trkpt lat="34.455636" lon="-94.084150"></trkpt><trkpt lat="34.455942" lon="-94.084743"></trkpt><trkpt lat="34.456081" lon="-94.085366"></trkpt><trkpt lat="34.456221" lon="-94.085643"></trkpt><trkpt lat="34.456274" lon="-94.085955"></trkpt><trkpt lat="34.456359" lon="-94.086093"></trkpt><trkpt lat="34.456467" lon="-94.086819"></trkpt><trkpt lat="34.456921" lon="-94.087478"></trkpt><trkpt lat="34.457227" lon="-94.088360"></trkpt><trkpt lat="34.457568" lon="-94.089579"></trkpt><trkpt lat="34.458081" lon="-94.090960"></trkpt><trkpt lat="34.458812" lon="-94.092396"></trkpt></trkseg></trk><trk><name>T069 BR5F828</name><trkseg><trkpt lat="35.745492" lon="-93.248503"></trkpt><trkpt lat="35.744784" lon="-93.248954"></trkpt><trkpt lat="35.744205" lon="-93.249647"></trkpt><trkpt lat="35.744103" lon="-93.250230"></trkpt><trkpt lat="35.744165" lon="-93.251197"></trkpt><trkpt lat="35.744135" lon="-93.251752"></trkpt><trkpt lat="35.744013" lon="-93.252013"></trkpt><trkpt lat="35.743772" lon="-93.252273"></trkpt><trkpt lat="35.743581" lon="-93.252299"></trkpt><trkpt lat="35.743533" lon="-93.252357"></trkpt><trkpt lat="35.743601" lon="-93.252680"></trkpt><trkpt lat="35.744335" lon="-93.253189"></trkpt><trkpt lat="35.744500" lon="-93.253367"></trkpt><trkpt lat="35.744496" lon="-93.253805"></trkpt><trkpt lat="35.744420" lon="-93.254185"></trkpt><trkpt lat="35.744322" lon="-93.254476"></trkpt><trkpt lat="35.744341" lon="-93.254944"></trkpt><trkpt lat="35.744639" lon="-93.256060"></trkpt><trkpt lat="35.744635" lon="-93.256411"></trkpt><trkpt lat="35.744511" lon="-93.256907"></trkpt><trkpt lat="35.744438" lon="-93.257081"></trkpt><trkpt lat="35.744433" lon="-93.257520"></trkpt><trkpt lat="35.744569" lon="-93.258166"></trkpt><trkpt lat="35.744757" lon="-93.258520"></trkpt><trkpt lat="35.744824" lon="-93.258930"></trkpt><trkpt lat="35.745156" lon="-93.259140"></trkpt><trkpt lat="35.745273" lon="-93.259318"></trkpt><trkpt lat="35.745168" lon="-93.260194"></trkpt><trkpt lat="35.745229" lon="-93.261277"></trkpt><trkpt lat="35.745509" lon="-93.261808"></trkpt><trkpt lat="35.745601" lon="-93.262190"></trkpt><trkpt lat="35.745664" lon="-93.262981"></trkpt><trkpt lat="35.745659" lon="-93.263419"></trkpt><trkpt lat="35.745512" lon="-93.263797"></trkpt><trkpt lat="35.745271" lon="-93.264057"></trkpt><trkpt lat="35.745149" lon="-93.264377"></trkpt><trkpt lat="35.745169" lon="-93.264699"></trkpt><trkpt lat="35.745595" lon="-93.265057"></trkpt><trkpt lat="35.745806" lon="-93.265353"></trkpt><trkpt lat="35.745898" lon="-93.265647"></trkpt><trkpt lat="35.745963" lon="-93.266350"></trkpt><trkpt lat="35.746146" lon="-93.267026"></trkpt><trkpt lat="35.746570" lon="-93.267530"></trkpt><trkpt lat="35.746732" lon="-93.268000"></trkpt><trkpt lat="35.746777" lon="-93.268294"></trkpt><trkpt lat="35.746703" lon="-93.268497"></trkpt><trkpt lat="35.746344" lon="-93.268609"></trkpt><trkpt lat="35.745649" lon="-93.269007"></trkpt><trkpt lat="35.744371" lon="-93.270605"></trkpt><trkpt lat="35.744146" lon="-93.271397"></trkpt><trkpt lat="35.744103" lon="-93.271337"></trkpt><trkpt lat="35.743676" lon="-93.271899"></trkpt><trkpt lat="35.743178" lon="-93.272171"></trkpt><trkpt lat="35.743069" lon="-93.272408"></trkpt><trkpt lat="35.743068" lon="-93.272749"></trkpt><trkpt lat="35.743317" lon="-93.273359"></trkpt><trkpt lat="35.743013" lon="-93.273769"></trkpt><trkpt lat="35.742738" lon="-93.273839"></trkpt><trkpt lat="35.742514" lon="-93.273974"></trkpt><trkpt lat="35.742432" lon="-93.274178"></trkpt><trkpt lat="35.743179" lon="-93.274449"></trkpt><trkpt lat="35.743957" lon="-93.275193"></trkpt><trkpt lat="35.744399" lon="-93.275773"></trkpt><trkpt lat="35.744565" lon="-93.275941"></trkpt><trkpt lat="35.745008" lon="-93.276109"></trkpt><trkpt lat="35.745812" lon="-93.276210"></trkpt><trkpt lat="35.746614" lon="-93.276448"></trkpt><trkpt lat="35.747752" lon="-93.276480"></trkpt><trkpt lat="35.748082" lon="-93.276411"></trkpt><trkpt lat="35.748747" lon="-93.276411"></trkpt><trkpt lat="35.748997" lon="-93.276375"></trkpt><trkpt lat="35.749411" lon="-93.276206"></trkpt><trkpt lat="35.749845" lon="-93.276251"></trkpt><trkpt lat="35.749799" lon="-93.275714"></trkpt><trkpt lat="35.749729" lon="-93.275625"></trkpt><trkpt lat="35.749521" lon="-93.274949"></trkpt><trkpt lat="35.749148" lon="-93.274124"></trkpt><trkpt lat="35.748677" lon="-93.273619"></trkpt><trkpt lat="35.748260" lon="-93.272442"></trkpt><trkpt lat="35.748288" lon="-93.272033"></trkpt><trkpt lat="35.748439" lon="-93.271304"></trkpt><trkpt lat="35.748876" lon="-93.270579"></trkpt><trkpt lat="35.749086" lon="-93.270137"></trkpt><trkpt lat="35.749509" lon="-93.269273"></trkpt><trkpt lat="35.749897" lon="-93.268723"></trkpt><trkpt lat="35.750068" lon="-93.268316"></trkpt><trkpt lat="35.749981" lon="-93.267554"></trkpt><trkpt lat="35.750080" lon="-93.267146"></trkpt><trkpt lat="35.750113" lon="-93.266269"></trkpt><trkpt lat="35.750094" lon="-93.265859"></trkpt><trkpt lat="35.750002" lon="-93.265507"></trkpt><trkpt lat="35.749883" lon="-93.265505"></trkpt><trkpt lat="35.748718" lon="-93.265194"></trkpt><trkpt lat="35.748504" lon="-93.265044"></trkpt><trkpt lat="35.748413" lon="-93.264662"></trkpt><trkpt lat="35.748541" lon="-93.263787"></trkpt><trkpt lat="35.748381" lon="-93.263199"></trkpt><trkpt lat="35.748222" lon="-93.262407"></trkpt><trkpt lat="35.748142" lon="-93.260942"></trkpt><trkpt lat="35.747692" lon="-93.258332"></trkpt><trkpt lat="35.747441" lon="-93.257245"></trkpt><trkpt lat="35.747118" lon="-93.256187"></trkpt><trkpt lat="35.747005" lon="-93.255600"></trkpt><trkpt lat="35.746493" lon="-93.254422"></trkpt><trkpt lat="35.746094" lon="-93.253743"></trkpt><trkpt lat="35.745441" lon="-93.252299"></trkpt><trkpt lat="35.745269" lon="-93.250512"></trkpt><trkpt lat="35.745352" lon="-93.249431"></trkpt><trkpt lat="35.745492" lon="-93.248503"></trkpt><trkpt lat="35.745722" lon="-93.248266"></trkpt><trkpt lat="35.746034" lon="-93.248037"></trkpt><trkpt lat="35.746232" lon="-93.247367"></trkpt><trkpt lat="35.746189" lon="-93.246928"></trkpt><trkpt lat="35.746218" lon="-93.246343"></trkpt><trkpt lat="35.746484" lon="-93.245996"></trkpt><trkpt lat="35.746580" lon="-93.245939"></trkpt><trkpt lat="35.746842" lon="-93.245972"></trkpt><trkpt lat="35.747172" lon="-93.246358"></trkpt><trkpt lat="35.747505" lon="-93.246451"></trkpt><trkpt lat="35.748004" lon="-93.246663"></trkpt><trkpt lat="35.748696" lon="-93.246645"></trkpt><trkpt lat="35.749607" lon="-93.246162"></trkpt><trkpt lat="35.750164" lon="-93.245351"></trkpt><trkpt lat="35.750555" lon="-93.244421"></trkpt><trkpt lat="35.750799" lon="-93.243927"></trkpt><trkpt lat="35.751136" lon="-93.243581"></trkpt><trkpt lat="35.751283" lon="-93.243262"></trkpt><trkpt lat="35.752506" lon="-93.242520"></trkpt><trkpt lat="35.752753" lon="-93.241763"></trkpt><trkpt lat="35.753238" lon="-93.240981"></trkpt><trkpt lat="35.753694" lon="-93.240637"></trkpt><trkpt lat="35.754537" lon="-93.239831"></trkpt><trkpt lat="35.755544" lon="-93.239319"></trkpt><trkpt lat="35.756117" lon="-93.239270"></trkpt><trkpt lat="35.756952" lon="-93.239283"></trkpt><trkpt lat="35.757427" lon="-93.239466"></trkpt><trkpt lat="35.758212" lon="-93.239683"></trkpt><trkpt lat="35.758875" lon="-93.240102"></trkpt><trkpt lat="35.759300" lon="-93.240548"></trkpt><trkpt lat="35.759956" lon="-93.241699"></trkpt><trkpt lat="35.760169" lon="-93.244190"></trkpt><trkpt lat="35.760374" lon="-93.245100"></trkpt><trkpt lat="35.761672" lon="-93.244125"></trkpt><trkpt lat="35.761789" lon="-93.244332"></trkpt><trkpt lat="35.761691" lon="-93.244564"></trkpt><trkpt lat="35.761113" lon="-93.245141"></trkpt><trkpt lat="35.761088" lon="-93.245286"></trkpt><trkpt lat="35.761182" lon="-93.245434"></trkpt><trkpt lat="35.761588" lon="-93.245323"></trkpt><trkpt lat="35.762813" lon="-93.244775"></trkpt><trkpt lat="35.763672" lon="-93.244335"></trkpt><trkpt lat="35.764311" lon="-93.243182"></trkpt><trkpt lat="35.764503" lon="-93.242672"></trkpt><trkpt lat="35.764725" lon="-93.241890"></trkpt><trkpt lat="35.764979" lon="-93.241356"></trkpt><trkpt lat="35.765369" lon="-93.241812"></trkpt><trkpt lat="35.765550" lon="-93.242722"></trkpt><trkpt lat="35.765257" lon="-93.243420"></trkpt><trkpt lat="35.765351" lon="-93.243538"></trkpt><trkpt lat="35.765614" lon="-93.243455"></trkpt><trkpt lat="35.766074" lon="-93.242818"></trkpt><trkpt lat="35.766511" lon="-93.242064"></trkpt><trkpt lat="35.767132" lon="-93.242015"></trkpt><trkpt lat="35.769016" lon="-93.241986"></trkpt><trkpt lat="35.770040" lon="-93.242089"></trkpt><trkpt lat="35.771301" lon="-93.242431"></trkpt><trkpt lat="35.771635" lon="-93.242436"></trkpt><trkpt lat="35.772334" lon="-93.241686"></trkpt><trkpt lat="35.772602" lon="-93.241134"></trkpt><trkpt lat="35.773086" lon="-93.240468"></trkpt><trkpt lat="35.773450" lon="-93.239859"></trkpt><trkpt lat="35.774055" lon="-93.238991"></trkpt><trkpt lat="35.774661" lon="-93.238005"></trkpt><trkpt lat="35.775234" lon="-93.237985"></trkpt><trkpt lat="35.776328" lon="-93.238294"></trkpt><trkpt lat="35.777562" lon="-93.238869"></trkpt><trkpt lat="35.778411" lon="-93.239819"></trkpt><trkpt lat="35.778550" lon="-93.240231"></trkpt><trkpt lat="35.778686" lon="-93.240965"></trkpt><trkpt lat="35.779060" lon="-93.241644"></trkpt><trkpt lat="35.779524" lon="-93.242939"></trkpt><trkpt lat="35.779924" lon="-93.243442"></trkpt><trkpt lat="35.779921" lon="-93.243794"></trkpt><trkpt lat="35.779512" lon="-93.244051"></trkpt><trkpt lat="35.779103" lon="-93.244425"></trkpt><trkpt lat="35.778706" lon="-93.245911"></trkpt><trkpt lat="35.778749" lon="-93.246380"></trkpt><trkpt lat="35.778764" lon="-93.247258"></trkpt><trkpt lat="35.779164" lon="-93.247791"></trkpt><trkpt lat="35.779638" lon="-93.248062"></trkpt><trkpt lat="35.780044" lon="-93.248039"></trkpt><trkpt lat="35.780310" lon="-93.247663"></trkpt><trkpt lat="35.780702" lon="-93.246615"></trkpt><trkpt lat="35.780968" lon="-93.246268"></trkpt><trkpt lat="35.781571" lon="-93.245634"></trkpt><trkpt lat="35.782509" lon="-93.244858"></trkpt><trkpt lat="35.783907" lon="-93.243416"></trkpt><trkpt lat="35.785206" lon="-93.242354"></trkpt><trkpt lat="35.786152" lon="-93.241894"></trkpt><trkpt lat="35.786990" lon="-93.241171"></trkpt><trkpt lat="35.787316" lon="-93.240803"></trkpt><trkpt lat="35.787589" lon="-93.240224"></trkpt><trkpt lat="35.787738" lon="-93.239641"></trkpt><trkpt lat="35.787721" lon="-93.238968"></trkpt><trkpt lat="35.787606" lon="-93.238527"></trkpt><trkpt lat="35.787660" lon="-93.237913"></trkpt><trkpt lat="35.788022" lon="-93.237567"></trkpt><trkpt lat="35.788750" lon="-93.236962"></trkpt><trkpt lat="35.788877" lon="-93.236586"></trkpt><trkpt lat="35.789188" lon="-93.235907"></trkpt><trkpt lat="35.789647" lon="-93.235310"></trkpt><trkpt lat="35.790084" lon="-93.234673"></trkpt><trkpt lat="35.791033" lon="-93.233517"></trkpt><trkpt lat="35.791199" lon="-93.233142"></trkpt><trkpt lat="35.791587" lon="-93.232564"></trkpt><trkpt lat="35.792612" lon="-93.231919"></trkpt><trkpt lat="35.793332" lon="-93.231168"></trkpt><trkpt lat="35.793638" lon="-93.231068"></trkpt><trkpt lat="35.794690" lon="-93.231068"></trkpt><trkpt lat="35.794829" lon="-93.230932"></trkpt><trkpt lat="35.794771" lon="-93.230695"></trkpt><trkpt lat="35.794440" lon="-93.230491"></trkpt><trkpt lat="35.794412" lon="-93.230284"></trkpt><trkpt lat="35.794550" lon="-93.230013"></trkpt><trkpt lat="35.795187" lon="-93.230013"></trkpt><trkpt lat="35.795603" lon="-93.229945"></trkpt><trkpt lat="35.795770" lon="-93.229978"></trkpt><trkpt lat="35.796045" lon="-93.230181"></trkpt><trkpt lat="35.796377" lon="-93.230250"></trkpt><trkpt lat="35.796599" lon="-93.230079"></trkpt><trkpt lat="35.796821" lon="-93.229842"></trkpt><trkpt lat="35.798179" lon="-93.228956"></trkpt><trkpt lat="35.798731" lon="-93.228958"></trkpt><trkpt lat="35.799230" lon="-93.229026"></trkpt><trkpt lat="35.799786" lon="-93.229261"></trkpt><trkpt lat="35.800199" lon="-93.229125"></trkpt><trkpt lat="35.800476" lon="-93.228887"></trkpt><trkpt lat="35.800865" lon="-93.228444"></trkpt><trkpt lat="35.801253" lon="-93.228140"></trkpt><trkpt lat="35.801750" lon="-93.228175"></trkpt><trkpt lat="35.802305" lon="-93.228446"></trkpt><trkpt lat="35.802970" lon="-93.229023"></trkpt><trkpt lat="35.803662" lon="-93.229293"></trkpt><trkpt lat="35.804216" lon="-93.229123"></trkpt><trkpt lat="35.804687" lon="-93.229258"></trkpt><trkpt lat="35.805047" lon="-93.229223"></trkpt><trkpt lat="35.805600" lon="-93.228952"></trkpt><trkpt lat="35.806153" lon="-93.228546"></trkpt><trkpt lat="35.806543" lon="-93.228339"></trkpt><trkpt lat="35.806929" lon="-93.228203"></trkpt><trkpt lat="35.807095" lon="-93.228101"></trkpt><trkpt lat="35.807622" lon="-93.227286"></trkpt><trkpt lat="35.807955" lon="-93.226469"></trkpt><trkpt lat="35.808064" lon="-93.225212"></trkpt><trkpt lat="35.808166" lon="-93.224676"></trkpt><trkpt lat="35.808340" lon="-93.224464"></trkpt><trkpt lat="35.809116" lon="-93.223988"></trkpt><trkpt lat="35.810335" lon="-93.223648"></trkpt><trkpt lat="35.810557" lon="-93.223409"></trkpt><trkpt lat="35.810806" lon="-93.223271"></trkpt><trkpt lat="35.810998" lon="-93.223001"></trkpt><trkpt lat="35.811248" lon="-93.222525"></trkpt><trkpt lat="35.811746" lon="-93.221096"></trkpt><trkpt lat="35.811999" lon="-93.220861"></trkpt><trkpt lat="35.812361" lon="-93.220633"></trkpt><trkpt lat="35.813315" lon="-93.220259"></trkpt><trkpt lat="35.813823" lon="-93.220111"></trkpt><trkpt lat="35.813947" lon="-93.220346"></trkpt><trkpt lat="35.814068" lon="-93.220893"></trkpt><trkpt lat="35.814042" lon="-93.221385"></trkpt><trkpt lat="35.814061" lon="-93.221592"></trkpt><trkpt lat="35.814156" lon="-93.221841"></trkpt><trkpt lat="35.814267" lon="-93.221978"></trkpt><trkpt lat="35.814765" lon="-93.223031"></trkpt><trkpt lat="35.815098" lon="-93.223475"></trkpt><trkpt lat="35.815542" lon="-93.223879"></trkpt><trkpt lat="35.815873" lon="-93.223982"></trkpt><trkpt lat="35.816454" lon="-93.223880"></trkpt><trkpt lat="35.816760" lon="-93.223777"></trkpt><trkpt lat="35.816954" lon="-93.223948"></trkpt><trkpt lat="35.817175" lon="-93.224626"></trkpt><trkpt lat="35.817258" lon="-93.224762"></trkpt><trkpt lat="35.817620" lon="-93.225169"></trkpt><trkpt lat="35.817867" lon="-93.225679"></trkpt><trkpt lat="35.817923" lon="-93.225886"></trkpt><trkpt lat="35.818256" lon="-93.226394"></trkpt><trkpt lat="35.818728" lon="-93.226461"></trkpt><trkpt lat="35.820305" lon="-93.227821"></trkpt><trkpt lat="35.821718" lon="-93.228838"></trkpt><trkpt lat="35.821635" lon="-93.229657"></trkpt><trkpt lat="35.821635" lon="-93.230503"></trkpt><trkpt lat="35.821385" lon="-93.230982"></trkpt><trkpt lat="35.821304" lon="-93.231389"></trkpt><trkpt lat="35.821220" lon="-93.232646"></trkpt><trkpt lat="35.821497" lon="-93.232680"></trkpt><trkpt lat="35.822355" lon="-93.232883"></trkpt><trkpt lat="35.822577" lon="-93.232953"></trkpt><trkpt lat="35.822771" lon="-93.233088"></trkpt><trkpt lat="35.823714" lon="-93.232984"></trkpt><trkpt lat="35.824517" lon="-93.232099"></trkpt><trkpt lat="35.824959" lon="-93.231830"></trkpt><trkpt lat="35.825319" lon="-93.231862"></trkpt><trkpt lat="35.825624" lon="-93.231830"></trkpt><trkpt lat="35.825818" lon="-93.231421"></trkpt><trkpt lat="35.825984" lon="-93.231319"></trkpt><trkpt lat="35.826621" lon="-93.231656"></trkpt><trkpt lat="35.827036" lon="-93.231828"></trkpt><trkpt lat="35.828449" lon="-93.232642"></trkpt><trkpt lat="35.829085" lon="-93.233050"></trkpt><trkpt lat="35.829584" lon="-93.233152"></trkpt><trkpt lat="35.830470" lon="-93.234036"></trkpt><trkpt lat="35.830830" lon="-93.234305"></trkpt><trkpt lat="35.831635" lon="-93.234274"></trkpt><trkpt lat="35.832991" lon="-93.234747"></trkpt><trkpt lat="35.833766" lon="-93.235224"></trkpt><trkpt lat="35.834183" lon="-93.235528"></trkpt><trkpt lat="35.834681" lon="-93.236038"></trkpt><trkpt lat="35.835637" lon="-93.236917"></trkpt><trkpt lat="35.836040" lon="-93.236639"></trkpt><trkpt lat="35.836282" lon="-93.236292"></trkpt><trkpt lat="35.836761" lon="-93.236094"></trkpt><trkpt lat="35.836908" lon="-93.235745"></trkpt><trkpt lat="35.837244" lon="-93.235486"></trkpt><trkpt lat="35.837532" lon="-93.235374"></trkpt><trkpt lat="35.837701" lon="-93.235171"></trkpt><trkpt lat="35.837609" lon="-93.234760"></trkpt><trkpt lat="35.837636" lon="-93.234467"></trkpt><trkpt lat="35.837901" lon="-93.234208"></trkpt><trkpt lat="35.837904" lon="-93.233944"></trkpt><trkpt lat="35.837717" lon="-93.233619"></trkpt><trkpt lat="35.837673" lon="-93.233238"></trkpt><trkpt lat="35.837725" lon="-93.232741"></trkpt><trkpt lat="35.838014" lon="-93.232511"></trkpt><trkpt lat="35.838659" lon="-93.232433"></trkpt><trkpt lat="35.839138" lon="-93.232177"></trkpt><trkpt lat="35.839335" lon="-93.231594"></trkpt><trkpt lat="35.839012" lon="-93.230505"></trkpt><trkpt lat="35.838953" lon="-93.229245"></trkpt><trkpt lat="35.838983" lon="-93.228718"></trkpt><trkpt lat="35.838940" lon="-93.228249"></trkpt><trkpt lat="35.838813" lon="-93.227593"></trkpt><trkpt lat="35.838994" lon="-93.227354"></trkpt><trkpt lat="35.839130" lon="-93.226999"></trkpt><trkpt lat="35.839137" lon="-93.226344"></trkpt><trkpt lat="35.839630" lon="-93.225985"></trkpt><trkpt lat="35.839925" lon="-93.225597"></trkpt><trkpt lat="35.839496" lon="-93.225359"></trkpt><trkpt lat="35.838610" lon="-93.224647"></trkpt><trkpt lat="35.838305" lon="-93.223829"></trkpt><trkpt lat="35.838305" lon="-93.223353"></trkpt><trkpt lat="35.838166" lon="-93.222096"></trkpt><trkpt lat="35.838056" lon="-93.221619"></trkpt><trkpt lat="35.837808" lon="-93.220873"></trkpt><trkpt lat="35.837751" lon="-93.219920"></trkpt><trkpt lat="35.837750" lon="-93.219003"></trkpt><trkpt lat="35.837695" lon="-93.218425"></trkpt><trkpt lat="35.838200" lon="-93.218382"></trkpt><trkpt lat="35.838824" lon="-93.218097"></trkpt><trkpt lat="35.839309" lon="-93.217937"></trkpt><trkpt lat="35.839992" lon="-93.217836"></trkpt><trkpt lat="35.840207" lon="-93.217848"></trkpt><trkpt lat="35.840575" lon="-93.217495"></trkpt><trkpt lat="35.840601" lon="-93.217261"></trkpt><trkpt lat="35.840365" lon="-93.216994"></trkpt><trkpt lat="35.840319" lon="-93.216818"></trkpt><trkpt lat="35.840560" lon="-93.216587"></trkpt><trkpt lat="35.840610" lon="-93.216354"></trkpt><trkpt lat="35.840302" lon="-93.216203"></trkpt><trkpt lat="35.840256" lon="-93.215997"></trkpt><trkpt lat="35.840496" lon="-93.215825"></trkpt><trkpt lat="35.840782" lon="-93.215829"></trkpt><trkpt lat="35.840929" lon="-93.215451"></trkpt><trkpt lat="35.840909" lon="-93.215128"></trkpt><trkpt lat="35.840624" lon="-93.214948"></trkpt><trkpt lat="35.840771" lon="-93.214569"></trkpt><trkpt lat="35.841320" lon="-93.214578"></trkpt><trkpt lat="35.841465" lon="-93.214375"></trkpt><trkpt lat="35.841278" lon="-93.213962"></trkpt><trkpt lat="35.840853" lon="-93.213516"></trkpt><trkpt lat="35.840713" lon="-93.213192"></trkpt><trkpt lat="35.840838" lon="-93.212667"></trkpt><trkpt lat="35.841864" lon="-93.212653"></trkpt><trkpt lat="35.842316" lon="-93.212718"></trkpt><trkpt lat="35.842485" lon="-93.212487"></trkpt><trkpt lat="35.842687" lon="-93.211435"></trkpt><trkpt lat="35.842927" lon="-93.211234"></trkpt><trkpt lat="35.843096" lon="-93.211002"></trkpt><trkpt lat="35.843079" lon="-93.210357"></trkpt><trkpt lat="35.842972" lon="-93.209125"></trkpt><trkpt lat="35.843048" lon="-93.208658"></trkpt><trkpt lat="35.843365" lon="-93.208018"></trkpt><trkpt lat="35.843776" lon="-93.207468"></trkpt><trkpt lat="35.844046" lon="-93.206711"></trkpt></trkseg></trk><trk><name>T070 BR5F828</name><trkseg><trkpt lat="35.749086" lon="-93.270137"></trkpt><trkpt lat="35.749449" lon="-93.270442"></trkpt><trkpt lat="35.749826" lon="-93.270946"></trkpt><trkpt lat="35.750252" lon="-93.271216"></trkpt><trkpt lat="35.750275" lon="-93.271275"></trkpt><trkpt lat="35.750560" lon="-93.271455"></trkpt><trkpt lat="35.750846" lon="-93.271459"></trkpt><trkpt lat="35.751422" lon="-93.271146"></trkpt><trkpt lat="35.751567" lon="-93.270885"></trkpt><trkpt lat="35.751997" lon="-93.270863"></trkpt><trkpt lat="35.753072" lon="-93.270734"></trkpt><trkpt lat="35.753930" lon="-93.270718"></trkpt><trkpt lat="35.754599" lon="-93.270641"></trkpt><trkpt lat="35.754821" lon="-93.269942"></trkpt><trkpt lat="35.755133" lon="-93.269772"></trkpt><trkpt lat="35.755300" lon="-93.269745"></trkpt><trkpt lat="35.756349" lon="-93.269820"></trkpt><trkpt lat="35.756838" lon="-93.270910"></trkpt><trkpt lat="35.757236" lon="-93.271648"></trkpt><trkpt lat="35.757897" lon="-93.272302"></trkpt><trkpt lat="35.758796" lon="-93.272990"></trkpt><trkpt lat="35.759149" lon="-93.273376"></trkpt><trkpt lat="35.759337" lon="-93.273671"></trkpt><trkpt lat="35.759330" lon="-93.274315"></trkpt><trkpt lat="35.759178" lon="-93.275190"></trkpt><trkpt lat="35.758687" lon="-93.276470"></trkpt><trkpt lat="35.757957" lon="-93.277456"></trkpt><trkpt lat="35.757521" lon="-93.277063"></trkpt><trkpt lat="35.757076" lon="-93.276524"></trkpt><trkpt lat="35.755707" lon="-93.274260"></trkpt><trkpt lat="35.755359" lon="-93.273871"></trkpt><trkpt lat="35.755294" lon="-93.273857"></trkpt><trkpt lat="35.755233" lon="-93.273889"></trkpt><trkpt lat="35.755152" lon="-93.274026"></trkpt><trkpt lat="35.755019" lon="-93.274078"></trkpt><trkpt lat="35.754625" lon="-93.273896"></trkpt><trkpt lat="35.754540" lon="-93.273895"></trkpt><trkpt lat="35.753906" lon="-93.274104"></trkpt><trkpt lat="35.753575" lon="-93.274277"></trkpt><trkpt lat="35.753051" lon="-93.274656"></trkpt><trkpt lat="35.752556" lon="-93.275272"></trkpt><trkpt lat="35.752392" lon="-93.275411"></trkpt><trkpt lat="35.752309" lon="-93.275443"></trkpt><trkpt lat="35.752114" lon="-93.275447"></trkpt><trkpt lat="35.752025" lon="-93.275488"></trkpt><trkpt lat="35.751731" lon="-93.275856"></trkpt><trkpt lat="35.751481" lon="-93.276064"></trkpt><trkpt lat="35.751151" lon="-93.276133"></trkpt><trkpt lat="35.750848" lon="-93.276239"></trkpt><trkpt lat="35.750377" lon="-93.276309"></trkpt><trkpt lat="35.750155" lon="-93.276312"></trkpt><trkpt lat="35.750083" lon="-93.276276"></trkpt><trkpt lat="35.749845" lon="-93.276251"></trkpt></trkseg></trk><trk><name>T071 BR5F828</name><trkseg><trkpt lat="35.518521" lon="-92.816371"></trkpt><trkpt lat="35.518728" lon="-92.816361"></trkpt><trkpt lat="35.518883" lon="-92.816293"></trkpt><trkpt lat="35.518942" lon="-92.815987"></trkpt><trkpt lat="35.519114" lon="-92.815652"></trkpt><trkpt lat="35.519260" lon="-92.815584"></trkpt><trkpt lat="35.519470" lon="-92.815655"></trkpt><trkpt lat="35.519783" lon="-92.816094"></trkpt><trkpt lat="35.519789" lon="-92.816421"></trkpt><trkpt lat="35.519469" lon="-92.817082"></trkpt><trkpt lat="35.519443" lon="-92.817230"></trkpt><trkpt lat="35.519491" lon="-92.817419"></trkpt><trkpt lat="35.519692" lon="-92.817629"></trkpt><trkpt lat="35.519874" lon="-92.818245"></trkpt><trkpt lat="35.519767" lon="-92.818392"></trkpt><trkpt lat="35.519791" lon="-92.818521"></trkpt><trkpt lat="35.519922" lon="-92.818549"></trkpt><trkpt lat="35.520106" lon="-92.818253"></trkpt><trkpt lat="35.520272" lon="-92.818101"></trkpt><trkpt lat="35.520569" lon="-92.818039"></trkpt><trkpt lat="35.520680" lon="-92.817987"></trkpt><trkpt lat="35.520817" lon="-92.817996"></trkpt><trkpt lat="35.520989" lon="-92.817831"></trkpt><trkpt lat="35.521053" lon="-92.817805"></trkpt><trkpt lat="35.521151" lon="-92.817838"></trkpt><trkpt lat="35.521510" lon="-92.817791"></trkpt><trkpt lat="35.521759" lon="-92.817726"></trkpt><trkpt lat="35.522092" lon="-92.817586"></trkpt><trkpt lat="35.522338" lon="-92.817564"></trkpt><trkpt lat="35.522440" lon="-92.817504"></trkpt><trkpt lat="35.522617" lon="-92.817498"></trkpt><trkpt lat="35.522798" lon="-92.817416"></trkpt><trkpt lat="35.522815" lon="-92.817316"></trkpt><trkpt lat="35.522860" lon="-92.817302"></trkpt><trkpt lat="35.522993" lon="-92.817113"></trkpt><trkpt lat="35.523214" lon="-92.817082"></trkpt><trkpt lat="35.523475" lon="-92.817287"></trkpt><trkpt lat="35.524013" lon="-92.817529"></trkpt><trkpt lat="35.524121" lon="-92.817879"></trkpt><trkpt lat="35.524209" lon="-92.818006"></trkpt><trkpt lat="35.524154" lon="-92.819170"></trkpt><trkpt lat="35.524329" lon="-92.819831"></trkpt><trkpt lat="35.524438" lon="-92.819950"></trkpt><trkpt lat="35.524641" lon="-92.820019"></trkpt><trkpt lat="35.524824" lon="-92.820188"></trkpt><trkpt lat="35.525365" lon="-92.820459"></trkpt><trkpt lat="35.525693" lon="-92.820593"></trkpt><trkpt lat="35.525850" lon="-92.820590"></trkpt><trkpt lat="35.526540" lon="-92.820783"></trkpt><trkpt lat="35.526676" lon="-92.821004"></trkpt><trkpt lat="35.526855" lon="-92.821192"></trkpt><trkpt lat="35.526936" lon="-92.821412"></trkpt><trkpt lat="35.526941" lon="-92.821514"></trkpt><trkpt lat="35.526857" lon="-92.821737"></trkpt><trkpt lat="35.526689" lon="-92.821999"></trkpt><trkpt lat="35.526614" lon="-92.822344"></trkpt><trkpt lat="35.526618" lon="-92.822567"></trkpt><trkpt lat="35.526688" lon="-92.822873"></trkpt><trkpt lat="35.526919" lon="-92.823146"></trkpt><trkpt lat="35.527051" lon="-92.823263"></trkpt><trkpt lat="35.527165" lon="-92.823310"></trkpt><trkpt lat="35.527301" lon="-92.823301"></trkpt><trkpt lat="35.528028" lon="-92.822752"></trkpt><trkpt lat="35.528151" lon="-92.822613"></trkpt><trkpt lat="35.528433" lon="-92.822495"></trkpt><trkpt lat="35.528714" lon="-92.822461"></trkpt><trkpt lat="35.529087" lon="-92.822279"></trkpt><trkpt lat="35.529352" lon="-92.822495"></trkpt><trkpt lat="35.529953" lon="-92.822362"></trkpt><trkpt lat="35.530167" lon="-92.822215"></trkpt><trkpt lat="35.530767" lon="-92.822324"></trkpt><trkpt lat="35.531154" lon="-92.822477"></trkpt><trkpt lat="35.531343" lon="-92.822674"></trkpt><trkpt lat="35.531462" lon="-92.823038"></trkpt><trkpt lat="35.531454" lon="-92.823113"></trkpt><trkpt lat="35.531570" lon="-92.823458"></trkpt><trkpt lat="35.531702" lon="-92.824204"></trkpt><trkpt lat="35.531843" lon="-92.824652"></trkpt><trkpt lat="35.531911" lon="-92.824661"></trkpt><trkpt lat="35.532722" lon="-92.825154"></trkpt><trkpt lat="35.532965" lon="-92.825259"></trkpt><trkpt lat="35.533530" lon="-92.825981"></trkpt><trkpt lat="35.533769" lon="-92.826577"></trkpt></trkseg></trk><trk><name>T072 BR5F828</name><trkseg><trkpt lat="36.893471" lon="-93.123179"></trkpt><trkpt lat="36.893157" lon="-93.123489"></trkpt><trkpt lat="36.891274" lon="-93.125632"></trkpt><trkpt lat="36.890556" lon="-93.126011"></trkpt><trkpt lat="36.889795" lon="-93.128210"></trkpt><trkpt lat="36.889527" lon="-93.130838"></trkpt><trkpt lat="36.889588" lon="-93.131100"></trkpt><trkpt lat="36.889906" lon="-93.131453"></trkpt><trkpt lat="36.889851" lon="-93.131572"></trkpt><trkpt lat="36.889946" lon="-93.131652"></trkpt><trkpt lat="36.889972" lon="-93.131798"></trkpt><trkpt lat="36.889974" lon="-93.132014"></trkpt><trkpt lat="36.889922" lon="-93.132063"></trkpt><trkpt lat="36.889808" lon="-93.132135"></trkpt><trkpt lat="36.889643" lon="-93.132162"></trkpt><trkpt lat="36.889532" lon="-93.132308"></trkpt><trkpt lat="36.889200" lon="-93.132486"></trkpt><trkpt lat="36.888821" lon="-93.132520"></trkpt><trkpt lat="36.888693" lon="-93.132649"></trkpt><trkpt lat="36.888641" lon="-93.132755"></trkpt><trkpt lat="36.888595" lon="-93.132775"></trkpt><trkpt lat="36.888447" lon="-93.132797"></trkpt><trkpt lat="36.888172" lon="-93.132760"></trkpt><trkpt lat="36.888122" lon="-93.132745"></trkpt><trkpt lat="36.888006" lon="-93.132614"></trkpt><trkpt lat="36.887784" lon="-93.132566"></trkpt><trkpt lat="36.887743" lon="-93.132582"></trkpt><trkpt lat="36.887571" lon="-93.132897"></trkpt><trkpt lat="36.887536" lon="-93.133086"></trkpt><trkpt lat="36.887445" lon="-93.133174"></trkpt><trkpt lat="36.887326" lon="-93.133171"></trkpt><trkpt lat="36.887217" lon="-93.133067"></trkpt><trkpt lat="36.887015" lon="-93.133058"></trkpt><trkpt lat="36.886563" lon="-93.132822"></trkpt><trkpt lat="36.886441" lon="-93.132466"></trkpt><trkpt lat="36.886352" lon="-93.132394"></trkpt><trkpt lat="36.886211" lon="-93.132592"></trkpt><trkpt lat="36.886166" lon="-93.132912"></trkpt><trkpt lat="36.886098" lon="-93.132924"></trkpt><trkpt lat="36.886012" lon="-93.133086"></trkpt><trkpt lat="36.885804" lon="-93.133245"></trkpt><trkpt lat="36.885352" lon="-93.133207"></trkpt><trkpt lat="36.885064" lon="-93.133118"></trkpt><trkpt lat="36.885037" lon="-93.133142"></trkpt><trkpt lat="36.884846" lon="-93.133139"></trkpt><trkpt lat="36.883822" lon="-93.133075"></trkpt><trkpt lat="36.883387" lon="-93.133105"></trkpt><trkpt lat="36.882894" lon="-93.133073"></trkpt><trkpt lat="36.882643" lon="-93.133014"></trkpt><trkpt lat="36.882590" lon="-93.133116"></trkpt><trkpt lat="36.882424" lon="-93.133117"></trkpt><trkpt lat="36.882335" lon="-93.133046"></trkpt><trkpt lat="36.882239" lon="-93.133046"></trkpt><trkpt lat="36.882134" lon="-93.132965"></trkpt><trkpt lat="36.881686" lon="-93.132990"></trkpt><trkpt lat="36.881540" lon="-93.132914"></trkpt><trkpt lat="36.881230" lon="-93.132857"></trkpt><trkpt lat="36.881015" lon="-93.132726"></trkpt><trkpt lat="36.880719" lon="-93.132394"></trkpt></trkseg></trk><trk><name>T073 BR5F828</name><trkseg><trkpt lat="36.921831" lon="-93.093946"></trkpt><trkpt lat="36.921837" lon="-93.093790"></trkpt><trkpt lat="36.921935" lon="-93.093612"></trkpt><trkpt lat="36.922080" lon="-93.093461"></trkpt><trkpt lat="36.922110" lon="-93.093310"></trkpt><trkpt lat="36.922252" lon="-93.093011"></trkpt><trkpt lat="36.922412" lon="-93.092932"></trkpt><trkpt lat="36.922556" lon="-93.092765"></trkpt><trkpt lat="36.922708" lon="-93.092674"></trkpt><trkpt lat="36.922761" lon="-93.092547"></trkpt><trkpt lat="36.922685" lon="-93.092407"></trkpt><trkpt lat="36.922577" lon="-93.092314"></trkpt><trkpt lat="36.922339" lon="-93.092297"></trkpt><trkpt lat="36.922241" lon="-93.092229"></trkpt><trkpt lat="36.922048" lon="-93.091987"></trkpt><trkpt lat="36.921910" lon="-93.091881"></trkpt><trkpt lat="36.921770" lon="-93.091598"></trkpt><trkpt lat="36.921660" lon="-93.091528"></trkpt><trkpt lat="36.921363" lon="-93.091183"></trkpt><trkpt lat="36.921307" lon="-93.091067"></trkpt><trkpt lat="36.920997" lon="-93.090760"></trkpt><trkpt lat="36.920773" lon="-93.090295"></trkpt><trkpt lat="36.920753" lon="-93.090186"></trkpt><trkpt lat="36.920641" lon="-93.090090"></trkpt><trkpt lat="36.920499" lon="-93.089878"></trkpt><trkpt lat="36.920451" lon="-93.089562"></trkpt><trkpt lat="36.920289" lon="-93.089273"></trkpt><trkpt lat="36.920259" lon="-93.089100"></trkpt><trkpt lat="36.920332" lon="-93.089090"></trkpt><trkpt lat="36.920534" lon="-93.089228"></trkpt><trkpt lat="36.920807" lon="-93.089623"></trkpt><trkpt lat="36.920801" lon="-93.089690"></trkpt><trkpt lat="36.920933" lon="-93.089978"></trkpt><trkpt lat="36.921102" lon="-93.090153"></trkpt><trkpt lat="36.921334" lon="-93.090327"></trkpt><trkpt lat="36.921613" lon="-93.090331"></trkpt><trkpt lat="36.921710" lon="-93.090194"></trkpt><trkpt lat="36.921789" lon="-93.090137"></trkpt><trkpt lat="36.921851" lon="-93.089947"></trkpt><trkpt lat="36.921785" lon="-93.089860"></trkpt><trkpt lat="36.921590" lon="-93.089783"></trkpt><trkpt lat="36.921355" lon="-93.089520"></trkpt><trkpt lat="36.921205" lon="-93.088673"></trkpt><trkpt lat="36.921216" lon="-93.088253"></trkpt><trkpt lat="36.921029" lon="-93.088056"></trkpt><trkpt lat="36.920905" lon="-93.088027"></trkpt><trkpt lat="36.920797" lon="-93.087956"></trkpt><trkpt lat="36.920703" lon="-93.087837"></trkpt><trkpt lat="36.920460" lon="-93.087673"></trkpt><trkpt lat="36.920392" lon="-93.087538"></trkpt><trkpt lat="36.920285" lon="-93.087426"></trkpt><trkpt lat="36.920179" lon="-93.087092"></trkpt><trkpt lat="36.919899" lon="-93.086629"></trkpt><trkpt lat="36.919727" lon="-93.086507"></trkpt><trkpt lat="36.919524" lon="-93.086233"></trkpt><trkpt lat="36.919552" lon="-93.085562"></trkpt><trkpt lat="36.919466" lon="-93.085228"></trkpt><trkpt lat="36.919172" lon="-93.084804"></trkpt><trkpt lat="36.918907" lon="-93.084305"></trkpt><trkpt lat="36.918779" lon="-93.084150"></trkpt><trkpt lat="36.918563" lon="-93.083664"></trkpt><trkpt lat="36.918498" lon="-93.083289"></trkpt><trkpt lat="36.918444" lon="-93.083188"></trkpt><trkpt lat="36.918399" lon="-93.082930"></trkpt><trkpt lat="36.918320" lon="-93.082773"></trkpt><trkpt lat="36.918214" lon="-93.081259"></trkpt><trkpt lat="36.918150" lon="-93.081076"></trkpt><trkpt lat="36.917972" lon="-93.080767"></trkpt><trkpt lat="36.917814" lon="-93.080153"></trkpt><trkpt lat="36.917799" lon="-93.079271"></trkpt><trkpt lat="36.917717" lon="-93.078513"></trkpt><trkpt lat="36.917736" lon="-93.078255"></trkpt><trkpt lat="36.917710" lon="-93.078048"></trkpt><trkpt lat="36.917535" lon="-93.077583"></trkpt></trkseg></trk><trk><name>T074 BR5F828</name><trkseg><trkpt lat="36.900792" lon="-93.127313"></trkpt><trkpt lat="36.900832" lon="-93.127071"></trkpt><trkpt lat="36.900411" lon="-93.126821"></trkpt><trkpt lat="36.900360" lon="-93.126730"></trkpt><trkpt lat="36.900109" lon="-93.126490"></trkpt><trkpt lat="36.899975" lon="-93.126249"></trkpt><trkpt lat="36.899649" lon="-93.126148"></trkpt><trkpt lat="36.899591" lon="-93.126038"></trkpt><trkpt lat="36.899610" lon="-93.125827"></trkpt><trkpt lat="36.899421" lon="-93.125567"></trkpt><trkpt lat="36.899367" lon="-93.125602"></trkpt><trkpt lat="36.899287" lon="-93.125600"></trkpt><trkpt lat="36.899123" lon="-93.125429"></trkpt><trkpt lat="36.898830" lon="-93.125229"></trkpt><trkpt lat="36.898633" lon="-93.125132"></trkpt><trkpt lat="36.898502" lon="-93.125152"></trkpt><trkpt lat="36.897965" lon="-93.124956"></trkpt><trkpt lat="36.897785" lon="-93.124845"></trkpt><trkpt lat="36.897496" lon="-93.124416"></trkpt><trkpt lat="36.897320" lon="-93.123874"></trkpt><trkpt lat="36.896631" lon="-93.123135"></trkpt><trkpt lat="36.896197" lon="-93.123090"></trkpt><trkpt lat="36.895889" lon="-93.123237"></trkpt><trkpt lat="36.895254" lon="-93.123669"></trkpt><trkpt lat="36.895047" lon="-93.123990"></trkpt><trkpt lat="36.894813" lon="-93.124146"></trkpt><trkpt lat="36.894742" lon="-93.124366"></trkpt><trkpt lat="36.894696" lon="-93.124412"></trkpt><trkpt lat="36.894558" lon="-93.124483"></trkpt><trkpt lat="36.894437" lon="-93.124503"></trkpt><trkpt lat="36.894180" lon="-93.124440"></trkpt></trkseg></trk><trk><name>T075 BR5F828</name><trkseg><trkpt lat="35.510012" lon="-92.813999"></trkpt><trkpt lat="35.509636" lon="-92.814199"></trkpt><trkpt lat="35.509370" lon="-92.814242"></trkpt><trkpt lat="35.509181" lon="-92.814124"></trkpt><trkpt lat="35.508083" lon="-92.813649"></trkpt><trkpt lat="35.507516" lon="-92.813272"></trkpt><trkpt lat="35.506648" lon="-92.812404"></trkpt><trkpt lat="35.505929" lon="-92.812048"></trkpt><trkpt lat="35.504793" lon="-92.811665"></trkpt><trkpt lat="35.504356" lon="-92.811730"></trkpt><trkpt lat="35.504067" lon="-92.811814"></trkpt></trkseg></trk><trk><name>T076 BR5F828</name><trkseg><trkpt lat="35.511417" lon="-92.812468"></trkpt><trkpt lat="35.511163" lon="-92.813076"></trkpt><trkpt lat="35.511057" lon="-92.813619"></trkpt><trkpt lat="35.510912" lon="-92.813852"></trkpt><trkpt lat="35.510656" lon="-92.813908"></trkpt><trkpt lat="35.510320" lon="-92.813924"></trkpt><trkpt lat="35.510012" lon="-92.813999"></trkpt><trkpt lat="35.509969" lon="-92.813961"></trkpt><trkpt lat="35.509571" lon="-92.812972"></trkpt><trkpt lat="35.509425" lon="-92.812318"></trkpt><trkpt lat="35.509239" lon="-92.812001"></trkpt><trkpt lat="35.509244" lon="-92.811661"></trkpt><trkpt lat="35.509438" lon="-92.811021"></trkpt><trkpt lat="35.508976" lon="-92.810587"></trkpt><trkpt lat="35.508678" lon="-92.810161"></trkpt><trkpt lat="35.508623" lon="-92.809892"></trkpt><trkpt lat="35.508672" lon="-92.809527"></trkpt><trkpt lat="35.508584" lon="-92.809296"></trkpt><trkpt lat="35.508685" lon="-92.809096"></trkpt><trkpt lat="35.508901" lon="-92.808976"></trkpt><trkpt lat="35.509206" lon="-92.808881"></trkpt><trkpt lat="35.509470" lon="-92.808698"></trkpt><trkpt lat="35.509625" lon="-92.808548"></trkpt><trkpt lat="35.510329" lon="-92.807382"></trkpt><trkpt lat="35.510544" lon="-92.807246"></trkpt><trkpt lat="35.510762" lon="-92.807050"></trkpt><trkpt lat="35.511176" lon="-92.806804"></trkpt><trkpt lat="35.511299" lon="-92.806633"></trkpt><trkpt lat="35.511457" lon="-92.806271"></trkpt><trkpt lat="35.511679" lon="-92.806125"></trkpt><trkpt lat="35.511820" lon="-92.806155"></trkpt><trkpt lat="35.512122" lon="-92.806099"></trkpt><trkpt lat="35.512541" lon="-92.805957"></trkpt><trkpt lat="35.512698" lon="-92.805710"></trkpt><trkpt lat="35.512940" lon="-92.805589"></trkpt><trkpt lat="35.513546" lon="-92.805636"></trkpt><trkpt lat="35.513750" lon="-92.805535"></trkpt><trkpt lat="35.513771" lon="-92.805560"></trkpt><trkpt lat="35.514030" lon="-92.805468"></trkpt><trkpt lat="35.514203" lon="-92.805333"></trkpt><trkpt lat="35.514356" lon="-92.805150"></trkpt><trkpt lat="35.514546" lon="-92.805025"></trkpt><trkpt lat="35.514785" lon="-92.804792"></trkpt><trkpt lat="35.515245" lon="-92.804223"></trkpt><trkpt lat="35.515469" lon="-92.803567"></trkpt><trkpt lat="35.515765" lon="-92.802853"></trkpt><trkpt lat="35.515813" lon="-92.802784"></trkpt><trkpt lat="35.515836" lon="-92.802796"></trkpt><trkpt lat="35.515897" lon="-92.802658"></trkpt><trkpt lat="35.516096" lon="-92.802412"></trkpt><trkpt lat="35.516661" lon="-92.802253"></trkpt><trkpt lat="35.516901" lon="-92.802239"></trkpt><trkpt lat="35.516898" lon="-92.802270"></trkpt><trkpt lat="35.517145" lon="-92.802378"></trkpt><trkpt lat="35.517276" lon="-92.802476"></trkpt><trkpt lat="35.517252" lon="-92.802952"></trkpt><trkpt lat="35.517397" lon="-92.803081"></trkpt><trkpt lat="35.517456" lon="-92.803397"></trkpt></trkseg></trk><trk><name>T077 BR5F828</name><trkseg><trkpt lat="37.498095" lon="-90.998910"></trkpt><trkpt lat="37.497744" lon="-90.998521"></trkpt><trkpt lat="37.497263" lon="-90.998235"></trkpt><trkpt lat="37.496856" lon="-90.997616"></trkpt><trkpt lat="37.496399" lon="-90.997163"></trkpt><trkpt lat="37.495782" lon="-90.996682"></trkpt><trkpt lat="37.495432" lon="-90.996293"></trkpt><trkpt lat="37.495214" lon="-90.995900"></trkpt><trkpt lat="37.495073" lon="-90.995439"></trkpt><trkpt lat="37.494801" lon="-90.994982"></trkpt><trkpt lat="37.493942" lon="-90.994241"></trkpt><trkpt lat="37.493192" lon="-90.993697"></trkpt><trkpt lat="37.492815" lon="-90.993276"></trkpt><trkpt lat="37.492488" lon="-90.992720"></trkpt><trkpt lat="37.492057" lon="-90.992234"></trkpt><trkpt lat="37.491579" lon="-90.992147"></trkpt><trkpt lat="37.490784" lon="-90.992069"></trkpt><trkpt lat="37.490072" lon="-90.992187"></trkpt><trkpt lat="37.489887" lon="-90.992192"></trkpt><trkpt lat="37.489690" lon="-90.991500"></trkpt><trkpt lat="37.490526" lon="-90.990847"></trkpt><trkpt lat="37.491651" lon="-90.990120"></trkpt><trkpt lat="37.492859" lon="-90.989623"></trkpt><trkpt lat="37.493774" lon="-90.989001"></trkpt><trkpt lat="37.494194" lon="-90.988824"></trkpt><trkpt lat="37.495947" lon="-90.989241"></trkpt><trkpt lat="37.497120" lon="-90.989774"></trkpt><trkpt lat="37.497490" lon="-90.989798"></trkpt><trkpt lat="37.498045" lon="-90.989750"></trkpt><trkpt lat="37.498337" lon="-90.989841"></trkpt><trkpt lat="37.499105" lon="-90.989887"></trkpt><trkpt lat="37.499375" lon="-90.990212"></trkpt><trkpt lat="37.499404" lon="-90.990377"></trkpt><trkpt lat="37.499859" lon="-90.990664"></trkpt><trkpt lat="37.501181" lon="-90.992188"></trkpt><trkpt lat="37.501722" lon="-90.992904"></trkpt><trkpt lat="37.502212" lon="-90.993754"></trkpt><trkpt lat="37.502691" lon="-90.993907"></trkpt><trkpt lat="37.502934" lon="-90.994200"></trkpt><trkpt lat="37.503073" lon="-90.994594"></trkpt><trkpt lat="37.503170" lon="-90.995621"></trkpt><trkpt lat="37.502939" lon="-90.996059"></trkpt><trkpt lat="37.502758" lon="-90.996263"></trkpt><trkpt lat="37.502687" lon="-90.996763"></trkpt><trkpt lat="37.502692" lon="-90.997094"></trkpt><trkpt lat="37.502311" lon="-90.998001"></trkpt><trkpt lat="37.501920" lon="-90.998310"></trkpt><trkpt lat="37.501770" lon="-90.998845"></trkpt><trkpt lat="37.501806" lon="-90.999442"></trkpt><trkpt lat="37.502049" lon="-90.999734"></trkpt><trkpt lat="37.502270" lon="-91.000293"></trkpt><trkpt lat="37.502511" lon="-91.000452"></trkpt><trkpt lat="37.502735" lon="-90.999583"></trkpt><trkpt lat="37.503074" lon="-90.999309"></trkpt><trkpt lat="37.503317" lon="-90.999634"></trkpt><trkpt lat="37.503380" lon="-91.000230"></trkpt><trkpt lat="37.503700" lon="-91.000387"></trkpt><trkpt lat="37.503965" lon="-91.000380"></trkpt><trkpt lat="37.504721" lon="-90.999763"></trkpt><trkpt lat="37.505482" lon="-90.999377"></trkpt><trkpt lat="37.506394" lon="-90.998589"></trkpt><trkpt lat="37.507610" lon="-90.996996"></trkpt><trkpt lat="37.508126" lon="-90.996252"></trkpt><trkpt lat="37.508807" lon="-90.995802"></trkpt><trkpt lat="37.509036" lon="-90.995298"></trkpt><trkpt lat="37.508871" lon="-90.994904"></trkpt><trkpt lat="37.507861" lon="-90.994632"></trkpt><trkpt lat="37.507757" lon="-90.994735"></trkpt><trkpt lat="37.507437" lon="-90.994577"></trkpt><trkpt lat="37.507248" lon="-90.994350"></trkpt><trkpt lat="37.507322" lon="-90.994016"></trkpt><trkpt lat="37.507764" lon="-90.993606"></trkpt><trkpt lat="37.508075" lon="-90.993199"></trkpt><trkpt lat="37.508717" lon="-90.992119"></trkpt><trkpt lat="37.509054" lon="-90.991679"></trkpt></trkseg></trk><trk><name>T078 BR5F828</name><trkseg><trkpt lat="36.877628" lon="-93.106231"></trkpt><trkpt lat="36.877667" lon="-93.106434"></trkpt><trkpt lat="36.877796" lon="-93.106564"></trkpt><trkpt lat="36.877895" lon="-93.106591"></trkpt><trkpt lat="36.878391" lon="-93.106564"></trkpt><trkpt lat="36.878715" lon="-93.106735"></trkpt><trkpt lat="36.879036" lon="-93.107056"></trkpt><trkpt lat="36.879159" lon="-93.107349"></trkpt><trkpt lat="36.879258" lon="-93.107438"></trkpt><trkpt lat="36.879285" lon="-93.107609"></trkpt><trkpt lat="36.879268" lon="-93.107684"></trkpt><trkpt lat="36.879357" lon="-93.107930"></trkpt><trkpt lat="36.879040" lon="-93.107930"></trkpt><trkpt lat="36.878988" lon="-93.108012"></trkpt><trkpt lat="36.878958" lon="-93.108012"></trkpt><trkpt lat="36.878930" lon="-93.108326"></trkpt><trkpt lat="36.879098" lon="-93.108517"></trkpt><trkpt lat="36.879316" lon="-93.108667"></trkpt><trkpt lat="36.879518" lon="-93.109050"></trkpt><trkpt lat="36.879661" lon="-93.109105"></trkpt><trkpt lat="36.879794" lon="-93.109050"></trkpt><trkpt lat="36.879886" lon="-93.108948"></trkpt><trkpt lat="36.880067" lon="-93.108852"></trkpt><trkpt lat="36.880207" lon="-93.108476"></trkpt><trkpt lat="36.880327" lon="-93.108312"></trkpt><trkpt lat="36.880573" lon="-93.107595"></trkpt><trkpt lat="36.880549" lon="-93.107288"></trkpt><trkpt lat="36.880583" lon="-93.107254"></trkpt><trkpt lat="36.880583" lon="-93.107097"></trkpt><trkpt lat="36.880641" lon="-93.106967"></trkpt><trkpt lat="36.880696" lon="-93.106933"></trkpt><trkpt lat="36.880740" lon="-93.106625"></trkpt><trkpt lat="36.880836" lon="-93.106373"></trkpt><trkpt lat="36.880836" lon="-93.106291"></trkpt><trkpt lat="36.880877" lon="-93.106222"></trkpt><trkpt lat="36.881123" lon="-93.106065"></trkpt><trkpt lat="36.881229" lon="-93.105819"></trkpt><trkpt lat="36.881519" lon="-93.105621"></trkpt><trkpt lat="36.881843" lon="-93.105491"></trkpt><trkpt lat="36.882134" lon="-93.105485"></trkpt><trkpt lat="36.882523" lon="-93.105369"></trkpt><trkpt lat="36.882622" lon="-93.105307"></trkpt><trkpt lat="36.882748" lon="-93.105334"></trkpt><trkpt lat="36.883004" lon="-93.105232"></trkpt><trkpt lat="36.883069" lon="-93.105246"></trkpt><trkpt lat="36.883185" lon="-93.104931"></trkpt><trkpt lat="36.883373" lon="-93.104870"></trkpt><trkpt lat="36.883583" lon="-93.104964"></trkpt><trkpt lat="36.883920" lon="-93.105266"></trkpt><trkpt lat="36.884152" lon="-93.105342"></trkpt><trkpt lat="36.884312" lon="-93.105471"></trkpt><trkpt lat="36.884545" lon="-93.105771"></trkpt><trkpt lat="36.884647" lon="-93.106017"></trkpt><trkpt lat="36.884763" lon="-93.106195"></trkpt><trkpt lat="36.884842" lon="-93.106427"></trkpt><trkpt lat="36.884949" lon="-93.106557"></trkpt><trkpt lat="36.886395" lon="-93.107300"></trkpt><trkpt lat="36.887014" lon="-93.107235"></trkpt><trkpt lat="36.887347" lon="-93.107382"></trkpt><trkpt lat="36.887585" lon="-93.107436"></trkpt><trkpt lat="36.888407" lon="-93.107967"></trkpt><trkpt lat="36.888590" lon="-93.108042"></trkpt><trkpt lat="36.888773" lon="-93.108065"></trkpt><trkpt lat="36.888887" lon="-93.108042"></trkpt><trkpt lat="36.889240" lon="-93.107930"></trkpt><trkpt lat="36.889676" lon="-93.107740"></trkpt><trkpt lat="36.889993" lon="-93.107719"></trkpt><trkpt lat="36.890697" lon="-93.107918"></trkpt><trkpt lat="36.890994" lon="-93.108037"></trkpt><trkpt lat="36.891490" lon="-93.108150"></trkpt><trkpt lat="36.891869" lon="-93.108298"></trkpt><trkpt lat="36.892445" lon="-93.108435"></trkpt><trkpt lat="36.892849" lon="-93.108467"></trkpt><trkpt lat="36.893018" lon="-93.108434"></trkpt><trkpt lat="36.893389" lon="-93.108264"></trkpt><trkpt lat="36.893645" lon="-93.108193"></trkpt><trkpt lat="36.893826" lon="-93.108077"></trkpt><trkpt lat="36.894008" lon="-93.107904"></trkpt><trkpt lat="36.894018" lon="-93.107929"></trkpt></trkseg></trk><trk><name>T079 BR5F828</name><trkseg><trkpt lat="34.693296" lon="-94.729642"></trkpt><trkpt lat="34.693428" lon="-94.730237"></trkpt><trkpt lat="34.693297" lon="-94.731193"></trkpt><trkpt lat="34.693120" lon="-94.732233"></trkpt><trkpt lat="34.692996" lon="-94.732709"></trkpt><trkpt lat="34.692610" lon="-94.733688"></trkpt><trkpt lat="34.692603" lon="-94.734168"></trkpt><trkpt lat="34.692659" lon="-94.735156"></trkpt><trkpt lat="34.692557" lon="-94.735859"></trkpt><trkpt lat="34.692319" lon="-94.736108"></trkpt><trkpt lat="34.691943" lon="-94.736382"></trkpt><trkpt lat="34.691497" lon="-94.736626"></trkpt><trkpt lat="34.691006" lon="-94.736757"></trkpt><trkpt lat="34.690769" lon="-94.736950"></trkpt><trkpt lat="34.690601" lon="-94.737341"></trkpt><trkpt lat="34.690691" lon="-94.737569"></trkpt><trkpt lat="34.690805" lon="-94.737740"></trkpt><trkpt lat="34.690641" lon="-94.737878"></trkpt><trkpt lat="34.690519" lon="-94.738185"></trkpt><trkpt lat="34.690562" lon="-94.738496"></trkpt><trkpt lat="34.691379" lon="-94.738316"></trkpt><trkpt lat="34.692058" lon="-94.738076"></trkpt><trkpt lat="34.692316" lon="-94.738054"></trkpt><trkpt lat="34.692428" lon="-94.738253"></trkpt><trkpt lat="34.692379" lon="-94.738506"></trkpt><trkpt lat="34.691538" lon="-94.738714"></trkpt><trkpt lat="34.691875" lon="-94.739567"></trkpt><trkpt lat="34.691892" lon="-94.739906"></trkpt><trkpt lat="34.691867" lon="-94.740131"></trkpt><trkpt lat="34.691745" lon="-94.740439"></trkpt><trkpt lat="34.691669" lon="-94.740889"></trkpt><trkpt lat="34.691732" lon="-94.741369"></trkpt><trkpt lat="34.691769" lon="-94.742075"></trkpt><trkpt lat="34.691555" lon="-94.742353"></trkpt><trkpt lat="34.691292" lon="-94.742827"></trkpt><trkpt lat="34.691122" lon="-94.743331"></trkpt><trkpt lat="34.690740" lon="-94.743915"></trkpt><trkpt lat="34.690335" lon="-94.744611"></trkpt><trkpt lat="34.689975" lon="-94.745337"></trkpt><trkpt lat="34.690647" lon="-94.745492"></trkpt><trkpt lat="34.690618" lon="-94.745943"></trkpt><trkpt lat="34.690426" lon="-94.746305"></trkpt><trkpt lat="34.690350" lon="-94.746727"></trkpt><trkpt lat="34.690607" lon="-94.746732"></trkpt><trkpt lat="34.691171" lon="-94.746378"></trkpt><trkpt lat="34.691376" lon="-94.746720"></trkpt><trkpt lat="34.691278" lon="-94.747113"></trkpt><trkpt lat="34.691481" lon="-94.747568"></trkpt><trkpt lat="34.691664" lon="-94.747685"></trkpt><trkpt lat="34.692082" lon="-94.747779"></trkpt><trkpt lat="34.692456" lon="-94.747786"></trkpt><trkpt lat="34.692686" lon="-94.747961"></trkpt><trkpt lat="34.692869" lon="-94.748218"></trkpt><trkpt lat="34.692957" lon="-94.748530"></trkpt><trkpt lat="34.692714" lon="-94.749286"></trkpt><trkpt lat="34.692780" lon="-94.749542"></trkpt><trkpt lat="34.692989" lon="-94.749603"></trkpt><trkpt lat="34.693317" lon="-94.749384"></trkpt><trkpt lat="34.693577" lon="-94.749164"></trkpt><trkpt lat="34.693950" lon="-94.749059"></trkpt><trkpt lat="34.694278" lon="-94.749009"></trkpt><trkpt lat="34.694674" lon="-94.749018"></trkpt><trkpt lat="34.695117" lon="-94.748970"></trkpt><trkpt lat="34.695418" lon="-94.749061"></trkpt><trkpt lat="34.695602" lon="-94.749235"></trkpt><trkpt lat="34.695647" lon="-94.749433"></trkpt><trkpt lat="34.695423" lon="-94.750423"></trkpt><trkpt lat="34.695286" lon="-94.750871"></trkpt><trkpt lat="34.695119" lon="-94.751823"></trkpt><trkpt lat="34.695178" lon="-94.752249"></trkpt><trkpt lat="34.695283" lon="-94.752623"></trkpt><trkpt lat="34.695667" lon="-94.753348"></trkpt><trkpt lat="34.696053" lon="-94.753913"></trkpt><trkpt lat="34.696421" lon="-94.754239"></trkpt><trkpt lat="34.697242" lon="-94.755080"></trkpt><trkpt lat="34.697454" lon="-94.755562"></trkpt><trkpt lat="34.697471" lon="-94.755987"></trkpt><trkpt lat="34.697352" lon="-94.756542"></trkpt><trkpt lat="34.697434" lon="-94.758535"></trkpt><trkpt lat="34.697319" lon="-94.758824"></trkpt><trkpt lat="34.697124" lon="-94.758794"></trkpt><trkpt lat="34.696996" lon="-94.758419"></trkpt><trkpt lat="34.696825" lon="-94.758071"></trkpt><trkpt lat="34.696746" lon="-94.757485"></trkpt><trkpt lat="34.696575" lon="-94.757269"></trkpt><trkpt lat="34.696333" lon="-94.757370"></trkpt><trkpt lat="34.696217" lon="-94.757739"></trkpt><trkpt lat="34.696255" lon="-94.758191"></trkpt><trkpt lat="34.696484" lon="-94.758886"></trkpt><trkpt lat="34.696788" lon="-94.759264"></trkpt><trkpt lat="34.697148" lon="-94.760042"></trkpt><trkpt lat="34.697204" lon="-94.760680"></trkpt><trkpt lat="34.697133" lon="-94.761076"></trkpt><trkpt lat="34.696885" lon="-94.761602"></trkpt><trkpt lat="34.696745" lon="-94.762210"></trkpt><trkpt lat="34.696829" lon="-94.762477"></trkpt><trkpt lat="34.697198" lon="-94.762671"></trkpt><trkpt lat="34.697745" lon="-94.762709"></trkpt><trkpt lat="34.698737" lon="-94.762385"></trkpt><trkpt lat="34.699285" lon="-94.762396"></trkpt><trkpt lat="34.699696" lon="-94.762803"></trkpt><trkpt lat="34.699908" lon="-94.763259"></trkpt><trkpt lat="34.700432" lon="-94.764916"></trkpt><trkpt lat="34.701171" lon="-94.769922"></trkpt><trkpt lat="34.701338" lon="-94.770536"></trkpt><trkpt lat="34.701639" lon="-94.770888"></trkpt><trkpt lat="34.702054" lon="-94.771056"></trkpt><trkpt lat="34.702555" lon="-94.771120"></trkpt><trkpt lat="34.703040" lon="-94.770971"></trkpt><trkpt lat="34.703711" lon="-94.771649"></trkpt><trkpt lat="34.704169" lon="-94.771791"></trkpt><trkpt lat="34.704611" lon="-94.771615"></trkpt><trkpt lat="34.704681" lon="-94.771245"></trkpt><trkpt lat="34.704969" lon="-94.770985"></trkpt><trkpt lat="34.705219" lon="-94.770407"></trkpt><trkpt lat="34.705705" lon="-94.770151"></trkpt><trkpt lat="34.706098" lon="-94.770213"></trkpt><trkpt lat="34.707243" lon="-94.771485"></trkpt><trkpt lat="34.707861" lon="-94.772693"></trkpt><trkpt lat="34.708293" lon="-94.773101"></trkpt><trkpt lat="34.708840" lon="-94.773271"></trkpt><trkpt lat="34.709583" lon="-94.773367"></trkpt><trkpt lat="34.710130" lon="-94.773379"></trkpt><trkpt lat="34.710875" lon="-94.775014"></trkpt><trkpt lat="34.711170" lon="-94.775817"></trkpt><trkpt lat="34.711337" lon="-94.776431"></trkpt><trkpt lat="34.711655" lon="-94.777155"></trkpt><trkpt lat="34.712041" lon="-94.777720"></trkpt><trkpt lat="34.712909" lon="-94.778323"></trkpt><trkpt lat="34.713186" lon="-94.778807"></trkpt><trkpt lat="34.713267" lon="-94.779313"></trkpt><trkpt lat="34.713613" lon="-94.779719"></trkpt><trkpt lat="34.713954" lon="-94.780257"></trkpt><trkpt lat="34.714408" lon="-94.780798"></trkpt><trkpt lat="34.714734" lon="-94.781044"></trkpt><trkpt lat="34.714280" lon="-94.782016"></trkpt><trkpt lat="34.714163" lon="-94.782465"></trkpt><trkpt lat="34.713871" lon="-94.782990"></trkpt><trkpt lat="34.713818" lon="-94.783520"></trkpt><trkpt lat="34.713987" lon="-94.784028"></trkpt><trkpt lat="34.714158" lon="-94.784350"></trkpt><trkpt lat="34.714528" lon="-94.784491"></trkpt><trkpt lat="34.714858" lon="-94.784445"></trkpt><trkpt lat="34.715653" lon="-94.784010"></trkpt><trkpt lat="34.716298" lon="-94.783547"></trkpt><trkpt lat="34.717093" lon="-94.783086"></trkpt><trkpt lat="34.717110" lon="-94.783325"></trkpt><trkpt lat="34.717034" lon="-94.784040"></trkpt><trkpt lat="34.716507" lon="-94.785728"></trkpt><trkpt lat="34.716240" lon="-94.785935"></trkpt><trkpt lat="34.716123" lon="-94.786410"></trkpt><trkpt lat="34.715883" lon="-94.787839"></trkpt><trkpt lat="34.715870" lon="-94.788714"></trkpt><trkpt lat="34.715901" lon="-94.789512"></trkpt><trkpt lat="34.715762" lon="-94.790066"></trkpt><trkpt lat="34.715714" lon="-94.790464"></trkpt><trkpt lat="34.715509" lon="-94.790911"></trkpt><trkpt lat="34.715371" lon="-94.791359"></trkpt><trkpt lat="34.715680" lon="-94.791206"></trkpt><trkpt lat="34.716098" lon="-94.791162"></trkpt><trkpt lat="34.716380" lon="-94.791301"></trkpt><trkpt lat="34.716682" lon="-94.791573"></trkpt><trkpt lat="34.716788" lon="-94.791921"></trkpt><trkpt lat="34.716921" lon="-94.791738"></trkpt><trkpt lat="34.717254" lon="-94.791506"></trkpt><trkpt lat="34.717650" lon="-94.791355"></trkpt><trkpt lat="34.717869" lon="-94.791386"></trkpt><trkpt lat="34.718130" lon="-94.791525"></trkpt><trkpt lat="34.718236" lon="-94.791819"></trkpt><trkpt lat="34.718318" lon="-94.792245"></trkpt><trkpt lat="34.718509" lon="-94.792568"></trkpt><trkpt lat="34.718968" lon="-94.792631"></trkpt><trkpt lat="34.719475" lon="-94.792510"></trkpt><trkpt lat="34.719918" lon="-94.792254"></trkpt><trkpt lat="34.720576" lon="-94.792268"></trkpt><trkpt lat="34.721210" lon="-94.792388"></trkpt><trkpt lat="34.721449" lon="-94.792552"></trkpt><trkpt lat="34.721618" lon="-94.792874"></trkpt><trkpt lat="34.721656" lon="-94.793327"></trkpt><trkpt lat="34.721533" lon="-94.794200"></trkpt><trkpt lat="34.721419" lon="-94.794596"></trkpt><trkpt lat="34.720628" lon="-94.794552"></trkpt><trkpt lat="34.720428" lon="-94.794867"></trkpt><trkpt lat="34.720242" lon="-94.795500"></trkpt><trkpt lat="34.720172" lon="-94.795870"></trkpt><trkpt lat="34.720233" lon="-94.796137"></trkpt><trkpt lat="34.720602" lon="-94.796304"></trkpt><trkpt lat="34.720991" lon="-94.796684"></trkpt><trkpt lat="34.721031" lon="-94.797057"></trkpt><trkpt lat="34.720809" lon="-94.797265"></trkpt><trkpt lat="34.720695" lon="-94.797528"></trkpt><trkpt lat="34.720554" lon="-94.798215"></trkpt><trkpt lat="34.720393" lon="-94.798716"></trkpt><trkpt lat="34.720386" lon="-94.799194"></trkpt><trkpt lat="34.720579" lon="-94.799410"></trkpt><trkpt lat="34.721419" lon="-94.799030"></trkpt><trkpt lat="34.721813" lon="-94.799039"></trkpt><trkpt lat="34.722078" lon="-94.798965"></trkpt><trkpt lat="34.722344" lon="-94.798679"></trkpt><trkpt lat="34.722608" lon="-94.798658"></trkpt><trkpt lat="34.723061" lon="-94.799092"></trkpt><trkpt lat="34.723273" lon="-94.799575"></trkpt><trkpt lat="34.723511" lon="-94.799766"></trkpt><trkpt lat="34.723735" lon="-94.799558"></trkpt><trkpt lat="34.723982" lon="-94.799139"></trkpt><trkpt lat="34.724223" lon="-94.799197"></trkpt><trkpt lat="34.724465" lon="-94.799096"></trkpt><trkpt lat="34.724705" lon="-94.799207"></trkpt><trkpt lat="34.724828" lon="-94.799741"></trkpt><trkpt lat="34.724967" lon="-94.800674"></trkpt><trkpt lat="34.724701" lon="-94.800854"></trkpt><trkpt lat="34.724332" lon="-94.800660"></trkpt><trkpt lat="34.723999" lon="-94.800892"></trkpt><trkpt lat="34.724074" lon="-94.801796"></trkpt><trkpt lat="34.724305" lon="-94.802465"></trkpt><trkpt lat="34.724518" lon="-94.802841"></trkpt><trkpt lat="34.724471" lon="-94.803132"></trkpt><trkpt lat="34.724113" lon="-94.803549"></trkpt><trkpt lat="34.723977" lon="-94.803918"></trkpt><trkpt lat="34.724166" lon="-94.804374"></trkpt><trkpt lat="34.724538" lon="-94.804541"></trkpt><trkpt lat="34.724816" lon="-94.804945"></trkpt><trkpt lat="34.724944" lon="-94.805294"></trkpt><trkpt lat="34.724847" lon="-94.805902"></trkpt><trkpt lat="34.724927" lon="-94.806435"></trkpt><trkpt lat="34.725094" lon="-94.806863"></trkpt><trkpt lat="34.725111" lon="-94.807236"></trkpt><trkpt lat="34.725260" lon="-94.807558"></trkpt><trkpt lat="34.725560" lon="-94.807989"></trkpt><trkpt lat="34.725729" lon="-94.808444"></trkpt><trkpt lat="34.725782" lon="-94.809295"></trkpt><trkpt lat="34.725906" lon="-94.809855"></trkpt><trkpt lat="34.725767" lon="-94.810250"></trkpt><trkpt lat="34.725825" lon="-94.810783"></trkpt><trkpt lat="34.725998" lon="-94.810946"></trkpt><trkpt lat="34.726332" lon="-94.810608"></trkpt><trkpt lat="34.726638" lon="-94.810694"></trkpt><trkpt lat="34.726942" lon="-94.810993"></trkpt><trkpt lat="34.727022" lon="-94.811366"></trkpt><trkpt lat="34.726993" lon="-94.811950"></trkpt><trkpt lat="34.726834" lon="-94.812318"></trkpt><trkpt lat="34.726872" lon="-94.812691"></trkpt><trkpt lat="34.727525" lon="-94.812997"></trkpt><trkpt lat="34.727763" lon="-94.813241"></trkpt><trkpt lat="34.727863" lon="-94.813748"></trkpt><trkpt lat="34.727858" lon="-94.814146"></trkpt><trkpt lat="34.727689" lon="-94.815178"></trkpt><trkpt lat="34.727883" lon="-94.815448"></trkpt><trkpt lat="34.728581" lon="-94.815649"></trkpt><trkpt lat="34.728930" lon="-94.815869"></trkpt><trkpt lat="34.728773" lon="-94.816078"></trkpt><trkpt lat="34.728703" lon="-94.816369"></trkpt><trkpt lat="34.728700" lon="-94.816581"></trkpt><trkpt lat="34.728850" lon="-94.816797"></trkpt><trkpt lat="34.729067" lon="-94.816961"></trkpt><trkpt lat="34.729383" lon="-94.817791"></trkpt><trkpt lat="34.729291" lon="-94.818108"></trkpt><trkpt lat="34.728889" lon="-94.818604"></trkpt><trkpt lat="34.728861" lon="-94.818948"></trkpt><trkpt lat="34.729516" lon="-94.819148"></trkpt><trkpt lat="34.729620" lon="-94.819416"></trkpt><trkpt lat="34.729399" lon="-94.819624"></trkpt><trkpt lat="34.729108" lon="-94.820095"></trkpt><trkpt lat="34.729434" lon="-94.820262"></trkpt><trkpt lat="34.729827" lon="-94.820403"></trkpt><trkpt lat="34.730150" lon="-94.820782"></trkpt><trkpt lat="34.729737" lon="-94.822048"></trkpt><trkpt lat="34.729905" lon="-94.822423"></trkpt><trkpt lat="34.731772" lon="-94.823712"></trkpt><trkpt lat="34.731935" lon="-94.824592"></trkpt><trkpt lat="34.731708" lon="-94.824959"></trkpt><trkpt lat="34.731594" lon="-94.825355"></trkpt><trkpt lat="34.731564" lon="-94.825885"></trkpt><trkpt lat="34.731647" lon="-94.826179"></trkpt><trkpt lat="34.732017" lon="-94.826293"></trkpt><trkpt lat="34.732145" lon="-94.826615"></trkpt><trkpt lat="34.732138" lon="-94.827093"></trkpt><trkpt lat="34.732048" lon="-94.827250"></trkpt><trkpt lat="34.731869" lon="-94.827432"></trkpt><trkpt lat="34.732110" lon="-94.828951"></trkpt><trkpt lat="34.731736" lon="-94.828969"></trkpt><trkpt lat="34.731753" lon="-94.829315"></trkpt><trkpt lat="34.731903" lon="-94.829584"></trkpt><trkpt lat="34.732269" lon="-94.829964"></trkpt><trkpt lat="34.732660" lon="-94.830185"></trkpt><trkpt lat="34.733275" lon="-94.830172"></trkpt><trkpt lat="34.733515" lon="-94.830283"></trkpt><trkpt lat="34.733728" lon="-94.830686"></trkpt><trkpt lat="34.733870" lon="-94.831433"></trkpt><trkpt lat="34.734244" lon="-94.832796"></trkpt><trkpt lat="34.734547" lon="-94.833015"></trkpt><trkpt lat="34.734739" lon="-94.833444"></trkpt><trkpt lat="34.734733" lon="-94.833789"></trkpt><trkpt lat="34.734575" lon="-94.834131"></trkpt><trkpt lat="34.734398" lon="-94.834233"></trkpt><trkpt lat="34.734115" lon="-94.834120"></trkpt><trkpt lat="34.733786" lon="-94.834113"></trkpt><trkpt lat="34.733250" lon="-94.834712"></trkpt><trkpt lat="34.732912" lon="-94.835289"></trkpt><trkpt lat="34.732757" lon="-94.835445"></trkpt><trkpt lat="34.732362" lon="-94.835436"></trkpt><trkpt lat="34.732079" lon="-94.835350"></trkpt><trkpt lat="34.731448" lon="-94.835044"></trkpt><trkpt lat="34.731220" lon="-94.835543"></trkpt><trkpt lat="34.731065" lon="-94.835673"></trkpt><trkpt lat="34.730454" lon="-94.835527"></trkpt><trkpt lat="34.730104" lon="-94.835386"></trkpt><trkpt lat="34.729854" lon="-94.835991"></trkpt><trkpt lat="34.729513" lon="-94.836966"></trkpt><trkpt lat="34.729770" lon="-94.837238"></trkpt><trkpt lat="34.730357" lon="-94.837649"></trkpt><trkpt lat="34.730791" lon="-94.837844"></trkpt><trkpt lat="34.730873" lon="-94.838218"></trkpt><trkpt lat="34.730646" lon="-94.838771"></trkpt><trkpt lat="34.730842" lon="-94.838961"></trkpt><trkpt lat="34.731124" lon="-94.839073"></trkpt><trkpt lat="34.731605" lon="-94.839137"></trkpt><trkpt lat="34.732132" lon="-94.839069"></trkpt><trkpt lat="34.732727" lon="-94.838896"></trkpt><trkpt lat="34.733055" lon="-94.838983"></trkpt><trkpt lat="34.733870" lon="-94.838709"></trkpt><trkpt lat="34.734022" lon="-94.838845"></trkpt><trkpt lat="34.734060" lon="-94.839165"></trkpt><trkpt lat="34.734054" lon="-94.839563"></trkpt><trkpt lat="34.733915" lon="-94.840065"></trkpt><trkpt lat="34.733910" lon="-94.840410"></trkpt><trkpt lat="34.734037" lon="-94.840652"></trkpt><trkpt lat="34.734453" lon="-94.840740"></trkpt><trkpt lat="34.734735" lon="-94.840986"></trkpt><trkpt lat="34.734860" lon="-94.841413"></trkpt><trkpt lat="34.734999" lon="-94.842319"></trkpt><trkpt lat="34.735127" lon="-94.842508"></trkpt><trkpt lat="34.735328" lon="-94.842353"></trkpt><trkpt lat="34.735751" lon="-94.841911"></trkpt><trkpt lat="34.735993" lon="-94.841916"></trkpt><trkpt lat="34.736318" lon="-94.842136"></trkpt><trkpt lat="34.736533" lon="-94.842380"></trkpt><trkpt lat="34.736635" lon="-94.842807"></trkpt><trkpt lat="34.736649" lon="-94.843365"></trkpt><trkpt lat="34.736599" lon="-94.843816"></trkpt><trkpt lat="34.737052" lon="-94.844277"></trkpt><trkpt lat="34.737375" lon="-94.844709"></trkpt><trkpt lat="34.737737" lon="-94.845381"></trkpt><trkpt lat="34.738201" lon="-94.846560"></trkpt><trkpt lat="34.738346" lon="-94.847094"></trkpt><trkpt lat="34.738971" lon="-94.847799"></trkpt><trkpt lat="34.739459" lon="-94.848951"></trkpt><trkpt lat="34.739740" lon="-94.849091"></trkpt><trkpt lat="34.739981" lon="-94.849123"></trkpt><trkpt lat="34.740333" lon="-94.849104"></trkpt><trkpt lat="34.740506" lon="-94.849294"></trkpt><trkpt lat="34.740498" lon="-94.849825"></trkpt><trkpt lat="34.740533" lon="-94.850356"></trkpt><trkpt lat="34.740681" lon="-94.850679"></trkpt><trkpt lat="34.742052" lon="-94.851400"></trkpt><trkpt lat="34.742181" lon="-94.851668"></trkpt><trkpt lat="34.742192" lon="-94.852253"></trkpt><trkpt lat="34.742469" lon="-94.852870"></trkpt><trkpt lat="34.743019" lon="-94.852749"></trkpt><trkpt lat="34.743435" lon="-94.852785"></trkpt><trkpt lat="34.743783" lon="-94.852899"></trkpt><trkpt lat="34.744454" lon="-94.853498"></trkpt><trkpt lat="34.745464" lon="-94.853388"></trkpt><trkpt lat="34.745841" lon="-94.853184"></trkpt><trkpt lat="34.746102" lon="-94.853216"></trkpt><trkpt lat="34.746380" lon="-94.853754"></trkpt><trkpt lat="34.747099" lon="-94.854009"></trkpt><trkpt lat="34.747340" lon="-94.854041"></trkpt><trkpt lat="34.747584" lon="-94.853860"></trkpt><trkpt lat="34.747762" lon="-94.853599"></trkpt><trkpt lat="34.747879" lon="-94.854611"></trkpt><trkpt lat="34.748003" lon="-94.855038"></trkpt><trkpt lat="34.748194" lon="-94.855547"></trkpt><trkpt lat="34.748669" lon="-94.856063"></trkpt><trkpt lat="34.748596" lon="-94.856406"></trkpt><trkpt lat="34.748611" lon="-94.856858"></trkpt><trkpt lat="34.748583" lon="-94.857229"></trkpt><trkpt lat="34.748448" lon="-94.857545"></trkpt><trkpt lat="34.748417" lon="-94.858049"></trkpt><trkpt lat="34.749029" lon="-94.858302"></trkpt><trkpt lat="34.749131" lon="-94.858729"></trkpt><trkpt lat="34.749037" lon="-94.859099"></trkpt><trkpt lat="34.748678" lon="-94.859755"></trkpt><trkpt lat="34.748737" lon="-94.860154"></trkpt><trkpt lat="34.749168" lon="-94.860722"></trkpt><trkpt lat="34.749433" lon="-94.861923"></trkpt><trkpt lat="34.749488" lon="-94.862615"></trkpt><trkpt lat="34.749395" lon="-94.862985"></trkpt><trkpt lat="34.749015" lon="-94.863481"></trkpt><trkpt lat="34.748790" lon="-94.863901"></trkpt><trkpt lat="34.748890" lon="-94.864434"></trkpt><trkpt lat="34.748559" lon="-94.864560"></trkpt><trkpt lat="34.748075" lon="-94.864655"></trkpt><trkpt lat="34.747924" lon="-94.864492"></trkpt><trkpt lat="34.747801" lon="-94.864038"></trkpt><trkpt lat="34.747450" lon="-94.863950"></trkpt><trkpt lat="34.747322" lon="-94.863788"></trkpt><trkpt lat="34.747260" lon="-94.863548"></trkpt><trkpt lat="34.747022" lon="-94.863356"></trkpt><trkpt lat="34.746804" lon="-94.863351"></trkpt><trkpt lat="34.746385" lon="-94.863475"></trkpt><trkpt lat="34.746165" lon="-94.863417"></trkpt><trkpt lat="34.745973" lon="-94.863120"></trkpt><trkpt lat="34.745774" lon="-94.863196"></trkpt><trkpt lat="34.745661" lon="-94.863512"></trkpt><trkpt lat="34.745583" lon="-94.864307"></trkpt><trkpt lat="34.745575" lon="-94.864838"></trkpt><trkpt lat="34.745372" lon="-94.865152"></trkpt><trkpt lat="34.745106" lon="-94.865252"></trkpt><trkpt lat="34.744912" lon="-94.865168"></trkpt><trkpt lat="34.744651" lon="-94.864950"></trkpt><trkpt lat="34.744411" lon="-94.864865"></trkpt><trkpt lat="34.744166" lon="-94.865151"></trkpt><trkpt lat="34.744028" lon="-94.865600"></trkpt><trkpt lat="34.744021" lon="-94.866104"></trkpt><trkpt lat="34.744164" lon="-94.866718"></trkpt><trkpt lat="34.744314" lon="-94.866987"></trkpt><trkpt lat="34.744637" lon="-94.867340"></trkpt><trkpt lat="34.744964" lon="-94.867480"></trkpt><trkpt lat="34.745773" lon="-94.867658"></trkpt><trkpt lat="34.746103" lon="-94.867426"></trkpt><trkpt lat="34.746411" lon="-94.867513"></trkpt><trkpt lat="34.746447" lon="-94.867938"></trkpt><trkpt lat="34.746395" lon="-94.868548"></trkpt><trkpt lat="34.746502" lon="-94.870117"></trkpt><trkpt lat="34.746715" lon="-94.870441"></trkpt><trkpt lat="34.747066" lon="-94.870502"></trkpt><trkpt lat="34.747901" lon="-94.870255"></trkpt><trkpt lat="34.748094" lon="-94.870605"></trkpt><trkpt lat="34.748375" lon="-94.870797"></trkpt><trkpt lat="34.748545" lon="-94.871226"></trkpt><trkpt lat="34.748408" lon="-94.871621"></trkpt><trkpt lat="34.748139" lon="-94.871960"></trkpt><trkpt lat="34.747890" lon="-94.872433"></trkpt><trkpt lat="34.747577" lon="-94.872851"></trkpt><trkpt lat="34.747007" lon="-94.872838"></trkpt><trkpt lat="34.746977" lon="-94.873342"></trkpt><trkpt lat="34.746563" lon="-94.873332"></trkpt><trkpt lat="34.746662" lon="-94.873919"></trkpt><trkpt lat="34.746478" lon="-94.874419"></trkpt><trkpt lat="34.746214" lon="-94.874573"></trkpt><trkpt lat="34.745578" lon="-94.874638"></trkpt><trkpt lat="34.745073" lon="-94.874653"></trkpt><trkpt lat="34.744523" lon="-94.874747"></trkpt><trkpt lat="34.744302" lon="-94.874928"></trkpt><trkpt lat="34.744159" lon="-94.875688"></trkpt><trkpt lat="34.744009" lon="-94.876100"></trkpt><trkpt lat="34.743916" lon="-94.876599"></trkpt><trkpt lat="34.743889" lon="-94.877428"></trkpt><trkpt lat="34.743840" lon="-94.877824"></trkpt><trkpt lat="34.743723" lon="-94.878133"></trkpt><trkpt lat="34.743550" lon="-94.878250"></trkpt><trkpt lat="34.743278" lon="-94.878209"></trkpt><trkpt lat="34.743052" lon="-94.878100"></trkpt><trkpt lat="34.742807" lon="-94.878164"></trkpt><trkpt lat="34.742577" lon="-94.878349"></trkpt><trkpt lat="34.742515" lon="-94.878710"></trkpt><trkpt lat="34.742516" lon="-94.879505"></trkpt><trkpt lat="34.742461" lon="-94.880282"></trkpt><trkpt lat="34.742371" lon="-94.880556"></trkpt><trkpt lat="34.742270" lon="-94.880727"></trkpt><trkpt lat="34.741600" lon="-94.880591"></trkpt><trkpt lat="34.741431" lon="-94.880587"></trkpt><trkpt lat="34.741285" lon="-94.880670"></trkpt><trkpt lat="34.741226" lon="-94.880859"></trkpt><trkpt lat="34.741220" lon="-94.881256"></trkpt><trkpt lat="34.741330" lon="-94.881587"></trkpt><trkpt lat="34.741455" lon="-94.881814"></trkpt><trkpt lat="34.741695" lon="-94.881906"></trkpt><trkpt lat="34.741850" lon="-94.882065"></trkpt><trkpt lat="34.741830" lon="-94.882341"></trkpt><trkpt lat="34.741563" lon="-94.882811"></trkpt><trkpt lat="34.741510" lon="-94.883352"></trkpt><trkpt lat="34.742131" lon="-94.883691"></trkpt><trkpt lat="34.742845" lon="-94.883762"></trkpt><trkpt lat="34.742838" lon="-94.884195"></trkpt><trkpt lat="34.742607" lon="-94.884678"></trkpt><trkpt lat="34.741294" lon="-94.885623"></trkpt><trkpt lat="34.741420" lon="-94.886276"></trkpt><trkpt lat="34.741684" lon="-94.886553"></trkpt><trkpt lat="34.742932" lon="-94.886853"></trkpt><trkpt lat="34.744000" lon="-94.887148"></trkpt><trkpt lat="34.744311" lon="-94.887318"></trkpt><trkpt lat="34.744620" lon="-94.887596"></trkpt><trkpt lat="34.745110" lon="-94.887715"></trkpt><trkpt lat="34.745788" lon="-94.887297"></trkpt><trkpt lat="34.746152" lon="-94.886926"></trkpt><trkpt lat="34.746696" lon="-94.886451"></trkpt><trkpt lat="34.747091" lon="-94.886839"></trkpt><trkpt lat="34.747589" lon="-94.886579"></trkpt><trkpt lat="34.748220" lon="-94.886160"></trkpt><trkpt lat="34.748631" lon="-94.885628"></trkpt><trkpt lat="34.748944" lon="-94.885689"></trkpt><trkpt lat="34.749030" lon="-94.885962"></trkpt><trkpt lat="34.748612" lon="-94.886873"></trkpt><trkpt lat="34.748290" lon="-94.887462"></trkpt><trkpt lat="34.748056" lon="-94.888107"></trkpt><trkpt lat="34.748093" lon="-94.888650"></trkpt><trkpt lat="34.747635" lon="-94.889236"></trkpt><trkpt lat="34.747584" lon="-94.889614"></trkpt><trkpt lat="34.747619" lon="-94.890265"></trkpt><trkpt lat="34.747608" lon="-94.891024"></trkpt><trkpt lat="34.747202" lon="-94.891285"></trkpt><trkpt lat="34.747151" lon="-94.891663"></trkpt><trkpt lat="34.747277" lon="-94.892154"></trkpt><trkpt lat="34.747270" lon="-94.892587"></trkpt><trkpt lat="34.746865" lon="-94.892849"></trkpt><trkpt lat="34.746769" lon="-94.893227"></trkpt><trkpt lat="34.746850" lon="-94.893824"></trkpt><trkpt lat="34.747199" lon="-94.894266"></trkpt><trkpt lat="34.747414" lon="-94.894921"></trkpt><trkpt lat="34.747406" lon="-94.895463"></trkpt><trkpt lat="34.747132" lon="-94.895782"></trkpt><trkpt lat="34.747256" lon="-94.896381"></trkpt><trkpt lat="34.747562" lon="-94.896876"></trkpt><trkpt lat="34.747869" lon="-94.897262"></trkpt><trkpt lat="34.747818" lon="-94.897640"></trkpt><trkpt lat="34.747593" lon="-94.897743"></trkpt><trkpt lat="34.747282" lon="-94.897628"></trkpt><trkpt lat="34.746882" lon="-94.897402"></trkpt><trkpt lat="34.746741" lon="-94.897886"></trkpt><trkpt lat="34.747049" lon="-94.898219"></trkpt><trkpt lat="34.747131" lon="-94.898600"></trkpt><trkpt lat="34.746996" lon="-94.898760"></trkpt><trkpt lat="34.746822" lon="-94.898485"></trkpt><trkpt lat="34.746512" lon="-94.898261"></trkpt><trkpt lat="34.746804" lon="-94.899622"></trkpt><trkpt lat="34.746707" lon="-94.900054"></trkpt><trkpt lat="34.746525" lon="-94.900212"></trkpt><trkpt lat="34.746391" lon="-94.900263"></trkpt><trkpt lat="34.746215" lon="-94.900097"></trkpt><trkpt lat="34.746267" lon="-94.899556"></trkpt><trkpt lat="34.746191" lon="-94.898795"></trkpt><trkpt lat="34.746027" lon="-94.897708"></trkpt><trkpt lat="34.745805" lon="-94.897648"></trkpt><trkpt lat="34.745708" lon="-94.898080"></trkpt><trkpt lat="34.745740" lon="-94.898948"></trkpt><trkpt lat="34.745727" lon="-94.899760"></trkpt><trkpt lat="34.745588" lon="-94.900136"></trkpt><trkpt lat="34.744818" lon="-94.900660"></trkpt><trkpt lat="34.745210" lon="-94.901374"></trkpt><trkpt lat="34.745423" lon="-94.902029"></trkpt><trkpt lat="34.745856" lon="-94.903069"></trkpt><trkpt lat="34.746248" lon="-94.903620"></trkpt><trkpt lat="34.746590" lon="-94.904712"></trkpt><trkpt lat="34.746668" lon="-94.905472"></trkpt><trkpt lat="34.746881" lon="-94.906127"></trkpt><trkpt lat="34.747045" lon="-94.906998"></trkpt><trkpt lat="34.747082" lon="-94.907541"></trkpt><trkpt lat="34.747657" lon="-94.907933"></trkpt><trkpt lat="34.748236" lon="-94.908109"></trkpt><trkpt lat="34.748685" lon="-94.908065"></trkpt><trkpt lat="34.748990" lon="-94.908614"></trkpt><trkpt lat="34.749807" lon="-94.908708"></trkpt><trkpt lat="34.750239" lon="-94.908718"></trkpt><trkpt lat="34.750454" lon="-94.908832"></trkpt><trkpt lat="34.750611" lon="-94.909163"></trkpt><trkpt lat="34.751116" lon="-94.909153"></trkpt><trkpt lat="34.751335" lon="-94.909115"></trkpt><trkpt lat="34.751589" lon="-94.909011"></trkpt><trkpt lat="34.751955" lon="-94.908713"></trkpt><trkpt lat="34.752158" lon="-94.908390"></trkpt><trkpt lat="34.752450" lon="-94.908135"></trkpt><trkpt lat="34.753062" lon="-94.908236"></trkpt><trkpt lat="34.753186" lon="-94.908370"></trkpt><trkpt lat="34.753901" lon="-94.909917"></trkpt><trkpt lat="34.753649" lon="-94.909889"></trkpt><trkpt lat="34.753303" lon="-94.910122"></trkpt><trkpt lat="34.753239" lon="-94.910755"></trkpt><trkpt lat="34.753356" lon="-94.911348"></trkpt><trkpt lat="34.753600" lon="-94.911878"></trkpt><trkpt lat="34.754130" lon="-94.912721"></trkpt><trkpt lat="34.754523" lon="-94.912927"></trkpt><trkpt lat="34.755008" lon="-94.913070"></trkpt><trkpt lat="34.755868" lon="-94.913439"></trkpt><trkpt lat="34.755972" lon="-94.913660"></trkpt><trkpt lat="34.755840" lon="-94.914073"></trkpt><trkpt lat="34.755561" lon="-94.914613"></trkpt><trkpt lat="34.755878" lon="-94.915079"></trkpt><trkpt lat="34.755961" lon="-94.915540"></trkpt><trkpt lat="34.755702" lon="-94.915950"></trkpt><trkpt lat="34.756289" lon="-94.916445"></trkpt><trkpt lat="34.756393" lon="-94.916709"></trkpt><trkpt lat="34.756407" lon="-94.916972"></trkpt><trkpt lat="34.756366" lon="-94.917299"></trkpt><trkpt lat="34.756092" lon="-94.917490"></trkpt><trkpt lat="34.755428" lon="-94.917321"></trkpt><trkpt lat="34.754632" lon="-94.917456"></trkpt><trkpt lat="34.753904" lon="-94.917745"></trkpt><trkpt lat="34.753736" lon="-94.918113"></trkpt><trkpt lat="34.753731" lon="-94.918463"></trkpt><trkpt lat="34.753836" lon="-94.918618"></trkpt><trkpt lat="34.755514" lon="-94.918701"></trkpt><trkpt lat="34.755768" lon="-94.918597"></trkpt><trkpt lat="34.756472" lon="-94.918548"></trkpt><trkpt lat="34.756961" lon="-94.918603"></trkpt><trkpt lat="34.757173" lon="-94.918892"></trkpt><trkpt lat="34.757132" lon="-94.919197"></trkpt><trkpt lat="34.756791" lon="-94.920217"></trkpt><trkpt lat="34.756615" lon="-94.920956"></trkpt><trkpt lat="34.756608" lon="-94.921372"></trkpt><trkpt lat="34.756690" lon="-94.922074"></trkpt><trkpt lat="34.756865" lon="-94.922362"></trkpt><trkpt lat="34.757278" lon="-94.922503"></trkpt><trkpt lat="34.758303" lon="-94.922679"></trkpt><trkpt lat="34.759091" lon="-94.923048"></trkpt><trkpt lat="34.759728" lon="-94.923937"></trkpt><trkpt lat="34.760113" lon="-94.924689"></trkpt><trkpt lat="34.760234" lon="-94.925020"></trkpt><trkpt lat="34.760293" lon="-94.925831"></trkpt><trkpt lat="34.760157" lon="-94.926440"></trkpt><trkpt lat="34.760062" lon="-94.926722"></trkpt><trkpt lat="34.759983" lon="-94.927179"></trkpt><trkpt lat="34.760085" lon="-94.927575"></trkpt><trkpt lat="34.760298" lon="-94.927821"></trkpt><trkpt lat="34.760637" lon="-94.928004"></trkpt><trkpt lat="34.760706" lon="-94.928202"></trkpt><trkpt lat="34.760938" lon="-94.928339"></trkpt><trkpt lat="34.761204" lon="-94.928673"></trkpt><trkpt lat="34.761503" lon="-94.929117"></trkpt><trkpt lat="34.761780" lon="-94.929845"></trkpt><trkpt lat="34.761853" lon="-94.929781"></trkpt><trkpt lat="34.762073" lon="-94.929721"></trkpt><trkpt lat="34.762325" lon="-94.929749"></trkpt><trkpt lat="34.762563" lon="-94.929536"></trkpt><trkpt lat="34.762967" lon="-94.929064"></trkpt><trkpt lat="34.763246" lon="-94.928545"></trkpt><trkpt lat="34.763446" lon="-94.928441"></trkpt><trkpt lat="34.763787" lon="-94.928514"></trkpt><trkpt lat="34.764270" lon="-94.928744"></trkpt><trkpt lat="34.764663" lon="-94.929016"></trkpt><trkpt lat="34.765092" lon="-94.929397"></trkpt><trkpt lat="34.765283" lon="-94.929839"></trkpt><trkpt lat="34.765649" lon="-94.929498"></trkpt><trkpt lat="34.766082" lon="-94.929486"></trkpt><trkpt lat="34.766696" lon="-94.930550"></trkpt><trkpt lat="34.766938" lon="-94.931190"></trkpt><trkpt lat="34.767018" lon="-94.931892"></trkpt><trkpt lat="34.767028" lon="-94.932373"></trkpt><trkpt lat="34.767115" lon="-94.932572"></trkpt><trkpt lat="34.767873" lon="-94.932677"></trkpt><trkpt lat="34.768212" lon="-94.932882"></trkpt><trkpt lat="34.768426" lon="-94.933062"></trkpt><trkpt lat="34.768601" lon="-94.933350"></trkpt><trkpt lat="34.768740" lon="-94.933681"></trkpt><trkpt lat="34.768787" lon="-94.934185"></trkpt><trkpt lat="34.768687" lon="-94.934774"></trkpt><trkpt lat="34.768758" lon="-94.934863"></trkpt><trkpt lat="34.769207" lon="-94.934961"></trkpt><trkpt lat="34.769402" lon="-94.935184"></trkpt><trkpt lat="34.769552" lon="-94.935931"></trkpt><trkpt lat="34.770755" lon="-94.936419"></trkpt><trkpt lat="34.771297" lon="-94.936322"></trkpt><trkpt lat="34.771842" lon="-94.936094"></trkpt><trkpt lat="34.772439" lon="-94.935999"></trkpt><trkpt lat="34.773000" lon="-94.935990"></trkpt><trkpt lat="34.773122" lon="-94.936255"></trkpt><trkpt lat="34.772509" lon="-94.937225"></trkpt><trkpt lat="34.772128" lon="-94.937369"></trkpt><trkpt lat="34.771655" lon="-94.937620"></trkpt><trkpt lat="34.770985" lon="-94.937824"></trkpt><trkpt lat="34.770728" lon="-94.938102"></trkpt><trkpt lat="34.770741" lon="-94.938408"></trkpt><trkpt lat="34.771084" lon="-94.938394"></trkpt><trkpt lat="34.771464" lon="-94.938316"></trkpt><trkpt lat="34.771937" lon="-94.938042"></trkpt><trkpt lat="34.772376" lon="-94.937637"></trkpt><trkpt lat="34.772683" lon="-94.937623"></trkpt><trkpt lat="34.772696" lon="-94.937973"></trkpt><trkpt lat="34.772578" lon="-94.938561"></trkpt><trkpt lat="34.772646" lon="-94.938825"></trkpt><trkpt lat="34.773060" lon="-94.939031"></trkpt><trkpt lat="34.773404" lon="-94.938908"></trkpt><trkpt lat="34.773691" lon="-94.939002"></trkpt><trkpt lat="34.773706" lon="-94.939221"></trkpt><trkpt lat="34.773541" lon="-94.939393"></trkpt><trkpt lat="34.773232" lon="-94.939538"></trkpt><trkpt lat="34.772759" lon="-94.939658"></trkpt><trkpt lat="34.772521" lon="-94.939893"></trkpt><trkpt lat="34.772589" lon="-94.940114"></trkpt><trkpt lat="34.772988" lon="-94.940145"></trkpt><trkpt lat="34.773931" lon="-94.939817"></trkpt><trkpt lat="34.774257" lon="-94.939737"></trkpt><trkpt lat="34.774250" lon="-94.940152"></trkpt><trkpt lat="34.773659" lon="-94.941035"></trkpt><trkpt lat="34.773453" lon="-94.941490"></trkpt><trkpt lat="34.773466" lon="-94.941840"></trkpt><trkpt lat="34.773570" lon="-94.942105"></trkpt><trkpt lat="34.773732" lon="-94.942087"></trkpt><trkpt lat="34.774041" lon="-94.941919"></trkpt><trkpt lat="34.774389" lon="-94.941599"></trkpt><trkpt lat="34.775132" lon="-94.941354"></trkpt><trkpt lat="34.775622" lon="-94.941300"></trkpt><trkpt lat="34.776160" lon="-94.941488"></trkpt><trkpt lat="34.776410" lon="-94.941647"></trkpt><trkpt lat="34.776806" lon="-94.941700"></trkpt><trkpt lat="34.777419" lon="-94.941736"></trkpt><trkpt lat="34.777782" lon="-94.941570"></trkpt><trkpt lat="34.777910" lon="-94.941463"></trkpt><trkpt lat="34.778272" lon="-94.940247"></trkpt><trkpt lat="34.778498" lon="-94.939793"></trkpt><trkpt lat="34.778715" lon="-94.939710"></trkpt><trkpt lat="34.779216" lon="-94.939963"></trkpt><trkpt lat="34.779450" lon="-94.940034"></trkpt><trkpt lat="34.779789" lon="-94.940217"></trkpt><trkpt lat="34.780260" lon="-94.940097"></trkpt><trkpt lat="34.780570" lon="-94.939863"></trkpt><trkpt lat="34.780883" lon="-94.939455"></trkpt><trkpt lat="34.781201" lon="-94.938894"></trkpt><trkpt lat="34.781334" lon="-94.938437"></trkpt><trkpt lat="34.781684" lon="-94.938030"></trkpt><trkpt lat="34.781936" lon="-94.938014"></trkpt><trkpt lat="34.782223" lon="-94.938152"></trkpt><trkpt lat="34.782345" lon="-94.938374"></trkpt><trkpt lat="34.782339" lon="-94.938789"></trkpt><trkpt lat="34.782316" lon="-94.939095"></trkpt><trkpt lat="34.781981" lon="-94.939765"></trkpt><trkpt lat="34.781807" lon="-94.940439"></trkpt><trkpt lat="34.781808" lon="-94.941533"></trkpt><trkpt lat="34.781944" lon="-94.942039"></trkpt><trkpt lat="34.782102" lon="-94.942327"></trkpt><trkpt lat="34.782244" lon="-94.942439"></trkpt><trkpt lat="34.782943" lon="-94.942719"></trkpt><trkpt lat="34.783138" lon="-94.942964"></trkpt><trkpt lat="34.783294" lon="-94.943339"></trkpt><trkpt lat="34.783361" lon="-94.943625"></trkpt><trkpt lat="34.783336" lon="-94.944062"></trkpt><trkpt lat="34.783277" lon="-94.944367"></trkpt><trkpt lat="34.783165" lon="-94.944605"></trkpt><trkpt lat="34.782964" lon="-94.944819"></trkpt><trkpt lat="34.782604" lon="-94.944745"></trkpt><trkpt lat="34.782249" lon="-94.944386"></trkpt><trkpt lat="34.782135" lon="-94.944778"></trkpt><trkpt lat="34.781949" lon="-94.945101"></trkpt><trkpt lat="34.781908" lon="-94.945428"></trkpt><trkpt lat="34.781939" lon="-94.945779"></trkpt><trkpt lat="34.782060" lon="-94.946066"></trkpt><trkpt lat="34.782255" lon="-94.946268"></trkpt><trkpt lat="34.782561" lon="-94.946341"></trkpt><trkpt lat="34.782904" lon="-94.946305"></trkpt><trkpt lat="34.783249" lon="-94.946160"></trkpt><trkpt lat="34.783767" lon="-94.945297"></trkpt><trkpt lat="34.783987" lon="-94.945237"></trkpt><trkpt lat="34.784605" lon="-94.946039"></trkpt><trkpt lat="34.785148" lon="-94.945942"></trkpt><trkpt lat="34.785348" lon="-94.945859"></trkpt><trkpt lat="34.785424" lon="-94.945599"></trkpt><trkpt lat="34.785247" lon="-94.944238"></trkpt><trkpt lat="34.785271" lon="-94.943867"></trkpt><trkpt lat="34.785362" lon="-94.943803"></trkpt><trkpt lat="34.785666" lon="-94.943985"></trkpt><trkpt lat="34.786509" lon="-94.944290"></trkpt><trkpt lat="34.786747" lon="-94.944208"></trkpt><trkpt lat="34.786750" lon="-94.943989"></trkpt><trkpt lat="34.786249" lon="-94.943584"></trkpt><trkpt lat="34.786236" lon="-94.943299"></trkpt><trkpt lat="34.786776" lon="-94.942349"></trkpt><trkpt lat="34.786834" lon="-94.942153"></trkpt><trkpt lat="34.786712" lon="-94.941845"></trkpt><trkpt lat="34.786513" lon="-94.941730"></trkpt><trkpt lat="34.786151" lon="-94.941831"></trkpt><trkpt lat="34.785987" lon="-94.941937"></trkpt><trkpt lat="34.785771" lon="-94.941932"></trkpt><trkpt lat="34.785776" lon="-94.941604"></trkpt><trkpt lat="34.785890" lon="-94.941278"></trkpt><trkpt lat="34.785768" lon="-94.940991"></trkpt><trkpt lat="34.785535" lon="-94.940920"></trkpt><trkpt lat="34.785172" lon="-94.941021"></trkpt><trkpt lat="34.785011" lon="-94.940952"></trkpt><trkpt lat="34.785234" lon="-94.940519"></trkpt><trkpt lat="34.785387" lon="-94.940020"></trkpt><trkpt lat="34.785191" lon="-94.939884"></trkpt><trkpt lat="34.785085" lon="-94.939728"></trkpt><trkpt lat="34.785268" lon="-94.939579"></trkpt><trkpt lat="34.785495" lon="-94.938907"></trkpt><trkpt lat="34.785873" lon="-94.938916"></trkpt><trkpt lat="34.786182" lon="-94.938791"></trkpt><trkpt lat="34.786286" lon="-94.939013"></trkpt><trkpt lat="34.786139" lon="-94.939184"></trkpt><trkpt lat="34.786028" lon="-94.939400"></trkpt><trkpt lat="34.786043" lon="-94.939576"></trkpt><trkpt lat="34.786274" lon="-94.939778"></trkpt><trkpt lat="34.786127" lon="-94.939949"></trkpt><trkpt lat="34.786230" lon="-94.940280"></trkpt><trkpt lat="34.786697" lon="-94.940554"></trkpt><trkpt lat="34.786942" lon="-94.940997"></trkpt><trkpt lat="34.787149" lon="-94.941614"></trkpt><trkpt lat="34.788108" lon="-94.941400"></trkpt><trkpt lat="34.787808" lon="-94.940995"></trkpt><trkpt lat="34.787671" lon="-94.940511"></trkpt><trkpt lat="34.787598" lon="-94.939459"></trkpt><trkpt lat="34.787655" lon="-94.939241"></trkpt><trkpt lat="34.787836" lon="-94.939202"></trkpt><trkpt lat="34.788139" lon="-94.939472"></trkpt><trkpt lat="34.788621" lon="-94.939767"></trkpt><trkpt lat="34.789266" lon="-94.939979"></trkpt><trkpt lat="34.789846" lon="-94.939971"></trkpt><trkpt lat="34.790102" lon="-94.939736"></trkpt><trkpt lat="34.790015" lon="-94.939516"></trkpt><trkpt lat="34.789838" lon="-94.939337"></trkpt><trkpt lat="34.789099" lon="-94.939166"></trkpt><trkpt lat="34.788814" lon="-94.938941"></trkpt><trkpt lat="34.788622" lon="-94.938586"></trkpt><trkpt lat="34.788661" lon="-94.938368"></trkpt><trkpt lat="34.789259" lon="-94.938185"></trkpt><trkpt lat="34.789856" lon="-94.938221"></trkpt><trkpt lat="34.790001" lon="-94.938181"></trkpt><trkpt lat="34.790063" lon="-94.937657"></trkpt><trkpt lat="34.789997" lon="-94.937306"></trkpt><trkpt lat="34.790629" lon="-94.937233"></trkpt><trkpt lat="34.790902" lon="-94.937043"></trkpt><trkpt lat="34.791127" lon="-94.936545"></trkpt><trkpt lat="34.791437" lon="-94.936311"></trkpt><trkpt lat="34.791599" lon="-94.936315"></trkpt><trkpt lat="34.791946" lon="-94.936039"></trkpt><trkpt lat="34.792524" lon="-94.935002"></trkpt><trkpt lat="34.792767" lon="-94.934461"></trkpt><trkpt lat="34.792946" lon="-94.934531"></trkpt><trkpt lat="34.793049" lon="-94.934862"></trkpt><trkpt lat="34.793043" lon="-94.935211"></trkpt><trkpt lat="34.793104" lon="-94.935956"></trkpt><trkpt lat="34.793074" lon="-94.936721"></trkpt><trkpt lat="34.792995" lon="-94.937113"></trkpt><trkpt lat="34.793060" lon="-94.937552"></trkpt><trkpt lat="34.793255" lon="-94.937798"></trkpt><trkpt lat="34.793559" lon="-94.937958"></trkpt><trkpt lat="34.793900" lon="-94.938053"></trkpt><trkpt lat="34.794315" lon="-94.938041"></trkpt><trkpt lat="34.794733" lon="-94.937789"></trkpt><trkpt lat="34.795451" lon="-94.937062"></trkpt><trkpt lat="34.795794" lon="-94.937004"></trkpt><trkpt lat="34.796049" lon="-94.936835"></trkpt><trkpt lat="34.796288" lon="-94.936556"></trkpt><trkpt lat="34.796457" lon="-94.936145"></trkpt><trkpt lat="34.796715" lon="-94.935800"></trkpt><trkpt lat="34.797094" lon="-94.935766"></trkpt><trkpt lat="34.797491" lon="-94.935775"></trkpt><trkpt lat="34.798498" lon="-94.936083"></trkpt><trkpt lat="34.798715" lon="-94.936022"></trkpt><trkpt lat="34.798845" lon="-94.935807"></trkpt><trkpt lat="34.799156" lon="-94.935507"></trkpt><trkpt lat="34.799228" lon="-94.935509"></trkpt><trkpt lat="34.799306" lon="-94.936255"></trkpt><trkpt lat="34.799228" lon="-94.936625"></trkpt><trkpt lat="34.799042" lon="-94.937036"></trkpt><trkpt lat="34.798925" lon="-94.937559"></trkpt><trkpt lat="34.798914" lon="-94.938280"></trkpt><trkpt lat="34.798813" lon="-94.938956"></trkpt><trkpt lat="34.798678" lon="-94.939500"></trkpt><trkpt lat="34.798673" lon="-94.939806"></trkpt><trkpt lat="34.798758" lon="-94.940092"></trkpt><trkpt lat="34.798958" lon="-94.939988"></trkpt><trkpt lat="34.799293" lon="-94.939383"></trkpt><trkpt lat="34.799496" lon="-94.939081"></trkpt><trkpt lat="34.799787" lon="-94.938935"></trkpt><trkpt lat="34.800004" lon="-94.938853"></trkpt><trkpt lat="34.800308" lon="-94.939057"></trkpt><trkpt lat="34.800322" lon="-94.939276"></trkpt><trkpt lat="34.799992" lon="-94.939640"></trkpt><trkpt lat="34.799806" lon="-94.940008"></trkpt><trkpt lat="34.799786" lon="-94.940138"></trkpt><trkpt lat="34.799911" lon="-94.940207"></trkpt><trkpt lat="34.800225" lon="-94.939733"></trkpt><trkpt lat="34.800405" lon="-94.939715"></trkpt><trkpt lat="34.800438" lon="-94.939935"></trkpt><trkpt lat="34.800144" lon="-94.940300"></trkpt><trkpt lat="34.799996" lon="-94.940537"></trkpt><trkpt lat="34.799974" lon="-94.940733"></trkpt><trkpt lat="34.800045" lon="-94.940845"></trkpt><trkpt lat="34.800209" lon="-94.940739"></trkpt><trkpt lat="34.800302" lon="-94.940544"></trkpt><trkpt lat="34.800488" lon="-94.940330"></trkpt><trkpt lat="34.800613" lon="-94.940420"></trkpt><trkpt lat="34.800454" lon="-94.941335"></trkpt><trkpt lat="34.800246" lon="-94.941812"></trkpt><trkpt lat="34.800297" lon="-94.941988"></trkpt><trkpt lat="34.800425" lon="-94.941991"></trkpt><trkpt lat="34.800703" lon="-94.941560"></trkpt><trkpt lat="34.800982" lon="-94.941041"></trkpt><trkpt lat="34.801309" lon="-94.940830"></trkpt><trkpt lat="34.801506" lon="-94.940923"></trkpt><trkpt lat="34.801079" lon="-94.941722"></trkpt><trkpt lat="34.800802" lon="-94.942131"></trkpt><trkpt lat="34.800756" lon="-94.942743"></trkpt><trkpt lat="34.800845" lon="-94.942810"></trkpt><trkpt lat="34.801025" lon="-94.942815"></trkpt><trkpt lat="34.801172" lon="-94.942643"></trkpt><trkpt lat="34.801302" lon="-94.942405"></trkpt><trkpt lat="34.801504" lon="-94.942170"></trkpt><trkpt lat="34.801648" lon="-94.942239"></trkpt><trkpt lat="34.801658" lon="-94.942742"></trkpt><trkpt lat="34.801612" lon="-94.943353"></trkpt><trkpt lat="34.801495" lon="-94.943898"></trkpt><trkpt lat="34.801451" lon="-94.944400"></trkpt><trkpt lat="34.801480" lon="-94.944860"></trkpt><trkpt lat="34.801676" lon="-94.944996"></trkpt><trkpt lat="34.801878" lon="-94.944738"></trkpt><trkpt lat="34.802047" lon="-94.944326"></trkpt><trkpt lat="34.802189" lon="-94.944461"></trkpt><trkpt lat="34.802386" lon="-94.944575"></trkpt><trkpt lat="34.802762" lon="-94.944693"></trkpt><trkpt lat="34.803486" lon="-94.944667"></trkpt><trkpt lat="34.803904" lon="-94.944501"></trkpt><trkpt lat="34.804731" lon="-94.943514"></trkpt><trkpt lat="34.804954" lon="-94.943126"></trkpt><trkpt lat="34.805210" lon="-94.942847"></trkpt><trkpt lat="34.805519" lon="-94.942723"></trkpt><trkpt lat="34.805826" lon="-94.942687"></trkpt><trkpt lat="34.805956" lon="-94.942580"></trkpt><trkpt lat="34.805953" lon="-94.941661"></trkpt><trkpt lat="34.806012" lon="-94.941356"></trkpt><trkpt lat="34.806551" lon="-94.941457"></trkpt><trkpt lat="34.806894" lon="-94.941443"></trkpt><trkpt lat="34.807182" lon="-94.941493"></trkpt><trkpt lat="34.808109" lon="-94.941012"></trkpt><trkpt lat="34.808855" lon="-94.940767"></trkpt><trkpt lat="34.809125" lon="-94.940773"></trkpt><trkpt lat="34.809682" lon="-94.940917"></trkpt><trkpt lat="34.810042" lon="-94.940948"></trkpt><trkpt lat="34.810584" lon="-94.940895"></trkpt><trkpt lat="34.810895" lon="-94.940617"></trkpt><trkpt lat="34.811277" lon="-94.940364"></trkpt><trkpt lat="34.812125" lon="-94.939333"></trkpt><trkpt lat="34.812329" lon="-94.939010"></trkpt><trkpt lat="34.812388" lon="-94.938683"></trkpt><trkpt lat="34.812378" lon="-94.938180"></trkpt><trkpt lat="34.812311" lon="-94.937894"></trkpt><trkpt lat="34.812206" lon="-94.937694"></trkpt><trkpt lat="34.812482" lon="-94.937329"></trkpt><trkpt lat="34.812614" lon="-94.936960"></trkpt><trkpt lat="34.812853" lon="-94.936681"></trkpt><trkpt lat="34.813145" lon="-94.936447"></trkpt><trkpt lat="34.813846" lon="-94.936595"></trkpt><trkpt lat="34.814152" lon="-94.936602"></trkpt><trkpt lat="34.814197" lon="-94.936056"></trkpt><trkpt lat="34.814384" lon="-94.935776"></trkpt><trkpt lat="34.814675" lon="-94.935608"></trkpt><trkpt lat="34.814917" lon="-94.935154"></trkpt><trkpt lat="34.815736" lon="-94.934670"></trkpt><trkpt lat="34.815956" lon="-94.934434"></trkpt><trkpt lat="34.816522" lon="-94.934032"></trkpt><trkpt lat="34.816854" lon="-94.933514"></trkpt><trkpt lat="34.816950" lon="-94.933144"></trkpt><trkpt lat="34.817100" lon="-94.932798"></trkpt><trkpt lat="34.817303" lon="-94.932649"></trkpt><trkpt lat="34.817698" lon="-94.932768"></trkpt><trkpt lat="34.817878" lon="-94.932772"></trkpt><trkpt lat="34.818151" lon="-94.932626"></trkpt><trkpt lat="34.819418" lon="-94.931167"></trkpt><trkpt lat="34.819894" lon="-94.930762"></trkpt><trkpt lat="34.820439" lon="-94.930644"></trkpt><trkpt lat="34.820780" lon="-94.930739"></trkpt><trkpt lat="34.821084" lon="-94.930922"></trkpt><trkpt lat="34.821209" lon="-94.930946"></trkpt><trkpt lat="34.821319" lon="-94.930861"></trkpt><trkpt lat="34.821322" lon="-94.930643"></trkpt><trkpt lat="34.821573" lon="-94.930736"></trkpt><trkpt lat="34.821768" lon="-94.930981"></trkpt><trkpt lat="34.821984" lon="-94.931008"></trkpt><trkpt lat="34.822129" lon="-94.930924"></trkpt><trkpt lat="34.822317" lon="-94.930447"></trkpt><trkpt lat="34.822482" lon="-94.930319"></trkpt><trkpt lat="34.822858" lon="-94.930613"></trkpt><trkpt lat="34.823470" lon="-94.930649"></trkpt><trkpt lat="34.823743" lon="-94.930480"></trkpt><trkpt lat="34.823820" lon="-94.930219"></trkpt><trkpt lat="34.823753" lon="-94.929868"></trkpt><trkpt lat="34.824007" lon="-94.929786"></trkpt><trkpt lat="34.824247" lon="-94.929442"></trkpt><trkpt lat="34.824290" lon="-94.929005"></trkpt><trkpt lat="34.824113" lon="-94.928782"></trkpt><trkpt lat="34.823886" lon="-94.928317"></trkpt><trkpt lat="34.823783" lon="-94.927986"></trkpt><trkpt lat="34.823734" lon="-94.927635"></trkpt><trkpt lat="34.823723" lon="-94.927197"></trkpt><trkpt lat="34.823784" lon="-94.926805"></trkpt><trkpt lat="34.823915" lon="-94.926501"></trkpt><trkpt lat="34.823992" lon="-94.926197"></trkpt><trkpt lat="34.823941" lon="-94.925977"></trkpt><trkpt lat="34.823799" lon="-94.925842"></trkpt><trkpt lat="34.823474" lon="-94.925878"></trkpt><trkpt lat="34.823237" lon="-94.926048"></trkpt><trkpt lat="34.822928" lon="-94.926172"></trkpt><trkpt lat="34.822655" lon="-94.926231"></trkpt><trkpt lat="34.822553" lon="-94.925791"></trkpt><trkpt lat="34.822464" lon="-94.925723"></trkpt><trkpt lat="34.822319" lon="-94.925808"></trkpt><trkpt lat="34.822158" lon="-94.925694"></trkpt><trkpt lat="34.821910" lon="-94.925448"></trkpt><trkpt lat="34.821826" lon="-94.925052"></trkpt><trkpt lat="34.821547" lon="-94.924455"></trkpt><trkpt lat="34.821315" lon="-94.924296"></trkpt><trkpt lat="34.821099" lon="-94.924269"></trkpt><trkpt lat="34.820918" lon="-94.924309"></trkpt><trkpt lat="34.820772" lon="-94.924393"></trkpt><trkpt lat="34.820663" lon="-94.925572"></trkpt><trkpt lat="34.820534" lon="-94.925788"></trkpt><trkpt lat="34.820134" lon="-94.925976"></trkpt><trkpt lat="34.819717" lon="-94.925988"></trkpt><trkpt lat="34.819485" lon="-94.925807"></trkpt><trkpt lat="34.819293" lon="-94.925453"></trkpt><trkpt lat="34.819407" lon="-94.925083"></trkpt><trkpt lat="34.819340" lon="-94.924710"></trkpt><trkpt lat="34.819183" lon="-94.924422"></trkpt><trkpt lat="34.819239" lon="-94.924270"></trkpt><trkpt lat="34.819189" lon="-94.924028"></trkpt><trkpt lat="34.819101" lon="-94.923916"></trkpt><trkpt lat="34.818997" lon="-94.923608"></trkpt><trkpt lat="34.819003" lon="-94.923236"></trkpt><trkpt lat="34.818969" lon="-94.923104"></trkpt><trkpt lat="34.818864" lon="-94.922904"></trkpt><trkpt lat="34.818668" lon="-94.922747"></trkpt><trkpt lat="34.818435" lon="-94.922654"></trkpt><trkpt lat="34.818402" lon="-94.922500"></trkpt><trkpt lat="34.818512" lon="-94.922371"></trkpt><trkpt lat="34.818658" lon="-94.922287"></trkpt><trkpt lat="34.818771" lon="-94.921983"></trkpt><trkpt lat="34.818773" lon="-94.921852"></trkpt><trkpt lat="34.818668" lon="-94.921631"></trkpt><trkpt lat="34.818490" lon="-94.921495"></trkpt><trkpt lat="34.817970" lon="-94.921286"></trkpt><trkpt lat="34.817900" lon="-94.921153"></trkpt><trkpt lat="34.817956" lon="-94.921067"></trkpt><trkpt lat="34.818209" lon="-94.921007"></trkpt><trkpt lat="34.818373" lon="-94.920923"></trkpt><trkpt lat="34.818358" lon="-94.920704"></trkpt><trkpt lat="34.818253" lon="-94.920505"></trkpt><trkpt lat="34.818020" lon="-94.920412"></trkpt><trkpt lat="34.817747" lon="-94.920559"></trkpt><trkpt lat="34.817459" lon="-94.920508"></trkpt><trkpt lat="34.817335" lon="-94.920396"></trkpt><trkpt lat="34.817392" lon="-94.920244"></trkpt><trkpt lat="34.817611" lon="-94.920074"></trkpt><trkpt lat="34.817865" lon="-94.919927"></trkpt><trkpt lat="34.818227" lon="-94.919848"></trkpt><trkpt lat="34.818392" lon="-94.919698"></trkpt><trkpt lat="34.818449" lon="-94.919525"></trkpt><trkpt lat="34.818397" lon="-94.919348"></trkpt><trkpt lat="34.818292" lon="-94.919193"></trkpt><trkpt lat="34.817984" lon="-94.919273"></trkpt><trkpt lat="34.817712" lon="-94.919376"></trkpt><trkpt lat="34.817290" lon="-94.919651"></trkpt><trkpt lat="34.817093" lon="-94.919581"></trkpt><trkpt lat="34.816915" lon="-94.919467"></trkpt><trkpt lat="34.816845" lon="-94.919312"></trkpt><trkpt lat="34.816814" lon="-94.918962"></trkpt><trkpt lat="34.816997" lon="-94.918791"></trkpt><trkpt lat="34.817252" lon="-94.918643"></trkpt><trkpt lat="34.817731" lon="-94.918151"></trkpt><trkpt lat="34.817843" lon="-94.917891"></trkpt><trkpt lat="34.817702" lon="-94.917735"></trkpt><trkpt lat="34.817067" lon="-94.917808"></trkpt><trkpt lat="34.817150" lon="-94.917109"></trkpt><trkpt lat="34.817141" lon="-94.916518"></trkpt><trkpt lat="34.817059" lon="-94.916013"></trkpt><trkpt lat="34.816674" lon="-94.915282"></trkpt><trkpt lat="34.817058" lon="-94.914941"></trkpt><trkpt lat="34.817208" lon="-94.914594"></trkpt><trkpt lat="34.817289" lon="-94.914049"></trkpt><trkpt lat="34.817244" lon="-94.913413"></trkpt><trkpt lat="34.816130" lon="-94.913213"></trkpt><trkpt lat="34.815881" lon="-94.912988"></trkpt><trkpt lat="34.815849" lon="-94.912725"></trkpt><trkpt lat="34.815780" lon="-94.912526"></trkpt><trkpt lat="34.815856" lon="-94.912265"></trkpt><trkpt lat="34.816056" lon="-94.912139"></trkpt><trkpt lat="34.816239" lon="-94.911968"></trkpt><trkpt lat="34.816187" lon="-94.911835"></trkpt><trkpt lat="34.815954" lon="-94.911742"></trkpt><trkpt lat="34.815725" lon="-94.911453"></trkpt><trkpt lat="34.815691" lon="-94.911299"></trkpt><trkpt lat="34.815766" lon="-94.911104"></trkpt><trkpt lat="34.816464" lon="-94.910310"></trkpt><trkpt lat="34.816448" lon="-94.910134"></trkpt><trkpt lat="34.816306" lon="-94.910044"></trkpt><trkpt lat="34.815640" lon="-94.909941"></trkpt><trkpt lat="34.815426" lon="-94.909804"></trkpt><trkpt lat="34.815303" lon="-94.909605"></trkpt><trkpt lat="34.815327" lon="-94.909211"></trkpt><trkpt lat="34.815421" lon="-94.908951"></trkpt><trkpt lat="34.815698" lon="-94.908563"></trkpt><trkpt lat="34.815884" lon="-94.908174"></trkpt><trkpt lat="34.816058" lon="-94.907456"></trkpt><trkpt lat="34.816169" lon="-94.907261"></trkpt><trkpt lat="34.816425" lon="-94.907027"></trkpt><trkpt lat="34.816540" lon="-94.906592"></trkpt><trkpt lat="34.816478" lon="-94.905978"></trkpt><trkpt lat="34.816042" lon="-94.905005"></trkpt><trkpt lat="34.816297" lon="-94.904858"></trkpt><trkpt lat="34.816640" lon="-94.904821"></trkpt><trkpt lat="34.816914" lon="-94.904565"></trkpt><trkpt lat="34.817027" lon="-94.904261"></trkpt><trkpt lat="34.817032" lon="-94.903977"></trkpt><trkpt lat="34.816947" lon="-94.903669"></trkpt><trkpt lat="34.816807" lon="-94.903359"></trkpt><trkpt lat="34.816813" lon="-94.902987"></trkpt><trkpt lat="34.817013" lon="-94.902905"></trkpt><trkpt lat="34.817342" lon="-94.902584"></trkpt><trkpt lat="34.817345" lon="-94.902387"></trkpt><trkpt lat="34.817479" lon="-94.901930"></trkpt><trkpt lat="34.817075" lon="-94.901199"></trkpt><trkpt lat="34.817096" lon="-94.901024"></trkpt><trkpt lat="34.817276" lon="-94.901050"></trkpt><trkpt lat="34.817508" lon="-94.901231"></trkpt><trkpt lat="34.817672" lon="-94.901235"></trkpt><trkpt lat="34.817751" lon="-94.900777"></trkpt><trkpt lat="34.817664" lon="-94.900578"></trkpt><trkpt lat="34.817448" lon="-94.900398"></trkpt><trkpt lat="34.817307" lon="-94.900220"></trkpt><trkpt lat="34.817488" lon="-94.900202"></trkpt><trkpt lat="34.817958" lon="-94.900278"></trkpt><trkpt lat="34.818180" lon="-94.899890"></trkpt><trkpt lat="34.818401" lon="-94.899610"></trkpt><trkpt lat="34.818655" lon="-94.899463"></trkpt><trkpt lat="34.818448" lon="-94.898889"></trkpt><trkpt lat="34.818664" lon="-94.898894"></trkpt><trkpt lat="34.818846" lon="-94.898833"></trkpt><trkpt lat="34.818522" lon="-94.897596"></trkpt><trkpt lat="34.818561" lon="-94.897598"></trkpt><trkpt lat="34.818978" lon="-94.897282"></trkpt><trkpt lat="34.819095" lon="-94.896716"></trkpt><trkpt lat="34.819099" lon="-94.896431"></trkpt><trkpt lat="34.818958" lon="-94.896231"></trkpt><trkpt lat="34.818821" lon="-94.895790"></trkpt><trkpt lat="34.818826" lon="-94.895440"></trkpt><trkpt lat="34.818938" lon="-94.895224"></trkpt><trkpt lat="34.819052" lon="-94.894855"></trkpt><trkpt lat="34.818947" lon="-94.894655"></trkpt><trkpt lat="34.818936" lon="-94.894174"></trkpt><trkpt lat="34.818994" lon="-94.893934"></trkpt><trkpt lat="34.819229" lon="-94.893874"></trkpt><trkpt lat="34.819470" lon="-94.893486"></trkpt><trkpt lat="34.819665" lon="-94.892549"></trkpt><trkpt lat="34.819671" lon="-94.892133"></trkpt><trkpt lat="34.819767" lon="-94.891785"></trkpt><trkpt lat="34.819644" lon="-94.891542"></trkpt><trkpt lat="34.820025" lon="-94.891397"></trkpt><trkpt lat="34.820135" lon="-94.891291"></trkpt><trkpt lat="34.820232" lon="-94.890877"></trkpt><trkpt lat="34.820163" lon="-94.890678"></trkpt><trkpt lat="34.820239" lon="-94.890418"></trkpt><trkpt lat="34.820386" lon="-94.890224"></trkpt><trkpt lat="34.820846" lon="-94.889819"></trkpt><trkpt lat="34.820851" lon="-94.889469"></trkpt><trkpt lat="34.820691" lon="-94.889290"></trkpt><trkpt lat="34.820570" lon="-94.888981"></trkpt><trkpt lat="34.820757" lon="-94.888569"></trkpt><trkpt lat="34.821145" lon="-94.887922"></trkpt><trkpt lat="34.821222" lon="-94.887661"></trkpt><trkpt lat="34.821246" lon="-94.887246"></trkpt><trkpt lat="34.821358" lon="-94.887029"></trkpt><trkpt lat="34.821461" lon="-94.886178"></trkpt></trkseg></trk><trk><name>T080 BR5F828</name><trkseg><trkpt lat="34.818522" lon="-94.897596"></trkpt><trkpt lat="34.818151" lon="-94.897533"></trkpt><trkpt lat="34.817734" lon="-94.897676"></trkpt><trkpt lat="34.816889" lon="-94.898576"></trkpt><trkpt lat="34.816689" lon="-94.898637"></trkpt><trkpt lat="34.816444" lon="-94.898150"></trkpt><trkpt lat="34.816434" lon="-94.897690"></trkpt><trkpt lat="34.816385" lon="-94.897361"></trkpt><trkpt lat="34.816225" lon="-94.897204"></trkpt><trkpt lat="34.816081" lon="-94.897179"></trkpt><trkpt lat="34.815863" lon="-94.897305"></trkpt><trkpt lat="34.815662" lon="-94.897476"></trkpt><trkpt lat="34.815645" lon="-94.897366"></trkpt><trkpt lat="34.815103" lon="-94.897463"></trkpt><trkpt lat="34.814771" lon="-94.897762"></trkpt><trkpt lat="34.814224" lon="-94.898165"></trkpt><trkpt lat="34.814025" lon="-94.898204"></trkpt><trkpt lat="34.813669" lon="-94.897911"></trkpt><trkpt lat="34.813496" lon="-94.897470"></trkpt><trkpt lat="34.813413" lon="-94.896965"></trkpt><trkpt lat="34.813222" lon="-94.896523"></trkpt><trkpt lat="34.812916" lon="-94.896494"></trkpt><trkpt lat="34.812607" lon="-94.896640"></trkpt><trkpt lat="34.812441" lon="-94.896855"></trkpt><trkpt lat="34.812201" lon="-94.897265"></trkpt><trkpt lat="34.811997" lon="-94.897435"></trkpt><trkpt lat="34.811798" lon="-94.897475"></trkpt><trkpt lat="34.811568" lon="-94.897185"></trkpt><trkpt lat="34.811478" lon="-94.897183"></trkpt><trkpt lat="34.811091" lon="-94.897743"></trkpt><trkpt lat="34.810797" lon="-94.898064"></trkpt><trkpt lat="34.810581" lon="-94.898038"></trkpt><trkpt lat="34.810104" lon="-94.897436"></trkpt><trkpt lat="34.809872" lon="-94.897255"></trkpt><trkpt lat="34.809657" lon="-94.897185"></trkpt><trkpt lat="34.809295" lon="-94.897155"></trkpt><trkpt lat="34.809069" lon="-94.896581"></trkpt><trkpt lat="34.808893" lon="-94.896336"></trkpt><trkpt lat="34.808640" lon="-94.896374"></trkpt><trkpt lat="34.808421" lon="-94.896522"></trkpt><trkpt lat="34.808295" lon="-94.896497"></trkpt><trkpt lat="34.808225" lon="-94.896386"></trkpt><trkpt lat="34.808445" lon="-94.896150"></trkpt><trkpt lat="34.808538" lon="-94.895934"></trkpt><trkpt lat="34.808399" lon="-94.895624"></trkpt><trkpt lat="34.807689" lon="-94.896024"></trkpt><trkpt lat="34.807381" lon="-94.896148"></trkpt><trkpt lat="34.807255" lon="-94.896123"></trkpt><trkpt lat="34.806990" lon="-94.895745"></trkpt><trkpt lat="34.806817" lon="-94.895325"></trkpt><trkpt lat="34.806454" lon="-94.894136"></trkpt><trkpt lat="34.806164" lon="-94.894239"></trkpt><trkpt lat="34.805691" lon="-94.894534"></trkpt><trkpt lat="34.805343" lon="-94.894876"></trkpt><trkpt lat="34.805161" lon="-94.894937"></trkpt><trkpt lat="34.804999" lon="-94.894934"></trkpt><trkpt lat="34.804699" lon="-94.894555"></trkpt><trkpt lat="34.804526" lon="-94.894070"></trkpt><trkpt lat="34.804238" lon="-94.892882"></trkpt><trkpt lat="34.803900" lon="-94.892458"></trkpt><trkpt lat="34.803430" lon="-94.892491"></trkpt><trkpt lat="34.803084" lon="-94.892724"></trkpt><trkpt lat="34.802755" lon="-94.892979"></trkpt><trkpt lat="34.802534" lon="-94.893302"></trkpt><trkpt lat="34.802422" lon="-94.893540"></trkpt><trkpt lat="34.802133" lon="-94.893555"></trkpt><trkpt lat="34.801865" lon="-94.893440"></trkpt><trkpt lat="34.801200" lon="-94.893294"></trkpt><trkpt lat="34.801085" lon="-94.893597"></trkpt><trkpt lat="34.800751" lon="-94.894180"></trkpt><trkpt lat="34.800517" lon="-94.894153"></trkpt><trkpt lat="34.800354" lon="-94.894171"></trkpt><trkpt lat="34.800262" lon="-94.894344"></trkpt><trkpt lat="34.800079" lon="-94.894493"></trkpt><trkpt lat="34.800027" lon="-94.894382"></trkpt><trkpt lat="34.799848" lon="-94.894247"></trkpt><trkpt lat="34.799650" lon="-94.894264"></trkpt><trkpt lat="34.799346" lon="-94.894104"></trkpt><trkpt lat="34.799164" lon="-94.894188"></trkpt><trkpt lat="34.799054" lon="-94.894316"></trkpt><trkpt lat="34.798854" lon="-94.894421"></trkpt><trkpt lat="34.798673" lon="-94.894461"></trkpt><trkpt lat="34.798548" lon="-94.894393"></trkpt><trkpt lat="34.798386" lon="-94.894236"></trkpt><trkpt lat="34.797955" lon="-94.894073"></trkpt><trkpt lat="34.797741" lon="-94.893914"></trkpt><trkpt lat="34.797565" lon="-94.893670"></trkpt><trkpt lat="34.797496" lon="-94.893493"></trkpt><trkpt lat="34.797300" lon="-94.893292"></trkpt><trkpt lat="34.797128" lon="-94.892807"></trkpt><trkpt lat="34.797021" lon="-94.891535"></trkpt><trkpt lat="34.797047" lon="-94.891011"></trkpt><trkpt lat="34.796963" lon="-94.890637"></trkpt><trkpt lat="34.796749" lon="-94.890501"></trkpt><trkpt lat="34.796335" lon="-94.890404"></trkpt><trkpt lat="34.795865" lon="-94.890524"></trkpt><trkpt lat="34.795575" lon="-94.890474"></trkpt><trkpt lat="34.795398" lon="-94.890229"></trkpt><trkpt lat="34.795283" lon="-94.889527"></trkpt><trkpt lat="34.795323" lon="-94.889265"></trkpt><trkpt lat="34.795583" lon="-94.888768"></trkpt><trkpt lat="34.795729" lon="-94.888662"></trkpt><trkpt lat="34.795826" lon="-94.888401"></trkpt><trkpt lat="34.795682" lon="-94.888245"></trkpt><trkpt lat="34.795353" lon="-94.888522"></trkpt><trkpt lat="34.795172" lon="-94.888518"></trkpt><trkpt lat="34.794975" lon="-94.888448"></trkpt><trkpt lat="34.794889" lon="-94.888183"></trkpt><trkpt lat="34.794897" lon="-94.887659"></trkpt><trkpt lat="34.794611" lon="-94.887520"></trkpt><trkpt lat="34.794561" lon="-94.887235"></trkpt><trkpt lat="34.794672" lon="-94.887063"></trkpt><trkpt lat="34.794749" lon="-94.886736"></trkpt><trkpt lat="34.794534" lon="-94.886644"></trkpt><trkpt lat="34.794264" lon="-94.886638"></trkpt><trkpt lat="34.793718" lon="-94.886975"></trkpt><trkpt lat="34.793502" lon="-94.886927"></trkpt><trkpt lat="34.793303" lon="-94.886966"></trkpt><trkpt lat="34.793178" lon="-94.886897"></trkpt><trkpt lat="34.793234" lon="-94.886789"></trkpt><trkpt lat="34.793163" lon="-94.886678"></trkpt><trkpt lat="34.792963" lon="-94.886652"></trkpt><trkpt lat="34.792767" lon="-94.886494"></trkpt><trkpt lat="34.792912" lon="-94.886454"></trkpt><trkpt lat="34.792737" lon="-94.886143"></trkpt><trkpt lat="34.792759" lon="-94.885881"></trkpt><trkpt lat="34.792524" lon="-94.885898"></trkpt><trkpt lat="34.792435" lon="-94.885852"></trkpt><trkpt lat="34.792364" lon="-94.885763"></trkpt><trkpt lat="34.792440" lon="-94.885502"></trkpt><trkpt lat="34.792463" lon="-94.885197"></trkpt><trkpt lat="34.792430" lon="-94.884955"></trkpt><trkpt lat="34.792137" lon="-94.884095"></trkpt><trkpt lat="34.791759" lon="-94.884087"></trkpt><trkpt lat="34.791184" lon="-94.883964"></trkpt><trkpt lat="34.790793" lon="-94.883540"></trkpt><trkpt lat="34.790547" lon="-94.883140"></trkpt><trkpt lat="34.789268" lon="-94.884096"></trkpt><trkpt lat="34.789182" lon="-94.883809"></trkpt><trkpt lat="34.789190" lon="-94.883306"></trkpt><trkpt lat="34.789321" lon="-94.882981"></trkpt><trkpt lat="34.789691" lon="-94.882399"></trkpt><trkpt lat="34.789675" lon="-94.882267"></trkpt><trkpt lat="34.789551" lon="-94.882090"></trkpt><trkpt lat="34.789354" lon="-94.882019"></trkpt><trkpt lat="34.789101" lon="-94.882058"></trkpt><trkpt lat="34.788871" lon="-94.881768"></trkpt><trkpt lat="34.788520" lon="-94.881169"></trkpt><trkpt lat="34.788304" lon="-94.881142"></trkpt><trkpt lat="34.788234" lon="-94.881010"></trkpt><trkpt lat="34.788383" lon="-94.880663"></trkpt><trkpt lat="34.788405" lon="-94.880423"></trkpt><trkpt lat="34.788335" lon="-94.880268"></trkpt><trkpt lat="34.788245" lon="-94.880244"></trkpt><trkpt lat="34.788028" lon="-94.880305"></trkpt><trkpt lat="34.787976" lon="-94.880151"></trkpt><trkpt lat="34.788015" lon="-94.879999"></trkpt><trkpt lat="34.788418" lon="-94.879570"></trkpt><trkpt lat="34.788386" lon="-94.879351"></trkpt><trkpt lat="34.788208" lon="-94.879194"></trkpt><trkpt lat="34.787901" lon="-94.879165"></trkpt><trkpt lat="34.787505" lon="-94.878981"></trkpt><trkpt lat="34.787221" lon="-94.878712"></trkpt><trkpt lat="34.787064" lon="-94.878380"></trkpt><trkpt lat="34.787087" lon="-94.878074"></trkpt><trkpt lat="34.787291" lon="-94.877685"></trkpt><trkpt lat="34.787475" lon="-94.877449"></trkpt><trkpt lat="34.787534" lon="-94.877144"></trkpt><trkpt lat="34.787483" lon="-94.876924"></trkpt><trkpt lat="34.787269" lon="-94.876744"></trkpt><trkpt lat="34.787036" lon="-94.876651"></trkpt><trkpt lat="34.786294" lon="-94.876853"></trkpt><trkpt lat="34.785765" lon="-94.877279"></trkpt><trkpt lat="34.785636" lon="-94.877451"></trkpt><trkpt lat="34.785406" lon="-94.877117"></trkpt><trkpt lat="34.784977" lon="-94.876911"></trkpt><trkpt lat="34.784546" lon="-94.876639"></trkpt><trkpt lat="34.784203" lon="-94.876631"></trkpt><trkpt lat="34.783522" lon="-94.877534"></trkpt><trkpt lat="34.783233" lon="-94.877615"></trkpt><trkpt lat="34.782964" lon="-94.877521"></trkpt><trkpt lat="34.782894" lon="-94.877345"></trkpt><trkpt lat="34.782344" lon="-94.876764"></trkpt><trkpt lat="34.782258" lon="-94.876521"></trkpt><trkpt lat="34.782263" lon="-94.876193"></trkpt><trkpt lat="34.782356" lon="-94.875976"></trkpt><trkpt lat="34.782380" lon="-94.875583"></trkpt><trkpt lat="34.782261" lon="-94.874677"></trkpt><trkpt lat="34.782160" lon="-94.874231"></trkpt><trkpt lat="34.782192" lon="-94.873198"></trkpt><trkpt lat="34.782159" lon="-94.872409"></trkpt><trkpt lat="34.781931" lon="-94.872151"></trkpt><trkpt lat="34.781840" lon="-94.871895"></trkpt><trkpt lat="34.781892" lon="-94.871559"></trkpt><trkpt lat="34.782179" lon="-94.871115"></trkpt><trkpt lat="34.782158" lon="-94.870833"></trkpt><trkpt lat="34.781975" lon="-94.870744"></trkpt><trkpt lat="34.781765" lon="-94.870740"></trkpt><trkpt lat="34.781486" lon="-94.870846"></trkpt><trkpt lat="34.781400" lon="-94.870309"></trkpt><trkpt lat="34.781593" lon="-94.869947"></trkpt><trkpt lat="34.781643" lon="-94.869611"></trkpt><trkpt lat="34.781487" lon="-94.869213"></trkpt><trkpt lat="34.781004" lon="-94.868949"></trkpt><trkpt lat="34.780897" lon="-94.868299"></trkpt><trkpt lat="34.781210" lon="-94.867574"></trkpt><trkpt lat="34.781239" lon="-94.867265"></trkpt><trkpt lat="34.780985" lon="-94.867119"></trkpt><trkpt lat="34.780731" lon="-94.867057"></trkpt><trkpt lat="34.780485" lon="-94.866488"></trkpt><trkpt lat="34.780231" lon="-94.866285"></trkpt><trkpt lat="34.780141" lon="-94.866143"></trkpt><trkpt lat="34.780519" lon="-94.865729"></trkpt><trkpt lat="34.780828" lon="-94.865285"></trkpt><trkpt lat="34.781701" lon="-94.864348"></trkpt><trkpt lat="34.782010" lon="-94.863876"></trkpt><trkpt lat="34.782208" lon="-94.863177"></trkpt><trkpt lat="34.782288" lon="-94.862362"></trkpt><trkpt lat="34.782531" lon="-94.861692"></trkpt><trkpt lat="34.783053" lon="-94.860972"></trkpt><trkpt lat="34.783927" lon="-94.860006"></trkpt><trkpt lat="34.784119" lon="-94.859673"></trkpt><trkpt lat="34.784102" lon="-94.859278"></trkpt><trkpt lat="34.783947" lon="-94.858684"></trkpt><trkpt lat="34.783746" lon="-94.858257"></trkpt><trkpt lat="34.784007" lon="-94.857868"></trkpt><trkpt lat="34.783966" lon="-94.857445"></trkpt><trkpt lat="34.783511" lon="-94.856844"></trkpt><trkpt lat="34.783378" lon="-94.856531"></trkpt><trkpt lat="34.783096" lon="-94.856722"></trkpt><trkpt lat="34.782816" lon="-94.856744"></trkpt><trkpt lat="34.782636" lon="-94.856402"></trkpt><trkpt lat="34.782414" lon="-94.855722"></trkpt><trkpt lat="34.782190" lon="-94.855182"></trkpt><trkpt lat="34.782127" lon="-94.854730"></trkpt><trkpt lat="34.782175" lon="-94.853098"></trkpt><trkpt lat="34.781667" lon="-94.852862"></trkpt><trkpt lat="34.781233" lon="-94.852486"></trkpt><trkpt lat="34.780150" lon="-94.851814"></trkpt><trkpt lat="34.779881" lon="-94.851245"></trkpt><trkpt lat="34.779810" lon="-94.850892"></trkpt><trkpt lat="34.779579" lon="-94.850803"></trkpt><trkpt lat="34.779113" lon="-94.850933"></trkpt><trkpt lat="34.778837" lon="-94.850673"></trkpt><trkpt lat="34.778795" lon="-94.850335"></trkpt><trkpt lat="34.779078" lon="-94.850116"></trkpt><trkpt lat="34.779268" lon="-94.849754"></trkpt><trkpt lat="34.779160" lon="-94.847866"></trkpt><trkpt lat="34.779349" lon="-94.847560"></trkpt><trkpt lat="34.779608" lon="-94.847256"></trkpt><trkpt lat="34.780060" lon="-94.846591"></trkpt><trkpt lat="34.779972" lon="-94.844815"></trkpt><trkpt lat="34.779786" lon="-94.844755"></trkpt><trkpt lat="34.779182" lon="-94.844770"></trkpt><trkpt lat="34.778529" lon="-94.845036"></trkpt><trkpt lat="34.778354" lon="-94.844244"></trkpt><trkpt lat="34.778521" lon="-94.843882"></trkpt><trkpt lat="34.778573" lon="-94.843574"></trkpt><trkpt lat="34.778579" lon="-94.843180"></trkpt><trkpt lat="34.778166" lon="-94.842917"></trkpt><trkpt lat="34.777749" lon="-94.842795"></trkpt><trkpt lat="34.777012" lon="-94.842329"></trkpt><trkpt lat="34.776832" lon="-94.841987"></trkpt><trkpt lat="34.776633" lon="-94.841335"></trkpt><trkpt lat="34.776364" lon="-94.840794"></trkpt><trkpt lat="34.776324" lon="-94.840287"></trkpt><trkpt lat="34.776400" lon="-94.839894"></trkpt><trkpt lat="34.776616" lon="-94.839477"></trkpt><trkpt lat="34.776878" lon="-94.839004"></trkpt><trkpt lat="34.777254" lon="-94.838674"></trkpt><trkpt lat="34.777446" lon="-94.838228"></trkpt><trkpt lat="34.777217" lon="-94.838026"></trkpt><trkpt lat="34.777059" lon="-94.837741"></trkpt><trkpt lat="34.777072" lon="-94.836841"></trkpt><trkpt lat="34.776983" lon="-94.836642"></trkpt><trkpt lat="34.776799" lon="-94.836412"></trkpt><trkpt lat="34.776524" lon="-94.836322"></trkpt><trkpt lat="34.776529" lon="-94.835984"></trkpt><trkpt lat="34.776742" lon="-94.835736"></trkpt><trkpt lat="34.776952" lon="-94.835571"></trkpt><trkpt lat="34.777028" lon="-94.835151"></trkpt><trkpt lat="34.776848" lon="-94.834809"></trkpt><trkpt lat="34.776737" lon="-94.834412"></trkpt><trkpt lat="34.777393" lon="-94.834145"></trkpt><trkpt lat="34.777603" lon="-94.833953"></trkpt><trkpt lat="34.777747" lon="-94.833647"></trkpt><trkpt lat="34.778040" lon="-94.832781"></trkpt><trkpt lat="34.778366" lon="-94.832647"></trkpt><trkpt lat="34.779133" lon="-94.832636"></trkpt><trkpt lat="34.779506" lon="-94.832560"></trkpt><trkpt lat="34.779743" lon="-94.832255"></trkpt><trkpt lat="34.779747" lon="-94.831945"></trkpt><trkpt lat="34.776536" lon="-94.830861"></trkpt><trkpt lat="34.774920" lon="-94.830263"></trkpt><trkpt lat="34.774386" lon="-94.830222"></trkpt><trkpt lat="34.772759" lon="-94.830215"></trkpt><trkpt lat="34.772681" lon="-94.830776"></trkpt><trkpt lat="34.772513" lon="-94.831110"></trkpt><trkpt lat="34.772350" lon="-94.831163"></trkpt><trkpt lat="34.772048" lon="-94.831156"></trkpt><trkpt lat="34.771657" lon="-94.830951"></trkpt><trkpt lat="34.771472" lon="-94.830805"></trkpt><trkpt lat="34.770685" lon="-94.830676"></trkpt><trkpt lat="34.770312" lon="-94.830780"></trkpt><trkpt lat="34.770066" lon="-94.830183"></trkpt><trkpt lat="34.769768" lon="-94.829923"></trkpt><trkpt lat="34.769397" lon="-94.829859"></trkpt><trkpt lat="34.769077" lon="-94.829514"></trkpt><trkpt lat="34.768356" lon="-94.829527"></trkpt><trkpt lat="34.768291" lon="-94.829159"></trkpt><trkpt lat="34.768281" lon="-94.828371"></trkpt><trkpt lat="34.768195" lon="-94.827947"></trkpt><trkpt lat="34.768016" lon="-94.827521"></trkpt><trkpt lat="34.767649" lon="-94.827203"></trkpt><trkpt lat="34.766843" lon="-94.826707"></trkpt><trkpt lat="34.766544" lon="-94.826475"></trkpt><trkpt lat="34.766477" lon="-94.826276"></trkpt><trkpt lat="34.766923" lon="-94.826033"></trkpt><trkpt lat="34.767019" lon="-94.825782"></trkpt><trkpt lat="34.767004" lon="-94.825275"></trkpt><trkpt lat="34.767114" lon="-94.824123"></trkpt><trkpt lat="34.767531" lon="-94.822584"></trkpt><trkpt lat="34.767422" lon="-94.822188"></trkpt><trkpt lat="34.767193" lon="-94.822014"></trkpt><trkpt lat="34.766774" lon="-94.822005"></trkpt><trkpt lat="34.766428" lon="-94.821884"></trkpt><trkpt lat="34.766057" lon="-94.821848"></trkpt><trkpt lat="34.765871" lon="-94.821760"></trkpt><trkpt lat="34.765943" lon="-94.820129"></trkpt><trkpt lat="34.765783" lon="-94.819956"></trkpt><trkpt lat="34.765462" lon="-94.819696"></trkpt><trkpt lat="34.765070" lon="-94.819434"></trkpt><trkpt lat="34.764333" lon="-94.819136"></trkpt><trkpt lat="34.764034" lon="-94.818905"></trkpt><trkpt lat="34.763835" lon="-94.818197"></trkpt><trkpt lat="34.763910" lon="-94.817832"></trkpt><trkpt lat="34.764057" lon="-94.817357"></trkpt><trkpt lat="34.764413" lon="-94.816774"></trkpt><trkpt lat="34.764377" lon="-94.816154"></trkpt><trkpt lat="34.764268" lon="-94.815589"></trkpt><trkpt lat="34.763943" lon="-94.815666"></trkpt><trkpt lat="34.763794" lon="-94.816254"></trkpt><trkpt lat="34.763559" lon="-94.816446"></trkpt><trkpt lat="34.763307" lon="-94.816271"></trkpt><trkpt lat="34.763357" lon="-94.815935"></trkpt><trkpt lat="34.763619" lon="-94.815603"></trkpt><trkpt lat="34.763928" lon="-94.814990"></trkpt><trkpt lat="34.763934" lon="-94.814568"></trkpt><trkpt lat="34.763424" lon="-94.814641"></trkpt><trkpt lat="34.763033" lon="-94.814408"></trkpt><trkpt lat="34.762898" lon="-94.814095"></trkpt><trkpt lat="34.763091" lon="-94.813508"></trkpt><trkpt lat="34.763660" lon="-94.812874"></trkpt><trkpt lat="34.764037" lon="-94.812375"></trkpt><trkpt lat="34.764255" lon="-94.811789"></trkpt><trkpt lat="34.764543" lon="-94.811204"></trkpt><trkpt lat="34.765566" lon="-94.811114"></trkpt><trkpt lat="34.765888" lon="-94.811233"></trkpt><trkpt lat="34.766671" lon="-94.810322"></trkpt><trkpt lat="34.766620" lon="-94.809026"></trkpt><trkpt lat="34.766676" lon="-94.808267"></trkpt><trkpt lat="34.766958" lon="-94.808105"></trkpt><trkpt lat="34.767442" lon="-94.808340"></trkpt><trkpt lat="34.767975" lon="-94.808436"></trkpt><trkpt lat="34.768254" lon="-94.808414"></trkpt><trkpt lat="34.768629" lon="-94.808253"></trkpt><trkpt lat="34.768793" lon="-94.808116"></trkpt><trkpt lat="34.768728" lon="-94.807805"></trkpt><trkpt lat="34.768548" lon="-94.807492"></trkpt><trkpt lat="34.768339" lon="-94.807403"></trkpt><trkpt lat="34.768323" lon="-94.807008"></trkpt><trkpt lat="34.767740" lon="-94.807052"></trkpt><trkpt lat="34.767230" lon="-94.806956"></trkpt><trkpt lat="34.767272" lon="-94.805831"></trkpt><trkpt lat="34.767251" lon="-94.805521"></trkpt><trkpt lat="34.766808" lon="-94.805624"></trkpt><trkpt lat="34.766577" lon="-94.805535"></trkpt><trkpt lat="34.766212" lon="-94.805217"></trkpt><trkpt lat="34.766188" lon="-94.805160"></trkpt><trkpt lat="34.766380" lon="-94.804855"></trkpt><trkpt lat="34.766410" lon="-94.804377"></trkpt><trkpt lat="34.765851" lon="-94.804478"></trkpt><trkpt lat="34.765642" lon="-94.804445"></trkpt><trkpt lat="34.765365" lon="-94.804270"></trkpt><trkpt lat="34.765089" lon="-94.804208"></trkpt><trkpt lat="34.764813" lon="-94.803976"></trkpt><trkpt lat="34.764563" lon="-94.803662"></trkpt><trkpt lat="34.764590" lon="-94.803352"></trkpt><trkpt lat="34.764868" lon="-94.803471"></trkpt><trkpt lat="34.765071" lon="-94.803729"></trkpt><trkpt lat="34.765398" lon="-94.803764"></trkpt><trkpt lat="34.765700" lon="-94.803743"></trkpt><trkpt lat="34.765845" lon="-94.803239"></trkpt><trkpt lat="34.765803" lon="-94.803013"></trkpt><trkpt lat="34.765712" lon="-94.802927"></trkpt><trkpt lat="34.765854" lon="-94.802592"></trkpt><trkpt lat="34.765554" lon="-94.801898"></trkpt><trkpt lat="34.765691" lon="-94.801763"></trkpt><trkpt lat="34.765789" lon="-94.801557"></trkpt><trkpt lat="34.766151" lon="-94.801565"></trkpt><trkpt lat="34.766436" lon="-94.801502"></trkpt><trkpt lat="34.766669" lon="-94.801299"></trkpt><trkpt lat="34.767054" lon="-94.801076"></trkpt><trkpt lat="34.767288" lon="-94.800758"></trkpt><trkpt lat="34.767426" lon="-94.800438"></trkpt><trkpt lat="34.767562" lon="-94.800210"></trkpt><trkpt lat="34.767701" lon="-94.799820"></trkpt><trkpt lat="34.767764" lon="-94.799521"></trkpt><trkpt lat="34.767679" lon="-94.798734"></trkpt><trkpt lat="34.767550" lon="-94.798454"></trkpt><trkpt lat="34.767515" lon="-94.798222"></trkpt><trkpt lat="34.767538" lon="-94.798038"></trkpt><trkpt lat="34.767827" lon="-94.797674"></trkpt><trkpt lat="34.767836" lon="-94.797074"></trkpt><trkpt lat="34.767733" lon="-94.796448"></trkpt><trkpt lat="34.767490" lon="-94.796073"></trkpt><trkpt lat="34.767511" lon="-94.795912"></trkpt><trkpt lat="34.767820" lon="-94.795734"></trkpt><trkpt lat="34.767786" lon="-94.795456"></trkpt><trkpt lat="34.767597" lon="-94.795267"></trkpt><trkpt lat="34.767224" lon="-94.794751"></trkpt><trkpt lat="34.767227" lon="-94.794520"></trkpt><trkpt lat="34.767324" lon="-94.794337"></trkpt><trkpt lat="34.767366" lon="-94.794084"></trkpt><trkpt lat="34.767218" lon="-94.793757"></trkpt><trkpt lat="34.767087" lon="-94.793615"></trkpt><trkpt lat="34.767033" lon="-94.793430"></trkpt><trkpt lat="34.767055" lon="-94.793176"></trkpt><trkpt lat="34.767136" lon="-94.792924"></trkpt><trkpt lat="34.766876" lon="-94.791139"></trkpt><trkpt lat="34.766839" lon="-94.789822"></trkpt><trkpt lat="34.766751" lon="-94.789358"></trkpt><trkpt lat="34.766561" lon="-94.789238"></trkpt><trkpt lat="34.766351" lon="-94.789280"></trkpt><trkpt lat="34.766220" lon="-94.789138"></trkpt><trkpt lat="34.766317" lon="-94.788932"></trkpt><trkpt lat="34.766434" lon="-94.788797"></trkpt><trkpt lat="34.766445" lon="-94.788057"></trkpt><trkpt lat="34.766278" lon="-94.787754"></trkpt><trkpt lat="34.765995" lon="-94.787540"></trkpt><trkpt lat="34.765943" lon="-94.787284"></trkpt><trkpt lat="34.766077" lon="-94.787218"></trkpt><trkpt lat="34.766667" lon="-94.787254"></trkpt><trkpt lat="34.766745" lon="-94.787140"></trkpt><trkpt lat="34.766852" lon="-94.786310"></trkpt><trkpt lat="34.766627" lon="-94.786121"></trkpt><trkpt lat="34.766379" lon="-94.786116"></trkpt><trkpt lat="34.766169" lon="-94.786157"></trkpt><trkpt lat="34.765921" lon="-94.786129"></trkpt><trkpt lat="34.765788" lon="-94.786034"></trkpt><trkpt lat="34.765810" lon="-94.785873"></trkpt><trkpt lat="34.766023" lon="-94.785623"></trkpt><trkpt lat="34.766253" lon="-94.785489"></trkpt><trkpt lat="34.766523" lon="-94.785403"></trkpt><trkpt lat="34.766565" lon="-94.785103"></trkpt><trkpt lat="34.766756" lon="-94.784992"></trkpt><trkpt lat="34.767009" lon="-94.784697"></trkpt><trkpt lat="34.767012" lon="-94.784489"></trkpt><trkpt lat="34.766824" lon="-94.784393"></trkpt><trkpt lat="34.766329" lon="-94.784290"></trkpt><trkpt lat="34.766370" lon="-94.784129"></trkpt><trkpt lat="34.766926" lon="-94.782763"></trkpt></trkseg></trk><trk><name>T081 BR5F828</name><trkseg><trkpt lat="34.789495" lon="-94.944994"></trkpt><trkpt lat="34.789747" lon="-94.945065"></trkpt><trkpt lat="34.789921" lon="-94.945420"></trkpt><trkpt lat="34.790137" lon="-94.945468"></trkpt><trkpt lat="34.790411" lon="-94.945234"></trkpt><trkpt lat="34.790673" lon="-94.944628"></trkpt><trkpt lat="34.790856" lon="-94.944479"></trkpt><trkpt lat="34.791071" lon="-94.944528"></trkpt><trkpt lat="34.791136" lon="-94.945011"></trkpt><trkpt lat="34.791139" lon="-94.945929"></trkpt><trkpt lat="34.791300" lon="-94.946043"></trkpt><trkpt lat="34.791498" lon="-94.946025"></trkpt><trkpt lat="34.791693" lon="-94.945111"></trkpt><trkpt lat="34.791839" lon="-94.945005"></trkpt><trkpt lat="34.792054" lon="-94.945076"></trkpt><trkpt lat="34.792293" lon="-94.944950"></trkpt><trkpt lat="34.792438" lon="-94.944932"></trkpt><trkpt lat="34.792695" lon="-94.944632"></trkpt><trkpt lat="34.792898" lon="-94.944330"></trkpt><trkpt lat="34.793005" lon="-94.944398"></trkpt><trkpt lat="34.792947" lon="-94.944659"></trkpt><trkpt lat="34.792836" lon="-94.944854"></trkpt><trkpt lat="34.792741" lon="-94.945136"></trkpt><trkpt lat="34.792751" lon="-94.945617"></trkpt><trkpt lat="34.793061" lon="-94.945428"></trkpt><trkpt lat="34.793321" lon="-94.944975"></trkpt><trkpt lat="34.793426" lon="-94.945174"></trkpt><trkpt lat="34.793402" lon="-94.945523"></trkpt><trkpt lat="34.793609" lon="-94.946075"></trkpt><trkpt lat="34.793849" lon="-94.945753"></trkpt><trkpt lat="34.794079" lon="-94.944905"></trkpt><trkpt lat="34.794236" lon="-94.944077"></trkpt><trkpt lat="34.794398" lon="-94.944147"></trkpt><trkpt lat="34.794355" lon="-94.944561"></trkpt><trkpt lat="34.794180" lon="-94.945367"></trkpt><trkpt lat="34.794195" lon="-94.945520"></trkpt><trkpt lat="34.794303" lon="-94.945566"></trkpt><trkpt lat="34.794377" lon="-94.945415"></trkpt><trkpt lat="34.794556" lon="-94.944391"></trkpt><trkpt lat="34.794720" lon="-94.944307"></trkpt><trkpt lat="34.794768" lon="-94.944637"></trkpt><trkpt lat="34.794780" lon="-94.945074"></trkpt><trkpt lat="34.794736" lon="-94.945511"></trkpt><trkpt lat="34.794459" lon="-94.945920"></trkpt><trkpt lat="34.794566" lon="-94.946032"></trkpt><trkpt lat="34.794728" lon="-94.946036"></trkpt><trkpt lat="34.794860" lon="-94.945842"></trkpt><trkpt lat="34.794974" lon="-94.945473"></trkpt><trkpt lat="34.795020" lon="-94.944817"></trkpt><trkpt lat="34.795242" lon="-94.944473"></trkpt><trkpt lat="34.795458" lon="-94.944500"></trkpt><trkpt lat="34.795696" lon="-94.944287"></trkpt><trkpt lat="34.795756" lon="-94.943894"></trkpt><trkpt lat="34.795887" lon="-94.943591"></trkpt><trkpt lat="34.796684" lon="-94.943369"></trkpt><trkpt lat="34.796880" lon="-94.943527"></trkpt><trkpt lat="34.797075" lon="-94.943772"></trkpt><trkpt lat="34.797140" lon="-94.944189"></trkpt><trkpt lat="34.797044" lon="-94.945674"></trkpt><trkpt lat="34.796837" lon="-94.947354"></trkpt><trkpt lat="34.796660" lon="-94.948269"></trkpt><trkpt lat="34.796673" lon="-94.948597"></trkpt><trkpt lat="34.797248" lon="-94.948720"></trkpt><trkpt lat="34.797534" lon="-94.947721"></trkpt><trkpt lat="34.797903" lon="-94.946242"></trkpt><trkpt lat="34.797937" lon="-94.945236"></trkpt><trkpt lat="34.797893" lon="-94.944601"></trkpt><trkpt lat="34.797993" lon="-94.943990"></trkpt><trkpt lat="34.798141" lon="-94.943732"></trkpt><trkpt lat="34.798236" lon="-94.943449"></trkpt><trkpt lat="34.798276" lon="-94.943188"></trkpt><trkpt lat="34.798225" lon="-94.942990"></trkpt><trkpt lat="34.797961" lon="-94.942611"></trkpt><trkpt lat="34.797910" lon="-94.942435"></trkpt><trkpt lat="34.798029" lon="-94.941760"></trkpt><trkpt lat="34.798290" lon="-94.941197"></trkpt><trkpt lat="34.798526" lon="-94.941115"></trkpt><trkpt lat="34.798956" lon="-94.941300"></trkpt><trkpt lat="34.799005" lon="-94.941608"></trkpt><trkpt lat="34.798974" lon="-94.942394"></trkpt><trkpt lat="34.799077" lon="-94.942703"></trkpt><trkpt lat="34.800023" lon="-94.943360"></trkpt><trkpt lat="34.800196" lon="-94.943824"></trkpt><trkpt lat="34.800432" lon="-94.943829"></trkpt><trkpt lat="34.800627" lon="-94.944030"></trkpt><trkpt lat="34.801022" lon="-94.944127"></trkpt><trkpt lat="34.801232" lon="-94.944548"></trkpt><trkpt lat="34.801480" lon="-94.944860"></trkpt></trkseg></trk><trk><name>T082 BR5F828</name><trkseg><trkpt lat="37.492018" lon="-90.969829"></trkpt><trkpt lat="37.492009" lon="-90.970858"></trkpt><trkpt lat="37.491625" lon="-90.971599"></trkpt><trkpt lat="37.491296" lon="-90.972471"></trkpt><trkpt lat="37.491091" lon="-90.972875"></trkpt><trkpt lat="37.491204" lon="-90.973270"></trkpt><trkpt lat="37.491053" lon="-90.973706"></trkpt><trkpt lat="37.490796" lon="-90.974177"></trkpt><trkpt lat="37.490619" lon="-90.974647"></trkpt><trkpt lat="37.490387" lon="-90.974985"></trkpt><trkpt lat="37.490313" lon="-90.975319"></trkpt><trkpt lat="37.490421" lon="-90.975449"></trkpt><trkpt lat="37.490766" lon="-90.975506"></trkpt><trkpt lat="37.491192" lon="-90.975660"></trkpt><trkpt lat="37.491201" lon="-90.976191"></trkpt><trkpt lat="37.490836" lon="-90.976467"></trkpt><trkpt lat="37.488942" lon="-90.977082"></trkpt><trkpt lat="37.488682" lon="-90.977388"></trkpt><trkpt lat="37.487973" lon="-90.977639"></trkpt><trkpt lat="37.487504" lon="-90.978083"></trkpt><trkpt lat="37.487139" lon="-90.978359"></trkpt><trkpt lat="37.487096" lon="-90.978957"></trkpt><trkpt lat="37.485554" lon="-90.980028"></trkpt><trkpt lat="37.485189" lon="-90.980336"></trkpt><trkpt lat="37.484857" lon="-90.981009"></trkpt><trkpt lat="37.484787" lon="-90.981608"></trkpt><trkpt lat="37.484507" lon="-90.982213"></trkpt><trkpt lat="37.483889" lon="-90.983226"></trkpt><trkpt lat="37.483766" lon="-90.983760"></trkpt><trkpt lat="37.483704" lon="-90.984790"></trkpt><trkpt lat="37.483452" lon="-90.985494"></trkpt><trkpt lat="37.483440" lon="-90.986324"></trkpt><trkpt lat="37.483231" lon="-90.986496"></trkpt><trkpt lat="37.483528" lon="-90.988380"></trkpt><trkpt lat="37.483694" lon="-90.988807"></trkpt><trkpt lat="37.484017" lon="-90.989163"></trkpt><trkpt lat="37.484185" lon="-90.989690"></trkpt><trkpt lat="37.484174" lon="-90.990619"></trkpt><trkpt lat="37.483797" lon="-90.991758"></trkpt><trkpt lat="37.482811" lon="-90.992913"></trkpt><trkpt lat="37.482369" lon="-90.993356"></trkpt><trkpt lat="37.482054" lon="-90.993464"></trkpt><trkpt lat="37.481786" lon="-90.993272"></trkpt><trkpt lat="37.481517" lon="-90.993014"></trkpt><trkpt lat="37.481333" lon="-90.993085"></trkpt><trkpt lat="37.481342" lon="-90.993583"></trkpt><trkpt lat="37.481296" lon="-90.994015"></trkpt><trkpt lat="37.481004" lon="-90.993957"></trkpt><trkpt lat="37.480892" lon="-90.993595"></trkpt><trkpt lat="37.480883" lon="-90.993064"></trkpt><trkpt lat="37.480645" lon="-90.993037"></trkpt><trkpt lat="37.480633" lon="-90.993900"></trkpt><trkpt lat="37.480265" lon="-90.994076"></trkpt><trkpt lat="37.480188" lon="-90.994211"></trkpt><trkpt lat="37.479784" lon="-90.993757"></trkpt><trkpt lat="37.479405" lon="-90.993236"></trkpt><trkpt lat="37.479554" lon="-90.991108"></trkpt><trkpt lat="37.479227" lon="-90.990553"></trkpt><trkpt lat="37.478698" lon="-90.988974"></trkpt><trkpt lat="37.478763" lon="-90.988142"></trkpt><trkpt lat="37.479028" lon="-90.986609"></trkpt><trkpt lat="37.479138" lon="-90.985345"></trkpt><trkpt lat="37.479433" lon="-90.984042"></trkpt><trkpt lat="37.479259" lon="-90.983118"></trkpt><trkpt lat="37.478761" lon="-90.981837"></trkpt><trkpt lat="37.477958" lon="-90.981294"></trkpt><trkpt lat="37.476624" lon="-90.980600"></trkpt><trkpt lat="37.475496" lon="-90.980168"></trkpt></trkseg></trk><trk><name>T083 BR5F828</name><trkseg><trkpt lat="36.874885" lon="-93.095154"></trkpt><trkpt lat="36.874976" lon="-93.095258"></trkpt><trkpt lat="36.875200" lon="-93.095388"></trkpt><trkpt lat="36.875300" lon="-93.095532"></trkpt><trkpt lat="36.875594" lon="-93.095616"></trkpt><trkpt lat="36.875848" lon="-93.095885"></trkpt><trkpt lat="36.875965" lon="-93.095957"></trkpt><trkpt lat="36.876294" lon="-93.095776"></trkpt><trkpt lat="36.876489" lon="-93.095794"></trkpt><trkpt lat="36.876767" lon="-93.095830"></trkpt><trkpt lat="36.876998" lon="-93.095945"></trkpt><trkpt lat="36.877210" lon="-93.096105"></trkpt><trkpt lat="36.877409" lon="-93.096664"></trkpt><trkpt lat="36.877598" lon="-93.097015"></trkpt><trkpt lat="36.877773" lon="-93.097167"></trkpt><trkpt lat="36.878034" lon="-93.097836"></trkpt><trkpt lat="36.878355" lon="-93.098241"></trkpt><trkpt lat="36.878422" lon="-93.098439"></trkpt><trkpt lat="36.878631" lon="-93.098811"></trkpt><trkpt lat="36.878769" lon="-93.099187"></trkpt><trkpt lat="36.879179" lon="-93.099641"></trkpt></trkseg></trk><trk><name>T084 BR5F828</name><trkseg><trkpt lat="34.987871" lon="-94.361595"></trkpt><trkpt lat="34.988032" lon="-94.362042"></trkpt><trkpt lat="34.988241" lon="-94.362337"></trkpt><trkpt lat="34.988762" lon="-94.362555"></trkpt><trkpt lat="34.989908" lon="-94.362442"></trkpt><trkpt lat="34.990459" lon="-94.362342"></trkpt><trkpt lat="34.992133" lon="-94.362577"></trkpt></trkseg></trk><trk><name>T085 BR5F828</name><trkseg><trkpt lat="36.901912" lon="-93.102723"></trkpt><trkpt lat="36.901897" lon="-93.102583"></trkpt><trkpt lat="36.901843" lon="-93.102525"></trkpt><trkpt lat="36.901767" lon="-93.102535"></trkpt><trkpt lat="36.901696" lon="-93.102669"></trkpt><trkpt lat="36.901604" lon="-93.102705"></trkpt><trkpt lat="36.901462" lon="-93.102601"></trkpt><trkpt lat="36.901381" lon="-93.102605"></trkpt><trkpt lat="36.901184" lon="-93.102492"></trkpt><trkpt lat="36.901051" lon="-93.102513"></trkpt><trkpt lat="36.900904" lon="-93.102616"></trkpt><trkpt lat="36.900510" lon="-93.102548"></trkpt><trkpt lat="36.899927" lon="-93.102700"></trkpt><trkpt lat="36.899699" lon="-93.102659"></trkpt><trkpt lat="36.899542" lon="-93.102673"></trkpt><trkpt lat="36.899406" lon="-93.102615"></trkpt><trkpt lat="36.899198" lon="-93.102635"></trkpt><trkpt lat="36.898796" lon="-93.102494"></trkpt><trkpt lat="36.898418" lon="-93.102268"></trkpt></trkseg></trk><trk><name>T086 BR5F828</name><trkseg><trkpt lat="35.745067" lon="-93.857937"></trkpt><trkpt lat="35.745542" lon="-93.857988"></trkpt><trkpt lat="35.745841" lon="-93.857982"></trkpt><trkpt lat="35.746522" lon="-93.858098"></trkpt><trkpt lat="35.747084" lon="-93.858142"></trkpt><trkpt lat="35.747196" lon="-93.858181"></trkpt><trkpt lat="35.747384" lon="-93.858336"></trkpt><trkpt lat="35.747597" lon="-93.858438"></trkpt><trkpt lat="35.747680" lon="-93.858510"></trkpt><trkpt lat="35.747897" lon="-93.858569"></trkpt><trkpt lat="35.748085" lon="-93.858489"></trkpt><trkpt lat="35.748277" lon="-93.858341"></trkpt><trkpt lat="35.748443" lon="-93.858279"></trkpt><trkpt lat="35.748612" lon="-93.858141"></trkpt><trkpt lat="35.749059" lon="-93.857923"></trkpt><trkpt lat="35.749344" lon="-93.857689"></trkpt><trkpt lat="35.749577" lon="-93.857561"></trkpt><trkpt lat="35.749708" lon="-93.857532"></trkpt><trkpt lat="35.749941" lon="-93.857626"></trkpt><trkpt lat="35.750079" lon="-93.857723"></trkpt><trkpt lat="35.750472" lon="-93.857869"></trkpt><trkpt lat="35.750726" lon="-93.858123"></trkpt><trkpt lat="35.750761" lon="-93.858185"></trkpt><trkpt lat="35.750731" lon="-93.858208"></trkpt><trkpt lat="35.750820" lon="-93.858403"></trkpt><trkpt lat="35.750754" lon="-93.858661"></trkpt><trkpt lat="35.750908" lon="-93.858828"></trkpt><trkpt lat="35.751000" lon="-93.858831"></trkpt><trkpt lat="35.751350" lon="-93.858978"></trkpt><trkpt lat="35.751588" lon="-93.859146"></trkpt><trkpt lat="35.751650" lon="-93.859309"></trkpt><trkpt lat="35.751997" lon="-93.859467"></trkpt><trkpt lat="35.752139" lon="-93.859396"></trkpt><trkpt lat="35.752221" lon="-93.859285"></trkpt><trkpt lat="35.752332" lon="-93.859064"></trkpt><trkpt lat="35.752368" lon="-93.858778"></trkpt><trkpt lat="35.752322" lon="-93.858551"></trkpt><trkpt lat="35.752092" lon="-93.858397"></trkpt><trkpt lat="35.752047" lon="-93.858207"></trkpt><trkpt lat="35.752275" lon="-93.857845"></trkpt><trkpt lat="35.752300" lon="-93.857572"></trkpt><trkpt lat="35.752374" lon="-93.857368"></trkpt><trkpt lat="35.752386" lon="-93.857231"></trkpt><trkpt lat="35.752355" lon="-93.857083"></trkpt><trkpt lat="35.752258" lon="-93.856973"></trkpt><trkpt lat="35.752150" lon="-93.856916"></trkpt><trkpt lat="35.751907" lon="-93.856628"></trkpt><trkpt lat="35.751897" lon="-93.856517"></trkpt><trkpt lat="35.752000" lon="-93.856369"></trkpt><trkpt lat="35.751967" lon="-93.856210"></trkpt><trkpt lat="35.751891" lon="-93.856125"></trkpt><trkpt lat="35.751870" lon="-93.855993"></trkpt><trkpt lat="35.751933" lon="-93.855539"></trkpt><trkpt lat="35.751895" lon="-93.855338"></trkpt><trkpt lat="35.751857" lon="-93.855292"></trkpt><trkpt lat="35.751787" lon="-93.855280"></trkpt><trkpt lat="35.751582" lon="-93.855399"></trkpt><trkpt lat="35.751122" lon="-93.855239"></trkpt><trkpt lat="35.750988" lon="-93.855143"></trkpt><trkpt lat="35.751140" lon="-93.855047"></trkpt><trkpt lat="35.751300" lon="-93.855055"></trkpt><trkpt lat="35.751574" lon="-93.854957"></trkpt><trkpt lat="35.751647" lon="-93.854882"></trkpt><trkpt lat="35.752115" lon="-93.854633"></trkpt><trkpt lat="35.752258" lon="-93.854512"></trkpt><trkpt lat="35.752482" lon="-93.854545"></trkpt><trkpt lat="35.752728" lon="-93.854682"></trkpt><trkpt lat="35.752822" lon="-93.854645"></trkpt><trkpt lat="35.752826" lon="-93.854602"></trkpt><trkpt lat="35.752680" lon="-93.854074"></trkpt><trkpt lat="35.752453" lon="-93.853682"></trkpt><trkpt lat="35.752199" lon="-93.852961"></trkpt><trkpt lat="35.752090" lon="-93.852796"></trkpt><trkpt lat="35.752186" lon="-93.852589"></trkpt><trkpt lat="35.752160" lon="-93.852245"></trkpt><trkpt lat="35.751990" lon="-93.851930"></trkpt><trkpt lat="35.751854" lon="-93.851198"></trkpt><trkpt lat="35.751699" lon="-93.850768"></trkpt><trkpt lat="35.751649" lon="-93.850534"></trkpt><trkpt lat="35.751727" lon="-93.849524"></trkpt><trkpt lat="35.751617" lon="-93.849238"></trkpt><trkpt lat="35.751423" lon="-93.848978"></trkpt><trkpt lat="35.751475" lon="-93.848553"></trkpt><trkpt lat="35.751447" lon="-93.848436"></trkpt><trkpt lat="35.751399" lon="-93.848382"></trkpt><trkpt lat="35.751509" lon="-93.848353"></trkpt><trkpt lat="35.751773" lon="-93.848437"></trkpt><trkpt lat="35.751969" lon="-93.848437"></trkpt><trkpt lat="35.752007" lon="-93.848541"></trkpt><trkpt lat="35.752056" lon="-93.848556"></trkpt><trkpt lat="35.752147" lon="-93.848694"></trkpt><trkpt lat="35.752233" lon="-93.849010"></trkpt><trkpt lat="35.752394" lon="-93.849174"></trkpt><trkpt lat="35.752483" lon="-93.849362"></trkpt><trkpt lat="35.752517" lon="-93.849665"></trkpt><trkpt lat="35.752487" lon="-93.849816"></trkpt><trkpt lat="35.752390" lon="-93.849910"></trkpt><trkpt lat="35.752392" lon="-93.849971"></trkpt><trkpt lat="35.752462" lon="-93.850097"></trkpt><trkpt lat="35.752593" lon="-93.851247"></trkpt><trkpt lat="35.752757" lon="-93.851735"></trkpt><trkpt lat="35.752789" lon="-93.851727"></trkpt><trkpt lat="35.752889" lon="-93.852284"></trkpt><trkpt lat="35.753127" lon="-93.852700"></trkpt><trkpt lat="35.753245" lon="-93.853098"></trkpt><trkpt lat="35.753400" lon="-93.853429"></trkpt><trkpt lat="35.753507" lon="-93.853621"></trkpt><trkpt lat="35.753823" lon="-93.853811"></trkpt><trkpt lat="35.753854" lon="-93.853900"></trkpt><trkpt lat="35.753998" lon="-93.854047"></trkpt><trkpt lat="35.754083" lon="-93.854446"></trkpt><trkpt lat="35.754286" lon="-93.854817"></trkpt><trkpt lat="35.754439" lon="-93.855022"></trkpt><trkpt lat="35.754470" lon="-93.855130"></trkpt><trkpt lat="35.754675" lon="-93.855417"></trkpt><trkpt lat="35.754761" lon="-93.855615"></trkpt><trkpt lat="35.754859" lon="-93.855749"></trkpt><trkpt lat="35.755007" lon="-93.855865"></trkpt><trkpt lat="35.755309" lon="-93.856042"></trkpt><trkpt lat="35.755414" lon="-93.856245"></trkpt><trkpt lat="35.755418" lon="-93.856384"></trkpt><trkpt lat="35.755555" lon="-93.856595"></trkpt><trkpt lat="35.755785" lon="-93.857137"></trkpt><trkpt lat="35.755871" lon="-93.857175"></trkpt><trkpt lat="35.755958" lon="-93.857160"></trkpt><trkpt lat="35.756254" lon="-93.857201"></trkpt><trkpt lat="35.756391" lon="-93.857305"></trkpt><trkpt lat="35.756751" lon="-93.857271"></trkpt><trkpt lat="35.756942" lon="-93.857190"></trkpt><trkpt lat="35.757206" lon="-93.857154"></trkpt><trkpt lat="35.757301" lon="-93.857070"></trkpt><trkpt lat="35.757575" lon="-93.857019"></trkpt><trkpt lat="35.757772" lon="-93.856829"></trkpt><trkpt lat="35.757952" lon="-93.856710"></trkpt><trkpt lat="35.757992" lon="-93.856366"></trkpt><trkpt lat="35.757956" lon="-93.855944"></trkpt><trkpt lat="35.758018" lon="-93.855619"></trkpt><trkpt lat="35.758009" lon="-93.855168"></trkpt><trkpt lat="35.757892" lon="-93.855201"></trkpt><trkpt lat="35.757660" lon="-93.855508"></trkpt><trkpt lat="35.757547" lon="-93.855533"></trkpt><trkpt lat="35.757390" lon="-93.855648"></trkpt><trkpt lat="35.757113" lon="-93.855638"></trkpt><trkpt lat="35.756986" lon="-93.855574"></trkpt><trkpt lat="35.756869" lon="-93.855443"></trkpt><trkpt lat="35.756841" lon="-93.855315"></trkpt><trkpt lat="35.756904" lon="-93.855156"></trkpt><trkpt lat="35.756942" lon="-93.854923"></trkpt><trkpt lat="35.756888" lon="-93.854268"></trkpt><trkpt lat="35.756816" lon="-93.854105"></trkpt><trkpt lat="35.756636" lon="-93.853878"></trkpt><trkpt lat="35.756503" lon="-93.853869"></trkpt><trkpt lat="35.756427" lon="-93.853814"></trkpt><trkpt lat="35.756363" lon="-93.853710"></trkpt><trkpt lat="35.756275" lon="-93.853376"></trkpt><trkpt lat="35.756227" lon="-93.852954"></trkpt><trkpt lat="35.756255" lon="-93.852941"></trkpt><trkpt lat="35.756343" lon="-93.852699"></trkpt><trkpt lat="35.756493" lon="-93.852567"></trkpt><trkpt lat="35.756633" lon="-93.852495"></trkpt><trkpt lat="35.756654" lon="-93.852425"></trkpt><trkpt lat="35.756246" lon="-93.852216"></trkpt><trkpt lat="35.756125" lon="-93.852120"></trkpt><trkpt lat="35.756103" lon="-93.851990"></trkpt><trkpt lat="35.756351" lon="-93.851799"></trkpt><trkpt lat="35.756431" lon="-93.851647"></trkpt><trkpt lat="35.756438" lon="-93.851530"></trkpt><trkpt lat="35.756311" lon="-93.851369"></trkpt><trkpt lat="35.756076" lon="-93.850853"></trkpt><trkpt lat="35.756001" lon="-93.850558"></trkpt><trkpt lat="35.756085" lon="-93.850352"></trkpt><trkpt lat="35.755869" lon="-93.850115"></trkpt><trkpt lat="35.755816" lon="-93.850011"></trkpt><trkpt lat="35.755875" lon="-93.849679"></trkpt><trkpt lat="35.755954" lon="-93.849540"></trkpt><trkpt lat="35.755988" lon="-93.849353"></trkpt><trkpt lat="35.756391" lon="-93.849061"></trkpt><trkpt lat="35.756426" lon="-93.848868"></trkpt><trkpt lat="35.756550" lon="-93.848829"></trkpt><trkpt lat="35.756699" lon="-93.848659"></trkpt><trkpt lat="35.756718" lon="-93.848555"></trkpt><trkpt lat="35.756612" lon="-93.848183"></trkpt><trkpt lat="35.756644" lon="-93.847810"></trkpt><trkpt lat="35.756484" lon="-93.847455"></trkpt><trkpt lat="35.756348" lon="-93.847014"></trkpt><trkpt lat="35.756139" lon="-93.846884"></trkpt><trkpt lat="35.755861" lon="-93.846558"></trkpt><trkpt lat="35.755588" lon="-93.846179"></trkpt><trkpt lat="35.755388" lon="-93.845689"></trkpt><trkpt lat="35.755343" lon="-93.845447"></trkpt><trkpt lat="35.755354" lon="-93.845262"></trkpt><trkpt lat="35.755201" lon="-93.844900"></trkpt><trkpt lat="35.755207" lon="-93.844835"></trkpt><trkpt lat="35.755138" lon="-93.844636"></trkpt><trkpt lat="35.755143" lon="-93.844343"></trkpt><trkpt lat="35.755114" lon="-93.844236"></trkpt><trkpt lat="35.755146" lon="-93.844227"></trkpt><trkpt lat="35.755161" lon="-93.844172"></trkpt><trkpt lat="35.755209" lon="-93.843461"></trkpt><trkpt lat="35.755274" lon="-93.843292"></trkpt><trkpt lat="35.755303" lon="-93.842891"></trkpt><trkpt lat="35.755381" lon="-93.842488"></trkpt><trkpt lat="35.755372" lon="-93.842415"></trkpt><trkpt lat="35.755295" lon="-93.842341"></trkpt><trkpt lat="35.755328" lon="-93.842336"></trkpt><trkpt lat="35.755147" lon="-93.842073"></trkpt><trkpt lat="35.755157" lon="-93.842035"></trkpt><trkpt lat="35.755063" lon="-93.841872"></trkpt><trkpt lat="35.755085" lon="-93.841851"></trkpt><trkpt lat="35.755056" lon="-93.841795"></trkpt><trkpt lat="35.755119" lon="-93.841440"></trkpt><trkpt lat="35.755107" lon="-93.841293"></trkpt><trkpt lat="35.755139" lon="-93.841082"></trkpt><trkpt lat="35.755252" lon="-93.841043"></trkpt><trkpt lat="35.755380" lon="-93.840820"></trkpt><trkpt lat="35.755279" lon="-93.840354"></trkpt><trkpt lat="35.755326" lon="-93.840138"></trkpt><trkpt lat="35.755433" lon="-93.840045"></trkpt><trkpt lat="35.755592" lon="-93.839993"></trkpt><trkpt lat="35.755675" lon="-93.839888"></trkpt><trkpt lat="35.755667" lon="-93.839823"></trkpt><trkpt lat="35.755756" lon="-93.839809"></trkpt><trkpt lat="35.755891" lon="-93.839712"></trkpt><trkpt lat="35.756037" lon="-93.839444"></trkpt><trkpt lat="35.756011" lon="-93.838837"></trkpt><trkpt lat="35.756037" lon="-93.838597"></trkpt><trkpt lat="35.755985" lon="-93.838083"></trkpt><trkpt lat="35.755999" lon="-93.837782"></trkpt><trkpt lat="35.755973" lon="-93.837698"></trkpt><trkpt lat="35.755796" lon="-93.837500"></trkpt><trkpt lat="35.755659" lon="-93.837081"></trkpt><trkpt lat="35.755424" lon="-93.836913"></trkpt><trkpt lat="35.755356" lon="-93.836817"></trkpt><trkpt lat="35.755114" lon="-93.836216"></trkpt><trkpt lat="35.755118" lon="-93.836080"></trkpt><trkpt lat="35.754675" lon="-93.835522"></trkpt><trkpt lat="35.754720" lon="-93.835250"></trkpt><trkpt lat="35.755043" lon="-93.835127"></trkpt><trkpt lat="35.755735" lon="-93.835107"></trkpt><trkpt lat="35.756040" lon="-93.835696"></trkpt><trkpt lat="35.756359" lon="-93.835838"></trkpt><trkpt lat="35.756470" lon="-93.835814"></trkpt><trkpt lat="35.756674" lon="-93.835671"></trkpt><trkpt lat="35.757225" lon="-93.835398"></trkpt><trkpt lat="35.757326" lon="-93.835314"></trkpt><trkpt lat="35.757705" lon="-93.834632"></trkpt><trkpt lat="35.757867" lon="-93.834226"></trkpt><trkpt lat="35.757953" lon="-93.833885"></trkpt><trkpt lat="35.757954" lon="-93.833662"></trkpt><trkpt lat="35.757892" lon="-93.833575"></trkpt><trkpt lat="35.757883" lon="-93.833457"></trkpt><trkpt lat="35.758004" lon="-93.832892"></trkpt><trkpt lat="35.758043" lon="-93.832353"></trkpt><trkpt lat="35.757949" lon="-93.832018"></trkpt><trkpt lat="35.757995" lon="-93.831886"></trkpt><trkpt lat="35.758089" lon="-93.831806"></trkpt><trkpt lat="35.758182" lon="-93.831839"></trkpt><trkpt lat="35.758540" lon="-93.832177"></trkpt><trkpt lat="35.758596" lon="-93.832178"></trkpt><trkpt lat="35.758753" lon="-93.832050"></trkpt><trkpt lat="35.759383" lon="-93.832307"></trkpt><trkpt lat="35.759809" lon="-93.832518"></trkpt><trkpt lat="35.759955" lon="-93.832537"></trkpt><trkpt lat="35.760966" lon="-93.832923"></trkpt><trkpt lat="35.761012" lon="-93.833180"></trkpt><trkpt lat="35.760975" lon="-93.833328"></trkpt><trkpt lat="35.761035" lon="-93.833390"></trkpt><trkpt lat="35.761277" lon="-93.833337"></trkpt><trkpt lat="35.761317" lon="-93.833111"></trkpt><trkpt lat="35.761304" lon="-93.833021"></trkpt><trkpt lat="35.761574" lon="-93.833085"></trkpt><trkpt lat="35.761695" lon="-93.833376"></trkpt><trkpt lat="35.761786" lon="-93.833473"></trkpt><trkpt lat="35.761921" lon="-93.833333"></trkpt><trkpt lat="35.762027" lon="-93.833119"></trkpt><trkpt lat="35.762089" lon="-93.832844"></trkpt><trkpt lat="35.762168" lon="-93.832784"></trkpt><trkpt lat="35.762265" lon="-93.832787"></trkpt><trkpt lat="35.762450" lon="-93.832982"></trkpt><trkpt lat="35.762649" lon="-93.833412"></trkpt><trkpt lat="35.762845" lon="-93.834126"></trkpt><trkpt lat="35.762858" lon="-93.834553"></trkpt><trkpt lat="35.762660" lon="-93.835140"></trkpt><trkpt lat="35.762844" lon="-93.834987"></trkpt><trkpt lat="35.763106" lon="-93.834594"></trkpt><trkpt lat="35.763173" lon="-93.834295"></trkpt><trkpt lat="35.763195" lon="-93.833687"></trkpt><trkpt lat="35.763157" lon="-93.833223"></trkpt><trkpt lat="35.763211" lon="-93.832649"></trkpt><trkpt lat="35.763120" lon="-93.832329"></trkpt><trkpt lat="35.763086" lon="-93.831942"></trkpt><trkpt lat="35.763149" lon="-93.831739"></trkpt><trkpt lat="35.763152" lon="-93.831473"></trkpt><trkpt lat="35.762894" lon="-93.830676"></trkpt><trkpt lat="35.762874" lon="-93.829996"></trkpt><trkpt lat="35.762932" lon="-93.829355"></trkpt><trkpt lat="35.763245" lon="-93.828866"></trkpt><trkpt lat="35.763660" lon="-93.828479"></trkpt><trkpt lat="35.763855" lon="-93.828198"></trkpt><trkpt lat="35.763958" lon="-93.827957"></trkpt><trkpt lat="35.764022" lon="-93.827677"></trkpt><trkpt lat="35.764046" lon="-93.827162"></trkpt><trkpt lat="35.764551" lon="-93.825996"></trkpt><trkpt lat="35.764774" lon="-93.825704"></trkpt><trkpt lat="35.764899" lon="-93.825731"></trkpt><trkpt lat="35.765031" lon="-93.825711"></trkpt><trkpt lat="35.765068" lon="-93.825761"></trkpt><trkpt lat="35.765018" lon="-93.825947"></trkpt><trkpt lat="35.764947" lon="-93.826063"></trkpt><trkpt lat="35.764798" lon="-93.826199"></trkpt><trkpt lat="35.764809" lon="-93.826284"></trkpt><trkpt lat="35.764890" lon="-93.826304"></trkpt><trkpt lat="35.765281" lon="-93.826139"></trkpt><trkpt lat="35.765516" lon="-93.825972"></trkpt><trkpt lat="35.765897" lon="-93.825795"></trkpt><trkpt lat="35.766122" lon="-93.825594"></trkpt><trkpt lat="35.766322" lon="-93.825488"></trkpt><trkpt lat="35.766354" lon="-93.825516"></trkpt><trkpt lat="35.766400" lon="-93.825408"></trkpt><trkpt lat="35.766645" lon="-93.825351"></trkpt><trkpt lat="35.766770" lon="-93.825277"></trkpt><trkpt lat="35.767207" lon="-93.825252"></trkpt><trkpt lat="35.767502" lon="-93.825157"></trkpt><trkpt lat="35.767672" lon="-93.825163"></trkpt><trkpt lat="35.768062" lon="-93.825074"></trkpt><trkpt lat="35.768996" lon="-93.825146"></trkpt><trkpt lat="35.768986" lon="-93.825126"></trkpt><trkpt lat="35.769090" lon="-93.825199"></trkpt><trkpt lat="35.769371" lon="-93.825222"></trkpt><trkpt lat="35.769488" lon="-93.825248"></trkpt><trkpt lat="35.769499" lon="-93.825274"></trkpt><trkpt lat="35.769670" lon="-93.825240"></trkpt><trkpt lat="35.769866" lon="-93.825357"></trkpt><trkpt lat="35.769976" lon="-93.825356"></trkpt><trkpt lat="35.770277" lon="-93.825481"></trkpt><trkpt lat="35.770559" lon="-93.825556"></trkpt><trkpt lat="35.770871" lon="-93.825722"></trkpt><trkpt lat="35.771031" lon="-93.825772"></trkpt><trkpt lat="35.771067" lon="-93.825750"></trkpt><trkpt lat="35.771086" lon="-93.825609"></trkpt><trkpt lat="35.771058" lon="-93.825426"></trkpt><trkpt lat="35.770965" lon="-93.825175"></trkpt><trkpt lat="35.770646" lon="-93.824548"></trkpt><trkpt lat="35.770758" lon="-93.824322"></trkpt><trkpt lat="35.771085" lon="-93.824291"></trkpt><trkpt lat="35.771171" lon="-93.824264"></trkpt><trkpt lat="35.771286" lon="-93.824135"></trkpt><trkpt lat="35.771399" lon="-93.824126"></trkpt><trkpt lat="35.771467" lon="-93.824258"></trkpt><trkpt lat="35.771450" lon="-93.824334"></trkpt><trkpt lat="35.771580" lon="-93.824485"></trkpt><trkpt lat="35.771685" lon="-93.824483"></trkpt><trkpt lat="35.771725" lon="-93.824530"></trkpt><trkpt lat="35.771653" lon="-93.824770"></trkpt><trkpt lat="35.771709" lon="-93.824835"></trkpt><trkpt lat="35.772213" lon="-93.824852"></trkpt><trkpt lat="35.772366" lon="-93.824925"></trkpt><trkpt lat="35.772740" lon="-93.824982"></trkpt><trkpt lat="35.773262" lon="-93.824977"></trkpt><trkpt lat="35.773366" lon="-93.825015"></trkpt><trkpt lat="35.773490" lon="-93.824997"></trkpt><trkpt lat="35.773886" lon="-93.825099"></trkpt><trkpt lat="35.774276" lon="-93.825279"></trkpt><trkpt lat="35.774495" lon="-93.825210"></trkpt><trkpt lat="35.775402" lon="-93.825322"></trkpt><trkpt lat="35.775551" lon="-93.825419"></trkpt><trkpt lat="35.775707" lon="-93.825466"></trkpt><trkpt lat="35.775883" lon="-93.825597"></trkpt><trkpt lat="35.776100" lon="-93.825679"></trkpt><trkpt lat="35.776267" lon="-93.825812"></trkpt><trkpt lat="35.776387" lon="-93.825985"></trkpt><trkpt lat="35.776539" lon="-93.826115"></trkpt><trkpt lat="35.776917" lon="-93.826325"></trkpt><trkpt lat="35.777019" lon="-93.826417"></trkpt><trkpt lat="35.777299" lon="-93.826502"></trkpt><trkpt lat="35.777403" lon="-93.826601"></trkpt><trkpt lat="35.777605" lon="-93.826665"></trkpt><trkpt lat="35.777696" lon="-93.826782"></trkpt><trkpt lat="35.777949" lon="-93.826965"></trkpt><trkpt lat="35.778097" lon="-93.827022"></trkpt><trkpt lat="35.778183" lon="-93.827108"></trkpt><trkpt lat="35.778227" lon="-93.827226"></trkpt><trkpt lat="35.778392" lon="-93.827455"></trkpt><trkpt lat="35.778518" lon="-93.827557"></trkpt><trkpt lat="35.778665" lon="-93.827771"></trkpt><trkpt lat="35.778713" lon="-93.827790"></trkpt><trkpt lat="35.778774" lon="-93.827956"></trkpt><trkpt lat="35.778841" lon="-93.828354"></trkpt><trkpt lat="35.778614" lon="-93.828931"></trkpt><trkpt lat="35.778303" lon="-93.829203"></trkpt><trkpt lat="35.778111" lon="-93.829479"></trkpt><trkpt lat="35.778096" lon="-93.829617"></trkpt><trkpt lat="35.778147" lon="-93.829704"></trkpt><trkpt lat="35.778367" lon="-93.829774"></trkpt><trkpt lat="35.778595" lon="-93.829925"></trkpt><trkpt lat="35.778809" lon="-93.830002"></trkpt><trkpt lat="35.779093" lon="-93.830056"></trkpt><trkpt lat="35.779560" lon="-93.830029"></trkpt><trkpt lat="35.779907" lon="-93.830258"></trkpt><trkpt lat="35.780028" lon="-93.830428"></trkpt><trkpt lat="35.780231" lon="-93.830622"></trkpt><trkpt lat="35.780260" lon="-93.830698"></trkpt><trkpt lat="35.780190" lon="-93.830347"></trkpt><trkpt lat="35.780175" lon="-93.829769"></trkpt><trkpt lat="35.780104" lon="-93.829511"></trkpt><trkpt lat="35.780000" lon="-93.829389"></trkpt><trkpt lat="35.779471" lon="-93.829192"></trkpt><trkpt lat="35.779403" lon="-93.829087"></trkpt><trkpt lat="35.779398" lon="-93.828996"></trkpt><trkpt lat="35.779488" lon="-93.828865"></trkpt><trkpt lat="35.779758" lon="-93.828731"></trkpt><trkpt lat="35.780226" lon="-93.828410"></trkpt><trkpt lat="35.780364" lon="-93.828339"></trkpt><trkpt lat="35.780488" lon="-93.828350"></trkpt><trkpt lat="35.780546" lon="-93.828223"></trkpt><trkpt lat="35.780804" lon="-93.827924"></trkpt><trkpt lat="35.781123" lon="-93.828332"></trkpt><trkpt lat="35.781314" lon="-93.828501"></trkpt><trkpt lat="35.781338" lon="-93.828461"></trkpt><trkpt lat="35.781254" lon="-93.827987"></trkpt><trkpt lat="35.781050" lon="-93.827549"></trkpt><trkpt lat="35.781023" lon="-93.827168"></trkpt><trkpt lat="35.781080" lon="-93.826991"></trkpt><trkpt lat="35.781054" lon="-93.826597"></trkpt><trkpt lat="35.780782" lon="-93.826506"></trkpt><trkpt lat="35.780241" lon="-93.826483"></trkpt><trkpt lat="35.780113" lon="-93.826353"></trkpt><trkpt lat="35.779958" lon="-93.826058"></trkpt><trkpt lat="35.779542" lon="-93.825468"></trkpt><trkpt lat="35.779281" lon="-93.825374"></trkpt><trkpt lat="35.779078" lon="-93.825344"></trkpt><trkpt lat="35.778140" lon="-93.824978"></trkpt><trkpt lat="35.777612" lon="-93.824965"></trkpt><trkpt lat="35.777434" lon="-93.824876"></trkpt><trkpt lat="35.777206" lon="-93.824627"></trkpt><trkpt lat="35.776745" lon="-93.824318"></trkpt><trkpt lat="35.776539" lon="-93.823806"></trkpt><trkpt lat="35.776243" lon="-93.823365"></trkpt><trkpt lat="35.776260" lon="-93.823229"></trkpt><trkpt lat="35.776284" lon="-93.823187"></trkpt><trkpt lat="35.776337" lon="-93.823203"></trkpt><trkpt lat="35.776972" lon="-93.823492"></trkpt><trkpt lat="35.777451" lon="-93.823517"></trkpt><trkpt lat="35.777825" lon="-93.823600"></trkpt><trkpt lat="35.778348" lon="-93.823597"></trkpt><trkpt lat="35.778686" lon="-93.823729"></trkpt><trkpt lat="35.778942" lon="-93.824010"></trkpt><trkpt lat="35.779142" lon="-93.824175"></trkpt><trkpt lat="35.779595" lon="-93.824270"></trkpt><trkpt lat="35.779840" lon="-93.824266"></trkpt><trkpt lat="35.779958" lon="-93.824231"></trkpt><trkpt lat="35.780047" lon="-93.824249"></trkpt><trkpt lat="35.780076" lon="-93.824287"></trkpt><trkpt lat="35.780172" lon="-93.824088"></trkpt><trkpt lat="35.780246" lon="-93.823779"></trkpt><trkpt lat="35.780375" lon="-93.823602"></trkpt><trkpt lat="35.780652" lon="-93.823488"></trkpt><trkpt lat="35.780692" lon="-93.823535"></trkpt><trkpt lat="35.780710" lon="-93.823493"></trkpt><trkpt lat="35.780803" lon="-93.823525"></trkpt><trkpt lat="35.780801" lon="-93.823499"></trkpt><trkpt lat="35.780903" lon="-93.823485"></trkpt><trkpt lat="35.781012" lon="-93.823352"></trkpt><trkpt lat="35.781005" lon="-93.822963"></trkpt><trkpt lat="35.781043" lon="-93.822923"></trkpt><trkpt lat="35.781017" lon="-93.822838"></trkpt><trkpt lat="35.781067" lon="-93.822765"></trkpt><trkpt lat="35.781037" lon="-93.822687"></trkpt><trkpt lat="35.781092" lon="-93.822294"></trkpt><trkpt lat="35.781312" lon="-93.821820"></trkpt><trkpt lat="35.781381" lon="-93.821823"></trkpt><trkpt lat="35.781598" lon="-93.822026"></trkpt><trkpt lat="35.781829" lon="-93.822145"></trkpt><trkpt lat="35.782124" lon="-93.822069"></trkpt><trkpt lat="35.782430" lon="-93.822102"></trkpt><trkpt lat="35.782761" lon="-93.821881"></trkpt><trkpt lat="35.782943" lon="-93.821856"></trkpt><trkpt lat="35.782986" lon="-93.821817"></trkpt><trkpt lat="35.783014" lon="-93.821692"></trkpt><trkpt lat="35.783127" lon="-93.821547"></trkpt><trkpt lat="35.783096" lon="-93.821134"></trkpt><trkpt lat="35.782941" lon="-93.820928"></trkpt><trkpt lat="35.782670" lon="-93.821217"></trkpt><trkpt lat="35.782501" lon="-93.821217"></trkpt><trkpt lat="35.782379" lon="-93.821037"></trkpt><trkpt lat="35.782380" lon="-93.820751"></trkpt><trkpt lat="35.782339" lon="-93.820320"></trkpt><trkpt lat="35.782293" lon="-93.820147"></trkpt><trkpt lat="35.782345" lon="-93.820124"></trkpt><trkpt lat="35.782538" lon="-93.820214"></trkpt><trkpt lat="35.782615" lon="-93.820290"></trkpt><trkpt lat="35.782694" lon="-93.820298"></trkpt><trkpt lat="35.782891" lon="-93.820163"></trkpt><trkpt lat="35.782923" lon="-93.820116"></trkpt><trkpt lat="35.782902" lon="-93.819957"></trkpt><trkpt lat="35.782930" lon="-93.819893"></trkpt><trkpt lat="35.783149" lon="-93.819713"></trkpt><trkpt lat="35.783462" lon="-93.819376"></trkpt><trkpt lat="35.783654" lon="-93.818806"></trkpt><trkpt lat="35.783452" lon="-93.818518"></trkpt><trkpt lat="35.783318" lon="-93.818110"></trkpt><trkpt lat="35.783140" lon="-93.817798"></trkpt><trkpt lat="35.782651" lon="-93.817521"></trkpt><trkpt lat="35.782520" lon="-93.817365"></trkpt><trkpt lat="35.782495" lon="-93.817259"></trkpt><trkpt lat="35.782555" lon="-93.816855"></trkpt><trkpt lat="35.782533" lon="-93.816797"></trkpt><trkpt lat="35.782383" lon="-93.816733"></trkpt><trkpt lat="35.782037" lon="-93.816682"></trkpt><trkpt lat="35.781967" lon="-93.816573"></trkpt><trkpt lat="35.782154" lon="-93.815967"></trkpt><trkpt lat="35.782323" lon="-93.815792"></trkpt><trkpt lat="35.782418" lon="-93.815579"></trkpt><trkpt lat="35.782401" lon="-93.815520"></trkpt><trkpt lat="35.781776" lon="-93.815434"></trkpt><trkpt lat="35.781651" lon="-93.815449"></trkpt><trkpt lat="35.781423" lon="-93.815336"></trkpt><trkpt lat="35.781321" lon="-93.815243"></trkpt><trkpt lat="35.781014" lon="-93.814844"></trkpt><trkpt lat="35.780945" lon="-93.814711"></trkpt><trkpt lat="35.780839" lon="-93.814363"></trkpt><trkpt lat="35.780794" lon="-93.813985"></trkpt><trkpt lat="35.780711" lon="-93.813772"></trkpt><trkpt lat="35.780641" lon="-93.813740"></trkpt><trkpt lat="35.780085" lon="-93.814255"></trkpt><trkpt lat="35.779965" lon="-93.814545"></trkpt><trkpt lat="35.779607" lon="-93.815066"></trkpt><trkpt lat="35.779518" lon="-93.815149"></trkpt><trkpt lat="35.779420" lon="-93.815352"></trkpt><trkpt lat="35.779372" lon="-93.815533"></trkpt><trkpt lat="35.779380" lon="-93.815644"></trkpt><trkpt lat="35.779750" lon="-93.816077"></trkpt><trkpt lat="35.779941" lon="-93.816483"></trkpt><trkpt lat="35.780009" lon="-93.816814"></trkpt><trkpt lat="35.779976" lon="-93.817066"></trkpt><trkpt lat="35.779942" lon="-93.817246"></trkpt><trkpt lat="35.779804" lon="-93.817582"></trkpt><trkpt lat="35.779395" lon="-93.818388"></trkpt><trkpt lat="35.779068" lon="-93.818804"></trkpt><trkpt lat="35.778878" lon="-93.818787"></trkpt><trkpt lat="35.778797" lon="-93.818417"></trkpt><trkpt lat="35.778948" lon="-93.818213"></trkpt><trkpt lat="35.779105" lon="-93.817808"></trkpt><trkpt lat="35.779216" lon="-93.817339"></trkpt><trkpt lat="35.779218" lon="-93.816925"></trkpt><trkpt lat="35.779095" lon="-93.816702"></trkpt><trkpt lat="35.778939" lon="-93.816548"></trkpt><trkpt lat="35.778806" lon="-93.816349"></trkpt><trkpt lat="35.778718" lon="-93.815944"></trkpt><trkpt lat="35.778512" lon="-93.815613"></trkpt><trkpt lat="35.778103" lon="-93.815342"></trkpt><trkpt lat="35.778213" lon="-93.815177"></trkpt><trkpt lat="35.778454" lon="-93.815012"></trkpt><trkpt lat="35.778727" lon="-93.814623"></trkpt><trkpt lat="35.779287" lon="-93.813981"></trkpt><trkpt lat="35.779442" lon="-93.813660"></trkpt></trkseg></trk><trk><name>T087 BR5F828</name><trkseg><trkpt lat="35.756348" lon="-93.847014"></trkpt><trkpt lat="35.756583" lon="-93.847000"></trkpt><trkpt lat="35.756662" lon="-93.847044"></trkpt><trkpt lat="35.756762" lon="-93.847045"></trkpt><trkpt lat="35.756898" lon="-93.847120"></trkpt><trkpt lat="35.757056" lon="-93.847138"></trkpt><trkpt lat="35.757322" lon="-93.847041"></trkpt><trkpt lat="35.757640" lon="-93.846688"></trkpt><trkpt lat="35.757687" lon="-93.846489"></trkpt><trkpt lat="35.757809" lon="-93.846317"></trkpt><trkpt lat="35.757864" lon="-93.846114"></trkpt><trkpt lat="35.757887" lon="-93.846017"></trkpt><trkpt lat="35.757859" lon="-93.845862"></trkpt><trkpt lat="35.757942" lon="-93.845818"></trkpt><trkpt lat="35.758084" lon="-93.845819"></trkpt><trkpt lat="35.758291" lon="-93.845920"></trkpt><trkpt lat="35.758507" lon="-93.846181"></trkpt><trkpt lat="35.758898" lon="-93.846504"></trkpt><trkpt lat="35.759084" lon="-93.846584"></trkpt><trkpt lat="35.759223" lon="-93.846702"></trkpt><trkpt lat="35.759794" lon="-93.846982"></trkpt><trkpt lat="35.760041" lon="-93.847044"></trkpt><trkpt lat="35.760472" lon="-93.846984"></trkpt><trkpt lat="35.760599" lon="-93.846931"></trkpt><trkpt lat="35.760727" lon="-93.846711"></trkpt><trkpt lat="35.761084" lon="-93.846333"></trkpt><trkpt lat="35.761232" lon="-93.845942"></trkpt><trkpt lat="35.761365" lon="-93.845805"></trkpt><trkpt lat="35.761508" lon="-93.845494"></trkpt><trkpt lat="35.761670" lon="-93.845471"></trkpt><trkpt lat="35.761876" lon="-93.845570"></trkpt><trkpt lat="35.762089" lon="-93.845620"></trkpt><trkpt lat="35.762264" lon="-93.845775"></trkpt><trkpt lat="35.762345" lon="-93.845921"></trkpt><trkpt lat="35.762484" lon="-93.846043"></trkpt><trkpt lat="35.762600" lon="-93.846206"></trkpt><trkpt lat="35.762670" lon="-93.846378"></trkpt><trkpt lat="35.762943" lon="-93.846700"></trkpt><trkpt lat="35.763043" lon="-93.847091"></trkpt><trkpt lat="35.763579" lon="-93.847642"></trkpt><trkpt lat="35.763775" lon="-93.847725"></trkpt><trkpt lat="35.764111" lon="-93.847708"></trkpt><trkpt lat="35.764377" lon="-93.847768"></trkpt><trkpt lat="35.764533" lon="-93.847646"></trkpt><trkpt lat="35.764580" lon="-93.847527"></trkpt><trkpt lat="35.764704" lon="-93.847441"></trkpt><trkpt lat="35.764856" lon="-93.847186"></trkpt><trkpt lat="35.764815" lon="-93.846952"></trkpt><trkpt lat="35.764846" lon="-93.846488"></trkpt><trkpt lat="35.764705" lon="-93.846162"></trkpt><trkpt lat="35.764468" lon="-93.845978"></trkpt><trkpt lat="35.764342" lon="-93.845737"></trkpt><trkpt lat="35.764261" lon="-93.845552"></trkpt><trkpt lat="35.764272" lon="-93.845296"></trkpt><trkpt lat="35.764797" lon="-93.844319"></trkpt><trkpt lat="35.765125" lon="-93.844069"></trkpt><trkpt lat="35.765549" lon="-93.843680"></trkpt><trkpt lat="35.765961" lon="-93.843430"></trkpt><trkpt lat="35.766218" lon="-93.843196"></trkpt><trkpt lat="35.766276" lon="-93.842991"></trkpt><trkpt lat="35.766281" lon="-93.842611"></trkpt><trkpt lat="35.766368" lon="-93.842291"></trkpt><trkpt lat="35.766512" lon="-93.842037"></trkpt><trkpt lat="35.766780" lon="-93.841836"></trkpt></trkseg></trk><trk><name>T088 BR5F828</name><trkseg><trkpt lat="35.762948" lon="-93.859734"></trkpt><trkpt lat="35.762831" lon="-93.859602"></trkpt><trkpt lat="35.762784" lon="-93.859447"></trkpt><trkpt lat="35.762574" lon="-93.859171"></trkpt><trkpt lat="35.762431" lon="-93.859146"></trkpt><trkpt lat="35.762238" lon="-93.859248"></trkpt><trkpt lat="35.762124" lon="-93.859211"></trkpt><trkpt lat="35.761551" lon="-93.858669"></trkpt><trkpt lat="35.761106" lon="-93.858480"></trkpt><trkpt lat="35.760832" lon="-93.858506"></trkpt><trkpt lat="35.760681" lon="-93.858460"></trkpt><trkpt lat="35.760209" lon="-93.858090"></trkpt><trkpt lat="35.759991" lon="-93.857843"></trkpt><trkpt lat="35.759913" lon="-93.857601"></trkpt><trkpt lat="35.759779" lon="-93.857444"></trkpt><trkpt lat="35.759549" lon="-93.857302"></trkpt><trkpt lat="35.759431" lon="-93.857144"></trkpt><trkpt lat="35.759340" lon="-93.856911"></trkpt><trkpt lat="35.759308" lon="-93.856710"></trkpt><trkpt lat="35.759330" lon="-93.856467"></trkpt><trkpt lat="35.759409" lon="-93.856281"></trkpt><trkpt lat="35.759460" lon="-93.856029"></trkpt><trkpt lat="35.759433" lon="-93.855857"></trkpt><trkpt lat="35.759466" lon="-93.855643"></trkpt><trkpt lat="35.759446" lon="-93.855560"></trkpt><trkpt lat="35.759387" lon="-93.855525"></trkpt><trkpt lat="35.759341" lon="-93.855566"></trkpt><trkpt lat="35.759295" lon="-93.855664"></trkpt><trkpt lat="35.759310" lon="-93.855760"></trkpt><trkpt lat="35.759242" lon="-93.855854"></trkpt><trkpt lat="35.759134" lon="-93.856151"></trkpt><trkpt lat="35.758964" lon="-93.856395"></trkpt><trkpt lat="35.758893" lon="-93.856451"></trkpt><trkpt lat="35.758840" lon="-93.856450"></trkpt><trkpt lat="35.758821" lon="-93.856410"></trkpt><trkpt lat="35.758848" lon="-93.856404"></trkpt><trkpt lat="35.758907" lon="-93.856130"></trkpt><trkpt lat="35.758871" lon="-93.855717"></trkpt><trkpt lat="35.758889" lon="-93.855576"></trkpt><trkpt lat="35.759019" lon="-93.855398"></trkpt><trkpt lat="35.758978" lon="-93.855264"></trkpt><trkpt lat="35.758912" lon="-93.855218"></trkpt><trkpt lat="35.758894" lon="-93.855241"></trkpt><trkpt lat="35.758589" lon="-93.855172"></trkpt><trkpt lat="35.758554" lon="-93.855115"></trkpt><trkpt lat="35.758451" lon="-93.855074"></trkpt><trkpt lat="35.758232" lon="-93.855064"></trkpt><trkpt lat="35.758009" lon="-93.855168"></trkpt></trkseg></trk><trk><name>T089 BR5F828</name><trkseg><trkpt lat="35.761917" lon="-93.861843"></trkpt><trkpt lat="35.761852" lon="-93.861666"></trkpt><trkpt lat="35.761788" lon="-93.861608"></trkpt><trkpt lat="35.761692" lon="-93.861388"></trkpt><trkpt lat="35.761682" lon="-93.861170"></trkpt><trkpt lat="35.761705" lon="-93.861073"></trkpt><trkpt lat="35.761826" lon="-93.861003"></trkpt><trkpt lat="35.762050" lon="-93.861012"></trkpt><trkpt lat="35.762200" lon="-93.861088"></trkpt><trkpt lat="35.762268" lon="-93.861011"></trkpt><trkpt lat="35.762445" lon="-93.860603"></trkpt><trkpt lat="35.762489" lon="-93.860283"></trkpt><trkpt lat="35.762446" lon="-93.860158"></trkpt><trkpt lat="35.762310" lon="-93.859973"></trkpt><trkpt lat="35.762166" lon="-93.860030"></trkpt><trkpt lat="35.761496" lon="-93.859604"></trkpt><trkpt lat="35.761113" lon="-93.859399"></trkpt><trkpt lat="35.760882" lon="-93.859212"></trkpt><trkpt lat="35.760706" lon="-93.859137"></trkpt><trkpt lat="35.760182" lon="-93.858979"></trkpt><trkpt lat="35.759845" lon="-93.858927"></trkpt><trkpt lat="35.759535" lon="-93.858942"></trkpt><trkpt lat="35.759044" lon="-93.859040"></trkpt><trkpt lat="35.757838" lon="-93.859667"></trkpt><trkpt lat="35.757534" lon="-93.859868"></trkpt><trkpt lat="35.756269" lon="-93.860333"></trkpt><trkpt lat="35.756112" lon="-93.860324"></trkpt><trkpt lat="35.755832" lon="-93.860229"></trkpt><trkpt lat="35.755616" lon="-93.860216"></trkpt><trkpt lat="35.754950" lon="-93.859946"></trkpt><trkpt lat="35.754341" lon="-93.860094"></trkpt><trkpt lat="35.753485" lon="-93.860518"></trkpt><trkpt lat="35.753067" lon="-93.860827"></trkpt><trkpt lat="35.752558" lon="-93.861313"></trkpt><trkpt lat="35.752358" lon="-93.861467"></trkpt><trkpt lat="35.752164" lon="-93.861700"></trkpt><trkpt lat="35.751686" lon="-93.862078"></trkpt><trkpt lat="35.751059" lon="-93.862468"></trkpt><trkpt lat="35.750424" lon="-93.862795"></trkpt><trkpt lat="35.750412" lon="-93.862828"></trkpt><trkpt lat="35.749887" lon="-93.863159"></trkpt><trkpt lat="35.749822" lon="-93.863231"></trkpt><trkpt lat="35.749471" lon="-93.863395"></trkpt><trkpt lat="35.749364" lon="-93.863484"></trkpt><trkpt lat="35.749180" lon="-93.863540"></trkpt><trkpt lat="35.749117" lon="-93.863606"></trkpt><trkpt lat="35.748659" lon="-93.863846"></trkpt><trkpt lat="35.748085" lon="-93.864097"></trkpt><trkpt lat="35.747907" lon="-93.864241"></trkpt><trkpt lat="35.747094" lon="-93.864260"></trkpt><trkpt lat="35.746811" lon="-93.864090"></trkpt><trkpt lat="35.746675" lon="-93.863876"></trkpt><trkpt lat="35.746255" lon="-93.863825"></trkpt><trkpt lat="35.745911" lon="-93.863549"></trkpt><trkpt lat="35.745379" lon="-93.863381"></trkpt><trkpt lat="35.745162" lon="-93.863230"></trkpt><trkpt lat="35.744983" lon="-93.863211"></trkpt><trkpt lat="35.744878" lon="-93.863494"></trkpt><trkpt lat="35.744795" lon="-93.863613"></trkpt><trkpt lat="35.744701" lon="-93.863683"></trkpt><trkpt lat="35.743181" lon="-93.864147"></trkpt><trkpt lat="35.743019" lon="-93.864159"></trkpt><trkpt lat="35.742724" lon="-93.864515"></trkpt><trkpt lat="35.742179" lon="-93.864713"></trkpt><trkpt lat="35.741804" lon="-93.864965"></trkpt><trkpt lat="35.741183" lon="-93.865062"></trkpt><trkpt lat="35.740986" lon="-93.864988"></trkpt><trkpt lat="35.740882" lon="-93.864890"></trkpt><trkpt lat="35.740685" lon="-93.864801"></trkpt><trkpt lat="35.740588" lon="-93.864821"></trkpt><trkpt lat="35.740355" lon="-93.865026"></trkpt><trkpt lat="35.740256" lon="-93.865043"></trkpt><trkpt lat="35.740172" lon="-93.865129"></trkpt><trkpt lat="35.740099" lon="-93.865158"></trkpt><trkpt lat="35.740042" lon="-93.865235"></trkpt><trkpt lat="35.739818" lon="-93.865324"></trkpt><trkpt lat="35.739474" lon="-93.865637"></trkpt><trkpt lat="35.739397" lon="-93.865781"></trkpt><trkpt lat="35.739268" lon="-93.865870"></trkpt><trkpt lat="35.739166" lon="-93.865872"></trkpt><trkpt lat="35.739083" lon="-93.865810"></trkpt><trkpt lat="35.738853" lon="-93.865853"></trkpt><trkpt lat="35.738669" lon="-93.866066"></trkpt><trkpt lat="35.738089" lon="-93.866427"></trkpt><trkpt lat="35.737922" lon="-93.866586"></trkpt><trkpt lat="35.737719" lon="-93.866578"></trkpt><trkpt lat="35.737507" lon="-93.866777"></trkpt><trkpt lat="35.737423" lon="-93.866980"></trkpt><trkpt lat="35.737062" lon="-93.867405"></trkpt><trkpt lat="35.737010" lon="-93.867410"></trkpt><trkpt lat="35.736898" lon="-93.867327"></trkpt><trkpt lat="35.736736" lon="-93.867432"></trkpt><trkpt lat="35.736585" lon="-93.867002"></trkpt><trkpt lat="35.736460" lon="-93.866916"></trkpt><trkpt lat="35.736310" lon="-93.866887"></trkpt><trkpt lat="35.736139" lon="-93.866801"></trkpt><trkpt lat="35.735963" lon="-93.866635"></trkpt><trkpt lat="35.735842" lon="-93.866610"></trkpt><trkpt lat="35.735652" lon="-93.866679"></trkpt><trkpt lat="35.735541" lon="-93.866771"></trkpt><trkpt lat="35.735329" lon="-93.866840"></trkpt><trkpt lat="35.735032" lon="-93.866870"></trkpt><trkpt lat="35.734572" lon="-93.867046"></trkpt><trkpt lat="35.733904" lon="-93.867634"></trkpt><trkpt lat="35.733355" lon="-93.867945"></trkpt><trkpt lat="35.733108" lon="-93.868027"></trkpt><trkpt lat="35.732990" lon="-93.868018"></trkpt><trkpt lat="35.732778" lon="-93.867917"></trkpt><trkpt lat="35.732567" lon="-93.867869"></trkpt><trkpt lat="35.732246" lon="-93.867657"></trkpt><trkpt lat="35.731997" lon="-93.867618"></trkpt><trkpt lat="35.731777" lon="-93.867535"></trkpt><trkpt lat="35.731615" lon="-93.867392"></trkpt><trkpt lat="35.731438" lon="-93.867439"></trkpt><trkpt lat="35.731257" lon="-93.867349"></trkpt><trkpt lat="35.731074" lon="-93.867310"></trkpt><trkpt lat="35.730735" lon="-93.867408"></trkpt><trkpt lat="35.730573" lon="-93.867311"></trkpt><trkpt lat="35.729946" lon="-93.867094"></trkpt><trkpt lat="35.729827" lon="-93.866989"></trkpt><trkpt lat="35.729682" lon="-93.866986"></trkpt><trkpt lat="35.729570" lon="-93.867031"></trkpt><trkpt lat="35.729273" lon="-93.867024"></trkpt><trkpt lat="35.729085" lon="-93.866946"></trkpt><trkpt lat="35.728863" lon="-93.867039"></trkpt><trkpt lat="35.728700" lon="-93.867018"></trkpt><trkpt lat="35.728559" lon="-93.866937"></trkpt><trkpt lat="35.728274" lon="-93.866875"></trkpt><trkpt lat="35.727914" lon="-93.866696"></trkpt><trkpt lat="35.727777" lon="-93.866703"></trkpt><trkpt lat="35.727619" lon="-93.866651"></trkpt><trkpt lat="35.727311" lon="-93.866498"></trkpt><trkpt lat="35.726932" lon="-93.866195"></trkpt><trkpt lat="35.726582" lon="-93.866004"></trkpt><trkpt lat="35.726375" lon="-93.865753"></trkpt><trkpt lat="35.726190" lon="-93.865603"></trkpt><trkpt lat="35.726003" lon="-93.865367"></trkpt><trkpt lat="35.725846" lon="-93.865275"></trkpt><trkpt lat="35.725598" lon="-93.864977"></trkpt><trkpt lat="35.725468" lon="-93.864727"></trkpt><trkpt lat="35.725332" lon="-93.864299"></trkpt><trkpt lat="35.725158" lon="-93.864031"></trkpt><trkpt lat="35.725159" lon="-93.863976"></trkpt><trkpt lat="35.725034" lon="-93.863777"></trkpt><trkpt lat="35.725003" lon="-93.863650"></trkpt><trkpt lat="35.724742" lon="-93.863311"></trkpt><trkpt lat="35.724632" lon="-93.863047"></trkpt><trkpt lat="35.724697" lon="-93.862973"></trkpt><trkpt lat="35.725250" lon="-93.863071"></trkpt><trkpt lat="35.726073" lon="-93.863361"></trkpt><trkpt lat="35.726530" lon="-93.863416"></trkpt><trkpt lat="35.727020" lon="-93.863528"></trkpt><trkpt lat="35.727264" lon="-93.863682"></trkpt><trkpt lat="35.727536" lon="-93.863662"></trkpt><trkpt lat="35.727753" lon="-93.863709"></trkpt><trkpt lat="35.728017" lon="-93.863709"></trkpt><trkpt lat="35.728238" lon="-93.863625"></trkpt><trkpt lat="35.728578" lon="-93.863651"></trkpt><trkpt lat="35.728884" lon="-93.863907"></trkpt><trkpt lat="35.729073" lon="-93.863951"></trkpt><trkpt lat="35.729210" lon="-93.863923"></trkpt><trkpt lat="35.729441" lon="-93.863783"></trkpt><trkpt lat="35.729562" lon="-93.863627"></trkpt><trkpt lat="35.729727" lon="-93.863213"></trkpt><trkpt lat="35.729972" lon="-93.863042"></trkpt><trkpt lat="35.730116" lon="-93.862989"></trkpt><trkpt lat="35.730350" lon="-93.863019"></trkpt><trkpt lat="35.730627" lon="-93.862947"></trkpt><trkpt lat="35.730757" lon="-93.862979"></trkpt><trkpt lat="35.730831" lon="-93.862956"></trkpt><trkpt lat="35.731078" lon="-93.862706"></trkpt><trkpt lat="35.731201" lon="-93.862384"></trkpt><trkpt lat="35.731221" lon="-93.862235"></trkpt><trkpt lat="35.731372" lon="-93.862155"></trkpt><trkpt lat="35.731383" lon="-93.862089"></trkpt><trkpt lat="35.731320" lon="-93.862038"></trkpt><trkpt lat="35.731395" lon="-93.861704"></trkpt><trkpt lat="35.731401" lon="-93.861420"></trkpt><trkpt lat="35.731561" lon="-93.861004"></trkpt><trkpt lat="35.731777" lon="-93.860637"></trkpt><trkpt lat="35.731887" lon="-93.860568"></trkpt><trkpt lat="35.731941" lon="-93.860469"></trkpt><trkpt lat="35.732579" lon="-93.859976"></trkpt><trkpt lat="35.732730" lon="-93.859546"></trkpt><trkpt lat="35.732888" lon="-93.859352"></trkpt><trkpt lat="35.733008" lon="-93.858706"></trkpt><trkpt lat="35.733037" lon="-93.858314"></trkpt><trkpt lat="35.733093" lon="-93.858194"></trkpt><trkpt lat="35.733114" lon="-93.857848"></trkpt><trkpt lat="35.732949" lon="-93.857407"></trkpt><trkpt lat="35.732868" lon="-93.856923"></trkpt><trkpt lat="35.733114" lon="-93.856638"></trkpt><trkpt lat="35.733150" lon="-93.856236"></trkpt><trkpt lat="35.733306" lon="-93.855993"></trkpt><trkpt lat="35.733401" lon="-93.855978"></trkpt><trkpt lat="35.733538" lon="-93.855849"></trkpt><trkpt lat="35.733929" lon="-93.855697"></trkpt><trkpt lat="35.734090" lon="-93.855479"></trkpt><trkpt lat="35.734266" lon="-93.855405"></trkpt><trkpt lat="35.734463" lon="-93.855395"></trkpt><trkpt lat="35.734694" lon="-93.855304"></trkpt><trkpt lat="35.734966" lon="-93.855301"></trkpt><trkpt lat="35.735522" lon="-93.855115"></trkpt><trkpt lat="35.735764" lon="-93.855122"></trkpt><trkpt lat="35.735984" lon="-93.855047"></trkpt><trkpt lat="35.736351" lon="-93.855099"></trkpt><trkpt lat="35.736672" lon="-93.855194"></trkpt><trkpt lat="35.736895" lon="-93.855210"></trkpt><trkpt lat="35.736984" lon="-93.855172"></trkpt><trkpt lat="35.737016" lon="-93.855099"></trkpt><trkpt lat="35.737288" lon="-93.854849"></trkpt><trkpt lat="35.737511" lon="-93.854846"></trkpt><trkpt lat="35.738267" lon="-93.854740"></trkpt><trkpt lat="35.738422" lon="-93.854635"></trkpt><trkpt lat="35.738628" lon="-93.854617"></trkpt><trkpt lat="35.738694" lon="-93.854657"></trkpt><trkpt lat="35.738886" lon="-93.854683"></trkpt><trkpt lat="35.739001" lon="-93.854622"></trkpt><trkpt lat="35.739281" lon="-93.854372"></trkpt><trkpt lat="35.739462" lon="-93.854323"></trkpt><trkpt lat="35.739874" lon="-93.854136"></trkpt><trkpt lat="35.740168" lon="-93.854085"></trkpt><trkpt lat="35.740317" lon="-93.854153"></trkpt><trkpt lat="35.740475" lon="-93.854181"></trkpt><trkpt lat="35.740703" lon="-93.854293"></trkpt><trkpt lat="35.741050" lon="-93.854161"></trkpt><trkpt lat="35.741176" lon="-93.854146"></trkpt><trkpt lat="35.741184" lon="-93.854102"></trkpt><trkpt lat="35.741331" lon="-93.854124"></trkpt><trkpt lat="35.741586" lon="-93.854060"></trkpt><trkpt lat="35.741788" lon="-93.854181"></trkpt><trkpt lat="35.742179" lon="-93.854263"></trkpt><trkpt lat="35.742252" lon="-93.854347"></trkpt><trkpt lat="35.742511" lon="-93.854519"></trkpt><trkpt lat="35.743107" lon="-93.855310"></trkpt><trkpt lat="35.743175" lon="-93.855647"></trkpt><trkpt lat="35.743148" lon="-93.856007"></trkpt><trkpt lat="35.743199" lon="-93.856676"></trkpt><trkpt lat="35.743157" lon="-93.856808"></trkpt><trkpt lat="35.743163" lon="-93.857853"></trkpt><trkpt lat="35.743211" lon="-93.858238"></trkpt><trkpt lat="35.743403" lon="-93.858574"></trkpt><trkpt lat="35.743791" lon="-93.858599"></trkpt><trkpt lat="35.744107" lon="-93.858556"></trkpt><trkpt lat="35.744534" lon="-93.858207"></trkpt><trkpt lat="35.744594" lon="-93.858204"></trkpt><trkpt lat="35.744693" lon="-93.858122"></trkpt><trkpt lat="35.745066" lon="-93.857949"></trkpt></trkseg></trk><trk><name>T090 BR5F828</name><trkseg><trkpt lat="35.779541" lon="-93.813491"></trkpt><trkpt lat="35.779914" lon="-93.812876"></trkpt><trkpt lat="35.780225" lon="-93.812590"></trkpt><trkpt lat="35.780242" lon="-93.812522"></trkpt><trkpt lat="35.780324" lon="-93.812446"></trkpt><trkpt lat="35.780579" lon="-93.812301"></trkpt><trkpt lat="35.780877" lon="-93.812224"></trkpt><trkpt lat="35.781358" lon="-93.812321"></trkpt><trkpt lat="35.781627" lon="-93.812425"></trkpt><trkpt lat="35.781871" lon="-93.812579"></trkpt><trkpt lat="35.782316" lon="-93.812773"></trkpt><trkpt lat="35.782663" lon="-93.812997"></trkpt><trkpt lat="35.783236" lon="-93.813445"></trkpt><trkpt lat="35.783739" lon="-93.813673"></trkpt><trkpt lat="35.784043" lon="-93.813915"></trkpt><trkpt lat="35.784719" lon="-93.814261"></trkpt><trkpt lat="35.785451" lon="-93.814860"></trkpt><trkpt lat="35.785550" lon="-93.814810"></trkpt><trkpt lat="35.785964" lon="-93.814864"></trkpt><trkpt lat="35.786120" lon="-93.814815"></trkpt><trkpt lat="35.786431" lon="-93.814861"></trkpt><trkpt lat="35.786542" lon="-93.814916"></trkpt><trkpt lat="35.786940" lon="-93.815259"></trkpt><trkpt lat="35.787076" lon="-93.815274"></trkpt><trkpt lat="35.787264" lon="-93.815356"></trkpt><trkpt lat="35.787430" lon="-93.815509"></trkpt><trkpt lat="35.787668" lon="-93.815585"></trkpt><trkpt lat="35.787836" lon="-93.815709"></trkpt><trkpt lat="35.788050" lon="-93.815753"></trkpt><trkpt lat="35.788173" lon="-93.815727"></trkpt><trkpt lat="35.788293" lon="-93.815636"></trkpt><trkpt lat="35.788617" lon="-93.815546"></trkpt><trkpt lat="35.788734" lon="-93.815530"></trkpt><trkpt lat="35.788974" lon="-93.815560"></trkpt><trkpt lat="35.789107" lon="-93.815515"></trkpt><trkpt lat="35.789503" lon="-93.815195"></trkpt><trkpt lat="35.789644" lon="-93.815179"></trkpt><trkpt lat="35.789695" lon="-93.815136"></trkpt><trkpt lat="35.789790" lon="-93.814999"></trkpt><trkpt lat="35.789801" lon="-93.814910"></trkpt><trkpt lat="35.789903" lon="-93.814834"></trkpt><trkpt lat="35.789934" lon="-93.814751"></trkpt><trkpt lat="35.790114" lon="-93.814608"></trkpt><trkpt lat="35.790120" lon="-93.814491"></trkpt><trkpt lat="35.790187" lon="-93.814323"></trkpt><trkpt lat="35.790423" lon="-93.814152"></trkpt><trkpt lat="35.790712" lon="-93.813526"></trkpt><trkpt lat="35.790710" lon="-93.813311"></trkpt><trkpt lat="35.790833" lon="-93.813003"></trkpt><trkpt lat="35.790874" lon="-93.812940"></trkpt><trkpt lat="35.790951" lon="-93.812906"></trkpt><trkpt lat="35.791064" lon="-93.812984"></trkpt><trkpt lat="35.791122" lon="-93.813149"></trkpt><trkpt lat="35.791194" lon="-93.813205"></trkpt><trkpt lat="35.791324" lon="-93.813416"></trkpt><trkpt lat="35.791466" lon="-93.813508"></trkpt><trkpt lat="35.791639" lon="-93.813579"></trkpt><trkpt lat="35.791967" lon="-93.813639"></trkpt><trkpt lat="35.792085" lon="-93.813575"></trkpt><trkpt lat="35.792158" lon="-93.813471"></trkpt><trkpt lat="35.792263" lon="-93.813448"></trkpt><trkpt lat="35.792407" lon="-93.813428"></trkpt><trkpt lat="35.792753" lon="-93.813497"></trkpt><trkpt lat="35.793210" lon="-93.813780"></trkpt><trkpt lat="35.793305" lon="-93.813980"></trkpt><trkpt lat="35.793475" lon="-93.814072"></trkpt><trkpt lat="35.793612" lon="-93.814412"></trkpt><trkpt lat="35.793706" lon="-93.814504"></trkpt><trkpt lat="35.793776" lon="-93.814537"></trkpt><trkpt lat="35.793954" lon="-93.814444"></trkpt><trkpt lat="35.794120" lon="-93.814070"></trkpt><trkpt lat="35.794132" lon="-93.814010"></trkpt><trkpt lat="35.794091" lon="-93.813868"></trkpt><trkpt lat="35.794122" lon="-93.813774"></trkpt><trkpt lat="35.794325" lon="-93.813399"></trkpt><trkpt lat="35.794437" lon="-93.812730"></trkpt><trkpt lat="35.794468" lon="-93.812679"></trkpt><trkpt lat="35.794937" lon="-93.812278"></trkpt><trkpt lat="35.795127" lon="-93.812363"></trkpt><trkpt lat="35.795259" lon="-93.812333"></trkpt><trkpt lat="35.795336" lon="-93.812267"></trkpt><trkpt lat="35.795469" lon="-93.812238"></trkpt><trkpt lat="35.795718" lon="-93.812119"></trkpt><trkpt lat="35.795832" lon="-93.811977"></trkpt><trkpt lat="35.796049" lon="-93.811394"></trkpt><trkpt lat="35.796260" lon="-93.811088"></trkpt><trkpt lat="35.796335" lon="-93.811113"></trkpt><trkpt lat="35.796617" lon="-93.811648"></trkpt><trkpt lat="35.796575" lon="-93.811984"></trkpt><trkpt lat="35.796482" lon="-93.812372"></trkpt><trkpt lat="35.796759" lon="-93.813071"></trkpt><trkpt lat="35.796925" lon="-93.813604"></trkpt><trkpt lat="35.796828" lon="-93.813926"></trkpt><trkpt lat="35.796760" lon="-93.814410"></trkpt><trkpt lat="35.796833" lon="-93.814590"></trkpt><trkpt lat="35.796781" lon="-93.814783"></trkpt><trkpt lat="35.796790" lon="-93.815011"></trkpt><trkpt lat="35.796862" lon="-93.815145"></trkpt><trkpt lat="35.797808" lon="-93.815560"></trkpt><trkpt lat="35.797992" lon="-93.815811"></trkpt><trkpt lat="35.798017" lon="-93.815957"></trkpt><trkpt lat="35.798014" lon="-93.816713"></trkpt><trkpt lat="35.798114" lon="-93.817114"></trkpt><trkpt lat="35.798020" lon="-93.817655"></trkpt><trkpt lat="35.797920" lon="-93.817808"></trkpt><trkpt lat="35.797832" lon="-93.817839"></trkpt><trkpt lat="35.797617" lon="-93.817828"></trkpt><trkpt lat="35.797150" lon="-93.817754"></trkpt><trkpt lat="35.796771" lon="-93.817626"></trkpt><trkpt lat="35.796611" lon="-93.817694"></trkpt><trkpt lat="35.796479" lon="-93.817630"></trkpt><trkpt lat="35.796005" lon="-93.817510"></trkpt><trkpt lat="35.795871" lon="-93.817336"></trkpt><trkpt lat="35.795598" lon="-93.817260"></trkpt><trkpt lat="35.795369" lon="-93.817285"></trkpt><trkpt lat="35.795224" lon="-93.817256"></trkpt><trkpt lat="35.794972" lon="-93.817271"></trkpt><trkpt lat="35.794858" lon="-93.817420"></trkpt><trkpt lat="35.794629" lon="-93.817512"></trkpt><trkpt lat="35.794554" lon="-93.817572"></trkpt><trkpt lat="35.794260" lon="-93.817593"></trkpt><trkpt lat="35.793975" lon="-93.817832"></trkpt><trkpt lat="35.793893" lon="-93.817846"></trkpt><trkpt lat="35.793793" lon="-93.817817"></trkpt><trkpt lat="35.793248" lon="-93.817866"></trkpt><trkpt lat="35.793031" lon="-93.817826"></trkpt><trkpt lat="35.792850" lon="-93.817892"></trkpt><trkpt lat="35.792564" lon="-93.817775"></trkpt><trkpt lat="35.792490" lon="-93.817601"></trkpt><trkpt lat="35.792315" lon="-93.817370"></trkpt><trkpt lat="35.792260" lon="-93.817334"></trkpt><trkpt lat="35.792086" lon="-93.817325"></trkpt><trkpt lat="35.791842" lon="-93.817187"></trkpt><trkpt lat="35.791574" lon="-93.816978"></trkpt><trkpt lat="35.791265" lon="-93.816822"></trkpt><trkpt lat="35.791146" lon="-93.816694"></trkpt><trkpt lat="35.790849" lon="-93.816687"></trkpt><trkpt lat="35.790584" lon="-93.816973"></trkpt><trkpt lat="35.790238" lon="-93.816959"></trkpt><trkpt lat="35.790092" lon="-93.817021"></trkpt><trkpt lat="35.789971" lon="-93.816965"></trkpt><trkpt lat="35.789896" lon="-93.816967"></trkpt><trkpt lat="35.789488" lon="-93.817083"></trkpt><trkpt lat="35.789301" lon="-93.817092"></trkpt><trkpt lat="35.788927" lon="-93.817223"></trkpt><trkpt lat="35.788742" lon="-93.817332"></trkpt><trkpt lat="35.788612" lon="-93.817623"></trkpt><trkpt lat="35.788547" lon="-93.817692"></trkpt><trkpt lat="35.787968" lon="-93.817332"></trkpt><trkpt lat="35.787896" lon="-93.817340"></trkpt><trkpt lat="35.787414" lon="-93.817689"></trkpt><trkpt lat="35.787339" lon="-93.817869"></trkpt><trkpt lat="35.787427" lon="-93.818106"></trkpt><trkpt lat="35.787501" lon="-93.818214"></trkpt><trkpt lat="35.787455" lon="-93.818404"></trkpt><trkpt lat="35.787328" lon="-93.818622"></trkpt><trkpt lat="35.787015" lon="-93.818877"></trkpt><trkpt lat="35.786941" lon="-93.819050"></trkpt><trkpt lat="35.787043" lon="-93.819191"></trkpt><trkpt lat="35.787389" lon="-93.819259"></trkpt><trkpt lat="35.787587" lon="-93.819235"></trkpt><trkpt lat="35.787694" lon="-93.819325"></trkpt><trkpt lat="35.787870" lon="-93.819560"></trkpt><trkpt lat="35.787909" lon="-93.819620"></trkpt><trkpt lat="35.787853" lon="-93.820003"></trkpt><trkpt lat="35.787953" lon="-93.820419"></trkpt><trkpt lat="35.787943" lon="-93.820545"></trkpt><trkpt lat="35.787850" lon="-93.820613"></trkpt><trkpt lat="35.787587" lon="-93.820668"></trkpt><trkpt lat="35.787397" lon="-93.820923"></trkpt><trkpt lat="35.787293" lon="-93.821295"></trkpt><trkpt lat="35.786810" lon="-93.821679"></trkpt><trkpt lat="35.786769" lon="-93.821766"></trkpt><trkpt lat="35.786780" lon="-93.821828"></trkpt><trkpt lat="35.787059" lon="-93.822300"></trkpt><trkpt lat="35.787158" lon="-93.822639"></trkpt><trkpt lat="35.787281" lon="-93.822763"></trkpt><trkpt lat="35.787548" lon="-93.823258"></trkpt><trkpt lat="35.787618" lon="-93.823525"></trkpt><trkpt lat="35.787715" lon="-93.823639"></trkpt><trkpt lat="35.787945" lon="-93.823799"></trkpt><trkpt lat="35.788404" lon="-93.824480"></trkpt><trkpt lat="35.788571" lon="-93.824637"></trkpt><trkpt lat="35.788917" lon="-93.824865"></trkpt><trkpt lat="35.789277" lon="-93.825312"></trkpt><trkpt lat="35.789567" lon="-93.825382"></trkpt><trkpt lat="35.790015" lon="-93.825359"></trkpt><trkpt lat="35.790257" lon="-93.825380"></trkpt><trkpt lat="35.790440" lon="-93.825326"></trkpt><trkpt lat="35.790574" lon="-93.825240"></trkpt><trkpt lat="35.790700" lon="-93.825241"></trkpt><trkpt lat="35.791014" lon="-93.825335"></trkpt><trkpt lat="35.791225" lon="-93.825348"></trkpt><trkpt lat="35.791477" lon="-93.825216"></trkpt><trkpt lat="35.791892" lon="-93.825342"></trkpt><trkpt lat="35.792142" lon="-93.825378"></trkpt><trkpt lat="35.792390" lon="-93.825509"></trkpt><trkpt lat="35.792517" lon="-93.825661"></trkpt><trkpt lat="35.792798" lon="-93.825825"></trkpt><trkpt lat="35.792869" lon="-93.826032"></trkpt><trkpt lat="35.792846" lon="-93.826291"></trkpt><trkpt lat="35.793195" lon="-93.826853"></trkpt><trkpt lat="35.793305" lon="-93.826970"></trkpt><trkpt lat="35.793886" lon="-93.827067"></trkpt><trkpt lat="35.794024" lon="-93.827240"></trkpt><trkpt lat="35.794358" lon="-93.827505"></trkpt><trkpt lat="35.794844" lon="-93.827594"></trkpt><trkpt lat="35.795131" lon="-93.827551"></trkpt><trkpt lat="35.795477" lon="-93.827565"></trkpt><trkpt lat="35.795652" lon="-93.827633"></trkpt><trkpt lat="35.795965" lon="-93.828098"></trkpt><trkpt lat="35.796049" lon="-93.828312"></trkpt><trkpt lat="35.796326" lon="-93.828713"></trkpt><trkpt lat="35.796620" lon="-93.829586"></trkpt><trkpt lat="35.796903" lon="-93.830019"></trkpt><trkpt lat="35.796962" lon="-93.830146"></trkpt><trkpt lat="35.796944" lon="-93.830206"></trkpt><trkpt lat="35.796900" lon="-93.830301"></trkpt><trkpt lat="35.796597" lon="-93.830567"></trkpt><trkpt lat="35.796082" lon="-93.830639"></trkpt><trkpt lat="35.795871" lon="-93.830765"></trkpt><trkpt lat="35.795196" lon="-93.831474"></trkpt><trkpt lat="35.794872" lon="-93.832084"></trkpt><trkpt lat="35.793564" lon="-93.832714"></trkpt><trkpt lat="35.793220" lon="-93.833050"></trkpt><trkpt lat="35.792816" lon="-93.833318"></trkpt><trkpt lat="35.792640" lon="-93.833634"></trkpt><trkpt lat="35.792530" lon="-93.833748"></trkpt><trkpt lat="35.792404" lon="-93.833830"></trkpt><trkpt lat="35.792256" lon="-93.833866"></trkpt><trkpt lat="35.792167" lon="-93.833738"></trkpt><trkpt lat="35.792484" lon="-93.833142"></trkpt><trkpt lat="35.792716" lon="-93.832813"></trkpt><trkpt lat="35.792826" lon="-93.832574"></trkpt><trkpt lat="35.792920" lon="-93.832317"></trkpt><trkpt lat="35.792940" lon="-93.832021"></trkpt><trkpt lat="35.792926" lon="-93.831928"></trkpt><trkpt lat="35.792732" lon="-93.831775"></trkpt><trkpt lat="35.792372" lon="-93.831563"></trkpt><trkpt lat="35.792106" lon="-93.831167"></trkpt><trkpt lat="35.792063" lon="-93.831055"></trkpt><trkpt lat="35.791869" lon="-93.830902"></trkpt><trkpt lat="35.791703" lon="-93.830861"></trkpt><trkpt lat="35.791169" lon="-93.831183"></trkpt><trkpt lat="35.790987" lon="-93.831253"></trkpt><trkpt lat="35.790657" lon="-93.831078"></trkpt><trkpt lat="35.790537" lon="-93.830983"></trkpt><trkpt lat="35.790282" lon="-93.830884"></trkpt><trkpt lat="35.790145" lon="-93.830938"></trkpt><trkpt lat="35.789585" lon="-93.831000"></trkpt><trkpt lat="35.789402" lon="-93.831088"></trkpt><trkpt lat="35.789024" lon="-93.831061"></trkpt><trkpt lat="35.788294" lon="-93.831415"></trkpt><trkpt lat="35.788053" lon="-93.831373"></trkpt><trkpt lat="35.787724" lon="-93.831124"></trkpt><trkpt lat="35.786689" lon="-93.830618"></trkpt><trkpt lat="35.786480" lon="-93.830409"></trkpt><trkpt lat="35.786180" lon="-93.830273"></trkpt><trkpt lat="35.785924" lon="-93.830230"></trkpt><trkpt lat="35.785772" lon="-93.830263"></trkpt><trkpt lat="35.785634" lon="-93.830409"></trkpt><trkpt lat="35.785616" lon="-93.830575"></trkpt><trkpt lat="35.785658" lon="-93.830817"></trkpt><trkpt lat="35.785731" lon="-93.831004"></trkpt><trkpt lat="35.785893" lon="-93.831268"></trkpt><trkpt lat="35.785966" lon="-93.831455"></trkpt><trkpt lat="35.785977" lon="-93.831715"></trkpt><trkpt lat="35.785899" lon="-93.831861"></trkpt><trkpt lat="35.785792" lon="-93.831952"></trkpt><trkpt lat="35.785640" lon="-93.831985"></trkpt><trkpt lat="35.785311" lon="-93.831792"></trkpt><trkpt lat="35.785012" lon="-93.831544"></trkpt><trkpt lat="35.784922" lon="-93.831542"></trkpt><trkpt lat="35.784804" lon="-93.831607"></trkpt><trkpt lat="35.784662" lon="-93.831499"></trkpt><trkpt lat="35.784447" lon="-93.831520"></trkpt><trkpt lat="35.784282" lon="-93.831493"></trkpt><trkpt lat="35.783995" lon="-93.831361"></trkpt><trkpt lat="35.783904" lon="-93.831268"></trkpt><trkpt lat="35.783597" lon="-93.830605"></trkpt><trkpt lat="35.783462" lon="-93.830405"></trkpt><trkpt lat="35.782991" lon="-93.830041"></trkpt><trkpt lat="35.782888" lon="-93.829830"></trkpt><trkpt lat="35.782630" lon="-93.829562"></trkpt><trkpt lat="35.782341" lon="-93.829357"></trkpt><trkpt lat="35.782059" lon="-93.829280"></trkpt><trkpt lat="35.782077" lon="-93.829424"></trkpt><trkpt lat="35.782500" lon="-93.829913"></trkpt><trkpt lat="35.782559" lon="-93.830318"></trkpt><trkpt lat="35.782650" lon="-93.830525"></trkpt><trkpt lat="35.782738" lon="-93.830642"></trkpt><trkpt lat="35.782833" lon="-93.830917"></trkpt><trkpt lat="35.782863" lon="-93.831371"></trkpt><trkpt lat="35.782753" lon="-93.831599"></trkpt><trkpt lat="35.782721" lon="-93.831757"></trkpt><trkpt lat="35.782969" lon="-93.832430"></trkpt><trkpt lat="35.783038" lon="-93.832723"></trkpt><trkpt lat="35.783627" lon="-93.833386"></trkpt><trkpt lat="35.783916" lon="-93.833869"></trkpt><trkpt lat="35.784288" lon="-93.834343"></trkpt><trkpt lat="35.784493" lon="-93.834774"></trkpt><trkpt lat="35.784626" lon="-93.835211"></trkpt><trkpt lat="35.784849" lon="-93.835761"></trkpt><trkpt lat="35.785061" lon="-93.836157"></trkpt><trkpt lat="35.785184" lon="-93.836533"></trkpt><trkpt lat="35.785443" lon="-93.837138"></trkpt><trkpt lat="35.785469" lon="-93.837505"></trkpt><trkpt lat="35.785357" lon="-93.837577"></trkpt><trkpt lat="35.785262" lon="-93.837566"></trkpt><trkpt lat="35.784835" lon="-93.837250"></trkpt><trkpt lat="35.784694" lon="-93.837038"></trkpt><trkpt lat="35.784648" lon="-93.836791"></trkpt><trkpt lat="35.784334" lon="-93.836181"></trkpt><trkpt lat="35.784123" lon="-93.835514"></trkpt><trkpt lat="35.783931" lon="-93.835136"></trkpt><trkpt lat="35.783674" lon="-93.834680"></trkpt><trkpt lat="35.783513" lon="-93.834489"></trkpt><trkpt lat="35.783248" lon="-93.834309"></trkpt><trkpt lat="35.783184" lon="-93.834176"></trkpt><trkpt lat="35.783050" lon="-93.834045"></trkpt><trkpt lat="35.782890" lon="-93.833804"></trkpt><trkpt lat="35.782694" lon="-93.833411"></trkpt><trkpt lat="35.782544" lon="-93.833247"></trkpt><trkpt lat="35.782421" lon="-93.832938"></trkpt><trkpt lat="35.782274" lon="-93.832364"></trkpt><trkpt lat="35.782184" lon="-93.832227"></trkpt><trkpt lat="35.781856" lon="-93.831973"></trkpt><trkpt lat="35.781457" lon="-93.831594"></trkpt><trkpt lat="35.781198" lon="-93.831464"></trkpt><trkpt lat="35.781083" lon="-93.831454"></trkpt><trkpt lat="35.780959" lon="-93.831653"></trkpt><trkpt lat="35.781051" lon="-93.831870"></trkpt><trkpt lat="35.781368" lon="-93.832307"></trkpt><trkpt lat="35.781341" lon="-93.832423"></trkpt><trkpt lat="35.781383" lon="-93.832558"></trkpt><trkpt lat="35.781649" lon="-93.832930"></trkpt><trkpt lat="35.781931" lon="-93.833415"></trkpt><trkpt lat="35.782252" lon="-93.834269"></trkpt><trkpt lat="35.782399" lon="-93.834549"></trkpt><trkpt lat="35.782795" lon="-93.834996"></trkpt><trkpt lat="35.783365" lon="-93.835958"></trkpt><trkpt lat="35.783504" lon="-93.836393"></trkpt><trkpt lat="35.783698" lon="-93.837368"></trkpt><trkpt lat="35.783665" lon="-93.837712"></trkpt><trkpt lat="35.783598" lon="-93.837846"></trkpt><trkpt lat="35.783509" lon="-93.837938"></trkpt><trkpt lat="35.783291" lon="-93.838046"></trkpt><trkpt lat="35.783186" lon="-93.837497"></trkpt><trkpt lat="35.782928" lon="-93.836742"></trkpt><trkpt lat="35.782060" lon="-93.835616"></trkpt><trkpt lat="35.781627" lon="-93.834848"></trkpt><trkpt lat="35.781486" lon="-93.834524"></trkpt><trkpt lat="35.781096" lon="-93.834584"></trkpt><trkpt lat="35.780422" lon="-93.834933"></trkpt><trkpt lat="35.779792" lon="-93.835362"></trkpt><trkpt lat="35.779345" lon="-93.835404"></trkpt><trkpt lat="35.778898" lon="-93.835327"></trkpt><trkpt lat="35.778870" lon="-93.835367"></trkpt><trkpt lat="35.778892" lon="-93.835497"></trkpt><trkpt lat="35.779020" lon="-93.835719"></trkpt><trkpt lat="35.779084" lon="-93.835951"></trkpt><trkpt lat="35.779387" lon="-93.836453"></trkpt><trkpt lat="35.779570" lon="-93.836928"></trkpt><trkpt lat="35.779575" lon="-93.837310"></trkpt><trkpt lat="35.779512" lon="-93.837680"></trkpt><trkpt lat="35.779584" lon="-93.838499"></trkpt><trkpt lat="35.779385" lon="-93.839463"></trkpt><trkpt lat="35.779442" lon="-93.840022"></trkpt><trkpt lat="35.779598" lon="-93.840469"></trkpt><trkpt lat="35.779760" lon="-93.840698"></trkpt><trkpt lat="35.779912" lon="-93.840763"></trkpt><trkpt lat="35.780018" lon="-93.840906"></trkpt><trkpt lat="35.780193" lon="-93.841018"></trkpt><trkpt lat="35.780230" lon="-93.841118"></trkpt><trkpt lat="35.780243" lon="-93.841178"></trkpt><trkpt lat="35.779958" lon="-93.841787"></trkpt><trkpt lat="35.779687" lon="-93.841376"></trkpt><trkpt lat="35.779644" lon="-93.841388"></trkpt><trkpt lat="35.779858" lon="-93.842145"></trkpt><trkpt lat="35.780043" lon="-93.842526"></trkpt><trkpt lat="35.779975" lon="-93.842586"></trkpt><trkpt lat="35.779903" lon="-93.842582"></trkpt><trkpt lat="35.779293" lon="-93.842376"></trkpt><trkpt lat="35.779224" lon="-93.842412"></trkpt><trkpt lat="35.779187" lon="-93.842482"></trkpt><trkpt lat="35.779205" lon="-93.842657"></trkpt><trkpt lat="35.779022" lon="-93.842809"></trkpt><trkpt lat="35.778934" lon="-93.842741"></trkpt><trkpt lat="35.778750" lon="-93.842496"></trkpt><trkpt lat="35.778331" lon="-93.842352"></trkpt><trkpt lat="35.778238" lon="-93.842268"></trkpt><trkpt lat="35.777967" lon="-93.842150"></trkpt><trkpt lat="35.777715" lon="-93.841983"></trkpt><trkpt lat="35.777464" lon="-93.841941"></trkpt><trkpt lat="35.777207" lon="-93.841955"></trkpt><trkpt lat="35.776608" lon="-93.841631"></trkpt><trkpt lat="35.776807" lon="-93.841908"></trkpt><trkpt lat="35.777420" lon="-93.842356"></trkpt><trkpt lat="35.777480" lon="-93.842587"></trkpt><trkpt lat="35.777632" lon="-93.842810"></trkpt><trkpt lat="35.777783" lon="-93.843213"></trkpt><trkpt lat="35.778119" lon="-93.843532"></trkpt><trkpt lat="35.778187" lon="-93.843662"></trkpt><trkpt lat="35.778435" lon="-93.843854"></trkpt><trkpt lat="35.778797" lon="-93.843988"></trkpt><trkpt lat="35.778928" lon="-93.844072"></trkpt><trkpt lat="35.779004" lon="-93.844315"></trkpt><trkpt lat="35.778990" lon="-93.844470"></trkpt><trkpt lat="35.779095" lon="-93.844707"></trkpt><trkpt lat="35.779228" lon="-93.844841"></trkpt><trkpt lat="35.779774" lon="-93.845234"></trkpt><trkpt lat="35.779862" lon="-93.845416"></trkpt><trkpt lat="35.780054" lon="-93.845608"></trkpt><trkpt lat="35.780060" lon="-93.845849"></trkpt><trkpt lat="35.779997" lon="-93.846290"></trkpt><trkpt lat="35.780008" lon="-93.846389"></trkpt><trkpt lat="35.780061" lon="-93.846460"></trkpt><trkpt lat="35.780222" lon="-93.846590"></trkpt><trkpt lat="35.780352" lon="-93.846614"></trkpt><trkpt lat="35.780662" lon="-93.846570"></trkpt><trkpt lat="35.780719" lon="-93.846618"></trkpt><trkpt lat="35.780951" lon="-93.846690"></trkpt><trkpt lat="35.781752" lon="-93.846881"></trkpt><trkpt lat="35.782102" lon="-93.847095"></trkpt><trkpt lat="35.782180" lon="-93.847347"></trkpt><trkpt lat="35.782153" lon="-93.847482"></trkpt><trkpt lat="35.782035" lon="-93.847752"></trkpt><trkpt lat="35.781896" lon="-93.847977"></trkpt><trkpt lat="35.781827" lon="-93.848756"></trkpt><trkpt lat="35.781682" lon="-93.849073"></trkpt><trkpt lat="35.781485" lon="-93.849245"></trkpt><trkpt lat="35.781408" lon="-93.849450"></trkpt><trkpt lat="35.781450" lon="-93.849760"></trkpt><trkpt lat="35.781445" lon="-93.849998"></trkpt><trkpt lat="35.781623" lon="-93.850306"></trkpt><trkpt lat="35.781691" lon="-93.850501"></trkpt><trkpt lat="35.781683" lon="-93.850627"></trkpt><trkpt lat="35.781578" lon="-93.850843"></trkpt><trkpt lat="35.781492" lon="-93.850943"></trkpt><trkpt lat="35.780690" lon="-93.851473"></trkpt><trkpt lat="35.780458" lon="-93.851862"></trkpt><trkpt lat="35.780279" lon="-93.851906"></trkpt><trkpt lat="35.780162" lon="-93.851897"></trkpt><trkpt lat="35.780032" lon="-93.851722"></trkpt><trkpt lat="35.779923" lon="-93.851643"></trkpt><trkpt lat="35.779674" lon="-93.851567"></trkpt><trkpt lat="35.779566" lon="-93.851568"></trkpt><trkpt lat="35.779399" lon="-93.851624"></trkpt><trkpt lat="35.779250" lon="-93.851810"></trkpt><trkpt lat="35.779110" lon="-93.851855"></trkpt><trkpt lat="35.779033" lon="-93.851934"></trkpt><trkpt lat="35.778933" lon="-93.851946"></trkpt><trkpt lat="35.778681" lon="-93.851804"></trkpt><trkpt lat="35.778560" lon="-93.851769"></trkpt><trkpt lat="35.778230" lon="-93.851529"></trkpt><trkpt lat="35.778021" lon="-93.851440"></trkpt><trkpt lat="35.777935" lon="-93.851554"></trkpt><trkpt lat="35.777885" lon="-93.851808"></trkpt><trkpt lat="35.777805" lon="-93.851995"></trkpt><trkpt lat="35.777581" lon="-93.852931"></trkpt><trkpt lat="35.777469" lon="-93.853260"></trkpt><trkpt lat="35.777456" lon="-93.853428"></trkpt><trkpt lat="35.777481" lon="-93.853461"></trkpt><trkpt lat="35.777390" lon="-93.853702"></trkpt><trkpt lat="35.777320" lon="-93.853794"></trkpt><trkpt lat="35.777242" lon="-93.853823"></trkpt><trkpt lat="35.777247" lon="-93.853869"></trkpt><trkpt lat="35.777140" lon="-93.854055"></trkpt><trkpt lat="35.776741" lon="-93.854291"></trkpt><trkpt lat="35.776550" lon="-93.854463"></trkpt><trkpt lat="35.776345" lon="-93.854856"></trkpt><trkpt lat="35.776066" lon="-93.855093"></trkpt><trkpt lat="35.775412" lon="-93.855284"></trkpt><trkpt lat="35.775313" lon="-93.855349"></trkpt><trkpt lat="35.774641" lon="-93.855414"></trkpt><trkpt lat="35.774514" lon="-93.855520"></trkpt><trkpt lat="35.773965" lon="-93.855698"></trkpt><trkpt lat="35.773573" lon="-93.855944"></trkpt><trkpt lat="35.773340" lon="-93.855960"></trkpt><trkpt lat="35.773239" lon="-93.856008"></trkpt><trkpt lat="35.773137" lon="-93.856116"></trkpt><trkpt lat="35.772869" lon="-93.856120"></trkpt><trkpt lat="35.772502" lon="-93.856208"></trkpt><trkpt lat="35.772117" lon="-93.856163"></trkpt><trkpt lat="35.771896" lon="-93.856208"></trkpt><trkpt lat="35.771786" lon="-93.856126"></trkpt><trkpt lat="35.771641" lon="-93.856121"></trkpt><trkpt lat="35.771123" lon="-93.856406"></trkpt><trkpt lat="35.771055" lon="-93.856419"></trkpt><trkpt lat="35.770929" lon="-93.856375"></trkpt><trkpt lat="35.770654" lon="-93.856429"></trkpt><trkpt lat="35.770410" lon="-93.856573"></trkpt><trkpt lat="35.769981" lon="-93.856617"></trkpt><trkpt lat="35.769790" lon="-93.856763"></trkpt><trkpt lat="35.769709" lon="-93.856882"></trkpt><trkpt lat="35.769383" lon="-93.857103"></trkpt><trkpt lat="35.769370" lon="-93.857194"></trkpt><trkpt lat="35.769288" lon="-93.857338"></trkpt><trkpt lat="35.769109" lon="-93.857471"></trkpt><trkpt lat="35.768954" lon="-93.857725"></trkpt><trkpt lat="35.768363" lon="-93.857664"></trkpt><trkpt lat="35.768268" lon="-93.857722"></trkpt><trkpt lat="35.768279" lon="-93.857758"></trkpt><trkpt lat="35.768182" lon="-93.858052"></trkpt><trkpt lat="35.768057" lon="-93.858289"></trkpt><trkpt lat="35.767893" lon="-93.858255"></trkpt><trkpt lat="35.767177" lon="-93.858339"></trkpt><trkpt lat="35.767080" lon="-93.858279"></trkpt><trkpt lat="35.767029" lon="-93.858187"></trkpt><trkpt lat="35.765324" lon="-93.858513"></trkpt><trkpt lat="35.764957" lon="-93.858611"></trkpt><trkpt lat="35.764477" lon="-93.858493"></trkpt><trkpt lat="35.764314" lon="-93.858610"></trkpt><trkpt lat="35.764069" lon="-93.858637"></trkpt><trkpt lat="35.763570" lon="-93.858516"></trkpt><trkpt lat="35.763493" lon="-93.858724"></trkpt><trkpt lat="35.763438" lon="-93.858733"></trkpt><trkpt lat="35.763110" lon="-93.858972"></trkpt><trkpt lat="35.763257" lon="-93.858581"></trkpt><trkpt lat="35.763242" lon="-93.858469"></trkpt><trkpt lat="35.763077" lon="-93.858231"></trkpt><trkpt lat="35.763075" lon="-93.858177"></trkpt><trkpt lat="35.762865" lon="-93.857776"></trkpt><trkpt lat="35.762535" lon="-93.857740"></trkpt><trkpt lat="35.762031" lon="-93.857606"></trkpt><trkpt lat="35.761769" lon="-93.857477"></trkpt><trkpt lat="35.761700" lon="-93.857409"></trkpt><trkpt lat="35.761670" lon="-93.857292"></trkpt><trkpt lat="35.761722" lon="-93.857018"></trkpt><trkpt lat="35.761831" lon="-93.856798"></trkpt><trkpt lat="35.761900" lon="-93.856516"></trkpt><trkpt lat="35.762025" lon="-93.856282"></trkpt><trkpt lat="35.762371" lon="-93.855886"></trkpt><trkpt lat="35.762531" lon="-93.855791"></trkpt><trkpt lat="35.762722" lon="-93.855598"></trkpt><trkpt lat="35.763063" lon="-93.855129"></trkpt><trkpt lat="35.763304" lon="-93.854923"></trkpt><trkpt lat="35.763271" lon="-93.854782"></trkpt><trkpt lat="35.762828" lon="-93.854594"></trkpt><trkpt lat="35.762516" lon="-93.854385"></trkpt><trkpt lat="35.762488" lon="-93.854233"></trkpt><trkpt lat="35.762535" lon="-93.854125"></trkpt><trkpt lat="35.762783" lon="-93.853942"></trkpt><trkpt lat="35.763200" lon="-93.853938"></trkpt><trkpt lat="35.763456" lon="-93.853859"></trkpt><trkpt lat="35.763983" lon="-93.853815"></trkpt><trkpt lat="35.764148" lon="-93.853854"></trkpt><trkpt lat="35.764329" lon="-93.853981"></trkpt><trkpt lat="35.764465" lon="-93.854128"></trkpt><trkpt lat="35.764591" lon="-93.854318"></trkpt><trkpt lat="35.764606" lon="-93.854399"></trkpt><trkpt lat="35.764920" lon="-93.854611"></trkpt><trkpt lat="35.765387" lon="-93.854689"></trkpt><trkpt lat="35.765640" lon="-93.854693"></trkpt><trkpt lat="35.765877" lon="-93.854770"></trkpt><trkpt lat="35.766235" lon="-93.854769"></trkpt><trkpt lat="35.766434" lon="-93.854688"></trkpt><trkpt lat="35.766717" lon="-93.854667"></trkpt><trkpt lat="35.767320" lon="-93.854388"></trkpt><trkpt lat="35.767434" lon="-93.854449"></trkpt><trkpt lat="35.767603" lon="-93.854321"></trkpt><trkpt lat="35.768344" lon="-93.854405"></trkpt><trkpt lat="35.768365" lon="-93.854385"></trkpt><trkpt lat="35.768571" lon="-93.854437"></trkpt><trkpt lat="35.768893" lon="-93.854397"></trkpt><trkpt lat="35.769361" lon="-93.854258"></trkpt><trkpt lat="35.769532" lon="-93.854125"></trkpt><trkpt lat="35.769617" lon="-93.854125"></trkpt><trkpt lat="35.769788" lon="-93.854208"></trkpt><trkpt lat="35.769914" lon="-93.854206"></trkpt><trkpt lat="35.769988" lon="-93.854113"></trkpt><trkpt lat="35.770013" lon="-93.853807"></trkpt><trkpt lat="35.770266" lon="-93.853682"></trkpt><trkpt lat="35.770678" lon="-93.853603"></trkpt><trkpt lat="35.771141" lon="-93.853367"></trkpt><trkpt lat="35.771188" lon="-93.853298"></trkpt><trkpt lat="35.771137" lon="-93.852894"></trkpt><trkpt lat="35.771262" lon="-93.852594"></trkpt><trkpt lat="35.771283" lon="-93.852381"></trkpt><trkpt lat="35.771505" lon="-93.851970"></trkpt><trkpt lat="35.771618" lon="-93.851894"></trkpt><trkpt lat="35.771877" lon="-93.851806"></trkpt><trkpt lat="35.772414" lon="-93.851714"></trkpt><trkpt lat="35.772593" lon="-93.851617"></trkpt><trkpt lat="35.772792" lon="-93.851229"></trkpt><trkpt lat="35.773042" lon="-93.851050"></trkpt><trkpt lat="35.773150" lon="-93.851019"></trkpt><trkpt lat="35.773317" lon="-93.851035"></trkpt><trkpt lat="35.773889" lon="-93.850848"></trkpt><trkpt lat="35.774056" lon="-93.850826"></trkpt><trkpt lat="35.774240" lon="-93.850855"></trkpt><trkpt lat="35.774830" lon="-93.850832"></trkpt><trkpt lat="35.775079" lon="-93.850899"></trkpt><trkpt lat="35.775200" lon="-93.850871"></trkpt><trkpt lat="35.775481" lon="-93.850921"></trkpt><trkpt lat="35.775904" lon="-93.850940"></trkpt><trkpt lat="35.776021" lon="-93.851006"></trkpt><trkpt lat="35.776105" lon="-93.850834"></trkpt><trkpt lat="35.776205" lon="-93.850793"></trkpt><trkpt lat="35.776393" lon="-93.850888"></trkpt><trkpt lat="35.776711" lon="-93.851193"></trkpt><trkpt lat="35.776918" lon="-93.851294"></trkpt><trkpt lat="35.777262" lon="-93.851320"></trkpt><trkpt lat="35.777520" lon="-93.851377"></trkpt><trkpt lat="35.777906" lon="-93.851364"></trkpt><trkpt lat="35.778021" lon="-93.851440"></trkpt></trkseg></trk><trk><name>T091 BR5F828</name><trkseg><trkpt lat="35.781486" lon="-93.834524"></trkpt><trkpt lat="35.781166" lon="-93.834051"></trkpt><trkpt lat="35.780984" lon="-93.833929"></trkpt><trkpt lat="35.780765" lon="-93.833897"></trkpt><trkpt lat="35.780533" lon="-93.833942"></trkpt><trkpt lat="35.780265" lon="-93.834064"></trkpt><trkpt lat="35.779560" lon="-93.834524"></trkpt><trkpt lat="35.779320" lon="-93.834592"></trkpt><trkpt lat="35.779238" lon="-93.834543"></trkpt><trkpt lat="35.779019" lon="-93.834178"></trkpt><trkpt lat="35.778937" lon="-93.833806"></trkpt><trkpt lat="35.778999" lon="-93.833711"></trkpt><trkpt lat="35.778997" lon="-93.833558"></trkpt><trkpt lat="35.778956" lon="-93.833380"></trkpt><trkpt lat="35.778864" lon="-93.833312"></trkpt><trkpt lat="35.778765" lon="-93.833352"></trkpt><trkpt lat="35.778342" lon="-93.833792"></trkpt><trkpt lat="35.778187" lon="-93.833874"></trkpt><trkpt lat="35.777929" lon="-93.833918"></trkpt><trkpt lat="35.777748" lon="-93.833874"></trkpt><trkpt lat="35.777456" lon="-93.833934"></trkpt><trkpt lat="35.777004" lon="-93.834700"></trkpt><trkpt lat="35.776864" lon="-93.834800"></trkpt><trkpt lat="35.776768" lon="-93.834806"></trkpt><trkpt lat="35.776602" lon="-93.834737"></trkpt><trkpt lat="35.776305" lon="-93.834467"></trkpt><trkpt lat="35.776040" lon="-93.834321"></trkpt></trkseg></trk><trk><name>T092 BR5F828</name><trkseg><trkpt lat="35.763110" lon="-93.858972"></trkpt><trkpt lat="35.762940" lon="-93.859230"></trkpt><trkpt lat="35.762818" lon="-93.859351"></trkpt><trkpt lat="35.762959" lon="-93.859648"></trkpt><trkpt lat="35.762944" lon="-93.859770"></trkpt><trkpt lat="35.762880" lon="-93.859813"></trkpt><trkpt lat="35.762807" lon="-93.859792"></trkpt><trkpt lat="35.762625" lon="-93.859838"></trkpt><trkpt lat="35.762310" lon="-93.859973"></trkpt></trkseg></trk><trk><name>T093 BR5F828</name><trkseg><trkpt lat="35.499066" lon="-92.812877"></trkpt><trkpt lat="35.498798" lon="-92.812925"></trkpt><trkpt lat="35.498440" lon="-92.812933"></trkpt><trkpt lat="35.497995" lon="-92.812869"></trkpt><trkpt lat="35.497612" lon="-92.813009"></trkpt><trkpt lat="35.497132" lon="-92.813106"></trkpt><trkpt lat="35.497054" lon="-92.813165"></trkpt><trkpt lat="35.496941" lon="-92.813182"></trkpt><trkpt lat="35.496832" lon="-92.813282"></trkpt><trkpt lat="35.496703" lon="-92.813327"></trkpt><trkpt lat="35.496589" lon="-92.812769"></trkpt><trkpt lat="35.496044" lon="-92.811798"></trkpt><trkpt lat="35.496045" lon="-92.811485"></trkpt><trkpt lat="35.496006" lon="-92.811427"></trkpt><trkpt lat="35.495736" lon="-92.811286"></trkpt><trkpt lat="35.495374" lon="-92.810778"></trkpt><trkpt lat="35.494915" lon="-92.810038"></trkpt><trkpt lat="35.494753" lon="-92.809707"></trkpt><trkpt lat="35.494562" lon="-92.809407"></trkpt><trkpt lat="35.494362" lon="-92.809173"></trkpt><trkpt lat="35.494205" lon="-92.808753"></trkpt><trkpt lat="35.493163" lon="-92.808311"></trkpt><trkpt lat="35.492755" lon="-92.808224"></trkpt><trkpt lat="35.492562" lon="-92.807803"></trkpt><trkpt lat="35.492615" lon="-92.807675"></trkpt><trkpt lat="35.492699" lon="-92.807598"></trkpt><trkpt lat="35.492646" lon="-92.807412"></trkpt><trkpt lat="35.492533" lon="-92.807231"></trkpt><trkpt lat="35.492417" lon="-92.807139"></trkpt><trkpt lat="35.492336" lon="-92.807125"></trkpt><trkpt lat="35.492239" lon="-92.807161"></trkpt><trkpt lat="35.492190" lon="-92.807279"></trkpt><trkpt lat="35.492217" lon="-92.807445"></trkpt><trkpt lat="35.492016" lon="-92.807774"></trkpt><trkpt lat="35.491997" lon="-92.807985"></trkpt><trkpt lat="35.492010" lon="-92.808278"></trkpt><trkpt lat="35.492044" lon="-92.808378"></trkpt><trkpt lat="35.492036" lon="-92.808657"></trkpt><trkpt lat="35.492110" lon="-92.808753"></trkpt><trkpt lat="35.492052" lon="-92.809198"></trkpt><trkpt lat="35.492180" lon="-92.809373"></trkpt><trkpt lat="35.492227" lon="-92.809567"></trkpt><trkpt lat="35.492228" lon="-92.809857"></trkpt><trkpt lat="35.492278" lon="-92.809903"></trkpt><trkpt lat="35.492325" lon="-92.810130"></trkpt><trkpt lat="35.492302" lon="-92.810235"></trkpt><trkpt lat="35.492345" lon="-92.810372"></trkpt><trkpt lat="35.492252" lon="-92.810494"></trkpt><trkpt lat="35.492242" lon="-92.810642"></trkpt><trkpt lat="35.492272" lon="-92.810749"></trkpt><trkpt lat="35.492113" lon="-92.810861"></trkpt><trkpt lat="35.492133" lon="-92.811213"></trkpt><trkpt lat="35.492056" lon="-92.811534"></trkpt><trkpt lat="35.492215" lon="-92.812373"></trkpt><trkpt lat="35.492166" lon="-92.812425"></trkpt><trkpt lat="35.492087" lon="-92.812797"></trkpt><trkpt lat="35.492069" lon="-92.812923"></trkpt><trkpt lat="35.492112" lon="-92.812991"></trkpt><trkpt lat="35.492101" lon="-92.813060"></trkpt><trkpt lat="35.492025" lon="-92.813194"></trkpt><trkpt lat="35.491864" lon="-92.813347"></trkpt><trkpt lat="35.491605" lon="-92.813873"></trkpt><trkpt lat="35.491611" lon="-92.813989"></trkpt><trkpt lat="35.491428" lon="-92.814473"></trkpt><trkpt lat="35.491403" lon="-92.815569"></trkpt><trkpt lat="35.491267" lon="-92.816056"></trkpt><trkpt lat="35.491191" lon="-92.816197"></trkpt><trkpt lat="35.491068" lon="-92.816228"></trkpt><trkpt lat="35.490844" lon="-92.816577"></trkpt><trkpt lat="35.490724" lon="-92.816597"></trkpt><trkpt lat="35.490362" lon="-92.816510"></trkpt><trkpt lat="35.490304" lon="-92.816432"></trkpt><trkpt lat="35.490190" lon="-92.816391"></trkpt><trkpt lat="35.489903" lon="-92.816366"></trkpt></trkseg></trk><trk><name>T094 BR5F828</name><trkseg><trkpt lat="34.721415" lon="-94.694652"></trkpt><trkpt lat="34.720313" lon="-94.695109"></trkpt><trkpt lat="34.720677" lon="-94.695821"></trkpt><trkpt lat="34.720672" lon="-94.696188"></trkpt><trkpt lat="34.720392" lon="-94.696211"></trkpt><trkpt lat="34.719704" lon="-94.695463"></trkpt><trkpt lat="34.719331" lon="-94.695343"></trkpt><trkpt lat="34.719279" lon="-94.695878"></trkpt><trkpt lat="34.719484" lon="-94.696164"></trkpt><trkpt lat="34.719642" lon="-94.696477"></trkpt><trkpt lat="34.719398" lon="-94.697347"></trkpt><trkpt lat="34.719904" lon="-94.697780"></trkpt><trkpt lat="34.720154" lon="-94.698265"></trkpt><trkpt lat="34.720182" lon="-94.699451"></trkpt><trkpt lat="34.720085" lon="-94.699787"></trkpt><trkpt lat="34.719783" lon="-94.699781"></trkpt><trkpt lat="34.719507" lon="-94.699522"></trkpt><trkpt lat="34.719209" lon="-94.699092"></trkpt><trkpt lat="34.719031" lon="-94.698609"></trkpt><trkpt lat="34.718750" lon="-94.698688"></trkpt><trkpt lat="34.718538" lon="-94.698909"></trkpt><trkpt lat="34.718280" lon="-94.698960"></trkpt><trkpt lat="34.718148" lon="-94.698394"></trkpt><trkpt lat="34.718107" lon="-94.697970"></trkpt><trkpt lat="34.717717" lon="-94.697651"></trkpt><trkpt lat="34.717505" lon="-94.697816"></trkpt><trkpt lat="34.717380" lon="-94.698321"></trkpt><trkpt lat="34.717106" lon="-94.697977"></trkpt><trkpt lat="34.716833" lon="-94.697520"></trkpt><trkpt lat="34.716603" lon="-94.697318"></trkpt><trkpt lat="34.716369" lon="-94.697285"></trkpt><trkpt lat="34.716276" lon="-94.697368"></trkpt><trkpt lat="34.716179" lon="-94.697676"></trkpt><trkpt lat="34.716336" lon="-94.698074"></trkpt><trkpt lat="34.717159" lon="-94.699163"></trkpt><trkpt lat="34.717385" lon="-94.699591"></trkpt><trkpt lat="34.717239" lon="-94.700068"></trkpt><trkpt lat="34.716956" lon="-94.700316"></trkpt><trkpt lat="34.716300" lon="-94.700613"></trkpt><trkpt lat="34.716315" lon="-94.701177"></trkpt><trkpt lat="34.716148" lon="-94.701484"></trkpt><trkpt lat="34.716394" lon="-94.702279"></trkpt><trkpt lat="34.716296" lon="-94.702559"></trkpt><trkpt lat="34.716085" lon="-94.702668"></trkpt><trkpt lat="34.715900" lon="-94.702636"></trkpt><trkpt lat="34.715715" lon="-94.702491"></trkpt><trkpt lat="34.714866" lon="-94.701655"></trkpt><trkpt lat="34.714606" lon="-94.701819"></trkpt><trkpt lat="34.714390" lon="-94.702322"></trkpt><trkpt lat="34.714292" lon="-94.702716"></trkpt><trkpt lat="34.714008" lon="-94.703020"></trkpt><trkpt lat="34.713184" lon="-94.703595"></trkpt><trkpt lat="34.712923" lon="-94.703872"></trkpt><trkpt lat="34.712553" lon="-94.703752"></trkpt><trkpt lat="34.711897" lon="-94.703879"></trkpt><trkpt lat="34.711740" lon="-94.703566"></trkpt><trkpt lat="34.710952" lon="-94.703324"></trkpt><trkpt lat="34.710783" lon="-94.703631"></trkpt><trkpt lat="34.710548" lon="-94.703852"></trkpt><trkpt lat="34.710177" lon="-94.703788"></trkpt><trkpt lat="34.709968" lon="-94.703699"></trkpt><trkpt lat="34.709480" lon="-94.703604"></trkpt><trkpt lat="34.709341" lon="-94.703545"></trkpt><trkpt lat="34.709027" lon="-94.704244"></trkpt><trkpt lat="34.708651" lon="-94.704546"></trkpt><trkpt lat="34.708324" lon="-94.704596"></trkpt><trkpt lat="34.708159" lon="-94.704762"></trkpt><trkpt lat="34.707948" lon="-94.704898"></trkpt><trkpt lat="34.707316" lon="-94.705055"></trkpt><trkpt lat="34.706690" lon="-94.704901"></trkpt><trkpt lat="34.706318" lon="-94.704865"></trkpt><trkpt lat="34.706037" lon="-94.705000"></trkpt><trkpt lat="34.705799" lon="-94.705221"></trkpt><trkpt lat="34.705540" lon="-94.705582"></trkpt><trkpt lat="34.705414" lon="-94.706172"></trkpt><trkpt lat="34.705424" lon="-94.707075"></trkpt><trkpt lat="34.705280" lon="-94.707382"></trkpt><trkpt lat="34.705025" lon="-94.707434"></trkpt><trkpt lat="34.704768" lon="-94.707400"></trkpt><trkpt lat="34.704245" lon="-94.708235"></trkpt><trkpt lat="34.704146" lon="-94.708543"></trkpt><trkpt lat="34.703299" lon="-94.709147"></trkpt><trkpt lat="34.703089" lon="-94.709171"></trkpt><trkpt lat="34.702877" lon="-94.709335"></trkpt><trkpt lat="34.702988" lon="-94.709789"></trkpt><trkpt lat="34.703016" lon="-94.711144"></trkpt><trkpt lat="34.703214" lon="-94.711937"></trkpt><trkpt lat="34.703487" lon="-94.712422"></trkpt><trkpt lat="34.703597" lon="-94.712791"></trkpt><trkpt lat="34.703743" lon="-94.714120"></trkpt><trkpt lat="34.703830" lon="-94.714489"></trkpt><trkpt lat="34.703861" lon="-94.715646"></trkpt><trkpt lat="34.703945" lon="-94.716240"></trkpt><trkpt lat="34.704127" lon="-94.716582"></trkpt><trkpt lat="34.703891" lon="-94.716746"></trkpt><trkpt lat="34.703470" lon="-94.716851"></trkpt><trkpt lat="34.703120" lon="-94.716900"></trkpt><trkpt lat="34.702906" lon="-94.717206"></trkpt><trkpt lat="34.701950" lon="-94.717383"></trkpt><trkpt lat="34.701598" lon="-94.717545"></trkpt><trkpt lat="34.701270" lon="-94.717623"></trkpt><trkpt lat="34.701011" lon="-94.717787"></trkpt><trkpt lat="34.700937" lon="-94.718067"></trkpt><trkpt lat="34.700703" lon="-94.718203"></trkpt><trkpt lat="34.700087" lon="-94.718868"></trkpt><trkpt lat="34.699732" lon="-94.719312"></trkpt><trkpt lat="34.699397" lon="-94.719869"></trkpt><trkpt lat="34.699321" lon="-94.720262"></trkpt><trkpt lat="34.698922" lon="-94.720592"></trkpt><trkpt lat="34.698547" lon="-94.720669"></trkpt><trkpt lat="34.698268" lon="-94.720663"></trkpt><trkpt lat="34.697967" lon="-94.720572"></trkpt><trkpt lat="34.697594" lon="-94.720621"></trkpt><trkpt lat="34.697336" lon="-94.720729"></trkpt><trkpt lat="34.696841" lon="-94.721113"></trkpt><trkpt lat="34.696526" lon="-94.722066"></trkpt><trkpt lat="34.696518" lon="-94.722573"></trkpt><trkpt lat="34.696673" lon="-94.723112"></trkpt><trkpt lat="34.696735" lon="-94.723678"></trkpt><trkpt lat="34.696660" lon="-94.724043"></trkpt><trkpt lat="34.696231" lon="-94.724739"></trkpt><trkpt lat="34.696042" lon="-94.724876"></trkpt><trkpt lat="34.695804" lon="-94.725294"></trkpt><trkpt lat="34.695750" lon="-94.725744"></trkpt><trkpt lat="34.695909" lon="-94.726171"></trkpt><trkpt lat="34.695857" lon="-94.726480"></trkpt><trkpt lat="34.695665" lon="-94.726786"></trkpt><trkpt lat="34.695194" lon="-94.727284"></trkpt><trkpt lat="34.695188" lon="-94.727735"></trkpt><trkpt lat="34.694972" lon="-94.728153"></trkpt><trkpt lat="34.694777" lon="-94.728714"></trkpt><trkpt lat="34.694214" lon="-94.728984"></trkpt><trkpt lat="34.693485" lon="-94.729505"></trkpt><trkpt lat="34.693014" lon="-94.729861"></trkpt><trkpt lat="34.691811" lon="-94.730936"></trkpt><trkpt lat="34.691422" lon="-94.732112"></trkpt><trkpt lat="34.691278" lon="-94.732392"></trkpt><trkpt lat="34.691001" lon="-94.732245"></trkpt><trkpt lat="34.690747" lon="-94.732014"></trkpt><trkpt lat="34.690342" lon="-94.731019"></trkpt></trkseg></trk><trk><name>T095 BR5F828</name><trkseg><trkpt lat="34.752184" lon="-94.723470"></trkpt><trkpt lat="34.751840" lon="-94.723308"></trkpt><trkpt lat="34.751678" lon="-94.723061"></trkpt><trkpt lat="34.751572" lon="-94.722772"></trkpt><trkpt lat="34.751340" lon="-94.722457"></trkpt><trkpt lat="34.750866" lon="-94.721054"></trkpt><trkpt lat="34.750688" lon="-94.720718"></trkpt><trkpt lat="34.750526" lon="-94.720582"></trkpt><trkpt lat="34.750199" lon="-94.720398"></trkpt><trkpt lat="34.749988" lon="-94.720212"></trkpt><trkpt lat="34.749580" lon="-94.719413"></trkpt><trkpt lat="34.749106" lon="-94.719939"></trkpt><trkpt lat="34.748851" lon="-94.719906"></trkpt><trkpt lat="34.748367" lon="-94.719557"></trkpt><trkpt lat="34.748178" lon="-94.719694"></trkpt><trkpt lat="34.748262" lon="-94.720317"></trkpt><trkpt lat="34.748077" lon="-94.720313"></trkpt><trkpt lat="34.747729" lon="-94.720221"></trkpt><trkpt lat="34.747404" lon="-94.720073"></trkpt><trkpt lat="34.747191" lon="-94.720295"></trkpt><trkpt lat="34.747096" lon="-94.720490"></trkpt><trkpt lat="34.746789" lon="-94.720682"></trkpt><trkpt lat="34.746581" lon="-94.720593"></trkpt><trkpt lat="34.746166" lon="-94.720302"></trkpt><trkpt lat="34.745789" lon="-94.720633"></trkpt><trkpt lat="34.745264" lon="-94.721412"></trkpt><trkpt lat="34.745054" lon="-94.721436"></trkpt><trkpt lat="34.744825" lon="-94.721205"></trkpt><trkpt lat="34.744594" lon="-94.721144"></trkpt><trkpt lat="34.744543" lon="-94.721369"></trkpt><trkpt lat="34.744588" lon="-94.721567"></trkpt><trkpt lat="34.744724" lon="-94.721852"></trkpt><trkpt lat="34.744810" lon="-94.722305"></trkpt><trkpt lat="34.744643" lon="-94.722640"></trkpt><trkpt lat="34.744547" lon="-94.722695"></trkpt><trkpt lat="34.744460" lon="-94.722355"></trkpt><trkpt lat="34.744323" lon="-94.722154"></trkpt><trkpt lat="34.744036" lon="-94.722685"></trkpt><trkpt lat="34.743780" lon="-94.722595"></trkpt><trkpt lat="34.743435" lon="-94.722305"></trkpt><trkpt lat="34.743112" lon="-94.722185"></trkpt><trkpt lat="34.742832" lon="-94.722180"></trkpt><trkpt lat="34.742664" lon="-94.722430"></trkpt><trkpt lat="34.742590" lon="-94.722739"></trkpt><trkpt lat="34.742610" lon="-94.723078"></trkpt><trkpt lat="34.742697" lon="-94.723447"></trkpt><trkpt lat="34.742713" lon="-94.723899"></trkpt><trkpt lat="34.742570" lon="-94.724178"></trkpt><trkpt lat="34.742383" lon="-94.724315"></trkpt><trkpt lat="34.741976" lon="-94.723432"></trkpt><trkpt lat="34.741744" lon="-94.723258"></trkpt><trkpt lat="34.741394" lon="-94.723335"></trkpt><trkpt lat="34.741291" lon="-94.724067"></trkpt><trkpt lat="34.741284" lon="-94.724574"></trkpt><trkpt lat="34.741014" lon="-94.725444"></trkpt><trkpt lat="34.740783" lon="-94.725410"></trkpt><trkpt lat="34.740670" lon="-94.725098"></trkpt><trkpt lat="34.740368" lon="-94.725063"></trkpt><trkpt lat="34.740022" lon="-94.724887"></trkpt><trkpt lat="34.739858" lon="-94.724968"></trkpt><trkpt lat="34.739714" lon="-94.725276"></trkpt><trkpt lat="34.739661" lon="-94.725698"></trkpt><trkpt lat="34.739725" lon="-94.726094"></trkpt><trkpt lat="34.739764" lon="-94.726659"></trkpt><trkpt lat="34.739897" lon="-94.727170"></trkpt><trkpt lat="34.739937" lon="-94.727481"></trkpt><trkpt lat="34.739726" lon="-94.727618"></trkpt><trkpt lat="34.739541" lon="-94.727642"></trkpt><trkpt lat="34.739288" lon="-94.727327"></trkpt><trkpt lat="34.739221" lon="-94.727128"></trkpt><trkpt lat="34.739302" lon="-94.726367"></trkpt><trkpt lat="34.739114" lon="-94.726420"></trkpt><trkpt lat="34.738222" lon="-94.727022"></trkpt><trkpt lat="34.738040" lon="-94.726651"></trkpt><trkpt lat="34.738232" lon="-94.726317"></trkpt><trkpt lat="34.738308" lon="-94.725867"></trkpt><trkpt lat="34.738321" lon="-94.724936"></trkpt><trkpt lat="34.738300" lon="-94.724654"></trkpt><trkpt lat="34.738171" lon="-94.723917"></trkpt><trkpt lat="34.737988" lon="-94.723772"></trkpt><trkpt lat="34.737896" lon="-94.723601"></trkpt><trkpt lat="34.737978" lon="-94.722784"></trkpt><trkpt lat="34.737912" lon="-94.722444"></trkpt><trkpt lat="34.737753" lon="-94.722272"></trkpt><trkpt lat="34.737636" lon="-94.722241"></trkpt><trkpt lat="34.737451" lon="-94.722266"></trkpt><trkpt lat="34.737467" lon="-94.722717"></trkpt><trkpt lat="34.737430" lon="-94.723732"></trkpt><trkpt lat="34.737196" lon="-94.723699"></trkpt><trkpt lat="34.736942" lon="-94.723638"></trkpt><trkpt lat="34.736809" lon="-94.723183"></trkpt><trkpt lat="34.736818" lon="-94.722535"></trkpt><trkpt lat="34.736779" lon="-94.721913"></trkpt><trkpt lat="34.736056" lon="-94.722067"></trkpt><trkpt lat="34.735862" lon="-94.722543"></trkpt><trkpt lat="34.735904" lon="-94.722911"></trkpt><trkpt lat="34.736080" lon="-94.723535"></trkpt><trkpt lat="34.736210" lon="-94.724215"></trkpt><trkpt lat="34.736296" lon="-94.724866"></trkpt><trkpt lat="34.736307" lon="-94.725684"></trkpt><trkpt lat="34.736366" lon="-94.726447"></trkpt><trkpt lat="34.736288" lon="-94.726982"></trkpt><trkpt lat="34.736166" lon="-94.727318"></trkpt><trkpt lat="34.735954" lon="-94.727483"></trkpt><trkpt lat="34.735630" lon="-94.727476"></trkpt><trkpt lat="34.735095" lon="-94.727352"></trkpt><trkpt lat="34.733959" lon="-94.726877"></trkpt><trkpt lat="34.733314" lon="-94.726412"></trkpt><trkpt lat="34.732687" lon="-94.726286"></trkpt><trkpt lat="34.732457" lon="-94.726140"></trkpt><trkpt lat="34.732418" lon="-94.725575"></trkpt><trkpt lat="34.732353" lon="-94.725179"></trkpt><trkpt lat="34.732079" lon="-94.724835"></trkpt><trkpt lat="34.731750" lon="-94.724941"></trkpt><trkpt lat="34.731541" lon="-94.724936"></trkpt><trkpt lat="34.731304" lon="-94.725298"></trkpt><trkpt lat="34.730878" lon="-94.725769"></trkpt><trkpt lat="34.730273" lon="-94.725672"></trkpt><trkpt lat="34.729691" lon="-94.725688"></trkpt><trkpt lat="34.729462" lon="-94.725457"></trkpt><trkpt lat="34.729211" lon="-94.725029"></trkpt><trkpt lat="34.728959" lon="-94.724713"></trkpt><trkpt lat="34.728430" lon="-94.724336"></trkpt><trkpt lat="34.727940" lon="-94.724353"></trkpt><trkpt lat="34.727813" lon="-94.723476"></trkpt><trkpt lat="34.727559" lon="-94.723302"></trkpt><trkpt lat="34.727327" lon="-94.723240"></trkpt><trkpt lat="34.727140" lon="-94.723237"></trkpt><trkpt lat="34.727022" lon="-94.723319"></trkpt><trkpt lat="34.726989" lon="-94.724052"></trkpt><trkpt lat="34.726798" lon="-94.724330"></trkpt><trkpt lat="34.726613" lon="-94.724354"></trkpt><trkpt lat="34.726570" lon="-94.724043"></trkpt><trkpt lat="34.726351" lon="-94.723079"></trkpt><trkpt lat="34.726190" lon="-94.722878"></trkpt><trkpt lat="34.725957" lon="-94.722873"></trkpt><trkpt lat="34.725794" lon="-94.722983"></trkpt><trkpt lat="34.725668" lon="-94.723573"></trkpt><trkpt lat="34.725412" lon="-94.723483"></trkpt><trkpt lat="34.725239" lon="-94.722633"></trkpt><trkpt lat="34.724942" lon="-94.722147"></trkpt><trkpt lat="34.724728" lon="-94.720845"></trkpt><trkpt lat="34.724501" lon="-94.720501"></trkpt><trkpt lat="34.724220" lon="-94.720637"></trkpt><trkpt lat="34.723817" lon="-94.721023"></trkpt><trkpt lat="34.723275" lon="-94.721464"></trkpt><trkpt lat="34.722759" lon="-94.721763"></trkpt><trkpt lat="34.722338" lon="-94.721839"></trkpt><trkpt lat="34.722018" lon="-94.721381"></trkpt><trkpt lat="34.721616" lon="-94.721739"></trkpt><trkpt lat="34.721267" lon="-94.721732"></trkpt><trkpt lat="34.721083" lon="-94.721644"></trkpt><trkpt lat="34.720738" lon="-94.721383"></trkpt><trkpt lat="34.720596" lon="-94.721549"></trkpt><trkpt lat="34.720217" lon="-94.721852"></trkpt><trkpt lat="34.720032" lon="-94.721848"></trkpt><trkpt lat="34.719300" lon="-94.720873"></trkpt><trkpt lat="34.719757" lon="-94.719783"></trkpt><trkpt lat="34.719997" lon="-94.719393"></trkpt><trkpt lat="34.719768" lon="-94.719021"></trkpt><trkpt lat="34.719350" lon="-94.718928"></trkpt><trkpt lat="34.719358" lon="-94.718335"></trkpt><trkpt lat="34.719124" lon="-94.718472"></trkpt><trkpt lat="34.718844" lon="-94.718494"></trkpt><trkpt lat="34.718544" lon="-94.718403"></trkpt><trkpt lat="34.718592" lon="-94.718207"></trkpt><trkpt lat="34.718805" lon="-94.717958"></trkpt><trkpt lat="34.718741" lon="-94.717533"></trkpt><trkpt lat="34.718513" lon="-94.717218"></trkpt><trkpt lat="34.718369" lon="-94.717497"></trkpt><trkpt lat="34.717925" lon="-94.717713"></trkpt><trkpt lat="34.717550" lon="-94.717706"></trkpt><trkpt lat="34.717133" lon="-94.717556"></trkpt><trkpt lat="34.716927" lon="-94.717326"></trkpt><trkpt lat="34.716752" lon="-94.716617"></trkpt><trkpt lat="34.716548" lon="-94.716246"></trkpt><trkpt lat="34.716300" lon="-94.715620"></trkpt><trkpt lat="34.715910" lon="-94.715076"></trkpt><trkpt lat="34.715775" lon="-94.714763"></trkpt><trkpt lat="34.715848" lon="-94.714539"></trkpt><trkpt lat="34.716126" lon="-94.714630"></trkpt><trkpt lat="34.716428" lon="-94.714805"></trkpt><trkpt lat="34.716546" lon="-94.714638"></trkpt><trkpt lat="34.716410" lon="-94.714353"></trkpt><trkpt lat="34.716158" lon="-94.714151"></trkpt><trkpt lat="34.715883" lon="-94.713806"></trkpt><trkpt lat="34.715629" lon="-94.713604"></trkpt><trkpt lat="34.715613" lon="-94.713124"></trkpt><trkpt lat="34.715824" lon="-94.713044"></trkpt><trkpt lat="34.716078" lon="-94.713133"></trkpt><trkpt lat="34.716330" lon="-94.713421"></trkpt><trkpt lat="34.716585" lon="-94.713567"></trkpt><trkpt lat="34.716704" lon="-94.713316"></trkpt><trkpt lat="34.716154" lon="-94.712656"></trkpt><trkpt lat="34.715882" lon="-94.712142"></trkpt><trkpt lat="34.715654" lon="-94.711855"></trkpt><trkpt lat="34.715445" lon="-94.711794"></trkpt><trkpt lat="34.715179" lon="-94.710802"></trkpt><trkpt lat="34.714971" lon="-94.710741"></trkpt><trkpt lat="34.714737" lon="-94.710877"></trkpt><trkpt lat="34.714615" lon="-94.711213"></trkpt><trkpt lat="34.714462" lon="-94.712141"></trkpt><trkpt lat="34.714321" lon="-94.712194"></trkpt><trkpt lat="34.714230" lon="-94.712136"></trkpt><trkpt lat="34.714221" lon="-94.710980"></trkpt><trkpt lat="34.714158" lon="-94.710498"></trkpt><trkpt lat="34.714163" lon="-94.710160"></trkpt><trkpt lat="34.714982" lon="-94.709895"></trkpt><trkpt lat="34.715195" lon="-94.709702"></trkpt><trkpt lat="34.715316" lon="-94.709422"></trkpt><trkpt lat="34.715225" lon="-94.709138"></trkpt><trkpt lat="34.715065" lon="-94.708966"></trkpt><trkpt lat="34.714625" lon="-94.708900"></trkpt><trkpt lat="34.714558" lon="-94.708673"></trkpt><trkpt lat="34.715122" lon="-94.708318"></trkpt><trkpt lat="34.715267" lon="-94.707954"></trkpt><trkpt lat="34.715132" lon="-94.707557"></trkpt><trkpt lat="34.714807" lon="-94.707437"></trkpt><trkpt lat="34.714622" lon="-94.707320"></trkpt><trkpt lat="34.714544" lon="-94.706247"></trkpt><trkpt lat="34.713872" lon="-94.705951"></trkpt><trkpt lat="34.714064" lon="-94.705645"></trkpt><trkpt lat="34.714417" lon="-94.705370"></trkpt><trkpt lat="34.714977" lon="-94.705297"></trkpt><trkpt lat="34.715513" lon="-94.705364"></trkpt><trkpt lat="34.715615" lon="-94.704661"></trkpt><trkpt lat="34.715483" lon="-94.704066"></trkpt><trkpt lat="34.715188" lon="-94.703580"></trkpt><trkpt lat="34.714845" lon="-94.703122"></trkpt><trkpt lat="34.714590" lon="-94.702976"></trkpt><trkpt lat="34.714292" lon="-94.702716"></trkpt></trkseg></trk><trk><name>T096 BR5F828</name><trkseg><trkpt lat="35.511404" lon="-92.812465"></trkpt><trkpt lat="35.511606" lon="-92.811194"></trkpt><trkpt lat="35.511972" lon="-92.810082"></trkpt><trkpt lat="35.512927" lon="-92.808954"></trkpt><trkpt lat="35.513790" lon="-92.808328"></trkpt><trkpt lat="35.514416" lon="-92.808247"></trkpt><trkpt lat="35.515045" lon="-92.807860"></trkpt><trkpt lat="35.515511" lon="-92.807733"></trkpt><trkpt lat="35.516175" lon="-92.807390"></trkpt><trkpt lat="35.516373" lon="-92.807151"></trkpt><trkpt lat="35.516538" lon="-92.806540"></trkpt><trkpt lat="35.517244" lon="-92.805278"></trkpt><trkpt lat="35.517551" lon="-92.804822"></trkpt><trkpt lat="35.517606" lon="-92.804669"></trkpt><trkpt lat="35.517517" lon="-92.804537"></trkpt><trkpt lat="35.517357" lon="-92.804536"></trkpt><trkpt lat="35.517141" lon="-92.804665"></trkpt><trkpt lat="35.517033" lon="-92.804817"></trkpt><trkpt lat="35.516962" lon="-92.804707"></trkpt><trkpt lat="35.517126" lon="-92.804293"></trkpt><trkpt lat="35.517163" lon="-92.804031"></trkpt><trkpt lat="35.517291" lon="-92.803682"></trkpt><trkpt lat="35.517561" lon="-92.803335"></trkpt><trkpt lat="35.517921" lon="-92.803010"></trkpt><trkpt lat="35.518298" lon="-92.802817"></trkpt><trkpt lat="35.518728" lon="-92.802646"></trkpt><trkpt lat="35.518944" lon="-92.802451"></trkpt><trkpt lat="35.519071" lon="-92.802168"></trkpt><trkpt lat="35.519127" lon="-92.801928"></trkpt><trkpt lat="35.519022" lon="-92.801555"></trkpt><trkpt lat="35.518989" lon="-92.801161"></trkpt><trkpt lat="35.519081" lon="-92.800768"></trkpt><trkpt lat="35.518995" lon="-92.800155"></trkpt><trkpt lat="35.519286" lon="-92.799458"></trkpt><trkpt lat="35.519502" lon="-92.799241"></trkpt><trkpt lat="35.519754" lon="-92.799047"></trkpt><trkpt lat="35.520005" lon="-92.798918"></trkpt><trkpt lat="35.520453" lon="-92.798769"></trkpt><trkpt lat="35.520580" lon="-92.798574"></trkpt><trkpt lat="35.520366" lon="-92.798462"></trkpt><trkpt lat="35.520206" lon="-92.798329"></trkpt><trkpt lat="35.520171" lon="-92.798220"></trkpt><trkpt lat="35.520153" lon="-92.798154"></trkpt><trkpt lat="35.520406" lon="-92.797784"></trkpt><trkpt lat="35.520372" lon="-92.797478"></trkpt><trkpt lat="35.520194" lon="-92.797345"></trkpt><trkpt lat="35.520034" lon="-92.797321"></trkpt><trkpt lat="35.519981" lon="-92.797102"></trkpt><trkpt lat="35.520090" lon="-92.796841"></trkpt><trkpt lat="35.520324" lon="-92.796690"></trkpt><trkpt lat="35.520539" lon="-92.796604"></trkpt><trkpt lat="35.520933" lon="-92.796586"></trkpt><trkpt lat="35.521201" lon="-92.796523"></trkpt><trkpt lat="35.521541" lon="-92.796505"></trkpt><trkpt lat="35.522007" lon="-92.796401"></trkpt><trkpt lat="35.522563" lon="-92.796209"></trkpt><trkpt lat="35.522724" lon="-92.796123"></trkpt><trkpt lat="35.523174" lon="-92.795712"></trkpt><trkpt lat="35.523211" lon="-92.795493"></trkpt><trkpt lat="35.522963" lon="-92.795141"></trkpt><trkpt lat="35.522587" lon="-92.795203"></trkpt><trkpt lat="35.522319" lon="-92.795178"></trkpt><trkpt lat="35.522322" lon="-92.794741"></trkpt><trkpt lat="35.522108" lon="-92.794585"></trkpt><trkpt lat="35.522021" lon="-92.794300"></trkpt><trkpt lat="35.522240" lon="-92.793558"></trkpt><trkpt lat="35.522458" lon="-92.793167"></trkpt><trkpt lat="35.522692" lon="-92.792863"></trkpt><trkpt lat="35.522782" lon="-92.792798"></trkpt><trkpt lat="35.523068" lon="-92.792845"></trkpt><trkpt lat="35.523517" lon="-92.792477"></trkpt><trkpt lat="35.524054" lon="-92.792395"></trkpt><trkpt lat="35.524521" lon="-92.792224"></trkpt><trkpt lat="35.524789" lon="-92.792293"></trkpt><trkpt lat="35.525002" lon="-92.792404"></trkpt><trkpt lat="35.525677" lon="-92.792329"></trkpt></trkseg></trk><trk><name>T097 BR5F828</name><trkseg><trkpt lat="35.778686" lon="-93.843961"></trkpt><trkpt lat="35.778004" lon="-93.844807"></trkpt><trkpt lat="35.777908" lon="-93.844858"></trkpt><trkpt lat="35.777807" lon="-93.844850"></trkpt><trkpt lat="35.777508" lon="-93.844755"></trkpt><trkpt lat="35.777173" lon="-93.844504"></trkpt><trkpt lat="35.776900" lon="-93.844398"></trkpt><trkpt lat="35.776528" lon="-93.844427"></trkpt><trkpt lat="35.776345" lon="-93.844289"></trkpt><trkpt lat="35.776016" lon="-93.844132"></trkpt><trkpt lat="35.775178" lon="-93.843936"></trkpt><trkpt lat="35.774609" lon="-93.843764"></trkpt><trkpt lat="35.773753" lon="-93.843244"></trkpt><trkpt lat="35.773607" lon="-93.843223"></trkpt><trkpt lat="35.773474" lon="-93.843279"></trkpt><trkpt lat="35.773155" lon="-93.843322"></trkpt><trkpt lat="35.773045" lon="-93.843382"></trkpt><trkpt lat="35.772799" lon="-93.843415"></trkpt><trkpt lat="35.771937" lon="-93.843342"></trkpt><trkpt lat="35.771422" lon="-93.843372"></trkpt><trkpt lat="35.771135" lon="-93.843224"></trkpt><trkpt lat="35.770717" lon="-93.843189"></trkpt><trkpt lat="35.770205" lon="-93.843075"></trkpt><trkpt lat="35.769837" lon="-93.842931"></trkpt><trkpt lat="35.768697" lon="-93.842706"></trkpt><trkpt lat="35.768282" lon="-93.842452"></trkpt><trkpt lat="35.768203" lon="-93.842336"></trkpt><trkpt lat="35.768023" lon="-93.842174"></trkpt><trkpt lat="35.767884" lon="-93.842145"></trkpt><trkpt lat="35.767370" lon="-93.841928"></trkpt><trkpt lat="35.766813" lon="-93.841806"></trkpt><trkpt lat="35.766855" lon="-93.841738"></trkpt><trkpt lat="35.767088" lon="-93.841629"></trkpt><trkpt lat="35.767277" lon="-93.841491"></trkpt><trkpt lat="35.767350" lon="-93.841096"></trkpt><trkpt lat="35.767340" lon="-93.840742"></trkpt><trkpt lat="35.767368" lon="-93.840484"></trkpt><trkpt lat="35.767462" lon="-93.840191"></trkpt><trkpt lat="35.767637" lon="-93.839968"></trkpt><trkpt lat="35.768008" lon="-93.839710"></trkpt><trkpt lat="35.768202" lon="-93.839475"></trkpt><trkpt lat="35.768267" lon="-93.839236"></trkpt><trkpt lat="35.768281" lon="-93.838857"></trkpt><trkpt lat="35.768352" lon="-93.838601"></trkpt><trkpt lat="35.768349" lon="-93.838470"></trkpt><trkpt lat="35.768306" lon="-93.838369"></trkpt><trkpt lat="35.768331" lon="-93.838306"></trkpt><trkpt lat="35.768323" lon="-93.837980"></trkpt><trkpt lat="35.768422" lon="-93.837578"></trkpt><trkpt lat="35.768610" lon="-93.837310"></trkpt><trkpt lat="35.768839" lon="-93.837116"></trkpt><trkpt lat="35.768913" lon="-93.836914"></trkpt><trkpt lat="35.769278" lon="-93.836297"></trkpt><trkpt lat="35.769572" lon="-93.835872"></trkpt><trkpt lat="35.769715" lon="-93.835733"></trkpt><trkpt lat="35.769864" lon="-93.835421"></trkpt><trkpt lat="35.769983" lon="-93.835308"></trkpt><trkpt lat="35.770153" lon="-93.834627"></trkpt><trkpt lat="35.770193" lon="-93.834580"></trkpt><trkpt lat="35.770250" lon="-93.834538"></trkpt><trkpt lat="35.770525" lon="-93.834471"></trkpt><trkpt lat="35.770695" lon="-93.834372"></trkpt><trkpt lat="35.771620" lon="-93.834201"></trkpt><trkpt lat="35.772106" lon="-93.834206"></trkpt><trkpt lat="35.772394" lon="-93.834247"></trkpt><trkpt lat="35.772799" lon="-93.834241"></trkpt><trkpt lat="35.773303" lon="-93.834329"></trkpt><trkpt lat="35.774363" lon="-93.834314"></trkpt><trkpt lat="35.774744" lon="-93.834274"></trkpt><trkpt lat="35.774994" lon="-93.834109"></trkpt><trkpt lat="35.775131" lon="-93.834099"></trkpt><trkpt lat="35.775329" lon="-93.834110"></trkpt><trkpt lat="35.775567" lon="-93.834173"></trkpt><trkpt lat="35.775835" lon="-93.834370"></trkpt><trkpt lat="35.776300" lon="-93.834237"></trkpt><trkpt lat="35.776534" lon="-93.833953"></trkpt><trkpt lat="35.776662" lon="-93.833702"></trkpt><trkpt lat="35.776634" lon="-93.833603"></trkpt><trkpt lat="35.776535" lon="-93.833549"></trkpt><trkpt lat="35.776273" lon="-93.833447"></trkpt><trkpt lat="35.776193" lon="-93.833376"></trkpt><trkpt lat="35.775918" lon="-93.833235"></trkpt><trkpt lat="35.775640" lon="-93.833142"></trkpt><trkpt lat="35.775385" lon="-93.833279"></trkpt><trkpt lat="35.775098" lon="-93.833352"></trkpt><trkpt lat="35.774981" lon="-93.833310"></trkpt><trkpt lat="35.774733" lon="-93.833065"></trkpt><trkpt lat="35.774496" lon="-93.832945"></trkpt><trkpt lat="35.774353" lon="-93.832918"></trkpt><trkpt lat="35.774144" lon="-93.832705"></trkpt><trkpt lat="35.774168" lon="-93.832666"></trkpt><trkpt lat="35.774176" lon="-93.831867"></trkpt><trkpt lat="35.774261" lon="-93.831077"></trkpt><trkpt lat="35.774387" lon="-93.830316"></trkpt><trkpt lat="35.774390" lon="-93.830075"></trkpt><trkpt lat="35.774287" lon="-93.829906"></trkpt><trkpt lat="35.774279" lon="-93.829479"></trkpt><trkpt lat="35.774220" lon="-93.829330"></trkpt><trkpt lat="35.774098" lon="-93.829216"></trkpt><trkpt lat="35.773813" lon="-93.829265"></trkpt><trkpt lat="35.773661" lon="-93.829373"></trkpt><trkpt lat="35.773654" lon="-93.829799"></trkpt><trkpt lat="35.773541" lon="-93.830048"></trkpt><trkpt lat="35.773359" lon="-93.830170"></trkpt><trkpt lat="35.773143" lon="-93.830706"></trkpt><trkpt lat="35.773090" lon="-93.830714"></trkpt><trkpt lat="35.772889" lon="-93.830889"></trkpt><trkpt lat="35.772381" lon="-93.830923"></trkpt><trkpt lat="35.772334" lon="-93.830955"></trkpt><trkpt lat="35.772138" lon="-93.830972"></trkpt><trkpt lat="35.772044" lon="-93.831048"></trkpt><trkpt lat="35.771780" lon="-93.831110"></trkpt><trkpt lat="35.771665" lon="-93.831057"></trkpt><trkpt lat="35.771532" lon="-93.830885"></trkpt><trkpt lat="35.771428" lon="-93.830900"></trkpt><trkpt lat="35.771150" lon="-93.830853"></trkpt><trkpt lat="35.770949" lon="-93.830641"></trkpt><trkpt lat="35.770973" lon="-93.830655"></trkpt><trkpt lat="35.770636" lon="-93.830132"></trkpt><trkpt lat="35.770284" lon="-93.829478"></trkpt><trkpt lat="35.770132" lon="-93.829304"></trkpt><trkpt lat="35.769604" lon="-93.828834"></trkpt><trkpt lat="35.769286" lon="-93.828252"></trkpt><trkpt lat="35.769169" lon="-93.828171"></trkpt><trkpt lat="35.769151" lon="-93.828191"></trkpt><trkpt lat="35.768986" lon="-93.828117"></trkpt><trkpt lat="35.768644" lon="-93.828131"></trkpt><trkpt lat="35.768271" lon="-93.828324"></trkpt><trkpt lat="35.768230" lon="-93.828446"></trkpt><trkpt lat="35.768320" lon="-93.828948"></trkpt><trkpt lat="35.768296" lon="-93.829174"></trkpt><trkpt lat="35.768246" lon="-93.829313"></trkpt><trkpt lat="35.768252" lon="-93.829513"></trkpt><trkpt lat="35.768357" lon="-93.829863"></trkpt><trkpt lat="35.768270" lon="-93.830343"></trkpt><trkpt lat="35.768261" lon="-93.830568"></trkpt><trkpt lat="35.768299" lon="-93.830812"></trkpt><trkpt lat="35.768148" lon="-93.831282"></trkpt><trkpt lat="35.768185" lon="-93.831363"></trkpt><trkpt lat="35.768139" lon="-93.831433"></trkpt><trkpt lat="35.768034" lon="-93.831469"></trkpt><trkpt lat="35.767641" lon="-93.831502"></trkpt><trkpt lat="35.767510" lon="-93.831550"></trkpt><trkpt lat="35.767485" lon="-93.831520"></trkpt><trkpt lat="35.767407" lon="-93.831523"></trkpt><trkpt lat="35.767205" lon="-93.831615"></trkpt><trkpt lat="35.766958" lon="-93.831673"></trkpt><trkpt lat="35.766865" lon="-93.831658"></trkpt><trkpt lat="35.766787" lon="-93.831700"></trkpt><trkpt lat="35.766775" lon="-93.831854"></trkpt><trkpt lat="35.766888" lon="-93.832130"></trkpt><trkpt lat="35.766896" lon="-93.832413"></trkpt><trkpt lat="35.767129" lon="-93.833595"></trkpt><trkpt lat="35.767127" lon="-93.834011"></trkpt><trkpt lat="35.767159" lon="-93.834193"></trkpt><trkpt lat="35.767089" lon="-93.834473"></trkpt><trkpt lat="35.767026" lon="-93.834539"></trkpt><trkpt lat="35.766994" lon="-93.834654"></trkpt><trkpt lat="35.766946" lon="-93.835052"></trkpt><trkpt lat="35.766830" lon="-93.835602"></trkpt><trkpt lat="35.766763" lon="-93.835706"></trkpt><trkpt lat="35.766726" lon="-93.835978"></trkpt><trkpt lat="35.766792" lon="-93.836235"></trkpt><trkpt lat="35.766679" lon="-93.836781"></trkpt><trkpt lat="35.766490" lon="-93.837165"></trkpt><trkpt lat="35.766212" lon="-93.837586"></trkpt><trkpt lat="35.766105" lon="-93.837966"></trkpt><trkpt lat="35.765982" lon="-93.838130"></trkpt><trkpt lat="35.765954" lon="-93.838259"></trkpt><trkpt lat="35.766054" lon="-93.838465"></trkpt><trkpt lat="35.766163" lon="-93.838844"></trkpt><trkpt lat="35.766185" lon="-93.839031"></trkpt><trkpt lat="35.765441" lon="-93.840270"></trkpt><trkpt lat="35.765285" lon="-93.840397"></trkpt><trkpt lat="35.765214" lon="-93.840522"></trkpt><trkpt lat="35.765064" lon="-93.840913"></trkpt><trkpt lat="35.764867" lon="-93.841298"></trkpt><trkpt lat="35.764844" lon="-93.841833"></trkpt><trkpt lat="35.764650" lon="-93.842114"></trkpt><trkpt lat="35.764581" lon="-93.842285"></trkpt><trkpt lat="35.764527" lon="-93.842329"></trkpt><trkpt lat="35.764465" lon="-93.842498"></trkpt><trkpt lat="35.764231" lon="-93.842796"></trkpt><trkpt lat="35.764117" lon="-93.843007"></trkpt><trkpt lat="35.763950" lon="-93.843128"></trkpt><trkpt lat="35.763782" lon="-93.843157"></trkpt><trkpt lat="35.763644" lon="-93.843079"></trkpt><trkpt lat="35.762959" lon="-93.842425"></trkpt><trkpt lat="35.762637" lon="-93.842249"></trkpt><trkpt lat="35.762377" lon="-93.842155"></trkpt><trkpt lat="35.762116" lon="-93.842183"></trkpt><trkpt lat="35.761824" lon="-93.842297"></trkpt><trkpt lat="35.761479" lon="-93.842366"></trkpt><trkpt lat="35.761197" lon="-93.842514"></trkpt><trkpt lat="35.759938" lon="-93.842742"></trkpt><trkpt lat="35.759887" lon="-93.842645"></trkpt><trkpt lat="35.760014" lon="-93.842196"></trkpt><trkpt lat="35.760389" lon="-93.841659"></trkpt><trkpt lat="35.760574" lon="-93.841030"></trkpt><trkpt lat="35.760884" lon="-93.840203"></trkpt><trkpt lat="35.761043" lon="-93.839583"></trkpt><trkpt lat="35.760866" lon="-93.839430"></trkpt><trkpt lat="35.760608" lon="-93.839290"></trkpt><trkpt lat="35.760106" lon="-93.839184"></trkpt><trkpt lat="35.759981" lon="-93.839274"></trkpt><trkpt lat="35.759235" lon="-93.839457"></trkpt><trkpt lat="35.759071" lon="-93.839452"></trkpt><trkpt lat="35.758994" lon="-93.839627"></trkpt><trkpt lat="35.758600" lon="-93.839576"></trkpt><trkpt lat="35.758229" lon="-93.839603"></trkpt><trkpt lat="35.757886" lon="-93.839754"></trkpt><trkpt lat="35.757650" lon="-93.839775"></trkpt><trkpt lat="35.757352" lon="-93.839877"></trkpt><trkpt lat="35.757088" lon="-93.839882"></trkpt><trkpt lat="35.756884" lon="-93.840199"></trkpt><trkpt lat="35.756791" lon="-93.840206"></trkpt><trkpt lat="35.756833" lon="-93.839179"></trkpt><trkpt lat="35.756944" lon="-93.838887"></trkpt><trkpt lat="35.756946" lon="-93.838792"></trkpt><trkpt lat="35.757190" lon="-93.838537"></trkpt><trkpt lat="35.757675" lon="-93.837706"></trkpt><trkpt lat="35.757933" lon="-93.837032"></trkpt><trkpt lat="35.757976" lon="-93.836814"></trkpt><trkpt lat="35.757666" lon="-93.836677"></trkpt><trkpt lat="35.757567" lon="-93.836564"></trkpt><trkpt lat="35.757017" lon="-93.836122"></trkpt><trkpt lat="35.757179" lon="-93.835900"></trkpt><trkpt lat="35.757236" lon="-93.835733"></trkpt><trkpt lat="35.757186" lon="-93.835525"></trkpt><trkpt lat="35.757198" lon="-93.835450"></trkpt><trkpt lat="35.757167" lon="-93.835426"></trkpt></trkseg></trk><trk><name>T098 BR5F828</name><trkseg><trkpt lat="36.906913" lon="-93.098314"></trkpt><trkpt lat="36.906883" lon="-93.098333"></trkpt><trkpt lat="36.906647" lon="-93.098125"></trkpt><trkpt lat="36.906422" lon="-93.098017"></trkpt><trkpt lat="36.906246" lon="-93.097794"></trkpt><trkpt lat="36.906103" lon="-93.097707"></trkpt><trkpt lat="36.906054" lon="-93.097530"></trkpt><trkpt lat="36.905966" lon="-93.097457"></trkpt><trkpt lat="36.905844" lon="-93.097401"></trkpt><trkpt lat="36.905696" lon="-93.097422"></trkpt><trkpt lat="36.905530" lon="-93.097305"></trkpt><trkpt lat="36.905470" lon="-93.097207"></trkpt><trkpt lat="36.905343" lon="-93.097241"></trkpt><trkpt lat="36.905138" lon="-93.096934"></trkpt><trkpt lat="36.905064" lon="-93.096884"></trkpt><trkpt lat="36.905064" lon="-93.096783"></trkpt><trkpt lat="36.904817" lon="-93.096514"></trkpt><trkpt lat="36.904725" lon="-93.096471"></trkpt><trkpt lat="36.904583" lon="-93.096495"></trkpt><trkpt lat="36.904479" lon="-93.096352"></trkpt><trkpt lat="36.904458" lon="-93.096212"></trkpt><trkpt lat="36.904343" lon="-93.095976"></trkpt><trkpt lat="36.904335" lon="-93.095849"></trkpt><trkpt lat="36.904198" lon="-93.095548"></trkpt><trkpt lat="36.903415" lon="-93.095069"></trkpt><trkpt lat="36.903267" lon="-93.094890"></trkpt><trkpt lat="36.903211" lon="-93.094723"></trkpt><trkpt lat="36.902984" lon="-93.094415"></trkpt><trkpt lat="36.902833" lon="-93.093890"></trkpt><trkpt lat="36.902792" lon="-93.093803"></trkpt><trkpt lat="36.902655" lon="-93.093682"></trkpt></trkseg></trk><trk><name>T099 BR5F828</name><trkseg><trkpt lat="36.890212" lon="-93.116225"></trkpt><trkpt lat="36.890038" lon="-93.116202"></trkpt><trkpt lat="36.889804" lon="-93.116103"></trkpt><trkpt lat="36.889715" lon="-93.116031"></trkpt><trkpt lat="36.889478" lon="-93.115994"></trkpt><trkpt lat="36.889271" lon="-93.115863"></trkpt><trkpt lat="36.889007" lon="-93.115804"></trkpt><trkpt lat="36.888816" lon="-93.115707"></trkpt><trkpt lat="36.888746" lon="-93.115571"></trkpt><trkpt lat="36.888714" lon="-93.115367"></trkpt><trkpt lat="36.888728" lon="-93.114906"></trkpt><trkpt lat="36.888701" lon="-93.114738"></trkpt><trkpt lat="36.888756" lon="-93.114313"></trkpt><trkpt lat="36.888666" lon="-93.113948"></trkpt></trkseg></trk><trk><name>T100 BR5F828</name><trkseg><trkpt lat="35.517237" lon="-92.787414"></trkpt><trkpt lat="35.517192" lon="-92.787646"></trkpt><trkpt lat="35.517345" lon="-92.787930"></trkpt><trkpt lat="35.517380" lon="-92.788497"></trkpt><trkpt lat="35.517261" lon="-92.788991"></trkpt><trkpt lat="35.517084" lon="-92.789414"></trkpt><trkpt lat="35.517064" lon="-92.789602"></trkpt><trkpt lat="35.516947" lon="-92.789742"></trkpt><trkpt lat="35.517019" lon="-92.790526"></trkpt><trkpt lat="35.516608" lon="-92.790593"></trkpt><trkpt lat="35.516357" lon="-92.790700"></trkpt><trkpt lat="35.516123" lon="-92.790939"></trkpt><trkpt lat="35.515941" lon="-92.791396"></trkpt><trkpt lat="35.515470" lon="-92.792288"></trkpt><trkpt lat="35.515075" lon="-92.792569"></trkpt><trkpt lat="35.514879" lon="-92.792480"></trkpt><trkpt lat="35.514523" lon="-92.792192"></trkpt><trkpt lat="35.514308" lon="-92.792255"></trkpt><trkpt lat="35.514076" lon="-92.792078"></trkpt><trkpt lat="35.513989" lon="-92.791836"></trkpt><trkpt lat="35.513757" lon="-92.791637"></trkpt><trkpt lat="35.513435" lon="-92.791656"></trkpt><trkpt lat="35.513294" lon="-92.791850"></trkpt><trkpt lat="35.513205" lon="-92.791833"></trkpt><trkpt lat="35.513180" lon="-92.791763"></trkpt><trkpt lat="35.513503" lon="-92.790989"></trkpt><trkpt lat="35.513588" lon="-92.790694"></trkpt><trkpt lat="35.513571" lon="-92.790421"></trkpt><trkpt lat="35.513444" lon="-92.790389"></trkpt><trkpt lat="35.513164" lon="-92.790386"></trkpt><trkpt lat="35.512960" lon="-92.790423"></trkpt><trkpt lat="35.512781" lon="-92.790569"></trkpt><trkpt lat="35.512530" lon="-92.790575"></trkpt><trkpt lat="35.512189" lon="-92.790725"></trkpt><trkpt lat="35.512025" lon="-92.791205"></trkpt><trkpt lat="35.511647" lon="-92.791616"></trkpt><trkpt lat="35.511520" lon="-92.791856"></trkpt><trkpt lat="35.511409" lon="-92.792402"></trkpt><trkpt lat="35.511120" lon="-92.792902"></trkpt><trkpt lat="35.510868" lon="-92.793206"></trkpt><trkpt lat="35.510527" lon="-92.793377"></trkpt><trkpt lat="35.510074" lon="-92.794138"></trkpt><trkpt lat="35.509874" lon="-92.794683"></trkpt><trkpt lat="35.509532" lon="-92.794964"></trkpt><trkpt lat="35.509135" lon="-92.795551"></trkpt><trkpt lat="35.509134" lon="-92.795638"></trkpt><trkpt lat="35.508738" lon="-92.796050"></trkpt><trkpt lat="35.508665" lon="-92.796268"></trkpt><trkpt lat="35.508092" lon="-92.796394"></trkpt><trkpt lat="35.507249" lon="-92.796713"></trkpt><trkpt lat="35.507142" lon="-92.796712"></trkpt><trkpt lat="35.506983" lon="-92.796470"></trkpt><trkpt lat="35.506663" lon="-92.796205"></trkpt><trkpt lat="35.506484" lon="-92.796181"></trkpt><trkpt lat="35.506017" lon="-92.796439"></trkpt><trkpt lat="35.505874" lon="-92.796437"></trkpt><trkpt lat="35.505534" lon="-92.796521"></trkpt><trkpt lat="35.505318" lon="-92.796694"></trkpt><trkpt lat="35.505029" lon="-92.797129"></trkpt><trkpt lat="35.504436" lon="-92.797582"></trkpt><trkpt lat="35.504057" lon="-92.798016"></trkpt><trkpt lat="35.503858" lon="-92.798320"></trkpt><trkpt lat="35.503748" lon="-92.798757"></trkpt><trkpt lat="35.503922" lon="-92.799546"></trkpt><trkpt lat="35.504255" lon="-92.800511"></trkpt><trkpt lat="35.504339" lon="-92.801409"></trkpt><trkpt lat="35.504478" lon="-92.801914"></trkpt><trkpt lat="35.504494" lon="-92.802264"></trkpt><trkpt lat="35.504475" lon="-92.802504"></trkpt><trkpt lat="35.504171" lon="-92.802479"></trkpt><trkpt lat="35.504045" lon="-92.802544"></trkpt><trkpt lat="35.503810" lon="-92.802979"></trkpt><trkpt lat="35.503754" lon="-92.803262"></trkpt><trkpt lat="35.503787" lon="-92.803635"></trkpt><trkpt lat="35.503874" lon="-92.804051"></trkpt><trkpt lat="35.504299" lon="-92.804711"></trkpt><trkpt lat="35.505011" lon="-92.805156"></trkpt><trkpt lat="35.505208" lon="-92.805202"></trkpt><trkpt lat="35.505996" lon="-92.805035"></trkpt><trkpt lat="35.506389" lon="-92.805104"></trkpt><trkpt lat="35.506495" lon="-92.805280"></trkpt><trkpt lat="35.506617" lon="-92.805675"></trkpt><trkpt lat="35.506377" lon="-92.806876"></trkpt><trkpt lat="35.506391" lon="-92.807510"></trkpt><trkpt lat="35.506264" lon="-92.807793"></trkpt><trkpt lat="35.505993" lon="-92.808097"></trkpt><trkpt lat="35.505885" lon="-92.808271"></trkpt><trkpt lat="35.505883" lon="-92.808489"></trkpt><trkpt lat="35.506164" lon="-92.809367"></trkpt><trkpt lat="35.506340" lon="-92.809675"></trkpt><trkpt lat="35.506302" lon="-92.810069"></trkpt><trkpt lat="35.506085" lon="-92.810351"></trkpt><trkpt lat="35.505602" lon="-92.810368"></trkpt><trkpt lat="35.505210" lon="-92.810189"></trkpt><trkpt lat="35.505067" lon="-92.810187"></trkpt><trkpt lat="35.504978" lon="-92.810143"></trkpt><trkpt lat="35.504924" lon="-92.810186"></trkpt><trkpt lat="35.505081" lon="-92.810756"></trkpt><trkpt lat="35.505008" lon="-92.810930"></trkpt><trkpt lat="35.505006" lon="-92.811324"></trkpt><trkpt lat="35.504888" lon="-92.811697"></trkpt></trkseg></trk><trk><name>T101 BR5F828</name><trkseg><trkpt lat="34.962720" lon="-94.374871"></trkpt><trkpt lat="34.962963" lon="-94.375950"></trkpt><trkpt lat="34.963591" lon="-94.376837"></trkpt><trkpt lat="34.964121" lon="-94.377779"></trkpt><trkpt lat="34.964585" lon="-94.378401"></trkpt><trkpt lat="34.964753" lon="-94.379709"></trkpt><trkpt lat="34.964997" lon="-94.380615"></trkpt><trkpt lat="34.965386" lon="-94.381495"></trkpt><trkpt lat="34.965942" lon="-94.382380"></trkpt><trkpt lat="34.966531" lon="-94.382686"></trkpt><trkpt lat="34.966946" lon="-94.383480"></trkpt><trkpt lat="34.966977" lon="-94.384322"></trkpt><trkpt lat="34.967443" lon="-94.384944"></trkpt><trkpt lat="34.967943" lon="-94.385016"></trkpt><trkpt lat="34.968479" lon="-94.385639"></trkpt><trkpt lat="34.968848" lon="-94.386316"></trkpt><trkpt lat="34.969165" lon="-94.387137"></trkpt><trkpt lat="34.968892" lon="-94.387737"></trkpt><trkpt lat="34.969858" lon="-94.389591"></trkpt><trkpt lat="34.969926" lon="-94.391013"></trkpt><trkpt lat="34.969776" lon="-94.392631"></trkpt><trkpt lat="34.968917" lon="-94.393882"></trkpt><trkpt lat="34.968419" lon="-94.394969"></trkpt><trkpt lat="34.967972" lon="-94.398405"></trkpt><trkpt lat="34.967568" lon="-94.400770"></trkpt><trkpt lat="34.967551" lon="-94.402856"></trkpt><trkpt lat="34.967597" lon="-94.404132"></trkpt><trkpt lat="34.968489" lon="-94.404998"></trkpt><trkpt lat="34.968192" lon="-94.405482"></trkpt><trkpt lat="34.967806" lon="-94.405790"></trkpt><trkpt lat="34.967415" lon="-94.406271"></trkpt><trkpt lat="34.967353" lon="-94.406907"></trkpt><trkpt lat="34.967762" lon="-94.407962"></trkpt><trkpt lat="34.967950" lon="-94.408083"></trkpt><trkpt lat="34.968433" lon="-94.408995"></trkpt><trkpt lat="34.968372" lon="-94.409805"></trkpt><trkpt lat="34.967967" lon="-94.410953"></trkpt><trkpt lat="34.967698" lon="-94.412539"></trkpt><trkpt lat="34.967520" lon="-94.413142"></trkpt><trkpt lat="34.967796" lon="-94.413585"></trkpt><trkpt lat="34.967612" lon="-94.414478"></trkpt><trkpt lat="34.967580" lon="-94.414912"></trkpt><trkpt lat="34.967474" lon="-94.415546"></trkpt><trkpt lat="34.967161" lon="-94.416812"></trkpt><trkpt lat="34.966976" lon="-94.417792"></trkpt><trkpt lat="34.966459" lon="-94.418647"></trkpt><trkpt lat="34.965633" lon="-94.419290"></trkpt><trkpt lat="34.965261" lon="-94.420120"></trkpt><trkpt lat="34.965464" lon="-94.420676"></trkpt><trkpt lat="34.967111" lon="-94.421882"></trkpt><trkpt lat="34.968291" lon="-94.422525"></trkpt><trkpt lat="34.968817" lon="-94.423106"></trkpt><trkpt lat="34.969033" lon="-94.422372"></trkpt><trkpt lat="34.969679" lon="-94.421058"></trkpt><trkpt lat="34.970369" lon="-94.419918"></trkpt><trkpt lat="34.970865" lon="-94.418889"></trkpt><trkpt lat="34.971367" lon="-94.417658"></trkpt><trkpt lat="34.971816" lon="-94.415439"></trkpt><trkpt lat="34.972066" lon="-94.414867"></trkpt><trkpt lat="34.972618" lon="-94.414708"></trkpt><trkpt lat="34.973293" lon="-94.414293"></trkpt><trkpt lat="34.974307" lon="-94.413742"></trkpt><trkpt lat="34.975298" lon="-94.412959"></trkpt><trkpt lat="34.975844" lon="-94.411990"></trkpt><trkpt lat="34.977039" lon="-94.410633"></trkpt><trkpt lat="34.977771" lon="-94.409726"></trkpt><trkpt lat="34.978319" lon="-94.408525"></trkpt><trkpt lat="34.978513" lon="-94.407139"></trkpt><trkpt lat="34.978696" lon="-94.406303"></trkpt><trkpt lat="34.978474" lon="-94.405457"></trkpt><trkpt lat="34.978567" lon="-94.404416"></trkpt><trkpt lat="34.979359" lon="-94.404149"></trkpt><trkpt lat="34.979833" lon="-94.404278"></trkpt><trkpt lat="34.980490" lon="-94.404790"></trkpt><trkpt lat="34.981566" lon="-94.404704"></trkpt><trkpt lat="34.982219" lon="-94.404201"></trkpt><trkpt lat="34.982209" lon="-94.403534"></trkpt><trkpt lat="34.982250" lon="-94.402637"></trkpt><trkpt lat="34.982097" lon="-94.401908"></trkpt><trkpt lat="34.980921" lon="-94.401034"></trkpt><trkpt lat="34.980443" lon="-94.399861"></trkpt><trkpt lat="34.980633" lon="-94.398678"></trkpt><trkpt lat="34.980977" lon="-94.398137"></trkpt><trkpt lat="34.981326" lon="-94.397365"></trkpt><trkpt lat="34.981988" lon="-94.396427"></trkpt><trkpt lat="34.982069" lon="-94.395879"></trkpt><trkpt lat="34.981992" lon="-94.394978"></trkpt><trkpt lat="34.981821" lon="-94.393959"></trkpt><trkpt lat="34.982104" lon="-94.392807"></trkpt><trkpt lat="34.982322" lon="-94.392669"></trkpt><trkpt lat="34.984021" lon="-94.392398"></trkpt><trkpt lat="34.985360" lon="-94.391016"></trkpt><trkpt lat="34.985428" lon="-94.389974"></trkpt><trkpt lat="34.985236" lon="-94.388809"></trkpt><trkpt lat="34.985607" lon="-94.388124"></trkpt><trkpt lat="34.986207" lon="-94.387909"></trkpt><trkpt lat="34.986256" lon="-94.386577"></trkpt><trkpt lat="34.986611" lon="-94.384269"></trkpt><trkpt lat="34.986905" lon="-94.382654"></trkpt><trkpt lat="34.986927" lon="-94.381495"></trkpt><trkpt lat="34.986685" lon="-94.380329"></trkpt><trkpt lat="34.986045" lon="-94.380137"></trkpt><trkpt lat="34.985633" lon="-94.379342"></trkpt><trkpt lat="34.985398" lon="-94.379133"></trkpt><trkpt lat="34.984801" lon="-94.379145"></trkpt><trkpt lat="34.983890" lon="-94.379322"></trkpt><trkpt lat="34.982313" lon="-94.379481"></trkpt><trkpt lat="34.981818" lon="-94.379235"></trkpt><trkpt lat="34.981709" lon="-94.378681"></trkpt><trkpt lat="34.981829" lon="-94.377409"></trkpt><trkpt lat="34.981586" lon="-94.376417"></trkpt><trkpt lat="34.981689" lon="-94.374681"></trkpt><trkpt lat="34.981497" lon="-94.373516"></trkpt><trkpt lat="34.981191" lon="-94.373218"></trkpt><trkpt lat="34.980765" lon="-94.372881"></trkpt><trkpt lat="34.980375" lon="-94.372029"></trkpt><trkpt lat="34.980625" lon="-94.371515"></trkpt><trkpt lat="34.980916" lon="-94.371262"></trkpt><trkpt lat="34.981275" lon="-94.371185"></trkpt><trkpt lat="34.981990" lon="-94.371176"></trkpt><trkpt lat="34.982093" lon="-94.370803"></trkpt><trkpt lat="34.982091" lon="-94.368455"></trkpt><trkpt lat="34.982055" lon="-94.367787"></trkpt><trkpt lat="34.982141" lon="-94.367007"></trkpt><trkpt lat="34.982860" lon="-94.365578"></trkpt><trkpt lat="34.983240" lon="-94.364429"></trkpt><trkpt lat="34.983440" lon="-94.363942"></trkpt><trkpt lat="34.984024" lon="-94.363263"></trkpt><trkpt lat="34.984301" lon="-94.362546"></trkpt><trkpt lat="34.984453" lon="-94.362058"></trkpt><trkpt lat="34.984801" lon="-94.361371"></trkpt><trkpt lat="34.985447" lon="-94.361274"></trkpt><trkpt lat="34.986018" lon="-94.361377"></trkpt><trkpt lat="34.986446" lon="-94.361389"></trkpt><trkpt lat="34.987227" lon="-94.361701"></trkpt><trkpt lat="34.987632" lon="-94.361770"></trkpt><trkpt lat="34.988164" lon="-94.361379"></trkpt><trkpt lat="34.988014" lon="-94.360505"></trkpt><trkpt lat="34.987956" lon="-94.359779"></trkpt><trkpt lat="34.988109" lon="-94.359204"></trkpt><trkpt lat="34.988058" lon="-94.358188"></trkpt><trkpt lat="34.987720" lon="-94.357135"></trkpt><trkpt lat="34.987929" lon="-94.356184"></trkpt><trkpt lat="34.988010" lon="-94.355635"></trkpt><trkpt lat="34.987952" lon="-94.354909"></trkpt><trkpt lat="34.987792" lon="-94.354499"></trkpt><trkpt lat="34.987376" lon="-94.353850"></trkpt><trkpt lat="34.987173" lon="-94.353206"></trkpt><trkpt lat="34.987184" lon="-94.352627"></trkpt><trkpt lat="34.987687" lon="-94.352583"></trkpt><trkpt lat="34.988252" lon="-94.352888"></trkpt><trkpt lat="34.988657" lon="-94.352958"></trkpt><trkpt lat="34.988902" lon="-94.352617"></trkpt><trkpt lat="34.988867" lon="-94.351920"></trkpt><trkpt lat="34.989190" lon="-94.351205"></trkpt><trkpt lat="34.989757" lon="-94.350351"></trkpt><trkpt lat="34.990055" lon="-94.349692"></trkpt><trkpt lat="34.990259" lon="-94.349002"></trkpt><trkpt lat="34.989932" lon="-94.348588"></trkpt><trkpt lat="34.989389" lon="-94.348369"></trkpt><trkpt lat="34.988949" lon="-94.347604"></trkpt><trkpt lat="34.988965" lon="-94.346763"></trkpt><trkpt lat="34.989240" lon="-94.346104"></trkpt><trkpt lat="34.989653" lon="-94.345652"></trkpt><trkpt lat="34.989617" lon="-94.345100"></trkpt><trkpt lat="34.989460" lon="-94.344603"></trkpt><trkpt lat="34.988862" lon="-94.344645"></trkpt><trkpt lat="34.987717" lon="-94.344642"></trkpt><trkpt lat="34.987603" lon="-94.344349"></trkpt><trkpt lat="34.987541" lon="-94.343854"></trkpt><trkpt lat="34.987527" lon="-94.343303"></trkpt><trkpt lat="34.987613" lon="-94.342610"></trkpt><trkpt lat="34.987527" lon="-94.342086"></trkpt><trkpt lat="34.986985" lon="-94.341694"></trkpt><trkpt lat="34.985987" lon="-94.341521"></trkpt><trkpt lat="34.985533" lon="-94.341595"></trkpt><trkpt lat="34.985049" lon="-94.341959"></trkpt><trkpt lat="34.984379" lon="-94.341998"></trkpt><trkpt lat="34.984055" lon="-94.341526"></trkpt><trkpt lat="34.983602" lon="-94.341455"></trkpt><trkpt lat="34.983145" lon="-94.341674"></trkpt><trkpt lat="34.982801" lon="-94.340969"></trkpt><trkpt lat="34.982234" lon="-94.340692"></trkpt><trkpt lat="34.980954" lon="-94.340193"></trkpt><trkpt lat="34.979618" lon="-94.338939"></trkpt><trkpt lat="34.978913" lon="-94.338426"></trkpt><trkpt lat="34.977864" lon="-94.337064"></trkpt><trkpt lat="34.977395" lon="-94.336703"></trkpt><trkpt lat="34.976171" lon="-94.337075"></trkpt><trkpt lat="34.975541" lon="-94.337608"></trkpt><trkpt lat="34.975182" lon="-94.337656"></trkpt><trkpt lat="34.974731" lon="-94.337470"></trkpt><trkpt lat="34.973835" lon="-94.337010"></trkpt><trkpt lat="34.973596" lon="-94.337004"></trkpt><trkpt lat="34.973247" lon="-94.336530"></trkpt><trkpt lat="34.973259" lon="-94.335806"></trkpt><trkpt lat="34.973149" lon="-94.335426"></trkpt><trkpt lat="34.972191" lon="-94.335574"></trkpt><trkpt lat="34.971494" lon="-94.335844"></trkpt><trkpt lat="34.969272" lon="-94.336014"></trkpt><trkpt lat="34.968434" lon="-94.336194"></trkpt><trkpt lat="34.967767" lon="-94.336118"></trkpt><trkpt lat="34.967104" lon="-94.335983"></trkpt><trkpt lat="34.966578" lon="-94.335998"></trkpt><trkpt lat="34.965960" lon="-94.335836"></trkpt><trkpt lat="34.964981" lon="-94.335925"></trkpt><trkpt lat="34.963482" lon="-94.335680"></trkpt><trkpt lat="34.962630" lon="-94.335338"></trkpt><trkpt lat="34.961755" lon="-94.334879"></trkpt><trkpt lat="34.960926" lon="-94.334682"></trkpt><trkpt lat="34.960251" lon="-94.334953"></trkpt><trkpt lat="34.959667" lon="-94.335603"></trkpt><trkpt lat="34.959139" lon="-94.335850"></trkpt><trkpt lat="34.957746" lon="-94.336275"></trkpt><trkpt lat="34.956669" lon="-94.336447"></trkpt><trkpt lat="34.955709" lon="-94.336826"></trkpt><trkpt lat="34.955130" lon="-94.337129"></trkpt><trkpt lat="34.954464" lon="-94.337024"></trkpt><trkpt lat="34.954063" lon="-94.336868"></trkpt><trkpt lat="34.953420" lon="-94.336705"></trkpt><trkpt lat="34.952585" lon="-94.336798"></trkpt><trkpt lat="34.951936" lon="-94.336954"></trkpt><trkpt lat="34.951196" lon="-94.337020"></trkpt><trkpt lat="34.950700" lon="-94.336804"></trkpt><trkpt lat="34.949569" lon="-94.336758"></trkpt><trkpt lat="34.948358" lon="-94.336999"></trkpt></trkseg></trk><trk><name>T102 BR5F828</name><trkseg><trkpt lat="34.988978" lon="-94.374967"></trkpt><trkpt lat="34.987868" lon="-94.374443"></trkpt><trkpt lat="34.987009" lon="-94.374419"></trkpt><trkpt lat="34.986130" lon="-94.374278"></trkpt><trkpt lat="34.984695" lon="-94.373136"></trkpt><trkpt lat="34.981990" lon="-94.371176"></trkpt></trkseg></trk><trk><name>T103 BR5F828</name><trkseg><trkpt lat="36.906981" lon="-93.133241"></trkpt><trkpt lat="36.906854" lon="-93.133063"></trkpt><trkpt lat="36.906808" lon="-93.132814"></trkpt><trkpt lat="36.906739" lon="-93.132746"></trkpt><trkpt lat="36.906675" lon="-93.132519"></trkpt><trkpt lat="36.906969" lon="-93.131930"></trkpt><trkpt lat="36.907004" lon="-93.131771"></trkpt><trkpt lat="36.906996" lon="-93.131540"></trkpt><trkpt lat="36.907048" lon="-93.131362"></trkpt><trkpt lat="36.907197" lon="-93.131194"></trkpt><trkpt lat="36.907287" lon="-93.130996"></trkpt><trkpt lat="36.907383" lon="-93.130682"></trkpt><trkpt lat="36.907396" lon="-93.130199"></trkpt><trkpt lat="36.907488" lon="-93.130040"></trkpt><trkpt lat="36.907427" lon="-93.129648"></trkpt><trkpt lat="36.907435" lon="-93.129460"></trkpt><trkpt lat="36.907353" lon="-93.129114"></trkpt><trkpt lat="36.907361" lon="-93.128939"></trkpt><trkpt lat="36.907176" lon="-93.128669"></trkpt><trkpt lat="36.907151" lon="-93.128466"></trkpt><trkpt lat="36.907330" lon="-93.128076"></trkpt><trkpt lat="36.907450" lon="-93.127642"></trkpt><trkpt lat="36.907688" lon="-93.127456"></trkpt><trkpt lat="36.907765" lon="-93.127310"></trkpt><trkpt lat="36.907836" lon="-93.127266"></trkpt><trkpt lat="36.907864" lon="-93.127142"></trkpt><trkpt lat="36.907921" lon="-93.127068"></trkpt><trkpt lat="36.908052" lon="-93.127057"></trkpt><trkpt lat="36.908123" lon="-93.127005"></trkpt><trkpt lat="36.908152" lon="-93.126900"></trkpt><trkpt lat="36.908102" lon="-93.126654"></trkpt></trkseg></trk><trk><name>T104 BR5F828</name><trkseg><trkpt lat="36.917349" lon="-93.097265"></trkpt><trkpt lat="36.917309" lon="-93.097254"></trkpt><trkpt lat="36.917243" lon="-93.097130"></trkpt><trkpt lat="36.917214" lon="-93.096949"></trkpt><trkpt lat="36.917085" lon="-93.096637"></trkpt><trkpt lat="36.916812" lon="-93.096458"></trkpt><trkpt lat="36.916694" lon="-93.096317"></trkpt><trkpt lat="36.916383" lon="-93.095823"></trkpt><trkpt lat="36.916391" lon="-93.095772"></trkpt><trkpt lat="36.916121" lon="-93.095539"></trkpt><trkpt lat="36.916061" lon="-93.095565"></trkpt><trkpt lat="36.915919" lon="-93.095521"></trkpt><trkpt lat="36.915873" lon="-93.095321"></trkpt><trkpt lat="36.915836" lon="-93.095300"></trkpt><trkpt lat="36.915849" lon="-93.095211"></trkpt><trkpt lat="36.915626" lon="-93.094953"></trkpt><trkpt lat="36.915309" lon="-93.094344"></trkpt><trkpt lat="36.915250" lon="-93.094256"></trkpt><trkpt lat="36.914996" lon="-93.094061"></trkpt><trkpt lat="36.914968" lon="-93.093770"></trkpt><trkpt lat="36.914566" lon="-93.093474"></trkpt><trkpt lat="36.914280" lon="-93.093085"></trkpt><trkpt lat="36.914169" lon="-93.093057"></trkpt><trkpt lat="36.914029" lon="-93.092922"></trkpt><trkpt lat="36.913717" lon="-93.092489"></trkpt><trkpt lat="36.913752" lon="-93.092469"></trkpt><trkpt lat="36.913737" lon="-93.092417"></trkpt><trkpt lat="36.913437" lon="-93.092303"></trkpt><trkpt lat="36.913402" lon="-93.092264"></trkpt><trkpt lat="36.913417" lon="-93.092208"></trkpt><trkpt lat="36.913050" lon="-93.091973"></trkpt><trkpt lat="36.912954" lon="-93.091793"></trkpt><trkpt lat="36.912951" lon="-93.091677"></trkpt><trkpt lat="36.912888" lon="-93.091534"></trkpt><trkpt lat="36.912655" lon="-93.091341"></trkpt><trkpt lat="36.912613" lon="-93.091121"></trkpt><trkpt lat="36.912359" lon="-93.090707"></trkpt><trkpt lat="36.912173" lon="-93.090628"></trkpt><trkpt lat="36.911881" lon="-93.090338"></trkpt><trkpt lat="36.911715" lon="-93.090056"></trkpt><trkpt lat="36.911609" lon="-93.089671"></trkpt><trkpt lat="36.911517" lon="-93.089503"></trkpt><trkpt lat="36.911361" lon="-93.089409"></trkpt><trkpt lat="36.911281" lon="-93.089209"></trkpt><trkpt lat="36.911266" lon="-93.089106"></trkpt><trkpt lat="36.911295" lon="-93.089095"></trkpt><trkpt lat="36.911224" lon="-93.088792"></trkpt><trkpt lat="36.911158" lon="-93.088780"></trkpt><trkpt lat="36.911143" lon="-93.088727"></trkpt><trkpt lat="36.911147" lon="-93.088586"></trkpt><trkpt lat="36.911106" lon="-93.088538"></trkpt><trkpt lat="36.911049" lon="-93.088230"></trkpt><trkpt lat="36.911013" lon="-93.088145"></trkpt><trkpt lat="36.910884" lon="-93.088032"></trkpt><trkpt lat="36.911005" lon="-93.087960"></trkpt><trkpt lat="36.910992" lon="-93.087876"></trkpt><trkpt lat="36.911059" lon="-93.087754"></trkpt><trkpt lat="36.911025" lon="-93.087686"></trkpt><trkpt lat="36.910835" lon="-93.087517"></trkpt><trkpt lat="36.910629" lon="-93.087449"></trkpt><trkpt lat="36.910551" lon="-93.087342"></trkpt><trkpt lat="36.910257" lon="-93.087138"></trkpt><trkpt lat="36.910134" lon="-93.087200"></trkpt><trkpt lat="36.909864" lon="-93.087112"></trkpt><trkpt lat="36.909705" lon="-93.087000"></trkpt><trkpt lat="36.909567" lon="-93.086996"></trkpt><trkpt lat="36.909556" lon="-93.086948"></trkpt><trkpt lat="36.909673" lon="-93.086786"></trkpt><trkpt lat="36.909759" lon="-93.086752"></trkpt><trkpt lat="36.909836" lon="-93.086641"></trkpt><trkpt lat="36.909886" lon="-93.086637"></trkpt><trkpt lat="36.909953" lon="-93.086510"></trkpt><trkpt lat="36.909999" lon="-93.086273"></trkpt><trkpt lat="36.909953" lon="-93.086181"></trkpt><trkpt lat="36.910019" lon="-93.086142"></trkpt><trkpt lat="36.909977" lon="-93.086115"></trkpt><trkpt lat="36.909846" lon="-93.086222"></trkpt><trkpt lat="36.909701" lon="-93.086262"></trkpt><trkpt lat="36.909568" lon="-93.086100"></trkpt><trkpt lat="36.909182" lon="-93.085978"></trkpt><trkpt lat="36.909038" lon="-93.085820"></trkpt><trkpt lat="36.908757" lon="-93.085683"></trkpt><trkpt lat="36.908566" lon="-93.085480"></trkpt><trkpt lat="36.908397" lon="-93.085470"></trkpt><trkpt lat="36.908299" lon="-93.085398"></trkpt><trkpt lat="36.908206" lon="-93.085258"></trkpt><trkpt lat="36.908117" lon="-93.084957"></trkpt><trkpt lat="36.908020" lon="-93.084421"></trkpt><trkpt lat="36.907836" lon="-93.084050"></trkpt><trkpt lat="36.907527" lon="-93.083622"></trkpt><trkpt lat="36.907043" lon="-93.083352"></trkpt></trkseg></trk><trk><name>T105 BR5F828</name><trkseg><trkpt lat="37.505620" lon="-90.982608"></trkpt><trkpt lat="37.505435" lon="-90.982646"></trkpt><trkpt lat="37.505252" lon="-90.982784"></trkpt><trkpt lat="37.505684" lon="-90.983270"></trkpt><trkpt lat="37.505871" lon="-90.983398"></trkpt><trkpt lat="37.505825" lon="-90.983797"></trkpt><trkpt lat="37.505454" lon="-90.983774"></trkpt><trkpt lat="37.505024" lon="-90.983354"></trkpt><trkpt lat="37.504677" lon="-90.983164"></trkpt><trkpt lat="37.504099" lon="-90.983379"></trkpt><trkpt lat="37.503582" lon="-90.984090"></trkpt><trkpt lat="37.503303" lon="-90.984795"></trkpt><trkpt lat="37.503027" lon="-90.985665"></trkpt><trkpt lat="37.502936" lon="-90.986531"></trkpt><trkpt lat="37.502862" lon="-90.986865"></trkpt><trkpt lat="37.502339" lon="-90.987211"></trkpt><trkpt lat="37.501975" lon="-90.987553"></trkpt><trkpt lat="37.501489" lon="-90.988562"></trkpt><trkpt lat="37.500971" lon="-90.989206"></trkpt><trkpt lat="37.500661" lon="-90.989646"></trkpt><trkpt lat="37.500699" lon="-90.990276"></trkpt><trkpt lat="37.501187" lon="-90.991026"></trkpt><trkpt lat="37.501325" lon="-90.991355"></trkpt><trkpt lat="37.501090" lon="-90.991527"></trkpt><trkpt lat="37.500339" lon="-90.990916"></trkpt><trkpt lat="37.500107" lon="-90.990945"></trkpt></trkseg></trk><trk><name>T106 BR5F828</name><trkseg><trkpt lat="34.779814" lon="-94.850916"></trkpt><trkpt lat="34.779340" lon="-94.851276"></trkpt><trkpt lat="34.779009" lon="-94.851578"></trkpt><trkpt lat="34.778838" lon="-94.852109"></trkpt><trkpt lat="34.778577" lon="-94.852554"></trkpt><trkpt lat="34.778152" lon="-94.852910"></trkpt><trkpt lat="34.778032" lon="-94.853273"></trkpt><trkpt lat="34.777827" lon="-94.854395"></trkpt><trkpt lat="34.777635" lon="-94.854897"></trkpt><trkpt lat="34.777421" lon="-94.855174"></trkpt><trkpt lat="34.777075" lon="-94.855110"></trkpt><trkpt lat="34.776680" lon="-94.855157"></trkpt><trkpt lat="34.776235" lon="-94.855345"></trkpt><trkpt lat="34.775093" lon="-94.855572"></trkpt><trkpt lat="34.774767" lon="-94.855677"></trkpt><trkpt lat="34.774531" lon="-94.855954"></trkpt><trkpt lat="34.774132" lon="-94.856114"></trkpt><trkpt lat="34.773967" lon="-94.856251"></trkpt><trkpt lat="34.773801" lon="-94.856500"></trkpt><trkpt lat="34.773687" lon="-94.856470"></trkpt><trkpt lat="34.773344" lon="-94.856040"></trkpt><trkpt lat="34.773133" lon="-94.856120"></trkpt><trkpt lat="34.773060" lon="-94.856315"></trkpt><trkpt lat="34.772921" lon="-94.856452"></trkpt><trkpt lat="34.772820" lon="-94.856844"></trkpt><trkpt lat="34.772855" lon="-94.857633"></trkpt><trkpt lat="34.772642" lon="-94.857854"></trkpt><trkpt lat="34.772385" lon="-94.858017"></trkpt><trkpt lat="34.772153" lon="-94.858011"></trkpt></trkseg></trk><trk><name>T107 BR5F828</name><trkseg><trkpt lat="35.505884" lon="-92.808406"></trkpt><trkpt lat="35.505393" lon="-92.807681"></trkpt><trkpt lat="35.504638" lon="-92.806459"></trkpt><trkpt lat="35.504156" lon="-92.805779"></trkpt><trkpt lat="35.503018" lon="-92.804402"></trkpt><trkpt lat="35.502158" lon="-92.803696"></trkpt><trkpt lat="35.500888" lon="-92.802754"></trkpt><trkpt lat="35.500026" lon="-92.802272"></trkpt><trkpt lat="35.499882" lon="-92.802105"></trkpt><trkpt lat="35.499705" lon="-92.801642"></trkpt><trkpt lat="35.499451" lon="-92.801328"></trkpt><trkpt lat="35.499181" lon="-92.801161"></trkpt><trkpt lat="35.498868" lon="-92.801056"></trkpt><trkpt lat="35.498581" lon="-92.800843"></trkpt><trkpt lat="35.497927" lon="-92.800753"></trkpt><trkpt lat="35.497658" lon="-92.800687"></trkpt><trkpt lat="35.497341" lon="-92.800558"></trkpt></trkseg></trk><trk><name>T108 BR5F828</name><trkseg><trkpt lat="35.520877" lon="-92.817944"></trkpt><trkpt lat="35.520744" lon="-92.817801"></trkpt><trkpt lat="35.520695" lon="-92.817702"></trkpt><trkpt lat="35.520914" lon="-92.817506"></trkpt><trkpt lat="35.520950" lon="-92.817197"></trkpt><trkpt lat="35.521086" lon="-92.816954"></trkpt><trkpt lat="35.521088" lon="-92.816726"></trkpt><trkpt lat="35.521393" lon="-92.816524"></trkpt><trkpt lat="35.521547" lon="-92.815855"></trkpt><trkpt lat="35.521751" lon="-92.815559"></trkpt><trkpt lat="35.521805" lon="-92.815269"></trkpt><trkpt lat="35.521846" lon="-92.815204"></trkpt><trkpt lat="35.521998" lon="-92.815134"></trkpt><trkpt lat="35.522380" lon="-92.815069"></trkpt><trkpt lat="35.522459" lon="-92.815020"></trkpt><trkpt lat="35.522495" lon="-92.814929"></trkpt><trkpt lat="35.522759" lon="-92.814834"></trkpt><trkpt lat="35.522884" lon="-92.814754"></trkpt><trkpt lat="35.523036" lon="-92.814595"></trkpt><trkpt lat="35.523079" lon="-92.814383"></trkpt><trkpt lat="35.523605" lon="-92.813950"></trkpt><trkpt lat="35.523926" lon="-92.813787"></trkpt><trkpt lat="35.524161" lon="-92.813540"></trkpt><trkpt lat="35.524376" lon="-92.813373"></trkpt><trkpt lat="35.524600" lon="-92.813314"></trkpt><trkpt lat="35.524792" lon="-92.813312"></trkpt><trkpt lat="35.525194" lon="-92.813069"></trkpt><trkpt lat="35.525307" lon="-92.813076"></trkpt><trkpt lat="35.525655" lon="-92.812988"></trkpt><trkpt lat="35.525946" lon="-92.813231"></trkpt><trkpt lat="35.526247" lon="-92.813304"></trkpt><trkpt lat="35.526811" lon="-92.813321"></trkpt><trkpt lat="35.526881" lon="-92.813228"></trkpt><trkpt lat="35.526956" lon="-92.813223"></trkpt><trkpt lat="35.527067" lon="-92.813501"></trkpt><trkpt lat="35.527371" lon="-92.813754"></trkpt><trkpt lat="35.527466" lon="-92.813807"></trkpt><trkpt lat="35.527669" lon="-92.813720"></trkpt><trkpt lat="35.527797" lon="-92.813763"></trkpt><trkpt lat="35.527817" lon="-92.813746"></trkpt><trkpt lat="35.527771" lon="-92.813585"></trkpt><trkpt lat="35.527590" lon="-92.813309"></trkpt><trkpt lat="35.527444" lon="-92.813250"></trkpt><trkpt lat="35.527391" lon="-92.813192"></trkpt><trkpt lat="35.527331" lon="-92.812711"></trkpt><trkpt lat="35.527361" lon="-92.812568"></trkpt><trkpt lat="35.527430" lon="-92.812476"></trkpt><trkpt lat="35.527324" lon="-92.812244"></trkpt><trkpt lat="35.526949" lon="-92.811875"></trkpt><trkpt lat="35.527169" lon="-92.811748"></trkpt><trkpt lat="35.527484" lon="-92.811382"></trkpt><trkpt lat="35.527601" lon="-92.811061"></trkpt><trkpt lat="35.527709" lon="-92.810990"></trkpt><trkpt lat="35.527808" lon="-92.810983"></trkpt><trkpt lat="35.528104" lon="-92.811536"></trkpt><trkpt lat="35.528183" lon="-92.811754"></trkpt><trkpt lat="35.528362" lon="-92.812032"></trkpt><trkpt lat="35.528878" lon="-92.812167"></trkpt><trkpt lat="35.529274" lon="-92.812483"></trkpt><trkpt lat="35.529360" lon="-92.812503"></trkpt><trkpt lat="35.529448" lon="-92.812785"></trkpt><trkpt lat="35.529445" lon="-92.812862"></trkpt><trkpt lat="35.529370" lon="-92.813039"></trkpt><trkpt lat="35.529390" lon="-92.813107"></trkpt><trkpt lat="35.529554" lon="-92.813164"></trkpt><trkpt lat="35.529727" lon="-92.813379"></trkpt><trkpt lat="35.529877" lon="-92.813494"></trkpt><trkpt lat="35.530036" lon="-92.813533"></trkpt><trkpt lat="35.530054" lon="-92.813427"></trkpt><trkpt lat="35.530005" lon="-92.813038"></trkpt><trkpt lat="35.529946" lon="-92.812984"></trkpt><trkpt lat="35.529909" lon="-92.812889"></trkpt><trkpt lat="35.529894" lon="-92.812718"></trkpt><trkpt lat="35.530087" lon="-92.812470"></trkpt><trkpt lat="35.530190" lon="-92.812254"></trkpt><trkpt lat="35.530230" lon="-92.811920"></trkpt><trkpt lat="35.530198" lon="-92.811779"></trkpt><trkpt lat="35.530072" lon="-92.811603"></trkpt><trkpt lat="35.529893" lon="-92.811487"></trkpt><trkpt lat="35.529727" lon="-92.811281"></trkpt><trkpt lat="35.529464" lon="-92.810645"></trkpt><trkpt lat="35.529539" lon="-92.809942"></trkpt><trkpt lat="35.529352" lon="-92.809917"></trkpt><trkpt lat="35.529299" lon="-92.809875"></trkpt><trkpt lat="35.529423" lon="-92.809628"></trkpt><trkpt lat="35.529470" lon="-92.809120"></trkpt><trkpt lat="35.529547" lon="-92.808925"></trkpt><trkpt lat="35.529407" lon="-92.808545"></trkpt><trkpt lat="35.529211" lon="-92.808386"></trkpt><trkpt lat="35.528960" lon="-92.807890"></trkpt><trkpt lat="35.529280" lon="-92.807686"></trkpt><trkpt lat="35.529377" lon="-92.807344"></trkpt><trkpt lat="35.529427" lon="-92.806854"></trkpt><trkpt lat="35.529131" lon="-92.806533"></trkpt><trkpt lat="35.529157" lon="-92.806355"></trkpt><trkpt lat="35.529049" lon="-92.806284"></trkpt><trkpt lat="35.529053" lon="-92.806201"></trkpt><trkpt lat="35.529157" lon="-92.805981"></trkpt><trkpt lat="35.529141" lon="-92.805894"></trkpt><trkpt lat="35.529068" lon="-92.805845"></trkpt><trkpt lat="35.528893" lon="-92.805822"></trkpt></trkseg></trk><trk><name>T109 BR5F828</name><trkseg><trkpt lat="36.878446" lon="-93.103588"></trkpt><trkpt lat="36.878190" lon="-93.103308"></trkpt><trkpt lat="36.877987" lon="-93.103234"></trkpt><trkpt lat="36.877758" lon="-93.103258"></trkpt><trkpt lat="36.877439" lon="-93.103402"></trkpt><trkpt lat="36.877084" lon="-93.103196"></trkpt><trkpt lat="36.876800" lon="-93.103096"></trkpt><trkpt lat="36.876548" lon="-93.102831"></trkpt><trkpt lat="36.875813" lon="-93.102493"></trkpt><trkpt lat="36.875610" lon="-93.102503"></trkpt><trkpt lat="36.875227" lon="-93.102778"></trkpt><trkpt lat="36.875273" lon="-93.102927"></trkpt><trkpt lat="36.875077" lon="-93.103106"></trkpt><trkpt lat="36.874938" lon="-93.103044"></trkpt><trkpt lat="36.874817" lon="-93.102934"></trkpt><trkpt lat="36.874683" lon="-93.102910"></trkpt><trkpt lat="36.874432" lon="-93.102701"></trkpt><trkpt lat="36.874107" lon="-93.102560"></trkpt><trkpt lat="36.873758" lon="-93.102499"></trkpt></trkseg></trk><trk><name>T110 BR5F828</name><trkseg><trkpt lat="35.490387" lon="-92.793308"></trkpt><trkpt lat="35.491030" lon="-92.793226"></trkpt><trkpt lat="35.491602" lon="-92.793353"></trkpt><trkpt lat="35.491872" lon="-92.793596"></trkpt><trkpt lat="35.492086" lon="-92.793937"></trkpt></trkseg></trk><trk><name>T111 BR5F828</name><trkseg><trkpt lat="35.492103" lon="-92.793938"></trkpt><trkpt lat="35.492123" lon="-92.794045"></trkpt><trkpt lat="35.492316" lon="-92.794482"></trkpt><trkpt lat="35.492428" lon="-92.794654"></trkpt><trkpt lat="35.492397" lon="-92.794723"></trkpt><trkpt lat="35.492511" lon="-92.795268"></trkpt><trkpt lat="35.492821" lon="-92.795685"></trkpt><trkpt lat="35.493026" lon="-92.795874"></trkpt><trkpt lat="35.493246" lon="-92.796641"></trkpt><trkpt lat="35.493371" lon="-92.796942"></trkpt><trkpt lat="35.493526" lon="-92.797174"></trkpt><trkpt lat="35.493871" lon="-92.797436"></trkpt><trkpt lat="35.494093" lon="-92.797550"></trkpt><trkpt lat="35.494203" lon="-92.797563"></trkpt><trkpt lat="35.494296" lon="-92.797549"></trkpt><trkpt lat="35.494488" lon="-92.797447"></trkpt><trkpt lat="35.494668" lon="-92.797116"></trkpt></trkseg></trk><trk><name>T112 BR5F828</name><trkseg><trkpt lat="36.915372" lon="-93.084505"></trkpt><trkpt lat="36.915318" lon="-93.084669"></trkpt><trkpt lat="36.915375" lon="-93.084732"></trkpt><trkpt lat="36.915382" lon="-93.084883"></trkpt><trkpt lat="36.915247" lon="-93.084905"></trkpt><trkpt lat="36.915106" lon="-93.085023"></trkpt><trkpt lat="36.914976" lon="-93.085027"></trkpt><trkpt lat="36.914877" lon="-93.085212"></trkpt><trkpt lat="36.915006" lon="-93.085423"></trkpt><trkpt lat="36.915061" lon="-93.085670"></trkpt><trkpt lat="36.914930" lon="-93.085919"></trkpt><trkpt lat="36.914789" lon="-93.085933"></trkpt><trkpt lat="36.914158" lon="-93.085459"></trkpt><trkpt lat="36.913679" lon="-93.085639"></trkpt><trkpt lat="36.913456" lon="-93.085760"></trkpt><trkpt lat="36.913320" lon="-93.085903"></trkpt><trkpt lat="36.913214" lon="-93.085793"></trkpt><trkpt lat="36.912941" lon="-93.085724"></trkpt><trkpt lat="36.912918" lon="-93.085647"></trkpt><trkpt lat="36.912833" lon="-93.085687"></trkpt><trkpt lat="36.912735" lon="-93.085620"></trkpt><trkpt lat="36.912602" lon="-93.085664"></trkpt></trkseg></trk><trk><name>T113 BR5F828</name><trkseg><trkpt lat="35.489671" lon="-92.827742"></trkpt><trkpt lat="35.489264" lon="-92.827571"></trkpt><trkpt lat="35.488608" lon="-92.827665"></trkpt><trkpt lat="35.488610" lon="-92.827364"></trkpt><trkpt lat="35.488504" lon="-92.826896"></trkpt><trkpt lat="35.488453" lon="-92.826294"></trkpt><trkpt lat="35.488372" lon="-92.826226"></trkpt><trkpt lat="35.488072" lon="-92.826223"></trkpt><trkpt lat="35.487990" lon="-92.826122"></trkpt><trkpt lat="35.487911" lon="-92.825754"></trkpt><trkpt lat="35.487829" lon="-92.825720"></trkpt><trkpt lat="35.487777" lon="-92.825419"></trkpt><trkpt lat="35.487834" lon="-92.824952"></trkpt><trkpt lat="35.487756" lon="-92.824383"></trkpt><trkpt lat="35.487758" lon="-92.824149"></trkpt><trkpt lat="35.487704" lon="-92.823982"></trkpt><trkpt lat="35.487460" lon="-92.823812"></trkpt><trkpt lat="35.487080" lon="-92.823441"></trkpt><trkpt lat="35.486835" lon="-92.823305"></trkpt><trkpt lat="35.486754" lon="-92.823104"></trkpt><trkpt lat="35.486840" lon="-92.822604"></trkpt><trkpt lat="35.486978" lon="-92.822305"></trkpt><trkpt lat="35.486898" lon="-92.822037"></trkpt><trkpt lat="35.486873" lon="-92.821703"></trkpt><trkpt lat="35.486766" lon="-92.821401"></trkpt><trkpt lat="35.486740" lon="-92.821234"></trkpt><trkpt lat="35.486550" lon="-92.821098"></trkpt><trkpt lat="35.486306" lon="-92.820762"></trkpt><trkpt lat="35.486172" lon="-92.820426"></trkpt><trkpt lat="35.485983" lon="-92.820124"></trkpt><trkpt lat="35.485765" lon="-92.820055"></trkpt><trkpt lat="35.485630" lon="-92.819820"></trkpt><trkpt lat="35.485631" lon="-92.819619"></trkpt><trkpt lat="35.485769" lon="-92.819454"></trkpt><trkpt lat="35.485960" lon="-92.819422"></trkpt><trkpt lat="35.486124" lon="-92.819491"></trkpt><trkpt lat="35.486259" lon="-92.819592"></trkpt><trkpt lat="35.486341" lon="-92.819593"></trkpt><trkpt lat="35.486561" lon="-92.819362"></trkpt><trkpt lat="35.486673" lon="-92.819029"></trkpt><trkpt lat="35.486702" lon="-92.818829"></trkpt><trkpt lat="35.486594" lon="-92.818527"></trkpt><trkpt lat="35.486324" lon="-92.818124"></trkpt><trkpt lat="35.486161" lon="-92.818022"></trkpt><trkpt lat="35.486024" lon="-92.817987"></trkpt><trkpt lat="35.485639" lon="-92.818417"></trkpt><trkpt lat="35.485172" lon="-92.818780"></trkpt><trkpt lat="35.485171" lon="-92.818913"></trkpt><trkpt lat="35.484923" lon="-92.819245"></trkpt><trkpt lat="35.484346" lon="-92.819807"></trkpt><trkpt lat="35.484099" lon="-92.820004"></trkpt><trkpt lat="35.484151" lon="-92.820306"></trkpt><trkpt lat="35.484150" lon="-92.820506"></trkpt><trkpt lat="35.484204" lon="-92.820607"></trkpt><trkpt lat="35.484394" lon="-92.820809"></trkpt><trkpt lat="35.484391" lon="-92.821276"></trkpt><trkpt lat="35.484280" lon="-92.821509"></trkpt><trkpt lat="35.484251" lon="-92.821709"></trkpt><trkpt lat="35.484466" lon="-92.822212"></trkpt><trkpt lat="35.484764" lon="-92.822616"></trkpt><trkpt lat="35.485363" lon="-92.822923"></trkpt><trkpt lat="35.485499" lon="-92.822924"></trkpt><trkpt lat="35.485689" lon="-92.823060"></trkpt><trkpt lat="35.485715" lon="-92.823260"></trkpt><trkpt lat="35.485987" lon="-92.823430"></trkpt><trkpt lat="35.486368" lon="-92.823768"></trkpt><trkpt lat="35.486666" lon="-92.824105"></trkpt><trkpt lat="35.487098" lon="-92.824811"></trkpt><trkpt lat="35.487340" lon="-92.825314"></trkpt><trkpt lat="35.487606" lon="-92.826419"></trkpt><trkpt lat="35.487604" lon="-92.826719"></trkpt><trkpt lat="35.488008" lon="-92.827458"></trkpt><trkpt lat="35.488062" lon="-92.827659"></trkpt><trkpt lat="35.488137" lon="-92.828595"></trkpt><trkpt lat="35.488847" lon="-92.828669"></trkpt><trkpt lat="35.489093" lon="-92.828572"></trkpt><trkpt lat="35.489315" lon="-92.828140"></trkpt><trkpt lat="35.489699" lon="-92.827943"></trkpt></trkseg></trk><trk><name>T114 BR5F828</name><trkseg><trkpt lat="36.906629" lon="-93.096999"></trkpt><trkpt lat="36.906696" lon="-93.096681"></trkpt><trkpt lat="36.906665" lon="-93.096665"></trkpt><trkpt lat="36.906668" lon="-93.096546"></trkpt><trkpt lat="36.906630" lon="-93.096487"></trkpt><trkpt lat="36.906611" lon="-93.096234"></trkpt><trkpt lat="36.906660" lon="-93.096156"></trkpt><trkpt lat="36.906634" lon="-93.096068"></trkpt><trkpt lat="36.906747" lon="-93.095937"></trkpt><trkpt lat="36.906736" lon="-93.095866"></trkpt><trkpt lat="36.906703" lon="-93.095849"></trkpt><trkpt lat="36.906782" lon="-93.095651"></trkpt><trkpt lat="36.906792" lon="-93.095478"></trkpt><trkpt lat="36.906911" lon="-93.095260"></trkpt><trkpt lat="36.906875" lon="-93.094944"></trkpt><trkpt lat="36.906955" lon="-93.094686"></trkpt><trkpt lat="36.906918" lon="-93.094497"></trkpt><trkpt lat="36.906944" lon="-93.094171"></trkpt><trkpt lat="36.906859" lon="-93.093912"></trkpt><trkpt lat="36.906891" lon="-93.093639"></trkpt><trkpt lat="36.906808" lon="-93.093352"></trkpt><trkpt lat="36.906860" lon="-93.093122"></trkpt><trkpt lat="36.906843" lon="-93.093039"></trkpt><trkpt lat="36.906776" lon="-93.093013"></trkpt><trkpt lat="36.906359" lon="-93.093201"></trkpt><trkpt lat="36.906158" lon="-93.093202"></trkpt><trkpt lat="36.906087" lon="-93.093082"></trkpt><trkpt lat="36.906090" lon="-93.092931"></trkpt><trkpt lat="36.906354" lon="-93.091927"></trkpt><trkpt lat="36.906448" lon="-93.091683"></trkpt><trkpt lat="36.906415" lon="-93.091415"></trkpt><trkpt lat="36.906430" lon="-93.091228"></trkpt><trkpt lat="36.906596" lon="-93.090815"></trkpt><trkpt lat="36.906663" lon="-93.089755"></trkpt><trkpt lat="36.906458" lon="-93.089206"></trkpt><trkpt lat="36.906616" lon="-93.088937"></trkpt><trkpt lat="36.906561" lon="-93.088815"></trkpt><trkpt lat="36.906598" lon="-93.088766"></trkpt><trkpt lat="36.906713" lon="-93.088749"></trkpt><trkpt lat="36.906884" lon="-93.088597"></trkpt><trkpt lat="36.906995" lon="-93.088622"></trkpt><trkpt lat="36.907174" lon="-93.088520"></trkpt><trkpt lat="36.907185" lon="-93.088215"></trkpt></trkseg></trk><trk><name>T115 BR5F828</name><trkseg><trkpt lat="35.569473" lon="-93.126650"></trkpt><trkpt lat="35.569973" lon="-93.127819"></trkpt><trkpt lat="35.570499" lon="-93.128068"></trkpt><trkpt lat="35.570959" lon="-93.128155"></trkpt><trkpt lat="35.571356" lon="-93.128000"></trkpt><trkpt lat="35.571625" lon="-93.127519"></trkpt><trkpt lat="35.572087" lon="-93.127445"></trkpt><trkpt lat="35.573076" lon="-93.127459"></trkpt><trkpt lat="35.573546" lon="-93.127370"></trkpt><trkpt lat="35.573690" lon="-93.127166"></trkpt><trkpt lat="35.573636" lon="-93.126296"></trkpt><trkpt lat="35.573669" lon="-93.126079"></trkpt><trkpt lat="35.574008" lon="-93.125233"></trkpt><trkpt lat="35.574110" lon="-93.124813"></trkpt><trkpt lat="35.574499" lon="-93.124129"></trkpt><trkpt lat="35.574530" lon="-93.124019"></trkpt><trkpt lat="35.574517" lon="-93.123818"></trkpt><trkpt lat="35.574416" lon="-93.123653"></trkpt><trkpt lat="35.574280" lon="-93.123312"></trkpt><trkpt lat="35.574273" lon="-93.123116"></trkpt><trkpt lat="35.574336" lon="-93.123034"></trkpt><trkpt lat="35.574529" lon="-93.122965"></trkpt><trkpt lat="35.574704" lon="-93.122977"></trkpt><trkpt lat="35.574959" lon="-93.122944"></trkpt><trkpt lat="35.575399" lon="-93.122794"></trkpt><trkpt lat="35.575505" lon="-93.122735"></trkpt><trkpt lat="35.575591" lon="-93.122592"></trkpt><trkpt lat="35.575603" lon="-93.122458"></trkpt><trkpt lat="35.575571" lon="-93.122316"></trkpt><trkpt lat="35.575428" lon="-93.122168"></trkpt><trkpt lat="35.575177" lon="-93.121992"></trkpt><trkpt lat="35.575034" lon="-93.121805"></trkpt><trkpt lat="35.575017" lon="-93.121694"></trkpt><trkpt lat="35.575050" lon="-93.121553"></trkpt><trkpt lat="35.575117" lon="-93.121520"></trkpt><trkpt lat="35.575440" lon="-93.121593"></trkpt><trkpt lat="35.575603" lon="-93.121597"></trkpt><trkpt lat="35.575660" lon="-93.121470"></trkpt><trkpt lat="35.575652" lon="-93.121397"></trkpt><trkpt lat="35.575281" lon="-93.120745"></trkpt><trkpt lat="35.575052" lon="-93.120407"></trkpt><trkpt lat="35.574969" lon="-93.120221"></trkpt><trkpt lat="35.574998" lon="-93.120176"></trkpt><trkpt lat="35.575057" lon="-93.120167"></trkpt><trkpt lat="35.575429" lon="-93.120428"></trkpt><trkpt lat="35.575963" lon="-93.120702"></trkpt><trkpt lat="35.576310" lon="-93.121103"></trkpt><trkpt lat="35.576508" lon="-93.121099"></trkpt><trkpt lat="35.576581" lon="-93.121018"></trkpt><trkpt lat="35.576611" lon="-93.120896"></trkpt><trkpt lat="35.576540" lon="-93.120302"></trkpt><trkpt lat="35.576693" lon="-93.119767"></trkpt><trkpt lat="35.576938" lon="-93.119322"></trkpt><trkpt lat="35.577052" lon="-93.119185"></trkpt><trkpt lat="35.577177" lon="-93.119115"></trkpt></trkseg></trk><trk><name>T116 BR5F828</name><trkseg><trkpt lat="36.893671" lon="-93.108178"></trkpt><trkpt lat="36.893444" lon="-93.108702"></trkpt><trkpt lat="36.893424" lon="-93.108907"></trkpt><trkpt lat="36.893339" lon="-93.109111"></trkpt><trkpt lat="36.892731" lon="-93.109350"></trkpt><trkpt lat="36.892297" lon="-93.109398"></trkpt><trkpt lat="36.891429" lon="-93.110006"></trkpt><trkpt lat="36.891115" lon="-93.110163"></trkpt><trkpt lat="36.890972" lon="-93.110341"></trkpt><trkpt lat="36.890828" lon="-93.110368"></trkpt><trkpt lat="36.890576" lon="-93.110539"></trkpt><trkpt lat="36.890449" lon="-93.110525"></trkpt><trkpt lat="36.890132" lon="-93.110696"></trkpt><trkpt lat="36.889602" lon="-93.110805"></trkpt><trkpt lat="36.889097" lon="-93.111065"></trkpt><trkpt lat="36.888875" lon="-93.111126"></trkpt><trkpt lat="36.888831" lon="-93.111181"></trkpt><trkpt lat="36.888711" lon="-93.111229"></trkpt><trkpt lat="36.887980" lon="-93.111201"></trkpt><trkpt lat="36.887704" lon="-93.111147"></trkpt><trkpt lat="36.887581" lon="-93.111277"></trkpt><trkpt lat="36.887389" lon="-93.111393"></trkpt><trkpt lat="36.887342" lon="-93.111365"></trkpt><trkpt lat="36.887185" lon="-93.111434"></trkpt><trkpt lat="36.886904" lon="-93.111482"></trkpt><trkpt lat="36.886802" lon="-93.111591"></trkpt><trkpt lat="36.886693" lon="-93.111639"></trkpt><trkpt lat="36.886546" lon="-93.111782"></trkpt><trkpt lat="36.886464" lon="-93.111803"></trkpt><trkpt lat="36.886215" lon="-93.112021"></trkpt><trkpt lat="36.885948" lon="-93.112083"></trkpt><trkpt lat="36.885805" lon="-93.112287"></trkpt><trkpt lat="36.885617" lon="-93.112383"></trkpt><trkpt lat="36.885084" lon="-93.112185"></trkpt><trkpt lat="36.884886" lon="-93.112144"></trkpt><trkpt lat="36.884808" lon="-93.112083"></trkpt><trkpt lat="36.884753" lon="-93.112083"></trkpt><trkpt lat="36.884664" lon="-93.112144"></trkpt><trkpt lat="36.884592" lon="-93.112089"></trkpt><trkpt lat="36.884446" lon="-93.112083"></trkpt><trkpt lat="36.883957" lon="-93.111966"></trkpt><trkpt lat="36.883650" lon="-93.111953"></trkpt><trkpt lat="36.883158" lon="-93.111823"></trkpt><trkpt lat="36.882571" lon="-93.111789"></trkpt><trkpt lat="36.882335" lon="-93.111645"></trkpt><trkpt lat="36.882127" lon="-93.111372"></trkpt><trkpt lat="36.882007" lon="-93.111304"></trkpt><trkpt lat="36.881594" lon="-93.111400"></trkpt><trkpt lat="36.881430" lon="-93.111475"></trkpt><trkpt lat="36.881235" lon="-93.111441"></trkpt><trkpt lat="36.881126" lon="-93.111386"></trkpt><trkpt lat="36.880904" lon="-93.111427"></trkpt><trkpt lat="36.880610" lon="-93.111584"></trkpt><trkpt lat="36.880313" lon="-93.111482"></trkpt><trkpt lat="36.879558" lon="-93.111633"></trkpt><trkpt lat="36.879258" lon="-93.111646"></trkpt><trkpt lat="36.879169" lon="-93.111604"></trkpt><trkpt lat="36.879075" lon="-93.111609"></trkpt><trkpt lat="36.879011" lon="-93.111701"></trkpt><trkpt lat="36.878861" lon="-93.111698"></trkpt><trkpt lat="36.878471" lon="-93.111797"></trkpt></trkseg></trk><trk><name>T117 BR5F828</name><trkseg><trkpt lat="36.879123" lon="-93.102967"></trkpt><trkpt lat="36.878640" lon="-93.102898"></trkpt><trkpt lat="36.878351" lon="-93.102790"></trkpt><trkpt lat="36.878122" lon="-93.102479"></trkpt><trkpt lat="36.877997" lon="-93.102200"></trkpt><trkpt lat="36.877729" lon="-93.101950"></trkpt><trkpt lat="36.877574" lon="-93.101830"></trkpt><trkpt lat="36.877030" lon="-93.101648"></trkpt><trkpt lat="36.876577" lon="-93.101235"></trkpt><trkpt lat="36.876114" lon="-93.100998"></trkpt><trkpt lat="36.875850" lon="-93.100950"></trkpt><trkpt lat="36.874942" lon="-93.100604"></trkpt><trkpt lat="36.874370" lon="-93.100327"></trkpt><trkpt lat="36.874293" lon="-93.100213"></trkpt><trkpt lat="36.874173" lon="-93.100188"></trkpt></trkseg></trk><trk><name>T118 BR5F828</name><trkseg><trkpt lat="36.884373" lon="-93.105550"></trkpt><trkpt lat="36.884278" lon="-93.105580"></trkpt><trkpt lat="36.884227" lon="-93.105649"></trkpt><trkpt lat="36.884111" lon="-93.105655"></trkpt><trkpt lat="36.884073" lon="-93.105690"></trkpt><trkpt lat="36.883797" lon="-93.105655"></trkpt><trkpt lat="36.883616" lon="-93.105683"></trkpt><trkpt lat="36.883592" lon="-93.105765"></trkpt><trkpt lat="36.883708" lon="-93.105806"></trkpt><trkpt lat="36.883780" lon="-93.105785"></trkpt><trkpt lat="36.883834" lon="-93.105833"></trkpt><trkpt lat="36.884022" lon="-93.105867"></trkpt><trkpt lat="36.884295" lon="-93.106120"></trkpt><trkpt lat="36.884268" lon="-93.106154"></trkpt><trkpt lat="36.884289" lon="-93.106222"></trkpt><trkpt lat="36.883674" lon="-93.106489"></trkpt><trkpt lat="36.883421" lon="-93.106892"></trkpt><trkpt lat="36.883387" lon="-93.107124"></trkpt><trkpt lat="36.883240" lon="-93.107131"></trkpt><trkpt lat="36.883076" lon="-93.107377"></trkpt><trkpt lat="36.882970" lon="-93.107438"></trkpt><trkpt lat="36.882841" lon="-93.107629"></trkpt><trkpt lat="36.882724" lon="-93.107643"></trkpt><trkpt lat="36.882718" lon="-93.107595"></trkpt><trkpt lat="36.882622" lon="-93.107609"></trkpt><trkpt lat="36.882506" lon="-93.107684"></trkpt><trkpt lat="36.882369" lon="-93.107964"></trkpt><trkpt lat="36.882185" lon="-93.108661"></trkpt><trkpt lat="36.882192" lon="-93.108872"></trkpt><trkpt lat="36.882157" lon="-93.108927"></trkpt><trkpt lat="36.882096" lon="-93.109412"></trkpt><trkpt lat="36.882117" lon="-93.109911"></trkpt><trkpt lat="36.882212" lon="-93.110580"></trkpt><trkpt lat="36.882154" lon="-93.110921"></trkpt><trkpt lat="36.882082" lon="-93.111031"></trkpt><trkpt lat="36.882010" lon="-93.111305"></trkpt></trkseg></trk><trk><name>T119 BR5F828</name><trkseg><trkpt lat="34.688296" lon="-93.963172"></trkpt><trkpt lat="34.688022" lon="-93.963044"></trkpt><trkpt lat="34.688029" lon="-93.963022"></trkpt><trkpt lat="34.687921" lon="-93.963002"></trkpt><trkpt lat="34.687765" lon="-93.962845"></trkpt><trkpt lat="34.687686" lon="-93.962828"></trkpt><trkpt lat="34.687411" lon="-93.962828"></trkpt><trkpt lat="34.687060" lon="-93.962998"></trkpt><trkpt lat="34.686969" lon="-93.963146"></trkpt><trkpt lat="34.686906" lon="-93.963988"></trkpt><trkpt lat="34.686932" lon="-93.964146"></trkpt><trkpt lat="34.686919" lon="-93.964253"></trkpt><trkpt lat="34.686860" lon="-93.964350"></trkpt><trkpt lat="34.686845" lon="-93.964498"></trkpt><trkpt lat="34.687082" lon="-93.964849"></trkpt><trkpt lat="34.687162" lon="-93.965175"></trkpt><trkpt lat="34.687232" lon="-93.965217"></trkpt><trkpt lat="34.687415" lon="-93.965438"></trkpt><trkpt lat="34.687446" lon="-93.965854"></trkpt><trkpt lat="34.687321" lon="-93.966215"></trkpt><trkpt lat="34.687321" lon="-93.966753"></trkpt><trkpt lat="34.687593" lon="-93.967192"></trkpt><trkpt lat="34.687673" lon="-93.967268"></trkpt><trkpt lat="34.687833" lon="-93.967340"></trkpt><trkpt lat="34.688366" lon="-93.967463"></trkpt><trkpt lat="34.688671" lon="-93.967610"></trkpt><trkpt lat="34.688974" lon="-93.967811"></trkpt><trkpt lat="34.689082" lon="-93.967833"></trkpt><trkpt lat="34.689318" lon="-93.967956"></trkpt><trkpt lat="34.689378" lon="-93.968005"></trkpt><trkpt lat="34.689412" lon="-93.968099"></trkpt><trkpt lat="34.689305" lon="-93.968444"></trkpt><trkpt lat="34.689223" lon="-93.968591"></trkpt><trkpt lat="34.689127" lon="-93.968683"></trkpt><trkpt lat="34.688987" lon="-93.968750"></trkpt><trkpt lat="34.688869" lon="-93.968875"></trkpt><trkpt lat="34.688640" lon="-93.968984"></trkpt><trkpt lat="34.688579" lon="-93.969063"></trkpt><trkpt lat="34.688605" lon="-93.969138"></trkpt><trkpt lat="34.688777" lon="-93.969330"></trkpt><trkpt lat="34.688870" lon="-93.969536"></trkpt><trkpt lat="34.688971" lon="-93.969925"></trkpt><trkpt lat="34.688978" lon="-93.970118"></trkpt><trkpt lat="34.689355" lon="-93.970447"></trkpt><trkpt lat="34.689406" lon="-93.970533"></trkpt><trkpt lat="34.689655" lon="-93.971210"></trkpt><trkpt lat="34.689762" lon="-93.971376"></trkpt><trkpt lat="34.689888" lon="-93.971675"></trkpt><trkpt lat="34.689857" lon="-93.971874"></trkpt><trkpt lat="34.689626" lon="-93.972333"></trkpt><trkpt lat="34.689412" lon="-93.972595"></trkpt><trkpt lat="34.689171" lon="-93.972795"></trkpt><trkpt lat="34.689079" lon="-93.973091"></trkpt><trkpt lat="34.688857" lon="-93.973476"></trkpt><trkpt lat="34.688835" lon="-93.973633"></trkpt><trkpt lat="34.688883" lon="-93.973940"></trkpt><trkpt lat="34.688837" lon="-93.974024"></trkpt><trkpt lat="34.688841" lon="-93.974108"></trkpt><trkpt lat="34.688976" lon="-93.974723"></trkpt><trkpt lat="34.689053" lon="-93.975469"></trkpt><trkpt lat="34.689061" lon="-93.975841"></trkpt><trkpt lat="34.689232" lon="-93.976508"></trkpt><trkpt lat="34.689294" lon="-93.977181"></trkpt><trkpt lat="34.689429" lon="-93.977732"></trkpt><trkpt lat="34.689667" lon="-93.978134"></trkpt><trkpt lat="34.689767" lon="-93.978369"></trkpt><trkpt lat="34.689869" lon="-93.978803"></trkpt><trkpt lat="34.690031" lon="-93.979148"></trkpt><trkpt lat="34.690288" lon="-93.979488"></trkpt><trkpt lat="34.690636" lon="-93.979859"></trkpt><trkpt lat="34.690784" lon="-93.979977"></trkpt><trkpt lat="34.691110" lon="-93.980138"></trkpt><trkpt lat="34.691352" lon="-93.980331"></trkpt><trkpt lat="34.691450" lon="-93.980458"></trkpt><trkpt lat="34.691694" lon="-93.980624"></trkpt><trkpt lat="34.691879" lon="-93.980897"></trkpt><trkpt lat="34.692110" lon="-93.981364"></trkpt><trkpt lat="34.692219" lon="-93.981466"></trkpt><trkpt lat="34.692457" lon="-93.981599"></trkpt><trkpt lat="34.692832" lon="-93.982084"></trkpt><trkpt lat="34.693463" lon="-93.982719"></trkpt><trkpt lat="34.693651" lon="-93.982837"></trkpt><trkpt lat="34.693778" lon="-93.982999"></trkpt><trkpt lat="34.693940" lon="-93.983049"></trkpt><trkpt lat="34.694087" lon="-93.983054"></trkpt><trkpt lat="34.694351" lon="-93.983229"></trkpt><trkpt lat="34.695007" lon="-93.983799"></trkpt><trkpt lat="34.695299" lon="-93.983959"></trkpt><trkpt lat="34.695594" lon="-93.984246"></trkpt><trkpt lat="34.695812" lon="-93.984406"></trkpt><trkpt lat="34.696001" lon="-93.984758"></trkpt><trkpt lat="34.695970" lon="-93.984881"></trkpt><trkpt lat="34.696027" lon="-93.985088"></trkpt><trkpt lat="34.696174" lon="-93.985297"></trkpt><trkpt lat="34.696222" lon="-93.985470"></trkpt><trkpt lat="34.696414" lon="-93.985763"></trkpt><trkpt lat="34.696473" lon="-93.985749"></trkpt><trkpt lat="34.696710" lon="-93.985968"></trkpt><trkpt lat="34.696864" lon="-93.986172"></trkpt><trkpt lat="34.696991" lon="-93.986650"></trkpt><trkpt lat="34.697109" lon="-93.986792"></trkpt><trkpt lat="34.697166" lon="-93.986954"></trkpt><trkpt lat="34.697259" lon="-93.986981"></trkpt><trkpt lat="34.697298" lon="-93.987101"></trkpt><trkpt lat="34.697295" lon="-93.987510"></trkpt><trkpt lat="34.697329" lon="-93.987726"></trkpt><trkpt lat="34.697537" lon="-93.988219"></trkpt><trkpt lat="34.697547" lon="-93.988376"></trkpt><trkpt lat="34.697628" lon="-93.988665"></trkpt><trkpt lat="34.697691" lon="-93.989238"></trkpt><trkpt lat="34.697530" lon="-93.989648"></trkpt><trkpt lat="34.697431" lon="-93.990119"></trkpt><trkpt lat="34.697324" lon="-93.990357"></trkpt><trkpt lat="34.697244" lon="-93.990434"></trkpt><trkpt lat="34.697232" lon="-93.990555"></trkpt><trkpt lat="34.697134" lon="-93.990642"></trkpt><trkpt lat="34.696920" lon="-93.990662"></trkpt><trkpt lat="34.696867" lon="-93.990825"></trkpt><trkpt lat="34.696886" lon="-93.990914"></trkpt><trkpt lat="34.696673" lon="-93.991352"></trkpt><trkpt lat="34.696376" lon="-93.991830"></trkpt><trkpt lat="34.696075" lon="-93.991996"></trkpt><trkpt lat="34.695924" lon="-93.992309"></trkpt><trkpt lat="34.695538" lon="-93.992643"></trkpt><trkpt lat="34.695295" lon="-93.992803"></trkpt><trkpt lat="34.695181" lon="-93.992963"></trkpt><trkpt lat="34.695039" lon="-93.993460"></trkpt><trkpt lat="34.694968" lon="-93.993611"></trkpt><trkpt lat="34.694841" lon="-93.993732"></trkpt><trkpt lat="34.694608" lon="-93.994393"></trkpt><trkpt lat="34.694323" lon="-93.994564"></trkpt><trkpt lat="34.694117" lon="-93.994878"></trkpt><trkpt lat="34.693995" lon="-93.995232"></trkpt><trkpt lat="34.693892" lon="-93.995405"></trkpt><trkpt lat="34.693834" lon="-93.995821"></trkpt><trkpt lat="34.693725" lon="-93.995952"></trkpt><trkpt lat="34.693580" lon="-93.996022"></trkpt><trkpt lat="34.693467" lon="-93.996144"></trkpt><trkpt lat="34.692999" lon="-93.996484"></trkpt><trkpt lat="34.692939" lon="-93.996720"></trkpt><trkpt lat="34.693017" lon="-93.997039"></trkpt><trkpt lat="34.692937" lon="-93.997230"></trkpt><trkpt lat="34.692953" lon="-93.997435"></trkpt><trkpt lat="34.692901" lon="-93.998029"></trkpt><trkpt lat="34.692841" lon="-93.998229"></trkpt><trkpt lat="34.692649" lon="-93.998509"></trkpt><trkpt lat="34.692647" lon="-93.998753"></trkpt><trkpt lat="34.692689" lon="-93.998858"></trkpt><trkpt lat="34.692684" lon="-93.998944"></trkpt><trkpt lat="34.692859" lon="-93.999052"></trkpt><trkpt lat="34.692914" lon="-93.999161"></trkpt><trkpt lat="34.692963" lon="-93.999533"></trkpt><trkpt lat="34.692708" lon="-93.999865"></trkpt><trkpt lat="34.692634" lon="-94.000334"></trkpt><trkpt lat="34.692466" lon="-94.000765"></trkpt><trkpt lat="34.692048" lon="-94.001185"></trkpt><trkpt lat="34.691970" lon="-94.001361"></trkpt><trkpt lat="34.691646" lon="-94.001580"></trkpt><trkpt lat="34.691515" lon="-94.001860"></trkpt><trkpt lat="34.690985" lon="-94.002162"></trkpt><trkpt lat="34.690835" lon="-94.002324"></trkpt><trkpt lat="34.690731" lon="-94.002366"></trkpt><trkpt lat="34.690651" lon="-94.002500"></trkpt><trkpt lat="34.690544" lon="-94.002551"></trkpt><trkpt lat="34.690323" lon="-94.002543"></trkpt><trkpt lat="34.690118" lon="-94.002609"></trkpt><trkpt lat="34.689930" lon="-94.002900"></trkpt><trkpt lat="34.689819" lon="-94.003017"></trkpt><trkpt lat="34.689012" lon="-94.003555"></trkpt><trkpt lat="34.688009" lon="-94.004022"></trkpt><trkpt lat="34.687757" lon="-94.004532"></trkpt><trkpt lat="34.687130" lon="-94.005181"></trkpt><trkpt lat="34.686657" lon="-94.005887"></trkpt><trkpt lat="34.686381" lon="-94.006539"></trkpt><trkpt lat="34.686176" lon="-94.007431"></trkpt><trkpt lat="34.685995" lon="-94.007949"></trkpt><trkpt lat="34.685618" lon="-94.008294"></trkpt><trkpt lat="34.685545" lon="-94.008423"></trkpt><trkpt lat="34.685508" lon="-94.008816"></trkpt><trkpt lat="34.685447" lon="-94.008859"></trkpt><trkpt lat="34.684978" lon="-94.008909"></trkpt><trkpt lat="34.684586" lon="-94.008854"></trkpt><trkpt lat="34.684551" lon="-94.008936"></trkpt><trkpt lat="34.684555" lon="-94.009089"></trkpt><trkpt lat="34.684507" lon="-94.009140"></trkpt><trkpt lat="34.684416" lon="-94.009153"></trkpt><trkpt lat="34.683930" lon="-94.009109"></trkpt><trkpt lat="34.683296" lon="-94.008942"></trkpt><trkpt lat="34.682595" lon="-94.008870"></trkpt><trkpt lat="34.681695" lon="-94.008622"></trkpt><trkpt lat="34.681567" lon="-94.008623"></trkpt><trkpt lat="34.681408" lon="-94.008728"></trkpt><trkpt lat="34.680869" lon="-94.008795"></trkpt><trkpt lat="34.680677" lon="-94.008803"></trkpt><trkpt lat="34.680340" lon="-94.008708"></trkpt><trkpt lat="34.680038" lon="-94.008698"></trkpt><trkpt lat="34.679609" lon="-94.008750"></trkpt><trkpt lat="34.679557" lon="-94.008778"></trkpt><trkpt lat="34.679545" lon="-94.008830"></trkpt><trkpt lat="34.679567" lon="-94.008888"></trkpt><trkpt lat="34.680071" lon="-94.009046"></trkpt><trkpt lat="34.680690" lon="-94.009135"></trkpt><trkpt lat="34.680753" lon="-94.009174"></trkpt><trkpt lat="34.680779" lon="-94.009246"></trkpt><trkpt lat="34.680752" lon="-94.009298"></trkpt><trkpt lat="34.680018" lon="-94.009493"></trkpt><trkpt lat="34.679753" lon="-94.009664"></trkpt><trkpt lat="34.679548" lon="-94.009541"></trkpt><trkpt lat="34.679318" lon="-94.009325"></trkpt><trkpt lat="34.679032" lon="-94.009239"></trkpt><trkpt lat="34.678936" lon="-94.009143"></trkpt><trkpt lat="34.678841" lon="-94.009154"></trkpt><trkpt lat="34.678715" lon="-94.009446"></trkpt><trkpt lat="34.678567" lon="-94.009627"></trkpt><trkpt lat="34.678559" lon="-94.009771"></trkpt><trkpt lat="34.678520" lon="-94.009821"></trkpt><trkpt lat="34.678333" lon="-94.009820"></trkpt><trkpt lat="34.678252" lon="-94.009850"></trkpt><trkpt lat="34.677952" lon="-94.009556"></trkpt><trkpt lat="34.677886" lon="-94.009437"></trkpt><trkpt lat="34.677857" lon="-94.009284"></trkpt><trkpt lat="34.677807" lon="-94.008524"></trkpt><trkpt lat="34.677811" lon="-94.008389"></trkpt><trkpt lat="34.677915" lon="-94.008010"></trkpt><trkpt lat="34.677851" lon="-94.007608"></trkpt><trkpt lat="34.677805" lon="-94.007497"></trkpt><trkpt lat="34.677879" lon="-94.007228"></trkpt><trkpt lat="34.677882" lon="-94.007103"></trkpt><trkpt lat="34.677739" lon="-94.006930"></trkpt><trkpt lat="34.677695" lon="-94.006809"></trkpt><trkpt lat="34.677680" lon="-94.006719"></trkpt><trkpt lat="34.677711" lon="-94.006553"></trkpt><trkpt lat="34.677681" lon="-94.006344"></trkpt><trkpt lat="34.677346" lon="-94.005960"></trkpt><trkpt lat="34.677068" lon="-94.005761"></trkpt><trkpt lat="34.676896" lon="-94.005386"></trkpt><trkpt lat="34.676900" lon="-94.005098"></trkpt><trkpt lat="34.676946" lon="-94.004984"></trkpt><trkpt lat="34.677264" lon="-94.004484"></trkpt><trkpt lat="34.677058" lon="-94.003959"></trkpt><trkpt lat="34.677051" lon="-94.003795"></trkpt><trkpt lat="34.677190" lon="-94.003279"></trkpt><trkpt lat="34.677399" lon="-94.002829"></trkpt><trkpt lat="34.677295" lon="-94.002307"></trkpt><trkpt lat="34.677347" lon="-94.002035"></trkpt><trkpt lat="34.677527" lon="-94.001857"></trkpt><trkpt lat="34.677463" lon="-94.001670"></trkpt><trkpt lat="34.677477" lon="-94.001563"></trkpt><trkpt lat="34.677619" lon="-94.001352"></trkpt><trkpt lat="34.677662" lon="-94.001221"></trkpt><trkpt lat="34.677699" lon="-94.000678"></trkpt><trkpt lat="34.677820" lon="-94.000407"></trkpt><trkpt lat="34.677925" lon="-94.000267"></trkpt><trkpt lat="34.678238" lon="-94.000038"></trkpt><trkpt lat="34.678614" lon="-94.000068"></trkpt><trkpt lat="34.678700" lon="-94.000032"></trkpt><trkpt lat="34.678878" lon="-93.999822"></trkpt><trkpt lat="34.679027" lon="-93.999729"></trkpt><trkpt lat="34.679402" lon="-93.999621"></trkpt><trkpt lat="34.680017" lon="-93.999707"></trkpt><trkpt lat="34.680256" lon="-93.999669"></trkpt><trkpt lat="34.680440" lon="-93.999536"></trkpt><trkpt lat="34.680579" lon="-93.999158"></trkpt><trkpt lat="34.680545" lon="-93.999062"></trkpt><trkpt lat="34.680376" lon="-93.998849"></trkpt><trkpt lat="34.680314" lon="-93.998720"></trkpt><trkpt lat="34.679987" lon="-93.998421"></trkpt><trkpt lat="34.679760" lon="-93.998088"></trkpt><trkpt lat="34.679775" lon="-93.997301"></trkpt><trkpt lat="34.679689" lon="-93.997167"></trkpt><trkpt lat="34.679612" lon="-93.996904"></trkpt><trkpt lat="34.679615" lon="-93.996760"></trkpt><trkpt lat="34.679312" lon="-93.996361"></trkpt><trkpt lat="34.679226" lon="-93.996067"></trkpt><trkpt lat="34.679246" lon="-93.995607"></trkpt><trkpt lat="34.679306" lon="-93.995176"></trkpt><trkpt lat="34.679384" lon="-93.994938"></trkpt><trkpt lat="34.679632" lon="-93.994457"></trkpt><trkpt lat="34.679670" lon="-93.993953"></trkpt><trkpt lat="34.679617" lon="-93.993225"></trkpt><trkpt lat="34.679476" lon="-93.992323"></trkpt><trkpt lat="34.679567" lon="-93.991354"></trkpt><trkpt lat="34.679534" lon="-93.990439"></trkpt><trkpt lat="34.679538" lon="-93.990214"></trkpt><trkpt lat="34.679598" lon="-93.989974"></trkpt><trkpt lat="34.679556" lon="-93.989638"></trkpt><trkpt lat="34.679577" lon="-93.989319"></trkpt><trkpt lat="34.679475" lon="-93.989082"></trkpt><trkpt lat="34.679385" lon="-93.989005"></trkpt><trkpt lat="34.679219" lon="-93.988941"></trkpt><trkpt lat="34.679167" lon="-93.989005"></trkpt><trkpt lat="34.679119" lon="-93.989014"></trkpt><trkpt lat="34.678775" lon="-93.988422"></trkpt><trkpt lat="34.678543" lon="-93.988364"></trkpt><trkpt lat="34.678243" lon="-93.988051"></trkpt><trkpt lat="34.677779" lon="-93.987729"></trkpt><trkpt lat="34.677708" lon="-93.987655"></trkpt><trkpt lat="34.677679" lon="-93.987555"></trkpt><trkpt lat="34.677310" lon="-93.987182"></trkpt><trkpt lat="34.677117" lon="-93.986795"></trkpt><trkpt lat="34.677119" lon="-93.986629"></trkpt><trkpt lat="34.677310" lon="-93.986395"></trkpt><trkpt lat="34.677293" lon="-93.986225"></trkpt><trkpt lat="34.677375" lon="-93.985933"></trkpt><trkpt lat="34.677353" lon="-93.985779"></trkpt><trkpt lat="34.677415" lon="-93.985389"></trkpt><trkpt lat="34.677364" lon="-93.984981"></trkpt><trkpt lat="34.677392" lon="-93.984891"></trkpt><trkpt lat="34.677337" lon="-93.984759"></trkpt><trkpt lat="34.677358" lon="-93.984666"></trkpt><trkpt lat="34.677324" lon="-93.984608"></trkpt><trkpt lat="34.677309" lon="-93.984287"></trkpt><trkpt lat="34.677246" lon="-93.984209"></trkpt><trkpt lat="34.677160" lon="-93.983757"></trkpt><trkpt lat="34.677151" lon="-93.983446"></trkpt><trkpt lat="34.677496" lon="-93.982947"></trkpt><trkpt lat="34.677669" lon="-93.982751"></trkpt><trkpt lat="34.677836" lon="-93.982378"></trkpt><trkpt lat="34.677932" lon="-93.982275"></trkpt><trkpt lat="34.677989" lon="-93.982136"></trkpt><trkpt lat="34.678033" lon="-93.981720"></trkpt><trkpt lat="34.677944" lon="-93.981333"></trkpt><trkpt lat="34.677951" lon="-93.980468"></trkpt><trkpt lat="34.678049" lon="-93.979404"></trkpt><trkpt lat="34.678135" lon="-93.979075"></trkpt><trkpt lat="34.678111" lon="-93.978789"></trkpt><trkpt lat="34.678168" lon="-93.978431"></trkpt><trkpt lat="34.678267" lon="-93.978185"></trkpt><trkpt lat="34.678404" lon="-93.977965"></trkpt><trkpt lat="34.678485" lon="-93.977910"></trkpt><trkpt lat="34.678593" lon="-93.977907"></trkpt><trkpt lat="34.679048" lon="-93.977777"></trkpt><trkpt lat="34.679139" lon="-93.977686"></trkpt><trkpt lat="34.679256" lon="-93.977416"></trkpt><trkpt lat="34.679469" lon="-93.977234"></trkpt><trkpt lat="34.679597" lon="-93.977078"></trkpt><trkpt lat="34.679623" lon="-93.976931"></trkpt><trkpt lat="34.679573" lon="-93.976582"></trkpt><trkpt lat="34.679606" lon="-93.976424"></trkpt><trkpt lat="34.679537" lon="-93.976319"></trkpt><trkpt lat="34.679451" lon="-93.976067"></trkpt><trkpt lat="34.679387" lon="-93.975690"></trkpt><trkpt lat="34.679442" lon="-93.975569"></trkpt><trkpt lat="34.679438" lon="-93.975432"></trkpt><trkpt lat="34.679357" lon="-93.975137"></trkpt><trkpt lat="34.679220" lon="-93.974881"></trkpt><trkpt lat="34.679183" lon="-93.974374"></trkpt><trkpt lat="34.679010" lon="-93.974029"></trkpt><trkpt lat="34.678918" lon="-93.973996"></trkpt><trkpt lat="34.678783" lon="-93.973423"></trkpt><trkpt lat="34.678623" lon="-93.973030"></trkpt><trkpt lat="34.678404" lon="-93.972262"></trkpt><trkpt lat="34.678275" lon="-93.972121"></trkpt><trkpt lat="34.678224" lon="-93.972013"></trkpt><trkpt lat="34.678128" lon="-93.971793"></trkpt><trkpt lat="34.678052" lon="-93.971466"></trkpt><trkpt lat="34.678059" lon="-93.971189"></trkpt><trkpt lat="34.678017" lon="-93.970996"></trkpt><trkpt lat="34.678026" lon="-93.970546"></trkpt><trkpt lat="34.677935" lon="-93.970067"></trkpt><trkpt lat="34.677979" lon="-93.969831"></trkpt><trkpt lat="34.677932" lon="-93.969584"></trkpt><trkpt lat="34.677962" lon="-93.969209"></trkpt><trkpt lat="34.677845" lon="-93.968264"></trkpt><trkpt lat="34.677922" lon="-93.967986"></trkpt><trkpt lat="34.677915" lon="-93.967753"></trkpt><trkpt lat="34.677858" lon="-93.967520"></trkpt><trkpt lat="34.677898" lon="-93.967303"></trkpt><trkpt lat="34.677872" lon="-93.967149"></trkpt><trkpt lat="34.677915" lon="-93.966586"></trkpt><trkpt lat="34.677889" lon="-93.966456"></trkpt><trkpt lat="34.677921" lon="-93.966347"></trkpt><trkpt lat="34.677976" lon="-93.966285"></trkpt><trkpt lat="34.677958" lon="-93.966040"></trkpt><trkpt lat="34.677774" lon="-93.965582"></trkpt><trkpt lat="34.677764" lon="-93.965464"></trkpt><trkpt lat="34.677778" lon="-93.965347"></trkpt><trkpt lat="34.677840" lon="-93.965237"></trkpt><trkpt lat="34.677921" lon="-93.964953"></trkpt><trkpt lat="34.677576" lon="-93.964078"></trkpt><trkpt lat="34.677384" lon="-93.963956"></trkpt><trkpt lat="34.677242" lon="-93.963917"></trkpt><trkpt lat="34.677097" lon="-93.963644"></trkpt><trkpt lat="34.676967" lon="-93.963271"></trkpt><trkpt lat="34.676690" lon="-93.963038"></trkpt><trkpt lat="34.676538" lon="-93.962809"></trkpt><trkpt lat="34.674947" lon="-93.959932"></trkpt><trkpt lat="34.674739" lon="-93.959700"></trkpt><trkpt lat="34.674571" lon="-93.959317"></trkpt><trkpt lat="34.674545" lon="-93.959180"></trkpt><trkpt lat="34.674502" lon="-93.959139"></trkpt><trkpt lat="34.674423" lon="-93.959130"></trkpt><trkpt lat="34.674283" lon="-93.958968"></trkpt><trkpt lat="34.674145" lon="-93.958941"></trkpt><trkpt lat="34.674073" lon="-93.958954"></trkpt><trkpt lat="34.673957" lon="-93.959090"></trkpt><trkpt lat="34.673819" lon="-93.959122"></trkpt><trkpt lat="34.673462" lon="-93.959009"></trkpt><trkpt lat="34.672912" lon="-93.959009"></trkpt><trkpt lat="34.672868" lon="-93.959069"></trkpt><trkpt lat="34.672796" lon="-93.959068"></trkpt><trkpt lat="34.672675" lon="-93.959011"></trkpt><trkpt lat="34.672606" lon="-93.958913"></trkpt><trkpt lat="34.672456" lon="-93.958975"></trkpt><trkpt lat="34.672373" lon="-93.958952"></trkpt><trkpt lat="34.672282" lon="-93.958810"></trkpt><trkpt lat="34.672306" lon="-93.958388"></trkpt><trkpt lat="34.672189" lon="-93.958262"></trkpt><trkpt lat="34.672138" lon="-93.958129"></trkpt><trkpt lat="34.672089" lon="-93.957778"></trkpt><trkpt lat="34.671855" lon="-93.957488"></trkpt><trkpt lat="34.671685" lon="-93.957333"></trkpt><trkpt lat="34.671276" lon="-93.957164"></trkpt><trkpt lat="34.671107" lon="-93.957184"></trkpt><trkpt lat="34.671050" lon="-93.957254"></trkpt><trkpt lat="34.670932" lon="-93.957556"></trkpt><trkpt lat="34.670860" lon="-93.957649"></trkpt><trkpt lat="34.670850" lon="-93.957734"></trkpt><trkpt lat="34.670758" lon="-93.957909"></trkpt><trkpt lat="34.670777" lon="-93.958096"></trkpt><trkpt lat="34.670695" lon="-93.958274"></trkpt><trkpt lat="34.670798" lon="-93.958636"></trkpt><trkpt lat="34.670807" lon="-93.958820"></trkpt><trkpt lat="34.670701" lon="-93.959139"></trkpt><trkpt lat="34.670743" lon="-93.959274"></trkpt><trkpt lat="34.670668" lon="-93.959315"></trkpt><trkpt lat="34.670708" lon="-93.959422"></trkpt><trkpt lat="34.670542" lon="-93.959581"></trkpt><trkpt lat="34.670521" lon="-93.959662"></trkpt><trkpt lat="34.670564" lon="-93.959993"></trkpt><trkpt lat="34.670438" lon="-93.960184"></trkpt><trkpt lat="34.670572" lon="-93.960324"></trkpt><trkpt lat="34.670527" lon="-93.960375"></trkpt><trkpt lat="34.670229" lon="-93.960480"></trkpt><trkpt lat="34.669820" lon="-93.960317"></trkpt><trkpt lat="34.669423" lon="-93.960283"></trkpt><trkpt lat="34.669200" lon="-93.960304"></trkpt><trkpt lat="34.668887" lon="-93.960254"></trkpt><trkpt lat="34.668552" lon="-93.960417"></trkpt><trkpt lat="34.668306" lon="-93.960415"></trkpt><trkpt lat="34.668104" lon="-93.960327"></trkpt><trkpt lat="34.668071" lon="-93.960271"></trkpt><trkpt lat="34.667652" lon="-93.959938"></trkpt><trkpt lat="34.667368" lon="-93.959858"></trkpt><trkpt lat="34.667188" lon="-93.959852"></trkpt><trkpt lat="34.667051" lon="-93.959737"></trkpt><trkpt lat="34.666856" lon="-93.959310"></trkpt><trkpt lat="34.666881" lon="-93.958992"></trkpt><trkpt lat="34.666716" lon="-93.958569"></trkpt><trkpt lat="34.666738" lon="-93.958064"></trkpt><trkpt lat="34.666838" lon="-93.957571"></trkpt><trkpt lat="34.666925" lon="-93.957391"></trkpt><trkpt lat="34.666987" lon="-93.956950"></trkpt><trkpt lat="34.666852" lon="-93.956745"></trkpt><trkpt lat="34.666719" lon="-93.956440"></trkpt><trkpt lat="34.666645" lon="-93.956384"></trkpt><trkpt lat="34.666552" lon="-93.956145"></trkpt><trkpt lat="34.666613" lon="-93.956059"></trkpt><trkpt lat="34.666675" lon="-93.955668"></trkpt><trkpt lat="34.666744" lon="-93.955503"></trkpt><trkpt lat="34.666720" lon="-93.955391"></trkpt><trkpt lat="34.666762" lon="-93.954933"></trkpt><trkpt lat="34.666909" lon="-93.954311"></trkpt><trkpt lat="34.666973" lon="-93.954240"></trkpt><trkpt lat="34.667103" lon="-93.953732"></trkpt><trkpt lat="34.667181" lon="-93.953273"></trkpt><trkpt lat="34.667365" lon="-93.953019"></trkpt><trkpt lat="34.667458" lon="-93.952953"></trkpt><trkpt lat="34.667509" lon="-93.952846"></trkpt><trkpt lat="34.667489" lon="-93.952731"></trkpt><trkpt lat="34.667263" lon="-93.952521"></trkpt><trkpt lat="34.667201" lon="-93.952367"></trkpt><trkpt lat="34.667218" lon="-93.952239"></trkpt><trkpt lat="34.667409" lon="-93.951818"></trkpt><trkpt lat="34.667387" lon="-93.951397"></trkpt><trkpt lat="34.667555" lon="-93.950715"></trkpt><trkpt lat="34.667616" lon="-93.950321"></trkpt><trkpt lat="34.667729" lon="-93.950034"></trkpt><trkpt lat="34.667946" lon="-93.949725"></trkpt><trkpt lat="34.668243" lon="-93.949516"></trkpt><trkpt lat="34.668527" lon="-93.949441"></trkpt><trkpt lat="34.668922" lon="-93.949175"></trkpt><trkpt lat="34.669032" lon="-93.949148"></trkpt><trkpt lat="34.669312" lon="-93.948815"></trkpt><trkpt lat="34.669442" lon="-93.948411"></trkpt><trkpt lat="34.669779" lon="-93.947956"></trkpt><trkpt lat="34.669854" lon="-93.947883"></trkpt><trkpt lat="34.670134" lon="-93.947795"></trkpt><trkpt lat="34.670612" lon="-93.947523"></trkpt><trkpt lat="34.670706" lon="-93.947296"></trkpt><trkpt lat="34.670975" lon="-93.946930"></trkpt><trkpt lat="34.671147" lon="-93.946874"></trkpt><trkpt lat="34.671244" lon="-93.946793"></trkpt><trkpt lat="34.671373" lon="-93.946807"></trkpt><trkpt lat="34.671603" lon="-93.947039"></trkpt><trkpt lat="34.672223" lon="-93.947362"></trkpt><trkpt lat="34.672451" lon="-93.947562"></trkpt><trkpt lat="34.672615" lon="-93.947655"></trkpt><trkpt lat="34.673143" lon="-93.947826"></trkpt><trkpt lat="34.673339" lon="-93.947818"></trkpt><trkpt lat="34.673506" lon="-93.947923"></trkpt><trkpt lat="34.673664" lon="-93.947860"></trkpt><trkpt lat="34.673889" lon="-93.947858"></trkpt><trkpt lat="34.674230" lon="-93.947749"></trkpt><trkpt lat="34.674679" lon="-93.947773"></trkpt><trkpt lat="34.674729" lon="-93.947732"></trkpt><trkpt lat="34.674800" lon="-93.947578"></trkpt><trkpt lat="34.674595" lon="-93.947204"></trkpt><trkpt lat="34.674512" lon="-93.946894"></trkpt><trkpt lat="34.674356" lon="-93.946704"></trkpt><trkpt lat="34.674206" lon="-93.946606"></trkpt><trkpt lat="34.673983" lon="-93.946553"></trkpt><trkpt lat="34.673732" lon="-93.946378"></trkpt><trkpt lat="34.673310" lon="-93.946344"></trkpt><trkpt lat="34.673252" lon="-93.946310"></trkpt><trkpt lat="34.672992" lon="-93.946061"></trkpt><trkpt lat="34.672536" lon="-93.945683"></trkpt><trkpt lat="34.672428" lon="-93.945627"></trkpt><trkpt lat="34.672359" lon="-93.945534"></trkpt><trkpt lat="34.672249" lon="-93.945085"></trkpt><trkpt lat="34.672253" lon="-93.944865"></trkpt><trkpt lat="34.672214" lon="-93.944660"></trkpt><trkpt lat="34.672193" lon="-93.942792"></trkpt><trkpt lat="34.672074" lon="-93.942457"></trkpt><trkpt lat="34.672100" lon="-93.942210"></trkpt><trkpt lat="34.672035" lon="-93.941854"></trkpt><trkpt lat="34.671882" lon="-93.941325"></trkpt><trkpt lat="34.671908" lon="-93.940556"></trkpt><trkpt lat="34.671970" lon="-93.940404"></trkpt><trkpt lat="34.672135" lon="-93.940350"></trkpt><trkpt lat="34.672380" lon="-93.940386"></trkpt><trkpt lat="34.672588" lon="-93.940310"></trkpt><trkpt lat="34.672768" lon="-93.940053"></trkpt><trkpt lat="34.672973" lon="-93.939499"></trkpt><trkpt lat="34.673161" lon="-93.939385"></trkpt><trkpt lat="34.673358" lon="-93.939325"></trkpt><trkpt lat="34.673399" lon="-93.939278"></trkpt><trkpt lat="34.673381" lon="-93.939013"></trkpt><trkpt lat="34.673429" lon="-93.938559"></trkpt><trkpt lat="34.673464" lon="-93.938476"></trkpt><trkpt lat="34.673723" lon="-93.938166"></trkpt><trkpt lat="34.673866" lon="-93.938066"></trkpt><trkpt lat="34.673878" lon="-93.937988"></trkpt><trkpt lat="34.673992" lon="-93.937805"></trkpt><trkpt lat="34.674089" lon="-93.937542"></trkpt><trkpt lat="34.674087" lon="-93.937205"></trkpt><trkpt lat="34.674162" lon="-93.937029"></trkpt><trkpt lat="34.674232" lon="-93.936718"></trkpt><trkpt lat="34.674361" lon="-93.936653"></trkpt><trkpt lat="34.675240" lon="-93.936394"></trkpt><trkpt lat="34.675396" lon="-93.936374"></trkpt><trkpt lat="34.675725" lon="-93.936423"></trkpt><trkpt lat="34.676310" lon="-93.936569"></trkpt><trkpt lat="34.678039" lon="-93.936855"></trkpt><trkpt lat="34.679045" lon="-93.937125"></trkpt><trkpt lat="34.679475" lon="-93.937195"></trkpt><trkpt lat="34.680129" lon="-93.937174"></trkpt><trkpt lat="34.680365" lon="-93.937220"></trkpt><trkpt lat="34.680590" lon="-93.937315"></trkpt><trkpt lat="34.680775" lon="-93.937513"></trkpt><trkpt lat="34.680902" lon="-93.937753"></trkpt><trkpt lat="34.681357" lon="-93.939529"></trkpt><trkpt lat="34.681466" lon="-93.939781"></trkpt><trkpt lat="34.681620" lon="-93.939966"></trkpt><trkpt lat="34.682071" lon="-93.940239"></trkpt><trkpt lat="34.682259" lon="-93.940418"></trkpt><trkpt lat="34.682690" lon="-93.940927"></trkpt><trkpt lat="34.683287" lon="-93.941864"></trkpt><trkpt lat="34.683711" lon="-93.942733"></trkpt><trkpt lat="34.684188" lon="-93.943096"></trkpt><trkpt lat="34.684313" lon="-93.943237"></trkpt><trkpt lat="34.684213" lon="-93.943398"></trkpt><trkpt lat="34.684178" lon="-93.943564"></trkpt><trkpt lat="34.684342" lon="-93.944185"></trkpt><trkpt lat="34.684517" lon="-93.944637"></trkpt><trkpt lat="34.685185" lon="-93.945663"></trkpt><trkpt lat="34.685252" lon="-93.945984"></trkpt><trkpt lat="34.685339" lon="-93.946492"></trkpt><trkpt lat="34.685339" lon="-93.946708"></trkpt><trkpt lat="34.685262" lon="-93.946999"></trkpt><trkpt lat="34.685053" lon="-93.947264"></trkpt><trkpt lat="34.685027" lon="-93.947409"></trkpt><trkpt lat="34.685145" lon="-93.947619"></trkpt><trkpt lat="34.685549" lon="-93.947833"></trkpt><trkpt lat="34.685719" lon="-93.948066"></trkpt><trkpt lat="34.685896" lon="-93.948206"></trkpt><trkpt lat="34.685980" lon="-93.948329"></trkpt><trkpt lat="34.685977" lon="-93.948454"></trkpt><trkpt lat="34.685675" lon="-93.948971"></trkpt><trkpt lat="34.685650" lon="-93.949104"></trkpt><trkpt lat="34.685682" lon="-93.949247"></trkpt><trkpt lat="34.685751" lon="-93.949366"></trkpt><trkpt lat="34.685919" lon="-93.949875"></trkpt><trkpt lat="34.686104" lon="-93.950117"></trkpt><trkpt lat="34.686239" lon="-93.950389"></trkpt><trkpt lat="34.686424" lon="-93.950654"></trkpt><trkpt lat="34.686573" lon="-93.950986"></trkpt><trkpt lat="34.686891" lon="-93.951480"></trkpt><trkpt lat="34.687018" lon="-93.951762"></trkpt><trkpt lat="34.686948" lon="-93.951958"></trkpt><trkpt lat="34.686828" lon="-93.952139"></trkpt><trkpt lat="34.686579" lon="-93.952167"></trkpt><trkpt lat="34.686287" lon="-93.952073"></trkpt><trkpt lat="34.686211" lon="-93.951997"></trkpt><trkpt lat="34.686112" lon="-93.951990"></trkpt><trkpt lat="34.686008" lon="-93.952009"></trkpt><trkpt lat="34.685897" lon="-93.952077"></trkpt><trkpt lat="34.685683" lon="-93.952293"></trkpt><trkpt lat="34.685525" lon="-93.952379"></trkpt><trkpt lat="34.685200" lon="-93.952452"></trkpt><trkpt lat="34.684704" lon="-93.952436"></trkpt><trkpt lat="34.684338" lon="-93.952499"></trkpt><trkpt lat="34.684281" lon="-93.952548"></trkpt><trkpt lat="34.684188" lon="-93.952722"></trkpt><trkpt lat="34.684054" lon="-93.953097"></trkpt><trkpt lat="34.684013" lon="-93.953695"></trkpt><trkpt lat="34.684087" lon="-93.954113"></trkpt><trkpt lat="34.684211" lon="-93.954326"></trkpt><trkpt lat="34.684219" lon="-93.954409"></trkpt><trkpt lat="34.684159" lon="-93.954676"></trkpt><trkpt lat="34.684193" lon="-93.954885"></trkpt><trkpt lat="34.684361" lon="-93.955282"></trkpt><trkpt lat="34.684320" lon="-93.955691"></trkpt><trkpt lat="34.684351" lon="-93.955812"></trkpt><trkpt lat="34.684676" lon="-93.956303"></trkpt><trkpt lat="34.685065" lon="-93.956723"></trkpt><trkpt lat="34.685272" lon="-93.957047"></trkpt><trkpt lat="34.685534" lon="-93.957296"></trkpt><trkpt lat="34.685783" lon="-93.957749"></trkpt><trkpt lat="34.685822" lon="-93.957874"></trkpt><trkpt lat="34.685900" lon="-93.957972"></trkpt><trkpt lat="34.686211" lon="-93.958088"></trkpt><trkpt lat="34.686409" lon="-93.958353"></trkpt><trkpt lat="34.686409" lon="-93.958614"></trkpt><trkpt lat="34.686457" lon="-93.958841"></trkpt><trkpt lat="34.686450" lon="-93.959145"></trkpt><trkpt lat="34.686624" lon="-93.959678"></trkpt><trkpt lat="34.686496" lon="-93.960231"></trkpt><trkpt lat="34.686308" lon="-93.960584"></trkpt><trkpt lat="34.686544" lon="-93.960940"></trkpt><trkpt lat="34.686896" lon="-93.961257"></trkpt><trkpt lat="34.687090" lon="-93.961495"></trkpt><trkpt lat="34.687686" lon="-93.961940"></trkpt><trkpt lat="34.687985" lon="-93.962105"></trkpt><trkpt lat="34.688067" lon="-93.962203"></trkpt><trkpt lat="34.688160" lon="-93.962429"></trkpt><trkpt lat="34.688187" lon="-93.962687"></trkpt><trkpt lat="34.688327" lon="-93.963275"></trkpt><trkpt lat="34.688578" lon="-93.963714"></trkpt><trkpt lat="34.689062" lon="-93.964407"></trkpt><trkpt lat="34.690825" lon="-93.965228"></trkpt><trkpt lat="34.690970" lon="-93.965226"></trkpt><trkpt lat="34.691298" lon="-93.965080"></trkpt><trkpt lat="34.691651" lon="-93.964801"></trkpt><trkpt lat="34.691979" lon="-93.964123"></trkpt><trkpt lat="34.692223" lon="-93.963002"></trkpt><trkpt lat="34.692542" lon="-93.962527"></trkpt><trkpt lat="34.692973" lon="-93.961584"></trkpt><trkpt lat="34.693211" lon="-93.961186"></trkpt><trkpt lat="34.693945" lon="-93.959522"></trkpt><trkpt lat="34.694123" lon="-93.959056"></trkpt><trkpt lat="34.694226" lon="-93.958840"></trkpt><trkpt lat="34.694429" lon="-93.958533"></trkpt><trkpt lat="34.694903" lon="-93.958153"></trkpt><trkpt lat="34.696815" lon="-93.957767"></trkpt><trkpt lat="34.697223" lon="-93.957580"></trkpt><trkpt lat="34.697412" lon="-93.957546"></trkpt><trkpt lat="34.697556" lon="-93.957578"></trkpt><trkpt lat="34.698999" lon="-93.958170"></trkpt><trkpt lat="34.699225" lon="-93.958086"></trkpt><trkpt lat="34.699409" lon="-93.957925"></trkpt><trkpt lat="34.699795" lon="-93.957497"></trkpt><trkpt lat="34.700273" lon="-93.957034"></trkpt><trkpt lat="34.701599" lon="-93.956667"></trkpt><trkpt lat="34.702974" lon="-93.956412"></trkpt><trkpt lat="34.703849" lon="-93.956329"></trkpt><trkpt lat="34.704124" lon="-93.956343"></trkpt><trkpt lat="34.704500" lon="-93.956426"></trkpt><trkpt lat="34.706358" lon="-93.957159"></trkpt><trkpt lat="34.706561" lon="-93.957200"></trkpt><trkpt lat="34.706655" lon="-93.957258"></trkpt><trkpt lat="34.707181" lon="-93.957425"></trkpt><trkpt lat="34.707499" lon="-93.957450"></trkpt><trkpt lat="34.707822" lon="-93.957398"></trkpt><trkpt lat="34.710458" lon="-93.956722"></trkpt><trkpt lat="34.710762" lon="-93.956724"></trkpt><trkpt lat="34.711532" lon="-93.956873"></trkpt><trkpt lat="34.712391" lon="-93.957120"></trkpt><trkpt lat="34.713909" lon="-93.957888"></trkpt><trkpt lat="34.714407" lon="-93.958175"></trkpt><trkpt lat="34.714666" lon="-93.958302"></trkpt><trkpt lat="34.714947" lon="-93.958391"></trkpt><trkpt lat="34.716099" lon="-93.958335"></trkpt><trkpt lat="34.717239" lon="-93.958140"></trkpt><trkpt lat="34.717312" lon="-93.958296"></trkpt><trkpt lat="34.717325" lon="-93.958408"></trkpt><trkpt lat="34.717625" lon="-93.958615"></trkpt><trkpt lat="34.717645" lon="-93.958744"></trkpt><trkpt lat="34.717606" lon="-93.958847"></trkpt><trkpt lat="34.717621" lon="-93.959128"></trkpt><trkpt lat="34.717439" lon="-93.959717"></trkpt><trkpt lat="34.717445" lon="-93.960062"></trkpt><trkpt lat="34.717424" lon="-93.960130"></trkpt><trkpt lat="34.717306" lon="-93.960259"></trkpt><trkpt lat="34.717430" lon="-93.960818"></trkpt><trkpt lat="34.717389" lon="-93.960899"></trkpt><trkpt lat="34.717219" lon="-93.960981"></trkpt><trkpt lat="34.717307" lon="-93.961252"></trkpt><trkpt lat="34.717663" lon="-93.961568"></trkpt><trkpt lat="34.717990" lon="-93.962168"></trkpt><trkpt lat="34.718032" lon="-93.962290"></trkpt><trkpt lat="34.718043" lon="-93.962610"></trkpt><trkpt lat="34.717987" lon="-93.962833"></trkpt><trkpt lat="34.718020" lon="-93.963205"></trkpt><trkpt lat="34.717937" lon="-93.963427"></trkpt><trkpt lat="34.717837" lon="-93.963552"></trkpt><trkpt lat="34.717629" lon="-93.963651"></trkpt><trkpt lat="34.717554" lon="-93.963726"></trkpt><trkpt lat="34.717519" lon="-93.963792"></trkpt><trkpt lat="34.717490" lon="-93.964037"></trkpt><trkpt lat="34.717343" lon="-93.964359"></trkpt><trkpt lat="34.717175" lon="-93.964496"></trkpt><trkpt lat="34.717046" lon="-93.964671"></trkpt><trkpt lat="34.716969" lon="-93.964705"></trkpt><trkpt lat="34.716842" lon="-93.964695"></trkpt><trkpt lat="34.716750" lon="-93.964766"></trkpt><trkpt lat="34.716680" lon="-93.964970"></trkpt><trkpt lat="34.716726" lon="-93.965232"></trkpt><trkpt lat="34.716700" lon="-93.965355"></trkpt><trkpt lat="34.716597" lon="-93.965549"></trkpt><trkpt lat="34.716623" lon="-93.965647"></trkpt><trkpt lat="34.716771" lon="-93.965695"></trkpt><trkpt lat="34.716870" lon="-93.965779"></trkpt><trkpt lat="34.716987" lon="-93.965768"></trkpt><trkpt lat="34.717060" lon="-93.965723"></trkpt><trkpt lat="34.717298" lon="-93.965818"></trkpt><trkpt lat="34.717349" lon="-93.965888"></trkpt><trkpt lat="34.717411" lon="-93.966098"></trkpt><trkpt lat="34.717758" lon="-93.966380"></trkpt><trkpt lat="34.717982" lon="-93.966782"></trkpt><trkpt lat="34.718269" lon="-93.966994"></trkpt><trkpt lat="34.718484" lon="-93.967543"></trkpt><trkpt lat="34.718523" lon="-93.967927"></trkpt><trkpt lat="34.718458" lon="-93.968232"></trkpt><trkpt lat="34.718501" lon="-93.968715"></trkpt><trkpt lat="34.718592" lon="-93.968983"></trkpt><trkpt lat="34.718635" lon="-93.969239"></trkpt><trkpt lat="34.718787" lon="-93.969378"></trkpt><trkpt lat="34.718779" lon="-93.969580"></trkpt><trkpt lat="34.718807" lon="-93.969675"></trkpt><trkpt lat="34.718735" lon="-93.969890"></trkpt><trkpt lat="34.718752" lon="-93.970066"></trkpt><trkpt lat="34.718585" lon="-93.970437"></trkpt><trkpt lat="34.718864" lon="-93.970969"></trkpt><trkpt lat="34.718983" lon="-93.971104"></trkpt><trkpt lat="34.719227" lon="-93.971549"></trkpt><trkpt lat="34.719209" lon="-93.971619"></trkpt><trkpt lat="34.719030" lon="-93.971721"></trkpt><trkpt lat="34.718742" lon="-93.972500"></trkpt><trkpt lat="34.718533" lon="-93.972917"></trkpt><trkpt lat="34.718191" lon="-93.973401"></trkpt><trkpt lat="34.718076" lon="-93.973494"></trkpt><trkpt lat="34.717775" lon="-93.973580"></trkpt><trkpt lat="34.717632" lon="-93.973982"></trkpt><trkpt lat="34.717559" lon="-93.974373"></trkpt><trkpt lat="34.717560" lon="-93.974569"></trkpt><trkpt lat="34.717575" lon="-93.974625"></trkpt><trkpt lat="34.717692" lon="-93.974695"></trkpt><trkpt lat="34.717743" lon="-93.974770"></trkpt><trkpt lat="34.717749" lon="-93.974847"></trkpt><trkpt lat="34.717679" lon="-93.975102"></trkpt><trkpt lat="34.717740" lon="-93.975190"></trkpt><trkpt lat="34.717767" lon="-93.975404"></trkpt><trkpt lat="34.717741" lon="-93.975555"></trkpt><trkpt lat="34.717684" lon="-93.975641"></trkpt><trkpt lat="34.717740" lon="-93.975717"></trkpt><trkpt lat="34.717744" lon="-93.976267"></trkpt><trkpt lat="34.717645" lon="-93.976563"></trkpt><trkpt lat="34.717633" lon="-93.976906"></trkpt><trkpt lat="34.717403" lon="-93.977200"></trkpt><trkpt lat="34.717356" lon="-93.977462"></trkpt><trkpt lat="34.717405" lon="-93.977518"></trkpt><trkpt lat="34.717500" lon="-93.977546"></trkpt><trkpt lat="34.717531" lon="-93.977599"></trkpt><trkpt lat="34.717496" lon="-93.977719"></trkpt><trkpt lat="34.717548" lon="-93.977938"></trkpt><trkpt lat="34.717531" lon="-93.978118"></trkpt><trkpt lat="34.717565" lon="-93.978163"></trkpt><trkpt lat="34.717650" lon="-93.978174"></trkpt><trkpt lat="34.717692" lon="-93.978356"></trkpt><trkpt lat="34.717661" lon="-93.978474"></trkpt><trkpt lat="34.717182" lon="-93.978883"></trkpt><trkpt lat="34.717066" lon="-93.979112"></trkpt><trkpt lat="34.716877" lon="-93.979273"></trkpt><trkpt lat="34.716572" lon="-93.979379"></trkpt><trkpt lat="34.716015" lon="-93.979644"></trkpt><trkpt lat="34.715729" lon="-93.979960"></trkpt><trkpt lat="34.715627" lon="-93.980290"></trkpt><trkpt lat="34.715759" lon="-93.980742"></trkpt><trkpt lat="34.715879" lon="-93.980954"></trkpt><trkpt lat="34.716075" lon="-93.981203"></trkpt><trkpt lat="34.716181" lon="-93.981698"></trkpt><trkpt lat="34.716257" lon="-93.981868"></trkpt><trkpt lat="34.716432" lon="-93.982161"></trkpt><trkpt lat="34.716483" lon="-93.982323"></trkpt><trkpt lat="34.716801" lon="-93.982802"></trkpt><trkpt lat="34.717205" lon="-93.983103"></trkpt><trkpt lat="34.717660" lon="-93.983092"></trkpt><trkpt lat="34.717717" lon="-93.983050"></trkpt><trkpt lat="34.717936" lon="-93.983026"></trkpt><trkpt lat="34.718265" lon="-93.983027"></trkpt><trkpt lat="34.718480" lon="-93.982936"></trkpt><trkpt lat="34.718762" lon="-93.982944"></trkpt><trkpt lat="34.718893" lon="-93.982896"></trkpt><trkpt lat="34.718935" lon="-93.982936"></trkpt><trkpt lat="34.719152" lon="-93.983463"></trkpt><trkpt lat="34.719184" lon="-93.983725"></trkpt><trkpt lat="34.718124" lon="-93.984887"></trkpt><trkpt lat="34.718121" lon="-93.984937"></trkpt><trkpt lat="34.717859" lon="-93.985271"></trkpt><trkpt lat="34.717784" lon="-93.985312"></trkpt><trkpt lat="34.717597" lon="-93.985331"></trkpt><trkpt lat="34.717451" lon="-93.985500"></trkpt><trkpt lat="34.717214" lon="-93.985575"></trkpt><trkpt lat="34.717092" lon="-93.985570"></trkpt><trkpt lat="34.716963" lon="-93.985433"></trkpt><trkpt lat="34.716864" lon="-93.985430"></trkpt><trkpt lat="34.716640" lon="-93.985482"></trkpt><trkpt lat="34.716506" lon="-93.985581"></trkpt><trkpt lat="34.716467" lon="-93.985685"></trkpt><trkpt lat="34.716354" lon="-93.985784"></trkpt><trkpt lat="34.716291" lon="-93.986043"></trkpt><trkpt lat="34.716170" lon="-93.986138"></trkpt><trkpt lat="34.716096" lon="-93.986369"></trkpt><trkpt lat="34.715948" lon="-93.986552"></trkpt><trkpt lat="34.715946" lon="-93.986603"></trkpt><trkpt lat="34.715747" lon="-93.986893"></trkpt><trkpt lat="34.715740" lon="-93.986987"></trkpt><trkpt lat="34.715687" lon="-93.987076"></trkpt><trkpt lat="34.715617" lon="-93.987141"></trkpt><trkpt lat="34.715531" lon="-93.987124"></trkpt><trkpt lat="34.715436" lon="-93.987151"></trkpt><trkpt lat="34.715453" lon="-93.987259"></trkpt><trkpt lat="34.715353" lon="-93.987465"></trkpt><trkpt lat="34.715532" lon="-93.987631"></trkpt><trkpt lat="34.714851" lon="-93.987832"></trkpt><trkpt lat="34.714784" lon="-93.987749"></trkpt><trkpt lat="34.714517" lon="-93.988210"></trkpt><trkpt lat="34.714415" lon="-93.988539"></trkpt><trkpt lat="34.714358" lon="-93.988591"></trkpt><trkpt lat="34.714163" lon="-93.989343"></trkpt><trkpt lat="34.714060" lon="-93.989537"></trkpt><trkpt lat="34.714066" lon="-93.989649"></trkpt><trkpt lat="34.713864" lon="-93.990103"></trkpt><trkpt lat="34.713813" lon="-93.990443"></trkpt><trkpt lat="34.713850" lon="-93.990908"></trkpt><trkpt lat="34.713968" lon="-93.991090"></trkpt><trkpt lat="34.714171" lon="-93.991085"></trkpt><trkpt lat="34.714270" lon="-93.991151"></trkpt><trkpt lat="34.714328" lon="-93.991251"></trkpt><trkpt lat="34.714417" lon="-93.991293"></trkpt><trkpt lat="34.714479" lon="-93.991430"></trkpt><trkpt lat="34.714603" lon="-93.991426"></trkpt><trkpt lat="34.714812" lon="-93.991279"></trkpt><trkpt lat="34.715024" lon="-93.991300"></trkpt><trkpt lat="34.715191" lon="-93.991545"></trkpt><trkpt lat="34.715301" lon="-93.991636"></trkpt><trkpt lat="34.715429" lon="-93.991691"></trkpt><trkpt lat="34.715532" lon="-93.991789"></trkpt><trkpt lat="34.715658" lon="-93.991788"></trkpt><trkpt lat="34.715862" lon="-93.991895"></trkpt><trkpt lat="34.716322" lon="-93.991877"></trkpt><trkpt lat="34.716424" lon="-93.991814"></trkpt><trkpt lat="34.716885" lon="-93.991995"></trkpt><trkpt lat="34.717000" lon="-93.992004"></trkpt><trkpt lat="34.717341" lon="-93.992134"></trkpt><trkpt lat="34.717566" lon="-93.992175"></trkpt><trkpt lat="34.718016" lon="-93.992340"></trkpt><trkpt lat="34.718367" lon="-93.992422"></trkpt><trkpt lat="34.718454" lon="-93.992474"></trkpt><trkpt lat="34.718637" lon="-93.992443"></trkpt><trkpt lat="34.718885" lon="-93.992706"></trkpt><trkpt lat="34.718950" lon="-93.992807"></trkpt><trkpt lat="34.718967" lon="-93.992901"></trkpt><trkpt lat="34.719039" lon="-93.992987"></trkpt><trkpt lat="34.719355" lon="-93.993131"></trkpt><trkpt lat="34.719536" lon="-93.993062"></trkpt><trkpt lat="34.719743" lon="-93.992884"></trkpt><trkpt lat="34.719994" lon="-93.992762"></trkpt><trkpt lat="34.720520" lon="-93.992694"></trkpt><trkpt lat="34.720997" lon="-93.992756"></trkpt><trkpt lat="34.721266" lon="-93.992745"></trkpt><trkpt lat="34.721328" lon="-93.992826"></trkpt><trkpt lat="34.721425" lon="-93.992872"></trkpt><trkpt lat="34.721498" lon="-93.993040"></trkpt><trkpt lat="34.721641" lon="-93.993116"></trkpt><trkpt lat="34.721693" lon="-93.993195"></trkpt><trkpt lat="34.721811" lon="-93.993260"></trkpt><trkpt lat="34.722095" lon="-93.993625"></trkpt><trkpt lat="34.722277" lon="-93.993670"></trkpt><trkpt lat="34.722708" lon="-93.993641"></trkpt><trkpt lat="34.722937" lon="-93.993692"></trkpt><trkpt lat="34.723106" lon="-93.993808"></trkpt><trkpt lat="34.723692" lon="-93.994038"></trkpt><trkpt lat="34.723802" lon="-93.994107"></trkpt><trkpt lat="34.723990" lon="-93.994300"></trkpt><trkpt lat="34.724195" lon="-93.994246"></trkpt><trkpt lat="34.724492" lon="-93.994050"></trkpt><trkpt lat="34.724946" lon="-93.993661"></trkpt><trkpt lat="34.725071" lon="-93.993610"></trkpt><trkpt lat="34.725177" lon="-93.993621"></trkpt><trkpt lat="34.725369" lon="-93.993773"></trkpt><trkpt lat="34.725677" lon="-93.993893"></trkpt><trkpt lat="34.725971" lon="-93.993724"></trkpt><trkpt lat="34.726107" lon="-93.993714"></trkpt><trkpt lat="34.726246" lon="-93.993775"></trkpt><trkpt lat="34.726586" lon="-93.993785"></trkpt><trkpt lat="34.726823" lon="-93.993845"></trkpt><trkpt lat="34.726933" lon="-93.993912"></trkpt><trkpt lat="34.727032" lon="-93.993887"></trkpt></trkseg></trk><trk><name>T120 BR5F828</name><trkseg><trkpt lat="34.713850" lon="-93.990908"></trkpt><trkpt lat="34.713516" lon="-93.990980"></trkpt><trkpt lat="34.713049" lon="-93.990984"></trkpt><trkpt lat="34.712599" lon="-93.990889"></trkpt><trkpt lat="34.712338" lon="-93.990796"></trkpt><trkpt lat="34.711751" lon="-93.990693"></trkpt><trkpt lat="34.711525" lon="-93.990759"></trkpt><trkpt lat="34.711296" lon="-93.990923"></trkpt><trkpt lat="34.710767" lon="-93.991399"></trkpt><trkpt lat="34.710479" lon="-93.991608"></trkpt><trkpt lat="34.710209" lon="-93.991753"></trkpt><trkpt lat="34.709952" lon="-93.991837"></trkpt><trkpt lat="34.709699" lon="-93.991841"></trkpt><trkpt lat="34.709441" lon="-93.991726"></trkpt><trkpt lat="34.709204" lon="-93.991691"></trkpt><trkpt lat="34.708971" lon="-93.991781"></trkpt><trkpt lat="34.708292" lon="-93.992133"></trkpt><trkpt lat="34.708050" lon="-93.992315"></trkpt><trkpt lat="34.707930" lon="-93.992583"></trkpt><trkpt lat="34.707891" lon="-93.993243"></trkpt><trkpt lat="34.707731" lon="-93.993497"></trkpt><trkpt lat="34.707376" lon="-93.993935"></trkpt><trkpt lat="34.707179" lon="-93.994088"></trkpt><trkpt lat="34.706725" lon="-93.994173"></trkpt><trkpt lat="34.706514" lon="-93.994276"></trkpt><trkpt lat="34.706326" lon="-93.994435"></trkpt><trkpt lat="34.706182" lon="-93.994673"></trkpt><trkpt lat="34.706062" lon="-93.995007"></trkpt><trkpt lat="34.705931" lon="-93.995240"></trkpt><trkpt lat="34.704859" lon="-93.995985"></trkpt><trkpt lat="34.704287" lon="-93.996183"></trkpt><trkpt lat="34.703757" lon="-93.996473"></trkpt><trkpt lat="34.703508" lon="-93.996656"></trkpt><trkpt lat="34.702474" lon="-93.997087"></trkpt><trkpt lat="34.701988" lon="-93.997017"></trkpt><trkpt lat="34.701733" lon="-93.997019"></trkpt><trkpt lat="34.701056" lon="-93.997128"></trkpt><trkpt lat="34.700723" lon="-93.996979"></trkpt><trkpt lat="34.700532" lon="-93.996949"></trkpt><trkpt lat="34.700380" lon="-93.997050"></trkpt><trkpt lat="34.700275" lon="-93.997211"></trkpt><trkpt lat="34.700090" lon="-93.997792"></trkpt><trkpt lat="34.699965" lon="-93.997890"></trkpt><trkpt lat="34.699623" lon="-93.998039"></trkpt><trkpt lat="34.698654" lon="-93.998676"></trkpt><trkpt lat="34.697909" lon="-93.999052"></trkpt><trkpt lat="34.697764" lon="-93.999139"></trkpt><trkpt lat="34.697754" lon="-93.999177"></trkpt><trkpt lat="34.697831" lon="-93.999494"></trkpt><trkpt lat="34.697993" lon="-93.999808"></trkpt><trkpt lat="34.698018" lon="-94.000056"></trkpt><trkpt lat="34.698085" lon="-94.000144"></trkpt><trkpt lat="34.698058" lon="-94.000303"></trkpt><trkpt lat="34.698237" lon="-94.000752"></trkpt><trkpt lat="34.698274" lon="-94.000915"></trkpt><trkpt lat="34.698236" lon="-94.001241"></trkpt><trkpt lat="34.698340" lon="-94.001721"></trkpt><trkpt lat="34.698961" lon="-94.002685"></trkpt><trkpt lat="34.699031" lon="-94.002899"></trkpt><trkpt lat="34.699143" lon="-94.003005"></trkpt><trkpt lat="34.699144" lon="-94.003147"></trkpt><trkpt lat="34.699023" lon="-94.003330"></trkpt><trkpt lat="34.699059" lon="-94.003402"></trkpt><trkpt lat="34.699049" lon="-94.003512"></trkpt><trkpt lat="34.699188" lon="-94.003849"></trkpt><trkpt lat="34.699306" lon="-94.004022"></trkpt><trkpt lat="34.699362" lon="-94.004304"></trkpt><trkpt lat="34.699505" lon="-94.004284"></trkpt><trkpt lat="34.699652" lon="-94.004169"></trkpt><trkpt lat="34.699736" lon="-94.004145"></trkpt><trkpt lat="34.699963" lon="-94.004153"></trkpt><trkpt lat="34.700068" lon="-94.004547"></trkpt><trkpt lat="34.700183" lon="-94.004615"></trkpt><trkpt lat="34.700429" lon="-94.004485"></trkpt><trkpt lat="34.700680" lon="-94.004425"></trkpt><trkpt lat="34.700707" lon="-94.004470"></trkpt><trkpt lat="34.700641" lon="-94.005055"></trkpt><trkpt lat="34.700726" lon="-94.005185"></trkpt><trkpt lat="34.700902" lon="-94.005681"></trkpt><trkpt lat="34.701072" lon="-94.005865"></trkpt><trkpt lat="34.701163" lon="-94.006025"></trkpt><trkpt lat="34.701529" lon="-94.006245"></trkpt><trkpt lat="34.701792" lon="-94.006527"></trkpt><trkpt lat="34.702081" lon="-94.006450"></trkpt><trkpt lat="34.702264" lon="-94.006465"></trkpt><trkpt lat="34.702428" lon="-94.006548"></trkpt><trkpt lat="34.702589" lon="-94.006678"></trkpt><trkpt lat="34.702869" lon="-94.006953"></trkpt><trkpt lat="34.703000" lon="-94.007161"></trkpt><trkpt lat="34.703564" lon="-94.008438"></trkpt><trkpt lat="34.703738" lon="-94.008705"></trkpt><trkpt lat="34.703923" lon="-94.008907"></trkpt><trkpt lat="34.704076" lon="-94.008949"></trkpt><trkpt lat="34.704915" lon="-94.008421"></trkpt><trkpt lat="34.705498" lon="-94.008194"></trkpt><trkpt lat="34.705746" lon="-94.008206"></trkpt><trkpt lat="34.705981" lon="-94.008368"></trkpt><trkpt lat="34.706251" lon="-94.008457"></trkpt><trkpt lat="34.706446" lon="-94.008351"></trkpt><trkpt lat="34.706704" lon="-94.007918"></trkpt><trkpt lat="34.706877" lon="-94.007732"></trkpt><trkpt lat="34.707499" lon="-94.007254"></trkpt><trkpt lat="34.707692" lon="-94.007042"></trkpt><trkpt lat="34.708132" lon="-94.006441"></trkpt><trkpt lat="34.708235" lon="-94.006217"></trkpt><trkpt lat="34.708326" lon="-94.005647"></trkpt><trkpt lat="34.708290" lon="-94.004234"></trkpt><trkpt lat="34.708232" lon="-94.003411"></trkpt><trkpt lat="34.708294" lon="-94.003171"></trkpt><trkpt lat="34.708467" lon="-94.002966"></trkpt><trkpt lat="34.708752" lon="-94.002876"></trkpt><trkpt lat="34.709062" lon="-94.003022"></trkpt><trkpt lat="34.709358" lon="-94.003211"></trkpt><trkpt lat="34.709554" lon="-94.003276"></trkpt><trkpt lat="34.709766" lon="-94.003246"></trkpt><trkpt lat="34.709954" lon="-94.003136"></trkpt><trkpt lat="34.710156" lon="-94.002952"></trkpt><trkpt lat="34.710389" lon="-94.002838"></trkpt><trkpt lat="34.710609" lon="-94.002909"></trkpt><trkpt lat="34.711216" lon="-94.003459"></trkpt><trkpt lat="34.711563" lon="-94.004022"></trkpt><trkpt lat="34.711764" lon="-94.004263"></trkpt><trkpt lat="34.711986" lon="-94.004402"></trkpt><trkpt lat="34.712559" lon="-94.004595"></trkpt><trkpt lat="34.713498" lon="-94.005328"></trkpt><trkpt lat="34.714144" lon="-94.005432"></trkpt><trkpt lat="34.714240" lon="-94.005514"></trkpt><trkpt lat="34.714377" lon="-94.005526"></trkpt><trkpt lat="34.714438" lon="-94.005598"></trkpt><trkpt lat="34.714895" lon="-94.005604"></trkpt><trkpt lat="34.715174" lon="-94.005706"></trkpt><trkpt lat="34.715407" lon="-94.005870"></trkpt><trkpt lat="34.715619" lon="-94.006093"></trkpt><trkpt lat="34.716107" lon="-94.006842"></trkpt><trkpt lat="34.716253" lon="-94.007198"></trkpt><trkpt lat="34.716449" lon="-94.007957"></trkpt><trkpt lat="34.716666" lon="-94.008525"></trkpt><trkpt lat="34.716802" lon="-94.008703"></trkpt><trkpt lat="34.716952" lon="-94.008806"></trkpt><trkpt lat="34.718381" lon="-94.009110"></trkpt><trkpt lat="34.718633" lon="-94.009206"></trkpt><trkpt lat="34.719359" lon="-94.009960"></trkpt><trkpt lat="34.719656" lon="-94.010039"></trkpt><trkpt lat="34.719900" lon="-94.010007"></trkpt><trkpt lat="34.721118" lon="-94.009344"></trkpt><trkpt lat="34.721396" lon="-94.009227"></trkpt><trkpt lat="34.722307" lon="-94.009229"></trkpt><trkpt lat="34.722312" lon="-94.009145"></trkpt><trkpt lat="34.722054" lon="-94.008680"></trkpt><trkpt lat="34.722020" lon="-94.008453"></trkpt><trkpt lat="34.722029" lon="-94.008246"></trkpt><trkpt lat="34.722095" lon="-94.007820"></trkpt><trkpt lat="34.722047" lon="-94.007653"></trkpt><trkpt lat="34.721678" lon="-94.007295"></trkpt><trkpt lat="34.721325" lon="-94.007252"></trkpt><trkpt lat="34.721226" lon="-94.007139"></trkpt><trkpt lat="34.721114" lon="-94.006813"></trkpt><trkpt lat="34.721124" lon="-94.005571"></trkpt><trkpt lat="34.721177" lon="-94.004934"></trkpt><trkpt lat="34.720955" lon="-94.003730"></trkpt><trkpt lat="34.720968" lon="-94.003470"></trkpt><trkpt lat="34.721013" lon="-94.003252"></trkpt><trkpt lat="34.721253" lon="-94.002791"></trkpt><trkpt lat="34.721339" lon="-94.002542"></trkpt><trkpt lat="34.721401" lon="-94.002148"></trkpt><trkpt lat="34.721333" lon="-94.001616"></trkpt><trkpt lat="34.721319" lon="-94.001072"></trkpt><trkpt lat="34.721160" lon="-94.000374"></trkpt><trkpt lat="34.721151" lon="-94.000156"></trkpt><trkpt lat="34.721191" lon="-93.999980"></trkpt><trkpt lat="34.721334" lon="-93.999786"></trkpt><trkpt lat="34.721460" lon="-93.999802"></trkpt><trkpt lat="34.721793" lon="-93.999968"></trkpt><trkpt lat="34.721976" lon="-93.999929"></trkpt><trkpt lat="34.722185" lon="-93.999686"></trkpt><trkpt lat="34.722720" lon="-93.999365"></trkpt><trkpt lat="34.723036" lon="-93.999318"></trkpt><trkpt lat="34.723247" lon="-93.999365"></trkpt><trkpt lat="34.723620" lon="-93.999556"></trkpt><trkpt lat="34.723744" lon="-93.999575"></trkpt><trkpt lat="34.723843" lon="-93.999521"></trkpt><trkpt lat="34.724080" lon="-93.999266"></trkpt><trkpt lat="34.724267" lon="-93.998949"></trkpt><trkpt lat="34.724356" lon="-93.998520"></trkpt><trkpt lat="34.724367" lon="-93.998325"></trkpt><trkpt lat="34.724358" lon="-93.998000"></trkpt><trkpt lat="34.724309" lon="-93.997703"></trkpt><trkpt lat="34.724186" lon="-93.997323"></trkpt><trkpt lat="34.723887" lon="-93.996664"></trkpt><trkpt lat="34.723830" lon="-93.996465"></trkpt><trkpt lat="34.723731" lon="-93.996381"></trkpt><trkpt lat="34.723549" lon="-93.996070"></trkpt><trkpt lat="34.723299" lon="-93.995770"></trkpt><trkpt lat="34.722997" lon="-93.995529"></trkpt><trkpt lat="34.722951" lon="-93.995379"></trkpt><trkpt lat="34.722841" lon="-93.995262"></trkpt><trkpt lat="34.722762" lon="-93.994759"></trkpt><trkpt lat="34.722860" lon="-93.994550"></trkpt><trkpt lat="34.722789" lon="-93.993870"></trkpt></trkseg></trk><trk><name>T121 BR5F828</name><trkseg><trkpt lat="34.697754" lon="-93.999177"></trkpt><trkpt lat="34.697651" lon="-93.999159"></trkpt><trkpt lat="34.697011" lon="-93.998864"></trkpt><trkpt lat="34.696776" lon="-93.998832"></trkpt><trkpt lat="34.696597" lon="-93.998720"></trkpt><trkpt lat="34.696237" lon="-93.998418"></trkpt><trkpt lat="34.696006" lon="-93.997963"></trkpt><trkpt lat="34.695899" lon="-93.997562"></trkpt><trkpt lat="34.695753" lon="-93.997454"></trkpt><trkpt lat="34.695358" lon="-93.997537"></trkpt><trkpt lat="34.694976" lon="-93.997866"></trkpt><trkpt lat="34.694619" lon="-93.998240"></trkpt><trkpt lat="34.694418" lon="-93.998352"></trkpt><trkpt lat="34.694036" lon="-93.998739"></trkpt><trkpt lat="34.693250" lon="-93.999241"></trkpt><trkpt lat="34.692963" lon="-93.999533"></trkpt></trkseg></trk><trk><name>T122 BR5F828</name><trkseg><trkpt lat="34.674802" lon="-93.947582"></trkpt><trkpt lat="34.675222" lon="-93.947778"></trkpt><trkpt lat="34.675414" lon="-93.947813"></trkpt><trkpt lat="34.675917" lon="-93.947998"></trkpt><trkpt lat="34.676705" lon="-93.947860"></trkpt><trkpt lat="34.677056" lon="-93.947922"></trkpt><trkpt lat="34.677708" lon="-93.947880"></trkpt><trkpt lat="34.678480" lon="-93.948344"></trkpt><trkpt lat="34.678624" lon="-93.948385"></trkpt><trkpt lat="34.678687" lon="-93.948612"></trkpt><trkpt lat="34.678684" lon="-93.948806"></trkpt><trkpt lat="34.678623" lon="-93.949063"></trkpt><trkpt lat="34.678704" lon="-93.949373"></trkpt><trkpt lat="34.679269" lon="-93.950353"></trkpt><trkpt lat="34.679702" lon="-93.950959"></trkpt><trkpt lat="34.679820" lon="-93.951341"></trkpt><trkpt lat="34.680288" lon="-93.952076"></trkpt><trkpt lat="34.680570" lon="-93.952399"></trkpt><trkpt lat="34.680985" lon="-93.952668"></trkpt><trkpt lat="34.681155" lon="-93.952821"></trkpt><trkpt lat="34.681261" lon="-93.952841"></trkpt><trkpt lat="34.681411" lon="-93.952921"></trkpt><trkpt lat="34.682196" lon="-93.953448"></trkpt><trkpt lat="34.682348" lon="-93.953895"></trkpt><trkpt lat="34.682664" lon="-93.954382"></trkpt><trkpt lat="34.682850" lon="-93.954817"></trkpt><trkpt lat="34.683053" lon="-93.955429"></trkpt><trkpt lat="34.683065" lon="-93.955649"></trkpt><trkpt lat="34.683385" lon="-93.956453"></trkpt><trkpt lat="34.683470" lon="-93.956894"></trkpt><trkpt lat="34.683857" lon="-93.957778"></trkpt><trkpt lat="34.684200" lon="-93.958394"></trkpt><trkpt lat="34.684307" lon="-93.958501"></trkpt><trkpt lat="34.684637" lon="-93.958640"></trkpt><trkpt lat="34.684749" lon="-93.958744"></trkpt><trkpt lat="34.684876" lon="-93.958926"></trkpt><trkpt lat="34.685858" lon="-93.959936"></trkpt><trkpt lat="34.686094" lon="-93.960354"></trkpt><trkpt lat="34.686308" lon="-93.960584"></trkpt></trkseg></trk><trk><name>T123 BR5F828</name><trkseg><trkpt lat="34.777803" lon="-94.693687"></trkpt><trkpt lat="34.777946" lon="-94.693665"></trkpt><trkpt lat="34.778113" lon="-94.693469"></trkpt><trkpt lat="34.778173" lon="-94.693205"></trkpt><trkpt lat="34.778142" lon="-94.692695"></trkpt><trkpt lat="34.778255" lon="-94.692476"></trkpt><trkpt lat="34.778476" lon="-94.692326"></trkpt><trkpt lat="34.778240" lon="-94.692233"></trkpt><trkpt lat="34.778074" lon="-94.692384"></trkpt><trkpt lat="34.777940" lon="-94.692780"></trkpt><trkpt lat="34.777974" lon="-94.693068"></trkpt><trkpt lat="34.777893" lon="-94.693531"></trkpt><trkpt lat="34.777669" lon="-94.693903"></trkpt><trkpt lat="34.777430" lon="-94.694120"></trkpt><trkpt lat="34.777172" lon="-94.694181"></trkpt><trkpt lat="34.776978" lon="-94.693668"></trkpt><trkpt lat="34.776743" lon="-94.693552"></trkpt><trkpt lat="34.776617" lon="-94.693372"></trkpt><trkpt lat="34.776454" lon="-94.693303"></trkpt><trkpt lat="34.776012" lon="-94.693626"></trkpt><trkpt lat="34.775757" lon="-94.693510"></trkpt><trkpt lat="34.775136" lon="-94.693563"></trkpt><trkpt lat="34.774878" lon="-94.693802"></trkpt><trkpt lat="34.774440" lon="-94.693704"></trkpt><trkpt lat="34.774202" lon="-94.693766"></trkpt><trkpt lat="34.774075" lon="-94.693652"></trkpt><trkpt lat="34.774317" lon="-94.693303"></trkpt><trkpt lat="34.774100" lon="-94.693188"></trkpt><trkpt lat="34.773272" lon="-94.693703"></trkpt><trkpt lat="34.773213" lon="-94.693945"></trkpt><trkpt lat="34.773190" lon="-94.694276"></trkpt><trkpt lat="34.773202" lon="-94.694697"></trkpt><trkpt lat="34.773289" lon="-94.695097"></trkpt><trkpt lat="34.773608" lon="-94.695834"></trkpt><trkpt lat="34.773840" lon="-94.696148"></trkpt><trkpt lat="34.773946" lon="-94.696504"></trkpt><trkpt lat="34.774127" lon="-94.696575"></trkpt><trkpt lat="34.774161" lon="-94.696752"></trkpt><trkpt lat="34.774048" lon="-94.696905"></trkpt><trkpt lat="34.773918" lon="-94.697013"></trkpt><trkpt lat="34.773825" lon="-94.697255"></trkpt><trkpt lat="34.773687" lon="-94.697938"></trkpt><trkpt lat="34.773683" lon="-94.698225"></trkpt><trkpt lat="34.773533" lon="-94.698443"></trkpt><trkpt lat="34.773425" lon="-94.698441"></trkpt><trkpt lat="34.773353" lon="-94.698263"></trkpt><trkpt lat="34.772966" lon="-94.698520"></trkpt><trkpt lat="34.772293" lon="-94.698484"></trkpt><trkpt lat="34.772148" lon="-94.698371"></trkpt><trkpt lat="34.771984" lon="-94.698301"></trkpt><trkpt lat="34.771764" lon="-94.698407"></trkpt><trkpt lat="34.771544" lon="-94.698358"></trkpt><trkpt lat="34.771471" lon="-94.698423"></trkpt><trkpt lat="34.771118" lon="-94.698859"></trkpt><trkpt lat="34.770722" lon="-94.699713"></trkpt><trkpt lat="34.770628" lon="-94.699999"></trkpt><trkpt lat="34.770441" lon="-94.700327"></trkpt><trkpt lat="34.770180" lon="-94.700632"></trkpt><trkpt lat="34.770032" lon="-94.700717"></trkpt><trkpt lat="34.769723" lon="-94.700733"></trkpt><trkpt lat="34.769537" lon="-94.701017"></trkpt><trkpt lat="34.769472" lon="-94.701591"></trkpt><trkpt lat="34.769790" lon="-94.702372"></trkpt><trkpt lat="34.770013" lon="-94.702767"></trkpt><trkpt lat="34.769042" lon="-94.703662"></trkpt><trkpt lat="34.768858" lon="-94.703747"></trkpt><trkpt lat="34.768528" lon="-94.703806"></trkpt><trkpt lat="34.768163" lon="-94.703821"></trkpt><trkpt lat="34.767888" lon="-94.704014"></trkpt><trkpt lat="34.767780" lon="-94.703813"></trkpt><trkpt lat="34.767552" lon="-94.703167"></trkpt><trkpt lat="34.767331" lon="-94.703384"></trkpt><trkpt lat="34.767180" lon="-94.703646"></trkpt><trkpt lat="34.766719" lon="-94.703946"></trkpt><trkpt lat="34.766478" lon="-94.704251"></trkpt><trkpt lat="34.766126" lon="-94.704554"></trkpt><trkpt lat="34.765800" lon="-94.704370"></trkpt><trkpt lat="34.765714" lon="-94.704058"></trkpt><trkpt lat="34.765179" lon="-94.704424"></trkpt><trkpt lat="34.765066" lon="-94.704642"></trkpt><trkpt lat="34.765312" lon="-94.705400"></trkpt><trkpt lat="34.765178" lon="-94.705773"></trkpt><trkpt lat="34.764865" lon="-94.705944"></trkpt><trkpt lat="34.764586" lon="-94.706381"></trkpt><trkpt lat="34.764325" lon="-94.706685"></trkpt><trkpt lat="34.763958" lon="-94.706810"></trkpt><trkpt lat="34.763448" lon="-94.706689"></trkpt><trkpt lat="34.762878" lon="-94.705660"></trkpt><trkpt lat="34.762812" lon="-94.705260"></trkpt><trkpt lat="34.762930" lon="-94.704532"></trkpt><trkpt lat="34.762879" lon="-94.704354"></trkpt><trkpt lat="34.762714" lon="-94.704373"></trkpt><trkpt lat="34.762273" lon="-94.704652"></trkpt><trkpt lat="34.762037" lon="-94.704602"></trkpt><trkpt lat="34.761422" lon="-94.704081"></trkpt><trkpt lat="34.761169" lon="-94.703943"></trkpt><trkpt lat="34.760969" lon="-94.703894"></trkpt><trkpt lat="34.760858" lon="-94.703937"></trkpt><trkpt lat="34.760783" lon="-94.704178"></trkpt><trkpt lat="34.760519" lon="-94.704682"></trkpt><trkpt lat="34.760252" lon="-94.705517"></trkpt><trkpt lat="34.760006" lon="-94.706065"></trkpt><trkpt lat="34.759860" lon="-94.706128"></trkpt><trkpt lat="34.759714" lon="-94.706125"></trkpt><trkpt lat="34.759659" lon="-94.706169"></trkpt><trkpt lat="34.759675" lon="-94.706324"></trkpt><trkpt lat="34.759782" lon="-94.706436"></trkpt><trkpt lat="34.759795" lon="-94.706769"></trkpt><trkpt lat="34.759648" lon="-94.706965"></trkpt><trkpt lat="34.759264" lon="-94.706869"></trkpt><trkpt lat="34.758990" lon="-94.706929"></trkpt><trkpt lat="34.758802" lon="-94.707323"></trkpt><trkpt lat="34.758580" lon="-94.707607"></trkpt><trkpt lat="34.758414" lon="-94.707669"></trkpt><trkpt lat="34.758212" lon="-94.707798"></trkpt><trkpt lat="34.758066" lon="-94.707751"></trkpt><trkpt lat="34.757939" lon="-94.707660"></trkpt><trkpt lat="34.757781" lon="-94.707148"></trkpt><trkpt lat="34.757541" lon="-94.706103"></trkpt><trkpt lat="34.757326" lon="-94.705833"></trkpt><trkpt lat="34.757018" lon="-94.705628"></trkpt><trkpt lat="34.756763" lon="-94.705534"></trkpt><trkpt lat="34.756453" lon="-94.705616"></trkpt><trkpt lat="34.756280" lon="-94.706165"></trkpt><trkpt lat="34.756096" lon="-94.706317"></trkpt><trkpt lat="34.755804" lon="-94.706244"></trkpt><trkpt lat="34.755717" lon="-94.706021"></trkpt><trkpt lat="34.755614" lon="-94.705466"></trkpt><trkpt lat="34.755527" lon="-94.705265"></trkpt><trkpt lat="34.755327" lon="-94.705172"></trkpt><trkpt lat="34.754828" lon="-94.705560"></trkpt><trkpt lat="34.754861" lon="-94.705827"></trkpt><trkpt lat="34.754949" lon="-94.706138"></trkpt><trkpt lat="34.754921" lon="-94.706624"></trkpt><trkpt lat="34.754802" lon="-94.707418"></trkpt><trkpt lat="34.754889" lon="-94.707686"></trkpt><trkpt lat="34.754813" lon="-94.707905"></trkpt><trkpt lat="34.754558" lon="-94.707922"></trkpt><trkpt lat="34.754428" lon="-94.708074"></trkpt><trkpt lat="34.754440" lon="-94.708517"></trkpt><trkpt lat="34.754271" lon="-94.708823"></trkpt><trkpt lat="34.753810" lon="-94.709057"></trkpt><trkpt lat="34.753538" lon="-94.709007"></trkpt><trkpt lat="34.753029" lon="-94.708820"></trkpt><trkpt lat="34.752702" lon="-94.708636"></trkpt><trkpt lat="34.752610" lon="-94.708811"></trkpt><trkpt lat="34.752789" lon="-94.709058"></trkpt><trkpt lat="34.752876" lon="-94.709237"></trkpt><trkpt lat="34.752906" lon="-94.709857"></trkpt><trkpt lat="34.752756" lon="-94.710142"></trkpt><trkpt lat="34.752534" lon="-94.710358"></trkpt><trkpt lat="34.752369" lon="-94.710377"></trkpt><trkpt lat="34.752261" lon="-94.710220"></trkpt><trkpt lat="34.750933" lon="-94.709927"></trkpt><trkpt lat="34.750892" lon="-94.710081"></trkpt><trkpt lat="34.750964" lon="-94.710238"></trkpt><trkpt lat="34.750797" lon="-94.710411"></trkpt><trkpt lat="34.750970" lon="-94.711100"></trkpt><trkpt lat="34.750908" lon="-94.711719"></trkpt><trkpt lat="34.750681" lon="-94.712112"></trkpt><trkpt lat="34.750423" lon="-94.712372"></trkpt><trkpt lat="34.749720" lon="-94.712840"></trkpt><trkpt lat="34.749507" lon="-94.713033"></trkpt><trkpt lat="34.749160" lon="-94.712913"></trkpt><trkpt lat="34.748978" lon="-94.712514"></trkpt><trkpt lat="34.748747" lon="-94.712425"></trkpt><trkpt lat="34.748488" lon="-94.712589"></trkpt><trkpt lat="34.747852" lon="-94.713084"></trkpt><trkpt lat="34.747323" lon="-94.712537"></trkpt><trkpt lat="34.746491" lon="-94.712096"></trkpt><trkpt lat="34.746011" lon="-94.713019"></trkpt><trkpt lat="34.746265" lon="-94.713249"></trkpt><trkpt lat="34.746636" lon="-94.713482"></trkpt><trkpt lat="34.746185" lon="-94.713981"></trkpt><trkpt lat="34.746175" lon="-94.714658"></trkpt><trkpt lat="34.746340" lon="-94.714689"></trkpt><trkpt lat="34.746732" lon="-94.714839"></trkpt><trkpt lat="34.746986" lon="-94.715041"></trkpt><trkpt lat="34.747259" lon="-94.715470"></trkpt><trkpt lat="34.747583" lon="-94.715838"></trkpt><trkpt lat="34.747458" lon="-94.716265"></trkpt><trkpt lat="34.747427" lon="-94.716857"></trkpt><trkpt lat="34.747257" lon="-94.717248"></trkpt><trkpt lat="34.746978" lon="-94.717214"></trkpt><trkpt lat="34.746877" lon="-94.717805"></trkpt><trkpt lat="34.746531" lon="-94.717544"></trkpt><trkpt lat="34.746252" lon="-94.717566"></trkpt><trkpt lat="34.745625" lon="-94.717440"></trkpt><trkpt lat="34.744834" lon="-94.717255"></trkpt><trkpt lat="34.744486" lon="-94.717106"></trkpt><trkpt lat="34.744383" lon="-94.717866"></trkpt><trkpt lat="34.744103" lon="-94.717917"></trkpt><trkpt lat="34.743774" lon="-94.718051"></trkpt><trkpt lat="34.743561" lon="-94.718301"></trkpt><trkpt lat="34.743466" lon="-94.718468"></trkpt><trkpt lat="34.743415" lon="-94.718749"></trkpt><trkpt lat="34.743576" lon="-94.719035"></trkpt><trkpt lat="34.743804" lon="-94.719293"></trkpt><trkpt lat="34.744222" lon="-94.719415"></trkpt><trkpt lat="34.744452" lon="-94.719561"></trkpt><trkpt lat="34.744636" lon="-94.719762"></trkpt><trkpt lat="34.744654" lon="-94.720101"></trkpt><trkpt lat="34.744534" lon="-94.720466"></trkpt><trkpt lat="34.744272" lon="-94.720799"></trkpt><trkpt lat="34.744038" lon="-94.720907"></trkpt><trkpt lat="34.744033" lon="-94.721273"></trkpt><trkpt lat="34.744262" lon="-94.721532"></trkpt><trkpt lat="34.743975" lon="-94.722006"></trkpt><trkpt lat="34.743598" lon="-94.722421"></trkpt></trkseg></trk><trk><name>T124 BR5F828</name><trkseg><trkpt lat="37.459077" lon="-91.069535"></trkpt><trkpt lat="37.458893" lon="-91.070130"></trkpt><trkpt lat="37.458481" lon="-91.070344"></trkpt><trkpt lat="37.458237" lon="-91.070373"></trkpt><trkpt lat="37.457835" lon="-91.070035"></trkpt><trkpt lat="37.457544" lon="-91.070240"></trkpt><trkpt lat="37.457729" lon="-91.070536"></trkpt><trkpt lat="37.458035" lon="-91.070867"></trkpt><trkpt lat="37.458525" lon="-91.071101"></trkpt><trkpt lat="37.459053" lon="-91.070728"></trkpt><trkpt lat="37.459285" lon="-91.070195"></trkpt><trkpt lat="37.459524" lon="-91.070151"></trkpt><trkpt lat="37.459471" lon="-91.070605"></trkpt><trkpt lat="37.459155" lon="-91.071479"></trkpt><trkpt lat="37.458662" lon="-91.072546"></trkpt><trkpt lat="37.458239" lon="-91.073066"></trkpt><trkpt lat="37.457837" lon="-91.074370"></trkpt><trkpt lat="37.457269" lon="-91.075214"></trkpt><trkpt lat="37.456435" lon="-91.075966"></trkpt><trkpt lat="37.456364" lon="-91.076465"></trkpt><trkpt lat="37.456634" lon="-91.076823"></trkpt><trkpt lat="37.457348" lon="-91.076805"></trkpt><trkpt lat="37.457843" lon="-91.076328"></trkpt><trkpt lat="37.458108" lon="-91.076387"></trkpt><trkpt lat="37.458377" lon="-91.076646"></trkpt><trkpt lat="37.459171" lon="-91.076692"></trkpt><trkpt lat="37.459621" lon="-91.076680"></trkpt><trkpt lat="37.459854" lon="-91.076376"></trkpt><trkpt lat="37.459985" lon="-91.076339"></trkpt><trkpt lat="37.460253" lon="-91.076531"></trkpt><trkpt lat="37.460836" lon="-91.076583"></trkpt><trkpt lat="37.461289" lon="-91.076803"></trkpt><trkpt lat="37.461741" lon="-91.076925"></trkpt><trkpt lat="37.462562" lon="-91.077003"></trkpt><trkpt lat="37.463144" lon="-91.077021"></trkpt><trkpt lat="37.464147" lon="-91.076896"></trkpt><trkpt lat="37.464882" lon="-91.076579"></trkpt><trkpt lat="37.465456" lon="-91.076066"></trkpt><trkpt lat="37.465901" lon="-91.075789"></trkpt><trkpt lat="37.466303" lon="-91.075326"></trkpt><trkpt lat="37.466653" lon="-91.074676"></trkpt><trkpt lat="37.466836" lon="-91.074822"></trkpt><trkpt lat="37.466631" lon="-91.075166"></trkpt><trkpt lat="37.466481" lon="-91.075642"></trkpt><trkpt lat="37.466616" lon="-91.076108"></trkpt><trkpt lat="37.467073" lon="-91.076511"></trkpt><trkpt lat="37.467554" lon="-91.076536"></trkpt><trkpt lat="37.467862" lon="-91.077018"></trkpt><trkpt lat="37.468103" lon="-91.077050"></trkpt><trkpt lat="37.468199" lon="-91.077424"></trkpt><trkpt lat="37.468567" lon="-91.077867"></trkpt><trkpt lat="37.468875" lon="-91.078386"></trkpt><trkpt lat="37.469116" lon="-91.078417"></trkpt><trkpt lat="37.468931" lon="-91.077804"></trkpt><trkpt lat="37.468763" lon="-91.076995"></trkpt><trkpt lat="37.468391" lon="-91.076289"></trkpt><trkpt lat="37.468307" lon="-91.075728"></trkpt><trkpt lat="37.468730" lon="-91.075717"></trkpt></trkseg></trk><trk><name>T125 BR5F828</name><trkseg><trkpt lat="36.884994" lon="-93.106581"></trkpt><trkpt lat="36.885098" lon="-93.106898"></trkpt><trkpt lat="36.885344" lon="-93.107254"></trkpt><trkpt lat="36.885135" lon="-93.107233"></trkpt><trkpt lat="36.885036" lon="-93.107267"></trkpt><trkpt lat="36.884808" lon="-93.107622"></trkpt><trkpt lat="36.884620" lon="-93.107629"></trkpt><trkpt lat="36.884545" lon="-93.107568"></trkpt><trkpt lat="36.884319" lon="-93.107534"></trkpt><trkpt lat="36.884002" lon="-93.107800"></trkpt><trkpt lat="36.883786" lon="-93.107882"></trkpt><trkpt lat="36.883701" lon="-93.107855"></trkpt><trkpt lat="36.883657" lon="-93.107759"></trkpt><trkpt lat="36.883711" lon="-93.107500"></trkpt><trkpt lat="36.883653" lon="-93.106939"></trkpt><trkpt lat="36.883571" lon="-93.106864"></trkpt><trkpt lat="36.883629" lon="-93.106700"></trkpt><trkpt lat="36.883601" lon="-93.106568"></trkpt></trkseg></trk><trk><name>T126 BR5F828</name><trkseg><trkpt lat="36.924449" lon="-93.075501"></trkpt><trkpt lat="36.924403" lon="-93.075429"></trkpt><trkpt lat="36.924322" lon="-93.075420"></trkpt><trkpt lat="36.924307" lon="-93.075386"></trkpt><trkpt lat="36.924217" lon="-93.075412"></trkpt><trkpt lat="36.924002" lon="-93.075578"></trkpt><trkpt lat="36.923602" lon="-93.075365"></trkpt><trkpt lat="36.923428" lon="-93.075375"></trkpt><trkpt lat="36.923269" lon="-93.075463"></trkpt><trkpt lat="36.923139" lon="-93.075573"></trkpt><trkpt lat="36.923269" lon="-93.075756"></trkpt><trkpt lat="36.923269" lon="-93.075901"></trkpt><trkpt lat="36.923090" lon="-93.076171"></trkpt><trkpt lat="36.923096" lon="-93.076417"></trkpt><trkpt lat="36.923228" lon="-93.076852"></trkpt><trkpt lat="36.923281" lon="-93.076868"></trkpt><trkpt lat="36.923472" lon="-93.077346"></trkpt><trkpt lat="36.923652" lon="-93.077585"></trkpt><trkpt lat="36.923807" lon="-93.078065"></trkpt><trkpt lat="36.924097" lon="-93.078414"></trkpt><trkpt lat="36.924319" lon="-93.078749"></trkpt><trkpt lat="36.924407" lon="-93.078980"></trkpt><trkpt lat="36.924470" lon="-93.079284"></trkpt><trkpt lat="36.924542" lon="-93.079366"></trkpt><trkpt lat="36.924603" lon="-93.079536"></trkpt><trkpt lat="36.924772" lon="-93.079768"></trkpt><trkpt lat="36.924865" lon="-93.079988"></trkpt><trkpt lat="36.924993" lon="-93.080511"></trkpt><trkpt lat="36.925025" lon="-93.080547"></trkpt><trkpt lat="36.925096" lon="-93.081087"></trkpt><trkpt lat="36.925386" lon="-93.082026"></trkpt><trkpt lat="36.925442" lon="-93.082599"></trkpt><trkpt lat="36.925249" lon="-93.082956"></trkpt></trkseg></trk><trk><name>T127 BR5F828</name><trkseg><trkpt lat="35.572891" lon="-93.109188"></trkpt><trkpt lat="35.574101" lon="-93.108812"></trkpt><trkpt lat="35.574349" lon="-93.108856"></trkpt><trkpt lat="35.574485" lon="-93.108942"></trkpt><trkpt lat="35.574759" lon="-93.108938"></trkpt><trkpt lat="35.574904" lon="-93.108988"></trkpt><trkpt lat="35.575228" lon="-93.109254"></trkpt><trkpt lat="35.575541" lon="-93.109347"></trkpt><trkpt lat="35.575889" lon="-93.109374"></trkpt><trkpt lat="35.575974" lon="-93.109432"></trkpt><trkpt lat="35.576452" lon="-93.110111"></trkpt><trkpt lat="35.576723" lon="-93.110427"></trkpt><trkpt lat="35.576952" lon="-93.110639"></trkpt><trkpt lat="35.577198" lon="-93.110754"></trkpt><trkpt lat="35.577588" lon="-93.110638"></trkpt><trkpt lat="35.578006" lon="-93.110405"></trkpt><trkpt lat="35.578105" lon="-93.110322"></trkpt><trkpt lat="35.578153" lon="-93.110233"></trkpt><trkpt lat="35.578188" lon="-93.109883"></trkpt><trkpt lat="35.578491" lon="-93.108886"></trkpt><trkpt lat="35.578542" lon="-93.108601"></trkpt><trkpt lat="35.578735" lon="-93.108325"></trkpt><trkpt lat="35.578780" lon="-93.108199"></trkpt><trkpt lat="35.578776" lon="-93.108053"></trkpt><trkpt lat="35.578667" lon="-93.107639"></trkpt><trkpt lat="35.578893" lon="-93.107096"></trkpt><trkpt lat="35.578927" lon="-93.107088"></trkpt><trkpt lat="35.578979" lon="-93.107119"></trkpt><trkpt lat="35.579038" lon="-93.107342"></trkpt><trkpt lat="35.579093" lon="-93.107406"></trkpt><trkpt lat="35.579257" lon="-93.107488"></trkpt><trkpt lat="35.579379" lon="-93.107437"></trkpt><trkpt lat="35.579629" lon="-93.107468"></trkpt><trkpt lat="35.580072" lon="-93.107767"></trkpt><trkpt lat="35.580216" lon="-93.107790"></trkpt><trkpt lat="35.580331" lon="-93.107873"></trkpt><trkpt lat="35.580570" lon="-93.108290"></trkpt><trkpt lat="35.580684" lon="-93.108783"></trkpt><trkpt lat="35.580755" lon="-93.108913"></trkpt><trkpt lat="35.580837" lon="-93.108908"></trkpt><trkpt lat="35.581298" lon="-93.108598"></trkpt><trkpt lat="35.581387" lon="-93.108597"></trkpt><trkpt lat="35.582625" lon="-93.109297"></trkpt><trkpt lat="35.582715" lon="-93.109368"></trkpt><trkpt lat="35.583189" lon="-93.109963"></trkpt><trkpt lat="35.583449" lon="-93.110454"></trkpt><trkpt lat="35.583543" lon="-93.110818"></trkpt><trkpt lat="35.583517" lon="-93.111032"></trkpt><trkpt lat="35.583460" lon="-93.111180"></trkpt><trkpt lat="35.583356" lon="-93.111383"></trkpt><trkpt lat="35.582992" lon="-93.111707"></trkpt><trkpt lat="35.582825" lon="-93.111983"></trkpt><trkpt lat="35.582688" lon="-93.112111"></trkpt><trkpt lat="35.582258" lon="-93.112343"></trkpt><trkpt lat="35.581736" lon="-93.112547"></trkpt><trkpt lat="35.581554" lon="-93.112766"></trkpt><trkpt lat="35.581453" lon="-93.112842"></trkpt><trkpt lat="35.581280" lon="-93.112783"></trkpt><trkpt lat="35.581175" lon="-93.112823"></trkpt><trkpt lat="35.581115" lon="-93.112955"></trkpt><trkpt lat="35.581020" lon="-93.113044"></trkpt><trkpt lat="35.580792" lon="-93.113149"></trkpt><trkpt lat="35.580575" lon="-93.113363"></trkpt><trkpt lat="35.579640" lon="-93.113776"></trkpt><trkpt lat="35.579287" lon="-93.114124"></trkpt><trkpt lat="35.578285" lon="-93.114816"></trkpt><trkpt lat="35.578188" lon="-93.115095"></trkpt><trkpt lat="35.578118" lon="-93.115159"></trkpt><trkpt lat="35.577536" lon="-93.115367"></trkpt><trkpt lat="35.577479" lon="-93.115430"></trkpt><trkpt lat="35.577378" lon="-93.115836"></trkpt><trkpt lat="35.576972" lon="-93.116321"></trkpt><trkpt lat="35.576629" lon="-93.117025"></trkpt><trkpt lat="35.576391" lon="-93.117188"></trkpt></trkseg></trk><trk><name>T128 BR5F828</name><trkseg><trkpt lat="36.898100" lon="-93.129337"></trkpt><trkpt lat="36.898091" lon="-93.129299"></trkpt><trkpt lat="36.898288" lon="-93.128937"></trkpt><trkpt lat="36.898333" lon="-93.128547"></trkpt><trkpt lat="36.898109" lon="-93.128051"></trkpt><trkpt lat="36.897972" lon="-93.127936"></trkpt><trkpt lat="36.897918" lon="-93.127933"></trkpt><trkpt lat="36.897778" lon="-93.127844"></trkpt><trkpt lat="36.897498" lon="-93.127759"></trkpt><trkpt lat="36.897447" lon="-93.127785"></trkpt><trkpt lat="36.897273" lon="-93.127690"></trkpt><trkpt lat="36.897171" lon="-93.127686"></trkpt><trkpt lat="36.897094" lon="-93.127751"></trkpt><trkpt lat="36.897004" lon="-93.127775"></trkpt><trkpt lat="36.896884" lon="-93.127717"></trkpt><trkpt lat="36.896741" lon="-93.127512"></trkpt><trkpt lat="36.896857" lon="-93.127293"></trkpt><trkpt lat="36.896829" lon="-93.127155"></trkpt><trkpt lat="36.896626" lon="-93.126971"></trkpt><trkpt lat="36.896358" lon="-93.126371"></trkpt><trkpt lat="36.896273" lon="-93.126363"></trkpt><trkpt lat="36.896166" lon="-93.126265"></trkpt><trkpt lat="36.896062" lon="-93.126051"></trkpt><trkpt lat="36.896089" lon="-93.125972"></trkpt><trkpt lat="36.896061" lon="-93.125946"></trkpt><trkpt lat="36.896587" lon="-93.125596"></trkpt><trkpt lat="36.896642" lon="-93.125447"></trkpt><trkpt lat="36.896640" lon="-93.125053"></trkpt><trkpt lat="36.896684" lon="-93.124904"></trkpt><trkpt lat="36.896995" lon="-93.124805"></trkpt><trkpt lat="36.897083" lon="-93.124684"></trkpt><trkpt lat="36.897450" lon="-93.124508"></trkpt><trkpt lat="36.897499" lon="-93.124420"></trkpt></trkseg></trk><trk><name>T129 BR5F828</name><trkseg><trkpt lat="34.463010" lon="-94.049117"></trkpt><trkpt lat="34.463393" lon="-94.049108"></trkpt><trkpt lat="34.464080" lon="-94.048880"></trkpt><trkpt lat="34.465536" lon="-94.048697"></trkpt><trkpt lat="34.466784" lon="-94.047977"></trkpt><trkpt lat="34.467128" lon="-94.047553"></trkpt><trkpt lat="34.467294" lon="-94.047488"></trkpt></trkseg></trk><trk><name>T130 BR5F828</name><trkseg><trkpt lat="37.520376" lon="-91.052898"></trkpt><trkpt lat="37.519966" lon="-91.052568"></trkpt><trkpt lat="37.518802" lon="-91.051785"></trkpt><trkpt lat="37.517656" lon="-91.051217"></trkpt><trkpt lat="37.517528" lon="-91.051292"></trkpt><trkpt lat="37.517604" lon="-91.051516"></trkpt><trkpt lat="37.517806" lon="-91.051761"></trkpt><trkpt lat="37.518283" lon="-91.052156"></trkpt><trkpt lat="37.518555" lon="-91.052263"></trkpt><trkpt lat="37.518816" lon="-91.052710"></trkpt><trkpt lat="37.519018" lon="-91.052908"></trkpt><trkpt lat="37.519092" lon="-91.053065"></trkpt><trkpt lat="37.518931" lon="-91.053138"></trkpt><trkpt lat="37.518712" lon="-91.052984"></trkpt><trkpt lat="37.518473" lon="-91.052741"></trkpt><trkpt lat="37.518130" lon="-91.052750"></trkpt><trkpt lat="37.517801" lon="-91.052532"></trkpt><trkpt lat="37.517639" lon="-91.052536"></trkpt><trkpt lat="37.517495" lon="-91.052608"></trkpt><trkpt lat="37.517350" lon="-91.052589"></trkpt><trkpt lat="37.517151" lon="-91.052549"></trkpt><trkpt lat="37.516914" lon="-91.052396"></trkpt><trkpt lat="37.516768" lon="-91.052355"></trkpt><trkpt lat="37.516530" lon="-91.052157"></trkpt><trkpt lat="37.516268" lon="-91.051574"></trkpt><trkpt lat="37.516104" lon="-91.051510"></trkpt><trkpt lat="37.515735" lon="-91.051043"></trkpt><trkpt lat="37.515402" lon="-91.050553"></trkpt><trkpt lat="37.515201" lon="-91.050101"></trkpt><trkpt lat="37.515228" lon="-91.049900"></trkpt><trkpt lat="37.515529" lon="-91.049529"></trkpt><trkpt lat="37.515080" lon="-91.049654"></trkpt><trkpt lat="37.514909" lon="-91.049861"></trkpt><trkpt lat="37.514697" lon="-91.049866"></trkpt><trkpt lat="37.514290" lon="-91.049993"></trkpt><trkpt lat="37.513957" lon="-91.049902"></trkpt><trkpt lat="37.513570" lon="-91.049647"></trkpt><trkpt lat="37.513190" lon="-91.049872"></trkpt><trkpt lat="37.512740" lon="-91.049851"></trkpt><trkpt lat="37.511757" lon="-91.049611"></trkpt><trkpt lat="37.510897" lon="-91.049567"></trkpt><trkpt lat="37.510205" lon="-91.049303"></trkpt><trkpt lat="37.509987" lon="-91.048943"></trkpt><trkpt lat="37.509913" lon="-91.048464"></trkpt><trkpt lat="37.510135" lon="-91.048242"></trkpt><trkpt lat="37.510905" lon="-91.048421"></trkpt><trkpt lat="37.512044" lon="-91.048574"></trkpt><trkpt lat="37.512631" lon="-91.047972"></trkpt><trkpt lat="37.513269" lon="-91.047207"></trkpt><trkpt lat="37.513484" lon="-91.047110"></trkpt><trkpt lat="37.513694" lon="-91.046674"></trkpt><trkpt lat="37.514030" lon="-91.046257"></trkpt><trkpt lat="37.514388" lon="-91.046044"></trkpt><trkpt lat="37.514790" lon="-91.045239"></trkpt><trkpt lat="37.514840" lon="-91.044966"></trkpt><trkpt lat="37.515072" lon="-91.044779"></trkpt><trkpt lat="37.515289" lon="-91.044841"></trkpt><trkpt lat="37.515259" lon="-91.045182"></trkpt><trkpt lat="37.514858" lon="-91.046077"></trkpt><trkpt lat="37.514846" lon="-91.046463"></trkpt><trkpt lat="37.514460" lon="-91.047130"></trkpt><trkpt lat="37.514357" lon="-91.047451"></trkpt><trkpt lat="37.514384" lon="-91.048017"></trkpt><trkpt lat="37.514484" lon="-91.048129"></trkpt><trkpt lat="37.514899" lon="-91.047670"></trkpt><trkpt lat="37.515264" lon="-91.047328"></trkpt><trkpt lat="37.515647" lon="-91.046538"></trkpt><trkpt lat="37.516281" lon="-91.046471"></trkpt><trkpt lat="37.516544" lon="-91.046398"></trkpt><trkpt lat="37.516818" lon="-91.046142"></trkpt><trkpt lat="37.516998" lon="-91.045822"></trkpt><trkpt lat="37.517705" lon="-91.045388"></trkpt><trkpt lat="37.518352" lon="-91.044558"></trkpt><trkpt lat="37.518829" lon="-91.043782"></trkpt><trkpt lat="37.519556" lon="-91.042202"></trkpt><trkpt lat="37.519753" lon="-91.042081"></trkpt><trkpt lat="37.520483" lon="-91.041464"></trkpt><trkpt lat="37.520517" lon="-91.041131"></trkpt><trkpt lat="37.520785" lon="-91.040526"></trkpt><trkpt lat="37.521004" lon="-91.040152"></trkpt></trkseg></trk><trk><name>T131 BR5F828</name><trkseg><trkpt lat="37.520493" lon="-90.983170"></trkpt><trkpt lat="37.520909" lon="-90.982760"></trkpt><trkpt lat="37.521323" lon="-90.982185"></trkpt><trkpt lat="37.521713" lon="-90.981809"></trkpt><trkpt lat="37.521975" lon="-90.981669"></trkpt><trkpt lat="37.521890" lon="-90.981306"></trkpt><trkpt lat="37.521624" lon="-90.981214"></trkpt><trkpt lat="37.521311" lon="-90.981488"></trkpt><trkpt lat="37.521074" lon="-90.981527"></trkpt><trkpt lat="37.520835" lon="-90.981501"></trkpt><trkpt lat="37.520525" lon="-90.981907"></trkpt><trkpt lat="37.520341" lon="-90.981979"></trkpt><trkpt lat="37.520125" lon="-90.981752"></trkpt><trkpt lat="37.520201" lon="-90.981551"></trkpt><trkpt lat="37.520409" lon="-90.981346"></trkpt><trkpt lat="37.520588" lon="-90.980976"></trkpt><trkpt lat="37.521059" lon="-90.980664"></trkpt><trkpt lat="37.521450" lon="-90.980322"></trkpt><trkpt lat="37.521793" lon="-90.980279"></trkpt><trkpt lat="37.522101" lon="-90.979773"></trkpt><trkpt lat="37.521862" lon="-90.979680"></trkpt><trkpt lat="37.521627" lon="-90.979852"></trkpt><trkpt lat="37.521285" lon="-90.979994"></trkpt><trkpt lat="37.520921" lon="-90.980336"></trkpt><trkpt lat="37.520656" lon="-90.980310"></trkpt><trkpt lat="37.520076" lon="-90.980392"></trkpt><trkpt lat="37.519761" lon="-90.980533"></trkpt><trkpt lat="37.519516" lon="-90.980142"></trkpt><trkpt lat="37.519120" lon="-90.980185"></trkpt><trkpt lat="37.518831" lon="-90.980293"></trkpt><trkpt lat="37.518150" lon="-90.980710"></trkpt><trkpt lat="37.517685" lon="-90.981353"></trkpt><trkpt lat="37.517240" lon="-90.981597"></trkpt><trkpt lat="37.516376" lon="-90.982152"></trkpt><trkpt lat="37.516118" lon="-90.982491"></trkpt><trkpt lat="37.515671" lon="-90.982669"></trkpt><trkpt lat="37.515191" lon="-90.982450"></trkpt><trkpt lat="37.512986" lon="-90.981878"></trkpt><trkpt lat="37.510974" lon="-90.981766"></trkpt><trkpt lat="37.510260" lon="-90.981786"></trkpt><trkpt lat="37.509739" lon="-90.982231"></trkpt><trkpt lat="37.509584" lon="-90.982468"></trkpt><trkpt lat="37.509272" lon="-90.982775"></trkpt><trkpt lat="37.508113" lon="-90.983039"></trkpt><trkpt lat="37.507583" lon="-90.982953"></trkpt><trkpt lat="37.507048" lon="-90.982602"></trkpt><trkpt lat="37.506831" lon="-90.982309"></trkpt></trkseg></trk><trk><name>T132 BR5F828</name><trkseg><trkpt lat="35.511417" lon="-92.812449"></trkpt><trkpt lat="35.511768" lon="-92.812648"></trkpt><trkpt lat="35.512525" lon="-92.812506"></trkpt><trkpt lat="35.512995" lon="-92.812277"></trkpt><trkpt lat="35.513201" lon="-92.812091"></trkpt><trkpt lat="35.513563" lon="-92.811597"></trkpt><trkpt lat="35.513951" lon="-92.811164"></trkpt><trkpt lat="35.514428" lon="-92.810869"></trkpt><trkpt lat="35.514689" lon="-92.810763"></trkpt><trkpt lat="35.514912" lon="-92.810592"></trkpt><trkpt lat="35.515515" lon="-92.809893"></trkpt><trkpt lat="35.515755" lon="-92.809682"></trkpt><trkpt lat="35.516047" lon="-92.809502"></trkpt><trkpt lat="35.516190" lon="-92.809282"></trkpt><trkpt lat="35.516510" lon="-92.808999"></trkpt><trkpt lat="35.516910" lon="-92.809003"></trkpt><trkpt lat="35.517167" lon="-92.808948"></trkpt><trkpt lat="35.517370" lon="-92.808784"></trkpt><trkpt lat="35.517527" lon="-92.808638"></trkpt><trkpt lat="35.518079" lon="-92.807870"></trkpt><trkpt lat="35.518461" lon="-92.807270"></trkpt><trkpt lat="35.519044" lon="-92.806780"></trkpt><trkpt lat="35.519584" lon="-92.806154"></trkpt><trkpt lat="35.519823" lon="-92.805337"></trkpt><trkpt lat="35.519918" lon="-92.805161"></trkpt><trkpt lat="35.519972" lon="-92.804842"></trkpt><trkpt lat="35.520084" lon="-92.804827"></trkpt><trkpt lat="35.520202" lon="-92.804673"></trkpt><trkpt lat="35.520349" lon="-92.804245"></trkpt><trkpt lat="35.520687" lon="-92.804179"></trkpt><trkpt lat="35.520874" lon="-92.804179"></trkpt><trkpt lat="35.521615" lon="-92.804407"></trkpt><trkpt lat="35.522057" lon="-92.804392"></trkpt><trkpt lat="35.522241" lon="-92.804449"></trkpt><trkpt lat="35.522539" lon="-92.804694"></trkpt><trkpt lat="35.522559" lon="-92.804792"></trkpt><trkpt lat="35.522511" lon="-92.804900"></trkpt><trkpt lat="35.522417" lon="-92.804963"></trkpt><trkpt lat="35.522373" lon="-92.805184"></trkpt><trkpt lat="35.522448" lon="-92.805270"></trkpt><trkpt lat="35.523330" lon="-92.805180"></trkpt><trkpt lat="35.523559" lon="-92.805092"></trkpt><trkpt lat="35.523797" lon="-92.804953"></trkpt><trkpt lat="35.524370" lon="-92.804478"></trkpt><trkpt lat="35.524488" lon="-92.804498"></trkpt><trkpt lat="35.524591" lon="-92.804572"></trkpt><trkpt lat="35.524838" lon="-92.804637"></trkpt><trkpt lat="35.525099" lon="-92.804873"></trkpt><trkpt lat="35.525262" lon="-92.804956"></trkpt><trkpt lat="35.525335" lon="-92.805022"></trkpt><trkpt lat="35.525395" lon="-92.805332"></trkpt><trkpt lat="35.525474" lon="-92.805450"></trkpt><trkpt lat="35.525624" lon="-92.805433"></trkpt><trkpt lat="35.525832" lon="-92.805259"></trkpt><trkpt lat="35.526121" lon="-92.804459"></trkpt><trkpt lat="35.526196" lon="-92.804143"></trkpt><trkpt lat="35.526394" lon="-92.804000"></trkpt><trkpt lat="35.526594" lon="-92.803908"></trkpt><trkpt lat="35.526821" lon="-92.803871"></trkpt><trkpt lat="35.527563" lon="-92.803850"></trkpt><trkpt lat="35.527807" lon="-92.803865"></trkpt><trkpt lat="35.528322" lon="-92.803981"></trkpt><trkpt lat="35.529342" lon="-92.804084"></trkpt><trkpt lat="35.529605" lon="-92.804233"></trkpt><trkpt lat="35.529859" lon="-92.804179"></trkpt><trkpt lat="35.530065" lon="-92.803985"></trkpt><trkpt lat="35.530199" lon="-92.803722"></trkpt><trkpt lat="35.530739" lon="-92.803174"></trkpt><trkpt lat="35.530995" lon="-92.802610"></trkpt><trkpt lat="35.531628" lon="-92.802017"></trkpt><trkpt lat="35.532721" lon="-92.801885"></trkpt><trkpt lat="35.533568" lon="-92.801888"></trkpt><trkpt lat="35.533857" lon="-92.801922"></trkpt><trkpt lat="35.534114" lon="-92.801998"></trkpt><trkpt lat="35.534764" lon="-92.802362"></trkpt><trkpt lat="35.534985" lon="-92.802453"></trkpt><trkpt lat="35.535175" lon="-92.802584"></trkpt><trkpt lat="35.535358" lon="-92.802729"></trkpt><trkpt lat="35.536143" lon="-92.803557"></trkpt></trkseg></trk><trk><name>T133 BR5F828</name><trkseg><trkpt lat="36.870851" lon="-93.129889"></trkpt><trkpt lat="36.870623" lon="-93.130059"></trkpt><trkpt lat="36.870559" lon="-93.130272"></trkpt><trkpt lat="36.870586" lon="-93.130486"></trkpt><trkpt lat="36.870694" lon="-93.130677"></trkpt><trkpt lat="36.871532" lon="-93.131295"></trkpt><trkpt lat="36.871577" lon="-93.131475"></trkpt><trkpt lat="36.871062" lon="-93.131765"></trkpt><trkpt lat="36.870584" lon="-93.131989"></trkpt><trkpt lat="36.870368" lon="-93.132135"></trkpt><trkpt lat="36.870016" lon="-93.132695"></trkpt><trkpt lat="36.869970" lon="-93.132841"></trkpt><trkpt lat="36.869979" lon="-93.133031"></trkpt><trkpt lat="36.870024" lon="-93.133144"></trkpt><trkpt lat="36.870159" lon="-93.133301"></trkpt><trkpt lat="36.870222" lon="-93.133514"></trkpt><trkpt lat="36.870393" lon="-93.133683"></trkpt><trkpt lat="36.870645" lon="-93.133829"></trkpt><trkpt lat="36.871096" lon="-93.134279"></trkpt><trkpt lat="36.871195" lon="-93.134358"></trkpt><trkpt lat="36.871636" lon="-93.134448"></trkpt><trkpt lat="36.872321" lon="-93.134831"></trkpt><trkpt lat="36.872843" lon="-93.135449"></trkpt><trkpt lat="36.873186" lon="-93.135562"></trkpt><trkpt lat="36.873357" lon="-93.135663"></trkpt><trkpt lat="36.873483" lon="-93.135820"></trkpt><trkpt lat="36.873609" lon="-93.136224"></trkpt><trkpt lat="36.873599" lon="-93.136942"></trkpt><trkpt lat="36.873571" lon="-93.137156"></trkpt><trkpt lat="36.873425" lon="-93.137341"></trkpt></trkseg></trk><trk><name>T134 BR5F828</name><trkseg><trkpt lat="35.567294" lon="-93.109028"></trkpt><trkpt lat="35.567444" lon="-93.108967"></trkpt><trkpt lat="35.567664" lon="-93.108939"></trkpt><trkpt lat="35.567891" lon="-93.108812"></trkpt><trkpt lat="35.568501" lon="-93.108309"></trkpt><trkpt lat="35.568798" lon="-93.107847"></trkpt><trkpt lat="35.568862" lon="-93.107695"></trkpt><trkpt lat="35.569232" lon="-93.105905"></trkpt><trkpt lat="35.569474" lon="-93.105491"></trkpt><trkpt lat="35.569668" lon="-93.104814"></trkpt><trkpt lat="35.569923" lon="-93.104480"></trkpt><trkpt lat="35.570520" lon="-93.103418"></trkpt><trkpt lat="35.571185" lon="-93.102630"></trkpt><trkpt lat="35.571440" lon="-93.102225"></trkpt><trkpt lat="35.571753" lon="-93.101629"></trkpt><trkpt lat="35.571993" lon="-93.101309"></trkpt></trkseg></trk><trk><name>T135 BR5F828</name><trkseg><trkpt lat="35.572058" lon="-93.101245"></trkpt><trkpt lat="35.572817" lon="-93.100725"></trkpt><trkpt lat="35.573323" lon="-93.100574"></trkpt><trkpt lat="35.573795" lon="-93.100494"></trkpt><trkpt lat="35.574461" lon="-93.100199"></trkpt><trkpt lat="35.574596" lon="-93.100106"></trkpt><trkpt lat="35.574823" lon="-93.099856"></trkpt><trkpt lat="35.574958" lon="-93.099639"></trkpt><trkpt lat="35.575612" lon="-93.099043"></trkpt><trkpt lat="35.575746" lon="-93.098956"></trkpt><trkpt lat="35.575982" lon="-93.098833"></trkpt><trkpt lat="35.576867" lon="-93.098490"></trkpt><trkpt lat="35.577047" lon="-93.098464"></trkpt><trkpt lat="35.577171" lon="-93.098489"></trkpt><trkpt lat="35.577736" lon="-93.098875"></trkpt><trkpt lat="35.578621" lon="-93.099381"></trkpt><trkpt lat="35.578949" lon="-93.099645"></trkpt><trkpt lat="35.579078" lon="-93.099807"></trkpt><trkpt lat="35.579107" lon="-93.099912"></trkpt><trkpt lat="35.579228" lon="-93.100111"></trkpt><trkpt lat="35.579880" lon="-93.100854"></trkpt><trkpt lat="35.580662" lon="-93.101824"></trkpt><trkpt lat="35.580777" lon="-93.102127"></trkpt><trkpt lat="35.580876" lon="-93.102291"></trkpt><trkpt lat="35.581002" lon="-93.102406"></trkpt><trkpt lat="35.581350" lon="-93.102843"></trkpt><trkpt lat="35.581507" lon="-93.102938"></trkpt><trkpt lat="35.582028" lon="-93.103098"></trkpt><trkpt lat="35.582135" lon="-93.103435"></trkpt><trkpt lat="35.582394" lon="-93.103922"></trkpt><trkpt lat="35.582656" lon="-93.104087"></trkpt><trkpt lat="35.583116" lon="-93.104336"></trkpt><trkpt lat="35.583444" lon="-93.104421"></trkpt><trkpt lat="35.584037" lon="-93.104510"></trkpt><trkpt lat="35.584367" lon="-93.104515"></trkpt><trkpt lat="35.584761" lon="-93.104601"></trkpt><trkpt lat="35.585221" lon="-93.104849"></trkpt><trkpt lat="35.587064" lon="-93.105197"></trkpt><trkpt lat="35.587457" lon="-93.105445"></trkpt><trkpt lat="35.588181" lon="-93.105616"></trkpt><trkpt lat="35.588641" lon="-93.105784"></trkpt><trkpt lat="35.588968" lon="-93.106031"></trkpt><trkpt lat="35.589299" lon="-93.105954"></trkpt><trkpt lat="35.589694" lon="-93.105960"></trkpt><trkpt lat="35.590154" lon="-93.106128"></trkpt><trkpt lat="35.591005" lon="-93.106785"></trkpt><trkpt lat="35.591657" lon="-93.107601"></trkpt><trkpt lat="35.591785" lon="-93.108007"></trkpt><trkpt lat="35.591912" lon="-93.108573"></trkpt><trkpt lat="35.592554" lon="-93.110439"></trkpt><trkpt lat="35.592548" lon="-93.111084"></trkpt><trkpt lat="35.592413" lon="-93.111405"></trkpt><trkpt lat="35.592084" lon="-93.111401"></trkpt><trkpt lat="35.591362" lon="-93.110987"></trkpt><trkpt lat="35.590836" lon="-93.110819"></trkpt><trkpt lat="35.590243" lon="-93.110810"></trkpt><trkpt lat="35.589977" lon="-93.111049"></trkpt><trkpt lat="35.590039" lon="-93.111453"></trkpt><trkpt lat="35.590033" lon="-93.112099"></trkpt><trkpt lat="35.590160" lon="-93.112666"></trkpt><trkpt lat="35.590221" lon="-93.113151"></trkpt><trkpt lat="35.590215" lon="-93.113797"></trkpt><trkpt lat="35.589618" lon="-93.114192"></trkpt><trkpt lat="35.589410" lon="-93.115319"></trkpt><trkpt lat="35.589473" lon="-93.115643"></trkpt><trkpt lat="35.589207" lon="-93.115881"></trkpt><trkpt lat="35.588877" lon="-93.115877"></trkpt><trkpt lat="35.588348" lon="-93.116112"></trkpt><trkpt lat="35.588214" lon="-93.116352"></trkpt><trkpt lat="35.588343" lon="-93.116676"></trkpt><trkpt lat="35.588667" lon="-93.117246"></trkpt><trkpt lat="35.589058" lon="-93.117736"></trkpt><trkpt lat="35.589320" lon="-93.117981"></trkpt><trkpt lat="35.589645" lon="-93.118390"></trkpt><trkpt lat="35.589839" lon="-93.118877"></trkpt><trkpt lat="35.589770" lon="-93.119199"></trkpt><trkpt lat="35.589897" lon="-93.119685"></trkpt><trkpt lat="35.590157" lon="-93.120092"></trkpt><trkpt lat="35.590015" lon="-93.121139"></trkpt><trkpt lat="35.589546" lon="-93.121940"></trkpt><trkpt lat="35.589280" lon="-93.122259"></trkpt><trkpt lat="35.588948" lon="-93.122496"></trkpt><trkpt lat="35.588682" lon="-93.122735"></trkpt><trkpt lat="35.588417" lon="-93.122893"></trkpt><trkpt lat="35.588087" lon="-93.122888"></trkpt><trkpt lat="35.587957" lon="-93.122644"></trkpt><trkpt lat="35.587827" lon="-93.122481"></trkpt><trkpt lat="35.587629" lon="-93.122478"></trkpt><trkpt lat="35.587437" lon="-93.121910"></trkpt><trkpt lat="35.587177" lon="-93.121503"></trkpt><trkpt lat="35.586784" lon="-93.121256"></trkpt><trkpt lat="35.586323" lon="-93.121168"></trkpt><trkpt lat="35.585334" lon="-93.121155"></trkpt><trkpt lat="35.585068" lon="-93.121393"></trkpt><trkpt lat="35.584343" lon="-93.121383"></trkpt><trkpt lat="35.584076" lon="-93.121702"></trkpt><trkpt lat="35.583744" lon="-93.121940"></trkpt><trkpt lat="35.583482" lon="-93.121774"></trkpt><trkpt lat="35.582882" lon="-93.122492"></trkpt><trkpt lat="35.581663" lon="-93.122700"></trkpt><trkpt lat="35.581412" lon="-93.122631"></trkpt><trkpt lat="35.580786" lon="-93.122324"></trkpt><trkpt lat="35.580313" lon="-93.121977"></trkpt><trkpt lat="35.580203" lon="-93.121557"></trkpt><trkpt lat="35.580041" lon="-93.121299"></trkpt><trkpt lat="35.579831" lon="-93.121087"></trkpt><trkpt lat="35.579562" lon="-93.120903"></trkpt><trkpt lat="35.579435" lon="-93.120771"></trkpt><trkpt lat="35.578890" lon="-93.120540"></trkpt><trkpt lat="35.578185" lon="-93.120190"></trkpt><trkpt lat="35.578066" lon="-93.120164"></trkpt><trkpt lat="35.577734" lon="-93.119895"></trkpt><trkpt lat="35.577439" lon="-93.119585"></trkpt><trkpt lat="35.577218" lon="-93.119249"></trkpt><trkpt lat="35.577158" lon="-93.119018"></trkpt><trkpt lat="35.577040" lon="-93.118878"></trkpt><trkpt lat="35.576819" lon="-93.118398"></trkpt><trkpt lat="35.576598" lon="-93.118045"></trkpt><trkpt lat="35.576460" lon="-93.117590"></trkpt><trkpt lat="35.576462" lon="-93.117340"></trkpt><trkpt lat="35.576400" lon="-93.117194"></trkpt><trkpt lat="35.576175" lon="-93.117144"></trkpt><trkpt lat="35.575908" lon="-93.116977"></trkpt><trkpt lat="35.575615" lon="-93.116696"></trkpt><trkpt lat="35.575456" lon="-93.116436"></trkpt><trkpt lat="35.575253" lon="-93.116218"></trkpt><trkpt lat="35.575013" lon="-93.115628"></trkpt><trkpt lat="35.574986" lon="-93.115018"></trkpt><trkpt lat="35.574758" lon="-93.114501"></trkpt><trkpt lat="35.574644" lon="-93.114302"></trkpt><trkpt lat="35.574400" lon="-93.114079"></trkpt><trkpt lat="35.574109" lon="-93.113291"></trkpt><trkpt lat="35.573452" lon="-93.112573"></trkpt><trkpt lat="35.573204" lon="-93.112085"></trkpt><trkpt lat="35.572988" lon="-93.111513"></trkpt><trkpt lat="35.572966" lon="-93.111304"></trkpt><trkpt lat="35.572855" lon="-93.111054"></trkpt><trkpt lat="35.572966" lon="-93.110412"></trkpt><trkpt lat="35.572867" lon="-93.109991"></trkpt><trkpt lat="35.572857" lon="-93.109776"></trkpt><trkpt lat="35.572907" lon="-93.109272"></trkpt><trkpt lat="35.572871" lon="-93.109083"></trkpt><trkpt lat="35.572768" lon="-93.108841"></trkpt><trkpt lat="35.572776" lon="-93.108319"></trkpt><trkpt lat="35.572743" lon="-93.108149"></trkpt><trkpt lat="35.572736" lon="-93.107749"></trkpt><trkpt lat="35.572465" lon="-93.106995"></trkpt><trkpt lat="35.572367" lon="-93.106865"></trkpt><trkpt lat="35.572121" lon="-93.106754"></trkpt><trkpt lat="35.571972" lon="-93.106822"></trkpt><trkpt lat="35.571788" lon="-93.106817"></trkpt><trkpt lat="35.571746" lon="-93.106638"></trkpt><trkpt lat="35.571735" lon="-93.106333"></trkpt><trkpt lat="35.571643" lon="-93.106182"></trkpt><trkpt lat="35.571158" lon="-93.106729"></trkpt><trkpt lat="35.571099" lon="-93.106855"></trkpt><trkpt lat="35.570857" lon="-93.107662"></trkpt><trkpt lat="35.570688" lon="-93.108364"></trkpt><trkpt lat="35.570697" lon="-93.108764"></trkpt><trkpt lat="35.570548" lon="-93.108878"></trkpt><trkpt lat="35.570059" lon="-93.109429"></trkpt><trkpt lat="35.569856" lon="-93.109790"></trkpt><trkpt lat="35.569588" lon="-93.110512"></trkpt><trkpt lat="35.569598" lon="-93.110803"></trkpt><trkpt lat="35.569919" lon="-93.112706"></trkpt><trkpt lat="35.569872" lon="-93.113514"></trkpt><trkpt lat="35.569882" lon="-93.114061"></trkpt><trkpt lat="35.569830" lon="-93.114166"></trkpt><trkpt lat="35.569774" lon="-93.114193"></trkpt><trkpt lat="35.569704" lon="-93.114154"></trkpt><trkpt lat="35.569452" lon="-93.113832"></trkpt><trkpt lat="35.569135" lon="-93.113543"></trkpt><trkpt lat="35.569067" lon="-93.113338"></trkpt><trkpt lat="35.569059" lon="-93.113070"></trkpt><trkpt lat="35.568885" lon="-93.112805"></trkpt><trkpt lat="35.568679" lon="-93.112247"></trkpt><trkpt lat="35.568538" lon="-93.112060"></trkpt><trkpt lat="35.568414" lon="-93.112047"></trkpt><trkpt lat="35.568138" lon="-93.111390"></trkpt><trkpt lat="35.567570" lon="-93.110693"></trkpt><trkpt lat="35.567408" lon="-93.110244"></trkpt><trkpt lat="35.567318" lon="-93.109733"></trkpt><trkpt lat="35.567294" lon="-93.109028"></trkpt><trkpt lat="35.567025" lon="-93.109233"></trkpt><trkpt lat="35.566665" lon="-93.109353"></trkpt><trkpt lat="35.566037" lon="-93.109699"></trkpt><trkpt lat="35.565773" lon="-93.109987"></trkpt><trkpt lat="35.565471" lon="-93.110245"></trkpt><trkpt lat="35.565110" lon="-93.110668"></trkpt><trkpt lat="35.564808" lon="-93.111208"></trkpt><trkpt lat="35.564277" lon="-93.112411"></trkpt><trkpt lat="35.564059" lon="-93.112833"></trkpt><trkpt lat="35.563510" lon="-93.113411"></trkpt><trkpt lat="35.562902" lon="-93.113837"></trkpt><trkpt lat="35.562691" lon="-93.114027"></trkpt><trkpt lat="35.562482" lon="-93.114099"></trkpt><trkpt lat="35.562168" lon="-93.114145"></trkpt><trkpt lat="35.561705" lon="-93.114142"></trkpt><trkpt lat="35.561074" lon="-93.114045"></trkpt><trkpt lat="35.560118" lon="-93.113834"></trkpt><trkpt lat="35.559496" lon="-93.114138"></trkpt><trkpt lat="35.559314" lon="-93.114381"></trkpt><trkpt lat="35.559074" lon="-93.114817"></trkpt><trkpt lat="35.558788" lon="-93.115056"></trkpt><trkpt lat="35.558519" lon="-93.115365"></trkpt><trkpt lat="35.558260" lon="-93.115575"></trkpt><trkpt lat="35.557784" lon="-93.115822"></trkpt><trkpt lat="35.557355" lon="-93.115918"></trkpt><trkpt lat="35.556836" lon="-93.115985"></trkpt><trkpt lat="35.556467" lon="-93.116134"></trkpt><trkpt lat="35.555800" lon="-93.116327"></trkpt><trkpt lat="35.555092" lon="-93.116425"></trkpt><trkpt lat="35.554585" lon="-93.116374"></trkpt><trkpt lat="35.554236" lon="-93.116434"></trkpt><trkpt lat="35.554025" lon="-93.116551"></trkpt><trkpt lat="35.554019" lon="-93.116649"></trkpt><trkpt lat="35.554102" lon="-93.116724"></trkpt><trkpt lat="35.554839" lon="-93.117102"></trkpt><trkpt lat="35.555011" lon="-93.117173"></trkpt><trkpt lat="35.555557" lon="-93.117270"></trkpt><trkpt lat="35.555649" lon="-93.117324"></trkpt><trkpt lat="35.555709" lon="-93.117424"></trkpt><trkpt lat="35.555686" lon="-93.117559"></trkpt><trkpt lat="35.554991" lon="-93.117755"></trkpt><trkpt lat="35.554898" lon="-93.117712"></trkpt><trkpt lat="35.554438" lon="-93.117701"></trkpt><trkpt lat="35.554291" lon="-93.117740"></trkpt><trkpt lat="35.554175" lon="-93.117816"></trkpt><trkpt lat="35.554204" lon="-93.117925"></trkpt><trkpt lat="35.554617" lon="-93.118166"></trkpt><trkpt lat="35.554944" lon="-93.118282"></trkpt><trkpt lat="35.555043" lon="-93.118290"></trkpt><trkpt lat="35.555152" lon="-93.118358"></trkpt><trkpt lat="35.555270" lon="-93.118457"></trkpt><trkpt lat="35.555278" lon="-93.118612"></trkpt><trkpt lat="35.555207" lon="-93.118768"></trkpt><trkpt lat="35.554983" lon="-93.118835"></trkpt><trkpt lat="35.554591" lon="-93.119042"></trkpt><trkpt lat="35.554145" lon="-93.119513"></trkpt><trkpt lat="35.553912" lon="-93.119836"></trkpt><trkpt lat="35.553704" lon="-93.120240"></trkpt><trkpt lat="35.553310" lon="-93.120713"></trkpt><trkpt lat="35.553091" lon="-93.120905"></trkpt><trkpt lat="35.552644" lon="-93.121238"></trkpt><trkpt lat="35.552426" lon="-93.121356"></trkpt><trkpt lat="35.551883" lon="-93.121518"></trkpt></trkseg></trk><trk><name>T136 BR5F828</name><trkseg><trkpt lat="36.893960" lon="-93.102248"></trkpt><trkpt lat="36.893948" lon="-93.102220"></trkpt><trkpt lat="36.893863" lon="-93.102286"></trkpt><trkpt lat="36.893707" lon="-93.102490"></trkpt><trkpt lat="36.893550" lon="-93.102626"></trkpt><trkpt lat="36.893507" lon="-93.102724"></trkpt><trkpt lat="36.893324" lon="-93.102853"></trkpt><trkpt lat="36.893178" lon="-93.103106"></trkpt><trkpt lat="36.892915" lon="-93.103437"></trkpt><trkpt lat="36.892898" lon="-93.103502"></trkpt><trkpt lat="36.893058" lon="-93.103603"></trkpt><trkpt lat="36.892756" lon="-93.104246"></trkpt><trkpt lat="36.892653" lon="-93.104827"></trkpt></trkseg></trk><trk><name>T137 BR5F828</name><trkseg><trkpt lat="34.455701" lon="-94.084254"></trkpt><trkpt lat="34.455742" lon="-94.084243"></trkpt><trkpt lat="34.455744" lon="-94.083921"></trkpt><trkpt lat="34.455830" lon="-94.083457"></trkpt><trkpt lat="34.455787" lon="-94.083174"></trkpt><trkpt lat="34.455731" lon="-94.083104"></trkpt><trkpt lat="34.455735" lon="-94.082974"></trkpt><trkpt lat="34.455665" lon="-94.082742"></trkpt><trkpt lat="34.455624" lon="-94.082226"></trkpt><trkpt lat="34.455498" lon="-94.081989"></trkpt><trkpt lat="34.455548" lon="-94.081928"></trkpt><trkpt lat="34.455633" lon="-94.081686"></trkpt><trkpt lat="34.455635" lon="-94.080990"></trkpt><trkpt lat="34.455570" lon="-94.080938"></trkpt><trkpt lat="34.455372" lon="-94.080945"></trkpt><trkpt lat="34.455232" lon="-94.080987"></trkpt><trkpt lat="34.455090" lon="-94.080920"></trkpt><trkpt lat="34.454952" lon="-94.080706"></trkpt><trkpt lat="34.454892" lon="-94.080438"></trkpt><trkpt lat="34.454889" lon="-94.080175"></trkpt><trkpt lat="34.455046" lon="-94.079270"></trkpt><trkpt lat="34.454991" lon="-94.079085"></trkpt><trkpt lat="34.454975" lon="-94.078875"></trkpt><trkpt lat="34.455014" lon="-94.078592"></trkpt><trkpt lat="34.455109" lon="-94.078278"></trkpt><trkpt lat="34.455087" lon="-94.077977"></trkpt><trkpt lat="34.455120" lon="-94.077539"></trkpt><trkpt lat="34.455030" lon="-94.077246"></trkpt><trkpt lat="34.454752" lon="-94.077108"></trkpt><trkpt lat="34.454628" lon="-94.076865"></trkpt><trkpt lat="34.454538" lon="-94.075791"></trkpt><trkpt lat="34.454574" lon="-94.075011"></trkpt><trkpt lat="34.454669" lon="-94.074685"></trkpt><trkpt lat="34.454704" lon="-94.074654"></trkpt><trkpt lat="34.454702" lon="-94.074544"></trkpt><trkpt lat="34.454843" lon="-94.074380"></trkpt></trkseg></trk><trk><name>T138 BR5F828</name><trkseg><trkpt lat="36.907213" lon="-93.083449"></trkpt><trkpt lat="36.907403" lon="-93.083386"></trkpt><trkpt lat="36.907535" lon="-93.083074"></trkpt><trkpt lat="36.907783" lon="-93.082943"></trkpt><trkpt lat="36.908044" lon="-93.082907"></trkpt><trkpt lat="36.908401" lon="-93.082791"></trkpt><trkpt lat="36.908474" lon="-93.082795"></trkpt><trkpt lat="36.908544" lon="-93.082868"></trkpt><trkpt lat="36.909091" lon="-93.083072"></trkpt><trkpt lat="36.909336" lon="-93.083222"></trkpt><trkpt lat="36.909420" lon="-93.083330"></trkpt><trkpt lat="36.909511" lon="-93.083662"></trkpt><trkpt lat="36.909156" lon="-93.083947"></trkpt><trkpt lat="36.909091" lon="-93.083950"></trkpt><trkpt lat="36.908999" lon="-93.084188"></trkpt><trkpt lat="36.908883" lon="-93.084150"></trkpt><trkpt lat="36.908764" lon="-93.084200"></trkpt><trkpt lat="36.908641" lon="-93.084129"></trkpt><trkpt lat="36.908542" lon="-93.084187"></trkpt><trkpt lat="36.908468" lon="-93.084308"></trkpt><trkpt lat="36.908323" lon="-93.084255"></trkpt><trkpt lat="36.908232" lon="-93.084419"></trkpt><trkpt lat="36.908035" lon="-93.084496"></trkpt></trkseg></trk><trk><name>T139 BR5F828</name><trkseg><trkpt lat="35.528382" lon="-92.822510"></trkpt><trkpt lat="35.528330" lon="-92.822397"></trkpt><trkpt lat="35.528331" lon="-92.822093"></trkpt><trkpt lat="35.528208" lon="-92.821818"></trkpt><trkpt lat="35.528203" lon="-92.821717"></trkpt><trkpt lat="35.528309" lon="-92.821563"></trkpt><trkpt lat="35.528262" lon="-92.821392"></trkpt><trkpt lat="35.528058" lon="-92.821194"></trkpt><trkpt lat="35.527865" lon="-92.820803"></trkpt><trkpt lat="35.527828" lon="-92.820838"></trkpt><trkpt lat="35.527780" lon="-92.820816"></trkpt><trkpt lat="35.527758" lon="-92.820735"></trkpt><trkpt lat="35.527719" lon="-92.820713"></trkpt><trkpt lat="35.527609" lon="-92.820337"></trkpt><trkpt lat="35.527664" lon="-92.820251"></trkpt><trkpt lat="35.527667" lon="-92.820092"></trkpt><trkpt lat="35.527526" lon="-92.819958"></trkpt><trkpt lat="35.527476" lon="-92.819956"></trkpt><trkpt lat="35.527292" lon="-92.819726"></trkpt><trkpt lat="35.526973" lon="-92.819167"></trkpt><trkpt lat="35.526992" lon="-92.818595"></trkpt><trkpt lat="35.526832" lon="-92.818179"></trkpt><trkpt lat="35.527028" lon="-92.817839"></trkpt><trkpt lat="35.527062" lon="-92.817606"></trkpt><trkpt lat="35.527049" lon="-92.817110"></trkpt><trkpt lat="35.527202" lon="-92.816901"></trkpt><trkpt lat="35.526931" lon="-92.816554"></trkpt><trkpt lat="35.526922" lon="-92.816388"></trkpt><trkpt lat="35.526598" lon="-92.815882"></trkpt><trkpt lat="35.526501" lon="-92.815655"></trkpt><trkpt lat="35.526498" lon="-92.815407"></trkpt><trkpt lat="35.526448" lon="-92.815217"></trkpt><trkpt lat="35.526463" lon="-92.815046"></trkpt><trkpt lat="35.526419" lon="-92.814897"></trkpt><trkpt lat="35.526630" lon="-92.814489"></trkpt><trkpt lat="35.526256" lon="-92.814189"></trkpt><trkpt lat="35.526023" lon="-92.814074"></trkpt><trkpt lat="35.526041" lon="-92.813826"></trkpt><trkpt lat="35.526245" lon="-92.813782"></trkpt><trkpt lat="35.526491" lon="-92.813831"></trkpt><trkpt lat="35.526771" lon="-92.813777"></trkpt><trkpt lat="35.526861" lon="-92.813669"></trkpt><trkpt lat="35.526858" lon="-92.813266"></trkpt></trkseg></trk><trk><name>T140 BR5F828</name><trkseg><trkpt lat="35.531426" lon="-92.822915"></trkpt><trkpt lat="35.531737" lon="-92.822773"></trkpt><trkpt lat="35.531762" lon="-92.822509"></trkpt><trkpt lat="35.531448" lon="-92.822007"></trkpt><trkpt lat="35.531512" lon="-92.821804"></trkpt><trkpt lat="35.531412" lon="-92.821566"></trkpt><trkpt lat="35.531158" lon="-92.821389"></trkpt><trkpt lat="35.531089" lon="-92.821050"></trkpt><trkpt lat="35.531103" lon="-92.820743"></trkpt><trkpt lat="35.530807" lon="-92.820259"></trkpt><trkpt lat="35.530640" lon="-92.820288"></trkpt><trkpt lat="35.530567" lon="-92.820212"></trkpt><trkpt lat="35.530511" lon="-92.820057"></trkpt><trkpt lat="35.530257" lon="-92.819759"></trkpt><trkpt lat="35.529745" lon="-92.819306"></trkpt><trkpt lat="35.529629" lon="-92.819049"></trkpt><trkpt lat="35.529405" lon="-92.818912"></trkpt><trkpt lat="35.529113" lon="-92.818903"></trkpt><trkpt lat="35.529024" lon="-92.818781"></trkpt><trkpt lat="35.528681" lon="-92.818548"></trkpt><trkpt lat="35.528525" lon="-92.818326"></trkpt><trkpt lat="35.528530" lon="-92.818239"></trkpt><trkpt lat="35.528434" lon="-92.818124"></trkpt><trkpt lat="35.528255" lon="-92.818080"></trkpt><trkpt lat="35.528236" lon="-92.817997"></trkpt><trkpt lat="35.528183" lon="-92.817982"></trkpt><trkpt lat="35.528172" lon="-92.817921"></trkpt><trkpt lat="35.528022" lon="-92.817830"></trkpt><trkpt lat="35.527914" lon="-92.817648"></trkpt><trkpt lat="35.527845" lon="-92.817350"></trkpt><trkpt lat="35.527729" lon="-92.817228"></trkpt><trkpt lat="35.527484" lon="-92.817072"></trkpt><trkpt lat="35.527413" lon="-92.816933"></trkpt><trkpt lat="35.527257" lon="-92.816866"></trkpt><trkpt lat="35.527202" lon="-92.816901"></trkpt></trkseg></trk><trk><name>T141 BR5F828</name><trkseg><trkpt lat="35.503779" lon="-92.798634"></trkpt><trkpt lat="35.501912" lon="-92.798689"></trkpt><trkpt lat="35.501699" lon="-92.798223"></trkpt><trkpt lat="35.501177" lon="-92.797979"></trkpt><trkpt lat="35.501129" lon="-92.797564"></trkpt><trkpt lat="35.501233" lon="-92.797377"></trkpt><trkpt lat="35.501111" lon="-92.797125"></trkpt><trkpt lat="35.501215" lon="-92.796874"></trkpt><trkpt lat="35.501637" lon="-92.796741"></trkpt><trkpt lat="35.502421" lon="-92.796196"></trkpt><trkpt lat="35.502752" lon="-92.795848"></trkpt><trkpt lat="35.503052" lon="-92.795461"></trkpt><trkpt lat="35.503597" lon="-92.795404"></trkpt><trkpt lat="35.503969" lon="-92.795056"></trkpt><trkpt lat="35.504032" lon="-92.794755"></trkpt><trkpt lat="35.503901" lon="-92.794490"></trkpt><trkpt lat="35.503767" lon="-92.794464"></trkpt><trkpt lat="35.503604" lon="-92.794324"></trkpt><trkpt lat="35.503378" lon="-92.794334"></trkpt><trkpt lat="35.503234" lon="-92.794358"></trkpt><trkpt lat="35.503151" lon="-92.794470"></trkpt><trkpt lat="35.502935" lon="-92.794644"></trkpt><trkpt lat="35.502758" lon="-92.794881"></trkpt><trkpt lat="35.502501" lon="-92.795054"></trkpt><trkpt lat="35.502429" lon="-92.795041"></trkpt><trkpt lat="35.502212" lon="-92.795277"></trkpt><trkpt lat="35.502098" lon="-92.795452"></trkpt><trkpt lat="35.501933" lon="-92.795551"></trkpt><trkpt lat="35.501737" lon="-92.795599"></trkpt><trkpt lat="35.501449" lon="-92.795734"></trkpt><trkpt lat="35.501285" lon="-92.795733"></trkpt><trkpt lat="35.501121" lon="-92.795656"></trkpt><trkpt lat="35.500997" lon="-92.795717"></trkpt><trkpt lat="35.500883" lon="-92.795867"></trkpt><trkpt lat="35.500596" lon="-92.796386"></trkpt><trkpt lat="35.500110" lon="-92.796817"></trkpt><trkpt lat="35.499871" lon="-92.796915"></trkpt><trkpt lat="35.499623" lon="-92.797102"></trkpt><trkpt lat="35.499193" lon="-92.797154"></trkpt><trkpt lat="35.498946" lon="-92.797319"></trkpt><trkpt lat="35.498486" lon="-92.797706"></trkpt><trkpt lat="35.498000" lon="-92.798014"></trkpt><trkpt lat="35.497733" lon="-92.798246"></trkpt><trkpt lat="35.497521" lon="-92.798490"></trkpt><trkpt lat="35.497364" lon="-92.798756"></trkpt><trkpt lat="35.497243" lon="-92.799113"></trkpt><trkpt lat="35.497077" lon="-92.799312"></trkpt><trkpt lat="35.497120" lon="-92.799693"></trkpt><trkpt lat="35.497209" lon="-92.800018"></trkpt><trkpt lat="35.497296" lon="-92.800535"></trkpt><trkpt lat="35.496712" lon="-92.800238"></trkpt><trkpt lat="35.496371" lon="-92.800236"></trkpt><trkpt lat="35.496188" lon="-92.800339"></trkpt><trkpt lat="35.496157" lon="-92.800713"></trkpt><trkpt lat="35.496060" lon="-92.800935"></trkpt><trkpt lat="35.495869" lon="-92.800945"></trkpt><trkpt lat="35.495801" lon="-92.801038"></trkpt><trkpt lat="35.495752" lon="-92.801259"></trkpt><trkpt lat="35.495588" lon="-92.801468"></trkpt><trkpt lat="35.495377" lon="-92.801548"></trkpt><trkpt lat="35.495300" lon="-92.801547"></trkpt><trkpt lat="35.495127" lon="-92.801663"></trkpt><trkpt lat="35.495068" lon="-92.801908"></trkpt><trkpt lat="35.494972" lon="-92.801989"></trkpt><trkpt lat="35.494675" lon="-92.802009"></trkpt><trkpt lat="35.494130" lon="-92.801969"></trkpt><trkpt lat="35.493909" lon="-92.802025"></trkpt><trkpt lat="35.493652" lon="-92.801859"></trkpt><trkpt lat="35.493502" lon="-92.801459"></trkpt><trkpt lat="35.493456" lon="-92.801213"></trkpt><trkpt lat="35.493505" lon="-92.800980"></trkpt><trkpt lat="35.493410" lon="-92.800920"></trkpt><trkpt lat="35.493422" lon="-92.800441"></trkpt><trkpt lat="35.493192" lon="-92.800043"></trkpt></trkseg></trk><trk><name>T142 BR5F828</name><trkseg><trkpt lat="37.504584" lon="-91.032501"></trkpt><trkpt lat="37.504724" lon="-91.032962"></trkpt><trkpt lat="37.504658" lon="-91.032997"></trkpt><trkpt lat="37.504635" lon="-91.033230"></trkpt><trkpt lat="37.504665" lon="-91.033445"></trkpt><trkpt lat="37.504442" lon="-91.033500"></trkpt><trkpt lat="37.504280" lon="-91.033305"></trkpt><trkpt lat="37.503775" lon="-91.033153"></trkpt><trkpt lat="37.503378" lon="-91.033146"></trkpt><trkpt lat="37.502441" lon="-91.033287"></trkpt><trkpt lat="37.502277" lon="-91.033756"></trkpt><trkpt lat="37.502223" lon="-91.034505"></trkpt><trkpt lat="37.502368" lon="-91.034451"></trkpt><trkpt lat="37.502679" lon="-91.034094"></trkpt><trkpt lat="37.503049" lon="-91.034035"></trkpt><trkpt lat="37.503396" lon="-91.034258"></trkpt><trkpt lat="37.503522" lon="-91.034637"></trkpt><trkpt lat="37.503334" lon="-91.035306"></trkpt><trkpt lat="37.503144" lon="-91.036572"></trkpt><trkpt lat="37.503180" lon="-91.037949"></trkpt><trkpt lat="37.503114" lon="-91.038764"></trkpt><trkpt lat="37.502989" lon="-91.039166"></trkpt><trkpt lat="37.502588" lon="-91.039707"></trkpt><trkpt lat="37.502171" lon="-91.040188"></trkpt></trkseg></trk><trk><name>T143 BR5F828</name><trkseg><trkpt lat="36.907782" lon="-93.127302"></trkpt><trkpt lat="36.907801" lon="-93.127364"></trkpt><trkpt lat="36.907933" lon="-93.127461"></trkpt><trkpt lat="36.907987" lon="-93.127597"></trkpt><trkpt lat="36.908027" lon="-93.127928"></trkpt><trkpt lat="36.908280" lon="-93.128378"></trkpt><trkpt lat="36.908257" lon="-93.128423"></trkpt><trkpt lat="36.908459" lon="-93.128705"></trkpt><trkpt lat="36.908518" lon="-93.128695"></trkpt><trkpt lat="36.908679" lon="-93.128881"></trkpt><trkpt lat="36.909023" lon="-93.130090"></trkpt><trkpt lat="36.909047" lon="-93.130239"></trkpt><trkpt lat="36.908729" lon="-93.130518"></trkpt><trkpt lat="36.908674" lon="-93.130606"></trkpt><trkpt lat="36.908660" lon="-93.130742"></trkpt><trkpt lat="36.908879" lon="-93.131742"></trkpt><trkpt lat="36.908928" lon="-93.131817"></trkpt><trkpt lat="36.909002" lon="-93.131838"></trkpt><trkpt lat="36.908975" lon="-93.131929"></trkpt><trkpt lat="36.908885" lon="-93.131987"></trkpt><trkpt lat="36.908892" lon="-93.132023"></trkpt><trkpt lat="36.908938" lon="-93.132070"></trkpt><trkpt lat="36.909024" lon="-93.132056"></trkpt><trkpt lat="36.909128" lon="-93.132107"></trkpt><trkpt lat="36.909346" lon="-93.132031"></trkpt><trkpt lat="36.909551" lon="-93.132020"></trkpt><trkpt lat="36.909767" lon="-93.131920"></trkpt></trkseg></trk><trk><name>T144 BR5F828</name><trkseg><trkpt lat="35.525068" lon="-92.792394"></trkpt><trkpt lat="35.525066" lon="-92.792689"></trkpt><trkpt lat="35.525121" lon="-92.793070"></trkpt><trkpt lat="35.525179" lon="-92.793190"></trkpt><trkpt lat="35.525237" lon="-92.793238"></trkpt><trkpt lat="35.525412" lon="-92.793216"></trkpt><trkpt lat="35.526056" lon="-92.792960"></trkpt><trkpt lat="35.526231" lon="-92.793010"></trkpt><trkpt lat="35.526306" lon="-92.793463"></trkpt><trkpt lat="35.526265" lon="-92.793653"></trkpt><trkpt lat="35.526457" lon="-92.794035"></trkpt><trkpt lat="35.526396" lon="-92.794487"></trkpt><trkpt lat="35.526511" lon="-92.794702"></trkpt><trkpt lat="35.526511" lon="-92.794773"></trkpt><trkpt lat="35.526413" lon="-92.794915"></trkpt><trkpt lat="35.526217" lon="-92.795056"></trkpt><trkpt lat="35.526099" lon="-92.795245"></trkpt><trkpt lat="35.525959" lon="-92.795815"></trkpt><trkpt lat="35.525994" lon="-92.796482"></trkpt><trkpt lat="35.525896" lon="-92.796600"></trkpt><trkpt lat="35.525894" lon="-92.796814"></trkpt><trkpt lat="35.525969" lon="-92.797243"></trkpt><trkpt lat="35.525949" lon="-92.797338"></trkpt><trkpt lat="35.525986" lon="-92.797719"></trkpt><trkpt lat="35.526023" lon="-92.797910"></trkpt><trkpt lat="35.526216" lon="-92.798173"></trkpt><trkpt lat="35.526215" lon="-92.798316"></trkpt><trkpt lat="35.526195" lon="-92.798364"></trkpt><trkpt lat="35.525845" lon="-92.798360"></trkpt><trkpt lat="35.525030" lon="-92.798043"></trkpt><trkpt lat="35.524932" lon="-92.798137"></trkpt><trkpt lat="35.525125" lon="-92.798377"></trkpt><trkpt lat="35.525105" lon="-92.798496"></trkpt><trkpt lat="35.524969" lon="-92.798542"></trkpt><trkpt lat="35.524872" lon="-92.798517"></trkpt><trkpt lat="35.524834" lon="-92.798350"></trkpt><trkpt lat="35.524736" lon="-92.798349"></trkpt><trkpt lat="35.524600" lon="-92.798467"></trkpt><trkpt lat="35.524483" lon="-92.798489"></trkpt><trkpt lat="35.524269" lon="-92.798463"></trkpt><trkpt lat="35.524191" lon="-92.798415"></trkpt><trkpt lat="35.523996" lon="-92.798508"></trkpt><trkpt lat="35.523917" lon="-92.798722"></trkpt><trkpt lat="35.523955" lon="-92.798817"></trkpt><trkpt lat="35.524189" lon="-92.798796"></trkpt><trkpt lat="35.524344" lon="-92.798821"></trkpt><trkpt lat="35.524538" lon="-92.798942"></trkpt><trkpt lat="35.524538" lon="-92.798918"></trkpt><trkpt lat="35.524693" lon="-92.799063"></trkpt><trkpt lat="35.524790" lon="-92.799087"></trkpt><trkpt lat="35.524867" lon="-92.799160"></trkpt><trkpt lat="35.524866" lon="-92.799279"></trkpt><trkpt lat="35.524924" lon="-92.799350"></trkpt><trkpt lat="35.524962" lon="-92.799494"></trkpt><trkpt lat="35.524864" lon="-92.799588"></trkpt><trkpt lat="35.524689" lon="-92.799681"></trkpt><trkpt lat="35.524688" lon="-92.799800"></trkpt><trkpt lat="35.524823" lon="-92.800040"></trkpt><trkpt lat="35.524939" lon="-92.800088"></trkpt><trkpt lat="35.525055" lon="-92.800232"></trkpt><trkpt lat="35.525188" lon="-92.800591"></trkpt><trkpt lat="35.525286" lon="-92.800544"></trkpt><trkpt lat="35.525500" lon="-92.800570"></trkpt><trkpt lat="35.525538" lon="-92.800642"></trkpt><trkpt lat="35.525381" lon="-92.800902"></trkpt><trkpt lat="35.525380" lon="-92.800997"></trkpt><trkpt lat="35.525497" lon="-92.800998"></trkpt><trkpt lat="35.525652" lon="-92.801047"></trkpt><trkpt lat="35.525710" lon="-92.801119"></trkpt><trkpt lat="35.525670" lon="-92.801285"></trkpt><trkpt lat="35.525863" lon="-92.801478"></trkpt><trkpt lat="35.526000" lon="-92.801503"></trkpt><trkpt lat="35.526156" lon="-92.801362"></trkpt><trkpt lat="35.526331" lon="-92.801387"></trkpt><trkpt lat="35.526428" lon="-92.801436"></trkpt><trkpt lat="35.526544" lon="-92.801556"></trkpt><trkpt lat="35.526563" lon="-92.801651"></trkpt><trkpt lat="35.526660" lon="-92.801652"></trkpt><trkpt lat="35.526719" lon="-92.801581"></trkpt><trkpt lat="35.526758" lon="-92.801582"></trkpt><trkpt lat="35.526796" lon="-92.801677"></trkpt><trkpt lat="35.526854" lon="-92.801726"></trkpt><trkpt lat="35.526851" lon="-92.802106"></trkpt><trkpt lat="35.526773" lon="-92.802248"></trkpt><trkpt lat="35.526675" lon="-92.802295"></trkpt><trkpt lat="35.526694" lon="-92.802390"></trkpt><trkpt lat="35.526752" lon="-92.802438"></trkpt><trkpt lat="35.526672" lon="-92.802699"></trkpt><trkpt lat="35.526827" lon="-92.802844"></trkpt><trkpt lat="35.526963" lon="-92.802869"></trkpt><trkpt lat="35.527138" lon="-92.802966"></trkpt><trkpt lat="35.527408" lon="-92.803302"></trkpt><trkpt lat="35.527621" lon="-92.803423"></trkpt><trkpt lat="35.527796" lon="-92.803425"></trkpt><trkpt lat="35.527912" lon="-92.803473"></trkpt><trkpt lat="35.528028" lon="-92.803665"></trkpt><trkpt lat="35.528008" lon="-92.803736"></trkpt><trkpt lat="35.527930" lon="-92.803759"></trkpt><trkpt lat="35.527854" lon="-92.804060"></trkpt><trkpt lat="35.527679" lon="-92.804119"></trkpt><trkpt lat="35.527475" lon="-92.803990"></trkpt><trkpt lat="35.527388" lon="-92.804087"></trkpt><trkpt lat="35.527275" lon="-92.804289"></trkpt><trkpt lat="35.527204" lon="-92.804503"></trkpt><trkpt lat="35.527204" lon="-92.804740"></trkpt><trkpt lat="35.527114" lon="-92.805108"></trkpt><trkpt lat="35.527055" lon="-92.805153"></trkpt><trkpt lat="35.527004" lon="-92.805285"></trkpt><trkpt lat="35.527076" lon="-92.805366"></trkpt><trkpt lat="35.527300" lon="-92.805467"></trkpt><trkpt lat="35.527387" lon="-92.805613"></trkpt><trkpt lat="35.527612" lon="-92.805747"></trkpt><trkpt lat="35.527683" lon="-92.805887"></trkpt><trkpt lat="35.527752" lon="-92.805933"></trkpt></trkseg></trk><trk><name>T145 BR5F828</name><trkseg><trkpt lat="35.014150" lon="-93.846345"></trkpt><trkpt lat="35.014045" lon="-93.846205"></trkpt><trkpt lat="35.014052" lon="-93.845811"></trkpt><trkpt lat="35.013987" lon="-93.845426"></trkpt><trkpt lat="35.013488" lon="-93.843720"></trkpt><trkpt lat="35.013362" lon="-93.842575"></trkpt><trkpt lat="35.013281" lon="-93.842006"></trkpt><trkpt lat="35.013217" lon="-93.841780"></trkpt><trkpt lat="35.013207" lon="-93.841318"></trkpt><trkpt lat="35.013006" lon="-93.840328"></trkpt><trkpt lat="35.012921" lon="-93.840244"></trkpt><trkpt lat="35.012556" lon="-93.839189"></trkpt><trkpt lat="35.012430" lon="-93.838952"></trkpt><trkpt lat="35.012141" lon="-93.838553"></trkpt><trkpt lat="35.012104" lon="-93.838363"></trkpt><trkpt lat="35.011655" lon="-93.837488"></trkpt><trkpt lat="35.011478" lon="-93.836992"></trkpt><trkpt lat="35.011246" lon="-93.836647"></trkpt><trkpt lat="35.011092" lon="-93.836509"></trkpt><trkpt lat="35.011036" lon="-93.836402"></trkpt><trkpt lat="35.010651" lon="-93.836055"></trkpt><trkpt lat="35.010564" lon="-93.835836"></trkpt><trkpt lat="35.010441" lon="-93.835663"></trkpt><trkpt lat="35.010172" lon="-93.835437"></trkpt><trkpt lat="35.009992" lon="-93.835193"></trkpt><trkpt lat="35.009839" lon="-93.835084"></trkpt><trkpt lat="35.009779" lon="-93.834952"></trkpt><trkpt lat="35.009594" lon="-93.834916"></trkpt><trkpt lat="35.009334" lon="-93.834724"></trkpt><trkpt lat="35.009261" lon="-93.834534"></trkpt><trkpt lat="35.009229" lon="-93.834337"></trkpt><trkpt lat="35.009166" lon="-93.834249"></trkpt><trkpt lat="35.009127" lon="-93.834099"></trkpt><trkpt lat="35.009030" lon="-93.834014"></trkpt><trkpt lat="35.008969" lon="-93.833681"></trkpt><trkpt lat="35.009032" lon="-93.833170"></trkpt><trkpt lat="35.009093" lon="-93.833095"></trkpt><trkpt lat="35.009176" lon="-93.832879"></trkpt><trkpt lat="35.009206" lon="-93.832678"></trkpt><trkpt lat="35.009496" lon="-93.832243"></trkpt><trkpt lat="35.009458" lon="-93.831866"></trkpt><trkpt lat="35.009360" lon="-93.831670"></trkpt><trkpt lat="35.009111" lon="-93.831436"></trkpt><trkpt lat="35.008735" lon="-93.831315"></trkpt><trkpt lat="35.008706" lon="-93.831331"></trkpt><trkpt lat="35.008536" lon="-93.831140"></trkpt><trkpt lat="35.008510" lon="-93.831042"></trkpt><trkpt lat="35.008553" lon="-93.831006"></trkpt><trkpt lat="35.008715" lon="-93.830992"></trkpt><trkpt lat="35.008713" lon="-93.831019"></trkpt><trkpt lat="35.008977" lon="-93.831006"></trkpt><trkpt lat="35.009002" lon="-93.830952"></trkpt><trkpt lat="35.008973" lon="-93.830895"></trkpt><trkpt lat="35.008876" lon="-93.830831"></trkpt><trkpt lat="35.008704" lon="-93.830616"></trkpt><trkpt lat="35.008701" lon="-93.830480"></trkpt><trkpt lat="35.008755" lon="-93.830431"></trkpt><trkpt lat="35.008933" lon="-93.830418"></trkpt><trkpt lat="35.009116" lon="-93.830338"></trkpt><trkpt lat="35.009329" lon="-93.830199"></trkpt><trkpt lat="35.009981" lon="-93.830162"></trkpt><trkpt lat="35.010181" lon="-93.830195"></trkpt><trkpt lat="35.010458" lon="-93.830358"></trkpt><trkpt lat="35.010516" lon="-93.830363"></trkpt><trkpt lat="35.010769" lon="-93.830348"></trkpt><trkpt lat="35.010988" lon="-93.830220"></trkpt><trkpt lat="35.011213" lon="-93.830001"></trkpt><trkpt lat="35.011412" lon="-93.829878"></trkpt><trkpt lat="35.011671" lon="-93.829537"></trkpt><trkpt lat="35.011855" lon="-93.829360"></trkpt><trkpt lat="35.011931" lon="-93.829206"></trkpt><trkpt lat="35.011926" lon="-93.828941"></trkpt><trkpt lat="35.012053" lon="-93.828772"></trkpt><trkpt lat="35.012084" lon="-93.828542"></trkpt><trkpt lat="35.012233" lon="-93.828437"></trkpt><trkpt lat="35.012315" lon="-93.828422"></trkpt><trkpt lat="35.012681" lon="-93.828524"></trkpt><trkpt lat="35.012923" lon="-93.828799"></trkpt><trkpt lat="35.012981" lon="-93.828944"></trkpt><trkpt lat="35.013061" lon="-93.828996"></trkpt><trkpt lat="35.013158" lon="-93.829005"></trkpt><trkpt lat="35.013247" lon="-93.828963"></trkpt><trkpt lat="35.013321" lon="-93.828890"></trkpt><trkpt lat="35.013464" lon="-93.828535"></trkpt><trkpt lat="35.013612" lon="-93.828291"></trkpt><trkpt lat="35.014087" lon="-93.827682"></trkpt><trkpt lat="35.014609" lon="-93.827236"></trkpt><trkpt lat="35.015450" lon="-93.826105"></trkpt><trkpt lat="35.015995" lon="-93.825635"></trkpt><trkpt lat="35.016112" lon="-93.825569"></trkpt></trkseg></trk><trk><name>T146 BR5F828</name><trkseg><trkpt lat="37.460861" lon="-91.086304"></trkpt><trkpt lat="37.460146" lon="-91.086256"></trkpt><trkpt lat="37.459404" lon="-91.086142"></trkpt><trkpt lat="37.458104" lon="-91.085877"></trkpt><trkpt lat="37.457549" lon="-91.085891"></trkpt><trkpt lat="37.457096" lon="-91.085736"></trkpt><trkpt lat="37.456130" lon="-91.084832"></trkpt><trkpt lat="37.455777" lon="-91.084277"></trkpt><trkpt lat="37.455565" lon="-91.084249"></trkpt><trkpt lat="37.455542" lon="-91.084482"></trkpt><trkpt lat="37.455576" lon="-91.084979"></trkpt><trkpt lat="37.455821" lon="-91.085404"></trkpt><trkpt lat="37.455744" lon="-91.085505"></trkpt><trkpt lat="37.455504" lon="-91.085412"></trkpt><trkpt lat="37.454816" lon="-91.083771"></trkpt><trkpt lat="37.454275" lon="-91.083021"></trkpt><trkpt lat="37.453901" lon="-91.082766"></trkpt><trkpt lat="37.453653" lon="-91.082175"></trkpt><trkpt lat="37.453355" lon="-91.081718"></trkpt><trkpt lat="37.452842" lon="-91.081067"></trkpt><trkpt lat="37.452157" lon="-91.079625"></trkpt><trkpt lat="37.451306" lon="-91.077723"></trkpt><trkpt lat="37.450471" lon="-91.075156"></trkpt><trkpt lat="37.450060" lon="-91.074304"></trkpt><trkpt lat="37.450212" lon="-91.073902"></trkpt><trkpt lat="37.450128" lon="-91.073606"></trkpt><trkpt lat="37.449806" lon="-91.073316"></trkpt><trkpt lat="37.448390" lon="-91.070831"></trkpt><trkpt lat="37.448331" lon="-91.070434"></trkpt><trkpt lat="37.449839" lon="-91.070462"></trkpt><trkpt lat="37.450687" lon="-91.070573"></trkpt><trkpt lat="37.451163" lon="-91.070560"></trkpt><trkpt lat="37.451398" lon="-91.070388"></trkpt><trkpt lat="37.451980" lon="-91.068781"></trkpt><trkpt lat="37.452148" lon="-91.067748"></trkpt><trkpt lat="37.452162" lon="-91.066985"></trkpt><trkpt lat="37.452460" lon="-91.065783"></trkpt><trkpt lat="37.452842" lon="-91.064877"></trkpt></trkseg></trk><trk><name>T147 BR5F828</name><trkseg><trkpt lat="35.522044" lon="-92.794377"></trkpt><trkpt lat="35.521851" lon="-92.794581"></trkpt><trkpt lat="35.521821" lon="-92.794725"></trkpt><trkpt lat="35.521479" lon="-92.795038"></trkpt><trkpt lat="35.520739" lon="-92.794982"></trkpt><trkpt lat="35.519572" lon="-92.794079"></trkpt><trkpt lat="35.519343" lon="-92.793773"></trkpt><trkpt lat="35.519366" lon="-92.793664"></trkpt><trkpt lat="35.519984" lon="-92.793105"></trkpt><trkpt lat="35.520166" lon="-92.792740"></trkpt><trkpt lat="35.520036" lon="-92.792644"></trkpt><trkpt lat="35.519756" lon="-92.792533"></trkpt><trkpt lat="35.519502" lon="-92.792339"></trkpt><trkpt lat="35.519172" lon="-92.791949"></trkpt><trkpt lat="35.519073" lon="-92.791785"></trkpt><trkpt lat="35.518652" lon="-92.791466"></trkpt><trkpt lat="35.518208" lon="-92.791440"></trkpt><trkpt lat="35.517835" lon="-92.791370"></trkpt><trkpt lat="35.517383" lon="-92.791138"></trkpt><trkpt lat="35.517193" lon="-92.790922"></trkpt><trkpt lat="35.517017" lon="-92.790515"></trkpt></trkseg></trk><trk><name>T148 BR5F828</name><trkseg><trkpt lat="34.719300" lon="-94.720902"></trkpt><trkpt lat="34.719063" lon="-94.721207"></trkpt><trkpt lat="34.718871" lon="-94.721542"></trkpt><trkpt lat="34.718812" lon="-94.722415"></trkpt><trkpt lat="34.718710" lon="-94.723034"></trkpt><trkpt lat="34.718470" lon="-94.723649"></trkpt><trkpt lat="34.718208" lon="-94.723954"></trkpt><trkpt lat="34.717950" lon="-94.724061"></trkpt><trkpt lat="34.717486" lon="-94.724024"></trkpt><trkpt lat="34.716645" lon="-94.724232"></trkpt><trkpt lat="34.716266" lon="-94.724506"></trkpt><trkpt lat="34.716030" lon="-94.724811"></trkpt><trkpt lat="34.715815" lon="-94.725174"></trkpt><trkpt lat="34.715374" lon="-94.725136"></trkpt><trkpt lat="34.715233" lon="-94.725246"></trkpt><trkpt lat="34.715229" lon="-94.725472"></trkpt><trkpt lat="34.715041" lon="-94.725552"></trkpt><trkpt lat="34.714881" lon="-94.725437"></trkpt><trkpt lat="34.714577" lon="-94.725346"></trkpt><trkpt lat="34.714253" lon="-94.725311"></trkpt><trkpt lat="34.713926" lon="-94.725332"></trkpt><trkpt lat="34.713759" lon="-94.725695"></trkpt><trkpt lat="34.713632" lon="-94.726398"></trkpt><trkpt lat="34.713398" lon="-94.726534"></trkpt><trkpt lat="34.712811" lon="-94.726719"></trkpt><trkpt lat="34.711924" lon="-94.726814"></trkpt><trkpt lat="34.711177" lon="-94.727052"></trkpt><trkpt lat="34.710779" lon="-94.727100"></trkpt><trkpt lat="34.710544" lon="-94.727349"></trkpt><trkpt lat="34.710414" lon="-94.728193"></trkpt><trkpt lat="34.710062" lon="-94.728383"></trkpt><trkpt lat="34.709524" lon="-94.728541"></trkpt><trkpt lat="34.708962" lon="-94.728755"></trkpt><trkpt lat="34.708657" lon="-94.728946"></trkpt><trkpt lat="34.708251" lon="-94.729586"></trkpt><trkpt lat="34.707342" lon="-94.729624"></trkpt><trkpt lat="34.707208" lon="-94.729198"></trkpt><trkpt lat="34.706838" lon="-94.729105"></trkpt><trkpt lat="34.706417" lon="-94.729238"></trkpt><trkpt lat="34.706090" lon="-94.729231"></trkpt><trkpt lat="34.705690" lon="-94.729618"></trkpt><trkpt lat="34.705431" lon="-94.729781"></trkpt><trkpt lat="34.705009" lon="-94.729914"></trkpt><trkpt lat="34.704732" lon="-94.729767"></trkpt><trkpt lat="34.704620" lon="-94.729370"></trkpt><trkpt lat="34.704485" lon="-94.729057"></trkpt><trkpt lat="34.703857" lon="-94.729015"></trkpt><trkpt lat="34.702650" lon="-94.728736"></trkpt><trkpt lat="34.702636" lon="-94.728144"></trkpt><trkpt lat="34.702193" lon="-94.728050"></trkpt><trkpt lat="34.701945" lon="-94.729230"></trkpt><trkpt lat="34.701777" lon="-94.729592"></trkpt><trkpt lat="34.701285" lon="-94.729808"></trkpt><trkpt lat="34.701052" lon="-94.729690"></trkpt><trkpt lat="34.700895" lon="-94.729292"></trkpt><trkpt lat="34.700808" lon="-94.728782"></trkpt><trkpt lat="34.700649" lon="-94.728525"></trkpt><trkpt lat="34.700325" lon="-94.728378"></trkpt><trkpt lat="34.700023" lon="-94.728315"></trkpt><trkpt lat="34.700077" lon="-94.727865"></trkpt><trkpt lat="34.699917" lon="-94.727551"></trkpt><trkpt lat="34.699595" lon="-94.727376"></trkpt><trkpt lat="34.698967" lon="-94.727278"></trkpt><trkpt lat="34.698314" lon="-94.727236"></trkpt><trkpt lat="34.697079" lon="-94.727380"></trkpt><trkpt lat="34.695777" lon="-94.727212"></trkpt><trkpt lat="34.695470" lon="-94.727544"></trkpt><trkpt lat="34.695187" lon="-94.727763"></trkpt></trkseg></trk><trk><name>T149 BR5F828</name><trkseg><trkpt lat="34.498985" lon="-94.173380"></trkpt><trkpt lat="34.498462" lon="-94.172413"></trkpt><trkpt lat="34.498117" lon="-94.171933"></trkpt><trkpt lat="34.497689" lon="-94.171028"></trkpt><trkpt lat="34.497519" lon="-94.170339"></trkpt><trkpt lat="34.497655" lon="-94.169865"></trkpt><trkpt lat="34.497442" lon="-94.169227"></trkpt><trkpt lat="34.497185" lon="-94.168801"></trkpt><trkpt lat="34.496927" lon="-94.168216"></trkpt><trkpt lat="34.496672" lon="-94.167525"></trkpt><trkpt lat="34.496238" lon="-94.167097"></trkpt><trkpt lat="34.496199" lon="-94.166462"></trkpt><trkpt lat="34.495899" lon="-94.165823"></trkpt></trkseg></trk><trk><name>T150 BR5F828</name><trkseg><trkpt lat="35.723447" lon="-93.015304"></trkpt><trkpt lat="35.723447" lon="-93.015406"></trkpt><trkpt lat="35.723380" lon="-93.015452"></trkpt><trkpt lat="35.723291" lon="-93.015608"></trkpt><trkpt lat="35.723281" lon="-93.015873"></trkpt><trkpt lat="35.723296" lon="-93.015973"></trkpt><trkpt lat="35.723465" lon="-93.016178"></trkpt><trkpt lat="35.723491" lon="-93.016292"></trkpt><trkpt lat="35.723479" lon="-93.016446"></trkpt><trkpt lat="35.723413" lon="-93.016530"></trkpt><trkpt lat="35.723401" lon="-93.016704"></trkpt><trkpt lat="35.723446" lon="-93.017020"></trkpt><trkpt lat="35.723428" lon="-93.017147"></trkpt><trkpt lat="35.723569" lon="-93.017415"></trkpt><trkpt lat="35.723631" lon="-93.017821"></trkpt><trkpt lat="35.723578" lon="-93.017995"></trkpt><trkpt lat="35.723588" lon="-93.018093"></trkpt><trkpt lat="35.723648" lon="-93.018131"></trkpt><trkpt lat="35.723596" lon="-93.018338"></trkpt><trkpt lat="35.723699" lon="-93.018647"></trkpt><trkpt lat="35.723708" lon="-93.018925"></trkpt><trkpt lat="35.723664" lon="-93.019082"></trkpt><trkpt lat="35.723719" lon="-93.019596"></trkpt><trkpt lat="35.723959" lon="-93.019881"></trkpt><trkpt lat="35.724362" lon="-93.020103"></trkpt><trkpt lat="35.724556" lon="-93.020448"></trkpt><trkpt lat="35.724606" lon="-93.020667"></trkpt><trkpt lat="35.724596" lon="-93.020859"></trkpt><trkpt lat="35.724611" lon="-93.020905"></trkpt><trkpt lat="35.724708" lon="-93.020967"></trkpt><trkpt lat="35.724745" lon="-93.021066"></trkpt><trkpt lat="35.724742" lon="-93.021327"></trkpt><trkpt lat="35.724679" lon="-93.021445"></trkpt><trkpt lat="35.724649" lon="-93.021592"></trkpt><trkpt lat="35.724399" lon="-93.021889"></trkpt><trkpt lat="35.724319" lon="-93.022096"></trkpt><trkpt lat="35.724274" lon="-93.022372"></trkpt><trkpt lat="35.724328" lon="-93.022504"></trkpt><trkpt lat="35.724443" lon="-93.022591"></trkpt><trkpt lat="35.724699" lon="-93.022488"></trkpt><trkpt lat="35.724781" lon="-93.022510"></trkpt><trkpt lat="35.724790" lon="-93.022546"></trkpt><trkpt lat="35.724740" lon="-93.022698"></trkpt><trkpt lat="35.724581" lon="-93.022903"></trkpt><trkpt lat="35.724412" lon="-93.022898"></trkpt><trkpt lat="35.724322" lon="-93.022943"></trkpt><trkpt lat="35.723990" lon="-93.022902"></trkpt><trkpt lat="35.723817" lon="-93.022829"></trkpt><trkpt lat="35.723660" lon="-93.022660"></trkpt><trkpt lat="35.723576" lon="-93.022486"></trkpt><trkpt lat="35.723527" lon="-93.022699"></trkpt><trkpt lat="35.723546" lon="-93.022841"></trkpt><trkpt lat="35.723598" lon="-93.022893"></trkpt><trkpt lat="35.723706" lon="-93.023196"></trkpt><trkpt lat="35.724426" lon="-93.023858"></trkpt><trkpt lat="35.724524" lon="-93.023897"></trkpt><trkpt lat="35.724995" lon="-93.023965"></trkpt><trkpt lat="35.725119" lon="-93.023937"></trkpt><trkpt lat="35.725205" lon="-93.023861"></trkpt><trkpt lat="35.725247" lon="-93.023902"></trkpt><trkpt lat="35.725184" lon="-93.024057"></trkpt><trkpt lat="35.724989" lon="-93.024299"></trkpt><trkpt lat="35.724776" lon="-93.024668"></trkpt><trkpt lat="35.724614" lon="-93.024744"></trkpt><trkpt lat="35.724592" lon="-93.024801"></trkpt><trkpt lat="35.724687" lon="-93.024981"></trkpt><trkpt lat="35.724917" lon="-93.025013"></trkpt><trkpt lat="35.724907" lon="-93.025096"></trkpt><trkpt lat="35.724825" lon="-93.025106"></trkpt><trkpt lat="35.724676" lon="-93.025064"></trkpt><trkpt lat="35.724590" lon="-93.024970"></trkpt><trkpt lat="35.724407" lon="-93.024895"></trkpt><trkpt lat="35.724375" lon="-93.024768"></trkpt><trkpt lat="35.724317" lon="-93.024705"></trkpt><trkpt lat="35.724258" lon="-93.024716"></trkpt><trkpt lat="35.724288" lon="-93.024544"></trkpt><trkpt lat="35.724178" lon="-93.024414"></trkpt><trkpt lat="35.724030" lon="-93.024515"></trkpt><trkpt lat="35.724014" lon="-93.024605"></trkpt><trkpt lat="35.723915" lon="-93.024697"></trkpt><trkpt lat="35.723901" lon="-93.024811"></trkpt><trkpt lat="35.723823" lon="-93.024906"></trkpt><trkpt lat="35.723465" lon="-93.025187"></trkpt><trkpt lat="35.723155" lon="-93.025272"></trkpt><trkpt lat="35.723038" lon="-93.025191"></trkpt><trkpt lat="35.722984" lon="-93.025204"></trkpt><trkpt lat="35.722977" lon="-93.025320"></trkpt><trkpt lat="35.722937" lon="-93.025350"></trkpt><trkpt lat="35.722798" lon="-93.025327"></trkpt><trkpt lat="35.722737" lon="-93.025385"></trkpt><trkpt lat="35.722693" lon="-93.025365"></trkpt><trkpt lat="35.722574" lon="-93.025460"></trkpt><trkpt lat="35.722511" lon="-93.025573"></trkpt><trkpt lat="35.722363" lon="-93.025594"></trkpt><trkpt lat="35.722267" lon="-93.025557"></trkpt><trkpt lat="35.722191" lon="-93.025572"></trkpt><trkpt lat="35.722089" lon="-93.025549"></trkpt><trkpt lat="35.721946" lon="-93.025443"></trkpt><trkpt lat="35.721889" lon="-93.025272"></trkpt><trkpt lat="35.721796" lon="-93.025254"></trkpt><trkpt lat="35.721634" lon="-93.025157"></trkpt><trkpt lat="35.721612" lon="-93.025082"></trkpt><trkpt lat="35.721456" lon="-93.024963"></trkpt><trkpt lat="35.721406" lon="-93.024824"></trkpt><trkpt lat="35.721285" lon="-93.024757"></trkpt><trkpt lat="35.721176" lon="-93.024540"></trkpt><trkpt lat="35.721077" lon="-93.024478"></trkpt><trkpt lat="35.721001" lon="-93.024333"></trkpt><trkpt lat="35.721002" lon="-93.024186"></trkpt><trkpt lat="35.720954" lon="-93.024092"></trkpt><trkpt lat="35.720875" lon="-93.023719"></trkpt><trkpt lat="35.720837" lon="-93.023392"></trkpt><trkpt lat="35.720969" lon="-93.023147"></trkpt><trkpt lat="35.721003" lon="-93.022914"></trkpt><trkpt lat="35.721206" lon="-93.022290"></trkpt><trkpt lat="35.721278" lon="-93.022235"></trkpt><trkpt lat="35.721333" lon="-93.022131"></trkpt><trkpt lat="35.721425" lon="-93.022142"></trkpt><trkpt lat="35.721433" lon="-93.022111"></trkpt><trkpt lat="35.721318" lon="-93.022039"></trkpt><trkpt lat="35.721240" lon="-93.021743"></trkpt><trkpt lat="35.721292" lon="-93.021618"></trkpt><trkpt lat="35.721315" lon="-93.021389"></trkpt><trkpt lat="35.721295" lon="-93.021296"></trkpt><trkpt lat="35.721335" lon="-93.021181"></trkpt><trkpt lat="35.721409" lon="-93.020620"></trkpt><trkpt lat="35.721316" lon="-93.020511"></trkpt><trkpt lat="35.721287" lon="-93.020392"></trkpt><trkpt lat="35.721207" lon="-93.020318"></trkpt><trkpt lat="35.721223" lon="-93.020029"></trkpt><trkpt lat="35.721184" lon="-93.019804"></trkpt><trkpt lat="35.721327" lon="-93.019495"></trkpt><trkpt lat="35.721454" lon="-93.019098"></trkpt><trkpt lat="35.721459" lon="-93.018981"></trkpt><trkpt lat="35.721381" lon="-93.018671"></trkpt><trkpt lat="35.721463" lon="-93.018383"></trkpt><trkpt lat="35.721402" lon="-93.018126"></trkpt><trkpt lat="35.721702" lon="-93.017647"></trkpt><trkpt lat="35.721707" lon="-93.017544"></trkpt><trkpt lat="35.721937" lon="-93.017315"></trkpt><trkpt lat="35.722064" lon="-93.016970"></trkpt><trkpt lat="35.722087" lon="-93.016697"></trkpt><trkpt lat="35.722068" lon="-93.016491"></trkpt><trkpt lat="35.721978" lon="-93.016350"></trkpt><trkpt lat="35.721763" lon="-93.016304"></trkpt><trkpt lat="35.721693" lon="-93.016156"></trkpt></trkseg></trk><trk><name>T151 BR5F828</name><trkseg><trkpt lat="35.552440" lon="-93.094235"></trkpt><trkpt lat="35.552561" lon="-93.094421"></trkpt><trkpt lat="35.552699" lon="-93.094494"></trkpt><trkpt lat="35.553092" lon="-93.094591"></trkpt><trkpt lat="35.553147" lon="-93.094533"></trkpt><trkpt lat="35.553257" lon="-93.094554"></trkpt><trkpt lat="35.553754" lon="-93.095034"></trkpt><trkpt lat="35.554113" lon="-93.095068"></trkpt><trkpt lat="35.554551" lon="-93.094993"></trkpt><trkpt lat="35.554814" lon="-93.095021"></trkpt><trkpt lat="35.555221" lon="-93.095202"></trkpt><trkpt lat="35.555559" lon="-93.095290"></trkpt><trkpt lat="35.556436" lon="-93.095385"></trkpt><trkpt lat="35.556583" lon="-93.095329"></trkpt><trkpt lat="35.556815" lon="-93.095081"></trkpt><trkpt lat="35.556905" lon="-93.094928"></trkpt><trkpt lat="35.556977" lon="-93.094756"></trkpt><trkpt lat="35.557036" lon="-93.094459"></trkpt><trkpt lat="35.557081" lon="-93.093780"></trkpt><trkpt lat="35.557121" lon="-93.093609"></trkpt><trkpt lat="35.557171" lon="-93.093467"></trkpt><trkpt lat="35.557350" lon="-93.093184"></trkpt><trkpt lat="35.557698" lon="-93.092989"></trkpt><trkpt lat="35.558047" lon="-93.092690"></trkpt><trkpt lat="35.558241" lon="-93.092582"></trkpt><trkpt lat="35.559050" lon="-93.092370"></trkpt><trkpt lat="35.559165" lon="-93.092364"></trkpt><trkpt lat="35.559571" lon="-93.092461"></trkpt><trkpt lat="35.559960" lon="-93.092621"></trkpt><trkpt lat="35.560435" lon="-93.092734"></trkpt><trkpt lat="35.560956" lon="-93.093165"></trkpt><trkpt lat="35.561371" lon="-93.093360"></trkpt><trkpt lat="35.561761" lon="-93.093685"></trkpt><trkpt lat="35.562240" lon="-93.093980"></trkpt><trkpt lat="35.562601" lon="-93.094110"></trkpt><trkpt lat="35.563125" lon="-93.094106"></trkpt><trkpt lat="35.563272" lon="-93.094059"></trkpt><trkpt lat="35.563427" lon="-93.093930"></trkpt><trkpt lat="35.563679" lon="-93.093619"></trkpt><trkpt lat="35.563778" lon="-93.093441"></trkpt><trkpt lat="35.563831" lon="-93.093122"></trkpt><trkpt lat="35.564064" lon="-93.092957"></trkpt><trkpt lat="35.564512" lon="-93.092861"></trkpt><trkpt lat="35.564716" lon="-93.092870"></trkpt><trkpt lat="35.565737" lon="-93.092398"></trkpt><trkpt lat="35.565848" lon="-93.092379"></trkpt><trkpt lat="35.566103" lon="-93.092225"></trkpt><trkpt lat="35.566365" lon="-93.091903"></trkpt><trkpt lat="35.566439" lon="-93.091767"></trkpt><trkpt lat="35.566598" lon="-93.091610"></trkpt><trkpt lat="35.566824" lon="-93.091548"></trkpt><trkpt lat="35.566875" lon="-93.091472"></trkpt><trkpt lat="35.567356" lon="-93.091638"></trkpt><trkpt lat="35.567611" lon="-93.091665"></trkpt><trkpt lat="35.567810" lon="-93.091639"></trkpt><trkpt lat="35.568230" lon="-93.091501"></trkpt><trkpt lat="35.568632" lon="-93.091318"></trkpt><trkpt lat="35.568736" lon="-93.091329"></trkpt><trkpt lat="35.569451" lon="-93.091241"></trkpt><trkpt lat="35.570271" lon="-93.091208"></trkpt><trkpt lat="35.570889" lon="-93.091049"></trkpt><trkpt lat="35.571083" lon="-93.091020"></trkpt><trkpt lat="35.571158" lon="-93.091065"></trkpt><trkpt lat="35.571258" lon="-93.091031"></trkpt><trkpt lat="35.571708" lon="-93.090606"></trkpt><trkpt lat="35.571896" lon="-93.090496"></trkpt><trkpt lat="35.572063" lon="-93.090485"></trkpt><trkpt lat="35.572149" lon="-93.090444"></trkpt><trkpt lat="35.572355" lon="-93.090222"></trkpt><trkpt lat="35.573022" lon="-93.089691"></trkpt><trkpt lat="35.573278" lon="-93.089433"></trkpt><trkpt lat="35.573394" lon="-93.089133"></trkpt><trkpt lat="35.573231" lon="-93.088724"></trkpt><trkpt lat="35.572760" lon="-93.088339"></trkpt><trkpt lat="35.572311" lon="-93.088043"></trkpt><trkpt lat="35.572099" lon="-93.087807"></trkpt><trkpt lat="35.571106" lon="-93.087358"></trkpt><trkpt lat="35.570750" lon="-93.087324"></trkpt><trkpt lat="35.570604" lon="-93.087419"></trkpt><trkpt lat="35.570258" lon="-93.087560"></trkpt><trkpt lat="35.569819" lon="-93.087886"></trkpt><trkpt lat="35.569256" lon="-93.087938"></trkpt><trkpt lat="35.568156" lon="-93.088118"></trkpt><trkpt lat="35.567738" lon="-93.087705"></trkpt><trkpt lat="35.567471" lon="-93.087536"></trkpt><trkpt lat="35.567341" lon="-93.087504"></trkpt><trkpt lat="35.566955" lon="-93.087488"></trkpt><trkpt lat="35.566502" lon="-93.087588"></trkpt><trkpt lat="35.566326" lon="-93.087667"></trkpt><trkpt lat="35.566093" lon="-93.087831"></trkpt><trkpt lat="35.565869" lon="-93.088038"></trkpt><trkpt lat="35.565720" lon="-93.088316"></trkpt><trkpt lat="35.565624" lon="-93.088432"></trkpt><trkpt lat="35.564814" lon="-93.088707"></trkpt><trkpt lat="35.564683" lon="-93.088778"></trkpt><trkpt lat="35.564475" lon="-93.089067"></trkpt><trkpt lat="35.564037" lon="-93.089000"></trkpt><trkpt lat="35.563497" lon="-93.088692"></trkpt><trkpt lat="35.563391" lon="-93.088569"></trkpt><trkpt lat="35.563397" lon="-93.088350"></trkpt><trkpt lat="35.563671" lon="-93.087693"></trkpt><trkpt lat="35.563632" lon="-93.087582"></trkpt><trkpt lat="35.563417" lon="-93.087377"></trkpt><trkpt lat="35.562871" lon="-93.087387"></trkpt><trkpt lat="35.562509" lon="-93.087343"></trkpt><trkpt lat="35.562253" lon="-93.087064"></trkpt><trkpt lat="35.562162" lon="-93.086728"></trkpt><trkpt lat="35.562073" lon="-93.086632"></trkpt><trkpt lat="35.561940" lon="-93.086611"></trkpt><trkpt lat="35.561583" lon="-93.086754"></trkpt><trkpt lat="35.561121" lon="-93.086877"></trkpt><trkpt lat="35.560460" lon="-93.087425"></trkpt><trkpt lat="35.560286" lon="-93.087496"></trkpt><trkpt lat="35.559997" lon="-93.087697"></trkpt><trkpt lat="35.559810" lon="-93.087875"></trkpt><trkpt lat="35.559574" lon="-93.087963"></trkpt><trkpt lat="35.559350" lon="-93.087979"></trkpt><trkpt lat="35.559170" lon="-93.088086"></trkpt><trkpt lat="35.559018" lon="-93.088305"></trkpt><trkpt lat="35.558860" lon="-93.088436"></trkpt><trkpt lat="35.558296" lon="-93.088692"></trkpt><trkpt lat="35.558071" lon="-93.088822"></trkpt><trkpt lat="35.557743" lon="-93.089101"></trkpt><trkpt lat="35.557479" lon="-93.089272"></trkpt><trkpt lat="35.556814" lon="-93.089597"></trkpt><trkpt lat="35.556494" lon="-93.089799"></trkpt><trkpt lat="35.555610" lon="-93.090132"></trkpt><trkpt lat="35.555051" lon="-93.090271"></trkpt><trkpt lat="35.554753" lon="-93.090289"></trkpt><trkpt lat="35.554398" lon="-93.090462"></trkpt><trkpt lat="35.554147" lon="-93.090657"></trkpt><trkpt lat="35.553851" lon="-93.090750"></trkpt><trkpt lat="35.553721" lon="-93.090730"></trkpt><trkpt lat="35.553497" lon="-93.090601"></trkpt><trkpt lat="35.553437" lon="-93.090528"></trkpt><trkpt lat="35.553425" lon="-93.090414"></trkpt><trkpt lat="35.553619" lon="-93.089895"></trkpt><trkpt lat="35.553688" lon="-93.088719"></trkpt><trkpt lat="35.553848" lon="-93.087953"></trkpt><trkpt lat="35.553944" lon="-93.087688"></trkpt><trkpt lat="35.554139" lon="-93.087362"></trkpt><trkpt lat="35.554295" lon="-93.086990"></trkpt><trkpt lat="35.554308" lon="-93.086846"></trkpt><trkpt lat="35.554234" lon="-93.086428"></trkpt><trkpt lat="35.554219" lon="-93.085796"></trkpt><trkpt lat="35.554118" lon="-93.085640"></trkpt><trkpt lat="35.554034" lon="-93.085363"></trkpt><trkpt lat="35.554020" lon="-93.085211"></trkpt><trkpt lat="35.553922" lon="-93.084932"></trkpt></trkseg></trk><trk><name>T152 BR5F828</name><trkseg><trkpt lat="36.927140" lon="-93.085863"></trkpt><trkpt lat="36.926977" lon="-93.085780"></trkpt><trkpt lat="36.926935" lon="-93.085727"></trkpt><trkpt lat="36.926976" lon="-93.085510"></trkpt><trkpt lat="36.926954" lon="-93.085450"></trkpt><trkpt lat="36.926975" lon="-93.085411"></trkpt><trkpt lat="36.927215" lon="-93.085281"></trkpt><trkpt lat="36.927248" lon="-93.085127"></trkpt><trkpt lat="36.927082" lon="-93.085128"></trkpt><trkpt lat="36.926937" lon="-93.085043"></trkpt><trkpt lat="36.926822" lon="-93.084235"></trkpt><trkpt lat="36.926737" lon="-93.083974"></trkpt><trkpt lat="36.926761" lon="-93.083090"></trkpt><trkpt lat="36.926812" lon="-93.082526"></trkpt><trkpt lat="36.926775" lon="-93.081922"></trkpt><trkpt lat="36.926602" lon="-93.080973"></trkpt><trkpt lat="36.926644" lon="-93.080370"></trkpt><trkpt lat="36.926629" lon="-93.080065"></trkpt></trkseg></trk><trk><name>T153 BR5F828</name><trkseg><trkpt lat="35.512550" lon="-92.790574"></trkpt><trkpt lat="35.512552" lon="-92.790366"></trkpt><trkpt lat="35.512376" lon="-92.790147"></trkpt><trkpt lat="35.512067" lon="-92.789873"></trkpt><trkpt lat="35.511184" lon="-92.789322"></trkpt><trkpt lat="35.510832" lon="-92.788993"></trkpt><trkpt lat="35.510656" lon="-92.788775"></trkpt><trkpt lat="35.510613" lon="-92.788612"></trkpt><trkpt lat="35.510614" lon="-92.788341"></trkpt><trkpt lat="35.510661" lon="-92.787907"></trkpt><trkpt lat="35.510753" lon="-92.787529"></trkpt><trkpt lat="35.510575" lon="-92.787527"></trkpt><trkpt lat="35.510442" lon="-92.787580"></trkpt><trkpt lat="35.509864" lon="-92.787899"></trkpt><trkpt lat="35.509112" lon="-92.787567"></trkpt><trkpt lat="35.508270" lon="-92.787559"></trkpt><trkpt lat="35.507872" lon="-92.787446"></trkpt><trkpt lat="35.507473" lon="-92.787442"></trkpt><trkpt lat="35.506940" lon="-92.787491"></trkpt><trkpt lat="35.506498" lon="-92.787324"></trkpt><trkpt lat="35.506277" lon="-92.787160"></trkpt><trkpt lat="35.505967" lon="-92.787156"></trkpt><trkpt lat="35.505568" lon="-92.787207"></trkpt><trkpt lat="35.505080" lon="-92.787202"></trkpt><trkpt lat="35.504463" lon="-92.786708"></trkpt><trkpt lat="35.503800" lon="-92.786431"></trkpt><trkpt lat="35.503579" lon="-92.786266"></trkpt><trkpt lat="35.503490" lon="-92.786265"></trkpt><trkpt lat="35.503401" lon="-92.786372"></trkpt><trkpt lat="35.503223" lon="-92.786479"></trkpt><trkpt lat="35.503001" lon="-92.786531"></trkpt><trkpt lat="35.502779" lon="-92.786529"></trkpt><trkpt lat="35.502557" lon="-92.786635"></trkpt><trkpt lat="35.502380" lon="-92.786633"></trkpt><trkpt lat="35.502161" lon="-92.786144"></trkpt></trkseg></trk><trk><name>T154 BR5F828</name><trkseg><trkpt lat="36.894954" lon="-93.117690"></trkpt><trkpt lat="36.895148" lon="-93.118034"></trkpt><trkpt lat="36.895267" lon="-93.118177"></trkpt><trkpt lat="36.895532" lon="-93.118392"></trkpt><trkpt lat="36.896101" lon="-93.118439"></trkpt><trkpt lat="36.896427" lon="-93.118540"></trkpt><trkpt lat="36.896656" lon="-93.118524"></trkpt><trkpt lat="36.897670" lon="-93.118860"></trkpt><trkpt lat="36.897945" lon="-93.119108"></trkpt><trkpt lat="36.898315" lon="-93.119668"></trkpt><trkpt lat="36.898335" lon="-93.119635"></trkpt><trkpt lat="36.898588" lon="-93.119790"></trkpt><trkpt lat="36.899310" lon="-93.120091"></trkpt><trkpt lat="36.899396" lon="-93.120184"></trkpt><trkpt lat="36.899423" lon="-93.120292"></trkpt><trkpt lat="36.899348" lon="-93.120934"></trkpt><trkpt lat="36.899366" lon="-93.121126"></trkpt><trkpt lat="36.899488" lon="-93.121387"></trkpt><trkpt lat="36.899818" lon="-93.121821"></trkpt><trkpt lat="36.899872" lon="-93.121937"></trkpt><trkpt lat="36.899914" lon="-93.122074"></trkpt><trkpt lat="36.899927" lon="-93.122357"></trkpt><trkpt lat="36.900005" lon="-93.122615"></trkpt><trkpt lat="36.899987" lon="-93.122925"></trkpt><trkpt lat="36.900030" lon="-93.123149"></trkpt><trkpt lat="36.900182" lon="-93.123514"></trkpt><trkpt lat="36.900841" lon="-93.124706"></trkpt><trkpt lat="36.901119" lon="-93.125389"></trkpt><trkpt lat="36.901284" lon="-93.125642"></trkpt><trkpt lat="36.901444" lon="-93.126219"></trkpt><trkpt lat="36.901579" lon="-93.126561"></trkpt><trkpt lat="36.901747" lon="-93.126867"></trkpt><trkpt lat="36.901882" lon="-93.127014"></trkpt><trkpt lat="36.901945" lon="-93.127204"></trkpt><trkpt lat="36.902071" lon="-93.127381"></trkpt><trkpt lat="36.902244" lon="-93.127935"></trkpt><trkpt lat="36.902211" lon="-93.128101"></trkpt></trkseg></trk><trk><name>T155 BR5F828</name><trkseg><trkpt lat="35.753305" lon="-93.860654"></trkpt><trkpt lat="35.753291" lon="-93.860493"></trkpt><trkpt lat="35.753342" lon="-93.860403"></trkpt><trkpt lat="35.753343" lon="-93.860338"></trkpt><trkpt lat="35.753315" lon="-93.860293"></trkpt><trkpt lat="35.753200" lon="-93.860254"></trkpt><trkpt lat="35.753165" lon="-93.860113"></trkpt><trkpt lat="35.753084" lon="-93.859990"></trkpt><trkpt lat="35.753130" lon="-93.859764"></trkpt><trkpt lat="35.753088" lon="-93.858904"></trkpt><trkpt lat="35.752937" lon="-93.858557"></trkpt><trkpt lat="35.752859" lon="-93.858484"></trkpt><trkpt lat="35.752658" lon="-93.858436"></trkpt><trkpt lat="35.752332" lon="-93.858615"></trkpt></trkseg></trk><trk><name>T156 BR5F828</name><trkseg><trkpt lat="36.890546" lon="-93.126041"></trkpt><trkpt lat="36.890399" lon="-93.126022"></trkpt><trkpt lat="36.890044" lon="-93.126046"></trkpt><trkpt lat="36.889706" lon="-93.125947"></trkpt><trkpt lat="36.889472" lon="-93.125968"></trkpt><trkpt lat="36.889383" lon="-93.126013"></trkpt><trkpt lat="36.889221" lon="-93.126164"></trkpt><trkpt lat="36.889030" lon="-93.126252"></trkpt><trkpt lat="36.888895" lon="-93.126398"></trkpt><trkpt lat="36.888757" lon="-93.126452"></trkpt><trkpt lat="36.888508" lon="-93.126645"></trkpt><trkpt lat="36.888058" lon="-93.126830"></trkpt><trkpt lat="36.887624" lon="-93.127354"></trkpt><trkpt lat="36.887382" lon="-93.127811"></trkpt><trkpt lat="36.887158" lon="-93.128008"></trkpt><trkpt lat="36.886833" lon="-93.128427"></trkpt><trkpt lat="36.886530" lon="-93.128476"></trkpt><trkpt lat="36.886297" lon="-93.128584"></trkpt><trkpt lat="36.886198" lon="-93.128884"></trkpt><trkpt lat="36.886119" lon="-93.128982"></trkpt><trkpt lat="36.885911" lon="-93.129412"></trkpt><trkpt lat="36.885857" lon="-93.129459"></trkpt><trkpt lat="36.885700" lon="-93.129531"></trkpt><trkpt lat="36.885552" lon="-93.129646"></trkpt><trkpt lat="36.885397" lon="-93.129609"></trkpt><trkpt lat="36.884916" lon="-93.129696"></trkpt><trkpt lat="36.884749" lon="-93.129838"></trkpt><trkpt lat="36.884345" lon="-93.130031"></trkpt><trkpt lat="36.884092" lon="-93.130016"></trkpt><trkpt lat="36.884010" lon="-93.130050"></trkpt><trkpt lat="36.883869" lon="-93.130044"></trkpt><trkpt lat="36.883673" lon="-93.130115"></trkpt><trkpt lat="36.883489" lon="-93.130376"></trkpt><trkpt lat="36.883416" lon="-93.130659"></trkpt><trkpt lat="36.883319" lon="-93.130814"></trkpt><trkpt lat="36.883180" lon="-93.130833"></trkpt><trkpt lat="36.883106" lon="-93.130784"></trkpt><trkpt lat="36.882999" lon="-93.130580"></trkpt><trkpt lat="36.882714" lon="-93.130669"></trkpt><trkpt lat="36.882652" lon="-93.130994"></trkpt><trkpt lat="36.882539" lon="-93.131319"></trkpt><trkpt lat="36.882524" lon="-93.131572"></trkpt><trkpt lat="36.882615" lon="-93.131749"></trkpt><trkpt lat="36.882591" lon="-93.131932"></trkpt><trkpt lat="36.882532" lon="-93.132075"></trkpt><trkpt lat="36.882369" lon="-93.132187"></trkpt><trkpt lat="36.882205" lon="-93.132213"></trkpt><trkpt lat="36.881989" lon="-93.132363"></trkpt><trkpt lat="36.881580" lon="-93.132507"></trkpt><trkpt lat="36.881502" lon="-93.132566"></trkpt><trkpt lat="36.881198" lon="-93.132577"></trkpt><trkpt lat="36.881249" lon="-93.132665"></trkpt><trkpt lat="36.881203" lon="-93.132828"></trkpt></trkseg></trk><trk><name>T157 BR5F828</name><trkseg><trkpt lat="35.491032" lon="-92.807715"></trkpt><trkpt lat="35.491233" lon="-92.807782"></trkpt><trkpt lat="35.491325" lon="-92.808318"></trkpt><trkpt lat="35.491301" lon="-92.808682"></trkpt><trkpt lat="35.491334" lon="-92.808915"></trkpt><trkpt lat="35.491378" lon="-92.808968"></trkpt><trkpt lat="35.491442" lon="-92.808983"></trkpt><trkpt lat="35.491545" lon="-92.809211"></trkpt><trkpt lat="35.491546" lon="-92.809297"></trkpt><trkpt lat="35.491501" lon="-92.809448"></trkpt><trkpt lat="35.491193" lon="-92.809982"></trkpt><trkpt lat="35.491177" lon="-92.810271"></trkpt><trkpt lat="35.491213" lon="-92.810491"></trkpt><trkpt lat="35.491407" lon="-92.810914"></trkpt><trkpt lat="35.491302" lon="-92.811054"></trkpt><trkpt lat="35.491191" lon="-92.811313"></trkpt><trkpt lat="35.491169" lon="-92.811712"></trkpt><trkpt lat="35.491220" lon="-92.811969"></trkpt><trkpt lat="35.491077" lon="-92.812341"></trkpt><trkpt lat="35.490999" lon="-92.812456"></trkpt><trkpt lat="35.490983" lon="-92.812532"></trkpt><trkpt lat="35.491025" lon="-92.812834"></trkpt><trkpt lat="35.490912" lon="-92.813051"></trkpt><trkpt lat="35.490987" lon="-92.813270"></trkpt><trkpt lat="35.490965" lon="-92.813334"></trkpt><trkpt lat="35.490913" lon="-92.813362"></trkpt><trkpt lat="35.490529" lon="-92.813497"></trkpt><trkpt lat="35.490343" lon="-92.813520"></trkpt><trkpt lat="35.490212" lon="-92.813596"></trkpt><trkpt lat="35.489981" lon="-92.813576"></trkpt><trkpt lat="35.489826" lon="-92.813606"></trkpt><trkpt lat="35.489711" lon="-92.813676"></trkpt><trkpt lat="35.489519" lon="-92.814082"></trkpt><trkpt lat="35.489531" lon="-92.814249"></trkpt><trkpt lat="35.489468" lon="-92.814530"></trkpt></trkseg></trk><trk><name>T158 BR5F828</name><trkseg><trkpt lat="35.510422" lon="-92.816713"></trkpt><trkpt lat="35.510809" lon="-92.816817"></trkpt><trkpt lat="35.511037" lon="-92.816719"></trkpt><trkpt lat="35.510983" lon="-92.816422"></trkpt><trkpt lat="35.510627" lon="-92.816103"></trkpt><trkpt lat="35.510487" lon="-92.815833"></trkpt><trkpt lat="35.510242" lon="-92.815695"></trkpt><trkpt lat="35.510198" lon="-92.815559"></trkpt><trkpt lat="35.510229" lon="-92.815433"></trkpt><trkpt lat="35.510314" lon="-92.815364"></trkpt><trkpt lat="35.510477" lon="-92.815350"></trkpt><trkpt lat="35.510894" lon="-92.815197"></trkpt><trkpt lat="35.511188" lon="-92.815413"></trkpt><trkpt lat="35.511236" lon="-92.815562"></trkpt><trkpt lat="35.511219" lon="-92.815660"></trkpt><trkpt lat="35.511150" lon="-92.815722"></trkpt><trkpt lat="35.511126" lon="-92.815952"></trkpt><trkpt lat="35.511255" lon="-92.816132"></trkpt><trkpt lat="35.511422" lon="-92.816478"></trkpt><trkpt lat="35.511652" lon="-92.816616"></trkpt><trkpt lat="35.511695" lon="-92.817065"></trkpt><trkpt lat="35.511675" lon="-92.817183"></trkpt><trkpt lat="35.511746" lon="-92.817445"></trkpt><trkpt lat="35.511838" lon="-92.817679"></trkpt><trkpt lat="35.512032" lon="-92.817973"></trkpt><trkpt lat="35.512134" lon="-92.818189"></trkpt><trkpt lat="35.512372" lon="-92.818377"></trkpt><trkpt lat="35.512582" lon="-92.818473"></trkpt><trkpt lat="35.512872" lon="-92.818346"></trkpt><trkpt lat="35.513327" lon="-92.818242"></trkpt><trkpt lat="35.513448" lon="-92.818479"></trkpt><trkpt lat="35.513382" lon="-92.818680"></trkpt><trkpt lat="35.513415" lon="-92.818926"></trkpt><trkpt lat="35.513461" lon="-92.818964"></trkpt><trkpt lat="35.513230" lon="-92.820021"></trkpt><trkpt lat="35.513652" lon="-92.820262"></trkpt><trkpt lat="35.514044" lon="-92.820269"></trkpt><trkpt lat="35.514096" lon="-92.820156"></trkpt><trkpt lat="35.514334" lon="-92.819160"></trkpt><trkpt lat="35.514534" lon="-92.818704"></trkpt><trkpt lat="35.514725" lon="-92.818706"></trkpt><trkpt lat="35.514999" lon="-92.819103"></trkpt><trkpt lat="35.515243" lon="-92.818782"></trkpt><trkpt lat="35.515227" lon="-92.818553"></trkpt><trkpt lat="35.515271" lon="-92.818377"></trkpt><trkpt lat="35.515507" lon="-92.818151"></trkpt><trkpt lat="35.514968" lon="-92.817498"></trkpt><trkpt lat="35.514924" lon="-92.817351"></trkpt><trkpt lat="35.515000" lon="-92.816979"></trkpt><trkpt lat="35.515294" lon="-92.816837"></trkpt><trkpt lat="35.515358" lon="-92.816778"></trkpt><trkpt lat="35.515444" lon="-92.816598"></trkpt><trkpt lat="35.515417" lon="-92.816266"></trkpt><trkpt lat="35.515442" lon="-92.816204"></trkpt><trkpt lat="35.515927" lon="-92.816097"></trkpt><trkpt lat="35.516044" lon="-92.816132"></trkpt><trkpt lat="35.516137" lon="-92.816374"></trkpt><trkpt lat="35.516180" lon="-92.816414"></trkpt><trkpt lat="35.516788" lon="-92.816439"></trkpt><trkpt lat="35.516850" lon="-92.816677"></trkpt><trkpt lat="35.517195" lon="-92.816915"></trkpt><trkpt lat="35.517469" lon="-92.816991"></trkpt><trkpt lat="35.517717" lon="-92.817012"></trkpt><trkpt lat="35.517965" lon="-92.816848"></trkpt><trkpt lat="35.518221" lon="-92.816727"></trkpt><trkpt lat="35.518287" lon="-92.816376"></trkpt><trkpt lat="35.518518" lon="-92.816358"></trkpt><trkpt lat="35.518600" lon="-92.816669"></trkpt><trkpt lat="35.518617" lon="-92.817115"></trkpt><trkpt lat="35.518669" lon="-92.817417"></trkpt><trkpt lat="35.518531" lon="-92.817649"></trkpt><trkpt lat="35.518228" lon="-92.818047"></trkpt><trkpt lat="35.518251" lon="-92.818615"></trkpt><trkpt lat="35.518332" lon="-92.818750"></trkpt><trkpt lat="35.518685" lon="-92.819087"></trkpt><trkpt lat="35.519501" lon="-92.819664"></trkpt><trkpt lat="35.519582" lon="-92.819798"></trkpt><trkpt lat="35.519963" lon="-92.819902"></trkpt><trkpt lat="35.520647" lon="-92.819742"></trkpt><trkpt lat="35.520948" lon="-92.819712"></trkpt><trkpt lat="35.521520" lon="-92.819885"></trkpt><trkpt lat="35.521492" lon="-92.820051"></trkpt><trkpt lat="35.521516" lon="-92.820486"></trkpt><trkpt lat="35.521434" lon="-92.820518"></trkpt><trkpt lat="35.521651" lon="-92.820688"></trkpt><trkpt lat="35.522387" lon="-92.821029"></trkpt><trkpt lat="35.522464" lon="-92.821665"></trkpt><trkpt lat="35.522678" lon="-92.822402"></trkpt><trkpt lat="35.522676" lon="-92.822669"></trkpt><trkpt lat="35.522592" lon="-92.822969"></trkpt><trkpt lat="35.522644" lon="-92.823337"></trkpt><trkpt lat="35.523185" lon="-92.824111"></trkpt><trkpt lat="35.523402" lon="-92.824347"></trkpt><trkpt lat="35.523648" lon="-92.824350"></trkpt><trkpt lat="35.524002" lon="-92.824420"></trkpt><trkpt lat="35.524220" lon="-92.824590"></trkpt><trkpt lat="35.524683" lon="-92.824795"></trkpt><trkpt lat="35.524899" lon="-92.825131"></trkpt><trkpt lat="35.524952" lon="-92.825399"></trkpt><trkpt lat="35.524811" lon="-92.825966"></trkpt><trkpt lat="35.524528" lon="-92.827433"></trkpt><trkpt lat="35.524608" lon="-92.827668"></trkpt><trkpt lat="35.525040" lon="-92.828407"></trkpt><trkpt lat="35.525310" lon="-92.828978"></trkpt><trkpt lat="35.525850" lon="-92.829885"></trkpt><trkpt lat="35.525876" lon="-92.830053"></trkpt><trkpt lat="35.525820" lon="-92.830253"></trkpt><trkpt lat="35.525840" lon="-92.831289"></trkpt><trkpt lat="35.525921" lon="-92.831457"></trkpt><trkpt lat="35.526085" lon="-92.831425"></trkpt><trkpt lat="35.526222" lon="-92.831360"></trkpt><trkpt lat="35.526277" lon="-92.831293"></trkpt><trkpt lat="35.526251" lon="-92.831092"></trkpt><trkpt lat="35.526090" lon="-92.830656"></trkpt><trkpt lat="35.526091" lon="-92.830556"></trkpt><trkpt lat="35.526255" lon="-92.830491"></trkpt><trkpt lat="35.526472" lon="-92.830761"></trkpt><trkpt lat="35.526687" lon="-92.831231"></trkpt><trkpt lat="35.526957" lon="-92.831634"></trkpt><trkpt lat="35.527255" lon="-92.832005"></trkpt><trkpt lat="35.527663" lon="-92.832243"></trkpt><trkpt lat="35.527854" lon="-92.832312"></trkpt><trkpt lat="35.528072" lon="-92.832481"></trkpt><trkpt lat="35.528234" lon="-92.832750"></trkpt><trkpt lat="35.528449" lon="-92.833220"></trkpt><trkpt lat="35.528421" lon="-92.833320"></trkpt><trkpt lat="35.528581" lon="-92.833823"></trkpt><trkpt lat="35.528273" lon="-92.834889"></trkpt><trkpt lat="35.528353" lon="-92.835191"></trkpt><trkpt lat="35.528488" lon="-92.835459"></trkpt><trkpt lat="35.528862" lon="-92.836633"></trkpt><trkpt lat="35.529050" lon="-92.837069"></trkpt><trkpt lat="35.529348" lon="-92.837473"></trkpt><trkpt lat="35.529810" lon="-92.837745"></trkpt><trkpt lat="35.529781" lon="-92.838046"></trkpt><trkpt lat="35.530142" lon="-92.838752"></trkpt></trkseg></trk><trk><name>T159 BR5F828</name><trkseg><trkpt lat="35.529732" lon="-92.839901"></trkpt><trkpt lat="35.529788" lon="-92.839451"></trkpt><trkpt lat="35.529907" lon="-92.839024"></trkpt><trkpt lat="35.530026" lon="-92.838811"></trkpt><trkpt lat="35.530142" lon="-92.838907"></trkpt><trkpt lat="35.530296" lon="-92.839147"></trkpt><trkpt lat="35.530488" lon="-92.839530"></trkpt><trkpt lat="35.530545" lon="-92.839721"></trkpt><trkpt lat="35.530680" lon="-92.839794"></trkpt><trkpt lat="35.530914" lon="-92.839820"></trkpt><trkpt lat="35.531401" lon="-92.839635"></trkpt><trkpt lat="35.531790" lon="-92.839662"></trkpt><trkpt lat="35.532023" lon="-92.839736"></trkpt><trkpt lat="35.532119" lon="-92.839904"></trkpt><trkpt lat="35.532717" lon="-92.840624"></trkpt><trkpt lat="35.532774" lon="-92.840767"></trkpt><trkpt lat="35.532773" lon="-92.840934"></trkpt><trkpt lat="35.532849" lon="-92.841173"></trkpt><trkpt lat="35.532946" lon="-92.841293"></trkpt><trkpt lat="35.533179" lon="-92.841319"></trkpt><trkpt lat="35.533373" lon="-92.841392"></trkpt><trkpt lat="35.533547" lon="-92.841513"></trkpt><trkpt lat="35.533837" lon="-92.841873"></trkpt><trkpt lat="35.533933" lon="-92.842089"></trkpt><trkpt lat="35.534319" lon="-92.842426"></trkpt><trkpt lat="35.534474" lon="-92.842499"></trkpt><trkpt lat="35.534707" lon="-92.842668"></trkpt><trkpt lat="35.534843" lon="-92.842622"></trkpt><trkpt lat="35.534902" lon="-92.842551"></trkpt><trkpt lat="35.534942" lon="-92.842408"></trkpt><trkpt lat="35.534886" lon="-92.842051"></trkpt><trkpt lat="35.534828" lon="-92.841955"></trkpt><trkpt lat="35.534907" lon="-92.841884"></trkpt><trkpt lat="35.535120" lon="-92.841958"></trkpt><trkpt lat="35.535217" lon="-92.841959"></trkpt><trkpt lat="35.535257" lon="-92.841793"></trkpt><trkpt lat="35.535355" lon="-92.841770"></trkpt><trkpt lat="35.535510" lon="-92.841867"></trkpt><trkpt lat="35.535626" lon="-92.841892"></trkpt><trkpt lat="35.535704" lon="-92.841869"></trkpt><trkpt lat="35.535724" lon="-92.841798"></trkpt><trkpt lat="35.535687" lon="-92.841583"></trkpt><trkpt lat="35.535476" lon="-92.841200"></trkpt><trkpt lat="35.535438" lon="-92.840962"></trkpt><trkpt lat="35.535361" lon="-92.840961"></trkpt><trkpt lat="35.535186" lon="-92.840840"></trkpt><trkpt lat="35.535089" lon="-92.840839"></trkpt><trkpt lat="35.534972" lon="-92.840909"></trkpt><trkpt lat="35.534875" lon="-92.840885"></trkpt><trkpt lat="35.534760" lon="-92.840598"></trkpt><trkpt lat="35.534528" lon="-92.840429"></trkpt><trkpt lat="35.534372" lon="-92.840427"></trkpt><trkpt lat="35.533850" lon="-92.840017"></trkpt><trkpt lat="35.533735" lon="-92.839754"></trkpt><trkpt lat="35.533600" lon="-92.839610"></trkpt><trkpt lat="35.533426" lon="-92.839465"></trkpt><trkpt lat="35.533251" lon="-92.839440"></trkpt><trkpt lat="35.533116" lon="-92.839153"></trkpt><trkpt lat="35.533060" lon="-92.838866"></trkpt><trkpt lat="35.532945" lon="-92.838699"></trkpt><trkpt lat="35.532732" lon="-92.838530"></trkpt><trkpt lat="35.532421" lon="-92.838408"></trkpt><trkpt lat="35.531995" lon="-92.838118"></trkpt><trkpt lat="35.531513" lon="-92.837565"></trkpt><trkpt lat="35.531342" lon="-92.836921"></trkpt><trkpt lat="35.531035" lon="-92.836299"></trkpt><trkpt lat="35.530881" lon="-92.836059"></trkpt><trkpt lat="35.530805" lon="-92.835821"></trkpt><trkpt lat="35.530776" lon="-92.834464"></trkpt><trkpt lat="35.530893" lon="-92.834394"></trkpt><trkpt lat="35.530876" lon="-92.834013"></trkpt><trkpt lat="35.530683" lon="-92.833844"></trkpt><trkpt lat="35.530527" lon="-92.833819"></trkpt><trkpt lat="35.530410" lon="-92.833841"></trkpt><trkpt lat="35.530390" lon="-92.833936"></trkpt><trkpt lat="35.530312" lon="-92.833983"></trkpt><trkpt lat="35.530273" lon="-92.834054"></trkpt><trkpt lat="35.530119" lon="-92.833743"></trkpt><trkpt lat="35.530160" lon="-92.833410"></trkpt><trkpt lat="35.530005" lon="-92.833385"></trkpt><trkpt lat="35.529950" lon="-92.832837"></trkpt><trkpt lat="35.529893" lon="-92.832622"></trkpt><trkpt lat="35.529740" lon="-92.832335"></trkpt><trkpt lat="35.529819" lon="-92.832098"></trkpt><trkpt lat="35.530114" lon="-92.831672"></trkpt><trkpt lat="35.530136" lon="-92.831292"></trkpt><trkpt lat="35.530175" lon="-92.831269"></trkpt><trkpt lat="35.530234" lon="-92.831269"></trkpt><trkpt lat="35.530232" lon="-92.831436"></trkpt><trkpt lat="35.530328" lon="-92.831675"></trkpt><trkpt lat="35.530598" lon="-92.831939"></trkpt><trkpt lat="35.530831" lon="-92.832061"></trkpt><trkpt lat="35.531007" lon="-92.831943"></trkpt><trkpt lat="35.531182" lon="-92.832017"></trkpt><trkpt lat="35.531454" lon="-92.832043"></trkpt><trkpt lat="35.531765" lon="-92.832118"></trkpt><trkpt lat="35.531823" lon="-92.832095"></trkpt><trkpt lat="35.531903" lon="-92.831810"></trkpt><trkpt lat="35.531907" lon="-92.831215"></trkpt><trkpt lat="35.531948" lon="-92.830882"></trkpt><trkpt lat="35.532027" lon="-92.830788"></trkpt><trkpt lat="35.532144" lon="-92.830718"></trkpt><trkpt lat="35.532903" lon="-92.830583"></trkpt><trkpt lat="35.533330" lon="-92.830730"></trkpt><trkpt lat="35.533623" lon="-92.830685"></trkpt><trkpt lat="35.533624" lon="-92.830447"></trkpt><trkpt lat="35.533995" lon="-92.830237"></trkpt><trkpt lat="35.534132" lon="-92.830119"></trkpt><trkpt lat="35.534268" lon="-92.830121"></trkpt><trkpt lat="35.534462" lon="-92.830289"></trkpt><trkpt lat="35.534637" lon="-92.830291"></trkpt><trkpt lat="35.534696" lon="-92.830220"></trkpt><trkpt lat="35.534697" lon="-92.829959"></trkpt><trkpt lat="35.534388" lon="-92.829717"></trkpt><trkpt lat="35.533669" lon="-92.829543"></trkpt><trkpt lat="35.533281" lon="-92.829492"></trkpt><trkpt lat="35.533048" lon="-92.829418"></trkpt><trkpt lat="35.533010" lon="-92.829227"></trkpt><trkpt lat="35.532933" lon="-92.829155"></trkpt><trkpt lat="35.532797" lon="-92.829106"></trkpt><trkpt lat="35.532505" lon="-92.829103"></trkpt><trkpt lat="35.532370" lon="-92.829007"></trkpt><trkpt lat="35.532098" lon="-92.828909"></trkpt><trkpt lat="35.531748" lon="-92.828857"></trkpt><trkpt lat="35.531455" lon="-92.828973"></trkpt><trkpt lat="35.531261" lon="-92.828971"></trkpt><trkpt lat="35.531068" lon="-92.828684"></trkpt><trkpt lat="35.530640" lon="-92.828775"></trkpt><trkpt lat="35.530465" lon="-92.828701"></trkpt><trkpt lat="35.530408" lon="-92.828558"></trkpt><trkpt lat="35.530548" lon="-92.827964"></trkpt><trkpt lat="35.530647" lon="-92.827775"></trkpt><trkpt lat="35.530843" lon="-92.827539"></trkpt><trkpt lat="35.530961" lon="-92.827279"></trkpt><trkpt lat="35.530943" lon="-92.827088"></trkpt><trkpt lat="35.531003" lon="-92.826922"></trkpt><trkpt lat="35.531121" lon="-92.826733"></trkpt><trkpt lat="35.531316" lon="-92.826544"></trkpt><trkpt lat="35.531512" lon="-92.826427"></trkpt><trkpt lat="35.531628" lon="-92.826500"></trkpt><trkpt lat="35.531685" lon="-92.826715"></trkpt><trkpt lat="35.531801" lon="-92.826764"></trkpt><trkpt lat="35.531955" lon="-92.827075"></trkpt><trkpt lat="35.532150" lon="-92.827005"></trkpt><trkpt lat="35.532325" lon="-92.827007"></trkpt><trkpt lat="35.532616" lon="-92.827081"></trkpt><trkpt lat="35.532907" lon="-92.827299"></trkpt><trkpt lat="35.533102" lon="-92.827110"></trkpt><trkpt lat="35.533182" lon="-92.826921"></trkpt><trkpt lat="35.533513" lon="-92.826781"></trkpt><trkpt lat="35.533709" lon="-92.826593"></trkpt><trkpt lat="35.534157" lon="-92.826502"></trkpt><trkpt lat="35.534451" lon="-92.826220"></trkpt><trkpt lat="35.534645" lon="-92.826245"></trkpt><trkpt lat="35.535070" lon="-92.826678"></trkpt><trkpt lat="35.536044" lon="-92.826498"></trkpt><trkpt lat="35.536298" lon="-92.826358"></trkpt><trkpt lat="35.536474" lon="-92.826169"></trkpt><trkpt lat="35.536650" lon="-92.826123"></trkpt><trkpt lat="35.537155" lon="-92.826152"></trkpt><trkpt lat="35.537856" lon="-92.826136"></trkpt><trkpt lat="35.538324" lon="-92.825998"></trkpt><trkpt lat="35.538539" lon="-92.825738"></trkpt><trkpt lat="35.538638" lon="-92.825525"></trkpt><trkpt lat="35.538814" lon="-92.825360"></trkpt><trkpt lat="35.539068" lon="-92.825196"></trkpt><trkpt lat="35.539418" lon="-92.825223"></trkpt><trkpt lat="35.539823" lon="-92.825823"></trkpt><trkpt lat="35.539958" lon="-92.825919"></trkpt><trkpt lat="35.540153" lon="-92.825921"></trkpt><trkpt lat="35.540231" lon="-92.825851"></trkpt><trkpt lat="35.540252" lon="-92.825684"></trkpt><trkpt lat="35.540214" lon="-92.825589"></trkpt><trkpt lat="35.540039" lon="-92.825444"></trkpt><trkpt lat="35.539673" lon="-92.824917"></trkpt><trkpt lat="35.539448" lon="-92.824309"></trkpt><trkpt lat="35.539333" lon="-92.824237"></trkpt><trkpt lat="35.539236" lon="-92.824236"></trkpt><trkpt lat="35.538869" lon="-92.824397"></trkpt><trkpt lat="35.538734" lon="-92.824372"></trkpt><trkpt lat="35.538526" lon="-92.823851"></trkpt><trkpt lat="35.538508" lon="-92.823544"></trkpt><trkpt lat="35.537973" lon="-92.822926"></trkpt><trkpt lat="35.537896" lon="-92.822878"></trkpt><trkpt lat="35.537702" lon="-92.823017"></trkpt><trkpt lat="35.537414" lon="-92.822826"></trkpt><trkpt lat="35.537299" lon="-92.822801"></trkpt><trkpt lat="35.537105" lon="-92.822917"></trkpt><trkpt lat="35.536912" lon="-92.822938"></trkpt><trkpt lat="35.536855" lon="-92.822843"></trkpt><trkpt lat="35.536739" lon="-92.822937"></trkpt><trkpt lat="35.536565" lon="-92.822935"></trkpt><trkpt lat="35.536470" lon="-92.822840"></trkpt><trkpt lat="35.536412" lon="-92.822745"></trkpt><trkpt lat="35.536433" lon="-92.822580"></trkpt><trkpt lat="35.536550" lon="-92.822416"></trkpt><trkpt lat="35.536859" lon="-92.822277"></trkpt><trkpt lat="35.537091" lon="-92.822233"></trkpt><trkpt lat="35.537246" lon="-92.822140"></trkpt><trkpt lat="35.537326" lon="-92.821645"></trkpt><trkpt lat="35.537250" lon="-92.821456"></trkpt><trkpt lat="35.537173" lon="-92.821408"></trkpt><trkpt lat="35.536750" lon="-92.821286"></trkpt><trkpt lat="35.536558" lon="-92.821236"></trkpt><trkpt lat="35.536288" lon="-92.821234"></trkpt><trkpt lat="35.536134" lon="-92.821161"></trkpt><trkpt lat="35.536000" lon="-92.820971"></trkpt><trkpt lat="35.535888" lon="-92.820451"></trkpt><trkpt lat="35.535831" lon="-92.820403"></trkpt><trkpt lat="35.535696" lon="-92.820402"></trkpt><trkpt lat="35.535003" lon="-92.820253"></trkpt><trkpt lat="35.534831" lon="-92.819992"></trkpt><trkpt lat="35.534832" lon="-92.819874"></trkpt><trkpt lat="35.534717" lon="-92.819755"></trkpt><trkpt lat="35.534699" lon="-92.819519"></trkpt><trkpt lat="35.534758" lon="-92.819355"></trkpt><trkpt lat="35.534972" lon="-92.819121"></trkpt><trkpt lat="35.535591" lon="-92.818797"></trkpt><trkpt lat="35.535823" lon="-92.818752"></trkpt><trkpt lat="35.536131" lon="-92.818779"></trkpt><trkpt lat="35.536266" lon="-92.818710"></trkpt><trkpt lat="35.536381" lon="-92.818781"></trkpt><trkpt lat="35.536690" lon="-92.818808"></trkpt><trkpt lat="35.536960" lon="-92.818693"></trkpt><trkpt lat="35.537308" lon="-92.818649"></trkpt><trkpt lat="35.537693" lon="-92.818724"></trkpt><trkpt lat="35.537866" lon="-92.818773"></trkpt><trkpt lat="35.537884" lon="-92.818985"></trkpt><trkpt lat="35.537767" lon="-92.819197"></trkpt><trkpt lat="35.536648" lon="-92.819232"></trkpt><trkpt lat="35.536570" lon="-92.819349"></trkpt><trkpt lat="35.536279" lon="-92.819606"></trkpt><trkpt lat="35.536260" lon="-92.819653"></trkpt><trkpt lat="35.536297" lon="-92.819795"></trkpt><trkpt lat="35.536587" lon="-92.819821"></trkpt><trkpt lat="35.536932" lon="-92.820037"></trkpt><trkpt lat="35.537067" lon="-92.820086"></trkpt><trkpt lat="35.537395" lon="-92.819971"></trkpt><trkpt lat="35.537683" lon="-92.820163"></trkpt><trkpt lat="35.537836" lon="-92.820353"></trkpt><trkpt lat="35.537971" lon="-92.820425"></trkpt><trkpt lat="35.538337" lon="-92.820453"></trkpt><trkpt lat="35.538704" lon="-92.820338"></trkpt><trkpt lat="35.538723" lon="-92.820386"></trkpt><trkpt lat="35.538838" lon="-92.820410"></trkpt><trkpt lat="35.539033" lon="-92.820153"></trkpt><trkpt lat="35.538860" lon="-92.820057"></trkpt><trkpt lat="35.539077" lon="-92.819399"></trkpt><trkpt lat="35.539155" lon="-92.819234"></trkpt><trkpt lat="35.539408" lon="-92.818907"></trkpt><trkpt lat="35.539718" lon="-92.818650"></trkpt><trkpt lat="35.540239" lon="-92.818608"></trkpt><trkpt lat="35.540568" lon="-92.818423"></trkpt><trkpt lat="35.540860" lon="-92.818049"></trkpt><trkpt lat="35.541150" lon="-92.817816"></trkpt><trkpt lat="35.541345" lon="-92.817582"></trkpt><trkpt lat="35.541616" lon="-92.817325"></trkpt><trkpt lat="35.542235" lon="-92.817119"></trkpt><trkpt lat="35.542274" lon="-92.816954"></trkpt><trkpt lat="35.542391" lon="-92.816885"></trkpt><trkpt lat="35.542545" lon="-92.816933"></trkpt><trkpt lat="35.542702" lon="-92.816828"></trkpt><trkpt lat="35.542935" lon="-92.816630"></trkpt><trkpt lat="35.543146" lon="-92.816310"></trkpt><trkpt lat="35.543260" lon="-92.816093"></trkpt><trkpt lat="35.543242" lon="-92.816012"></trkpt><trkpt lat="35.543374" lon="-92.815830"></trkpt><trkpt lat="35.543676" lon="-92.815718"></trkpt><trkpt lat="35.543902" lon="-92.815479"></trkpt><trkpt lat="35.543979" lon="-92.815308"></trkpt><trkpt lat="35.544357" lon="-92.814829"></trkpt><trkpt lat="35.544411" lon="-92.813854"></trkpt><trkpt lat="35.544348" lon="-92.813451"></trkpt><trkpt lat="35.544154" lon="-92.813012"></trkpt><trkpt lat="35.544192" lon="-92.812921"></trkpt><trkpt lat="35.544155" lon="-92.812771"></trkpt><trkpt lat="35.544063" lon="-92.812598"></trkpt><trkpt lat="35.543969" lon="-92.812528"></trkpt><trkpt lat="35.543875" lon="-92.812573"></trkpt><trkpt lat="35.543241" lon="-92.813359"></trkpt><trkpt lat="35.542930" lon="-92.813563"></trkpt><trkpt lat="35.542816" lon="-92.813688"></trkpt><trkpt lat="35.541950" lon="-92.814035"></trkpt><trkpt lat="35.541764" lon="-92.813838"></trkpt><trkpt lat="35.541628" lon="-92.813044"></trkpt><trkpt lat="35.541536" lon="-92.812883"></trkpt><trkpt lat="35.541317" lon="-92.811916"></trkpt><trkpt lat="35.540820" lon="-92.811865"></trkpt><trkpt lat="35.540238" lon="-92.811870"></trkpt><trkpt lat="35.539993" lon="-92.811983"></trkpt><trkpt lat="35.539833" lon="-92.812016"></trkpt><trkpt lat="35.539635" lon="-92.812174"></trkpt><trkpt lat="35.539455" lon="-92.812402"></trkpt><trkpt lat="35.539314" lon="-92.812504"></trkpt><trkpt lat="35.539311" lon="-92.812929"></trkpt><trkpt lat="35.539197" lon="-92.813100"></trkpt><trkpt lat="35.538952" lon="-92.813259"></trkpt><trkpt lat="35.538577" lon="-92.813151"></trkpt><trkpt lat="35.538408" lon="-92.813207"></trkpt><trkpt lat="35.538086" lon="-92.813525"></trkpt><trkpt lat="35.537709" lon="-92.813786"></trkpt><trkpt lat="35.537454" lon="-92.814070"></trkpt><trkpt lat="35.537198" lon="-92.814401"></trkpt><trkpt lat="35.537160" lon="-92.814492"></trkpt><trkpt lat="35.536905" lon="-92.814719"></trkpt><trkpt lat="35.536754" lon="-92.814798"></trkpt><trkpt lat="35.536641" lon="-92.814900"></trkpt><trkpt lat="35.536396" lon="-92.815013"></trkpt><trkpt lat="35.536180" lon="-92.815068"></trkpt><trkpt lat="35.535917" lon="-92.815031"></trkpt><trkpt lat="35.535815" lon="-92.814800"></trkpt><trkpt lat="35.535780" lon="-92.814444"></trkpt><trkpt lat="35.535643" lon="-92.813972"></trkpt><trkpt lat="35.535418" lon="-92.813900"></trkpt><trkpt lat="35.535249" lon="-92.813922"></trkpt><trkpt lat="35.535183" lon="-92.813967"></trkpt><trkpt lat="35.535077" lon="-92.814322"></trkpt><trkpt lat="35.535047" lon="-92.814643"></trkpt><trkpt lat="35.534962" lon="-92.814734"></trkpt><trkpt lat="35.534754" lon="-92.814858"></trkpt><trkpt lat="35.534538" lon="-92.814948"></trkpt><trkpt lat="35.534313" lon="-92.814911"></trkpt><trkpt lat="35.533741" lon="-92.814745"></trkpt><trkpt lat="35.533640" lon="-92.814457"></trkpt><trkpt lat="35.533623" lon="-92.814238"></trkpt><trkpt lat="35.533671" lon="-92.814032"></trkpt><trkpt lat="35.533776" lon="-92.813803"></trkpt><trkpt lat="35.533965" lon="-92.813633"></trkpt><trkpt lat="35.534209" lon="-92.813532"></trkpt><trkpt lat="35.534669" lon="-92.813548"></trkpt><trkpt lat="35.535016" lon="-92.813632"></trkpt><trkpt lat="35.535185" lon="-92.813599"></trkpt><trkpt lat="35.535393" lon="-92.813406"></trkpt><trkpt lat="35.535479" lon="-92.813177"></trkpt><trkpt lat="35.535499" lon="-92.812959"></trkpt><trkpt lat="35.535342" lon="-92.812556"></trkpt><trkpt lat="35.535194" lon="-92.812325"></trkpt><trkpt lat="35.535025" lon="-92.812243"></trkpt><trkpt lat="35.534884" lon="-92.812299"></trkpt><trkpt lat="35.534715" lon="-92.812297"></trkpt><trkpt lat="35.534548" lon="-92.812077"></trkpt><trkpt lat="35.534521" lon="-92.811882"></trkpt><trkpt lat="35.534569" lon="-92.811710"></trkpt><trkpt lat="35.534882" lon="-92.811196"></trkpt><trkpt lat="35.534977" lon="-92.811105"></trkpt><trkpt lat="35.535061" lon="-92.811129"></trkpt><trkpt lat="35.535425" lon="-92.811489"></trkpt><trkpt lat="35.535668" lon="-92.811595"></trkpt><trkpt lat="35.536138" lon="-92.811576"></trkpt><trkpt lat="35.536541" lon="-92.811672"></trkpt><trkpt lat="35.537057" lon="-92.811700"></trkpt><trkpt lat="35.537311" lon="-92.811600"></trkpt><trkpt lat="35.537519" lon="-92.811338"></trkpt><trkpt lat="35.537703" lon="-92.810547"></trkpt><trkpt lat="35.537638" lon="-92.810363"></trkpt><trkpt lat="35.537163" lon="-92.809899"></trkpt><trkpt lat="35.537050" lon="-92.809886"></trkpt><trkpt lat="35.536710" lon="-92.810147"></trkpt><trkpt lat="35.536457" lon="-92.810144"></trkpt><trkpt lat="35.535990" lon="-92.809818"></trkpt><trkpt lat="35.536019" lon="-92.809646"></trkpt><trkpt lat="35.536124" lon="-92.809475"></trkpt><trkpt lat="35.536359" lon="-92.809397"></trkpt><trkpt lat="35.536444" lon="-92.809248"></trkpt><trkpt lat="35.536408" lon="-92.809030"></trkpt><trkpt lat="35.536334" lon="-92.808914"></trkpt><trkpt lat="35.536202" lon="-92.808901"></trkpt><trkpt lat="35.536090" lon="-92.808831"></trkpt><trkpt lat="35.535585" lon="-92.808654"></trkpt><trkpt lat="35.535567" lon="-92.808458"></trkpt><trkpt lat="35.535643" lon="-92.808310"></trkpt><trkpt lat="35.536012" lon="-92.807958"></trkpt><trkpt lat="35.536078" lon="-92.807797"></trkpt><trkpt lat="35.536052" lon="-92.807579"></trkpt><trkpt lat="35.535912" lon="-92.807428"></trkpt><trkpt lat="35.535837" lon="-92.807393"></trkpt><trkpt lat="35.535753" lon="-92.807392"></trkpt><trkpt lat="35.535668" lon="-92.807449"></trkpt><trkpt lat="35.535421" lon="-92.807791"></trkpt><trkpt lat="35.535278" lon="-92.808123"></trkpt><trkpt lat="35.535247" lon="-92.808536"></trkpt><trkpt lat="35.535153" lon="-92.808684"></trkpt><trkpt lat="35.535133" lon="-92.808856"></trkpt><trkpt lat="35.535085" lon="-92.808936"></trkpt><trkpt lat="35.534315" lon="-92.809066"></trkpt><trkpt lat="35.534278" lon="-92.808893"></trkpt><trkpt lat="35.534336" lon="-92.808676"></trkpt><trkpt lat="35.534262" lon="-92.808560"></trkpt><trkpt lat="35.534216" lon="-92.808353"></trkpt><trkpt lat="35.534363" lon="-92.807390"></trkpt><trkpt lat="35.534647" lon="-92.807014"></trkpt><trkpt lat="35.534807" lon="-92.806958"></trkpt><trkpt lat="35.534949" lon="-92.806822"></trkpt><trkpt lat="35.535148" lon="-92.806536"></trkpt><trkpt lat="35.535168" lon="-92.806422"></trkpt><trkpt lat="35.535094" lon="-92.806237"></trkpt><trkpt lat="35.534982" lon="-92.806179"></trkpt><trkpt lat="35.534727" lon="-92.806302"></trkpt><trkpt lat="35.534171" lon="-92.806664"></trkpt><trkpt lat="35.534020" lon="-92.806858"></trkpt><trkpt lat="35.534028" lon="-92.806996"></trkpt><trkpt lat="35.533801" lon="-92.807281"></trkpt><trkpt lat="35.533688" lon="-92.807280"></trkpt><trkpt lat="35.533650" lon="-92.807337"></trkpt><trkpt lat="35.533649" lon="-92.807543"></trkpt><trkpt lat="35.533507" lon="-92.807737"></trkpt><trkpt lat="35.533422" lon="-92.807794"></trkpt><trkpt lat="35.533263" lon="-92.807712"></trkpt><trkpt lat="35.532684" lon="-92.807178"></trkpt><trkpt lat="35.532609" lon="-92.807166"></trkpt><trkpt lat="35.532346" lon="-92.807220"></trkpt><trkpt lat="35.532224" lon="-92.807299"></trkpt><trkpt lat="35.532241" lon="-92.807483"></trkpt><trkpt lat="35.532388" lon="-92.807990"></trkpt><trkpt lat="35.532469" lon="-92.808462"></trkpt><trkpt lat="35.532543" lon="-92.808681"></trkpt><trkpt lat="35.532701" lon="-92.808969"></trkpt><trkpt lat="35.532643" lon="-92.809210"></trkpt><trkpt lat="35.532520" lon="-92.809243"></trkpt><trkpt lat="35.532314" lon="-92.809218"></trkpt><trkpt lat="35.532173" lon="-92.809297"></trkpt><trkpt lat="35.532105" lon="-92.809561"></trkpt><trkpt lat="35.532039" lon="-92.809663"></trkpt><trkpt lat="35.531898" lon="-92.809731"></trkpt><trkpt lat="35.531362" lon="-92.809840"></trkpt><trkpt lat="35.531135" lon="-92.809999"></trkpt><trkpt lat="35.530993" lon="-92.810192"></trkpt><trkpt lat="35.530726" lon="-92.810810"></trkpt><trkpt lat="35.530743" lon="-92.811097"></trkpt><trkpt lat="35.530799" lon="-92.811178"></trkpt><trkpt lat="35.531005" lon="-92.811203"></trkpt><trkpt lat="35.531654" lon="-92.811083"></trkpt><trkpt lat="35.531737" lon="-92.811210"></trkpt><trkpt lat="35.531755" lon="-92.811383"></trkpt><trkpt lat="35.531716" lon="-92.811601"></trkpt><trkpt lat="35.531338" lon="-92.812045"></trkpt><trkpt lat="35.531158" lon="-92.812169"></trkpt><trkpt lat="35.530782" lon="-92.812349"></trkpt><trkpt lat="35.530679" lon="-92.812268"></trkpt><trkpt lat="35.530428" lon="-92.811886"></trkpt><trkpt lat="35.530329" lon="-92.811323"></trkpt><trkpt lat="35.530115" lon="-92.810976"></trkpt><trkpt lat="35.529994" lon="-92.810883"></trkpt><trkpt lat="35.529948" lon="-92.810756"></trkpt><trkpt lat="35.529959" lon="-92.810446"></trkpt><trkpt lat="35.530167" lon="-92.810264"></trkpt><trkpt lat="35.530327" lon="-92.810209"></trkpt><trkpt lat="35.530374" lon="-92.810106"></trkpt><trkpt lat="35.530375" lon="-92.809991"></trkpt><trkpt lat="35.530311" lon="-92.809761"></trkpt><trkpt lat="35.530295" lon="-92.809405"></trkpt><trkpt lat="35.529936" lon="-92.808344"></trkpt><trkpt lat="35.529966" lon="-92.808012"></trkpt><trkpt lat="35.530004" lon="-92.807920"></trkpt><trkpt lat="35.529940" lon="-92.807724"></trkpt><trkpt lat="35.530286" lon="-92.806453"></trkpt><trkpt lat="35.530607" lon="-92.806158"></trkpt><trkpt lat="35.530852" lon="-92.806068"></trkpt><trkpt lat="35.530900" lon="-92.805851"></trkpt><trkpt lat="35.531015" lon="-92.805588"></trkpt><trkpt lat="35.531223" lon="-92.805395"></trkpt><trkpt lat="35.531744" lon="-92.804676"></trkpt><trkpt lat="35.532018" lon="-92.804415"></trkpt><trkpt lat="35.532274" lon="-92.803912"></trkpt><trkpt lat="35.532840" lon="-92.803550"></trkpt><trkpt lat="35.533156" lon="-92.802937"></trkpt><trkpt lat="35.533129" lon="-92.802831"></trkpt><trkpt lat="35.532883" lon="-92.802791"></trkpt><trkpt lat="35.531691" lon="-92.803296"></trkpt><trkpt lat="35.531011" lon="-92.803888"></trkpt><trkpt lat="35.530655" lon="-92.804435"></trkpt><trkpt lat="35.530452" lon="-92.804628"></trkpt><trkpt lat="35.530295" lon="-92.804655"></trkpt><trkpt lat="35.530050" lon="-92.804878"></trkpt><trkpt lat="35.529648" lon="-92.805085"></trkpt><trkpt lat="35.529566" lon="-92.805252"></trkpt><trkpt lat="35.529273" lon="-92.805539"></trkpt><trkpt lat="35.529043" lon="-92.805647"></trkpt><trkpt lat="35.528832" lon="-92.805814"></trkpt><trkpt lat="35.528572" lon="-92.805819"></trkpt><trkpt lat="35.528415" lon="-92.805869"></trkpt><trkpt lat="35.528221" lon="-92.805820"></trkpt><trkpt lat="35.527780" lon="-92.805942"></trkpt><trkpt lat="35.527725" lon="-92.806182"></trkpt><trkpt lat="35.527745" lon="-92.806399"></trkpt><trkpt lat="35.527629" lon="-92.806613"></trkpt><trkpt lat="35.527515" lon="-92.806705"></trkpt><trkpt lat="35.527452" lon="-92.806719"></trkpt><trkpt lat="35.527261" lon="-92.806679"></trkpt><trkpt lat="35.527129" lon="-92.806713"></trkpt><trkpt lat="35.527047" lon="-92.806658"></trkpt><trkpt lat="35.526906" lon="-92.806475"></trkpt><trkpt lat="35.526761" lon="-92.806439"></trkpt><trkpt lat="35.526588" lon="-92.806148"></trkpt><trkpt lat="35.526478" lon="-92.806048"></trkpt><trkpt lat="35.526152" lon="-92.806029"></trkpt><trkpt lat="35.526037" lon="-92.805947"></trkpt><trkpt lat="35.525987" lon="-92.805950"></trkpt><trkpt lat="35.525856" lon="-92.806135"></trkpt><trkpt lat="35.525687" lon="-92.806271"></trkpt><trkpt lat="35.525279" lon="-92.806388"></trkpt><trkpt lat="35.525152" lon="-92.806571"></trkpt><trkpt lat="35.524947" lon="-92.806667"></trkpt><trkpt lat="35.524843" lon="-92.806785"></trkpt><trkpt lat="35.524735" lon="-92.806846"></trkpt><trkpt lat="35.524663" lon="-92.806826"></trkpt><trkpt lat="35.524568" lon="-92.806709"></trkpt><trkpt lat="35.524551" lon="-92.806581"></trkpt><trkpt lat="35.524819" lon="-92.806191"></trkpt><trkpt lat="35.524610" lon="-92.805697"></trkpt><trkpt lat="35.524573" lon="-92.805647"></trkpt><trkpt lat="35.524462" lon="-92.805718"></trkpt><trkpt lat="35.524302" lon="-92.805656"></trkpt><trkpt lat="35.524185" lon="-92.805496"></trkpt><trkpt lat="35.523908" lon="-92.805522"></trkpt><trkpt lat="35.523842" lon="-92.805501"></trkpt><trkpt lat="35.523625" lon="-92.805611"></trkpt><trkpt lat="35.523586" lon="-92.805688"></trkpt><trkpt lat="35.523677" lon="-92.806221"></trkpt><trkpt lat="35.523785" lon="-92.806474"></trkpt><trkpt lat="35.523837" lon="-92.806710"></trkpt><trkpt lat="35.523778" lon="-92.806855"></trkpt><trkpt lat="35.523542" lon="-92.807046"></trkpt><trkpt lat="35.523408" lon="-92.807205"></trkpt><trkpt lat="35.523398" lon="-92.807269"></trkpt><trkpt lat="35.523250" lon="-92.807415"></trkpt><trkpt lat="35.523087" lon="-92.807479"></trkpt><trkpt lat="35.522891" lon="-92.807482"></trkpt><trkpt lat="35.522852" lon="-92.807456"></trkpt><trkpt lat="35.522800" lon="-92.807584"></trkpt><trkpt lat="35.522725" lon="-92.807593"></trkpt><trkpt lat="35.522373" lon="-92.807513"></trkpt><trkpt lat="35.522159" lon="-92.807388"></trkpt><trkpt lat="35.521964" lon="-92.807352"></trkpt><trkpt lat="35.521861" lon="-92.807297"></trkpt><trkpt lat="35.521858" lon="-92.807082"></trkpt><trkpt lat="35.521781" lon="-92.806917"></trkpt><trkpt lat="35.521750" lon="-92.806740"></trkpt><trkpt lat="35.521792" lon="-92.806568"></trkpt><trkpt lat="35.521747" lon="-92.806372"></trkpt><trkpt lat="35.521688" lon="-92.806259"></trkpt><trkpt lat="35.521474" lon="-92.806028"></trkpt><trkpt lat="35.521444" lon="-92.805832"></trkpt><trkpt lat="35.521257" lon="-92.805483"></trkpt><trkpt lat="35.521072" lon="-92.805367"></trkpt><trkpt lat="35.520761" lon="-92.805632"></trkpt><trkpt lat="35.520560" lon="-92.805906"></trkpt><trkpt lat="35.520242" lon="-92.806210"></trkpt><trkpt lat="35.519875" lon="-92.806217"></trkpt><trkpt lat="35.519747" lon="-92.806280"></trkpt><trkpt lat="35.519641" lon="-92.806406"></trkpt><trkpt lat="35.519472" lon="-92.806460"></trkpt><trkpt lat="35.519360" lon="-92.806728"></trkpt><trkpt lat="35.519359" lon="-92.806782"></trkpt><trkpt lat="35.519709" lon="-92.807374"></trkpt><trkpt lat="35.519652" lon="-92.807927"></trkpt><trkpt lat="35.519566" lon="-92.808068"></trkpt><trkpt lat="35.519606" lon="-92.808395"></trkpt><trkpt lat="35.519713" lon="-92.808402"></trkpt><trkpt lat="35.519770" lon="-92.808369"></trkpt><trkpt lat="35.519972" lon="-92.808453"></trkpt><trkpt lat="35.520223" lon="-92.808618"></trkpt><trkpt lat="35.520303" lon="-92.808760"></trkpt><trkpt lat="35.520234" lon="-92.808914"></trkpt><trkpt lat="35.520051" lon="-92.809002"></trkpt><trkpt lat="35.519958" lon="-92.809082"></trkpt><trkpt lat="35.519796" lon="-92.809084"></trkpt><trkpt lat="35.519603" lon="-92.808973"></trkpt><trkpt lat="35.519532" lon="-92.808824"></trkpt><trkpt lat="35.519444" lon="-92.808779"></trkpt><trkpt lat="35.519396" lon="-92.808703"></trkpt><trkpt lat="35.519241" lon="-92.808578"></trkpt><trkpt lat="35.519153" lon="-92.808581"></trkpt><trkpt lat="35.518944" lon="-92.808709"></trkpt><trkpt lat="35.518909" lon="-92.808847"></trkpt><trkpt lat="35.518758" lon="-92.808848"></trkpt><trkpt lat="35.518622" lon="-92.808895"></trkpt><trkpt lat="35.518545" lon="-92.808968"></trkpt><trkpt lat="35.518264" lon="-92.808954"></trkpt><trkpt lat="35.518257" lon="-92.809010"></trkpt><trkpt lat="35.518160" lon="-92.809063"></trkpt><trkpt lat="35.517951" lon="-92.809066"></trkpt><trkpt lat="35.517826" lon="-92.809038"></trkpt><trkpt lat="35.517776" lon="-92.808885"></trkpt><trkpt lat="35.517363" lon="-92.809131"></trkpt><trkpt lat="35.517184" lon="-92.809183"></trkpt><trkpt lat="35.516878" lon="-92.809397"></trkpt><trkpt lat="35.516779" lon="-92.809407"></trkpt><trkpt lat="35.516650" lon="-92.809490"></trkpt><trkpt lat="35.516564" lon="-92.809692"></trkpt><trkpt lat="35.516525" lon="-92.809930"></trkpt><trkpt lat="35.516418" lon="-92.810114"></trkpt><trkpt lat="35.516291" lon="-92.810147"></trkpt><trkpt lat="35.516227" lon="-92.810119"></trkpt><trkpt lat="35.516017" lon="-92.810150"></trkpt><trkpt lat="35.515923" lon="-92.810235"></trkpt><trkpt lat="35.515798" lon="-92.810259"></trkpt><trkpt lat="35.515546" lon="-92.810448"></trkpt><trkpt lat="35.515483" lon="-92.810567"></trkpt><trkpt lat="35.515279" lon="-92.810750"></trkpt><trkpt lat="35.515143" lon="-92.810770"></trkpt><trkpt lat="35.514940" lon="-92.810875"></trkpt><trkpt lat="35.514765" lon="-92.811036"></trkpt><trkpt lat="35.514462" lon="-92.811650"></trkpt><trkpt lat="35.514449" lon="-92.811743"></trkpt><trkpt lat="35.514521" lon="-92.812082"></trkpt><trkpt lat="35.514647" lon="-92.812282"></trkpt><trkpt lat="35.514628" lon="-92.812394"></trkpt><trkpt lat="35.514412" lon="-92.812543"></trkpt><trkpt lat="35.513925" lon="-92.813005"></trkpt><trkpt lat="35.513819" lon="-92.812964"></trkpt><trkpt lat="35.513336" lon="-92.812943"></trkpt><trkpt lat="35.513291" lon="-92.813056"></trkpt><trkpt lat="35.512806" lon="-92.813186"></trkpt><trkpt lat="35.512381" lon="-92.813086"></trkpt><trkpt lat="35.512139" lon="-92.813216"></trkpt><trkpt lat="35.511962" lon="-92.813422"></trkpt><trkpt lat="35.511799" lon="-92.813535"></trkpt><trkpt lat="35.511694" lon="-92.813512"></trkpt><trkpt lat="35.511500" lon="-92.813659"></trkpt><trkpt lat="35.511184" lon="-92.813787"></trkpt><trkpt lat="35.510990" lon="-92.813801"></trkpt></trkseg></trk><trk><name>T160 BR5F828</name><trkseg><trkpt lat="36.877596" lon="-93.126870"></trkpt><trkpt lat="36.877749" lon="-93.126999"></trkpt><trkpt lat="36.877823" lon="-93.127172"></trkpt><trkpt lat="36.877872" lon="-93.127155"></trkpt><trkpt lat="36.877968" lon="-93.127013"></trkpt><trkpt lat="36.877982" lon="-93.126846"></trkpt><trkpt lat="36.878036" lon="-93.126707"></trkpt><trkpt lat="36.878172" lon="-93.126586"></trkpt><trkpt lat="36.878194" lon="-93.126523"></trkpt><trkpt lat="36.878249" lon="-93.126502"></trkpt><trkpt lat="36.878306" lon="-93.126542"></trkpt><trkpt lat="36.878363" lon="-93.126699"></trkpt><trkpt lat="36.878347" lon="-93.126897"></trkpt><trkpt lat="36.878395" lon="-93.127150"></trkpt><trkpt lat="36.878371" lon="-93.127254"></trkpt><trkpt lat="36.878456" lon="-93.127495"></trkpt><trkpt lat="36.878377" lon="-93.127779"></trkpt><trkpt lat="36.878351" lon="-93.127996"></trkpt><trkpt lat="36.878378" lon="-93.128118"></trkpt><trkpt lat="36.878226" lon="-93.128315"></trkpt><trkpt lat="36.877990" lon="-93.128534"></trkpt><trkpt lat="36.877915" lon="-93.128663"></trkpt><trkpt lat="36.877919" lon="-93.128739"></trkpt><trkpt lat="36.877765" lon="-93.128918"></trkpt><trkpt lat="36.877752" lon="-93.129005"></trkpt><trkpt lat="36.877701" lon="-93.129061"></trkpt><trkpt lat="36.877572" lon="-93.129109"></trkpt><trkpt lat="36.877475" lon="-93.129267"></trkpt><trkpt lat="36.877272" lon="-93.129301"></trkpt><trkpt lat="36.877016" lon="-93.129446"></trkpt><trkpt lat="36.876795" lon="-93.129506"></trkpt><trkpt lat="36.876765" lon="-93.129553"></trkpt><trkpt lat="36.876787" lon="-93.129588"></trkpt><trkpt lat="36.876996" lon="-93.129721"></trkpt><trkpt lat="36.876996" lon="-93.129782"></trkpt><trkpt lat="36.876954" lon="-93.129831"></trkpt><trkpt lat="36.876630" lon="-93.129850"></trkpt><trkpt lat="36.876474" lon="-93.129908"></trkpt><trkpt lat="36.876386" lon="-93.129896"></trkpt><trkpt lat="36.876388" lon="-93.130054"></trkpt><trkpt lat="36.876285" lon="-93.130106"></trkpt><trkpt lat="36.876223" lon="-93.130054"></trkpt><trkpt lat="36.876180" lon="-93.129930"></trkpt><trkpt lat="36.876053" lon="-93.129816"></trkpt><trkpt lat="36.875968" lon="-93.129598"></trkpt><trkpt lat="36.875908" lon="-93.129526"></trkpt><trkpt lat="36.875923" lon="-93.129321"></trkpt><trkpt lat="36.875862" lon="-93.129238"></trkpt><trkpt lat="36.875824" lon="-93.129068"></trkpt><trkpt lat="36.875844" lon="-93.129031"></trkpt><trkpt lat="36.875778" lon="-93.128866"></trkpt><trkpt lat="36.875856" lon="-93.128530"></trkpt><trkpt lat="36.875964" lon="-93.128274"></trkpt><trkpt lat="36.875917" lon="-93.128166"></trkpt><trkpt lat="36.875676" lon="-93.127933"></trkpt><trkpt lat="36.875497" lon="-93.127546"></trkpt><trkpt lat="36.875412" lon="-93.127165"></trkpt><trkpt lat="36.875478" lon="-93.126933"></trkpt><trkpt lat="36.875628" lon="-93.126738"></trkpt><trkpt lat="36.875832" lon="-93.126613"></trkpt><trkpt lat="36.875907" lon="-93.126600"></trkpt><trkpt lat="36.876159" lon="-93.126660"></trkpt><trkpt lat="36.876499" lon="-93.126622"></trkpt><trkpt lat="36.876608" lon="-93.126551"></trkpt><trkpt lat="36.876660" lon="-93.126574"></trkpt><trkpt lat="36.876757" lon="-93.126558"></trkpt><trkpt lat="36.876804" lon="-93.126468"></trkpt><trkpt lat="36.877079" lon="-93.126358"></trkpt><trkpt lat="36.877130" lon="-93.126387"></trkpt><trkpt lat="36.877288" lon="-93.126390"></trkpt><trkpt lat="36.877369" lon="-93.126434"></trkpt><trkpt lat="36.877393" lon="-93.126492"></trkpt><trkpt lat="36.877452" lon="-93.126496"></trkpt><trkpt lat="36.877526" lon="-93.126785"></trkpt><trkpt lat="36.877596" lon="-93.126870"></trkpt><trkpt lat="36.877778" lon="-93.126278"></trkpt><trkpt lat="36.878034" lon="-93.125751"></trkpt><trkpt lat="36.878201" lon="-93.124897"></trkpt><trkpt lat="36.878399" lon="-93.124268"></trkpt><trkpt lat="36.878449" lon="-93.124001"></trkpt><trkpt lat="36.878493" lon="-93.123734"></trkpt><trkpt lat="36.878500" lon="-93.123333"></trkpt><trkpt lat="36.878426" lon="-93.122917"></trkpt><trkpt lat="36.878307" lon="-93.122570"></trkpt><trkpt lat="36.878276" lon="-93.122235"></trkpt><trkpt lat="36.878475" lon="-93.121578"></trkpt><trkpt lat="36.878604" lon="-93.121377"></trkpt><trkpt lat="36.878666" lon="-93.121161"></trkpt><trkpt lat="36.878894" lon="-93.121016"></trkpt><trkpt lat="36.879056" lon="-93.120871"></trkpt><trkpt lat="36.879332" lon="-93.120617"></trkpt><trkpt lat="36.879633" lon="-93.120270"></trkpt><trkpt lat="36.880011" lon="-93.119940"></trkpt><trkpt lat="36.880622" lon="-93.119602"></trkpt><trkpt lat="36.880699" lon="-93.119514"></trkpt><trkpt lat="36.880741" lon="-93.119370"></trkpt><trkpt lat="36.880685" lon="-93.119104"></trkpt><trkpt lat="36.880709" lon="-93.119000"></trkpt><trkpt lat="36.880573" lon="-93.118432"></trkpt><trkpt lat="36.880542" lon="-93.118135"></trkpt><trkpt lat="36.880546" lon="-93.117956"></trkpt><trkpt lat="36.880673" lon="-93.117397"></trkpt><trkpt lat="36.880567" lon="-93.116619"></trkpt><trkpt lat="36.880447" lon="-93.116364"></trkpt><trkpt lat="36.880260" lon="-93.116162"></trkpt><trkpt lat="36.879882" lon="-93.115606"></trkpt><trkpt lat="36.879855" lon="-93.115521"></trkpt><trkpt lat="36.879877" lon="-93.115385"></trkpt><trkpt lat="36.879932" lon="-93.115241"></trkpt><trkpt lat="36.880027" lon="-93.115110"></trkpt><trkpt lat="36.880197" lon="-93.114959"></trkpt><trkpt lat="36.880443" lon="-93.114812"></trkpt><trkpt lat="36.880539" lon="-93.114809"></trkpt><trkpt lat="36.880792" lon="-93.114878"></trkpt><trkpt lat="36.881012" lon="-93.114999"></trkpt><trkpt lat="36.881241" lon="-93.115449"></trkpt><trkpt lat="36.881573" lon="-93.115724"></trkpt><trkpt lat="36.881721" lon="-93.116077"></trkpt><trkpt lat="36.882038" lon="-93.116217"></trkpt><trkpt lat="36.882389" lon="-93.116251"></trkpt><trkpt lat="36.882625" lon="-93.116146"></trkpt><trkpt lat="36.882896" lon="-93.116116"></trkpt><trkpt lat="36.883457" lon="-93.115913"></trkpt><trkpt lat="36.883739" lon="-93.115738"></trkpt><trkpt lat="36.883954" lon="-93.115712"></trkpt><trkpt lat="36.884375" lon="-93.115814"></trkpt><trkpt lat="36.884740" lon="-93.115715"></trkpt><trkpt lat="36.885277" lon="-93.115815"></trkpt><trkpt lat="36.885398" lon="-93.115779"></trkpt><trkpt lat="36.885722" lon="-93.115346"></trkpt><trkpt lat="36.886027" lon="-93.115226"></trkpt><trkpt lat="36.886486" lon="-93.115174"></trkpt><trkpt lat="36.887372" lon="-93.115482"></trkpt><trkpt lat="36.888242" lon="-93.114000"></trkpt><trkpt lat="36.888460" lon="-93.113940"></trkpt><trkpt lat="36.888651" lon="-93.113944"></trkpt><trkpt lat="36.889201" lon="-93.114068"></trkpt><trkpt lat="36.890327" lon="-93.112483"></trkpt><trkpt lat="36.892517" lon="-93.111567"></trkpt><trkpt lat="36.892930" lon="-93.111318"></trkpt></trkseg></trk><trk><name>T161 BR5F828</name><trkseg><trkpt lat="36.902572" lon="-93.108293"></trkpt><trkpt lat="36.902659" lon="-93.108293"></trkpt><trkpt lat="36.902763" lon="-93.108348"></trkpt><trkpt lat="36.903008" lon="-93.108574"></trkpt><trkpt lat="36.903414" lon="-93.108699"></trkpt><trkpt lat="36.903881" lon="-93.108662"></trkpt><trkpt lat="36.903954" lon="-93.108607"></trkpt><trkpt lat="36.904129" lon="-93.108587"></trkpt><trkpt lat="36.904516" lon="-93.108943"></trkpt><trkpt lat="36.904790" lon="-93.109145"></trkpt><trkpt lat="36.904983" lon="-93.109216"></trkpt><trkpt lat="36.905281" lon="-93.109400"></trkpt><trkpt lat="36.905436" lon="-93.109420"></trkpt><trkpt lat="36.905711" lon="-93.109410"></trkpt><trkpt lat="36.905891" lon="-93.109222"></trkpt><trkpt lat="36.906303" lon="-93.109020"></trkpt><trkpt lat="36.906615" lon="-93.109007"></trkpt><trkpt lat="36.907117" lon="-93.108760"></trkpt><trkpt lat="36.907663" lon="-93.108720"></trkpt><trkpt lat="36.907839" lon="-93.108825"></trkpt><trkpt lat="36.907983" lon="-93.109005"></trkpt><trkpt lat="36.908002" lon="-93.109163"></trkpt><trkpt lat="36.908146" lon="-93.109179"></trkpt><trkpt lat="36.908275" lon="-93.109149"></trkpt><trkpt lat="36.908392" lon="-93.109205"></trkpt><trkpt lat="36.908420" lon="-93.109363"></trkpt><trkpt lat="36.908296" lon="-93.109584"></trkpt><trkpt lat="36.908338" lon="-93.109688"></trkpt><trkpt lat="36.908451" lon="-93.109723"></trkpt><trkpt lat="36.908667" lon="-93.109954"></trkpt><trkpt lat="36.908747" lon="-93.109982"></trkpt><trkpt lat="36.908797" lon="-93.109977"></trkpt><trkpt lat="36.908909" lon="-93.109882"></trkpt><trkpt lat="36.909061" lon="-93.109865"></trkpt><trkpt lat="36.909050" lon="-93.110026"></trkpt><trkpt lat="36.908999" lon="-93.110088"></trkpt><trkpt lat="36.908968" lon="-93.110224"></trkpt><trkpt lat="36.909010" lon="-93.110274"></trkpt><trkpt lat="36.909019" lon="-93.110373"></trkpt><trkpt lat="36.909174" lon="-93.110605"></trkpt><trkpt lat="36.909269" lon="-93.110681"></trkpt><trkpt lat="36.909251" lon="-93.110698"></trkpt><trkpt lat="36.909349" lon="-93.110873"></trkpt></trkseg></trk></gpx>