<?xml version='1.0' encoding='utf-8'?>
<gpx xmlns="http://www.topografix.com/GPX/1/1" xmlns:xsi="http://www.w3.org/2001/XMLSchema-instance" version="1.1" creator="Bob's Motorcycle Trails" xsi:schemaLocation="http://www.topografix.com/GPX/1/1 http://www.topografix.com/GPX/1/1/gpx.xsd"><trk><name>T001 LOC1647</name><trkseg><trkpt lat="41.421485" lon="-78.885795"></trkpt><trkpt lat="41.421457" lon="-78.885986"></trkpt><trkpt lat="41.421230" lon="-78.886287"></trkpt><trkpt lat="41.420918" lon="-78.886469"></trkpt><trkpt lat="41.420671" lon="-78.886533"></trkpt><trkpt lat="41.419986" lon="-78.887162"></trkpt><trkpt lat="41.419928" lon="-78.887538"></trkpt><trkpt lat="41.419831" lon="-78.887638"></trkpt><trkpt lat="41.419750" lon="-78.888000"></trkpt><trkpt lat="41.419423" lon="-78.888539"></trkpt><trkpt lat="41.419164" lon="-78.889658"></trkpt><trkpt lat="41.419088" lon="-78.889815"></trkpt><trkpt lat="41.418680" lon="-78.890068"></trkpt><trkpt lat="41.418709" lon="-78.890618"></trkpt><trkpt lat="41.418629" lon="-78.891203"></trkpt><trkpt lat="41.418658" lon="-78.891536"></trkpt><trkpt lat="41.418774" lon="-78.891866"></trkpt><trkpt lat="41.419084" lon="-78.892367"></trkpt><trkpt lat="41.419792" lon="-78.892764"></trkpt><trkpt lat="41.420210" lon="-78.893327"></trkpt><trkpt lat="41.420581" lon="-78.893436"></trkpt><trkpt lat="41.421268" lon="-78.894573"></trkpt><trkpt lat="41.421434" lon="-78.894710"></trkpt><trkpt lat="41.421825" lon="-78.894641"></trkpt><trkpt lat="41.422808" lon="-78.894917"></trkpt><trkpt lat="41.423798" lon="-78.895518"></trkpt><trkpt lat="41.424448" lon="-78.895451"></trkpt><trkpt lat="41.424750" lon="-78.895305"></trkpt><trkpt lat="41.424959" lon="-78.895283"></trkpt><trkpt lat="41.425086" lon="-78.894991"></trkpt><trkpt lat="41.425409" lon="-78.894710"></trkpt><trkpt lat="41.426927" lon="-78.894908"></trkpt><trkpt lat="41.427176" lon="-78.895028"></trkpt><trkpt lat="41.427738" lon="-78.895473"></trkpt><trkpt lat="41.427955" lon="-78.895318"></trkpt><trkpt lat="41.427995" lon="-78.895180"></trkpt><trkpt lat="41.428216" lon="-78.894996"></trkpt><trkpt lat="41.428258" lon="-78.894777"></trkpt><trkpt lat="41.428087" lon="-78.894418"></trkpt><trkpt lat="41.428262" lon="-78.893952"></trkpt><trkpt lat="41.428540" lon="-78.893756"></trkpt><trkpt lat="41.428816" lon="-78.893453"></trkpt><trkpt lat="41.429052" lon="-78.893476"></trkpt><trkpt lat="41.429269" lon="-78.893646"></trkpt><trkpt lat="41.429698" lon="-78.893597"></trkpt><trkpt lat="41.430172" lon="-78.893733"></trkpt><trkpt lat="41.430829" lon="-78.893327"></trkpt><trkpt lat="41.431296" lon="-78.893525"></trkpt><trkpt lat="41.431908" lon="-78.893495"></trkpt><trkpt lat="41.432245" lon="-78.893621"></trkpt><trkpt lat="41.432527" lon="-78.893627"></trkpt><trkpt lat="41.432675" lon="-78.893571"></trkpt><trkpt lat="41.432868" lon="-78.893331"></trkpt><trkpt lat="41.432569" lon="-78.892983"></trkpt><trkpt lat="41.432238" lon="-78.892729"></trkpt><trkpt lat="41.431826" lon="-78.892268"></trkpt><trkpt lat="41.431772" lon="-78.891993"></trkpt><trkpt lat="41.432301" lon="-78.891658"></trkpt><trkpt lat="41.432806" lon="-78.891448"></trkpt><trkpt lat="41.433208" lon="-78.891339"></trkpt><trkpt lat="41.434215" lon="-78.891276"></trkpt><trkpt lat="41.435082" lon="-78.891566"></trkpt><trkpt lat="41.435269" lon="-78.891690"></trkpt><trkpt lat="41.438123" lon="-78.894921"></trkpt><trkpt lat="41.438600" lon="-78.895595"></trkpt><trkpt lat="41.438213" lon="-78.896468"></trkpt><trkpt lat="41.437598" lon="-78.897987"></trkpt><trkpt lat="41.436238" lon="-78.898759"></trkpt><trkpt lat="41.436063" lon="-78.898992"></trkpt><trkpt lat="41.435900" lon="-78.899459"></trkpt><trkpt lat="41.435628" lon="-78.899963"></trkpt><trkpt lat="41.435363" lon="-78.900245"></trkpt><trkpt lat="41.435265" lon="-78.900309"></trkpt><trkpt lat="41.434823" lon="-78.900278"></trkpt><trkpt lat="41.434265" lon="-78.899707"></trkpt><trkpt lat="41.433916" lon="-78.899655"></trkpt><trkpt lat="41.433577" lon="-78.899519"></trkpt><trkpt lat="41.432998" lon="-78.898783"></trkpt><trkpt lat="41.432817" lon="-78.898459"></trkpt><trkpt lat="41.432804" lon="-78.898228"></trkpt><trkpt lat="41.433075" lon="-78.897419"></trkpt><trkpt lat="41.433137" lon="-78.896826"></trkpt><trkpt lat="41.433288" lon="-78.896769"></trkpt><trkpt lat="41.433226" lon="-78.896650"></trkpt><trkpt lat="41.433014" lon="-78.896541"></trkpt><trkpt lat="41.432947" lon="-78.896376"></trkpt><trkpt lat="41.433278" lon="-78.895981"></trkpt><trkpt lat="41.433368" lon="-78.895674"></trkpt><trkpt lat="41.432774" lon="-78.895026"></trkpt><trkpt lat="41.432641" lon="-78.894650"></trkpt><trkpt lat="41.432825" lon="-78.893901"></trkpt><trkpt lat="41.432868" lon="-78.893331"></trkpt></trkseg></trk><trk><name>T002 LOC1647</name><trkseg><trkpt lat="41.438497" lon="-78.895440"></trkpt><trkpt lat="41.438802" lon="-78.894512"></trkpt><trkpt lat="41.438959" lon="-78.894360"></trkpt><trkpt lat="41.439779" lon="-78.893989"></trkpt><trkpt lat="41.440389" lon="-78.893454"></trkpt><trkpt lat="41.440781" lon="-78.892803"></trkpt><trkpt lat="41.441035" lon="-78.892517"></trkpt><trkpt lat="41.441996" lon="-78.891995"></trkpt><trkpt lat="41.442281" lon="-78.891363"></trkpt><trkpt lat="41.442891" lon="-78.890766"></trkpt><trkpt lat="41.442981" lon="-78.890693"></trkpt><trkpt lat="41.443327" lon="-78.890661"></trkpt><trkpt lat="41.444030" lon="-78.890391"></trkpt><trkpt lat="41.444339" lon="-78.890431"></trkpt><trkpt lat="41.444995" lon="-78.890714"></trkpt><trkpt lat="41.445530" lon="-78.891233"></trkpt><trkpt lat="41.445737" lon="-78.891530"></trkpt><trkpt lat="41.445995" lon="-78.891683"></trkpt><trkpt lat="41.446128" lon="-78.891669"></trkpt><trkpt lat="41.446296" lon="-78.891431"></trkpt><trkpt lat="41.446522" lon="-78.891650"></trkpt><trkpt lat="41.446754" lon="-78.892119"></trkpt><trkpt lat="41.447104" lon="-78.892431"></trkpt><trkpt lat="41.447269" lon="-78.892448"></trkpt><trkpt lat="41.447437" lon="-78.892383"></trkpt><trkpt lat="41.447558" lon="-78.892213"></trkpt><trkpt lat="41.447642" lon="-78.891865"></trkpt><trkpt lat="41.447841" lon="-78.891633"></trkpt><trkpt lat="41.448163" lon="-78.891608"></trkpt><trkpt lat="41.448384" lon="-78.891345"></trkpt><trkpt lat="41.448502" lon="-78.891312"></trkpt><trkpt lat="41.448916" lon="-78.891418"></trkpt><trkpt lat="41.449273" lon="-78.891429"></trkpt><trkpt lat="41.449478" lon="-78.891543"></trkpt><trkpt lat="41.449692" lon="-78.891806"></trkpt><trkpt lat="41.450599" lon="-78.893301"></trkpt><trkpt lat="41.450869" lon="-78.893565"></trkpt><trkpt lat="41.451553" lon="-78.893999"></trkpt><trkpt lat="41.451880" lon="-78.894049"></trkpt><trkpt lat="41.451945" lon="-78.893963"></trkpt><trkpt lat="41.451928" lon="-78.893597"></trkpt><trkpt lat="41.452110" lon="-78.893173"></trkpt><trkpt lat="41.452221" lon="-78.892584"></trkpt><trkpt lat="41.452441" lon="-78.892148"></trkpt><trkpt lat="41.452478" lon="-78.891907"></trkpt><trkpt lat="41.452377" lon="-78.891456"></trkpt><trkpt lat="41.452377" lon="-78.891103"></trkpt><trkpt lat="41.452494" lon="-78.890448"></trkpt><trkpt lat="41.452673" lon="-78.889992"></trkpt><trkpt lat="41.452651" lon="-78.889175"></trkpt><trkpt lat="41.452743" lon="-78.888849"></trkpt><trkpt lat="41.453051" lon="-78.888836"></trkpt><trkpt lat="41.453341" lon="-78.889985"></trkpt><trkpt lat="41.454082" lon="-78.891706"></trkpt><trkpt lat="41.454227" lon="-78.891853"></trkpt><trkpt lat="41.454609" lon="-78.891903"></trkpt><trkpt lat="41.455003" lon="-78.892130"></trkpt><trkpt lat="41.455150" lon="-78.892113"></trkpt><trkpt lat="41.455368" lon="-78.891976"></trkpt><trkpt lat="41.455616" lon="-78.891930"></trkpt><trkpt lat="41.455819" lon="-78.891631"></trkpt><trkpt lat="41.455905" lon="-78.891143"></trkpt><trkpt lat="41.455989" lon="-78.891057"></trkpt><trkpt lat="41.456111" lon="-78.891068"></trkpt><trkpt lat="41.456370" lon="-78.891289"></trkpt><trkpt lat="41.456532" lon="-78.891108"></trkpt><trkpt lat="41.457053" lon="-78.890786"></trkpt><trkpt lat="41.457733" lon="-78.890833"></trkpt><trkpt lat="41.457999" lon="-78.890693"></trkpt><trkpt lat="41.458338" lon="-78.890670"></trkpt><trkpt lat="41.458430" lon="-78.890720"></trkpt><trkpt lat="41.458793" lon="-78.891643"></trkpt><trkpt lat="41.458994" lon="-78.891903"></trkpt><trkpt lat="41.459218" lon="-78.892096"></trkpt><trkpt lat="41.459336" lon="-78.892140"></trkpt><trkpt lat="41.459446" lon="-78.892072"></trkpt><trkpt lat="41.459629" lon="-78.891918"></trkpt><trkpt lat="41.459817" lon="-78.891425"></trkpt><trkpt lat="41.460111" lon="-78.890969"></trkpt><trkpt lat="41.459957" lon="-78.890356"></trkpt><trkpt lat="41.460032" lon="-78.889973"></trkpt><trkpt lat="41.460222" lon="-78.889613"></trkpt><trkpt lat="41.460301" lon="-78.888907"></trkpt><trkpt lat="41.460460" lon="-78.888754"></trkpt><trkpt lat="41.461026" lon="-78.888567"></trkpt><trkpt lat="41.461363" lon="-78.888556"></trkpt><trkpt lat="41.461725" lon="-78.888317"></trkpt><trkpt lat="41.461815" lon="-78.888121"></trkpt><trkpt lat="41.462513" lon="-78.885978"></trkpt><trkpt lat="41.462884" lon="-78.884185"></trkpt><trkpt lat="41.463274" lon="-78.883593"></trkpt><trkpt lat="41.464012" lon="-78.883682"></trkpt><trkpt lat="41.464506" lon="-78.883951"></trkpt><trkpt lat="41.464800" lon="-78.883851"></trkpt><trkpt lat="41.464884" lon="-78.883649"></trkpt><trkpt lat="41.465490" lon="-78.883132"></trkpt><trkpt lat="41.465863" lon="-78.883104"></trkpt><trkpt lat="41.466137" lon="-78.883174"></trkpt><trkpt lat="41.467671" lon="-78.883124"></trkpt><trkpt lat="41.468232" lon="-78.883311"></trkpt><trkpt lat="41.468407" lon="-78.883470"></trkpt><trkpt lat="41.469048" lon="-78.883828"></trkpt><trkpt lat="41.469598" lon="-78.883783"></trkpt><trkpt lat="41.470530" lon="-78.884175"></trkpt><trkpt lat="41.470762" lon="-78.884067"></trkpt><trkpt lat="41.471176" lon="-78.882921"></trkpt><trkpt lat="41.471629" lon="-78.882537"></trkpt><trkpt lat="41.471727" lon="-78.882374"></trkpt><trkpt lat="41.472144" lon="-78.880649"></trkpt><trkpt lat="41.472329" lon="-78.880114"></trkpt><trkpt lat="41.473019" lon="-78.879219"></trkpt><trkpt lat="41.473385" lon="-78.878863"></trkpt><trkpt lat="41.473689" lon="-78.878232"></trkpt><trkpt lat="41.473772" lon="-78.875922"></trkpt><trkpt lat="41.473733" lon="-78.874463"></trkpt><trkpt lat="41.473592" lon="-78.873654"></trkpt><trkpt lat="41.473600" lon="-78.873419"></trkpt><trkpt lat="41.473685" lon="-78.873256"></trkpt><trkpt lat="41.474107" lon="-78.872832"></trkpt><trkpt lat="41.474425" lon="-78.872371"></trkpt><trkpt lat="41.474840" lon="-78.871977"></trkpt><trkpt lat="41.475303" lon="-78.871339"></trkpt><trkpt lat="41.475991" lon="-78.870902"></trkpt><trkpt lat="41.476127" lon="-78.870863"></trkpt><trkpt lat="41.476583" lon="-78.870908"></trkpt><trkpt lat="41.476984" lon="-78.870817"></trkpt><trkpt lat="41.477177" lon="-78.870707"></trkpt><trkpt lat="41.477304" lon="-78.870540"></trkpt><trkpt lat="41.477627" lon="-78.870407"></trkpt><trkpt lat="41.477823" lon="-78.870487"></trkpt><trkpt lat="41.478735" lon="-78.870535"></trkpt><trkpt lat="41.478964" lon="-78.870614"></trkpt><trkpt lat="41.479235" lon="-78.870847"></trkpt><trkpt lat="41.479613" lon="-78.870950"></trkpt><trkpt lat="41.479772" lon="-78.870932"></trkpt><trkpt lat="41.480299" lon="-78.870116"></trkpt><trkpt lat="41.480150" lon="-78.869411"></trkpt><trkpt lat="41.479698" lon="-78.868843"></trkpt><trkpt lat="41.479707" lon="-78.868726"></trkpt><trkpt lat="41.480117" lon="-78.868265"></trkpt><trkpt lat="41.480390" lon="-78.868194"></trkpt><trkpt lat="41.480617" lon="-78.868227"></trkpt><trkpt lat="41.481209" lon="-78.868742"></trkpt><trkpt lat="41.481587" lon="-78.868719"></trkpt><trkpt lat="41.482678" lon="-78.870005"></trkpt><trkpt lat="41.482752" lon="-78.870686"></trkpt><trkpt lat="41.482826" lon="-78.870874"></trkpt><trkpt lat="41.483767" lon="-78.871584"></trkpt><trkpt lat="41.483879" lon="-78.871995"></trkpt><trkpt lat="41.484386" lon="-78.872485"></trkpt><trkpt lat="41.484563" lon="-78.872619"></trkpt><trkpt lat="41.484935" lon="-78.872677"></trkpt><trkpt lat="41.485162" lon="-78.872909"></trkpt><trkpt lat="41.485441" lon="-78.870897"></trkpt><trkpt lat="41.485486" lon="-78.870781"></trkpt><trkpt lat="41.486220" lon="-78.870089"></trkpt><trkpt lat="41.486789" lon="-78.869278"></trkpt><trkpt lat="41.487217" lon="-78.868822"></trkpt><trkpt lat="41.487306" lon="-78.868805"></trkpt><trkpt lat="41.487757" lon="-78.868853"></trkpt><trkpt lat="41.488274" lon="-78.868688"></trkpt><trkpt lat="41.488564" lon="-78.868688"></trkpt><trkpt lat="41.488696" lon="-78.868828"></trkpt><trkpt lat="41.488862" lon="-78.869239"></trkpt><trkpt lat="41.489421" lon="-78.869736"></trkpt><trkpt lat="41.489581" lon="-78.869973"></trkpt><trkpt lat="41.490051" lon="-78.870182"></trkpt><trkpt lat="41.490885" lon="-78.870371"></trkpt><trkpt lat="41.491088" lon="-78.870336"></trkpt><trkpt lat="41.491666" lon="-78.869894"></trkpt><trkpt lat="41.491983" lon="-78.869808"></trkpt><trkpt lat="41.492347" lon="-78.869470"></trkpt><trkpt lat="41.492574" lon="-78.869076"></trkpt><trkpt lat="41.493162" lon="-78.868683"></trkpt><trkpt lat="41.493624" lon="-78.868106"></trkpt><trkpt lat="41.493834" lon="-78.867523"></trkpt><trkpt lat="41.493873" lon="-78.867090"></trkpt><trkpt lat="41.494002" lon="-78.866766"></trkpt><trkpt lat="41.494941" lon="-78.865701"></trkpt><trkpt lat="41.496513" lon="-78.863738"></trkpt><trkpt lat="41.496990" lon="-78.862418"></trkpt><trkpt lat="41.498361" lon="-78.863232"></trkpt><trkpt lat="41.500793" lon="-78.864254"></trkpt><trkpt lat="41.501532" lon="-78.864811"></trkpt><trkpt lat="41.502532" lon="-78.865427"></trkpt><trkpt lat="41.504146" lon="-78.865273"></trkpt><trkpt lat="41.505350" lon="-78.865261"></trkpt><trkpt lat="41.506273" lon="-78.865697"></trkpt><trkpt lat="41.506762" lon="-78.866214"></trkpt><trkpt lat="41.506879" lon="-78.866729"></trkpt><trkpt lat="41.507113" lon="-78.869250"></trkpt><trkpt lat="41.507195" lon="-78.869525"></trkpt><trkpt lat="41.507663" lon="-78.870213"></trkpt><trkpt lat="41.507864" lon="-78.870739"></trkpt><trkpt lat="41.507813" lon="-78.872347"></trkpt><trkpt lat="41.507873" lon="-78.873416"></trkpt><trkpt lat="41.507718" lon="-78.875009"></trkpt><trkpt lat="41.507857" lon="-78.875650"></trkpt><trkpt lat="41.507965" lon="-78.875915"></trkpt><trkpt lat="41.508527" lon="-78.876557"></trkpt><trkpt lat="41.509041" lon="-78.877029"></trkpt><trkpt lat="41.509816" lon="-78.877607"></trkpt><trkpt lat="41.509929" lon="-78.877801"></trkpt><trkpt lat="41.509973" lon="-78.878696"></trkpt><trkpt lat="41.509745" lon="-78.879406"></trkpt><trkpt lat="41.509690" lon="-78.879869"></trkpt><trkpt lat="41.509675" lon="-78.880778"></trkpt><trkpt lat="41.509770" lon="-78.881265"></trkpt><trkpt lat="41.510356" lon="-78.881955"></trkpt><trkpt lat="41.511887" lon="-78.883199"></trkpt><trkpt lat="41.512350" lon="-78.883398"></trkpt><trkpt lat="41.512773" lon="-78.883427"></trkpt><trkpt lat="41.513313" lon="-78.883312"></trkpt><trkpt lat="41.514096" lon="-78.883335"></trkpt><trkpt lat="41.515981" lon="-78.883589"></trkpt><trkpt lat="41.516461" lon="-78.883719"></trkpt><trkpt lat="41.516438" lon="-78.884168"></trkpt><trkpt lat="41.516082" lon="-78.886164"></trkpt><trkpt lat="41.516130" lon="-78.886482"></trkpt><trkpt lat="41.516234" lon="-78.886623"></trkpt><trkpt lat="41.516219" lon="-78.887145"></trkpt><trkpt lat="41.516383" lon="-78.887617"></trkpt><trkpt lat="41.517078" lon="-78.888638"></trkpt><trkpt lat="41.517357" lon="-78.889838"></trkpt><trkpt lat="41.517375" lon="-78.890367"></trkpt><trkpt lat="41.517204" lon="-78.891071"></trkpt><trkpt lat="41.516930" lon="-78.891512"></trkpt><trkpt lat="41.516785" lon="-78.891625"></trkpt><trkpt lat="41.516428" lon="-78.891838"></trkpt><trkpt lat="41.516207" lon="-78.891884"></trkpt><trkpt lat="41.515761" lon="-78.891847"></trkpt><trkpt lat="41.515377" lon="-78.891913"></trkpt><trkpt lat="41.514978" lon="-78.891896"></trkpt><trkpt lat="41.514568" lon="-78.891786"></trkpt><trkpt lat="41.513862" lon="-78.891146"></trkpt><trkpt lat="41.513320" lon="-78.890781"></trkpt><trkpt lat="41.512737" lon="-78.890828"></trkpt><trkpt lat="41.512439" lon="-78.890705"></trkpt><trkpt lat="41.510228" lon="-78.888485"></trkpt><trkpt lat="41.509713" lon="-78.888252"></trkpt><trkpt lat="41.509409" lon="-78.888242"></trkpt><trkpt lat="41.508848" lon="-78.888409"></trkpt><trkpt lat="41.508117" lon="-78.889157"></trkpt><trkpt lat="41.507469" lon="-78.889923"></trkpt><trkpt lat="41.506080" lon="-78.891561"></trkpt><trkpt lat="41.505825" lon="-78.892195"></trkpt><trkpt lat="41.505744" lon="-78.893910"></trkpt><trkpt lat="41.505501" lon="-78.895021"></trkpt><trkpt lat="41.505107" lon="-78.895866"></trkpt><trkpt lat="41.504771" lon="-78.896333"></trkpt><trkpt lat="41.504020" lon="-78.897001"></trkpt><trkpt lat="41.503283" lon="-78.897413"></trkpt><trkpt lat="41.503204" lon="-78.897499"></trkpt><trkpt lat="41.502953" lon="-78.898481"></trkpt><trkpt lat="41.503017" lon="-78.898617"></trkpt><trkpt lat="41.505352" lon="-78.899509"></trkpt><trkpt lat="41.506804" lon="-78.900801"></trkpt><trkpt lat="41.507204" lon="-78.901032"></trkpt><trkpt lat="41.507673" lon="-78.901107"></trkpt><trkpt lat="41.507718" lon="-78.901167"></trkpt><trkpt lat="41.507795" lon="-78.901554"></trkpt><trkpt lat="41.507407" lon="-78.902083"></trkpt><trkpt lat="41.507372" lon="-78.902308"></trkpt><trkpt lat="41.507446" lon="-78.902532"></trkpt><trkpt lat="41.507890" lon="-78.903214"></trkpt><trkpt lat="41.507906" lon="-78.904053"></trkpt><trkpt lat="41.507584" lon="-78.904594"></trkpt><trkpt lat="41.507481" lon="-78.904907"></trkpt><trkpt lat="41.507514" lon="-78.905123"></trkpt><trkpt lat="41.507731" lon="-78.905536"></trkpt><trkpt lat="41.507662" lon="-78.905734"></trkpt><trkpt lat="41.507732" lon="-78.906052"></trkpt><trkpt lat="41.507280" lon="-78.906507"></trkpt><trkpt lat="41.507188" lon="-78.907343"></trkpt><trkpt lat="41.507460" lon="-78.907684"></trkpt><trkpt lat="41.507545" lon="-78.908203"></trkpt><trkpt lat="41.507394" lon="-78.908857"></trkpt><trkpt lat="41.506982" lon="-78.909820"></trkpt><trkpt lat="41.506913" lon="-78.910171"></trkpt><trkpt lat="41.506934" lon="-78.910880"></trkpt><trkpt lat="41.507025" lon="-78.911361"></trkpt><trkpt lat="41.507235" lon="-78.911850"></trkpt><trkpt lat="41.507807" lon="-78.912476"></trkpt><trkpt lat="41.508957" lon="-78.914414"></trkpt><trkpt lat="41.509963" lon="-78.914816"></trkpt><trkpt lat="41.510541" lon="-78.914790"></trkpt><trkpt lat="41.510881" lon="-78.914556"></trkpt><trkpt lat="41.512066" lon="-78.913272"></trkpt><trkpt lat="41.513176" lon="-78.912721"></trkpt><trkpt lat="41.513872" lon="-78.913014"></trkpt><trkpt lat="41.514028" lon="-78.913003"></trkpt><trkpt lat="41.514375" lon="-78.910702"></trkpt><trkpt lat="41.515251" lon="-78.911759"></trkpt><trkpt lat="41.516617" lon="-78.909893"></trkpt><trkpt lat="41.516704" lon="-78.909900"></trkpt><trkpt lat="41.517372" lon="-78.910912"></trkpt><trkpt lat="41.517579" lon="-78.911085"></trkpt><trkpt lat="41.518350" lon="-78.911367"></trkpt><trkpt lat="41.518541" lon="-78.911332"></trkpt><trkpt lat="41.518983" lon="-78.911390"></trkpt><trkpt lat="41.519504" lon="-78.911556"></trkpt><trkpt lat="41.518724" lon="-78.915953"></trkpt><trkpt lat="41.519014" lon="-78.916200"></trkpt><trkpt lat="41.519086" lon="-78.916469"></trkpt><trkpt lat="41.519036" lon="-78.916893"></trkpt><trkpt lat="41.519128" lon="-78.917160"></trkpt><trkpt lat="41.519105" lon="-78.917362"></trkpt><trkpt lat="41.518752" lon="-78.917466"></trkpt><trkpt lat="41.518534" lon="-78.917335"></trkpt><trkpt lat="41.518290" lon="-78.917327"></trkpt><trkpt lat="41.518138" lon="-78.917425"></trkpt><trkpt lat="41.518034" lon="-78.917643"></trkpt><trkpt lat="41.517832" lon="-78.917837"></trkpt><trkpt lat="41.518037" lon="-78.918620"></trkpt><trkpt lat="41.518676" lon="-78.919519"></trkpt><trkpt lat="41.519002" lon="-78.920225"></trkpt><trkpt lat="41.518889" lon="-78.920278"></trkpt><trkpt lat="41.518813" lon="-78.920428"></trkpt><trkpt lat="41.518746" lon="-78.920831"></trkpt><trkpt lat="41.518795" lon="-78.921588"></trkpt><trkpt lat="41.518865" lon="-78.921781"></trkpt><trkpt lat="41.519228" lon="-78.921793"></trkpt><trkpt lat="41.519486" lon="-78.921689"></trkpt><trkpt lat="41.519569" lon="-78.921753"></trkpt><trkpt lat="41.519133" lon="-78.922307"></trkpt><trkpt lat="41.519145" lon="-78.922474"></trkpt><trkpt lat="41.519435" lon="-78.922442"></trkpt><trkpt lat="41.519453" lon="-78.922965"></trkpt><trkpt lat="41.519076" lon="-78.924109"></trkpt><trkpt lat="41.521160" lon="-78.924799"></trkpt><trkpt lat="41.521513" lon="-78.924546"></trkpt><trkpt lat="41.521702" lon="-78.924063"></trkpt><trkpt lat="41.522009" lon="-78.923804"></trkpt><trkpt lat="41.521990" lon="-78.923449"></trkpt><trkpt lat="41.522232" lon="-78.922315"></trkpt><trkpt lat="41.522647" lon="-78.921141"></trkpt><trkpt lat="41.522735" lon="-78.920671"></trkpt><trkpt lat="41.522846" lon="-78.920498"></trkpt><trkpt lat="41.522996" lon="-78.920432"></trkpt><trkpt lat="41.523705" lon="-78.920689"></trkpt><trkpt lat="41.524003" lon="-78.920522"></trkpt><trkpt lat="41.524162" lon="-78.920511"></trkpt><trkpt lat="41.524921" lon="-78.920699"></trkpt><trkpt lat="41.525190" lon="-78.920837"></trkpt><trkpt lat="41.525391" lon="-78.921091"></trkpt><trkpt lat="41.527165" lon="-78.918745"></trkpt><trkpt lat="41.527647" lon="-78.918562"></trkpt><trkpt lat="41.528146" lon="-78.918965"></trkpt><trkpt lat="41.528227" lon="-78.918968"></trkpt><trkpt lat="41.528813" lon="-78.918743"></trkpt><trkpt lat="41.529483" lon="-78.918287"></trkpt><trkpt lat="41.529669" lon="-78.917634"></trkpt><trkpt lat="41.532342" lon="-78.914052"></trkpt><trkpt lat="41.531860" lon="-78.913464"></trkpt><trkpt lat="41.532085" lon="-78.912825"></trkpt><trkpt lat="41.532055" lon="-78.912582"></trkpt><trkpt lat="41.532701" lon="-78.911705"></trkpt><trkpt lat="41.532905" lon="-78.911521"></trkpt><trkpt lat="41.533113" lon="-78.911519"></trkpt><trkpt lat="41.533671" lon="-78.910997"></trkpt><trkpt lat="41.534051" lon="-78.910836"></trkpt><trkpt lat="41.533602" lon="-78.908715"></trkpt><trkpt lat="41.533274" lon="-78.907661"></trkpt><trkpt lat="41.532966" lon="-78.906201"></trkpt><trkpt lat="41.533591" lon="-78.905437"></trkpt><trkpt lat="41.534451" lon="-78.904144"></trkpt><trkpt lat="41.537750" lon="-78.899900"></trkpt><trkpt lat="41.538959" lon="-78.900205"></trkpt><trkpt lat="41.540200" lon="-78.900893"></trkpt><trkpt lat="41.540806" lon="-78.901143"></trkpt><trkpt lat="41.541218" lon="-78.901170"></trkpt><trkpt lat="41.541488" lon="-78.901068"></trkpt><trkpt lat="41.541924" lon="-78.900773"></trkpt><trkpt lat="41.542651" lon="-78.900990"></trkpt><trkpt lat="41.542881" lon="-78.900943"></trkpt><trkpt lat="41.543666" lon="-78.900463"></trkpt><trkpt lat="41.543863" lon="-78.900269"></trkpt><trkpt lat="41.543957" lon="-78.899919"></trkpt><trkpt lat="41.544258" lon="-78.899321"></trkpt><trkpt lat="41.544788" lon="-78.898642"></trkpt><trkpt lat="41.546298" lon="-78.897372"></trkpt><trkpt lat="41.546533" lon="-78.897319"></trkpt><trkpt lat="41.547589" lon="-78.897425"></trkpt><trkpt lat="41.548119" lon="-78.897715"></trkpt><trkpt lat="41.549070" lon="-78.898802"></trkpt><trkpt lat="41.549574" lon="-78.899678"></trkpt><trkpt lat="41.549972" lon="-78.898736"></trkpt><trkpt lat="41.550020" lon="-78.896376"></trkpt><trkpt lat="41.550218" lon="-78.895224"></trkpt><trkpt lat="41.550360" lon="-78.894891"></trkpt><trkpt lat="41.551008" lon="-78.894081"></trkpt><trkpt lat="41.551258" lon="-78.893875"></trkpt><trkpt lat="41.552188" lon="-78.893385"></trkpt><trkpt lat="41.552793" lon="-78.892952"></trkpt><trkpt lat="41.553051" lon="-78.892909"></trkpt><trkpt lat="41.553232" lon="-78.893110"></trkpt><trkpt lat="41.553731" lon="-78.893193"></trkpt><trkpt lat="41.553848" lon="-78.892810"></trkpt><trkpt lat="41.554108" lon="-78.892328"></trkpt><trkpt lat="41.554055" lon="-78.891420"></trkpt><trkpt lat="41.554295" lon="-78.890952"></trkpt><trkpt lat="41.554495" lon="-78.890084"></trkpt><trkpt lat="41.554621" lon="-78.889894"></trkpt><trkpt lat="41.554891" lon="-78.889058"></trkpt><trkpt lat="41.555033" lon="-78.887193"></trkpt><trkpt lat="41.555100" lon="-78.887028"></trkpt><trkpt lat="41.555732" lon="-78.886266"></trkpt><trkpt lat="41.555804" lon="-78.886065"></trkpt><trkpt lat="41.555806" lon="-78.885462"></trkpt><trkpt lat="41.555471" lon="-78.883454"></trkpt><trkpt lat="41.555202" lon="-78.882447"></trkpt><trkpt lat="41.554892" lon="-78.881859"></trkpt><trkpt lat="41.555342" lon="-78.881425"></trkpt><trkpt lat="41.555679" lon="-78.880896"></trkpt><trkpt lat="41.558292" lon="-78.874676"></trkpt><trkpt lat="41.558855" lon="-78.873584"></trkpt><trkpt lat="41.559538" lon="-78.873040"></trkpt><trkpt lat="41.560176" lon="-78.872125"></trkpt><trkpt lat="41.560620" lon="-78.871852"></trkpt><trkpt lat="41.561397" lon="-78.871558"></trkpt><trkpt lat="41.562118" lon="-78.870954"></trkpt><trkpt lat="41.562429" lon="-78.870049"></trkpt><trkpt lat="41.562523" lon="-78.867640"></trkpt><trkpt lat="41.562009" lon="-78.867595"></trkpt><trkpt lat="41.561519" lon="-78.867381"></trkpt><trkpt lat="41.561160" lon="-78.867407"></trkpt><trkpt lat="41.561788" lon="-78.866225"></trkpt><trkpt lat="41.562090" lon="-78.865205"></trkpt><trkpt lat="41.562333" lon="-78.864657"></trkpt><trkpt lat="41.562699" lon="-78.864232"></trkpt><trkpt lat="41.562929" lon="-78.863522"></trkpt><trkpt lat="41.562951" lon="-78.862973"></trkpt><trkpt lat="41.562722" lon="-78.861904"></trkpt><trkpt lat="41.562330" lon="-78.861230"></trkpt><trkpt lat="41.560782" lon="-78.861065"></trkpt><trkpt lat="41.560470" lon="-78.860975"></trkpt><trkpt lat="41.560168" lon="-78.860996"></trkpt><trkpt lat="41.560091" lon="-78.860631"></trkpt><trkpt lat="41.559863" lon="-78.860124"></trkpt><trkpt lat="41.559736" lon="-78.859500"></trkpt><trkpt lat="41.559812" lon="-78.859363"></trkpt><trkpt lat="41.560219" lon="-78.859257"></trkpt><trkpt lat="41.559803" lon="-78.858480"></trkpt><trkpt lat="41.560020" lon="-78.858158"></trkpt><trkpt lat="41.560204" lon="-78.858083"></trkpt><trkpt lat="41.560454" lon="-78.858133"></trkpt><trkpt lat="41.560574" lon="-78.858071"></trkpt><trkpt lat="41.560719" lon="-78.857849"></trkpt><trkpt lat="41.560808" lon="-78.857464"></trkpt><trkpt lat="41.559367" lon="-78.854004"></trkpt><trkpt lat="41.559287" lon="-78.853736"></trkpt><trkpt lat="41.559303" lon="-78.853125"></trkpt><trkpt lat="41.559594" lon="-78.852065"></trkpt><trkpt lat="41.560554" lon="-78.851544"></trkpt></trkseg></trk><trk><name>T003 LOC1647</name><trkseg><trkpt lat="41.507469" lon="-78.889923"></trkpt><trkpt lat="41.507491" lon="-78.889472"></trkpt><trkpt lat="41.507320" lon="-78.888862"></trkpt><trkpt lat="41.506883" lon="-78.888238"></trkpt><trkpt lat="41.506619" lon="-78.887658"></trkpt><trkpt lat="41.506480" lon="-78.886648"></trkpt><trkpt lat="41.506093" lon="-78.886083"></trkpt><trkpt lat="41.505855" lon="-78.885590"></trkpt><trkpt lat="41.505570" lon="-78.885283"></trkpt><trkpt lat="41.505042" lon="-78.885064"></trkpt><trkpt lat="41.504744" lon="-78.884713"></trkpt><trkpt lat="41.504623" lon="-78.884531"></trkpt><trkpt lat="41.504478" lon="-78.883942"></trkpt><trkpt lat="41.504077" lon="-78.883583"></trkpt><trkpt lat="41.503826" lon="-78.883220"></trkpt><trkpt lat="41.503684" lon="-78.882829"></trkpt><trkpt lat="41.503614" lon="-78.882377"></trkpt><trkpt lat="41.503503" lon="-78.882178"></trkpt><trkpt lat="41.503342" lon="-78.882097"></trkpt><trkpt lat="41.503067" lon="-78.882073"></trkpt><trkpt lat="41.502424" lon="-78.881686"></trkpt><trkpt lat="41.502120" lon="-78.881139"></trkpt><trkpt lat="41.501876" lon="-78.880888"></trkpt><trkpt lat="41.501600" lon="-78.880694"></trkpt><trkpt lat="41.501369" lon="-78.880430"></trkpt><trkpt lat="41.501044" lon="-78.880291"></trkpt><trkpt lat="41.500849" lon="-78.880112"></trkpt><trkpt lat="41.499959" lon="-78.880383"></trkpt><trkpt lat="41.499707" lon="-78.880511"></trkpt><trkpt lat="41.499644" lon="-78.880616"></trkpt><trkpt lat="41.499429" lon="-78.881926"></trkpt><trkpt lat="41.499151" lon="-78.882539"></trkpt><trkpt lat="41.498781" lon="-78.883828"></trkpt><trkpt lat="41.498583" lon="-78.884077"></trkpt><trkpt lat="41.498357" lon="-78.884794"></trkpt><trkpt lat="41.498432" lon="-78.885087"></trkpt><trkpt lat="41.498748" lon="-78.885545"></trkpt><trkpt lat="41.498841" lon="-78.885906"></trkpt><trkpt lat="41.498788" lon="-78.885981"></trkpt><trkpt lat="41.496431" lon="-78.886071"></trkpt><trkpt lat="41.494839" lon="-78.886209"></trkpt><trkpt lat="41.493743" lon="-78.886107"></trkpt><trkpt lat="41.493160" lon="-78.885962"></trkpt><trkpt lat="41.492981" lon="-78.885842"></trkpt><trkpt lat="41.492550" lon="-78.885394"></trkpt><trkpt lat="41.491822" lon="-78.884274"></trkpt><trkpt lat="41.491491" lon="-78.884043"></trkpt><trkpt lat="41.490919" lon="-78.883942"></trkpt><trkpt lat="41.490490" lon="-78.883792"></trkpt><trkpt lat="41.490105" lon="-78.883471"></trkpt><trkpt lat="41.489644" lon="-78.882963"></trkpt><trkpt lat="41.488936" lon="-78.881771"></trkpt><trkpt lat="41.488622" lon="-78.881496"></trkpt><trkpt lat="41.488218" lon="-78.881385"></trkpt><trkpt lat="41.487752" lon="-78.881039"></trkpt><trkpt lat="41.487143" lon="-78.880370"></trkpt><trkpt lat="41.486945" lon="-78.879942"></trkpt><trkpt lat="41.486971" lon="-78.879344"></trkpt><trkpt lat="41.487359" lon="-78.878591"></trkpt><trkpt lat="41.487801" lon="-78.878196"></trkpt><trkpt lat="41.487980" lon="-78.877662"></trkpt><trkpt lat="41.487718" lon="-78.876709"></trkpt><trkpt lat="41.487413" lon="-78.875996"></trkpt><trkpt lat="41.487249" lon="-78.874522"></trkpt><trkpt lat="41.487107" lon="-78.874261"></trkpt><trkpt lat="41.486392" lon="-78.874083"></trkpt><trkpt lat="41.486231" lon="-78.873980"></trkpt><trkpt lat="41.485869" lon="-78.873574"></trkpt><trkpt lat="41.485661" lon="-78.873179"></trkpt><trkpt lat="41.485162" lon="-78.872909"></trkpt></trkseg></trk><trk><name>T004 LOC1647</name><trkseg><trkpt lat="41.527049" lon="-78.867684"></trkpt><trkpt lat="41.526542" lon="-78.868518"></trkpt><trkpt lat="41.526221" lon="-78.868842"></trkpt><trkpt lat="41.525635" lon="-78.869160"></trkpt><trkpt lat="41.525394" lon="-78.869504"></trkpt><trkpt lat="41.525295" lon="-78.869721"></trkpt><trkpt lat="41.525111" lon="-78.870629"></trkpt><trkpt lat="41.524697" lon="-78.871224"></trkpt><trkpt lat="41.524163" lon="-78.872816"></trkpt><trkpt lat="41.524074" lon="-78.872933"></trkpt><trkpt lat="41.523716" lon="-78.872853"></trkpt><trkpt lat="41.523454" lon="-78.872961"></trkpt><trkpt lat="41.522083" lon="-78.874588"></trkpt><trkpt lat="41.521509" lon="-78.875623"></trkpt><trkpt lat="41.521934" lon="-78.876314"></trkpt><trkpt lat="41.522060" lon="-78.877192"></trkpt><trkpt lat="41.522159" lon="-78.877317"></trkpt><trkpt lat="41.522531" lon="-78.877495"></trkpt><trkpt lat="41.522646" lon="-78.877709"></trkpt><trkpt lat="41.522875" lon="-78.878276"></trkpt><trkpt lat="41.522912" lon="-78.878861"></trkpt><trkpt lat="41.522789" lon="-78.879017"></trkpt><trkpt lat="41.522461" lon="-78.879036"></trkpt><trkpt lat="41.522326" lon="-78.879258"></trkpt><trkpt lat="41.521907" lon="-78.881527"></trkpt><trkpt lat="41.521856" lon="-78.882228"></trkpt><trkpt lat="41.521630" lon="-78.882898"></trkpt><trkpt lat="41.521358" lon="-78.884589"></trkpt><trkpt lat="41.521163" lon="-78.885120"></trkpt><trkpt lat="41.519820" lon="-78.886881"></trkpt><trkpt lat="41.519147" lon="-78.885667"></trkpt><trkpt lat="41.518896" lon="-78.885390"></trkpt><trkpt lat="41.518160" lon="-78.885244"></trkpt><trkpt lat="41.517669" lon="-78.885240"></trkpt><trkpt lat="41.517306" lon="-78.884824"></trkpt><trkpt lat="41.517123" lon="-78.884309"></trkpt><trkpt lat="41.516917" lon="-78.884001"></trkpt><trkpt lat="41.516690" lon="-78.883784"></trkpt><trkpt lat="41.516461" lon="-78.883719"></trkpt></trkseg></trk><trk><name>T005 LOC1647</name><trkseg><trkpt lat="41.553051" lon="-78.892909"></trkpt><trkpt lat="41.552931" lon="-78.892539"></trkpt><trkpt lat="41.552628" lon="-78.892100"></trkpt><trkpt lat="41.551880" lon="-78.891543"></trkpt><trkpt lat="41.551310" lon="-78.890829"></trkpt><trkpt lat="41.551605" lon="-78.890262"></trkpt><trkpt lat="41.551724" lon="-78.889766"></trkpt><trkpt lat="41.551639" lon="-78.889164"></trkpt><trkpt lat="41.551328" lon="-78.888370"></trkpt><trkpt lat="41.550975" lon="-78.888074"></trkpt><trkpt lat="41.550016" lon="-78.887832"></trkpt><trkpt lat="41.549568" lon="-78.887564"></trkpt><trkpt lat="41.549436" lon="-78.887368"></trkpt><trkpt lat="41.549312" lon="-78.886977"></trkpt><trkpt lat="41.549396" lon="-78.886365"></trkpt><trkpt lat="41.550604" lon="-78.883991"></trkpt><trkpt lat="41.551359" lon="-78.883083"></trkpt><trkpt lat="41.551944" lon="-78.881670"></trkpt><trkpt lat="41.552544" lon="-78.879871"></trkpt><trkpt lat="41.552913" lon="-78.879225"></trkpt><trkpt lat="41.553398" lon="-78.878736"></trkpt><trkpt lat="41.554623" lon="-78.877887"></trkpt><trkpt lat="41.555493" lon="-78.877185"></trkpt><trkpt lat="41.555643" lon="-78.876795"></trkpt><trkpt lat="41.555921" lon="-78.874840"></trkpt><trkpt lat="41.556203" lon="-78.874061"></trkpt><trkpt lat="41.556814" lon="-78.872861"></trkpt><trkpt lat="41.558367" lon="-78.871147"></trkpt><trkpt lat="41.558631" lon="-78.870973"></trkpt><trkpt lat="41.559249" lon="-78.870728"></trkpt><trkpt lat="41.559624" lon="-78.870413"></trkpt><trkpt lat="41.559972" lon="-78.869827"></trkpt><trkpt lat="41.560842" lon="-78.867818"></trkpt><trkpt lat="41.561160" lon="-78.867407"></trkpt></trkseg></trk><trk><name>T006 LOC1647</name><trkseg><trkpt lat="41.554892" lon="-78.881859"></trkpt><trkpt lat="41.553842" lon="-78.882593"></trkpt><trkpt lat="41.552829" lon="-78.882839"></trkpt><trkpt lat="41.551633" lon="-78.882968"></trkpt><trkpt lat="41.551453" lon="-78.882884"></trkpt><trkpt lat="41.550974" lon="-78.881597"></trkpt><trkpt lat="41.550361" lon="-78.879304"></trkpt><trkpt lat="41.550427" lon="-78.877573"></trkpt><trkpt lat="41.550131" lon="-78.877109"></trkpt><trkpt lat="41.550011" lon="-78.876783"></trkpt><trkpt lat="41.549821" lon="-78.876733"></trkpt><trkpt lat="41.549527" lon="-78.876881"></trkpt><trkpt lat="41.549195" lon="-78.877198"></trkpt><trkpt lat="41.549018" lon="-78.877431"></trkpt><trkpt lat="41.548937" lon="-78.877700"></trkpt><trkpt lat="41.548660" lon="-78.877719"></trkpt><trkpt lat="41.548394" lon="-78.878169"></trkpt><trkpt lat="41.548246" lon="-78.878250"></trkpt><trkpt lat="41.547806" lon="-78.877637"></trkpt><trkpt lat="41.547286" lon="-78.876420"></trkpt><trkpt lat="41.546691" lon="-78.876024"></trkpt><trkpt lat="41.546379" lon="-78.876000"></trkpt><trkpt lat="41.546041" lon="-78.876201"></trkpt><trkpt lat="41.545490" lon="-78.877441"></trkpt><trkpt lat="41.544415" lon="-78.878510"></trkpt><trkpt lat="41.543960" lon="-78.879199"></trkpt><trkpt lat="41.543833" lon="-78.878915"></trkpt><trkpt lat="41.543756" lon="-78.878385"></trkpt><trkpt lat="41.543785" lon="-78.877742"></trkpt><trkpt lat="41.543625" lon="-78.877449"></trkpt><trkpt lat="41.542946" lon="-78.874544"></trkpt><trkpt lat="41.542890" lon="-78.873902"></trkpt><trkpt lat="41.543452" lon="-78.874177"></trkpt><trkpt lat="41.544055" lon="-78.874018"></trkpt><trkpt lat="41.543393" lon="-78.871342"></trkpt><trkpt lat="41.543421" lon="-78.871183"></trkpt><trkpt lat="41.543670" lon="-78.870740"></trkpt><trkpt lat="41.543596" lon="-78.870645"></trkpt><trkpt lat="41.542666" lon="-78.870436"></trkpt><trkpt lat="41.542454" lon="-78.870203"></trkpt><trkpt lat="41.542373" lon="-78.869898"></trkpt><trkpt lat="41.541787" lon="-78.869037"></trkpt><trkpt lat="41.541703" lon="-78.867966"></trkpt><trkpt lat="41.541508" lon="-78.867432"></trkpt><trkpt lat="41.540588" lon="-78.867448"></trkpt><trkpt lat="41.540316" lon="-78.867356"></trkpt><trkpt lat="41.540238" lon="-78.867200"></trkpt><trkpt lat="41.540971" lon="-78.865720"></trkpt><trkpt lat="41.540320" lon="-78.865485"></trkpt><trkpt lat="41.539324" lon="-78.865234"></trkpt><trkpt lat="41.538269" lon="-78.864766"></trkpt><trkpt lat="41.538019" lon="-78.864774"></trkpt><trkpt lat="41.537877" lon="-78.864909"></trkpt><trkpt lat="41.537600" lon="-78.865390"></trkpt><trkpt lat="41.537168" lon="-78.865865"></trkpt><trkpt lat="41.537074" lon="-78.865891"></trkpt><trkpt lat="41.536940" lon="-78.866137"></trkpt><trkpt lat="41.536954" lon="-78.866908"></trkpt><trkpt lat="41.536779" lon="-78.868180"></trkpt><trkpt lat="41.536658" lon="-78.868644"></trkpt><trkpt lat="41.536381" lon="-78.869102"></trkpt><trkpt lat="41.536120" lon="-78.869944"></trkpt><trkpt lat="41.536001" lon="-78.869930"></trkpt><trkpt lat="41.534524" lon="-78.871646"></trkpt><trkpt lat="41.534384" lon="-78.871946"></trkpt><trkpt lat="41.533764" lon="-78.872784"></trkpt><trkpt lat="41.533475" lon="-78.873007"></trkpt><trkpt lat="41.533246" lon="-78.873095"></trkpt><trkpt lat="41.532660" lon="-78.873899"></trkpt><trkpt lat="41.532498" lon="-78.874030"></trkpt><trkpt lat="41.532237" lon="-78.874128"></trkpt><trkpt lat="41.531695" lon="-78.874040"></trkpt><trkpt lat="41.531462" lon="-78.873796"></trkpt><trkpt lat="41.531309" lon="-78.873459"></trkpt><trkpt lat="41.531070" lon="-78.872249"></trkpt><trkpt lat="41.530829" lon="-78.871947"></trkpt><trkpt lat="41.530457" lon="-78.870593"></trkpt><trkpt lat="41.530351" lon="-78.870405"></trkpt><trkpt lat="41.530101" lon="-78.870226"></trkpt><trkpt lat="41.529303" lon="-78.870023"></trkpt><trkpt lat="41.527767" lon="-78.869483"></trkpt><trkpt lat="41.527672" lon="-78.869341"></trkpt><trkpt lat="41.527656" lon="-78.868888"></trkpt><trkpt lat="41.527238" lon="-78.868534"></trkpt><trkpt lat="41.527254" lon="-78.867883"></trkpt><trkpt lat="41.527200" lon="-78.867763"></trkpt><trkpt lat="41.527049" lon="-78.867684"></trkpt><trkpt lat="41.527374" lon="-78.867084"></trkpt><trkpt lat="41.527561" lon="-78.866497"></trkpt><trkpt lat="41.527122" lon="-78.866573"></trkpt><trkpt lat="41.526331" lon="-78.866554"></trkpt><trkpt lat="41.526261" lon="-78.866329"></trkpt><trkpt lat="41.525905" lon="-78.862636"></trkpt><trkpt lat="41.526089" lon="-78.862604"></trkpt><trkpt lat="41.526889" lon="-78.862869"></trkpt><trkpt lat="41.527120" lon="-78.862845"></trkpt><trkpt lat="41.527127" lon="-78.862377"></trkpt><trkpt lat="41.526938" lon="-78.861890"></trkpt><trkpt lat="41.526755" lon="-78.861657"></trkpt><trkpt lat="41.526806" lon="-78.861332"></trkpt><trkpt lat="41.528052" lon="-78.861684"></trkpt><trkpt lat="41.528543" lon="-78.861761"></trkpt><trkpt lat="41.529603" lon="-78.862096"></trkpt><trkpt lat="41.529946" lon="-78.861233"></trkpt><trkpt lat="41.530968" lon="-78.860596"></trkpt><trkpt lat="41.532454" lon="-78.860824"></trkpt><trkpt lat="41.532841" lon="-78.860643"></trkpt><trkpt lat="41.533251" lon="-78.860639"></trkpt><trkpt lat="41.534524" lon="-78.860873"></trkpt><trkpt lat="41.534652" lon="-78.861003"></trkpt><trkpt lat="41.534714" lon="-78.861218"></trkpt><trkpt lat="41.534780" lon="-78.862083"></trkpt><trkpt lat="41.534856" lon="-78.862267"></trkpt><trkpt lat="41.535022" lon="-78.862356"></trkpt><trkpt lat="41.535353" lon="-78.862437"></trkpt><trkpt lat="41.536311" lon="-78.862394"></trkpt><trkpt lat="41.537219" lon="-78.862438"></trkpt><trkpt lat="41.538727" lon="-78.862627"></trkpt><trkpt lat="41.539024" lon="-78.863035"></trkpt><trkpt lat="41.539230" lon="-78.863529"></trkpt><trkpt lat="41.538982" lon="-78.863858"></trkpt><trkpt lat="41.538844" lon="-78.863918"></trkpt><trkpt lat="41.538625" lon="-78.863902"></trkpt><trkpt lat="41.538411" lon="-78.863786"></trkpt><trkpt lat="41.538054" lon="-78.863821"></trkpt><trkpt lat="41.537906" lon="-78.864120"></trkpt><trkpt lat="41.537846" lon="-78.864456"></trkpt><trkpt lat="41.538107" lon="-78.864762"></trkpt></trkseg></trk><trk><name>T007 LOC1647</name><trkseg><trkpt lat="41.557719" lon="-78.904643"></trkpt><trkpt lat="41.557622" lon="-78.904387"></trkpt><trkpt lat="41.557284" lon="-78.904042"></trkpt><trkpt lat="41.556035" lon="-78.903610"></trkpt><trkpt lat="41.555187" lon="-78.903396"></trkpt><trkpt lat="41.554302" lon="-78.903278"></trkpt><trkpt lat="41.553009" lon="-78.903439"></trkpt><trkpt lat="41.552698" lon="-78.903539"></trkpt><trkpt lat="41.552039" lon="-78.903036"></trkpt><trkpt lat="41.551426" lon="-78.902248"></trkpt><trkpt lat="41.550749" lon="-78.901913"></trkpt><trkpt lat="41.550375" lon="-78.901512"></trkpt><trkpt lat="41.550038" lon="-78.900818"></trkpt><trkpt lat="41.549920" lon="-78.900219"></trkpt><trkpt lat="41.549574" lon="-78.899678"></trkpt></trkseg></trk><trk><name>T008 LOC1647</name><trkseg><trkpt lat="41.562464" lon="-78.937238"></trkpt><trkpt lat="41.561941" lon="-78.936077"></trkpt><trkpt lat="41.561553" lon="-78.935377"></trkpt><trkpt lat="41.562351" lon="-78.931354"></trkpt><trkpt lat="41.562443" lon="-78.931045"></trkpt><trkpt lat="41.562732" lon="-78.930629"></trkpt><trkpt lat="41.562471" lon="-78.929182"></trkpt><trkpt lat="41.562119" lon="-78.928271"></trkpt><trkpt lat="41.561730" lon="-78.926974"></trkpt><trkpt lat="41.561548" lon="-78.924773"></trkpt><trkpt lat="41.560914" lon="-78.923362"></trkpt><trkpt lat="41.560709" lon="-78.923195"></trkpt><trkpt lat="41.560430" lon="-78.923127"></trkpt><trkpt lat="41.559824" lon="-78.923119"></trkpt><trkpt lat="41.559542" lon="-78.923028"></trkpt><trkpt lat="41.559333" lon="-78.922803"></trkpt><trkpt lat="41.559244" lon="-78.922437"></trkpt><trkpt lat="41.559257" lon="-78.921983"></trkpt><trkpt lat="41.559420" lon="-78.921083"></trkpt><trkpt lat="41.559847" lon="-78.919912"></trkpt><trkpt lat="41.560491" lon="-78.919209"></trkpt><trkpt lat="41.561450" lon="-78.917784"></trkpt><trkpt lat="41.561675" lon="-78.916994"></trkpt><trkpt lat="41.561692" lon="-78.916637"></trkpt><trkpt lat="41.561618" lon="-78.916301"></trkpt><trkpt lat="41.561484" lon="-78.915989"></trkpt><trkpt lat="41.561307" lon="-78.915776"></trkpt><trkpt lat="41.560856" lon="-78.915602"></trkpt><trkpt lat="41.560349" lon="-78.915189"></trkpt><trkpt lat="41.560187" lon="-78.915227"></trkpt><trkpt lat="41.560056" lon="-78.915416"></trkpt><trkpt lat="41.559639" lon="-78.915735"></trkpt><trkpt lat="41.558972" lon="-78.915941"></trkpt></trkseg></trk><trk><name>T009 LOC1647</name><trkseg><trkpt lat="41.542683" lon="-79.241612"></trkpt><trkpt lat="41.541809" lon="-79.242500"></trkpt><trkpt lat="41.541206" lon="-79.243249"></trkpt><trkpt lat="41.540448" lon="-79.244981"></trkpt><trkpt lat="41.540099" lon="-79.245938"></trkpt><trkpt lat="41.539642" lon="-79.247814"></trkpt><trkpt lat="41.539588" lon="-79.249032"></trkpt><trkpt lat="41.539498" lon="-79.249476"></trkpt><trkpt lat="41.539090" lon="-79.250327"></trkpt><trkpt lat="41.538294" lon="-79.251629"></trkpt><trkpt lat="41.538157" lon="-79.251790"></trkpt><trkpt lat="41.537780" lon="-79.251912"></trkpt><trkpt lat="41.537455" lon="-79.251803"></trkpt><trkpt lat="41.536917" lon="-79.251339"></trkpt><trkpt lat="41.536536" lon="-79.250912"></trkpt><trkpt lat="41.536139" lon="-79.250266"></trkpt><trkpt lat="41.535487" lon="-79.248884"></trkpt><trkpt lat="41.534757" lon="-79.247676"></trkpt><trkpt lat="41.534341" lon="-79.246363"></trkpt><trkpt lat="41.533607" lon="-79.244908"></trkpt><trkpt lat="41.533401" lon="-79.244612"></trkpt><trkpt lat="41.532388" lon="-79.243972"></trkpt><trkpt lat="41.531583" lon="-79.243660"></trkpt><trkpt lat="41.530895" lon="-79.243603"></trkpt><trkpt lat="41.530519" lon="-79.243645"></trkpt><trkpt lat="41.529706" lon="-79.244120"></trkpt><trkpt lat="41.529488" lon="-79.244104"></trkpt><trkpt lat="41.528919" lon="-79.243893"></trkpt><trkpt lat="41.527672" lon="-79.243249"></trkpt><trkpt lat="41.526349" lon="-79.241864"></trkpt><trkpt lat="41.525858" lon="-79.241500"></trkpt><trkpt lat="41.525642" lon="-79.241097"></trkpt><trkpt lat="41.525134" lon="-79.240648"></trkpt><trkpt lat="41.524850" lon="-79.240558"></trkpt><trkpt lat="41.524317" lon="-79.240594"></trkpt><trkpt lat="41.523976" lon="-79.240528"></trkpt><trkpt lat="41.523292" lon="-79.240224"></trkpt><trkpt lat="41.522988" lon="-79.239909"></trkpt><trkpt lat="41.522714" lon="-79.239411"></trkpt><trkpt lat="41.522194" lon="-79.237659"></trkpt><trkpt lat="41.521704" lon="-79.236273"></trkpt><trkpt lat="41.519814" lon="-79.233246"></trkpt><trkpt lat="41.515436" lon="-79.228769"></trkpt><trkpt lat="41.514757" lon="-79.227743"></trkpt><trkpt lat="41.514321" lon="-79.226743"></trkpt><trkpt lat="41.513239" lon="-79.223651"></trkpt><trkpt lat="41.511914" lon="-79.221115"></trkpt><trkpt lat="41.511333" lon="-79.219360"></trkpt><trkpt lat="41.511204" lon="-79.219145"></trkpt><trkpt lat="41.510529" lon="-79.217289"></trkpt><trkpt lat="41.509941" lon="-79.215357"></trkpt><trkpt lat="41.509698" lon="-79.213265"></trkpt><trkpt lat="41.509486" lon="-79.212625"></trkpt><trkpt lat="41.509212" lon="-79.212170"></trkpt><trkpt lat="41.508350" lon="-79.211274"></trkpt><trkpt lat="41.505302" lon="-79.208658"></trkpt><trkpt lat="41.503504" lon="-79.207441"></trkpt><trkpt lat="41.503138" lon="-79.207301"></trkpt><trkpt lat="41.502627" lon="-79.206680"></trkpt><trkpt lat="41.501395" lon="-79.204454"></trkpt><trkpt lat="41.501090" lon="-79.204053"></trkpt><trkpt lat="41.500688" lon="-79.203688"></trkpt><trkpt lat="41.500386" lon="-79.203481"></trkpt><trkpt lat="41.499254" lon="-79.202974"></trkpt><trkpt lat="41.498304" lon="-79.202688"></trkpt><trkpt lat="41.498158" lon="-79.202682"></trkpt><trkpt lat="41.497885" lon="-79.202808"></trkpt><trkpt lat="41.497108" lon="-79.203452"></trkpt><trkpt lat="41.497058" lon="-79.202714"></trkpt><trkpt lat="41.496985" lon="-79.202485"></trkpt><trkpt lat="41.496634" lon="-79.202392"></trkpt><trkpt lat="41.495975" lon="-79.202477"></trkpt><trkpt lat="41.495565" lon="-79.202323"></trkpt><trkpt lat="41.495150" lon="-79.202016"></trkpt><trkpt lat="41.494817" lon="-79.201490"></trkpt><trkpt lat="41.494780" lon="-79.201253"></trkpt><trkpt lat="41.494780" lon="-79.201092"></trkpt><trkpt lat="41.494988" lon="-79.200654"></trkpt><trkpt lat="41.495034" lon="-79.200411"></trkpt><trkpt lat="41.494764" lon="-79.199901"></trkpt><trkpt lat="41.494847" lon="-79.199243"></trkpt><trkpt lat="41.494766" lon="-79.198148"></trkpt><trkpt lat="41.494375" lon="-79.197170"></trkpt><trkpt lat="41.493841" lon="-79.196267"></trkpt><trkpt lat="41.492762" lon="-79.195391"></trkpt><trkpt lat="41.492419" lon="-79.195186"></trkpt><trkpt lat="41.491791" lon="-79.194584"></trkpt><trkpt lat="41.491545" lon="-79.194257"></trkpt><trkpt lat="41.491018" lon="-79.193807"></trkpt><trkpt lat="41.490797" lon="-79.193432"></trkpt><trkpt lat="41.489962" lon="-79.191513"></trkpt><trkpt lat="41.489089" lon="-79.190715"></trkpt><trkpt lat="41.488624" lon="-79.190156"></trkpt><trkpt lat="41.488200" lon="-79.189918"></trkpt><trkpt lat="41.487966" lon="-79.189889"></trkpt><trkpt lat="41.487323" lon="-79.189990"></trkpt><trkpt lat="41.486265" lon="-79.190413"></trkpt><trkpt lat="41.485877" lon="-79.190257"></trkpt><trkpt lat="41.485268" lon="-79.189702"></trkpt><trkpt lat="41.484918" lon="-79.188996"></trkpt><trkpt lat="41.484908" lon="-79.188639"></trkpt><trkpt lat="41.484798" lon="-79.188275"></trkpt><trkpt lat="41.484576" lon="-79.188041"></trkpt><trkpt lat="41.484546" lon="-79.186321"></trkpt><trkpt lat="41.484564" lon="-79.185900"></trkpt><trkpt lat="41.484635" lon="-79.185789"></trkpt><trkpt lat="41.484814" lon="-79.185787"></trkpt><trkpt lat="41.485167" lon="-79.186014"></trkpt><trkpt lat="41.485319" lon="-79.185973"></trkpt><trkpt lat="41.485495" lon="-79.186017"></trkpt><trkpt lat="41.486122" lon="-79.186693"></trkpt><trkpt lat="41.486347" lon="-79.186817"></trkpt><trkpt lat="41.486825" lon="-79.186779"></trkpt><trkpt lat="41.487044" lon="-79.186696"></trkpt><trkpt lat="41.487523" lon="-79.186890"></trkpt><trkpt lat="41.487912" lon="-79.186750"></trkpt><trkpt lat="41.488156" lon="-79.186872"></trkpt><trkpt lat="41.488445" lon="-79.186726"></trkpt><trkpt lat="41.488712" lon="-79.186319"></trkpt><trkpt lat="41.489188" lon="-79.185023"></trkpt><trkpt lat="41.489086" lon="-79.184442"></trkpt><trkpt lat="41.488731" lon="-79.183772"></trkpt><trkpt lat="41.488030" lon="-79.183198"></trkpt><trkpt lat="41.486877" lon="-79.182455"></trkpt><trkpt lat="41.486415" lon="-79.181806"></trkpt><trkpt lat="41.486123" lon="-79.181510"></trkpt><trkpt lat="41.485946" lon="-79.181137"></trkpt><trkpt lat="41.485837" lon="-79.180709"></trkpt><trkpt lat="41.485890" lon="-79.180262"></trkpt><trkpt lat="41.486202" lon="-79.179051"></trkpt><trkpt lat="41.486403" lon="-79.178615"></trkpt><trkpt lat="41.486362" lon="-79.178581"></trkpt><trkpt lat="41.486406" lon="-79.178313"></trkpt><trkpt lat="41.486318" lon="-79.175807"></trkpt><trkpt lat="41.486074" lon="-79.174958"></trkpt><trkpt lat="41.485391" lon="-79.173651"></trkpt><trkpt lat="41.485304" lon="-79.173133"></trkpt><trkpt lat="41.485123" lon="-79.172839"></trkpt><trkpt lat="41.484852" lon="-79.172110"></trkpt><trkpt lat="41.484763" lon="-79.171509"></trkpt><trkpt lat="41.484560" lon="-79.171187"></trkpt><trkpt lat="41.484391" lon="-79.171081"></trkpt><trkpt lat="41.484291" lon="-79.170861"></trkpt><trkpt lat="41.484337" lon="-79.166946"></trkpt><trkpt lat="41.484134" lon="-79.163261"></trkpt><trkpt lat="41.484418" lon="-79.162636"></trkpt><trkpt lat="41.484548" lon="-79.162158"></trkpt><trkpt lat="41.484404" lon="-79.162129"></trkpt><trkpt lat="41.483912" lon="-79.162267"></trkpt><trkpt lat="41.483729" lon="-79.158222"></trkpt><trkpt lat="41.483863" lon="-79.158035"></trkpt><trkpt lat="41.484205" lon="-79.157926"></trkpt><trkpt lat="41.484904" lon="-79.157449"></trkpt><trkpt lat="41.485202" lon="-79.157324"></trkpt><trkpt lat="41.485385" lon="-79.157003"></trkpt><trkpt lat="41.485741" lon="-79.155861"></trkpt><trkpt lat="41.485613" lon="-79.153380"></trkpt></trkseg></trk><trk><name>T010 LOC1647</name><trkseg><trkpt lat="41.505310" lon="-79.138980"></trkpt><trkpt lat="41.505212" lon="-79.137658"></trkpt><trkpt lat="41.504971" lon="-79.135808"></trkpt><trkpt lat="41.504719" lon="-79.135192"></trkpt><trkpt lat="41.503416" lon="-79.133456"></trkpt><trkpt lat="41.503749" lon="-79.132493"></trkpt><trkpt lat="41.503761" lon="-79.132103"></trkpt><trkpt lat="41.503504" lon="-79.131720"></trkpt><trkpt lat="41.502995" lon="-79.131269"></trkpt><trkpt lat="41.502752" lon="-79.130914"></trkpt><trkpt lat="41.502659" lon="-79.130644"></trkpt><trkpt lat="41.502609" lon="-79.130143"></trkpt><trkpt lat="41.502554" lon="-79.128960"></trkpt><trkpt lat="41.502872" lon="-79.127659"></trkpt><trkpt lat="41.503449" lon="-79.126190"></trkpt><trkpt lat="41.504908" lon="-79.123798"></trkpt><trkpt lat="41.505250" lon="-79.123337"></trkpt><trkpt lat="41.505722" lon="-79.123244"></trkpt><trkpt lat="41.505991" lon="-79.123081"></trkpt><trkpt lat="41.506130" lon="-79.122936"></trkpt><trkpt lat="41.506182" lon="-79.122408"></trkpt><trkpt lat="41.506572" lon="-79.122150"></trkpt></trkseg></trk><trk><name>T011 LOC1647</name><trkseg><trkpt lat="41.536552" lon="-79.138053"></trkpt><trkpt lat="41.535971" lon="-79.137754"></trkpt><trkpt lat="41.535206" lon="-79.137244"></trkpt><trkpt lat="41.530982" lon="-79.133716"></trkpt><trkpt lat="41.530521" lon="-79.133445"></trkpt><trkpt lat="41.529417" lon="-79.133153"></trkpt><trkpt lat="41.528487" lon="-79.132990"></trkpt><trkpt lat="41.527575" lon="-79.133035"></trkpt><trkpt lat="41.526737" lon="-79.133306"></trkpt><trkpt lat="41.526312" lon="-79.133509"></trkpt><trkpt lat="41.525543" lon="-79.133569"></trkpt><trkpt lat="41.523767" lon="-79.133183"></trkpt><trkpt lat="41.522724" lon="-79.132862"></trkpt><trkpt lat="41.522382" lon="-79.132884"></trkpt><trkpt lat="41.521668" lon="-79.133264"></trkpt><trkpt lat="41.520060" lon="-79.135216"></trkpt><trkpt lat="41.519526" lon="-79.135579"></trkpt><trkpt lat="41.518498" lon="-79.136076"></trkpt><trkpt lat="41.515609" lon="-79.136746"></trkpt><trkpt lat="41.513762" lon="-79.136739"></trkpt><trkpt lat="41.512535" lon="-79.136594"></trkpt><trkpt lat="41.511919" lon="-79.136408"></trkpt><trkpt lat="41.510667" lon="-79.136408"></trkpt><trkpt lat="41.509235" lon="-79.136940"></trkpt><trkpt lat="41.507191" lon="-79.138089"></trkpt><trkpt lat="41.505310" lon="-79.138980"></trkpt><trkpt lat="41.503071" lon="-79.140076"></trkpt><trkpt lat="41.502465" lon="-79.140501"></trkpt><trkpt lat="41.502200" lon="-79.140796"></trkpt><trkpt lat="41.501913" lon="-79.141451"></trkpt><trkpt lat="41.501171" lon="-79.144564"></trkpt><trkpt lat="41.500510" lon="-79.146607"></trkpt><trkpt lat="41.499929" lon="-79.147990"></trkpt><trkpt lat="41.499534" lon="-79.148588"></trkpt><trkpt lat="41.499215" lon="-79.148944"></trkpt><trkpt lat="41.498638" lon="-79.149440"></trkpt><trkpt lat="41.497191" lon="-79.150200"></trkpt><trkpt lat="41.493216" lon="-79.152853"></trkpt><trkpt lat="41.492384" lon="-79.153212"></trkpt><trkpt lat="41.490114" lon="-79.153168"></trkpt><trkpt lat="41.489169" lon="-79.153219"></trkpt><trkpt lat="41.487841" lon="-79.153508"></trkpt><trkpt lat="41.486586" lon="-79.153927"></trkpt><trkpt lat="41.486344" lon="-79.153958"></trkpt><trkpt lat="41.486172" lon="-79.153903"></trkpt><trkpt lat="41.485613" lon="-79.153380"></trkpt><trkpt lat="41.485092" lon="-79.152856"></trkpt><trkpt lat="41.484517" lon="-79.152405"></trkpt><trkpt lat="41.483426" lon="-79.151178"></trkpt><trkpt lat="41.482367" lon="-79.150322"></trkpt><trkpt lat="41.482212" lon="-79.150219"></trkpt><trkpt lat="41.481207" lon="-79.149900"></trkpt><trkpt lat="41.480998" lon="-79.149762"></trkpt><trkpt lat="41.480221" lon="-79.148467"></trkpt><trkpt lat="41.479095" lon="-79.145672"></trkpt><trkpt lat="41.478871" lon="-79.144673"></trkpt><trkpt lat="41.478596" lon="-79.142645"></trkpt><trkpt lat="41.478326" lon="-79.141586"></trkpt><trkpt lat="41.477519" lon="-79.140711"></trkpt><trkpt lat="41.476267" lon="-79.139010"></trkpt><trkpt lat="41.476106" lon="-79.138512"></trkpt><trkpt lat="41.476064" lon="-79.137591"></trkpt><trkpt lat="41.475559" lon="-79.135917"></trkpt><trkpt lat="41.475184" lon="-79.135520"></trkpt><trkpt lat="41.474894" lon="-79.134870"></trkpt><trkpt lat="41.474747" lon="-79.134683"></trkpt><trkpt lat="41.474454" lon="-79.134428"></trkpt><trkpt lat="41.473822" lon="-79.134326"></trkpt><trkpt lat="41.473377" lon="-79.134099"></trkpt><trkpt lat="41.472965" lon="-79.133668"></trkpt><trkpt lat="41.472695" lon="-79.133149"></trkpt><trkpt lat="41.472625" lon="-79.131055"></trkpt><trkpt lat="41.472659" lon="-79.128168"></trkpt><trkpt lat="41.472645" lon="-79.123402"></trkpt><trkpt lat="41.480228" lon="-79.123339"></trkpt><trkpt lat="41.480486" lon="-79.123188"></trkpt><trkpt lat="41.482943" lon="-79.120865"></trkpt><trkpt lat="41.486911" lon="-79.117301"></trkpt><trkpt lat="41.489365" lon="-79.115912"></trkpt><trkpt lat="41.489670" lon="-79.115796"></trkpt><trkpt lat="41.490101" lon="-79.115747"></trkpt><trkpt lat="41.490804" lon="-79.115787"></trkpt><trkpt lat="41.493988" lon="-79.116605"></trkpt><trkpt lat="41.496535" lon="-79.117010"></trkpt><trkpt lat="41.498996" lon="-79.117706"></trkpt><trkpt lat="41.499413" lon="-79.117885"></trkpt><trkpt lat="41.500754" lon="-79.118889"></trkpt><trkpt lat="41.502850" lon="-79.120937"></trkpt><trkpt lat="41.503434" lon="-79.121411"></trkpt><trkpt lat="41.503805" lon="-79.121532"></trkpt><trkpt lat="41.504687" lon="-79.121471"></trkpt><trkpt lat="41.505653" lon="-79.121587"></trkpt><trkpt lat="41.505870" lon="-79.121664"></trkpt><trkpt lat="41.507026" lon="-79.122422"></trkpt><trkpt lat="41.507478" lon="-79.122493"></trkpt><trkpt lat="41.508144" lon="-79.122497"></trkpt><trkpt lat="41.509528" lon="-79.122278"></trkpt><trkpt lat="41.510005" lon="-79.122288"></trkpt><trkpt lat="41.513237" lon="-79.123261"></trkpt><trkpt lat="41.513678" lon="-79.123248"></trkpt><trkpt lat="41.515187" lon="-79.122977"></trkpt><trkpt lat="41.517519" lon="-79.122406"></trkpt><trkpt lat="41.519761" lon="-79.122329"></trkpt><trkpt lat="41.524840" lon="-79.122290"></trkpt><trkpt lat="41.528313" lon="-79.122094"></trkpt><trkpt lat="41.528594" lon="-79.122218"></trkpt><trkpt lat="41.529795" lon="-79.123478"></trkpt><trkpt lat="41.530085" lon="-79.123601"></trkpt><trkpt lat="41.530732" lon="-79.124074"></trkpt><trkpt lat="41.532185" lon="-79.125338"></trkpt><trkpt lat="41.545598" lon="-79.124867"></trkpt><trkpt lat="41.547506" lon="-79.124776"></trkpt><trkpt lat="41.549781" lon="-79.124578"></trkpt><trkpt lat="41.550151" lon="-79.124592"></trkpt><trkpt lat="41.550395" lon="-79.124693"></trkpt><trkpt lat="41.551059" lon="-79.125633"></trkpt><trkpt lat="41.551223" lon="-79.125736"></trkpt><trkpt lat="41.551820" lon="-79.125886"></trkpt><trkpt lat="41.552108" lon="-79.125890"></trkpt><trkpt lat="41.552377" lon="-79.125786"></trkpt><trkpt lat="41.552589" lon="-79.125552"></trkpt><trkpt lat="41.553238" lon="-79.124478"></trkpt><trkpt lat="41.553459" lon="-79.124244"></trkpt><trkpt lat="41.553682" lon="-79.124070"></trkpt><trkpt lat="41.554478" lon="-79.123759"></trkpt><trkpt lat="41.556193" lon="-79.122319"></trkpt><trkpt lat="41.556772" lon="-79.121918"></trkpt><trkpt lat="41.559493" lon="-79.122535"></trkpt><trkpt lat="41.559781" lon="-79.122539"></trkpt><trkpt lat="41.560247" lon="-79.122381"></trkpt><trkpt lat="41.560654" lon="-79.121914"></trkpt><trkpt lat="41.561129" lon="-79.121768"></trkpt><trkpt lat="41.561616" lon="-79.121286"></trkpt><trkpt lat="41.561742" lon="-79.121235"></trkpt><trkpt lat="41.562670" lon="-79.121292"></trkpt><trkpt lat="41.564112" lon="-79.120758"></trkpt><trkpt lat="41.565831" lon="-79.120720"></trkpt><trkpt lat="41.566397" lon="-79.120608"></trkpt><trkpt lat="41.566650" lon="-79.120661"></trkpt><trkpt lat="41.567931" lon="-79.121307"></trkpt><trkpt lat="41.568175" lon="-79.121360"></trkpt><trkpt lat="41.569104" lon="-79.121453"></trkpt><trkpt lat="41.571969" lon="-79.121514"></trkpt><trkpt lat="41.573835" lon="-79.119409"></trkpt><trkpt lat="41.574267" lon="-79.118821"></trkpt><trkpt lat="41.576264" lon="-79.115932"></trkpt><trkpt lat="41.577289" lon="-79.114151"></trkpt><trkpt lat="41.582158" lon="-79.104077"></trkpt><trkpt lat="41.585272" lon="-79.097424"></trkpt><trkpt lat="41.587217" lon="-79.093612"></trkpt><trkpt lat="41.590049" lon="-79.087842"></trkpt><trkpt lat="41.591868" lon="-79.083505"></trkpt><trkpt lat="41.592558" lon="-79.081109"></trkpt><trkpt lat="41.594387" lon="-79.077384"></trkpt><trkpt lat="41.594704" lon="-79.076414"></trkpt><trkpt lat="41.594677" lon="-79.074807"></trkpt><trkpt lat="41.594206" lon="-79.073070"></trkpt><trkpt lat="41.593054" lon="-79.069877"></trkpt><trkpt lat="41.591945" lon="-79.068182"></trkpt><trkpt lat="41.591727" lon="-79.067577"></trkpt><trkpt lat="41.591509" lon="-79.066359"></trkpt><trkpt lat="41.591396" lon="-79.066099"></trkpt><trkpt lat="41.591029" lon="-79.065666"></trkpt><trkpt lat="41.590923" lon="-79.065297"></trkpt><trkpt lat="41.591007" lon="-79.064935"></trkpt><trkpt lat="41.591469" lon="-79.063973"></trkpt><trkpt lat="41.591732" lon="-79.061950"></trkpt><trkpt lat="41.592244" lon="-79.060279"></trkpt><trkpt lat="41.592498" lon="-79.059827"></trkpt><trkpt lat="41.593565" lon="-79.058499"></trkpt><trkpt lat="41.595453" lon="-79.055635"></trkpt><trkpt lat="41.596186" lon="-79.054221"></trkpt><trkpt lat="41.596923" lon="-79.051512"></trkpt><trkpt lat="41.596852" lon="-79.049966"></trkpt><trkpt lat="41.596476" lon="-79.049029"></trkpt><trkpt lat="41.596199" lon="-79.048618"></trkpt><trkpt lat="41.595602" lon="-79.047940"></trkpt><trkpt lat="41.594271" lon="-79.046984"></trkpt><trkpt lat="41.593749" lon="-79.046532"></trkpt><trkpt lat="41.592985" lon="-79.046087"></trkpt><trkpt lat="41.592386" lon="-79.045289"></trkpt><trkpt lat="41.591819" lon="-79.044767"></trkpt><trkpt lat="41.591103" lon="-79.044512"></trkpt><trkpt lat="41.588967" lon="-79.044397"></trkpt><trkpt lat="41.588394" lon="-79.044606"></trkpt><trkpt lat="41.587521" lon="-79.045184"></trkpt><trkpt lat="41.587180" lon="-79.045242"></trkpt><trkpt lat="41.586926" lon="-79.045142"></trkpt><trkpt lat="41.586776" lon="-79.044823"></trkpt></trkseg></trk><trk><name>T012 LOC1647</name><trkseg><trkpt lat="41.520069" lon="-78.965727"></trkpt><trkpt lat="41.519774" lon="-78.965853"></trkpt><trkpt lat="41.519257" lon="-78.965662"></trkpt><trkpt lat="41.517383" lon="-78.965752"></trkpt><trkpt lat="41.517025" lon="-78.965539"></trkpt><trkpt lat="41.516174" lon="-78.964686"></trkpt><trkpt lat="41.515944" lon="-78.964582"></trkpt><trkpt lat="41.515730" lon="-78.964614"></trkpt><trkpt lat="41.514483" lon="-78.965183"></trkpt><trkpt lat="41.514064" lon="-78.965560"></trkpt><trkpt lat="41.513376" lon="-78.966962"></trkpt><trkpt lat="41.512393" lon="-78.967925"></trkpt><trkpt lat="41.511748" lon="-78.968701"></trkpt><trkpt lat="41.511449" lon="-78.968881"></trkpt><trkpt lat="41.511144" lon="-78.968928"></trkpt><trkpt lat="41.510597" lon="-78.969199"></trkpt><trkpt lat="41.509783" lon="-78.969714"></trkpt><trkpt lat="41.509589" lon="-78.969726"></trkpt><trkpt lat="41.509365" lon="-78.969612"></trkpt><trkpt lat="41.508777" lon="-78.969096"></trkpt><trkpt lat="41.508367" lon="-78.968577"></trkpt><trkpt lat="41.507682" lon="-78.967978"></trkpt><trkpt lat="41.505887" lon="-78.965342"></trkpt><trkpt lat="41.505729" lon="-78.964759"></trkpt><trkpt lat="41.505682" lon="-78.964094"></trkpt><trkpt lat="41.506039" lon="-78.962293"></trkpt><trkpt lat="41.505948" lon="-78.961880"></trkpt><trkpt lat="41.505667" lon="-78.961671"></trkpt><trkpt lat="41.505347" lon="-78.961709"></trkpt><trkpt lat="41.504871" lon="-78.961970"></trkpt><trkpt lat="41.504731" lon="-78.961956"></trkpt><trkpt lat="41.504372" lon="-78.961749"></trkpt><trkpt lat="41.503951" lon="-78.961731"></trkpt><trkpt lat="41.503286" lon="-78.962133"></trkpt><trkpt lat="41.502805" lon="-78.962668"></trkpt><trkpt lat="41.502597" lon="-78.963013"></trkpt><trkpt lat="41.502329" lon="-78.963710"></trkpt><trkpt lat="41.501809" lon="-78.964320"></trkpt><trkpt lat="41.501378" lon="-78.965197"></trkpt><trkpt lat="41.500531" lon="-78.966277"></trkpt><trkpt lat="41.499782" lon="-78.967464"></trkpt><trkpt lat="41.499006" lon="-78.969016"></trkpt><trkpt lat="41.498052" lon="-78.969842"></trkpt><trkpt lat="41.497681" lon="-78.970296"></trkpt><trkpt lat="41.497304" lon="-78.971178"></trkpt><trkpt lat="41.497093" lon="-78.971923"></trkpt><trkpt lat="41.496809" lon="-78.973650"></trkpt><trkpt lat="41.496763" lon="-78.974992"></trkpt><trkpt lat="41.496659" lon="-78.975322"></trkpt><trkpt lat="41.495914" lon="-78.975858"></trkpt><trkpt lat="41.495490" lon="-78.976464"></trkpt><trkpt lat="41.495192" lon="-78.976714"></trkpt><trkpt lat="41.494967" lon="-78.976765"></trkpt><trkpt lat="41.493598" lon="-78.976600"></trkpt><trkpt lat="41.493324" lon="-78.976676"></trkpt><trkpt lat="41.493030" lon="-78.976784"></trkpt><trkpt lat="41.492377" lon="-78.977477"></trkpt><trkpt lat="41.492185" lon="-78.977591"></trkpt><trkpt lat="41.491481" lon="-78.977760"></trkpt><trkpt lat="41.491019" lon="-78.977711"></trkpt><trkpt lat="41.490777" lon="-78.977595"></trkpt><trkpt lat="41.490272" lon="-78.976947"></trkpt><trkpt lat="41.490292" lon="-78.976150"></trkpt><trkpt lat="41.490237" lon="-78.975781"></trkpt><trkpt lat="41.490053" lon="-78.974786"></trkpt><trkpt lat="41.489779" lon="-78.974058"></trkpt><trkpt lat="41.489752" lon="-78.973469"></trkpt><trkpt lat="41.490257" lon="-78.971783"></trkpt><trkpt lat="41.490193" lon="-78.971096"></trkpt><trkpt lat="41.489528" lon="-78.969573"></trkpt><trkpt lat="41.488123" lon="-78.967465"></trkpt><trkpt lat="41.487538" lon="-78.966880"></trkpt><trkpt lat="41.486754" lon="-78.966643"></trkpt><trkpt lat="41.486336" lon="-78.966607"></trkpt><trkpt lat="41.484982" lon="-78.967024"></trkpt><trkpt lat="41.484413" lon="-78.967428"></trkpt><trkpt lat="41.484143" lon="-78.967513"></trkpt><trkpt lat="41.483656" lon="-78.967570"></trkpt><trkpt lat="41.482702" lon="-78.967462"></trkpt><trkpt lat="41.480641" lon="-78.967572"></trkpt><trkpt lat="41.479175" lon="-78.967851"></trkpt><trkpt lat="41.479003" lon="-78.967926"></trkpt><trkpt lat="41.478710" lon="-78.968210"></trkpt><trkpt lat="41.478542" lon="-78.968607"></trkpt><trkpt lat="41.478436" lon="-78.969117"></trkpt><trkpt lat="41.478464" lon="-78.972448"></trkpt><trkpt lat="41.478378" lon="-78.973461"></trkpt><trkpt lat="41.478215" lon="-78.974072"></trkpt><trkpt lat="41.478103" lon="-78.976201"></trkpt><trkpt lat="41.478269" lon="-78.978601"></trkpt><trkpt lat="41.478387" lon="-78.979444"></trkpt><trkpt lat="41.478706" lon="-78.980366"></trkpt><trkpt lat="41.480194" lon="-78.983321"></trkpt><trkpt lat="41.480325" lon="-78.983719"></trkpt><trkpt lat="41.480766" lon="-78.984279"></trkpt><trkpt lat="41.481389" lon="-78.984753"></trkpt><trkpt lat="41.482960" lon="-78.985460"></trkpt><trkpt lat="41.483550" lon="-78.985794"></trkpt><trkpt lat="41.484680" lon="-78.987655"></trkpt><trkpt lat="41.485157" lon="-78.988066"></trkpt><trkpt lat="41.485588" lon="-78.988638"></trkpt><trkpt lat="41.488057" lon="-78.991373"></trkpt><trkpt lat="41.489121" lon="-78.992403"></trkpt><trkpt lat="41.489825" lon="-78.992860"></trkpt><trkpt lat="41.492401" lon="-78.994093"></trkpt><trkpt lat="41.493648" lon="-78.994779"></trkpt><trkpt lat="41.493669" lon="-78.993979"></trkpt><trkpt lat="41.494218" lon="-78.993873"></trkpt><trkpt lat="41.494775" lon="-78.993538"></trkpt><trkpt lat="41.495267" lon="-78.993540"></trkpt><trkpt lat="41.496298" lon="-78.993820"></trkpt><trkpt lat="41.496983" lon="-78.994270"></trkpt><trkpt lat="41.498140" lon="-78.994816"></trkpt><trkpt lat="41.498680" lon="-78.995335"></trkpt><trkpt lat="41.499226" lon="-78.995572"></trkpt><trkpt lat="41.499793" lon="-78.995968"></trkpt><trkpt lat="41.500074" lon="-78.996006"></trkpt><trkpt lat="41.500987" lon="-78.995470"></trkpt><trkpt lat="41.501269" lon="-78.995205"></trkpt><trkpt lat="41.501422" lon="-78.994470"></trkpt><trkpt lat="41.501736" lon="-78.993996"></trkpt><trkpt lat="41.501806" lon="-78.993744"></trkpt><trkpt lat="41.502120" lon="-78.991908"></trkpt><trkpt lat="41.502180" lon="-78.991059"></trkpt><trkpt lat="41.502409" lon="-78.989848"></trkpt><trkpt lat="41.502257" lon="-78.987839"></trkpt><trkpt lat="41.502390" lon="-78.985854"></trkpt><trkpt lat="41.502279" lon="-78.984228"></trkpt><trkpt lat="41.502430" lon="-78.982477"></trkpt><trkpt lat="41.502262" lon="-78.980232"></trkpt><trkpt lat="41.502112" lon="-78.979197"></trkpt><trkpt lat="41.502210" lon="-78.978797"></trkpt><trkpt lat="41.502669" lon="-78.978258"></trkpt><trkpt lat="41.503031" lon="-78.977497"></trkpt><trkpt lat="41.503159" lon="-78.977442"></trkpt><trkpt lat="41.503508" lon="-78.977488"></trkpt><trkpt lat="41.504351" lon="-78.977996"></trkpt><trkpt lat="41.504767" lon="-78.978018"></trkpt><trkpt lat="41.505183" lon="-78.978323"></trkpt><trkpt lat="41.505483" lon="-78.978787"></trkpt><trkpt lat="41.505706" lon="-78.979664"></trkpt><trkpt lat="41.505729" lon="-78.980299"></trkpt><trkpt lat="41.505842" lon="-78.980881"></trkpt><trkpt lat="41.505943" lon="-78.981017"></trkpt><trkpt lat="41.506180" lon="-78.981156"></trkpt><trkpt lat="41.506419" lon="-78.981158"></trkpt><trkpt lat="41.507021" lon="-78.980933"></trkpt><trkpt lat="41.508374" lon="-78.980023"></trkpt><trkpt lat="41.508673" lon="-78.979902"></trkpt><trkpt lat="41.509125" lon="-78.979914"></trkpt><trkpt lat="41.510147" lon="-78.980268"></trkpt><trkpt lat="41.510673" lon="-78.980209"></trkpt><trkpt lat="41.511566" lon="-78.979947"></trkpt><trkpt lat="41.512006" lon="-78.979960"></trkpt><trkpt lat="41.512144" lon="-78.979823"></trkpt><trkpt lat="41.512669" lon="-78.978741"></trkpt><trkpt lat="41.513177" lon="-78.978093"></trkpt><trkpt lat="41.513567" lon="-78.977361"></trkpt><trkpt lat="41.514453" lon="-78.976718"></trkpt><trkpt lat="41.514641" lon="-78.976655"></trkpt><trkpt lat="41.514993" lon="-78.976673"></trkpt><trkpt lat="41.515212" lon="-78.976517"></trkpt><trkpt lat="41.515458" lon="-78.975956"></trkpt><trkpt lat="41.515760" lon="-78.974829"></trkpt><trkpt lat="41.516010" lon="-78.974365"></trkpt><trkpt lat="41.516959" lon="-78.973051"></trkpt><trkpt lat="41.517644" lon="-78.972339"></trkpt><trkpt lat="41.518182" lon="-78.971540"></trkpt><trkpt lat="41.518453" lon="-78.970981"></trkpt><trkpt lat="41.518552" lon="-78.970881"></trkpt><trkpt lat="41.518671" lon="-78.970888"></trkpt><trkpt lat="41.519237" lon="-78.971221"></trkpt><trkpt lat="41.519817" lon="-78.971467"></trkpt><trkpt lat="41.519963" lon="-78.971449"></trkpt></trkseg></trk><trk><name>T013 LOC1647</name><trkseg><trkpt lat="41.469747" lon="-79.026979"></trkpt><trkpt lat="41.469826" lon="-79.027636"></trkpt><trkpt lat="41.470401" lon="-79.030217"></trkpt><trkpt lat="41.471026" lon="-79.034066"></trkpt><trkpt lat="41.471693" lon="-79.036765"></trkpt><trkpt lat="41.471664" lon="-79.040322"></trkpt><trkpt lat="41.471927" lon="-79.042027"></trkpt><trkpt lat="41.472001" lon="-79.043174"></trkpt><trkpt lat="41.471986" lon="-79.044947"></trkpt><trkpt lat="41.472056" lon="-79.046442"></trkpt><trkpt lat="41.472117" lon="-79.046811"></trkpt><trkpt lat="41.472296" lon="-79.047297"></trkpt><trkpt lat="41.473338" lon="-79.049253"></trkpt><trkpt lat="41.473524" lon="-79.050122"></trkpt><trkpt lat="41.473598" lon="-79.055533"></trkpt><trkpt lat="41.473681" lon="-79.056201"></trkpt><trkpt lat="41.474407" lon="-79.059185"></trkpt><trkpt lat="41.474732" lon="-79.060828"></trkpt><trkpt lat="41.474582" lon="-79.063683"></trkpt><trkpt lat="41.474461" lon="-79.064561"></trkpt><trkpt lat="41.474553" lon="-79.065708"></trkpt><trkpt lat="41.474795" lon="-79.066718"></trkpt><trkpt lat="41.474848" lon="-79.068824"></trkpt><trkpt lat="41.474712" lon="-79.069811"></trkpt><trkpt lat="41.474512" lon="-79.070236"></trkpt><trkpt lat="41.472877" lon="-79.072679"></trkpt><trkpt lat="41.472072" lon="-79.073541"></trkpt><trkpt lat="41.471561" lon="-79.074203"></trkpt><trkpt lat="41.471373" lon="-79.074807"></trkpt><trkpt lat="41.470719" lon="-79.078791"></trkpt><trkpt lat="41.470724" lon="-79.079114"></trkpt><trkpt lat="41.471228" lon="-79.081242"></trkpt><trkpt lat="41.471282" lon="-79.081780"></trkpt><trkpt lat="41.471093" lon="-79.085581"></trkpt><trkpt lat="41.471897" lon="-79.088971"></trkpt><trkpt lat="41.471997" lon="-79.089555"></trkpt><trkpt lat="41.471997" lon="-79.090058"></trkpt><trkpt lat="41.471797" lon="-79.094842"></trkpt><trkpt lat="41.471503" lon="-79.096167"></trkpt><trkpt lat="41.471171" lon="-79.096776"></trkpt><trkpt lat="41.470676" lon="-79.097305"></trkpt><trkpt lat="41.469926" lon="-79.097734"></trkpt><trkpt lat="41.469695" lon="-79.097933"></trkpt><trkpt lat="41.469362" lon="-79.098469"></trkpt><trkpt lat="41.469244" lon="-79.098964"></trkpt><trkpt lat="41.469105" lon="-79.123432"></trkpt><trkpt lat="41.472659" lon="-79.128168"></trkpt></trkseg></trk><trk><name>T014 LOC1647</name><trkseg><trkpt lat="41.542557" lon="-79.242179"></trkpt><trkpt lat="41.542683" lon="-79.241612"></trkpt><trkpt lat="41.542889" lon="-79.240822"></trkpt><trkpt lat="41.542959" lon="-79.239785"></trkpt><trkpt lat="41.542756" lon="-79.234432"></trkpt><trkpt lat="41.542339" lon="-79.230901"></trkpt><trkpt lat="41.541902" lon="-79.229441"></trkpt><trkpt lat="41.541606" lon="-79.225930"></trkpt><trkpt lat="41.541512" lon="-79.225427"></trkpt><trkpt lat="41.541349" lon="-79.224925"></trkpt><trkpt lat="41.541082" lon="-79.224404"></trkpt><trkpt lat="41.540303" lon="-79.223183"></trkpt><trkpt lat="41.540102" lon="-79.222430"></trkpt><trkpt lat="41.540100" lon="-79.221188"></trkpt><trkpt lat="41.540249" lon="-79.220793"></trkpt><trkpt lat="41.540686" lon="-79.220022"></trkpt><trkpt lat="41.540792" lon="-79.216799"></trkpt><trkpt lat="41.540763" lon="-79.216087"></trkpt><trkpt lat="41.540552" lon="-79.214690"></trkpt><trkpt lat="41.539526" lon="-79.210900"></trkpt><trkpt lat="41.538561" lon="-79.207914"></trkpt><trkpt lat="41.538486" lon="-79.207318"></trkpt><trkpt lat="41.538488" lon="-79.206375"></trkpt><trkpt lat="41.538318" lon="-79.205437"></trkpt><trkpt lat="41.536959" lon="-79.203566"></trkpt><trkpt lat="41.536773" lon="-79.202720"></trkpt><trkpt lat="41.536763" lon="-79.202077"></trkpt><trkpt lat="41.536860" lon="-79.201614"></trkpt><trkpt lat="41.537242" lon="-79.200660"></trkpt><trkpt lat="41.537798" lon="-79.199748"></trkpt><trkpt lat="41.538048" lon="-79.199189"></trkpt><trkpt lat="41.538611" lon="-79.197679"></trkpt><trkpt lat="41.538669" lon="-79.196964"></trkpt><trkpt lat="41.538612" lon="-79.196598"></trkpt><trkpt lat="41.538134" lon="-79.195898"></trkpt><trkpt lat="41.537085" lon="-79.195076"></trkpt><trkpt lat="41.536073" lon="-79.194392"></trkpt><trkpt lat="41.535703" lon="-79.193919"></trkpt><trkpt lat="41.535560" lon="-79.193578"></trkpt><trkpt lat="41.535391" lon="-79.192732"></trkpt><trkpt lat="41.535461" lon="-79.191718"></trkpt><trkpt lat="41.535382" lon="-79.191076"></trkpt><trkpt lat="41.534960" lon="-79.190582"></trkpt><trkpt lat="41.534579" lon="-79.190501"></trkpt><trkpt lat="41.533650" lon="-79.190757"></trkpt><trkpt lat="41.532664" lon="-79.190646"></trkpt><trkpt lat="41.532178" lon="-79.190453"></trkpt><trkpt lat="41.531480" lon="-79.190035"></trkpt><trkpt lat="41.531099" lon="-79.189931"></trkpt><trkpt lat="41.530805" lon="-79.189916"></trkpt><trkpt lat="41.529832" lon="-79.190193"></trkpt><trkpt lat="41.529296" lon="-79.190085"></trkpt><trkpt lat="41.528748" lon="-79.189641"></trkpt><trkpt lat="41.528480" lon="-79.189199"></trkpt><trkpt lat="41.528209" lon="-79.188471"></trkpt><trkpt lat="41.527644" lon="-79.187636"></trkpt><trkpt lat="41.526044" lon="-79.185818"></trkpt><trkpt lat="41.525180" lon="-79.184715"></trkpt><trkpt lat="41.524753" lon="-79.183877"></trkpt><trkpt lat="41.524408" lon="-79.182829"></trkpt><trkpt lat="41.524019" lon="-79.181161"></trkpt><trkpt lat="41.524002" lon="-79.178977"></trkpt><trkpt lat="41.523885" lon="-79.178153"></trkpt><trkpt lat="41.522622" lon="-79.175797"></trkpt><trkpt lat="41.522511" lon="-79.175386"></trkpt><trkpt lat="41.522029" lon="-79.174365"></trkpt><trkpt lat="41.521337" lon="-79.173189"></trkpt><trkpt lat="41.520817" lon="-79.172008"></trkpt><trkpt lat="41.520670" lon="-79.171460"></trkpt><trkpt lat="41.520688" lon="-79.170402"></trkpt><trkpt lat="41.520943" lon="-79.169310"></trkpt><trkpt lat="41.521158" lon="-79.168797"></trkpt><trkpt lat="41.521703" lon="-79.168607"></trkpt><trkpt lat="41.522318" lon="-79.168632"></trkpt><trkpt lat="41.522800" lon="-79.168549"></trkpt><trkpt lat="41.522953" lon="-79.168407"></trkpt><trkpt lat="41.525236" lon="-79.167538"></trkpt><trkpt lat="41.525563" lon="-79.167506"></trkpt><trkpt lat="41.526360" lon="-79.167644"></trkpt><trkpt lat="41.526600" lon="-79.167568"></trkpt><trkpt lat="41.526975" lon="-79.167213"></trkpt><trkpt lat="41.527395" lon="-79.166453"></trkpt><trkpt lat="41.527970" lon="-79.165713"></trkpt><trkpt lat="41.528270" lon="-79.165038"></trkpt><trkpt lat="41.528326" lon="-79.164255"></trkpt><trkpt lat="41.528284" lon="-79.163773"></trkpt><trkpt lat="41.527856" lon="-79.162911"></trkpt><trkpt lat="41.527781" lon="-79.162545"></trkpt><trkpt lat="41.527731" lon="-79.161604"></trkpt><trkpt lat="41.527470" lon="-79.159289"></trkpt><trkpt lat="41.527481" lon="-79.158898"></trkpt><trkpt lat="41.527882" lon="-79.156978"></trkpt><trkpt lat="41.528048" lon="-79.156582"></trkpt><trkpt lat="41.528470" lon="-79.155996"></trkpt><trkpt lat="41.529219" lon="-79.155330"></trkpt><trkpt lat="41.529592" lon="-79.154883"></trkpt><trkpt lat="41.530138" lon="-79.154477"></trkpt><trkpt lat="41.530629" lon="-79.153888"></trkpt><trkpt lat="41.531273" lon="-79.152053"></trkpt><trkpt lat="41.532107" lon="-79.149155"></trkpt><trkpt lat="41.532529" lon="-79.148325"></trkpt><trkpt lat="41.532814" lon="-79.148008"></trkpt><trkpt lat="41.535102" lon="-79.146402"></trkpt><trkpt lat="41.535475" lon="-79.145954"></trkpt><trkpt lat="41.535879" lon="-79.145322"></trkpt><trkpt lat="41.536411" lon="-79.144019"></trkpt><trkpt lat="41.536586" lon="-79.143094"></trkpt><trkpt lat="41.536656" lon="-79.142103"></trkpt><trkpt lat="41.536287" lon="-79.139584"></trkpt><trkpt lat="41.536376" lon="-79.138684"></trkpt><trkpt lat="41.536704" lon="-79.137617"></trkpt><trkpt lat="41.536847" lon="-79.136831"></trkpt><trkpt lat="41.536901" lon="-79.134875"></trkpt><trkpt lat="41.536786" lon="-79.134142"></trkpt><trkpt lat="41.536289" lon="-79.133306"></trkpt><trkpt lat="41.535819" lon="-79.133066"></trkpt><trkpt lat="41.535142" lon="-79.132879"></trkpt><trkpt lat="41.534863" lon="-79.132703"></trkpt><trkpt lat="41.534651" lon="-79.132387"></trkpt><trkpt lat="41.534381" lon="-79.131705"></trkpt><trkpt lat="41.534435" lon="-79.130783"></trkpt><trkpt lat="41.534341" lon="-79.130326"></trkpt><trkpt lat="41.533859" lon="-79.129351"></trkpt><trkpt lat="41.532921" lon="-79.127952"></trkpt><trkpt lat="41.532648" lon="-79.127063"></trkpt><trkpt lat="41.532325" lon="-79.125323"></trkpt></trkseg></trk><trk><name>T015 LOC1647</name><trkseg><trkpt lat="41.400570" lon="-79.082320"></trkpt><trkpt lat="41.400776" lon="-79.082161"></trkpt><trkpt lat="41.401134" lon="-79.082170"></trkpt><trkpt lat="41.401526" lon="-79.082517"></trkpt><trkpt lat="41.402623" lon="-79.083830"></trkpt><trkpt lat="41.403434" lon="-79.084450"></trkpt><trkpt lat="41.403826" lon="-79.084585"></trkpt><trkpt lat="41.404884" lon="-79.084180"></trkpt><trkpt lat="41.406791" lon="-79.083725"></trkpt><trkpt lat="41.407225" lon="-79.083735"></trkpt><trkpt lat="41.407636" lon="-79.083886"></trkpt><trkpt lat="41.408000" lon="-79.084110"></trkpt><trkpt lat="41.408359" lon="-79.084200"></trkpt><trkpt lat="41.408741" lon="-79.084113"></trkpt><trkpt lat="41.410579" lon="-79.083446"></trkpt><trkpt lat="41.411353" lon="-79.083113"></trkpt><trkpt lat="41.412088" lon="-79.082469"></trkpt><trkpt lat="41.412907" lon="-79.081590"></trkpt><trkpt lat="41.413094" lon="-79.081301"></trkpt><trkpt lat="41.413250" lon="-79.080910"></trkpt><trkpt lat="41.413837" lon="-79.078374"></trkpt><trkpt lat="41.414189" lon="-79.077345"></trkpt><trkpt lat="41.417115" lon="-79.071527"></trkpt><trkpt lat="41.417476" lon="-79.071124"></trkpt><trkpt lat="41.417893" lon="-79.070838"></trkpt><trkpt lat="41.419586" lon="-79.070010"></trkpt><trkpt lat="41.419966" lon="-79.069790"></trkpt><trkpt lat="41.420311" lon="-79.069484"></trkpt><trkpt lat="41.420641" lon="-79.069136"></trkpt><trkpt lat="41.421315" lon="-79.068073"></trkpt><trkpt lat="41.421921" lon="-79.067370"></trkpt><trkpt lat="41.422225" lon="-79.066874"></trkpt><trkpt lat="41.422451" lon="-79.066058"></trkpt><trkpt lat="41.422224" lon="-79.064815"></trkpt><trkpt lat="41.422208" lon="-79.062680"></trkpt><trkpt lat="41.421981" lon="-79.061797"></trkpt><trkpt lat="41.421345" lon="-79.060614"></trkpt><trkpt lat="41.421205" lon="-79.060106"></trkpt><trkpt lat="41.421146" lon="-79.059519"></trkpt><trkpt lat="41.421284" lon="-79.057653"></trkpt><trkpt lat="41.421208" lon="-79.056993"></trkpt><trkpt lat="41.421042" lon="-79.056602"></trkpt><trkpt lat="41.419727" lon="-79.054913"></trkpt><trkpt lat="41.419591" lon="-79.054660"></trkpt><trkpt lat="41.419404" lon="-79.054057"></trkpt><trkpt lat="41.419348" lon="-79.053490"></trkpt><trkpt lat="41.419406" lon="-79.052781"></trkpt><trkpt lat="41.419492" lon="-79.052492"></trkpt><trkpt lat="41.421270" lon="-79.047693"></trkpt><trkpt lat="41.421427" lon="-79.047040"></trkpt><trkpt lat="41.421423" lon="-79.043670"></trkpt><trkpt lat="41.421473" lon="-79.041843"></trkpt><trkpt lat="41.421543" lon="-79.041306"></trkpt><trkpt lat="41.421931" lon="-79.040142"></trkpt><trkpt lat="41.422283" lon="-79.039524"></trkpt><trkpt lat="41.422679" lon="-79.039160"></trkpt><trkpt lat="41.423542" lon="-79.038834"></trkpt><trkpt lat="41.424548" lon="-79.038157"></trkpt><trkpt lat="41.425598" lon="-79.037166"></trkpt><trkpt lat="41.427423" lon="-79.035237"></trkpt><trkpt lat="41.428046" lon="-79.034812"></trkpt><trkpt lat="41.428540" lon="-79.034574"></trkpt><trkpt lat="41.428845" lon="-79.034113"></trkpt><trkpt lat="41.429012" lon="-79.033574"></trkpt><trkpt lat="41.429029" lon="-79.032806"></trkpt><trkpt lat="41.428922" lon="-79.031928"></trkpt><trkpt lat="41.428626" lon="-79.030508"></trkpt><trkpt lat="41.428591" lon="-79.029274"></trkpt><trkpt lat="41.428748" lon="-79.028149"></trkpt><trkpt lat="41.429690" lon="-79.024153"></trkpt><trkpt lat="41.429893" lon="-79.023631"></trkpt><trkpt lat="41.430119" lon="-79.023340"></trkpt><trkpt lat="41.431136" lon="-79.022397"></trkpt><trkpt lat="41.432806" lon="-79.021064"></trkpt><trkpt lat="41.433003" lon="-79.020794"></trkpt><trkpt lat="41.435048" lon="-79.014783"></trkpt><trkpt lat="41.435480" lon="-79.014009"></trkpt><trkpt lat="41.436013" lon="-79.013473"></trkpt><trkpt lat="41.436623" lon="-79.013320"></trkpt><trkpt lat="41.436974" lon="-79.013323"></trkpt><trkpt lat="41.437374" lon="-79.013434"></trkpt><trkpt lat="41.437727" lon="-79.013628"></trkpt><trkpt lat="41.438153" lon="-79.014026"></trkpt><trkpt lat="41.439616" lon="-79.016183"></trkpt><trkpt lat="41.441930" lon="-79.020637"></trkpt><trkpt lat="41.442321" lon="-79.021792"></trkpt><trkpt lat="41.442698" lon="-79.023454"></trkpt><trkpt lat="41.443155" lon="-79.025955"></trkpt><trkpt lat="41.443317" lon="-79.028809"></trkpt><trkpt lat="41.443593" lon="-79.029962"></trkpt><trkpt lat="41.443872" lon="-79.030639"></trkpt><trkpt lat="41.447033" lon="-79.036046"></trkpt><trkpt lat="41.448317" lon="-79.038123"></trkpt><trkpt lat="41.448838" lon="-79.038855"></trkpt><trkpt lat="41.449404" lon="-79.039519"></trkpt><trkpt lat="41.450106" lon="-79.040179"></trkpt><trkpt lat="41.451138" lon="-79.040931"></trkpt><trkpt lat="41.451997" lon="-79.041350"></trkpt><trkpt lat="41.452591" lon="-79.041478"></trkpt><trkpt lat="41.452868" lon="-79.041445"></trkpt><trkpt lat="41.453272" lon="-79.041285"></trkpt><trkpt lat="41.456162" lon="-79.038790"></trkpt><trkpt lat="41.457216" lon="-79.038066"></trkpt><trkpt lat="41.457617" lon="-79.037968"></trkpt><trkpt lat="41.458569" lon="-79.038067"></trkpt><trkpt lat="41.459121" lon="-79.038251"></trkpt><trkpt lat="41.459564" lon="-79.038625"></trkpt><trkpt lat="41.459881" lon="-79.039094"></trkpt><trkpt lat="41.460159" lon="-79.039827"></trkpt><trkpt lat="41.460244" lon="-79.040325"></trkpt><trkpt lat="41.460199" lon="-79.040691"></trkpt><trkpt lat="41.460077" lon="-79.041037"></trkpt><trkpt lat="41.459400" lon="-79.042084"></trkpt><trkpt lat="41.459177" lon="-79.042586"></trkpt><trkpt lat="41.459114" lon="-79.042980"></trkpt><trkpt lat="41.459212" lon="-79.043668"></trkpt><trkpt lat="41.459486" lon="-79.044078"></trkpt><trkpt lat="41.459789" lon="-79.044256"></trkpt><trkpt lat="41.460309" lon="-79.044249"></trkpt><trkpt lat="41.460716" lon="-79.044041"></trkpt><trkpt lat="41.462253" lon="-79.042705"></trkpt><trkpt lat="41.462616" lon="-79.042292"></trkpt><trkpt lat="41.462750" lon="-79.041769"></trkpt><trkpt lat="41.462671" lon="-79.040127"></trkpt><trkpt lat="41.462758" lon="-79.039346"></trkpt><trkpt lat="41.463253" lon="-79.037787"></trkpt><trkpt lat="41.463427" lon="-79.037409"></trkpt><trkpt lat="41.463758" lon="-79.036873"></trkpt><trkpt lat="41.466632" lon="-79.033868"></trkpt><trkpt lat="41.467150" lon="-79.033132"></trkpt><trkpt lat="41.467555" lon="-79.032251"></trkpt><trkpt lat="41.469021" lon="-79.028482"></trkpt><trkpt lat="41.469747" lon="-79.026979"></trkpt><trkpt lat="41.470066" lon="-79.026441"></trkpt><trkpt lat="41.470810" lon="-79.025511"></trkpt><trkpt lat="41.472015" lon="-79.024257"></trkpt><trkpt lat="41.472853" lon="-79.023723"></trkpt><trkpt lat="41.473833" lon="-79.023384"></trkpt><trkpt lat="41.474305" lon="-79.023274"></trkpt><trkpt lat="41.475229" lon="-79.023203"></trkpt><trkpt lat="41.476226" lon="-79.023373"></trkpt><trkpt lat="41.476815" lon="-79.023801"></trkpt><trkpt lat="41.477357" lon="-79.024457"></trkpt><trkpt lat="41.477900" lon="-79.024944"></trkpt><trkpt lat="41.478201" lon="-79.025033"></trkpt><trkpt lat="41.478410" lon="-79.024997"></trkpt><trkpt lat="41.478653" lon="-79.024818"></trkpt><trkpt lat="41.478772" lon="-79.024664"></trkpt><trkpt lat="41.478870" lon="-79.024334"></trkpt><trkpt lat="41.478871" lon="-79.023425"></trkpt><trkpt lat="41.478732" lon="-79.021815"></trkpt><trkpt lat="41.478772" lon="-79.021063"></trkpt><trkpt lat="41.478863" lon="-79.020768"></trkpt><trkpt lat="41.479657" lon="-79.019152"></trkpt><trkpt lat="41.479922" lon="-79.018856"></trkpt><trkpt lat="41.480222" lon="-79.018720"></trkpt><trkpt lat="41.480542" lon="-79.018737"></trkpt><trkpt lat="41.480721" lon="-79.018827"></trkpt><trkpt lat="41.481266" lon="-79.019301"></trkpt><trkpt lat="41.482212" lon="-79.020290"></trkpt><trkpt lat="41.482548" lon="-79.020337"></trkpt><trkpt lat="41.482981" lon="-79.019969"></trkpt><trkpt lat="41.483046" lon="-79.019461"></trkpt><trkpt lat="41.482265" lon="-79.018027"></trkpt><trkpt lat="41.481887" lon="-79.016822"></trkpt><trkpt lat="41.481764" lon="-79.016219"></trkpt><trkpt lat="41.481952" lon="-79.015313"></trkpt><trkpt lat="41.482507" lon="-79.014046"></trkpt><trkpt lat="41.483005" lon="-79.012400"></trkpt><trkpt lat="41.483378" lon="-79.011721"></trkpt><trkpt lat="41.484977" lon="-79.009663"></trkpt><trkpt lat="41.486340" lon="-79.008260"></trkpt><trkpt lat="41.487298" lon="-79.007451"></trkpt><trkpt lat="41.488196" lon="-79.006524"></trkpt><trkpt lat="41.489379" lon="-79.002032"></trkpt><trkpt lat="41.489645" lon="-79.001245"></trkpt><trkpt lat="41.490277" lon="-79.000316"></trkpt><trkpt lat="41.490818" lon="-78.999293"></trkpt><trkpt lat="41.491948" lon="-78.997461"></trkpt><trkpt lat="41.492276" lon="-78.997163"></trkpt><trkpt lat="41.492726" lon="-78.996953"></trkpt><trkpt lat="41.492960" lon="-78.996405"></trkpt><trkpt lat="41.493255" lon="-78.996478"></trkpt><trkpt lat="41.493649" lon="-78.996466"></trkpt><trkpt lat="41.494361" lon="-78.995980"></trkpt><trkpt lat="41.495466" lon="-78.995576"></trkpt><trkpt lat="41.496106" lon="-78.995557"></trkpt><trkpt lat="41.496407" lon="-78.995619"></trkpt><trkpt lat="41.496828" lon="-78.995862"></trkpt><trkpt lat="41.497804" lon="-78.996713"></trkpt><trkpt lat="41.498656" lon="-78.997142"></trkpt><trkpt lat="41.499872" lon="-78.997631"></trkpt><trkpt lat="41.501424" lon="-78.999034"></trkpt><trkpt lat="41.502606" lon="-78.999424"></trkpt><trkpt lat="41.503453" lon="-79.000180"></trkpt><trkpt lat="41.503625" lon="-79.000275"></trkpt><trkpt lat="41.504032" lon="-79.000319"></trkpt><trkpt lat="41.504309" lon="-79.000239"></trkpt><trkpt lat="41.505145" lon="-78.999757"></trkpt><trkpt lat="41.506948" lon="-78.998423"></trkpt><trkpt lat="41.509323" lon="-78.996857"></trkpt><trkpt lat="41.513900" lon="-78.995122"></trkpt><trkpt lat="41.514295" lon="-78.995053"></trkpt><trkpt lat="41.515000" lon="-78.995059"></trkpt><trkpt lat="41.515697" lon="-78.995180"></trkpt><trkpt lat="41.516390" lon="-78.995414"></trkpt></trkseg></trk><trk><name>T016 LOC1647</name><trkseg><trkpt lat="41.534145" lon="-79.046157"></trkpt><trkpt lat="41.533882" lon="-79.044990"></trkpt><trkpt lat="41.533843" lon="-79.043757"></trkpt><trkpt lat="41.534003" lon="-79.042577"></trkpt><trkpt lat="41.534347" lon="-79.041104"></trkpt><trkpt lat="41.534387" lon="-79.038694"></trkpt><trkpt lat="41.534100" lon="-79.037180"></trkpt><trkpt lat="41.533371" lon="-79.035092"></trkpt><trkpt lat="41.532928" lon="-79.032900"></trkpt><trkpt lat="41.532746" lon="-79.031192"></trkpt><trkpt lat="41.532771" lon="-79.030544"></trkpt><trkpt lat="41.532962" lon="-79.029076"></trkpt><trkpt lat="41.533683" lon="-79.025422"></trkpt><trkpt lat="41.533781" lon="-79.021739"></trkpt><trkpt lat="41.533749" lon="-79.020925"></trkpt><trkpt lat="41.533603" lon="-79.020270"></trkpt><trkpt lat="41.533006" lon="-79.019593"></trkpt><trkpt lat="41.530059" lon="-79.016890"></trkpt><trkpt lat="41.529350" lon="-79.015461"></trkpt><trkpt lat="41.528788" lon="-79.014712"></trkpt><trkpt lat="41.528090" lon="-79.013954"></trkpt><trkpt lat="41.526583" lon="-79.011687"></trkpt><trkpt lat="41.525939" lon="-79.010927"></trkpt><trkpt lat="41.525151" lon="-79.010149"></trkpt><trkpt lat="41.522373" lon="-79.006782"></trkpt><trkpt lat="41.521001" lon="-79.005614"></trkpt><trkpt lat="41.519544" lon="-79.004652"></trkpt><trkpt lat="41.518977" lon="-79.004202"></trkpt><trkpt lat="41.518439" lon="-79.003519"></trkpt><trkpt lat="41.517698" lon="-79.002230"></trkpt><trkpt lat="41.517402" lon="-79.001353"></trkpt><trkpt lat="41.517217" lon="-79.000500"></trkpt><trkpt lat="41.516921" lon="-78.997931"></trkpt><trkpt lat="41.516684" lon="-78.997069"></trkpt><trkpt lat="41.516390" lon="-78.995414"></trkpt><trkpt lat="41.516135" lon="-78.993826"></trkpt><trkpt lat="41.515603" lon="-78.992416"></trkpt><trkpt lat="41.515483" lon="-78.991659"></trkpt><trkpt lat="41.515613" lon="-78.990804"></trkpt><trkpt lat="41.515911" lon="-78.989787"></trkpt><trkpt lat="41.516016" lon="-78.989109"></trkpt><trkpt lat="41.516118" lon="-78.987332"></trkpt><trkpt lat="41.515953" lon="-78.984948"></trkpt><trkpt lat="41.516130" lon="-78.983645"></trkpt><trkpt lat="41.516267" lon="-78.982948"></trkpt><trkpt lat="41.517188" lon="-78.980701"></trkpt><trkpt lat="41.517428" lon="-78.979830"></trkpt><trkpt lat="41.518217" lon="-78.977809"></trkpt><trkpt lat="41.518768" lon="-78.976705"></trkpt><trkpt lat="41.518993" lon="-78.975692"></trkpt><trkpt lat="41.519850" lon="-78.974095"></trkpt><trkpt lat="41.520040" lon="-78.973568"></trkpt><trkpt lat="41.520096" lon="-78.972088"></trkpt><trkpt lat="41.519886" lon="-78.970921"></trkpt><trkpt lat="41.520531" lon="-78.966949"></trkpt><trkpt lat="41.520465" lon="-78.966649"></trkpt><trkpt lat="41.520069" lon="-78.965727"></trkpt><trkpt lat="41.519392" lon="-78.963474"></trkpt><trkpt lat="41.519246" lon="-78.962267"></trkpt><trkpt lat="41.519413" lon="-78.961035"></trkpt><trkpt lat="41.520348" lon="-78.958192"></trkpt><trkpt lat="41.520474" lon="-78.957653"></trkpt><trkpt lat="41.520547" lon="-78.956689"></trkpt><trkpt lat="41.520490" lon="-78.955012"></trkpt><trkpt lat="41.519954" lon="-78.952791"></trkpt><trkpt lat="41.519943" lon="-78.951217"></trkpt><trkpt lat="41.519820" lon="-78.950464"></trkpt><trkpt lat="41.519456" lon="-78.949497"></trkpt><trkpt lat="41.519193" lon="-78.949083"></trkpt><trkpt lat="41.518521" lon="-78.948330"></trkpt><trkpt lat="41.518023" lon="-78.947532"></trkpt><trkpt lat="41.517909" lon="-78.947120"></trkpt><trkpt lat="41.518146" lon="-78.946456"></trkpt><trkpt lat="41.519245" lon="-78.944159"></trkpt><trkpt lat="41.519621" lon="-78.943881"></trkpt><trkpt lat="41.521039" lon="-78.943540"></trkpt><trkpt lat="41.523550" lon="-78.942365"></trkpt><trkpt lat="41.523829" lon="-78.942179"></trkpt><trkpt lat="41.525059" lon="-78.940854"></trkpt><trkpt lat="41.526763" lon="-78.938157"></trkpt><trkpt lat="41.527792" lon="-78.936358"></trkpt><trkpt lat="41.527398" lon="-78.936013"></trkpt><trkpt lat="41.527425" lon="-78.935463"></trkpt><trkpt lat="41.527619" lon="-78.935079"></trkpt><trkpt lat="41.528166" lon="-78.932901"></trkpt><trkpt lat="41.528409" lon="-78.932416"></trkpt><trkpt lat="41.528555" lon="-78.932304"></trkpt><trkpt lat="41.528593" lon="-78.932045"></trkpt><trkpt lat="41.528730" lon="-78.931998"></trkpt><trkpt lat="41.528838" lon="-78.931747"></trkpt><trkpt lat="41.528759" lon="-78.931102"></trkpt><trkpt lat="41.528324" lon="-78.930504"></trkpt><trkpt lat="41.528211" lon="-78.930054"></trkpt><trkpt lat="41.529296" lon="-78.928982"></trkpt><trkpt lat="41.529519" lon="-78.928345"></trkpt><trkpt lat="41.529444" lon="-78.928093"></trkpt><trkpt lat="41.529751" lon="-78.928116"></trkpt><trkpt lat="41.530811" lon="-78.928698"></trkpt><trkpt lat="41.531117" lon="-78.928735"></trkpt><trkpt lat="41.531447" lon="-78.928878"></trkpt><trkpt lat="41.531544" lon="-78.928850"></trkpt><trkpt lat="41.531616" lon="-78.928510"></trkpt><trkpt lat="41.531838" lon="-78.928396"></trkpt><trkpt lat="41.531881" lon="-78.928220"></trkpt><trkpt lat="41.531496" lon="-78.926577"></trkpt><trkpt lat="41.531624" lon="-78.926409"></trkpt><trkpt lat="41.532033" lon="-78.926224"></trkpt><trkpt lat="41.535720" lon="-78.926259"></trkpt><trkpt lat="41.536561" lon="-78.926377"></trkpt><trkpt lat="41.537070" lon="-78.926347"></trkpt><trkpt lat="41.537300" lon="-78.926424"></trkpt><trkpt lat="41.537502" lon="-78.926255"></trkpt><trkpt lat="41.538978" lon="-78.926363"></trkpt><trkpt lat="41.539869" lon="-78.926363"></trkpt><trkpt lat="41.540632" lon="-78.926961"></trkpt><trkpt lat="41.541101" lon="-78.927464"></trkpt><trkpt lat="41.542417" lon="-78.925680"></trkpt><trkpt lat="41.542907" lon="-78.926825"></trkpt><trkpt lat="41.543091" lon="-78.927071"></trkpt><trkpt lat="41.544176" lon="-78.926201"></trkpt><trkpt lat="41.545414" lon="-78.926340"></trkpt><trkpt lat="41.545785" lon="-78.926464"></trkpt><trkpt lat="41.546741" lon="-78.926367"></trkpt><trkpt lat="41.547209" lon="-78.926485"></trkpt><trkpt lat="41.547367" lon="-78.926370"></trkpt><trkpt lat="41.547731" lon="-78.925856"></trkpt><trkpt lat="41.547755" lon="-78.925187"></trkpt><trkpt lat="41.548062" lon="-78.923731"></trkpt><trkpt lat="41.548078" lon="-78.922857"></trkpt><trkpt lat="41.548146" lon="-78.922486"></trkpt><trkpt lat="41.548156" lon="-78.922749"></trkpt><trkpt lat="41.548681" lon="-78.924367"></trkpt><trkpt lat="41.548805" lon="-78.925260"></trkpt><trkpt lat="41.548947" lon="-78.925780"></trkpt><trkpt lat="41.548852" lon="-78.926489"></trkpt><trkpt lat="41.548853" lon="-78.927112"></trkpt><trkpt lat="41.549072" lon="-78.927862"></trkpt><trkpt lat="41.549183" lon="-78.928007"></trkpt><trkpt lat="41.549260" lon="-78.927988"></trkpt><trkpt lat="41.549326" lon="-78.928118"></trkpt><trkpt lat="41.549508" lon="-78.929026"></trkpt><trkpt lat="41.549593" lon="-78.929175"></trkpt><trkpt lat="41.550121" lon="-78.929466"></trkpt><trkpt lat="41.550542" lon="-78.929885"></trkpt><trkpt lat="41.550707" lon="-78.930155"></trkpt><trkpt lat="41.551106" lon="-78.930382"></trkpt><trkpt lat="41.552029" lon="-78.929563"></trkpt><trkpt lat="41.553431" lon="-78.927553"></trkpt><trkpt lat="41.554015" lon="-78.926276"></trkpt><trkpt lat="41.554022" lon="-78.925770"></trkpt><trkpt lat="41.554083" lon="-78.925600"></trkpt><trkpt lat="41.554778" lon="-78.924163"></trkpt><trkpt lat="41.554874" lon="-78.923575"></trkpt><trkpt lat="41.555063" lon="-78.920759"></trkpt><trkpt lat="41.555080" lon="-78.919096"></trkpt><trkpt lat="41.555233" lon="-78.918737"></trkpt><trkpt lat="41.556682" lon="-78.915832"></trkpt><trkpt lat="41.557207" lon="-78.914581"></trkpt><trkpt lat="41.557376" lon="-78.914324"></trkpt><trkpt lat="41.557623" lon="-78.914179"></trkpt><trkpt lat="41.558035" lon="-78.914059"></trkpt><trkpt lat="41.558423" lon="-78.913717"></trkpt><trkpt lat="41.558737" lon="-78.914945"></trkpt><trkpt lat="41.558957" lon="-78.915492"></trkpt><trkpt lat="41.558972" lon="-78.915941"></trkpt><trkpt lat="41.558454" lon="-78.916100"></trkpt><trkpt lat="41.557761" lon="-78.916026"></trkpt><trkpt lat="41.557436" lon="-78.915927"></trkpt><trkpt lat="41.556916" lon="-78.915705"></trkpt><trkpt lat="41.556779" lon="-78.915537"></trkpt><trkpt lat="41.556260" lon="-78.913945"></trkpt><trkpt lat="41.556185" lon="-78.913762"></trkpt><trkpt lat="41.556022" lon="-78.913673"></trkpt><trkpt lat="41.555718" lon="-78.913712"></trkpt><trkpt lat="41.554445" lon="-78.914582"></trkpt><trkpt lat="41.554003" lon="-78.914640"></trkpt><trkpt lat="41.553795" lon="-78.914423"></trkpt><trkpt lat="41.553700" lon="-78.914154"></trkpt><trkpt lat="41.553676" lon="-78.912341"></trkpt><trkpt lat="41.553600" lon="-78.911595"></trkpt><trkpt lat="41.553493" lon="-78.911310"></trkpt><trkpt lat="41.553320" lon="-78.911182"></trkpt><trkpt lat="41.553062" lon="-78.911113"></trkpt><trkpt lat="41.552779" lon="-78.911165"></trkpt><trkpt lat="41.552280" lon="-78.911380"></trkpt><trkpt lat="41.551738" lon="-78.911742"></trkpt><trkpt lat="41.551047" lon="-78.912412"></trkpt><trkpt lat="41.550709" lon="-78.912641"></trkpt><trkpt lat="41.550391" lon="-78.912601"></trkpt><trkpt lat="41.550130" lon="-78.912350"></trkpt><trkpt lat="41.550041" lon="-78.911959"></trkpt><trkpt lat="41.550202" lon="-78.911620"></trkpt><trkpt lat="41.550684" lon="-78.911164"></trkpt><trkpt lat="41.550886" lon="-78.910859"></trkpt><trkpt lat="41.551078" lon="-78.910046"></trkpt><trkpt lat="41.551184" lon="-78.908877"></trkpt><trkpt lat="41.551548" lon="-78.908225"></trkpt><trkpt lat="41.551862" lon="-78.907460"></trkpt><trkpt lat="41.551848" lon="-78.907183"></trkpt><trkpt lat="41.551643" lon="-78.906405"></trkpt><trkpt lat="41.551566" lon="-78.905219"></trkpt><trkpt lat="41.551753" lon="-78.904831"></trkpt><trkpt lat="41.552535" lon="-78.904399"></trkpt><trkpt lat="41.552664" lon="-78.904256"></trkpt><trkpt lat="41.552753" lon="-78.903887"></trkpt><trkpt lat="41.552698" lon="-78.903539"></trkpt><trkpt lat="41.552556" lon="-78.903076"></trkpt><trkpt lat="41.552439" lon="-78.902246"></trkpt><trkpt lat="41.552572" lon="-78.901387"></trkpt><trkpt lat="41.552839" lon="-78.900985"></trkpt><trkpt lat="41.553239" lon="-78.900657"></trkpt><trkpt lat="41.554071" lon="-78.900181"></trkpt><trkpt lat="41.554453" lon="-78.900069"></trkpt><trkpt lat="41.555372" lon="-78.900068"></trkpt><trkpt lat="41.556319" lon="-78.899862"></trkpt><trkpt lat="41.556806" lon="-78.899836"></trkpt><trkpt lat="41.557090" lon="-78.899722"></trkpt><trkpt lat="41.557608" lon="-78.899302"></trkpt><trkpt lat="41.557661" lon="-78.900006"></trkpt><trkpt lat="41.557561" lon="-78.902720"></trkpt><trkpt lat="41.557719" lon="-78.904643"></trkpt><trkpt lat="41.557611" lon="-78.906767"></trkpt><trkpt lat="41.557873" lon="-78.910039"></trkpt><trkpt lat="41.557883" lon="-78.911079"></trkpt><trkpt lat="41.558034" lon="-78.912824"></trkpt><trkpt lat="41.558423" lon="-78.913717"></trkpt><trkpt lat="41.558602" lon="-78.913671"></trkpt><trkpt lat="41.559360" lon="-78.913785"></trkpt><trkpt lat="41.560412" lon="-78.913637"></trkpt><trkpt lat="41.560821" lon="-78.913768"></trkpt><trkpt lat="41.561459" lon="-78.914228"></trkpt><trkpt lat="41.561690" lon="-78.914286"></trkpt><trkpt lat="41.561988" lon="-78.914263"></trkpt><trkpt lat="41.562532" lon="-78.913897"></trkpt><trkpt lat="41.562770" lon="-78.913863"></trkpt><trkpt lat="41.563031" lon="-78.913959"></trkpt><trkpt lat="41.563408" lon="-78.914327"></trkpt><trkpt lat="41.563645" lon="-78.914372"></trkpt><trkpt lat="41.564134" lon="-78.914234"></trkpt><trkpt lat="41.566254" lon="-78.914084"></trkpt><trkpt lat="41.566975" lon="-78.913882"></trkpt><trkpt lat="41.567074" lon="-78.914732"></trkpt><trkpt lat="41.568216" lon="-78.916660"></trkpt><trkpt lat="41.568246" lon="-78.916888"></trkpt><trkpt lat="41.568184" lon="-78.917180"></trkpt><trkpt lat="41.568038" lon="-78.917364"></trkpt><trkpt lat="41.567807" lon="-78.918347"></trkpt><trkpt lat="41.567303" lon="-78.919785"></trkpt><trkpt lat="41.566837" lon="-78.920144"></trkpt><trkpt lat="41.566908" lon="-78.920312"></trkpt><trkpt lat="41.568154" lon="-78.920656"></trkpt><trkpt lat="41.568715" lon="-78.920948"></trkpt><trkpt lat="41.569525" lon="-78.921084"></trkpt><trkpt lat="41.569710" lon="-78.921302"></trkpt><trkpt lat="41.569902" lon="-78.921403"></trkpt><trkpt lat="41.570686" lon="-78.921593"></trkpt><trkpt lat="41.571555" lon="-78.921914"></trkpt><trkpt lat="41.571822" lon="-78.922088"></trkpt><trkpt lat="41.572239" lon="-78.922169"></trkpt><trkpt lat="41.573201" lon="-78.922545"></trkpt><trkpt lat="41.576636" lon="-78.923693"></trkpt><trkpt lat="41.576807" lon="-78.924401"></trkpt><trkpt lat="41.576882" lon="-78.924530"></trkpt><trkpt lat="41.577135" lon="-78.924670"></trkpt><trkpt lat="41.577428" lon="-78.924481"></trkpt><trkpt lat="41.577682" lon="-78.924113"></trkpt><trkpt lat="41.577853" lon="-78.924107"></trkpt><trkpt lat="41.578120" lon="-78.924179"></trkpt><trkpt lat="41.578655" lon="-78.924467"></trkpt><trkpt lat="41.579592" lon="-78.924758"></trkpt><trkpt lat="41.579913" lon="-78.924124"></trkpt><trkpt lat="41.579851" lon="-78.923432"></trkpt><trkpt lat="41.579930" lon="-78.923058"></trkpt><trkpt lat="41.580496" lon="-78.922296"></trkpt><trkpt lat="41.581200" lon="-78.922087"></trkpt><trkpt lat="41.581535" lon="-78.921355"></trkpt><trkpt lat="41.581563" lon="-78.920906"></trkpt><trkpt lat="41.581409" lon="-78.920582"></trkpt><trkpt lat="41.581227" lon="-78.920446"></trkpt><trkpt lat="41.581184" lon="-78.920268"></trkpt><trkpt lat="41.581428" lon="-78.918545"></trkpt><trkpt lat="41.581378" lon="-78.917425"></trkpt><trkpt lat="41.580747" lon="-78.916551"></trkpt><trkpt lat="41.578918" lon="-78.914465"></trkpt><trkpt lat="41.578424" lon="-78.912889"></trkpt><trkpt lat="41.578363" lon="-78.912290"></trkpt><trkpt lat="41.578465" lon="-78.911855"></trkpt><trkpt lat="41.579057" lon="-78.910703"></trkpt><trkpt lat="41.579290" lon="-78.910487"></trkpt><trkpt lat="41.580522" lon="-78.909842"></trkpt><trkpt lat="41.580819" lon="-78.909414"></trkpt><trkpt lat="41.580913" lon="-78.908993"></trkpt><trkpt lat="41.580909" lon="-78.908637"></trkpt><trkpt lat="41.580502" lon="-78.905953"></trkpt><trkpt lat="41.580171" lon="-78.904894"></trkpt><trkpt lat="41.579979" lon="-78.904615"></trkpt><trkpt lat="41.579328" lon="-78.903949"></trkpt><trkpt lat="41.578470" lon="-78.903229"></trkpt><trkpt lat="41.577934" lon="-78.902861"></trkpt><trkpt lat="41.577663" lon="-78.902750"></trkpt><trkpt lat="41.577112" lon="-78.902738"></trkpt><trkpt lat="41.576523" lon="-78.902922"></trkpt><trkpt lat="41.576284" lon="-78.903162"></trkpt><trkpt lat="41.575692" lon="-78.904053"></trkpt><trkpt lat="41.575250" lon="-78.904150"></trkpt><trkpt lat="41.574366" lon="-78.904134"></trkpt><trkpt lat="41.574328" lon="-78.904210"></trkpt><trkpt lat="41.573986" lon="-78.903708"></trkpt><trkpt lat="41.574022" lon="-78.902095"></trkpt><trkpt lat="41.573601" lon="-78.900440"></trkpt><trkpt lat="41.573569" lon="-78.899870"></trkpt><trkpt lat="41.573634" lon="-78.899600"></trkpt><trkpt lat="41.574184" lon="-78.898802"></trkpt><trkpt lat="41.575243" lon="-78.895638"></trkpt><trkpt lat="41.575678" lon="-78.893940"></trkpt><trkpt lat="41.576462" lon="-78.892332"></trkpt><trkpt lat="41.577487" lon="-78.889639"></trkpt><trkpt lat="41.577539" lon="-78.889247"></trkpt><trkpt lat="41.577490" lon="-78.888027"></trkpt><trkpt lat="41.577600" lon="-78.887532"></trkpt><trkpt lat="41.577889" lon="-78.887017"></trkpt><trkpt lat="41.578634" lon="-78.885952"></trkpt><trkpt lat="41.578876" lon="-78.885287"></trkpt><trkpt lat="41.579077" lon="-78.883199"></trkpt><trkpt lat="41.579142" lon="-78.881447"></trkpt><trkpt lat="41.579295" lon="-78.880900"></trkpt><trkpt lat="41.579887" lon="-78.880353"></trkpt><trkpt lat="41.580142" lon="-78.880953"></trkpt><trkpt lat="41.580784" lon="-78.882163"></trkpt><trkpt lat="41.581007" lon="-78.882427"></trkpt><trkpt lat="41.581520" lon="-78.883562"></trkpt><trkpt lat="41.581828" lon="-78.884048"></trkpt><trkpt lat="41.582123" lon="-78.884101"></trkpt><trkpt lat="41.582213" lon="-78.883928"></trkpt><trkpt lat="41.583098" lon="-78.883135"></trkpt><trkpt lat="41.583251" lon="-78.883094"></trkpt><trkpt lat="41.583696" lon="-78.883512"></trkpt></trkseg></trk><trk><name>T017 LOC1647</name><trkseg><trkpt lat="41.571266" lon="-78.908682"></trkpt><trkpt lat="41.571916" lon="-78.908051"></trkpt><trkpt lat="41.572215" lon="-78.907660"></trkpt><trkpt lat="41.572801" lon="-78.907130"></trkpt><trkpt lat="41.574327" lon="-78.904210"></trkpt></trkseg></trk><trk><name>T018 LOC1647</name><trkseg><trkpt lat="41.791734" lon="-79.224739"></trkpt><trkpt lat="41.790972" lon="-79.223661"></trkpt><trkpt lat="41.790300" lon="-79.222952"></trkpt><trkpt lat="41.788024" lon="-79.221369"></trkpt><trkpt lat="41.787615" lon="-79.220909"></trkpt><trkpt lat="41.787308" lon="-79.219859"></trkpt><trkpt lat="41.786372" lon="-79.215750"></trkpt><trkpt lat="41.785966" lon="-79.214703"></trkpt><trkpt lat="41.785657" lon="-79.214116"></trkpt></trkseg></trk><trk><name>T019 LOC1647</name><trkseg><trkpt lat="41.512408" lon="-79.370791"></trkpt><trkpt lat="41.513093" lon="-79.369540"></trkpt><trkpt lat="41.513761" lon="-79.367762"></trkpt><trkpt lat="41.513845" lon="-79.366681"></trkpt><trkpt lat="41.513787" lon="-79.365784"></trkpt><trkpt lat="41.513605" lon="-79.364997"></trkpt><trkpt lat="41.513439" lon="-79.364786"></trkpt><trkpt lat="41.512875" lon="-79.364345"></trkpt><trkpt lat="41.512003" lon="-79.363839"></trkpt><trkpt lat="41.510048" lon="-79.363206"></trkpt><trkpt lat="41.508879" lon="-79.362672"></trkpt><trkpt lat="41.507624" lon="-79.362500"></trkpt><trkpt lat="41.506959" lon="-79.361965"></trkpt><trkpt lat="41.506652" lon="-79.361901"></trkpt><trkpt lat="41.505944" lon="-79.361500"></trkpt><trkpt lat="41.504974" lon="-79.361081"></trkpt><trkpt lat="41.504863" lon="-79.360880"></trkpt><trkpt lat="41.504471" lon="-79.359308"></trkpt><trkpt lat="41.503795" lon="-79.357983"></trkpt><trkpt lat="41.503806" lon="-79.356246"></trkpt><trkpt lat="41.503570" lon="-79.355449"></trkpt><trkpt lat="41.501207" lon="-79.349602"></trkpt><trkpt lat="41.500924" lon="-79.348699"></trkpt><trkpt lat="41.501229" lon="-79.346762"></trkpt><trkpt lat="41.501477" lon="-79.345833"></trkpt><trkpt lat="41.501747" lon="-79.345144"></trkpt><trkpt lat="41.504551" lon="-79.341634"></trkpt><trkpt lat="41.508685" lon="-79.337826"></trkpt><trkpt lat="41.509612" lon="-79.337215"></trkpt><trkpt lat="41.509994" lon="-79.336810"></trkpt><trkpt lat="41.510249" lon="-79.336420"></trkpt><trkpt lat="41.510405" lon="-79.335984"></trkpt><trkpt lat="41.510420" lon="-79.335768"></trkpt><trkpt lat="41.510701" lon="-79.335258"></trkpt><trkpt lat="41.510787" lon="-79.334944"></trkpt><trkpt lat="41.510877" lon="-79.333731"></trkpt><trkpt lat="41.510564" lon="-79.332038"></trkpt><trkpt lat="41.509940" lon="-79.329957"></trkpt><trkpt lat="41.509325" lon="-79.328559"></trkpt><trkpt lat="41.509210" lon="-79.327459"></trkpt><trkpt lat="41.508778" lon="-79.326284"></trkpt><trkpt lat="41.509121" lon="-79.326275"></trkpt><trkpt lat="41.510925" lon="-79.325882"></trkpt><trkpt lat="41.513256" lon="-79.325115"></trkpt><trkpt lat="41.514302" lon="-79.324620"></trkpt><trkpt lat="41.514529" lon="-79.324710"></trkpt><trkpt lat="41.514766" lon="-79.324920"></trkpt><trkpt lat="41.515155" lon="-79.325054"></trkpt><trkpt lat="41.516180" lon="-79.324931"></trkpt><trkpt lat="41.517273" lon="-79.323861"></trkpt><trkpt lat="41.517540" lon="-79.323686"></trkpt><trkpt lat="41.517792" lon="-79.323655"></trkpt><trkpt lat="41.518245" lon="-79.323859"></trkpt><trkpt lat="41.518474" lon="-79.324105"></trkpt><trkpt lat="41.518935" lon="-79.324836"></trkpt><trkpt lat="41.519926" lon="-79.325446"></trkpt><trkpt lat="41.520723" lon="-79.325749"></trkpt><trkpt lat="41.522881" lon="-79.326101"></trkpt><trkpt lat="41.523406" lon="-79.326303"></trkpt><trkpt lat="41.524659" lon="-79.327026"></trkpt><trkpt lat="41.524958" lon="-79.327114"></trkpt><trkpt lat="41.525544" lon="-79.327123"></trkpt><trkpt lat="41.526756" lon="-79.326864"></trkpt><trkpt lat="41.527521" lon="-79.326844"></trkpt><trkpt lat="41.527864" lon="-79.326859"></trkpt><trkpt lat="41.528280" lon="-79.326981"></trkpt><trkpt lat="41.528834" lon="-79.327302"></trkpt><trkpt lat="41.532391" lon="-79.330351"></trkpt><trkpt lat="41.533315" lon="-79.331382"></trkpt><trkpt lat="41.536190" lon="-79.335204"></trkpt></trkseg></trk><trk><name>T020 LOC1647</name><trkseg><trkpt lat="41.558550" lon="-79.288451"></trkpt><trkpt lat="41.558109" lon="-79.287614"></trkpt><trkpt lat="41.556581" lon="-79.285199"></trkpt><trkpt lat="41.556507" lon="-79.284745"></trkpt><trkpt lat="41.556238" lon="-79.283976"></trkpt><trkpt lat="41.555923" lon="-79.283688"></trkpt><trkpt lat="41.554961" lon="-79.281975"></trkpt><trkpt lat="41.553738" lon="-79.277307"></trkpt><trkpt lat="41.553644" lon="-79.277034"></trkpt><trkpt lat="41.553525" lon="-79.276905"></trkpt><trkpt lat="41.553335" lon="-79.276826"></trkpt><trkpt lat="41.552894" lon="-79.276826"></trkpt><trkpt lat="41.549746" lon="-79.277125"></trkpt><trkpt lat="41.549142" lon="-79.277117"></trkpt><trkpt lat="41.546527" lon="-79.277535"></trkpt><trkpt lat="41.546116" lon="-79.277737"></trkpt><trkpt lat="41.545323" lon="-79.278322"></trkpt><trkpt lat="41.543423" lon="-79.279547"></trkpt><trkpt lat="41.542868" lon="-79.279742"></trkpt><trkpt lat="41.542255" lon="-79.279722"></trkpt><trkpt lat="41.541703" lon="-79.279581"></trkpt><trkpt lat="41.540506" lon="-79.279001"></trkpt><trkpt lat="41.539514" lon="-79.278967"></trkpt><trkpt lat="41.538918" lon="-79.278827"></trkpt><trkpt lat="41.538428" lon="-79.278601"></trkpt><trkpt lat="41.537951" lon="-79.278050"></trkpt><trkpt lat="41.537517" lon="-79.279140"></trkpt><trkpt lat="41.535710" lon="-79.284762"></trkpt><trkpt lat="41.535216" lon="-79.286645"></trkpt><trkpt lat="41.534799" lon="-79.287675"></trkpt><trkpt lat="41.534587" lon="-79.287992"></trkpt><trkpt lat="41.532461" lon="-79.289774"></trkpt><trkpt lat="41.530104" lon="-79.291179"></trkpt><trkpt lat="41.529596" lon="-79.291540"></trkpt><trkpt lat="41.528815" lon="-79.291740"></trkpt><trkpt lat="41.527440" lon="-79.291920"></trkpt><trkpt lat="41.526947" lon="-79.292053"></trkpt><trkpt lat="41.526006" lon="-79.292389"></trkpt><trkpt lat="41.525640" lon="-79.292639"></trkpt><trkpt lat="41.525039" lon="-79.293362"></trkpt><trkpt lat="41.523068" lon="-79.296505"></trkpt><trkpt lat="41.522104" lon="-79.297729"></trkpt><trkpt lat="41.521496" lon="-79.299255"></trkpt><trkpt lat="41.520555" lon="-79.300766"></trkpt><trkpt lat="41.519868" lon="-79.302450"></trkpt><trkpt lat="41.519585" lon="-79.302840"></trkpt><trkpt lat="41.519167" lon="-79.303175"></trkpt><trkpt lat="41.518973" lon="-79.303444"></trkpt><trkpt lat="41.518633" lon="-79.304208"></trkpt><trkpt lat="41.518199" lon="-79.304734"></trkpt><trkpt lat="41.517200" lon="-79.305407"></trkpt><trkpt lat="41.516403" lon="-79.305704"></trkpt><trkpt lat="41.513654" lon="-79.306159"></trkpt><trkpt lat="41.511990" lon="-79.306298"></trkpt><trkpt lat="41.511219" lon="-79.306582"></trkpt><trkpt lat="41.510186" lon="-79.306788"></trkpt><trkpt lat="41.509514" lon="-79.306998"></trkpt><trkpt lat="41.509275" lon="-79.307315"></trkpt><trkpt lat="41.509101" lon="-79.308950"></trkpt><trkpt lat="41.508825" lon="-79.309784"></trkpt><trkpt lat="41.507902" lon="-79.311916"></trkpt><trkpt lat="41.507198" lon="-79.313049"></trkpt><trkpt lat="41.506252" lon="-79.314272"></trkpt><trkpt lat="41.505640" lon="-79.315498"></trkpt><trkpt lat="41.505067" lon="-79.316387"></trkpt><trkpt lat="41.504904" lon="-79.316919"></trkpt><trkpt lat="41.504978" lon="-79.317660"></trkpt><trkpt lat="41.506242" lon="-79.322815"></trkpt><trkpt lat="41.506899" lon="-79.324044"></trkpt><trkpt lat="41.507681" lon="-79.325785"></trkpt><trkpt lat="41.507865" lon="-79.326020"></trkpt><trkpt lat="41.508101" lon="-79.326170"></trkpt><trkpt lat="41.508778" lon="-79.326284"></trkpt></trkseg></trk><trk><name>T021 LOC1647</name><trkseg><trkpt lat="41.563914" lon="-79.289077"></trkpt><trkpt lat="41.564741" lon="-79.288545"></trkpt><trkpt lat="41.565136" lon="-79.288041"></trkpt><trkpt lat="41.568899" lon="-79.285104"></trkpt><trkpt lat="41.569270" lon="-79.284941"></trkpt><trkpt lat="41.570462" lon="-79.284172"></trkpt><trkpt lat="41.570939" lon="-79.283535"></trkpt><trkpt lat="41.571194" lon="-79.283335"></trkpt><trkpt lat="41.571441" lon="-79.283472"></trkpt><trkpt lat="41.571713" lon="-79.283882"></trkpt><trkpt lat="41.571767" lon="-79.285639"></trkpt><trkpt lat="41.571903" lon="-79.286036"></trkpt><trkpt lat="41.572007" lon="-79.286127"></trkpt><trkpt lat="41.572566" lon="-79.286283"></trkpt><trkpt lat="41.573196" lon="-79.286592"></trkpt><trkpt lat="41.573958" lon="-79.287361"></trkpt><trkpt lat="41.574299" lon="-79.288023"></trkpt><trkpt lat="41.574332" lon="-79.288219"></trkpt><trkpt lat="41.574200" lon="-79.288311"></trkpt><trkpt lat="41.574223" lon="-79.288618"></trkpt><trkpt lat="41.574550" lon="-79.289460"></trkpt><trkpt lat="41.574605" lon="-79.289781"></trkpt><trkpt lat="41.575065" lon="-79.290048"></trkpt><trkpt lat="41.575488" lon="-79.290517"></trkpt><trkpt lat="41.575795" lon="-79.290606"></trkpt><trkpt lat="41.576312" lon="-79.290416"></trkpt><trkpt lat="41.576722" lon="-79.290393"></trkpt><trkpt lat="41.576840" lon="-79.290323"></trkpt><trkpt lat="41.577267" lon="-79.289577"></trkpt><trkpt lat="41.577271" lon="-79.289200"></trkpt><trkpt lat="41.577138" lon="-79.288602"></trkpt><trkpt lat="41.577116" lon="-79.287429"></trkpt><trkpt lat="41.577398" lon="-79.285890"></trkpt><trkpt lat="41.576975" lon="-79.285245"></trkpt><trkpt lat="41.576488" lon="-79.284834"></trkpt><trkpt lat="41.576322" lon="-79.284601"></trkpt><trkpt lat="41.576157" lon="-79.284502"></trkpt><trkpt lat="41.575172" lon="-79.283504"></trkpt><trkpt lat="41.574510" lon="-79.282312"></trkpt><trkpt lat="41.574131" lon="-79.281361"></trkpt><trkpt lat="41.574170" lon="-79.280822"></trkpt><trkpt lat="41.574419" lon="-79.280340"></trkpt><trkpt lat="41.574748" lon="-79.280083"></trkpt><trkpt lat="41.574950" lon="-79.280047"></trkpt><trkpt lat="41.575043" lon="-79.280075"></trkpt><trkpt lat="41.575602" lon="-79.280619"></trkpt><trkpt lat="41.575967" lon="-79.280620"></trkpt><trkpt lat="41.576575" lon="-79.280759"></trkpt><trkpt lat="41.577753" lon="-79.280686"></trkpt><trkpt lat="41.578500" lon="-79.280780"></trkpt><trkpt lat="41.580271" lon="-79.280730"></trkpt><trkpt lat="41.580591" lon="-79.281009"></trkpt><trkpt lat="41.580949" lon="-79.281531"></trkpt><trkpt lat="41.581376" lon="-79.281935"></trkpt><trkpt lat="41.581940" lon="-79.282377"></trkpt><trkpt lat="41.582512" lon="-79.282543"></trkpt><trkpt lat="41.583117" lon="-79.283251"></trkpt><trkpt lat="41.583384" lon="-79.283020"></trkpt><trkpt lat="41.583531" lon="-79.282731"></trkpt><trkpt lat="41.583198" lon="-79.282138"></trkpt><trkpt lat="41.583007" lon="-79.281244"></trkpt><trkpt lat="41.583063" lon="-79.280817"></trkpt><trkpt lat="41.583378" lon="-79.280618"></trkpt><trkpt lat="41.583690" lon="-79.280614"></trkpt><trkpt lat="41.584189" lon="-79.280910"></trkpt><trkpt lat="41.584357" lon="-79.281245"></trkpt><trkpt lat="41.584954" lon="-79.281763"></trkpt><trkpt lat="41.585242" lon="-79.282247"></trkpt><trkpt lat="41.586002" lon="-79.281852"></trkpt><trkpt lat="41.586286" lon="-79.281443"></trkpt><trkpt lat="41.586788" lon="-79.281947"></trkpt><trkpt lat="41.586991" lon="-79.281972"></trkpt><trkpt lat="41.587437" lon="-79.281894"></trkpt><trkpt lat="41.587566" lon="-79.280896"></trkpt><trkpt lat="41.587813" lon="-79.280548"></trkpt><trkpt lat="41.589067" lon="-79.280176"></trkpt><trkpt lat="41.589836" lon="-79.279754"></trkpt><trkpt lat="41.590672" lon="-79.279637"></trkpt><trkpt lat="41.591107" lon="-79.279367"></trkpt><trkpt lat="41.591412" lon="-79.278897"></trkpt><trkpt lat="41.591699" lon="-79.277768"></trkpt><trkpt lat="41.592075" lon="-79.276840"></trkpt><trkpt lat="41.593241" lon="-79.275185"></trkpt><trkpt lat="41.593523" lon="-79.275054"></trkpt><trkpt lat="41.594431" lon="-79.274837"></trkpt><trkpt lat="41.595729" lon="-79.274246"></trkpt><trkpt lat="41.596755" lon="-79.274009"></trkpt><trkpt lat="41.597342" lon="-79.273675"></trkpt><trkpt lat="41.597675" lon="-79.273075"></trkpt><trkpt lat="41.597816" lon="-79.272564"></trkpt><trkpt lat="41.597863" lon="-79.271943"></trkpt><trkpt lat="41.597784" lon="-79.271098"></trkpt><trkpt lat="41.597859" lon="-79.270798"></trkpt><trkpt lat="41.598937" lon="-79.268608"></trkpt><trkpt lat="41.599267" lon="-79.268238"></trkpt><trkpt lat="41.600284" lon="-79.267846"></trkpt><trkpt lat="41.600803" lon="-79.267416"></trkpt><trkpt lat="41.601507" lon="-79.266551"></trkpt><trkpt lat="41.602071" lon="-79.265278"></trkpt><trkpt lat="41.602279" lon="-79.264763"></trkpt><trkpt lat="41.602584" lon="-79.262731"></trkpt><trkpt lat="41.602699" lon="-79.262355"></trkpt><trkpt lat="41.602880" lon="-79.262164"></trkpt><trkpt lat="41.603573" lon="-79.261769"></trkpt><trkpt lat="41.604146" lon="-79.260887"></trkpt><trkpt lat="41.604971" lon="-79.259798"></trkpt><trkpt lat="41.605182" lon="-79.257815"></trkpt><trkpt lat="41.605215" lon="-79.256012"></trkpt><trkpt lat="41.605280" lon="-79.255436"></trkpt><trkpt lat="41.605568" lon="-79.254696"></trkpt><trkpt lat="41.606350" lon="-79.253415"></trkpt><trkpt lat="41.606554" lon="-79.252839"></trkpt><trkpt lat="41.606533" lon="-79.252136"></trkpt><trkpt lat="41.606380" lon="-79.251701"></trkpt><trkpt lat="41.606028" lon="-79.251120"></trkpt><trkpt lat="41.605889" lon="-79.250173"></trkpt><trkpt lat="41.605270" lon="-79.247415"></trkpt><trkpt lat="41.605173" lon="-79.246562"></trkpt><trkpt lat="41.605318" lon="-79.245772"></trkpt><trkpt lat="41.605497" lon="-79.245394"></trkpt><trkpt lat="41.606148" lon="-79.244573"></trkpt><trkpt lat="41.608246" lon="-79.242235"></trkpt><trkpt lat="41.608539" lon="-79.241945"></trkpt><trkpt lat="41.609177" lon="-79.241578"></trkpt><trkpt lat="41.609920" lon="-79.241403"></trkpt><trkpt lat="41.610779" lon="-79.241423"></trkpt><trkpt lat="41.613322" lon="-79.241807"></trkpt><trkpt lat="41.613869" lon="-79.242105"></trkpt><trkpt lat="41.615387" lon="-79.243367"></trkpt><trkpt lat="41.618143" lon="-79.244707"></trkpt><trkpt lat="41.618668" lon="-79.245020"></trkpt><trkpt lat="41.618945" lon="-79.245331"></trkpt><trkpt lat="41.619221" lon="-79.245803"></trkpt><trkpt lat="41.619791" lon="-79.247022"></trkpt><trkpt lat="41.620051" lon="-79.247996"></trkpt><trkpt lat="41.620167" lon="-79.249397"></trkpt><trkpt lat="41.620396" lon="-79.250458"></trkpt><trkpt lat="41.620618" lon="-79.250850"></trkpt><trkpt lat="41.621003" lon="-79.251158"></trkpt><trkpt lat="41.621446" lon="-79.251311"></trkpt><trkpt lat="41.622094" lon="-79.251398"></trkpt><trkpt lat="41.625161" lon="-79.250844"></trkpt><trkpt lat="41.625535" lon="-79.250674"></trkpt><trkpt lat="41.625802" lon="-79.250453"></trkpt><trkpt lat="41.626488" lon="-79.249407"></trkpt><trkpt lat="41.627772" lon="-79.248142"></trkpt><trkpt lat="41.629935" lon="-79.244627"></trkpt><trkpt lat="41.630206" lon="-79.244301"></trkpt><trkpt lat="41.631486" lon="-79.243122"></trkpt><trkpt lat="41.631917" lon="-79.242499"></trkpt><trkpt lat="41.632983" lon="-79.239882"></trkpt><trkpt lat="41.633748" lon="-79.238545"></trkpt><trkpt lat="41.633885" lon="-79.238205"></trkpt><trkpt lat="41.634221" lon="-79.236501"></trkpt><trkpt lat="41.634751" lon="-79.234535"></trkpt><trkpt lat="41.634881" lon="-79.233116"></trkpt><trkpt lat="41.638012" lon="-79.232642"></trkpt><trkpt lat="41.644717" lon="-79.231918"></trkpt><trkpt lat="41.646482" lon="-79.231747"></trkpt><trkpt lat="41.647435" lon="-79.231852"></trkpt><trkpt lat="41.648630" lon="-79.231214"></trkpt><trkpt lat="41.649397" lon="-79.229941"></trkpt><trkpt lat="41.649601" lon="-79.229757"></trkpt><trkpt lat="41.649834" lon="-79.229653"></trkpt><trkpt lat="41.650021" lon="-79.229606"></trkpt><trkpt lat="41.650436" lon="-79.229633"></trkpt><trkpt lat="41.652192" lon="-79.229998"></trkpt><trkpt lat="41.652561" lon="-79.229941"></trkpt><trkpt lat="41.654988" lon="-79.229132"></trkpt><trkpt lat="41.657563" lon="-79.227678"></trkpt><trkpt lat="41.658082" lon="-79.227446"></trkpt><trkpt lat="41.662223" lon="-79.226032"></trkpt><trkpt lat="41.663239" lon="-79.225740"></trkpt><trkpt lat="41.666218" lon="-79.225912"></trkpt><trkpt lat="41.671538" lon="-79.226443"></trkpt><trkpt lat="41.676458" lon="-79.226780"></trkpt><trkpt lat="41.676219" lon="-79.224951"></trkpt><trkpt lat="41.676320" lon="-79.224571"></trkpt><trkpt lat="41.676418" lon="-79.223577"></trkpt><trkpt lat="41.676733" lon="-79.222896"></trkpt><trkpt lat="41.677142" lon="-79.221549"></trkpt><trkpt lat="41.677174" lon="-79.221065"></trkpt><trkpt lat="41.676945" lon="-79.220287"></trkpt><trkpt lat="41.676875" lon="-79.219703"></trkpt><trkpt lat="41.676475" lon="-79.218744"></trkpt><trkpt lat="41.676266" lon="-79.217126"></trkpt><trkpt lat="41.676302" lon="-79.216112"></trkpt><trkpt lat="41.676592" lon="-79.215185"></trkpt><trkpt lat="41.676786" lon="-79.214811"></trkpt><trkpt lat="41.677402" lon="-79.212848"></trkpt><trkpt lat="41.677476" lon="-79.212664"></trkpt><trkpt lat="41.677776" lon="-79.212371"></trkpt><trkpt lat="41.677887" lon="-79.211544"></trkpt><trkpt lat="41.678126" lon="-79.210899"></trkpt><trkpt lat="41.678140" lon="-79.210501"></trkpt><trkpt lat="41.678336" lon="-79.209978"></trkpt><trkpt lat="41.678296" lon="-79.209483"></trkpt><trkpt lat="41.678105" lon="-79.208769"></trkpt><trkpt lat="41.678284" lon="-79.207930"></trkpt><trkpt lat="41.678374" lon="-79.206909"></trkpt><trkpt lat="41.678377" lon="-79.206086"></trkpt><trkpt lat="41.678315" lon="-79.205661"></trkpt><trkpt lat="41.678354" lon="-79.204850"></trkpt><trkpt lat="41.678239" lon="-79.203770"></trkpt><trkpt lat="41.678376" lon="-79.202310"></trkpt><trkpt lat="41.678215" lon="-79.201719"></trkpt><trkpt lat="41.677808" lon="-79.201332"></trkpt><trkpt lat="41.677730" lon="-79.200856"></trkpt><trkpt lat="41.676924" lon="-79.200488"></trkpt><trkpt lat="41.676771" lon="-79.200313"></trkpt><trkpt lat="41.676159" lon="-79.199882"></trkpt><trkpt lat="41.675864" lon="-79.199518"></trkpt><trkpt lat="41.675731" lon="-79.198932"></trkpt><trkpt lat="41.675763" lon="-79.198669"></trkpt><trkpt lat="41.675951" lon="-79.198247"></trkpt><trkpt lat="41.676157" lon="-79.198033"></trkpt><trkpt lat="41.676963" lon="-79.197629"></trkpt><trkpt lat="41.677138" lon="-79.197405"></trkpt><trkpt lat="41.677289" lon="-79.196869"></trkpt><trkpt lat="41.677229" lon="-79.196351"></trkpt><trkpt lat="41.676876" lon="-79.195666"></trkpt><trkpt lat="41.676680" lon="-79.195134"></trkpt><trkpt lat="41.676643" lon="-79.194834"></trkpt><trkpt lat="41.677092" lon="-79.192216"></trkpt><trkpt lat="41.676910" lon="-79.188471"></trkpt><trkpt lat="41.676938" lon="-79.187771"></trkpt><trkpt lat="41.677516" lon="-79.184372"></trkpt><trkpt lat="41.677784" lon="-79.183722"></trkpt><trkpt lat="41.677687" lon="-79.182348"></trkpt><trkpt lat="41.677739" lon="-79.177790"></trkpt><trkpt lat="41.677800" lon="-79.177745"></trkpt><trkpt lat="41.677928" lon="-79.177785"></trkpt><trkpt lat="41.678404" lon="-79.178143"></trkpt><trkpt lat="41.679549" lon="-79.178307"></trkpt><trkpt lat="41.679785" lon="-79.178208"></trkpt><trkpt lat="41.680714" lon="-79.177407"></trkpt><trkpt lat="41.681060" lon="-79.177234"></trkpt><trkpt lat="41.681777" lon="-79.177114"></trkpt><trkpt lat="41.682697" lon="-79.176443"></trkpt><trkpt lat="41.683321" lon="-79.176251"></trkpt><trkpt lat="41.684356" lon="-79.176257"></trkpt><trkpt lat="41.684659" lon="-79.176197"></trkpt><trkpt lat="41.685050" lon="-79.176032"></trkpt><trkpt lat="41.686928" lon="-79.174953"></trkpt><trkpt lat="41.687303" lon="-79.174661"></trkpt><trkpt lat="41.688220" lon="-79.173756"></trkpt><trkpt lat="41.688096" lon="-79.173295"></trkpt><trkpt lat="41.688101" lon="-79.172873"></trkpt><trkpt lat="41.688588" lon="-79.171397"></trkpt><trkpt lat="41.688805" lon="-79.170954"></trkpt><trkpt lat="41.688968" lon="-79.170782"></trkpt><trkpt lat="41.690492" lon="-79.170070"></trkpt><trkpt lat="41.691099" lon="-79.169567"></trkpt><trkpt lat="41.691655" lon="-79.168849"></trkpt><trkpt lat="41.692695" lon="-79.166832"></trkpt><trkpt lat="41.692831" lon="-79.166681"></trkpt><trkpt lat="41.693663" lon="-79.166304"></trkpt><trkpt lat="41.694655" lon="-79.165974"></trkpt><trkpt lat="41.695566" lon="-79.166013"></trkpt><trkpt lat="41.696012" lon="-79.166112"></trkpt><trkpt lat="41.696354" lon="-79.166303"></trkpt><trkpt lat="41.697433" lon="-79.166725"></trkpt><trkpt lat="41.698174" lon="-79.167496"></trkpt><trkpt lat="41.698475" lon="-79.168353"></trkpt><trkpt lat="41.698823" lon="-79.168896"></trkpt><trkpt lat="41.699091" lon="-79.169164"></trkpt><trkpt lat="41.699183" lon="-79.169189"></trkpt><trkpt lat="41.699514" lon="-79.169087"></trkpt><trkpt lat="41.700231" lon="-79.168616"></trkpt><trkpt lat="41.701186" lon="-79.168995"></trkpt><trkpt lat="41.701561" lon="-79.168916"></trkpt><trkpt lat="41.702302" lon="-79.168592"></trkpt><trkpt lat="41.702896" lon="-79.168530"></trkpt><trkpt lat="41.703284" lon="-79.168659"></trkpt><trkpt lat="41.703507" lon="-79.168814"></trkpt><trkpt lat="41.703898" lon="-79.169484"></trkpt><trkpt lat="41.704191" lon="-79.169670"></trkpt><trkpt lat="41.704621" lon="-79.169621"></trkpt><trkpt lat="41.705066" lon="-79.169456"></trkpt><trkpt lat="41.705299" lon="-79.169227"></trkpt><trkpt lat="41.705483" lon="-79.168718"></trkpt><trkpt lat="41.705510" lon="-79.168103"></trkpt><trkpt lat="41.705357" lon="-79.167653"></trkpt><trkpt lat="41.704999" lon="-79.167023"></trkpt><trkpt lat="41.704822" lon="-79.166179"></trkpt><trkpt lat="41.705126" lon="-79.166368"></trkpt><trkpt lat="41.706099" lon="-79.167547"></trkpt><trkpt lat="41.706476" lon="-79.168152"></trkpt><trkpt lat="41.706684" lon="-79.168965"></trkpt><trkpt lat="41.706865" lon="-79.169187"></trkpt><trkpt lat="41.707075" lon="-79.169283"></trkpt><trkpt lat="41.707234" lon="-79.169534"></trkpt><trkpt lat="41.707444" lon="-79.169458"></trkpt><trkpt lat="41.707641" lon="-79.169477"></trkpt><trkpt lat="41.707884" lon="-79.170053"></trkpt><trkpt lat="41.708011" lon="-79.170100"></trkpt><trkpt lat="41.708232" lon="-79.170119"></trkpt><trkpt lat="41.708858" lon="-79.169730"></trkpt><trkpt lat="41.709130" lon="-79.169764"></trkpt><trkpt lat="41.709360" lon="-79.169876"></trkpt><trkpt lat="41.710043" lon="-79.170742"></trkpt><trkpt lat="41.710225" lon="-79.171049"></trkpt><trkpt lat="41.710257" lon="-79.171453"></trkpt><trkpt lat="41.710531" lon="-79.172416"></trkpt><trkpt lat="41.710595" lon="-79.173645"></trkpt><trkpt lat="41.710430" lon="-79.174814"></trkpt><trkpt lat="41.710477" lon="-79.174956"></trkpt><trkpt lat="41.710626" lon="-79.174792"></trkpt><trkpt lat="41.710992" lon="-79.173963"></trkpt><trkpt lat="41.711191" lon="-79.173807"></trkpt><trkpt lat="41.711546" lon="-79.173698"></trkpt><trkpt lat="41.711642" lon="-79.173702"></trkpt><trkpt lat="41.712396" lon="-79.174535"></trkpt><trkpt lat="41.712562" lon="-79.174510"></trkpt><trkpt lat="41.712761" lon="-79.174357"></trkpt><trkpt lat="41.713238" lon="-79.174235"></trkpt><trkpt lat="41.713362" lon="-79.174111"></trkpt><trkpt lat="41.713710" lon="-79.174101"></trkpt><trkpt lat="41.714118" lon="-79.174453"></trkpt><trkpt lat="41.714589" lon="-79.174567"></trkpt><trkpt lat="41.714822" lon="-79.174675"></trkpt><trkpt lat="41.715063" lon="-79.174884"></trkpt><trkpt lat="41.715412" lon="-79.175324"></trkpt><trkpt lat="41.715494" lon="-79.176042"></trkpt><trkpt lat="41.716208" lon="-79.176877"></trkpt><trkpt lat="41.716460" lon="-79.176765"></trkpt><trkpt lat="41.716943" lon="-79.176764"></trkpt><trkpt lat="41.718037" lon="-79.176573"></trkpt><trkpt lat="41.718377" lon="-79.176105"></trkpt><trkpt lat="41.718521" lon="-79.175446"></trkpt><trkpt lat="41.718551" lon="-79.174525"></trkpt><trkpt lat="41.718459" lon="-79.174084"></trkpt><trkpt lat="41.717691" lon="-79.172173"></trkpt><trkpt lat="41.717511" lon="-79.171540"></trkpt><trkpt lat="41.716864" lon="-79.170351"></trkpt><trkpt lat="41.716509" lon="-79.169443"></trkpt><trkpt lat="41.716598" lon="-79.169039"></trkpt><trkpt lat="41.716915" lon="-79.168690"></trkpt><trkpt lat="41.717174" lon="-79.168708"></trkpt><trkpt lat="41.717836" lon="-79.169239"></trkpt><trkpt lat="41.718856" lon="-79.169725"></trkpt><trkpt lat="41.719181" lon="-79.169764"></trkpt><trkpt lat="41.719952" lon="-79.169605"></trkpt><trkpt lat="41.721004" lon="-79.169566"></trkpt><trkpt lat="41.722461" lon="-79.170062"></trkpt><trkpt lat="41.722742" lon="-79.170221"></trkpt><trkpt lat="41.723864" lon="-79.170335"></trkpt><trkpt lat="41.724235" lon="-79.170188"></trkpt><trkpt lat="41.724743" lon="-79.169499"></trkpt><trkpt lat="41.726561" lon="-79.167806"></trkpt><trkpt lat="41.727005" lon="-79.167646"></trkpt><trkpt lat="41.727608" lon="-79.167701"></trkpt><trkpt lat="41.727960" lon="-79.167916"></trkpt><trkpt lat="41.728283" lon="-79.168263"></trkpt><trkpt lat="41.728730" lon="-79.169169"></trkpt><trkpt lat="41.729088" lon="-79.170373"></trkpt><trkpt lat="41.729318" lon="-79.171801"></trkpt><trkpt lat="41.729658" lon="-79.172705"></trkpt><trkpt lat="41.730038" lon="-79.173217"></trkpt><trkpt lat="41.730670" lon="-79.173712"></trkpt><trkpt lat="41.731338" lon="-79.173680"></trkpt><trkpt lat="41.731873" lon="-79.173515"></trkpt><trkpt lat="41.732071" lon="-79.173369"></trkpt><trkpt lat="41.733026" lon="-79.172028"></trkpt><trkpt lat="41.733166" lon="-79.171464"></trkpt><trkpt lat="41.733275" lon="-79.170455"></trkpt><trkpt lat="41.733698" lon="-79.168842"></trkpt><trkpt lat="41.734010" lon="-79.166970"></trkpt><trkpt lat="41.734156" lon="-79.166539"></trkpt><trkpt lat="41.734400" lon="-79.166196"></trkpt><trkpt lat="41.734759" lon="-79.166070"></trkpt><trkpt lat="41.735789" lon="-79.166397"></trkpt><trkpt lat="41.737465" lon="-79.166353"></trkpt><trkpt lat="41.737968" lon="-79.166004"></trkpt><trkpt lat="41.738542" lon="-79.165225"></trkpt><trkpt lat="41.738639" lon="-79.165603"></trkpt><trkpt lat="41.738832" lon="-79.165711"></trkpt><trkpt lat="41.739330" lon="-79.165754"></trkpt><trkpt lat="41.739872" lon="-79.165641"></trkpt><trkpt lat="41.740607" lon="-79.165284"></trkpt><trkpt lat="41.741093" lon="-79.164767"></trkpt><trkpt lat="41.742153" lon="-79.163839"></trkpt><trkpt lat="41.743039" lon="-79.163527"></trkpt><trkpt lat="41.743458" lon="-79.163548"></trkpt><trkpt lat="41.744089" lon="-79.163918"></trkpt><trkpt lat="41.744367" lon="-79.164536"></trkpt><trkpt lat="41.744882" lon="-79.167304"></trkpt><trkpt lat="41.745668" lon="-79.168337"></trkpt><trkpt lat="41.746093" lon="-79.168739"></trkpt><trkpt lat="41.746257" lon="-79.169059"></trkpt><trkpt lat="41.746626" lon="-79.169387"></trkpt><trkpt lat="41.746570" lon="-79.169494"></trkpt><trkpt lat="41.746262" lon="-79.169503"></trkpt><trkpt lat="41.745860" lon="-79.169415"></trkpt><trkpt lat="41.745456" lon="-79.169439"></trkpt><trkpt lat="41.745267" lon="-79.169360"></trkpt><trkpt lat="41.744736" lon="-79.169300"></trkpt><trkpt lat="41.744322" lon="-79.169460"></trkpt><trkpt lat="41.744551" lon="-79.170055"></trkpt><trkpt lat="41.745934" lon="-79.172229"></trkpt><trkpt lat="41.746318" lon="-79.172791"></trkpt><trkpt lat="41.746726" lon="-79.173214"></trkpt><trkpt lat="41.747053" lon="-79.173297"></trkpt><trkpt lat="41.747798" lon="-79.173098"></trkpt><trkpt lat="41.748626" lon="-79.172664"></trkpt><trkpt lat="41.749732" lon="-79.171809"></trkpt><trkpt lat="41.750047" lon="-79.171449"></trkpt><trkpt lat="41.750433" lon="-79.170568"></trkpt><trkpt lat="41.750635" lon="-79.170356"></trkpt><trkpt lat="41.751461" lon="-79.169867"></trkpt><trkpt lat="41.751900" lon="-79.169793"></trkpt><trkpt lat="41.752699" lon="-79.169717"></trkpt><trkpt lat="41.752848" lon="-79.169774"></trkpt><trkpt lat="41.753312" lon="-79.170173"></trkpt><trkpt lat="41.754633" lon="-79.170952"></trkpt><trkpt lat="41.755258" lon="-79.171453"></trkpt><trkpt lat="41.755857" lon="-79.171757"></trkpt><trkpt lat="41.756595" lon="-79.171892"></trkpt><trkpt lat="41.757016" lon="-79.171794"></trkpt><trkpt lat="41.757552" lon="-79.171571"></trkpt><trkpt lat="41.757864" lon="-79.172185"></trkpt><trkpt lat="41.758105" lon="-79.172899"></trkpt><trkpt lat="41.758041" lon="-79.173661"></trkpt><trkpt lat="41.758081" lon="-79.174113"></trkpt><trkpt lat="41.759951" lon="-79.178113"></trkpt><trkpt lat="41.760414" lon="-79.178815"></trkpt><trkpt lat="41.761916" lon="-79.180028"></trkpt><trkpt lat="41.762194" lon="-79.180333"></trkpt><trkpt lat="41.762770" lon="-79.182194"></trkpt><trkpt lat="41.763903" lon="-79.184216"></trkpt><trkpt lat="41.764461" lon="-79.185451"></trkpt><trkpt lat="41.764751" lon="-79.187007"></trkpt><trkpt lat="41.764820" lon="-79.188402"></trkpt><trkpt lat="41.764684" lon="-79.189209"></trkpt><trkpt lat="41.763718" lon="-79.192536"></trkpt><trkpt lat="41.763639" lon="-79.193349"></trkpt><trkpt lat="41.763850" lon="-79.194248"></trkpt><trkpt lat="41.764222" lon="-79.198043"></trkpt><trkpt lat="41.764507" lon="-79.199307"></trkpt><trkpt lat="41.765078" lon="-79.201335"></trkpt><trkpt lat="41.765208" lon="-79.201675"></trkpt><trkpt lat="41.766157" lon="-79.203127"></trkpt><trkpt lat="41.766379" lon="-79.203812"></trkpt><trkpt lat="41.766576" lon="-79.204914"></trkpt><trkpt lat="41.766796" lon="-79.205515"></trkpt><trkpt lat="41.767187" lon="-79.206283"></trkpt><trkpt lat="41.768293" lon="-79.207752"></trkpt><trkpt lat="41.768462" lon="-79.208070"></trkpt><trkpt lat="41.768626" lon="-79.208598"></trkpt><trkpt lat="41.768690" lon="-79.209691"></trkpt><trkpt lat="41.768618" lon="-79.210680"></trkpt><trkpt lat="41.768394" lon="-79.211578"></trkpt><trkpt lat="41.767791" lon="-79.213287"></trkpt><trkpt lat="41.767752" lon="-79.213729"></trkpt><trkpt lat="41.767889" lon="-79.214597"></trkpt><trkpt lat="41.768167" lon="-79.215717"></trkpt><trkpt lat="41.768417" lon="-79.216437"></trkpt><trkpt lat="41.768554" lon="-79.216649"></trkpt><trkpt lat="41.768921" lon="-79.216970"></trkpt><trkpt lat="41.769700" lon="-79.217369"></trkpt><trkpt lat="41.770255" lon="-79.217519"></trkpt><trkpt lat="41.770557" lon="-79.217671"></trkpt><trkpt lat="41.770860" lon="-79.218325"></trkpt><trkpt lat="41.771170" lon="-79.219372"></trkpt><trkpt lat="41.772214" lon="-79.222761"></trkpt><trkpt lat="41.772386" lon="-79.224483"></trkpt><trkpt lat="41.772585" lon="-79.225341"></trkpt><trkpt lat="41.773067" lon="-79.226379"></trkpt><trkpt lat="41.773975" lon="-79.228048"></trkpt><trkpt lat="41.776195" lon="-79.231755"></trkpt><trkpt lat="41.776377" lon="-79.232410"></trkpt><trkpt lat="41.776299" lon="-79.233259"></trkpt><trkpt lat="41.775591" lon="-79.235793"></trkpt><trkpt lat="41.775261" lon="-79.237313"></trkpt><trkpt lat="41.775284" lon="-79.238374"></trkpt><trkpt lat="41.775740" lon="-79.242296"></trkpt></trkseg></trk><trk><name>T022 LOC1647</name><trkseg><trkpt lat="41.576712" lon="-79.324040"></trkpt><trkpt lat="41.576427" lon="-79.323028"></trkpt><trkpt lat="41.575800" lon="-79.321425"></trkpt><trkpt lat="41.574889" lon="-79.319458"></trkpt><trkpt lat="41.574001" lon="-79.317274"></trkpt><trkpt lat="41.574912" lon="-79.314875"></trkpt><trkpt lat="41.575563" lon="-79.313851"></trkpt><trkpt lat="41.576252" lon="-79.312921"></trkpt><trkpt lat="41.576346" lon="-79.312571"></trkpt><trkpt lat="41.575916" lon="-79.307808"></trkpt><trkpt lat="41.575880" lon="-79.306610"></trkpt><trkpt lat="41.575966" lon="-79.305720"></trkpt><trkpt lat="41.576305" lon="-79.304847"></trkpt><trkpt lat="41.576735" lon="-79.304069"></trkpt><trkpt lat="41.577153" lon="-79.303122"></trkpt><trkpt lat="41.579406" lon="-79.300196"></trkpt><trkpt lat="41.579759" lon="-79.299659"></trkpt><trkpt lat="41.580374" lon="-79.300471"></trkpt><trkpt lat="41.581056" lon="-79.300897"></trkpt><trkpt lat="41.581186" lon="-79.301121"></trkpt><trkpt lat="41.581661" lon="-79.302628"></trkpt><trkpt lat="41.581882" lon="-79.302433"></trkpt><trkpt lat="41.582574" lon="-79.301589"></trkpt><trkpt lat="41.583309" lon="-79.300342"></trkpt><trkpt lat="41.583977" lon="-79.299773"></trkpt><trkpt lat="41.584359" lon="-79.299210"></trkpt><trkpt lat="41.584767" lon="-79.297693"></trkpt><trkpt lat="41.585238" lon="-79.294751"></trkpt><trkpt lat="41.585212" lon="-79.293857"></trkpt><trkpt lat="41.585351" lon="-79.293540"></trkpt><trkpt lat="41.585685" lon="-79.293242"></trkpt><trkpt lat="41.586715" lon="-79.292988"></trkpt><trkpt lat="41.587215" lon="-79.292774"></trkpt><trkpt lat="41.588488" lon="-79.291722"></trkpt><trkpt lat="41.589276" lon="-79.291324"></trkpt><trkpt lat="41.589512" lon="-79.291060"></trkpt><trkpt lat="41.589574" lon="-79.290533"></trkpt><trkpt lat="41.589307" lon="-79.289595"></trkpt><trkpt lat="41.588889" lon="-79.288610"></trkpt><trkpt lat="41.587899" lon="-79.286780"></trkpt><trkpt lat="41.587525" lon="-79.285493"></trkpt><trkpt lat="41.587405" lon="-79.284681"></trkpt><trkpt lat="41.587349" lon="-79.283653"></trkpt><trkpt lat="41.587437" lon="-79.281894"></trkpt></trkseg></trk><trk><name>T023 LOC1647</name><trkseg><trkpt lat="41.578397" lon="-79.269735"></trkpt><trkpt lat="41.578557" lon="-79.269634"></trkpt><trkpt lat="41.578649" lon="-79.269414"></trkpt><trkpt lat="41.578944" lon="-79.269081"></trkpt><trkpt lat="41.579206" lon="-79.268940"></trkpt><trkpt lat="41.579538" lon="-79.268915"></trkpt><trkpt lat="41.580294" lon="-79.269231"></trkpt><trkpt lat="41.581187" lon="-79.269417"></trkpt><trkpt lat="41.581443" lon="-79.269402"></trkpt><trkpt lat="41.581859" lon="-79.269656"></trkpt><trkpt lat="41.582124" lon="-79.269704"></trkpt><trkpt lat="41.582301" lon="-79.269648"></trkpt><trkpt lat="41.582511" lon="-79.269362"></trkpt><trkpt lat="41.582840" lon="-79.269163"></trkpt><trkpt lat="41.583112" lon="-79.269089"></trkpt><trkpt lat="41.583206" lon="-79.268972"></trkpt><trkpt lat="41.583741" lon="-79.268649"></trkpt><trkpt lat="41.583979" lon="-79.268081"></trkpt><trkpt lat="41.584222" lon="-79.267845"></trkpt><trkpt lat="41.584342" lon="-79.267475"></trkpt><trkpt lat="41.584720" lon="-79.268318"></trkpt><trkpt lat="41.584958" lon="-79.268686"></trkpt><trkpt lat="41.585215" lon="-79.268819"></trkpt><trkpt lat="41.585725" lon="-79.268941"></trkpt><trkpt lat="41.586156" lon="-79.269545"></trkpt><trkpt lat="41.586477" lon="-79.270214"></trkpt><trkpt lat="41.586870" lon="-79.270193"></trkpt><trkpt lat="41.587788" lon="-79.269689"></trkpt><trkpt lat="41.588183" lon="-79.269619"></trkpt><trkpt lat="41.590314" lon="-79.271609"></trkpt><trkpt lat="41.590622" lon="-79.271786"></trkpt><trkpt lat="41.590762" lon="-79.271782"></trkpt><trkpt lat="41.591197" lon="-79.271442"></trkpt><trkpt lat="41.591544" lon="-79.270972"></trkpt><trkpt lat="41.591898" lon="-79.269993"></trkpt><trkpt lat="41.592444" lon="-79.268973"></trkpt><trkpt lat="41.592760" lon="-79.268749"></trkpt><trkpt lat="41.593268" lon="-79.268526"></trkpt><trkpt lat="41.594334" lon="-79.268282"></trkpt><trkpt lat="41.594957" lon="-79.267900"></trkpt><trkpt lat="41.595515" lon="-79.267382"></trkpt><trkpt lat="41.596899" lon="-79.265633"></trkpt><trkpt lat="41.597286" lon="-79.265378"></trkpt><trkpt lat="41.598041" lon="-79.265118"></trkpt><trkpt lat="41.599941" lon="-79.264810"></trkpt><trkpt lat="41.601416" lon="-79.264878"></trkpt><trkpt lat="41.601741" lon="-79.264995"></trkpt><trkpt lat="41.602071" lon="-79.265278"></trkpt></trkseg></trk><trk><name>T024 LOC1647</name><trkseg><trkpt lat="41.592694" lon="-79.216873"></trkpt><trkpt lat="41.593211" lon="-79.217074"></trkpt><trkpt lat="41.594639" lon="-79.217346"></trkpt><trkpt lat="41.595242" lon="-79.217522"></trkpt><trkpt lat="41.597160" lon="-79.217793"></trkpt><trkpt lat="41.599339" lon="-79.217209"></trkpt><trkpt lat="41.599637" lon="-79.217253"></trkpt><trkpt lat="41.600006" lon="-79.217452"></trkpt><trkpt lat="41.600142" lon="-79.217607"></trkpt><trkpt lat="41.601261" lon="-79.219207"></trkpt><trkpt lat="41.602016" lon="-79.219777"></trkpt><trkpt lat="41.603115" lon="-79.220240"></trkpt><trkpt lat="41.603624" lon="-79.220371"></trkpt><trkpt lat="41.605186" lon="-79.221438"></trkpt><trkpt lat="41.606883" lon="-79.222281"></trkpt><trkpt lat="41.607286" lon="-79.222384"></trkpt><trkpt lat="41.608251" lon="-79.222335"></trkpt><trkpt lat="41.608774" lon="-79.222279"></trkpt><trkpt lat="41.609984" lon="-79.221983"></trkpt><trkpt lat="41.610674" lon="-79.222073"></trkpt><trkpt lat="41.612149" lon="-79.222458"></trkpt><trkpt lat="41.612920" lon="-79.222780"></trkpt><trkpt lat="41.614251" lon="-79.223730"></trkpt><trkpt lat="41.615489" lon="-79.224155"></trkpt><trkpt lat="41.617326" lon="-79.224614"></trkpt><trkpt lat="41.619236" lon="-79.225811"></trkpt><trkpt lat="41.620672" lon="-79.226630"></trkpt><trkpt lat="41.621400" lon="-79.227165"></trkpt><trkpt lat="41.622593" lon="-79.227836"></trkpt><trkpt lat="41.623767" lon="-79.228319"></trkpt><trkpt lat="41.624838" lon="-79.228619"></trkpt><trkpt lat="41.625531" lon="-79.228929"></trkpt><trkpt lat="41.626098" lon="-79.229101"></trkpt><trkpt lat="41.626661" lon="-79.229609"></trkpt><trkpt lat="41.627045" lon="-79.230134"></trkpt><trkpt lat="41.627633" lon="-79.231421"></trkpt><trkpt lat="41.627916" lon="-79.231825"></trkpt><trkpt lat="41.628437" lon="-79.232338"></trkpt><trkpt lat="41.628854" lon="-79.232583"></trkpt><trkpt lat="41.629899" lon="-79.232892"></trkpt><trkpt lat="41.630758" lon="-79.233033"></trkpt><trkpt lat="41.634881" lon="-79.233116"></trkpt></trkseg></trk><trk><name>T025 LOC1647</name><trkseg><trkpt lat="41.572020" lon="-79.121457"></trkpt><trkpt lat="41.573624" lon="-79.125142"></trkpt><trkpt lat="41.574021" lon="-79.125828"></trkpt><trkpt lat="41.574526" lon="-79.126340"></trkpt><trkpt lat="41.576459" lon="-79.127418"></trkpt><trkpt lat="41.576592" lon="-79.127536"></trkpt><trkpt lat="41.576822" lon="-79.127961"></trkpt><trkpt lat="41.578731" lon="-79.131956"></trkpt><trkpt lat="41.579142" lon="-79.133592"></trkpt><trkpt lat="41.579313" lon="-79.134734"></trkpt><trkpt lat="41.579678" lon="-79.136034"></trkpt><trkpt lat="41.580293" lon="-79.136822"></trkpt><trkpt lat="41.581835" lon="-79.138456"></trkpt><trkpt lat="41.583078" lon="-79.140135"></trkpt><trkpt lat="41.583785" lon="-79.141263"></trkpt><trkpt lat="41.584165" lon="-79.142197"></trkpt><trkpt lat="41.584497" lon="-79.143943"></trkpt><trkpt lat="41.585469" lon="-79.148290"></trkpt><trkpt lat="41.585531" lon="-79.149612"></trkpt><trkpt lat="41.585403" lon="-79.150466"></trkpt><trkpt lat="41.585277" lon="-79.150848"></trkpt><trkpt lat="41.585101" lon="-79.151217"></trkpt><trkpt lat="41.583896" lon="-79.152561"></trkpt><trkpt lat="41.582469" lon="-79.153885"></trkpt><trkpt lat="41.582014" lon="-79.154770"></trkpt><trkpt lat="41.581941" lon="-79.155736"></trkpt><trkpt lat="41.582084" lon="-79.156407"></trkpt><trkpt lat="41.582429" lon="-79.157045"></trkpt><trkpt lat="41.584048" lon="-79.158822"></trkpt><trkpt lat="41.584693" lon="-79.159621"></trkpt><trkpt lat="41.585473" lon="-79.161185"></trkpt><trkpt lat="41.585875" lon="-79.162241"></trkpt><trkpt lat="41.585985" lon="-79.162791"></trkpt><trkpt lat="41.586043" lon="-79.163235"></trkpt><trkpt lat="41.586015" lon="-79.164006"></trkpt><trkpt lat="41.585846" lon="-79.164834"></trkpt><trkpt lat="41.585060" lon="-79.166355"></trkpt><trkpt lat="41.584828" lon="-79.167091"></trkpt><trkpt lat="41.584829" lon="-79.168441"></trkpt><trkpt lat="41.585012" lon="-79.171650"></trkpt><trkpt lat="41.585099" lon="-79.172025"></trkpt><trkpt lat="41.585057" lon="-79.172580"></trkpt><trkpt lat="41.584730" lon="-79.174318"></trkpt><trkpt lat="41.584322" lon="-79.176004"></trkpt><trkpt lat="41.584085" lon="-79.176429"></trkpt><trkpt lat="41.583666" lon="-79.176908"></trkpt><trkpt lat="41.583242" lon="-79.177213"></trkpt><trkpt lat="41.582803" lon="-79.177370"></trkpt><trkpt lat="41.580401" lon="-79.177937"></trkpt><trkpt lat="41.579776" lon="-79.178157"></trkpt><trkpt lat="41.579395" lon="-79.178397"></trkpt><trkpt lat="41.579097" lon="-79.178756"></trkpt><trkpt lat="41.578781" lon="-79.179305"></trkpt><trkpt lat="41.578557" lon="-79.180513"></trkpt><trkpt lat="41.578552" lon="-79.181445"></trkpt><trkpt lat="41.578374" lon="-79.182382"></trkpt><trkpt lat="41.577594" lon="-79.183673"></trkpt><trkpt lat="41.577147" lon="-79.184212"></trkpt><trkpt lat="41.576960" lon="-79.184595"></trkpt><trkpt lat="41.576830" lon="-79.185328"></trkpt><trkpt lat="41.576784" lon="-79.187570"></trkpt><trkpt lat="41.576692" lon="-79.188761"></trkpt><trkpt lat="41.575373" lon="-79.193442"></trkpt><trkpt lat="41.575723" lon="-79.193754"></trkpt><trkpt lat="41.576393" lon="-79.193999"></trkpt><trkpt lat="41.577475" lon="-79.195324"></trkpt><trkpt lat="41.577786" lon="-79.195615"></trkpt><trkpt lat="41.578029" lon="-79.195620"></trkpt><trkpt lat="41.578252" lon="-79.195470"></trkpt><trkpt lat="41.578557" lon="-79.195414"></trkpt><trkpt lat="41.579212" lon="-79.195863"></trkpt><trkpt lat="41.579999" lon="-79.196129"></trkpt><trkpt lat="41.580278" lon="-79.196157"></trkpt><trkpt lat="41.580732" lon="-79.196408"></trkpt><trkpt lat="41.581134" lon="-79.196805"></trkpt><trkpt lat="41.581744" lon="-79.197244"></trkpt><trkpt lat="41.582074" lon="-79.197595"></trkpt><trkpt lat="41.583005" lon="-79.199608"></trkpt></trkseg></trk><trk><name>T026 LOC1647</name><trkseg><trkpt lat="41.692431" lon="-78.854895"></trkpt><trkpt lat="41.691901" lon="-78.855910"></trkpt><trkpt lat="41.688718" lon="-78.861026"></trkpt><trkpt lat="41.687909" lon="-78.862567"></trkpt><trkpt lat="41.687653" lon="-78.863320"></trkpt><trkpt lat="41.687531" lon="-78.864057"></trkpt><trkpt lat="41.687729" lon="-78.865504"></trkpt><trkpt lat="41.688184" lon="-78.867160"></trkpt><trkpt lat="41.688793" lon="-78.868942"></trkpt><trkpt lat="41.689692" lon="-78.870798"></trkpt><trkpt lat="41.694671" lon="-78.876546"></trkpt><trkpt lat="41.696060" lon="-78.877606"></trkpt><trkpt lat="41.697048" lon="-78.877958"></trkpt></trkseg></trk><trk><name>T027 LOC1647</name><trkseg><trkpt lat="41.727236" lon="-79.167636"></trkpt><trkpt lat="41.727074" lon="-79.167815"></trkpt><trkpt lat="41.726961" lon="-79.168106"></trkpt><trkpt lat="41.727370" lon="-79.169283"></trkpt><trkpt lat="41.727415" lon="-79.169882"></trkpt><trkpt lat="41.726764" lon="-79.171689"></trkpt><trkpt lat="41.726828" lon="-79.172004"></trkpt><trkpt lat="41.726677" lon="-79.172590"></trkpt><trkpt lat="41.723362" lon="-79.183608"></trkpt><trkpt lat="41.723164" lon="-79.183745"></trkpt><trkpt lat="41.722116" lon="-79.183785"></trkpt><trkpt lat="41.721920" lon="-79.183735"></trkpt><trkpt lat="41.721001" lon="-79.185245"></trkpt><trkpt lat="41.720466" lon="-79.185649"></trkpt><trkpt lat="41.720157" lon="-79.186011"></trkpt><trkpt lat="41.719902" lon="-79.186473"></trkpt><trkpt lat="41.719264" lon="-79.188112"></trkpt><trkpt lat="41.719002" lon="-79.188703"></trkpt><trkpt lat="41.718712" lon="-79.189166"></trkpt><trkpt lat="41.718030" lon="-79.189652"></trkpt><trkpt lat="41.717421" lon="-79.189867"></trkpt><trkpt lat="41.717223" lon="-79.190036"></trkpt><trkpt lat="41.716988" lon="-79.190649"></trkpt><trkpt lat="41.716878" lon="-79.190851"></trkpt><trkpt lat="41.716697" lon="-79.191007"></trkpt><trkpt lat="41.714585" lon="-79.192303"></trkpt><trkpt lat="41.712578" lon="-79.193047"></trkpt><trkpt lat="41.712416" lon="-79.193274"></trkpt><trkpt lat="41.712197" lon="-79.193793"></trkpt><trkpt lat="41.711961" lon="-79.194954"></trkpt><trkpt lat="41.711966" lon="-79.195246"></trkpt><trkpt lat="41.712379" lon="-79.197065"></trkpt><trkpt lat="41.712393" lon="-79.197427"></trkpt><trkpt lat="41.712264" lon="-79.198667"></trkpt><trkpt lat="41.712163" lon="-79.198891"></trkpt><trkpt lat="41.710805" lon="-79.199804"></trkpt><trkpt lat="41.710031" lon="-79.200024"></trkpt><trkpt lat="41.709105" lon="-79.200586"></trkpt><trkpt lat="41.708462" lon="-79.200837"></trkpt><trkpt lat="41.708002" lon="-79.201562"></trkpt><trkpt lat="41.707621" lon="-79.202319"></trkpt><trkpt lat="41.707448" lon="-79.202475"></trkpt><trkpt lat="41.707257" lon="-79.202527"></trkpt><trkpt lat="41.705867" lon="-79.202519"></trkpt><trkpt lat="41.705309" lon="-79.202605"></trkpt><trkpt lat="41.705029" lon="-79.202554"></trkpt><trkpt lat="41.704314" lon="-79.202061"></trkpt><trkpt lat="41.703715" lon="-79.201798"></trkpt><trkpt lat="41.701803" lon="-79.201909"></trkpt><trkpt lat="41.701557" lon="-79.201823"></trkpt><trkpt lat="41.701337" lon="-79.201712"></trkpt><trkpt lat="41.701079" lon="-79.201405"></trkpt><trkpt lat="41.700603" lon="-79.200590"></trkpt><trkpt lat="41.700466" lon="-79.199649"></trkpt><trkpt lat="41.700367" lon="-79.199489"></trkpt><trkpt lat="41.700226" lon="-79.199411"></trkpt><trkpt lat="41.699634" lon="-79.199556"></trkpt><trkpt lat="41.698141" lon="-79.200192"></trkpt><trkpt lat="41.696523" lon="-79.201217"></trkpt><trkpt lat="41.695698" lon="-79.201520"></trkpt><trkpt lat="41.694915" lon="-79.201705"></trkpt><trkpt lat="41.694704" lon="-79.201664"></trkpt><trkpt lat="41.694518" lon="-79.201482"></trkpt><trkpt lat="41.694158" lon="-79.200793"></trkpt><trkpt lat="41.693847" lon="-79.200522"></trkpt><trkpt lat="41.693152" lon="-79.200179"></trkpt><trkpt lat="41.692828" lon="-79.200154"></trkpt><trkpt lat="41.692243" lon="-79.200205"></trkpt><trkpt lat="41.691363" lon="-79.200917"></trkpt><trkpt lat="41.690185" lon="-79.201545"></trkpt><trkpt lat="41.689258" lon="-79.201524"></trkpt><trkpt lat="41.688269" lon="-79.201675"></trkpt><trkpt lat="41.688222" lon="-79.203136"></trkpt><trkpt lat="41.688140" lon="-79.203458"></trkpt><trkpt lat="41.687259" lon="-79.204612"></trkpt><trkpt lat="41.687045" lon="-79.205156"></trkpt><trkpt lat="41.687000" lon="-79.205991"></trkpt><trkpt lat="41.686933" lon="-79.206218"></trkpt><trkpt lat="41.686384" lon="-79.206927"></trkpt><trkpt lat="41.686311" lon="-79.207139"></trkpt><trkpt lat="41.686417" lon="-79.208258"></trkpt><trkpt lat="41.686378" lon="-79.208781"></trkpt><trkpt lat="41.686003" lon="-79.209438"></trkpt><trkpt lat="41.685457" lon="-79.211105"></trkpt><trkpt lat="41.684842" lon="-79.211403"></trkpt><trkpt lat="41.684544" lon="-79.211769"></trkpt><trkpt lat="41.684342" lon="-79.212273"></trkpt><trkpt lat="41.684060" lon="-79.212546"></trkpt><trkpt lat="41.683626" lon="-79.213166"></trkpt><trkpt lat="41.683141" lon="-79.213522"></trkpt><trkpt lat="41.682241" lon="-79.213851"></trkpt><trkpt lat="41.682063" lon="-79.213988"></trkpt><trkpt lat="41.681335" lon="-79.214896"></trkpt><trkpt lat="41.680984" lon="-79.215225"></trkpt><trkpt lat="41.680922" lon="-79.215367"></trkpt><trkpt lat="41.680767" lon="-79.215932"></trkpt><trkpt lat="41.680756" lon="-79.216338"></trkpt><trkpt lat="41.680433" lon="-79.217313"></trkpt><trkpt lat="41.680682" lon="-79.217921"></trkpt><trkpt lat="41.681140" lon="-79.218469"></trkpt><trkpt lat="41.681481" lon="-79.218998"></trkpt><trkpt lat="41.681659" lon="-79.219600"></trkpt><trkpt lat="41.681669" lon="-79.219857"></trkpt><trkpt lat="41.681530" lon="-79.220282"></trkpt><trkpt lat="41.681143" lon="-79.220549"></trkpt><trkpt lat="41.680898" lon="-79.220611"></trkpt><trkpt lat="41.680675" lon="-79.220539"></trkpt><trkpt lat="41.680163" lon="-79.220600"></trkpt><trkpt lat="41.679879" lon="-79.220779"></trkpt><trkpt lat="41.679488" lon="-79.220766"></trkpt><trkpt lat="41.679199" lon="-79.220603"></trkpt><trkpt lat="41.678472" lon="-79.220779"></trkpt><trkpt lat="41.678104" lon="-79.221124"></trkpt><trkpt lat="41.678019" lon="-79.221290"></trkpt><trkpt lat="41.677825" lon="-79.222354"></trkpt><trkpt lat="41.677332" lon="-79.223295"></trkpt><trkpt lat="41.677074" lon="-79.223598"></trkpt><trkpt lat="41.676911" lon="-79.223626"></trkpt><trkpt lat="41.676432" lon="-79.223533"></trkpt></trkseg></trk><trk><name>T028 LOC1647</name><trkseg><trkpt lat="41.761054" lon="-78.872759"></trkpt><trkpt lat="41.760628" lon="-78.872634"></trkpt><trkpt lat="41.760437" lon="-78.872891"></trkpt><trkpt lat="41.759916" lon="-78.872898"></trkpt><trkpt lat="41.759656" lon="-78.873032"></trkpt><trkpt lat="41.759301" lon="-78.872903"></trkpt><trkpt lat="41.759159" lon="-78.872973"></trkpt><trkpt lat="41.758997" lon="-78.872933"></trkpt><trkpt lat="41.758634" lon="-78.872574"></trkpt><trkpt lat="41.758519" lon="-78.872648"></trkpt><trkpt lat="41.758403" lon="-78.873033"></trkpt></trkseg></trk><trk><name>T029 LOC1647</name><trkseg><trkpt lat="41.757255" lon="-78.834276"></trkpt><trkpt lat="41.757175" lon="-78.834643"></trkpt><trkpt lat="41.757392" lon="-78.835535"></trkpt><trkpt lat="41.757436" lon="-78.837039"></trkpt><trkpt lat="41.757992" lon="-78.837921"></trkpt><trkpt lat="41.758987" lon="-78.839833"></trkpt><trkpt lat="41.759564" lon="-78.841098"></trkpt><trkpt lat="41.759810" lon="-78.841881"></trkpt><trkpt lat="41.760360" lon="-78.844730"></trkpt><trkpt lat="41.760515" lon="-78.845214"></trkpt><trkpt lat="41.761373" lon="-78.846880"></trkpt><trkpt lat="41.761903" lon="-78.848273"></trkpt><trkpt lat="41.762496" lon="-78.849316"></trkpt><trkpt lat="41.762754" lon="-78.849643"></trkpt><trkpt lat="41.763515" lon="-78.850342"></trkpt><trkpt lat="41.763877" lon="-78.850796"></trkpt><trkpt lat="41.764444" lon="-78.851988"></trkpt><trkpt lat="41.764809" lon="-78.853433"></trkpt><trkpt lat="41.764842" lon="-78.854019"></trkpt><trkpt lat="41.764689" lon="-78.854763"></trkpt><trkpt lat="41.764451" lon="-78.855264"></trkpt><trkpt lat="41.764278" lon="-78.855469"></trkpt><trkpt lat="41.764114" lon="-78.855506"></trkpt><trkpt lat="41.763844" lon="-78.855291"></trkpt><trkpt lat="41.763377" lon="-78.854607"></trkpt><trkpt lat="41.762692" lon="-78.853341"></trkpt><trkpt lat="41.761967" lon="-78.852869"></trkpt><trkpt lat="41.761676" lon="-78.852768"></trkpt><trkpt lat="41.761470" lon="-78.852812"></trkpt><trkpt lat="41.761105" lon="-78.853174"></trkpt><trkpt lat="41.760558" lon="-78.854094"></trkpt><trkpt lat="41.760372" lon="-78.854301"></trkpt><trkpt lat="41.759986" lon="-78.854444"></trkpt><trkpt lat="41.759807" lon="-78.854413"></trkpt><trkpt lat="41.758632" lon="-78.853477"></trkpt><trkpt lat="41.758394" lon="-78.853227"></trkpt><trkpt lat="41.758108" lon="-78.852685"></trkpt><trkpt lat="41.757729" lon="-78.852274"></trkpt><trkpt lat="41.756627" lon="-78.851519"></trkpt><trkpt lat="41.756317" lon="-78.851143"></trkpt><trkpt lat="41.756284" lon="-78.850850"></trkpt><trkpt lat="41.756501" lon="-78.849223"></trkpt><trkpt lat="41.756493" lon="-78.848782"></trkpt><trkpt lat="41.756444" lon="-78.848379"></trkpt><trkpt lat="41.756196" lon="-78.847785"></trkpt><trkpt lat="41.755328" lon="-78.847606"></trkpt><trkpt lat="41.755100" lon="-78.847227"></trkpt><trkpt lat="41.754679" lon="-78.846082"></trkpt><trkpt lat="41.754452" lon="-78.845703"></trkpt><trkpt lat="41.753904" lon="-78.845114"></trkpt><trkpt lat="41.753448" lon="-78.845037"></trkpt><trkpt lat="41.753049" lon="-78.845069"></trkpt><trkpt lat="41.752786" lon="-78.844986"></trkpt><trkpt lat="41.752549" lon="-78.844828"></trkpt><trkpt lat="41.751843" lon="-78.843895"></trkpt><trkpt lat="41.751301" lon="-78.843619"></trkpt><trkpt lat="41.750708" lon="-78.843583"></trkpt><trkpt lat="41.750392" lon="-78.843649"></trkpt><trkpt lat="41.749916" lon="-78.843959"></trkpt><trkpt lat="41.749566" lon="-78.844358"></trkpt><trkpt lat="41.749079" lon="-78.845552"></trkpt><trkpt lat="41.748744" lon="-78.846060"></trkpt><trkpt lat="41.748539" lon="-78.846140"></trkpt><trkpt lat="41.748042" lon="-78.846101"></trkpt><trkpt lat="41.747792" lon="-78.845981"></trkpt><trkpt lat="41.747623" lon="-78.845766"></trkpt><trkpt lat="41.746694" lon="-78.843957"></trkpt><trkpt lat="41.746517" lon="-78.843337"></trkpt><trkpt lat="41.746272" lon="-78.839077"></trkpt><trkpt lat="41.745974" lon="-78.837155"></trkpt><trkpt lat="41.745910" lon="-78.835243"></trkpt><trkpt lat="41.745966" lon="-78.834524"></trkpt><trkpt lat="41.746227" lon="-78.833771"></trkpt><trkpt lat="41.746586" lon="-78.833115"></trkpt><trkpt lat="41.746577" lon="-78.832887"></trkpt><trkpt lat="41.746412" lon="-78.832656"></trkpt><trkpt lat="41.746147" lon="-78.832931"></trkpt><trkpt lat="41.744696" lon="-78.833698"></trkpt><trkpt lat="41.744266" lon="-78.834030"></trkpt><trkpt lat="41.743777" lon="-78.834501"></trkpt><trkpt lat="41.742989" lon="-78.835934"></trkpt><trkpt lat="41.742687" lon="-78.836118"></trkpt><trkpt lat="41.741979" lon="-78.836089"></trkpt><trkpt lat="41.741684" lon="-78.836348"></trkpt><trkpt lat="41.741407" lon="-78.836705"></trkpt><trkpt lat="41.740367" lon="-78.839463"></trkpt><trkpt lat="41.739508" lon="-78.840770"></trkpt><trkpt lat="41.738944" lon="-78.841439"></trkpt><trkpt lat="41.738089" lon="-78.842624"></trkpt><trkpt lat="41.737656" lon="-78.843388"></trkpt><trkpt lat="41.737078" lon="-78.844851"></trkpt><trkpt lat="41.737020" lon="-78.845125"></trkpt><trkpt lat="41.737025" lon="-78.845692"></trkpt><trkpt lat="41.737141" lon="-78.846142"></trkpt><trkpt lat="41.737698" lon="-78.846872"></trkpt><trkpt lat="41.738799" lon="-78.847599"></trkpt><trkpt lat="41.739649" lon="-78.848577"></trkpt><trkpt lat="41.740043" lon="-78.848730"></trkpt><trkpt lat="41.740422" lon="-78.848740"></trkpt><trkpt lat="41.741340" lon="-78.848210"></trkpt><trkpt lat="41.742236" lon="-78.847976"></trkpt><trkpt lat="41.742491" lon="-78.848005"></trkpt><trkpt lat="41.743263" lon="-78.848388"></trkpt><trkpt lat="41.743234" lon="-78.850779"></trkpt><trkpt lat="41.743436" lon="-78.851309"></trkpt><trkpt lat="41.743915" lon="-78.852117"></trkpt><trkpt lat="41.744688" lon="-78.854111"></trkpt><trkpt lat="41.744845" lon="-78.854945"></trkpt><trkpt lat="41.745225" lon="-78.856180"></trkpt><trkpt lat="41.745987" lon="-78.857252"></trkpt><trkpt lat="41.747124" lon="-78.858144"></trkpt><trkpt lat="41.747517" lon="-78.858290"></trkpt><trkpt lat="41.747811" lon="-78.858287"></trkpt><trkpt lat="41.748407" lon="-78.858033"></trkpt><trkpt lat="41.748965" lon="-78.857901"></trkpt><trkpt lat="41.749366" lon="-78.857585"></trkpt><trkpt lat="41.749697" lon="-78.857423"></trkpt><trkpt lat="41.749884" lon="-78.857409"></trkpt><trkpt lat="41.750074" lon="-78.857569"></trkpt><trkpt lat="41.750255" lon="-78.857873"></trkpt><trkpt lat="41.750369" lon="-78.858255"></trkpt><trkpt lat="41.750461" lon="-78.858948"></trkpt><trkpt lat="41.751027" lon="-78.860435"></trkpt><trkpt lat="41.751081" lon="-78.860837"></trkpt><trkpt lat="41.750936" lon="-78.862238"></trkpt><trkpt lat="41.751010" lon="-78.862855"></trkpt><trkpt lat="41.751352" lon="-78.863443"></trkpt><trkpt lat="41.751826" lon="-78.863998"></trkpt><trkpt lat="41.752529" lon="-78.864155"></trkpt><trkpt lat="41.752597" lon="-78.864216"></trkpt><trkpt lat="41.752770" lon="-78.864606"></trkpt><trkpt lat="41.752800" lon="-78.865305"></trkpt><trkpt lat="41.752860" lon="-78.865623"></trkpt><trkpt lat="41.753005" lon="-78.865932"></trkpt><trkpt lat="41.753650" lon="-78.867038"></trkpt><trkpt lat="41.753779" lon="-78.868093"></trkpt><trkpt lat="41.753688" lon="-78.868740"></trkpt><trkpt lat="41.753420" lon="-78.869020"></trkpt><trkpt lat="41.753164" lon="-78.869119"></trkpt><trkpt lat="41.752934" lon="-78.869023"></trkpt><trkpt lat="41.752390" lon="-78.868535"></trkpt><trkpt lat="41.751369" lon="-78.868507"></trkpt><trkpt lat="41.748614" lon="-78.866902"></trkpt><trkpt lat="41.747018" lon="-78.865890"></trkpt><trkpt lat="41.746430" lon="-78.865723"></trkpt><trkpt lat="41.745548" lon="-78.865714"></trkpt><trkpt lat="41.744371" lon="-78.865314"></trkpt><trkpt lat="41.743929" lon="-78.865039"></trkpt><trkpt lat="41.742745" lon="-78.863901"></trkpt><trkpt lat="41.742326" lon="-78.863371"></trkpt><trkpt lat="41.741206" lon="-78.862197"></trkpt><trkpt lat="41.740271" lon="-78.860892"></trkpt><trkpt lat="41.739446" lon="-78.860023"></trkpt><trkpt lat="41.738937" lon="-78.859658"></trkpt><trkpt lat="41.738568" lon="-78.859475"></trkpt><trkpt lat="41.737146" lon="-78.858941"></trkpt><trkpt lat="41.736356" lon="-78.858787"></trkpt><trkpt lat="41.735472" lon="-78.858816"></trkpt><trkpt lat="41.735156" lon="-78.859052"></trkpt><trkpt lat="41.734920" lon="-78.859453"></trkpt><trkpt lat="41.734827" lon="-78.860233"></trkpt><trkpt lat="41.734963" lon="-78.861342"></trkpt><trkpt lat="41.735090" lon="-78.861844"></trkpt><trkpt lat="41.735935" lon="-78.863755"></trkpt><trkpt lat="41.736072" lon="-78.866012"></trkpt><trkpt lat="41.736214" lon="-78.867002"></trkpt><trkpt lat="41.736357" lon="-78.867417"></trkpt><trkpt lat="41.736665" lon="-78.867688"></trkpt><trkpt lat="41.736968" lon="-78.867704"></trkpt><trkpt lat="41.737262" lon="-78.867608"></trkpt><trkpt lat="41.737664" lon="-78.867359"></trkpt><trkpt lat="41.738154" lon="-78.866742"></trkpt><trkpt lat="41.738484" lon="-78.866463"></trkpt><trkpt lat="41.739114" lon="-78.866189"></trkpt><trkpt lat="41.739501" lon="-78.866146"></trkpt><trkpt lat="41.739892" lon="-78.866190"></trkpt><trkpt lat="41.740132" lon="-78.866396"></trkpt><trkpt lat="41.740730" lon="-78.867384"></trkpt><trkpt lat="41.740706" lon="-78.867663"></trkpt><trkpt lat="41.740435" lon="-78.867812"></trkpt><trkpt lat="41.739530" lon="-78.868531"></trkpt><trkpt lat="41.738897" lon="-78.869252"></trkpt></trkseg></trk><trk><name>T030 LOC1647</name><trkseg><trkpt lat="41.772990" lon="-78.769384"></trkpt><trkpt lat="41.772834" lon="-78.769600"></trkpt><trkpt lat="41.772829" lon="-78.770538"></trkpt><trkpt lat="41.772941" lon="-78.771636"></trkpt><trkpt lat="41.772861" lon="-78.772879"></trkpt><trkpt lat="41.772161" lon="-78.775780"></trkpt><trkpt lat="41.772217" lon="-78.776453"></trkpt><trkpt lat="41.772524" lon="-78.776882"></trkpt><trkpt lat="41.773445" lon="-78.777520"></trkpt><trkpt lat="41.775376" lon="-78.779536"></trkpt><trkpt lat="41.775930" lon="-78.780360"></trkpt><trkpt lat="41.776348" lon="-78.781079"></trkpt><trkpt lat="41.776858" lon="-78.782426"></trkpt><trkpt lat="41.777957" lon="-78.784645"></trkpt><trkpt lat="41.778356" lon="-78.785930"></trkpt><trkpt lat="41.778369" lon="-78.786811"></trkpt><trkpt lat="41.778251" lon="-78.787588"></trkpt><trkpt lat="41.777868" lon="-78.788857"></trkpt><trkpt lat="41.777701" lon="-78.789303"></trkpt><trkpt lat="41.777236" lon="-78.790157"></trkpt><trkpt lat="41.776863" lon="-78.791375"></trkpt><trkpt lat="41.776683" lon="-78.794511"></trkpt><trkpt lat="41.776925" lon="-78.795622"></trkpt><trkpt lat="41.776967" lon="-78.796664"></trkpt><trkpt lat="41.777302" lon="-78.797818"></trkpt><trkpt lat="41.777781" lon="-78.798957"></trkpt><trkpt lat="41.777920" lon="-78.799595"></trkpt><trkpt lat="41.777793" lon="-78.801049"></trkpt><trkpt lat="41.778144" lon="-78.806815"></trkpt><trkpt lat="41.778234" lon="-78.807093"></trkpt><trkpt lat="41.778426" lon="-78.807386"></trkpt><trkpt lat="41.778996" lon="-78.807952"></trkpt><trkpt lat="41.779678" lon="-78.809048"></trkpt><trkpt lat="41.779773" lon="-78.809322"></trkpt><trkpt lat="41.779827" lon="-78.810452"></trkpt><trkpt lat="41.779967" lon="-78.811583"></trkpt><trkpt lat="41.780259" lon="-78.812992"></trkpt><trkpt lat="41.780228" lon="-78.813343"></trkpt><trkpt lat="41.779797" lon="-78.814975"></trkpt><trkpt lat="41.779361" lon="-78.816146"></trkpt><trkpt lat="41.778742" lon="-78.818310"></trkpt><trkpt lat="41.776871" lon="-78.822384"></trkpt><trkpt lat="41.776860" lon="-78.822952"></trkpt><trkpt lat="41.777717" lon="-78.826294"></trkpt><trkpt lat="41.777788" lon="-78.827877"></trkpt><trkpt lat="41.777531" lon="-78.829226"></trkpt><trkpt lat="41.777444" lon="-78.830368"></trkpt><trkpt lat="41.777067" lon="-78.831760"></trkpt><trkpt lat="41.776867" lon="-78.833142"></trkpt><trkpt lat="41.776436" lon="-78.834247"></trkpt><trkpt lat="41.776225" lon="-78.835059"></trkpt><trkpt lat="41.775640" lon="-78.836158"></trkpt><trkpt lat="41.775412" lon="-78.836787"></trkpt><trkpt lat="41.775323" lon="-78.837263"></trkpt><trkpt lat="41.775255" lon="-78.840336"></trkpt><trkpt lat="41.774447" lon="-78.842743"></trkpt><trkpt lat="41.772682" lon="-78.846705"></trkpt><trkpt lat="41.772358" lon="-78.847101"></trkpt><trkpt lat="41.771663" lon="-78.847624"></trkpt><trkpt lat="41.771273" lon="-78.848240"></trkpt><trkpt lat="41.770871" lon="-78.849045"></trkpt><trkpt lat="41.770841" lon="-78.849290"></trkpt><trkpt lat="41.770992" lon="-78.850056"></trkpt><trkpt lat="41.770893" lon="-78.851027"></trkpt><trkpt lat="41.770675" lon="-78.852215"></trkpt><trkpt lat="41.768708" lon="-78.849410"></trkpt><trkpt lat="41.768291" lon="-78.848903"></trkpt><trkpt lat="41.767801" lon="-78.848437"></trkpt><trkpt lat="41.766068" lon="-78.847163"></trkpt><trkpt lat="41.765346" lon="-78.846549"></trkpt><trkpt lat="41.764060" lon="-78.844949"></trkpt><trkpt lat="41.763273" lon="-78.843858"></trkpt><trkpt lat="41.761005" lon="-78.840076"></trkpt><trkpt lat="41.758008" lon="-78.835532"></trkpt><trkpt lat="41.757255" lon="-78.834276"></trkpt><trkpt lat="41.755701" lon="-78.830618"></trkpt><trkpt lat="41.755396" lon="-78.830088"></trkpt><trkpt lat="41.754152" lon="-78.828345"></trkpt><trkpt lat="41.753337" lon="-78.827419"></trkpt><trkpt lat="41.752787" lon="-78.826623"></trkpt><trkpt lat="41.750633" lon="-78.823835"></trkpt><trkpt lat="41.749849" lon="-78.821984"></trkpt><trkpt lat="41.747779" lon="-78.819390"></trkpt><trkpt lat="41.747501" lon="-78.818883"></trkpt><trkpt lat="41.746684" lon="-78.816139"></trkpt><trkpt lat="41.746185" lon="-78.812902"></trkpt><trkpt lat="41.746043" lon="-78.811586"></trkpt><trkpt lat="41.746007" lon="-78.809154"></trkpt><trkpt lat="41.746053" lon="-78.808044"></trkpt><trkpt lat="41.745994" lon="-78.807234"></trkpt><trkpt lat="41.745679" lon="-78.805324"></trkpt><trkpt lat="41.745367" lon="-78.804570"></trkpt><trkpt lat="41.745063" lon="-78.804207"></trkpt><trkpt lat="41.741896" lon="-78.801532"></trkpt><trkpt lat="41.741411" lon="-78.800896"></trkpt><trkpt lat="41.741034" lon="-78.800267"></trkpt><trkpt lat="41.740285" lon="-78.798636"></trkpt><trkpt lat="41.739871" lon="-78.797098"></trkpt><trkpt lat="41.739551" lon="-78.792774"></trkpt><trkpt lat="41.739284" lon="-78.790560"></trkpt><trkpt lat="41.739057" lon="-78.789665"></trkpt><trkpt lat="41.738008" lon="-78.787259"></trkpt><trkpt lat="41.737712" lon="-78.785967"></trkpt><trkpt lat="41.737259" lon="-78.780309"></trkpt><trkpt lat="41.737245" lon="-78.779426"></trkpt><trkpt lat="41.737328" lon="-78.778502"></trkpt><trkpt lat="41.737540" lon="-78.777154"></trkpt><trkpt lat="41.737959" lon="-78.775873"></trkpt><trkpt lat="41.738978" lon="-78.773413"></trkpt><trkpt lat="41.739134" lon="-78.772210"></trkpt><trkpt lat="41.738951" lon="-78.770299"></trkpt><trkpt lat="41.738628" lon="-78.768742"></trkpt><trkpt lat="41.738415" lon="-78.768072"></trkpt><trkpt lat="41.738313" lon="-78.767246"></trkpt><trkpt lat="41.738290" lon="-78.766350"></trkpt><trkpt lat="41.738367" lon="-78.765135"></trkpt><trkpt lat="41.738695" lon="-78.763506"></trkpt><trkpt lat="41.738811" lon="-78.762156"></trkpt><trkpt lat="41.738814" lon="-78.760593"></trkpt><trkpt lat="41.738975" lon="-78.759012"></trkpt><trkpt lat="41.738937" lon="-78.758251"></trkpt><trkpt lat="41.738747" lon="-78.757669"></trkpt><trkpt lat="41.738300" lon="-78.756877"></trkpt><trkpt lat="41.737956" lon="-78.756408"></trkpt><trkpt lat="41.737514" lon="-78.755454"></trkpt><trkpt lat="41.737016" lon="-78.753947"></trkpt><trkpt lat="41.736642" lon="-78.752397"></trkpt><trkpt lat="41.736548" lon="-78.750619"></trkpt><trkpt lat="41.736413" lon="-78.750166"></trkpt><trkpt lat="41.735996" lon="-78.749589"></trkpt><trkpt lat="41.734584" lon="-78.748095"></trkpt><trkpt lat="41.733979" lon="-78.747271"></trkpt><trkpt lat="41.733654" lon="-78.746652"></trkpt><trkpt lat="41.733572" lon="-78.745772"></trkpt><trkpt lat="41.733743" lon="-78.743934"></trkpt><trkpt lat="41.733742" lon="-78.742830"></trkpt><trkpt lat="41.733635" lon="-78.741214"></trkpt><trkpt lat="41.733428" lon="-78.739834"></trkpt><trkpt lat="41.732899" lon="-78.737835"></trkpt><trkpt lat="41.731140" lon="-78.733841"></trkpt><trkpt lat="41.731023" lon="-78.733407"></trkpt><trkpt lat="41.730514" lon="-78.728466"></trkpt><trkpt lat="41.730644" lon="-78.727437"></trkpt><trkpt lat="41.730771" lon="-78.727018"></trkpt><trkpt lat="41.730973" lon="-78.726652"></trkpt><trkpt lat="41.731112" lon="-78.726424"></trkpt><trkpt lat="41.732166" lon="-78.725320"></trkpt><trkpt lat="41.735444" lon="-78.719961"></trkpt><trkpt lat="41.735868" lon="-78.718830"></trkpt><trkpt lat="41.736033" lon="-78.715999"></trkpt><trkpt lat="41.736495" lon="-78.703767"></trkpt><trkpt lat="41.736373" lon="-78.703015"></trkpt><trkpt lat="41.736041" lon="-78.701864"></trkpt><trkpt lat="41.735327" lon="-78.702009"></trkpt><trkpt lat="41.734952" lon="-78.702242"></trkpt><trkpt lat="41.734547" lon="-78.702997"></trkpt><trkpt lat="41.733623" lon="-78.704030"></trkpt><trkpt lat="41.733260" lon="-78.704866"></trkpt><trkpt lat="41.732961" lon="-78.705274"></trkpt><trkpt lat="41.732143" lon="-78.705933"></trkpt><trkpt lat="41.731400" lon="-78.706741"></trkpt><trkpt lat="41.730954" lon="-78.707045"></trkpt><trkpt lat="41.730592" lon="-78.707400"></trkpt><trkpt lat="41.729811" lon="-78.708881"></trkpt><trkpt lat="41.729401" lon="-78.709951"></trkpt><trkpt lat="41.728722" lon="-78.710880"></trkpt><trkpt lat="41.728540" lon="-78.711023"></trkpt><trkpt lat="41.728100" lon="-78.711080"></trkpt><trkpt lat="41.727168" lon="-78.710633"></trkpt><trkpt lat="41.726941" lon="-78.710600"></trkpt><trkpt lat="41.726010" lon="-78.710715"></trkpt><trkpt lat="41.724774" lon="-78.710472"></trkpt><trkpt lat="41.723539" lon="-78.710803"></trkpt><trkpt lat="41.723082" lon="-78.711066"></trkpt><trkpt lat="41.722669" lon="-78.711451"></trkpt><trkpt lat="41.722340" lon="-78.711915"></trkpt><trkpt lat="41.721416" lon="-78.713833"></trkpt><trkpt lat="41.720552" lon="-78.714897"></trkpt><trkpt lat="41.719999" lon="-78.715438"></trkpt><trkpt lat="41.719704" lon="-78.715572"></trkpt><trkpt lat="41.718846" lon="-78.715766"></trkpt><trkpt lat="41.717407" lon="-78.716681"></trkpt><trkpt lat="41.714871" lon="-78.718689"></trkpt><trkpt lat="41.714447" lon="-78.718936"></trkpt><trkpt lat="41.714181" lon="-78.719042"></trkpt><trkpt lat="41.713453" lon="-78.719095"></trkpt><trkpt lat="41.713159" lon="-78.719284"></trkpt><trkpt lat="41.712666" lon="-78.719754"></trkpt><trkpt lat="41.711844" lon="-78.722263"></trkpt><trkpt lat="41.711635" lon="-78.722626"></trkpt><trkpt lat="41.711279" lon="-78.722762"></trkpt><trkpt lat="41.710522" lon="-78.722899"></trkpt><trkpt lat="41.709806" lon="-78.723350"></trkpt><trkpt lat="41.709739" lon="-78.724790"></trkpt><trkpt lat="41.710085" lon="-78.727258"></trkpt><trkpt lat="41.709932" lon="-78.728305"></trkpt><trkpt lat="41.709887" lon="-78.729142"></trkpt><trkpt lat="41.709923" lon="-78.729963"></trkpt><trkpt lat="41.710028" lon="-78.730562"></trkpt><trkpt lat="41.710503" lon="-78.732313"></trkpt><trkpt lat="41.710609" lon="-78.733008"></trkpt><trkpt lat="41.710536" lon="-78.733956"></trkpt><trkpt lat="41.710301" lon="-78.734526"></trkpt><trkpt lat="41.709932" lon="-78.735073"></trkpt><trkpt lat="41.709618" lon="-78.735304"></trkpt><trkpt lat="41.708978" lon="-78.735614"></trkpt><trkpt lat="41.708366" lon="-78.735786"></trkpt><trkpt lat="41.708017" lon="-78.735798"></trkpt><trkpt lat="41.707120" lon="-78.735583"></trkpt><trkpt lat="41.706044" lon="-78.735114"></trkpt><trkpt lat="41.705788" lon="-78.735123"></trkpt><trkpt lat="41.705329" lon="-78.735262"></trkpt><trkpt lat="41.704660" lon="-78.735724"></trkpt><trkpt lat="41.704417" lon="-78.736377"></trkpt><trkpt lat="41.704196" lon="-78.738193"></trkpt><trkpt lat="41.704006" lon="-78.738967"></trkpt><trkpt lat="41.702822" lon="-78.739817"></trkpt><trkpt lat="41.700608" lon="-78.743059"></trkpt><trkpt lat="41.699967" lon="-78.743876"></trkpt><trkpt lat="41.698771" lon="-78.745151"></trkpt><trkpt lat="41.698538" lon="-78.745296"></trkpt><trkpt lat="41.697956" lon="-78.745426"></trkpt><trkpt lat="41.696321" lon="-78.744702"></trkpt><trkpt lat="41.694232" lon="-78.742844"></trkpt><trkpt lat="41.693727" lon="-78.742724"></trkpt><trkpt lat="41.693092" lon="-78.742774"></trkpt><trkpt lat="41.692817" lon="-78.742907"></trkpt><trkpt lat="41.692691" lon="-78.743039"></trkpt><trkpt lat="41.692401" lon="-78.743675"></trkpt><trkpt lat="41.692441" lon="-78.744112"></trkpt><trkpt lat="41.692964" lon="-78.745148"></trkpt><trkpt lat="41.693360" lon="-78.746491"></trkpt><trkpt lat="41.693626" lon="-78.747016"></trkpt><trkpt lat="41.693794" lon="-78.747188"></trkpt><trkpt lat="41.694941" lon="-78.747971"></trkpt><trkpt lat="41.695315" lon="-78.748340"></trkpt><trkpt lat="41.695505" lon="-78.748621"></trkpt><trkpt lat="41.695593" lon="-78.748920"></trkpt><trkpt lat="41.695697" lon="-78.750040"></trkpt><trkpt lat="41.695607" lon="-78.750687"></trkpt><trkpt lat="41.695334" lon="-78.751422"></trkpt><trkpt lat="41.694632" lon="-78.752775"></trkpt><trkpt lat="41.694369" lon="-78.753483"></trkpt><trkpt lat="41.694222" lon="-78.753688"></trkpt><trkpt lat="41.693997" lon="-78.753880"></trkpt><trkpt lat="41.693587" lon="-78.753921"></trkpt><trkpt lat="41.693463" lon="-78.753871"></trkpt><trkpt lat="41.692564" lon="-78.752659"></trkpt><trkpt lat="41.692369" lon="-78.752498"></trkpt><trkpt lat="41.691827" lon="-78.752173"></trkpt><trkpt lat="41.687620" lon="-78.748941"></trkpt><trkpt lat="41.687132" lon="-78.748752"></trkpt><trkpt lat="41.686727" lon="-78.748804"></trkpt></trkseg></trk><trk><name>T031 LOC1647</name><trkseg><trkpt lat="41.999108" lon="-78.782896"></trkpt><trkpt lat="41.998340" lon="-78.782963"></trkpt><trkpt lat="41.998198" lon="-78.782715"></trkpt><trkpt lat="41.998109" lon="-78.782233"></trkpt><trkpt lat="41.997926" lon="-78.782069"></trkpt><trkpt lat="41.997816" lon="-78.782115"></trkpt><trkpt lat="41.997654" lon="-78.782352"></trkpt><trkpt lat="41.997427" lon="-78.782369"></trkpt><trkpt lat="41.997184" lon="-78.781866"></trkpt><trkpt lat="41.996813" lon="-78.781704"></trkpt><trkpt lat="41.996533" lon="-78.781055"></trkpt><trkpt lat="41.996476" lon="-78.780974"></trkpt><trkpt lat="41.996265" lon="-78.780898"></trkpt><trkpt lat="41.995953" lon="-78.779695"></trkpt><trkpt lat="41.995645" lon="-78.778859"></trkpt><trkpt lat="41.995609" lon="-78.778408"></trkpt><trkpt lat="41.995672" lon="-78.777446"></trkpt><trkpt lat="41.995544" lon="-78.776777"></trkpt><trkpt lat="41.995409" lon="-78.776581"></trkpt><trkpt lat="41.995063" lon="-78.776378"></trkpt><trkpt lat="41.994737" lon="-78.775786"></trkpt><trkpt lat="41.994492" lon="-78.775473"></trkpt><trkpt lat="41.994306" lon="-78.775340"></trkpt><trkpt lat="41.994052" lon="-78.774801"></trkpt><trkpt lat="41.993911" lon="-78.773779"></trkpt><trkpt lat="41.993708" lon="-78.773280"></trkpt><trkpt lat="41.993406" lon="-78.772111"></trkpt><trkpt lat="41.993007" lon="-78.771391"></trkpt><trkpt lat="41.992714" lon="-78.770317"></trkpt><trkpt lat="41.992456" lon="-78.769751"></trkpt><trkpt lat="41.992320" lon="-78.770033"></trkpt><trkpt lat="41.992279" lon="-78.770316"></trkpt><trkpt lat="41.992471" lon="-78.771248"></trkpt><trkpt lat="41.992396" lon="-78.772204"></trkpt><trkpt lat="41.992436" lon="-78.774379"></trkpt><trkpt lat="41.992600" lon="-78.775478"></trkpt><trkpt lat="41.992975" lon="-78.776964"></trkpt><trkpt lat="41.993067" lon="-78.777812"></trkpt><trkpt lat="41.993140" lon="-78.778015"></trkpt><trkpt lat="41.993316" lon="-78.778361"></trkpt><trkpt lat="41.993898" lon="-78.779149"></trkpt><trkpt lat="41.994144" lon="-78.779845"></trkpt><trkpt lat="41.994602" lon="-78.780361"></trkpt><trkpt lat="41.994783" lon="-78.780673"></trkpt><trkpt lat="41.994961" lon="-78.781613"></trkpt><trkpt lat="41.994947" lon="-78.781973"></trkpt><trkpt lat="41.994889" lon="-78.782092"></trkpt><trkpt lat="41.994740" lon="-78.782220"></trkpt><trkpt lat="41.994170" lon="-78.782266"></trkpt><trkpt lat="41.993916" lon="-78.782239"></trkpt><trkpt lat="41.993679" lon="-78.782134"></trkpt><trkpt lat="41.993445" lon="-78.781990"></trkpt><trkpt lat="41.992934" lon="-78.781447"></trkpt><trkpt lat="41.992297" lon="-78.780309"></trkpt><trkpt lat="41.992100" lon="-78.780191"></trkpt><trkpt lat="41.991714" lon="-78.780185"></trkpt><trkpt lat="41.991131" lon="-78.780613"></trkpt><trkpt lat="41.990912" lon="-78.780988"></trkpt><trkpt lat="41.990734" lon="-78.781636"></trkpt><trkpt lat="41.990576" lon="-78.783167"></trkpt><trkpt lat="41.990495" lon="-78.783399"></trkpt><trkpt lat="41.990324" lon="-78.783596"></trkpt><trkpt lat="41.989944" lon="-78.783829"></trkpt><trkpt lat="41.989533" lon="-78.783945"></trkpt><trkpt lat="41.988654" lon="-78.784338"></trkpt><trkpt lat="41.987745" lon="-78.784332"></trkpt><trkpt lat="41.986495" lon="-78.784597"></trkpt><trkpt lat="41.986128" lon="-78.784616"></trkpt><trkpt lat="41.985697" lon="-78.785326"></trkpt><trkpt lat="41.984955" lon="-78.787003"></trkpt><trkpt lat="41.984782" lon="-78.787501"></trkpt><trkpt lat="41.984641" lon="-78.788225"></trkpt><trkpt lat="41.984577" lon="-78.789061"></trkpt><trkpt lat="41.984620" lon="-78.789533"></trkpt><trkpt lat="41.984859" lon="-78.790440"></trkpt><trkpt lat="41.985090" lon="-78.790970"></trkpt><trkpt lat="41.985658" lon="-78.791925"></trkpt><trkpt lat="41.985748" lon="-78.792287"></trkpt><trkpt lat="41.985678" lon="-78.792687"></trkpt><trkpt lat="41.985228" lon="-78.793182"></trkpt><trkpt lat="41.984526" lon="-78.793638"></trkpt><trkpt lat="41.983996" lon="-78.794069"></trkpt><trkpt lat="41.983255" lon="-78.794863"></trkpt><trkpt lat="41.983122" lon="-78.795328"></trkpt><trkpt lat="41.983161" lon="-78.796374"></trkpt><trkpt lat="41.983040" lon="-78.797026"></trkpt><trkpt lat="41.982470" lon="-78.797975"></trkpt><trkpt lat="41.981683" lon="-78.798761"></trkpt><trkpt lat="41.981197" lon="-78.799041"></trkpt><trkpt lat="41.979946" lon="-78.799299"></trkpt><trkpt lat="41.979274" lon="-78.799194"></trkpt><trkpt lat="41.978093" lon="-78.798884"></trkpt><trkpt lat="41.977584" lon="-78.798915"></trkpt><trkpt lat="41.975809" lon="-78.799753"></trkpt><trkpt lat="41.975330" lon="-78.800043"></trkpt><trkpt lat="41.974994" lon="-78.800391"></trkpt><trkpt lat="41.974745" lon="-78.801144"></trkpt><trkpt lat="41.974716" lon="-78.801962"></trkpt><trkpt lat="41.974336" lon="-78.802965"></trkpt><trkpt lat="41.974255" lon="-78.803093"></trkpt><trkpt lat="41.973341" lon="-78.803851"></trkpt><trkpt lat="41.973097" lon="-78.804233"></trkpt><trkpt lat="41.973028" lon="-78.804560"></trkpt><trkpt lat="41.973160" lon="-78.805098"></trkpt><trkpt lat="41.973586" lon="-78.805755"></trkpt><trkpt lat="41.974374" lon="-78.806567"></trkpt><trkpt lat="41.975251" lon="-78.807274"></trkpt><trkpt lat="41.975691" lon="-78.807996"></trkpt><trkpt lat="41.975944" lon="-78.808849"></trkpt><trkpt lat="41.975975" lon="-78.809286"></trkpt><trkpt lat="41.975934" lon="-78.809744"></trkpt><trkpt lat="41.975727" lon="-78.810476"></trkpt><trkpt lat="41.975600" lon="-78.810729"></trkpt><trkpt lat="41.975287" lon="-78.811064"></trkpt><trkpt lat="41.974742" lon="-78.811361"></trkpt><trkpt lat="41.973907" lon="-78.812068"></trkpt><trkpt lat="41.972416" lon="-78.812918"></trkpt><trkpt lat="41.971785" lon="-78.813159"></trkpt><trkpt lat="41.971144" lon="-78.813569"></trkpt><trkpt lat="41.970841" lon="-78.813838"></trkpt><trkpt lat="41.970266" lon="-78.814622"></trkpt><trkpt lat="41.969969" lon="-78.814923"></trkpt><trkpt lat="41.968438" lon="-78.815992"></trkpt><trkpt lat="41.967665" lon="-78.816395"></trkpt><trkpt lat="41.967350" lon="-78.816647"></trkpt><trkpt lat="41.967191" lon="-78.816883"></trkpt><trkpt lat="41.967090" lon="-78.817253"></trkpt><trkpt lat="41.966683" lon="-78.820251"></trkpt><trkpt lat="41.966154" lon="-78.821289"></trkpt><trkpt lat="41.966007" lon="-78.821409"></trkpt><trkpt lat="41.965812" lon="-78.821416"></trkpt><trkpt lat="41.965623" lon="-78.821300"></trkpt><trkpt lat="41.964276" lon="-78.820029"></trkpt><trkpt lat="41.963569" lon="-78.819126"></trkpt><trkpt lat="41.963379" lon="-78.818690"></trkpt><trkpt lat="41.962907" lon="-78.817069"></trkpt><trkpt lat="41.962860" lon="-78.816120"></trkpt><trkpt lat="41.962952" lon="-78.814744"></trkpt><trkpt lat="41.962913" lon="-78.814398"></trkpt><trkpt lat="41.962668" lon="-78.813608"></trkpt><trkpt lat="41.962384" lon="-78.813490"></trkpt><trkpt lat="41.962199" lon="-78.813744"></trkpt><trkpt lat="41.962150" lon="-78.814109"></trkpt><trkpt lat="41.961781" lon="-78.814403"></trkpt><trkpt lat="41.961256" lon="-78.814317"></trkpt><trkpt lat="41.961120" lon="-78.814907"></trkpt><trkpt lat="41.961076" lon="-78.815440"></trkpt><trkpt lat="41.961131" lon="-78.816148"></trkpt><trkpt lat="41.961405" lon="-78.816428"></trkpt><trkpt lat="41.961513" lon="-78.816973"></trkpt><trkpt lat="41.961519" lon="-78.818106"></trkpt><trkpt lat="41.961716" lon="-78.819138"></trkpt><trkpt lat="41.962423" lon="-78.820884"></trkpt><trkpt lat="41.961409" lon="-78.820593"></trkpt><trkpt lat="41.958562" lon="-78.818204"></trkpt><trkpt lat="41.957938" lon="-78.817586"></trkpt><trkpt lat="41.957596" lon="-78.817115"></trkpt><trkpt lat="41.957163" lon="-78.816140"></trkpt><trkpt lat="41.956257" lon="-78.815363"></trkpt><trkpt lat="41.956239" lon="-78.815257"></trkpt><trkpt lat="41.955754" lon="-78.814826"></trkpt><trkpt lat="41.955303" lon="-78.814250"></trkpt><trkpt lat="41.952618" lon="-78.809578"></trkpt><trkpt lat="41.950298" lon="-78.805378"></trkpt><trkpt lat="41.949857" lon="-78.803893"></trkpt><trkpt lat="41.948683" lon="-78.797490"></trkpt><trkpt lat="41.948400" lon="-78.796295"></trkpt><trkpt lat="41.947774" lon="-78.794974"></trkpt><trkpt lat="41.944342" lon="-78.789065"></trkpt><trkpt lat="41.943840" lon="-78.788595"></trkpt><trkpt lat="41.943493" lon="-78.788432"></trkpt><trkpt lat="41.943024" lon="-78.788381"></trkpt><trkpt lat="41.942354" lon="-78.788607"></trkpt><trkpt lat="41.940620" lon="-78.789451"></trkpt><trkpt lat="41.940284" lon="-78.789477"></trkpt><trkpt lat="41.939854" lon="-78.789354"></trkpt><trkpt lat="41.939415" lon="-78.789027"></trkpt><trkpt lat="41.939118" lon="-78.788658"></trkpt><trkpt lat="41.936749" lon="-78.784548"></trkpt><trkpt lat="41.936183" lon="-78.784026"></trkpt><trkpt lat="41.935187" lon="-78.783736"></trkpt><trkpt lat="41.927866" lon="-78.782539"></trkpt><trkpt lat="41.922889" lon="-78.782711"></trkpt><trkpt lat="41.921614" lon="-78.782678"></trkpt><trkpt lat="41.921174" lon="-78.782776"></trkpt><trkpt lat="41.920866" lon="-78.782898"></trkpt><trkpt lat="41.914807" lon="-78.786503"></trkpt><trkpt lat="41.914316" lon="-78.786964"></trkpt><trkpt lat="41.913786" lon="-78.787741"></trkpt><trkpt lat="41.913657" lon="-78.788212"></trkpt><trkpt lat="41.913540" lon="-78.789326"></trkpt><trkpt lat="41.913432" lon="-78.792232"></trkpt><trkpt lat="41.913073" lon="-78.792203"></trkpt><trkpt lat="41.912724" lon="-78.791984"></trkpt><trkpt lat="41.912126" lon="-78.790671"></trkpt><trkpt lat="41.911579" lon="-78.788705"></trkpt><trkpt lat="41.911233" lon="-78.786948"></trkpt><trkpt lat="41.911111" lon="-78.786543"></trkpt><trkpt lat="41.910803" lon="-78.785919"></trkpt><trkpt lat="41.910502" lon="-78.785432"></trkpt><trkpt lat="41.910041" lon="-78.784915"></trkpt><trkpt lat="41.909056" lon="-78.784099"></trkpt><trkpt lat="41.908308" lon="-78.783280"></trkpt><trkpt lat="41.908074" lon="-78.782820"></trkpt><trkpt lat="41.907385" lon="-78.780635"></trkpt><trkpt lat="41.906931" lon="-78.780233"></trkpt><trkpt lat="41.906413" lon="-78.780266"></trkpt><trkpt lat="41.906202" lon="-78.780388"></trkpt><trkpt lat="41.905975" lon="-78.780729"></trkpt><trkpt lat="41.905827" lon="-78.781975"></trkpt><trkpt lat="41.905450" lon="-78.784082"></trkpt><trkpt lat="41.905461" lon="-78.784643"></trkpt><trkpt lat="41.905701" lon="-78.786328"></trkpt><trkpt lat="41.905571" lon="-78.786774"></trkpt><trkpt lat="41.905291" lon="-78.787178"></trkpt><trkpt lat="41.904917" lon="-78.787367"></trkpt><trkpt lat="41.902519" lon="-78.787812"></trkpt><trkpt lat="41.901640" lon="-78.788243"></trkpt><trkpt lat="41.901041" lon="-78.788321"></trkpt><trkpt lat="41.900334" lon="-78.789020"></trkpt><trkpt lat="41.899378" lon="-78.789552"></trkpt><trkpt lat="41.898370" lon="-78.790345"></trkpt><trkpt lat="41.897582" lon="-78.791277"></trkpt><trkpt lat="41.896769" lon="-78.792081"></trkpt><trkpt lat="41.896084" lon="-78.792992"></trkpt><trkpt lat="41.895617" lon="-78.793401"></trkpt><trkpt lat="41.895391" lon="-78.793529"></trkpt><trkpt lat="41.894651" lon="-78.793735"></trkpt><trkpt lat="41.893754" lon="-78.793766"></trkpt><trkpt lat="41.893232" lon="-78.793884"></trkpt><trkpt lat="41.892979" lon="-78.794080"></trkpt><trkpt lat="41.892552" lon="-78.794657"></trkpt><trkpt lat="41.892179" lon="-78.794889"></trkpt><trkpt lat="41.891120" lon="-78.795068"></trkpt><trkpt lat="41.890336" lon="-78.794985"></trkpt><trkpt lat="41.890035" lon="-78.794896"></trkpt><trkpt lat="41.888515" lon="-78.793645"></trkpt><trkpt lat="41.888189" lon="-78.793556"></trkpt><trkpt lat="41.887192" lon="-78.793557"></trkpt><trkpt lat="41.885236" lon="-78.793928"></trkpt><trkpt lat="41.884355" lon="-78.793941"></trkpt><trkpt lat="41.883256" lon="-78.794049"></trkpt><trkpt lat="41.882347" lon="-78.794501"></trkpt><trkpt lat="41.882112" lon="-78.794527"></trkpt><trkpt lat="41.881167" lon="-78.794178"></trkpt><trkpt lat="41.880835" lon="-78.794152"></trkpt><trkpt lat="41.880414" lon="-78.794281"></trkpt><trkpt lat="41.880172" lon="-78.794609"></trkpt><trkpt lat="41.879850" lon="-78.795720"></trkpt><trkpt lat="41.878909" lon="-78.797979"></trkpt><trkpt lat="41.878732" lon="-78.798956"></trkpt><trkpt lat="41.878480" lon="-78.799897"></trkpt><trkpt lat="41.878162" lon="-78.800314"></trkpt><trkpt lat="41.877318" lon="-78.800718"></trkpt><trkpt lat="41.876344" lon="-78.801645"></trkpt><trkpt lat="41.876780" lon="-78.799671"></trkpt><trkpt lat="41.876833" lon="-78.798793"></trkpt><trkpt lat="41.877018" lon="-78.798151"></trkpt><trkpt lat="41.877164" lon="-78.796992"></trkpt><trkpt lat="41.877498" lon="-78.795256"></trkpt><trkpt lat="41.878512" lon="-78.792407"></trkpt><trkpt lat="41.878618" lon="-78.791781"></trkpt><trkpt lat="41.878698" lon="-78.789753"></trkpt><trkpt lat="41.878968" lon="-78.788658"></trkpt><trkpt lat="41.879168" lon="-78.788151"></trkpt><trkpt lat="41.879319" lon="-78.787938"></trkpt><trkpt lat="41.879992" lon="-78.787249"></trkpt><trkpt lat="41.880909" lon="-78.786049"></trkpt><trkpt lat="41.881924" lon="-78.785075"></trkpt><trkpt lat="41.882192" lon="-78.784558"></trkpt><trkpt lat="41.882322" lon="-78.784082"></trkpt><trkpt lat="41.882409" lon="-78.783310"></trkpt><trkpt lat="41.882377" lon="-78.782616"></trkpt><trkpt lat="41.881877" lon="-78.780215"></trkpt><trkpt lat="41.880510" lon="-78.777218"></trkpt><trkpt lat="41.880220" lon="-78.776160"></trkpt><trkpt lat="41.880166" lon="-78.775631"></trkpt><trkpt lat="41.880196" lon="-78.775217"></trkpt><trkpt lat="41.880553" lon="-78.773444"></trkpt><trkpt lat="41.880864" lon="-78.772423"></trkpt><trkpt lat="41.880964" lon="-78.772199"></trkpt><trkpt lat="41.881083" lon="-78.772092"></trkpt><trkpt lat="41.881388" lon="-78.772047"></trkpt><trkpt lat="41.882135" lon="-78.772228"></trkpt><trkpt lat="41.882459" lon="-78.772210"></trkpt><trkpt lat="41.882956" lon="-78.771971"></trkpt><trkpt lat="41.883491" lon="-78.771481"></trkpt><trkpt lat="41.884818" lon="-78.769483"></trkpt><trkpt lat="41.884788" lon="-78.769058"></trkpt><trkpt lat="41.885102" lon="-78.768281"></trkpt><trkpt lat="41.885084" lon="-78.767100"></trkpt><trkpt lat="41.885104" lon="-78.766923"></trkpt><trkpt lat="41.885297" lon="-78.766497"></trkpt><trkpt lat="41.885289" lon="-78.766171"></trkpt><trkpt lat="41.885108" lon="-78.766005"></trkpt><trkpt lat="41.884829" lon="-78.765498"></trkpt><trkpt lat="41.884727" lon="-78.765247"></trkpt><trkpt lat="41.884642" lon="-78.764593"></trkpt><trkpt lat="41.884415" lon="-78.764016"></trkpt><trkpt lat="41.884046" lon="-78.763327"></trkpt><trkpt lat="41.883774" lon="-78.763200"></trkpt><trkpt lat="41.883287" lon="-78.763188"></trkpt><trkpt lat="41.882810" lon="-78.762975"></trkpt><trkpt lat="41.882664" lon="-78.763024"></trkpt><trkpt lat="41.882419" lon="-78.763370"></trkpt><trkpt lat="41.882323" lon="-78.763407"></trkpt><trkpt lat="41.882269" lon="-78.763360"></trkpt><trkpt lat="41.882251" lon="-78.762923"></trkpt><trkpt lat="41.882402" lon="-78.762416"></trkpt><trkpt lat="41.882415" lon="-78.761995"></trkpt><trkpt lat="41.882152" lon="-78.760972"></trkpt><trkpt lat="41.881790" lon="-78.760073"></trkpt><trkpt lat="41.880743" lon="-78.760429"></trkpt><trkpt lat="41.879467" lon="-78.760689"></trkpt><trkpt lat="41.878431" lon="-78.760527"></trkpt><trkpt lat="41.877784" lon="-78.760192"></trkpt><trkpt lat="41.877230" lon="-78.760130"></trkpt><trkpt lat="41.877069" lon="-78.760165"></trkpt><trkpt lat="41.876148" lon="-78.760681"></trkpt><trkpt lat="41.875790" lon="-78.760768"></trkpt><trkpt lat="41.873268" lon="-78.760222"></trkpt><trkpt lat="41.872621" lon="-78.760177"></trkpt><trkpt lat="41.872295" lon="-78.760310"></trkpt><trkpt lat="41.871981" lon="-78.760540"></trkpt><trkpt lat="41.870474" lon="-78.762357"></trkpt><trkpt lat="41.870175" lon="-78.762519"></trkpt><trkpt lat="41.869909" lon="-78.762570"></trkpt><trkpt lat="41.869302" lon="-78.762456"></trkpt><trkpt lat="41.868849" lon="-78.762227"></trkpt><trkpt lat="41.867687" lon="-78.761161"></trkpt><trkpt lat="41.866801" lon="-78.760504"></trkpt><trkpt lat="41.866310" lon="-78.760322"></trkpt><trkpt lat="41.865258" lon="-78.760098"></trkpt><trkpt lat="41.863567" lon="-78.759101"></trkpt><trkpt lat="41.863392" lon="-78.759085"></trkpt><trkpt lat="41.863484" lon="-78.760009"></trkpt><trkpt lat="41.863999" lon="-78.762073"></trkpt><trkpt lat="41.864616" lon="-78.762964"></trkpt><trkpt lat="41.864880" lon="-78.763719"></trkpt><trkpt lat="41.864839" lon="-78.764341"></trkpt><trkpt lat="41.864654" lon="-78.765010"></trkpt><trkpt lat="41.864519" lon="-78.765299"></trkpt><trkpt lat="41.863990" lon="-78.765772"></trkpt><trkpt lat="41.863756" lon="-78.766482"></trkpt><trkpt lat="41.863878" lon="-78.767234"></trkpt><trkpt lat="41.864029" lon="-78.767719"></trkpt><trkpt lat="41.863901" lon="-78.767769"></trkpt><trkpt lat="41.863583" lon="-78.767713"></trkpt><trkpt lat="41.863193" lon="-78.767979"></trkpt><trkpt lat="41.862990" lon="-78.768016"></trkpt><trkpt lat="41.862099" lon="-78.767945"></trkpt><trkpt lat="41.861747" lon="-78.767793"></trkpt><trkpt lat="41.861622" lon="-78.767878"></trkpt><trkpt lat="41.861399" lon="-78.768251"></trkpt><trkpt lat="41.861315" lon="-78.768253"></trkpt><trkpt lat="41.861240" lon="-78.768252"></trkpt><trkpt lat="41.861134" lon="-78.767900"></trkpt><trkpt lat="41.861028" lon="-78.767832"></trkpt><trkpt lat="41.859477" lon="-78.767800"></trkpt><trkpt lat="41.858569" lon="-78.767907"></trkpt><trkpt lat="41.857715" lon="-78.767893"></trkpt><trkpt lat="41.857249" lon="-78.767949"></trkpt><trkpt lat="41.857178" lon="-78.768322"></trkpt><trkpt lat="41.856979" lon="-78.768804"></trkpt><trkpt lat="41.856930" lon="-78.769170"></trkpt><trkpt lat="41.857021" lon="-78.769730"></trkpt><trkpt lat="41.856928" lon="-78.769891"></trkpt><trkpt lat="41.856753" lon="-78.769852"></trkpt><trkpt lat="41.856577" lon="-78.769992"></trkpt><trkpt lat="41.856407" lon="-78.770397"></trkpt><trkpt lat="41.856278" lon="-78.771088"></trkpt><trkpt lat="41.856177" lon="-78.771253"></trkpt><trkpt lat="41.855668" lon="-78.771277"></trkpt><trkpt lat="41.855344" lon="-78.771167"></trkpt><trkpt lat="41.854889" lon="-78.771122"></trkpt><trkpt lat="41.853932" lon="-78.771286"></trkpt><trkpt lat="41.853514" lon="-78.771132"></trkpt><trkpt lat="41.853057" lon="-78.771134"></trkpt><trkpt lat="41.851347" lon="-78.771371"></trkpt><trkpt lat="41.850941" lon="-78.771338"></trkpt><trkpt lat="41.850533" lon="-78.771535"></trkpt><trkpt lat="41.850189" lon="-78.771466"></trkpt><trkpt lat="41.849603" lon="-78.773090"></trkpt><trkpt lat="41.849395" lon="-78.773527"></trkpt><trkpt lat="41.849019" lon="-78.773984"></trkpt><trkpt lat="41.848719" lon="-78.774808"></trkpt><trkpt lat="41.848319" lon="-78.774610"></trkpt><trkpt lat="41.847819" lon="-78.774749"></trkpt><trkpt lat="41.847634" lon="-78.774924"></trkpt><trkpt lat="41.847248" lon="-78.775530"></trkpt><trkpt lat="41.847114" lon="-78.775628"></trkpt><trkpt lat="41.846944" lon="-78.775709"></trkpt><trkpt lat="41.846571" lon="-78.775572"></trkpt><trkpt lat="41.846215" lon="-78.775575"></trkpt><trkpt lat="41.845846" lon="-78.776011"></trkpt><trkpt lat="41.845669" lon="-78.775903"></trkpt><trkpt lat="41.845134" lon="-78.775345"></trkpt><trkpt lat="41.844988" lon="-78.773707"></trkpt><trkpt lat="41.845084" lon="-78.773065"></trkpt><trkpt lat="41.845698" lon="-78.772060"></trkpt><trkpt lat="41.846351" lon="-78.770797"></trkpt><trkpt lat="41.846519" lon="-78.770031"></trkpt><trkpt lat="41.846565" lon="-78.769023"></trkpt><trkpt lat="41.846754" lon="-78.768623"></trkpt><trkpt lat="41.846915" lon="-78.767901"></trkpt><trkpt lat="41.846210" lon="-78.768546"></trkpt><trkpt lat="41.845249" lon="-78.769265"></trkpt><trkpt lat="41.844299" lon="-78.770296"></trkpt><trkpt lat="41.842764" lon="-78.772499"></trkpt><trkpt lat="41.842297" lon="-78.773069"></trkpt><trkpt lat="41.841809" lon="-78.773426"></trkpt><trkpt lat="41.841035" lon="-78.774167"></trkpt><trkpt lat="41.840522" lon="-78.774565"></trkpt><trkpt lat="41.839872" lon="-78.775279"></trkpt><trkpt lat="41.839427" lon="-78.775641"></trkpt><trkpt lat="41.838993" lon="-78.775836"></trkpt><trkpt lat="41.838215" lon="-78.775889"></trkpt><trkpt lat="41.837931" lon="-78.775842"></trkpt><trkpt lat="41.837708" lon="-78.775681"></trkpt><trkpt lat="41.837471" lon="-78.775270"></trkpt><trkpt lat="41.837337" lon="-78.774782"></trkpt><trkpt lat="41.837285" lon="-78.774171"></trkpt><trkpt lat="41.837233" lon="-78.772509"></trkpt><trkpt lat="41.837274" lon="-78.771094"></trkpt><trkpt lat="41.837150" lon="-78.770790"></trkpt><trkpt lat="41.836964" lon="-78.770628"></trkpt><trkpt lat="41.836768" lon="-78.770553"></trkpt><trkpt lat="41.836554" lon="-78.770581"></trkpt><trkpt lat="41.836417" lon="-78.770682"></trkpt><trkpt lat="41.836227" lon="-78.770998"></trkpt><trkpt lat="41.835990" lon="-78.771936"></trkpt><trkpt lat="41.835637" lon="-78.772905"></trkpt><trkpt lat="41.835387" lon="-78.774546"></trkpt><trkpt lat="41.835284" lon="-78.774842"></trkpt><trkpt lat="41.833526" lon="-78.777707"></trkpt><trkpt lat="41.833122" lon="-78.778132"></trkpt><trkpt lat="41.832715" lon="-78.778271"></trkpt><trkpt lat="41.832446" lon="-78.778154"></trkpt><trkpt lat="41.832249" lon="-78.777768"></trkpt><trkpt lat="41.832113" lon="-78.775646"></trkpt><trkpt lat="41.831966" lon="-78.774902"></trkpt><trkpt lat="41.831679" lon="-78.774404"></trkpt><trkpt lat="41.831366" lon="-78.774256"></trkpt><trkpt lat="41.831226" lon="-78.774301"></trkpt><trkpt lat="41.831099" lon="-78.774445"></trkpt><trkpt lat="41.830617" lon="-78.775157"></trkpt><trkpt lat="41.830304" lon="-78.775412"></trkpt><trkpt lat="41.830074" lon="-78.775458"></trkpt><trkpt lat="41.829822" lon="-78.775436"></trkpt><trkpt lat="41.829533" lon="-78.775314"></trkpt><trkpt lat="41.828530" lon="-78.774552"></trkpt><trkpt lat="41.828195" lon="-78.774416"></trkpt><trkpt lat="41.827019" lon="-78.774328"></trkpt><trkpt lat="41.826379" lon="-78.774393"></trkpt><trkpt lat="41.826156" lon="-78.774480"></trkpt><trkpt lat="41.825590" lon="-78.775099"></trkpt><trkpt lat="41.825338" lon="-78.775255"></trkpt><trkpt lat="41.825070" lon="-78.775303"></trkpt><trkpt lat="41.824302" lon="-78.775188"></trkpt><trkpt lat="41.824149" lon="-78.775219"></trkpt><trkpt lat="41.822918" lon="-78.776028"></trkpt><trkpt lat="41.822106" lon="-78.776378"></trkpt><trkpt lat="41.821613" lon="-78.776676"></trkpt><trkpt lat="41.821486" lon="-78.776180"></trkpt><trkpt lat="41.821523" lon="-78.775793"></trkpt><trkpt lat="41.822404" lon="-78.774143"></trkpt><trkpt lat="41.822512" lon="-78.773801"></trkpt><trkpt lat="41.822395" lon="-78.772183"></trkpt><trkpt lat="41.822713" lon="-78.769131"></trkpt><trkpt lat="41.822484" lon="-78.767164"></trkpt><trkpt lat="41.822518" lon="-78.765953"></trkpt><trkpt lat="41.822311" lon="-78.765134"></trkpt><trkpt lat="41.822018" lon="-78.764888"></trkpt><trkpt lat="41.821737" lon="-78.764800"></trkpt><trkpt lat="41.821239" lon="-78.764836"></trkpt><trkpt lat="41.820545" lon="-78.765510"></trkpt><trkpt lat="41.819309" lon="-78.766221"></trkpt><trkpt lat="41.818402" lon="-78.767027"></trkpt><trkpt lat="41.817232" lon="-78.767630"></trkpt><trkpt lat="41.816531" lon="-78.768061"></trkpt><trkpt lat="41.815925" lon="-78.768563"></trkpt><trkpt lat="41.815602" lon="-78.768685"></trkpt><trkpt lat="41.815183" lon="-78.768719"></trkpt><trkpt lat="41.814904" lon="-78.768626"></trkpt><trkpt lat="41.814087" lon="-78.767842"></trkpt><trkpt lat="41.813302" lon="-78.767479"></trkpt><trkpt lat="41.812898" lon="-78.767134"></trkpt><trkpt lat="41.812699" lon="-78.766880"></trkpt><trkpt lat="41.811884" lon="-78.764854"></trkpt><trkpt lat="41.811825" lon="-78.764287"></trkpt><trkpt lat="41.811984" lon="-78.763672"></trkpt><trkpt lat="41.812370" lon="-78.763298"></trkpt><trkpt lat="41.813190" lon="-78.762896"></trkpt><trkpt lat="41.813548" lon="-78.762656"></trkpt><trkpt lat="41.814007" lon="-78.762080"></trkpt><trkpt lat="41.814253" lon="-78.761514"></trkpt><trkpt lat="41.816085" lon="-78.760250"></trkpt><trkpt lat="41.816083" lon="-78.759981"></trkpt><trkpt lat="41.815960" lon="-78.759718"></trkpt><trkpt lat="41.815742" lon="-78.759542"></trkpt><trkpt lat="41.814635" lon="-78.759052"></trkpt><trkpt lat="41.814259" lon="-78.759038"></trkpt><trkpt lat="41.813712" lon="-78.759224"></trkpt><trkpt lat="41.813368" lon="-78.759252"></trkpt><trkpt lat="41.811697" lon="-78.758948"></trkpt><trkpt lat="41.811179" lon="-78.758718"></trkpt><trkpt lat="41.810271" lon="-78.757627"></trkpt><trkpt lat="41.810159" lon="-78.757311"></trkpt><trkpt lat="41.809876" lon="-78.755766"></trkpt><trkpt lat="41.809857" lon="-78.754932"></trkpt><trkpt lat="41.809908" lon="-78.754773"></trkpt><trkpt lat="41.810104" lon="-78.754577"></trkpt><trkpt lat="41.811496" lon="-78.753713"></trkpt><trkpt lat="41.811973" lon="-78.753243"></trkpt><trkpt lat="41.813684" lon="-78.751822"></trkpt><trkpt lat="41.813936" lon="-78.751651"></trkpt><trkpt lat="41.815172" lon="-78.751216"></trkpt><trkpt lat="41.815632" lon="-78.750795"></trkpt><trkpt lat="41.814742" lon="-78.751009"></trkpt><trkpt lat="41.814230" lon="-78.751016"></trkpt><trkpt lat="41.812160" lon="-78.750824"></trkpt><trkpt lat="41.811216" lon="-78.750898"></trkpt><trkpt lat="41.809563" lon="-78.751318"></trkpt><trkpt lat="41.808430" lon="-78.751753"></trkpt><trkpt lat="41.807260" lon="-78.751966"></trkpt><trkpt lat="41.806768" lon="-78.751955"></trkpt><trkpt lat="41.806155" lon="-78.751888"></trkpt><trkpt lat="41.805165" lon="-78.751522"></trkpt><trkpt lat="41.804285" lon="-78.751046"></trkpt><trkpt lat="41.803448" lon="-78.750379"></trkpt><trkpt lat="41.802993" lon="-78.750122"></trkpt><trkpt lat="41.802150" lon="-78.749823"></trkpt><trkpt lat="41.801337" lon="-78.749774"></trkpt><trkpt lat="41.800952" lon="-78.749865"></trkpt><trkpt lat="41.798880" lon="-78.750883"></trkpt><trkpt lat="41.798207" lon="-78.751124"></trkpt><trkpt lat="41.797803" lon="-78.751198"></trkpt><trkpt lat="41.797134" lon="-78.751804"></trkpt><trkpt lat="41.796666" lon="-78.751944"></trkpt><trkpt lat="41.795348" lon="-78.752022"></trkpt><trkpt lat="41.794493" lon="-78.752185"></trkpt><trkpt lat="41.793396" lon="-78.752223"></trkpt><trkpt lat="41.792511" lon="-78.752354"></trkpt><trkpt lat="41.792031" lon="-78.752511"></trkpt><trkpt lat="41.791066" lon="-78.752994"></trkpt><trkpt lat="41.789641" lon="-78.754387"></trkpt><trkpt lat="41.788985" lon="-78.755199"></trkpt><trkpt lat="41.788437" lon="-78.756593"></trkpt><trkpt lat="41.787816" lon="-78.757802"></trkpt><trkpt lat="41.787578" lon="-78.758414"></trkpt><trkpt lat="41.787073" lon="-78.760930"></trkpt><trkpt lat="41.786326" lon="-78.761846"></trkpt><trkpt lat="41.785781" lon="-78.762839"></trkpt><trkpt lat="41.785386" lon="-78.763326"></trkpt><trkpt lat="41.784988" lon="-78.763668"></trkpt><trkpt lat="41.783697" lon="-78.765188"></trkpt><trkpt lat="41.782661" lon="-78.765873"></trkpt><trkpt lat="41.782470" lon="-78.766221"></trkpt><trkpt lat="41.782189" lon="-78.767493"></trkpt><trkpt lat="41.782062" lon="-78.767765"></trkpt><trkpt lat="41.781620" lon="-78.768352"></trkpt><trkpt lat="41.781276" lon="-78.768599"></trkpt><trkpt lat="41.780914" lon="-78.768697"></trkpt><trkpt lat="41.780205" lon="-78.768635"></trkpt><trkpt lat="41.779127" lon="-78.768793"></trkpt><trkpt lat="41.778765" lon="-78.768685"></trkpt><trkpt lat="41.778549" lon="-78.768692"></trkpt><trkpt lat="41.778145" lon="-78.769260"></trkpt><trkpt lat="41.777533" lon="-78.769738"></trkpt><trkpt lat="41.776909" lon="-78.770085"></trkpt><trkpt lat="41.776166" lon="-78.770303"></trkpt><trkpt lat="41.775605" lon="-78.770635"></trkpt><trkpt lat="41.775313" lon="-78.770898"></trkpt><trkpt lat="41.775120" lon="-78.771169"></trkpt><trkpt lat="41.774994" lon="-78.771655"></trkpt><trkpt lat="41.775097" lon="-78.772540"></trkpt><trkpt lat="41.774792" lon="-78.771903"></trkpt><trkpt lat="41.772990" lon="-78.769384"></trkpt><trkpt lat="41.772729" lon="-78.768641"></trkpt><trkpt lat="41.772211" lon="-78.766506"></trkpt><trkpt lat="41.772154" lon="-78.765331"></trkpt><trkpt lat="41.771835" lon="-78.765269"></trkpt><trkpt lat="41.771498" lon="-78.765015"></trkpt><trkpt lat="41.771368" lon="-78.764775"></trkpt><trkpt lat="41.771210" lon="-78.764132"></trkpt><trkpt lat="41.771099" lon="-78.763919"></trkpt><trkpt lat="41.770939" lon="-78.763838"></trkpt><trkpt lat="41.770614" lon="-78.763807"></trkpt><trkpt lat="41.770421" lon="-78.763961"></trkpt><trkpt lat="41.770221" lon="-78.764438"></trkpt><trkpt lat="41.770076" lon="-78.768315"></trkpt><trkpt lat="41.769814" lon="-78.769425"></trkpt><trkpt lat="41.769460" lon="-78.770550"></trkpt><trkpt lat="41.769266" lon="-78.770789"></trkpt><trkpt lat="41.769200" lon="-78.770808"></trkpt><trkpt lat="41.769104" lon="-78.770727"></trkpt><trkpt lat="41.768562" lon="-78.769810"></trkpt><trkpt lat="41.768359" lon="-78.769235"></trkpt><trkpt lat="41.768306" lon="-78.768365"></trkpt><trkpt lat="41.768549" lon="-78.766298"></trkpt><trkpt lat="41.768538" lon="-78.766037"></trkpt><trkpt lat="41.768395" lon="-78.765659"></trkpt><trkpt lat="41.768228" lon="-78.766299"></trkpt><trkpt lat="41.768086" lon="-78.766563"></trkpt><trkpt lat="41.767161" lon="-78.767752"></trkpt><trkpt lat="41.766591" lon="-78.768727"></trkpt><trkpt lat="41.766328" lon="-78.769436"></trkpt><trkpt lat="41.766168" lon="-78.770024"></trkpt><trkpt lat="41.766029" lon="-78.771017"></trkpt><trkpt lat="41.765872" lon="-78.773107"></trkpt><trkpt lat="41.765643" lon="-78.774653"></trkpt><trkpt lat="41.765499" lon="-78.774894"></trkpt><trkpt lat="41.764939" lon="-78.775428"></trkpt><trkpt lat="41.764534" lon="-78.775492"></trkpt><trkpt lat="41.764472" lon="-78.775226"></trkpt><trkpt lat="41.764494" lon="-78.774931"></trkpt><trkpt lat="41.764634" lon="-78.774339"></trkpt><trkpt lat="41.764895" lon="-78.773668"></trkpt><trkpt lat="41.764956" lon="-78.773262"></trkpt><trkpt lat="41.764928" lon="-78.772492"></trkpt><trkpt lat="41.764707" lon="-78.771765"></trkpt><trkpt lat="41.764368" lon="-78.771280"></trkpt><trkpt lat="41.764173" lon="-78.771122"></trkpt><trkpt lat="41.763468" lon="-78.770926"></trkpt><trkpt lat="41.763120" lon="-78.770717"></trkpt><trkpt lat="41.762531" lon="-78.770077"></trkpt><trkpt lat="41.761625" lon="-78.768765"></trkpt><trkpt lat="41.760765" lon="-78.768319"></trkpt><trkpt lat="41.760475" lon="-78.768238"></trkpt><trkpt lat="41.759180" lon="-78.768099"></trkpt><trkpt lat="41.757146" lon="-78.767398"></trkpt><trkpt lat="41.756169" lon="-78.767303"></trkpt><trkpt lat="41.755543" lon="-78.766939"></trkpt><trkpt lat="41.754920" lon="-78.766704"></trkpt><trkpt lat="41.753805" lon="-78.766595"></trkpt><trkpt lat="41.752852" lon="-78.766335"></trkpt><trkpt lat="41.751160" lon="-78.765567"></trkpt><trkpt lat="41.750657" lon="-78.765094"></trkpt><trkpt lat="41.750715" lon="-78.764054"></trkpt><trkpt lat="41.750845" lon="-78.763209"></trkpt><trkpt lat="41.751866" lon="-78.757753"></trkpt><trkpt lat="41.752044" lon="-78.757082"></trkpt><trkpt lat="41.752104" lon="-78.756414"></trkpt><trkpt lat="41.752074" lon="-78.754909"></trkpt><trkpt lat="41.751814" lon="-78.753587"></trkpt><trkpt lat="41.751956" lon="-78.752604"></trkpt><trkpt lat="41.751646" lon="-78.750951"></trkpt><trkpt lat="41.751975" lon="-78.749825"></trkpt><trkpt lat="41.751923" lon="-78.749416"></trkpt><trkpt lat="41.751267" lon="-78.747306"></trkpt><trkpt lat="41.751161" lon="-78.745627"></trkpt><trkpt lat="41.751022" lon="-78.745299"></trkpt><trkpt lat="41.750419" lon="-78.744400"></trkpt><trkpt lat="41.748692" lon="-78.742211"></trkpt><trkpt lat="41.747928" lon="-78.741145"></trkpt><trkpt lat="41.747615" lon="-78.740312"></trkpt><trkpt lat="41.747191" lon="-78.739602"></trkpt><trkpt lat="41.745258" lon="-78.738125"></trkpt><trkpt lat="41.744539" lon="-78.736914"></trkpt><trkpt lat="41.743613" lon="-78.735600"></trkpt><trkpt lat="41.743394" lon="-78.734140"></trkpt><trkpt lat="41.743314" lon="-78.733811"></trkpt><trkpt lat="41.743228" lon="-78.733709"></trkpt><trkpt lat="41.742012" lon="-78.734443"></trkpt><trkpt lat="41.740332" lon="-78.735278"></trkpt><trkpt lat="41.739705" lon="-78.735698"></trkpt><trkpt lat="41.737792" lon="-78.736704"></trkpt><trkpt lat="41.736649" lon="-78.737429"></trkpt><trkpt lat="41.734433" lon="-78.738622"></trkpt><trkpt lat="41.733322" lon="-78.739341"></trkpt><trkpt lat="41.732767" lon="-78.739584"></trkpt><trkpt lat="41.730354" lon="-78.740943"></trkpt><trkpt lat="41.730140" lon="-78.741150"></trkpt><trkpt lat="41.730062" lon="-78.741317"></trkpt><trkpt lat="41.729988" lon="-78.741738"></trkpt><trkpt lat="41.730259" lon="-78.743713"></trkpt><trkpt lat="41.730188" lon="-78.744243"></trkpt><trkpt lat="41.730096" lon="-78.744428"></trkpt><trkpt lat="41.729184" lon="-78.745170"></trkpt><trkpt lat="41.728971" lon="-78.745451"></trkpt><trkpt lat="41.728676" lon="-78.745698"></trkpt><trkpt lat="41.727998" lon="-78.745849"></trkpt><trkpt lat="41.727505" lon="-78.746048"></trkpt><trkpt lat="41.726928" lon="-78.746099"></trkpt><trkpt lat="41.726675" lon="-78.746221"></trkpt><trkpt lat="41.726347" lon="-78.746543"></trkpt><trkpt lat="41.726278" lon="-78.746741"></trkpt><trkpt lat="41.726198" lon="-78.747919"></trkpt><trkpt lat="41.726175" lon="-78.749071"></trkpt><trkpt lat="41.726286" lon="-78.751264"></trkpt><trkpt lat="41.726174" lon="-78.753381"></trkpt><trkpt lat="41.726039" lon="-78.753999"></trkpt><trkpt lat="41.726095" lon="-78.755989"></trkpt><trkpt lat="41.725991" lon="-78.757947"></trkpt><trkpt lat="41.725911" lon="-78.758161"></trkpt><trkpt lat="41.724451" lon="-78.759585"></trkpt><trkpt lat="41.724372" lon="-78.759880"></trkpt><trkpt lat="41.724999" lon="-78.761060"></trkpt><trkpt lat="41.725147" lon="-78.762331"></trkpt><trkpt lat="41.725524" lon="-78.763052"></trkpt><trkpt lat="41.725609" lon="-78.763354"></trkpt><trkpt lat="41.725751" lon="-78.764529"></trkpt><trkpt lat="41.725988" lon="-78.765361"></trkpt><trkpt lat="41.725936" lon="-78.766439"></trkpt><trkpt lat="41.725752" lon="-78.767263"></trkpt><trkpt lat="41.725792" lon="-78.768375"></trkpt><trkpt lat="41.726044" lon="-78.769396"></trkpt><trkpt lat="41.726322" lon="-78.771719"></trkpt><trkpt lat="41.726297" lon="-78.771925"></trkpt><trkpt lat="41.725989" lon="-78.772716"></trkpt><trkpt lat="41.725608" lon="-78.773532"></trkpt><trkpt lat="41.725236" lon="-78.773946"></trkpt><trkpt lat="41.724705" lon="-78.774881"></trkpt><trkpt lat="41.724073" lon="-78.777170"></trkpt><trkpt lat="41.724054" lon="-78.780212"></trkpt><trkpt lat="41.724354" lon="-78.781368"></trkpt><trkpt lat="41.724399" lon="-78.781927"></trkpt><trkpt lat="41.723819" lon="-78.785113"></trkpt><trkpt lat="41.723749" lon="-78.785865"></trkpt><trkpt lat="41.723953" lon="-78.787032"></trkpt><trkpt lat="41.724229" lon="-78.787537"></trkpt><trkpt lat="41.724682" lon="-78.788140"></trkpt><trkpt lat="41.725004" lon="-78.789411"></trkpt><trkpt lat="41.725183" lon="-78.789837"></trkpt><trkpt lat="41.725487" lon="-78.790168"></trkpt><trkpt lat="41.725883" lon="-78.790397"></trkpt><trkpt lat="41.726826" lon="-78.790493"></trkpt><trkpt lat="41.727003" lon="-78.790540"></trkpt><trkpt lat="41.727285" lon="-78.790765"></trkpt><trkpt lat="41.727606" lon="-78.791185"></trkpt><trkpt lat="41.727805" lon="-78.791701"></trkpt><trkpt lat="41.728174" lon="-78.793293"></trkpt><trkpt lat="41.728336" lon="-78.793667"></trkpt><trkpt lat="41.730028" lon="-78.796306"></trkpt><trkpt lat="41.730225" lon="-78.796557"></trkpt><trkpt lat="41.730536" lon="-78.796781"></trkpt><trkpt lat="41.731360" lon="-78.796874"></trkpt><trkpt lat="41.731624" lon="-78.797040"></trkpt><trkpt lat="41.731910" lon="-78.797388"></trkpt><trkpt lat="41.732135" lon="-78.797966"></trkpt><trkpt lat="41.732235" lon="-78.799034"></trkpt><trkpt lat="41.731983" lon="-78.800936"></trkpt><trkpt lat="41.731783" lon="-78.801400"></trkpt><trkpt lat="41.731185" lon="-78.801904"></trkpt><trkpt lat="41.731013" lon="-78.802257"></trkpt><trkpt lat="41.730977" lon="-78.802504"></trkpt><trkpt lat="41.730950" lon="-78.803807"></trkpt><trkpt lat="41.731215" lon="-78.805878"></trkpt><trkpt lat="41.731213" lon="-78.807893"></trkpt><trkpt lat="41.731137" lon="-78.808350"></trkpt><trkpt lat="41.730937" lon="-78.808834"></trkpt><trkpt lat="41.730617" lon="-78.809314"></trkpt><trkpt lat="41.729946" lon="-78.809829"></trkpt><trkpt lat="41.729576" lon="-78.810329"></trkpt><trkpt lat="41.729397" lon="-78.810766"></trkpt><trkpt lat="41.729390" lon="-78.811288"></trkpt><trkpt lat="41.730091" lon="-78.812723"></trkpt><trkpt lat="41.730322" lon="-78.812935"></trkpt><trkpt lat="41.730748" lon="-78.813019"></trkpt><trkpt lat="41.731255" lon="-78.812873"></trkpt><trkpt lat="41.732105" lon="-78.811785"></trkpt><trkpt lat="41.732363" lon="-78.811640"></trkpt><trkpt lat="41.733607" lon="-78.811560"></trkpt><trkpt lat="41.734567" lon="-78.811165"></trkpt><trkpt lat="41.734770" lon="-78.811135"></trkpt><trkpt lat="41.736067" lon="-78.811454"></trkpt><trkpt lat="41.736423" lon="-78.811707"></trkpt><trkpt lat="41.736745" lon="-78.812263"></trkpt><trkpt lat="41.736914" lon="-78.812824"></trkpt><trkpt lat="41.737079" lon="-78.813749"></trkpt><trkpt lat="41.737344" lon="-78.816379"></trkpt><trkpt lat="41.737645" lon="-78.817027"></trkpt><trkpt lat="41.738600" lon="-78.818446"></trkpt><trkpt lat="41.739153" lon="-78.819562"></trkpt><trkpt lat="41.739706" lon="-78.822175"></trkpt><trkpt lat="41.740416" lon="-78.823799"></trkpt><trkpt lat="41.740753" lon="-78.824809"></trkpt><trkpt lat="41.740962" lon="-78.825127"></trkpt><trkpt lat="41.741163" lon="-78.825241"></trkpt><trkpt lat="41.741583" lon="-78.825310"></trkpt><trkpt lat="41.741726" lon="-78.825411"></trkpt><trkpt lat="41.742140" lon="-78.826018"></trkpt><trkpt lat="41.742265" lon="-78.826649"></trkpt><trkpt lat="41.742265" lon="-78.827549"></trkpt><trkpt lat="41.742367" lon="-78.828668"></trkpt><trkpt lat="41.742694" lon="-78.830315"></trkpt><trkpt lat="41.742986" lon="-78.830678"></trkpt><trkpt lat="41.743272" lon="-78.830842"></trkpt><trkpt lat="41.743919" lon="-78.830949"></trkpt><trkpt lat="41.744888" lon="-78.830705"></trkpt><trkpt lat="41.745787" lon="-78.831226"></trkpt><trkpt lat="41.746195" lon="-78.831530"></trkpt><trkpt lat="41.746468" lon="-78.831930"></trkpt><trkpt lat="41.746530" lon="-78.832222"></trkpt><trkpt lat="41.746412" lon="-78.832656"></trkpt></trkseg></trk><trk><name>T032 LOC1647</name><trkseg><trkpt lat="41.708292" lon="-78.694081"></trkpt><trkpt lat="41.708392" lon="-78.694488"></trkpt><trkpt lat="41.708369" lon="-78.695034"></trkpt><trkpt lat="41.708068" lon="-78.695800"></trkpt><trkpt lat="41.708101" lon="-78.696103"></trkpt><trkpt lat="41.708226" lon="-78.696390"></trkpt><trkpt lat="41.708870" lon="-78.696730"></trkpt><trkpt lat="41.709762" lon="-78.697071"></trkpt><trkpt lat="41.710089" lon="-78.697087"></trkpt><trkpt lat="41.710177" lon="-78.697034"></trkpt><trkpt lat="41.710335" lon="-78.697114"></trkpt><trkpt lat="41.710425" lon="-78.697329"></trkpt><trkpt lat="41.710756" lon="-78.697740"></trkpt><trkpt lat="41.711029" lon="-78.697899"></trkpt><trkpt lat="41.711247" lon="-78.698237"></trkpt><trkpt lat="41.711630" lon="-78.699169"></trkpt><trkpt lat="41.711859" lon="-78.699233"></trkpt><trkpt lat="41.712091" lon="-78.699393"></trkpt><trkpt lat="41.712300" lon="-78.699622"></trkpt><trkpt lat="41.712449" lon="-78.699921"></trkpt><trkpt lat="41.712555" lon="-78.700627"></trkpt><trkpt lat="41.712475" lon="-78.701557"></trkpt><trkpt lat="41.712498" lon="-78.702229"></trkpt><trkpt lat="41.712924" lon="-78.702401"></trkpt><trkpt lat="41.713193" lon="-78.702414"></trkpt><trkpt lat="41.713227" lon="-78.702917"></trkpt><trkpt lat="41.713643" lon="-78.703121"></trkpt><trkpt lat="41.714400" lon="-78.703307"></trkpt><trkpt lat="41.714490" lon="-78.703368"></trkpt><trkpt lat="41.714648" lon="-78.703790"></trkpt><trkpt lat="41.714854" lon="-78.704573"></trkpt><trkpt lat="41.714886" lon="-78.705459"></trkpt><trkpt lat="41.715011" lon="-78.705918"></trkpt><trkpt lat="41.715496" lon="-78.706865"></trkpt><trkpt lat="41.715469" lon="-78.707230"></trkpt><trkpt lat="41.715288" lon="-78.707518"></trkpt><trkpt lat="41.715249" lon="-78.707819"></trkpt><trkpt lat="41.714887" lon="-78.708282"></trkpt><trkpt lat="41.714666" lon="-78.708968"></trkpt><trkpt lat="41.714433" lon="-78.709385"></trkpt><trkpt lat="41.714384" lon="-78.709687"></trkpt><trkpt lat="41.714418" lon="-78.710040"></trkpt><trkpt lat="41.714633" lon="-78.710233"></trkpt><trkpt lat="41.714701" lon="-78.710221"></trkpt><trkpt lat="41.715247" lon="-78.709916"></trkpt><trkpt lat="41.715863" lon="-78.709380"></trkpt><trkpt lat="41.716042" lon="-78.709651"></trkpt><trkpt lat="41.716052" lon="-78.709814"></trkpt><trkpt lat="41.716006" lon="-78.710080"></trkpt><trkpt lat="41.715704" lon="-78.710613"></trkpt><trkpt lat="41.715145" lon="-78.711974"></trkpt><trkpt lat="41.714645" lon="-78.713556"></trkpt><trkpt lat="41.714614" lon="-78.714216"></trkpt><trkpt lat="41.714776" lon="-78.714852"></trkpt><trkpt lat="41.715425" lon="-78.716114"></trkpt><trkpt lat="41.715757" lon="-78.716412"></trkpt><trkpt lat="41.716277" lon="-78.716525"></trkpt><trkpt lat="41.717766" lon="-78.716463"></trkpt></trkseg></trk><trk><name>T033 LOC1647</name><trkseg><trkpt lat="41.757299" lon="-79.171693"></trkpt><trkpt lat="41.756662" lon="-79.173046"></trkpt><trkpt lat="41.756410" lon="-79.173221"></trkpt><trkpt lat="41.756150" lon="-79.173583"></trkpt><trkpt lat="41.755934" lon="-79.173657"></trkpt><trkpt lat="41.755316" lon="-79.174387"></trkpt><trkpt lat="41.754454" lon="-79.175148"></trkpt><trkpt lat="41.753562" lon="-79.176272"></trkpt><trkpt lat="41.752552" lon="-79.176758"></trkpt><trkpt lat="41.752327" lon="-79.176732"></trkpt><trkpt lat="41.752145" lon="-79.176469"></trkpt><trkpt lat="41.751945" lon="-79.176391"></trkpt><trkpt lat="41.751788" lon="-79.176402"></trkpt><trkpt lat="41.751593" lon="-79.176601"></trkpt><trkpt lat="41.751492" lon="-79.176807"></trkpt><trkpt lat="41.751082" lon="-79.177182"></trkpt><trkpt lat="41.750845" lon="-79.177679"></trkpt><trkpt lat="41.749983" lon="-79.178949"></trkpt><trkpt lat="41.749739" lon="-79.179211"></trkpt><trkpt lat="41.749352" lon="-79.179943"></trkpt><trkpt lat="41.749198" lon="-79.180061"></trkpt></trkseg></trk><trk><name>T034 LOC1647</name><trkseg><trkpt lat="41.940520" lon="-78.843288"></trkpt><trkpt lat="41.940385" lon="-78.843365"></trkpt><trkpt lat="41.940151" lon="-78.843346"></trkpt><trkpt lat="41.940061" lon="-78.842770"></trkpt><trkpt lat="41.939716" lon="-78.842135"></trkpt><trkpt lat="41.939393" lon="-78.841094"></trkpt><trkpt lat="41.938771" lon="-78.840237"></trkpt><trkpt lat="41.938758" lon="-78.840084"></trkpt><trkpt lat="41.938795" lon="-78.839956"></trkpt><trkpt lat="41.939102" lon="-78.839640"></trkpt><trkpt lat="41.939311" lon="-78.839133"></trkpt><trkpt lat="41.939534" lon="-78.838819"></trkpt><trkpt lat="41.939964" lon="-78.838405"></trkpt><trkpt lat="41.940376" lon="-78.838125"></trkpt><trkpt lat="41.940757" lon="-78.837540"></trkpt><trkpt lat="41.941130" lon="-78.837274"></trkpt><trkpt lat="41.941428" lon="-78.836758"></trkpt><trkpt lat="41.941541" lon="-78.836688"></trkpt><trkpt lat="41.941548" lon="-78.836255"></trkpt><trkpt lat="41.941663" lon="-78.836044"></trkpt><trkpt lat="41.941732" lon="-78.835716"></trkpt><trkpt lat="41.941685" lon="-78.835096"></trkpt><trkpt lat="41.941883" lon="-78.834922"></trkpt><trkpt lat="41.942005" lon="-78.834574"></trkpt><trkpt lat="41.942186" lon="-78.834435"></trkpt><trkpt lat="41.942325" lon="-78.833816"></trkpt><trkpt lat="41.942701" lon="-78.833302"></trkpt><trkpt lat="41.942906" lon="-78.832508"></trkpt><trkpt lat="41.942710" lon="-78.832028"></trkpt><trkpt lat="41.942473" lon="-78.831913"></trkpt><trkpt lat="41.942118" lon="-78.831237"></trkpt><trkpt lat="41.942004" lon="-78.831182"></trkpt><trkpt lat="41.941772" lon="-78.831357"></trkpt><trkpt lat="41.941191" lon="-78.831067"></trkpt><trkpt lat="41.940924" lon="-78.830377"></trkpt><trkpt lat="41.940935" lon="-78.829954"></trkpt><trkpt lat="41.940872" lon="-78.829745"></trkpt><trkpt lat="41.940994" lon="-78.829387"></trkpt><trkpt lat="41.940665" lon="-78.828546"></trkpt><trkpt lat="41.940048" lon="-78.827980"></trkpt><trkpt lat="41.939707" lon="-78.828023"></trkpt><trkpt lat="41.939423" lon="-78.828168"></trkpt><trkpt lat="41.939150" lon="-78.828147"></trkpt><trkpt lat="41.938831" lon="-78.828453"></trkpt><trkpt lat="41.938611" lon="-78.828767"></trkpt><trkpt lat="41.938344" lon="-78.829366"></trkpt><trkpt lat="41.938067" lon="-78.829620"></trkpt><trkpt lat="41.937850" lon="-78.829732"></trkpt><trkpt lat="41.937383" lon="-78.829698"></trkpt><trkpt lat="41.937165" lon="-78.829994"></trkpt><trkpt lat="41.936924" lon="-78.830057"></trkpt><trkpt lat="41.936264" lon="-78.830453"></trkpt><trkpt lat="41.936178" lon="-78.830653"></trkpt><trkpt lat="41.936065" lon="-78.830733"></trkpt><trkpt lat="41.935883" lon="-78.831650"></trkpt><trkpt lat="41.935613" lon="-78.832129"></trkpt><trkpt lat="41.935209" lon="-78.831769"></trkpt><trkpt lat="41.935310" lon="-78.831642"></trkpt><trkpt lat="41.935338" lon="-78.831448"></trkpt><trkpt lat="41.935227" lon="-78.830908"></trkpt><trkpt lat="41.935269" lon="-78.830201"></trkpt><trkpt lat="41.935353" lon="-78.830067"></trkpt><trkpt lat="41.935515" lon="-78.829356"></trkpt><trkpt lat="41.935471" lon="-78.828702"></trkpt><trkpt lat="41.935359" lon="-78.828271"></trkpt><trkpt lat="41.935274" lon="-78.828165"></trkpt><trkpt lat="41.934950" lon="-78.828004"></trkpt><trkpt lat="41.934903" lon="-78.827810"></trkpt><trkpt lat="41.934529" lon="-78.827382"></trkpt><trkpt lat="41.934423" lon="-78.826943"></trkpt><trkpt lat="41.934217" lon="-78.826768"></trkpt><trkpt lat="41.934045" lon="-78.826410"></trkpt><trkpt lat="41.933893" lon="-78.826297"></trkpt><trkpt lat="41.933606" lon="-78.826223"></trkpt><trkpt lat="41.933313" lon="-78.826240"></trkpt><trkpt lat="41.933105" lon="-78.826348"></trkpt><trkpt lat="41.932876" lon="-78.826668"></trkpt><trkpt lat="41.932409" lon="-78.827056"></trkpt><trkpt lat="41.932034" lon="-78.827176"></trkpt><trkpt lat="41.931785" lon="-78.827114"></trkpt><trkpt lat="41.931535" lon="-78.827136"></trkpt><trkpt lat="41.931177" lon="-78.827575"></trkpt><trkpt lat="41.930899" lon="-78.827782"></trkpt><trkpt lat="41.930082" lon="-78.828796"></trkpt><trkpt lat="41.929699" lon="-78.829510"></trkpt><trkpt lat="41.929479" lon="-78.829691"></trkpt><trkpt lat="41.929155" lon="-78.829805"></trkpt><trkpt lat="41.928563" lon="-78.830338"></trkpt><trkpt lat="41.928338" lon="-78.830337"></trkpt><trkpt lat="41.928030" lon="-78.829587"></trkpt><trkpt lat="41.927885" lon="-78.829509"></trkpt><trkpt lat="41.927783" lon="-78.829201"></trkpt><trkpt lat="41.927731" lon="-78.828241"></trkpt><trkpt lat="41.927775" lon="-78.828074"></trkpt><trkpt lat="41.928098" lon="-78.827422"></trkpt><trkpt lat="41.928271" lon="-78.826821"></trkpt><trkpt lat="41.928747" lon="-78.826328"></trkpt><trkpt lat="41.928992" lon="-78.826228"></trkpt><trkpt lat="41.929526" lon="-78.825569"></trkpt><trkpt lat="41.929926" lon="-78.825390"></trkpt><trkpt lat="41.929970" lon="-78.825206"></trkpt><trkpt lat="41.930185" lon="-78.824997"></trkpt><trkpt lat="41.930296" lon="-78.824727"></trkpt><trkpt lat="41.930666" lon="-78.824403"></trkpt><trkpt lat="41.931000" lon="-78.824355"></trkpt><trkpt lat="41.931434" lon="-78.824148"></trkpt><trkpt lat="41.932041" lon="-78.824082"></trkpt><trkpt lat="41.932284" lon="-78.824119"></trkpt><trkpt lat="41.932873" lon="-78.823591"></trkpt><trkpt lat="41.933365" lon="-78.823330"></trkpt><trkpt lat="41.933903" lon="-78.822906"></trkpt><trkpt lat="41.934147" lon="-78.822817"></trkpt><trkpt lat="41.934459" lon="-78.822805"></trkpt><trkpt lat="41.934641" lon="-78.822725"></trkpt><trkpt lat="41.934872" lon="-78.822510"></trkpt><trkpt lat="41.934998" lon="-78.822054"></trkpt><trkpt lat="41.934879" lon="-78.821506"></trkpt><trkpt lat="41.934477" lon="-78.821293"></trkpt><trkpt lat="41.934367" lon="-78.821124"></trkpt><trkpt lat="41.934101" lon="-78.820940"></trkpt><trkpt lat="41.933964" lon="-78.820587"></trkpt><trkpt lat="41.933828" lon="-78.820499"></trkpt><trkpt lat="41.933353" lon="-78.819841"></trkpt><trkpt lat="41.933278" lon="-78.818895"></trkpt><trkpt lat="41.933314" lon="-78.817876"></trkpt><trkpt lat="41.933616" lon="-78.817360"></trkpt><trkpt lat="41.933838" lon="-78.817222"></trkpt><trkpt lat="41.934516" lon="-78.817358"></trkpt><trkpt lat="41.934831" lon="-78.817344"></trkpt><trkpt lat="41.934874" lon="-78.817551"></trkpt><trkpt lat="41.934943" lon="-78.817573"></trkpt><trkpt lat="41.935070" lon="-78.817371"></trkpt><trkpt lat="41.935489" lon="-78.817129"></trkpt><trkpt lat="41.935957" lon="-78.816702"></trkpt><trkpt lat="41.936364" lon="-78.815849"></trkpt><trkpt lat="41.936545" lon="-78.815163"></trkpt><trkpt lat="41.936487" lon="-78.814909"></trkpt><trkpt lat="41.936867" lon="-78.814219"></trkpt><trkpt lat="41.937009" lon="-78.814167"></trkpt><trkpt lat="41.937093" lon="-78.814298"></trkpt><trkpt lat="41.937214" lon="-78.814303"></trkpt><trkpt lat="41.937519" lon="-78.814483"></trkpt><trkpt lat="41.937928" lon="-78.814547"></trkpt><trkpt lat="41.938142" lon="-78.814459"></trkpt><trkpt lat="41.938228" lon="-78.814525"></trkpt><trkpt lat="41.938291" lon="-78.815390"></trkpt><trkpt lat="41.938205" lon="-78.816030"></trkpt><trkpt lat="41.938234" lon="-78.816476"></trkpt><trkpt lat="41.938494" lon="-78.817076"></trkpt><trkpt lat="41.938842" lon="-78.817363"></trkpt><trkpt lat="41.939009" lon="-78.817647"></trkpt><trkpt lat="41.939091" lon="-78.818946"></trkpt><trkpt lat="41.939202" lon="-78.819099"></trkpt><trkpt lat="41.939490" lon="-78.819300"></trkpt><trkpt lat="41.940856" lon="-78.820102"></trkpt><trkpt lat="41.941512" lon="-78.820016"></trkpt><trkpt lat="41.942321" lon="-78.819661"></trkpt><trkpt lat="41.943061" lon="-78.819479"></trkpt><trkpt lat="41.943462" lon="-78.819231"></trkpt><trkpt lat="41.943692" lon="-78.818889"></trkpt><trkpt lat="41.944129" lon="-78.818830"></trkpt><trkpt lat="41.944349" lon="-78.818734"></trkpt><trkpt lat="41.944570" lon="-78.818530"></trkpt><trkpt lat="41.944627" lon="-78.818552"></trkpt><trkpt lat="41.944644" lon="-78.818455"></trkpt><trkpt lat="41.945075" lon="-78.818127"></trkpt><trkpt lat="41.945288" lon="-78.817818"></trkpt><trkpt lat="41.945510" lon="-78.817052"></trkpt><trkpt lat="41.945630" lon="-78.816862"></trkpt><trkpt lat="41.946119" lon="-78.816558"></trkpt><trkpt lat="41.946305" lon="-78.816674"></trkpt><trkpt lat="41.946275" lon="-78.817101"></trkpt><trkpt lat="41.946460" lon="-78.817408"></trkpt><trkpt lat="41.946577" lon="-78.817519"></trkpt><trkpt lat="41.946706" lon="-78.817498"></trkpt><trkpt lat="41.946812" lon="-78.817355"></trkpt><trkpt lat="41.946958" lon="-78.816770"></trkpt><trkpt lat="41.947231" lon="-78.816595"></trkpt><trkpt lat="41.947388" lon="-78.816615"></trkpt><trkpt lat="41.947519" lon="-78.816322"></trkpt><trkpt lat="41.947996" lon="-78.816069"></trkpt><trkpt lat="41.948342" lon="-78.816073"></trkpt><trkpt lat="41.948911" lon="-78.815970"></trkpt><trkpt lat="41.949159" lon="-78.816204"></trkpt><trkpt lat="41.949340" lon="-78.816928"></trkpt><trkpt lat="41.949169" lon="-78.817239"></trkpt><trkpt lat="41.949028" lon="-78.817348"></trkpt><trkpt lat="41.948827" lon="-78.817361"></trkpt><trkpt lat="41.948650" lon="-78.817478"></trkpt><trkpt lat="41.948542" lon="-78.817647"></trkpt><trkpt lat="41.948138" lon="-78.817807"></trkpt><trkpt lat="41.948041" lon="-78.817911"></trkpt><trkpt lat="41.947848" lon="-78.818255"></trkpt><trkpt lat="41.947826" lon="-78.818963"></trkpt><trkpt lat="41.947905" lon="-78.819424"></trkpt><trkpt lat="41.947784" lon="-78.820083"></trkpt><trkpt lat="41.947323" lon="-78.820684"></trkpt><trkpt lat="41.946828" lon="-78.821008"></trkpt><trkpt lat="41.946591" lon="-78.822388"></trkpt><trkpt lat="41.946100" lon="-78.823534"></trkpt><trkpt lat="41.945954" lon="-78.824120"></trkpt><trkpt lat="41.946066" lon="-78.824607"></trkpt><trkpt lat="41.945994" lon="-78.825200"></trkpt><trkpt lat="41.945630" lon="-78.825751"></trkpt><trkpt lat="41.945580" lon="-78.826238"></trkpt><trkpt lat="41.945483" lon="-78.826500"></trkpt><trkpt lat="41.945476" lon="-78.826759"></trkpt><trkpt lat="41.945605" lon="-78.826940"></trkpt><trkpt lat="41.945532" lon="-78.827235"></trkpt><trkpt lat="41.945620" lon="-78.827698"></trkpt><trkpt lat="41.945893" lon="-78.827957"></trkpt><trkpt lat="41.946315" lon="-78.828116"></trkpt><trkpt lat="41.946473" lon="-78.828307"></trkpt><trkpt lat="41.946590" lon="-78.828634"></trkpt><trkpt lat="41.946618" lon="-78.828969"></trkpt><trkpt lat="41.946733" lon="-78.829186"></trkpt><trkpt lat="41.946725" lon="-78.829508"></trkpt><trkpt lat="41.946847" lon="-78.829725"></trkpt><trkpt lat="41.946844" lon="-78.829931"></trkpt><trkpt lat="41.946521" lon="-78.830297"></trkpt><trkpt lat="41.946238" lon="-78.830465"></trkpt><trkpt lat="41.945537" lon="-78.830326"></trkpt><trkpt lat="41.944694" lon="-78.830460"></trkpt><trkpt lat="41.944486" lon="-78.830630"></trkpt><trkpt lat="41.944075" lon="-78.831244"></trkpt><trkpt lat="41.944079" lon="-78.831657"></trkpt><trkpt lat="41.943988" lon="-78.831986"></trkpt><trkpt lat="41.944026" lon="-78.832258"></trkpt><trkpt lat="41.943823" lon="-78.833091"></trkpt><trkpt lat="41.943630" lon="-78.834541"></trkpt><trkpt lat="41.943853" lon="-78.835115"></trkpt><trkpt lat="41.943855" lon="-78.835521"></trkpt><trkpt lat="41.943736" lon="-78.836168"></trkpt><trkpt lat="41.944062" lon="-78.837369"></trkpt><trkpt lat="41.944093" lon="-78.839297"></trkpt><trkpt lat="41.944351" lon="-78.839843"></trkpt><trkpt lat="41.944266" lon="-78.840422"></trkpt><trkpt lat="41.944208" lon="-78.840559"></trkpt><trkpt lat="41.944128" lon="-78.840596"></trkpt><trkpt lat="41.943934" lon="-78.840507"></trkpt><trkpt lat="41.943019" lon="-78.840491"></trkpt><trkpt lat="41.942740" lon="-78.840419"></trkpt><trkpt lat="41.941720" lon="-78.840744"></trkpt><trkpt lat="41.940640" lon="-78.842250"></trkpt><trkpt lat="41.940536" lon="-78.843241"></trkpt></trkseg></trk><trk><name>T035 LOC1647</name><trkseg><trkpt lat="41.947826" lon="-78.818963"></trkpt><trkpt lat="41.948797" lon="-78.818010"></trkpt><trkpt lat="41.949918" lon="-78.817186"></trkpt><trkpt lat="41.950461" lon="-78.817658"></trkpt><trkpt lat="41.950767" lon="-78.818511"></trkpt><trkpt lat="41.951649" lon="-78.819388"></trkpt><trkpt lat="41.952282" lon="-78.820341"></trkpt><trkpt lat="41.952672" lon="-78.820684"></trkpt><trkpt lat="41.953243" lon="-78.820767"></trkpt><trkpt lat="41.953480" lon="-78.821030"></trkpt><trkpt lat="41.953957" lon="-78.821311"></trkpt><trkpt lat="41.954053" lon="-78.821562"></trkpt><trkpt lat="41.954441" lon="-78.822143"></trkpt><trkpt lat="41.954620" lon="-78.822844"></trkpt><trkpt lat="41.954838" lon="-78.823122"></trkpt><trkpt lat="41.954844" lon="-78.823555"></trkpt><trkpt lat="41.954963" lon="-78.823871"></trkpt><trkpt lat="41.955115" lon="-78.824670"></trkpt><trkpt lat="41.955087" lon="-78.825484"></trkpt><trkpt lat="41.955508" lon="-78.827390"></trkpt><trkpt lat="41.956260" lon="-78.828688"></trkpt><trkpt lat="41.956504" lon="-78.829624"></trkpt><trkpt lat="41.957493" lon="-78.830734"></trkpt><trkpt lat="41.957788" lon="-78.830965"></trkpt><trkpt lat="41.958005" lon="-78.831343"></trkpt><trkpt lat="41.958254" lon="-78.832603"></trkpt><trkpt lat="41.957894" lon="-78.833252"></trkpt><trkpt lat="41.957943" lon="-78.833510"></trkpt><trkpt lat="41.957546" lon="-78.834238"></trkpt><trkpt lat="41.957308" lon="-78.834432"></trkpt><trkpt lat="41.956927" lon="-78.835390"></trkpt><trkpt lat="41.956986" lon="-78.835768"></trkpt><trkpt lat="41.957564" lon="-78.836935"></trkpt><trkpt lat="41.957838" lon="-78.837317"></trkpt><trkpt lat="41.957999" lon="-78.837360"></trkpt><trkpt lat="41.958200" lon="-78.837092"></trkpt><trkpt lat="41.958192" lon="-78.836829"></trkpt><trkpt lat="41.958445" lon="-78.835834"></trkpt><trkpt lat="41.958579" lon="-78.835725"></trkpt><trkpt lat="41.958630" lon="-78.835478"></trkpt><trkpt lat="41.958820" lon="-78.835401"></trkpt><trkpt lat="41.959021" lon="-78.835134"></trkpt><trkpt lat="41.959041" lon="-78.834902"></trkpt><trkpt lat="41.959175" lon="-78.834597"></trkpt><trkpt lat="41.959134" lon="-78.833954"></trkpt><trkpt lat="41.959043" lon="-78.833988"></trkpt><trkpt lat="41.958915" lon="-78.833884"></trkpt><trkpt lat="41.958842" lon="-78.833671"></trkpt><trkpt lat="41.958697" lon="-78.832690"></trkpt><trkpt lat="41.958696" lon="-78.832059"></trkpt><trkpt lat="41.958487" lon="-78.831342"></trkpt><trkpt lat="41.958129" lon="-78.830630"></trkpt><trkpt lat="41.957442" lon="-78.829544"></trkpt><trkpt lat="41.956238" lon="-78.827274"></trkpt><trkpt lat="41.955565" lon="-78.823920"></trkpt><trkpt lat="41.955237" lon="-78.822841"></trkpt><trkpt lat="41.955234" lon="-78.821897"></trkpt><trkpt lat="41.955092" lon="-78.821339"></trkpt><trkpt lat="41.954726" lon="-78.820637"></trkpt><trkpt lat="41.954258" lon="-78.820151"></trkpt><trkpt lat="41.953670" lon="-78.819665"></trkpt><trkpt lat="41.953591" lon="-78.819700"></trkpt><trkpt lat="41.953357" lon="-78.819601"></trkpt><trkpt lat="41.953060" lon="-78.819368"></trkpt><trkpt lat="41.952767" lon="-78.818979"></trkpt><trkpt lat="41.952572" lon="-78.818493"></trkpt><trkpt lat="41.952261" lon="-78.818179"></trkpt><trkpt lat="41.952040" lon="-78.818085"></trkpt><trkpt lat="41.951826" lon="-78.817863"></trkpt><trkpt lat="41.951584" lon="-78.817724"></trkpt><trkpt lat="41.950814" lon="-78.816901"></trkpt><trkpt lat="41.950372" lon="-78.816217"></trkpt><trkpt lat="41.950181" lon="-78.816095"></trkpt><trkpt lat="41.949606" lon="-78.815982"></trkpt><trkpt lat="41.948911" lon="-78.815970"></trkpt></trkseg></trk><trk><name>T036 LOC1647</name><trkseg><trkpt lat="41.545413" lon="-79.256873"></trkpt><trkpt lat="41.545719" lon="-79.256654"></trkpt><trkpt lat="41.546738" lon="-79.255366"></trkpt><trkpt lat="41.547825" lon="-79.253450"></trkpt><trkpt lat="41.548950" lon="-79.251936"></trkpt><trkpt lat="41.550098" lon="-79.250167"></trkpt><trkpt lat="41.551315" lon="-79.248667"></trkpt><trkpt lat="41.551569" lon="-79.248573"></trkpt><trkpt lat="41.551647" lon="-79.248668"></trkpt><trkpt lat="41.551555" lon="-79.249450"></trkpt><trkpt lat="41.551589" lon="-79.249643"></trkpt><trkpt lat="41.551923" lon="-79.250078"></trkpt><trkpt lat="41.552478" lon="-79.250570"></trkpt><trkpt lat="41.552658" lon="-79.250827"></trkpt><trkpt lat="41.552727" lon="-79.251201"></trkpt><trkpt lat="41.552943" lon="-79.251619"></trkpt><trkpt lat="41.554040" lon="-79.252891"></trkpt><trkpt lat="41.554241" lon="-79.253215"></trkpt><trkpt lat="41.554419" lon="-79.253574"></trkpt><trkpt lat="41.554461" lon="-79.253932"></trkpt><trkpt lat="41.554421" lon="-79.254296"></trkpt><trkpt lat="41.555011" lon="-79.254401"></trkpt><trkpt lat="41.555595" lon="-79.255232"></trkpt><trkpt lat="41.555956" lon="-79.255242"></trkpt><trkpt lat="41.556638" lon="-79.255097"></trkpt><trkpt lat="41.557829" lon="-79.254566"></trkpt><trkpt lat="41.558106" lon="-79.254857"></trkpt><trkpt lat="41.558346" lon="-79.254851"></trkpt><trkpt lat="41.558620" lon="-79.254730"></trkpt><trkpt lat="41.558937" lon="-79.254736"></trkpt><trkpt lat="41.559224" lon="-79.254833"></trkpt><trkpt lat="41.560343" lon="-79.255528"></trkpt><trkpt lat="41.560886" lon="-79.255582"></trkpt><trkpt lat="41.561706" lon="-79.255542"></trkpt><trkpt lat="41.562919" lon="-79.255838"></trkpt><trkpt lat="41.563447" lon="-79.255824"></trkpt><trkpt lat="41.564091" lon="-79.256225"></trkpt><trkpt lat="41.564597" lon="-79.256417"></trkpt><trkpt lat="41.564828" lon="-79.256427"></trkpt><trkpt lat="41.565180" lon="-79.256323"></trkpt><trkpt lat="41.565815" lon="-79.255833"></trkpt><trkpt lat="41.566365" lon="-79.255760"></trkpt><trkpt lat="41.566741" lon="-79.255588"></trkpt><trkpt lat="41.566944" lon="-79.255603"></trkpt><trkpt lat="41.567751" lon="-79.256084"></trkpt><trkpt lat="41.568337" lon="-79.256759"></trkpt><trkpt lat="41.568767" lon="-79.257028"></trkpt><trkpt lat="41.569167" lon="-79.257191"></trkpt><trkpt lat="41.569958" lon="-79.257034"></trkpt><trkpt lat="41.570751" lon="-79.256516"></trkpt><trkpt lat="41.571031" lon="-79.256478"></trkpt><trkpt lat="41.571208" lon="-79.256574"></trkpt><trkpt lat="41.571670" lon="-79.257467"></trkpt><trkpt lat="41.571828" lon="-79.257640"></trkpt><trkpt lat="41.572733" lon="-79.257860"></trkpt><trkpt lat="41.573034" lon="-79.258066"></trkpt><trkpt lat="41.573815" lon="-79.259077"></trkpt><trkpt lat="41.574527" lon="-79.260384"></trkpt><trkpt lat="41.574568" lon="-79.261276"></trkpt><trkpt lat="41.574250" lon="-79.262611"></trkpt><trkpt lat="41.574244" lon="-79.263122"></trkpt><trkpt lat="41.574441" lon="-79.263472"></trkpt><trkpt lat="41.574932" lon="-79.264049"></trkpt><trkpt lat="41.575209" lon="-79.264623"></trkpt><trkpt lat="41.574864" lon="-79.266401"></trkpt><trkpt lat="41.574692" lon="-79.266723"></trkpt><trkpt lat="41.575064" lon="-79.266939"></trkpt><trkpt lat="41.575248" lon="-79.266957"></trkpt><trkpt lat="41.575454" lon="-79.266890"></trkpt><trkpt lat="41.576657" lon="-79.265796"></trkpt><trkpt lat="41.576989" lon="-79.265600"></trkpt><trkpt lat="41.577128" lon="-79.265409"></trkpt><trkpt lat="41.577236" lon="-79.265044"></trkpt><trkpt lat="41.577405" lon="-79.263944"></trkpt><trkpt lat="41.577628" lon="-79.263130"></trkpt><trkpt lat="41.577770" lon="-79.263263"></trkpt><trkpt lat="41.577840" lon="-79.263501"></trkpt><trkpt lat="41.577886" lon="-79.264125"></trkpt><trkpt lat="41.577752" lon="-79.265382"></trkpt><trkpt lat="41.577968" lon="-79.266076"></trkpt><trkpt lat="41.578122" lon="-79.266867"></trkpt><trkpt lat="41.578072" lon="-79.267281"></trkpt></trkseg></trk><trk><name>T037 LOC1647</name><trkseg><trkpt lat="41.514919" lon="-79.088510"></trkpt><trkpt lat="41.514303" lon="-79.089105"></trkpt><trkpt lat="41.513680" lon="-79.089878"></trkpt><trkpt lat="41.513209" lon="-79.090309"></trkpt><trkpt lat="41.512853" lon="-79.090481"></trkpt><trkpt lat="41.512241" lon="-79.090636"></trkpt><trkpt lat="41.511888" lon="-79.091065"></trkpt><trkpt lat="41.511556" lon="-79.091619"></trkpt><trkpt lat="41.510872" lon="-79.092314"></trkpt><trkpt lat="41.510316" lon="-79.092653"></trkpt><trkpt lat="41.509234" lon="-79.093474"></trkpt><trkpt lat="41.509010" lon="-79.093519"></trkpt><trkpt lat="41.508567" lon="-79.093302"></trkpt><trkpt lat="41.508424" lon="-79.093312"></trkpt><trkpt lat="41.507738" lon="-79.093667"></trkpt><trkpt lat="41.507299" lon="-79.093991"></trkpt><trkpt lat="41.506675" lon="-79.094254"></trkpt><trkpt lat="41.506129" lon="-79.094372"></trkpt><trkpt lat="41.505935" lon="-79.094880"></trkpt><trkpt lat="41.505829" lon="-79.094996"></trkpt><trkpt lat="41.504920" lon="-79.095155"></trkpt><trkpt lat="41.504312" lon="-79.095824"></trkpt><trkpt lat="41.504040" lon="-79.095957"></trkpt><trkpt lat="41.503909" lon="-79.095913"></trkpt><trkpt lat="41.503758" lon="-79.095744"></trkpt><trkpt lat="41.503539" lon="-79.095273"></trkpt><trkpt lat="41.502092" lon="-79.090964"></trkpt><trkpt lat="41.502036" lon="-79.090869"></trkpt><trkpt lat="41.501857" lon="-79.090977"></trkpt><trkpt lat="41.501564" lon="-79.090951"></trkpt><trkpt lat="41.501389" lon="-79.091039"></trkpt><trkpt lat="41.501321" lon="-79.091182"></trkpt><trkpt lat="41.501396" lon="-79.091844"></trkpt><trkpt lat="41.501251" lon="-79.092176"></trkpt><trkpt lat="41.501206" lon="-79.092602"></trkpt><trkpt lat="41.501230" lon="-79.092708"></trkpt><trkpt lat="41.501308" lon="-79.092726"></trkpt><trkpt lat="41.501305" lon="-79.092962"></trkpt><trkpt lat="41.501140" lon="-79.093268"></trkpt><trkpt lat="41.500911" lon="-79.093479"></trkpt><trkpt lat="41.500869" lon="-79.093662"></trkpt><trkpt lat="41.500743" lon="-79.094816"></trkpt><trkpt lat="41.500069" lon="-79.098460"></trkpt><trkpt lat="41.500165" lon="-79.099224"></trkpt><trkpt lat="41.500220" lon="-79.099334"></trkpt><trkpt lat="41.500154" lon="-79.099600"></trkpt><trkpt lat="41.499734" lon="-79.100297"></trkpt><trkpt lat="41.499321" lon="-79.101505"></trkpt><trkpt lat="41.499207" lon="-79.101633"></trkpt><trkpt lat="41.498847" lon="-79.101776"></trkpt><trkpt lat="41.499205" lon="-79.102842"></trkpt><trkpt lat="41.499261" lon="-79.103730"></trkpt><trkpt lat="41.499529" lon="-79.105086"></trkpt><trkpt lat="41.500058" lon="-79.106213"></trkpt><trkpt lat="41.500115" lon="-79.106603"></trkpt><trkpt lat="41.500279" lon="-79.106672"></trkpt><trkpt lat="41.500635" lon="-79.107054"></trkpt><trkpt lat="41.501153" lon="-79.107380"></trkpt><trkpt lat="41.501349" lon="-79.107579"></trkpt><trkpt lat="41.501637" lon="-79.107673"></trkpt><trkpt lat="41.502049" lon="-79.108252"></trkpt></trkseg></trk><trk><name>T038 LOC1647</name><trkseg><trkpt lat="41.543485" lon="-79.099949"></trkpt><trkpt lat="41.543354" lon="-79.100038"></trkpt><trkpt lat="41.543098" lon="-79.100068"></trkpt><trkpt lat="41.542718" lon="-79.099933"></trkpt><trkpt lat="41.542299" lon="-79.099465"></trkpt><trkpt lat="41.541810" lon="-79.098728"></trkpt><trkpt lat="41.541460" lon="-79.097088"></trkpt><trkpt lat="41.540694" lon="-79.095793"></trkpt><trkpt lat="41.540521" lon="-79.094334"></trkpt><trkpt lat="41.539969" lon="-79.093166"></trkpt><trkpt lat="41.539376" lon="-79.092312"></trkpt><trkpt lat="41.538952" lon="-79.091882"></trkpt></trkseg></trk><trk><name>T039 LOC1647</name><trkseg><trkpt lat="41.583920" lon="-78.884111"></trkpt><trkpt lat="41.585218" lon="-78.884235"></trkpt><trkpt lat="41.585585" lon="-78.884433"></trkpt><trkpt lat="41.585652" lon="-78.884541"></trkpt><trkpt lat="41.586192" lon="-78.885855"></trkpt><trkpt lat="41.586173" lon="-78.886100"></trkpt><trkpt lat="41.585902" lon="-78.886547"></trkpt><trkpt lat="41.585878" lon="-78.886961"></trkpt><trkpt lat="41.586326" lon="-78.887175"></trkpt><trkpt lat="41.586572" lon="-78.887436"></trkpt><trkpt lat="41.586569" lon="-78.888624"></trkpt><trkpt lat="41.586606" lon="-78.888966"></trkpt><trkpt lat="41.586708" lon="-78.889191"></trkpt><trkpt lat="41.586963" lon="-78.889045"></trkpt><trkpt lat="41.588157" lon="-78.888027"></trkpt><trkpt lat="41.589401" lon="-78.886781"></trkpt><trkpt lat="41.589610" lon="-78.886372"></trkpt><trkpt lat="41.589551" lon="-78.885842"></trkpt><trkpt lat="41.589589" lon="-78.885599"></trkpt></trkseg></trk><trk><name>T040 LOC1647</name><trkseg><trkpt lat="41.734729" lon="-78.868720"></trkpt><trkpt lat="41.734002" lon="-78.868186"></trkpt><trkpt lat="41.733451" lon="-78.868022"></trkpt><trkpt lat="41.732841" lon="-78.867593"></trkpt><trkpt lat="41.732659" lon="-78.867379"></trkpt><trkpt lat="41.732213" lon="-78.866444"></trkpt><trkpt lat="41.731945" lon="-78.865222"></trkpt><trkpt lat="41.731434" lon="-78.863661"></trkpt><trkpt lat="41.730789" lon="-78.862735"></trkpt><trkpt lat="41.730153" lon="-78.862391"></trkpt><trkpt lat="41.729572" lon="-78.862291"></trkpt><trkpt lat="41.729346" lon="-78.862338"></trkpt><trkpt lat="41.729189" lon="-78.862418"></trkpt><trkpt lat="41.729037" lon="-78.862756"></trkpt><trkpt lat="41.728890" lon="-78.863278"></trkpt><trkpt lat="41.728866" lon="-78.863873"></trkpt><trkpt lat="41.729036" lon="-78.864703"></trkpt><trkpt lat="41.728977" lon="-78.865775"></trkpt><trkpt lat="41.729084" lon="-78.867297"></trkpt><trkpt lat="41.728966" lon="-78.868059"></trkpt><trkpt lat="41.729199" lon="-78.868884"></trkpt><trkpt lat="41.729429" lon="-78.869363"></trkpt><trkpt lat="41.729379" lon="-78.869500"></trkpt><trkpt lat="41.729268" lon="-78.869564"></trkpt><trkpt lat="41.728780" lon="-78.869467"></trkpt><trkpt lat="41.728151" lon="-78.869692"></trkpt><trkpt lat="41.727341" lon="-78.869553"></trkpt><trkpt lat="41.726830" lon="-78.869743"></trkpt><trkpt lat="41.726010" lon="-78.869595"></trkpt><trkpt lat="41.725558" lon="-78.869695"></trkpt><trkpt lat="41.725306" lon="-78.870133"></trkpt><trkpt lat="41.725328" lon="-78.870690"></trkpt><trkpt lat="41.725552" lon="-78.871379"></trkpt><trkpt lat="41.725533" lon="-78.872139"></trkpt><trkpt lat="41.725484" lon="-78.872375"></trkpt><trkpt lat="41.725365" lon="-78.872552"></trkpt><trkpt lat="41.724901" lon="-78.872668"></trkpt><trkpt lat="41.724221" lon="-78.872697"></trkpt><trkpt lat="41.723864" lon="-78.872638"></trkpt><trkpt lat="41.722569" lon="-78.872616"></trkpt><trkpt lat="41.722554" lon="-78.872074"></trkpt><trkpt lat="41.722852" lon="-78.871274"></trkpt><trkpt lat="41.722987" lon="-78.870634"></trkpt><trkpt lat="41.722772" lon="-78.869705"></trkpt><trkpt lat="41.722971" lon="-78.869058"></trkpt><trkpt lat="41.722490" lon="-78.868397"></trkpt><trkpt lat="41.721507" lon="-78.867726"></trkpt><trkpt lat="41.721240" lon="-78.867397"></trkpt><trkpt lat="41.720400" lon="-78.866828"></trkpt><trkpt lat="41.720194" lon="-78.866598"></trkpt><trkpt lat="41.719777" lon="-78.866557"></trkpt><trkpt lat="41.719356" lon="-78.866387"></trkpt><trkpt lat="41.718908" lon="-78.865788"></trkpt><trkpt lat="41.718663" lon="-78.865614"></trkpt><trkpt lat="41.718490" lon="-78.865586"></trkpt><trkpt lat="41.718413" lon="-78.865660"></trkpt><trkpt lat="41.717108" lon="-78.865940"></trkpt><trkpt lat="41.716705" lon="-78.865367"></trkpt><trkpt lat="41.716560" lon="-78.865339"></trkpt><trkpt lat="41.716315" lon="-78.865440"></trkpt><trkpt lat="41.716006" lon="-78.865194"></trkpt><trkpt lat="41.715929" lon="-78.864731"></trkpt><trkpt lat="41.715811" lon="-78.864666"></trkpt><trkpt lat="41.715707" lon="-78.863282"></trkpt><trkpt lat="41.715759" lon="-78.862269"></trkpt><trkpt lat="41.715621" lon="-78.861088"></trkpt><trkpt lat="41.715085" lon="-78.860403"></trkpt><trkpt lat="41.714113" lon="-78.858675"></trkpt><trkpt lat="41.713207" lon="-78.858042"></trkpt><trkpt lat="41.712789" lon="-78.857520"></trkpt><trkpt lat="41.712250" lon="-78.856276"></trkpt><trkpt lat="41.711783" lon="-78.856430"></trkpt><trkpt lat="41.711596" lon="-78.856563"></trkpt><trkpt lat="41.710960" lon="-78.857225"></trkpt><trkpt lat="41.710780" lon="-78.857329"></trkpt><trkpt lat="41.710398" lon="-78.857428"></trkpt><trkpt lat="41.710017" lon="-78.857383"></trkpt><trkpt lat="41.709634" lon="-78.857228"></trkpt><trkpt lat="41.709444" lon="-78.856543"></trkpt><trkpt lat="41.709005" lon="-78.855473"></trkpt><trkpt lat="41.708550" lon="-78.854710"></trkpt><trkpt lat="41.708260" lon="-78.854454"></trkpt><trkpt lat="41.707935" lon="-78.854378"></trkpt><trkpt lat="41.707577" lon="-78.854141"></trkpt><trkpt lat="41.707126" lon="-78.853962"></trkpt><trkpt lat="41.706536" lon="-78.854176"></trkpt><trkpt lat="41.706305" lon="-78.854138"></trkpt><trkpt lat="41.705404" lon="-78.853713"></trkpt><trkpt lat="41.705237" lon="-78.853570"></trkpt><trkpt lat="41.704770" lon="-78.853391"></trkpt><trkpt lat="41.703820" lon="-78.853427"></trkpt><trkpt lat="41.703670" lon="-78.853472"></trkpt><trkpt lat="41.703373" lon="-78.853707"></trkpt><trkpt lat="41.702972" lon="-78.853782"></trkpt><trkpt lat="41.702625" lon="-78.853681"></trkpt><trkpt lat="41.702346" lon="-78.853382"></trkpt><trkpt lat="41.701957" lon="-78.853276"></trkpt><trkpt lat="41.701804" lon="-78.853158"></trkpt><trkpt lat="41.701811" lon="-78.852861"></trkpt><trkpt lat="41.701877" lon="-78.852678"></trkpt><trkpt lat="41.702238" lon="-78.852293"></trkpt><trkpt lat="41.702270" lon="-78.851783"></trkpt><trkpt lat="41.702215" lon="-78.851618"></trkpt><trkpt lat="41.701842" lon="-78.851210"></trkpt><trkpt lat="41.701624" lon="-78.850487"></trkpt><trkpt lat="41.701295" lon="-78.850159"></trkpt><trkpt lat="41.701187" lon="-78.849317"></trkpt><trkpt lat="41.701215" lon="-78.848529"></trkpt><trkpt lat="41.701129" lon="-78.848166"></trkpt><trkpt lat="41.700170" lon="-78.847796"></trkpt><trkpt lat="41.699938" lon="-78.847614"></trkpt><trkpt lat="41.699519" lon="-78.847182"></trkpt><trkpt lat="41.699360" lon="-78.846642"></trkpt><trkpt lat="41.699074" lon="-78.846361"></trkpt><trkpt lat="41.698761" lon="-78.846390"></trkpt><trkpt lat="41.698616" lon="-78.846333"></trkpt><trkpt lat="41.698288" lon="-78.846535"></trkpt><trkpt lat="41.697234" lon="-78.846613"></trkpt><trkpt lat="41.696372" lon="-78.846281"></trkpt><trkpt lat="41.696148" lon="-78.846251"></trkpt><trkpt lat="41.695846" lon="-78.846361"></trkpt><trkpt lat="41.695513" lon="-78.846642"></trkpt><trkpt lat="41.694833" lon="-78.847403"></trkpt><trkpt lat="41.694497" lon="-78.847956"></trkpt><trkpt lat="41.694901" lon="-78.849170"></trkpt><trkpt lat="41.695395" lon="-78.851858"></trkpt><trkpt lat="41.695437" lon="-78.852629"></trkpt><trkpt lat="41.695389" lon="-78.852984"></trkpt><trkpt lat="41.695205" lon="-78.853537"></trkpt><trkpt lat="41.694229" lon="-78.855244"></trkpt><trkpt lat="41.693966" lon="-78.855200"></trkpt><trkpt lat="41.693700" lon="-78.855049"></trkpt><trkpt lat="41.693091" lon="-78.855189"></trkpt><trkpt lat="41.692817" lon="-78.855152"></trkpt><trkpt lat="41.692460" lon="-78.854837"></trkpt><trkpt lat="41.692216" lon="-78.854402"></trkpt><trkpt lat="41.691903" lon="-78.854180"></trkpt><trkpt lat="41.691810" lon="-78.853990"></trkpt><trkpt lat="41.691670" lon="-78.853915"></trkpt><trkpt lat="41.691297" lon="-78.854233"></trkpt><trkpt lat="41.690750" lon="-78.854470"></trkpt><trkpt lat="41.690080" lon="-78.855096"></trkpt><trkpt lat="41.689787" lon="-78.855644"></trkpt><trkpt lat="41.689553" lon="-78.855884"></trkpt><trkpt lat="41.689121" lon="-78.855938"></trkpt><trkpt lat="41.688930" lon="-78.855777"></trkpt><trkpt lat="41.688662" lon="-78.855336"></trkpt><trkpt lat="41.688523" lon="-78.854823"></trkpt><trkpt lat="41.688421" lon="-78.854667"></trkpt><trkpt lat="41.688112" lon="-78.854352"></trkpt><trkpt lat="41.688017" lon="-78.854362"></trkpt><trkpt lat="41.687875" lon="-78.854486"></trkpt><trkpt lat="41.687698" lon="-78.854850"></trkpt><trkpt lat="41.687613" lon="-78.855610"></trkpt><trkpt lat="41.687238" lon="-78.856034"></trkpt><trkpt lat="41.687002" lon="-78.856460"></trkpt><trkpt lat="41.686644" lon="-78.856750"></trkpt><trkpt lat="41.686460" lon="-78.857009"></trkpt><trkpt lat="41.686073" lon="-78.857055"></trkpt><trkpt lat="41.685748" lon="-78.856966"></trkpt><trkpt lat="41.685630" lon="-78.857049"></trkpt><trkpt lat="41.685003" lon="-78.858059"></trkpt><trkpt lat="41.685052" lon="-78.859099"></trkpt><trkpt lat="41.684880" lon="-78.861089"></trkpt><trkpt lat="41.684476" lon="-78.861567"></trkpt><trkpt lat="41.684294" lon="-78.862217"></trkpt><trkpt lat="41.683851" lon="-78.862703"></trkpt><trkpt lat="41.683817" lon="-78.863281"></trkpt><trkpt lat="41.683716" lon="-78.863736"></trkpt><trkpt lat="41.683742" lon="-78.864093"></trkpt><trkpt lat="41.683861" lon="-78.864302"></trkpt><trkpt lat="41.683912" lon="-78.864937"></trkpt><trkpt lat="41.684278" lon="-78.866432"></trkpt><trkpt lat="41.684458" lon="-78.866744"></trkpt><trkpt lat="41.684770" lon="-78.866953"></trkpt><trkpt lat="41.684924" lon="-78.867173"></trkpt><trkpt lat="41.685317" lon="-78.868275"></trkpt><trkpt lat="41.685399" lon="-78.869202"></trkpt><trkpt lat="41.685198" lon="-78.869885"></trkpt><trkpt lat="41.685123" lon="-78.870399"></trkpt><trkpt lat="41.685071" lon="-78.871383"></trkpt><trkpt lat="41.685137" lon="-78.871991"></trkpt><trkpt lat="41.684991" lon="-78.872427"></trkpt><trkpt lat="41.684611" lon="-78.872811"></trkpt><trkpt lat="41.685286" lon="-78.875181"></trkpt><trkpt lat="41.685758" lon="-78.875850"></trkpt><trkpt lat="41.685846" lon="-78.876183"></trkpt><trkpt lat="41.685691" lon="-78.881408"></trkpt><trkpt lat="41.685906" lon="-78.882429"></trkpt><trkpt lat="41.684870" lon="-78.882403"></trkpt><trkpt lat="41.683551" lon="-78.882649"></trkpt><trkpt lat="41.682898" lon="-78.882850"></trkpt><trkpt lat="41.680998" lon="-78.883676"></trkpt><trkpt lat="41.679888" lon="-78.883914"></trkpt><trkpt lat="41.677457" lon="-78.884162"></trkpt><trkpt lat="41.676724" lon="-78.884304"></trkpt><trkpt lat="41.676015" lon="-78.884535"></trkpt><trkpt lat="41.675616" lon="-78.884548"></trkpt><trkpt lat="41.674847" lon="-78.884410"></trkpt><trkpt lat="41.674624" lon="-78.884430"></trkpt><trkpt lat="41.674420" lon="-78.884546"></trkpt><trkpt lat="41.673396" lon="-78.885487"></trkpt><trkpt lat="41.672866" lon="-78.885614"></trkpt><trkpt lat="41.672454" lon="-78.885551"></trkpt><trkpt lat="41.672089" lon="-78.885365"></trkpt><trkpt lat="41.671598" lon="-78.885480"></trkpt><trkpt lat="41.670583" lon="-78.886023"></trkpt><trkpt lat="41.669969" lon="-78.886714"></trkpt><trkpt lat="41.669691" lon="-78.886868"></trkpt><trkpt lat="41.668548" lon="-78.887147"></trkpt><trkpt lat="41.667158" lon="-78.887301"></trkpt><trkpt lat="41.666627" lon="-78.887427"></trkpt><trkpt lat="41.665719" lon="-78.887710"></trkpt><trkpt lat="41.665046" lon="-78.887997"></trkpt><trkpt lat="41.664304" lon="-78.888468"></trkpt><trkpt lat="41.664056" lon="-78.888778"></trkpt><trkpt lat="41.663310" lon="-78.890586"></trkpt><trkpt lat="41.663030" lon="-78.890950"></trkpt><trkpt lat="41.662538" lon="-78.891313"></trkpt><trkpt lat="41.660520" lon="-78.892333"></trkpt><trkpt lat="41.660372" lon="-78.892494"></trkpt><trkpt lat="41.659883" lon="-78.893451"></trkpt><trkpt lat="41.659466" lon="-78.893923"></trkpt><trkpt lat="41.658840" lon="-78.894282"></trkpt><trkpt lat="41.657876" lon="-78.894470"></trkpt><trkpt lat="41.657303" lon="-78.894790"></trkpt><trkpt lat="41.656266" lon="-78.895970"></trkpt><trkpt lat="41.655645" lon="-78.897126"></trkpt><trkpt lat="41.654863" lon="-78.897896"></trkpt><trkpt lat="41.653681" lon="-78.898908"></trkpt><trkpt lat="41.653053" lon="-78.899260"></trkpt><trkpt lat="41.652720" lon="-78.899331"></trkpt><trkpt lat="41.652176" lon="-78.899247"></trkpt><trkpt lat="41.651601" lon="-78.898958"></trkpt><trkpt lat="41.650286" lon="-78.898759"></trkpt><trkpt lat="41.649416" lon="-78.898716"></trkpt><trkpt lat="41.648737" lon="-78.898972"></trkpt><trkpt lat="41.647917" lon="-78.899408"></trkpt><trkpt lat="41.647732" lon="-78.899542"></trkpt><trkpt lat="41.647497" lon="-78.899845"></trkpt><trkpt lat="41.647096" lon="-78.899228"></trkpt><trkpt lat="41.646189" lon="-78.897161"></trkpt><trkpt lat="41.644526" lon="-78.895625"></trkpt><trkpt lat="41.644255" lon="-78.895211"></trkpt><trkpt lat="41.643886" lon="-78.893210"></trkpt><trkpt lat="41.643949" lon="-78.892189"></trkpt><trkpt lat="41.643845" lon="-78.891334"></trkpt><trkpt lat="41.643541" lon="-78.890680"></trkpt><trkpt lat="41.643284" lon="-78.890460"></trkpt><trkpt lat="41.642011" lon="-78.889665"></trkpt><trkpt lat="41.640452" lon="-78.887991"></trkpt><trkpt lat="41.640025" lon="-78.887840"></trkpt><trkpt lat="41.637514" lon="-78.887820"></trkpt><trkpt lat="41.637015" lon="-78.887743"></trkpt><trkpt lat="41.636771" lon="-78.887586"></trkpt><trkpt lat="41.636493" lon="-78.887240"></trkpt><trkpt lat="41.636213" lon="-78.886554"></trkpt><trkpt lat="41.635404" lon="-78.886929"></trkpt><trkpt lat="41.634480" lon="-78.887948"></trkpt><trkpt lat="41.633561" lon="-78.888382"></trkpt><trkpt lat="41.632491" lon="-78.888777"></trkpt><trkpt lat="41.632023" lon="-78.888994"></trkpt><trkpt lat="41.631774" lon="-78.889205"></trkpt><trkpt lat="41.631417" lon="-78.889958"></trkpt><trkpt lat="41.630977" lon="-78.891679"></trkpt><trkpt lat="41.630699" lon="-78.892093"></trkpt><trkpt lat="41.630498" lon="-78.892189"></trkpt><trkpt lat="41.629894" lon="-78.892321"></trkpt><trkpt lat="41.628899" lon="-78.892219"></trkpt><trkpt lat="41.628440" lon="-78.892009"></trkpt><trkpt lat="41.627824" lon="-78.891468"></trkpt><trkpt lat="41.627485" lon="-78.891344"></trkpt><trkpt lat="41.627030" lon="-78.891359"></trkpt><trkpt lat="41.625253" lon="-78.891776"></trkpt><trkpt lat="41.624732" lon="-78.891838"></trkpt><trkpt lat="41.624495" lon="-78.891801"></trkpt><trkpt lat="41.622884" lon="-78.891202"></trkpt><trkpt lat="41.622338" lon="-78.890815"></trkpt><trkpt lat="41.621199" lon="-78.889773"></trkpt><trkpt lat="41.620994" lon="-78.889203"></trkpt><trkpt lat="41.620370" lon="-78.888598"></trkpt><trkpt lat="41.620056" lon="-78.888424"></trkpt><trkpt lat="41.619958" lon="-78.888160"></trkpt><trkpt lat="41.619535" lon="-78.887718"></trkpt><trkpt lat="41.618251" lon="-78.885037"></trkpt><trkpt lat="41.618245" lon="-78.884828"></trkpt><trkpt lat="41.618538" lon="-78.884296"></trkpt><trkpt lat="41.618500" lon="-78.884158"></trkpt><trkpt lat="41.617747" lon="-78.884027"></trkpt><trkpt lat="41.617470" lon="-78.884083"></trkpt><trkpt lat="41.617170" lon="-78.884320"></trkpt><trkpt lat="41.616921" lon="-78.884658"></trkpt><trkpt lat="41.616608" lon="-78.884794"></trkpt><trkpt lat="41.616325" lon="-78.884746"></trkpt><trkpt lat="41.615949" lon="-78.884467"></trkpt><trkpt lat="41.615877" lon="-78.884279"></trkpt><trkpt lat="41.615827" lon="-78.883499"></trkpt><trkpt lat="41.615951" lon="-78.882753"></trkpt><trkpt lat="41.616208" lon="-78.881845"></trkpt><trkpt lat="41.617211" lon="-78.880174"></trkpt><trkpt lat="41.617066" lon="-78.879833"></trkpt><trkpt lat="41.616979" lon="-78.879767"></trkpt><trkpt lat="41.616867" lon="-78.879782"></trkpt><trkpt lat="41.616167" lon="-78.880231"></trkpt><trkpt lat="41.615960" lon="-78.880272"></trkpt><trkpt lat="41.615537" lon="-78.880263"></trkpt><trkpt lat="41.615220" lon="-78.879951"></trkpt><trkpt lat="41.615086" lon="-78.879679"></trkpt><trkpt lat="41.614961" lon="-78.879004"></trkpt><trkpt lat="41.614955" lon="-78.878682"></trkpt><trkpt lat="41.615192" lon="-78.877546"></trkpt><trkpt lat="41.615069" lon="-78.876816"></trkpt><trkpt lat="41.614829" lon="-78.876986"></trkpt><trkpt lat="41.613988" lon="-78.877059"></trkpt><trkpt lat="41.613151" lon="-78.878420"></trkpt><trkpt lat="41.612946" lon="-78.879270"></trkpt><trkpt lat="41.612214" lon="-78.879358"></trkpt><trkpt lat="41.612015" lon="-78.879488"></trkpt><trkpt lat="41.611871" lon="-78.878385"></trkpt><trkpt lat="41.611014" lon="-78.877201"></trkpt><trkpt lat="41.610697" lon="-78.876453"></trkpt><trkpt lat="41.610523" lon="-78.876440"></trkpt><trkpt lat="41.609619" lon="-78.876000"></trkpt><trkpt lat="41.607348" lon="-78.875440"></trkpt><trkpt lat="41.605401" lon="-78.875270"></trkpt><trkpt lat="41.604854" lon="-78.875382"></trkpt><trkpt lat="41.604113" lon="-78.875651"></trkpt><trkpt lat="41.603494" lon="-78.875988"></trkpt><trkpt lat="41.600452" lon="-78.877898"></trkpt><trkpt lat="41.600178" lon="-78.878310"></trkpt><trkpt lat="41.599827" lon="-78.880195"></trkpt><trkpt lat="41.599601" lon="-78.880722"></trkpt><trkpt lat="41.598447" lon="-78.881852"></trkpt><trkpt lat="41.598076" lon="-78.882028"></trkpt><trkpt lat="41.597575" lon="-78.882465"></trkpt><trkpt lat="41.597165" lon="-78.882657"></trkpt><trkpt lat="41.595894" lon="-78.882954"></trkpt><trkpt lat="41.594689" lon="-78.883498"></trkpt><trkpt lat="41.594039" lon="-78.883605"></trkpt><trkpt lat="41.593654" lon="-78.883829"></trkpt><trkpt lat="41.592811" lon="-78.884555"></trkpt><trkpt lat="41.592443" lon="-78.884698"></trkpt><trkpt lat="41.591964" lon="-78.884644"></trkpt><trkpt lat="41.591335" lon="-78.884390"></trkpt><trkpt lat="41.590865" lon="-78.884368"></trkpt><trkpt lat="41.590171" lon="-78.884565"></trkpt><trkpt lat="41.589793" lon="-78.884861"></trkpt><trkpt lat="41.589877" lon="-78.885036"></trkpt></trkseg></trk><trk><name>T041 LOC1647</name><trkseg><trkpt lat="41.691792" lon="-78.832723"></trkpt><trkpt lat="41.692712" lon="-78.832559"></trkpt><trkpt lat="41.693338" lon="-78.832579"></trkpt><trkpt lat="41.693514" lon="-78.832935"></trkpt><trkpt lat="41.693637" lon="-78.833485"></trkpt><trkpt lat="41.694906" lon="-78.835194"></trkpt><trkpt lat="41.694533" lon="-78.835666"></trkpt><trkpt lat="41.694353" lon="-78.836432"></trkpt><trkpt lat="41.694484" lon="-78.840227"></trkpt><trkpt lat="41.694290" lon="-78.841067"></trkpt><trkpt lat="41.693833" lon="-78.842056"></trkpt><trkpt lat="41.693673" lon="-78.843141"></trkpt><trkpt lat="41.693698" lon="-78.843418"></trkpt><trkpt lat="41.694322" lon="-78.844725"></trkpt><trkpt lat="41.694413" lon="-78.845055"></trkpt><trkpt lat="41.694396" lon="-78.845284"></trkpt><trkpt lat="41.693967" lon="-78.846550"></trkpt><trkpt lat="41.693996" lon="-78.847458"></trkpt><trkpt lat="41.694088" lon="-78.847632"></trkpt><trkpt lat="41.694497" lon="-78.847956"></trkpt></trkseg></trk><trk><name>T042 LOC1647</name><trkseg><trkpt lat="41.676097" lon="-78.825849"></trkpt><trkpt lat="41.676358" lon="-78.825828"></trkpt><trkpt lat="41.677920" lon="-78.826028"></trkpt><trkpt lat="41.677977" lon="-78.825257"></trkpt><trkpt lat="41.677968" lon="-78.823792"></trkpt><trkpt lat="41.682740" lon="-78.823833"></trkpt></trkseg></trk><trk><name>T043 LOC1647</name><trkseg><trkpt lat="41.682712" lon="-78.827710"></trkpt><trkpt lat="41.682887" lon="-78.827642"></trkpt><trkpt lat="41.683245" lon="-78.827341"></trkpt><trkpt lat="41.683892" lon="-78.826200"></trkpt><trkpt lat="41.684019" lon="-78.826110"></trkpt><trkpt lat="41.684259" lon="-78.827608"></trkpt><trkpt lat="41.684250" lon="-78.828364"></trkpt><trkpt lat="41.684109" lon="-78.828837"></trkpt></trkseg></trk><trk><name>T044 LOC1647</name><trkseg><trkpt lat="41.555042" lon="-79.123293"></trkpt><trkpt lat="41.554790" lon="-79.122962"></trkpt><trkpt lat="41.554605" lon="-79.122340"></trkpt><trkpt lat="41.554333" lon="-79.117400"></trkpt><trkpt lat="41.554023" lon="-79.116491"></trkpt><trkpt lat="41.553657" lon="-79.116018"></trkpt><trkpt lat="41.553376" lon="-79.115783"></trkpt><trkpt lat="41.550316" lon="-79.113409"></trkpt><trkpt lat="41.549733" lon="-79.112764"></trkpt><trkpt lat="41.548627" lon="-79.111757"></trkpt><trkpt lat="41.547691" lon="-79.110772"></trkpt><trkpt lat="41.546855" lon="-79.110359"></trkpt><trkpt lat="41.546526" lon="-79.110034"></trkpt><trkpt lat="41.546373" lon="-79.109552"></trkpt><trkpt lat="41.546325" lon="-79.108485"></trkpt><trkpt lat="41.546162" lon="-79.107483"></trkpt><trkpt lat="41.544497" lon="-79.104129"></trkpt><trkpt lat="41.544435" lon="-79.103671"></trkpt><trkpt lat="41.544547" lon="-79.102386"></trkpt><trkpt lat="41.544454" lon="-79.101512"></trkpt><trkpt lat="41.543472" lon="-79.099929"></trkpt><trkpt lat="41.543324" lon="-79.099525"></trkpt><trkpt lat="41.543302" lon="-79.099109"></trkpt><trkpt lat="41.543359" lon="-79.098742"></trkpt><trkpt lat="41.543499" lon="-79.098423"></trkpt><trkpt lat="41.543673" lon="-79.098205"></trkpt><trkpt lat="41.544023" lon="-79.097979"></trkpt><trkpt lat="41.545323" lon="-79.097628"></trkpt><trkpt lat="41.545874" lon="-79.097325"></trkpt><trkpt lat="41.546399" lon="-79.096836"></trkpt><trkpt lat="41.546812" lon="-79.096270"></trkpt><trkpt lat="41.547128" lon="-79.095377"></trkpt><trkpt lat="41.547306" lon="-79.093630"></trkpt><trkpt lat="41.547924" lon="-79.092082"></trkpt><trkpt lat="41.548319" lon="-79.091472"></trkpt><trkpt lat="41.550001" lon="-79.089594"></trkpt><trkpt lat="41.550881" lon="-79.088019"></trkpt><trkpt lat="41.551094" lon="-79.087150"></trkpt><trkpt lat="41.551303" lon="-79.084682"></trkpt><trkpt lat="41.551279" lon="-79.084240"></trkpt><trkpt lat="41.550573" lon="-79.080385"></trkpt><trkpt lat="41.550296" lon="-79.079627"></trkpt><trkpt lat="41.549588" lon="-79.078559"></trkpt><trkpt lat="41.547598" lon="-79.076571"></trkpt><trkpt lat="41.546541" lon="-79.074906"></trkpt><trkpt lat="41.546313" lon="-79.074410"></trkpt><trkpt lat="41.546020" lon="-79.073330"></trkpt><trkpt lat="41.545924" lon="-79.071424"></trkpt><trkpt lat="41.545949" lon="-79.070056"></trkpt><trkpt lat="41.545641" lon="-79.068489"></trkpt><trkpt lat="41.545378" lon="-79.067672"></trkpt><trkpt lat="41.544435" lon="-79.065995"></trkpt><trkpt lat="41.543910" lon="-79.063701"></trkpt><trkpt lat="41.543292" lon="-79.062528"></trkpt><trkpt lat="41.542947" lon="-79.062005"></trkpt><trkpt lat="41.542810" lon="-79.061627"></trkpt><trkpt lat="41.542718" lon="-79.061122"></trkpt><trkpt lat="41.542918" lon="-79.060843"></trkpt><trkpt lat="41.543351" lon="-79.059737"></trkpt><trkpt lat="41.543592" lon="-79.059406"></trkpt><trkpt lat="41.543835" lon="-79.058457"></trkpt><trkpt lat="41.543824" lon="-79.057579"></trkpt><trkpt lat="41.543555" lon="-79.055945"></trkpt></trkseg></trk><trk><name>T045 LOC1647</name><trkseg><trkpt lat="41.541985" lon="-79.037913"></trkpt><trkpt lat="41.543066" lon="-79.038455"></trkpt><trkpt lat="41.545234" lon="-79.036759"></trkpt><trkpt lat="41.546847" lon="-79.035716"></trkpt><trkpt lat="41.547513" lon="-79.034652"></trkpt><trkpt lat="41.548034" lon="-79.034037"></trkpt><trkpt lat="41.550196" lon="-79.032449"></trkpt><trkpt lat="41.552070" lon="-79.030917"></trkpt><trkpt lat="41.557554" lon="-79.026657"></trkpt></trkseg></trk><trk><name>T046 LOC1647</name><trkseg><trkpt lat="41.483052" lon="-79.019556"></trkpt><trkpt lat="41.483456" lon="-79.019642"></trkpt><trkpt lat="41.483678" lon="-79.019842"></trkpt><trkpt lat="41.483839" lon="-79.020101"></trkpt><trkpt lat="41.483864" lon="-79.020639"></trkpt><trkpt lat="41.484139" lon="-79.021180"></trkpt><trkpt lat="41.484344" lon="-79.021371"></trkpt><trkpt lat="41.484610" lon="-79.021419"></trkpt><trkpt lat="41.485251" lon="-79.021700"></trkpt><trkpt lat="41.485947" lon="-79.022264"></trkpt><trkpt lat="41.486767" lon="-79.022421"></trkpt><trkpt lat="41.487376" lon="-79.022677"></trkpt><trkpt lat="41.487676" lon="-79.022908"></trkpt><trkpt lat="41.488061" lon="-79.023055"></trkpt><trkpt lat="41.488462" lon="-79.023377"></trkpt><trkpt lat="41.488762" lon="-79.023721"></trkpt><trkpt lat="41.489863" lon="-79.025468"></trkpt><trkpt lat="41.490977" lon="-79.026633"></trkpt><trkpt lat="41.491228" lon="-79.027655"></trkpt><trkpt lat="41.491427" lon="-79.028127"></trkpt><trkpt lat="41.491994" lon="-79.029315"></trkpt><trkpt lat="41.492374" lon="-79.029735"></trkpt><trkpt lat="41.492587" lon="-79.030100"></trkpt><trkpt lat="41.492921" lon="-79.031178"></trkpt><trkpt lat="41.493035" lon="-79.032084"></trkpt><trkpt lat="41.493048" lon="-79.032598"></trkpt><trkpt lat="41.492559" lon="-79.034495"></trkpt><trkpt lat="41.492443" lon="-79.035427"></trkpt><trkpt lat="41.492783" lon="-79.036875"></trkpt><trkpt lat="41.492821" lon="-79.038722"></trkpt><trkpt lat="41.492663" lon="-79.039383"></trkpt><trkpt lat="41.492153" lon="-79.040639"></trkpt><trkpt lat="41.492074" lon="-79.041067"></trkpt><trkpt lat="41.492095" lon="-79.041523"></trkpt><trkpt lat="41.492718" lon="-79.041652"></trkpt><trkpt lat="41.493194" lon="-79.041534"></trkpt><trkpt lat="41.494414" lon="-79.041949"></trkpt><trkpt lat="41.495252" lon="-79.041647"></trkpt><trkpt lat="41.499401" lon="-79.037704"></trkpt><trkpt lat="41.499861" lon="-79.037433"></trkpt><trkpt lat="41.501389" lon="-79.037444"></trkpt><trkpt lat="41.501832" lon="-79.037645"></trkpt><trkpt lat="41.503535" lon="-79.040127"></trkpt><trkpt lat="41.505196" lon="-79.043640"></trkpt></trkseg></trk><trk><name>T047 LOC1647</name><trkseg><trkpt lat="41.506138" lon="-79.121845"></trkpt><trkpt lat="41.506783" lon="-79.120747"></trkpt><trkpt lat="41.507030" lon="-79.120450"></trkpt><trkpt lat="41.509671" lon="-79.118415"></trkpt><trkpt lat="41.510256" lon="-79.117703"></trkpt><trkpt lat="41.510575" lon="-79.117014"></trkpt><trkpt lat="41.510799" lon="-79.115958"></trkpt><trkpt lat="41.510774" lon="-79.115584"></trkpt><trkpt lat="41.510521" lon="-79.114606"></trkpt><trkpt lat="41.510218" lon="-79.113975"></trkpt><trkpt lat="41.509758" lon="-79.113689"></trkpt><trkpt lat="41.509529" lon="-79.113451"></trkpt><trkpt lat="41.509307" lon="-79.112987"></trkpt><trkpt lat="41.508701" lon="-79.111255"></trkpt><trkpt lat="41.508370" lon="-79.110585"></trkpt><trkpt lat="41.508237" lon="-79.110469"></trkpt><trkpt lat="41.507448" lon="-79.109982"></trkpt><trkpt lat="41.507055" lon="-79.109839"></trkpt><trkpt lat="41.506860" lon="-79.109850"></trkpt><trkpt lat="41.505431" lon="-79.110021"></trkpt><trkpt lat="41.504194" lon="-79.110867"></trkpt><trkpt lat="41.503865" lon="-79.110966"></trkpt><trkpt lat="41.503355" lon="-79.110961"></trkpt><trkpt lat="41.502779" lon="-79.110688"></trkpt><trkpt lat="41.502211" lon="-79.110175"></trkpt><trkpt lat="41.501999" lon="-79.109866"></trkpt><trkpt lat="41.501940" lon="-79.109483"></trkpt><trkpt lat="41.502049" lon="-79.108253"></trkpt></trkseg></trk></gpx>