<?xml version='1.0' encoding='utf-8'?>
<gpx xmlns="http://www.topografix.com/GPX/1/1" xmlns:xsi="http://www.w3.org/2001/XMLSchema-instance" version="1.1" creator="Bob's Motorcycle Trails" xsi:schemaLocation="http://www.topografix.com/GPX/1/1 http://www.topografix.com/GPX/1/1/gpx.xsd"><trk><name>T001 PN935B6</name><trkseg><trkpt lat="46.973596" lon="-123.269231"></trkpt><trkpt lat="46.973461" lon="-123.269547"></trkpt><trkpt lat="46.973505" lon="-123.270041"></trkpt><trkpt lat="46.973522" lon="-123.270552"></trkpt><trkpt lat="46.973571" lon="-123.271013"></trkpt><trkpt lat="46.973804" lon="-123.271309"></trkpt><trkpt lat="46.974126" lon="-123.271128"></trkpt><trkpt lat="46.974462" lon="-123.271059"></trkpt><trkpt lat="46.974852" lon="-123.271247"></trkpt><trkpt lat="46.975191" lon="-123.271610"></trkpt><trkpt lat="46.975480" lon="-123.272041"></trkpt><trkpt lat="46.975726" lon="-123.272396"></trkpt><trkpt lat="46.975818" lon="-123.272867"></trkpt><trkpt lat="46.975697" lon="-123.273290"></trkpt><trkpt lat="46.975600" lon="-123.273728"></trkpt><trkpt lat="46.975664" lon="-123.274177"></trkpt><trkpt lat="46.975823" lon="-123.274652"></trkpt><trkpt lat="46.975939" lon="-123.275108"></trkpt><trkpt lat="46.975922" lon="-123.275562"></trkpt><trkpt lat="46.975905" lon="-123.276066"></trkpt><trkpt lat="46.976181" lon="-123.276144"></trkpt><trkpt lat="46.976297" lon="-123.275721"></trkpt><trkpt lat="46.976376" lon="-123.275209"></trkpt><trkpt lat="46.976655" lon="-123.275109"></trkpt><trkpt lat="46.976770" lon="-123.275521"></trkpt><trkpt lat="46.976818" lon="-123.276007"></trkpt><trkpt lat="46.976883" lon="-123.276502"></trkpt><trkpt lat="46.976955" lon="-123.277002"></trkpt><trkpt lat="46.976929" lon="-123.277501"></trkpt><trkpt lat="46.976944" lon="-123.278038"></trkpt><trkpt lat="46.977061" lon="-123.278432"></trkpt><trkpt lat="46.977115" lon="-123.278953"></trkpt><trkpt lat="46.977136" lon="-123.279513"></trkpt><trkpt lat="46.977177" lon="-123.280071"></trkpt><trkpt lat="46.977236" lon="-123.280613"></trkpt><trkpt lat="46.977234" lon="-123.281157"></trkpt><trkpt lat="46.977192" lon="-123.281687"></trkpt><trkpt lat="46.977225" lon="-123.282203"></trkpt><trkpt lat="46.977187" lon="-123.282662"></trkpt><trkpt lat="46.976983" lon="-123.283092"></trkpt><trkpt lat="46.976715" lon="-123.283475"></trkpt><trkpt lat="46.976515" lon="-123.283838"></trkpt><trkpt lat="46.976815" lon="-123.284048"></trkpt><trkpt lat="46.977197" lon="-123.284302"></trkpt><trkpt lat="46.977456" lon="-123.284493"></trkpt><trkpt lat="46.977775" lon="-123.284823"></trkpt><trkpt lat="46.977985" lon="-123.285192"></trkpt><trkpt lat="46.978113" lon="-123.285669"></trkpt><trkpt lat="46.978220" lon="-123.286136"></trkpt><trkpt lat="46.978320" lon="-123.286626"></trkpt><trkpt lat="46.978392" lon="-123.287119"></trkpt><trkpt lat="46.978438" lon="-123.287585"></trkpt><trkpt lat="46.978569" lon="-123.288172"></trkpt><trkpt lat="46.978838" lon="-123.288590"></trkpt><trkpt lat="46.979226" lon="-123.288867"></trkpt><trkpt lat="46.979657" lon="-123.289062"></trkpt><trkpt lat="46.980054" lon="-123.289019"></trkpt><trkpt lat="46.980341" lon="-123.288900"></trkpt><trkpt lat="46.980657" lon="-123.288754"></trkpt><trkpt lat="46.980958" lon="-123.288567"></trkpt><trkpt lat="46.981214" lon="-123.288316"></trkpt><trkpt lat="46.981558" lon="-123.287917"></trkpt><trkpt lat="46.981914" lon="-123.287656"></trkpt><trkpt lat="46.982286" lon="-123.287438"></trkpt><trkpt lat="46.982616" lon="-123.287262"></trkpt><trkpt lat="46.982864" lon="-123.287055"></trkpt><trkpt lat="46.983032" lon="-123.286677"></trkpt><trkpt lat="46.983249" lon="-123.286224"></trkpt><trkpt lat="46.983561" lon="-123.285841"></trkpt><trkpt lat="46.983825" lon="-123.285384"></trkpt><trkpt lat="46.983989" lon="-123.285020"></trkpt><trkpt lat="46.984155" lon="-123.284625"></trkpt><trkpt lat="46.984318" lon="-123.284224"></trkpt><trkpt lat="46.984512" lon="-123.283827"></trkpt><trkpt lat="46.984730" lon="-123.283493"></trkpt><trkpt lat="46.984965" lon="-123.283191"></trkpt><trkpt lat="46.985197" lon="-123.282876"></trkpt><trkpt lat="46.985407" lon="-123.282543"></trkpt><trkpt lat="46.985603" lon="-123.282009"></trkpt><trkpt lat="46.985715" lon="-123.281593"></trkpt><trkpt lat="46.985836" lon="-123.281138"></trkpt><trkpt lat="46.985939" lon="-123.280671"></trkpt><trkpt lat="46.986022" lon="-123.280222"></trkpt><trkpt lat="46.986218" lon="-123.279668"></trkpt><trkpt lat="46.986494" lon="-123.279187"></trkpt><trkpt lat="46.986663" lon="-123.278854"></trkpt><trkpt lat="46.986771" lon="-123.278338"></trkpt><trkpt lat="46.986924" lon="-123.277795"></trkpt><trkpt lat="46.987184" lon="-123.277353"></trkpt><trkpt lat="46.987336" lon="-123.276919"></trkpt><trkpt lat="46.987475" lon="-123.276465"></trkpt><trkpt lat="46.987745" lon="-123.276139"></trkpt><trkpt lat="46.987980" lon="-123.275696"></trkpt><trkpt lat="46.988155" lon="-123.275292"></trkpt><trkpt lat="46.988316" lon="-123.274861"></trkpt><trkpt lat="46.988431" lon="-123.274434"></trkpt><trkpt lat="46.988551" lon="-123.274007"></trkpt><trkpt lat="46.988714" lon="-123.273620"></trkpt><trkpt lat="46.988908" lon="-123.273242"></trkpt><trkpt lat="46.989107" lon="-123.272872"></trkpt><trkpt lat="46.989299" lon="-123.272498"></trkpt><trkpt lat="46.989503" lon="-123.272105"></trkpt><trkpt lat="46.989703" lon="-123.271705"></trkpt><trkpt lat="46.989911" lon="-123.271308"></trkpt><trkpt lat="46.990116" lon="-123.270919"></trkpt><trkpt lat="46.990327" lon="-123.270502"></trkpt><trkpt lat="46.990545" lon="-123.270078"></trkpt><trkpt lat="46.990760" lon="-123.269657"></trkpt><trkpt lat="46.990975" lon="-123.269242"></trkpt><trkpt lat="46.991190" lon="-123.268841"></trkpt><trkpt lat="46.991399" lon="-123.268462"></trkpt><trkpt lat="46.991614" lon="-123.268129"></trkpt><trkpt lat="46.991849" lon="-123.267878"></trkpt><trkpt lat="46.992111" lon="-123.267656"></trkpt><trkpt lat="46.992402" lon="-123.267448"></trkpt><trkpt lat="46.992684" lon="-123.267212"></trkpt><trkpt lat="46.992927" lon="-123.266924"></trkpt><trkpt lat="46.993163" lon="-123.266600"></trkpt><trkpt lat="46.993404" lon="-123.266273"></trkpt><trkpt lat="46.993648" lon="-123.265970"></trkpt><trkpt lat="46.993949" lon="-123.265485"></trkpt><trkpt lat="46.994101" lon="-123.265093"></trkpt><trkpt lat="46.994244" lon="-123.264649"></trkpt><trkpt lat="46.994406" lon="-123.264203"></trkpt><trkpt lat="46.994574" lon="-123.263751"></trkpt><trkpt lat="46.994755" lon="-123.263318"></trkpt><trkpt lat="46.994968" lon="-123.262918"></trkpt><trkpt lat="46.995189" lon="-123.262563"></trkpt><trkpt lat="46.995433" lon="-123.262292"></trkpt><trkpt lat="46.995831" lon="-123.262053"></trkpt><trkpt lat="46.995944" lon="-123.261912"></trkpt><trkpt lat="46.996157" lon="-123.261598"></trkpt><trkpt lat="46.996341" lon="-123.261174"></trkpt><trkpt lat="46.996575" lon="-123.260786"></trkpt><trkpt lat="46.996887" lon="-123.260446"></trkpt><trkpt lat="46.997098" lon="-123.260165"></trkpt><trkpt lat="46.997304" lon="-123.259857"></trkpt><trkpt lat="46.997510" lon="-123.259540"></trkpt><trkpt lat="46.997794" lon="-123.259066"></trkpt><trkpt lat="46.997954" lon="-123.258692"></trkpt><trkpt lat="46.998111" lon="-123.258283"></trkpt><trkpt lat="46.998281" lon="-123.257891"></trkpt><trkpt lat="46.998456" lon="-123.257513"></trkpt><trkpt lat="46.998643" lon="-123.257162"></trkpt><trkpt lat="46.998845" lon="-123.256840"></trkpt><trkpt lat="46.999065" lon="-123.256546"></trkpt><trkpt lat="46.999295" lon="-123.256263"></trkpt><trkpt lat="46.999507" lon="-123.255961"></trkpt><trkpt lat="46.999736" lon="-123.255488"></trkpt><trkpt lat="46.999857" lon="-123.254905"></trkpt><trkpt lat="46.999904" lon="-123.254473"></trkpt><trkpt lat="46.999951" lon="-123.254036"></trkpt><trkpt lat="47.000061" lon="-123.253438"></trkpt><trkpt lat="47.000216" lon="-123.252959"></trkpt><trkpt lat="47.000436" lon="-123.252607"></trkpt><trkpt lat="47.000745" lon="-123.252319"></trkpt><trkpt lat="47.001057" lon="-123.252005"></trkpt><trkpt lat="47.001291" lon="-123.251555"></trkpt><trkpt lat="47.001413" lon="-123.251021"></trkpt><trkpt lat="47.001403" lon="-123.250505"></trkpt><trkpt lat="47.001363" lon="-123.249967"></trkpt><trkpt lat="47.001441" lon="-123.249400"></trkpt><trkpt lat="47.001651" lon="-123.248895"></trkpt><trkpt lat="47.001966" lon="-123.248525"></trkpt><trkpt lat="47.002292" lon="-123.248212"></trkpt><trkpt lat="47.002553" lon="-123.247883"></trkpt><trkpt lat="47.002716" lon="-123.247417"></trkpt><trkpt lat="47.002896" lon="-123.246882"></trkpt><trkpt lat="47.003113" lon="-123.246379"></trkpt><trkpt lat="47.003260" lon="-123.245866"></trkpt><trkpt lat="47.003312" lon="-123.245350"></trkpt><trkpt lat="47.003375" lon="-123.244804"></trkpt><trkpt lat="47.003585" lon="-123.244336"></trkpt><trkpt lat="47.003878" lon="-123.244012"></trkpt><trkpt lat="47.004273" lon="-123.243939"></trkpt><trkpt lat="47.004616" lon="-123.243872"></trkpt><trkpt lat="47.004935" lon="-123.243841"></trkpt><trkpt lat="47.005211" lon="-123.244012"></trkpt><trkpt lat="47.005376" lon="-123.244224"></trkpt><trkpt lat="47.005470" lon="-123.244352"></trkpt><trkpt lat="47.005725" lon="-123.244591"></trkpt><trkpt lat="47.005960" lon="-123.244896"></trkpt><trkpt lat="47.006215" lon="-123.245295"></trkpt><trkpt lat="47.006483" lon="-123.245617"></trkpt><trkpt lat="47.006788" lon="-123.245837"></trkpt><trkpt lat="47.007077" lon="-123.245893"></trkpt><trkpt lat="47.007347" lon="-123.245734"></trkpt><trkpt lat="47.007600" lon="-123.245393"></trkpt><trkpt lat="47.007910" lon="-123.245069"></trkpt><trkpt lat="47.008176" lon="-123.244854"></trkpt><trkpt lat="47.008439" lon="-123.244638"></trkpt><trkpt lat="47.008802" lon="-123.244334"></trkpt><trkpt lat="47.009106" lon="-123.244022"></trkpt><trkpt lat="47.009427" lon="-123.243652"></trkpt><trkpt lat="47.009743" lon="-123.243261"></trkpt><trkpt lat="47.009950" lon="-123.242852"></trkpt><trkpt lat="47.010065" lon="-123.242388"></trkpt><trkpt lat="47.010188" lon="-123.241936"></trkpt><trkpt lat="47.010347" lon="-123.241549"></trkpt><trkpt lat="47.010520" lon="-123.241201"></trkpt><trkpt lat="47.010724" lon="-123.240829"></trkpt><trkpt lat="47.010900" lon="-123.240401"></trkpt><trkpt lat="47.010902" lon="-123.239933"></trkpt><trkpt lat="47.010883" lon="-123.239371"></trkpt><trkpt lat="47.010914" lon="-123.238758"></trkpt><trkpt lat="47.011087" lon="-123.238258"></trkpt><trkpt lat="47.011380" lon="-123.237872"></trkpt><trkpt lat="47.011755" lon="-123.237599"></trkpt><trkpt lat="47.012044" lon="-123.237423"></trkpt><trkpt lat="47.012355" lon="-123.237225"></trkpt><trkpt lat="47.012659" lon="-123.237006"></trkpt><trkpt lat="47.012963" lon="-123.236812"></trkpt><trkpt lat="47.013274" lon="-123.236652"></trkpt><trkpt lat="47.013598" lon="-123.236516"></trkpt><trkpt lat="47.013931" lon="-123.236414"></trkpt><trkpt lat="47.014254" lon="-123.236280"></trkpt><trkpt lat="47.014550" lon="-123.236072"></trkpt><trkpt lat="47.014821" lon="-123.235833"></trkpt><trkpt lat="47.015233" lon="-123.235597"></trkpt><trkpt lat="47.015635" lon="-123.235539"></trkpt><trkpt lat="47.016025" lon="-123.235659"></trkpt><trkpt lat="47.016318" lon="-123.235779"></trkpt><trkpt lat="47.016621" lon="-123.235897"></trkpt><trkpt lat="47.016928" lon="-123.235971"></trkpt><trkpt lat="47.017234" lon="-123.235958"></trkpt><trkpt lat="47.017538" lon="-123.235892"></trkpt><trkpt lat="47.017830" lon="-123.235780"></trkpt><trkpt lat="47.018082" lon="-123.235561"></trkpt><trkpt lat="47.018360" lon="-123.235077"></trkpt><trkpt lat="47.018579" lon="-123.234547"></trkpt><trkpt lat="47.018838" lon="-123.234066"></trkpt><trkpt lat="47.019176" lon="-123.233679"></trkpt><trkpt lat="47.019439" lon="-123.233458"></trkpt><trkpt lat="47.019716" lon="-123.233272"></trkpt><trkpt lat="47.020128" lon="-123.233130"></trkpt><trkpt lat="47.020475" lon="-123.233023"></trkpt><trkpt lat="47.020705" lon="-123.232684"></trkpt><trkpt lat="47.020853" lon="-123.232336"></trkpt><trkpt lat="47.020871" lon="-123.232464"></trkpt><trkpt lat="47.021098" lon="-123.232509"></trkpt><trkpt lat="47.021430" lon="-123.232460"></trkpt><trkpt lat="47.021759" lon="-123.232467"></trkpt><trkpt lat="47.022107" lon="-123.232566"></trkpt><trkpt lat="47.022421" lon="-123.232786"></trkpt><trkpt lat="47.022697" lon="-123.233081"></trkpt><trkpt lat="47.022964" lon="-123.233380"></trkpt><trkpt lat="47.023257" lon="-123.233624"></trkpt><trkpt lat="47.023572" lon="-123.233778"></trkpt><trkpt lat="47.023873" lon="-123.233841"></trkpt><trkpt lat="47.024168" lon="-123.233737"></trkpt><trkpt lat="47.024467" lon="-123.233565"></trkpt><trkpt lat="47.024799" lon="-123.233397"></trkpt><trkpt lat="47.025158" lon="-123.233202"></trkpt><trkpt lat="47.025513" lon="-123.232975"></trkpt><trkpt lat="47.025785" lon="-123.232727"></trkpt><trkpt lat="47.026044" lon="-123.232400"></trkpt><trkpt lat="47.026310" lon="-123.232021"></trkpt><trkpt lat="47.026587" lon="-123.231634"></trkpt><trkpt lat="47.026896" lon="-123.231248"></trkpt><trkpt lat="47.027247" lon="-123.230951"></trkpt><trkpt lat="47.027507" lon="-123.230788"></trkpt><trkpt lat="47.027911" lon="-123.230648"></trkpt><trkpt lat="47.028302" lon="-123.230628"></trkpt><trkpt lat="47.028662" lon="-123.230722"></trkpt><trkpt lat="47.029026" lon="-123.230819"></trkpt><trkpt lat="47.029369" lon="-123.230794"></trkpt><trkpt lat="47.029704" lon="-123.230575"></trkpt><trkpt lat="47.030032" lon="-123.230242"></trkpt><trkpt lat="47.030276" lon="-123.229988"></trkpt><trkpt lat="47.030551" lon="-123.229761"></trkpt><trkpt lat="47.030849" lon="-123.229573"></trkpt><trkpt lat="47.031272" lon="-123.229360"></trkpt><trkpt lat="47.031580" lon="-123.229139"></trkpt><trkpt lat="47.031757" lon="-123.228814"></trkpt><trkpt lat="47.031876" lon="-123.228364"></trkpt><trkpt lat="47.031962" lon="-123.227808"></trkpt><trkpt lat="47.031982" lon="-123.227254"></trkpt><trkpt lat="47.031914" lon="-123.226684"></trkpt><trkpt lat="47.031826" lon="-123.226270"></trkpt><trkpt lat="47.031748" lon="-123.225838"></trkpt><trkpt lat="47.031677" lon="-123.225409"></trkpt><trkpt lat="47.031690" lon="-123.224851"></trkpt><trkpt lat="47.031834" lon="-123.224274"></trkpt><trkpt lat="47.031998" lon="-123.223913"></trkpt><trkpt lat="47.032221" lon="-123.223637"></trkpt><trkpt lat="47.032490" lon="-123.223412"></trkpt><trkpt lat="47.032785" lon="-123.223202"></trkpt><trkpt lat="47.033095" lon="-123.222992"></trkpt><trkpt lat="47.033414" lon="-123.222771"></trkpt><trkpt lat="47.033724" lon="-123.222543"></trkpt><trkpt lat="47.034019" lon="-123.222286"></trkpt><trkpt lat="47.034295" lon="-123.221993"></trkpt><trkpt lat="47.034555" lon="-123.221670"></trkpt><trkpt lat="47.034801" lon="-123.221337"></trkpt><trkpt lat="47.035046" lon="-123.220993"></trkpt><trkpt lat="47.035297" lon="-123.220658"></trkpt><trkpt lat="47.035545" lon="-123.220350"></trkpt><trkpt lat="47.035776" lon="-123.220043"></trkpt><trkpt lat="47.036057" lon="-123.219540"></trkpt><trkpt lat="47.036301" lon="-123.219055"></trkpt><trkpt lat="47.036499" lon="-123.218715"></trkpt><trkpt lat="47.036720" lon="-123.218355"></trkpt><trkpt lat="47.036964" lon="-123.218055"></trkpt><trkpt lat="47.037226" lon="-123.217836"></trkpt><trkpt lat="47.037626" lon="-123.217602"></trkpt><trkpt lat="47.037995" lon="-123.217363"></trkpt><trkpt lat="47.038267" lon="-123.217095"></trkpt><trkpt lat="47.038443" lon="-123.216633"></trkpt><trkpt lat="47.038467" lon="-123.216181"></trkpt><trkpt lat="47.038554" lon="-123.215694"></trkpt><trkpt lat="47.038682" lon="-123.215312"></trkpt><trkpt lat="47.038714" lon="-123.214797"></trkpt><trkpt lat="47.038717" lon="-123.214372"></trkpt><trkpt lat="47.038729" lon="-123.213890"></trkpt><trkpt lat="47.038755" lon="-123.213358"></trkpt><trkpt lat="47.038780" lon="-123.212838"></trkpt><trkpt lat="47.038804" lon="-123.212367"></trkpt><trkpt lat="47.038807" lon="-123.211951"></trkpt><trkpt lat="47.038822" lon="-123.211411"></trkpt><trkpt lat="47.039011" lon="-123.211003"></trkpt><trkpt lat="47.039268" lon="-123.210805"></trkpt><trkpt lat="47.039596" lon="-123.210563"></trkpt><trkpt lat="47.039830" lon="-123.210245"></trkpt><trkpt lat="47.039977" lon="-123.209798"></trkpt><trkpt lat="47.040059" lon="-123.209208"></trkpt><trkpt lat="47.040077" lon="-123.208575"></trkpt><trkpt lat="47.040059" lon="-123.207941"></trkpt><trkpt lat="47.040089" lon="-123.207494"></trkpt><trkpt lat="47.040139" lon="-123.207060"></trkpt><trkpt lat="47.040217" lon="-123.206421"></trkpt><trkpt lat="47.040283" lon="-123.205985"></trkpt><trkpt lat="47.040365" lon="-123.205542"></trkpt><trkpt lat="47.040442" lon="-123.205114"></trkpt><trkpt lat="47.040560" lon="-123.204495"></trkpt><trkpt lat="47.040691" lon="-123.203934"></trkpt><trkpt lat="47.040863" lon="-123.203488"></trkpt><trkpt lat="47.041014" lon="-123.203093"></trkpt><trkpt lat="47.041077" lon="-123.202578"></trkpt><trkpt lat="47.041118" lon="-123.201955"></trkpt><trkpt lat="47.041162" lon="-123.201390"></trkpt><trkpt lat="47.041325" lon="-123.200919"></trkpt><trkpt lat="47.041585" lon="-123.200687"></trkpt><trkpt lat="47.041852" lon="-123.200490"></trkpt><trkpt lat="47.042141" lon="-123.200270"></trkpt><trkpt lat="47.042445" lon="-123.200074"></trkpt><trkpt lat="47.042845" lon="-123.199785"></trkpt><trkpt lat="47.043134" lon="-123.199404"></trkpt><trkpt lat="47.043351" lon="-123.199086"></trkpt><trkpt lat="47.043583" lon="-123.198710"></trkpt><trkpt lat="47.043830" lon="-123.198313"></trkpt><trkpt lat="47.044071" lon="-123.197920"></trkpt><trkpt lat="47.044262" lon="-123.197472"></trkpt><trkpt lat="47.044454" lon="-123.197025"></trkpt><trkpt lat="47.044695" lon="-123.196652"></trkpt><trkpt lat="47.044924" lon="-123.196282"></trkpt><trkpt lat="47.045141" lon="-123.195949"></trkpt><trkpt lat="47.045522" lon="-123.195679"></trkpt><trkpt lat="47.045876" lon="-123.195445"></trkpt><trkpt lat="47.046164" lon="-123.195009"></trkpt><trkpt lat="47.046362" lon="-123.194655"></trkpt><trkpt lat="47.046568" lon="-123.194106"></trkpt><trkpt lat="47.046623" lon="-123.193685"></trkpt><trkpt lat="47.046644" lon="-123.193238"></trkpt><trkpt lat="47.046703" lon="-123.192765"></trkpt><trkpt lat="47.046783" lon="-123.192289"></trkpt><trkpt lat="47.046988" lon="-123.191700"></trkpt><trkpt lat="47.047277" lon="-123.191303"></trkpt><trkpt lat="47.047350" lon="-123.190848"></trkpt><trkpt lat="47.047168" lon="-123.190506"></trkpt><trkpt lat="47.046919" lon="-123.190045"></trkpt><trkpt lat="47.046769" lon="-123.189670"></trkpt><trkpt lat="47.046967" lon="-123.189232"></trkpt><trkpt lat="47.047159" lon="-123.188867"></trkpt><trkpt lat="47.047151" lon="-123.188354"></trkpt><trkpt lat="47.046893" lon="-123.187923"></trkpt><trkpt lat="47.046919" lon="-123.187546"></trkpt><trkpt lat="47.047197" lon="-123.187799"></trkpt><trkpt lat="47.047515" lon="-123.187961"></trkpt><trkpt lat="47.047784" lon="-123.188320"></trkpt><trkpt lat="47.047948" lon="-123.188778"></trkpt><trkpt lat="47.048234" lon="-123.189100"></trkpt><trkpt lat="47.048631" lon="-123.189353"></trkpt><trkpt lat="47.048968" lon="-123.189704"></trkpt><trkpt lat="47.049175" lon="-123.190037"></trkpt><trkpt lat="47.049364" lon="-123.190391"></trkpt><trkpt lat="47.049493" lon="-123.190821"></trkpt><trkpt lat="47.049597" lon="-123.191305"></trkpt><trkpt lat="47.049678" lon="-123.191737"></trkpt><trkpt lat="47.049763" lon="-123.192261"></trkpt><trkpt lat="47.049969" lon="-123.192592"></trkpt><trkpt lat="47.050293" lon="-123.192769"></trkpt><trkpt lat="47.050613" lon="-123.192950"></trkpt><trkpt lat="47.050866" lon="-123.193371"></trkpt><trkpt lat="47.051050" lon="-123.193731"></trkpt><trkpt lat="47.051222" lon="-123.194097"></trkpt><trkpt lat="47.051477" lon="-123.194585"></trkpt><trkpt lat="47.051719" lon="-123.194947"></trkpt><trkpt lat="47.052030" lon="-123.195080"></trkpt><trkpt lat="47.052354" lon="-123.195025"></trkpt><trkpt lat="47.052726" lon="-123.195140"></trkpt><trkpt lat="47.052980" lon="-123.195523"></trkpt><trkpt lat="47.052726" lon="-123.195140"></trkpt><trkpt lat="47.052354" lon="-123.195025"></trkpt><trkpt lat="47.052030" lon="-123.195080"></trkpt><trkpt lat="47.051719" lon="-123.194947"></trkpt><trkpt lat="47.051477" lon="-123.194585"></trkpt><trkpt lat="47.051222" lon="-123.194097"></trkpt><trkpt lat="47.051050" lon="-123.193731"></trkpt><trkpt lat="47.050866" lon="-123.193371"></trkpt><trkpt lat="47.050613" lon="-123.192950"></trkpt><trkpt lat="47.050293" lon="-123.192769"></trkpt><trkpt lat="47.049969" lon="-123.192592"></trkpt><trkpt lat="47.049763" lon="-123.192261"></trkpt><trkpt lat="47.049678" lon="-123.191737"></trkpt><trkpt lat="47.049597" lon="-123.191305"></trkpt><trkpt lat="47.049493" lon="-123.190821"></trkpt><trkpt lat="47.049364" lon="-123.190391"></trkpt><trkpt lat="47.049175" lon="-123.190037"></trkpt><trkpt lat="47.048968" lon="-123.189704"></trkpt><trkpt lat="47.048631" lon="-123.189353"></trkpt><trkpt lat="47.048234" lon="-123.189100"></trkpt><trkpt lat="47.047948" lon="-123.188778"></trkpt><trkpt lat="47.047784" lon="-123.188320"></trkpt><trkpt lat="47.047515" lon="-123.187961"></trkpt><trkpt lat="47.047197" lon="-123.187799"></trkpt><trkpt lat="47.046919" lon="-123.187546"></trkpt><trkpt lat="47.046893" lon="-123.187923"></trkpt><trkpt lat="47.047151" lon="-123.188354"></trkpt><trkpt lat="47.047159" lon="-123.188867"></trkpt><trkpt lat="47.046967" lon="-123.189232"></trkpt><trkpt lat="47.046769" lon="-123.189670"></trkpt><trkpt lat="47.046919" lon="-123.190045"></trkpt><trkpt lat="47.047168" lon="-123.190506"></trkpt><trkpt lat="47.047350" lon="-123.190848"></trkpt><trkpt lat="47.047277" lon="-123.191303"></trkpt><trkpt lat="47.046988" lon="-123.191700"></trkpt><trkpt lat="47.046783" lon="-123.192289"></trkpt><trkpt lat="47.046703" lon="-123.192765"></trkpt><trkpt lat="47.046644" lon="-123.193238"></trkpt><trkpt lat="47.046623" lon="-123.193685"></trkpt><trkpt lat="47.046568" lon="-123.194106"></trkpt><trkpt lat="47.046362" lon="-123.194655"></trkpt><trkpt lat="47.046164" lon="-123.195009"></trkpt><trkpt lat="47.045876" lon="-123.195445"></trkpt><trkpt lat="47.045522" lon="-123.195679"></trkpt><trkpt lat="47.045141" lon="-123.195949"></trkpt><trkpt lat="47.044924" lon="-123.196282"></trkpt><trkpt lat="47.044695" lon="-123.196652"></trkpt><trkpt lat="47.044454" lon="-123.197025"></trkpt><trkpt lat="47.044262" lon="-123.197472"></trkpt><trkpt lat="47.044071" lon="-123.197920"></trkpt><trkpt lat="47.043830" lon="-123.198313"></trkpt><trkpt lat="47.043583" lon="-123.198710"></trkpt><trkpt lat="47.043351" lon="-123.199086"></trkpt><trkpt lat="47.043134" lon="-123.199404"></trkpt><trkpt lat="47.042845" lon="-123.199785"></trkpt><trkpt lat="47.042445" lon="-123.200074"></trkpt><trkpt lat="47.042141" lon="-123.200270"></trkpt><trkpt lat="47.041852" lon="-123.200490"></trkpt><trkpt lat="47.041585" lon="-123.200687"></trkpt><trkpt lat="47.041325" lon="-123.200919"></trkpt><trkpt lat="47.041162" lon="-123.201390"></trkpt><trkpt lat="47.041118" lon="-123.201955"></trkpt><trkpt lat="47.041077" lon="-123.202578"></trkpt><trkpt lat="47.041014" lon="-123.203093"></trkpt><trkpt lat="47.040863" lon="-123.203488"></trkpt><trkpt lat="47.040691" lon="-123.203934"></trkpt><trkpt lat="47.040560" lon="-123.204495"></trkpt><trkpt lat="47.040442" lon="-123.205114"></trkpt><trkpt lat="47.040365" lon="-123.205542"></trkpt><trkpt lat="47.040283" lon="-123.205985"></trkpt><trkpt lat="47.040217" lon="-123.206421"></trkpt><trkpt lat="47.040139" lon="-123.207060"></trkpt><trkpt lat="47.040089" lon="-123.207494"></trkpt><trkpt lat="47.040059" lon="-123.207941"></trkpt><trkpt lat="47.040077" lon="-123.208575"></trkpt><trkpt lat="47.040059" lon="-123.209208"></trkpt><trkpt lat="47.039977" lon="-123.209798"></trkpt><trkpt lat="47.039830" lon="-123.210245"></trkpt><trkpt lat="47.039596" lon="-123.210563"></trkpt><trkpt lat="47.039268" lon="-123.210805"></trkpt><trkpt lat="47.039011" lon="-123.211003"></trkpt><trkpt lat="47.038822" lon="-123.211411"></trkpt><trkpt lat="47.038807" lon="-123.211951"></trkpt><trkpt lat="47.038804" lon="-123.212367"></trkpt><trkpt lat="47.038780" lon="-123.212838"></trkpt><trkpt lat="47.038755" lon="-123.213358"></trkpt><trkpt lat="47.038729" lon="-123.213890"></trkpt><trkpt lat="47.038717" lon="-123.214372"></trkpt><trkpt lat="47.038714" lon="-123.214797"></trkpt><trkpt lat="47.038682" lon="-123.215312"></trkpt><trkpt lat="47.038554" lon="-123.215694"></trkpt><trkpt lat="47.038467" lon="-123.216181"></trkpt><trkpt lat="47.038443" lon="-123.216633"></trkpt><trkpt lat="47.038267" lon="-123.217095"></trkpt><trkpt lat="47.037995" lon="-123.217363"></trkpt><trkpt lat="47.037626" lon="-123.217602"></trkpt><trkpt lat="47.037226" lon="-123.217836"></trkpt><trkpt lat="47.036964" lon="-123.218055"></trkpt><trkpt lat="47.036720" lon="-123.218355"></trkpt><trkpt lat="47.036499" lon="-123.218715"></trkpt><trkpt lat="47.036301" lon="-123.219055"></trkpt><trkpt lat="47.036057" lon="-123.219540"></trkpt><trkpt lat="47.035776" lon="-123.220043"></trkpt><trkpt lat="47.035545" lon="-123.220350"></trkpt><trkpt lat="47.035297" lon="-123.220658"></trkpt><trkpt lat="47.035046" lon="-123.220993"></trkpt><trkpt lat="47.034801" lon="-123.221337"></trkpt><trkpt lat="47.034555" lon="-123.221670"></trkpt><trkpt lat="47.034295" lon="-123.221993"></trkpt><trkpt lat="47.034019" lon="-123.222286"></trkpt><trkpt lat="47.033724" lon="-123.222543"></trkpt><trkpt lat="47.033414" lon="-123.222771"></trkpt><trkpt lat="47.033095" lon="-123.222992"></trkpt><trkpt lat="47.032785" lon="-123.223202"></trkpt><trkpt lat="47.032490" lon="-123.223412"></trkpt><trkpt lat="47.032221" lon="-123.223637"></trkpt><trkpt lat="47.031998" lon="-123.223913"></trkpt><trkpt lat="47.031834" lon="-123.224274"></trkpt><trkpt lat="47.031690" lon="-123.224851"></trkpt><trkpt lat="47.031677" lon="-123.225409"></trkpt><trkpt lat="47.031748" lon="-123.225838"></trkpt><trkpt lat="47.031826" lon="-123.226270"></trkpt><trkpt lat="47.031914" lon="-123.226684"></trkpt><trkpt lat="47.031982" lon="-123.227254"></trkpt><trkpt lat="47.031962" lon="-123.227808"></trkpt><trkpt lat="47.031876" lon="-123.228364"></trkpt><trkpt lat="47.031757" lon="-123.228814"></trkpt><trkpt lat="47.031580" lon="-123.229139"></trkpt><trkpt lat="47.031272" lon="-123.229360"></trkpt><trkpt lat="47.030849" lon="-123.229573"></trkpt><trkpt lat="47.030551" lon="-123.229761"></trkpt><trkpt lat="47.030276" lon="-123.229988"></trkpt><trkpt lat="47.030032" lon="-123.230242"></trkpt><trkpt lat="47.029704" lon="-123.230575"></trkpt><trkpt lat="47.029369" lon="-123.230794"></trkpt><trkpt lat="47.029026" lon="-123.230819"></trkpt><trkpt lat="47.028662" lon="-123.230722"></trkpt><trkpt lat="47.028302" lon="-123.230628"></trkpt><trkpt lat="47.027911" lon="-123.230648"></trkpt><trkpt lat="47.027507" lon="-123.230788"></trkpt><trkpt lat="47.027247" lon="-123.230951"></trkpt><trkpt lat="47.026896" lon="-123.231248"></trkpt><trkpt lat="47.026587" lon="-123.231634"></trkpt><trkpt lat="47.026310" lon="-123.232021"></trkpt><trkpt lat="47.026044" lon="-123.232400"></trkpt><trkpt lat="47.025785" lon="-123.232727"></trkpt><trkpt lat="47.025513" lon="-123.232975"></trkpt><trkpt lat="47.025158" lon="-123.233202"></trkpt><trkpt lat="47.024799" lon="-123.233397"></trkpt><trkpt lat="47.024467" lon="-123.233565"></trkpt><trkpt lat="47.024168" lon="-123.233737"></trkpt><trkpt lat="47.023873" lon="-123.233841"></trkpt><trkpt lat="47.023572" lon="-123.233778"></trkpt><trkpt lat="47.023257" lon="-123.233624"></trkpt><trkpt lat="47.022964" lon="-123.233380"></trkpt><trkpt lat="47.022697" lon="-123.233081"></trkpt><trkpt lat="47.022421" lon="-123.232786"></trkpt><trkpt lat="47.022107" lon="-123.232566"></trkpt><trkpt lat="47.021759" lon="-123.232467"></trkpt><trkpt lat="47.021430" lon="-123.232460"></trkpt><trkpt lat="47.021098" lon="-123.232509"></trkpt><trkpt lat="47.020871" lon="-123.232464"></trkpt><trkpt lat="47.020853" lon="-123.232336"></trkpt><trkpt lat="47.020705" lon="-123.232684"></trkpt><trkpt lat="47.020475" lon="-123.233023"></trkpt><trkpt lat="47.020128" lon="-123.233130"></trkpt><trkpt lat="47.019716" lon="-123.233272"></trkpt><trkpt lat="47.019439" lon="-123.233458"></trkpt><trkpt lat="47.019176" lon="-123.233679"></trkpt><trkpt lat="47.018838" lon="-123.234066"></trkpt><trkpt lat="47.018579" lon="-123.234547"></trkpt><trkpt lat="47.018360" lon="-123.235077"></trkpt><trkpt lat="47.018082" lon="-123.235561"></trkpt><trkpt lat="47.017830" lon="-123.235780"></trkpt><trkpt lat="47.017538" lon="-123.235892"></trkpt><trkpt lat="47.017234" lon="-123.235958"></trkpt><trkpt lat="47.016928" lon="-123.235971"></trkpt><trkpt lat="47.016621" lon="-123.235897"></trkpt><trkpt lat="47.016318" lon="-123.235779"></trkpt><trkpt lat="47.016025" lon="-123.235659"></trkpt><trkpt lat="47.015635" lon="-123.235539"></trkpt><trkpt lat="47.015233" lon="-123.235597"></trkpt><trkpt lat="47.014821" lon="-123.235833"></trkpt><trkpt lat="47.014550" lon="-123.236072"></trkpt><trkpt lat="47.014254" lon="-123.236280"></trkpt><trkpt lat="47.013931" lon="-123.236414"></trkpt><trkpt lat="47.013598" lon="-123.236516"></trkpt><trkpt lat="47.013274" lon="-123.236652"></trkpt><trkpt lat="47.012963" lon="-123.236812"></trkpt><trkpt lat="47.012659" lon="-123.237006"></trkpt><trkpt lat="47.012355" lon="-123.237225"></trkpt><trkpt lat="47.012044" lon="-123.237423"></trkpt><trkpt lat="47.011755" lon="-123.237599"></trkpt><trkpt lat="47.011380" lon="-123.237872"></trkpt><trkpt lat="47.011087" lon="-123.238258"></trkpt><trkpt lat="47.010914" lon="-123.238758"></trkpt><trkpt lat="47.010883" lon="-123.239371"></trkpt><trkpt lat="47.010902" lon="-123.239933"></trkpt><trkpt lat="47.010900" lon="-123.240401"></trkpt><trkpt lat="47.010724" lon="-123.240829"></trkpt><trkpt lat="47.010520" lon="-123.241201"></trkpt><trkpt lat="47.010347" lon="-123.241549"></trkpt><trkpt lat="47.010188" lon="-123.241936"></trkpt><trkpt lat="47.010065" lon="-123.242388"></trkpt><trkpt lat="47.009950" lon="-123.242852"></trkpt><trkpt lat="47.009743" lon="-123.243261"></trkpt><trkpt lat="47.009427" lon="-123.243652"></trkpt><trkpt lat="47.009106" lon="-123.244022"></trkpt><trkpt lat="47.008802" lon="-123.244334"></trkpt><trkpt lat="47.008439" lon="-123.244638"></trkpt><trkpt lat="47.008176" lon="-123.244854"></trkpt><trkpt lat="47.007910" lon="-123.245069"></trkpt><trkpt lat="47.007600" lon="-123.245393"></trkpt><trkpt lat="47.007347" lon="-123.245734"></trkpt><trkpt lat="47.007077" lon="-123.245893"></trkpt><trkpt lat="47.006788" lon="-123.245837"></trkpt><trkpt lat="47.006483" lon="-123.245617"></trkpt><trkpt lat="47.006215" lon="-123.245295"></trkpt><trkpt lat="47.005960" lon="-123.244896"></trkpt><trkpt lat="47.005725" lon="-123.244591"></trkpt><trkpt lat="47.005470" lon="-123.244352"></trkpt><trkpt lat="47.005467" lon="-123.244511"></trkpt><trkpt lat="47.005514" lon="-123.244969"></trkpt><trkpt lat="47.005336" lon="-123.245422"></trkpt><trkpt lat="47.005204" lon="-123.245860"></trkpt><trkpt lat="47.005078" lon="-123.246309"></trkpt><trkpt lat="47.004954" lon="-123.246725"></trkpt><trkpt lat="47.004775" lon="-123.247130"></trkpt><trkpt lat="47.004686" lon="-123.247601"></trkpt><trkpt lat="47.004550" lon="-123.248021"></trkpt><trkpt lat="47.004367" lon="-123.248424"></trkpt><trkpt lat="47.004151" lon="-123.248833"></trkpt><trkpt lat="47.003972" lon="-123.249327"></trkpt><trkpt lat="47.003828" lon="-123.249842"></trkpt><trkpt lat="47.003814" lon="-123.250304"></trkpt><trkpt lat="47.003754" lon="-123.250709"></trkpt><trkpt lat="47.003612" lon="-123.251087"></trkpt><trkpt lat="47.003594" lon="-123.251526"></trkpt><trkpt lat="47.003517" lon="-123.251951"></trkpt><trkpt lat="47.003403" lon="-123.252427"></trkpt><trkpt lat="47.003258" lon="-123.252863"></trkpt><trkpt lat="47.003164" lon="-123.253341"></trkpt><trkpt lat="47.003066" lon="-123.253763"></trkpt><trkpt lat="47.002892" lon="-123.254149"></trkpt><trkpt lat="47.002658" lon="-123.254535"></trkpt><trkpt lat="47.002552" lon="-123.255045"></trkpt><trkpt lat="47.002520" lon="-123.255491"></trkpt><trkpt lat="47.002467" lon="-123.256003"></trkpt><trkpt lat="47.002410" lon="-123.256498"></trkpt><trkpt lat="47.002271" lon="-123.256884"></trkpt><trkpt lat="47.002033" lon="-123.257164"></trkpt><trkpt lat="47.001848" lon="-123.257558"></trkpt><trkpt lat="47.001761" lon="-123.258045"></trkpt><trkpt lat="47.001632" lon="-123.258527"></trkpt><trkpt lat="47.001422" lon="-123.258881"></trkpt><trkpt lat="47.001285" lon="-123.259354"></trkpt><trkpt lat="47.001262" lon="-123.259795"></trkpt><trkpt lat="47.001241" lon="-123.259848"></trkpt><trkpt lat="47.001174" lon="-123.259918"></trkpt><trkpt lat="47.000927" lon="-123.260299"></trkpt><trkpt lat="47.000612" lon="-123.260581"></trkpt><trkpt lat="47.000227" lon="-123.260857"></trkpt><trkpt lat="46.999830" lon="-123.261119"></trkpt><trkpt lat="46.999448" lon="-123.261379"></trkpt><trkpt lat="46.999055" lon="-123.261593"></trkpt><trkpt lat="46.998774" lon="-123.261694"></trkpt><trkpt lat="46.998471" lon="-123.261754"></trkpt><trkpt lat="46.998150" lon="-123.261781"></trkpt><trkpt lat="46.997815" lon="-123.261807"></trkpt><trkpt lat="46.997474" lon="-123.261834"></trkpt><trkpt lat="46.997140" lon="-123.261871"></trkpt><trkpt lat="46.996817" lon="-123.261912"></trkpt><trkpt lat="46.996508" lon="-123.261948"></trkpt><trkpt lat="46.996224" lon="-123.261981"></trkpt><trkpt lat="46.995831" lon="-123.262053"></trkpt><trkpt lat="46.995433" lon="-123.262292"></trkpt><trkpt lat="46.995189" lon="-123.262563"></trkpt><trkpt lat="46.994968" lon="-123.262918"></trkpt><trkpt lat="46.994755" lon="-123.263318"></trkpt><trkpt lat="46.994574" lon="-123.263751"></trkpt><trkpt lat="46.994406" lon="-123.264203"></trkpt><trkpt lat="46.994244" lon="-123.264649"></trkpt><trkpt lat="46.994101" lon="-123.265093"></trkpt><trkpt lat="46.993949" lon="-123.265485"></trkpt><trkpt lat="46.993648" lon="-123.265970"></trkpt><trkpt lat="46.993404" lon="-123.266273"></trkpt><trkpt lat="46.993163" lon="-123.266600"></trkpt><trkpt lat="46.992927" lon="-123.266924"></trkpt><trkpt lat="46.992684" lon="-123.267212"></trkpt><trkpt lat="46.992402" lon="-123.267448"></trkpt><trkpt lat="46.992111" lon="-123.267656"></trkpt><trkpt lat="46.991849" lon="-123.267878"></trkpt><trkpt lat="46.991614" lon="-123.268129"></trkpt><trkpt lat="46.991399" lon="-123.268462"></trkpt><trkpt lat="46.991190" lon="-123.268841"></trkpt><trkpt lat="46.990975" lon="-123.269242"></trkpt><trkpt lat="46.990760" lon="-123.269657"></trkpt><trkpt lat="46.990545" lon="-123.270078"></trkpt><trkpt lat="46.990327" lon="-123.270502"></trkpt><trkpt lat="46.990116" lon="-123.270919"></trkpt><trkpt lat="46.989911" lon="-123.271308"></trkpt><trkpt lat="46.989703" lon="-123.271705"></trkpt><trkpt lat="46.989503" lon="-123.272105"></trkpt><trkpt lat="46.989299" lon="-123.272498"></trkpt><trkpt lat="46.989107" lon="-123.272872"></trkpt><trkpt lat="46.988908" lon="-123.273242"></trkpt><trkpt lat="46.988714" lon="-123.273620"></trkpt><trkpt lat="46.988551" lon="-123.274007"></trkpt><trkpt lat="46.988431" lon="-123.274434"></trkpt><trkpt lat="46.988316" lon="-123.274861"></trkpt><trkpt lat="46.988155" lon="-123.275292"></trkpt><trkpt lat="46.987980" lon="-123.275696"></trkpt><trkpt lat="46.987745" lon="-123.276139"></trkpt><trkpt lat="46.987475" lon="-123.276465"></trkpt><trkpt lat="46.987336" lon="-123.276919"></trkpt><trkpt lat="46.987184" lon="-123.277353"></trkpt><trkpt lat="46.986924" lon="-123.277795"></trkpt><trkpt lat="46.986771" lon="-123.278338"></trkpt><trkpt lat="46.986663" lon="-123.278854"></trkpt><trkpt lat="46.986494" lon="-123.279187"></trkpt><trkpt lat="46.986218" lon="-123.279668"></trkpt><trkpt lat="46.986022" lon="-123.280222"></trkpt><trkpt lat="46.985939" lon="-123.280671"></trkpt><trkpt lat="46.985836" lon="-123.281138"></trkpt><trkpt lat="46.985715" lon="-123.281593"></trkpt><trkpt lat="46.985603" lon="-123.282009"></trkpt><trkpt lat="46.985407" lon="-123.282543"></trkpt><trkpt lat="46.985197" lon="-123.282876"></trkpt><trkpt lat="46.984965" lon="-123.283191"></trkpt><trkpt lat="46.984730" lon="-123.283493"></trkpt><trkpt lat="46.984512" lon="-123.283827"></trkpt><trkpt lat="46.984318" lon="-123.284224"></trkpt><trkpt lat="46.984155" lon="-123.284625"></trkpt><trkpt lat="46.983989" lon="-123.285020"></trkpt><trkpt lat="46.983825" lon="-123.285384"></trkpt><trkpt lat="46.983561" lon="-123.285841"></trkpt><trkpt lat="46.983249" lon="-123.286224"></trkpt><trkpt lat="46.983032" lon="-123.286677"></trkpt><trkpt lat="46.982864" lon="-123.287055"></trkpt><trkpt lat="46.982616" lon="-123.287262"></trkpt><trkpt lat="46.982286" lon="-123.287438"></trkpt><trkpt lat="46.981914" lon="-123.287656"></trkpt><trkpt lat="46.981558" lon="-123.287917"></trkpt><trkpt lat="46.981214" lon="-123.288316"></trkpt><trkpt lat="46.980958" lon="-123.288567"></trkpt><trkpt lat="46.980657" lon="-123.288754"></trkpt><trkpt lat="46.980341" lon="-123.288900"></trkpt><trkpt lat="46.980054" lon="-123.289019"></trkpt><trkpt lat="46.979657" lon="-123.289062"></trkpt><trkpt lat="46.979226" lon="-123.288867"></trkpt><trkpt lat="46.978838" lon="-123.288590"></trkpt><trkpt lat="46.978569" lon="-123.288172"></trkpt><trkpt lat="46.978438" lon="-123.287585"></trkpt><trkpt lat="46.978392" lon="-123.287119"></trkpt><trkpt lat="46.978320" lon="-123.286626"></trkpt><trkpt lat="46.978220" lon="-123.286136"></trkpt><trkpt lat="46.978113" lon="-123.285669"></trkpt><trkpt lat="46.977985" lon="-123.285192"></trkpt><trkpt lat="46.977775" lon="-123.284823"></trkpt><trkpt lat="46.977456" lon="-123.284493"></trkpt><trkpt lat="46.977197" lon="-123.284302"></trkpt><trkpt lat="46.976815" lon="-123.284048"></trkpt><trkpt lat="46.976515" lon="-123.283838"></trkpt><trkpt lat="46.976715" lon="-123.283475"></trkpt><trkpt lat="46.976983" lon="-123.283092"></trkpt><trkpt lat="46.977187" lon="-123.282662"></trkpt><trkpt lat="46.977225" lon="-123.282203"></trkpt><trkpt lat="46.977192" lon="-123.281687"></trkpt><trkpt lat="46.977234" lon="-123.281157"></trkpt><trkpt lat="46.977236" lon="-123.280613"></trkpt><trkpt lat="46.977177" lon="-123.280071"></trkpt><trkpt lat="46.977136" lon="-123.279513"></trkpt><trkpt lat="46.977115" lon="-123.278953"></trkpt><trkpt lat="46.977061" lon="-123.278432"></trkpt><trkpt lat="46.976944" lon="-123.278038"></trkpt><trkpt lat="46.976929" lon="-123.277501"></trkpt><trkpt lat="46.976955" lon="-123.277002"></trkpt><trkpt lat="46.976883" lon="-123.276502"></trkpt><trkpt lat="46.976818" lon="-123.276007"></trkpt><trkpt lat="46.976770" lon="-123.275521"></trkpt><trkpt lat="46.976655" lon="-123.275109"></trkpt><trkpt lat="46.976376" lon="-123.275209"></trkpt><trkpt lat="46.976297" lon="-123.275721"></trkpt><trkpt lat="46.976181" lon="-123.276144"></trkpt><trkpt lat="46.975905" lon="-123.276066"></trkpt><trkpt lat="46.975922" lon="-123.275562"></trkpt><trkpt lat="46.975939" lon="-123.275108"></trkpt><trkpt lat="46.975823" lon="-123.274652"></trkpt><trkpt lat="46.975664" lon="-123.274177"></trkpt><trkpt lat="46.975600" lon="-123.273728"></trkpt><trkpt lat="46.975697" lon="-123.273290"></trkpt><trkpt lat="46.975818" lon="-123.272867"></trkpt><trkpt lat="46.975726" lon="-123.272396"></trkpt><trkpt lat="46.975480" lon="-123.272041"></trkpt><trkpt lat="46.975191" lon="-123.271610"></trkpt><trkpt lat="46.974852" lon="-123.271247"></trkpt><trkpt lat="46.974462" lon="-123.271059"></trkpt><trkpt lat="46.974126" lon="-123.271128"></trkpt><trkpt lat="46.973804" lon="-123.271309"></trkpt><trkpt lat="46.973571" lon="-123.271013"></trkpt><trkpt lat="46.973522" lon="-123.270552"></trkpt><trkpt lat="46.973505" lon="-123.270041"></trkpt><trkpt lat="46.973461" lon="-123.269547"></trkpt><trkpt lat="46.973596" lon="-123.269231"></trkpt><trkpt lat="46.973526" lon="-123.269198"></trkpt><trkpt lat="46.975179" lon="-123.268833"></trkpt><trkpt lat="46.975930" lon="-123.268275"></trkpt><trkpt lat="46.976252" lon="-123.263555"></trkpt><trkpt lat="46.975479" lon="-123.261023"></trkpt><trkpt lat="46.975565" lon="-123.259993"></trkpt><trkpt lat="46.975801" lon="-123.259306"></trkpt><trkpt lat="46.976960" lon="-123.258340"></trkpt><trkpt lat="46.977904" lon="-123.256924"></trkpt><trkpt lat="46.978505" lon="-123.254156"></trkpt><trkpt lat="46.980436" lon="-123.250294"></trkpt><trkpt lat="46.982152" lon="-123.249650"></trkpt><trkpt lat="46.983140" lon="-123.248706"></trkpt><trkpt lat="46.983891" lon="-123.247826"></trkpt><trkpt lat="46.984019" lon="-123.246324"></trkpt><trkpt lat="46.985199" lon="-123.245101"></trkpt><trkpt lat="46.987023" lon="-123.244393"></trkpt><trkpt lat="46.988354" lon="-123.243363"></trkpt><trkpt lat="46.989856" lon="-123.240316"></trkpt><trkpt lat="46.990242" lon="-123.240380"></trkpt><trkpt lat="46.990778" lon="-123.241496"></trkpt><trkpt lat="46.991422" lon="-123.241518"></trkpt><trkpt lat="46.993525" lon="-123.237376"></trkpt><trkpt lat="46.993482" lon="-123.236368"></trkpt><trkpt lat="46.993139" lon="-123.235660"></trkpt><trkpt lat="46.992109" lon="-123.234544"></trkpt><trkpt lat="46.992023" lon="-123.229415"></trkpt><trkpt lat="46.992109" lon="-123.228171"></trkpt><trkpt lat="46.993053" lon="-123.226604"></trkpt><trkpt lat="46.993933" lon="-123.223987"></trkpt><trkpt lat="46.994405" lon="-123.220704"></trkpt><trkpt lat="46.994126" lon="-123.218129"></trkpt><trkpt lat="46.992753" lon="-123.216283"></trkpt><trkpt lat="46.992302" lon="-123.215039"></trkpt><trkpt lat="46.993568" lon="-123.211820"></trkpt><trkpt lat="46.993718" lon="-123.207464"></trkpt><trkpt lat="46.994448" lon="-123.204868"></trkpt><trkpt lat="46.994941" lon="-123.204010"></trkpt><trkpt lat="46.995134" lon="-123.202186"></trkpt><trkpt lat="46.995842" lon="-123.200362"></trkpt><trkpt lat="46.995757" lon="-123.197443"></trkpt><trkpt lat="46.996400" lon="-123.196757"></trkpt><trkpt lat="46.996379" lon="-123.193796"></trkpt><trkpt lat="46.995392" lon="-123.192894"></trkpt><trkpt lat="46.995113" lon="-123.192358"></trkpt><trkpt lat="46.996744" lon="-123.189719"></trkpt><trkpt lat="46.997473" lon="-123.186436"></trkpt><trkpt lat="46.998911" lon="-123.183603"></trkpt><trkpt lat="46.999469" lon="-123.181672"></trkpt><trkpt lat="47.001464" lon="-123.177981"></trkpt><trkpt lat="47.001786" lon="-123.176672"></trkpt><trkpt lat="47.004104" lon="-123.176651"></trkpt><trkpt lat="47.006228" lon="-123.172531"></trkpt><trkpt lat="47.007000" lon="-123.169785"></trkpt><trkpt lat="47.008567" lon="-123.169012"></trkpt><trkpt lat="47.009983" lon="-123.166995"></trkpt><trkpt lat="47.012086" lon="-123.166201"></trkpt><trkpt lat="47.013974" lon="-123.166180"></trkpt><trkpt lat="47.015648" lon="-123.165021"></trkpt><trkpt lat="47.017515" lon="-123.162811"></trkpt><trkpt lat="47.017965" lon="-123.160729"></trkpt><trkpt lat="47.018995" lon="-123.159206"></trkpt><trkpt lat="47.021806" lon="-123.158820"></trkpt><trkpt lat="47.022965" lon="-123.159592"></trkpt><trkpt lat="47.023180" lon="-123.158712"></trkpt><trkpt lat="47.023609" lon="-123.158412"></trkpt><trkpt lat="47.025175" lon="-123.159249"></trkpt><trkpt lat="47.024682" lon="-123.157082"></trkpt><trkpt lat="47.024767" lon="-123.155687"></trkpt><trkpt lat="47.023780" lon="-123.155944"></trkpt><trkpt lat="47.022686" lon="-123.155043"></trkpt><trkpt lat="47.019811" lon="-123.153691"></trkpt><trkpt lat="47.019296" lon="-123.153026"></trkpt><trkpt lat="47.019145" lon="-123.152254"></trkpt><trkpt lat="47.019789" lon="-123.148241"></trkpt><trkpt lat="47.019660" lon="-123.146632"></trkpt><trkpt lat="47.019854" lon="-123.146224"></trkpt><trkpt lat="47.020669" lon="-123.145559"></trkpt><trkpt lat="47.021120" lon="-123.142555"></trkpt><trkpt lat="47.021742" lon="-123.141332"></trkpt><trkpt lat="47.021463" lon="-123.140152"></trkpt><trkpt lat="47.021999" lon="-123.136032"></trkpt><trkpt lat="47.022514" lon="-123.134508"></trkpt><trkpt lat="47.023695" lon="-123.133028"></trkpt><trkpt lat="47.025926" lon="-123.132169"></trkpt><trkpt lat="47.026377" lon="-123.132813"></trkpt><trkpt lat="47.027128" lon="-123.135409"></trkpt><trkpt lat="47.029188" lon="-123.135324"></trkpt><trkpt lat="47.029810" lon="-123.135688"></trkpt><trkpt lat="47.029510" lon="-123.137083"></trkpt><trkpt lat="47.027965" lon="-123.138499"></trkpt><trkpt lat="47.027471" lon="-123.140194"></trkpt><trkpt lat="47.028008" lon="-123.141675"></trkpt><trkpt lat="47.028244" lon="-123.144336"></trkpt><trkpt lat="47.028844" lon="-123.146439"></trkpt><trkpt lat="47.029595" lon="-123.147597"></trkpt><trkpt lat="47.030475" lon="-123.151653"></trkpt><trkpt lat="47.031612" lon="-123.152554"></trkpt><trkpt lat="47.031870" lon="-123.153198"></trkpt><trkpt lat="47.031398" lon="-123.155301"></trkpt><trkpt lat="47.031655" lon="-123.158112"></trkpt><trkpt lat="47.032149" lon="-123.159313"></trkpt><trkpt lat="47.032106" lon="-123.159935"></trkpt><trkpt lat="47.031698" lon="-123.160515"></trkpt><trkpt lat="47.032020" lon="-123.161480"></trkpt><trkpt lat="47.031634" lon="-123.162167"></trkpt><trkpt lat="47.031720" lon="-123.162510"></trkpt><trkpt lat="47.032514" lon="-123.163605"></trkpt><trkpt lat="47.033522" lon="-123.163412"></trkpt><trkpt lat="47.033823" lon="-123.164356"></trkpt><trkpt lat="47.035024" lon="-123.162618"></trkpt><trkpt lat="47.035325" lon="-123.162489"></trkpt><trkpt lat="47.036140" lon="-123.164377"></trkpt><trkpt lat="47.037041" lon="-123.164742"></trkpt><trkpt lat="47.037621" lon="-123.165493"></trkpt><trkpt lat="47.037706" lon="-123.166459"></trkpt><trkpt lat="47.037256" lon="-123.168561"></trkpt><trkpt lat="47.037706" lon="-123.171566"></trkpt><trkpt lat="47.036140" lon="-123.173990"></trkpt><trkpt lat="47.035067" lon="-123.176930"></trkpt><trkpt lat="47.036097" lon="-123.177080"></trkpt><trkpt lat="47.037234" lon="-123.178196"></trkpt><trkpt lat="47.037406" lon="-123.180234"></trkpt><trkpt lat="47.037985" lon="-123.182380"></trkpt><trkpt lat="47.039616" lon="-123.183990"></trkpt><trkpt lat="47.039852" lon="-123.184633"></trkpt><trkpt lat="47.039680" lon="-123.188217"></trkpt><trkpt lat="47.040303" lon="-123.189418"></trkpt><trkpt lat="47.041676" lon="-123.190985"></trkpt><trkpt lat="47.042298" lon="-123.192852"></trkpt><trkpt lat="47.042170" lon="-123.198795"></trkpt><trkpt lat="47.041183" lon="-123.200254"></trkpt><trkpt lat="47.041118" lon="-123.200812"></trkpt><trkpt lat="47.041268" lon="-123.201005"></trkpt><trkpt lat="47.043264" lon="-123.199224"></trkpt><trkpt lat="47.044830" lon="-123.196392"></trkpt><trkpt lat="47.046375" lon="-123.194482"></trkpt><trkpt lat="47.046804" lon="-123.191800"></trkpt><trkpt lat="47.047405" lon="-123.190899"></trkpt><trkpt lat="47.046676" lon="-123.189740"></trkpt><trkpt lat="47.047319" lon="-123.187809"></trkpt><trkpt lat="47.047963" lon="-123.189075"></trkpt><trkpt lat="47.049165" lon="-123.190062"></trkpt><trkpt lat="47.049916" lon="-123.192787"></trkpt><trkpt lat="47.050581" lon="-123.192980"></trkpt><trkpt lat="47.051482" lon="-123.194890"></trkpt><trkpt lat="47.052619" lon="-123.195255"></trkpt><trkpt lat="47.053349" lon="-123.196199"></trkpt><trkpt lat="47.053499" lon="-123.196242"></trkpt><trkpt lat="47.056096" lon="-123.196843"></trkpt><trkpt lat="47.056375" lon="-123.196714"></trkpt><trkpt lat="47.056675" lon="-123.195577"></trkpt><trkpt lat="47.056847" lon="-123.195341"></trkpt><trkpt lat="47.057104" lon="-123.195341"></trkpt><trkpt lat="47.057984" lon="-123.195705"></trkpt><trkpt lat="47.058756" lon="-123.191350"></trkpt><trkpt lat="47.058864" lon="-123.190234"></trkpt><trkpt lat="47.059271" lon="-123.178282"></trkpt><trkpt lat="47.059250" lon="-123.176758"></trkpt><trkpt lat="47.058005" lon="-123.168476"></trkpt><trkpt lat="47.056911" lon="-123.163390"></trkpt><trkpt lat="47.056031" lon="-123.155966"></trkpt><trkpt lat="47.055709" lon="-123.154700"></trkpt><trkpt lat="47.055194" lon="-123.153584"></trkpt><trkpt lat="47.054701" lon="-123.152854"></trkpt><trkpt lat="47.048650" lon="-123.145130"></trkpt><trkpt lat="47.046461" lon="-123.141739"></trkpt><trkpt lat="47.044959" lon="-123.138993"></trkpt><trkpt lat="47.044122" lon="-123.137233"></trkpt><trkpt lat="47.039981" lon="-123.127642"></trkpt><trkpt lat="47.039380" lon="-123.126397"></trkpt><trkpt lat="47.034423" lon="-123.119166"></trkpt><trkpt lat="47.033780" lon="-123.118007"></trkpt><trkpt lat="47.033522" lon="-123.117363"></trkpt><trkpt lat="47.033136" lon="-123.116012"></trkpt><trkpt lat="47.033007" lon="-123.115304"></trkpt><trkpt lat="47.032793" lon="-123.111184"></trkpt><trkpt lat="47.032578" lon="-123.105347"></trkpt><trkpt lat="47.032707" lon="-123.103158"></trkpt><trkpt lat="47.033393" lon="-123.099639"></trkpt><trkpt lat="47.034316" lon="-123.096850"></trkpt><trkpt lat="47.034080" lon="-123.096764"></trkpt><trkpt lat="47.033651" lon="-123.096249"></trkpt><trkpt lat="47.033501" lon="-123.093867"></trkpt><trkpt lat="47.032750" lon="-123.093181"></trkpt><trkpt lat="47.032042" lon="-123.093073"></trkpt><trkpt lat="47.030861" lon="-123.093803"></trkpt><trkpt lat="47.030497" lon="-123.094189"></trkpt><trkpt lat="47.030261" lon="-123.095090"></trkpt><trkpt lat="47.030046" lon="-123.097086"></trkpt><trkpt lat="47.029595" lon="-123.098459"></trkpt><trkpt lat="47.029467" lon="-123.099103"></trkpt><trkpt lat="47.028995" lon="-123.099961"></trkpt><trkpt lat="47.028501" lon="-123.101163"></trkpt><trkpt lat="47.027943" lon="-123.101978"></trkpt><trkpt lat="47.026699" lon="-123.105497"></trkpt><trkpt lat="47.025626" lon="-123.106978"></trkpt><trkpt lat="47.025518" lon="-123.107278"></trkpt><trkpt lat="47.025518" lon="-123.107793"></trkpt><trkpt lat="47.026033" lon="-123.109832"></trkpt><trkpt lat="47.026055" lon="-123.110240"></trkpt><trkpt lat="47.025862" lon="-123.110819"></trkpt><trkpt lat="47.025433" lon="-123.111677"></trkpt><trkpt lat="47.024789" lon="-123.112364"></trkpt><trkpt lat="47.024510" lon="-123.112943"></trkpt><trkpt lat="47.023973" lon="-123.113759"></trkpt><trkpt lat="47.023265" lon="-123.114295"></trkpt><trkpt lat="47.022064" lon="-123.115582"></trkpt><trkpt lat="47.022021" lon="-123.115883"></trkpt><trkpt lat="47.022085" lon="-123.117900"></trkpt><trkpt lat="47.022021" lon="-123.118286"></trkpt><trkpt lat="47.022321" lon="-123.119187"></trkpt><trkpt lat="47.022386" lon="-123.119681"></trkpt><trkpt lat="47.022343" lon="-123.120153"></trkpt><trkpt lat="47.022192" lon="-123.120625"></trkpt><trkpt lat="47.021420" lon="-123.121612"></trkpt><trkpt lat="47.021441" lon="-123.121741"></trkpt><trkpt lat="47.021828" lon="-123.122041"></trkpt><trkpt lat="47.021978" lon="-123.122277"></trkpt><trkpt lat="47.022214" lon="-123.124015"></trkpt><trkpt lat="47.022171" lon="-123.126569"></trkpt><trkpt lat="47.022235" lon="-123.128028"></trkpt><trkpt lat="47.022171" lon="-123.130796"></trkpt><trkpt lat="47.022514" lon="-123.134508"></trkpt><trkpt lat="47.023609" lon="-123.133113"></trkpt><trkpt lat="47.025325" lon="-123.132448"></trkpt><trkpt lat="47.025754" lon="-123.132169"></trkpt><trkpt lat="47.025926" lon="-123.132169"></trkpt><trkpt lat="47.026162" lon="-123.132341"></trkpt><trkpt lat="47.026441" lon="-123.133049"></trkpt><trkpt lat="47.026548" lon="-123.133821"></trkpt><trkpt lat="47.026849" lon="-123.134894"></trkpt><trkpt lat="47.027128" lon="-123.135409"></trkpt><trkpt lat="47.027771" lon="-123.135560"></trkpt><trkpt lat="47.029338" lon="-123.135345"></trkpt><trkpt lat="47.029638" lon="-123.135452"></trkpt><trkpt lat="47.029874" lon="-123.135924"></trkpt><trkpt lat="47.029853" lon="-123.136268"></trkpt><trkpt lat="47.029510" lon="-123.137083"></trkpt><trkpt lat="47.028759" lon="-123.137941"></trkpt><trkpt lat="47.027965" lon="-123.138499"></trkpt><trkpt lat="47.027600" lon="-123.139379"></trkpt><trkpt lat="47.027471" lon="-123.140194"></trkpt><trkpt lat="47.027535" lon="-123.140495"></trkpt><trkpt lat="47.027943" lon="-123.141332"></trkpt><trkpt lat="47.028008" lon="-123.141675"></trkpt><trkpt lat="47.027922" lon="-123.142319"></trkpt><trkpt lat="47.027943" lon="-123.142877"></trkpt><trkpt lat="47.028179" lon="-123.143606"></trkpt><trkpt lat="47.028244" lon="-123.144336"></trkpt><trkpt lat="47.028673" lon="-123.145216"></trkpt><trkpt lat="47.028844" lon="-123.146439"></trkpt><trkpt lat="47.029595" lon="-123.147597"></trkpt><trkpt lat="47.029724" lon="-123.148992"></trkpt><trkpt lat="47.030282" lon="-123.150022"></trkpt><trkpt lat="47.030303" lon="-123.150923"></trkpt><trkpt lat="47.030475" lon="-123.151653"></trkpt><trkpt lat="47.030840" lon="-123.152018"></trkpt><trkpt lat="47.031398" lon="-123.152318"></trkpt><trkpt lat="47.031612" lon="-123.152554"></trkpt><trkpt lat="47.031870" lon="-123.153198"></trkpt><trkpt lat="47.031891" lon="-123.153605"></trkpt><trkpt lat="47.031462" lon="-123.154807"></trkpt><trkpt lat="47.031398" lon="-123.155301"></trkpt><trkpt lat="47.031634" lon="-123.156502"></trkpt><trkpt lat="47.031655" lon="-123.158112"></trkpt><trkpt lat="47.031784" lon="-123.158519"></trkpt><trkpt lat="47.032063" lon="-123.158906"></trkpt><trkpt lat="47.032149" lon="-123.159313"></trkpt><trkpt lat="47.032106" lon="-123.159935"></trkpt><trkpt lat="47.031870" lon="-123.160150"></trkpt><trkpt lat="47.031698" lon="-123.160515"></trkpt><trkpt lat="47.031698" lon="-123.160815"></trkpt><trkpt lat="47.032020" lon="-123.161480"></trkpt><trkpt lat="47.031934" lon="-123.161738"></trkpt><trkpt lat="47.031634" lon="-123.162167"></trkpt><trkpt lat="47.031720" lon="-123.162510"></trkpt><trkpt lat="47.032514" lon="-123.163605"></trkpt><trkpt lat="47.032707" lon="-123.163648"></trkpt><trkpt lat="47.033222" lon="-123.163326"></trkpt><trkpt lat="47.033522" lon="-123.163412"></trkpt><trkpt lat="47.033758" lon="-123.163905"></trkpt><trkpt lat="47.033823" lon="-123.164356"></trkpt><trkpt lat="47.034080" lon="-123.164163"></trkpt><trkpt lat="47.035024" lon="-123.162618"></trkpt><trkpt lat="47.035153" lon="-123.162489"></trkpt><trkpt lat="47.035325" lon="-123.162489"></trkpt><trkpt lat="47.035561" lon="-123.162811"></trkpt><trkpt lat="47.035818" lon="-123.163691"></trkpt><trkpt lat="47.036140" lon="-123.164377"></trkpt><trkpt lat="47.037170" lon="-123.164849"></trkpt><trkpt lat="47.037535" lon="-123.165300"></trkpt><trkpt lat="47.037728" lon="-123.165944"></trkpt><trkpt lat="47.037706" lon="-123.166459"></trkpt><trkpt lat="47.037427" lon="-123.167188"></trkpt><trkpt lat="47.037256" lon="-123.168304"></trkpt><trkpt lat="47.037299" lon="-123.169055"></trkpt><trkpt lat="47.037728" lon="-123.171072"></trkpt><trkpt lat="47.037706" lon="-123.171566"></trkpt><trkpt lat="47.037148" lon="-123.172553"></trkpt><trkpt lat="47.036548" lon="-123.173282"></trkpt><trkpt lat="47.036140" lon="-123.173990"></trkpt><trkpt lat="47.035646" lon="-123.175492"></trkpt><trkpt lat="47.035196" lon="-123.176436"></trkpt><trkpt lat="47.035067" lon="-123.176930"></trkpt><trkpt lat="47.035325" lon="-123.177166"></trkpt><trkpt lat="47.035711" lon="-123.176973"></trkpt><trkpt lat="47.036097" lon="-123.177080"></trkpt><trkpt lat="47.036784" lon="-123.177617"></trkpt><trkpt lat="47.037234" lon="-123.178196"></trkpt><trkpt lat="47.037363" lon="-123.178668"></trkpt><trkpt lat="47.037406" lon="-123.180234"></trkpt><trkpt lat="47.037985" lon="-123.182380"></trkpt><trkpt lat="47.038479" lon="-123.183067"></trkpt><trkpt lat="47.039616" lon="-123.183990"></trkpt><trkpt lat="47.039852" lon="-123.184633"></trkpt><trkpt lat="47.039852" lon="-123.185427"></trkpt><trkpt lat="47.039595" lon="-123.186800"></trkpt><trkpt lat="47.039595" lon="-123.187788"></trkpt><trkpt lat="47.039680" lon="-123.188217"></trkpt><trkpt lat="47.039831" lon="-123.188646"></trkpt><trkpt lat="47.040303" lon="-123.189418"></trkpt><trkpt lat="47.041376" lon="-123.190513"></trkpt><trkpt lat="47.041676" lon="-123.190985"></trkpt><trkpt lat="47.041762" lon="-123.191628"></trkpt><trkpt lat="47.042298" lon="-123.192852"></trkpt><trkpt lat="47.042341" lon="-123.193088"></trkpt><trkpt lat="47.042212" lon="-123.195126"></trkpt><trkpt lat="47.042320" lon="-123.196135"></trkpt><trkpt lat="47.042298" lon="-123.197143"></trkpt><trkpt lat="47.042170" lon="-123.198795"></trkpt><trkpt lat="47.041934" lon="-123.199267"></trkpt><trkpt lat="47.041183" lon="-123.200254"></trkpt><trkpt lat="47.041075" lon="-123.200490"></trkpt><trkpt lat="47.041118" lon="-123.200812"></trkpt><trkpt lat="47.041268" lon="-123.201005"></trkpt><trkpt lat="47.041698" lon="-123.200405"></trkpt><trkpt lat="47.042062" lon="-123.200104"></trkpt><trkpt lat="47.042749" lon="-123.199782"></trkpt><trkpt lat="47.043264" lon="-123.199224"></trkpt><trkpt lat="47.043951" lon="-123.198109"></trkpt><trkpt lat="47.044466" lon="-123.196971"></trkpt><trkpt lat="47.044830" lon="-123.196392"></trkpt><trkpt lat="47.045388" lon="-123.195662"></trkpt><trkpt lat="47.045903" lon="-123.195276"></trkpt><trkpt lat="47.046375" lon="-123.194482"></trkpt><trkpt lat="47.046590" lon="-123.193645"></trkpt><trkpt lat="47.046804" lon="-123.191800"></trkpt><trkpt lat="47.046955" lon="-123.191478"></trkpt><trkpt lat="47.047405" lon="-123.190899"></trkpt><trkpt lat="47.047276" lon="-123.190556"></trkpt><trkpt lat="47.047019" lon="-123.190191"></trkpt><trkpt lat="47.046762" lon="-123.189998"></trkpt><trkpt lat="47.046676" lon="-123.189740"></trkpt><trkpt lat="47.046762" lon="-123.189440"></trkpt><trkpt lat="47.047019" lon="-123.189096"></trkpt><trkpt lat="47.047319" lon="-123.187809"></trkpt><trkpt lat="47.047491" lon="-123.187830"></trkpt><trkpt lat="47.047620" lon="-123.188066"></trkpt><trkpt lat="47.047963" lon="-123.189075"></trkpt><trkpt lat="47.048779" lon="-123.189526"></trkpt><trkpt lat="47.049165" lon="-123.190062"></trkpt><trkpt lat="47.049916" lon="-123.192787"></trkpt><trkpt lat="47.050581" lon="-123.192980"></trkpt><trkpt lat="47.051482" lon="-123.194890"></trkpt><trkpt lat="47.051761" lon="-123.195126"></trkpt><trkpt lat="47.052619" lon="-123.195255"></trkpt><trkpt lat="47.053349" lon="-123.196199"></trkpt><trkpt lat="47.053499" lon="-123.196242"></trkpt><trkpt lat="47.056096" lon="-123.196843"></trkpt><trkpt lat="47.056375" lon="-123.196714"></trkpt><trkpt lat="47.056675" lon="-123.195577"></trkpt><trkpt lat="47.056847" lon="-123.195341"></trkpt><trkpt lat="47.057104" lon="-123.195341"></trkpt><trkpt lat="47.057984" lon="-123.195705"></trkpt><trkpt lat="47.057769" lon="-123.195598"></trkpt><trkpt lat="47.057147" lon="-123.198817"></trkpt><trkpt lat="47.056568" lon="-123.201220"></trkpt><trkpt lat="47.056224" lon="-123.202465"></trkpt><trkpt lat="47.055817" lon="-123.203623"></trkpt><trkpt lat="47.055345" lon="-123.204718"></trkpt><trkpt lat="47.053649" lon="-123.208923"></trkpt><trkpt lat="47.051868" lon="-123.213472"></trkpt><trkpt lat="47.051611" lon="-123.214202"></trkpt><trkpt lat="47.051332" lon="-123.215017"></trkpt><trkpt lat="47.051117" lon="-123.215790"></trkpt><trkpt lat="47.050967" lon="-123.216391"></trkpt><trkpt lat="47.050602" lon="-123.217957"></trkpt><trkpt lat="47.050431" lon="-123.219008"></trkpt><trkpt lat="47.050281" lon="-123.220038"></trkpt><trkpt lat="47.050066" lon="-123.221862"></trkpt><trkpt lat="47.050002" lon="-123.223085"></trkpt><trkpt lat="47.049980" lon="-123.224244"></trkpt><trkpt lat="47.050023" lon="-123.225853"></trkpt><trkpt lat="47.050409" lon="-123.231132"></trkpt><trkpt lat="47.050495" lon="-123.232141"></trkpt><trkpt lat="47.050495" lon="-123.232591"></trkpt><trkpt lat="47.050474" lon="-123.232934"></trkpt><trkpt lat="47.050431" lon="-123.233471"></trkpt><trkpt lat="47.050366" lon="-123.233964"></trkpt><trkpt lat="47.050152" lon="-123.234780"></trkpt><trkpt lat="47.049830" lon="-123.235638"></trkpt><trkpt lat="47.049229" lon="-123.236969"></trkpt><trkpt lat="47.048585" lon="-123.238320"></trkpt><trkpt lat="47.047555" lon="-123.240745"></trkpt><trkpt lat="47.046654" lon="-123.244715"></trkpt><trkpt lat="47.046440" lon="-123.245831"></trkpt><trkpt lat="47.046032" lon="-123.247654"></trkpt><trkpt lat="47.045023" lon="-123.252461"></trkpt><trkpt lat="47.044873" lon="-123.253083"></trkpt><trkpt lat="47.044790" lon="-123.253476"></trkpt><trkpt lat="47.044637" lon="-123.254199"></trkpt><trkpt lat="47.044423" lon="-123.255079"></trkpt><trkpt lat="47.044272" lon="-123.256001"></trkpt><trkpt lat="47.044208" lon="-123.256817"></trkpt><trkpt lat="47.044101" lon="-123.258469"></trkpt><trkpt lat="47.043972" lon="-123.259671"></trkpt><trkpt lat="47.043800" lon="-123.260658"></trkpt><trkpt lat="47.043371" lon="-123.262417"></trkpt><trkpt lat="47.043350" lon="-123.262568"></trkpt><trkpt lat="47.043350" lon="-123.262696"></trkpt><trkpt lat="47.043371" lon="-123.263276"></trkpt><trkpt lat="47.043436" lon="-123.263276"></trkpt><trkpt lat="47.044959" lon="-123.263168"></trkpt><trkpt lat="47.045968" lon="-123.263104"></trkpt><trkpt lat="47.046408" lon="-123.263069"></trkpt><trkpt lat="47.046783" lon="-123.263040"></trkpt><trkpt lat="47.046847" lon="-123.263040"></trkpt><trkpt lat="47.046783" lon="-123.263040"></trkpt><trkpt lat="47.046847" lon="-123.263040"></trkpt><trkpt lat="47.048414" lon="-123.262911"></trkpt><trkpt lat="47.048671" lon="-123.262911"></trkpt><trkpt lat="47.048993" lon="-123.263597"></trkpt><trkpt lat="47.049143" lon="-123.263769"></trkpt><trkpt lat="47.049508" lon="-123.264091"></trkpt><trkpt lat="47.049873" lon="-123.264284"></trkpt><trkpt lat="47.050195" lon="-123.264327"></trkpt><trkpt lat="47.051075" lon="-123.264434"></trkpt><trkpt lat="47.051589" lon="-123.264542"></trkpt><trkpt lat="47.051997" lon="-123.264670"></trkpt><trkpt lat="47.052727" lon="-123.264799"></trkpt><trkpt lat="47.053049" lon="-123.264842"></trkpt><trkpt lat="47.053392" lon="-123.264906"></trkpt><trkpt lat="47.053800" lon="-123.264971"></trkpt><trkpt lat="47.054014" lon="-123.265014"></trkpt><trkpt lat="47.054079" lon="-123.265035"></trkpt><trkpt lat="47.054358" lon="-123.265078"></trkpt><trkpt lat="47.055151" lon="-123.265142"></trkpt><trkpt lat="47.055393" lon="-123.265175"></trkpt><trkpt lat="47.055409" lon="-123.264928"></trkpt><trkpt lat="47.055393" lon="-123.265175"></trkpt><trkpt lat="47.055624" lon="-123.265207"></trkpt><trkpt lat="47.055602" lon="-123.265872"></trkpt><trkpt lat="47.055624" lon="-123.266451"></trkpt><trkpt lat="47.055602" lon="-123.267975"></trkpt><trkpt lat="47.055602" lon="-123.268597"></trkpt><trkpt lat="47.055581" lon="-123.269455"></trkpt><trkpt lat="47.055581" lon="-123.269541"></trkpt><trkpt lat="47.055581" lon="-123.271022"></trkpt><trkpt lat="47.055602" lon="-123.272438"></trkpt><trkpt lat="47.055581" lon="-123.273897"></trkpt><trkpt lat="47.055602" lon="-123.274777"></trkpt><trkpt lat="47.055602" lon="-123.275335"></trkpt><trkpt lat="47.055602" lon="-123.275785"></trkpt><trkpt lat="47.055602" lon="-123.277309"></trkpt><trkpt lat="47.055602" lon="-123.278167"></trkpt><trkpt lat="47.055688" lon="-123.282716"></trkpt><trkpt lat="47.055709" lon="-123.284326"></trkpt><trkpt lat="47.055731" lon="-123.286557"></trkpt><trkpt lat="47.055731" lon="-123.287673"></trkpt><trkpt lat="47.055774" lon="-123.291514"></trkpt><trkpt lat="47.055731" lon="-123.291922"></trkpt><trkpt lat="47.055366" lon="-123.293273"></trkpt><trkpt lat="47.054937" lon="-123.294261"></trkpt><trkpt lat="47.053521" lon="-123.297908"></trkpt><trkpt lat="47.052062" lon="-123.301556"></trkpt><trkpt lat="47.050731" lon="-123.304367"></trkpt><trkpt lat="47.049637" lon="-123.306706"></trkpt><trkpt lat="47.049551" lon="-123.306878"></trkpt><trkpt lat="47.049057" lon="-123.307972"></trkpt><trkpt lat="47.043822" lon="-123.319087"></trkpt><trkpt lat="47.043629" lon="-123.319538"></trkpt><trkpt lat="47.043157" lon="-123.320332"></trkpt><trkpt lat="47.042942" lon="-123.320782"></trkpt><trkpt lat="47.042813" lon="-123.321147"></trkpt><trkpt lat="47.042685" lon="-123.321469"></trkpt><trkpt lat="47.042320" lon="-123.322456"></trkpt><trkpt lat="47.042019" lon="-123.323143"></trkpt><trkpt lat="47.041569" lon="-123.323958"></trkpt><trkpt lat="47.041290" lon="-123.324473"></trkpt><trkpt lat="47.041204" lon="-123.324687"></trkpt><trkpt lat="47.040818" lon="-123.325353"></trkpt><trkpt lat="47.040646" lon="-123.325739"></trkpt><trkpt lat="47.040496" lon="-123.326318"></trkpt><trkpt lat="47.040431" lon="-123.326747"></trkpt><trkpt lat="47.040410" lon="-123.327198"></trkpt><trkpt lat="47.040238" lon="-123.330245"></trkpt><trkpt lat="47.040238" lon="-123.330567"></trkpt><trkpt lat="47.040153" lon="-123.331296"></trkpt><trkpt lat="47.040153" lon="-123.331811"></trkpt><trkpt lat="47.040110" lon="-123.332176"></trkpt><trkpt lat="47.039981" lon="-123.332777"></trkpt><trkpt lat="47.039766" lon="-123.333335"></trkpt><trkpt lat="47.039595" lon="-123.333635"></trkpt><trkpt lat="47.039444" lon="-123.333871"></trkpt><trkpt lat="47.039144" lon="-123.334258"></trkpt><trkpt lat="47.038586" lon="-123.335030"></trkpt><trkpt lat="47.037749" lon="-123.336232"></trkpt><trkpt lat="47.036848" lon="-123.337305"></trkpt><trkpt lat="47.036269" lon="-123.338120"></trkpt><trkpt lat="47.035990" lon="-123.338549"></trkpt><trkpt lat="47.035732" lon="-123.338978"></trkpt><trkpt lat="47.035367" lon="-123.339622"></trkpt><trkpt lat="47.034874" lon="-123.340437"></trkpt><trkpt lat="47.034595" lon="-123.340802"></trkpt><trkpt lat="47.033994" lon="-123.341382"></trkpt><trkpt lat="47.033544" lon="-123.341746"></trkpt><trkpt lat="47.031848" lon="-123.342905"></trkpt><trkpt lat="47.031462" lon="-123.343313"></trkpt><trkpt lat="47.031226" lon="-123.343592"></trkpt><trkpt lat="47.031033" lon="-123.343892"></trkpt><trkpt lat="47.030987" lon="-123.344029"></trkpt><trkpt lat="47.030904" lon="-123.344278"></trkpt><trkpt lat="47.030475" lon="-123.345330"></trkpt><trkpt lat="47.030282" lon="-123.345695"></trkpt><trkpt lat="47.030218" lon="-123.345952"></trkpt><trkpt lat="47.030175" lon="-123.346295"></trkpt><trkpt lat="47.030175" lon="-123.346660"></trkpt><trkpt lat="47.030261" lon="-123.347540"></trkpt><trkpt lat="47.030239" lon="-123.347926"></trkpt><trkpt lat="47.030175" lon="-123.348312"></trkpt><trkpt lat="47.030067" lon="-123.348656"></trkpt><trkpt lat="47.029939" lon="-123.348935"></trkpt><trkpt lat="47.029467" lon="-123.349557"></trkpt><trkpt lat="47.029274" lon="-123.349879"></trkpt><trkpt lat="47.028351" lon="-123.351767"></trkpt><trkpt lat="47.028244" lon="-123.352025"></trkpt><trkpt lat="47.027578" lon="-123.353698"></trkpt><trkpt lat="47.027471" lon="-123.354084"></trkpt><trkpt lat="47.027299" lon="-123.354900"></trkpt><trkpt lat="47.026956" lon="-123.356380"></trkpt><trkpt lat="47.026827" lon="-123.356895"></trkpt><trkpt lat="47.026720" lon="-123.357346"></trkpt><trkpt lat="47.026398" lon="-123.358934"></trkpt><trkpt lat="47.026377" lon="-123.359170"></trkpt><trkpt lat="47.026334" lon="-123.359385"></trkpt><trkpt lat="47.026141" lon="-123.359878"></trkpt><trkpt lat="47.026055" lon="-123.360157"></trkpt><trkpt lat="47.026033" lon="-123.360372"></trkpt><trkpt lat="47.026227" lon="-123.360329"></trkpt><trkpt lat="47.027192" lon="-123.360286"></trkpt><trkpt lat="47.028801" lon="-123.360350"></trkpt><trkpt lat="47.030132" lon="-123.360393"></trkpt><trkpt lat="47.030454" lon="-123.360457"></trkpt><trkpt lat="47.031140" lon="-123.360779"></trkpt><trkpt lat="47.031977" lon="-123.361444"></trkpt><trkpt lat="47.032900" lon="-123.362324"></trkpt><trkpt lat="47.033501" lon="-123.362968"></trkpt><trkpt lat="47.034273" lon="-123.363290"></trkpt><trkpt lat="47.035153" lon="-123.363547"></trkpt><trkpt lat="47.035582" lon="-123.363655"></trkpt><trkpt lat="47.036676" lon="-123.363740"></trkpt><trkpt lat="47.038200" lon="-123.363783"></trkpt><trkpt lat="47.039444" lon="-123.363805"></trkpt><trkpt lat="47.040517" lon="-123.363762"></trkpt><trkpt lat="47.041461" lon="-123.363783"></trkpt><trkpt lat="47.044530" lon="-123.363912"></trkpt><trkpt lat="47.045989" lon="-123.363848"></trkpt><trkpt lat="47.046161" lon="-123.363805"></trkpt><trkpt lat="47.046826" lon="-123.363440"></trkpt><trkpt lat="47.047212" lon="-123.363290"></trkpt><trkpt lat="47.047448" lon="-123.363268"></trkpt><trkpt lat="47.048349" lon="-123.363698"></trkpt><trkpt lat="47.049594" lon="-123.364105"></trkpt><trkpt lat="47.050774" lon="-123.364513"></trkpt><trkpt lat="47.051075" lon="-123.364663"></trkpt><trkpt lat="47.051997" lon="-123.364964"></trkpt><trkpt lat="47.052748" lon="-123.365393"></trkpt><trkpt lat="47.053092" lon="-123.365715"></trkpt><trkpt lat="47.053521" lon="-123.366208"></trkpt><trkpt lat="47.054336" lon="-123.367281"></trkpt><trkpt lat="47.054658" lon="-123.367774"></trkpt><trkpt lat="47.055130" lon="-123.368375"></trkpt><trkpt lat="47.055409" lon="-123.368804"></trkpt><trkpt lat="47.055688" lon="-123.369148"></trkpt><trkpt lat="47.056439" lon="-123.369813"></trkpt><trkpt lat="47.057018" lon="-123.370414"></trkpt><trkpt lat="47.057297" lon="-123.370736"></trkpt><trkpt lat="47.057791" lon="-123.371015"></trkpt><trkpt lat="47.058134" lon="-123.371036"></trkpt><trkpt lat="47.058799" lon="-123.371015"></trkpt><trkpt lat="47.059722" lon="-123.371036"></trkpt><trkpt lat="47.060602" lon="-123.371036"></trkpt><trkpt lat="47.061503" lon="-123.371079"></trkpt><trkpt lat="47.062125" lon="-123.370843"></trkpt><trkpt lat="47.062705" lon="-123.370585"></trkpt><trkpt lat="47.063134" lon="-123.370521"></trkpt><trkpt lat="47.063649" lon="-123.370500"></trkpt><trkpt lat="47.063928" lon="-123.370564"></trkpt><trkpt lat="47.064486" lon="-123.370779"></trkpt><trkpt lat="47.064657" lon="-123.370864"></trkpt><trkpt lat="47.065151" lon="-123.371251"></trkpt><trkpt lat="47.066031" lon="-123.372281"></trkpt><trkpt lat="47.066202" lon="-123.372538"></trkpt><trkpt lat="47.066481" lon="-123.372903"></trkpt><trkpt lat="47.066803" lon="-123.373268"></trkpt><trkpt lat="47.066996" lon="-123.373525"></trkpt><trkpt lat="47.067211" lon="-123.373718"></trkpt><trkpt lat="47.067533" lon="-123.373954"></trkpt><trkpt lat="47.068026" lon="-123.374212"></trkpt><trkpt lat="47.068434" lon="-123.374383"></trkpt><trkpt lat="47.069399" lon="-123.374748"></trkpt><trkpt lat="47.069829" lon="-123.374813"></trkpt><trkpt lat="47.069957" lon="-123.374748"></trkpt><trkpt lat="47.070107" lon="-123.374684"></trkpt><trkpt lat="47.070322" lon="-123.374555"></trkpt><trkpt lat="47.070537" lon="-123.374405"></trkpt><trkpt lat="47.071137" lon="-123.374062"></trkpt><trkpt lat="47.071395" lon="-123.373826"></trkpt><trkpt lat="47.071652" lon="-123.373611"></trkpt><trkpt lat="47.072361" lon="-123.373139"></trkpt><trkpt lat="47.073326" lon="-123.372474"></trkpt><trkpt lat="47.073669" lon="-123.372324"></trkpt><trkpt lat="47.073970" lon="-123.372259"></trkpt><trkpt lat="47.074163" lon="-123.372259"></trkpt><trkpt lat="47.076502" lon="-123.372452"></trkpt><trkpt lat="47.077682" lon="-123.372517"></trkpt><trkpt lat="47.078090" lon="-123.372452"></trkpt><trkpt lat="47.078433" lon="-123.372259"></trkpt><trkpt lat="47.078991" lon="-123.371744"></trkpt><trkpt lat="47.079656" lon="-123.370907"></trkpt><trkpt lat="47.079935" lon="-123.370671"></trkpt><trkpt lat="47.080107" lon="-123.370607"></trkpt><trkpt lat="47.080343" lon="-123.370564"></trkpt><trkpt lat="47.080622" lon="-123.370585"></trkpt><trkpt lat="47.080901" lon="-123.370693"></trkpt><trkpt lat="47.081394" lon="-123.371143"></trkpt><trkpt lat="47.082081" lon="-123.371530"></trkpt><trkpt lat="47.082424" lon="-123.371615"></trkpt><trkpt lat="47.082639" lon="-123.371723"></trkpt><trkpt lat="47.082875" lon="-123.371830"></trkpt><trkpt lat="47.083905" lon="-123.370757"></trkpt><trkpt lat="47.084355" lon="-123.370521"></trkpt><trkpt lat="47.085063" lon="-123.370457"></trkpt><trkpt lat="47.085729" lon="-123.370585"></trkpt><trkpt lat="47.086930" lon="-123.371358"></trkpt><trkpt lat="47.087703" lon="-123.371487"></trkpt><trkpt lat="47.088776" lon="-123.370392"></trkpt><trkpt lat="47.089055" lon="-123.370264"></trkpt><trkpt lat="47.090857" lon="-123.370264"></trkpt><trkpt lat="47.091093" lon="-123.370135"></trkpt><trkpt lat="47.091715" lon="-123.370028"></trkpt><trkpt lat="47.092445" lon="-123.369792"></trkpt><trkpt lat="47.093561" lon="-123.369598"></trkpt><trkpt lat="47.094955" lon="-123.369062"></trkpt><trkpt lat="47.096200" lon="-123.368053"></trkpt><trkpt lat="47.097123" lon="-123.365822"></trkpt><trkpt lat="47.097423" lon="-123.365285"></trkpt><trkpt lat="47.098603" lon="-123.363912"></trkpt><trkpt lat="47.099011" lon="-123.363268"></trkpt><trkpt lat="47.099483" lon="-123.362024"></trkpt><trkpt lat="47.099826" lon="-123.361659"></trkpt><trkpt lat="47.101028" lon="-123.360972"></trkpt><trkpt lat="47.101243" lon="-123.360693"></trkpt><trkpt lat="47.101994" lon="-123.359857"></trkpt><trkpt lat="47.102745" lon="-123.358762"></trkpt><trkpt lat="47.102873" lon="-123.358548"></trkpt><trkpt lat="47.104096" lon="-123.356187"></trkpt><trkpt lat="47.107637" lon="-123.348591"></trkpt><trkpt lat="47.107723" lon="-123.348205"></trkpt><trkpt lat="47.107852" lon="-123.348119"></trkpt><trkpt lat="47.108924" lon="-123.345802"></trkpt><trkpt lat="47.109268" lon="-123.344300"></trkpt><trkpt lat="47.109611" lon="-123.340416"></trkpt><trkpt lat="47.109869" lon="-123.339536"></trkpt><trkpt lat="47.110641" lon="-123.337541"></trkpt><trkpt lat="47.110856" lon="-123.337326"></trkpt><trkpt lat="47.112701" lon="-123.336639"></trkpt><trkpt lat="47.113538" lon="-123.335824"></trkpt><trkpt lat="47.113860" lon="-123.334687"></trkpt><trkpt lat="47.113881" lon="-123.334322"></trkpt><trkpt lat="47.113967" lon="-123.334258"></trkpt><trkpt lat="47.115319" lon="-123.330202"></trkpt><trkpt lat="47.115963" lon="-123.329172"></trkpt><trkpt lat="47.116606" lon="-123.328571"></trkpt><trkpt lat="47.117078" lon="-123.328443"></trkpt><trkpt lat="47.118516" lon="-123.328593"></trkpt><trkpt lat="47.120941" lon="-123.330417"></trkpt><trkpt lat="47.121284" lon="-123.330503"></trkpt><trkpt lat="47.122078" lon="-123.330374"></trkpt><trkpt lat="47.123730" lon="-123.329709"></trkpt><trkpt lat="47.124825" lon="-123.329043"></trkpt><trkpt lat="47.125533" lon="-123.328528"></trkpt><trkpt lat="47.125726" lon="-123.328357"></trkpt><trkpt lat="47.126799" lon="-123.327692"></trkpt><trkpt lat="47.127593" lon="-123.327627"></trkpt><trkpt lat="47.127957" lon="-123.327670"></trkpt><trkpt lat="47.129459" lon="-123.327863"></trkpt><trkpt lat="47.131627" lon="-123.328271"></trkpt><trkpt lat="47.132592" lon="-123.328207"></trkpt><trkpt lat="47.133129" lon="-123.327928"></trkpt><trkpt lat="47.134609" lon="-123.327327"></trkpt><trkpt lat="47.135103" lon="-123.326833"></trkpt><trkpt lat="47.135296" lon="-123.326468"></trkpt><trkpt lat="47.135489" lon="-123.326683"></trkpt><trkpt lat="47.135639" lon="-123.327048"></trkpt><trkpt lat="47.135661" lon="-123.327971"></trkpt><trkpt lat="47.135768" lon="-123.329580"></trkpt><trkpt lat="47.135788" lon="-123.330158"></trkpt><trkpt lat="47.135870" lon="-123.331926"></trkpt><trkpt lat="47.136034" lon="-123.335051"></trkpt><trkpt lat="47.136185" lon="-123.337272"></trkpt><trkpt lat="47.136199" lon="-123.338773"></trkpt><trkpt lat="47.136048" lon="-123.340335"></trkpt><trkpt lat="47.135309" lon="-123.341795"></trkpt><trkpt lat="47.134501" lon="-123.342494"></trkpt><trkpt lat="47.133652" lon="-123.343193"></trkpt><trkpt lat="47.132981" lon="-123.343707"></trkpt><trkpt lat="47.132105" lon="-123.344016"></trkpt><trkpt lat="47.132092" lon="-123.344016"></trkpt><trkpt lat="47.131065" lon="-123.344036"></trkpt><trkpt lat="47.130489" lon="-123.344042"></trkpt><trkpt lat="47.129545" lon="-123.344793"></trkpt><trkpt lat="47.127678" lon="-123.347433"></trkpt><trkpt lat="47.127314" lon="-123.347905"></trkpt><trkpt lat="47.127035" lon="-123.348355"></trkpt><trkpt lat="47.126691" lon="-123.349450"></trkpt><trkpt lat="47.126842" lon="-123.350716"></trkpt><trkpt lat="47.126777" lon="-123.351552"></trkpt><trkpt lat="47.126348" lon="-123.352346"></trkpt><trkpt lat="47.125940" lon="-123.353505"></trkpt><trkpt lat="47.125962" lon="-123.354471"></trkpt><trkpt lat="47.126133" lon="-123.355415"></trkpt><trkpt lat="47.126026" lon="-123.357239"></trkpt><trkpt lat="47.126048" lon="-123.358698"></trkpt><trkpt lat="47.125876" lon="-123.359749"></trkpt><trkpt lat="47.125576" lon="-123.360865"></trkpt><trkpt lat="47.124825" lon="-123.362689"></trkpt><trkpt lat="47.123301" lon="-123.366659"></trkpt><trkpt lat="47.122400" lon="-123.367925"></trkpt><trkpt lat="47.121756" lon="-123.369277"></trkpt><trkpt lat="47.119975" lon="-123.373375"></trkpt><trkpt lat="47.119117" lon="-123.374877"></trkpt><trkpt lat="47.118108" lon="-123.376272"></trkpt><trkpt lat="47.117872" lon="-123.376572"></trkpt><trkpt lat="47.117593" lon="-123.376958"></trkpt><trkpt lat="47.116864" lon="-123.378203"></trkpt><trkpt lat="47.116628" lon="-123.378718"></trkpt><trkpt lat="47.116177" lon="-123.379490"></trkpt><trkpt lat="47.115963" lon="-123.379984"></trkpt><trkpt lat="47.115705" lon="-123.380413"></trkpt><trkpt lat="47.115512" lon="-123.381121"></trkpt><trkpt lat="47.115362" lon="-123.382602"></trkpt><trkpt lat="47.115233" lon="-123.382924"></trkpt><trkpt lat="47.114761" lon="-123.383503"></trkpt><trkpt lat="47.114224" lon="-123.383718"></trkpt><trkpt lat="47.113001" lon="-123.383353"></trkpt><trkpt lat="47.112486" lon="-123.383589"></trkpt><trkpt lat="47.111864" lon="-123.383996"></trkpt><trkpt lat="47.110984" lon="-123.384919"></trkpt><trkpt lat="47.110662" lon="-123.385177"></trkpt><trkpt lat="47.110298" lon="-123.385134"></trkpt><trkpt lat="47.106929" lon="-123.385477"></trkpt><trkpt lat="47.105470" lon="-123.385756"></trkpt><trkpt lat="47.104590" lon="-123.386486"></trkpt><trkpt lat="47.103989" lon="-123.387215"></trkpt><trkpt lat="47.103496" lon="-123.387516"></trkpt><trkpt lat="47.103410" lon="-123.387730"></trkpt><trkpt lat="47.102165" lon="-123.389575"></trkpt><trkpt lat="47.102058" lon="-123.390090"></trkpt><trkpt lat="47.101972" lon="-123.391914"></trkpt><trkpt lat="47.102058" lon="-123.392944"></trkpt><trkpt lat="47.101972" lon="-123.396463"></trkpt><trkpt lat="47.101779" lon="-123.397558"></trkpt><trkpt lat="47.101178" lon="-123.399103"></trkpt><trkpt lat="47.100663" lon="-123.400068"></trkpt><trkpt lat="47.100041" lon="-123.401742"></trkpt><trkpt lat="47.099762" lon="-123.402858"></trkpt><trkpt lat="47.099655" lon="-123.404102"></trkpt><trkpt lat="47.100213" lon="-123.406034"></trkpt><trkpt lat="47.100577" lon="-123.407986"></trkpt><trkpt lat="47.100964" lon="-123.409982"></trkpt><trkpt lat="47.101285" lon="-123.410819"></trkpt><trkpt lat="47.101371" lon="-123.412385"></trkpt><trkpt lat="47.101285" lon="-123.414102"></trkpt><trkpt lat="47.101135" lon="-123.414338"></trkpt><trkpt lat="47.101049" lon="-123.414338"></trkpt><trkpt lat="47.100964" lon="-123.415411"></trkpt><trkpt lat="47.100964" lon="-123.418586"></trkpt><trkpt lat="47.101436" lon="-123.420925"></trkpt><trkpt lat="47.101436" lon="-123.421998"></trkpt><trkpt lat="47.100835" lon="-123.425453"></trkpt><trkpt lat="47.100813" lon="-123.426826"></trkpt><trkpt lat="47.101521" lon="-123.427899"></trkpt><trkpt lat="47.101672" lon="-123.428285"></trkpt><trkpt lat="47.101693" lon="-123.428993"></trkpt><trkpt lat="47.101543" lon="-123.429701"></trkpt><trkpt lat="47.101200" lon="-123.431375"></trkpt><trkpt lat="47.100985" lon="-123.432276"></trkpt><trkpt lat="47.100234" lon="-123.435152"></trkpt><trkpt lat="47.100213" lon="-123.435581"></trkpt><trkpt lat="47.100148" lon="-123.440816"></trkpt><trkpt lat="47.100105" lon="-123.442276"></trkpt><trkpt lat="47.100041" lon="-123.442705"></trkpt><trkpt lat="47.099912" lon="-123.443456"></trkpt><trkpt lat="47.099891" lon="-123.443928"></trkpt><trkpt lat="47.099934" lon="-123.444486"></trkpt><trkpt lat="47.099998" lon="-123.445172"></trkpt><trkpt lat="47.099998" lon="-123.445623"></trkpt><trkpt lat="47.099848" lon="-123.446116"></trkpt><trkpt lat="47.099440" lon="-123.447146"></trkpt><trkpt lat="47.099226" lon="-123.447511"></trkpt><trkpt lat="47.098603" lon="-123.448176"></trkpt><trkpt lat="47.098303" lon="-123.448584"></trkpt><trkpt lat="47.097166" lon="-123.453734"></trkpt><trkpt lat="47.096865" lon="-123.454893"></trkpt><trkpt lat="47.096565" lon="-123.455815"></trkpt><trkpt lat="47.096415" lon="-123.456545"></trkpt><trkpt lat="47.096436" lon="-123.456867"></trkpt><trkpt lat="47.096779" lon="-123.457875"></trkpt><trkpt lat="47.096822" lon="-123.458154"></trkpt><trkpt lat="47.096908" lon="-123.459227"></trkpt><trkpt lat="47.096930" lon="-123.460000"></trkpt><trkpt lat="47.096887" lon="-123.460622"></trkpt><trkpt lat="47.096565" lon="-123.461673"></trkpt><trkpt lat="47.095449" lon="-123.464870"></trkpt><trkpt lat="47.095063" lon="-123.466201"></trkpt><trkpt lat="47.095556" lon="-123.466222"></trkpt><trkpt lat="47.096801" lon="-123.466158"></trkpt><trkpt lat="47.097766" lon="-123.466394"></trkpt><trkpt lat="47.097960" lon="-123.466544"></trkpt><trkpt lat="47.098539" lon="-123.466802"></trkpt><trkpt lat="47.098882" lon="-123.467016"></trkpt><trkpt lat="47.099140" lon="-123.467488"></trkpt><trkpt lat="47.099311" lon="-123.468518"></trkpt><trkpt lat="47.099762" lon="-123.469849"></trkpt><trkpt lat="47.099955" lon="-123.470900"></trkpt><trkpt lat="47.099891" lon="-123.471072"></trkpt><trkpt lat="47.099440" lon="-123.473303"></trkpt><trkpt lat="47.097766" lon="-123.475342"></trkpt><trkpt lat="47.097573" lon="-123.475599"></trkpt><trkpt lat="47.097037" lon="-123.476222"></trkpt><trkpt lat="47.096565" lon="-123.476844"></trkpt><trkpt lat="47.096350" lon="-123.477294"></trkpt><trkpt lat="47.096307" lon="-123.477616"></trkpt><trkpt lat="47.095964" lon="-123.480299"></trkpt><trkpt lat="47.095878" lon="-123.480406"></trkpt><trkpt lat="47.095771" lon="-123.481414"></trkpt><trkpt lat="47.095320" lon="-123.483324"></trkpt><trkpt lat="47.094548" lon="-123.485727"></trkpt><trkpt lat="47.094483" lon="-123.485920"></trkpt><trkpt lat="47.093475" lon="-123.488603"></trkpt><trkpt lat="47.093368" lon="-123.489139"></trkpt><trkpt lat="47.093024" lon="-123.489375"></trkpt><trkpt lat="47.093561" lon="-123.489375"></trkpt><trkpt lat="47.093904" lon="-123.489375"></trkpt><trkpt lat="47.095213" lon="-123.488817"></trkpt><trkpt lat="47.095942" lon="-123.488367"></trkpt><trkpt lat="47.096715" lon="-123.488216"></trkpt><trkpt lat="47.096779" lon="-123.488109"></trkpt><trkpt lat="47.098968" lon="-123.487830"></trkpt><trkpt lat="47.101607" lon="-123.486371"></trkpt><trkpt lat="47.102444" lon="-123.486178"></trkpt><trkpt lat="47.103066" lon="-123.486135"></trkpt><trkpt lat="47.103195" lon="-123.486028"></trkpt><trkpt lat="47.105298" lon="-123.485899"></trkpt><trkpt lat="47.106864" lon="-123.485534"></trkpt><trkpt lat="47.107937" lon="-123.485513"></trkpt><trkpt lat="47.108066" lon="-123.485212"></trkpt><trkpt lat="47.110770" lon="-123.484504"></trkpt><trkpt lat="47.112701" lon="-123.484032"></trkpt><trkpt lat="47.112830" lon="-123.483946"></trkpt><trkpt lat="47.113688" lon="-123.483903"></trkpt><trkpt lat="47.113945" lon="-123.484461"></trkpt><trkpt lat="47.114503" lon="-123.485084"></trkpt><trkpt lat="47.114890" lon="-123.485770"></trkpt><trkpt lat="47.115619" lon="-123.486822"></trkpt><trkpt lat="47.116048" lon="-123.487616"></trkpt><trkpt lat="47.116199" lon="-123.487809"></trkpt><trkpt lat="47.116349" lon="-123.487980"></trkpt><trkpt lat="47.117593" lon="-123.488731"></trkpt><trkpt lat="47.120039" lon="-123.489032"></trkpt><trkpt lat="47.125833" lon="-123.489697"></trkpt><trkpt lat="47.126949" lon="-123.489654"></trkpt><trkpt lat="47.127099" lon="-123.489590"></trkpt><trkpt lat="47.127335" lon="-123.489354"></trkpt><trkpt lat="47.128708" lon="-123.487895"></trkpt><trkpt lat="47.130704" lon="-123.486736"></trkpt><trkpt lat="47.132163" lon="-123.486028"></trkpt><trkpt lat="47.132614" lon="-123.485985"></trkpt><trkpt lat="47.132678" lon="-123.485899"></trkpt><trkpt lat="47.133536" lon="-123.485899"></trkpt><trkpt lat="47.139544" lon="-123.485878"></trkpt><trkpt lat="47.140467" lon="-123.486564"></trkpt><trkpt lat="47.140574" lon="-123.486564"></trkpt><trkpt lat="47.140939" lon="-123.487165"></trkpt><trkpt lat="47.141325" lon="-123.488109"></trkpt><trkpt lat="47.142227" lon="-123.489096"></trkpt><trkpt lat="47.142591" lon="-123.489482"></trkpt><trkpt lat="47.142763" lon="-123.489611"></trkpt><trkpt lat="47.143214" lon="-123.490040"></trkpt><trkpt lat="47.143965" lon="-123.490276"></trkpt><trkpt lat="47.144737" lon="-123.490298"></trkpt><trkpt lat="47.145660" lon="-123.490255"></trkpt><trkpt lat="47.146518" lon="-123.490255"></trkpt><trkpt lat="47.148020" lon="-123.490341"></trkpt><trkpt lat="47.149200" lon="-123.490319"></trkpt><trkpt lat="47.151003" lon="-123.490298"></trkpt><trkpt lat="47.151217" lon="-123.490362"></trkpt><trkpt lat="47.151368" lon="-123.490384"></trkpt><trkpt lat="47.151604" lon="-123.490534"></trkpt><trkpt lat="47.151690" lon="-123.490577"></trkpt><trkpt lat="47.152054" lon="-123.491006"></trkpt><trkpt lat="47.152483" lon="-123.491650"></trkpt><trkpt lat="47.152677" lon="-123.491843"></trkpt><trkpt lat="47.155573" lon="-123.494353"></trkpt><trkpt lat="47.155681" lon="-123.494461"></trkpt><trkpt lat="47.156045" lon="-123.494933"></trkpt><trkpt lat="47.156281" lon="-123.495362"></trkpt><trkpt lat="47.156410" lon="-123.495641"></trkpt><trkpt lat="47.160702" lon="-123.502271"></trkpt><trkpt lat="47.161925" lon="-123.504074"></trkpt><trkpt lat="47.162955" lon="-123.505855"></trkpt><trkpt lat="47.163234" lon="-123.506584"></trkpt><trkpt lat="47.163556" lon="-123.507056"></trkpt><trkpt lat="47.163835" lon="-123.507442"></trkpt><trkpt lat="47.164264" lon="-123.508022"></trkpt><trkpt lat="47.164714" lon="-123.508515"></trkpt><trkpt lat="47.165294" lon="-123.509245"></trkpt><trkpt lat="47.165616" lon="-123.509524"></trkpt><trkpt lat="47.166088" lon="-123.509674"></trkpt><trkpt lat="47.166903" lon="-123.509653"></trkpt><trkpt lat="47.167461" lon="-123.509588"></trkpt><trkpt lat="47.168019" lon="-123.509481"></trkpt><trkpt lat="47.168920" lon="-123.509459"></trkpt><trkpt lat="47.169027" lon="-123.509481"></trkpt><trkpt lat="47.171752" lon="-123.509352"></trkpt><trkpt lat="47.174628" lon="-123.509288"></trkpt><trkpt lat="47.175894" lon="-123.509202"></trkpt><trkpt lat="47.176495" lon="-123.509116"></trkpt><trkpt lat="47.177868" lon="-123.510103"></trkpt><trkpt lat="47.178319" lon="-123.510253"></trkpt><trkpt lat="47.179198" lon="-123.509889"></trkpt><trkpt lat="47.179799" lon="-123.510039"></trkpt><trkpt lat="47.180550" lon="-123.510532"></trkpt><trkpt lat="47.181752" lon="-123.511670"></trkpt><trkpt lat="47.182245" lon="-123.512421"></trkpt><trkpt lat="47.183704" lon="-123.514438"></trkpt><trkpt lat="47.188232" lon="-123.516626"></trkpt><trkpt lat="47.190013" lon="-123.516262"></trkpt><trkpt lat="47.190206" lon="-123.516262"></trkpt><trkpt lat="47.190957" lon="-123.516326"></trkpt><trkpt lat="47.194154" lon="-123.516498"></trkpt><trkpt lat="47.195656" lon="-123.516433"></trkpt><trkpt lat="47.198188" lon="-123.515553"></trkpt><trkpt lat="47.199926" lon="-123.515060"></trkpt><trkpt lat="47.200699" lon="-123.514781"></trkpt><trkpt lat="47.202137" lon="-123.514481"></trkpt><trkpt lat="47.205269" lon="-123.514073"></trkpt><trkpt lat="47.206707" lon="-123.513858"></trkpt><trkpt lat="47.208102" lon="-123.513966"></trkpt><trkpt lat="47.210763" lon="-123.514524"></trkpt><trkpt lat="47.212586" lon="-123.515060"></trkpt><trkpt lat="47.212973" lon="-123.515146"></trkpt><trkpt lat="47.214088" lon="-123.515253"></trkpt><trkpt lat="47.214153" lon="-123.515275"></trkpt><trkpt lat="47.214839" lon="-123.515210"></trkpt><trkpt lat="47.216127" lon="-123.515317"></trkpt><trkpt lat="47.216878" lon="-123.515468"></trkpt><trkpt lat="47.217243" lon="-123.515382"></trkpt><trkpt lat="47.219882" lon="-123.513172"></trkpt><trkpt lat="47.220998" lon="-123.512356"></trkpt><trkpt lat="47.222586" lon="-123.511562"></trkpt><trkpt lat="47.222886" lon="-123.511026"></trkpt><trkpt lat="47.223058" lon="-123.510661"></trkpt><trkpt lat="47.223382" lon="-123.510283"></trkpt><trkpt lat="47.223413" lon="-123.510341"></trkpt><trkpt lat="47.223382" lon="-123.510283"></trkpt><trkpt lat="47.223444" lon="-123.510211"></trkpt><trkpt lat="47.223980" lon="-123.511090"></trkpt><trkpt lat="47.224088" lon="-123.511605"></trkpt><trkpt lat="47.224131" lon="-123.512421"></trkpt><trkpt lat="47.224109" lon="-123.513129"></trkpt><trkpt lat="47.224152" lon="-123.514330"></trkpt><trkpt lat="47.224195" lon="-123.514588"></trkpt><trkpt lat="47.224324" lon="-123.514717"></trkpt><trkpt lat="47.224538" lon="-123.514717"></trkpt><trkpt lat="47.224882" lon="-123.514438"></trkpt><trkpt lat="47.225182" lon="-123.513966"></trkpt><trkpt lat="47.225418" lon="-123.513451"></trkpt><trkpt lat="47.225933" lon="-123.513150"></trkpt><trkpt lat="47.226663" lon="-123.512592"></trkpt><trkpt lat="47.226899" lon="-123.512506"></trkpt><trkpt lat="47.227263" lon="-123.512485"></trkpt><trkpt lat="47.228465" lon="-123.512335"></trkpt><trkpt lat="47.229624" lon="-123.512206"></trkpt><trkpt lat="47.231576" lon="-123.512034"></trkpt><trkpt lat="47.233787" lon="-123.511914"></trkpt><trkpt lat="47.234439" lon="-123.514778"></trkpt><trkpt lat="47.237024" lon="-123.514910"></trkpt><trkpt lat="47.239104" lon="-123.514965"></trkpt><trkpt lat="47.239704" lon="-123.514990"></trkpt><trkpt lat="47.239945" lon="-123.514974"></trkpt><trkpt lat="47.242949" lon="-123.515038"></trkpt><trkpt lat="47.245288" lon="-123.515468"></trkpt><trkpt lat="47.247734" lon="-123.516047"></trkpt><trkpt lat="47.249429" lon="-123.516283"></trkpt><trkpt lat="47.250524" lon="-123.516283"></trkpt><trkpt lat="47.263398" lon="-123.514352"></trkpt><trkpt lat="47.265458" lon="-123.513987"></trkpt><trkpt lat="47.267668" lon="-123.514180"></trkpt><trkpt lat="47.268999" lon="-123.514459"></trkpt><trkpt lat="47.269621" lon="-123.514953"></trkpt><trkpt lat="47.270286" lon="-123.515425"></trkpt><trkpt lat="47.270608" lon="-123.515575"></trkpt><trkpt lat="47.270994" lon="-123.515875"></trkpt><trkpt lat="47.271616" lon="-123.516068"></trkpt><trkpt lat="47.272968" lon="-123.516283"></trkpt><trkpt lat="47.273505" lon="-123.516455"></trkpt><trkpt lat="47.275114" lon="-123.516541"></trkpt><trkpt lat="47.282210" lon="-123.516582"></trkpt><trkpt lat="47.282267" lon="-123.516546"></trkpt><trkpt lat="47.282670" lon="-123.516521"></trkpt><trkpt lat="47.283071" lon="-123.516446"></trkpt><trkpt lat="47.283410" lon="-123.516331"></trkpt><trkpt lat="47.283654" lon="-123.516045"></trkpt><trkpt lat="47.283761" lon="-123.515591"></trkpt><trkpt lat="47.283896" lon="-123.515055"></trkpt><trkpt lat="47.284079" lon="-123.514585"></trkpt><trkpt lat="47.284336" lon="-123.514204"></trkpt><trkpt lat="47.284610" lon="-123.513880"></trkpt><trkpt lat="47.284874" lon="-123.513547"></trkpt><trkpt lat="47.285132" lon="-123.513248"></trkpt><trkpt lat="47.285265" lon="-123.512805"></trkpt><trkpt lat="47.285412" lon="-123.512348"></trkpt><trkpt lat="47.285683" lon="-123.511959"></trkpt><trkpt lat="47.285966" lon="-123.511511"></trkpt><trkpt lat="47.286211" lon="-123.511039"></trkpt><trkpt lat="47.286437" lon="-123.510614"></trkpt><trkpt lat="47.286691" lon="-123.510216"></trkpt><trkpt lat="47.286939" lon="-123.509800"></trkpt><trkpt lat="47.287081" lon="-123.509363"></trkpt><trkpt lat="47.287377" lon="-123.509107"></trkpt><trkpt lat="47.287702" lon="-123.509046"></trkpt><trkpt lat="47.287992" lon="-123.508711"></trkpt><trkpt lat="47.288263" lon="-123.508330"></trkpt><trkpt lat="47.288516" lon="-123.508125"></trkpt><trkpt lat="47.288770" lon="-123.508494"></trkpt><trkpt lat="47.289065" lon="-123.508816"></trkpt><trkpt lat="47.289435" lon="-123.509118"></trkpt><trkpt lat="47.289694" lon="-123.509287"></trkpt><trkpt lat="47.290073" lon="-123.509389"></trkpt><trkpt lat="47.290407" lon="-123.509221"></trkpt><trkpt lat="47.290734" lon="-123.508849"></trkpt><trkpt lat="47.290953" lon="-123.508559"></trkpt><trkpt lat="47.291290" lon="-123.508153"></trkpt><trkpt lat="47.291633" lon="-123.507855"></trkpt><trkpt lat="47.291913" lon="-123.507484"></trkpt><trkpt lat="47.292123" lon="-123.507036"></trkpt><trkpt lat="47.292415" lon="-123.506713"></trkpt><trkpt lat="47.292774" lon="-123.506608"></trkpt><trkpt lat="47.293113" lon="-123.506517"></trkpt><trkpt lat="47.293447" lon="-123.506199"></trkpt><trkpt lat="47.293714" lon="-123.505973"></trkpt><trkpt lat="47.293995" lon="-123.505761"></trkpt><trkpt lat="47.294270" lon="-123.505544"></trkpt><trkpt lat="47.294519" lon="-123.505300"></trkpt><trkpt lat="47.294852" lon="-123.504926"></trkpt><trkpt lat="47.295225" lon="-123.504668"></trkpt><trkpt lat="47.295618" lon="-123.504418"></trkpt><trkpt lat="47.295962" lon="-123.504076"></trkpt><trkpt lat="47.296181" lon="-123.503599"></trkpt><trkpt lat="47.296322" lon="-123.503027"></trkpt><trkpt lat="47.296329" lon="-123.502490"></trkpt><trkpt lat="47.296253" lon="-123.502022"></trkpt><trkpt lat="47.296308" lon="-123.501535"></trkpt><trkpt lat="47.296491" lon="-123.501158"></trkpt><trkpt lat="47.296727" lon="-123.500777"></trkpt><trkpt lat="47.296987" lon="-123.500479"></trkpt><trkpt lat="47.297379" lon="-123.500601"></trkpt><trkpt lat="47.297644" lon="-123.500873"></trkpt><trkpt lat="47.297825" lon="-123.501346"></trkpt><trkpt lat="47.297985" lon="-123.501792"></trkpt><trkpt lat="47.298267" lon="-123.501963"></trkpt><trkpt lat="47.298620" lon="-123.501958"></trkpt><trkpt lat="47.298929" lon="-123.501942"></trkpt><trkpt lat="47.299174" lon="-123.501704"></trkpt><trkpt lat="47.299219" lon="-123.501245"></trkpt><trkpt lat="47.299210" lon="-123.500692"></trkpt><trkpt lat="47.299119" lon="-123.500215"></trkpt><trkpt lat="47.298865" lon="-123.499857"></trkpt><trkpt lat="47.298597" lon="-123.499530"></trkpt><trkpt lat="47.298682" lon="-123.499079"></trkpt><trkpt lat="47.298964" lon="-123.498834"></trkpt><trkpt lat="47.299348" lon="-123.498639"></trkpt><trkpt lat="47.299756" lon="-123.498438"></trkpt><trkpt lat="47.300156" lon="-123.498210"></trkpt><trkpt lat="47.300414" lon="-123.498004"></trkpt><trkpt lat="47.300668" lon="-123.497782"></trkpt><trkpt lat="47.300935" lon="-123.497557"></trkpt><trkpt lat="47.301197" lon="-123.497317"></trkpt><trkpt lat="47.301460" lon="-123.497082"></trkpt><trkpt lat="47.301730" lon="-123.496842"></trkpt><trkpt lat="47.302006" lon="-123.496616"></trkpt><trkpt lat="47.302285" lon="-123.496406"></trkpt><trkpt lat="47.302565" lon="-123.496207"></trkpt><trkpt lat="47.302833" lon="-123.496008"></trkpt><trkpt lat="47.303090" lon="-123.495806"></trkpt><trkpt lat="47.303472" lon="-123.495493"></trkpt><trkpt lat="47.303839" lon="-123.495144"></trkpt><trkpt lat="47.304181" lon="-123.494816"></trkpt><trkpt lat="47.304522" lon="-123.494510"></trkpt><trkpt lat="47.304824" lon="-123.494149"></trkpt><trkpt lat="47.305051" lon="-123.493707"></trkpt><trkpt lat="47.305189" lon="-123.493232"></trkpt><trkpt lat="47.305369" lon="-123.492805"></trkpt><trkpt lat="47.305575" lon="-123.492376"></trkpt><trkpt lat="47.305779" lon="-123.491912"></trkpt><trkpt lat="47.306087" lon="-123.491510"></trkpt><trkpt lat="47.306413" lon="-123.491114"></trkpt><trkpt lat="47.306715" lon="-123.490732"></trkpt><trkpt lat="47.306948" lon="-123.490252"></trkpt><trkpt lat="47.307097" lon="-123.489766"></trkpt><trkpt lat="47.307099" lon="-123.489331"></trkpt><trkpt lat="47.306946" lon="-123.488862"></trkpt><trkpt lat="47.307058" lon="-123.488327"></trkpt><trkpt lat="47.307341" lon="-123.488059"></trkpt><trkpt lat="47.307587" lon="-123.487794"></trkpt><trkpt lat="47.307637" lon="-123.487222"></trkpt><trkpt lat="47.307635" lon="-123.486731"></trkpt><trkpt lat="47.307799" lon="-123.486344"></trkpt><trkpt lat="47.308040" lon="-123.485979"></trkpt><trkpt lat="47.308192" lon="-123.485559"></trkpt><trkpt lat="47.308333" lon="-123.485158"></trkpt><trkpt lat="47.308623" lon="-123.484889"></trkpt><trkpt lat="47.308898" lon="-123.485050"></trkpt><trkpt lat="47.309176" lon="-123.485357"></trkpt><trkpt lat="47.309506" lon="-123.485568"></trkpt><trkpt lat="47.309870" lon="-123.485687"></trkpt><trkpt lat="47.310140" lon="-123.485885"></trkpt><trkpt lat="47.310303" lon="-123.486306"></trkpt><trkpt lat="47.310449" lon="-123.486828"></trkpt><trkpt lat="47.310664" lon="-123.487171"></trkpt><trkpt lat="47.311046" lon="-123.487186"></trkpt><trkpt lat="47.311382" lon="-123.486965"></trkpt><trkpt lat="47.311674" lon="-123.486751"></trkpt><trkpt lat="47.311961" lon="-123.486526"></trkpt><trkpt lat="47.312220" lon="-123.486238"></trkpt><trkpt lat="47.312462" lon="-123.485904"></trkpt><trkpt lat="47.312584" lon="-123.485438"></trkpt><trkpt lat="47.312628" lon="-123.484999"></trkpt><trkpt lat="47.312822" lon="-123.484614"></trkpt><trkpt lat="47.313135" lon="-123.484497"></trkpt><trkpt lat="47.313530" lon="-123.484473"></trkpt><trkpt lat="47.313934" lon="-123.484439"></trkpt><trkpt lat="47.314341" lon="-123.484369"></trkpt><trkpt lat="47.314735" lon="-123.484314"></trkpt><trkpt lat="47.315106" lon="-123.484204"></trkpt><trkpt lat="47.315436" lon="-123.483978"></trkpt><trkpt lat="47.315787" lon="-123.483748"></trkpt><trkpt lat="47.316186" lon="-123.483597"></trkpt><trkpt lat="47.316591" lon="-123.483519"></trkpt><trkpt lat="47.316951" lon="-123.483483"></trkpt><trkpt lat="47.317249" lon="-123.483498"></trkpt><trkpt lat="47.317551" lon="-123.483367"></trkpt><trkpt lat="47.317869" lon="-123.483198"></trkpt><trkpt lat="47.318221" lon="-123.483121"></trkpt><trkpt lat="47.318593" lon="-123.483116"></trkpt><trkpt lat="47.318893" lon="-123.483007"></trkpt><trkpt lat="47.319178" lon="-123.482876"></trkpt><trkpt lat="47.319511" lon="-123.482751"></trkpt><trkpt lat="47.319812" lon="-123.482701"></trkpt><trkpt lat="47.320131" lon="-123.482814"></trkpt><trkpt lat="47.320432" lon="-123.482858"></trkpt><trkpt lat="47.320475" lon="-123.482426"></trkpt><trkpt lat="47.320183" lon="-123.482028"></trkpt><trkpt lat="47.319943" lon="-123.481782"></trkpt><trkpt lat="47.319612" lon="-123.481789"></trkpt><trkpt lat="47.319309" lon="-123.481944"></trkpt><trkpt lat="47.318951" lon="-123.481945"></trkpt><trkpt lat="47.318549" lon="-123.481821"></trkpt><trkpt lat="47.318153" lon="-123.481677"></trkpt><trkpt lat="47.317760" lon="-123.481593"></trkpt><trkpt lat="47.317360" lon="-123.481614"></trkpt><trkpt lat="47.316946" lon="-123.481685"></trkpt><trkpt lat="47.316543" lon="-123.481702"></trkpt><trkpt lat="47.316152" lon="-123.481637"></trkpt><trkpt lat="47.315789" lon="-123.481551"></trkpt><trkpt lat="47.315454" lon="-123.481598"></trkpt><trkpt lat="47.315149" lon="-123.481580"></trkpt><trkpt lat="47.314828" lon="-123.481388"></trkpt><trkpt lat="47.314586" lon="-123.481092"></trkpt><trkpt lat="47.314474" lon="-123.480652"></trkpt><trkpt lat="47.314385" lon="-123.480216"></trkpt><trkpt lat="47.314124" lon="-123.480013"></trkpt><trkpt lat="47.313816" lon="-123.480285"></trkpt><trkpt lat="47.313532" lon="-123.480499"></trkpt><trkpt lat="47.313212" lon="-123.480614"></trkpt><trkpt lat="47.312847" lon="-123.480631"></trkpt><trkpt lat="47.312486" lon="-123.480632"></trkpt><trkpt lat="47.312162" lon="-123.480633"></trkpt><trkpt lat="47.311846" lon="-123.480575"></trkpt><trkpt lat="47.311560" lon="-123.480403"></trkpt><trkpt lat="47.311343" lon="-123.480086"></trkpt><trkpt lat="47.311281" lon="-123.479650"></trkpt><trkpt lat="47.311503" lon="-123.479168"></trkpt><trkpt lat="47.311738" lon="-123.478776"></trkpt><trkpt lat="47.311940" lon="-123.478334"></trkpt><trkpt lat="47.312073" lon="-123.477840"></trkpt><trkpt lat="47.312089" lon="-123.477350"></trkpt><trkpt lat="47.312039" lon="-123.476879"></trkpt><trkpt lat="47.312123" lon="-123.476408"></trkpt><trkpt lat="47.312240" lon="-123.475974"></trkpt><trkpt lat="47.312172" lon="-123.475554"></trkpt><trkpt lat="47.311839" lon="-123.475323"></trkpt><trkpt lat="47.311503" lon="-123.475146"></trkpt><trkpt lat="47.311310" lon="-123.474734"></trkpt><trkpt lat="47.311239" lon="-123.474277"></trkpt><trkpt lat="47.311240" lon="-123.474038"></trkpt><trkpt lat="47.311537" lon="-123.473832"></trkpt><trkpt lat="47.311844" lon="-123.473731"></trkpt><trkpt lat="47.312171" lon="-123.473777"></trkpt><trkpt lat="47.312487" lon="-123.473998"></trkpt><trkpt lat="47.312792" lon="-123.474326"></trkpt><trkpt lat="47.313024" lon="-123.474704"></trkpt><trkpt lat="47.313267" lon="-123.475038"></trkpt><trkpt lat="47.313558" lon="-123.475165"></trkpt><trkpt lat="47.313860" lon="-123.475116"></trkpt><trkpt lat="47.314153" lon="-123.475088"></trkpt><trkpt lat="47.314485" lon="-123.475135"></trkpt><trkpt lat="47.314852" lon="-123.475170"></trkpt><trkpt lat="47.315178" lon="-123.475146"></trkpt><trkpt lat="47.315545" lon="-123.475145"></trkpt><trkpt lat="47.315831" lon="-123.475337"></trkpt><trkpt lat="47.316145" lon="-123.475620"></trkpt><trkpt lat="47.316256" lon="-123.476159"></trkpt><trkpt lat="47.316235" lon="-123.476594"></trkpt><trkpt lat="47.316139" lon="-123.477030"></trkpt><trkpt lat="47.316176" lon="-123.477510"></trkpt><trkpt lat="47.316475" lon="-123.477757"></trkpt><trkpt lat="47.316652" lon="-123.478102"></trkpt><trkpt lat="47.316716" lon="-123.478589"></trkpt><trkpt lat="47.317058" lon="-123.478702"></trkpt><trkpt lat="47.317436" lon="-123.478519"></trkpt><trkpt lat="47.317710" lon="-123.478322"></trkpt><trkpt lat="47.318098" lon="-123.478346"></trkpt><trkpt lat="47.318392" lon="-123.478432"></trkpt><trkpt lat="47.318698" lon="-123.478445"></trkpt><trkpt lat="47.319007" lon="-123.478258"></trkpt><trkpt lat="47.319231" lon="-123.477846"></trkpt><trkpt lat="47.319294" lon="-123.477364"></trkpt><trkpt lat="47.319445" lon="-123.476904"></trkpt><trkpt lat="47.319721" lon="-123.476479"></trkpt><trkpt lat="47.319968" lon="-123.476107"></trkpt><trkpt lat="47.320262" lon="-123.475972"></trkpt><trkpt lat="47.320536" lon="-123.476110"></trkpt><trkpt lat="47.320836" lon="-123.475824"></trkpt><trkpt lat="47.321164" lon="-123.475575"></trkpt><trkpt lat="47.321374" lon="-123.475280"></trkpt><trkpt lat="47.321692" lon="-123.475086"></trkpt><trkpt lat="47.321985" lon="-123.474998"></trkpt><trkpt lat="47.322293" lon="-123.474928"></trkpt><trkpt lat="47.322516" lon="-123.475181"></trkpt><trkpt lat="47.322527" lon="-123.475747"></trkpt><trkpt lat="47.322464" lon="-123.476247"></trkpt><trkpt lat="47.322418" lon="-123.476738"></trkpt><trkpt lat="47.322428" lon="-123.477199"></trkpt><trkpt lat="47.322450" lon="-123.477637"></trkpt><trkpt lat="47.322447" lon="-123.478079"></trkpt><trkpt lat="47.322379" lon="-123.478543"></trkpt><trkpt lat="47.322386" lon="-123.478989"></trkpt><trkpt lat="47.322686" lon="-123.479002"></trkpt><trkpt lat="47.322934" lon="-123.478765"></trkpt><trkpt lat="47.323210" lon="-123.478527"></trkpt><trkpt lat="47.323459" lon="-123.478185"></trkpt><trkpt lat="47.323468" lon="-123.477620"></trkpt><trkpt lat="47.323497" lon="-123.477125"></trkpt><trkpt lat="47.323516" lon="-123.476603"></trkpt><trkpt lat="47.323549" lon="-123.476068"></trkpt><trkpt lat="47.323586" lon="-123.475537"></trkpt><trkpt lat="47.323633" lon="-123.475045"></trkpt><trkpt lat="47.323719" lon="-123.474584"></trkpt><trkpt lat="47.323878" lon="-123.474138"></trkpt><trkpt lat="47.324147" lon="-123.473794"></trkpt><trkpt lat="47.324339" lon="-123.473433"></trkpt><trkpt lat="47.324638" lon="-123.473137"></trkpt><trkpt lat="47.324929" lon="-123.472968"></trkpt><trkpt lat="47.325261" lon="-123.472728"></trkpt><trkpt lat="47.325567" lon="-123.472769"></trkpt><trkpt lat="47.325927" lon="-123.472644"></trkpt><trkpt lat="47.326289" lon="-123.472642"></trkpt><trkpt lat="47.326579" lon="-123.472635"></trkpt><trkpt lat="47.326892" lon="-123.472766"></trkpt><trkpt lat="47.327170" lon="-123.472943"></trkpt><trkpt lat="47.327523" lon="-123.473143"></trkpt><trkpt lat="47.327843" lon="-123.473209"></trkpt><trkpt lat="47.328167" lon="-123.473324"></trkpt><trkpt lat="47.328465" lon="-123.473457"></trkpt><trkpt lat="47.328767" lon="-123.473433"></trkpt><trkpt lat="47.329060" lon="-123.473261"></trkpt><trkpt lat="47.329309" lon="-123.472977"></trkpt><trkpt lat="47.329594" lon="-123.472685"></trkpt><trkpt lat="47.329947" lon="-123.472724"></trkpt><trkpt lat="47.330294" lon="-123.472748"></trkpt><trkpt lat="47.330635" lon="-123.472750"></trkpt><trkpt lat="47.330942" lon="-123.472856"></trkpt><trkpt lat="47.331316" lon="-123.472891"></trkpt><trkpt lat="47.331611" lon="-123.472739"></trkpt><trkpt lat="47.331933" lon="-123.472633"></trkpt><trkpt lat="47.332287" lon="-123.472557"></trkpt><trkpt lat="47.332653" lon="-123.472516"></trkpt><trkpt lat="47.332949" lon="-123.472503"></trkpt><trkpt lat="47.333256" lon="-123.472301"></trkpt><trkpt lat="47.333524" lon="-123.471998"></trkpt><trkpt lat="47.333795" lon="-123.471704"></trkpt><trkpt lat="47.333962" lon="-123.471279"></trkpt><trkpt lat="47.333998" lon="-123.470836"></trkpt><trkpt lat="47.334059" lon="-123.470378"></trkpt><trkpt lat="47.334180" lon="-123.469875"></trkpt><trkpt lat="47.334132" lon="-123.469325"></trkpt><trkpt lat="47.333966" lon="-123.468858"></trkpt><trkpt lat="47.333923" lon="-123.468410"></trkpt><trkpt lat="47.334087" lon="-123.468045"></trkpt><trkpt lat="47.334296" lon="-123.467678"></trkpt><trkpt lat="47.334478" lon="-123.467270"></trkpt><trkpt lat="47.334674" lon="-123.466877"></trkpt><trkpt lat="47.334887" lon="-123.466436"></trkpt><trkpt lat="47.334968" lon="-123.465915"></trkpt><trkpt lat="47.334936" lon="-123.465403"></trkpt><trkpt lat="47.334856" lon="-123.465003"></trkpt><trkpt lat="47.335133" lon="-123.464872"></trkpt><trkpt lat="47.335468" lon="-123.465121"></trkpt><trkpt lat="47.335752" lon="-123.465207"></trkpt><trkpt lat="47.335881" lon="-123.465640"></trkpt><trkpt lat="47.336076" lon="-123.466054"></trkpt><trkpt lat="47.336385" lon="-123.466079"></trkpt><trkpt lat="47.336629" lon="-123.465856"></trkpt><trkpt lat="47.336886" lon="-123.465586"></trkpt><trkpt lat="47.337187" lon="-123.465839"></trkpt><trkpt lat="47.337373" lon="-123.466336"></trkpt><trkpt lat="47.337422" lon="-123.466828"></trkpt><trkpt lat="47.337455" lon="-123.467285"></trkpt><trkpt lat="47.337435" lon="-123.467713"></trkpt><trkpt lat="47.337296" lon="-123.468250"></trkpt><trkpt lat="47.337200" lon="-123.468668"></trkpt><trkpt lat="47.337189" lon="-123.469193"></trkpt><trkpt lat="47.337251" lon="-123.469626"></trkpt><trkpt lat="47.337508" lon="-123.469835"></trkpt><trkpt lat="47.337641" lon="-123.470208"></trkpt><trkpt lat="47.337563" lon="-123.470631"></trkpt><trkpt lat="47.337593" lon="-123.471158"></trkpt><trkpt lat="47.337501" lon="-123.471585"></trkpt><trkpt lat="47.337724" lon="-123.471871"></trkpt><trkpt lat="47.338021" lon="-123.471908"></trkpt><trkpt lat="47.338291" lon="-123.471638"></trkpt><trkpt lat="47.338581" lon="-123.471510"></trkpt><trkpt lat="47.338907" lon="-123.471441"></trkpt><trkpt lat="47.339172" lon="-123.471261"></trkpt><trkpt lat="47.339531" lon="-123.471049"></trkpt><trkpt lat="47.339864" lon="-123.470966"></trkpt><trkpt lat="47.340148" lon="-123.471115"></trkpt><trkpt lat="47.340395" lon="-123.471363"></trkpt><trkpt lat="47.340698" lon="-123.471635"></trkpt><trkpt lat="47.341052" lon="-123.471707"></trkpt><trkpt lat="47.341310" lon="-123.472060"></trkpt><trkpt lat="47.341447" lon="-123.472441"></trkpt><trkpt lat="47.341597" lon="-123.472887"></trkpt><trkpt lat="47.341921" lon="-123.472982"></trkpt><trkpt lat="47.342171" lon="-123.472749"></trkpt><trkpt lat="47.342504" lon="-123.472517"></trkpt><trkpt lat="47.342874" lon="-123.472567"></trkpt><trkpt lat="47.343236" lon="-123.472553"></trkpt><trkpt lat="47.343507" lon="-123.472341"></trkpt><trkpt lat="47.343848" lon="-123.472461"></trkpt><trkpt lat="47.344086" lon="-123.472825"></trkpt><trkpt lat="47.344359" lon="-123.472779"></trkpt><trkpt lat="47.344513" lon="-123.472318"></trkpt><trkpt lat="47.344576" lon="-123.471850"></trkpt><trkpt lat="47.344846" lon="-123.471566"></trkpt><trkpt lat="47.345177" lon="-123.471557"></trkpt><trkpt lat="47.345417" lon="-123.471825"></trkpt><trkpt lat="47.345673" lon="-123.472076"></trkpt><trkpt lat="47.345942" lon="-123.472288"></trkpt><trkpt lat="47.346230" lon="-123.472360"></trkpt><trkpt lat="47.346518" lon="-123.472353"></trkpt><trkpt lat="47.346719" lon="-123.472728"></trkpt><trkpt lat="47.347041" lon="-123.472997"></trkpt><trkpt lat="47.347325" lon="-123.473126"></trkpt><trkpt lat="47.347632" lon="-123.473130"></trkpt><trkpt lat="47.347989" lon="-123.473043"></trkpt><trkpt lat="47.348100" lon="-123.472621"></trkpt><trkpt lat="47.348019" lon="-123.472162"></trkpt><trkpt lat="47.347947" lon="-123.471669"></trkpt><trkpt lat="47.347921" lon="-123.471170"></trkpt><trkpt lat="47.347957" lon="-123.470749"></trkpt><trkpt lat="47.348125" lon="-123.470345"></trkpt><trkpt lat="47.348450" lon="-123.470194"></trkpt><trkpt lat="47.348762" lon="-123.470215"></trkpt><trkpt lat="47.348984" lon="-123.470556"></trkpt><trkpt lat="47.349277" lon="-123.470565"></trkpt><trkpt lat="47.349532" lon="-123.470354"></trkpt><trkpt lat="47.349900" lon="-123.470325"></trkpt><trkpt lat="47.350230" lon="-123.470414"></trkpt><trkpt lat="47.350587" lon="-123.470410"></trkpt><trkpt lat="47.350929" lon="-123.470302"></trkpt><trkpt lat="47.351215" lon="-123.470235"></trkpt><trkpt lat="47.351518" lon="-123.470397"></trkpt><trkpt lat="47.351800" lon="-123.470346"></trkpt><trkpt lat="47.352128" lon="-123.470217"></trkpt><trkpt lat="47.352509" lon="-123.470117"></trkpt><trkpt lat="47.352841" lon="-123.470031"></trkpt><trkpt lat="47.353075" lon="-123.469753"></trkpt><trkpt lat="47.352910" lon="-123.469352"></trkpt><trkpt lat="47.352675" lon="-123.468978"></trkpt><trkpt lat="47.352630" lon="-123.468511"></trkpt><trkpt lat="47.352651" lon="-123.468034"></trkpt><trkpt lat="47.352479" lon="-123.467767"></trkpt><trkpt lat="47.352142" lon="-123.467881"></trkpt><trkpt lat="47.351818" lon="-123.467897"></trkpt><trkpt lat="47.351529" lon="-123.467565"></trkpt><trkpt lat="47.351367" lon="-123.467197"></trkpt><trkpt lat="47.351115" lon="-123.466867"></trkpt><trkpt lat="47.350797" lon="-123.466879"></trkpt><trkpt lat="47.350510" lon="-123.466772"></trkpt><trkpt lat="47.350314" lon="-123.466380"></trkpt><trkpt lat="47.350057" lon="-123.466151"></trkpt><trkpt lat="47.349854" lon="-123.465785"></trkpt><trkpt lat="47.349753" lon="-123.465360"></trkpt><trkpt lat="47.349618" lon="-123.465000"></trkpt><trkpt lat="47.349336" lon="-123.464762"></trkpt><trkpt lat="47.349399" lon="-123.464338"></trkpt><trkpt lat="47.349590" lon="-123.464010"></trkpt><trkpt lat="47.349920" lon="-123.463803"></trkpt><trkpt lat="47.350260" lon="-123.463778"></trkpt><trkpt lat="47.350327" lon="-123.463372"></trkpt><trkpt lat="47.350049" lon="-123.463033"></trkpt><trkpt lat="47.349949" lon="-123.462652"></trkpt><trkpt lat="47.350067" lon="-123.462230"></trkpt><trkpt lat="47.350201" lon="-123.461742"></trkpt><trkpt lat="47.350358" lon="-123.461370"></trkpt><trkpt lat="47.350589" lon="-123.461123"></trkpt><trkpt lat="47.350930" lon="-123.461058"></trkpt><trkpt lat="47.351165" lon="-123.460797"></trkpt><trkpt lat="47.351453" lon="-123.460473"></trkpt><trkpt lat="47.351716" lon="-123.460187"></trkpt><trkpt lat="47.352012" lon="-123.459891"></trkpt><trkpt lat="47.352338" lon="-123.459989"></trkpt><trkpt lat="47.352677" lon="-123.460317"></trkpt><trkpt lat="47.352943" lon="-123.460576"></trkpt><trkpt lat="47.353183" lon="-123.460827"></trkpt><trkpt lat="47.353415" lon="-123.460530"></trkpt><trkpt lat="47.353577" lon="-123.460150"></trkpt><trkpt lat="47.353916" lon="-123.459863"></trkpt><trkpt lat="47.354148" lon="-123.459559"></trkpt><trkpt lat="47.354355" lon="-123.459288"></trkpt><trkpt lat="47.354677" lon="-123.459324"></trkpt><trkpt lat="47.354944" lon="-123.459719"></trkpt><trkpt lat="47.355183" lon="-123.460028"></trkpt><trkpt lat="47.355481" lon="-123.460065"></trkpt><trkpt lat="47.355798" lon="-123.459948"></trkpt><trkpt lat="47.356074" lon="-123.459795"></trkpt><trkpt lat="47.356348" lon="-123.459542"></trkpt><trkpt lat="47.356604" lon="-123.459292"></trkpt><trkpt lat="47.356930" lon="-123.459032"></trkpt><trkpt lat="47.357231" lon="-123.458806"></trkpt><trkpt lat="47.357473" lon="-123.458545"></trkpt><trkpt lat="47.357712" lon="-123.458269"></trkpt><trkpt lat="47.357994" lon="-123.457984"></trkpt><trkpt lat="47.358210" lon="-123.457642"></trkpt><trkpt lat="47.358493" lon="-123.457283"></trkpt><trkpt lat="47.358790" lon="-123.457102"></trkpt><trkpt lat="47.359058" lon="-123.457321"></trkpt><trkpt lat="47.359276" lon="-123.457573"></trkpt><trkpt lat="47.359478" lon="-123.457988"></trkpt><trkpt lat="47.359665" lon="-123.458383"></trkpt><trkpt lat="47.359705" lon="-123.458889"></trkpt><trkpt lat="47.359650" lon="-123.459296"></trkpt><trkpt lat="47.359494" lon="-123.459677"></trkpt><trkpt lat="47.359454" lon="-123.460191"></trkpt><trkpt lat="47.359418" lon="-123.460631"></trkpt><trkpt lat="47.359417" lon="-123.461089"></trkpt><trkpt lat="47.359420" lon="-123.461541"></trkpt><trkpt lat="47.359398" lon="-123.461993"></trkpt><trkpt lat="47.359366" lon="-123.462433"></trkpt><trkpt lat="47.359324" lon="-123.462859"></trkpt><trkpt lat="47.359266" lon="-123.463377"></trkpt><trkpt lat="47.359242" lon="-123.463845"></trkpt><trkpt lat="47.359369" lon="-123.464250"></trkpt><trkpt lat="47.359637" lon="-123.464531"></trkpt><trkpt lat="47.359833" lon="-123.464903"></trkpt><trkpt lat="47.359951" lon="-123.465296"></trkpt><trkpt lat="47.360158" lon="-123.465620"></trkpt><trkpt lat="47.360419" lon="-123.465975"></trkpt><trkpt lat="47.360694" lon="-123.465933"></trkpt><trkpt lat="47.360984" lon="-123.465633"></trkpt><trkpt lat="47.361309" lon="-123.465400"></trkpt><trkpt lat="47.361599" lon="-123.465443"></trkpt><trkpt lat="47.361878" lon="-123.465266"></trkpt><trkpt lat="47.362141" lon="-123.464962"></trkpt><trkpt lat="47.362337" lon="-123.464567"></trkpt><trkpt lat="47.362623" lon="-123.464305"></trkpt><trkpt lat="47.362888" lon="-123.464047"></trkpt><trkpt lat="47.363173" lon="-123.463735"></trkpt><trkpt lat="47.363433" lon="-123.463437"></trkpt><trkpt lat="47.363721" lon="-123.463141"></trkpt><trkpt lat="47.363982" lon="-123.462812"></trkpt><trkpt lat="47.364245" lon="-123.462462"></trkpt><trkpt lat="47.364481" lon="-123.462575"></trkpt><trkpt lat="47.364304" lon="-123.462962"></trkpt><trkpt lat="47.364122" lon="-123.463393"></trkpt><trkpt lat="47.364015" lon="-123.463856"></trkpt><trkpt lat="47.364012" lon="-123.464294"></trkpt><trkpt lat="47.364026" lon="-123.464762"></trkpt><trkpt lat="47.364033" lon="-123.465253"></trkpt><trkpt lat="47.364077" lon="-123.465684"></trkpt><trkpt lat="47.364344" lon="-123.466010"></trkpt><trkpt lat="47.364678" lon="-123.466115"></trkpt><trkpt lat="47.364979" lon="-123.466205"></trkpt><trkpt lat="47.365247" lon="-123.466484"></trkpt><trkpt lat="47.365543" lon="-123.466285"></trkpt><trkpt lat="47.365795" lon="-123.465991"></trkpt><trkpt lat="47.366061" lon="-123.465701"></trkpt><trkpt lat="47.366371" lon="-123.465493"></trkpt><trkpt lat="47.366658" lon="-123.465573"></trkpt><trkpt lat="47.366833" lon="-123.465910"></trkpt><trkpt lat="47.367110" lon="-123.466147"></trkpt><trkpt lat="47.367402" lon="-123.465936"></trkpt><trkpt lat="47.367560" lon="-123.465480"></trkpt><trkpt lat="47.367703" lon="-123.465041"></trkpt><trkpt lat="47.367749" lon="-123.464623"></trkpt><trkpt lat="47.367845" lon="-123.464203"></trkpt><trkpt lat="47.367998" lon="-123.463797"></trkpt><trkpt lat="47.368235" lon="-123.463432"></trkpt><trkpt lat="47.368555" lon="-123.463467"></trkpt><trkpt lat="47.368796" lon="-123.463934"></trkpt><trkpt lat="47.368936" lon="-123.464473"></trkpt><trkpt lat="47.369053" lon="-123.464987"></trkpt><trkpt lat="47.369115" lon="-123.465473"></trkpt><trkpt lat="47.369266" lon="-123.465837"></trkpt><trkpt lat="47.369572" lon="-123.465964"></trkpt><trkpt lat="47.369949" lon="-123.466050"></trkpt><trkpt lat="47.370277" lon="-123.466253"></trkpt><trkpt lat="47.370541" lon="-123.466526"></trkpt><trkpt lat="47.370858" lon="-123.466461"></trkpt><trkpt lat="47.371081" lon="-123.466149"></trkpt><trkpt lat="47.371277" lon="-123.465707"></trkpt><trkpt lat="47.371544" lon="-123.465606"></trkpt><trkpt lat="47.371793" lon="-123.465862"></trkpt><trkpt lat="47.372051" lon="-123.466172"></trkpt><trkpt lat="47.372375" lon="-123.466286"></trkpt><trkpt lat="47.372563" lon="-123.466681"></trkpt><trkpt lat="47.372920" lon="-123.466723"></trkpt><trkpt lat="47.373253" lon="-123.466613"></trkpt><trkpt lat="47.373567" lon="-123.466281"></trkpt><trkpt lat="47.373813" lon="-123.465984"></trkpt><trkpt lat="47.374095" lon="-123.465586"></trkpt><trkpt lat="47.374330" lon="-123.465224"></trkpt><trkpt lat="47.374644" lon="-123.465331"></trkpt><trkpt lat="47.374936" lon="-123.465350"></trkpt><trkpt lat="47.375237" lon="-123.465094"></trkpt><trkpt lat="47.375530" lon="-123.465135"></trkpt><trkpt lat="47.375792" lon="-123.465466"></trkpt><trkpt lat="47.376141" lon="-123.465437"></trkpt><trkpt lat="47.376433" lon="-123.465449"></trkpt><trkpt lat="47.376722" lon="-123.465553"></trkpt><trkpt lat="47.377049" lon="-123.465427"></trkpt><trkpt lat="47.377322" lon="-123.465097"></trkpt><trkpt lat="47.377539" lon="-123.464737"></trkpt><trkpt lat="47.377828" lon="-123.464398"></trkpt><trkpt lat="47.378030" lon="-123.464027"></trkpt><trkpt lat="47.378123" lon="-123.463611"></trkpt><trkpt lat="47.378372" lon="-123.463295"></trkpt><trkpt lat="47.378539" lon="-123.462845"></trkpt><trkpt lat="47.378488" lon="-123.462363"></trkpt><trkpt lat="47.378459" lon="-123.461936"></trkpt><trkpt lat="47.378490" lon="-123.461519"></trkpt><trkpt lat="47.378775" lon="-123.461202"></trkpt><trkpt lat="47.379059" lon="-123.461077"></trkpt><trkpt lat="47.379416" lon="-123.461078"></trkpt><trkpt lat="47.379710" lon="-123.460875"></trkpt><trkpt lat="47.380009" lon="-123.460955"></trkpt><trkpt lat="47.380086" lon="-123.461439"></trkpt><trkpt lat="47.380071" lon="-123.461918"></trkpt><trkpt lat="47.380337" lon="-123.462249"></trkpt><trkpt lat="47.380665" lon="-123.462213"></trkpt><trkpt lat="47.381009" lon="-123.462173"></trkpt><trkpt lat="47.381319" lon="-123.462175"></trkpt><trkpt lat="47.381586" lon="-123.461950"></trkpt><trkpt lat="47.381923" lon="-123.461938"></trkpt><trkpt lat="47.382231" lon="-123.461913"></trkpt><trkpt lat="47.382515" lon="-123.461690"></trkpt><trkpt lat="47.382761" lon="-123.461354"></trkpt><trkpt lat="47.382979" lon="-123.460979"></trkpt><trkpt lat="47.383078" lon="-123.460541"></trkpt><trkpt lat="47.383068" lon="-123.460046"></trkpt><trkpt lat="47.383107" lon="-123.459595"></trkpt><trkpt lat="47.383040" lon="-123.459108"></trkpt><trkpt lat="47.383080" lon="-123.458668"></trkpt><trkpt lat="47.383270" lon="-123.458202"></trkpt><trkpt lat="47.383389" lon="-123.457809"></trkpt><trkpt lat="47.383512" lon="-123.457353"></trkpt><trkpt lat="47.383654" lon="-123.456850"></trkpt><trkpt lat="47.383870" lon="-123.456410"></trkpt><trkpt lat="47.384087" lon="-123.455994"></trkpt><trkpt lat="47.384353" lon="-123.455760"></trkpt><trkpt lat="47.384702" lon="-123.455715"></trkpt><trkpt lat="47.385023" lon="-123.455748"></trkpt><trkpt lat="47.385320" lon="-123.455904"></trkpt><trkpt lat="47.385514" lon="-123.456257"></trkpt><trkpt lat="47.385534" lon="-123.456823"></trkpt><trkpt lat="47.385552" lon="-123.457260"></trkpt><trkpt lat="47.385545" lon="-123.457779"></trkpt><trkpt lat="47.385644" lon="-123.458305"></trkpt><trkpt lat="47.385696" lon="-123.458836"></trkpt><trkpt lat="47.385720" lon="-123.459271"></trkpt><trkpt lat="47.385691" lon="-123.459714"></trkpt><trkpt lat="47.385854" lon="-123.460054"></trkpt><trkpt lat="47.386148" lon="-123.460047"></trkpt><trkpt lat="47.386447" lon="-123.459957"></trkpt><trkpt lat="47.386625" lon="-123.459539"></trkpt><trkpt lat="47.386935" lon="-123.459297"></trkpt><trkpt lat="47.387203" lon="-123.459049"></trkpt><trkpt lat="47.387533" lon="-123.458805"></trkpt><trkpt lat="47.387897" lon="-123.458908"></trkpt><trkpt lat="47.388233" lon="-123.459114"></trkpt><trkpt lat="47.388560" lon="-123.459340"></trkpt><trkpt lat="47.388939" lon="-123.459523"></trkpt><trkpt lat="47.389299" lon="-123.459654"></trkpt><trkpt lat="47.389614" lon="-123.459710"></trkpt><trkpt lat="47.389848" lon="-123.459366"></trkpt><trkpt lat="47.390047" lon="-123.458945"></trkpt><trkpt lat="47.390168" lon="-123.458452"></trkpt><trkpt lat="47.390275" lon="-123.458021"></trkpt><trkpt lat="47.390155" lon="-123.457604"></trkpt><trkpt lat="47.390027" lon="-123.457179"></trkpt><trkpt lat="47.389952" lon="-123.456744"></trkpt><trkpt lat="47.389900" lon="-123.456254"></trkpt><trkpt lat="47.389947" lon="-123.455824"></trkpt><trkpt lat="47.389962" lon="-123.455299"></trkpt><trkpt lat="47.390041" lon="-123.454914"></trkpt><trkpt lat="47.390387" lon="-123.454871"></trkpt><trkpt lat="47.390688" lon="-123.454922"></trkpt><trkpt lat="47.391030" lon="-123.455091"></trkpt><trkpt lat="47.391376" lon="-123.455220"></trkpt><trkpt lat="47.391664" lon="-123.455039"></trkpt><trkpt lat="47.391909" lon="-123.454729"></trkpt><trkpt lat="47.392226" lon="-123.454544"></trkpt><trkpt lat="47.392548" lon="-123.454656"></trkpt><trkpt lat="47.392691" lon="-123.455024"></trkpt><trkpt lat="47.392845" lon="-123.455468"></trkpt><trkpt lat="47.393128" lon="-123.455470"></trkpt><trkpt lat="47.393449" lon="-123.455260"></trkpt><trkpt lat="47.393747" lon="-123.455005"></trkpt><trkpt lat="47.394027" lon="-123.454907"></trkpt><trkpt lat="47.394294" lon="-123.455176"></trkpt><trkpt lat="47.394521" lon="-123.455462"></trkpt><trkpt lat="47.394629" lon="-123.455931"></trkpt><trkpt lat="47.394795" lon="-123.456359"></trkpt><trkpt lat="47.395073" lon="-123.456353"></trkpt><trkpt lat="47.395192" lon="-123.455934"></trkpt><trkpt lat="47.395228" lon="-123.455487"></trkpt><trkpt lat="47.395476" lon="-123.455307"></trkpt><trkpt lat="47.395714" lon="-123.455616"></trkpt><trkpt lat="47.395977" lon="-123.455893"></trkpt><trkpt lat="47.396187" lon="-123.455611"></trkpt><trkpt lat="47.396164" lon="-123.455147"></trkpt><trkpt lat="47.396252" lon="-123.454764"></trkpt><trkpt lat="47.396617" lon="-123.454527"></trkpt><trkpt lat="47.396936" lon="-123.454436"></trkpt><trkpt lat="47.397315" lon="-123.454355"></trkpt><trkpt lat="47.397612" lon="-123.454365"></trkpt><trkpt lat="47.397985" lon="-123.454453"></trkpt><trkpt lat="47.398359" lon="-123.454404"></trkpt><trkpt lat="47.398633" lon="-123.454197"></trkpt><trkpt lat="47.398453" lon="-123.453859"></trkpt><trkpt lat="47.398142" lon="-123.453794"></trkpt><trkpt lat="47.397796" lon="-123.453799"></trkpt><trkpt lat="47.397435" lon="-123.453671"></trkpt><trkpt lat="47.397123" lon="-123.453626"></trkpt><trkpt lat="47.396817" lon="-123.453547"></trkpt><trkpt lat="47.396512" lon="-123.453483"></trkpt><trkpt lat="47.396216" lon="-123.453445"></trkpt><trkpt lat="47.395848" lon="-123.453354"></trkpt><trkpt lat="47.395564" lon="-123.453186"></trkpt><trkpt lat="47.395269" lon="-123.453054"></trkpt><trkpt lat="47.394954" lon="-123.452991"></trkpt><trkpt lat="47.394646" lon="-123.452854"></trkpt><trkpt lat="47.394354" lon="-123.452704"></trkpt><trkpt lat="47.394011" lon="-123.452532"></trkpt><trkpt lat="47.393721" lon="-123.452157"></trkpt><trkpt lat="47.393719" lon="-123.452159"></trkpt><trkpt lat="47.393568" lon="-123.452008"></trkpt><trkpt lat="47.393380" lon="-123.451969"></trkpt><trkpt lat="47.393179" lon="-123.451887"></trkpt><trkpt lat="47.392990" lon="-123.451683"></trkpt><trkpt lat="47.392833" lon="-123.451561"></trkpt><trkpt lat="47.392772" lon="-123.451163"></trkpt><trkpt lat="47.392648" lon="-123.450916"></trkpt><trkpt lat="47.392639" lon="-123.450914"></trkpt><trkpt lat="47.392466" lon="-123.450531"></trkpt><trkpt lat="47.392284" lon="-123.450092"></trkpt><trkpt lat="47.392126" lon="-123.449649"></trkpt><trkpt lat="47.391979" lon="-123.449265"></trkpt><trkpt lat="47.391776" lon="-123.448803"></trkpt><trkpt lat="47.391531" lon="-123.448471"></trkpt><trkpt lat="47.391218" lon="-123.448201"></trkpt><trkpt lat="47.390882" lon="-123.447928"></trkpt><trkpt lat="47.390568" lon="-123.447650"></trkpt><trkpt lat="47.390291" lon="-123.447400"></trkpt><trkpt lat="47.390083" lon="-123.447060"></trkpt><trkpt lat="47.389963" lon="-123.446578"></trkpt><trkpt lat="47.389877" lon="-123.446053"></trkpt><trkpt lat="47.389835" lon="-123.445510"></trkpt><trkpt lat="47.389914" lon="-123.444956"></trkpt><trkpt lat="47.390061" lon="-123.444409"></trkpt><trkpt lat="47.390227" lon="-123.443876"></trkpt><trkpt lat="47.390405" lon="-123.443355"></trkpt><trkpt lat="47.390606" lon="-123.442830"></trkpt><trkpt lat="47.390839" lon="-123.442332"></trkpt><trkpt lat="47.391092" lon="-123.441837"></trkpt><trkpt lat="47.391353" lon="-123.441359"></trkpt><trkpt lat="47.391612" lon="-123.440918"></trkpt><trkpt lat="47.391791" lon="-123.440436"></trkpt><trkpt lat="47.391914" lon="-123.439855"></trkpt><trkpt lat="47.392062" lon="-123.439290"></trkpt><trkpt lat="47.392215" lon="-123.438744"></trkpt><trkpt lat="47.392356" lon="-123.438235"></trkpt><trkpt lat="47.392466" lon="-123.437713"></trkpt><trkpt lat="47.392535" lon="-123.437206"></trkpt><trkpt lat="47.392477" lon="-123.436641"></trkpt><trkpt lat="47.392332" lon="-123.436122"></trkpt><trkpt lat="47.392069" lon="-123.435716"></trkpt><trkpt lat="47.391837" lon="-123.435290"></trkpt><trkpt lat="47.391675" lon="-123.434827"></trkpt><trkpt lat="47.391408" lon="-123.434524"></trkpt><trkpt lat="47.391072" lon="-123.434320"></trkpt><trkpt lat="47.390788" lon="-123.433939"></trkpt><trkpt lat="47.390505" lon="-123.433513"></trkpt><trkpt lat="47.390214" lon="-123.433157"></trkpt><trkpt lat="47.389949" lon="-123.432943"></trkpt><trkpt lat="47.389644" lon="-123.432695"></trkpt><trkpt lat="47.389753" lon="-123.432259"></trkpt><trkpt lat="47.389976" lon="-123.431887"></trkpt><trkpt lat="47.390139" lon="-123.431359"></trkpt><trkpt lat="47.390295" lon="-123.430753"></trkpt><trkpt lat="47.390472" lon="-123.430174"></trkpt><trkpt lat="47.390607" lon="-123.429634"></trkpt><trkpt lat="47.390589" lon="-123.429111"></trkpt><trkpt lat="47.390474" lon="-123.428617"></trkpt><trkpt lat="47.390284" lon="-123.428116"></trkpt><trkpt lat="47.390102" lon="-123.427567"></trkpt><trkpt lat="47.389964" lon="-123.427006"></trkpt><trkpt lat="47.389825" lon="-123.426440"></trkpt><trkpt lat="47.389698" lon="-123.425870"></trkpt><trkpt lat="47.389558" lon="-123.425312"></trkpt><trkpt lat="47.389384" lon="-123.424761"></trkpt><trkpt lat="47.389136" lon="-123.424243"></trkpt><trkpt lat="47.388850" lon="-123.423774"></trkpt><trkpt lat="47.388608" lon="-123.423347"></trkpt><trkpt lat="47.388491" lon="-123.422954"></trkpt><trkpt lat="47.388631" lon="-123.422765"></trkpt><trkpt lat="47.388926" lon="-123.423133"></trkpt><trkpt lat="47.389229" lon="-123.423478"></trkpt><trkpt lat="47.389491" lon="-123.423884"></trkpt><trkpt lat="47.389649" lon="-123.424377"></trkpt><trkpt lat="47.389789" lon="-123.424889"></trkpt><trkpt lat="47.389935" lon="-123.425324"></trkpt><trkpt lat="47.390165" lon="-123.425672"></trkpt><trkpt lat="47.390457" lon="-123.425963"></trkpt><trkpt lat="47.390667" lon="-123.426278"></trkpt><trkpt lat="47.390969" lon="-123.426160"></trkpt><trkpt lat="47.391079" lon="-123.425753"></trkpt><trkpt lat="47.391288" lon="-123.425488"></trkpt><trkpt lat="47.391561" lon="-123.425731"></trkpt><trkpt lat="47.391857" lon="-123.425886"></trkpt><trkpt lat="47.392174" lon="-123.425542"></trkpt><trkpt lat="47.392318" lon="-123.425180"></trkpt><trkpt lat="47.392306" lon="-123.424664"></trkpt><trkpt lat="47.392505" lon="-123.424208"></trkpt><trkpt lat="47.392831" lon="-123.423969"></trkpt><trkpt lat="47.393065" lon="-123.423677"></trkpt><trkpt lat="47.393335" lon="-123.423277"></trkpt><trkpt lat="47.393567" lon="-123.422824"></trkpt><trkpt lat="47.393764" lon="-123.422343"></trkpt><trkpt lat="47.393969" lon="-123.421853"></trkpt><trkpt lat="47.394054" lon="-123.421432"></trkpt><trkpt lat="47.394097" lon="-123.420964"></trkpt><trkpt lat="47.394368" lon="-123.420562"></trkpt><trkpt lat="47.394596" lon="-123.420140"></trkpt><trkpt lat="47.394793" lon="-123.419633"></trkpt><trkpt lat="47.394997" lon="-123.419116"></trkpt><trkpt lat="47.395183" lon="-123.418588"></trkpt><trkpt lat="47.395298" lon="-123.418096"></trkpt><trkpt lat="47.395284" lon="-123.417588"></trkpt><trkpt lat="47.395199" lon="-123.417114"></trkpt><trkpt lat="47.394999" lon="-123.416759"></trkpt><trkpt lat="47.394717" lon="-123.416413"></trkpt><trkpt lat="47.394430" lon="-123.416031"></trkpt><trkpt lat="47.394153" lon="-123.415706"></trkpt><trkpt lat="47.393998" lon="-123.415324"></trkpt><trkpt lat="47.393907" lon="-123.414858"></trkpt><trkpt lat="47.393747" lon="-123.414455"></trkpt><trkpt lat="47.393629" lon="-123.413987"></trkpt><trkpt lat="47.393865" lon="-123.413651"></trkpt><trkpt lat="47.394168" lon="-123.413289"></trkpt><trkpt lat="47.394508" lon="-123.413096"></trkpt><trkpt lat="47.394700" lon="-123.412736"></trkpt><trkpt lat="47.394720" lon="-123.412252"></trkpt><trkpt lat="47.394674" lon="-123.411720"></trkpt><trkpt lat="47.394684" lon="-123.411200"></trkpt><trkpt lat="47.394535" lon="-123.410739"></trkpt><trkpt lat="47.394435" lon="-123.410252"></trkpt><trkpt lat="47.394244" lon="-123.409808"></trkpt><trkpt lat="47.394235" lon="-123.409300"></trkpt><trkpt lat="47.394323" lon="-123.408874"></trkpt><trkpt lat="47.394246" lon="-123.408324"></trkpt><trkpt lat="47.394146" lon="-123.407897"></trkpt><trkpt lat="47.394072" lon="-123.407416"></trkpt><trkpt lat="47.394055" lon="-123.406869"></trkpt><trkpt lat="47.394039" lon="-123.406322"></trkpt><trkpt lat="47.394057" lon="-123.405841"></trkpt><trkpt lat="47.394064" lon="-123.405373"></trkpt><trkpt lat="47.393953" lon="-123.404857"></trkpt><trkpt lat="47.393814" lon="-123.404313"></trkpt><trkpt lat="47.393739" lon="-123.403747"></trkpt><trkpt lat="47.393701" lon="-123.403182"></trkpt><trkpt lat="47.393616" lon="-123.402599"></trkpt><trkpt lat="47.393503" lon="-123.402027"></trkpt><trkpt lat="47.393433" lon="-123.401456"></trkpt><trkpt lat="47.393431" lon="-123.400973"></trkpt><trkpt lat="47.393555" lon="-123.400531"></trkpt><trkpt lat="47.393864" lon="-123.400367"></trkpt><trkpt lat="47.394212" lon="-123.400326"></trkpt><trkpt lat="47.394518" lon="-123.400062"></trkpt><trkpt lat="47.394724" lon="-123.399726"></trkpt><trkpt lat="47.394848" lon="-123.399308"></trkpt><trkpt lat="47.394974" lon="-123.398846"></trkpt><trkpt lat="47.395105" lon="-123.398379"></trkpt><trkpt lat="47.395248" lon="-123.397938"></trkpt><trkpt lat="47.395378" lon="-123.397439"></trkpt><trkpt lat="47.395468" lon="-123.397027"></trkpt><trkpt lat="47.395758" lon="-123.396769"></trkpt><trkpt lat="47.396070" lon="-123.396710"></trkpt><trkpt lat="47.396388" lon="-123.396423"></trkpt><trkpt lat="47.396618" lon="-123.396014"></trkpt><trkpt lat="47.396861" lon="-123.395715"></trkpt><trkpt lat="47.397182" lon="-123.395829"></trkpt><trkpt lat="47.397469" lon="-123.396162"></trkpt><trkpt lat="47.397788" lon="-123.396172"></trkpt><trkpt lat="47.398086" lon="-123.396223"></trkpt><trkpt lat="47.398301" lon="-123.396652"></trkpt><trkpt lat="47.398252" lon="-123.397157"></trkpt><trkpt lat="47.397999" lon="-123.397396"></trkpt><trkpt lat="47.397726" lon="-123.397736"></trkpt><trkpt lat="47.397537" lon="-123.398087"></trkpt><trkpt lat="47.397431" lon="-123.398493"></trkpt><trkpt lat="47.397386" lon="-123.398997"></trkpt><trkpt lat="47.397383" lon="-123.399532"></trkpt><trkpt lat="47.397462" lon="-123.400021"></trkpt><trkpt lat="47.397638" lon="-123.400374"></trkpt><trkpt lat="47.398013" lon="-123.400537"></trkpt><trkpt lat="47.398340" lon="-123.400647"></trkpt><trkpt lat="47.398700" lon="-123.400804"></trkpt><trkpt lat="47.399088" lon="-123.400949"></trkpt><trkpt lat="47.399473" lon="-123.401068"></trkpt><trkpt lat="47.399783" lon="-123.401205"></trkpt><trkpt lat="47.400013" lon="-123.401597"></trkpt><trkpt lat="47.400157" lon="-123.402075"></trkpt><trkpt lat="47.400291" lon="-123.402479"></trkpt><trkpt lat="47.400599" lon="-123.402518"></trkpt><trkpt lat="47.400898" lon="-123.402288"></trkpt><trkpt lat="47.401177" lon="-123.401937"></trkpt><trkpt lat="47.401422" lon="-123.401454"></trkpt><trkpt lat="47.401692" lon="-123.400996"></trkpt><trkpt lat="47.401984" lon="-123.400587"></trkpt><trkpt lat="47.402233" lon="-123.400265"></trkpt><trkpt lat="47.402469" lon="-123.399902"></trkpt><trkpt lat="47.402750" lon="-123.399534"></trkpt><trkpt lat="47.403053" lon="-123.399164"></trkpt><trkpt lat="47.403289" lon="-123.398810"></trkpt><trkpt lat="47.403382" lon="-123.398394"></trkpt><trkpt lat="47.403139" lon="-123.398044"></trkpt><trkpt lat="47.402852" lon="-123.397797"></trkpt><trkpt lat="47.402605" lon="-123.397474"></trkpt><trkpt lat="47.402434" lon="-123.397011"></trkpt><trkpt lat="47.402296" lon="-123.396452"></trkpt><trkpt lat="47.402132" lon="-123.395893"></trkpt><trkpt lat="47.401973" lon="-123.395500"></trkpt><trkpt lat="47.401720" lon="-123.395280"></trkpt><trkpt lat="47.401458" lon="-123.395014"></trkpt><trkpt lat="47.401205" lon="-123.394714"></trkpt><trkpt lat="47.400904" lon="-123.394619"></trkpt><trkpt lat="47.400566" lon="-123.394420"></trkpt><trkpt lat="47.400362" lon="-123.394023"></trkpt><trkpt lat="47.400212" lon="-123.393583"></trkpt><trkpt lat="47.400223" lon="-123.393135"></trkpt><trkpt lat="47.400235" lon="-123.392668"></trkpt><trkpt lat="47.400245" lon="-123.392149"></trkpt><trkpt lat="47.400246" lon="-123.391664"></trkpt><trkpt lat="47.400203" lon="-123.391217"></trkpt><trkpt lat="47.400260" lon="-123.390740"></trkpt><trkpt lat="47.400272" lon="-123.390177"></trkpt><trkpt lat="47.400222" lon="-123.389679"></trkpt><trkpt lat="47.400212" lon="-123.389197"></trkpt><trkpt lat="47.400265" lon="-123.388703"></trkpt><trkpt lat="47.400357" lon="-123.388241"></trkpt><trkpt lat="47.400534" lon="-123.387812"></trkpt><trkpt lat="47.400733" lon="-123.387448"></trkpt><trkpt lat="47.400970" lon="-123.387162"></trkpt><trkpt lat="47.401329" lon="-123.386936"></trkpt><trkpt lat="47.401673" lon="-123.386751"></trkpt><trkpt lat="47.401949" lon="-123.386517"></trkpt><trkpt lat="47.402207" lon="-123.386194"></trkpt><trkpt lat="47.402432" lon="-123.385861"></trkpt><trkpt lat="47.402660" lon="-123.385561"></trkpt><trkpt lat="47.402903" lon="-123.385289"></trkpt><trkpt lat="47.403196" lon="-123.385270"></trkpt><trkpt lat="47.403507" lon="-123.385386"></trkpt><trkpt lat="47.403806" lon="-123.385231"></trkpt><trkpt lat="47.404082" lon="-123.384969"></trkpt><trkpt lat="47.404415" lon="-123.384770"></trkpt><trkpt lat="47.404703" lon="-123.385039"></trkpt><trkpt lat="47.404900" lon="-123.385364"></trkpt><trkpt lat="47.405092" lon="-123.385749"></trkpt><trkpt lat="47.405408" lon="-123.386057"></trkpt><trkpt lat="47.405670" lon="-123.386348"></trkpt><trkpt lat="47.405957" lon="-123.386405"></trkpt><trkpt lat="47.406201" lon="-123.386138"></trkpt><trkpt lat="47.406504" lon="-123.385866"></trkpt><trkpt lat="47.406802" lon="-123.385784"></trkpt><trkpt lat="47.407035" lon="-123.385576"></trkpt><trkpt lat="47.407039" lon="-123.385037"></trkpt><trkpt lat="47.406930" lon="-123.384518"></trkpt><trkpt lat="47.406751" lon="-123.384084"></trkpt><trkpt lat="47.406639" lon="-123.383559"></trkpt><trkpt lat="47.406663" lon="-123.383095"></trkpt><trkpt lat="47.406658" lon="-123.382629"></trkpt><trkpt lat="47.406653" lon="-123.382155"></trkpt><trkpt lat="47.406671" lon="-123.381666"></trkpt><trkpt lat="47.406732" lon="-123.381175"></trkpt><trkpt lat="47.406918" lon="-123.380692"></trkpt><trkpt lat="47.407154" lon="-123.380278"></trkpt><trkpt lat="47.407399" lon="-123.379970"></trkpt><trkpt lat="47.407685" lon="-123.379611"></trkpt><trkpt lat="47.407976" lon="-123.379316"></trkpt><trkpt lat="47.408229" lon="-123.379049"></trkpt><trkpt lat="47.408296" lon="-123.378615"></trkpt><trkpt lat="47.408222" lon="-123.378067"></trkpt><trkpt lat="47.408160" lon="-123.377603"></trkpt><trkpt lat="47.408108" lon="-123.377148"></trkpt><trkpt lat="47.408111" lon="-123.376649"></trkpt><trkpt lat="47.408246" lon="-123.376241"></trkpt><trkpt lat="47.408432" lon="-123.375857"></trkpt><trkpt lat="47.408639" lon="-123.375571"></trkpt><trkpt lat="47.408957" lon="-123.375376"></trkpt><trkpt lat="47.409236" lon="-123.375224"></trkpt><trkpt lat="47.409512" lon="-123.375028"></trkpt><trkpt lat="47.409796" lon="-123.374790"></trkpt><trkpt lat="47.410128" lon="-123.374606"></trkpt><trkpt lat="47.410422" lon="-123.374502"></trkpt><trkpt lat="47.410719" lon="-123.374417"></trkpt><trkpt lat="47.411002" lon="-123.374341"></trkpt><trkpt lat="47.411361" lon="-123.374254"></trkpt><trkpt lat="47.411566" lon="-123.373981"></trkpt><trkpt lat="47.411410" lon="-123.373549"></trkpt><trkpt lat="47.411253" lon="-123.373023"></trkpt><trkpt lat="47.411135" lon="-123.372608"></trkpt><trkpt lat="47.411093" lon="-123.372183"></trkpt><trkpt lat="47.411076" lon="-123.371728"></trkpt><trkpt lat="47.411061" lon="-123.371251"></trkpt><trkpt lat="47.411011" lon="-123.370801"></trkpt><trkpt lat="47.410996" lon="-123.370232"></trkpt><trkpt lat="47.411083" lon="-123.369795"></trkpt><trkpt lat="47.411213" lon="-123.369304"></trkpt><trkpt lat="47.411302" lon="-123.368809"></trkpt><trkpt lat="47.411121" lon="-123.368452"></trkpt><trkpt lat="47.410766" lon="-123.368319"></trkpt><trkpt lat="47.410471" lon="-123.368230"></trkpt><trkpt lat="47.410142" lon="-123.368080"></trkpt><trkpt lat="47.409908" lon="-123.367819"></trkpt><trkpt lat="47.409662" lon="-123.367482"></trkpt><trkpt lat="47.409498" lon="-123.367070"></trkpt><trkpt lat="47.409475" lon="-123.366613"></trkpt><trkpt lat="47.409350" lon="-123.366185"></trkpt><trkpt lat="47.409272" lon="-123.366111"></trkpt><trkpt lat="47.409459" lon="-123.366453"></trkpt><trkpt lat="47.409494" lon="-123.366936"></trkpt><trkpt lat="47.409605" lon="-123.367396"></trkpt><trkpt lat="47.409547" lon="-123.367904"></trkpt><trkpt lat="47.409433" lon="-123.368333"></trkpt><trkpt lat="47.409384" lon="-123.368843"></trkpt><trkpt lat="47.409281" lon="-123.369346"></trkpt><trkpt lat="47.409176" lon="-123.369777"></trkpt><trkpt lat="47.408917" lon="-123.369556"></trkpt><trkpt lat="47.408844" lon="-123.369043"></trkpt><trkpt lat="47.408886" lon="-123.368616"></trkpt><trkpt lat="47.408949" lon="-123.368092"></trkpt><trkpt lat="47.408863" lon="-123.367625"></trkpt><trkpt lat="47.408644" lon="-123.367256"></trkpt><trkpt lat="47.408327" lon="-123.366982"></trkpt><trkpt lat="47.408072" lon="-123.366732"></trkpt><trkpt lat="47.407867" lon="-123.366412"></trkpt><trkpt lat="47.407588" lon="-123.366218"></trkpt><trkpt lat="47.407541" lon="-123.365756"></trkpt><trkpt lat="47.407704" lon="-123.365314"></trkpt><trkpt lat="47.407804" lon="-123.364824"></trkpt><trkpt lat="47.407733" lon="-123.364393"></trkpt><trkpt lat="47.407836" lon="-123.363998"></trkpt><trkpt lat="47.408127" lon="-123.363680"></trkpt><trkpt lat="47.408412" lon="-123.363387"></trkpt><trkpt lat="47.408712" lon="-123.363196"></trkpt><trkpt lat="47.408992" lon="-123.363077"></trkpt><trkpt lat="47.409179" lon="-123.362736"></trkpt><trkpt lat="47.409527" lon="-123.362677"></trkpt><trkpt lat="47.409831" lon="-123.362647"></trkpt><trkpt lat="47.410175" lon="-123.362838"></trkpt><trkpt lat="47.410542" lon="-123.362717"></trkpt><trkpt lat="47.410885" lon="-123.362519"></trkpt><trkpt lat="47.411211" lon="-123.362394"></trkpt><trkpt lat="47.411361" lon="-123.361960"></trkpt><trkpt lat="47.411474" lon="-123.361554"></trkpt><trkpt lat="47.411676" lon="-123.361082"></trkpt><trkpt lat="47.411909" lon="-123.360670"></trkpt><trkpt lat="47.412084" lon="-123.360192"></trkpt><trkpt lat="47.412270" lon="-123.359690"></trkpt><trkpt lat="47.412530" lon="-123.359259"></trkpt><trkpt lat="47.412826" lon="-123.358896"></trkpt><trkpt lat="47.413143" lon="-123.358676"></trkpt><trkpt lat="47.413498" lon="-123.358596"></trkpt><trkpt lat="47.413871" lon="-123.358482"></trkpt><trkpt lat="47.414228" lon="-123.358383"></trkpt><trkpt lat="47.414571" lon="-123.358317"></trkpt><trkpt lat="47.414921" lon="-123.358193"></trkpt><trkpt lat="47.415261" lon="-123.357974"></trkpt><trkpt lat="47.415569" lon="-123.357992"></trkpt><trkpt lat="47.415911" lon="-123.357972"></trkpt><trkpt lat="47.416084" lon="-123.357490"></trkpt><trkpt lat="47.416279" lon="-123.357035"></trkpt><trkpt lat="47.416289" lon="-123.356471"></trkpt><trkpt lat="47.416157" lon="-123.356013"></trkpt><trkpt lat="47.415866" lon="-123.355860"></trkpt><trkpt lat="47.415544" lon="-123.355842"></trkpt><trkpt lat="47.415254" lon="-123.355867"></trkpt><trkpt lat="47.414969" lon="-123.356013"></trkpt><trkpt lat="47.414665" lon="-123.356088"></trkpt><trkpt lat="47.414354" lon="-123.356090"></trkpt><trkpt lat="47.414077" lon="-123.356130"></trkpt><trkpt lat="47.413795" lon="-123.356313"></trkpt><trkpt lat="47.413524" lon="-123.356576"></trkpt><trkpt lat="47.413228" lon="-123.356830"></trkpt><trkpt lat="47.412907" lon="-123.356745"></trkpt><trkpt lat="47.412586" lon="-123.356870"></trkpt><trkpt lat="47.412341" lon="-123.357128"></trkpt><trkpt lat="47.412314" lon="-123.357581"></trkpt><trkpt lat="47.412054" lon="-123.357885"></trkpt><trkpt lat="47.411699" lon="-123.357743"></trkpt><trkpt lat="47.411371" lon="-123.357468"></trkpt><trkpt lat="47.411208" lon="-123.357093"></trkpt><trkpt lat="47.411067" lon="-123.356658"></trkpt><trkpt lat="47.410978" lon="-123.356184"></trkpt><trkpt lat="47.410919" lon="-123.355676"></trkpt><trkpt lat="47.410881" lon="-123.355210"></trkpt><trkpt lat="47.410777" lon="-123.354657"></trkpt><trkpt lat="47.410685" lon="-123.354237"></trkpt><trkpt lat="47.410616" lon="-123.353735"></trkpt><trkpt lat="47.410611" lon="-123.353257"></trkpt><trkpt lat="47.410419" lon="-123.352880"></trkpt><trkpt lat="47.410076" lon="-123.352678"></trkpt><trkpt lat="47.409855" lon="-123.352339"></trkpt><trkpt lat="47.409746" lon="-123.351832"></trkpt><trkpt lat="47.409663" lon="-123.351387"></trkpt><trkpt lat="47.409624" lon="-123.350928"></trkpt><trkpt lat="47.409444" lon="-123.350522"></trkpt><trkpt lat="47.409289" lon="-123.350082"></trkpt><trkpt lat="47.409361" lon="-123.349582"></trkpt><trkpt lat="47.409458" lon="-123.349114"></trkpt><trkpt lat="47.409745" lon="-123.348851"></trkpt><trkpt lat="47.409999" lon="-123.348575"></trkpt><trkpt lat="47.410000" lon="-123.348054"></trkpt><trkpt lat="47.409844" lon="-123.347624"></trkpt><trkpt lat="47.409568" lon="-123.347285"></trkpt><trkpt lat="47.409280" lon="-123.347035"></trkpt><trkpt lat="47.408939" lon="-123.347054"></trkpt><trkpt lat="47.408610" lon="-123.347297"></trkpt><trkpt lat="47.408277" lon="-123.347300"></trkpt><trkpt lat="47.407981" lon="-123.347263"></trkpt><trkpt lat="47.407643" lon="-123.347480"></trkpt><trkpt lat="47.407333" lon="-123.347771"></trkpt><trkpt lat="47.407050" lon="-123.348093"></trkpt><trkpt lat="47.406729" lon="-123.348354"></trkpt><trkpt lat="47.406430" lon="-123.348490"></trkpt><trkpt lat="47.406127" lon="-123.348548"></trkpt><trkpt lat="47.406189" lon="-123.348093"></trkpt><trkpt lat="47.406401" lon="-123.347714"></trkpt><trkpt lat="47.406378" lon="-123.347279"></trkpt><trkpt lat="47.406319" lon="-123.346847"></trkpt><trkpt lat="47.406185" lon="-123.346354"></trkpt><trkpt lat="47.406104" lon="-123.345806"></trkpt><trkpt lat="47.406138" lon="-123.345354"></trkpt><trkpt lat="47.406034" lon="-123.344866"></trkpt><trkpt lat="47.405806" lon="-123.344501"></trkpt><trkpt lat="47.405542" lon="-123.344133"></trkpt><trkpt lat="47.405515" lon="-123.343679"></trkpt><trkpt lat="47.405725" lon="-123.343283"></trkpt><trkpt lat="47.405840" lon="-123.342874"></trkpt><trkpt lat="47.405808" lon="-123.342372"></trkpt><trkpt lat="47.405846" lon="-123.341922"></trkpt><trkpt lat="47.405745" lon="-123.341494"></trkpt><trkpt lat="47.405701" lon="-123.340974"></trkpt><trkpt lat="47.405670" lon="-123.340549"></trkpt><trkpt lat="47.405335" lon="-123.340369"></trkpt><trkpt lat="47.405019" lon="-123.340326"></trkpt><trkpt lat="47.404738" lon="-123.340230"></trkpt><trkpt lat="47.404447" lon="-123.340008"></trkpt><trkpt lat="47.404416" lon="-123.339535"></trkpt><trkpt lat="47.404300" lon="-123.339114"></trkpt><trkpt lat="47.404000" lon="-123.338838"></trkpt><trkpt lat="47.403715" lon="-123.338840"></trkpt><trkpt lat="47.403429" lon="-123.338748"></trkpt><trkpt lat="47.403263" lon="-123.338273"></trkpt><trkpt lat="47.403083" lon="-123.337923"></trkpt><trkpt lat="47.402736" lon="-123.337949"></trkpt><trkpt lat="47.402442" lon="-123.337953"></trkpt><trkpt lat="47.402146" lon="-123.337835"></trkpt><trkpt lat="47.401802" lon="-123.337601"></trkpt><trkpt lat="47.401499" lon="-123.337598"></trkpt><trkpt lat="47.401219" lon="-123.337947"></trkpt><trkpt lat="47.401033" lon="-123.338387"></trkpt><trkpt lat="47.400872" lon="-123.338902"></trkpt><trkpt lat="47.400705" lon="-123.339382"></trkpt><trkpt lat="47.400489" lon="-123.339769"></trkpt><trkpt lat="47.400225" lon="-123.340025"></trkpt><trkpt lat="47.400048" lon="-123.340450"></trkpt><trkpt lat="47.399855" lon="-123.340848"></trkpt><trkpt lat="47.399606" lon="-123.341222"></trkpt><trkpt lat="47.399416" lon="-123.341652"></trkpt><trkpt lat="47.399248" lon="-123.342077"></trkpt><trkpt lat="47.399095" lon="-123.342481"></trkpt><trkpt lat="47.398909" lon="-123.342909"></trkpt><trkpt lat="47.398721" lon="-123.343341"></trkpt><trkpt lat="47.398551" lon="-123.343747"></trkpt><trkpt lat="47.398353" lon="-123.344072"></trkpt><trkpt lat="47.398041" lon="-123.344392"></trkpt><trkpt lat="47.397821" lon="-123.344848"></trkpt><trkpt lat="47.397740" lon="-123.345267"></trkpt><trkpt lat="47.397607" lon="-123.345721"></trkpt><trkpt lat="47.397326" lon="-123.345941"></trkpt><trkpt lat="47.397047" lon="-123.346194"></trkpt><trkpt lat="47.396800" lon="-123.346446"></trkpt><trkpt lat="47.396445" lon="-123.346573"></trkpt><trkpt lat="47.396103" lon="-123.346837"></trkpt><trkpt lat="47.395795" lon="-123.347175"></trkpt><trkpt lat="47.395553" lon="-123.347578"></trkpt><trkpt lat="47.395245" lon="-123.347579"></trkpt><trkpt lat="47.394951" lon="-123.347294"></trkpt><trkpt lat="47.394666" lon="-123.347291"></trkpt><trkpt lat="47.394376" lon="-123.347516"></trkpt><trkpt lat="47.394119" lon="-123.347321"></trkpt><trkpt lat="47.393976" lon="-123.346939"></trkpt><trkpt lat="47.393737" lon="-123.346647"></trkpt><trkpt lat="47.393510" lon="-123.346336"></trkpt><trkpt lat="47.393277" lon="-123.345976"></trkpt><trkpt lat="47.393350" lon="-123.345561"></trkpt><trkpt lat="47.393721" lon="-123.345417"></trkpt><trkpt lat="47.394019" lon="-123.345335"></trkpt><trkpt lat="47.394317" lon="-123.345236"></trkpt><trkpt lat="47.394442" lon="-123.344840"></trkpt><trkpt lat="47.394412" lon="-123.344298"></trkpt><trkpt lat="47.394475" lon="-123.343797"></trkpt><trkpt lat="47.394761" lon="-123.343610"></trkpt><trkpt lat="47.395114" lon="-123.343669"></trkpt><trkpt lat="47.395455" lon="-123.343597"></trkpt><trkpt lat="47.395716" lon="-123.343327"></trkpt><trkpt lat="47.395956" lon="-123.342935"></trkpt><trkpt lat="47.396118" lon="-123.342551"></trkpt><trkpt lat="47.396232" lon="-123.341989"></trkpt><trkpt lat="47.396326" lon="-123.341569"></trkpt><trkpt lat="47.396501" lon="-123.341075"></trkpt><trkpt lat="47.396712" lon="-123.340767"></trkpt><trkpt lat="47.396994" lon="-123.340564"></trkpt><trkpt lat="47.397296" lon="-123.340602"></trkpt><trkpt lat="47.397635" lon="-123.340691"></trkpt><trkpt lat="47.397897" lon="-123.340509"></trkpt><trkpt lat="47.398032" lon="-123.340091"></trkpt><trkpt lat="47.398179" lon="-123.339573"></trkpt><trkpt lat="47.398127" lon="-123.339075"></trkpt><trkpt lat="47.397930" lon="-123.338698"></trkpt><trkpt lat="47.397699" lon="-123.338365"></trkpt><trkpt lat="47.397423" lon="-123.338002"></trkpt><trkpt lat="47.397370" lon="-123.337474"></trkpt><trkpt lat="47.397524" lon="-123.336997"></trkpt><trkpt lat="47.397870" lon="-123.336807"></trkpt><trkpt lat="47.398132" lon="-123.336640"></trkpt><trkpt lat="47.397973" lon="-123.336249"></trkpt><trkpt lat="47.397648" lon="-123.335993"></trkpt><trkpt lat="47.397393" lon="-123.335717"></trkpt><trkpt lat="47.397051" lon="-123.335890"></trkpt><trkpt lat="47.396803" lon="-123.336143"></trkpt><trkpt lat="47.396604" lon="-123.336473"></trkpt><trkpt lat="47.396401" lon="-123.336884"></trkpt><trkpt lat="47.396226" lon="-123.337265"></trkpt><trkpt lat="47.395953" lon="-123.337607"></trkpt><trkpt lat="47.395616" lon="-123.337877"></trkpt><trkpt lat="47.395276" lon="-123.338108"></trkpt><trkpt lat="47.394936" lon="-123.338310"></trkpt><trkpt lat="47.394584" lon="-123.338474"></trkpt><trkpt lat="47.394233" lon="-123.338570"></trkpt><trkpt lat="47.393908" lon="-123.338653"></trkpt><trkpt lat="47.393551" lon="-123.338816"></trkpt><trkpt lat="47.393179" lon="-123.338988"></trkpt><trkpt lat="47.392766" lon="-123.339184"></trkpt><trkpt lat="47.392375" lon="-123.339342"></trkpt><trkpt lat="47.392013" lon="-123.339473"></trkpt><trkpt lat="47.391687" lon="-123.339605"></trkpt><trkpt lat="47.391403" lon="-123.339746"></trkpt><trkpt lat="47.391143" lon="-123.339950"></trkpt><trkpt lat="47.390835" lon="-123.340207"></trkpt><trkpt lat="47.390487" lon="-123.340375"></trkpt><trkpt lat="47.390153" lon="-123.340419"></trkpt><trkpt lat="47.389809" lon="-123.340447"></trkpt><trkpt lat="47.389460" lon="-123.340500"></trkpt><trkpt lat="47.389142" lon="-123.340519"></trkpt><trkpt lat="47.388813" lon="-123.340463"></trkpt><trkpt lat="47.388472" lon="-123.340155"></trkpt><trkpt lat="47.388194" lon="-123.339656"></trkpt><trkpt lat="47.388029" lon="-123.339286"></trkpt><trkpt lat="47.387776" lon="-123.338789"></trkpt><trkpt lat="47.387542" lon="-123.338398"></trkpt><trkpt lat="47.387373" lon="-123.337937"></trkpt><trkpt lat="47.387238" lon="-123.337392"></trkpt><trkpt lat="47.387122" lon="-123.336862"></trkpt><trkpt lat="47.386959" lon="-123.336394"></trkpt><trkpt lat="47.386684" lon="-123.336034"></trkpt><trkpt lat="47.386392" lon="-123.335693"></trkpt><trkpt lat="47.386196" lon="-123.335284"></trkpt><trkpt lat="47.386098" lon="-123.334796"></trkpt><trkpt lat="47.386010" lon="-123.334258"></trkpt><trkpt lat="47.385808" lon="-123.333745"></trkpt><trkpt lat="47.385530" lon="-123.333366"></trkpt><trkpt lat="47.385342" lon="-123.332952"></trkpt><trkpt lat="47.385294" lon="-123.332413"></trkpt><trkpt lat="47.385273" lon="-123.331878"></trkpt><trkpt lat="47.385150" lon="-123.331287"></trkpt><trkpt lat="47.385026" lon="-123.330851"></trkpt><trkpt lat="47.384903" lon="-123.330454"></trkpt><trkpt lat="47.384727" lon="-123.329914"></trkpt><trkpt lat="47.384554" lon="-123.329412"></trkpt><trkpt lat="47.384303" lon="-123.329000"></trkpt><trkpt lat="47.383943" lon="-123.328715"></trkpt><trkpt lat="47.383598" lon="-123.328467"></trkpt><trkpt lat="47.383304" lon="-123.328023"></trkpt><trkpt lat="47.383058" lon="-123.327479"></trkpt><trkpt lat="47.382904" lon="-123.327104"></trkpt><trkpt lat="47.382751" lon="-123.326723"></trkpt><trkpt lat="47.382518" lon="-123.326205"></trkpt><trkpt lat="47.382333" lon="-123.325872"></trkpt><trkpt lat="47.382040" lon="-123.325447"></trkpt><trkpt lat="47.381869" lon="-123.325015"></trkpt><trkpt lat="47.381707" lon="-123.324487"></trkpt><trkpt lat="47.381550" lon="-123.323998"></trkpt><trkpt lat="47.381410" lon="-123.323588"></trkpt><trkpt lat="47.381274" lon="-123.323320"></trkpt><trkpt lat="47.381452" lon="-123.322897"></trkpt><trkpt lat="47.381688" lon="-123.322479"></trkpt><trkpt lat="47.381840" lon="-123.322103"></trkpt><trkpt lat="47.381986" lon="-123.321687"></trkpt><trkpt lat="47.382134" lon="-123.321241"></trkpt><trkpt lat="47.382281" lon="-123.320777"></trkpt><trkpt lat="47.382423" lon="-123.320307"></trkpt><trkpt lat="47.382534" lon="-123.319809"></trkpt><trkpt lat="47.382622" lon="-123.319303"></trkpt><trkpt lat="47.382710" lon="-123.318801"></trkpt><trkpt lat="47.382813" lon="-123.318296"></trkpt><trkpt lat="47.382920" lon="-123.317801"></trkpt><trkpt lat="47.383023" lon="-123.317292"></trkpt><trkpt lat="47.383098" lon="-123.316780"></trkpt><trkpt lat="47.383132" lon="-123.316263"></trkpt><trkpt lat="47.383147" lon="-123.315771"></trkpt><trkpt lat="47.383197" lon="-123.315321"></trkpt><trkpt lat="47.383340" lon="-123.314920"></trkpt><trkpt lat="47.383579" lon="-123.314611"></trkpt><trkpt lat="47.383870" lon="-123.314419"></trkpt><trkpt lat="47.384191" lon="-123.314257"></trkpt><trkpt lat="47.384508" lon="-123.314082"></trkpt><trkpt lat="47.384801" lon="-123.313837"></trkpt><trkpt lat="47.385044" lon="-123.313479"></trkpt><trkpt lat="47.385279" lon="-123.313071"></trkpt><trkpt lat="47.385547" lon="-123.312734"></trkpt><trkpt lat="47.385856" lon="-123.312465"></trkpt><trkpt lat="47.386171" lon="-123.312246"></trkpt><trkpt lat="47.386489" lon="-123.312096"></trkpt><trkpt lat="47.386832" lon="-123.312027"></trkpt><trkpt lat="47.387198" lon="-123.312014"></trkpt><trkpt lat="47.387576" lon="-123.312009"></trkpt><trkpt lat="47.387956" lon="-123.312015"></trkpt><trkpt lat="47.388330" lon="-123.312028"></trkpt><trkpt lat="47.388716" lon="-123.312040"></trkpt><trkpt lat="47.389108" lon="-123.312046"></trkpt><trkpt lat="47.389500" lon="-123.312052"></trkpt><trkpt lat="47.389892" lon="-123.312057"></trkpt><trkpt lat="47.390268" lon="-123.312107"></trkpt><trkpt lat="47.390644" lon="-123.312226"></trkpt><trkpt lat="47.391009" lon="-123.312414"></trkpt><trkpt lat="47.391357" lon="-123.312653"></trkpt><trkpt lat="47.391670" lon="-123.312912"></trkpt><trkpt lat="47.391960" lon="-123.313131"></trkpt><trkpt lat="47.392276" lon="-123.313226"></trkpt><trkpt lat="47.392629" lon="-123.313236"></trkpt><trkpt lat="47.392997" lon="-123.313272"></trkpt><trkpt lat="47.393363" lon="-123.313367"></trkpt><trkpt lat="47.393725" lon="-123.313506"></trkpt><trkpt lat="47.394088" lon="-123.313668"></trkpt><trkpt lat="47.394463" lon="-123.313817"></trkpt><trkpt lat="47.394840" lon="-123.313931"></trkpt><trkpt lat="47.395221" lon="-123.314031"></trkpt><trkpt lat="47.395605" lon="-123.314126"></trkpt><trkpt lat="47.395990" lon="-123.314214"></trkpt><trkpt lat="47.396374" lon="-123.314304"></trkpt><trkpt lat="47.396753" lon="-123.314416"></trkpt><trkpt lat="47.397113" lon="-123.314558"></trkpt><trkpt lat="47.397447" lon="-123.314714"></trkpt><trkpt lat="47.397791" lon="-123.314835"></trkpt><trkpt lat="47.398150" lon="-123.314869"></trkpt><trkpt lat="47.398514" lon="-123.314820"></trkpt><trkpt lat="47.398881" lon="-123.314799"></trkpt><trkpt lat="47.399257" lon="-123.314842"></trkpt><trkpt lat="47.399627" lon="-123.314936"></trkpt><trkpt lat="47.399974" lon="-123.315077"></trkpt><trkpt lat="47.400305" lon="-123.315274"></trkpt><trkpt lat="47.400628" lon="-123.315498"></trkpt><trkpt lat="47.400949" lon="-123.315734"></trkpt><trkpt lat="47.401274" lon="-123.315967"></trkpt><trkpt lat="47.401595" lon="-123.316202"></trkpt><trkpt lat="47.401919" lon="-123.316443"></trkpt><trkpt lat="47.402249" lon="-123.316675"></trkpt><trkpt lat="47.402581" lon="-123.316906"></trkpt><trkpt lat="47.402914" lon="-123.317140"></trkpt><trkpt lat="47.403244" lon="-123.317375"></trkpt><trkpt lat="47.403559" lon="-123.317612"></trkpt><trkpt lat="47.403839" lon="-123.317892"></trkpt><trkpt lat="47.404068" lon="-123.318229"></trkpt><trkpt lat="47.404228" lon="-123.318623"></trkpt><trkpt lat="47.404316" lon="-123.319099"></trkpt><trkpt lat="47.404379" lon="-123.319613"></trkpt><trkpt lat="47.404434" lon="-123.320132"></trkpt><trkpt lat="47.404476" lon="-123.320619"></trkpt><trkpt lat="47.404497" lon="-123.321092"></trkpt><trkpt lat="47.404490" lon="-123.321553"></trkpt><trkpt lat="47.404506" lon="-123.322096"></trkpt><trkpt lat="47.404779" lon="-123.322437"></trkpt><trkpt lat="47.405128" lon="-123.322342"></trkpt><trkpt lat="47.405541" lon="-123.322302"></trkpt><trkpt lat="47.405823" lon="-123.322417"></trkpt><trkpt lat="47.406104" lon="-123.322570"></trkpt><trkpt lat="47.406480" lon="-123.322691"></trkpt><trkpt lat="47.406834" lon="-123.322491"></trkpt><trkpt lat="47.407090" lon="-123.322277"></trkpt><trkpt lat="47.407489" lon="-123.322082"></trkpt><trkpt lat="47.407778" lon="-123.322127"></trkpt><trkpt lat="47.408087" lon="-123.322281"></trkpt><trkpt lat="47.408414" lon="-123.322433"></trkpt><trkpt lat="47.408723" lon="-123.322575"></trkpt><trkpt lat="47.409015" lon="-123.322702"></trkpt><trkpt lat="47.409395" lon="-123.322972"></trkpt><trkpt lat="47.409607" lon="-123.323296"></trkpt><trkpt lat="47.409803" lon="-123.323692"></trkpt><trkpt lat="47.409993" lon="-123.324102"></trkpt><trkpt lat="47.410206" lon="-123.324475"></trkpt><trkpt lat="47.410465" lon="-123.324789"></trkpt><trkpt lat="47.410772" lon="-123.325018"></trkpt><trkpt lat="47.411102" lon="-123.325199"></trkpt><trkpt lat="47.411435" lon="-123.325369"></trkpt><trkpt lat="47.411742" lon="-123.325575"></trkpt><trkpt lat="47.412049" lon="-123.325839"></trkpt><trkpt lat="47.412359" lon="-123.326157"></trkpt><trkpt lat="47.412669" lon="-123.326489"></trkpt><trkpt lat="47.412983" lon="-123.326828"></trkpt><trkpt lat="47.413281" lon="-123.327180"></trkpt><trkpt lat="47.413546" lon="-123.327548"></trkpt><trkpt lat="47.413791" lon="-123.327936"></trkpt><trkpt lat="47.414011" lon="-123.328322"></trkpt><trkpt lat="47.414216" lon="-123.328682"></trkpt><trkpt lat="47.414445" lon="-123.328982"></trkpt><trkpt lat="47.414721" lon="-123.329172"></trkpt><trkpt lat="47.415029" lon="-123.329232"></trkpt><trkpt lat="47.415346" lon="-123.329161"></trkpt><trkpt lat="47.415606" lon="-123.328981"></trkpt><trkpt lat="47.415885" lon="-123.328722"></trkpt><trkpt lat="47.415876" lon="-123.328363"></trkpt><trkpt lat="47.415596" lon="-123.328035"></trkpt><trkpt lat="47.415369" lon="-123.327744"></trkpt><trkpt lat="47.415134" lon="-123.327408"></trkpt><trkpt lat="47.414909" lon="-123.327036"></trkpt><trkpt lat="47.414671" lon="-123.326654"></trkpt><trkpt lat="47.414431" lon="-123.326271"></trkpt><trkpt lat="47.414187" lon="-123.325880"></trkpt><trkpt lat="47.413940" lon="-123.325486"></trkpt><trkpt lat="47.413701" lon="-123.325088"></trkpt><trkpt lat="47.413473" lon="-123.324693"></trkpt><trkpt lat="47.413262" lon="-123.324286"></trkpt><trkpt lat="47.413050" lon="-123.323887"></trkpt><trkpt lat="47.412861" lon="-123.323531"></trkpt><trkpt lat="47.412639" lon="-123.323090"></trkpt><trkpt lat="47.412425" lon="-123.322664"></trkpt><trkpt lat="47.412230" lon="-123.322278"></trkpt><trkpt lat="47.412049" lon="-123.321834"></trkpt><trkpt lat="47.411922" lon="-123.321323"></trkpt><trkpt lat="47.411865" lon="-123.320779"></trkpt><trkpt lat="47.411876" lon="-123.320272"></trkpt><trkpt lat="47.412101" lon="-123.319827"></trkpt><trkpt lat="47.412411" lon="-123.319676"></trkpt><trkpt lat="47.412717" lon="-123.319490"></trkpt><trkpt lat="47.412957" lon="-123.319088"></trkpt><trkpt lat="47.412977" lon="-123.318582"></trkpt><trkpt lat="47.412755" lon="-123.318247"></trkpt><trkpt lat="47.412454" lon="-123.317879"></trkpt><trkpt lat="47.412154" lon="-123.317471"></trkpt><trkpt lat="47.411907" lon="-123.317080"></trkpt><trkpt lat="47.411563" lon="-123.316957"></trkpt><trkpt lat="47.411272" lon="-123.317138"></trkpt><trkpt lat="47.410977" lon="-123.317322"></trkpt><trkpt lat="47.410632" lon="-123.317522"></trkpt><trkpt lat="47.410471" lon="-123.317239"></trkpt><trkpt lat="47.410619" lon="-123.316861"></trkpt><trkpt lat="47.410802" lon="-123.316368"></trkpt><trkpt lat="47.411032" lon="-123.315860"></trkpt><trkpt lat="47.411310" lon="-123.315434"></trkpt><trkpt lat="47.411618" lon="-123.315048"></trkpt><trkpt lat="47.411965" lon="-123.314726"></trkpt><trkpt lat="47.412302" lon="-123.314401"></trkpt><trkpt lat="47.412633" lon="-123.314108"></trkpt><trkpt lat="47.412936" lon="-123.313741"></trkpt><trkpt lat="47.413208" lon="-123.313315"></trkpt><trkpt lat="47.413436" lon="-123.312863"></trkpt><trkpt lat="47.413563" lon="-123.312468"></trkpt><trkpt lat="47.413838" lon="-123.312254"></trkpt><trkpt lat="47.414169" lon="-123.312083"></trkpt><trkpt lat="47.414437" lon="-123.311770"></trkpt><trkpt lat="47.414657" lon="-123.311309"></trkpt><trkpt lat="47.414868" lon="-123.311017"></trkpt><trkpt lat="47.415152" lon="-123.310816"></trkpt><trkpt lat="47.415415" lon="-123.310424"></trkpt><trkpt lat="47.415555" lon="-123.309996"></trkpt><trkpt lat="47.415513" lon="-123.309524"></trkpt><trkpt lat="47.415380" lon="-123.308996"></trkpt><trkpt lat="47.415341" lon="-123.308508"></trkpt><trkpt lat="47.415502" lon="-123.308054"></trkpt><trkpt lat="47.415780" lon="-123.307589"></trkpt><trkpt lat="47.416079" lon="-123.307103"></trkpt><trkpt lat="47.416388" lon="-123.306645"></trkpt><trkpt lat="47.416741" lon="-123.306241"></trkpt><trkpt lat="47.416998" lon="-123.305990"></trkpt><trkpt lat="47.417370" lon="-123.305666"></trkpt><trkpt lat="47.417648" lon="-123.305392"></trkpt><trkpt lat="47.417822" lon="-123.304939"></trkpt><trkpt lat="47.417788" lon="-123.304423"></trkpt><trkpt lat="47.417552" lon="-123.304011"></trkpt><trkpt lat="47.417215" lon="-123.303824"></trkpt><trkpt lat="47.416942" lon="-123.303649"></trkpt><trkpt lat="47.416736" lon="-123.303205"></trkpt><trkpt lat="47.416808" lon="-123.302703"></trkpt><trkpt lat="47.417170" lon="-123.302488"></trkpt><trkpt lat="47.417474" lon="-123.302290"></trkpt><trkpt lat="47.417832" lon="-123.302259"></trkpt><trkpt lat="47.418146" lon="-123.302359"></trkpt><trkpt lat="47.418477" lon="-123.302422"></trkpt><trkpt lat="47.418781" lon="-123.302353"></trkpt><trkpt lat="47.418710" lon="-123.301886"></trkpt><trkpt lat="47.418504" lon="-123.301515"></trkpt><trkpt lat="47.418204" lon="-123.301152"></trkpt><trkpt lat="47.417909" lon="-123.300738"></trkpt><trkpt lat="47.417627" lon="-123.300274"></trkpt><trkpt lat="47.417345" lon="-123.299791"></trkpt><trkpt lat="47.417057" lon="-123.299331"></trkpt><trkpt lat="47.416732" lon="-123.298942"></trkpt><trkpt lat="47.416411" lon="-123.298569"></trkpt><trkpt lat="47.416128" lon="-123.298155"></trkpt><trkpt lat="47.415920" lon="-123.297695"></trkpt><trkpt lat="47.415753" lon="-123.297251"></trkpt><trkpt lat="47.415534" lon="-123.296933"></trkpt><trkpt lat="47.415333" lon="-123.296503"></trkpt><trkpt lat="47.415124" lon="-123.296001"></trkpt><trkpt lat="47.414973" lon="-123.295470"></trkpt><trkpt lat="47.414870" lon="-123.295017"></trkpt><trkpt lat="47.414750" lon="-123.294589"></trkpt><trkpt lat="47.414565" lon="-123.294224"></trkpt><trkpt lat="47.414361" lon="-123.293891"></trkpt><trkpt lat="47.414100" lon="-123.293658"></trkpt><trkpt lat="47.413826" lon="-123.293478"></trkpt><trkpt lat="47.413542" lon="-123.293272"></trkpt><trkpt lat="47.413317" lon="-123.292987"></trkpt><trkpt lat="47.413104" lon="-123.292668"></trkpt><trkpt lat="47.412907" lon="-123.292262"></trkpt><trkpt lat="47.413040" lon="-123.291747"></trkpt><trkpt lat="47.413233" lon="-123.291307"></trkpt><trkpt lat="47.413230" lon="-123.290832"></trkpt><trkpt lat="47.412912" lon="-123.290828"></trkpt><trkpt lat="47.412625" lon="-123.291051"></trkpt><trkpt lat="47.412298" lon="-123.291184"></trkpt><trkpt lat="47.411958" lon="-123.291162"></trkpt><trkpt lat="47.411583" lon="-123.291055"></trkpt><trkpt lat="47.411239" lon="-123.290920"></trkpt><trkpt lat="47.410945" lon="-123.290694"></trkpt><trkpt lat="47.410697" lon="-123.290333"></trkpt><trkpt lat="47.410539" lon="-123.289947"></trkpt><trkpt lat="47.410436" lon="-123.289456"></trkpt><trkpt lat="47.410313" lon="-123.289056"></trkpt><trkpt lat="47.410034" lon="-123.288745"></trkpt><trkpt lat="47.409729" lon="-123.288706"></trkpt><trkpt lat="47.409329" lon="-123.288852"></trkpt><trkpt lat="47.408925" lon="-123.288965"></trkpt><trkpt lat="47.408562" lon="-123.289030"></trkpt><trkpt lat="47.408217" lon="-123.289091"></trkpt><trkpt lat="47.407881" lon="-123.289010"></trkpt><trkpt lat="47.407520" lon="-123.288772"></trkpt><trkpt lat="47.407166" lon="-123.288478"></trkpt><trkpt lat="47.406783" lon="-123.288248"></trkpt><trkpt lat="47.406414" lon="-123.288025"></trkpt><trkpt lat="47.406123" lon="-123.287738"></trkpt><trkpt lat="47.405841" lon="-123.287513"></trkpt><trkpt lat="47.405489" lon="-123.287474"></trkpt><trkpt lat="47.405138" lon="-123.287541"></trkpt><trkpt lat="47.404788" lon="-123.287453"></trkpt><trkpt lat="47.404434" lon="-123.287151"></trkpt><trkpt lat="47.404080" lon="-123.286875"></trkpt><trkpt lat="47.403757" lon="-123.286744"></trkpt><trkpt lat="47.403375" lon="-123.286676"></trkpt><trkpt lat="47.403040" lon="-123.286687"></trkpt><trkpt lat="47.402705" lon="-123.286664"></trkpt><trkpt lat="47.402307" lon="-123.286462"></trkpt><trkpt lat="47.401922" lon="-123.286167"></trkpt><trkpt lat="47.401664" lon="-123.285955"></trkpt><trkpt lat="47.401296" lon="-123.285644"></trkpt><trkpt lat="47.400946" lon="-123.285269"></trkpt><trkpt lat="47.400601" lon="-123.284883"></trkpt><trkpt lat="47.400256" lon="-123.284522"></trkpt><trkpt lat="47.399897" lon="-123.284179"></trkpt><trkpt lat="47.399567" lon="-123.283894"></trkpt><trkpt lat="47.399291" lon="-123.283666"></trkpt><trkpt lat="47.399014" lon="-123.283555"></trkpt><trkpt lat="47.398637" lon="-123.283464"></trkpt><trkpt lat="47.398281" lon="-123.283361"></trkpt><trkpt lat="47.397942" lon="-123.282973"></trkpt><trkpt lat="47.397647" lon="-123.282531"></trkpt><trkpt lat="47.397336" lon="-123.282213"></trkpt><trkpt lat="47.396974" lon="-123.282069"></trkpt><trkpt lat="47.396563" lon="-123.282086"></trkpt><trkpt lat="47.396258" lon="-123.282178"></trkpt><trkpt lat="47.395950" lon="-123.282293"></trkpt><trkpt lat="47.395641" lon="-123.282394"></trkpt><trkpt lat="47.395242" lon="-123.282501"></trkpt><trkpt lat="47.394889" lon="-123.282589"></trkpt><trkpt lat="47.394520" lon="-123.282681"></trkpt><trkpt lat="47.394098" lon="-123.282692"></trkpt><trkpt lat="47.393790" lon="-123.282679"></trkpt><trkpt lat="47.393480" lon="-123.282649"></trkpt><trkpt lat="47.393170" lon="-123.282625"></trkpt><trkpt lat="47.392870" lon="-123.282607"></trkpt><trkpt lat="47.392443" lon="-123.282580"></trkpt><trkpt lat="47.392034" lon="-123.282612"></trkpt><trkpt lat="47.391647" lon="-123.282766"></trkpt><trkpt lat="47.391322" lon="-123.283114"></trkpt><trkpt lat="47.391089" lon="-123.283616"></trkpt><trkpt lat="47.390955" lon="-123.284207"></trkpt><trkpt lat="47.390883" lon="-123.284845"></trkpt><trkpt lat="47.390844" lon="-123.285471"></trkpt><trkpt lat="47.390840" lon="-123.286049"></trkpt><trkpt lat="47.390863" lon="-123.286677"></trkpt><trkpt lat="47.390871" lon="-123.287269"></trkpt><trkpt lat="47.390824" lon="-123.287798"></trkpt><trkpt lat="47.390667" lon="-123.288232"></trkpt><trkpt lat="47.390405" lon="-123.288491"></trkpt><trkpt lat="47.390072" lon="-123.288573"></trkpt><trkpt lat="47.389627" lon="-123.288509"></trkpt><trkpt lat="47.389301" lon="-123.288447"></trkpt><trkpt lat="47.388965" lon="-123.288376"></trkpt><trkpt lat="47.388653" lon="-123.288303"></trkpt><trkpt lat="47.388367" lon="-123.288210"></trkpt><trkpt lat="47.388080" lon="-123.288063"></trkpt><trkpt lat="47.387798" lon="-123.287862"></trkpt><trkpt lat="47.387512" lon="-123.287617"></trkpt><trkpt lat="47.387239" lon="-123.287366"></trkpt><trkpt lat="47.386992" lon="-123.287128"></trkpt><trkpt lat="47.386652" lon="-123.286852"></trkpt><trkpt lat="47.386296" lon="-123.286640"></trkpt><trkpt lat="47.385894" lon="-123.286350"></trkpt><trkpt lat="47.385617" lon="-123.286143"></trkpt><trkpt lat="47.385347" lon="-123.285932"></trkpt><trkpt lat="47.385001" lon="-123.285603"></trkpt><trkpt lat="47.384711" lon="-123.285114"></trkpt><trkpt lat="47.384508" lon="-123.284734"></trkpt><trkpt lat="47.384298" lon="-123.284369"></trkpt><trkpt lat="47.384090" lon="-123.284055"></trkpt><trkpt lat="47.383823" lon="-123.283682"></trkpt><trkpt lat="47.383727" lon="-123.283203"></trkpt><trkpt lat="47.383959" lon="-123.282731"></trkpt><trkpt lat="47.384236" lon="-123.282321"></trkpt><trkpt lat="47.384399" lon="-123.281876"></trkpt><trkpt lat="47.384461" lon="-123.281453"></trkpt><trkpt lat="47.384226" lon="-123.281272"></trkpt><trkpt lat="47.383900" lon="-123.281252"></trkpt><trkpt lat="47.383508" lon="-123.281156"></trkpt><trkpt lat="47.383184" lon="-123.280934"></trkpt><trkpt lat="47.382957" lon="-123.280534"></trkpt><trkpt lat="47.382849" lon="-123.279960"></trkpt><trkpt lat="47.382788" lon="-123.279381"></trkpt><trkpt lat="47.382636" lon="-123.278887"></trkpt><trkpt lat="47.382325" lon="-123.278533"></trkpt><trkpt lat="47.381919" lon="-123.278325"></trkpt><trkpt lat="47.381542" lon="-123.278147"></trkpt><trkpt lat="47.381217" lon="-123.277856"></trkpt><trkpt lat="47.380988" lon="-123.277346"></trkpt><trkpt lat="47.380832" lon="-123.276861"></trkpt><trkpt lat="47.380624" lon="-123.276463"></trkpt><trkpt lat="47.380340" lon="-123.276072"></trkpt><trkpt lat="47.380022" lon="-123.275647"></trkpt><trkpt lat="47.379699" lon="-123.275276"></trkpt><trkpt lat="47.379397" lon="-123.274985"></trkpt><trkpt lat="47.379126" lon="-123.274751"></trkpt><trkpt lat="47.378883" lon="-123.274345"></trkpt><trkpt lat="47.378641" lon="-123.273802"></trkpt><trkpt lat="47.378485" lon="-123.273421"></trkpt><trkpt lat="47.378252" lon="-123.272922"></trkpt><trkpt lat="47.378062" lon="-123.272489"></trkpt><trkpt lat="47.377829" lon="-123.272117"></trkpt><trkpt lat="47.377506" lon="-123.271858"></trkpt><trkpt lat="47.377181" lon="-123.271589"></trkpt><trkpt lat="47.376887" lon="-123.271273"></trkpt><trkpt lat="47.376634" lon="-123.270944"></trkpt><trkpt lat="47.376382" lon="-123.270615"></trkpt><trkpt lat="47.376092" lon="-123.270751"></trkpt><trkpt lat="47.375800" lon="-123.270861"></trkpt><trkpt lat="47.375494" lon="-123.270942"></trkpt><trkpt lat="47.375171" lon="-123.271253"></trkpt><trkpt lat="47.374945" lon="-123.271559"></trkpt><trkpt lat="47.374721" lon="-123.271914"></trkpt><trkpt lat="47.374500" lon="-123.272299"></trkpt><trkpt lat="47.374283" lon="-123.272704"></trkpt><trkpt lat="47.374061" lon="-123.273128"></trkpt><trkpt lat="47.373831" lon="-123.273566"></trkpt><trkpt lat="47.373601" lon="-123.274004"></trkpt><trkpt lat="47.373373" lon="-123.274446"></trkpt><trkpt lat="47.373148" lon="-123.274876"></trkpt><trkpt lat="47.372935" lon="-123.275287"></trkpt><trkpt lat="47.372730" lon="-123.275673"></trkpt><trkpt lat="47.372446" lon="-123.276152"></trkpt><trkpt lat="47.372117" lon="-123.276555"></trkpt><trkpt lat="47.371855" lon="-123.276778"></trkpt><trkpt lat="47.371564" lon="-123.276977"></trkpt><trkpt lat="47.371255" lon="-123.277153"></trkpt><trkpt lat="47.370942" lon="-123.277322"></trkpt><trkpt lat="47.370628" lon="-123.277500"></trkpt><trkpt lat="47.370333" lon="-123.277680"></trkpt><trkpt lat="47.370054" lon="-123.277874"></trkpt><trkpt lat="47.369782" lon="-123.278093"></trkpt><trkpt lat="47.369540" lon="-123.278326"></trkpt><trkpt lat="47.369232" lon="-123.278650"></trkpt><trkpt lat="47.368977" lon="-123.278932"></trkpt><trkpt lat="47.368678" lon="-123.279266"></trkpt><trkpt lat="47.368405" lon="-123.279580"></trkpt><trkpt lat="47.368165" lon="-123.279847"></trkpt><trkpt lat="47.367870" lon="-123.280165"></trkpt><trkpt lat="47.367637" lon="-123.280420"></trkpt><trkpt lat="47.367339" lon="-123.280749"></trkpt><trkpt lat="47.367013" lon="-123.281116"></trkpt><trkpt lat="47.366679" lon="-123.281473"></trkpt><trkpt lat="47.366314" lon="-123.281817"></trkpt><trkpt lat="47.366044" lon="-123.281990"></trkpt><trkpt lat="47.365755" lon="-123.282101"></trkpt><trkpt lat="47.365443" lon="-123.282164"></trkpt><trkpt lat="47.365114" lon="-123.282214"></trkpt><trkpt lat="47.364778" lon="-123.282276"></trkpt><trkpt lat="47.364439" lon="-123.282329"></trkpt><trkpt lat="47.364101" lon="-123.282375"></trkpt><trkpt lat="47.363763" lon="-123.282417"></trkpt><trkpt lat="47.363430" lon="-123.282459"></trkpt><trkpt lat="47.363101" lon="-123.282518"></trkpt><trkpt lat="47.362774" lon="-123.282613"></trkpt><trkpt lat="47.362445" lon="-123.282735"></trkpt><trkpt lat="47.362119" lon="-123.282901"></trkpt><trkpt lat="47.361790" lon="-123.283078"></trkpt><trkpt lat="47.361451" lon="-123.283267"></trkpt><trkpt lat="47.361113" lon="-123.283477"></trkpt><trkpt lat="47.360771" lon="-123.283691"></trkpt><trkpt lat="47.360434" lon="-123.283917"></trkpt><trkpt lat="47.360098" lon="-123.284134"></trkpt><trkpt lat="47.359761" lon="-123.284335"></trkpt><trkpt lat="47.359435" lon="-123.284536"></trkpt><trkpt lat="47.359120" lon="-123.284730"></trkpt><trkpt lat="47.358799" lon="-123.284911"></trkpt><trkpt lat="47.358462" lon="-123.285101"></trkpt><trkpt lat="47.358128" lon="-123.285276"></trkpt><trkpt lat="47.357795" lon="-123.285424"></trkpt><trkpt lat="47.357469" lon="-123.285579"></trkpt><trkpt lat="47.357154" lon="-123.285752"></trkpt><trkpt lat="47.356868" lon="-123.285972"></trkpt><trkpt lat="47.356611" lon="-123.286262"></trkpt><trkpt lat="47.356371" lon="-123.286607"></trkpt><trkpt lat="47.356145" lon="-123.286960"></trkpt><trkpt lat="47.355913" lon="-123.287335"></trkpt><trkpt lat="47.355679" lon="-123.287728"></trkpt><trkpt lat="47.355440" lon="-123.288112"></trkpt><trkpt lat="47.355205" lon="-123.288489"></trkpt><trkpt lat="47.354979" lon="-123.288854"></trkpt><trkpt lat="47.354745" lon="-123.289172"></trkpt><trkpt lat="47.354484" lon="-123.289433"></trkpt><trkpt lat="47.354214" lon="-123.289635"></trkpt><trkpt lat="47.353935" lon="-123.289807"></trkpt><trkpt lat="47.353661" lon="-123.289994"></trkpt><trkpt lat="47.353405" lon="-123.290222"></trkpt><trkpt lat="47.353170" lon="-123.290510"></trkpt><trkpt lat="47.352989" lon="-123.290854"></trkpt><trkpt lat="47.352849" lon="-123.291237"></trkpt><trkpt lat="47.352741" lon="-123.291853"></trkpt><trkpt lat="47.352660" lon="-123.292478"></trkpt><trkpt lat="47.352550" lon="-123.293046"></trkpt><trkpt lat="47.352367" lon="-123.293519"></trkpt><trkpt lat="47.352072" lon="-123.293935"></trkpt><trkpt lat="47.351688" lon="-123.294270"></trkpt><trkpt lat="47.351392" lon="-123.294436"></trkpt><trkpt lat="47.351095" lon="-123.294573"></trkpt><trkpt lat="47.350792" lon="-123.294727"></trkpt><trkpt lat="47.350491" lon="-123.294893"></trkpt><trkpt lat="47.350189" lon="-123.295078"></trkpt><trkpt lat="47.349885" lon="-123.295262"></trkpt><trkpt lat="47.349579" lon="-123.295441"></trkpt><trkpt lat="47.349271" lon="-123.295621"></trkpt><trkpt lat="47.348960" lon="-123.295793"></trkpt><trkpt lat="47.348646" lon="-123.295977"></trkpt><trkpt lat="47.348338" lon="-123.296146"></trkpt><trkpt lat="47.348024" lon="-123.296330"></trkpt><trkpt lat="47.347706" lon="-123.296508"></trkpt><trkpt lat="47.347393" lon="-123.296686"></trkpt><trkpt lat="47.347070" lon="-123.296884"></trkpt><trkpt lat="47.346765" lon="-123.297063"></trkpt><trkpt lat="47.346444" lon="-123.297239"></trkpt><trkpt lat="47.346136" lon="-123.297404"></trkpt><trkpt lat="47.345821" lon="-123.297556"></trkpt><trkpt lat="47.345505" lon="-123.297678"></trkpt><trkpt lat="47.345189" lon="-123.297790"></trkpt><trkpt lat="47.344868" lon="-123.297913"></trkpt><trkpt lat="47.344536" lon="-123.298040"></trkpt><trkpt lat="47.344206" lon="-123.298161"></trkpt><trkpt lat="47.343884" lon="-123.298282"></trkpt><trkpt lat="47.343572" lon="-123.298402"></trkpt><trkpt lat="47.343248" lon="-123.298523"></trkpt><trkpt lat="47.342913" lon="-123.298654"></trkpt><trkpt lat="47.342578" lon="-123.298808"></trkpt><trkpt lat="47.342261" lon="-123.299005"></trkpt><trkpt lat="47.341971" lon="-123.299250"></trkpt><trkpt lat="47.341698" lon="-123.299544"></trkpt><trkpt lat="47.341435" lon="-123.299863"></trkpt><trkpt lat="47.341174" lon="-123.300188"></trkpt><trkpt lat="47.340935" lon="-123.300487"></trkpt><trkpt lat="47.340611" lon="-123.300826"></trkpt><trkpt lat="47.340233" lon="-123.300953"></trkpt><trkpt lat="47.339792" lon="-123.300885"></trkpt><trkpt lat="47.339378" lon="-123.300773"></trkpt><trkpt lat="47.338999" lon="-123.300747"></trkpt><trkpt lat="47.338700" lon="-123.300942"></trkpt><trkpt lat="47.338522" lon="-123.301375"></trkpt><trkpt lat="47.338408" lon="-123.301841"></trkpt><trkpt lat="47.338235" lon="-123.302196"></trkpt><trkpt lat="47.337926" lon="-123.301921"></trkpt><trkpt lat="47.337672" lon="-123.301483"></trkpt><trkpt lat="47.337451" lon="-123.301150"></trkpt><trkpt lat="47.337218" lon="-123.300842"></trkpt><trkpt lat="47.336960" lon="-123.300406"></trkpt><trkpt lat="47.336829" lon="-123.299863"></trkpt><trkpt lat="47.336783" lon="-123.299412"></trkpt><trkpt lat="47.336757" lon="-123.298927"></trkpt><trkpt lat="47.336757" lon="-123.298432"></trkpt><trkpt lat="47.336788" lon="-123.297933"></trkpt><trkpt lat="47.336849" lon="-123.297438"></trkpt><trkpt lat="47.336918" lon="-123.296939"></trkpt><trkpt lat="47.336991" lon="-123.296453"></trkpt><trkpt lat="47.337076" lon="-123.295985"></trkpt><trkpt lat="47.337183" lon="-123.295536"></trkpt><trkpt lat="47.337315" lon="-123.295108"></trkpt><trkpt lat="47.337470" lon="-123.294697"></trkpt><trkpt lat="47.337641" lon="-123.294292"></trkpt><trkpt lat="47.337816" lon="-123.293889"></trkpt><trkpt lat="47.337991" lon="-123.293500"></trkpt><trkpt lat="47.338167" lon="-123.293120"></trkpt><trkpt lat="47.338334" lon="-123.292769"></trkpt><trkpt lat="47.338517" lon="-123.292340"></trkpt><trkpt lat="47.338529" lon="-123.291822"></trkpt><trkpt lat="47.338298" lon="-123.291558"></trkpt><trkpt lat="47.337975" lon="-123.291374"></trkpt><trkpt lat="47.337683" lon="-123.291088"></trkpt><trkpt lat="47.337485" lon="-123.290686"></trkpt><trkpt lat="47.337443" lon="-123.290170"></trkpt><trkpt lat="47.337521" lon="-123.289778"></trkpt><trkpt lat="47.337655" lon="-123.289382"></trkpt><trkpt lat="47.337809" lon="-123.289001"></trkpt><trkpt lat="47.337990" lon="-123.288636"></trkpt><trkpt lat="47.338186" lon="-123.288289"></trkpt><trkpt lat="47.338366" lon="-123.287952"></trkpt><trkpt lat="47.338515" lon="-123.287564"></trkpt><trkpt lat="47.338636" lon="-123.287125"></trkpt><trkpt lat="47.338746" lon="-123.286697"></trkpt><trkpt lat="47.338892" lon="-123.286123"></trkpt><trkpt lat="47.338940" lon="-123.285599"></trkpt><trkpt lat="47.338813" lon="-123.285169"></trkpt><trkpt lat="47.338519" lon="-123.284894"></trkpt><trkpt lat="47.338170" lon="-123.284885"></trkpt><trkpt lat="47.337769" lon="-123.285119"></trkpt><trkpt lat="47.337480" lon="-123.285289"></trkpt><trkpt lat="47.337195" lon="-123.285444"></trkpt><trkpt lat="47.336808" lon="-123.285617"></trkpt><trkpt lat="47.336423" lon="-123.285677"></trkpt><trkpt lat="47.336083" lon="-123.285598"></trkpt><trkpt lat="47.335759" lon="-123.285304"></trkpt><trkpt lat="47.335476" lon="-123.284915"></trkpt><trkpt lat="47.335123" lon="-123.284679"></trkpt><trkpt lat="47.334711" lon="-123.284714"></trkpt><trkpt lat="47.334318" lon="-123.284892"></trkpt><trkpt lat="47.333951" lon="-123.284760"></trkpt><trkpt lat="47.333743" lon="-123.284452"></trkpt><trkpt lat="47.333524" lon="-123.284045"></trkpt><trkpt lat="47.333280" lon="-123.283605"></trkpt><trkpt lat="47.333028" lon="-123.283186"></trkpt><trkpt lat="47.332765" lon="-123.282820"></trkpt><trkpt lat="47.332489" lon="-123.282498"></trkpt><trkpt lat="47.332206" lon="-123.282199"></trkpt><trkpt lat="47.331941" lon="-123.281882"></trkpt><trkpt lat="47.331729" lon="-123.281500"></trkpt><trkpt lat="47.331537" lon="-123.281099"></trkpt><trkpt lat="47.331304" lon="-123.280768"></trkpt><trkpt lat="47.330999" lon="-123.280561"></trkpt><trkpt lat="47.330656" lon="-123.280455"></trkpt><trkpt lat="47.330298" lon="-123.280368"></trkpt><trkpt lat="47.329937" lon="-123.280286"></trkpt><trkpt lat="47.329562" lon="-123.280203"></trkpt><trkpt lat="47.329175" lon="-123.280120"></trkpt><trkpt lat="47.328784" lon="-123.280035"></trkpt><trkpt lat="47.328397" lon="-123.279952"></trkpt><trkpt lat="47.328017" lon="-123.279857"></trkpt><trkpt lat="47.327643" lon="-123.279750"></trkpt><trkpt lat="47.327268" lon="-123.279664"></trkpt><trkpt lat="47.326907" lon="-123.279576"></trkpt><trkpt lat="47.326554" lon="-123.279450"></trkpt><trkpt lat="47.326206" lon="-123.279240"></trkpt><trkpt lat="47.325878" lon="-123.278949"></trkpt><trkpt lat="47.325566" lon="-123.278629"></trkpt><trkpt lat="47.325276" lon="-123.278301"></trkpt><trkpt lat="47.325020" lon="-123.277986"></trkpt><trkpt lat="47.324803" lon="-123.277634"></trkpt><trkpt lat="47.324638" lon="-123.277203"></trkpt><trkpt lat="47.324521" lon="-123.276708"></trkpt><trkpt lat="47.324434" lon="-123.276190"></trkpt><trkpt lat="47.324312" lon="-123.275703"></trkpt><trkpt lat="47.324143" lon="-123.275260"></trkpt><trkpt lat="47.323976" lon="-123.274835"></trkpt><trkpt lat="47.323832" lon="-123.274409"></trkpt><trkpt lat="47.323709" lon="-123.274003"></trkpt><trkpt lat="47.323549" lon="-123.273470"></trkpt><trkpt lat="47.323370" lon="-123.273093"></trkpt><trkpt lat="47.323138" lon="-123.272801"></trkpt><trkpt lat="47.322903" lon="-123.272518"></trkpt><trkpt lat="47.322685" lon="-123.272133"></trkpt><trkpt lat="47.322453" lon="-123.271681"></trkpt><trkpt lat="47.322233" lon="-123.271240"></trkpt><trkpt lat="47.322013" lon="-123.270787"></trkpt><trkpt lat="47.321767" lon="-123.270314"></trkpt><trkpt lat="47.321484" lon="-123.269904"></trkpt><trkpt lat="47.321149" lon="-123.269613"></trkpt><trkpt lat="47.320786" lon="-123.269405"></trkpt><trkpt lat="47.320468" lon="-123.269106"></trkpt><trkpt lat="47.320306" lon="-123.268608"></trkpt><trkpt lat="47.320283" lon="-123.268027"></trkpt><trkpt lat="47.320282" lon="-123.267460"></trkpt><trkpt lat="47.320279" lon="-123.266883"></trkpt><trkpt lat="47.320276" lon="-123.266280"></trkpt><trkpt lat="47.320267" lon="-123.265861"></trkpt><trkpt lat="47.320212" lon="-123.265208"></trkpt><trkpt lat="47.320154" lon="-123.264757"></trkpt><trkpt lat="47.320063" lon="-123.264330"></trkpt><trkpt lat="47.319971" lon="-123.263899"></trkpt><trkpt lat="47.319871" lon="-123.263472"></trkpt><trkpt lat="47.319759" lon="-123.263053"></trkpt><trkpt lat="47.319627" lon="-123.262650"></trkpt><trkpt lat="47.319479" lon="-123.262258"></trkpt><trkpt lat="47.319316" lon="-123.261877"></trkpt><trkpt lat="47.319146" lon="-123.261498"></trkpt><trkpt lat="47.318974" lon="-123.261110"></trkpt><trkpt lat="47.318799" lon="-123.260714"></trkpt><trkpt lat="47.318621" lon="-123.260315"></trkpt><trkpt lat="47.318442" lon="-123.259915"></trkpt><trkpt lat="47.318264" lon="-123.259516"></trkpt><trkpt lat="47.318085" lon="-123.259119"></trkpt><trkpt lat="47.317899" lon="-123.258735"></trkpt><trkpt lat="47.317669" lon="-123.258425"></trkpt><trkpt lat="47.317383" lon="-123.258248"></trkpt><trkpt lat="47.317086" lon="-123.258142"></trkpt><trkpt lat="47.316788" lon="-123.258034"></trkpt><trkpt lat="47.316511" lon="-123.257868"></trkpt><trkpt lat="47.316291" lon="-123.257589"></trkpt><trkpt lat="47.316151" lon="-123.257206"></trkpt><trkpt lat="47.316062" lon="-123.256781"></trkpt><trkpt lat="47.315987" lon="-123.256359"></trkpt><trkpt lat="47.315909" lon="-123.255940"></trkpt><trkpt lat="47.315833" lon="-123.255513"></trkpt><trkpt lat="47.315755" lon="-123.255073"></trkpt><trkpt lat="47.315677" lon="-123.254621"></trkpt><trkpt lat="47.315605" lon="-123.254171"></trkpt><trkpt lat="47.315537" lon="-123.253710"></trkpt><trkpt lat="47.315502" lon="-123.253244"></trkpt><trkpt lat="47.315495" lon="-123.252779"></trkpt><trkpt lat="47.315481" lon="-123.252314"></trkpt><trkpt lat="47.315424" lon="-123.251838"></trkpt><trkpt lat="47.315318" lon="-123.251373"></trkpt><trkpt lat="47.315194" lon="-123.250912"></trkpt><trkpt lat="47.315056" lon="-123.250461"></trkpt><trkpt lat="47.314906" lon="-123.250014"></trkpt><trkpt lat="47.314758" lon="-123.249570"></trkpt><trkpt lat="47.314606" lon="-123.249116"></trkpt><trkpt lat="47.314451" lon="-123.248656"></trkpt><trkpt lat="47.314296" lon="-123.248183"></trkpt><trkpt lat="47.314145" lon="-123.247696"></trkpt><trkpt lat="47.313995" lon="-123.247189"></trkpt><trkpt lat="47.313853" lon="-123.246668"></trkpt><trkpt lat="47.313718" lon="-123.246138"></trkpt><trkpt lat="47.313588" lon="-123.245606"></trkpt><trkpt lat="47.313472" lon="-123.245056"></trkpt><trkpt lat="47.313352" lon="-123.244504"></trkpt><trkpt lat="47.313233" lon="-123.243957"></trkpt><trkpt lat="47.313104" lon="-123.243426"></trkpt><trkpt lat="47.312958" lon="-123.242907"></trkpt><trkpt lat="47.312761" lon="-123.242436"></trkpt><trkpt lat="47.312515" lon="-123.242038"></trkpt><trkpt lat="47.312261" lon="-123.241681"></trkpt><trkpt lat="47.312008" lon="-123.241349"></trkpt><trkpt lat="47.311776" lon="-123.241020"></trkpt><trkpt lat="47.311614" lon="-123.240646"></trkpt><trkpt lat="47.311560" lon="-123.240223"></trkpt><trkpt lat="47.311594" lon="-123.239698"></trkpt><trkpt lat="47.311366" lon="-123.239414"></trkpt><trkpt lat="47.311001" lon="-123.239410"></trkpt><trkpt lat="47.310683" lon="-123.239421"></trkpt><trkpt lat="47.310343" lon="-123.239422"></trkpt><trkpt lat="47.309972" lon="-123.239388"></trkpt><trkpt lat="47.309662" lon="-123.239368"></trkpt><trkpt lat="47.309334" lon="-123.239410"></trkpt><trkpt lat="47.309302" lon="-123.239906"></trkpt><trkpt lat="47.309429" lon="-123.240420"></trkpt><trkpt lat="47.309594" lon="-123.240966"></trkpt><trkpt lat="47.309804" lon="-123.241490"></trkpt><trkpt lat="47.309937" lon="-123.242057"></trkpt><trkpt lat="47.309957" lon="-123.242595"></trkpt><trkpt lat="47.309844" lon="-123.243068"></trkpt><trkpt lat="47.309702" lon="-123.243482"></trkpt><trkpt lat="47.309930" lon="-123.243795"></trkpt><trkpt lat="47.310258" lon="-123.243981"></trkpt><trkpt lat="47.310304" lon="-123.244404"></trkpt><trkpt lat="47.310209" lon="-123.244932"></trkpt><trkpt lat="47.309996" lon="-123.245285"></trkpt><trkpt lat="47.309802" lon="-123.244993"></trkpt><trkpt lat="47.309660" lon="-123.244538"></trkpt><trkpt lat="47.309347" lon="-123.244196"></trkpt><trkpt lat="47.309018" lon="-123.244116"></trkpt><trkpt lat="47.308772" lon="-123.243805"></trkpt><trkpt lat="47.308882" lon="-123.243297"></trkpt><trkpt lat="47.308951" lon="-123.242888"></trkpt><trkpt lat="47.308768" lon="-123.242610"></trkpt><trkpt lat="47.308396" lon="-123.242560"></trkpt><trkpt lat="47.308141" lon="-123.242241"></trkpt><trkpt lat="47.307865" lon="-123.241823"></trkpt><trkpt lat="47.307698" lon="-123.241342"></trkpt><trkpt lat="47.307689" lon="-123.240740"></trkpt><trkpt lat="47.307688" lon="-123.240236"></trkpt><trkpt lat="47.307456" lon="-123.239825"></trkpt><trkpt lat="47.307132" lon="-123.239621"></trkpt><trkpt lat="47.306811" lon="-123.239380"></trkpt><trkpt lat="47.306641" lon="-123.238953"></trkpt><trkpt lat="47.306537" lon="-123.238373"></trkpt><trkpt lat="47.306357" lon="-123.237891"></trkpt><trkpt lat="47.306249" lon="-123.237397"></trkpt><trkpt lat="47.306136" lon="-123.236843"></trkpt><trkpt lat="47.306087" lon="-123.236225"></trkpt><trkpt lat="47.306105" lon="-123.235683"></trkpt><trkpt lat="47.306186" lon="-123.235230"></trkpt><trkpt lat="47.306202" lon="-123.234708"></trkpt><trkpt lat="47.306303" lon="-123.234208"></trkpt><trkpt lat="47.306367" lon="-123.233760"></trkpt><trkpt lat="47.306064" lon="-123.233978"></trkpt><trkpt lat="47.305803" lon="-123.234376"></trkpt><trkpt lat="47.305495" lon="-123.234801"></trkpt><trkpt lat="47.305183" lon="-123.235172"></trkpt><trkpt lat="47.304886" lon="-123.235550"></trkpt><trkpt lat="47.304574" lon="-123.235952"></trkpt><trkpt lat="47.304343" lon="-123.236207"></trkpt><trkpt lat="47.303987" lon="-123.236533"></trkpt><trkpt lat="47.303642" lon="-123.236892"></trkpt><trkpt lat="47.303416" lon="-123.237195"></trkpt><trkpt lat="47.303187" lon="-123.237508"></trkpt><trkpt lat="47.302881" lon="-123.237938"></trkpt><trkpt lat="47.302683" lon="-123.238339"></trkpt><trkpt lat="47.302628" lon="-123.238832"></trkpt><trkpt lat="47.302643" lon="-123.239452"></trkpt><trkpt lat="47.302628" lon="-123.240043"></trkpt><trkpt lat="47.302740" lon="-123.240624"></trkpt><trkpt lat="47.302940" lon="-123.241194"></trkpt><trkpt lat="47.303075" lon="-123.241738"></trkpt><trkpt lat="47.303064" lon="-123.242334"></trkpt><trkpt lat="47.302988" lon="-123.242918"></trkpt><trkpt lat="47.302813" lon="-123.243430"></trkpt><trkpt lat="47.302496" lon="-123.243869"></trkpt><trkpt lat="47.302240" lon="-123.244128"></trkpt><trkpt lat="47.301977" lon="-123.244366"></trkpt><trkpt lat="47.301707" lon="-123.244601"></trkpt><trkpt lat="47.301445" lon="-123.244813"></trkpt><trkpt lat="47.301165" lon="-123.244990"></trkpt><trkpt lat="47.300864" lon="-123.245123"></trkpt><trkpt lat="47.300550" lon="-123.245228"></trkpt><trkpt lat="47.300233" lon="-123.245329"></trkpt><trkpt lat="47.299931" lon="-123.245451"></trkpt><trkpt lat="47.299632" lon="-123.245612"></trkpt><trkpt lat="47.299346" lon="-123.245790"></trkpt><trkpt lat="47.299072" lon="-123.245977"></trkpt><trkpt lat="47.298800" lon="-123.246223"></trkpt><trkpt lat="47.298537" lon="-123.246504"></trkpt><trkpt lat="47.298279" lon="-123.246767"></trkpt><trkpt lat="47.298023" lon="-123.247007"></trkpt><trkpt lat="47.297759" lon="-123.247216"></trkpt><trkpt lat="47.297487" lon="-123.247415"></trkpt><trkpt lat="47.297230" lon="-123.247667"></trkpt><trkpt lat="47.296980" lon="-123.247930"></trkpt><trkpt lat="47.296721" lon="-123.248168"></trkpt><trkpt lat="47.296457" lon="-123.248367"></trkpt><trkpt lat="47.296191" lon="-123.248558"></trkpt><trkpt lat="47.295937" lon="-123.248810"></trkpt><trkpt lat="47.295684" lon="-123.249092"></trkpt><trkpt lat="47.295426" lon="-123.249376"></trkpt><trkpt lat="47.295176" lon="-123.249680"></trkpt><trkpt lat="47.294937" lon="-123.250014"></trkpt><trkpt lat="47.294704" lon="-123.250384"></trkpt><trkpt lat="47.294476" lon="-123.250788"></trkpt><trkpt lat="47.294268" lon="-123.251210"></trkpt><trkpt lat="47.294076" lon="-123.251598"></trkpt><trkpt lat="47.293864" lon="-123.251921"></trkpt><trkpt lat="47.293594" lon="-123.252195"></trkpt><trkpt lat="47.293301" lon="-123.252464"></trkpt><trkpt lat="47.293013" lon="-123.252762"></trkpt><trkpt lat="47.292718" lon="-123.253039"></trkpt><trkpt lat="47.292409" lon="-123.253277"></trkpt><trkpt lat="47.292090" lon="-123.253509"></trkpt><trkpt lat="47.291767" lon="-123.253737"></trkpt><trkpt lat="47.291436" lon="-123.253948"></trkpt><trkpt lat="47.291100" lon="-123.254131"></trkpt><trkpt lat="47.290756" lon="-123.254262"></trkpt><trkpt lat="47.290417" lon="-123.254356"></trkpt><trkpt lat="47.290090" lon="-123.254420"></trkpt><trkpt lat="47.289793" lon="-123.254454"></trkpt><trkpt lat="47.289387" lon="-123.254358"></trkpt><trkpt lat="47.289116" lon="-123.254156"></trkpt><trkpt lat="47.288829" lon="-123.253911"></trkpt><trkpt lat="47.288551" lon="-123.253664"></trkpt><trkpt lat="47.288269" lon="-123.253453"></trkpt><trkpt lat="47.287985" lon="-123.253296"></trkpt><trkpt lat="47.287568" lon="-123.253097"></trkpt><trkpt lat="47.287291" lon="-123.252907"></trkpt><trkpt lat="47.287014" lon="-123.252663"></trkpt><trkpt lat="47.286735" lon="-123.252428"></trkpt><trkpt lat="47.286438" lon="-123.252245"></trkpt><trkpt lat="47.286134" lon="-123.252128"></trkpt><trkpt lat="47.285730" lon="-123.251934"></trkpt><trkpt lat="47.285493" lon="-123.251703"></trkpt><trkpt lat="47.285252" lon="-123.251417"></trkpt><trkpt lat="47.284995" lon="-123.251118"></trkpt><trkpt lat="47.284722" lon="-123.250815"></trkpt><trkpt lat="47.284444" lon="-123.250506"></trkpt><trkpt lat="47.284173" lon="-123.250195"></trkpt><trkpt lat="47.283900" lon="-123.249891"></trkpt><trkpt lat="47.283622" lon="-123.249603"></trkpt><trkpt lat="47.283345" lon="-123.249350"></trkpt><trkpt lat="47.283048" lon="-123.249146"></trkpt><trkpt lat="47.282723" lon="-123.248999"></trkpt><trkpt lat="47.282389" lon="-123.248869"></trkpt><trkpt lat="47.282069" lon="-123.248729"></trkpt><trkpt lat="47.281774" lon="-123.248543"></trkpt><trkpt lat="47.281499" lon="-123.248286"></trkpt><trkpt lat="47.281234" lon="-123.247997"></trkpt><trkpt lat="47.280958" lon="-123.247714"></trkpt><trkpt lat="47.280673" lon="-123.247475"></trkpt><trkpt lat="47.280383" lon="-123.247316"></trkpt><trkpt lat="47.280068" lon="-123.247234"></trkpt><trkpt lat="47.279738" lon="-123.247191"></trkpt><trkpt lat="47.279400" lon="-123.247156"></trkpt><trkpt lat="47.279058" lon="-123.247136"></trkpt><trkpt lat="47.278715" lon="-123.247147"></trkpt><trkpt lat="47.278390" lon="-123.247179"></trkpt><trkpt lat="47.278080" lon="-123.247158"></trkpt><trkpt lat="47.277767" lon="-123.247048"></trkpt><trkpt lat="47.277450" lon="-123.246892"></trkpt><trkpt lat="47.277123" lon="-123.246726"></trkpt><trkpt lat="47.276787" lon="-123.246578"></trkpt><trkpt lat="47.276465" lon="-123.246471"></trkpt><trkpt lat="47.276153" lon="-123.246441"></trkpt><trkpt lat="47.275822" lon="-123.246500"></trkpt><trkpt lat="47.275475" lon="-123.246579"></trkpt><trkpt lat="47.275125" lon="-123.246650"></trkpt><trkpt lat="47.274803" lon="-123.246736"></trkpt><trkpt lat="47.274404" lon="-123.246821"></trkpt><trkpt lat="47.274055" lon="-123.246726"></trkpt><trkpt lat="47.273687" lon="-123.246413"></trkpt><trkpt lat="47.273444" lon="-123.246164"></trkpt><trkpt lat="47.273229" lon="-123.245870"></trkpt><trkpt lat="47.273052" lon="-123.245499"></trkpt><trkpt lat="47.272915" lon="-123.245077"></trkpt><trkpt lat="47.272796" lon="-123.244640"></trkpt><trkpt lat="47.272694" lon="-123.244189"></trkpt><trkpt lat="47.272608" lon="-123.243724"></trkpt><trkpt lat="47.272535" lon="-123.243247"></trkpt><trkpt lat="47.272472" lon="-123.242761"></trkpt><trkpt lat="47.272419" lon="-123.242270"></trkpt><trkpt lat="47.272391" lon="-123.241765"></trkpt><trkpt lat="47.272382" lon="-123.241258"></trkpt><trkpt lat="47.272375" lon="-123.240787"></trkpt><trkpt lat="47.272332" lon="-123.240346"></trkpt><trkpt lat="47.272215" lon="-123.239930"></trkpt><trkpt lat="47.272053" lon="-123.239540"></trkpt><trkpt lat="47.271911" lon="-123.239135"></trkpt><trkpt lat="47.271805" lon="-123.238705"></trkpt><trkpt lat="47.271695" lon="-123.238276"></trkpt><trkpt lat="47.271548" lon="-123.237849"></trkpt><trkpt lat="47.271377" lon="-123.237431"></trkpt><trkpt lat="47.271194" lon="-123.237062"></trkpt><trkpt lat="47.270969" lon="-123.236736"></trkpt><trkpt lat="47.270715" lon="-123.236439"></trkpt><trkpt lat="47.270455" lon="-123.236163"></trkpt><trkpt lat="47.270226" lon="-123.235892"></trkpt><trkpt lat="47.270021" lon="-123.235555"></trkpt><trkpt lat="47.269835" lon="-123.235164"></trkpt><trkpt lat="47.269648" lon="-123.234760"></trkpt><trkpt lat="47.269452" lon="-123.234359"></trkpt><trkpt lat="47.269251" lon="-123.233957"></trkpt><trkpt lat="47.269055" lon="-123.233543"></trkpt><trkpt lat="47.268875" lon="-123.233123"></trkpt><trkpt lat="47.268719" lon="-123.232703"></trkpt><trkpt lat="47.268609" lon="-123.232266"></trkpt><trkpt lat="47.268541" lon="-123.231805"></trkpt><trkpt lat="47.268487" lon="-123.231362"></trkpt><trkpt lat="47.268420" lon="-123.230942"></trkpt><trkpt lat="47.268316" lon="-123.230515"></trkpt><trkpt lat="47.268164" lon="-123.230090"></trkpt><trkpt lat="47.267976" lon="-123.229681"></trkpt><trkpt lat="47.267771" lon="-123.229301"></trkpt><trkpt lat="47.267561" lon="-123.228932"></trkpt><trkpt lat="47.267368" lon="-123.228566"></trkpt><trkpt lat="47.267216" lon="-123.228181"></trkpt><trkpt lat="47.267116" lon="-123.227755"></trkpt><trkpt lat="47.267061" lon="-123.227300"></trkpt><trkpt lat="47.267041" lon="-123.226820"></trkpt><trkpt lat="47.267046" lon="-123.226329"></trkpt><trkpt lat="47.267068" lon="-123.225836"></trkpt><trkpt lat="47.267099" lon="-123.225348"></trkpt><trkpt lat="47.267118" lon="-123.224863"></trkpt><trkpt lat="47.267124" lon="-123.224378"></trkpt><trkpt lat="47.267119" lon="-123.223896"></trkpt><trkpt lat="47.267086" lon="-123.223416"></trkpt><trkpt lat="47.267022" lon="-123.222945"></trkpt><trkpt lat="47.266953" lon="-123.222477"></trkpt><trkpt lat="47.266896" lon="-123.222004"></trkpt><trkpt lat="47.266847" lon="-123.221531"></trkpt><trkpt lat="47.266785" lon="-123.221065"></trkpt><trkpt lat="47.266706" lon="-123.220599"></trkpt><trkpt lat="47.266627" lon="-123.220126"></trkpt><trkpt lat="47.266550" lon="-123.219648"></trkpt><trkpt lat="47.266467" lon="-123.219171"></trkpt><trkpt lat="47.266369" lon="-123.218703"></trkpt><trkpt lat="47.266256" lon="-123.218235"></trkpt><trkpt lat="47.266138" lon="-123.217774"></trkpt><trkpt lat="47.266027" lon="-123.217353"></trkpt><trkpt lat="47.265859" lon="-123.216772"></trkpt><trkpt lat="47.265618" lon="-123.216233"></trkpt><trkpt lat="47.265405" lon="-123.215903"></trkpt><trkpt lat="47.265182" lon="-123.215570"></trkpt><trkpt lat="47.264953" lon="-123.215238"></trkpt><trkpt lat="47.264725" lon="-123.214908"></trkpt><trkpt lat="47.264502" lon="-123.214579"></trkpt><trkpt lat="47.264280" lon="-123.214251"></trkpt><trkpt lat="47.264049" lon="-123.213927"></trkpt><trkpt lat="47.263809" lon="-123.213611"></trkpt><trkpt lat="47.263570" lon="-123.213288"></trkpt><trkpt lat="47.263328" lon="-123.212961"></trkpt><trkpt lat="47.263069" lon="-123.212657"></trkpt><trkpt lat="47.262783" lon="-123.212404"></trkpt><trkpt lat="47.262486" lon="-123.212178"></trkpt><trkpt lat="47.262178" lon="-123.211977"></trkpt><trkpt lat="47.261871" lon="-123.211793"></trkpt><trkpt lat="47.261579" lon="-123.211585"></trkpt><trkpt lat="47.261313" lon="-123.211290"></trkpt><trkpt lat="47.261069" lon="-123.210937"></trkpt><trkpt lat="47.260827" lon="-123.210564"></trkpt><trkpt lat="47.260582" lon="-123.210178"></trkpt><trkpt lat="47.260320" lon="-123.209818"></trkpt><trkpt lat="47.260043" lon="-123.209509"></trkpt><trkpt lat="47.259763" lon="-123.209213"></trkpt><trkpt lat="47.259502" lon="-123.208891"></trkpt><trkpt lat="47.259255" lon="-123.208541"></trkpt><trkpt lat="47.259005" lon="-123.208194"></trkpt><trkpt lat="47.258720" lon="-123.207901"></trkpt><trkpt lat="47.258408" lon="-123.207677"></trkpt><trkpt lat="47.258083" lon="-123.207491"></trkpt><trkpt lat="47.257758" lon="-123.207295"></trkpt><trkpt lat="47.257443" lon="-123.207077"></trkpt><trkpt lat="47.257143" lon="-123.206821"></trkpt><trkpt lat="47.256857" lon="-123.206523"></trkpt><trkpt lat="47.256574" lon="-123.206208"></trkpt><trkpt lat="47.256297" lon="-123.205879"></trkpt><trkpt lat="47.256035" lon="-123.205520"></trkpt><trkpt lat="47.255781" lon="-123.205156"></trkpt><trkpt lat="47.255512" lon="-123.204830"></trkpt><trkpt lat="47.255218" lon="-123.204550"></trkpt><trkpt lat="47.254935" lon="-123.204272"></trkpt><trkpt lat="47.254704" lon="-123.203916"></trkpt><trkpt lat="47.254552" lon="-123.203459"></trkpt><trkpt lat="47.254441" lon="-123.202967"></trkpt><trkpt lat="47.254322" lon="-123.202476"></trkpt><trkpt lat="47.254184" lon="-123.201999"></trkpt><trkpt lat="47.254000" lon="-123.201558"></trkpt><trkpt lat="47.253775" lon="-123.201159"></trkpt><trkpt lat="47.253530" lon="-123.200778"></trkpt><trkpt lat="47.253274" lon="-123.200400"></trkpt><trkpt lat="47.253018" lon="-123.200023"></trkpt><trkpt lat="47.252786" lon="-123.199651"></trkpt><trkpt lat="47.252624" lon="-123.199245"></trkpt><trkpt lat="47.252555" lon="-123.198758"></trkpt><trkpt lat="47.252531" lon="-123.198226"></trkpt><trkpt lat="47.252521" lon="-123.197684"></trkpt><trkpt lat="47.252523" lon="-123.197151"></trkpt><trkpt lat="47.252526" lon="-123.196620"></trkpt><trkpt lat="47.252516" lon="-123.196088"></trkpt><trkpt lat="47.252514" lon="-123.195556"></trkpt><trkpt lat="47.252515" lon="-123.195022"></trkpt><trkpt lat="47.252513" lon="-123.194486"></trkpt><trkpt lat="47.252508" lon="-123.193946"></trkpt><trkpt lat="47.252501" lon="-123.193403"></trkpt><trkpt lat="47.252495" lon="-123.192852"></trkpt><trkpt lat="47.252491" lon="-123.192298"></trkpt><trkpt lat="47.252491" lon="-123.191741"></trkpt><trkpt lat="47.252485" lon="-123.191183"></trkpt><trkpt lat="47.252476" lon="-123.190625"></trkpt><trkpt lat="47.252463" lon="-123.190070"></trkpt><trkpt lat="47.252443" lon="-123.189519"></trkpt><trkpt lat="47.252423" lon="-123.188968"></trkpt><trkpt lat="47.252414" lon="-123.188414"></trkpt><trkpt lat="47.252412" lon="-123.187858"></trkpt><trkpt lat="47.252412" lon="-123.187299"></trkpt><trkpt lat="47.252414" lon="-123.186736"></trkpt><trkpt lat="47.252417" lon="-123.186172"></trkpt><trkpt lat="47.252418" lon="-123.185614"></trkpt><trkpt lat="47.252419" lon="-123.185063"></trkpt><trkpt lat="47.252415" lon="-123.184520"></trkpt><trkpt lat="47.252408" lon="-123.183983"></trkpt><trkpt lat="47.252399" lon="-123.183445"></trkpt><trkpt lat="47.252393" lon="-123.182905"></trkpt><trkpt lat="47.252390" lon="-123.182368"></trkpt><trkpt lat="47.252388" lon="-123.181827"></trkpt><trkpt lat="47.252386" lon="-123.181284"></trkpt><trkpt lat="47.252383" lon="-123.180746"></trkpt><trkpt lat="47.252380" lon="-123.180217"></trkpt><trkpt lat="47.252377" lon="-123.179693"></trkpt><trkpt lat="47.252370" lon="-123.179180"></trkpt><trkpt lat="47.252364" lon="-123.178724"></trkpt><trkpt lat="47.252342" lon="-123.178188"></trkpt><trkpt lat="47.252266" lon="-123.177746"></trkpt><trkpt lat="47.252498" lon="-123.177274"></trkpt><trkpt lat="47.252781" lon="-123.176798"></trkpt><trkpt lat="47.252992" lon="-123.176433"></trkpt><trkpt lat="47.253203" lon="-123.176038"></trkpt><trkpt lat="47.253382" lon="-123.175598"></trkpt><trkpt lat="47.253493" lon="-123.175095"></trkpt><trkpt lat="47.253538" lon="-123.174560"></trkpt><trkpt lat="47.253537" lon="-123.174011"></trkpt><trkpt lat="47.253500" lon="-123.173458"></trkpt><trkpt lat="47.253450" lon="-123.172907"></trkpt><trkpt lat="47.253394" lon="-123.172363"></trkpt><trkpt lat="47.253340" lon="-123.171823"></trkpt><trkpt lat="47.253296" lon="-123.171282"></trkpt><trkpt lat="47.253251" lon="-123.170736"></trkpt><trkpt lat="47.253198" lon="-123.170186"></trkpt><trkpt lat="47.253129" lon="-123.169635"></trkpt><trkpt lat="47.253048" lon="-123.169077"></trkpt><trkpt lat="47.252964" lon="-123.168523"></trkpt><trkpt lat="47.252884" lon="-123.167972"></trkpt><trkpt lat="47.252823" lon="-123.167412"></trkpt><trkpt lat="47.252768" lon="-123.166859"></trkpt><trkpt lat="47.252716" lon="-123.166310"></trkpt><trkpt lat="47.252668" lon="-123.165767"></trkpt><trkpt lat="47.252622" lon="-123.165224"></trkpt><trkpt lat="47.252560" lon="-123.164683"></trkpt><trkpt lat="47.252471" lon="-123.164145"></trkpt><trkpt lat="47.252357" lon="-123.163623"></trkpt><trkpt lat="47.252272" lon="-123.163095"></trkpt><trkpt lat="47.252238" lon="-123.162555"></trkpt><trkpt lat="47.252232" lon="-123.162016"></trkpt><trkpt lat="47.252231" lon="-123.161478"></trkpt><trkpt lat="47.252229" lon="-123.160938"></trkpt><trkpt lat="47.252224" lon="-123.160394"></trkpt><trkpt lat="47.252219" lon="-123.159852"></trkpt><trkpt lat="47.252216" lon="-123.159311"></trkpt><trkpt lat="47.252216" lon="-123.158772"></trkpt><trkpt lat="47.252214" lon="-123.158238"></trkpt><trkpt lat="47.252208" lon="-123.157711"></trkpt><trkpt lat="47.252200" lon="-123.157183"></trkpt><trkpt lat="47.252194" lon="-123.156659"></trkpt><trkpt lat="47.252190" lon="-123.156136"></trkpt><trkpt lat="47.252184" lon="-123.155614"></trkpt><trkpt lat="47.252182" lon="-123.155085"></trkpt><trkpt lat="47.252180" lon="-123.154550"></trkpt><trkpt lat="47.252178" lon="-123.154014"></trkpt><trkpt lat="47.252177" lon="-123.153477"></trkpt><trkpt lat="47.252174" lon="-123.152935"></trkpt><trkpt lat="47.252170" lon="-123.152386"></trkpt><trkpt lat="47.252167" lon="-123.151840"></trkpt><trkpt lat="47.252163" lon="-123.151308"></trkpt><trkpt lat="47.252156" lon="-123.150775"></trkpt><trkpt lat="47.252156" lon="-123.150242"></trkpt><trkpt lat="47.252156" lon="-123.149708"></trkpt><trkpt lat="47.252148" lon="-123.149170"></trkpt><trkpt lat="47.252137" lon="-123.148630"></trkpt><trkpt lat="47.252132" lon="-123.148092"></trkpt><trkpt lat="47.252130" lon="-123.147567"></trkpt><trkpt lat="47.252128" lon="-123.147066"></trkpt><trkpt lat="47.252128" lon="-123.146601"></trkpt><trkpt lat="47.252132" lon="-123.146066"></trkpt><trkpt lat="47.252046" lon="-123.145688"></trkpt><trkpt lat="47.252111" lon="-123.145816"></trkpt><trkpt lat="47.249815" lon="-123.144593"></trkpt><trkpt lat="47.247155" lon="-123.142576"></trkpt><trkpt lat="47.246168" lon="-123.141782"></trkpt><trkpt lat="47.244837" lon="-123.140731"></trkpt><trkpt lat="47.242649" lon="-123.139014"></trkpt><trkpt lat="47.242498" lon="-123.138907"></trkpt><trkpt lat="47.242284" lon="-123.138735"></trkpt><trkpt lat="47.242048" lon="-123.138542"></trkpt><trkpt lat="47.240717" lon="-123.137383"></trkpt><trkpt lat="47.240052" lon="-123.136740"></trkpt><trkpt lat="47.239323" lon="-123.135881"></trkpt><trkpt lat="47.237756" lon="-123.133757"></trkpt><trkpt lat="47.237370" lon="-123.133264"></trkpt><trkpt lat="47.236619" lon="-123.132384"></trkpt><trkpt lat="47.236533" lon="-123.132277"></trkpt><trkpt lat="47.236362" lon="-123.132041"></trkpt><trkpt lat="47.235696" lon="-123.131311"></trkpt><trkpt lat="47.235031" lon="-123.130667"></trkpt><trkpt lat="47.234387" lon="-123.130088"></trkpt><trkpt lat="47.233658" lon="-123.129530"></trkpt><trkpt lat="47.233057" lon="-123.129122"></trkpt><trkpt lat="47.232456" lon="-123.128886"></trkpt><trkpt lat="47.232027" lon="-123.128779"></trkpt><trkpt lat="47.230804" lon="-123.128457"></trkpt><trkpt lat="47.228744" lon="-123.127942"></trkpt><trkpt lat="47.227092" lon="-123.127556"></trkpt><trkpt lat="47.226126" lon="-123.127427"></trkpt><trkpt lat="47.225590" lon="-123.127384"></trkpt><trkpt lat="47.225053" lon="-123.127427"></trkpt><trkpt lat="47.224431" lon="-123.127513"></trkpt><trkpt lat="47.223744" lon="-123.127728"></trkpt><trkpt lat="47.220612" lon="-123.128843"></trkpt><trkpt lat="47.219260" lon="-123.129208"></trkpt><trkpt lat="47.218337" lon="-123.129358"></trkpt><trkpt lat="47.217286" lon="-123.129423"></trkpt><trkpt lat="47.216492" lon="-123.129423"></trkpt><trkpt lat="47.215891" lon="-123.129380"></trkpt><trkpt lat="47.214367" lon="-123.129165"></trkpt><trkpt lat="47.211106" lon="-123.128564"></trkpt><trkpt lat="47.210226" lon="-123.128414"></trkpt><trkpt lat="47.210140" lon="-123.128393"></trkpt><trkpt lat="47.209582" lon="-123.128328"></trkpt><trkpt lat="47.207072" lon="-123.127878"></trkpt><trkpt lat="47.206428" lon="-123.127792"></trkpt><trkpt lat="47.205226" lon="-123.127513"></trkpt><trkpt lat="47.202973" lon="-123.127191"></trkpt><trkpt lat="47.202587" lon="-123.127127"></trkpt><trkpt lat="47.201235" lon="-123.126934"></trkpt><trkpt lat="47.200592" lon="-123.126783"></trkpt><trkpt lat="47.199883" lon="-123.126483"></trkpt><trkpt lat="47.199154" lon="-123.126140"></trkpt><trkpt lat="47.198682" lon="-123.125839"></trkpt><trkpt lat="47.198188" lon="-123.125453"></trkpt><trkpt lat="47.197695" lon="-123.125002"></trkpt><trkpt lat="47.197158" lon="-123.124444"></trkpt><trkpt lat="47.196558" lon="-123.123693"></trkpt><trkpt lat="47.195420" lon="-123.122041"></trkpt><trkpt lat="47.194476" lon="-123.120604"></trkpt><trkpt lat="47.192588" lon="-123.117814"></trkpt><trkpt lat="47.189090" lon="-123.112471"></trkpt><trkpt lat="47.188404" lon="-123.111248"></trkpt><trkpt lat="47.187867" lon="-123.110111"></trkpt><trkpt lat="47.187588" lon="-123.109574"></trkpt><trkpt lat="47.187309" lon="-123.108995"></trkpt><trkpt lat="47.184627" lon="-123.103137"></trkpt><trkpt lat="47.183962" lon="-123.102043"></trkpt><trkpt lat="47.183361" lon="-123.101270"></trkpt><trkpt lat="47.182825" lon="-123.100669"></trkpt><trkpt lat="47.182567" lon="-123.100412"></trkpt><trkpt lat="47.182181" lon="-123.100069"></trkpt><trkpt lat="47.181580" lon="-123.099597"></trkpt><trkpt lat="47.180936" lon="-123.099210"></trkpt><trkpt lat="47.180421" lon="-123.098931"></trkpt><trkpt lat="47.179756" lon="-123.098588"></trkpt><trkpt lat="47.178812" lon="-123.098288"></trkpt><trkpt lat="47.178168" lon="-123.098009"></trkpt><trkpt lat="47.176473" lon="-123.097150"></trkpt><trkpt lat="47.175701" lon="-123.096850"></trkpt><trkpt lat="47.175229" lon="-123.096700"></trkpt><trkpt lat="47.174821" lon="-123.096614"></trkpt><trkpt lat="47.174563" lon="-123.096550"></trkpt><trkpt lat="47.174006" lon="-123.096507"></trkpt><trkpt lat="47.172053" lon="-123.096421"></trkpt><trkpt lat="47.162740" lon="-123.095970"></trkpt><trkpt lat="47.157440" lon="-123.095777"></trkpt><trkpt lat="47.149115" lon="-123.095369"></trkpt><trkpt lat="47.147613" lon="-123.095305"></trkpt><trkpt lat="47.142999" lon="-123.095133"></trkpt><trkpt lat="47.139308" lon="-123.094919"></trkpt><trkpt lat="47.138150" lon="-123.094833"></trkpt><trkpt lat="47.137635" lon="-123.094854"></trkpt><trkpt lat="47.137206" lon="-123.094919"></trkpt><trkpt lat="47.136197" lon="-123.095176"></trkpt><trkpt lat="47.135811" lon="-123.095348"></trkpt><trkpt lat="47.135103" lon="-123.095734"></trkpt><trkpt lat="47.134609" lon="-123.096056"></trkpt><trkpt lat="47.134244" lon="-123.096335"></trkpt><trkpt lat="47.133365" lon="-123.097236"></trkpt><trkpt lat="47.132721" lon="-123.098009"></trkpt><trkpt lat="47.132421" lon="-123.098373"></trkpt><trkpt lat="47.132120" lon="-123.098631"></trkpt><trkpt lat="47.131519" lon="-123.099082"></trkpt><trkpt lat="47.130446" lon="-123.099618"></trkpt><trkpt lat="47.130618" lon="-123.100026"></trkpt><trkpt lat="47.130661" lon="-123.100283"></trkpt><trkpt lat="47.130661" lon="-123.100541"></trkpt><trkpt lat="47.130640" lon="-123.100798"></trkpt><trkpt lat="47.130620" lon="-123.100898"></trkpt><trkpt lat="47.130597" lon="-123.101013"></trkpt><trkpt lat="47.130361" lon="-123.102021"></trkpt><trkpt lat="47.129588" lon="-123.105304"></trkpt><trkpt lat="47.129438" lon="-123.105841"></trkpt><trkpt lat="47.129180" lon="-123.106720"></trkpt><trkpt lat="47.128751" lon="-123.107901"></trkpt><trkpt lat="47.127829" lon="-123.109939"></trkpt><trkpt lat="47.126734" lon="-123.112214"></trkpt><trkpt lat="47.126520" lon="-123.112600"></trkpt><trkpt lat="47.126262" lon="-123.113029"></trkpt><trkpt lat="47.125962" lon="-123.113351"></trkpt><trkpt lat="47.125661" lon="-123.113544"></trkpt><trkpt lat="47.125232" lon="-123.113759"></trkpt><trkpt lat="47.124803" lon="-123.113909"></trkpt><trkpt lat="47.124181" lon="-123.114080"></trkpt><trkpt lat="47.123902" lon="-123.114231"></trkpt><trkpt lat="47.123301" lon="-123.114660"></trkpt><trkpt lat="47.122529" lon="-123.115346"></trkpt><trkpt lat="47.121584" lon="-123.116205"></trkpt><trkpt lat="47.121348" lon="-123.116462"></trkpt><trkpt lat="47.120984" lon="-123.116956"></trkpt><trkpt lat="47.120812" lon="-123.117471"></trkpt><trkpt lat="47.120726" lon="-123.117771"></trkpt><trkpt lat="47.120662" lon="-123.118286"></trkpt><trkpt lat="47.120597" lon="-123.119938"></trkpt><trkpt lat="47.120554" lon="-123.120582"></trkpt><trkpt lat="47.120426" lon="-123.121355"></trkpt><trkpt lat="47.119997" lon="-123.122857"></trkpt><trkpt lat="47.119803" lon="-123.123372"></trkpt><trkpt lat="47.119546" lon="-123.123887"></trkpt><trkpt lat="47.119288" lon="-123.124359"></trkpt><trkpt lat="47.118387" lon="-123.125539"></trkpt><trkpt lat="47.117357" lon="-123.126869"></trkpt><trkpt lat="47.116842" lon="-123.127384"></trkpt><trkpt lat="47.116306" lon="-123.127792"></trkpt><trkpt lat="47.114546" lon="-123.128800"></trkpt><trkpt lat="47.114332" lon="-123.128951"></trkpt><trkpt lat="47.114053" lon="-123.129208"></trkpt><trkpt lat="47.113881" lon="-123.129423"></trkpt><trkpt lat="47.113581" lon="-123.129873"></trkpt><trkpt lat="47.112916" lon="-123.131204"></trkpt><trkpt lat="47.112551" lon="-123.131762"></trkpt><trkpt lat="47.112358" lon="-123.131976"></trkpt><trkpt lat="47.111886" lon="-123.132319"></trkpt><trkpt lat="47.111306" lon="-123.132620"></trkpt><trkpt lat="47.110856" lon="-123.132792"></trkpt><trkpt lat="47.108688" lon="-123.133650"></trkpt><trkpt lat="47.108302" lon="-123.133864"></trkpt><trkpt lat="47.107959" lon="-123.134079"></trkpt><trkpt lat="47.107551" lon="-123.134444"></trkpt><trkpt lat="47.107251" lon="-123.134744"></trkpt><trkpt lat="47.106950" lon="-123.135152"></trkpt><trkpt lat="47.106586" lon="-123.135731"></trkpt><trkpt lat="47.106285" lon="-123.136439"></trkpt><trkpt lat="47.106071" lon="-123.137126"></trkpt><trkpt lat="47.105985" lon="-123.137598"></trkpt><trkpt lat="47.105899" lon="-123.138006"></trkpt><trkpt lat="47.105641" lon="-123.139894"></trkpt><trkpt lat="47.105534" lon="-123.140388"></trkpt><trkpt lat="47.105384" lon="-123.140903"></trkpt><trkpt lat="47.104418" lon="-123.143177"></trkpt><trkpt lat="47.104290" lon="-123.143542"></trkpt><trkpt lat="47.104182" lon="-123.143907"></trkpt><trkpt lat="47.104118" lon="-123.144207"></trkpt><trkpt lat="47.103882" lon="-123.145430"></trkpt><trkpt lat="47.103517" lon="-123.147640"></trkpt><trkpt lat="47.103453" lon="-123.148220"></trkpt><trkpt lat="47.103410" lon="-123.148820"></trkpt><trkpt lat="47.103431" lon="-123.153434"></trkpt><trkpt lat="47.103410" lon="-123.154078"></trkpt><trkpt lat="47.103388" lon="-123.154485"></trkpt><trkpt lat="47.103302" lon="-123.155022"></trkpt><trkpt lat="47.103195" lon="-123.155537"></trkpt><trkpt lat="47.103109" lon="-123.155901"></trkpt><trkpt lat="47.102551" lon="-123.157318"></trkpt><trkpt lat="47.102401" lon="-123.157640"></trkpt><trkpt lat="47.102294" lon="-123.157961"></trkpt><trkpt lat="47.102144" lon="-123.158627"></trkpt><trkpt lat="47.099462" lon="-123.169205"></trkpt><trkpt lat="47.099354" lon="-123.169613"></trkpt><trkpt lat="47.099290" lon="-123.169956"></trkpt><trkpt lat="47.099290" lon="-123.170364"></trkpt><trkpt lat="47.099333" lon="-123.178561"></trkpt><trkpt lat="47.099354" lon="-123.180535"></trkpt><trkpt lat="47.099354" lon="-123.185835"></trkpt><trkpt lat="47.099333" lon="-123.186371"></trkpt><trkpt lat="47.099290" lon="-123.186886"></trkpt><trkpt lat="47.098989" lon="-123.188925"></trkpt><trkpt lat="47.098904" lon="-123.189740"></trkpt><trkpt lat="47.098925" lon="-123.190105"></trkpt><trkpt lat="47.098968" lon="-123.190534"></trkpt><trkpt lat="47.099526" lon="-123.193688"></trkpt><trkpt lat="47.099612" lon="-123.194675"></trkpt><trkpt lat="47.099633" lon="-123.195298"></trkpt><trkpt lat="47.099633" lon="-123.195748"></trkpt><trkpt lat="47.099569" lon="-123.196242"></trkpt><trkpt lat="47.099290" lon="-123.198323"></trkpt><trkpt lat="47.099097" lon="-123.199589"></trkpt><trkpt lat="47.098968" lon="-123.200212"></trkpt><trkpt lat="47.098818" lon="-123.200619"></trkpt><trkpt lat="47.098668" lon="-123.200963"></trkpt><trkpt lat="47.098517" lon="-123.201284"></trkpt><trkpt lat="47.097895" lon="-123.202271"></trkpt><trkpt lat="47.097659" lon="-123.202744"></trkpt><trkpt lat="47.097445" lon="-123.203259"></trkpt><trkpt lat="47.097273" lon="-123.203773"></trkpt><trkpt lat="47.097144" lon="-123.204246"></trkpt><trkpt lat="47.096951" lon="-123.205040"></trkpt><trkpt lat="47.096822" lon="-123.205962"></trkpt><trkpt lat="47.096779" lon="-123.206735"></trkpt><trkpt lat="47.096801" lon="-123.207808"></trkpt><trkpt lat="47.096972" lon="-123.211520"></trkpt><trkpt lat="47.097144" lon="-123.214631"></trkpt><trkpt lat="47.097166" lon="-123.215189"></trkpt><trkpt lat="47.097144" lon="-123.215468"></trkpt><trkpt lat="47.097101" lon="-123.215747"></trkpt><trkpt lat="47.097015" lon="-123.216047"></trkpt><trkpt lat="47.096436" lon="-123.217421"></trkpt><trkpt lat="47.096071" lon="-123.218365"></trkpt><trkpt lat="47.095985" lon="-123.218729"></trkpt><trkpt lat="47.095964" lon="-123.219094"></trkpt><trkpt lat="47.095985" lon="-123.219502"></trkpt><trkpt lat="47.096179" lon="-123.220725"></trkpt><trkpt lat="47.096200" lon="-123.221025"></trkpt><trkpt lat="47.096200" lon="-123.221240"></trkpt><trkpt lat="47.096179" lon="-123.221605"></trkpt><trkpt lat="47.096093" lon="-123.221948"></trkpt><trkpt lat="47.095921" lon="-123.222377"></trkpt><trkpt lat="47.095470" lon="-123.223107"></trkpt><trkpt lat="47.095213" lon="-123.223407"></trkpt><trkpt lat="47.094290" lon="-123.224502"></trkpt><trkpt lat="47.094162" lon="-123.224673"></trkpt><trkpt lat="47.093046" lon="-123.226283"></trkpt><trkpt lat="47.092230" lon="-123.227828"></trkpt><trkpt lat="47.092059" lon="-123.228128"></trkpt><trkpt lat="47.091866" lon="-123.228321"></trkpt><trkpt lat="47.091780" lon="-123.228428"></trkpt><trkpt lat="47.089741" lon="-123.230317"></trkpt><trkpt lat="47.088990" lon="-123.230789"></trkpt><trkpt lat="47.088583" lon="-123.230939"></trkpt><trkpt lat="47.086222" lon="-123.231218"></trkpt><trkpt lat="47.085278" lon="-123.231497"></trkpt><trkpt lat="47.084699" lon="-123.231754"></trkpt><trkpt lat="47.084119" lon="-123.232098"></trkpt><trkpt lat="47.083819" lon="-123.232312"></trkpt><trkpt lat="47.083626" lon="-123.232505"></trkpt><trkpt lat="47.083411" lon="-123.232763"></trkpt><trkpt lat="47.083218" lon="-123.233149"></trkpt><trkpt lat="47.083046" lon="-123.233707"></trkpt><trkpt lat="47.082746" lon="-123.234973"></trkpt><trkpt lat="47.080128" lon="-123.245831"></trkpt><trkpt lat="47.079935" lon="-123.246775"></trkpt><trkpt lat="47.079699" lon="-123.248255"></trkpt><trkpt lat="47.079291" lon="-123.251216"></trkpt><trkpt lat="47.079184" lon="-123.251882"></trkpt><trkpt lat="47.079098" lon="-123.252182"></trkpt><trkpt lat="47.078948" lon="-123.252590"></trkpt><trkpt lat="47.077532" lon="-123.255165"></trkpt><trkpt lat="47.075708" lon="-123.258533"></trkpt><trkpt lat="47.074399" lon="-123.260915"></trkpt><trkpt lat="47.073669" lon="-123.262224"></trkpt><trkpt lat="47.073305" lon="-123.262846"></trkpt><trkpt lat="47.072811" lon="-123.263490"></trkpt><trkpt lat="47.071953" lon="-123.264284"></trkpt><trkpt lat="47.070944" lon="-123.265057"></trkpt><trkpt lat="47.070537" lon="-123.265378"></trkpt><trkpt lat="47.069914" lon="-123.265893"></trkpt><trkpt lat="47.069528" lon="-123.266280"></trkpt><trkpt lat="47.069206" lon="-123.266666"></trkpt><trkpt lat="47.068927" lon="-123.267052"></trkpt><trkpt lat="47.068670" lon="-123.267438"></trkpt><trkpt lat="47.068391" lon="-123.267932"></trkpt><trkpt lat="47.067983" lon="-123.268833"></trkpt><trkpt lat="47.066910" lon="-123.268468"></trkpt><trkpt lat="47.065794" lon="-123.268039"></trkpt><trkpt lat="47.065022" lon="-123.267696"></trkpt><trkpt lat="47.064679" lon="-123.267524"></trkpt><trkpt lat="47.064528" lon="-123.267438"></trkpt><trkpt lat="47.064228" lon="-123.267138"></trkpt><trkpt lat="47.063971" lon="-123.266709"></trkpt><trkpt lat="47.063713" lon="-123.266537"></trkpt><trkpt lat="47.063220" lon="-123.266301"></trkpt><trkpt lat="47.062876" lon="-123.266194"></trkpt><trkpt lat="47.062511" lon="-123.266129"></trkpt><trkpt lat="47.062125" lon="-123.266108"></trkpt><trkpt lat="47.061117" lon="-123.266108"></trkpt><trkpt lat="47.059894" lon="-123.266044"></trkpt><trkpt lat="47.059507" lon="-123.265936"></trkpt><trkpt lat="47.059100" lon="-123.265786"></trkpt><trkpt lat="47.058606" lon="-123.265700"></trkpt><trkpt lat="47.057018" lon="-123.265443"></trkpt><trkpt lat="47.055988" lon="-123.265250"></trkpt><trkpt lat="47.055624" lon="-123.265207"></trkpt><trkpt lat="47.055393" lon="-123.265175"></trkpt><trkpt lat="47.055409" lon="-123.264928"></trkpt><trkpt lat="47.055393" lon="-123.265175"></trkpt><trkpt lat="47.055151" lon="-123.265142"></trkpt><trkpt lat="47.054358" lon="-123.265078"></trkpt><trkpt lat="47.054079" lon="-123.265035"></trkpt><trkpt lat="47.054014" lon="-123.265014"></trkpt><trkpt lat="47.053800" lon="-123.264971"></trkpt><trkpt lat="47.053392" lon="-123.264906"></trkpt><trkpt lat="47.053049" lon="-123.264842"></trkpt><trkpt lat="47.052727" lon="-123.264799"></trkpt><trkpt lat="47.051997" lon="-123.264670"></trkpt><trkpt lat="47.051589" lon="-123.264542"></trkpt><trkpt lat="47.051075" lon="-123.264434"></trkpt><trkpt lat="47.050195" lon="-123.264327"></trkpt><trkpt lat="47.049873" lon="-123.264284"></trkpt><trkpt lat="47.049508" lon="-123.264091"></trkpt><trkpt lat="47.049143" lon="-123.263769"></trkpt><trkpt lat="47.048993" lon="-123.263597"></trkpt><trkpt lat="47.048671" lon="-123.262911"></trkpt><trkpt lat="47.048414" lon="-123.262911"></trkpt><trkpt lat="47.046847" lon="-123.263040"></trkpt><trkpt lat="47.046804" lon="-123.262010"></trkpt><trkpt lat="47.046762" lon="-123.261817"></trkpt><trkpt lat="47.046697" lon="-123.261602"></trkpt><trkpt lat="47.046611" lon="-123.261430"></trkpt><trkpt lat="47.046547" lon="-123.261323"></trkpt><trkpt lat="47.046397" lon="-123.261130"></trkpt><trkpt lat="47.045066" lon="-123.259971"></trkpt><trkpt lat="47.044852" lon="-123.259671"></trkpt><trkpt lat="47.044723" lon="-123.259413"></trkpt><trkpt lat="47.044637" lon="-123.259113"></trkpt><trkpt lat="47.044573" lon="-123.258727"></trkpt><trkpt lat="47.044508" lon="-123.257632"></trkpt><trkpt lat="47.044487" lon="-123.256710"></trkpt><trkpt lat="47.044551" lon="-123.255959"></trkpt><trkpt lat="47.044659" lon="-123.255208"></trkpt><trkpt lat="47.044916" lon="-123.253834"></trkpt><trkpt lat="47.046204" lon="-123.247805"></trkpt><trkpt lat="47.046869" lon="-123.244801"></trkpt><trkpt lat="47.047791" lon="-123.240788"></trkpt><trkpt lat="47.048542" lon="-123.239007"></trkpt><trkpt lat="47.049057" lon="-123.237848"></trkpt><trkpt lat="47.049551" lon="-123.236840"></trkpt><trkpt lat="47.050195" lon="-123.235316"></trkpt><trkpt lat="47.050452" lon="-123.234522"></trkpt><trkpt lat="47.050517" lon="-123.234200"></trkpt><trkpt lat="47.050560" lon="-123.233964"></trkpt><trkpt lat="47.050645" lon="-123.232999"></trkpt><trkpt lat="47.050645" lon="-123.232098"></trkpt><trkpt lat="47.050581" lon="-123.231068"></trkpt><trkpt lat="47.050238" lon="-123.225725"></trkpt><trkpt lat="47.050195" lon="-123.223901"></trkpt><trkpt lat="47.050238" lon="-123.222592"></trkpt><trkpt lat="47.050302" lon="-123.221476"></trkpt><trkpt lat="47.050409" lon="-123.220446"></trkpt><trkpt lat="47.050474" lon="-123.219995"></trkpt><trkpt lat="47.050645" lon="-123.218966"></trkpt><trkpt lat="47.050817" lon="-123.218107"></trkpt><trkpt lat="47.050967" lon="-123.217614"></trkpt><trkpt lat="47.052190" lon="-123.213837"></trkpt><trkpt lat="47.052555" lon="-123.212807"></trkpt><trkpt lat="47.053843" lon="-123.209438"></trkpt><trkpt lat="47.053993" lon="-123.209074"></trkpt><trkpt lat="47.055860" lon="-123.204589"></trkpt><trkpt lat="47.056310" lon="-123.203344"></trkpt><trkpt lat="47.056503" lon="-123.202701"></trkpt><trkpt lat="47.056975" lon="-123.200963"></trkpt><trkpt lat="47.057061" lon="-123.200490"></trkpt><trkpt lat="47.057490" lon="-123.198366"></trkpt><trkpt lat="47.057705" lon="-123.197315"></trkpt><trkpt lat="47.057984" lon="-123.195705"></trkpt><trkpt lat="47.058756" lon="-123.191350"></trkpt><trkpt lat="47.058864" lon="-123.190234"></trkpt><trkpt lat="47.059271" lon="-123.178282"></trkpt><trkpt lat="47.059250" lon="-123.176758"></trkpt><trkpt lat="47.058005" lon="-123.168476"></trkpt><trkpt lat="47.056911" lon="-123.163390"></trkpt><trkpt lat="47.056031" lon="-123.155966"></trkpt><trkpt lat="47.055709" lon="-123.154700"></trkpt><trkpt lat="47.055194" lon="-123.153584"></trkpt><trkpt lat="47.054701" lon="-123.152854"></trkpt><trkpt lat="47.048650" lon="-123.145130"></trkpt><trkpt lat="47.046461" lon="-123.141739"></trkpt><trkpt lat="47.044959" lon="-123.138993"></trkpt><trkpt lat="47.044122" lon="-123.137233"></trkpt><trkpt lat="47.039981" lon="-123.127642"></trkpt><trkpt lat="47.039380" lon="-123.126397"></trkpt><trkpt lat="47.034423" lon="-123.119166"></trkpt><trkpt lat="47.033780" lon="-123.118007"></trkpt><trkpt lat="47.033522" lon="-123.117363"></trkpt><trkpt lat="47.033136" lon="-123.116012"></trkpt><trkpt lat="47.033007" lon="-123.115304"></trkpt><trkpt lat="47.032793" lon="-123.111184"></trkpt><trkpt lat="47.032192" lon="-123.111248"></trkpt><trkpt lat="47.032232" lon="-123.112476"></trkpt><trkpt lat="47.032063" lon="-123.112493"></trkpt><trkpt lat="47.032232" lon="-123.112476"></trkpt><trkpt lat="47.032192" lon="-123.111248"></trkpt><trkpt lat="47.032793" lon="-123.111184"></trkpt><trkpt lat="47.032192" lon="-123.111248"></trkpt><trkpt lat="47.032232" lon="-123.112476"></trkpt><trkpt lat="47.032063" lon="-123.112493"></trkpt><trkpt lat="47.032232" lon="-123.112476"></trkpt><trkpt lat="47.032192" lon="-123.111248"></trkpt><trkpt lat="47.032793" lon="-123.111184"></trkpt><trkpt lat="47.032578" lon="-123.105347"></trkpt><trkpt lat="47.032707" lon="-123.103158"></trkpt><trkpt lat="47.033393" lon="-123.099639"></trkpt><trkpt lat="47.034316" lon="-123.096850"></trkpt><trkpt lat="47.034080" lon="-123.096764"></trkpt><trkpt lat="47.033651" lon="-123.096249"></trkpt><trkpt lat="47.033501" lon="-123.093867"></trkpt><trkpt lat="47.032750" lon="-123.093181"></trkpt><trkpt lat="47.032042" lon="-123.093073"></trkpt><trkpt lat="47.030861" lon="-123.093803"></trkpt><trkpt lat="47.030497" lon="-123.094189"></trkpt><trkpt lat="47.030261" lon="-123.095090"></trkpt><trkpt lat="47.030046" lon="-123.097086"></trkpt><trkpt lat="47.029595" lon="-123.098459"></trkpt><trkpt lat="47.029467" lon="-123.099103"></trkpt><trkpt lat="47.028995" lon="-123.099961"></trkpt><trkpt lat="47.028501" lon="-123.101163"></trkpt><trkpt lat="47.027943" lon="-123.101978"></trkpt><trkpt lat="47.026699" lon="-123.105497"></trkpt><trkpt lat="47.025626" lon="-123.106978"></trkpt><trkpt lat="47.025518" lon="-123.107278"></trkpt><trkpt lat="47.025518" lon="-123.107793"></trkpt><trkpt lat="47.026033" lon="-123.109832"></trkpt><trkpt lat="47.026055" lon="-123.110240"></trkpt><trkpt lat="47.025862" lon="-123.110819"></trkpt><trkpt lat="47.025433" lon="-123.111677"></trkpt><trkpt lat="47.024789" lon="-123.112364"></trkpt><trkpt lat="47.024510" lon="-123.112943"></trkpt><trkpt lat="47.023973" lon="-123.113759"></trkpt><trkpt lat="47.023265" lon="-123.114295"></trkpt><trkpt lat="47.022064" lon="-123.115582"></trkpt><trkpt lat="47.022021" lon="-123.115883"></trkpt><trkpt lat="47.022085" lon="-123.117900"></trkpt><trkpt lat="47.022021" lon="-123.118286"></trkpt><trkpt lat="47.022321" lon="-123.119187"></trkpt><trkpt lat="47.022386" lon="-123.119681"></trkpt><trkpt lat="47.022343" lon="-123.120153"></trkpt><trkpt lat="47.022192" lon="-123.120625"></trkpt><trkpt lat="47.021420" lon="-123.121612"></trkpt><trkpt lat="47.021441" lon="-123.121741"></trkpt><trkpt lat="47.021828" lon="-123.122041"></trkpt><trkpt lat="47.021978" lon="-123.122277"></trkpt><trkpt lat="47.022214" lon="-123.124015"></trkpt><trkpt lat="47.022171" lon="-123.126569"></trkpt><trkpt lat="47.022235" lon="-123.128028"></trkpt><trkpt lat="47.022171" lon="-123.130796"></trkpt><trkpt lat="47.022514" lon="-123.134508"></trkpt><trkpt lat="47.022386" lon="-123.135087"></trkpt><trkpt lat="47.021999" lon="-123.136032"></trkpt><trkpt lat="47.021270" lon="-123.136826"></trkpt><trkpt lat="47.020197" lon="-123.138950"></trkpt><trkpt lat="47.019897" lon="-123.139336"></trkpt><trkpt lat="47.019382" lon="-123.139637"></trkpt><trkpt lat="47.019017" lon="-123.139486"></trkpt><trkpt lat="47.018824" lon="-123.139079"></trkpt><trkpt lat="47.018137" lon="-123.136096"></trkpt><trkpt lat="47.018051" lon="-123.134272"></trkpt><trkpt lat="47.018223" lon="-123.133435"></trkpt><trkpt lat="47.019017" lon="-123.132598"></trkpt><trkpt lat="47.019231" lon="-123.132062"></trkpt><trkpt lat="47.019446" lon="-123.130260"></trkpt><trkpt lat="47.019274" lon="-123.129723"></trkpt><trkpt lat="47.018974" lon="-123.129551"></trkpt><trkpt lat="47.018566" lon="-123.129702"></trkpt><trkpt lat="47.018008" lon="-123.130989"></trkpt><trkpt lat="47.017708" lon="-123.131397"></trkpt><trkpt lat="47.016613" lon="-123.132598"></trkpt><trkpt lat="47.016356" lon="-123.132792"></trkpt><trkpt lat="47.015691" lon="-123.132963"></trkpt><trkpt lat="47.015347" lon="-123.133328"></trkpt><trkpt lat="47.015262" lon="-123.133757"></trkpt><trkpt lat="47.015090" lon="-123.136783"></trkpt><trkpt lat="47.015219" lon="-123.137341"></trkpt><trkpt lat="47.015498" lon="-123.137770"></trkpt><trkpt lat="47.015262" lon="-123.140173"></trkpt><trkpt lat="47.015069" lon="-123.140666"></trkpt><trkpt lat="47.015047" lon="-123.140945"></trkpt><trkpt lat="47.015240" lon="-123.142469"></trkpt><trkpt lat="47.014017" lon="-123.146074"></trkpt><trkpt lat="47.013888" lon="-123.146975"></trkpt><trkpt lat="47.013524" lon="-123.148584"></trkpt><trkpt lat="47.013116" lon="-123.149400"></trkpt><trkpt lat="47.011657" lon="-123.151739"></trkpt><trkpt lat="47.011034" lon="-123.152640"></trkpt><trkpt lat="47.010584" lon="-123.153112"></trkpt><trkpt lat="47.009404" lon="-123.153262"></trkpt><trkpt lat="47.009125" lon="-123.153090"></trkpt><trkpt lat="47.008781" lon="-123.152747"></trkpt><trkpt lat="47.008696" lon="-123.152425"></trkpt><trkpt lat="47.009039" lon="-123.150945"></trkpt><trkpt lat="47.009361" lon="-123.150172"></trkpt><trkpt lat="47.009597" lon="-123.149292"></trkpt><trkpt lat="47.009683" lon="-123.148177"></trkpt><trkpt lat="47.009661" lon="-123.146739"></trkpt><trkpt lat="47.009747" lon="-123.146224"></trkpt><trkpt lat="47.010198" lon="-123.144829"></trkpt><trkpt lat="47.011034" lon="-123.143585"></trkpt><trkpt lat="47.011292" lon="-123.143048"></trkpt><trkpt lat="47.011335" lon="-123.142812"></trkpt><trkpt lat="47.011271" lon="-123.141439"></trkpt><trkpt lat="47.011421" lon="-123.140280"></trkpt><trkpt lat="47.012386" lon="-123.136847"></trkpt><trkpt lat="47.012408" lon="-123.136311"></trkpt><trkpt lat="47.012258" lon="-123.135881"></trkpt><trkpt lat="47.012129" lon="-123.135796"></trkpt><trkpt lat="47.011850" lon="-123.135324"></trkpt><trkpt lat="47.010927" lon="-123.134487"></trkpt><trkpt lat="47.010305" lon="-123.133371"></trkpt><trkpt lat="47.010219" lon="-123.132856"></trkpt><trkpt lat="47.010305" lon="-123.131998"></trkpt><trkpt lat="47.010112" lon="-123.130066"></trkpt><trkpt lat="47.010670" lon="-123.129122"></trkpt><trkpt lat="47.010713" lon="-123.128929"></trkpt><trkpt lat="47.010627" lon="-123.126976"></trkpt><trkpt lat="47.011163" lon="-123.125002"></trkpt><trkpt lat="47.011249" lon="-123.124359"></trkpt><trkpt lat="47.011313" lon="-123.121827"></trkpt><trkpt lat="47.011399" lon="-123.121333"></trkpt><trkpt lat="47.011700" lon="-123.120582"></trkpt><trkpt lat="47.011399" lon="-123.120024"></trkpt><trkpt lat="47.011099" lon="-123.119767"></trkpt><trkpt lat="47.010262" lon="-123.119466"></trkpt><trkpt lat="47.009726" lon="-123.119059"></trkpt><trkpt lat="47.009339" lon="-123.119059"></trkpt><trkpt lat="47.008910" lon="-123.119166"></trkpt><trkpt lat="47.008610" lon="-123.119359"></trkpt><trkpt lat="47.007687" lon="-123.120947"></trkpt><trkpt lat="47.007344" lon="-123.121333"></trkpt><trkpt lat="47.006700" lon="-123.121548"></trkpt><trkpt lat="47.006271" lon="-123.121440"></trkpt><trkpt lat="47.004919" lon="-123.119702"></trkpt><trkpt lat="47.004662" lon="-123.118758"></trkpt><trkpt lat="47.004597" lon="-123.118157"></trkpt><trkpt lat="47.004297" lon="-123.117342"></trkpt><trkpt lat="47.003889" lon="-123.116634"></trkpt><trkpt lat="47.003267" lon="-123.116097"></trkpt><trkpt lat="47.003160" lon="-123.115046"></trkpt><trkpt lat="47.002923" lon="-123.114166"></trkpt><trkpt lat="47.002387" lon="-123.114059"></trkpt><trkpt lat="47.000177" lon="-123.114810"></trkpt><trkpt lat="46.999018" lon="-123.116333"></trkpt><trkpt lat="46.998825" lon="-123.116913"></trkpt><trkpt lat="46.998696" lon="-123.118200"></trkpt><trkpt lat="46.998417" lon="-123.119853"></trkpt><trkpt lat="46.998031" lon="-123.120968"></trkpt><trkpt lat="46.997323" lon="-123.123801"></trkpt><trkpt lat="46.996958" lon="-123.124659"></trkpt><trkpt lat="46.996765" lon="-123.124895"></trkpt><trkpt lat="46.995885" lon="-123.125346"></trkpt><trkpt lat="46.995606" lon="-123.125668"></trkpt><trkpt lat="46.994770" lon="-123.127298"></trkpt><trkpt lat="46.994534" lon="-123.127577"></trkpt><trkpt lat="46.993718" lon="-123.127792"></trkpt><trkpt lat="46.993010" lon="-123.128285"></trkpt><trkpt lat="46.992044" lon="-123.128135"></trkpt><trkpt lat="46.991057" lon="-123.128242"></trkpt><trkpt lat="46.990693" lon="-123.127899"></trkpt><trkpt lat="46.990349" lon="-123.127298"></trkpt><trkpt lat="46.990242" lon="-123.126869"></trkpt><trkpt lat="46.990113" lon="-123.126848"></trkpt><trkpt lat="46.989319" lon="-123.127384"></trkpt><trkpt lat="46.988590" lon="-123.127728"></trkpt><trkpt lat="46.988010" lon="-123.127577"></trkpt><trkpt lat="46.987624" lon="-123.128049"></trkpt><trkpt lat="46.987431" lon="-123.128865"></trkpt><trkpt lat="46.987216" lon="-123.129230"></trkpt><trkpt lat="46.986723" lon="-123.129637"></trkpt><trkpt lat="46.986015" lon="-123.129809"></trkpt><trkpt lat="46.985843" lon="-123.129938"></trkpt><trkpt lat="46.985607" lon="-123.130281"></trkpt><trkpt lat="46.985457" lon="-123.130732"></trkpt><trkpt lat="46.984921" lon="-123.131440"></trkpt><trkpt lat="46.984534" lon="-123.131762"></trkpt><trkpt lat="46.984169" lon="-123.132491"></trkpt><trkpt lat="46.983762" lon="-123.132899"></trkpt><trkpt lat="46.983182" lon="-123.133178"></trkpt><trkpt lat="46.981895" lon="-123.133543"></trkpt><trkpt lat="46.981359" lon="-123.133779"></trkpt><trkpt lat="46.981015" lon="-123.134058"></trkpt><trkpt lat="46.980801" lon="-123.134358"></trkpt><trkpt lat="46.980543" lon="-123.135002"></trkpt><trkpt lat="46.979964" lon="-123.136826"></trkpt><trkpt lat="46.979041" lon="-123.137834"></trkpt><trkpt lat="46.978419" lon="-123.138285"></trkpt><trkpt lat="46.977646" lon="-123.139122"></trkpt><trkpt lat="46.977217" lon="-123.139808"></trkpt><trkpt lat="46.976852" lon="-123.140624"></trkpt><trkpt lat="46.975994" lon="-123.141654"></trkpt><trkpt lat="46.975844" lon="-123.141997"></trkpt><trkpt lat="46.975694" lon="-123.142684"></trkpt><trkpt lat="46.975307" lon="-123.143349"></trkpt><trkpt lat="46.975114" lon="-123.143885"></trkpt><trkpt lat="46.974685" lon="-123.146353"></trkpt><trkpt lat="46.974406" lon="-123.146760"></trkpt><trkpt lat="46.973956" lon="-123.147104"></trkpt><trkpt lat="46.973720" lon="-123.147790"></trkpt><trkpt lat="46.973505" lon="-123.148134"></trkpt><trkpt lat="46.973548" lon="-123.147469"></trkpt><trkpt lat="46.973763" lon="-123.146653"></trkpt><trkpt lat="46.973870" lon="-123.145494"></trkpt><trkpt lat="46.973677" lon="-123.144078"></trkpt><trkpt lat="46.973333" lon="-123.143671"></trkpt><trkpt lat="46.972260" lon="-123.143713"></trkpt><trkpt lat="46.971810" lon="-123.143456"></trkpt><trkpt lat="46.971509" lon="-123.143048"></trkpt><trkpt lat="46.970994" lon="-123.141997"></trkpt><trkpt lat="46.970587" lon="-123.140924"></trkpt><trkpt lat="46.969922" lon="-123.140109"></trkpt><trkpt lat="46.969664" lon="-123.139143"></trkpt><trkpt lat="46.969922" lon="-123.137426"></trkpt><trkpt lat="46.970286" lon="-123.136868"></trkpt><trkpt lat="46.970758" lon="-123.136590"></trkpt><trkpt lat="46.971123" lon="-123.135881"></trkpt><trkpt lat="46.971209" lon="-123.135259"></trkpt><trkpt lat="46.971231" lon="-123.134980"></trkpt><trkpt lat="46.971059" lon="-123.134272"></trkpt><trkpt lat="46.971059" lon="-123.133135"></trkpt><trkpt lat="46.970866" lon="-123.131032"></trkpt><trkpt lat="46.970737" lon="-123.129895"></trkpt><trkpt lat="46.970522" lon="-123.129165"></trkpt><trkpt lat="46.970544" lon="-123.128972"></trkpt><trkpt lat="46.970909" lon="-123.128586"></trkpt><trkpt lat="46.971059" lon="-123.128242"></trkpt><trkpt lat="46.971166" lon="-123.127449"></trkpt><trkpt lat="46.971381" lon="-123.127019"></trkpt><trkpt lat="46.971574" lon="-123.125989"></trkpt><trkpt lat="46.971531" lon="-123.125560"></trkpt><trkpt lat="46.971209" lon="-123.124745"></trkpt><trkpt lat="46.970952" lon="-123.123801"></trkpt><trkpt lat="46.970887" lon="-123.123007"></trkpt><trkpt lat="46.971037" lon="-123.121333"></trkpt><trkpt lat="46.971123" lon="-123.120968"></trkpt><trkpt lat="46.971316" lon="-123.120861"></trkpt><trkpt lat="46.971445" lon="-123.120947"></trkpt><trkpt lat="46.971703" lon="-123.121548"></trkpt><trkpt lat="46.971810" lon="-123.121591"></trkpt><trkpt lat="46.971874" lon="-123.121505"></trkpt><trkpt lat="46.971767" lon="-123.120282"></trkpt><trkpt lat="46.971574" lon="-123.119595"></trkpt><trkpt lat="46.970587" lon="-123.118544"></trkpt><trkpt lat="46.970544" lon="-123.116763"></trkpt><trkpt lat="46.970158" lon="-123.115625"></trkpt><trkpt lat="46.969879" lon="-123.114488"></trkpt><trkpt lat="46.969922" lon="-123.113544"></trkpt><trkpt lat="46.969771" lon="-123.112707"></trkpt><trkpt lat="46.969621" lon="-123.112514"></trkpt><trkpt lat="46.969407" lon="-123.112535"></trkpt><trkpt lat="46.969256" lon="-123.112922"></trkpt><trkpt lat="46.969235" lon="-123.113329"></trkpt><trkpt lat="46.969149" lon="-123.113458"></trkpt><trkpt lat="46.968935" lon="-123.113179"></trkpt><trkpt lat="46.968398" lon="-123.111784"></trkpt><trkpt lat="46.968334" lon="-123.111205"></trkpt><trkpt lat="46.968420" lon="-123.110690"></trkpt><trkpt lat="46.968720" lon="-123.110025"></trkpt><trkpt lat="46.969128" lon="-123.109553"></trkpt><trkpt lat="46.969342" lon="-123.109596"></trkpt><trkpt lat="46.969557" lon="-123.110433"></trkpt><trkpt lat="46.969771" lon="-123.110583"></trkpt><trkpt lat="46.970394" lon="-123.110647"></trkpt><trkpt lat="46.970801" lon="-123.111291"></trkpt><trkpt lat="46.970587" lon="-123.110540"></trkpt><trkpt lat="46.970372" lon="-123.110304"></trkpt><trkpt lat="46.970007" lon="-123.110240"></trkpt><trkpt lat="46.969879" lon="-123.110025"></trkpt><trkpt lat="46.969728" lon="-123.108716"></trkpt><trkpt lat="46.969557" lon="-123.108287"></trkpt><trkpt lat="46.969192" lon="-123.108008"></trkpt><trkpt lat="46.968827" lon="-123.108072"></trkpt><trkpt lat="46.968548" lon="-123.108394"></trkpt><trkpt lat="46.968076" lon="-123.109381"></trkpt><trkpt lat="46.967347" lon="-123.109574"></trkpt><trkpt lat="46.967068" lon="-123.110111"></trkpt><trkpt lat="46.966102" lon="-123.111162"></trkpt><trkpt lat="46.965888" lon="-123.111806"></trkpt><trkpt lat="46.965888" lon="-123.112171"></trkpt><trkpt lat="46.966124" lon="-123.113136"></trkpt><trkpt lat="46.966059" lon="-123.113587"></trkpt><trkpt lat="46.965845" lon="-123.113909"></trkpt><trkpt lat="46.965158" lon="-123.114188"></trkpt><trkpt lat="46.964750" lon="-123.114638"></trkpt><trkpt lat="46.964171" lon="-123.117943"></trkpt><trkpt lat="46.964042" lon="-123.118329"></trkpt><trkpt lat="46.964064" lon="-123.114724"></trkpt><trkpt lat="46.964300" lon="-123.113801"></trkpt><trkpt lat="46.964278" lon="-123.113008"></trkpt><trkpt lat="46.963720" lon="-123.111999"></trkpt><trkpt lat="46.963334" lon="-123.111870"></trkpt><trkpt lat="46.961982" lon="-123.110883"></trkpt><trkpt lat="46.961725" lon="-123.110583"></trkpt><trkpt lat="46.961446" lon="-123.109961"></trkpt><trkpt lat="46.961210" lon="-123.108416"></trkpt><trkpt lat="46.961489" lon="-123.104231"></trkpt><trkpt lat="46.961381" lon="-123.103716"></trkpt><trkpt lat="46.961188" lon="-123.103287"></trkpt><trkpt lat="46.960609" lon="-123.102300"></trkpt><trkpt lat="46.960244" lon="-123.101935"></trkpt><trkpt lat="46.959965" lon="-123.101850"></trkpt><trkpt lat="46.959171" lon="-123.102365"></trkpt><trkpt lat="46.958978" lon="-123.102365"></trkpt><trkpt lat="46.958785" lon="-123.102214"></trkpt><trkpt lat="46.957777" lon="-123.102343"></trkpt><trkpt lat="46.957047" lon="-123.102601"></trkpt><trkpt lat="46.956532" lon="-123.103051"></trkpt><trkpt lat="46.956210" lon="-123.103051"></trkpt><trkpt lat="46.955566" lon="-123.102643"></trkpt><trkpt lat="46.954322" lon="-123.101056"></trkpt><trkpt lat="46.954107" lon="-123.100541"></trkpt><trkpt lat="46.954064" lon="-123.099682"></trkpt><trkpt lat="46.953700" lon="-123.099318"></trkpt><trkpt lat="46.952777" lon="-123.099468"></trkpt><trkpt lat="46.952283" lon="-123.099060"></trkpt><trkpt lat="46.952026" lon="-123.099060"></trkpt><trkpt lat="46.951597" lon="-123.099360"></trkpt><trkpt lat="46.950867" lon="-123.100626"></trkpt><trkpt lat="46.950524" lon="-123.101077"></trkpt><trkpt lat="46.950331" lon="-123.101227"></trkpt><trkpt lat="46.949966" lon="-123.101313"></trkpt><trkpt lat="46.949773" lon="-123.101227"></trkpt><trkpt lat="46.949322" lon="-123.100584"></trkpt><trkpt lat="46.949086" lon="-123.100390"></trkpt><trkpt lat="46.948743" lon="-123.100412"></trkpt><trkpt lat="46.948292" lon="-123.100798"></trkpt><trkpt lat="46.948099" lon="-123.100841"></trkpt><trkpt lat="46.947799" lon="-123.100712"></trkpt><trkpt lat="46.947584" lon="-123.100455"></trkpt><trkpt lat="46.947219" lon="-123.099575"></trkpt><trkpt lat="46.946876" lon="-123.099275"></trkpt><trkpt lat="46.946468" lon="-123.099103"></trkpt><trkpt lat="46.946211" lon="-123.099210"></trkpt><trkpt lat="46.945996" lon="-123.099468"></trkpt><trkpt lat="46.945760" lon="-123.099918"></trkpt><trkpt lat="46.945589" lon="-123.100541"></trkpt><trkpt lat="46.945589" lon="-123.100991"></trkpt><trkpt lat="46.945739" lon="-123.101935"></trkpt><trkpt lat="46.945674" lon="-123.102601"></trkpt><trkpt lat="46.945202" lon="-123.103180"></trkpt><trkpt lat="46.944687" lon="-123.103266"></trkpt><trkpt lat="46.944194" lon="-123.103030"></trkpt><trkpt lat="46.943357" lon="-123.101935"></trkpt><trkpt lat="46.942971" lon="-123.099875"></trkpt><trkpt lat="46.942799" lon="-123.099575"></trkpt><trkpt lat="46.942177" lon="-123.098910"></trkpt><trkpt lat="46.941726" lon="-123.098760"></trkpt><trkpt lat="46.941426" lon="-123.099446"></trkpt><trkpt lat="46.940567" lon="-123.100133"></trkpt><trkpt lat="46.940439" lon="-123.101120"></trkpt><trkpt lat="46.940267" lon="-123.101764"></trkpt><trkpt lat="46.940138" lon="-123.102000"></trkpt><trkpt lat="46.939731" lon="-123.102300"></trkpt><trkpt lat="46.939387" lon="-123.102751"></trkpt><trkpt lat="46.939108" lon="-123.103352"></trkpt><trkpt lat="46.938872" lon="-123.104424"></trkpt><trkpt lat="46.938121" lon="-123.105326"></trkpt><trkpt lat="46.938078" lon="-123.106034"></trkpt><trkpt lat="46.938314" lon="-123.107128"></trkpt><trkpt lat="46.938207" lon="-123.107879"></trkpt><trkpt lat="46.937928" lon="-123.108716"></trkpt><trkpt lat="46.937027" lon="-123.110647"></trkpt><trkpt lat="46.936212" lon="-123.112772"></trkpt><trkpt lat="46.936018" lon="-123.112836"></trkpt><trkpt lat="46.935825" lon="-123.112385"></trkpt><trkpt lat="46.935439" lon="-123.112042"></trkpt><trkpt lat="46.935096" lon="-123.112149"></trkpt><trkpt lat="46.934280" lon="-123.112836"></trkpt><trkpt lat="46.933959" lon="-123.112793"></trkpt><trkpt lat="46.933315" lon="-123.112407"></trkpt><trkpt lat="46.932414" lon="-123.111570"></trkpt><trkpt lat="46.932242" lon="-123.111312"></trkpt><trkpt lat="46.932178" lon="-123.110948"></trkpt><trkpt lat="46.932199" lon="-123.110240"></trkpt><trkpt lat="46.932564" lon="-123.110025"></trkpt><trkpt lat="46.932199" lon="-123.110003"></trkpt><trkpt lat="46.931705" lon="-123.109682"></trkpt><trkpt lat="46.931276" lon="-123.109789"></trkpt><trkpt lat="46.930997" lon="-123.109725"></trkpt><trkpt lat="46.929603" lon="-123.108823"></trkpt><trkpt lat="46.929238" lon="-123.108759"></trkpt><trkpt lat="46.927371" lon="-123.109338"></trkpt><trkpt lat="46.925912" lon="-123.109252"></trkpt><trkpt lat="46.925569" lon="-123.109553"></trkpt><trkpt lat="46.924345" lon="-123.111076"></trkpt><trkpt lat="46.923358" lon="-123.111441"></trkpt><trkpt lat="46.922908" lon="-123.112128"></trkpt><trkpt lat="46.922092" lon="-123.112578"></trkpt><trkpt lat="46.921985" lon="-123.112836"></trkpt><trkpt lat="46.921899" lon="-123.113823"></trkpt><trkpt lat="46.921749" lon="-123.114038"></trkpt><trkpt lat="46.921299" lon="-123.114338"></trkpt><trkpt lat="46.921020" lon="-123.114746"></trkpt><trkpt lat="46.920655" lon="-123.115561"></trkpt><trkpt lat="46.920161" lon="-123.117235"></trkpt><trkpt lat="46.919410" lon="-123.119230"></trkpt><trkpt lat="46.919024" lon="-123.119938"></trkpt><trkpt lat="46.918595" lon="-123.120196"></trkpt><trkpt lat="46.918252" lon="-123.120582"></trkpt><trkpt lat="46.917865" lon="-123.121698"></trkpt><trkpt lat="46.917479" lon="-123.122149"></trkpt><trkpt lat="46.917179" lon="-123.122191"></trkpt><trkpt lat="46.914840" lon="-123.120732"></trkpt><trkpt lat="46.913917" lon="-123.120389"></trkpt><trkpt lat="46.912887" lon="-123.120196"></trkpt><trkpt lat="46.911407" lon="-123.121912"></trkpt><trkpt lat="46.911170" lon="-123.122020"></trkpt><trkpt lat="46.909969" lon="-123.121955"></trkpt><trkpt lat="46.907136" lon="-123.123522"></trkpt><trkpt lat="46.906686" lon="-123.123543"></trkpt><trkpt lat="46.905870" lon="-123.122921"></trkpt><trkpt lat="46.905549" lon="-123.122900"></trkpt><trkpt lat="46.905291" lon="-123.123200"></trkpt><trkpt lat="46.904969" lon="-123.124595"></trkpt><trkpt lat="46.904798" lon="-123.124895"></trkpt><trkpt lat="46.904368" lon="-123.125174"></trkpt><trkpt lat="46.903617" lon="-123.125432"></trkpt><trkpt lat="46.903296" lon="-123.125710"></trkpt><trkpt lat="46.902587" lon="-123.126783"></trkpt><trkpt lat="46.902416" lon="-123.126891"></trkpt><trkpt lat="46.901429" lon="-123.126826"></trkpt><trkpt lat="46.901364" lon="-123.127170"></trkpt><trkpt lat="46.901407" lon="-123.127534"></trkpt><trkpt lat="46.901493" lon="-123.127685"></trkpt><trkpt lat="46.901793" lon="-123.127985"></trkpt><trkpt lat="46.902373" lon="-123.128071"></trkpt><trkpt lat="46.902459" lon="-123.128521"></trkpt><trkpt lat="46.901772" lon="-123.128757"></trkpt><trkpt lat="46.901622" lon="-123.128929"></trkpt><trkpt lat="46.901064" lon="-123.130667"></trkpt><trkpt lat="46.901107" lon="-123.132083"></trkpt><trkpt lat="46.900721" lon="-123.133736"></trkpt><trkpt lat="46.900721" lon="-123.135366"></trkpt><trkpt lat="46.900463" lon="-123.136997"></trkpt><trkpt lat="46.900313" lon="-123.137534"></trkpt><trkpt lat="46.899948" lon="-123.138349"></trkpt><trkpt lat="46.898425" lon="-123.141310"></trkpt><trkpt lat="46.897309" lon="-123.142834"></trkpt><trkpt lat="46.897051" lon="-123.143327"></trkpt><trkpt lat="46.897008" lon="-123.143799"></trkpt><trkpt lat="46.897073" lon="-123.146117"></trkpt><trkpt lat="46.896966" lon="-123.149014"></trkpt><trkpt lat="46.896622" lon="-123.150043"></trkpt><trkpt lat="46.895549" lon="-123.151975"></trkpt><trkpt lat="46.895270" lon="-123.152661"></trkpt><trkpt lat="46.895571" lon="-123.154807"></trkpt><trkpt lat="46.895549" lon="-123.155794"></trkpt><trkpt lat="46.895335" lon="-123.157682"></trkpt><trkpt lat="46.895463" lon="-123.160965"></trkpt><trkpt lat="46.895463" lon="-123.162832"></trkpt><trkpt lat="46.895249" lon="-123.166094"></trkpt><trkpt lat="46.894691" lon="-123.170278"></trkpt><trkpt lat="46.894755" lon="-123.171179"></trkpt><trkpt lat="46.895206" lon="-123.174098"></trkpt><trkpt lat="46.894906" lon="-123.175449"></trkpt><trkpt lat="46.893854" lon="-123.177831"></trkpt><trkpt lat="46.893575" lon="-123.179162"></trkpt><trkpt lat="46.893704" lon="-123.180599"></trkpt><trkpt lat="46.894026" lon="-123.182337"></trkpt><trkpt lat="46.894090" lon="-123.183067"></trkpt><trkpt lat="46.894026" lon="-123.184032"></trkpt><trkpt lat="46.893189" lon="-123.186994"></trkpt><trkpt lat="46.892717" lon="-123.189590"></trkpt><trkpt lat="46.892481" lon="-123.191414"></trkpt><trkpt lat="46.892073" lon="-123.192873"></trkpt><trkpt lat="46.890829" lon="-123.196199"></trkpt><trkpt lat="46.890829" lon="-123.197293"></trkpt><trkpt lat="46.891000" lon="-123.198860"></trkpt><trkpt lat="46.890914" lon="-123.199954"></trkpt><trkpt lat="46.890764" lon="-123.200405"></trkpt><trkpt lat="46.890035" lon="-123.201392"></trkpt><trkpt lat="46.889799" lon="-123.202057"></trkpt><trkpt lat="46.889863" lon="-123.202422"></trkpt><trkpt lat="46.890163" lon="-123.202872"></trkpt><trkpt lat="46.890786" lon="-123.203409"></trkpt><trkpt lat="46.891022" lon="-123.203731"></trkpt><trkpt lat="46.891086" lon="-123.204095"></trkpt><trkpt lat="46.891043" lon="-123.204460"></trkpt><trkpt lat="46.890507" lon="-123.206134"></trkpt><trkpt lat="46.890013" lon="-123.206735"></trkpt><trkpt lat="46.889198" lon="-123.207357"></trkpt><trkpt lat="46.888769" lon="-123.207936"></trkpt><trkpt lat="46.888125" lon="-123.209696"></trkpt><trkpt lat="46.887760" lon="-123.210297"></trkpt><trkpt lat="46.887374" lon="-123.211305"></trkpt><trkpt lat="46.887052" lon="-123.211820"></trkpt><trkpt lat="46.886086" lon="-123.214288"></trkpt><trkpt lat="46.885486" lon="-123.217120"></trkpt><trkpt lat="46.885464" lon="-123.220704"></trkpt><trkpt lat="46.885185" lon="-123.221755"></trkpt><trkpt lat="46.884971" lon="-123.223987"></trkpt><trkpt lat="46.884756" lon="-123.224995"></trkpt><trkpt lat="46.883748" lon="-123.226497"></trkpt><trkpt lat="46.883104" lon="-123.227119"></trkpt><trkpt lat="46.882589" lon="-123.227398"></trkpt><trkpt lat="46.880937" lon="-123.227570"></trkpt><trkpt lat="46.880765" lon="-123.227892"></trkpt><trkpt lat="46.880851" lon="-123.228450"></trkpt><trkpt lat="46.881645" lon="-123.229823"></trkpt><trkpt lat="46.881988" lon="-123.231089"></trkpt><trkpt lat="46.881838" lon="-123.232119"></trkpt><trkpt lat="46.880808" lon="-123.234394"></trkpt><trkpt lat="46.879606" lon="-123.236003"></trkpt><trkpt lat="46.879306" lon="-123.236604"></trkpt><trkpt lat="46.879091" lon="-123.237205"></trkpt><trkpt lat="46.879220" lon="-123.237355"></trkpt><trkpt lat="46.879327" lon="-123.237827"></trkpt><trkpt lat="46.879349" lon="-123.238106"></trkpt><trkpt lat="46.879220" lon="-123.238728"></trkpt><trkpt lat="46.878662" lon="-123.239436"></trkpt><trkpt lat="46.878383" lon="-123.240445"></trkpt><trkpt lat="46.878147" lon="-123.240960"></trkpt><trkpt lat="46.877546" lon="-123.241560"></trkpt><trkpt lat="46.877482" lon="-123.241968"></trkpt><trkpt lat="46.877525" lon="-123.242140"></trkpt><trkpt lat="46.877718" lon="-123.242354"></trkpt><trkpt lat="46.878169" lon="-123.242698"></trkpt><trkpt lat="46.879241" lon="-123.243148"></trkpt><trkpt lat="46.879606" lon="-123.242848"></trkpt><trkpt lat="46.879992" lon="-123.242054"></trkpt><trkpt lat="46.880229" lon="-123.241754"></trkpt><trkpt lat="46.880744" lon="-123.241410"></trkpt><trkpt lat="46.880915" lon="-123.241045"></trkpt><trkpt lat="46.881022" lon="-123.240552"></trkpt><trkpt lat="46.881216" lon="-123.240316"></trkpt><trkpt lat="46.881452" lon="-123.240123"></trkpt><trkpt lat="46.883276" lon="-123.239501"></trkpt><trkpt lat="46.883554" lon="-123.239307"></trkpt><trkpt lat="46.883705" lon="-123.238964"></trkpt><trkpt lat="46.883705" lon="-123.238471"></trkpt><trkpt lat="46.883597" lon="-123.237891"></trkpt><trkpt lat="46.883125" lon="-123.236561"></trkpt><trkpt lat="46.883082" lon="-123.236239"></trkpt><trkpt lat="46.883211" lon="-123.235295"></trkpt><trkpt lat="46.884155" lon="-123.233964"></trkpt><trkpt lat="46.885335" lon="-123.233192"></trkpt><trkpt lat="46.885872" lon="-123.232977"></trkpt><trkpt lat="46.886172" lon="-123.232677"></trkpt><trkpt lat="46.886559" lon="-123.231561"></trkpt><trkpt lat="46.886945" lon="-123.231111"></trkpt><trkpt lat="46.887674" lon="-123.230724"></trkpt><trkpt lat="46.888039" lon="-123.230338"></trkpt><trkpt lat="46.888940" lon="-123.228664"></trkpt><trkpt lat="46.891150" lon="-123.227441"></trkpt><trkpt lat="46.891601" lon="-123.227077"></trkpt><trkpt lat="46.892910" lon="-123.225038"></trkpt><trkpt lat="46.893103" lon="-123.224480"></trkpt><trkpt lat="46.893511" lon="-123.221927"></trkpt><trkpt lat="46.893725" lon="-123.221304"></trkpt><trkpt lat="46.894262" lon="-123.220468"></trkpt><trkpt lat="46.894712" lon="-123.219995"></trkpt><trkpt lat="46.896129" lon="-123.219159"></trkpt><trkpt lat="46.897202" lon="-123.218687"></trkpt><trkpt lat="46.898017" lon="-123.217914"></trkpt><trkpt lat="46.902459" lon="-123.212700"></trkpt><trkpt lat="46.903081" lon="-123.212056"></trkpt><trkpt lat="46.903811" lon="-123.211670"></trkpt><trkpt lat="46.904283" lon="-123.211005"></trkpt><trkpt lat="46.905742" lon="-123.208494"></trkpt><trkpt lat="46.906686" lon="-123.208172"></trkpt><trkpt lat="46.907136" lon="-123.208301"></trkpt><trkpt lat="46.907802" lon="-123.209031"></trkpt><trkpt lat="46.908209" lon="-123.209331"></trkpt><trkpt lat="46.908681" lon="-123.209310"></trkpt><trkpt lat="46.909668" lon="-123.208237"></trkpt><trkpt lat="46.910098" lon="-123.207893"></trkpt><trkpt lat="46.910634" lon="-123.207679"></trkpt><trkpt lat="46.911085" lon="-123.207679"></trkpt><trkpt lat="46.911492" lon="-123.208001"></trkpt><trkpt lat="46.911707" lon="-123.208580"></trkpt><trkpt lat="46.911707" lon="-123.211563"></trkpt><trkpt lat="46.911857" lon="-123.212206"></trkpt><trkpt lat="46.912115" lon="-123.212464"></trkpt><trkpt lat="46.912372" lon="-123.212507"></trkpt><trkpt lat="46.912715" lon="-123.212378"></trkpt><trkpt lat="46.913102" lon="-123.211927"></trkpt><trkpt lat="46.913445" lon="-123.211198"></trkpt><trkpt lat="46.913767" lon="-123.210962"></trkpt><trkpt lat="46.914282" lon="-123.210876"></trkpt><trkpt lat="46.914582" lon="-123.210940"></trkpt><trkpt lat="46.915011" lon="-123.210747"></trkpt><trkpt lat="46.915848" lon="-123.209631"></trkpt><trkpt lat="46.916792" lon="-123.209674"></trkpt><trkpt lat="46.917865" lon="-123.209331"></trkpt><trkpt lat="46.919689" lon="-123.209202"></trkpt><trkpt lat="46.920590" lon="-123.208709"></trkpt><trkpt lat="46.920848" lon="-123.208323"></trkpt><trkpt lat="46.921384" lon="-123.206906"></trkpt><trkpt lat="46.921599" lon="-123.206627"></trkpt><trkpt lat="46.922286" lon="-123.206370"></trkpt><trkpt lat="46.922565" lon="-123.206091"></trkpt><trkpt lat="46.923337" lon="-123.204761"></trkpt><trkpt lat="46.923552" lon="-123.204653"></trkpt><trkpt lat="46.923873" lon="-123.205168"></trkpt><trkpt lat="46.924324" lon="-123.205533"></trkpt><trkpt lat="46.925011" lon="-123.205662"></trkpt><trkpt lat="46.925805" lon="-123.205082"></trkpt><trkpt lat="46.926169" lon="-123.203881"></trkpt><trkpt lat="46.926899" lon="-123.203259"></trkpt><trkpt lat="46.927199" lon="-123.202701"></trkpt><trkpt lat="46.927478" lon="-123.202379"></trkpt><trkpt lat="46.928637" lon="-123.201692"></trkpt><trkpt lat="46.929281" lon="-123.201778"></trkpt><trkpt lat="46.929603" lon="-123.201585"></trkpt><trkpt lat="46.929796" lon="-123.201241"></trkpt><trkpt lat="46.930611" lon="-123.199074"></trkpt><trkpt lat="46.930697" lon="-123.198452"></trkpt><trkpt lat="46.930504" lon="-123.196285"></trkpt><trkpt lat="46.930397" lon="-123.196113"></trkpt><trkpt lat="46.930246" lon="-123.196177"></trkpt><trkpt lat="46.929731" lon="-123.197937"></trkpt><trkpt lat="46.929216" lon="-123.198495"></trkpt><trkpt lat="46.928616" lon="-123.198366"></trkpt><trkpt lat="46.927993" lon="-123.197658"></trkpt><trkpt lat="46.926985" lon="-123.197229"></trkpt><trkpt lat="46.926105" lon="-123.197701"></trkpt><trkpt lat="46.926019" lon="-123.196113"></trkpt><trkpt lat="46.926105" lon="-123.195662"></trkpt><trkpt lat="46.926277" lon="-123.195255"></trkpt><trkpt lat="46.927865" lon="-123.193281"></trkpt><trkpt lat="46.927993" lon="-123.189611"></trkpt><trkpt lat="46.928251" lon="-123.188560"></trkpt><trkpt lat="46.928594" lon="-123.187981"></trkpt><trkpt lat="46.929195" lon="-123.188024"></trkpt><trkpt lat="46.929474" lon="-123.187551"></trkpt><trkpt lat="46.929667" lon="-123.187380"></trkpt><trkpt lat="46.930525" lon="-123.187616"></trkpt><trkpt lat="46.930997" lon="-123.187423"></trkpt><trkpt lat="46.932843" lon="-123.184783"></trkpt><trkpt lat="46.933036" lon="-123.184676"></trkpt><trkpt lat="46.933422" lon="-123.184741"></trkpt><trkpt lat="46.934559" lon="-123.183925"></trkpt><trkpt lat="46.935740" lon="-123.183775"></trkpt><trkpt lat="46.935933" lon="-123.183560"></trkpt><trkpt lat="46.936598" lon="-123.181372"></trkpt><trkpt lat="46.937349" lon="-123.180599"></trkpt><trkpt lat="46.937499" lon="-123.180621"></trkpt><trkpt lat="46.937671" lon="-123.180707"></trkpt><trkpt lat="46.938229" lon="-123.181651"></trkpt><trkpt lat="46.938679" lon="-123.183045"></trkpt><trkpt lat="46.939216" lon="-123.184097"></trkpt><trkpt lat="46.939430" lon="-123.184397"></trkpt><trkpt lat="46.940203" lon="-123.185062"></trkpt><trkpt lat="46.941319" lon="-123.185685"></trkpt><trkpt lat="46.943164" lon="-123.187187"></trkpt><trkpt lat="46.943893" lon="-123.187187"></trkpt><trkpt lat="46.944773" lon="-123.186822"></trkpt><trkpt lat="46.945009" lon="-123.186822"></trkpt><trkpt lat="46.946661" lon="-123.187358"></trkpt><trkpt lat="46.946962" lon="-123.187594"></trkpt><trkpt lat="46.947155" lon="-123.187981"></trkpt><trkpt lat="46.947284" lon="-123.188581"></trkpt><trkpt lat="46.947219" lon="-123.189483"></trkpt><trkpt lat="46.947391" lon="-123.190835"></trkpt><trkpt lat="46.947627" lon="-123.191650"></trkpt><trkpt lat="46.947756" lon="-123.192530"></trkpt><trkpt lat="46.948421" lon="-123.194075"></trkpt><trkpt lat="46.948464" lon="-123.194675"></trkpt><trkpt lat="46.948099" lon="-123.195298"></trkpt><trkpt lat="46.946383" lon="-123.196821"></trkpt><trkpt lat="46.945996" lon="-123.197293"></trkpt><trkpt lat="46.945610" lon="-123.198495"></trkpt><trkpt lat="46.945524" lon="-123.201113"></trkpt><trkpt lat="46.945353" lon="-123.202057"></trkpt><trkpt lat="46.945138" lon="-123.202529"></trkpt><trkpt lat="46.944301" lon="-123.203516"></trkpt><trkpt lat="46.944044" lon="-123.203709"></trkpt><trkpt lat="46.942971" lon="-123.203645"></trkpt><trkpt lat="46.942821" lon="-123.203816"></trkpt><trkpt lat="46.942198" lon="-123.204010"></trkpt><trkpt lat="46.941640" lon="-123.204503"></trkpt><trkpt lat="46.940632" lon="-123.205147"></trkpt><trkpt lat="46.940482" lon="-123.205426"></trkpt><trkpt lat="46.940396" lon="-123.205705"></trkpt><trkpt lat="46.940310" lon="-123.206885"></trkpt><trkpt lat="46.940289" lon="-123.209546"></trkpt><trkpt lat="46.940160" lon="-123.209953"></trkpt><trkpt lat="46.939366" lon="-123.211026"></trkpt><trkpt lat="46.938272" lon="-123.212163"></trkpt><trkpt lat="46.937735" lon="-123.213451"></trkpt><trkpt lat="46.937456" lon="-123.215125"></trkpt><trkpt lat="46.936276" lon="-123.217056"></trkpt><trkpt lat="46.935933" lon="-123.218086"></trkpt><trkpt lat="46.935890" lon="-123.219545"></trkpt><trkpt lat="46.936405" lon="-123.221712"></trkpt><trkpt lat="46.937134" lon="-123.225574"></trkpt><trkpt lat="46.937628" lon="-123.226283"></trkpt><trkpt lat="46.938100" lon="-123.226669"></trkpt><trkpt lat="46.939023" lon="-123.226798"></trkpt><trkpt lat="46.939688" lon="-123.227012"></trkpt><trkpt lat="46.940224" lon="-123.227034"></trkpt><trkpt lat="46.940567" lon="-123.226905"></trkpt><trkpt lat="46.941855" lon="-123.226798"></trkpt><trkpt lat="46.942284" lon="-123.227098"></trkpt><trkpt lat="46.942542" lon="-123.227806"></trkpt><trkpt lat="46.942284" lon="-123.231068"></trkpt><trkpt lat="46.942370" lon="-123.232312"></trkpt><trkpt lat="46.942649" lon="-123.232849"></trkpt><trkpt lat="46.942971" lon="-123.233213"></trkpt><trkpt lat="46.943185" lon="-123.233342"></trkpt><trkpt lat="46.944473" lon="-123.232892"></trkpt><trkpt lat="46.944795" lon="-123.233042"></trkpt><trkpt lat="46.945760" lon="-123.234479"></trkpt><trkpt lat="46.946383" lon="-123.234544"></trkpt><trkpt lat="46.947842" lon="-123.233814"></trkpt><trkpt lat="46.948507" lon="-123.233879"></trkpt><trkpt lat="46.949022" lon="-123.234351"></trkpt><trkpt lat="46.950202" lon="-123.235745"></trkpt><trkpt lat="46.951189" lon="-123.236582"></trkpt><trkpt lat="46.950996" lon="-123.237312"></trkpt><trkpt lat="46.950824" lon="-123.237612"></trkpt><trkpt lat="46.950309" lon="-123.238084"></trkpt><trkpt lat="46.948056" lon="-123.240938"></trkpt><trkpt lat="46.947777" lon="-123.241067"></trkpt><trkpt lat="46.946597" lon="-123.242075"></trkpt><trkpt lat="46.946082" lon="-123.243127"></trkpt><trkpt lat="46.945996" lon="-123.244586"></trkpt><trkpt lat="46.947305" lon="-123.244715"></trkpt><trkpt lat="46.948378" lon="-123.244972"></trkpt><trkpt lat="46.948657" lon="-123.244843"></trkpt><trkpt lat="46.949387" lon="-123.243942"></trkpt><trkpt lat="46.949966" lon="-123.243771"></trkpt><trkpt lat="46.951339" lon="-123.243964"></trkpt><trkpt lat="46.951554" lon="-123.243878"></trkpt><trkpt lat="46.952198" lon="-123.243256"></trkpt><trkpt lat="46.952906" lon="-123.242741"></trkpt><trkpt lat="46.953828" lon="-123.242226"></trkpt><trkpt lat="46.954129" lon="-123.241754"></trkpt><trkpt lat="46.954343" lon="-123.241174"></trkpt><trkpt lat="46.954472" lon="-123.241067"></trkpt><trkpt lat="46.954815" lon="-123.241067"></trkpt><trkpt lat="46.955009" lon="-123.241239"></trkpt><trkpt lat="46.955588" lon="-123.241389"></trkpt><trkpt lat="46.955802" lon="-123.241303"></trkpt><trkpt lat="46.955931" lon="-123.241153"></trkpt><trkpt lat="46.956382" lon="-123.240016"></trkpt><trkpt lat="46.956811" lon="-123.239758"></trkpt><trkpt lat="46.957347" lon="-123.239779"></trkpt><trkpt lat="46.957712" lon="-123.240809"></trkpt><trkpt lat="46.957970" lon="-123.241196"></trkpt><trkpt lat="46.958463" lon="-123.241367"></trkpt><trkpt lat="46.959214" lon="-123.240616"></trkpt><trkpt lat="46.960566" lon="-123.239758"></trkpt><trkpt lat="46.960952" lon="-123.239779"></trkpt><trkpt lat="46.961575" lon="-123.240294"></trkpt><trkpt lat="46.961875" lon="-123.240337"></trkpt><trkpt lat="46.962433" lon="-123.240187"></trkpt><trkpt lat="46.963077" lon="-123.240209"></trkpt><trkpt lat="46.963849" lon="-123.239973"></trkpt><trkpt lat="46.966124" lon="-123.240016"></trkpt><trkpt lat="46.966746" lon="-123.239865"></trkpt><trkpt lat="46.967604" lon="-123.239007"></trkpt><trkpt lat="46.967840" lon="-123.238921"></trkpt><trkpt lat="46.969192" lon="-123.239543"></trkpt><trkpt lat="46.969407" lon="-123.239543"></trkpt><trkpt lat="46.969750" lon="-123.239264"></trkpt><trkpt lat="46.970115" lon="-123.238664"></trkpt><trkpt lat="46.970973" lon="-123.238106"></trkpt><trkpt lat="46.971638" lon="-123.237934"></trkpt><trkpt lat="46.972260" lon="-123.238041"></trkpt><trkpt lat="46.973248" lon="-123.238771"></trkpt><trkpt lat="46.973526" lon="-123.238878"></trkpt><trkpt lat="46.974771" lon="-123.238835"></trkpt><trkpt lat="46.975179" lon="-123.238943"></trkpt><trkpt lat="46.975522" lon="-123.239222"></trkpt><trkpt lat="46.975651" lon="-123.239672"></trkpt><trkpt lat="46.975629" lon="-123.239908"></trkpt><trkpt lat="46.975071" lon="-123.241754"></trkpt><trkpt lat="46.974685" lon="-123.242397"></trkpt><trkpt lat="46.974428" lon="-123.243127"></trkpt><trkpt lat="46.974192" lon="-123.244951"></trkpt><trkpt lat="46.973999" lon="-123.245487"></trkpt><trkpt lat="46.973398" lon="-123.246453"></trkpt><trkpt lat="46.972454" lon="-123.247333"></trkpt><trkpt lat="46.969364" lon="-123.251259"></trkpt><trkpt lat="46.969085" lon="-123.251796"></trkpt><trkpt lat="46.968913" lon="-123.252397"></trkpt><trkpt lat="46.968913" lon="-123.253062"></trkpt><trkpt lat="46.969063" lon="-123.253920"></trkpt><trkpt lat="46.969428" lon="-123.254800"></trkpt><trkpt lat="46.969965" lon="-123.255594"></trkpt><trkpt lat="46.970801" lon="-123.256323"></trkpt><trkpt lat="46.971552" lon="-123.256602"></trkpt><trkpt lat="46.971681" lon="-123.256903"></trkpt><trkpt lat="46.972818" lon="-123.257697"></trkpt><trkpt lat="46.973054" lon="-123.258405"></trkpt><trkpt lat="46.973054" lon="-123.259242"></trkpt><trkpt lat="46.972733" lon="-123.260572"></trkpt><trkpt lat="46.971617" lon="-123.263576"></trkpt><trkpt lat="46.971316" lon="-123.264713"></trkpt><trkpt lat="46.971123" lon="-123.266044"></trkpt><trkpt lat="46.971145" lon="-123.267117"></trkpt><trkpt lat="46.971316" lon="-123.267889"></trkpt><trkpt lat="46.971638" lon="-123.268340"></trkpt><trkpt lat="46.971982" lon="-123.268619"></trkpt><trkpt lat="46.973526" lon="-123.269198"></trkpt><trkpt lat="46.975179" lon="-123.268833"></trkpt><trkpt lat="46.975565" lon="-123.268661"></trkpt><trkpt lat="46.975930" lon="-123.268275"></trkpt><trkpt lat="46.976058" lon="-123.267310"></trkpt><trkpt lat="46.976252" lon="-123.264992"></trkpt><trkpt lat="46.976252" lon="-123.263555"></trkpt><trkpt lat="46.976123" lon="-123.262782"></trkpt><trkpt lat="46.975479" lon="-123.261023"></trkpt><trkpt lat="46.975565" lon="-123.259993"></trkpt><trkpt lat="46.975801" lon="-123.259306"></trkpt><trkpt lat="46.976166" lon="-123.259048"></trkpt><trkpt lat="46.976960" lon="-123.258340"></trkpt><trkpt lat="46.977432" lon="-123.257761"></trkpt><trkpt lat="46.977904" lon="-123.256924"></trkpt><trkpt lat="46.978161" lon="-123.255379"></trkpt><trkpt lat="46.978505" lon="-123.254156"></trkpt><trkpt lat="46.979084" lon="-123.252847"></trkpt><trkpt lat="46.980178" lon="-123.250830"></trkpt><trkpt lat="46.980436" lon="-123.250294"></trkpt><trkpt lat="46.981144" lon="-123.249972"></trkpt><trkpt lat="46.981659" lon="-123.249886"></trkpt><trkpt lat="46.982152" lon="-123.249650"></trkpt><trkpt lat="46.982560" lon="-123.249264"></trkpt><trkpt lat="46.982861" lon="-123.248963"></trkpt><trkpt lat="46.983140" lon="-123.248706"></trkpt><trkpt lat="46.983590" lon="-123.248062"></trkpt><trkpt lat="46.983891" lon="-123.247826"></trkpt><trkpt lat="46.983869" lon="-123.246796"></trkpt><trkpt lat="46.984019" lon="-123.246324"></trkpt><trkpt lat="46.984577" lon="-123.245873"></trkpt><trkpt lat="46.985199" lon="-123.245101"></trkpt><trkpt lat="46.985929" lon="-123.244650"></trkpt><trkpt lat="46.986465" lon="-123.244500"></trkpt><trkpt lat="46.987023" lon="-123.244393"></trkpt><trkpt lat="46.987603" lon="-123.243942"></trkpt><trkpt lat="46.988354" lon="-123.243363"></trkpt><trkpt lat="46.989062" lon="-123.241689"></trkpt><trkpt lat="46.989341" lon="-123.241432"></trkpt><trkpt lat="46.989448" lon="-123.241196"></trkpt><trkpt lat="46.989534" lon="-123.240767"></trkpt><trkpt lat="46.989856" lon="-123.240316"></trkpt><trkpt lat="46.990049" lon="-123.240294"></trkpt><trkpt lat="46.990242" lon="-123.240380"></trkpt><trkpt lat="46.990457" lon="-123.240895"></trkpt><trkpt lat="46.990778" lon="-123.241496"></trkpt><trkpt lat="46.991122" lon="-123.241539"></trkpt><trkpt lat="46.991422" lon="-123.241518"></trkpt><trkpt lat="46.991744" lon="-123.241088"></trkpt><trkpt lat="46.992109" lon="-123.240380"></trkpt><trkpt lat="46.992860" lon="-123.239028"></trkpt><trkpt lat="46.993525" lon="-123.237376"></trkpt><trkpt lat="46.993482" lon="-123.236368"></trkpt><trkpt lat="46.993139" lon="-123.235660"></trkpt><trkpt lat="46.992731" lon="-123.235209"></trkpt><trkpt lat="46.992109" lon="-123.234544"></trkpt><trkpt lat="46.992023" lon="-123.233814"></trkpt><trkpt lat="46.992023" lon="-123.229415"></trkpt><trkpt lat="46.992109" lon="-123.228171"></trkpt><trkpt lat="46.992645" lon="-123.227377"></trkpt><trkpt lat="46.993053" lon="-123.226604"></trkpt><trkpt lat="46.993289" lon="-123.225703"></trkpt><trkpt lat="46.993933" lon="-123.223987"></trkpt><trkpt lat="46.994104" lon="-123.222892"></trkpt><trkpt lat="46.994383" lon="-123.221905"></trkpt><trkpt lat="46.994405" lon="-123.220704"></trkpt><trkpt lat="46.994276" lon="-123.218536"></trkpt><trkpt lat="46.994126" lon="-123.218129"></trkpt><trkpt lat="46.993976" lon="-123.217850"></trkpt><trkpt lat="46.993332" lon="-123.216884"></trkpt><trkpt lat="46.993182" lon="-123.216712"></trkpt><trkpt lat="46.992881" lon="-123.216455"></trkpt><trkpt lat="46.992753" lon="-123.216283"></trkpt><trkpt lat="46.992517" lon="-123.215876"></trkpt><trkpt lat="46.992409" lon="-123.215661"></trkpt><trkpt lat="46.992345" lon="-123.215468"></trkpt><trkpt lat="46.992302" lon="-123.215253"></trkpt><trkpt lat="46.992302" lon="-123.215039"></trkpt><trkpt lat="46.992366" lon="-123.214610"></trkpt><trkpt lat="46.992409" lon="-123.214417"></trkpt><trkpt lat="46.992517" lon="-123.214180"></trkpt><trkpt lat="46.992924" lon="-123.213451"></trkpt><trkpt lat="46.993074" lon="-123.213236"></trkpt><trkpt lat="46.993203" lon="-123.212721"></trkpt><trkpt lat="46.993461" lon="-123.212163"></trkpt><trkpt lat="46.993568" lon="-123.211820"></trkpt><trkpt lat="46.993589" lon="-123.211563"></trkpt><trkpt lat="46.993568" lon="-123.210404"></trkpt><trkpt lat="46.993589" lon="-123.209760"></trkpt><trkpt lat="46.993568" lon="-123.209503"></trkpt><trkpt lat="46.993589" lon="-123.208666"></trkpt><trkpt lat="46.993611" lon="-123.208215"></trkpt><trkpt lat="46.993654" lon="-123.207808"></trkpt><trkpt lat="46.993718" lon="-123.207464"></trkpt><trkpt lat="46.993804" lon="-123.207164"></trkpt><trkpt lat="46.993933" lon="-123.206842"></trkpt><trkpt lat="46.994104" lon="-123.206520"></trkpt><trkpt lat="46.994212" lon="-123.206198"></trkpt><trkpt lat="46.994276" lon="-123.205941"></trkpt><trkpt lat="46.994405" lon="-123.205104"></trkpt><trkpt lat="46.994448" lon="-123.204868"></trkpt><trkpt lat="46.994534" lon="-123.204632"></trkpt><trkpt lat="46.994941" lon="-123.204010"></trkpt><trkpt lat="46.994984" lon="-123.203087"></trkpt><trkpt lat="46.995049" lon="-123.202615"></trkpt><trkpt lat="46.995134" lon="-123.202186"></trkpt><trkpt lat="46.995370" lon="-123.201349"></trkpt><trkpt lat="46.995499" lon="-123.201070"></trkpt><trkpt lat="46.995649" lon="-123.200877"></trkpt><trkpt lat="46.995757" lon="-123.200619"></trkpt><trkpt lat="46.995842" lon="-123.200362"></trkpt><trkpt lat="46.995778" lon="-123.199418"></trkpt><trkpt lat="46.995778" lon="-123.199203"></trkpt><trkpt lat="46.995735" lon="-123.198709"></trkpt><trkpt lat="46.995714" lon="-123.198152"></trkpt><trkpt lat="46.995757" lon="-123.197443"></trkpt><trkpt lat="46.995800" lon="-123.197293"></trkpt><trkpt lat="46.995885" lon="-123.197186"></trkpt><trkpt lat="46.996078" lon="-123.197057"></trkpt><trkpt lat="46.996272" lon="-123.196971"></trkpt><trkpt lat="46.996400" lon="-123.196757"></trkpt><trkpt lat="46.996422" lon="-123.196521"></trkpt><trkpt lat="46.996422" lon="-123.196135"></trkpt><trkpt lat="46.996336" lon="-123.195426"></trkpt><trkpt lat="46.996315" lon="-123.194933"></trkpt><trkpt lat="46.996422" lon="-123.194139"></trkpt><trkpt lat="46.996400" lon="-123.193903"></trkpt><trkpt lat="46.996379" lon="-123.193796"></trkpt><trkpt lat="46.996315" lon="-123.193645"></trkpt><trkpt lat="46.996164" lon="-123.193495"></trkpt><trkpt lat="46.995928" lon="-123.193281"></trkpt><trkpt lat="46.995521" lon="-123.193023"></trkpt><trkpt lat="46.995392" lon="-123.192894"></trkpt><trkpt lat="46.995285" lon="-123.192766"></trkpt><trkpt lat="46.995156" lon="-123.192573"></trkpt><trkpt lat="46.995113" lon="-123.192358"></trkpt><trkpt lat="46.995156" lon="-123.192101"></trkpt><trkpt lat="46.995306" lon="-123.191929"></trkpt><trkpt lat="46.995606" lon="-123.191521"></trkpt><trkpt lat="46.995821" lon="-123.191264"></trkpt><trkpt lat="46.996057" lon="-123.191049"></trkpt><trkpt lat="46.996207" lon="-123.190663"></trkpt><trkpt lat="46.996357" lon="-123.190362"></trkpt><trkpt lat="46.996744" lon="-123.189719"></trkpt><trkpt lat="46.996765" lon="-123.189182"></trkpt><trkpt lat="46.997044" lon="-123.187873"></trkpt><trkpt lat="46.997473" lon="-123.186436"></trkpt><trkpt lat="46.997709" lon="-123.185835"></trkpt><trkpt lat="46.997967" lon="-123.185213"></trkpt><trkpt lat="46.998203" lon="-123.184719"></trkpt><trkpt lat="46.998482" lon="-123.184204"></trkpt><trkpt lat="46.998675" lon="-123.183990"></trkpt><trkpt lat="46.998782" lon="-123.183839"></trkpt><trkpt lat="46.998911" lon="-123.183603"></trkpt><trkpt lat="46.998975" lon="-123.183303"></trkpt><trkpt lat="46.999040" lon="-123.182788"></trkpt><trkpt lat="46.999083" lon="-123.182595"></trkpt><trkpt lat="46.999469" lon="-123.181672"></trkpt><trkpt lat="46.999748" lon="-123.181114"></trkpt><trkpt lat="46.999919" lon="-123.180835"></trkpt><trkpt lat="47.000306" lon="-123.180277"></trkpt><trkpt lat="47.000628" lon="-123.179741"></trkpt><trkpt lat="47.000821" lon="-123.179355"></trkpt><trkpt lat="47.001121" lon="-123.178647"></trkpt><trkpt lat="47.001336" lon="-123.178260"></trkpt><trkpt lat="47.001464" lon="-123.177981"></trkpt><trkpt lat="47.001593" lon="-123.177359"></trkpt><trkpt lat="47.001636" lon="-123.176994"></trkpt><trkpt lat="47.001786" lon="-123.176672"></trkpt><trkpt lat="47.001958" lon="-123.176587"></trkpt><trkpt lat="47.002172" lon="-123.176501"></trkpt><trkpt lat="47.002623" lon="-123.176436"></trkpt><trkpt lat="47.002773" lon="-123.176479"></trkpt><trkpt lat="47.003374" lon="-123.176823"></trkpt><trkpt lat="47.003567" lon="-123.176866"></trkpt><trkpt lat="47.003846" lon="-123.176866"></trkpt><trkpt lat="47.003996" lon="-123.176758"></trkpt><trkpt lat="47.004104" lon="-123.176651"></trkpt><trkpt lat="47.004211" lon="-123.176458"></trkpt><trkpt lat="47.004383" lon="-123.176265"></trkpt><trkpt lat="47.004619" lon="-123.175836"></trkpt><trkpt lat="47.004833" lon="-123.175321"></trkpt><trkpt lat="47.005069" lon="-123.174913"></trkpt><trkpt lat="47.005262" lon="-123.174484"></trkpt><trkpt lat="47.005348" lon="-123.174140"></trkpt><trkpt lat="47.006228" lon="-123.172531"></trkpt><trkpt lat="47.006314" lon="-123.172123"></trkpt><trkpt lat="47.006378" lon="-123.171844"></trkpt><trkpt lat="47.006421" lon="-123.171458"></trkpt><trkpt lat="47.006593" lon="-123.171008"></trkpt><trkpt lat="47.006786" lon="-123.170707"></trkpt><trkpt lat="47.006807" lon="-123.170407"></trkpt><trkpt lat="47.006872" lon="-123.170192"></trkpt><trkpt lat="47.007000" lon="-123.170042"></trkpt><trkpt lat="47.007000" lon="-123.169785"></trkpt><trkpt lat="47.007151" lon="-123.169613"></trkpt><trkpt lat="47.007301" lon="-123.169549"></trkpt><trkpt lat="47.007709" lon="-123.169549"></trkpt><trkpt lat="47.007923" lon="-123.169420"></trkpt><trkpt lat="47.008266" lon="-123.169291"></trkpt><trkpt lat="47.008567" lon="-123.169012"></trkpt><trkpt lat="47.008803" lon="-123.168669"></trkpt><trkpt lat="47.009254" lon="-123.167853"></trkpt><trkpt lat="47.009726" lon="-123.167231"></trkpt><trkpt lat="47.009983" lon="-123.166995"></trkpt><trkpt lat="47.010155" lon="-123.166952"></trkpt><trkpt lat="47.011313" lon="-123.166716"></trkpt><trkpt lat="47.011507" lon="-123.166652"></trkpt><trkpt lat="47.011871" lon="-123.166351"></trkpt><trkpt lat="47.012086" lon="-123.166201"></trkpt><trkpt lat="47.012343" lon="-123.166158"></trkpt><trkpt lat="47.012515" lon="-123.166180"></trkpt><trkpt lat="47.012858" lon="-123.166308"></trkpt><trkpt lat="47.013330" lon="-123.166330"></trkpt><trkpt lat="47.013545" lon="-123.166308"></trkpt><trkpt lat="47.013974" lon="-123.166180"></trkpt><trkpt lat="47.014575" lon="-123.165557"></trkpt><trkpt lat="47.014811" lon="-123.165450"></trkpt><trkpt lat="47.015047" lon="-123.165278"></trkpt><trkpt lat="47.015262" lon="-123.165236"></trkpt><trkpt lat="47.015433" lon="-123.165214"></trkpt><trkpt lat="47.017515" lon="-123.162811"></trkpt><trkpt lat="47.017643" lon="-123.162296"></trkpt><trkpt lat="47.017729" lon="-123.161459"></trkpt><trkpt lat="47.017965" lon="-123.160729"></trkpt><trkpt lat="47.018995" lon="-123.159206"></trkpt><trkpt lat="47.019596" lon="-123.158970"></trkpt><trkpt lat="47.021806" lon="-123.158820"></trkpt><trkpt lat="47.022235" lon="-123.159013"></trkpt><trkpt lat="47.022965" lon="-123.159592"></trkpt><trkpt lat="47.023137" lon="-123.159442"></trkpt><trkpt lat="47.023180" lon="-123.158712"></trkpt><trkpt lat="47.023351" lon="-123.158476"></trkpt><trkpt lat="47.023609" lon="-123.158412"></trkpt><trkpt lat="47.023888" lon="-123.158433"></trkpt><trkpt lat="47.024961" lon="-123.159356"></trkpt><trkpt lat="47.025175" lon="-123.159249"></trkpt><trkpt lat="47.025154" lon="-123.158734"></trkpt><trkpt lat="47.024682" lon="-123.157082"></trkpt><trkpt lat="47.024682" lon="-123.156695"></trkpt><trkpt lat="47.024896" lon="-123.156202"></trkpt><trkpt lat="47.024875" lon="-123.155837"></trkpt><trkpt lat="47.024767" lon="-123.155687"></trkpt><trkpt lat="47.024531" lon="-123.155665"></trkpt><trkpt lat="47.023909" lon="-123.155966"></trkpt><trkpt lat="47.023780" lon="-123.155944"></trkpt><trkpt lat="47.023480" lon="-123.155773"></trkpt><trkpt lat="47.022686" lon="-123.155043"></trkpt><trkpt lat="47.021935" lon="-123.154936"></trkpt><trkpt lat="47.019811" lon="-123.153691"></trkpt><trkpt lat="47.019446" lon="-123.153327"></trkpt><trkpt lat="47.019296" lon="-123.153026"></trkpt><trkpt lat="47.019145" lon="-123.152254"></trkpt><trkpt lat="47.019789" lon="-123.148241"></trkpt><trkpt lat="47.019596" lon="-123.147104"></trkpt><trkpt lat="47.019660" lon="-123.146632"></trkpt><trkpt lat="47.019854" lon="-123.146224"></trkpt><trkpt lat="47.020411" lon="-123.145924"></trkpt><trkpt lat="47.020669" lon="-123.145559"></trkpt><trkpt lat="47.020798" lon="-123.145194"></trkpt><trkpt lat="47.021120" lon="-123.142555"></trkpt><trkpt lat="47.021270" lon="-123.142104"></trkpt><trkpt lat="47.021742" lon="-123.141332"></trkpt><trkpt lat="47.021463" lon="-123.140280"></trkpt><trkpt lat="47.021635" lon="-123.139293"></trkpt><trkpt lat="47.021613" lon="-123.138649"></trkpt><trkpt lat="47.021699" lon="-123.137770"></trkpt><trkpt lat="47.021999" lon="-123.136032"></trkpt><trkpt lat="47.022386" lon="-123.135087"></trkpt><trkpt lat="47.022514" lon="-123.134508"></trkpt><trkpt lat="47.022386" lon="-123.135087"></trkpt><trkpt lat="47.021999" lon="-123.136032"></trkpt><trkpt lat="47.021699" lon="-123.137770"></trkpt><trkpt lat="47.021613" lon="-123.138649"></trkpt><trkpt lat="47.021635" lon="-123.139293"></trkpt><trkpt lat="47.021463" lon="-123.140280"></trkpt><trkpt lat="47.021742" lon="-123.141332"></trkpt><trkpt lat="47.021270" lon="-123.142104"></trkpt><trkpt lat="47.021120" lon="-123.142555"></trkpt><trkpt lat="47.020798" lon="-123.145194"></trkpt><trkpt lat="47.020669" lon="-123.145559"></trkpt><trkpt lat="47.020411" lon="-123.145924"></trkpt><trkpt lat="47.019854" lon="-123.146224"></trkpt><trkpt lat="47.019660" lon="-123.146632"></trkpt><trkpt lat="47.019596" lon="-123.147104"></trkpt><trkpt lat="47.019789" lon="-123.148241"></trkpt><trkpt lat="47.019145" lon="-123.152254"></trkpt><trkpt lat="47.019296" lon="-123.153026"></trkpt><trkpt lat="47.019446" lon="-123.153327"></trkpt><trkpt lat="47.019811" lon="-123.153691"></trkpt><trkpt lat="47.021935" lon="-123.154936"></trkpt><trkpt lat="47.022686" lon="-123.155043"></trkpt><trkpt lat="47.023480" lon="-123.155773"></trkpt><trkpt lat="47.023780" lon="-123.155944"></trkpt><trkpt lat="47.023909" lon="-123.155966"></trkpt><trkpt lat="47.024531" lon="-123.155665"></trkpt><trkpt lat="47.024767" lon="-123.155687"></trkpt><trkpt lat="47.024875" lon="-123.155837"></trkpt><trkpt lat="47.024896" lon="-123.156202"></trkpt><trkpt lat="47.024682" lon="-123.156695"></trkpt><trkpt lat="47.024682" lon="-123.157082"></trkpt><trkpt lat="47.025154" lon="-123.158734"></trkpt><trkpt lat="47.025175" lon="-123.159249"></trkpt><trkpt lat="47.024961" lon="-123.159356"></trkpt><trkpt lat="47.023888" lon="-123.158433"></trkpt><trkpt lat="47.023609" lon="-123.158412"></trkpt><trkpt lat="47.023351" lon="-123.158476"></trkpt><trkpt lat="47.023180" lon="-123.158712"></trkpt><trkpt lat="47.023137" lon="-123.159442"></trkpt><trkpt lat="47.022965" lon="-123.159592"></trkpt><trkpt lat="47.022235" lon="-123.159013"></trkpt><trkpt lat="47.021806" lon="-123.158820"></trkpt><trkpt lat="47.019596" lon="-123.158970"></trkpt><trkpt lat="47.018995" lon="-123.159206"></trkpt><trkpt lat="47.017965" lon="-123.160729"></trkpt><trkpt lat="47.017729" lon="-123.161459"></trkpt><trkpt lat="47.017643" lon="-123.162296"></trkpt><trkpt lat="47.017515" lon="-123.162811"></trkpt><trkpt lat="47.015433" lon="-123.165214"></trkpt><trkpt lat="47.015262" lon="-123.165236"></trkpt><trkpt lat="47.015047" lon="-123.165278"></trkpt><trkpt lat="47.014811" lon="-123.165450"></trkpt><trkpt lat="47.014575" lon="-123.165557"></trkpt><trkpt lat="47.013974" lon="-123.166180"></trkpt><trkpt lat="47.013545" lon="-123.166308"></trkpt><trkpt lat="47.013330" lon="-123.166330"></trkpt><trkpt lat="47.012858" lon="-123.166308"></trkpt><trkpt lat="47.012515" lon="-123.166180"></trkpt><trkpt lat="47.012343" lon="-123.166158"></trkpt><trkpt lat="47.012086" lon="-123.166201"></trkpt><trkpt lat="47.011871" lon="-123.166351"></trkpt><trkpt lat="47.011507" lon="-123.166652"></trkpt><trkpt lat="47.011313" lon="-123.166716"></trkpt><trkpt lat="47.010155" lon="-123.166952"></trkpt><trkpt lat="47.009983" lon="-123.166995"></trkpt><trkpt lat="47.009726" lon="-123.167231"></trkpt><trkpt lat="47.009254" lon="-123.167853"></trkpt><trkpt lat="47.008803" lon="-123.168669"></trkpt><trkpt lat="47.008567" lon="-123.169012"></trkpt><trkpt lat="47.008266" lon="-123.169291"></trkpt><trkpt lat="47.007923" lon="-123.169420"></trkpt><trkpt lat="47.007709" lon="-123.169549"></trkpt><trkpt lat="47.007301" lon="-123.169549"></trkpt><trkpt lat="47.007151" lon="-123.169613"></trkpt><trkpt lat="47.007000" lon="-123.169785"></trkpt><trkpt lat="47.007000" lon="-123.170042"></trkpt><trkpt lat="47.006872" lon="-123.170192"></trkpt><trkpt lat="47.006807" lon="-123.170407"></trkpt><trkpt lat="47.006786" lon="-123.170707"></trkpt><trkpt lat="47.006593" lon="-123.171008"></trkpt><trkpt lat="47.006421" lon="-123.171458"></trkpt><trkpt lat="47.006378" lon="-123.171844"></trkpt><trkpt lat="47.006314" lon="-123.172123"></trkpt><trkpt lat="47.006228" lon="-123.172531"></trkpt><trkpt lat="47.005348" lon="-123.174140"></trkpt><trkpt lat="47.005262" lon="-123.174484"></trkpt><trkpt lat="47.005069" lon="-123.174913"></trkpt><trkpt lat="47.004833" lon="-123.175321"></trkpt><trkpt lat="47.004619" lon="-123.175836"></trkpt><trkpt lat="47.004383" lon="-123.176265"></trkpt><trkpt lat="47.004211" lon="-123.176458"></trkpt><trkpt lat="47.004104" lon="-123.176651"></trkpt><trkpt lat="47.003996" lon="-123.176758"></trkpt><trkpt lat="47.003846" lon="-123.176866"></trkpt><trkpt lat="47.003567" lon="-123.176866"></trkpt><trkpt lat="47.003374" lon="-123.176823"></trkpt><trkpt lat="47.002773" lon="-123.176479"></trkpt><trkpt lat="47.002623" lon="-123.176436"></trkpt><trkpt lat="47.002172" lon="-123.176501"></trkpt><trkpt lat="47.001958" lon="-123.176587"></trkpt><trkpt lat="47.001786" lon="-123.176672"></trkpt><trkpt lat="47.001636" lon="-123.176994"></trkpt><trkpt lat="47.001593" lon="-123.177359"></trkpt><trkpt lat="47.001464" lon="-123.177981"></trkpt><trkpt lat="47.001336" lon="-123.178260"></trkpt><trkpt lat="47.001121" lon="-123.178647"></trkpt><trkpt lat="47.000821" lon="-123.179355"></trkpt><trkpt lat="47.000628" lon="-123.179741"></trkpt><trkpt lat="47.000306" lon="-123.180277"></trkpt><trkpt lat="46.999919" lon="-123.180835"></trkpt><trkpt lat="46.999748" lon="-123.181114"></trkpt><trkpt lat="46.999469" lon="-123.181672"></trkpt><trkpt lat="46.999083" lon="-123.182595"></trkpt><trkpt lat="46.999040" lon="-123.182788"></trkpt><trkpt lat="46.998975" lon="-123.183303"></trkpt><trkpt lat="46.998911" lon="-123.183603"></trkpt><trkpt lat="46.998782" lon="-123.183839"></trkpt><trkpt lat="46.998675" lon="-123.183990"></trkpt><trkpt lat="46.998482" lon="-123.184204"></trkpt><trkpt lat="46.998203" lon="-123.184719"></trkpt><trkpt lat="46.997967" lon="-123.185213"></trkpt><trkpt lat="46.997709" lon="-123.185835"></trkpt><trkpt lat="46.997473" lon="-123.186436"></trkpt><trkpt lat="46.997044" lon="-123.187873"></trkpt><trkpt lat="46.996765" lon="-123.189182"></trkpt><trkpt lat="46.996744" lon="-123.189719"></trkpt><trkpt lat="46.996357" lon="-123.190362"></trkpt><trkpt lat="46.996207" lon="-123.190663"></trkpt><trkpt lat="46.996057" lon="-123.191049"></trkpt><trkpt lat="46.995821" lon="-123.191264"></trkpt><trkpt lat="46.995606" lon="-123.191521"></trkpt><trkpt lat="46.995306" lon="-123.191929"></trkpt><trkpt lat="46.995156" lon="-123.192101"></trkpt><trkpt lat="46.995113" lon="-123.192358"></trkpt><trkpt lat="46.995156" lon="-123.192573"></trkpt><trkpt lat="46.995285" lon="-123.192766"></trkpt><trkpt lat="46.995392" lon="-123.192894"></trkpt><trkpt lat="46.995521" lon="-123.193023"></trkpt><trkpt lat="46.995928" lon="-123.193281"></trkpt><trkpt lat="46.996164" lon="-123.193495"></trkpt><trkpt lat="46.996315" lon="-123.193645"></trkpt><trkpt lat="46.996379" lon="-123.193796"></trkpt><trkpt lat="46.996400" lon="-123.193903"></trkpt><trkpt lat="46.996422" lon="-123.194139"></trkpt><trkpt lat="46.996315" lon="-123.194933"></trkpt><trkpt lat="46.996336" lon="-123.195426"></trkpt><trkpt lat="46.996422" lon="-123.196135"></trkpt><trkpt lat="46.996422" lon="-123.196521"></trkpt><trkpt lat="46.996400" lon="-123.196757"></trkpt><trkpt lat="46.996272" lon="-123.196971"></trkpt><trkpt lat="46.996078" lon="-123.197057"></trkpt><trkpt lat="46.995885" lon="-123.197186"></trkpt><trkpt lat="46.995800" lon="-123.197293"></trkpt><trkpt lat="46.995757" lon="-123.197443"></trkpt><trkpt lat="46.995714" lon="-123.198152"></trkpt><trkpt lat="46.995735" lon="-123.198709"></trkpt><trkpt lat="46.995778" lon="-123.199203"></trkpt><trkpt lat="46.995778" lon="-123.199418"></trkpt><trkpt lat="46.995842" lon="-123.200362"></trkpt><trkpt lat="46.995757" lon="-123.200619"></trkpt><trkpt lat="46.995649" lon="-123.200877"></trkpt><trkpt lat="46.995499" lon="-123.201070"></trkpt><trkpt lat="46.995370" lon="-123.201349"></trkpt><trkpt lat="46.995134" lon="-123.202186"></trkpt><trkpt lat="46.995049" lon="-123.202615"></trkpt><trkpt lat="46.994984" lon="-123.203087"></trkpt><trkpt lat="46.994941" lon="-123.204010"></trkpt><trkpt lat="46.994534" lon="-123.204632"></trkpt><trkpt lat="46.994448" lon="-123.204868"></trkpt><trkpt lat="46.994405" lon="-123.205104"></trkpt><trkpt lat="46.994276" lon="-123.205941"></trkpt><trkpt lat="46.994212" lon="-123.206198"></trkpt><trkpt lat="46.994104" lon="-123.206520"></trkpt><trkpt lat="46.993933" lon="-123.206842"></trkpt><trkpt lat="46.993804" lon="-123.207164"></trkpt><trkpt lat="46.993718" lon="-123.207464"></trkpt><trkpt lat="46.993654" lon="-123.207808"></trkpt><trkpt lat="46.993611" lon="-123.208215"></trkpt><trkpt lat="46.993589" lon="-123.208666"></trkpt><trkpt lat="46.993568" lon="-123.209503"></trkpt><trkpt lat="46.993589" lon="-123.209760"></trkpt><trkpt lat="46.993568" lon="-123.210404"></trkpt><trkpt lat="46.993589" lon="-123.211563"></trkpt><trkpt lat="46.993568" lon="-123.211820"></trkpt><trkpt lat="46.993461" lon="-123.212163"></trkpt><trkpt lat="46.993203" lon="-123.212721"></trkpt><trkpt lat="46.993074" lon="-123.213236"></trkpt><trkpt lat="46.992924" lon="-123.213451"></trkpt><trkpt lat="46.992517" lon="-123.214180"></trkpt><trkpt lat="46.992409" lon="-123.214417"></trkpt><trkpt lat="46.992366" lon="-123.214610"></trkpt><trkpt lat="46.992302" lon="-123.215039"></trkpt><trkpt lat="46.992302" lon="-123.215253"></trkpt><trkpt lat="46.992345" lon="-123.215468"></trkpt><trkpt lat="46.992409" lon="-123.215661"></trkpt><trkpt lat="46.992517" lon="-123.215876"></trkpt><trkpt lat="46.992753" lon="-123.216283"></trkpt><trkpt lat="46.992881" lon="-123.216455"></trkpt><trkpt lat="46.993182" lon="-123.216712"></trkpt><trkpt lat="46.993332" lon="-123.216884"></trkpt><trkpt lat="46.993976" lon="-123.217850"></trkpt><trkpt lat="46.994126" lon="-123.218129"></trkpt><trkpt lat="46.994276" lon="-123.218536"></trkpt><trkpt lat="46.994405" lon="-123.220704"></trkpt><trkpt lat="46.994383" lon="-123.221905"></trkpt><trkpt lat="46.994104" lon="-123.222892"></trkpt><trkpt lat="46.993933" lon="-123.223987"></trkpt><trkpt lat="46.993289" lon="-123.225703"></trkpt><trkpt lat="46.993053" lon="-123.226604"></trkpt><trkpt lat="46.992645" lon="-123.227377"></trkpt><trkpt lat="46.992109" lon="-123.228171"></trkpt><trkpt lat="46.992023" lon="-123.229415"></trkpt><trkpt lat="46.992023" lon="-123.233814"></trkpt><trkpt lat="46.992109" lon="-123.234544"></trkpt><trkpt lat="46.992731" lon="-123.235209"></trkpt><trkpt lat="46.993139" lon="-123.235660"></trkpt><trkpt lat="46.993482" lon="-123.236368"></trkpt><trkpt lat="46.993525" lon="-123.237376"></trkpt><trkpt lat="46.992860" lon="-123.239028"></trkpt><trkpt lat="46.992109" lon="-123.240380"></trkpt><trkpt lat="46.991744" lon="-123.241088"></trkpt><trkpt lat="46.991422" lon="-123.241518"></trkpt><trkpt lat="46.991122" lon="-123.241539"></trkpt><trkpt lat="46.990778" lon="-123.241496"></trkpt><trkpt lat="46.990457" lon="-123.240895"></trkpt><trkpt lat="46.990242" lon="-123.240380"></trkpt><trkpt lat="46.990049" lon="-123.240294"></trkpt><trkpt lat="46.989856" lon="-123.240316"></trkpt><trkpt lat="46.989534" lon="-123.240767"></trkpt><trkpt lat="46.989448" lon="-123.241196"></trkpt><trkpt lat="46.989341" lon="-123.241432"></trkpt><trkpt lat="46.989062" lon="-123.241689"></trkpt><trkpt lat="46.988354" lon="-123.243363"></trkpt><trkpt lat="46.987603" lon="-123.243942"></trkpt><trkpt lat="46.987023" lon="-123.244393"></trkpt><trkpt lat="46.986465" lon="-123.244500"></trkpt><trkpt lat="46.985929" lon="-123.244650"></trkpt><trkpt lat="46.985199" lon="-123.245101"></trkpt><trkpt lat="46.984577" lon="-123.245873"></trkpt><trkpt lat="46.984019" lon="-123.246324"></trkpt><trkpt lat="46.983869" lon="-123.246796"></trkpt><trkpt lat="46.983891" lon="-123.247826"></trkpt><trkpt lat="46.983590" lon="-123.248062"></trkpt><trkpt lat="46.983140" lon="-123.248706"></trkpt><trkpt lat="46.982861" lon="-123.248963"></trkpt><trkpt lat="46.982560" lon="-123.249264"></trkpt><trkpt lat="46.982152" lon="-123.249650"></trkpt><trkpt lat="46.981659" lon="-123.249886"></trkpt><trkpt lat="46.981144" lon="-123.249972"></trkpt><trkpt lat="46.980436" lon="-123.250294"></trkpt><trkpt lat="46.980178" lon="-123.250830"></trkpt><trkpt lat="46.979084" lon="-123.252847"></trkpt><trkpt lat="46.978505" lon="-123.254156"></trkpt><trkpt lat="46.978161" lon="-123.255379"></trkpt><trkpt lat="46.977904" lon="-123.256924"></trkpt><trkpt lat="46.977432" lon="-123.257761"></trkpt><trkpt lat="46.976960" lon="-123.258340"></trkpt><trkpt lat="46.976166" lon="-123.259048"></trkpt><trkpt lat="46.975801" lon="-123.259306"></trkpt><trkpt lat="46.975565" lon="-123.259993"></trkpt><trkpt lat="46.975479" lon="-123.261023"></trkpt><trkpt lat="46.976123" lon="-123.262782"></trkpt><trkpt lat="46.976252" lon="-123.263555"></trkpt><trkpt lat="46.976252" lon="-123.264992"></trkpt><trkpt lat="46.976058" lon="-123.267310"></trkpt><trkpt lat="46.975930" lon="-123.268275"></trkpt><trkpt lat="46.975565" lon="-123.268661"></trkpt><trkpt lat="46.975179" lon="-123.268833"></trkpt><trkpt lat="46.973526" lon="-123.269198"></trkpt><trkpt lat="46.973596" lon="-123.269231"></trkpt><trkpt lat="46.973461" lon="-123.269547"></trkpt><trkpt lat="46.973505" lon="-123.270041"></trkpt><trkpt lat="46.973522" lon="-123.270552"></trkpt><trkpt lat="46.973571" lon="-123.271013"></trkpt><trkpt lat="46.973804" lon="-123.271309"></trkpt><trkpt lat="46.974126" lon="-123.271128"></trkpt><trkpt lat="46.974462" lon="-123.271059"></trkpt><trkpt lat="46.974852" lon="-123.271247"></trkpt><trkpt lat="46.975191" lon="-123.271610"></trkpt><trkpt lat="46.975480" lon="-123.272041"></trkpt><trkpt lat="46.975726" lon="-123.272396"></trkpt><trkpt lat="46.975818" lon="-123.272867"></trkpt><trkpt lat="46.975697" lon="-123.273290"></trkpt><trkpt lat="46.975600" lon="-123.273728"></trkpt><trkpt lat="46.975664" lon="-123.274177"></trkpt><trkpt lat="46.975823" lon="-123.274652"></trkpt><trkpt lat="46.975939" lon="-123.275108"></trkpt><trkpt lat="46.975922" lon="-123.275562"></trkpt><trkpt lat="46.975905" lon="-123.276066"></trkpt><trkpt lat="46.976181" lon="-123.276144"></trkpt><trkpt lat="46.976297" lon="-123.275721"></trkpt><trkpt lat="46.976376" lon="-123.275209"></trkpt><trkpt lat="46.976655" lon="-123.275109"></trkpt><trkpt lat="46.976770" lon="-123.275521"></trkpt><trkpt lat="46.976818" lon="-123.276007"></trkpt><trkpt lat="46.976883" lon="-123.276502"></trkpt><trkpt lat="46.976955" lon="-123.277002"></trkpt><trkpt lat="46.976929" lon="-123.277501"></trkpt><trkpt lat="46.976944" lon="-123.278038"></trkpt><trkpt lat="46.977061" lon="-123.278432"></trkpt><trkpt lat="46.977115" lon="-123.278953"></trkpt><trkpt lat="46.977136" lon="-123.279513"></trkpt><trkpt lat="46.977177" lon="-123.280071"></trkpt><trkpt lat="46.977236" lon="-123.280613"></trkpt><trkpt lat="46.977234" lon="-123.281157"></trkpt><trkpt lat="46.977192" lon="-123.281687"></trkpt><trkpt lat="46.977225" lon="-123.282203"></trkpt><trkpt lat="46.977187" lon="-123.282662"></trkpt><trkpt lat="46.976983" lon="-123.283092"></trkpt><trkpt lat="46.976715" lon="-123.283475"></trkpt><trkpt lat="46.976515" lon="-123.283838"></trkpt><trkpt lat="46.976815" lon="-123.284048"></trkpt><trkpt lat="46.977197" lon="-123.284302"></trkpt><trkpt lat="46.977456" lon="-123.284493"></trkpt><trkpt lat="46.977775" lon="-123.284823"></trkpt><trkpt lat="46.977985" lon="-123.285192"></trkpt><trkpt lat="46.978113" lon="-123.285669"></trkpt><trkpt lat="46.978220" lon="-123.286136"></trkpt><trkpt lat="46.978320" lon="-123.286626"></trkpt><trkpt lat="46.978392" lon="-123.287119"></trkpt><trkpt lat="46.978438" lon="-123.287585"></trkpt><trkpt lat="46.978569" lon="-123.288172"></trkpt><trkpt lat="46.978838" lon="-123.288590"></trkpt><trkpt lat="46.979226" lon="-123.288867"></trkpt><trkpt lat="46.979657" lon="-123.289062"></trkpt><trkpt lat="46.980054" lon="-123.289019"></trkpt><trkpt lat="46.980341" lon="-123.288900"></trkpt><trkpt lat="46.980657" lon="-123.288754"></trkpt><trkpt lat="46.980958" lon="-123.288567"></trkpt><trkpt lat="46.981214" lon="-123.288316"></trkpt><trkpt lat="46.981558" lon="-123.287917"></trkpt><trkpt lat="46.981914" lon="-123.287656"></trkpt><trkpt lat="46.982286" lon="-123.287438"></trkpt><trkpt lat="46.982616" lon="-123.287262"></trkpt><trkpt lat="46.982864" lon="-123.287055"></trkpt><trkpt lat="46.983032" lon="-123.286677"></trkpt><trkpt lat="46.983249" lon="-123.286224"></trkpt><trkpt lat="46.983561" lon="-123.285841"></trkpt><trkpt lat="46.983825" lon="-123.285384"></trkpt><trkpt lat="46.983989" lon="-123.285020"></trkpt><trkpt lat="46.984155" lon="-123.284625"></trkpt><trkpt lat="46.984318" lon="-123.284224"></trkpt><trkpt lat="46.984512" lon="-123.283827"></trkpt><trkpt lat="46.984730" lon="-123.283493"></trkpt><trkpt lat="46.984965" lon="-123.283191"></trkpt><trkpt lat="46.985197" lon="-123.282876"></trkpt><trkpt lat="46.985407" lon="-123.282543"></trkpt><trkpt lat="46.985603" lon="-123.282009"></trkpt><trkpt lat="46.985715" lon="-123.281593"></trkpt><trkpt lat="46.985836" lon="-123.281138"></trkpt><trkpt lat="46.985939" lon="-123.280671"></trkpt><trkpt lat="46.986022" lon="-123.280222"></trkpt><trkpt lat="46.986218" lon="-123.279668"></trkpt><trkpt lat="46.986494" lon="-123.279187"></trkpt><trkpt lat="46.986663" lon="-123.278854"></trkpt><trkpt lat="46.986771" lon="-123.278338"></trkpt><trkpt lat="46.986924" lon="-123.277795"></trkpt><trkpt lat="46.987184" lon="-123.277353"></trkpt><trkpt lat="46.987336" lon="-123.276919"></trkpt><trkpt lat="46.987475" lon="-123.276465"></trkpt><trkpt lat="46.987745" lon="-123.276139"></trkpt><trkpt lat="46.987980" lon="-123.275696"></trkpt><trkpt lat="46.988155" lon="-123.275292"></trkpt><trkpt lat="46.988316" lon="-123.274861"></trkpt><trkpt lat="46.988431" lon="-123.274434"></trkpt><trkpt lat="46.988551" lon="-123.274007"></trkpt><trkpt lat="46.988714" lon="-123.273620"></trkpt><trkpt lat="46.988908" lon="-123.273242"></trkpt><trkpt lat="46.989107" lon="-123.272872"></trkpt><trkpt lat="46.989299" lon="-123.272498"></trkpt><trkpt lat="46.989503" lon="-123.272105"></trkpt><trkpt lat="46.989703" lon="-123.271705"></trkpt><trkpt lat="46.989911" lon="-123.271308"></trkpt><trkpt lat="46.990116" lon="-123.270919"></trkpt><trkpt lat="46.990327" lon="-123.270502"></trkpt><trkpt lat="46.990545" lon="-123.270078"></trkpt><trkpt lat="46.990760" lon="-123.269657"></trkpt><trkpt lat="46.990975" lon="-123.269242"></trkpt><trkpt lat="46.991190" lon="-123.268841"></trkpt><trkpt lat="46.991399" lon="-123.268462"></trkpt><trkpt lat="46.991614" lon="-123.268129"></trkpt><trkpt lat="46.991849" lon="-123.267878"></trkpt><trkpt lat="46.992111" lon="-123.267656"></trkpt><trkpt lat="46.992402" lon="-123.267448"></trkpt><trkpt lat="46.992684" lon="-123.267212"></trkpt><trkpt lat="46.992927" lon="-123.266924"></trkpt><trkpt lat="46.993163" lon="-123.266600"></trkpt><trkpt lat="46.993404" lon="-123.266273"></trkpt><trkpt lat="46.993648" lon="-123.265970"></trkpt><trkpt lat="46.993949" lon="-123.265485"></trkpt><trkpt lat="46.994101" lon="-123.265093"></trkpt><trkpt lat="46.994244" lon="-123.264649"></trkpt><trkpt lat="46.994406" lon="-123.264203"></trkpt><trkpt lat="46.994574" lon="-123.263751"></trkpt><trkpt lat="46.994755" lon="-123.263318"></trkpt><trkpt lat="46.994968" lon="-123.262918"></trkpt><trkpt lat="46.995189" lon="-123.262563"></trkpt><trkpt lat="46.995433" lon="-123.262292"></trkpt><trkpt lat="46.995831" lon="-123.262053"></trkpt><trkpt lat="46.996224" lon="-123.261981"></trkpt><trkpt lat="46.996508" lon="-123.261948"></trkpt><trkpt lat="46.996817" lon="-123.261912"></trkpt><trkpt lat="46.997140" lon="-123.261871"></trkpt><trkpt lat="46.997474" lon="-123.261834"></trkpt><trkpt lat="46.997815" lon="-123.261807"></trkpt><trkpt lat="46.998150" lon="-123.261781"></trkpt><trkpt lat="46.998471" lon="-123.261754"></trkpt><trkpt lat="46.998774" lon="-123.261694"></trkpt><trkpt lat="46.999055" lon="-123.261593"></trkpt><trkpt lat="46.999448" lon="-123.261379"></trkpt><trkpt lat="46.999830" lon="-123.261119"></trkpt><trkpt lat="47.000227" lon="-123.260857"></trkpt><trkpt lat="47.000612" lon="-123.260581"></trkpt><trkpt lat="47.000927" lon="-123.260299"></trkpt><trkpt lat="47.001174" lon="-123.259918"></trkpt><trkpt lat="47.001241" lon="-123.259848"></trkpt><trkpt lat="47.001262" lon="-123.259795"></trkpt><trkpt lat="47.001285" lon="-123.259354"></trkpt><trkpt lat="47.001422" lon="-123.258881"></trkpt><trkpt lat="47.001632" lon="-123.258527"></trkpt><trkpt lat="47.001761" lon="-123.258045"></trkpt><trkpt lat="47.001848" lon="-123.257558"></trkpt><trkpt lat="47.002033" lon="-123.257164"></trkpt><trkpt lat="47.002271" lon="-123.256884"></trkpt><trkpt lat="47.002410" lon="-123.256498"></trkpt><trkpt lat="47.002467" lon="-123.256003"></trkpt><trkpt lat="47.002520" lon="-123.255491"></trkpt><trkpt lat="47.002552" lon="-123.255045"></trkpt><trkpt lat="47.002658" lon="-123.254535"></trkpt><trkpt lat="47.002892" lon="-123.254149"></trkpt><trkpt lat="47.003066" lon="-123.253763"></trkpt><trkpt lat="47.003164" lon="-123.253341"></trkpt><trkpt lat="47.003258" lon="-123.252863"></trkpt><trkpt lat="47.003403" lon="-123.252427"></trkpt><trkpt lat="47.003517" lon="-123.251951"></trkpt><trkpt lat="47.003594" lon="-123.251526"></trkpt><trkpt lat="47.003612" lon="-123.251087"></trkpt><trkpt lat="47.003754" lon="-123.250709"></trkpt><trkpt lat="47.003814" lon="-123.250304"></trkpt><trkpt lat="47.003828" lon="-123.249842"></trkpt><trkpt lat="47.003972" lon="-123.249327"></trkpt><trkpt lat="47.004151" lon="-123.248833"></trkpt><trkpt lat="47.004367" lon="-123.248424"></trkpt><trkpt lat="47.004550" lon="-123.248021"></trkpt><trkpt lat="47.004686" lon="-123.247601"></trkpt><trkpt lat="47.004775" lon="-123.247130"></trkpt><trkpt lat="47.004954" lon="-123.246725"></trkpt><trkpt lat="47.005078" lon="-123.246309"></trkpt><trkpt lat="47.005204" lon="-123.245860"></trkpt><trkpt lat="47.005336" lon="-123.245422"></trkpt><trkpt lat="47.005514" lon="-123.244969"></trkpt><trkpt lat="47.005467" lon="-123.244511"></trkpt><trkpt lat="47.005470" lon="-123.244352"></trkpt><trkpt lat="47.005725" lon="-123.244591"></trkpt><trkpt lat="47.005960" lon="-123.244896"></trkpt><trkpt lat="47.006215" lon="-123.245295"></trkpt><trkpt lat="47.006483" lon="-123.245617"></trkpt><trkpt lat="47.006788" lon="-123.245837"></trkpt><trkpt lat="47.007077" lon="-123.245893"></trkpt><trkpt lat="47.007347" lon="-123.245734"></trkpt><trkpt lat="47.007600" lon="-123.245393"></trkpt><trkpt lat="47.007910" lon="-123.245069"></trkpt><trkpt lat="47.008176" lon="-123.244854"></trkpt><trkpt lat="47.008439" lon="-123.244638"></trkpt><trkpt lat="47.008802" lon="-123.244334"></trkpt><trkpt lat="47.009106" lon="-123.244022"></trkpt><trkpt lat="47.009427" lon="-123.243652"></trkpt><trkpt lat="47.009743" lon="-123.243261"></trkpt><trkpt lat="47.009950" lon="-123.242852"></trkpt><trkpt lat="47.010065" lon="-123.242388"></trkpt><trkpt lat="47.010188" lon="-123.241936"></trkpt><trkpt lat="47.010347" lon="-123.241549"></trkpt><trkpt lat="47.010520" lon="-123.241201"></trkpt><trkpt lat="47.010724" lon="-123.240829"></trkpt><trkpt lat="47.010900" lon="-123.240401"></trkpt><trkpt lat="47.010902" lon="-123.239933"></trkpt><trkpt lat="47.010883" lon="-123.239371"></trkpt><trkpt lat="47.010914" lon="-123.238758"></trkpt><trkpt lat="47.011087" lon="-123.238258"></trkpt><trkpt lat="47.011380" lon="-123.237872"></trkpt><trkpt lat="47.011755" lon="-123.237599"></trkpt><trkpt lat="47.012044" lon="-123.237423"></trkpt><trkpt lat="47.012355" lon="-123.237225"></trkpt><trkpt lat="47.012659" lon="-123.237006"></trkpt><trkpt lat="47.012963" lon="-123.236812"></trkpt><trkpt lat="47.013274" lon="-123.236652"></trkpt><trkpt lat="47.013598" lon="-123.236516"></trkpt><trkpt lat="47.013931" lon="-123.236414"></trkpt><trkpt lat="47.014254" lon="-123.236280"></trkpt><trkpt lat="47.014550" lon="-123.236072"></trkpt><trkpt lat="47.014821" lon="-123.235833"></trkpt><trkpt lat="47.015233" lon="-123.235597"></trkpt><trkpt lat="47.015635" lon="-123.235539"></trkpt><trkpt lat="47.016025" lon="-123.235659"></trkpt><trkpt lat="47.016318" lon="-123.235779"></trkpt><trkpt lat="47.016621" lon="-123.235897"></trkpt><trkpt lat="47.016928" lon="-123.235971"></trkpt><trkpt lat="47.017234" lon="-123.235958"></trkpt><trkpt lat="47.017538" lon="-123.235892"></trkpt><trkpt lat="47.017830" lon="-123.235780"></trkpt><trkpt lat="47.018082" lon="-123.235561"></trkpt><trkpt lat="47.018360" lon="-123.235077"></trkpt><trkpt lat="47.018579" lon="-123.234547"></trkpt><trkpt lat="47.018838" lon="-123.234066"></trkpt><trkpt lat="47.019176" lon="-123.233679"></trkpt><trkpt lat="47.019439" lon="-123.233458"></trkpt><trkpt lat="47.019716" lon="-123.233272"></trkpt><trkpt lat="47.020128" lon="-123.233130"></trkpt><trkpt lat="47.020475" lon="-123.233023"></trkpt><trkpt lat="47.020705" lon="-123.232684"></trkpt><trkpt lat="47.020921" lon="-123.232384"></trkpt><trkpt lat="47.021195" lon="-123.232192"></trkpt><trkpt lat="47.021481" lon="-123.231968"></trkpt><trkpt lat="47.021619" lon="-123.231590"></trkpt><trkpt lat="47.021620" lon="-123.231085"></trkpt><trkpt lat="47.021596" lon="-123.230492"></trkpt><trkpt lat="47.021592" lon="-123.229888"></trkpt><trkpt lat="47.021641" lon="-123.229303"></trkpt><trkpt lat="47.021730" lon="-123.228745"></trkpt><trkpt lat="47.021857" lon="-123.228224"></trkpt><trkpt lat="47.021968" lon="-123.227719"></trkpt><trkpt lat="47.022082" lon="-123.227325"></trkpt><trkpt lat="47.022130" lon="-123.226830"></trkpt><trkpt lat="47.022063" lon="-123.226380"></trkpt><trkpt lat="47.021865" lon="-123.225930"></trkpt><trkpt lat="47.021602" lon="-123.225714"></trkpt><trkpt lat="47.021297" lon="-123.225728"></trkpt><trkpt lat="47.020968" lon="-123.225888"></trkpt><trkpt lat="47.020687" lon="-123.225981"></trkpt><trkpt lat="47.020312" lon="-123.225965"></trkpt><trkpt lat="47.020013" lon="-123.226194"></trkpt><trkpt lat="47.019797" lon="-123.226491"></trkpt><trkpt lat="47.019515" lon="-123.226767"></trkpt><trkpt lat="47.019224" lon="-123.227016"></trkpt><trkpt lat="47.018911" lon="-123.227357"></trkpt><trkpt lat="47.018601" lon="-123.227798"></trkpt><trkpt lat="47.018372" lon="-123.228105"></trkpt><trkpt lat="47.018134" lon="-123.228379"></trkpt><trkpt lat="47.017779" lon="-123.228718"></trkpt><trkpt lat="47.017432" lon="-123.229039"></trkpt><trkpt lat="47.017188" lon="-123.229269"></trkpt><trkpt lat="47.016836" lon="-123.229618"></trkpt><trkpt lat="47.016560" lon="-123.230040"></trkpt><trkpt lat="47.016319" lon="-123.230473"></trkpt><trkpt lat="47.016069" lon="-123.230767"></trkpt><trkpt lat="47.015787" lon="-123.230869"></trkpt><trkpt lat="47.015474" lon="-123.230783"></trkpt><trkpt lat="47.015234" lon="-123.230528"></trkpt><trkpt lat="47.015065" lon="-123.230145"></trkpt><trkpt lat="47.014959" lon="-123.229665"></trkpt><trkpt lat="47.015032" lon="-123.229263"></trkpt><trkpt lat="47.015216" lon="-123.228890"></trkpt><trkpt lat="47.015493" lon="-123.228517"></trkpt><trkpt lat="47.015780" lon="-123.228085"></trkpt><trkpt lat="47.016039" lon="-123.227588"></trkpt><trkpt lat="47.016207" lon="-123.227223"></trkpt><trkpt lat="47.016363" lon="-123.226836"></trkpt><trkpt lat="47.016488" lon="-123.226411"></trkpt><trkpt lat="47.016597" lon="-123.225978"></trkpt><trkpt lat="47.016691" lon="-123.225548"></trkpt><trkpt lat="47.016784" lon="-123.225124"></trkpt><trkpt lat="47.016925" lon="-123.224495"></trkpt><trkpt lat="47.017037" lon="-123.223972"></trkpt><trkpt lat="47.016980" lon="-123.223509"></trkpt><trkpt lat="47.016772" lon="-123.223117"></trkpt><trkpt lat="47.016507" lon="-123.222917"></trkpt><trkpt lat="47.016221" lon="-123.222910"></trkpt><trkpt lat="47.015883" lon="-123.223045"></trkpt><trkpt lat="47.015526" lon="-123.223219"></trkpt><trkpt lat="47.015205" lon="-123.223308"></trkpt><trkpt lat="47.014902" lon="-123.223352"></trkpt><trkpt lat="47.014567" lon="-123.223322"></trkpt><trkpt lat="47.014207" lon="-123.223294"></trkpt><trkpt lat="47.013897" lon="-123.223132"></trkpt><trkpt lat="47.013683" lon="-123.222811"></trkpt><trkpt lat="47.013534" lon="-123.222403"></trkpt><trkpt lat="47.013399" lon="-123.221936"></trkpt><trkpt lat="47.013290" lon="-123.221422"></trkpt><trkpt lat="47.013179" lon="-123.220958"></trkpt><trkpt lat="47.012937" lon="-123.220585"></trkpt><trkpt lat="47.012658" lon="-123.220435"></trkpt><trkpt lat="47.012618" lon="-123.220028"></trkpt><trkpt lat="47.012722" lon="-123.219586"></trkpt><trkpt lat="47.012762" lon="-123.219108"></trkpt><trkpt lat="47.012752" lon="-123.218649"></trkpt><trkpt lat="47.012798" lon="-123.218225"></trkpt><trkpt lat="47.012912" lon="-123.217814"></trkpt><trkpt lat="47.012937" lon="-123.217284"></trkpt><trkpt lat="47.012968" lon="-123.216833"></trkpt><trkpt lat="47.013086" lon="-123.216398"></trkpt><trkpt lat="47.013137" lon="-123.215924"></trkpt><trkpt lat="47.013221" lon="-123.215442"></trkpt><trkpt lat="47.013216" lon="-123.215018"></trkpt><trkpt lat="47.013245" lon="-123.214506"></trkpt><trkpt lat="47.013282" lon="-123.214073"></trkpt><trkpt lat="47.013379" lon="-123.213660"></trkpt><trkpt lat="47.013431" lon="-123.213159"></trkpt><trkpt lat="47.013491" lon="-123.212625"></trkpt><trkpt lat="47.013590" lon="-123.212198"></trkpt><trkpt lat="47.013676" lon="-123.211745"></trkpt><trkpt lat="47.013896" lon="-123.211294"></trkpt><trkpt lat="47.014166" lon="-123.210975"></trkpt><trkpt lat="47.014379" lon="-123.210558"></trkpt><trkpt lat="47.014578" lon="-123.210233"></trkpt><trkpt lat="47.014835" lon="-123.209898"></trkpt><trkpt lat="47.015093" lon="-123.209580"></trkpt><trkpt lat="47.015290" lon="-123.209221"></trkpt><trkpt lat="47.015417" lon="-123.208792"></trkpt><trkpt lat="47.015517" lon="-123.208370"></trkpt><trkpt lat="47.015329" lon="-123.207999"></trkpt><trkpt lat="47.015235" lon="-123.207585"></trkpt><trkpt lat="47.015311" lon="-123.207148"></trkpt><trkpt lat="47.015402" lon="-123.206651"></trkpt><trkpt lat="47.015394" lon="-123.206199"></trkpt><trkpt lat="47.015342" lon="-123.205774"></trkpt><trkpt lat="47.015252" lon="-123.205318"></trkpt><trkpt lat="47.015061" lon="-123.204937"></trkpt><trkpt lat="47.014918" lon="-123.204530"></trkpt><trkpt lat="47.014762" lon="-123.204117"></trkpt><trkpt lat="47.014500" lon="-123.203819"></trkpt><trkpt lat="47.014207" lon="-123.203702"></trkpt><trkpt lat="47.013963" lon="-123.203970"></trkpt><trkpt lat="47.013805" lon="-123.204334"></trkpt><trkpt lat="47.013606" lon="-123.204132"></trkpt><trkpt lat="47.013699" lon="-123.203719"></trkpt><trkpt lat="47.013904" lon="-123.203302"></trkpt><trkpt lat="47.014137" lon="-123.202979"></trkpt><trkpt lat="47.014347" lon="-123.202674"></trkpt><trkpt lat="47.014312" lon="-123.202190"></trkpt><trkpt lat="47.014183" lon="-123.201734"></trkpt><trkpt lat="47.014213" lon="-123.201256"></trkpt><trkpt lat="47.014258" lon="-123.200704"></trkpt><trkpt lat="47.014251" lon="-123.200242"></trkpt><trkpt lat="47.014262" lon="-123.199769"></trkpt><trkpt lat="47.014443" lon="-123.199321"></trkpt><trkpt lat="47.014645" lon="-123.199003"></trkpt><trkpt lat="47.014821" lon="-123.198531"></trkpt><trkpt lat="47.015025" lon="-123.198096"></trkpt><trkpt lat="47.015134" lon="-123.197673"></trkpt><trkpt lat="47.015125" lon="-123.197207"></trkpt><trkpt lat="47.015007" lon="-123.196680"></trkpt><trkpt lat="47.015154" lon="-123.196330"></trkpt><trkpt lat="47.015475" lon="-123.196389"></trkpt><trkpt lat="47.015855" lon="-123.196366"></trkpt><trkpt lat="47.015852" lon="-123.195952"></trkpt><trkpt lat="47.015589" lon="-123.195693"></trkpt><trkpt lat="47.015400" lon="-123.195314"></trkpt><trkpt lat="47.015494" lon="-123.194927"></trkpt><trkpt lat="47.015434" lon="-123.194503"></trkpt><trkpt lat="47.015270" lon="-123.194139"></trkpt><trkpt lat="47.015416" lon="-123.193763"></trkpt><trkpt lat="47.015606" lon="-123.193330"></trkpt><trkpt lat="47.015713" lon="-123.192834"></trkpt><trkpt lat="47.015759" lon="-123.192317"></trkpt><trkpt lat="47.015773" lon="-123.191886"></trkpt><trkpt lat="47.015809" lon="-123.191391"></trkpt><trkpt lat="47.015909" lon="-123.190977"></trkpt><trkpt lat="47.015931" lon="-123.190544"></trkpt><trkpt lat="47.015967" lon="-123.190093"></trkpt><trkpt lat="47.015959" lon="-123.189624"></trkpt><trkpt lat="47.015768" lon="-123.189307"></trkpt><trkpt lat="47.015513" lon="-123.189062"></trkpt><trkpt lat="47.015228" lon="-123.188694"></trkpt><trkpt lat="47.014909" lon="-123.188304"></trkpt><trkpt lat="47.014603" lon="-123.187890"></trkpt><trkpt lat="47.014351" lon="-123.187387"></trkpt><trkpt lat="47.014196" lon="-123.187025"></trkpt><trkpt lat="47.014011" lon="-123.186453"></trkpt><trkpt lat="47.013919" lon="-123.186068"></trkpt><trkpt lat="47.013788" lon="-123.185596"></trkpt><trkpt lat="47.013601" lon="-123.185263"></trkpt><trkpt lat="47.013382" lon="-123.184834"></trkpt><trkpt lat="47.013304" lon="-123.184303"></trkpt><trkpt lat="47.013397" lon="-123.183856"></trkpt><trkpt lat="47.013561" lon="-123.183308"></trkpt><trkpt lat="47.013686" lon="-123.182907"></trkpt><trkpt lat="47.013795" lon="-123.182293"></trkpt><trkpt lat="47.013858" lon="-123.181684"></trkpt><trkpt lat="47.013923" lon="-123.181142"></trkpt><trkpt lat="47.014040" lon="-123.180715"></trkpt><trkpt lat="47.014222" lon="-123.180352"></trkpt><trkpt lat="47.014368" lon="-123.179912"></trkpt><trkpt lat="47.014355" lon="-123.179494"></trkpt><trkpt lat="47.014285" lon="-123.179072"></trkpt><trkpt lat="47.014299" lon="-123.178544"></trkpt><trkpt lat="47.014396" lon="-123.178008"></trkpt><trkpt lat="47.014584" lon="-123.177622"></trkpt><trkpt lat="47.014867" lon="-123.177351"></trkpt><trkpt lat="47.015229" lon="-123.177074"></trkpt><trkpt lat="47.015576" lon="-123.176832"></trkpt><trkpt lat="47.015964" lon="-123.176695"></trkpt><trkpt lat="47.016391" lon="-123.176594"></trkpt><trkpt lat="47.016824" lon="-123.176493"></trkpt><trkpt lat="47.017244" lon="-123.176361"></trkpt><trkpt lat="47.017530" lon="-123.176254"></trkpt><trkpt lat="47.017953" lon="-123.176086"></trkpt><trkpt lat="47.018363" lon="-123.175964"></trkpt><trkpt lat="47.018729" lon="-123.175895"></trkpt><trkpt lat="47.019050" lon="-123.175883"></trkpt><trkpt lat="47.019361" lon="-123.175747"></trkpt><trkpt lat="47.019290" lon="-123.175367"></trkpt><trkpt lat="47.019009" lon="-123.175029"></trkpt><trkpt lat="47.018738" lon="-123.174644"></trkpt><trkpt lat="47.018439" lon="-123.174284"></trkpt><trkpt lat="47.018118" lon="-123.174146"></trkpt><trkpt lat="47.017721" lon="-123.174100"></trkpt><trkpt lat="47.017428" lon="-123.174071"></trkpt><trkpt lat="47.017031" lon="-123.173948"></trkpt><trkpt lat="47.016666" lon="-123.173730"></trkpt><trkpt lat="47.016315" lon="-123.173596"></trkpt><trkpt lat="47.015937" lon="-123.173528"></trkpt><trkpt lat="47.015574" lon="-123.173351"></trkpt><trkpt lat="47.015287" lon="-123.173085"></trkpt><trkpt lat="47.015099" lon="-123.172595"></trkpt><trkpt lat="47.015118" lon="-123.172167"></trkpt><trkpt lat="47.015292" lon="-123.171805"></trkpt><trkpt lat="47.015556" lon="-123.171477"></trkpt><trkpt lat="47.015842" lon="-123.171142"></trkpt><trkpt lat="47.016008" lon="-123.170663"></trkpt><trkpt lat="47.015762" lon="-123.170433"></trkpt><trkpt lat="47.015460" lon="-123.170235"></trkpt><trkpt lat="47.015191" lon="-123.169917"></trkpt><trkpt lat="47.015121" lon="-123.169380"></trkpt><trkpt lat="47.015162" lon="-123.168893"></trkpt><trkpt lat="47.015253" lon="-123.168300"></trkpt><trkpt lat="47.015391" lon="-123.167712"></trkpt><trkpt lat="47.015466" lon="-123.167182"></trkpt><trkpt lat="47.015405" lon="-123.166697"></trkpt><trkpt lat="47.015302" lon="-123.166187"></trkpt><trkpt lat="47.015323" lon="-123.165717"></trkpt><trkpt lat="47.015530" lon="-123.165290"></trkpt><trkpt lat="47.015326" lon="-123.165429"></trkpt><trkpt lat="47.017515" lon="-123.162811"></trkpt><trkpt lat="47.015648" lon="-123.165021"></trkpt><trkpt lat="47.013974" lon="-123.166180"></trkpt><trkpt lat="47.012086" lon="-123.166201"></trkpt><trkpt lat="47.009983" lon="-123.166995"></trkpt><trkpt lat="47.008567" lon="-123.169012"></trkpt><trkpt lat="47.007000" lon="-123.169785"></trkpt><trkpt lat="47.006228" lon="-123.172531"></trkpt><trkpt lat="47.004104" lon="-123.176651"></trkpt><trkpt lat="47.001786" lon="-123.176672"></trkpt><trkpt lat="47.001464" lon="-123.177981"></trkpt><trkpt lat="46.999469" lon="-123.181672"></trkpt><trkpt lat="46.998911" lon="-123.183603"></trkpt><trkpt lat="46.997473" lon="-123.186436"></trkpt><trkpt lat="46.996744" lon="-123.189719"></trkpt><trkpt lat="46.995113" lon="-123.192358"></trkpt><trkpt lat="46.995392" lon="-123.192894"></trkpt><trkpt lat="46.996379" lon="-123.193796"></trkpt><trkpt lat="46.996400" lon="-123.196757"></trkpt><trkpt lat="46.995757" lon="-123.197443"></trkpt><trkpt lat="46.995842" lon="-123.200362"></trkpt><trkpt lat="46.995134" lon="-123.202186"></trkpt><trkpt lat="46.994941" lon="-123.204010"></trkpt><trkpt lat="46.994448" lon="-123.204868"></trkpt><trkpt lat="46.993718" lon="-123.207464"></trkpt><trkpt lat="46.993568" lon="-123.211820"></trkpt><trkpt lat="46.992302" lon="-123.215039"></trkpt><trkpt lat="46.992753" lon="-123.216283"></trkpt><trkpt lat="46.994126" lon="-123.218129"></trkpt><trkpt lat="46.994405" lon="-123.220704"></trkpt><trkpt lat="46.993933" lon="-123.223987"></trkpt><trkpt lat="46.993053" lon="-123.226604"></trkpt><trkpt lat="46.992109" lon="-123.228171"></trkpt><trkpt lat="46.992023" lon="-123.229415"></trkpt><trkpt lat="46.992109" lon="-123.234544"></trkpt><trkpt lat="46.993139" lon="-123.235660"></trkpt><trkpt lat="46.993482" lon="-123.236368"></trkpt><trkpt lat="46.993525" lon="-123.237376"></trkpt><trkpt lat="46.991422" lon="-123.241518"></trkpt><trkpt lat="46.990778" lon="-123.241496"></trkpt><trkpt lat="46.990242" lon="-123.240380"></trkpt><trkpt lat="46.989856" lon="-123.240316"></trkpt><trkpt lat="46.988354" lon="-123.243363"></trkpt><trkpt lat="46.987023" lon="-123.244393"></trkpt><trkpt lat="46.985199" lon="-123.245101"></trkpt><trkpt lat="46.984019" lon="-123.246324"></trkpt><trkpt lat="46.983891" lon="-123.247826"></trkpt><trkpt lat="46.983140" lon="-123.248706"></trkpt><trkpt lat="46.982152" lon="-123.249650"></trkpt><trkpt lat="46.980436" lon="-123.250294"></trkpt><trkpt lat="46.978505" lon="-123.254156"></trkpt><trkpt lat="46.977904" lon="-123.256924"></trkpt><trkpt lat="46.976960" lon="-123.258340"></trkpt><trkpt lat="46.975801" lon="-123.259306"></trkpt><trkpt lat="46.975565" lon="-123.259993"></trkpt><trkpt lat="46.975479" lon="-123.261023"></trkpt><trkpt lat="46.976252" lon="-123.263555"></trkpt><trkpt lat="46.975930" lon="-123.268275"></trkpt><trkpt lat="46.975179" lon="-123.268833"></trkpt><trkpt lat="46.973526" lon="-123.269198"></trkpt><trkpt lat="46.973526" lon="-123.269498"></trkpt><trkpt lat="46.973526" lon="-123.269198"></trkpt><trkpt lat="46.971982" lon="-123.268619"></trkpt><trkpt lat="46.971638" lon="-123.268340"></trkpt><trkpt lat="46.971316" lon="-123.267889"></trkpt><trkpt lat="46.971145" lon="-123.267117"></trkpt><trkpt lat="46.971123" lon="-123.266044"></trkpt><trkpt lat="46.971316" lon="-123.264713"></trkpt><trkpt lat="46.971617" lon="-123.263576"></trkpt><trkpt lat="46.972733" lon="-123.260572"></trkpt><trkpt lat="46.973054" lon="-123.259242"></trkpt><trkpt lat="46.973054" lon="-123.258405"></trkpt><trkpt lat="46.972818" lon="-123.257697"></trkpt><trkpt lat="46.971681" lon="-123.256903"></trkpt><trkpt lat="46.971552" lon="-123.256602"></trkpt><trkpt lat="46.970801" lon="-123.256323"></trkpt><trkpt lat="46.969965" lon="-123.255594"></trkpt><trkpt lat="46.969428" lon="-123.254800"></trkpt><trkpt lat="46.969063" lon="-123.253920"></trkpt><trkpt lat="46.968913" lon="-123.253062"></trkpt><trkpt lat="46.968913" lon="-123.252397"></trkpt><trkpt lat="46.969085" lon="-123.251796"></trkpt><trkpt lat="46.969364" lon="-123.251259"></trkpt><trkpt lat="46.972454" lon="-123.247333"></trkpt><trkpt lat="46.973398" lon="-123.246453"></trkpt><trkpt lat="46.973999" lon="-123.245487"></trkpt><trkpt lat="46.974192" lon="-123.244951"></trkpt><trkpt lat="46.974428" lon="-123.243127"></trkpt><trkpt lat="46.974685" lon="-123.242397"></trkpt><trkpt lat="46.975071" lon="-123.241754"></trkpt><trkpt lat="46.975629" lon="-123.239908"></trkpt><trkpt lat="46.975651" lon="-123.239672"></trkpt><trkpt lat="46.975522" lon="-123.239222"></trkpt><trkpt lat="46.975179" lon="-123.238943"></trkpt><trkpt lat="46.974771" lon="-123.238835"></trkpt><trkpt lat="46.973526" lon="-123.238878"></trkpt><trkpt lat="46.973248" lon="-123.238771"></trkpt><trkpt lat="46.972260" lon="-123.238041"></trkpt><trkpt lat="46.971638" lon="-123.237934"></trkpt><trkpt lat="46.970973" lon="-123.238106"></trkpt><trkpt lat="46.970115" lon="-123.238664"></trkpt><trkpt lat="46.969750" lon="-123.239264"></trkpt><trkpt lat="46.969407" lon="-123.239543"></trkpt><trkpt lat="46.969192" lon="-123.239543"></trkpt><trkpt lat="46.967840" lon="-123.238921"></trkpt><trkpt lat="46.967604" lon="-123.239007"></trkpt><trkpt lat="46.966746" lon="-123.239865"></trkpt><trkpt lat="46.966124" lon="-123.240016"></trkpt><trkpt lat="46.963849" lon="-123.239973"></trkpt><trkpt lat="46.963077" lon="-123.240209"></trkpt><trkpt lat="46.962433" lon="-123.240187"></trkpt><trkpt lat="46.961875" lon="-123.240337"></trkpt><trkpt lat="46.961575" lon="-123.240294"></trkpt><trkpt lat="46.960952" lon="-123.239779"></trkpt><trkpt lat="46.960566" lon="-123.239758"></trkpt><trkpt lat="46.959214" lon="-123.240616"></trkpt><trkpt lat="46.958463" lon="-123.241367"></trkpt><trkpt lat="46.957970" lon="-123.241196"></trkpt><trkpt lat="46.957712" lon="-123.240809"></trkpt><trkpt lat="46.957347" lon="-123.239779"></trkpt><trkpt lat="46.956811" lon="-123.239758"></trkpt><trkpt lat="46.956382" lon="-123.240016"></trkpt><trkpt lat="46.955931" lon="-123.241153"></trkpt><trkpt lat="46.955802" lon="-123.241303"></trkpt><trkpt lat="46.955588" lon="-123.241389"></trkpt><trkpt lat="46.955009" lon="-123.241239"></trkpt><trkpt lat="46.954815" lon="-123.241067"></trkpt><trkpt lat="46.954472" lon="-123.241067"></trkpt><trkpt lat="46.954343" lon="-123.241174"></trkpt><trkpt lat="46.954129" lon="-123.241754"></trkpt><trkpt lat="46.953828" lon="-123.242226"></trkpt><trkpt lat="46.952906" lon="-123.242741"></trkpt><trkpt lat="46.952198" lon="-123.243256"></trkpt><trkpt lat="46.951554" lon="-123.243878"></trkpt><trkpt lat="46.951339" lon="-123.243964"></trkpt><trkpt lat="46.949966" lon="-123.243771"></trkpt><trkpt lat="46.949387" lon="-123.243942"></trkpt><trkpt lat="46.948657" lon="-123.244843"></trkpt><trkpt lat="46.948378" lon="-123.244972"></trkpt><trkpt lat="46.947305" lon="-123.244715"></trkpt><trkpt lat="46.945996" lon="-123.244586"></trkpt><trkpt lat="46.946082" lon="-123.243127"></trkpt><trkpt lat="46.946597" lon="-123.242075"></trkpt><trkpt lat="46.947777" lon="-123.241067"></trkpt><trkpt lat="46.948056" lon="-123.240938"></trkpt><trkpt lat="46.950309" lon="-123.238084"></trkpt><trkpt lat="46.950824" lon="-123.237612"></trkpt><trkpt lat="46.950996" lon="-123.237312"></trkpt><trkpt lat="46.951189" lon="-123.236582"></trkpt><trkpt lat="46.950202" lon="-123.235745"></trkpt><trkpt lat="46.949022" lon="-123.234351"></trkpt><trkpt lat="46.948507" lon="-123.233879"></trkpt><trkpt lat="46.947842" lon="-123.233814"></trkpt><trkpt lat="46.946383" lon="-123.234544"></trkpt><trkpt lat="46.945760" lon="-123.234479"></trkpt><trkpt lat="46.944795" lon="-123.233042"></trkpt><trkpt lat="46.944473" lon="-123.232892"></trkpt><trkpt lat="46.943185" lon="-123.233342"></trkpt><trkpt lat="46.942971" lon="-123.233213"></trkpt><trkpt lat="46.942649" lon="-123.232849"></trkpt><trkpt lat="46.942370" lon="-123.232312"></trkpt><trkpt lat="46.942284" lon="-123.231068"></trkpt><trkpt lat="46.942542" lon="-123.227806"></trkpt><trkpt lat="46.942284" lon="-123.227098"></trkpt><trkpt lat="46.941855" lon="-123.226798"></trkpt><trkpt lat="46.940567" lon="-123.226905"></trkpt><trkpt lat="46.940224" lon="-123.227034"></trkpt><trkpt lat="46.939688" lon="-123.227012"></trkpt><trkpt lat="46.939023" lon="-123.226798"></trkpt><trkpt lat="46.938100" lon="-123.226669"></trkpt><trkpt lat="46.937628" lon="-123.226283"></trkpt><trkpt lat="46.937134" lon="-123.225574"></trkpt><trkpt lat="46.936405" lon="-123.221712"></trkpt><trkpt lat="46.935890" lon="-123.219545"></trkpt><trkpt lat="46.935933" lon="-123.218086"></trkpt><trkpt lat="46.936276" lon="-123.217056"></trkpt><trkpt lat="46.937456" lon="-123.215125"></trkpt><trkpt lat="46.937735" lon="-123.213451"></trkpt><trkpt lat="46.938272" lon="-123.212163"></trkpt><trkpt lat="46.939366" lon="-123.211026"></trkpt><trkpt lat="46.940160" lon="-123.209953"></trkpt><trkpt lat="46.940289" lon="-123.209546"></trkpt><trkpt lat="46.940310" lon="-123.206885"></trkpt><trkpt lat="46.940396" lon="-123.205705"></trkpt><trkpt lat="46.940482" lon="-123.205426"></trkpt><trkpt lat="46.940632" lon="-123.205147"></trkpt><trkpt lat="46.941640" lon="-123.204503"></trkpt><trkpt lat="46.942198" lon="-123.204010"></trkpt><trkpt lat="46.942821" lon="-123.203816"></trkpt><trkpt lat="46.942971" lon="-123.203645"></trkpt><trkpt lat="46.944044" lon="-123.203709"></trkpt><trkpt lat="46.944301" lon="-123.203516"></trkpt><trkpt lat="46.945138" lon="-123.202529"></trkpt><trkpt lat="46.945353" lon="-123.202057"></trkpt><trkpt lat="46.945524" lon="-123.201113"></trkpt><trkpt lat="46.945610" lon="-123.198495"></trkpt><trkpt lat="46.945996" lon="-123.197293"></trkpt><trkpt lat="46.946383" lon="-123.196821"></trkpt><trkpt lat="46.948099" lon="-123.195298"></trkpt><trkpt lat="46.948464" lon="-123.194675"></trkpt><trkpt lat="46.948442" lon="-123.194675"></trkpt></trkseg></trk><trk><name>T002 PN935B6</name><trkseg><trkpt lat="46.948464" lon="-123.194675"></trkpt><trkpt lat="46.948786" lon="-123.194268"></trkpt><trkpt lat="46.949172" lon="-123.193667"></trkpt><trkpt lat="46.949515" lon="-123.193045"></trkpt><trkpt lat="46.950309" lon="-123.192465"></trkpt><trkpt lat="46.950717" lon="-123.192229"></trkpt><trkpt lat="46.950824" lon="-123.191972"></trkpt><trkpt lat="46.950803" lon="-123.191586"></trkpt><trkpt lat="46.950717" lon="-123.191199"></trkpt><trkpt lat="46.950674" lon="-123.190362"></trkpt><trkpt lat="46.950696" lon="-123.189998"></trkpt><trkpt lat="46.950803" lon="-123.189654"></trkpt><trkpt lat="46.950996" lon="-123.189311"></trkpt><trkpt lat="46.951318" lon="-123.188946"></trkpt><trkpt lat="46.951489" lon="-123.188860"></trkpt><trkpt lat="46.951725" lon="-123.188860"></trkpt><trkpt lat="46.952133" lon="-123.189054"></trkpt><trkpt lat="46.952798" lon="-123.189268"></trkpt><trkpt lat="46.953815" lon="-123.189056"></trkpt><trkpt lat="46.954236" lon="-123.188968"></trkpt><trkpt lat="46.954515" lon="-123.188968"></trkpt><trkpt lat="46.954815" lon="-123.189096"></trkpt><trkpt lat="46.955481" lon="-123.189826"></trkpt><trkpt lat="46.956317" lon="-123.190234"></trkpt><trkpt lat="46.956918" lon="-123.190770"></trkpt><trkpt lat="46.957197" lon="-123.191221"></trkpt><trkpt lat="46.957326" lon="-123.191650"></trkpt><trkpt lat="46.957734" lon="-123.193066"></trkpt><trkpt lat="46.958077" lon="-123.193796"></trkpt><trkpt lat="46.958270" lon="-123.193924"></trkpt><trkpt lat="46.958699" lon="-123.194096"></trkpt><trkpt lat="46.959279" lon="-123.193796"></trkpt><trkpt lat="46.959591" lon="-123.193292"></trkpt><trkpt lat="46.959558" lon="-123.193266"></trkpt><trkpt lat="46.959591" lon="-123.193292"></trkpt><trkpt lat="46.959751" lon="-123.192852"></trkpt><trkpt lat="46.959794" lon="-123.192487"></trkpt><trkpt lat="46.959751" lon="-123.192165"></trkpt><trkpt lat="46.959622" lon="-123.191457"></trkpt><trkpt lat="46.959600" lon="-123.191092"></trkpt><trkpt lat="46.959643" lon="-123.190727"></trkpt><trkpt lat="46.960330" lon="-123.188882"></trkpt><trkpt lat="46.960630" lon="-123.188303"></trkpt><trkpt lat="46.961467" lon="-123.186994"></trkpt><trkpt lat="46.961617" lon="-123.186457"></trkpt><trkpt lat="46.961660" lon="-123.185556"></trkpt><trkpt lat="46.961660" lon="-123.184741"></trkpt><trkpt lat="46.963162" lon="-123.182251"></trkpt><trkpt lat="46.963656" lon="-123.181672"></trkpt><trkpt lat="46.964042" lon="-123.181071"></trkpt><trkpt lat="46.964664" lon="-123.179848"></trkpt><trkpt lat="46.965094" lon="-123.179741"></trkpt><trkpt lat="46.965501" lon="-123.179784"></trkpt><trkpt lat="46.965952" lon="-123.180041"></trkpt><trkpt lat="46.966531" lon="-123.180642"></trkpt><trkpt lat="46.966724" lon="-123.181372"></trkpt><trkpt lat="46.967068" lon="-123.182015"></trkpt><trkpt lat="46.967819" lon="-123.182316"></trkpt><trkpt lat="46.968226" lon="-123.182616"></trkpt><trkpt lat="46.968763" lon="-123.182745"></trkpt><trkpt lat="46.969042" lon="-123.182788"></trkpt><trkpt lat="46.969151" lon="-123.182788"></trkpt><trkpt lat="46.969151" lon="-123.182734"></trkpt><trkpt lat="46.969151" lon="-123.182788"></trkpt><trkpt lat="46.969235" lon="-123.182788"></trkpt><trkpt lat="46.969514" lon="-123.182681"></trkpt><trkpt lat="46.969707" lon="-123.182359"></trkpt><trkpt lat="46.969664" lon="-123.181694"></trkpt><trkpt lat="46.969578" lon="-123.181028"></trkpt><trkpt lat="46.969664" lon="-123.180535"></trkpt><trkpt lat="46.969986" lon="-123.180192"></trkpt><trkpt lat="46.970050" lon="-123.179119"></trkpt><trkpt lat="46.969728" lon="-123.178003"></trkpt><trkpt lat="46.969149" lon="-123.174934"></trkpt><trkpt lat="46.968784" lon="-123.174376"></trkpt><trkpt lat="46.968634" lon="-123.173862"></trkpt><trkpt lat="46.968699" lon="-123.172188"></trkpt><trkpt lat="46.969213" lon="-123.170621"></trkpt><trkpt lat="46.969728" lon="-123.168261"></trkpt><trkpt lat="46.969857" lon="-123.167982"></trkpt><trkpt lat="46.970479" lon="-123.167424"></trkpt><trkpt lat="46.970651" lon="-123.166845"></trkpt><trkpt lat="46.970329" lon="-123.165429"></trkpt><trkpt lat="46.970050" lon="-123.164485"></trkpt><trkpt lat="46.970050" lon="-123.163648"></trkpt><trkpt lat="46.970201" lon="-123.163004"></trkpt><trkpt lat="46.970458" lon="-123.162446"></trkpt><trkpt lat="46.970673" lon="-123.161888"></trkpt><trkpt lat="46.970801" lon="-123.161073"></trkpt><trkpt lat="46.971123" lon="-123.160107"></trkpt><trkpt lat="46.971252" lon="-123.159056"></trkpt><trkpt lat="46.971273" lon="-123.158197"></trkpt><trkpt lat="46.971080" lon="-123.156888"></trkpt><trkpt lat="46.971016" lon="-123.156180"></trkpt><trkpt lat="46.970952" lon="-123.155901"></trkpt><trkpt lat="46.970994" lon="-123.155537"></trkpt><trkpt lat="46.970994" lon="-123.155150"></trkpt><trkpt lat="46.971037" lon="-123.154678"></trkpt><trkpt lat="46.971059" lon="-123.154206"></trkpt><trkpt lat="46.970994" lon="-123.153327"></trkpt><trkpt lat="46.971016" lon="-123.153069"></trkpt><trkpt lat="46.971059" lon="-123.152833"></trkpt><trkpt lat="46.971209" lon="-123.152404"></trkpt><trkpt lat="46.971703" lon="-123.151546"></trkpt><trkpt lat="46.971982" lon="-123.151073"></trkpt><trkpt lat="46.972175" lon="-123.150666"></trkpt><trkpt lat="46.972325" lon="-123.150194"></trkpt><trkpt lat="46.972582" lon="-123.149507"></trkpt><trkpt lat="46.972690" lon="-123.149292"></trkpt><trkpt lat="46.972797" lon="-123.149121"></trkpt><trkpt lat="46.973011" lon="-123.148820"></trkpt><trkpt lat="46.973140" lon="-123.148670"></trkpt><trkpt lat="46.973333" lon="-123.148348"></trkpt><trkpt lat="46.973358" lon="-123.148317"></trkpt><trkpt lat="46.973381" lon="-123.148357"></trkpt><trkpt lat="46.973505" lon="-123.148134"></trkpt><trkpt lat="46.973720" lon="-123.147790"></trkpt><trkpt lat="46.973956" lon="-123.147104"></trkpt><trkpt lat="46.974406" lon="-123.146760"></trkpt><trkpt lat="46.974685" lon="-123.146353"></trkpt><trkpt lat="46.975114" lon="-123.143885"></trkpt><trkpt lat="46.975307" lon="-123.143349"></trkpt><trkpt lat="46.975694" lon="-123.142684"></trkpt><trkpt lat="46.975844" lon="-123.141997"></trkpt><trkpt lat="46.975994" lon="-123.141654"></trkpt><trkpt lat="46.976852" lon="-123.140624"></trkpt><trkpt lat="46.977217" lon="-123.139808"></trkpt><trkpt lat="46.977646" lon="-123.139122"></trkpt><trkpt lat="46.978419" lon="-123.138285"></trkpt><trkpt lat="46.979041" lon="-123.137834"></trkpt><trkpt lat="46.979964" lon="-123.136826"></trkpt><trkpt lat="46.980543" lon="-123.135002"></trkpt><trkpt lat="46.980801" lon="-123.134358"></trkpt><trkpt lat="46.981015" lon="-123.134058"></trkpt><trkpt lat="46.981359" lon="-123.133779"></trkpt><trkpt lat="46.981895" lon="-123.133543"></trkpt><trkpt lat="46.983182" lon="-123.133178"></trkpt><trkpt lat="46.983762" lon="-123.132899"></trkpt><trkpt lat="46.984169" lon="-123.132491"></trkpt><trkpt lat="46.984534" lon="-123.131762"></trkpt><trkpt lat="46.984921" lon="-123.131440"></trkpt><trkpt lat="46.985457" lon="-123.130732"></trkpt><trkpt lat="46.985607" lon="-123.130281"></trkpt><trkpt lat="46.985843" lon="-123.129938"></trkpt><trkpt lat="46.986015" lon="-123.129809"></trkpt><trkpt lat="46.986723" lon="-123.129637"></trkpt><trkpt lat="46.987216" lon="-123.129230"></trkpt><trkpt lat="46.987431" lon="-123.128865"></trkpt><trkpt lat="46.987624" lon="-123.128049"></trkpt><trkpt lat="46.988010" lon="-123.127577"></trkpt><trkpt lat="46.988590" lon="-123.127728"></trkpt><trkpt lat="46.989319" lon="-123.127384"></trkpt><trkpt lat="46.990113" lon="-123.126848"></trkpt><trkpt lat="46.990242" lon="-123.126869"></trkpt><trkpt lat="46.990349" lon="-123.127298"></trkpt><trkpt lat="46.990693" lon="-123.127899"></trkpt><trkpt lat="46.991057" lon="-123.128242"></trkpt><trkpt lat="46.992044" lon="-123.128135"></trkpt><trkpt lat="46.993010" lon="-123.128285"></trkpt><trkpt lat="46.993718" lon="-123.127792"></trkpt><trkpt lat="46.994534" lon="-123.127577"></trkpt><trkpt lat="46.994770" lon="-123.127298"></trkpt><trkpt lat="46.995606" lon="-123.125668"></trkpt><trkpt lat="46.995885" lon="-123.125346"></trkpt><trkpt lat="46.996765" lon="-123.124895"></trkpt><trkpt lat="46.996958" lon="-123.124659"></trkpt><trkpt lat="46.997323" lon="-123.123801"></trkpt><trkpt lat="46.998031" lon="-123.120968"></trkpt><trkpt lat="46.998417" lon="-123.119853"></trkpt><trkpt lat="46.998696" lon="-123.118200"></trkpt><trkpt lat="46.998825" lon="-123.116913"></trkpt><trkpt lat="46.999018" lon="-123.116333"></trkpt><trkpt lat="47.000177" lon="-123.114810"></trkpt><trkpt lat="47.002387" lon="-123.114059"></trkpt><trkpt lat="47.002923" lon="-123.114166"></trkpt><trkpt lat="47.003160" lon="-123.115046"></trkpt><trkpt lat="47.003267" lon="-123.116097"></trkpt><trkpt lat="47.003889" lon="-123.116634"></trkpt><trkpt lat="47.004297" lon="-123.117342"></trkpt><trkpt lat="47.004597" lon="-123.118157"></trkpt><trkpt lat="47.004662" lon="-123.118758"></trkpt><trkpt lat="47.004919" lon="-123.119702"></trkpt><trkpt lat="47.006271" lon="-123.121440"></trkpt><trkpt lat="47.006700" lon="-123.121548"></trkpt><trkpt lat="47.007344" lon="-123.121333"></trkpt><trkpt lat="47.007687" lon="-123.120947"></trkpt><trkpt lat="47.008610" lon="-123.119359"></trkpt><trkpt lat="47.008910" lon="-123.119166"></trkpt><trkpt lat="47.009339" lon="-123.119059"></trkpt><trkpt lat="47.009726" lon="-123.119059"></trkpt><trkpt lat="47.010262" lon="-123.119466"></trkpt><trkpt lat="47.011099" lon="-123.119767"></trkpt><trkpt lat="47.011399" lon="-123.120024"></trkpt><trkpt lat="47.011700" lon="-123.120582"></trkpt><trkpt lat="47.011399" lon="-123.121333"></trkpt><trkpt lat="47.011313" lon="-123.121827"></trkpt><trkpt lat="47.011249" lon="-123.124359"></trkpt><trkpt lat="47.011163" lon="-123.125002"></trkpt><trkpt lat="47.010627" lon="-123.126976"></trkpt><trkpt lat="47.010713" lon="-123.128929"></trkpt><trkpt lat="47.010670" lon="-123.129122"></trkpt><trkpt lat="47.010112" lon="-123.130066"></trkpt><trkpt lat="47.010305" lon="-123.131998"></trkpt><trkpt lat="47.010219" lon="-123.132856"></trkpt><trkpt lat="47.010305" lon="-123.133371"></trkpt><trkpt lat="47.010927" lon="-123.134487"></trkpt><trkpt lat="47.011850" lon="-123.135324"></trkpt><trkpt lat="47.012129" lon="-123.135796"></trkpt><trkpt lat="47.012258" lon="-123.135881"></trkpt><trkpt lat="47.012408" lon="-123.136311"></trkpt><trkpt lat="47.012386" lon="-123.136847"></trkpt><trkpt lat="47.011421" lon="-123.140280"></trkpt><trkpt lat="47.011271" lon="-123.141439"></trkpt><trkpt lat="47.011335" lon="-123.142812"></trkpt><trkpt lat="47.011292" lon="-123.143048"></trkpt><trkpt lat="47.011034" lon="-123.143585"></trkpt><trkpt lat="47.010198" lon="-123.144829"></trkpt><trkpt lat="47.009747" lon="-123.146224"></trkpt><trkpt lat="47.009661" lon="-123.146739"></trkpt><trkpt lat="47.009683" lon="-123.148177"></trkpt><trkpt lat="47.009597" lon="-123.149292"></trkpt><trkpt lat="47.009361" lon="-123.150172"></trkpt><trkpt lat="47.009039" lon="-123.150945"></trkpt><trkpt lat="47.008696" lon="-123.152425"></trkpt><trkpt lat="47.008781" lon="-123.152747"></trkpt><trkpt lat="47.009125" lon="-123.153090"></trkpt><trkpt lat="47.009404" lon="-123.153262"></trkpt><trkpt lat="47.010584" lon="-123.153112"></trkpt><trkpt lat="47.011034" lon="-123.152640"></trkpt><trkpt lat="47.011657" lon="-123.151739"></trkpt><trkpt lat="47.013116" lon="-123.149400"></trkpt><trkpt lat="47.013524" lon="-123.148584"></trkpt><trkpt lat="47.013888" lon="-123.146975"></trkpt><trkpt lat="47.014017" lon="-123.146074"></trkpt><trkpt lat="47.015240" lon="-123.142469"></trkpt><trkpt lat="47.015047" lon="-123.140945"></trkpt><trkpt lat="47.015069" lon="-123.140666"></trkpt><trkpt lat="47.015262" lon="-123.140173"></trkpt><trkpt lat="47.015498" lon="-123.137770"></trkpt><trkpt lat="47.015219" lon="-123.137341"></trkpt><trkpt lat="47.015090" lon="-123.136783"></trkpt><trkpt lat="47.015262" lon="-123.133757"></trkpt><trkpt lat="47.015347" lon="-123.133328"></trkpt><trkpt lat="47.015691" lon="-123.132963"></trkpt><trkpt lat="47.016356" lon="-123.132792"></trkpt><trkpt lat="47.016613" lon="-123.132598"></trkpt><trkpt lat="47.017708" lon="-123.131397"></trkpt><trkpt lat="47.018008" lon="-123.130989"></trkpt><trkpt lat="47.018566" lon="-123.129702"></trkpt><trkpt lat="47.018974" lon="-123.129551"></trkpt><trkpt lat="47.019274" lon="-123.129723"></trkpt><trkpt lat="47.019446" lon="-123.130260"></trkpt><trkpt lat="47.019231" lon="-123.132062"></trkpt><trkpt lat="47.019017" lon="-123.132598"></trkpt><trkpt lat="47.018223" lon="-123.133435"></trkpt><trkpt lat="47.018051" lon="-123.134272"></trkpt><trkpt lat="47.018137" lon="-123.136096"></trkpt><trkpt lat="47.018824" lon="-123.139079"></trkpt><trkpt lat="47.019017" lon="-123.139486"></trkpt><trkpt lat="47.019382" lon="-123.139637"></trkpt><trkpt lat="47.019897" lon="-123.139336"></trkpt><trkpt lat="47.020197" lon="-123.138950"></trkpt><trkpt lat="47.021270" lon="-123.136826"></trkpt><trkpt lat="47.021999" lon="-123.136032"></trkpt><trkpt lat="47.022386" lon="-123.135087"></trkpt><trkpt lat="47.022514" lon="-123.134508"></trkpt><trkpt lat="47.023609" lon="-123.133113"></trkpt><trkpt lat="47.025325" lon="-123.132448"></trkpt><trkpt lat="47.025754" lon="-123.132169"></trkpt><trkpt lat="47.025926" lon="-123.132169"></trkpt><trkpt lat="47.026162" lon="-123.132341"></trkpt><trkpt lat="47.026441" lon="-123.133049"></trkpt><trkpt lat="47.026548" lon="-123.133821"></trkpt><trkpt lat="47.026849" lon="-123.134894"></trkpt><trkpt lat="47.027128" lon="-123.135409"></trkpt><trkpt lat="47.027771" lon="-123.135560"></trkpt><trkpt lat="47.029338" lon="-123.135345"></trkpt><trkpt lat="47.029638" lon="-123.135452"></trkpt><trkpt lat="47.029874" lon="-123.135924"></trkpt><trkpt lat="47.029853" lon="-123.136268"></trkpt><trkpt lat="47.029510" lon="-123.137083"></trkpt><trkpt lat="47.028759" lon="-123.137941"></trkpt><trkpt lat="47.027965" lon="-123.138499"></trkpt><trkpt lat="47.027600" lon="-123.139379"></trkpt><trkpt lat="47.027471" lon="-123.140194"></trkpt><trkpt lat="47.027535" lon="-123.140495"></trkpt><trkpt lat="47.027943" lon="-123.141332"></trkpt><trkpt lat="47.028008" lon="-123.141675"></trkpt><trkpt lat="47.027922" lon="-123.142319"></trkpt><trkpt lat="47.027943" lon="-123.142877"></trkpt><trkpt lat="47.028179" lon="-123.143606"></trkpt><trkpt lat="47.028244" lon="-123.144336"></trkpt><trkpt lat="47.028673" lon="-123.145216"></trkpt><trkpt lat="47.028844" lon="-123.146439"></trkpt><trkpt lat="47.029595" lon="-123.147597"></trkpt><trkpt lat="47.029724" lon="-123.148992"></trkpt><trkpt lat="47.030282" lon="-123.150022"></trkpt><trkpt lat="47.030303" lon="-123.150923"></trkpt><trkpt lat="47.030475" lon="-123.151653"></trkpt><trkpt lat="47.030840" lon="-123.152018"></trkpt><trkpt lat="47.031398" lon="-123.152318"></trkpt><trkpt lat="47.031612" lon="-123.152554"></trkpt><trkpt lat="47.031870" lon="-123.153198"></trkpt><trkpt lat="47.031891" lon="-123.153605"></trkpt><trkpt lat="47.031462" lon="-123.154807"></trkpt><trkpt lat="47.031398" lon="-123.155301"></trkpt><trkpt lat="47.031634" lon="-123.156502"></trkpt><trkpt lat="47.031655" lon="-123.158112"></trkpt><trkpt lat="47.031784" lon="-123.158519"></trkpt><trkpt lat="47.032063" lon="-123.158906"></trkpt><trkpt lat="47.032149" lon="-123.159313"></trkpt><trkpt lat="47.032106" lon="-123.159935"></trkpt><trkpt lat="47.031870" lon="-123.160150"></trkpt><trkpt lat="47.031698" lon="-123.160515"></trkpt><trkpt lat="47.031698" lon="-123.160815"></trkpt><trkpt lat="47.032020" lon="-123.161480"></trkpt><trkpt lat="47.031934" lon="-123.161738"></trkpt><trkpt lat="47.031634" lon="-123.162167"></trkpt><trkpt lat="47.031720" lon="-123.162510"></trkpt><trkpt lat="47.032514" lon="-123.163605"></trkpt><trkpt lat="47.032707" lon="-123.163648"></trkpt><trkpt lat="47.033222" lon="-123.163326"></trkpt><trkpt lat="47.033522" lon="-123.163412"></trkpt><trkpt lat="47.033758" lon="-123.163905"></trkpt><trkpt lat="47.033823" lon="-123.164356"></trkpt><trkpt lat="47.034080" lon="-123.164163"></trkpt><trkpt lat="47.035024" lon="-123.162618"></trkpt><trkpt lat="47.035153" lon="-123.162489"></trkpt><trkpt lat="47.035325" lon="-123.162489"></trkpt><trkpt lat="47.035561" lon="-123.162811"></trkpt><trkpt lat="47.035818" lon="-123.163691"></trkpt><trkpt lat="47.036140" lon="-123.164377"></trkpt><trkpt lat="47.037170" lon="-123.164849"></trkpt><trkpt lat="47.037535" lon="-123.165300"></trkpt><trkpt lat="47.037728" lon="-123.165944"></trkpt><trkpt lat="47.037706" lon="-123.166459"></trkpt><trkpt lat="47.037427" lon="-123.167188"></trkpt><trkpt lat="47.037256" lon="-123.168304"></trkpt><trkpt lat="47.037299" lon="-123.169055"></trkpt><trkpt lat="47.037728" lon="-123.171072"></trkpt><trkpt lat="47.037706" lon="-123.171566"></trkpt><trkpt lat="47.037148" lon="-123.172553"></trkpt><trkpt lat="47.036548" lon="-123.173282"></trkpt><trkpt lat="47.036140" lon="-123.173990"></trkpt><trkpt lat="47.035646" lon="-123.175492"></trkpt><trkpt lat="47.035196" lon="-123.176436"></trkpt><trkpt lat="47.035067" lon="-123.176930"></trkpt><trkpt lat="47.035325" lon="-123.177166"></trkpt><trkpt lat="47.035711" lon="-123.176973"></trkpt><trkpt lat="47.036097" lon="-123.177080"></trkpt><trkpt lat="47.036784" lon="-123.177617"></trkpt><trkpt lat="47.037234" lon="-123.178196"></trkpt><trkpt lat="47.037363" lon="-123.178668"></trkpt><trkpt lat="47.037406" lon="-123.180234"></trkpt><trkpt lat="47.037985" lon="-123.182380"></trkpt><trkpt lat="47.038479" lon="-123.183067"></trkpt><trkpt lat="47.039616" lon="-123.183990"></trkpt><trkpt lat="47.039852" lon="-123.184633"></trkpt><trkpt lat="47.039852" lon="-123.185427"></trkpt><trkpt lat="47.039595" lon="-123.186800"></trkpt><trkpt lat="47.039595" lon="-123.187788"></trkpt><trkpt lat="47.039680" lon="-123.188217"></trkpt><trkpt lat="47.039831" lon="-123.188646"></trkpt><trkpt lat="47.040303" lon="-123.189418"></trkpt><trkpt lat="47.041376" lon="-123.190513"></trkpt><trkpt lat="47.041676" lon="-123.190985"></trkpt><trkpt lat="47.041762" lon="-123.191628"></trkpt><trkpt lat="47.042298" lon="-123.192852"></trkpt><trkpt lat="47.042341" lon="-123.193088"></trkpt><trkpt lat="47.042212" lon="-123.195126"></trkpt><trkpt lat="47.042320" lon="-123.196135"></trkpt><trkpt lat="47.042298" lon="-123.197143"></trkpt><trkpt lat="47.042170" lon="-123.198795"></trkpt><trkpt lat="47.041934" lon="-123.199267"></trkpt><trkpt lat="47.041183" lon="-123.200254"></trkpt><trkpt lat="47.041075" lon="-123.200490"></trkpt><trkpt lat="47.041118" lon="-123.200812"></trkpt><trkpt lat="47.041268" lon="-123.201005"></trkpt><trkpt lat="47.041698" lon="-123.200405"></trkpt><trkpt lat="47.042062" lon="-123.200104"></trkpt><trkpt lat="47.042749" lon="-123.199782"></trkpt><trkpt lat="47.043264" lon="-123.199224"></trkpt><trkpt lat="47.043951" lon="-123.198109"></trkpt><trkpt lat="47.044466" lon="-123.196971"></trkpt><trkpt lat="47.044830" lon="-123.196392"></trkpt><trkpt lat="47.045388" lon="-123.195662"></trkpt><trkpt lat="47.045903" lon="-123.195276"></trkpt><trkpt lat="47.046375" lon="-123.194482"></trkpt><trkpt lat="47.046590" lon="-123.193645"></trkpt><trkpt lat="47.046804" lon="-123.191800"></trkpt><trkpt lat="47.046955" lon="-123.191478"></trkpt><trkpt lat="47.047405" lon="-123.190899"></trkpt><trkpt lat="47.047276" lon="-123.190556"></trkpt><trkpt lat="47.047019" lon="-123.190191"></trkpt><trkpt lat="47.046762" lon="-123.189998"></trkpt><trkpt lat="47.046676" lon="-123.189740"></trkpt><trkpt lat="47.046762" lon="-123.189440"></trkpt><trkpt lat="47.047019" lon="-123.189096"></trkpt><trkpt lat="47.047319" lon="-123.187809"></trkpt><trkpt lat="47.047491" lon="-123.187830"></trkpt><trkpt lat="47.047620" lon="-123.188066"></trkpt><trkpt lat="47.047963" lon="-123.189075"></trkpt><trkpt lat="47.048779" lon="-123.189526"></trkpt><trkpt lat="47.049165" lon="-123.190062"></trkpt><trkpt lat="47.049916" lon="-123.192787"></trkpt><trkpt lat="47.050581" lon="-123.192980"></trkpt><trkpt lat="47.051482" lon="-123.194890"></trkpt><trkpt lat="47.051761" lon="-123.195126"></trkpt><trkpt lat="47.052619" lon="-123.195255"></trkpt><trkpt lat="47.051482" lon="-123.194890"></trkpt><trkpt lat="47.050581" lon="-123.192980"></trkpt><trkpt lat="47.049916" lon="-123.192787"></trkpt><trkpt lat="47.049165" lon="-123.190062"></trkpt><trkpt lat="47.047963" lon="-123.189075"></trkpt><trkpt lat="47.047319" lon="-123.187809"></trkpt><trkpt lat="47.046676" lon="-123.189740"></trkpt><trkpt lat="47.047405" lon="-123.190899"></trkpt><trkpt lat="47.046804" lon="-123.191800"></trkpt><trkpt lat="47.046375" lon="-123.194482"></trkpt><trkpt lat="47.044830" lon="-123.196392"></trkpt><trkpt lat="47.043264" lon="-123.199224"></trkpt><trkpt lat="47.041268" lon="-123.201005"></trkpt><trkpt lat="47.041118" lon="-123.200812"></trkpt><trkpt lat="47.041183" lon="-123.200254"></trkpt><trkpt lat="47.042170" lon="-123.198795"></trkpt><trkpt lat="47.042298" lon="-123.192852"></trkpt><trkpt lat="47.041676" lon="-123.190985"></trkpt><trkpt lat="47.040303" lon="-123.189418"></trkpt><trkpt lat="47.039680" lon="-123.188217"></trkpt><trkpt lat="47.039852" lon="-123.184633"></trkpt><trkpt lat="47.039616" lon="-123.183990"></trkpt><trkpt lat="47.037985" lon="-123.182380"></trkpt><trkpt lat="47.037406" lon="-123.180234"></trkpt><trkpt lat="47.037234" lon="-123.178196"></trkpt><trkpt lat="47.036097" lon="-123.177080"></trkpt><trkpt lat="47.035067" lon="-123.176930"></trkpt><trkpt lat="47.036140" lon="-123.173990"></trkpt><trkpt lat="47.037706" lon="-123.171566"></trkpt><trkpt lat="47.037256" lon="-123.168561"></trkpt><trkpt lat="47.037706" lon="-123.166459"></trkpt><trkpt lat="47.037621" lon="-123.165493"></trkpt><trkpt lat="47.037041" lon="-123.164742"></trkpt><trkpt lat="47.036140" lon="-123.164377"></trkpt><trkpt lat="47.035325" lon="-123.162489"></trkpt><trkpt lat="47.035024" lon="-123.162618"></trkpt><trkpt lat="47.033823" lon="-123.164356"></trkpt><trkpt lat="47.033522" lon="-123.163412"></trkpt><trkpt lat="47.032514" lon="-123.163605"></trkpt><trkpt lat="47.031720" lon="-123.162510"></trkpt><trkpt lat="47.031634" lon="-123.162167"></trkpt><trkpt lat="47.032020" lon="-123.161480"></trkpt><trkpt lat="47.031698" lon="-123.160515"></trkpt><trkpt lat="47.032106" lon="-123.159935"></trkpt><trkpt lat="47.032149" lon="-123.159313"></trkpt><trkpt lat="47.031655" lon="-123.158112"></trkpt><trkpt lat="47.031398" lon="-123.155301"></trkpt><trkpt lat="47.031870" lon="-123.153198"></trkpt><trkpt lat="47.031612" lon="-123.152554"></trkpt><trkpt lat="47.030475" lon="-123.151653"></trkpt><trkpt lat="47.029595" lon="-123.147597"></trkpt><trkpt lat="47.028844" lon="-123.146439"></trkpt><trkpt lat="47.028244" lon="-123.144336"></trkpt><trkpt lat="47.028008" lon="-123.141675"></trkpt><trkpt lat="47.027471" lon="-123.140194"></trkpt><trkpt lat="47.027965" lon="-123.138499"></trkpt><trkpt lat="47.029510" lon="-123.137083"></trkpt><trkpt lat="47.029810" lon="-123.135688"></trkpt><trkpt lat="47.029188" lon="-123.135324"></trkpt><trkpt lat="47.027128" lon="-123.135409"></trkpt><trkpt lat="47.026377" lon="-123.132813"></trkpt><trkpt lat="47.025926" lon="-123.132169"></trkpt><trkpt lat="47.023695" lon="-123.133028"></trkpt><trkpt lat="47.022514" lon="-123.134508"></trkpt><trkpt lat="47.021999" lon="-123.136032"></trkpt><trkpt lat="47.021463" lon="-123.140152"></trkpt><trkpt lat="47.021742" lon="-123.141332"></trkpt><trkpt lat="47.021120" lon="-123.142555"></trkpt><trkpt lat="47.020669" lon="-123.145559"></trkpt><trkpt lat="47.019854" lon="-123.146224"></trkpt><trkpt lat="47.019660" lon="-123.146632"></trkpt><trkpt lat="47.019789" lon="-123.148241"></trkpt><trkpt lat="47.019145" lon="-123.152254"></trkpt><trkpt lat="47.019296" lon="-123.153026"></trkpt><trkpt lat="47.019811" lon="-123.153691"></trkpt><trkpt lat="47.022686" lon="-123.155043"></trkpt><trkpt lat="47.023780" lon="-123.155944"></trkpt><trkpt lat="47.024767" lon="-123.155687"></trkpt><trkpt lat="47.024682" lon="-123.157082"></trkpt><trkpt lat="47.025175" lon="-123.159249"></trkpt><trkpt lat="47.023609" lon="-123.158412"></trkpt><trkpt lat="47.023180" lon="-123.158712"></trkpt><trkpt lat="47.022965" lon="-123.159592"></trkpt><trkpt lat="47.021806" lon="-123.158820"></trkpt><trkpt lat="47.018995" lon="-123.159206"></trkpt><trkpt lat="47.017965" lon="-123.160729"></trkpt><trkpt lat="47.017515" lon="-123.162811"></trkpt><trkpt lat="47.017965" lon="-123.160729"></trkpt><trkpt lat="47.018995" lon="-123.159206"></trkpt><trkpt lat="47.021806" lon="-123.158820"></trkpt><trkpt lat="47.022965" lon="-123.159592"></trkpt><trkpt lat="47.023180" lon="-123.158712"></trkpt><trkpt lat="47.023609" lon="-123.158412"></trkpt><trkpt lat="47.025175" lon="-123.159249"></trkpt><trkpt lat="47.024682" lon="-123.157082"></trkpt><trkpt lat="47.024767" lon="-123.155687"></trkpt><trkpt lat="47.023780" lon="-123.155944"></trkpt><trkpt lat="47.022686" lon="-123.155043"></trkpt><trkpt lat="47.019811" lon="-123.153691"></trkpt><trkpt lat="47.019296" lon="-123.153026"></trkpt><trkpt lat="47.019145" lon="-123.152254"></trkpt><trkpt lat="47.019789" lon="-123.148241"></trkpt><trkpt lat="47.019660" lon="-123.146632"></trkpt><trkpt lat="47.019854" lon="-123.146224"></trkpt><trkpt lat="47.020669" lon="-123.145559"></trkpt><trkpt lat="47.021120" lon="-123.142555"></trkpt><trkpt lat="47.021742" lon="-123.141332"></trkpt><trkpt lat="47.021463" lon="-123.140152"></trkpt><trkpt lat="47.021999" lon="-123.136032"></trkpt><trkpt lat="47.022514" lon="-123.134508"></trkpt><trkpt lat="47.023695" lon="-123.133028"></trkpt><trkpt lat="47.025926" lon="-123.132169"></trkpt><trkpt lat="47.026377" lon="-123.132813"></trkpt><trkpt lat="47.027128" lon="-123.135409"></trkpt><trkpt lat="47.029188" lon="-123.135324"></trkpt><trkpt lat="47.029810" lon="-123.135688"></trkpt><trkpt lat="47.029510" lon="-123.137083"></trkpt><trkpt lat="47.027965" lon="-123.138499"></trkpt><trkpt lat="47.027471" lon="-123.140194"></trkpt><trkpt lat="47.028008" lon="-123.141675"></trkpt><trkpt lat="47.028244" lon="-123.144336"></trkpt><trkpt lat="47.028844" lon="-123.146439"></trkpt><trkpt lat="47.029595" lon="-123.147597"></trkpt><trkpt lat="47.030475" lon="-123.151653"></trkpt><trkpt lat="47.031612" lon="-123.152554"></trkpt><trkpt lat="47.031870" lon="-123.153198"></trkpt><trkpt lat="47.031398" lon="-123.155301"></trkpt><trkpt lat="47.031655" lon="-123.158112"></trkpt><trkpt lat="47.032149" lon="-123.159313"></trkpt><trkpt lat="47.032106" lon="-123.159935"></trkpt><trkpt lat="47.031698" lon="-123.160515"></trkpt><trkpt lat="47.032020" lon="-123.161480"></trkpt><trkpt lat="47.031634" lon="-123.162167"></trkpt><trkpt lat="47.031720" lon="-123.162510"></trkpt><trkpt lat="47.032514" lon="-123.163605"></trkpt><trkpt lat="47.033522" lon="-123.163412"></trkpt><trkpt lat="47.033823" lon="-123.164356"></trkpt><trkpt lat="47.035024" lon="-123.162618"></trkpt><trkpt lat="47.035325" lon="-123.162489"></trkpt><trkpt lat="47.036140" lon="-123.164377"></trkpt><trkpt lat="47.037041" lon="-123.164742"></trkpt><trkpt lat="47.037621" lon="-123.165493"></trkpt><trkpt lat="47.037706" lon="-123.166459"></trkpt><trkpt lat="47.037256" lon="-123.168561"></trkpt><trkpt lat="47.037706" lon="-123.171566"></trkpt><trkpt lat="47.036140" lon="-123.173990"></trkpt><trkpt lat="47.035067" lon="-123.176930"></trkpt><trkpt lat="47.036097" lon="-123.177080"></trkpt><trkpt lat="47.037234" lon="-123.178196"></trkpt><trkpt lat="47.037406" lon="-123.180234"></trkpt><trkpt lat="47.037985" lon="-123.182380"></trkpt><trkpt lat="47.039616" lon="-123.183990"></trkpt><trkpt lat="47.039852" lon="-123.184633"></trkpt><trkpt lat="47.039680" lon="-123.188217"></trkpt><trkpt lat="47.040303" lon="-123.189418"></trkpt><trkpt lat="47.041676" lon="-123.190985"></trkpt><trkpt lat="47.042298" lon="-123.192852"></trkpt><trkpt lat="47.042170" lon="-123.198795"></trkpt><trkpt lat="47.041183" lon="-123.200254"></trkpt><trkpt lat="47.041118" lon="-123.200812"></trkpt><trkpt lat="47.041268" lon="-123.201005"></trkpt><trkpt lat="47.043264" lon="-123.199224"></trkpt><trkpt lat="47.044830" lon="-123.196392"></trkpt><trkpt lat="47.046375" lon="-123.194482"></trkpt><trkpt lat="47.046804" lon="-123.191800"></trkpt><trkpt lat="47.047405" lon="-123.190899"></trkpt><trkpt lat="47.046676" lon="-123.189740"></trkpt><trkpt lat="47.047319" lon="-123.187809"></trkpt><trkpt lat="47.047963" lon="-123.189075"></trkpt><trkpt lat="47.049165" lon="-123.190062"></trkpt><trkpt lat="47.049916" lon="-123.192787"></trkpt><trkpt lat="47.050581" lon="-123.192980"></trkpt><trkpt lat="47.051482" lon="-123.194890"></trkpt><trkpt lat="47.052619" lon="-123.195255"></trkpt><trkpt lat="47.053499" lon="-123.196220"></trkpt><trkpt lat="47.052619" lon="-123.195255"></trkpt></trkseg></trk><trk><name>T003 PN935B6</name><trkseg><trkpt lat="47.357290" lon="-123.552760"></trkpt><trkpt lat="47.357235" lon="-123.552749"></trkpt><trkpt lat="47.357183" lon="-123.552766"></trkpt><trkpt lat="47.357147" lon="-123.552801"></trkpt><trkpt lat="47.357101" lon="-123.552840"></trkpt><trkpt lat="47.357060" lon="-123.552884"></trkpt><trkpt lat="47.357021" lon="-123.552922"></trkpt><trkpt lat="47.356978" lon="-123.552962"></trkpt><trkpt lat="47.356944" lon="-123.553004"></trkpt><trkpt lat="47.356918" lon="-123.553065"></trkpt><trkpt lat="47.356908" lon="-123.553139"></trkpt><trkpt lat="47.356906" lon="-123.553212"></trkpt><trkpt lat="47.356910" lon="-123.553286"></trkpt><trkpt lat="47.356928" lon="-123.553342"></trkpt><trkpt lat="47.356914" lon="-123.553444"></trkpt><trkpt lat="47.356903" lon="-123.553525"></trkpt><trkpt lat="47.356892" lon="-123.553610"></trkpt><trkpt lat="47.356873" lon="-123.553683"></trkpt><trkpt lat="47.356850" lon="-123.553745"></trkpt><trkpt lat="47.356819" lon="-123.553798"></trkpt><trkpt lat="47.356793" lon="-123.553862"></trkpt><trkpt lat="47.356770" lon="-123.553924"></trkpt><trkpt lat="47.356745" lon="-123.553981"></trkpt><trkpt lat="47.356719" lon="-123.554046"></trkpt><trkpt lat="47.356692" lon="-123.554110"></trkpt><trkpt lat="47.356644" lon="-123.554167"></trkpt><trkpt lat="47.356618" lon="-123.554234"></trkpt><trkpt lat="47.356581" lon="-123.554311"></trkpt><trkpt lat="47.356544" lon="-123.554369"></trkpt><trkpt lat="47.356502" lon="-123.554424"></trkpt><trkpt lat="47.356472" lon="-123.554477"></trkpt><trkpt lat="47.356430" lon="-123.554531"></trkpt><trkpt lat="47.356406" lon="-123.554600"></trkpt><trkpt lat="47.356361" lon="-123.554674"></trkpt><trkpt lat="47.356327" lon="-123.554751"></trkpt><trkpt lat="47.356293" lon="-123.554807"></trkpt><trkpt lat="47.356262" lon="-123.554867"></trkpt><trkpt lat="47.356229" lon="-123.554934"></trkpt><trkpt lat="47.356204" lon="-123.554991"></trkpt><trkpt lat="47.356170" lon="-123.555068"></trkpt><trkpt lat="47.356144" lon="-123.555136"></trkpt><trkpt lat="47.356112" lon="-123.555200"></trkpt><trkpt lat="47.356078" lon="-123.555256"></trkpt><trkpt lat="47.356034" lon="-123.555330"></trkpt><trkpt lat="47.355991" lon="-123.555384"></trkpt><trkpt lat="47.355951" lon="-123.555449"></trkpt><trkpt lat="47.355907" lon="-123.555514"></trkpt><trkpt lat="47.355866" lon="-123.555582"></trkpt><trkpt lat="47.355839" lon="-123.555650"></trkpt><trkpt lat="47.355814" lon="-123.555728"></trkpt><trkpt lat="47.355776" lon="-123.555815"></trkpt><trkpt lat="47.355745" lon="-123.555871"></trkpt><trkpt lat="47.355710" lon="-123.555938"></trkpt><trkpt lat="47.355674" lon="-123.556028"></trkpt><trkpt lat="47.355646" lon="-123.556106"></trkpt><trkpt lat="47.355615" lon="-123.556166"></trkpt><trkpt lat="47.355584" lon="-123.556219"></trkpt><trkpt lat="47.355550" lon="-123.556282"></trkpt><trkpt lat="47.355534" lon="-123.556355"></trkpt><trkpt lat="47.355515" lon="-123.556425"></trkpt><trkpt lat="47.355487" lon="-123.556503"></trkpt><trkpt lat="47.355455" lon="-123.556552"></trkpt><trkpt lat="47.355428" lon="-123.556620"></trkpt><trkpt lat="47.355395" lon="-123.556673"></trkpt><trkpt lat="47.355372" lon="-123.556734"></trkpt><trkpt lat="47.355353" lon="-123.556804"></trkpt><trkpt lat="47.355337" lon="-123.556884"></trkpt><trkpt lat="47.355304" lon="-123.556954"></trkpt><trkpt lat="47.355280" lon="-123.557019"></trkpt><trkpt lat="47.355254" lon="-123.557087"></trkpt><trkpt lat="47.355229" lon="-123.557141"></trkpt><trkpt lat="47.355211" lon="-123.557207"></trkpt><trkpt lat="47.355210" lon="-123.557217"></trkpt><trkpt lat="47.354502" lon="-123.559344"></trkpt><trkpt lat="47.354085" lon="-123.560313"></trkpt><trkpt lat="47.353084" lon="-123.561979"></trkpt><trkpt lat="47.352290" lon="-123.562481"></trkpt><trkpt lat="47.351801" lon="-123.562906"></trkpt><trkpt lat="47.351479" lon="-123.563049"></trkpt><trkpt lat="47.351116" lon="-123.563231"></trkpt><trkpt lat="47.351066" lon="-123.563221"></trkpt><trkpt lat="47.351001" lon="-123.563208"></trkpt><trkpt lat="47.350945" lon="-123.563197"></trkpt><trkpt lat="47.350881" lon="-123.563184"></trkpt><trkpt lat="47.350826" lon="-123.563163"></trkpt><trkpt lat="47.350779" lon="-123.563143"></trkpt><trkpt lat="47.350730" lon="-123.563123"></trkpt><trkpt lat="47.350685" lon="-123.563093"></trkpt><trkpt lat="47.350627" lon="-123.563071"></trkpt><trkpt lat="47.350573" lon="-123.563049"></trkpt><trkpt lat="47.350519" lon="-123.563018"></trkpt><trkpt lat="47.350474" lon="-123.562991"></trkpt><trkpt lat="47.350425" lon="-123.562971"></trkpt><trkpt lat="47.350385" lon="-123.562942"></trkpt><trkpt lat="47.350337" lon="-123.562915"></trkpt><trkpt lat="47.350288" lon="-123.562895"></trkpt><trkpt lat="47.350243" lon="-123.562865"></trkpt><trkpt lat="47.350199" lon="-123.562804"></trkpt><trkpt lat="47.350160" lon="-123.562758"></trkpt><trkpt lat="47.350128" lon="-123.562695"></trkpt><trkpt lat="47.350094" lon="-123.562643"></trkpt><trkpt lat="47.350077" lon="-123.562577"></trkpt><trkpt lat="47.350054" lon="-123.562514"></trkpt><trkpt lat="47.350031" lon="-123.562453"></trkpt><trkpt lat="47.350006" lon="-123.562386"></trkpt><trkpt lat="47.349979" lon="-123.562328"></trkpt><trkpt lat="47.349938" lon="-123.562247"></trkpt><trkpt lat="47.349909" lon="-123.562185"></trkpt><trkpt lat="47.349884" lon="-123.562117"></trkpt><trkpt lat="47.349860" lon="-123.562040"></trkpt><trkpt lat="47.349824" lon="-123.561981"></trkpt><trkpt lat="47.349788" lon="-123.561928"></trkpt><trkpt lat="47.349757" lon="-123.561867"></trkpt><trkpt lat="47.349754" lon="-123.561779"></trkpt><trkpt lat="47.349736" lon="-123.561726"></trkpt><trkpt lat="47.349701" lon="-123.561681"></trkpt><trkpt lat="47.349660" lon="-123.561628"></trkpt><trkpt lat="47.349615" lon="-123.561577"></trkpt><trkpt lat="47.349567" lon="-123.561543"></trkpt><trkpt lat="47.349520" lon="-123.561551"></trkpt><trkpt lat="47.349481" lon="-123.561585"></trkpt><trkpt lat="47.349437" lon="-123.561631"></trkpt><trkpt lat="47.349402" lon="-123.561697"></trkpt><trkpt lat="47.349356" lon="-123.561737"></trkpt><trkpt lat="47.349338" lon="-123.561806"></trkpt><trkpt lat="47.349314" lon="-123.561857"></trkpt><trkpt lat="47.349280" lon="-123.561910"></trkpt><trkpt lat="47.349262" lon="-123.561979"></trkpt><trkpt lat="47.349235" lon="-123.562051"></trkpt><trkpt lat="47.349222" lon="-123.562142"></trkpt><trkpt lat="47.349212" lon="-123.562217"></trkpt><trkpt lat="47.349201" lon="-123.562298"></trkpt><trkpt lat="47.349181" lon="-123.562377"></trkpt><trkpt lat="47.349156" lon="-123.562435"></trkpt><trkpt lat="47.349121" lon="-123.562498"></trkpt><trkpt lat="47.349103" lon="-123.562567"></trkpt><trkpt lat="47.349073" lon="-123.562617"></trkpt><trkpt lat="47.349031" lon="-123.562668"></trkpt><trkpt lat="47.348984" lon="-123.562700"></trkpt><trkpt lat="47.348939" lon="-123.562730"></trkpt><trkpt lat="47.348882" lon="-123.562725"></trkpt><trkpt lat="47.348823" lon="-123.562713"></trkpt><trkpt lat="47.348771" lon="-123.562696"></trkpt><trkpt lat="47.348717" lon="-123.562664"></trkpt><trkpt lat="47.348674" lon="-123.562645"></trkpt><trkpt lat="47.348630" lon="-123.562609"></trkpt><trkpt lat="47.348585" lon="-123.562582"></trkpt><trkpt lat="47.348548" lon="-123.562533"></trkpt><trkpt lat="47.348514" lon="-123.562488"></trkpt><trkpt lat="47.348471" lon="-123.562441"></trkpt><trkpt lat="47.348429" lon="-123.562391"></trkpt><trkpt lat="47.348388" lon="-123.562330"></trkpt><trkpt lat="47.348337" lon="-123.562285"></trkpt><trkpt lat="47.348300" lon="-123.562236"></trkpt><trkpt lat="47.348249" lon="-123.562208"></trkpt><trkpt lat="47.348203" lon="-123.562188"></trkpt><trkpt lat="47.348155" lon="-123.562200"></trkpt><trkpt lat="47.348072" lon="-123.562232"></trkpt><trkpt lat="47.348013" lon="-123.562241"></trkpt><trkpt lat="47.347959" lon="-123.562230"></trkpt><trkpt lat="47.347892" lon="-123.562207"></trkpt><trkpt lat="47.347853" lon="-123.562160"></trkpt><trkpt lat="47.347808" lon="-123.562109"></trkpt><trkpt lat="47.347770" lon="-123.562043"></trkpt><trkpt lat="47.347736" lon="-123.561998"></trkpt><trkpt lat="47.347699" lon="-123.561952"></trkpt><trkpt lat="47.347654" lon="-123.561925"></trkpt><trkpt lat="47.347599" lon="-123.561886"></trkpt><trkpt lat="47.347565" lon="-123.561834"></trkpt><trkpt lat="47.347509" lon="-123.561802"></trkpt><trkpt lat="47.347463" lon="-123.561762"></trkpt><trkpt lat="47.347414" lon="-123.561720"></trkpt><trkpt lat="47.347367" lon="-123.561683"></trkpt><trkpt lat="47.347330" lon="-123.561634"></trkpt><trkpt lat="47.347299" lon="-123.561568"></trkpt><trkpt lat="47.347275" lon="-123.561511"></trkpt><trkpt lat="47.347252" lon="-123.561447"></trkpt><trkpt lat="47.347228" lon="-123.561370"></trkpt><trkpt lat="47.347206" lon="-123.561320"></trkpt><trkpt lat="47.347168" lon="-123.561281"></trkpt><trkpt lat="47.347127" lon="-123.561224"></trkpt><trkpt lat="47.347085" lon="-123.561173"></trkpt><trkpt lat="47.347038" lon="-123.561115"></trkpt><trkpt lat="47.346988" lon="-123.561057"></trkpt><trkpt lat="47.346940" lon="-123.561009"></trkpt><trkpt lat="47.346886" lon="-123.560991"></trkpt><trkpt lat="47.346887" lon="-123.560981"></trkpt><trkpt lat="47.346607" lon="-123.560989"></trkpt><trkpt lat="47.346551" lon="-123.560978"></trkpt><trkpt lat="47.346506" lon="-123.561011"></trkpt><trkpt lat="47.346467" lon="-123.561059"></trkpt><trkpt lat="47.346431" lon="-123.561135"></trkpt><trkpt lat="47.346404" lon="-123.561203"></trkpt><trkpt lat="47.346367" lon="-123.561241"></trkpt><trkpt lat="47.346323" lon="-123.561271"></trkpt><trkpt lat="47.346272" lon="-123.561288"></trkpt><trkpt lat="47.346226" lon="-123.561310"></trkpt><trkpt lat="47.346180" lon="-123.561311"></trkpt><trkpt lat="47.346128" lon="-123.561311"></trkpt><trkpt lat="47.346072" lon="-123.561321"></trkpt><trkpt lat="47.346014" lon="-123.561316"></trkpt><trkpt lat="47.345965" lon="-123.561317"></trkpt><trkpt lat="47.345920" lon="-123.561329"></trkpt><trkpt lat="47.345873" lon="-123.561337"></trkpt><trkpt lat="47.345826" lon="-123.561359"></trkpt><trkpt lat="47.345779" lon="-123.561388"></trkpt><trkpt lat="47.345718" lon="-123.561414"></trkpt><trkpt lat="47.345671" lon="-123.561436"></trkpt><trkpt lat="47.345611" lon="-123.561455"></trkpt><trkpt lat="47.345557" lon="-123.561466"></trkpt><trkpt lat="47.345503" lon="-123.561465"></trkpt><trkpt lat="47.345452" lon="-123.561455"></trkpt><trkpt lat="47.345391" lon="-123.561443"></trkpt><trkpt lat="47.345337" lon="-123.561411"></trkpt><trkpt lat="47.345298" lon="-123.561382"></trkpt><trkpt lat="47.345238" lon="-123.561353"></trkpt><trkpt lat="47.345193" lon="-123.561323"></trkpt><trkpt lat="47.345130" lon="-123.561300"></trkpt><trkpt lat="47.345080" lon="-123.561280"></trkpt><trkpt lat="47.345026" lon="-123.561258"></trkpt><trkpt lat="47.344972" lon="-123.561248"></trkpt><trkpt lat="47.344905" lon="-123.561234"></trkpt><trkpt lat="47.344854" lon="-123.561224"></trkpt><trkpt lat="47.344772" lon="-123.561208"></trkpt><trkpt lat="47.344714" lon="-123.561213"></trkpt><trkpt lat="47.344652" lon="-123.561222"></trkpt><trkpt lat="47.344588" lon="-123.561226"></trkpt><trkpt lat="47.344533" lon="-123.561247"></trkpt><trkpt lat="47.344488" lon="-123.561255"></trkpt><trkpt lat="47.344439" lon="-123.561253"></trkpt><trkpt lat="47.344386" lon="-123.561263"></trkpt><trkpt lat="47.344330" lon="-123.561272"></trkpt><trkpt lat="47.344282" lon="-123.561305"></trkpt><trkpt lat="47.344236" lon="-123.561344"></trkpt><trkpt lat="47.344196" lon="-123.561402"></trkpt><trkpt lat="47.344165" lon="-123.561462"></trkpt><trkpt lat="47.344123" lon="-123.561517"></trkpt><trkpt lat="47.344076" lon="-123.561563"></trkpt><trkpt lat="47.344028" lon="-123.561595"></trkpt><trkpt lat="47.344000" lon="-123.561632"></trkpt><trkpt lat="47.343967" lon="-123.561663"></trkpt><trkpt lat="47.343930" lon="-123.561694"></trkpt><trkpt lat="47.343929" lon="-123.561704"></trkpt><trkpt lat="47.343879" lon="-123.561730"></trkpt><trkpt lat="47.343817" lon="-123.561717"></trkpt><trkpt lat="47.343768" lon="-123.561718"></trkpt><trkpt lat="47.343718" lon="-123.561729"></trkpt><trkpt lat="47.343670" lon="-123.561758"></trkpt><trkpt lat="47.343624" lon="-123.561780"></trkpt><trkpt lat="47.343570" lon="-123.561797"></trkpt><trkpt lat="47.343491" lon="-123.561823"></trkpt><trkpt lat="47.343438" lon="-123.561833"></trkpt><trkpt lat="47.343388" lon="-123.561858"></trkpt><trkpt lat="47.343335" lon="-123.561868"></trkpt><trkpt lat="47.343281" lon="-123.561857"></trkpt><trkpt lat="47.343239" lon="-123.561828"></trkpt><trkpt lat="47.343212" lon="-123.561771"></trkpt><trkpt lat="47.343175" lon="-123.561725"></trkpt><trkpt lat="47.343148" lon="-123.561671"></trkpt><trkpt lat="47.343113" lon="-123.561611"></trkpt><trkpt lat="47.343081" lon="-123.561549"></trkpt><trkpt lat="47.343064" lon="-123.561483"></trkpt><trkpt lat="47.343057" lon="-123.561405"></trkpt><trkpt lat="47.343043" lon="-123.561344"></trkpt><trkpt lat="47.343027" lon="-123.561268"></trkpt><trkpt lat="47.343016" lon="-123.561203"></trkpt><trkpt lat="47.342999" lon="-123.561155"></trkpt><trkpt lat="47.342991" lon="-123.561091"></trkpt><trkpt lat="47.342984" lon="-123.561016"></trkpt><trkpt lat="47.342986" lon="-123.560940"></trkpt><trkpt lat="47.342996" lon="-123.560865"></trkpt><trkpt lat="47.343007" lon="-123.560786"></trkpt><trkpt lat="47.343031" lon="-123.560739"></trkpt><trkpt lat="47.343061" lon="-123.560685"></trkpt><trkpt lat="47.343092" lon="-123.560626"></trkpt><trkpt lat="47.343126" lon="-123.560571"></trkpt><trkpt lat="47.343171" lon="-123.560514"></trkpt><trkpt lat="47.343205" lon="-123.560458"></trkpt><trkpt lat="47.343205" lon="-123.560394"></trkpt><trkpt lat="47.343196" lon="-123.560333"></trkpt><trkpt lat="47.343197" lon="-123.560263"></trkpt><trkpt lat="47.343198" lon="-123.560191"></trkpt><trkpt lat="47.343209" lon="-123.560113"></trkpt><trkpt lat="47.343220" lon="-123.560035"></trkpt><trkpt lat="47.343221" lon="-123.559962"></trkpt><trkpt lat="47.343232" lon="-123.559881"></trkpt><trkpt lat="47.343244" lon="-123.559800"></trkpt><trkpt lat="47.343255" lon="-123.559718"></trkpt><trkpt lat="47.343265" lon="-123.559640"></trkpt><trkpt lat="47.343267" lon="-123.559571"></trkpt><trkpt lat="47.343277" lon="-123.559493"></trkpt><trkpt lat="47.343288" lon="-123.559415"></trkpt><trkpt lat="47.343291" lon="-123.559350"></trkpt><trkpt lat="47.343302" lon="-123.559273"></trkpt><trkpt lat="47.343303" lon="-123.559264"></trkpt><trkpt lat="47.343480" lon="-123.558862"></trkpt><trkpt lat="47.343995" lon="-123.558005"></trkpt><trkpt lat="47.344274" lon="-123.557155"></trkpt><trkpt lat="47.344603" lon="-123.555945"></trkpt><trkpt lat="47.344883" lon="-123.555192"></trkpt><trkpt lat="47.344894" lon="-123.555114"></trkpt><trkpt lat="47.344905" lon="-123.555033"></trkpt><trkpt lat="47.344916" lon="-123.554958"></trkpt><trkpt lat="47.344926" lon="-123.554880"></trkpt><trkpt lat="47.344919" lon="-123.554806"></trkpt><trkpt lat="47.344903" lon="-123.554736"></trkpt><trkpt lat="47.344870" lon="-123.554681"></trkpt><trkpt lat="47.344835" lon="-123.554622"></trkpt><trkpt lat="47.344795" lon="-123.554575"></trkpt><trkpt lat="47.344738" lon="-123.554525"></trkpt><trkpt lat="47.344692" lon="-123.554485"></trkpt><trkpt lat="47.344648" lon="-123.554448"></trkpt><trkpt lat="47.344601" lon="-123.554407"></trkpt><trkpt lat="47.344557" lon="-123.554371"></trkpt><trkpt lat="47.344517" lon="-123.554352"></trkpt><trkpt lat="47.344471" lon="-123.554326"></trkpt><trkpt lat="47.344417" lon="-123.554304"></trkpt><trkpt lat="47.344360" lon="-123.554293"></trkpt><trkpt lat="47.344307" lon="-123.554282"></trkpt><trkpt lat="47.344242" lon="-123.554269"></trkpt><trkpt lat="47.344192" lon="-123.554259"></trkpt><trkpt lat="47.344138" lon="-123.554248"></trkpt><trkpt lat="47.344085" lon="-123.554238"></trkpt><trkpt lat="47.344034" lon="-123.554228"></trkpt><trkpt lat="47.343978" lon="-123.554216"></trkpt><trkpt lat="47.343928" lon="-123.554206"></trkpt><trkpt lat="47.343859" lon="-123.554203"></trkpt><trkpt lat="47.343804" lon="-123.554203"></trkpt><trkpt lat="47.343762" lon="-123.554215"></trkpt><trkpt lat="47.343719" lon="-123.554255"></trkpt><trkpt lat="47.343678" lon="-123.554299"></trkpt><trkpt lat="47.343629" lon="-123.554335"></trkpt><trkpt lat="47.343582" lon="-123.554343"></trkpt><trkpt lat="47.343536" lon="-123.554365"></trkpt><trkpt lat="47.343465" lon="-123.554372"></trkpt><trkpt lat="47.343415" lon="-123.554362"></trkpt><trkpt lat="47.343356" lon="-123.554350"></trkpt><trkpt lat="47.343286" lon="-123.554336"></trkpt><trkpt lat="47.343236" lon="-123.554315"></trkpt><trkpt lat="47.343178" lon="-123.554304"></trkpt><trkpt lat="47.343118" lon="-123.554302"></trkpt><trkpt lat="47.343065" lon="-123.554302"></trkpt><trkpt lat="47.343016" lon="-123.554324"></trkpt><trkpt lat="47.342970" lon="-123.554346"></trkpt><trkpt lat="47.342927" lon="-123.554386"></trkpt><trkpt lat="47.342884" lon="-123.554426"></trkpt><trkpt lat="47.342826" lon="-123.554467"></trkpt><trkpt lat="47.342782" lon="-123.554496"></trkpt><trkpt lat="47.342734" lon="-123.554546"></trkpt><trkpt lat="47.342695" lon="-123.554580"></trkpt><trkpt lat="47.342654" lon="-123.554624"></trkpt><trkpt lat="47.342611" lon="-123.554664"></trkpt><trkpt lat="47.342568" lon="-123.554687"></trkpt><trkpt lat="47.342519" lon="-123.554687"></trkpt><trkpt lat="47.342467" lon="-123.554688"></trkpt><trkpt lat="47.342421" lon="-123.554689"></trkpt><trkpt lat="47.342362" lon="-123.554677"></trkpt><trkpt lat="47.342310" lon="-123.554677"></trkpt><trkpt lat="47.342255" lon="-123.554677"></trkpt><trkpt lat="47.342214" lon="-123.554703"></trkpt><trkpt lat="47.342178" lon="-123.554734"></trkpt><trkpt lat="47.342139" lon="-123.554751"></trkpt><trkpt lat="47.342001" lon="-123.554846"></trkpt><trkpt lat="47.341948" lon="-123.554842"></trkpt><trkpt lat="47.341879" lon="-123.554859"></trkpt><trkpt lat="47.341819" lon="-123.554875"></trkpt><trkpt lat="47.341773" lon="-123.554897"></trkpt><trkpt lat="47.341727" lon="-123.554919"></trkpt><trkpt lat="47.341672" lon="-123.554940"></trkpt><trkpt lat="47.341626" lon="-123.554962"></trkpt><trkpt lat="47.341574" lon="-123.554982"></trkpt><trkpt lat="47.341517" lon="-123.554999"></trkpt><trkpt lat="47.341454" lon="-123.555017"></trkpt><trkpt lat="47.341392" lon="-123.555026"></trkpt><trkpt lat="47.341339" lon="-123.555015"></trkpt><trkpt lat="47.341283" lon="-123.555004"></trkpt><trkpt lat="47.341235" lon="-123.554977"></trkpt><trkpt lat="47.341187" lon="-123.554946"></trkpt><trkpt lat="47.341146" lon="-123.554910"></trkpt><trkpt lat="47.341105" lon="-123.554892"></trkpt><trkpt lat="47.341061" lon="-123.554855"></trkpt><trkpt lat="47.341012" lon="-123.554835"></trkpt><trkpt lat="47.340947" lon="-123.554822"></trkpt><trkpt lat="47.340896" lon="-123.554812"></trkpt><trkpt lat="47.340847" lon="-123.554795"></trkpt><trkpt lat="47.340785" lon="-123.554782"></trkpt><trkpt lat="47.340693" lon="-123.554774"></trkpt><trkpt lat="47.340636" lon="-123.554773"></trkpt><trkpt lat="47.340581" lon="-123.554773"></trkpt><trkpt lat="47.340525" lon="-123.554762"></trkpt><trkpt lat="47.340460" lon="-123.554749"></trkpt><trkpt lat="47.340383" lon="-123.554744"></trkpt><trkpt lat="47.340324" lon="-123.554732"></trkpt><trkpt lat="47.340274" lon="-123.554722"></trkpt><trkpt lat="47.340218" lon="-123.554711"></trkpt><trkpt lat="47.340164" lon="-123.554679"></trkpt><trkpt lat="47.340118" lon="-123.554659"></trkpt><trkpt lat="47.340060" lon="-123.554637"></trkpt><trkpt lat="47.340004" lon="-123.554626"></trkpt><trkpt lat="47.339956" lon="-123.554606"></trkpt><trkpt lat="47.339917" lon="-123.554578"></trkpt><trkpt lat="47.339880" lon="-123.554543"></trkpt><trkpt lat="47.339871" lon="-123.554479"></trkpt><trkpt lat="47.339863" lon="-123.554414"></trkpt><trkpt lat="47.339862" lon="-123.554351"></trkpt><trkpt lat="47.339862" lon="-123.554289"></trkpt><trkpt lat="47.339863" lon="-123.554223"></trkpt><trkpt lat="47.339857" lon="-123.554163"></trkpt><trkpt lat="47.339849" lon="-123.554092"></trkpt><trkpt lat="47.339833" lon="-123.554016"></trkpt><trkpt lat="47.339826" lon="-123.553945"></trkpt><trkpt lat="47.339810" lon="-123.553873"></trkpt><trkpt lat="47.339794" lon="-123.553803"></trkpt><trkpt lat="47.339788" lon="-123.553737"></trkpt><trkpt lat="47.339799" lon="-123.553660"></trkpt><trkpt lat="47.339811" lon="-123.553576"></trkpt><trkpt lat="47.339853" lon="-123.553522"></trkpt><trkpt lat="47.339897" lon="-123.553496"></trkpt><trkpt lat="47.339945" lon="-123.553477"></trkpt><trkpt lat="47.339988" lon="-123.553458"></trkpt><trkpt lat="47.340031" lon="-123.553446"></trkpt><trkpt lat="47.340075" lon="-123.553434"></trkpt><trkpt lat="47.340109" lon="-123.553410"></trkpt><trkpt lat="47.341185" lon="-123.553240"></trkpt><trkpt lat="47.341884" lon="-123.552986"></trkpt><trkpt lat="47.342326" lon="-123.552566"></trkpt><trkpt lat="47.344749" lon="-123.550020"></trkpt><trkpt lat="47.345467" lon="-123.549311"></trkpt><trkpt lat="47.346304" lon="-123.547084"></trkpt><trkpt lat="47.346656" lon="-123.546865"></trkpt><trkpt lat="47.347640" lon="-123.547097"></trkpt><trkpt lat="47.348085" lon="-123.546850"></trkpt><trkpt lat="47.348123" lon="-123.546750"></trkpt><trkpt lat="47.348181" lon="-123.546645"></trkpt><trkpt lat="47.348219" lon="-123.546542"></trkpt><trkpt lat="47.348258" lon="-123.546435"></trkpt><trkpt lat="47.348291" lon="-123.546303"></trkpt><trkpt lat="47.348309" lon="-123.546169"></trkpt><trkpt lat="47.348310" lon="-123.546059"></trkpt><trkpt lat="47.348273" lon="-123.545948"></trkpt><trkpt lat="47.348243" lon="-123.545858"></trkpt><trkpt lat="47.348211" lon="-123.545771"></trkpt><trkpt lat="47.348183" lon="-123.545703"></trkpt><trkpt lat="47.347691" lon="-123.543716"></trkpt><trkpt lat="47.347708" lon="-123.542160"></trkpt><trkpt lat="47.347566" lon="-123.541544"></trkpt><trkpt lat="47.348333" lon="-123.539812"></trkpt><trkpt lat="47.348868" lon="-123.539428"></trkpt><trkpt lat="47.348952" lon="-123.539445"></trkpt><trkpt lat="47.349035" lon="-123.539433"></trkpt><trkpt lat="47.349113" lon="-123.539397"></trkpt><trkpt lat="47.349199" lon="-123.539367"></trkpt><trkpt lat="47.349308" lon="-123.539343"></trkpt><trkpt lat="47.349397" lon="-123.539326"></trkpt><trkpt lat="47.349481" lon="-123.539313"></trkpt><trkpt lat="47.349672" lon="-123.539282"></trkpt><trkpt lat="47.349764" lon="-123.539248"></trkpt><trkpt lat="47.349841" lon="-123.539211"></trkpt><trkpt lat="47.349923" lon="-123.539175"></trkpt><trkpt lat="47.350003" lon="-123.539122"></trkpt><trkpt lat="47.350084" lon="-123.539052"></trkpt><trkpt lat="47.350163" lon="-123.538969"></trkpt><trkpt lat="47.350242" lon="-123.538886"></trkpt><trkpt lat="47.350293" lon="-123.538798"></trkpt><trkpt lat="47.350363" lon="-123.538707"></trkpt><trkpt lat="47.350421" lon="-123.538603"></trkpt><trkpt lat="47.350453" lon="-123.538477"></trkpt><trkpt lat="47.350498" lon="-123.538353"></trkpt><trkpt lat="47.350531" lon="-123.538185"></trkpt><trkpt lat="47.350552" lon="-123.538033"></trkpt><trkpt lat="47.350573" lon="-123.537880"></trkpt><trkpt lat="47.350607" lon="-123.537742"></trkpt><trkpt lat="47.350658" lon="-123.537578"></trkpt><trkpt lat="47.350675" lon="-123.537455"></trkpt><trkpt lat="47.350708" lon="-123.537323"></trkpt><trkpt lat="47.350729" lon="-123.537171"></trkpt><trkpt lat="47.350761" lon="-123.537009"></trkpt><trkpt lat="47.350780" lon="-123.536873"></trkpt><trkpt lat="47.350808" lon="-123.536774"></trkpt><trkpt lat="47.350847" lon="-123.536666"></trkpt><trkpt lat="47.350879" lon="-123.536533"></trkpt><trkpt lat="47.350873" lon="-123.536404"></trkpt><trkpt lat="47.350873" lon="-123.536300"></trkpt><trkpt lat="47.350883" lon="-123.536157"></trkpt><trkpt lat="47.350904" lon="-123.536004"></trkpt><trkpt lat="47.350925" lon="-123.535851"></trkpt><trkpt lat="47.350948" lon="-123.535688"></trkpt><trkpt lat="47.350977" lon="-123.535579"></trkpt><trkpt lat="47.351019" lon="-123.535483"></trkpt><trkpt lat="47.351049" lon="-123.535374"></trkpt><trkpt lat="47.351093" lon="-123.535261"></trkpt><trkpt lat="47.351151" lon="-123.535156"></trkpt><trkpt lat="47.351207" lon="-123.535068"></trkpt><trkpt lat="47.351274" lon="-123.534995"></trkpt><trkpt lat="47.351296" lon="-123.534947"></trkpt><trkpt lat="47.351591" lon="-123.534601"></trkpt><trkpt lat="47.351632" lon="-123.534511"></trkpt><trkpt lat="47.351688" lon="-123.534424"></trkpt><trkpt lat="47.351727" lon="-123.534350"></trkpt><trkpt lat="47.351768" lon="-123.534225"></trkpt><trkpt lat="47.351785" lon="-123.534102"></trkpt><trkpt lat="47.351817" lon="-123.533975"></trkpt><trkpt lat="47.351863" lon="-123.533850"></trkpt><trkpt lat="47.351904" lon="-123.533760"></trkpt><trkpt lat="47.351924" lon="-123.533619"></trkpt><trkpt lat="47.351943" lon="-123.533484"></trkpt><trkpt lat="47.351960" lon="-123.533359"></trkpt><trkpt lat="47.351977" lon="-123.533236"></trkpt><trkpt lat="47.351995" lon="-123.533101"></trkpt><trkpt lat="47.352037" lon="-123.532976"></trkpt><trkpt lat="47.352069" lon="-123.532849"></trkpt><trkpt lat="47.352098" lon="-123.532739"></trkpt><trkpt lat="47.352119" lon="-123.532586"></trkpt><trkpt lat="47.352165" lon="-123.532432"></trkpt><trkpt lat="47.352195" lon="-123.532319"></trkpt><trkpt lat="47.352212" lon="-123.532194"></trkpt><trkpt lat="47.352256" lon="-123.532081"></trkpt><trkpt lat="47.352281" lon="-123.531970"></trkpt><trkpt lat="47.352347" lon="-123.531809"></trkpt><trkpt lat="47.352398" lon="-123.531715"></trkpt><trkpt lat="47.352417" lon="-123.531580"></trkpt><trkpt lat="47.352436" lon="-123.531439"></trkpt><trkpt lat="47.352453" lon="-123.531315"></trkpt><trkpt lat="47.352472" lon="-123.531179"></trkpt><trkpt lat="47.352491" lon="-123.531044"></trkpt><trkpt lat="47.352522" lon="-123.530922"></trkpt><trkpt lat="47.352577" lon="-123.530840"></trkpt><trkpt lat="47.352631" lon="-123.530724"></trkpt><trkpt lat="47.352660" lon="-123.530615"></trkpt><trkpt lat="47.352704" lon="-123.530473"></trkpt><trkpt lat="47.352725" lon="-123.530322"></trkpt><trkpt lat="47.352743" lon="-123.530186"></trkpt><trkpt lat="47.352764" lon="-123.530039"></trkpt><trkpt lat="47.352781" lon="-123.529915"></trkpt><trkpt lat="47.352810" lon="-123.529804"></trkpt><trkpt lat="47.352840" lon="-123.529696"></trkpt><trkpt lat="47.352871" lon="-123.529574"></trkpt><trkpt lat="47.352890" lon="-123.529435"></trkpt><trkpt lat="47.352931" lon="-123.529346"></trkpt><trkpt lat="47.352948" lon="-123.529292"></trkpt><trkpt lat="47.353084" lon="-123.529480"></trkpt><trkpt lat="47.353056" lon="-123.530804"></trkpt><trkpt lat="47.352997" lon="-123.533038"></trkpt><trkpt lat="47.352626" lon="-123.535725"></trkpt><trkpt lat="47.352617" lon="-123.536216"></trkpt><trkpt lat="47.352644" lon="-123.536295"></trkpt><trkpt lat="47.352726" lon="-123.536328"></trkpt><trkpt lat="47.352810" lon="-123.536345"></trkpt><trkpt lat="47.352882" lon="-123.536342"></trkpt><trkpt lat="47.352918" lon="-123.536252"></trkpt><trkpt lat="47.352950" lon="-123.536131"></trkpt><trkpt lat="47.352993" lon="-123.536029"></trkpt><trkpt lat="47.353024" lon="-123.535907"></trkpt><trkpt lat="47.353053" lon="-123.535797"></trkpt><trkpt lat="47.353084" lon="-123.535681"></trkpt><trkpt lat="47.353125" lon="-123.535591"></trkpt><trkpt lat="47.353167" lon="-123.535496"></trkpt><trkpt lat="47.353237" lon="-123.535411"></trkpt><trkpt lat="47.353301" lon="-123.535325"></trkpt><trkpt lat="47.353367" lon="-123.535269"></trkpt><trkpt lat="47.353452" lon="-123.535240"></trkpt><trkpt lat="47.353536" lon="-123.535222"></trkpt><trkpt lat="47.353644" lon="-123.535244"></trkpt><trkpt lat="47.353731" lon="-123.535243"></trkpt><trkpt lat="47.353857" lon="-123.535269"></trkpt><trkpt lat="47.353955" lon="-123.535288"></trkpt><trkpt lat="47.354042" lon="-123.535288"></trkpt><trkpt lat="47.354123" lon="-123.535293"></trkpt><trkpt lat="47.354227" lon="-123.535314"></trkpt><trkpt lat="47.354320" lon="-123.535332"></trkpt><trkpt lat="47.354404" lon="-123.535384"></trkpt><trkpt lat="47.354546" lon="-123.535442"></trkpt><trkpt lat="47.354626" lon="-123.535522"></trkpt><trkpt lat="47.354703" lon="-123.535589"></trkpt><trkpt lat="47.354774" lon="-123.535667"></trkpt><trkpt lat="47.354846" lon="-123.535767"></trkpt><trkpt lat="47.354886" lon="-123.535857"></trkpt><trkpt lat="47.354930" lon="-123.535953"></trkpt><trkpt lat="47.354989" lon="-123.536017"></trkpt><trkpt lat="47.355019" lon="-123.536109"></trkpt><trkpt lat="47.355050" lon="-123.536202"></trkpt><trkpt lat="47.355100" lon="-123.536323"></trkpt><trkpt lat="47.355128" lon="-123.536433"></trkpt><trkpt lat="47.355183" lon="-123.536518"></trkpt><trkpt lat="47.355262" lon="-123.536567"></trkpt><trkpt lat="47.355346" lon="-123.536584"></trkpt><trkpt lat="47.355431" lon="-123.536601"></trkpt><trkpt lat="47.355524" lon="-123.536591"></trkpt><trkpt lat="47.355626" lon="-123.536542"></trkpt><trkpt lat="47.355697" lon="-123.536521"></trkpt><trkpt lat="47.355768" lon="-123.536489"></trkpt><trkpt lat="47.355845" lon="-123.536452"></trkpt><trkpt lat="47.355938" lon="-123.536401"></trkpt><trkpt lat="47.356026" lon="-123.536384"></trkpt><trkpt lat="47.356096" lon="-123.536369"></trkpt><trkpt lat="47.356178" lon="-123.536368"></trkpt><trkpt lat="47.356267" lon="-123.536350"></trkpt><trkpt lat="47.356357" lon="-123.536317"></trkpt><trkpt lat="47.356430" lon="-123.536314"></trkpt><trkpt lat="47.356523" lon="-123.536333"></trkpt><trkpt lat="47.356628" lon="-123.536371"></trkpt><trkpt lat="47.356705" lon="-123.536439"></trkpt><trkpt lat="47.356771" lon="-123.536487"></trkpt><trkpt lat="47.356858" lon="-123.536516"></trkpt><trkpt lat="47.356940" lon="-123.536550"></trkpt><trkpt lat="47.357038" lon="-123.536569"></trkpt><trkpt lat="47.357140" lon="-123.536590"></trkpt><trkpt lat="47.357239" lon="-123.536610"></trkpt><trkpt lat="47.357322" lon="-123.536626"></trkpt><trkpt lat="47.357406" lon="-123.536643"></trkpt><trkpt lat="47.357466" lon="-123.536655"></trkpt><trkpt lat="47.357849" lon="-123.536554"></trkpt><trkpt lat="47.357883" lon="-123.536411"></trkpt><trkpt lat="47.357909" lon="-123.536294"></trkpt><trkpt lat="47.357954" lon="-123.536175"></trkpt><trkpt lat="47.357971" lon="-123.536051"></trkpt><trkpt lat="47.357988" lon="-123.535927"></trkpt><trkpt lat="47.357991" lon="-123.535805"></trkpt><trkpt lat="47.357980" lon="-123.535675"></trkpt><trkpt lat="47.357982" lon="-123.535553"></trkpt><trkpt lat="47.357969" lon="-123.535440"></trkpt><trkpt lat="47.357959" lon="-123.535299"></trkpt><trkpt lat="47.357936" lon="-123.535184"></trkpt><trkpt lat="47.357939" lon="-123.535063"></trkpt><trkpt lat="47.357957" lon="-123.534927"></trkpt><trkpt lat="47.357950" lon="-123.534804"></trkpt><trkpt lat="47.357941" lon="-123.534662"></trkpt><trkpt lat="47.357922" lon="-123.534484"></trkpt><trkpt lat="47.357942" lon="-123.534343"></trkpt><trkpt lat="47.357960" lon="-123.534207"></trkpt><trkpt lat="47.357963" lon="-123.534086"></trkpt><trkpt lat="47.357949" lon="-123.533973"></trkpt><trkpt lat="47.357952" lon="-123.533847"></trkpt><trkpt lat="47.357957" lon="-123.533709"></trkpt><trkpt lat="47.357959" lon="-123.533587"></trkpt><trkpt lat="47.357946" lon="-123.533468"></trkpt><trkpt lat="47.357924" lon="-123.533353"></trkpt><trkpt lat="47.357916" lon="-123.533201"></trkpt><trkpt lat="47.357933" lon="-123.533076"></trkpt><trkpt lat="47.357978" lon="-123.532959"></trkpt><trkpt lat="47.358071" lon="-123.532914"></trkpt><trkpt lat="47.358157" lon="-123.532884"></trkpt><trkpt lat="47.358244" lon="-123.532850"></trkpt><trkpt lat="47.358319" lon="-123.532830"></trkpt><trkpt lat="47.358402" lon="-123.532817"></trkpt><trkpt lat="47.358484" lon="-123.532817"></trkpt><trkpt lat="47.358565" lon="-123.532792"></trkpt><trkpt lat="47.358636" lon="-123.532760"></trkpt><trkpt lat="47.358684" lon="-123.532655"></trkpt><trkpt lat="47.358702" lon="-123.532526"></trkpt><trkpt lat="47.358721" lon="-123.532391"></trkpt><trkpt lat="47.358739" lon="-123.532261"></trkpt><trkpt lat="47.358720" lon="-123.532153"></trkpt><trkpt lat="47.358711" lon="-123.532041"></trkpt><trkpt lat="47.358699" lon="-123.531916"></trkpt><trkpt lat="47.358702" lon="-123.531795"></trkpt><trkpt lat="47.358679" lon="-123.531680"></trkpt><trkpt lat="47.358680" lon="-123.531565"></trkpt><trkpt lat="47.358697" lon="-123.531442"></trkpt><trkpt lat="47.358715" lon="-123.531315"></trkpt><trkpt lat="47.358769" lon="-123.531135"></trkpt><trkpt lat="47.358827" lon="-123.531025"></trkpt><trkpt lat="47.358894" lon="-123.531062"></trkpt><trkpt lat="47.358986" lon="-123.531098"></trkpt><trkpt lat="47.359078" lon="-123.531116"></trkpt><trkpt lat="47.359160" lon="-123.531109"></trkpt><trkpt lat="47.359249" lon="-123.531092"></trkpt><trkpt lat="47.359323" lon="-123.531078"></trkpt><trkpt lat="47.359416" lon="-123.531068"></trkpt><trkpt lat="47.359505" lon="-123.531085"></trkpt><trkpt lat="47.359596" lon="-123.531086"></trkpt><trkpt lat="47.359681" lon="-123.531103"></trkpt><trkpt lat="47.359775" lon="-123.531122"></trkpt><trkpt lat="47.359859" lon="-123.531139"></trkpt><trkpt lat="47.359954" lon="-123.531222"></trkpt><trkpt lat="47.360005" lon="-123.531342"></trkpt><trkpt lat="47.360057" lon="-123.531452"></trkpt><trkpt lat="47.360138" lon="-123.531555"></trkpt><trkpt lat="47.360235" lon="-123.531592"></trkpt><trkpt lat="47.360338" lon="-123.531612"></trkpt><trkpt lat="47.360469" lon="-123.531673"></trkpt><trkpt lat="47.360561" lon="-123.531744"></trkpt><trkpt lat="47.360670" lon="-123.531824"></trkpt><trkpt lat="47.360750" lon="-123.531875"></trkpt><trkpt lat="47.360853" lon="-123.531930"></trkpt><trkpt lat="47.360932" lon="-123.531981"></trkpt><trkpt lat="47.361020" lon="-123.532045"></trkpt><trkpt lat="47.361091" lon="-123.532123"></trkpt><trkpt lat="47.361155" lon="-123.532217"></trkpt><trkpt lat="47.361232" lon="-123.532285"></trkpt><trkpt lat="47.361314" lon="-123.532319"></trkpt><trkpt lat="47.361359" lon="-123.532414"></trkpt><trkpt lat="47.361399" lon="-123.532544"></trkpt><trkpt lat="47.361439" lon="-123.532674"></trkpt><trkpt lat="47.361491" lon="-123.532783"></trkpt><trkpt lat="47.361550" lon="-123.532882"></trkpt><trkpt lat="47.361632" lon="-123.533021"></trkpt><trkpt lat="47.361686" lon="-123.533154"></trkpt><trkpt lat="47.361738" lon="-123.533263"></trkpt><trkpt lat="47.361772" lon="-123.533363"></trkpt><trkpt lat="47.361798" lon="-123.533460"></trkpt><trkpt lat="47.361840" lon="-123.533574"></trkpt><trkpt lat="47.361877" lon="-123.533685"></trkpt><trkpt lat="47.361922" lon="-123.533775"></trkpt><trkpt lat="47.361964" lon="-123.533888"></trkpt><trkpt lat="47.361999" lon="-123.533987"></trkpt><trkpt lat="47.362027" lon="-123.534098"></trkpt><trkpt lat="47.362064" lon="-123.534215"></trkpt><trkpt lat="47.362100" lon="-123.534303"></trkpt><trkpt lat="47.362162" lon="-123.534379"></trkpt><trkpt lat="47.362208" lon="-123.534463"></trkpt><trkpt lat="47.362264" lon="-123.534544"></trkpt><trkpt lat="47.362276" lon="-123.534637"></trkpt><trkpt lat="47.362315" lon="-123.534696"></trkpt><trkpt lat="47.362537" lon="-123.535007"></trkpt><trkpt lat="47.362715" lon="-123.535042"></trkpt><trkpt lat="47.362866" lon="-123.534965"></trkpt><trkpt lat="47.362906" lon="-123.534680"></trkpt><trkpt lat="47.363001" lon="-123.534431"></trkpt><trkpt lat="47.363054" lon="-123.534196"></trkpt><trkpt lat="47.363120" lon="-123.533939"></trkpt><trkpt lat="47.363207" lon="-123.533675"></trkpt><trkpt lat="47.363271" lon="-123.533430"></trkpt><trkpt lat="47.363339" lon="-123.533161"></trkpt><trkpt lat="47.363429" lon="-123.532946"></trkpt><trkpt lat="47.363488" lon="-123.532743"></trkpt><trkpt lat="47.363565" lon="-123.532544"></trkpt><trkpt lat="47.363622" lon="-123.532279"></trkpt><trkpt lat="47.363689" lon="-123.532013"></trkpt><trkpt lat="47.363725" lon="-123.531752"></trkpt><trkpt lat="47.363659" lon="-123.531568"></trkpt><trkpt lat="47.363663" lon="-123.531327"></trkpt><trkpt lat="47.363750" lon="-123.531139"></trkpt><trkpt lat="47.363926" lon="-123.530965"></trkpt><trkpt lat="47.364080" lon="-123.530812"></trkpt><trkpt lat="47.364190" lon="-123.530665"></trkpt><trkpt lat="47.364277" lon="-123.530477"></trkpt><trkpt lat="47.364360" lon="-123.530322"></trkpt><trkpt lat="47.364373" lon="-123.530228"></trkpt><trkpt lat="47.365128" lon="-123.528122"></trkpt><trkpt lat="47.365759" lon="-123.525592"></trkpt><trkpt lat="47.366135" lon="-123.523592"></trkpt></trkseg></trk><trk><name>T004 PN935B6</name><trkseg><trkpt lat="47.595252" lon="-123.129167"></trkpt><trkpt lat="47.596076" lon="-123.130384"></trkpt><trkpt lat="47.596640" lon="-123.135997"></trkpt><trkpt lat="47.597247" lon="-123.137373"></trkpt><trkpt lat="47.600544" lon="-123.139067"></trkpt><trkpt lat="47.600934" lon="-123.140550"></trkpt><trkpt lat="47.600934" lon="-123.145527"></trkpt><trkpt lat="47.599589" lon="-123.152092"></trkpt><trkpt lat="47.598722" lon="-123.155062"></trkpt><trkpt lat="47.598765" lon="-123.156174"></trkpt><trkpt lat="47.599633" lon="-123.158821"></trkpt><trkpt lat="47.599546" lon="-123.160674"></trkpt><trkpt lat="47.599112" lon="-123.162951"></trkpt><trkpt lat="47.599026" lon="-123.166339"></trkpt><trkpt lat="47.598375" lon="-123.169728"></trkpt><trkpt lat="47.596857" lon="-123.172799"></trkpt><trkpt lat="47.596510" lon="-123.174334"></trkpt><trkpt lat="47.596293" lon="-123.176452"></trkpt><trkpt lat="47.595513" lon="-123.178252"></trkpt><trkpt lat="47.594905" lon="-123.179205"></trkpt><trkpt lat="47.594775" lon="-123.182276"></trkpt><trkpt lat="47.594081" lon="-123.184712"></trkpt><trkpt lat="47.593682" lon="-123.185511"></trkpt><trkpt lat="47.593075" lon="-123.186305"></trkpt><trkpt lat="47.592641" lon="-123.187681"></trkpt><trkpt lat="47.591860" lon="-123.189217"></trkpt><trkpt lat="47.591123" lon="-123.190382"></trkpt><trkpt lat="47.590689" lon="-123.192341"></trkpt><trkpt lat="47.589518" lon="-123.193664"></trkpt><trkpt lat="47.588174" lon="-123.195094"></trkpt><trkpt lat="47.587090" lon="-123.197265"></trkpt><trkpt lat="47.586916" lon="-123.197847"></trkpt><trkpt lat="47.586829" lon="-123.199171"></trkpt><trkpt lat="47.585658" lon="-123.200812"></trkpt><trkpt lat="47.585572" lon="-123.202347"></trkpt><trkpt lat="47.584704" lon="-123.204518"></trkpt><trkpt lat="47.584314" lon="-123.206371"></trkpt><trkpt lat="47.584531" lon="-123.208913"></trkpt><trkpt lat="47.583923" lon="-123.210713"></trkpt><trkpt lat="47.583316" lon="-123.211825"></trkpt><trkpt lat="47.583403" lon="-123.214525"></trkpt><trkpt lat="47.583490" lon="-123.215743"></trkpt><trkpt lat="47.583056" lon="-123.217002"></trkpt><trkpt lat="47.582189" lon="-123.218697"></trkpt><trkpt lat="47.581972" lon="-123.219703"></trkpt><trkpt lat="47.582319" lon="-123.221344"></trkpt><trkpt lat="47.582275" lon="-123.222509"></trkpt><trkpt lat="47.582145" lon="-123.223303"></trkpt><trkpt lat="47.582232" lon="-123.224733"></trkpt><trkpt lat="47.582579" lon="-123.226692"></trkpt><trkpt lat="47.582406" lon="-123.228809"></trkpt><trkpt lat="47.583056" lon="-123.231351"></trkpt><trkpt lat="47.583490" lon="-123.233416"></trkpt><trkpt lat="47.582709" lon="-123.237228"></trkpt><trkpt lat="47.582189" lon="-123.238869"></trkpt><trkpt lat="47.580801" lon="-123.241252"></trkpt><trkpt lat="47.580610" lon="-123.243348"></trkpt><trkpt lat="47.580653" lon="-123.246578"></trkpt><trkpt lat="47.580350" lon="-123.250125"></trkpt><trkpt lat="47.579569" lon="-123.252561"></trkpt><trkpt lat="47.578745" lon="-123.254043"></trkpt><trkpt lat="47.577878" lon="-123.254626"></trkpt><trkpt lat="47.577487" lon="-123.256320"></trkpt><trkpt lat="47.576880" lon="-123.258120"></trkpt><trkpt lat="47.575969" lon="-123.258861"></trkpt><trkpt lat="47.575666" lon="-123.259338"></trkpt><trkpt lat="47.575882" lon="-123.260556"></trkpt><trkpt lat="47.575492" lon="-123.261085"></trkpt></trkseg></trk><trk><name>T005 PN935B6</name><trkseg><trkpt lat="47.470465" lon="-122.910812"></trkpt><trkpt lat="47.470815" lon="-122.910056"></trkpt><trkpt lat="47.471108" lon="-122.910254"></trkpt><trkpt lat="47.471422" lon="-122.910692"></trkpt><trkpt lat="47.471724" lon="-122.910894"></trkpt><trkpt lat="47.472043" lon="-122.910898"></trkpt><trkpt lat="47.472613" lon="-122.910516"></trkpt><trkpt lat="47.473021" lon="-122.910590"></trkpt><trkpt lat="47.473348" lon="-122.910967"></trkpt><trkpt lat="47.473874" lon="-122.911283"></trkpt><trkpt lat="47.474410" lon="-122.910955"></trkpt><trkpt lat="47.474885" lon="-122.910863"></trkpt><trkpt lat="47.474971" lon="-122.910014"></trkpt><trkpt lat="47.475336" lon="-122.909491"></trkpt><trkpt lat="47.475443" lon="-122.909245"></trkpt><trkpt lat="47.475636" lon="-122.909374"></trkpt><trkpt lat="47.475942" lon="-122.909080"></trkpt><trkpt lat="47.476002" lon="-122.908968"></trkpt><trkpt lat="47.476173" lon="-122.908858"></trkpt><trkpt lat="47.476393" lon="-122.908413"></trkpt><trkpt lat="47.476504" lon="-122.908290"></trkpt><trkpt lat="47.476902" lon="-122.908082"></trkpt><trkpt lat="47.477007" lon="-122.907954"></trkpt><trkpt lat="47.477335" lon="-122.907167"></trkpt><trkpt lat="47.477480" lon="-122.906426"></trkpt><trkpt lat="47.477543" lon="-122.906416"></trkpt><trkpt lat="47.477612" lon="-122.906320"></trkpt><trkpt lat="47.477682" lon="-122.906093"></trkpt><trkpt lat="47.477786" lon="-122.905525"></trkpt><trkpt lat="47.477845" lon="-122.905482"></trkpt><trkpt lat="47.477934" lon="-122.905557"></trkpt><trkpt lat="47.478150" lon="-122.905818"></trkpt><trkpt lat="47.478340" lon="-122.905920"></trkpt><trkpt lat="47.478512" lon="-122.905487"></trkpt><trkpt lat="47.478528" lon="-122.905226"></trkpt><trkpt lat="47.479391" lon="-122.903666"></trkpt><trkpt lat="47.479370" lon="-122.903300"></trkpt><trkpt lat="47.479442" lon="-122.903199"></trkpt><trkpt lat="47.479672" lon="-122.903127"></trkpt><trkpt lat="47.479755" lon="-122.902959"></trkpt><trkpt lat="47.480046" lon="-122.902731"></trkpt><trkpt lat="47.480290" lon="-122.902788"></trkpt><trkpt lat="47.480464" lon="-122.902959"></trkpt><trkpt lat="47.480379" lon="-122.903060"></trkpt><trkpt lat="47.480448" lon="-122.903092"></trkpt><trkpt lat="47.480793" lon="-122.902959"></trkpt><trkpt lat="47.480927" lon="-122.902850"></trkpt><trkpt lat="47.480997" lon="-122.902724"></trkpt><trkpt lat="47.481488" lon="-122.902254"></trkpt><trkpt lat="47.481738" lon="-122.902100"></trkpt><trkpt lat="47.481869" lon="-122.901918"></trkpt><trkpt lat="47.482056" lon="-122.901769"></trkpt><trkpt lat="47.482438" lon="-122.901886"></trkpt><trkpt lat="47.482549" lon="-122.901858"></trkpt><trkpt lat="47.482599" lon="-122.901773"></trkpt><trkpt lat="47.482878" lon="-122.901746"></trkpt><trkpt lat="47.482996" lon="-122.901661"></trkpt><trkpt lat="47.483082" lon="-122.901474"></trkpt><trkpt lat="47.483039" lon="-122.901122"></trkpt><trkpt lat="47.483190" lon="-122.900962"></trkpt><trkpt lat="47.483167" lon="-122.900812"></trkpt><trkpt lat="47.483276" lon="-122.900492"></trkpt><trkpt lat="47.483339" lon="-122.900405"></trkpt><trkpt lat="47.483386" lon="-122.899887"></trkpt><trkpt lat="47.483588" lon="-122.899686"></trkpt><trkpt lat="47.483752" lon="-122.899249"></trkpt><trkpt lat="47.483790" lon="-122.898946"></trkpt><trkpt lat="47.483640" lon="-122.898694"></trkpt><trkpt lat="47.483555" lon="-122.898453"></trkpt><trkpt lat="47.483404" lon="-122.898299"></trkpt><trkpt lat="47.483404" lon="-122.898117"></trkpt><trkpt lat="47.483643" lon="-122.898059"></trkpt><trkpt lat="47.483834" lon="-122.897893"></trkpt><trkpt lat="47.483939" lon="-122.897749"></trkpt><trkpt lat="47.483982" lon="-122.897589"></trkpt><trkpt lat="47.484113" lon="-122.897557"></trkpt><trkpt lat="47.484112" lon="-122.897253"></trkpt><trkpt lat="47.484175" lon="-122.897094"></trkpt><trkpt lat="47.484155" lon="-122.896972"></trkpt><trkpt lat="47.484332" lon="-122.897022"></trkpt><trkpt lat="47.484434" lon="-122.897165"></trkpt><trkpt lat="47.484546" lon="-122.897088"></trkpt><trkpt lat="47.484625" lon="-122.896877"></trkpt><trkpt lat="47.484564" lon="-122.896573"></trkpt><trkpt lat="47.484695" lon="-122.896459"></trkpt><trkpt lat="47.485034" lon="-122.896650"></trkpt><trkpt lat="47.485169" lon="-122.897040"></trkpt><trkpt lat="47.485258" lon="-122.897079"></trkpt><trkpt lat="47.485464" lon="-122.897165"></trkpt><trkpt lat="47.485785" lon="-122.896843"></trkpt><trkpt lat="47.485920" lon="-122.896848"></trkpt><trkpt lat="47.486058" lon="-122.896950"></trkpt><trkpt lat="47.486222" lon="-122.896861"></trkpt><trkpt lat="47.486466" lon="-122.896760"></trkpt><trkpt lat="47.486579" lon="-122.896821"></trkpt><trkpt lat="47.486691" lon="-122.896698"></trkpt><trkpt lat="47.487011" lon="-122.897274"></trkpt><trkpt lat="47.487263" lon="-122.897420"></trkpt><trkpt lat="47.487291" lon="-122.897659"></trkpt><trkpt lat="47.487606" lon="-122.897722"></trkpt><trkpt lat="47.487730" lon="-122.897640"></trkpt><trkpt lat="47.487852" lon="-122.897485"></trkpt><trkpt lat="47.488083" lon="-122.897397"></trkpt><trkpt lat="47.488210" lon="-122.897058"></trkpt><trkpt lat="47.488302" lon="-122.896900"></trkpt><trkpt lat="47.488401" lon="-122.896571"></trkpt><trkpt lat="47.488555" lon="-122.896328"></trkpt><trkpt lat="47.488982" lon="-122.896248"></trkpt><trkpt lat="47.489173" lon="-122.896260"></trkpt><trkpt lat="47.489380" lon="-122.896214"></trkpt><trkpt lat="47.489630" lon="-122.896056"></trkpt><trkpt lat="47.489714" lon="-122.895905"></trkpt><trkpt lat="47.489865" lon="-122.895720"></trkpt><trkpt lat="47.489927" lon="-122.895513"></trkpt><trkpt lat="47.490066" lon="-122.895321"></trkpt><trkpt lat="47.490119" lon="-122.895194"></trkpt><trkpt lat="47.490451" lon="-122.894807"></trkpt><trkpt lat="47.490736" lon="-122.894217"></trkpt><trkpt lat="47.491395" lon="-122.893656"></trkpt><trkpt lat="47.491518" lon="-122.893465"></trkpt><trkpt lat="47.491691" lon="-122.893051"></trkpt><trkpt lat="47.491790" lon="-122.893121"></trkpt><trkpt lat="47.492054" lon="-122.893081"></trkpt><trkpt lat="47.492358" lon="-122.892992"></trkpt><trkpt lat="47.492506" lon="-122.892765"></trkpt><trkpt lat="47.492777" lon="-122.892681"></trkpt><trkpt lat="47.492851" lon="-122.892506"></trkpt><trkpt lat="47.493120" lon="-122.892381"></trkpt><trkpt lat="47.493390" lon="-122.892398"></trkpt><trkpt lat="47.493501" lon="-122.892335"></trkpt><trkpt lat="47.493639" lon="-122.892080"></trkpt><trkpt lat="47.493510" lon="-122.891757"></trkpt><trkpt lat="47.493618" lon="-122.891450"></trkpt><trkpt lat="47.493660" lon="-122.890599"></trkpt><trkpt lat="47.493577" lon="-122.889933"></trkpt><trkpt lat="47.493830" lon="-122.889178"></trkpt><trkpt lat="47.493546" lon="-122.888661"></trkpt><trkpt lat="47.492752" lon="-122.887860"></trkpt><trkpt lat="47.492496" lon="-122.887394"></trkpt><trkpt lat="47.492278" lon="-122.887144"></trkpt><trkpt lat="47.492014" lon="-122.887355"></trkpt><trkpt lat="47.491712" lon="-122.887056"></trkpt><trkpt lat="47.491815" lon="-122.886586"></trkpt><trkpt lat="47.492089" lon="-122.886387"></trkpt><trkpt lat="47.492665" lon="-122.886182"></trkpt><trkpt lat="47.492909" lon="-122.885985"></trkpt><trkpt lat="47.493132" lon="-122.885773"></trkpt><trkpt lat="47.493403" lon="-122.885599"></trkpt><trkpt lat="47.493395" lon="-122.884744"></trkpt><trkpt lat="47.493064" lon="-122.883258"></trkpt><trkpt lat="47.493049" lon="-122.883028"></trkpt><trkpt lat="47.492960" lon="-122.882922"></trkpt><trkpt lat="47.492738" lon="-122.882831"></trkpt><trkpt lat="47.492447" lon="-122.882835"></trkpt><trkpt lat="47.492174" lon="-122.882912"></trkpt><trkpt lat="47.491862" lon="-122.882896"></trkpt><trkpt lat="47.491666" lon="-122.882404"></trkpt><trkpt lat="47.491708" lon="-122.882142"></trkpt><trkpt lat="47.491729" lon="-122.881199"></trkpt><trkpt lat="47.491785" lon="-122.880818"></trkpt><trkpt lat="47.491708" lon="-122.880664"></trkpt><trkpt lat="47.491855" lon="-122.880179"></trkpt><trkpt lat="47.492165" lon="-122.879888"></trkpt><trkpt lat="47.492330" lon="-122.879806"></trkpt><trkpt lat="47.492245" lon="-122.879657"></trkpt><trkpt lat="47.492223" lon="-122.879384"></trkpt><trkpt lat="47.492383" lon="-122.879066"></trkpt><trkpt lat="47.492630" lon="-122.878819"></trkpt><trkpt lat="47.493000" lon="-122.878305"></trkpt><trkpt lat="47.493143" lon="-122.877712"></trkpt><trkpt lat="47.493335" lon="-122.877451"></trkpt><trkpt lat="47.493608" lon="-122.877214"></trkpt><trkpt lat="47.493915" lon="-122.876783"></trkpt><trkpt lat="47.494306" lon="-122.876392"></trkpt><trkpt lat="47.494841" lon="-122.875750"></trkpt><trkpt lat="47.494813" lon="-122.875427"></trkpt><trkpt lat="47.494916" lon="-122.874683"></trkpt><trkpt lat="47.494695" lon="-122.874391"></trkpt><trkpt lat="47.494519" lon="-122.874141"></trkpt><trkpt lat="47.494669" lon="-122.873948"></trkpt><trkpt lat="47.494583" lon="-122.873712"></trkpt><trkpt lat="47.494308" lon="-122.873425"></trkpt><trkpt lat="47.494042" lon="-122.873311"></trkpt><trkpt lat="47.493768" lon="-122.873363"></trkpt><trkpt lat="47.493186" lon="-122.873287"></trkpt><trkpt lat="47.492995" lon="-122.872982"></trkpt><trkpt lat="47.493151" lon="-122.872767"></trkpt><trkpt lat="47.493979" lon="-122.872139"></trkpt><trkpt lat="47.494288" lon="-122.872113"></trkpt><trkpt lat="47.494463" lon="-122.871711"></trkpt><trkpt lat="47.494723" lon="-122.871602"></trkpt><trkpt lat="47.495054" lon="-122.871810"></trkpt><trkpt lat="47.495189" lon="-122.871860"></trkpt><trkpt lat="47.495484" lon="-122.871566"></trkpt><trkpt lat="47.495485" lon="-122.870855"></trkpt><trkpt lat="47.495546" lon="-122.870423"></trkpt><trkpt lat="47.495507" lon="-122.869976"></trkpt><trkpt lat="47.495545" lon="-122.869685"></trkpt><trkpt lat="47.495629" lon="-122.869475"></trkpt><trkpt lat="47.495833" lon="-122.869299"></trkpt><trkpt lat="47.496008" lon="-122.868854"></trkpt><trkpt lat="47.496251" lon="-122.868413"></trkpt><trkpt lat="47.496172" lon="-122.868093"></trkpt><trkpt lat="47.496021" lon="-122.868004"></trkpt><trkpt lat="47.496125" lon="-122.867608"></trkpt><trkpt lat="47.496262" lon="-122.867580"></trkpt><trkpt lat="47.497051" lon="-122.867703"></trkpt><trkpt lat="47.497204" lon="-122.867501"></trkpt><trkpt lat="47.497383" lon="-122.867017"></trkpt><trkpt lat="47.497853" lon="-122.866683"></trkpt><trkpt lat="47.498136" lon="-122.866639"></trkpt><trkpt lat="47.498400" lon="-122.866796"></trkpt><trkpt lat="47.498587" lon="-122.866785"></trkpt><trkpt lat="47.498746" lon="-122.866824"></trkpt><trkpt lat="47.498953" lon="-122.866589"></trkpt><trkpt lat="47.499081" lon="-122.866340"></trkpt><trkpt lat="47.500085" lon="-122.865968"></trkpt><trkpt lat="47.500479" lon="-122.865633"></trkpt><trkpt lat="47.501228" lon="-122.865133"></trkpt><trkpt lat="47.501471" lon="-122.864807"></trkpt><trkpt lat="47.502014" lon="-122.864514"></trkpt><trkpt lat="47.502115" lon="-122.864293"></trkpt><trkpt lat="47.501960" lon="-122.864092"></trkpt><trkpt lat="47.501778" lon="-122.864004"></trkpt><trkpt lat="47.501721" lon="-122.863831"></trkpt><trkpt lat="47.502484" lon="-122.863299"></trkpt><trkpt lat="47.502906" lon="-122.863125"></trkpt><trkpt lat="47.503194" lon="-122.862890"></trkpt><trkpt lat="47.503422" lon="-122.862811"></trkpt><trkpt lat="47.503619" lon="-122.862661"></trkpt><trkpt lat="47.504431" lon="-122.862630"></trkpt><trkpt lat="47.505006" lon="-122.862382"></trkpt><trkpt lat="47.505663" lon="-122.862314"></trkpt><trkpt lat="47.505913" lon="-122.862210"></trkpt><trkpt lat="47.506234" lon="-122.861782"></trkpt><trkpt lat="47.506483" lon="-122.861553"></trkpt><trkpt lat="47.506618" lon="-122.862007"></trkpt><trkpt lat="47.506761" lon="-122.862109"></trkpt><trkpt lat="47.507179" lon="-122.861910"></trkpt><trkpt lat="47.507583" lon="-122.861581"></trkpt><trkpt lat="47.507817" lon="-122.861308"></trkpt><trkpt lat="47.508111" lon="-122.860879"></trkpt><trkpt lat="47.508402" lon="-122.860858"></trkpt><trkpt lat="47.508599" lon="-122.860686"></trkpt><trkpt lat="47.509018" lon="-122.860590"></trkpt><trkpt lat="47.509353" lon="-122.860388"></trkpt><trkpt lat="47.509698" lon="-122.860521"></trkpt><trkpt lat="47.510093" lon="-122.860069"></trkpt><trkpt lat="47.510397" lon="-122.859981"></trkpt><trkpt lat="47.510830" lon="-122.859508"></trkpt><trkpt lat="47.511026" lon="-122.859450"></trkpt><trkpt lat="47.511197" lon="-122.859350"></trkpt><trkpt lat="47.511350" lon="-122.859180"></trkpt><trkpt lat="47.511413" lon="-122.858994"></trkpt><trkpt lat="47.512058" lon="-122.858474"></trkpt><trkpt lat="47.512203" lon="-122.858439"></trkpt><trkpt lat="47.512500" lon="-122.858927"></trkpt><trkpt lat="47.512842" lon="-122.858759"></trkpt><trkpt lat="47.512997" lon="-122.858623"></trkpt><trkpt lat="47.513144" lon="-122.858396"></trkpt><trkpt lat="47.513144" lon="-122.858176"></trkpt><trkpt lat="47.512938" lon="-122.858270"></trkpt><trkpt lat="47.512744" lon="-122.858284"></trkpt><trkpt lat="47.512613" lon="-122.858122"></trkpt><trkpt lat="47.512500" lon="-122.857897"></trkpt><trkpt lat="47.512194" lon="-122.857732"></trkpt><trkpt lat="47.511545" lon="-122.858340"></trkpt><trkpt lat="47.511250" lon="-122.858307"></trkpt><trkpt lat="47.511067" lon="-122.858194"></trkpt><trkpt lat="47.510819" lon="-122.858083"></trkpt><trkpt lat="47.510518" lon="-122.857810"></trkpt><trkpt lat="47.510247" lon="-122.857769"></trkpt><trkpt lat="47.510112" lon="-122.857647"></trkpt><trkpt lat="47.510053" lon="-122.857319"></trkpt><trkpt lat="47.509628" lon="-122.857461"></trkpt><trkpt lat="47.509300" lon="-122.857325"></trkpt><trkpt lat="47.509174" lon="-122.857381"></trkpt><trkpt lat="47.508938" lon="-122.857146"></trkpt><trkpt lat="47.507806" lon="-122.857082"></trkpt><trkpt lat="47.507600" lon="-122.857269"></trkpt><trkpt lat="47.507027" lon="-122.857577"></trkpt><trkpt lat="47.506755" lon="-122.857836"></trkpt><trkpt lat="47.506033" lon="-122.857960"></trkpt><trkpt lat="47.505825" lon="-122.858349"></trkpt><trkpt lat="47.505555" lon="-122.858515"></trkpt><trkpt lat="47.505375" lon="-122.858326"></trkpt><trkpt lat="47.505138" lon="-122.858361"></trkpt><trkpt lat="47.504855" lon="-122.858521"></trkpt><trkpt lat="47.504455" lon="-122.858674"></trkpt><trkpt lat="47.504291" lon="-122.858197"></trkpt><trkpt lat="47.504198" lon="-122.857232"></trkpt><trkpt lat="47.504058" lon="-122.856809"></trkpt><trkpt lat="47.503595" lon="-122.856996"></trkpt><trkpt lat="47.503403" lon="-122.856370"></trkpt><trkpt lat="47.503452" lon="-122.855926"></trkpt><trkpt lat="47.503638" lon="-122.855387"></trkpt><trkpt lat="47.503412" lon="-122.855220"></trkpt><trkpt lat="47.503119" lon="-122.855133"></trkpt><trkpt lat="47.502960" lon="-122.855037"></trkpt><trkpt lat="47.502743" lon="-122.855002"></trkpt><trkpt lat="47.502415" lon="-122.854829"></trkpt><trkpt lat="47.502565" lon="-122.854400"></trkpt><trkpt lat="47.502895" lon="-122.854286"></trkpt><trkpt lat="47.503144" lon="-122.854083"></trkpt><trkpt lat="47.503125" lon="-122.853698"></trkpt><trkpt lat="47.502807" lon="-122.853038"></trkpt><trkpt lat="47.502471" lon="-122.852826"></trkpt><trkpt lat="47.502110" lon="-122.852484"></trkpt><trkpt lat="47.501905" lon="-122.852343"></trkpt><trkpt lat="47.501651" lon="-122.852054"></trkpt><trkpt lat="47.501202" lon="-122.851818"></trkpt><trkpt lat="47.500867" lon="-122.851717"></trkpt><trkpt lat="47.500342" lon="-122.851710"></trkpt><trkpt lat="47.499534" lon="-122.851781"></trkpt><trkpt lat="47.499150" lon="-122.851557"></trkpt><trkpt lat="47.499075" lon="-122.851389"></trkpt><trkpt lat="47.498939" lon="-122.851331"></trkpt><trkpt lat="47.499046" lon="-122.850623"></trkpt><trkpt lat="47.499475" lon="-122.849464"></trkpt><trkpt lat="47.499607" lon="-122.849237"></trkpt><trkpt lat="47.499712" lon="-122.848735"></trkpt><trkpt lat="47.499862" lon="-122.848303"></trkpt><trkpt lat="47.499868" lon="-122.848203"></trkpt><trkpt lat="47.499712" lon="-122.848130"></trkpt><trkpt lat="47.499368" lon="-122.848027"></trkpt><trkpt lat="47.498851" lon="-122.847887"></trkpt><trkpt lat="47.498685" lon="-122.847730"></trkpt><trkpt lat="47.498440" lon="-122.847529"></trkpt><trkpt lat="47.498074" lon="-122.847406"></trkpt><trkpt lat="47.497854" lon="-122.847432"></trkpt><trkpt lat="47.497720" lon="-122.847382"></trkpt><trkpt lat="47.497444" lon="-122.847571"></trkpt><trkpt lat="47.497078" lon="-122.847182"></trkpt><trkpt lat="47.496853" lon="-122.847105"></trkpt><trkpt lat="47.496480" lon="-122.847179"></trkpt><trkpt lat="47.496102" lon="-122.846693"></trkpt><trkpt lat="47.495822" lon="-122.846503"></trkpt><trkpt lat="47.495172" lon="-122.846566"></trkpt><trkpt lat="47.495135" lon="-122.846273"></trkpt><trkpt lat="47.494893" lon="-122.846008"></trkpt><trkpt lat="47.494482" lon="-122.846069"></trkpt><trkpt lat="47.493915" lon="-122.845862"></trkpt><trkpt lat="47.493570" lon="-122.845596"></trkpt><trkpt lat="47.493189" lon="-122.845074"></trkpt><trkpt lat="47.493017" lon="-122.845023"></trkpt><trkpt lat="47.492801" lon="-122.844559"></trkpt><trkpt lat="47.492459" lon="-122.844357"></trkpt><trkpt lat="47.492304" lon="-122.844634"></trkpt><trkpt lat="47.492102" lon="-122.844554"></trkpt><trkpt lat="47.491711" lon="-122.844601"></trkpt><trkpt lat="47.491229" lon="-122.844779"></trkpt><trkpt lat="47.490754" lon="-122.844849"></trkpt><trkpt lat="47.490662" lon="-122.845047"></trkpt><trkpt lat="47.488618" lon="-122.845366"></trkpt><trkpt lat="47.488091" lon="-122.845016"></trkpt><trkpt lat="47.487738" lon="-122.845066"></trkpt><trkpt lat="47.487484" lon="-122.844673"></trkpt><trkpt lat="47.487180" lon="-122.844564"></trkpt><trkpt lat="47.487003" lon="-122.844352"></trkpt><trkpt lat="47.486755" lon="-122.844375"></trkpt><trkpt lat="47.486811" lon="-122.844772"></trkpt><trkpt lat="47.486708" lon="-122.845151"></trkpt><trkpt lat="47.486488" lon="-122.845259"></trkpt><trkpt lat="47.486351" lon="-122.845355"></trkpt><trkpt lat="47.485859" lon="-122.844997"></trkpt><trkpt lat="47.485377" lon="-122.845498"></trkpt><trkpt lat="47.485086" lon="-122.845415"></trkpt><trkpt lat="47.484887" lon="-122.845727"></trkpt><trkpt lat="47.484702" lon="-122.845924"></trkpt><trkpt lat="47.484499" lon="-122.846282"></trkpt><trkpt lat="47.484014" lon="-122.846586"></trkpt><trkpt lat="47.483871" lon="-122.846550"></trkpt><trkpt lat="47.483705" lon="-122.846322"></trkpt><trkpt lat="47.483889" lon="-122.845755"></trkpt><trkpt lat="47.483745" lon="-122.845406"></trkpt><trkpt lat="47.483532" lon="-122.845109"></trkpt><trkpt lat="47.483188" lon="-122.845088"></trkpt><trkpt lat="47.482892" lon="-122.845187"></trkpt><trkpt lat="47.482695" lon="-122.845355"></trkpt><trkpt lat="47.482474" lon="-122.845670"></trkpt><trkpt lat="47.482218" lon="-122.845939"></trkpt><trkpt lat="47.481942" lon="-122.846047"></trkpt><trkpt lat="47.481603" lon="-122.846153"></trkpt><trkpt lat="47.481284" lon="-122.846157"></trkpt><trkpt lat="47.481007" lon="-122.846056"></trkpt><trkpt lat="47.480814" lon="-122.845535"></trkpt><trkpt lat="47.480651" lon="-122.845456"></trkpt><trkpt lat="47.480292" lon="-122.845688"></trkpt><trkpt lat="47.479399" lon="-122.846886"></trkpt><trkpt lat="47.478970" lon="-122.847647"></trkpt><trkpt lat="47.478645" lon="-122.847914"></trkpt><trkpt lat="47.478218" lon="-122.848095"></trkpt><trkpt lat="47.477729" lon="-122.848384"></trkpt><trkpt lat="47.477367" lon="-122.848497"></trkpt><trkpt lat="47.475687" lon="-122.848243"></trkpt><trkpt lat="47.474300" lon="-122.848707"></trkpt><trkpt lat="47.473468" lon="-122.848735"></trkpt><trkpt lat="47.473327" lon="-122.848891"></trkpt><trkpt lat="47.473216" lon="-122.849152"></trkpt><trkpt lat="47.473389" lon="-122.849468"></trkpt><trkpt lat="47.473235" lon="-122.849649"></trkpt><trkpt lat="47.473060" lon="-122.850474"></trkpt><trkpt lat="47.472814" lon="-122.850750"></trkpt><trkpt lat="47.472617" lon="-122.850874"></trkpt><trkpt lat="47.472374" lon="-122.851117"></trkpt><trkpt lat="47.472053" lon="-122.850988"></trkpt><trkpt lat="47.471989" lon="-122.851032"></trkpt><trkpt lat="47.471799" lon="-122.850808"></trkpt><trkpt lat="47.471730" lon="-122.850813"></trkpt><trkpt lat="47.471710" lon="-122.850962"></trkpt><trkpt lat="47.471773" lon="-122.851192"></trkpt><trkpt lat="47.471385" lon="-122.851571"></trkpt><trkpt lat="47.471437" lon="-122.852218"></trkpt><trkpt lat="47.472158" lon="-122.852776"></trkpt><trkpt lat="47.472068" lon="-122.853129"></trkpt><trkpt lat="47.471673" lon="-122.853809"></trkpt><trkpt lat="47.471343" lon="-122.854193"></trkpt><trkpt lat="47.471218" lon="-122.854881"></trkpt><trkpt lat="47.471229" lon="-122.855179"></trkpt><trkpt lat="47.471362" lon="-122.855705"></trkpt><trkpt lat="47.471499" lon="-122.856419"></trkpt><trkpt lat="47.471759" lon="-122.856873"></trkpt><trkpt lat="47.471906" lon="-122.857012"></trkpt><trkpt lat="47.472003" lon="-122.857528"></trkpt><trkpt lat="47.471690" lon="-122.859261"></trkpt><trkpt lat="47.471700" lon="-122.859538"></trkpt><trkpt lat="47.471791" lon="-122.859802"></trkpt><trkpt lat="47.471690" lon="-122.860218"></trkpt><trkpt lat="47.471929" lon="-122.860656"></trkpt><trkpt lat="47.472184" lon="-122.861248"></trkpt><trkpt lat="47.472482" lon="-122.861609"></trkpt><trkpt lat="47.472576" lon="-122.862045"></trkpt><trkpt lat="47.472722" lon="-122.862237"></trkpt><trkpt lat="47.473321" lon="-122.862708"></trkpt><trkpt lat="47.473476" lon="-122.862809"></trkpt><trkpt lat="47.473751" lon="-122.862727"></trkpt><trkpt lat="47.473962" lon="-122.862854"></trkpt><trkpt lat="47.473832" lon="-122.863472"></trkpt><trkpt lat="47.473536" lon="-122.864413"></trkpt><trkpt lat="47.473382" lon="-122.864421"></trkpt><trkpt lat="47.473297" lon="-122.864666"></trkpt><trkpt lat="47.473371" lon="-122.865098"></trkpt><trkpt lat="47.473576" lon="-122.865472"></trkpt><trkpt lat="47.473600" lon="-122.865701"></trkpt><trkpt lat="47.473828" lon="-122.866023"></trkpt><trkpt lat="47.474134" lon="-122.865880"></trkpt><trkpt lat="47.474253" lon="-122.865396"></trkpt><trkpt lat="47.474511" lon="-122.865428"></trkpt><trkpt lat="47.474841" lon="-122.865643"></trkpt><trkpt lat="47.474975" lon="-122.866100"></trkpt><trkpt lat="47.475200" lon="-122.866418"></trkpt><trkpt lat="47.475393" lon="-122.866707"></trkpt><trkpt lat="47.475525" lon="-122.867404"></trkpt><trkpt lat="47.475715" lon="-122.867777"></trkpt><trkpt lat="47.476160" lon="-122.868080"></trkpt><trkpt lat="47.476476" lon="-122.868483"></trkpt><trkpt lat="47.476697" lon="-122.868398"></trkpt><trkpt lat="47.476848" lon="-122.868216"></trkpt><trkpt lat="47.476986" lon="-122.867901"></trkpt><trkpt lat="47.477112" lon="-122.868028"></trkpt><trkpt lat="47.477181" lon="-122.868226"></trkpt><trkpt lat="47.477117" lon="-122.869077"></trkpt><trkpt lat="47.477288" lon="-122.869248"></trkpt><trkpt lat="47.477102" lon="-122.869684"></trkpt><trkpt lat="47.477117" lon="-122.870021"></trkpt><trkpt lat="47.477244" lon="-122.870214"></trkpt><trkpt lat="47.477224" lon="-122.870514"></trkpt><trkpt lat="47.477396" lon="-122.870522"></trkpt><trkpt lat="47.477524" lon="-122.870665"></trkpt><trkpt lat="47.477150" lon="-122.871475"></trkpt><trkpt lat="47.477099" lon="-122.871705"></trkpt><trkpt lat="47.476966" lon="-122.871995"></trkpt><trkpt lat="47.477128" lon="-122.872237"></trkpt><trkpt lat="47.477181" lon="-122.872378"></trkpt><trkpt lat="47.477187" lon="-122.872484"></trkpt><trkpt lat="47.477065" lon="-122.872660"></trkpt><trkpt lat="47.476859" lon="-122.872660"></trkpt><trkpt lat="47.476609" lon="-122.872789"></trkpt><trkpt lat="47.476565" lon="-122.872884"></trkpt><trkpt lat="47.477095" lon="-122.873733"></trkpt><trkpt lat="47.476891" lon="-122.873967"></trkpt><trkpt lat="47.476680" lon="-122.873920"></trkpt><trkpt lat="47.476443" lon="-122.873715"></trkpt><trkpt lat="47.476227" lon="-122.873562"></trkpt><trkpt lat="47.475870" lon="-122.873080"></trkpt><trkpt lat="47.475691" lon="-122.872436"></trkpt><trkpt lat="47.475572" lon="-122.871759"></trkpt><trkpt lat="47.475401" lon="-122.872024"></trkpt><trkpt lat="47.475442" lon="-122.872481"></trkpt><trkpt lat="47.475334" lon="-122.872944"></trkpt><trkpt lat="47.475191" lon="-122.873372"></trkpt><trkpt lat="47.475267" lon="-122.873766"></trkpt><trkpt lat="47.474952" lon="-122.874565"></trkpt><trkpt lat="47.474649" lon="-122.874699"></trkpt><trkpt lat="47.474391" lon="-122.875042"></trkpt><trkpt lat="47.474083" lon="-122.874924"></trkpt><trkpt lat="47.473732" lon="-122.874448"></trkpt><trkpt lat="47.473291" lon="-122.874027"></trkpt><trkpt lat="47.473128" lon="-122.873571"></trkpt><trkpt lat="47.473150" lon="-122.873356"></trkpt><trkpt lat="47.473232" lon="-122.873061"></trkpt><trkpt lat="47.473169" lon="-122.872683"></trkpt><trkpt lat="47.473024" lon="-122.872393"></trkpt><trkpt lat="47.472662" lon="-122.872067"></trkpt><trkpt lat="47.472515" lon="-122.871983"></trkpt><trkpt lat="47.472138" lon="-122.871523"></trkpt><trkpt lat="47.471655" lon="-122.869974"></trkpt><trkpt lat="47.471388" lon="-122.869399"></trkpt><trkpt lat="47.471298" lon="-122.869367"></trkpt><trkpt lat="47.471076" lon="-122.869472"></trkpt><trkpt lat="47.470468" lon="-122.869966"></trkpt><trkpt lat="47.470294" lon="-122.870030"></trkpt><trkpt lat="47.469884" lon="-122.869763"></trkpt><trkpt lat="47.469656" lon="-122.870133"></trkpt><trkpt lat="47.469542" lon="-122.870171"></trkpt><trkpt lat="47.469473" lon="-122.869531"></trkpt><trkpt lat="47.469303" lon="-122.868845"></trkpt><trkpt lat="47.469244" lon="-122.868136"></trkpt><trkpt lat="47.469160" lon="-122.867784"></trkpt><trkpt lat="47.469021" lon="-122.867750"></trkpt><trkpt lat="47.468605" lon="-122.868006"></trkpt><trkpt lat="47.468126" lon="-122.868090"></trkpt><trkpt lat="47.467469" lon="-122.867571"></trkpt><trkpt lat="47.467316" lon="-122.867307"></trkpt><trkpt lat="47.466924" lon="-122.867081"></trkpt><trkpt lat="47.466416" lon="-122.866976"></trkpt><trkpt lat="47.466163" lon="-122.866698"></trkpt><trkpt lat="47.466047" lon="-122.866471"></trkpt><trkpt lat="47.465642" lon="-122.866057"></trkpt><trkpt lat="47.465661" lon="-122.865615"></trkpt><trkpt lat="47.465769" lon="-122.865267"></trkpt><trkpt lat="47.465785" lon="-122.865065"></trkpt><trkpt lat="47.465766" lon="-122.864673"></trkpt><trkpt lat="47.465850" lon="-122.864511"></trkpt><trkpt lat="47.466079" lon="-122.864336"></trkpt><trkpt lat="47.466579" lon="-122.864399"></trkpt><trkpt lat="47.467072" lon="-122.864655"></trkpt><trkpt lat="47.467233" lon="-122.864647"></trkpt><trkpt lat="47.467526" lon="-122.864549"></trkpt><trkpt lat="47.468063" lon="-122.864591"></trkpt><trkpt lat="47.468306" lon="-122.864566"></trkpt><trkpt lat="47.468503" lon="-122.864468"></trkpt><trkpt lat="47.468555" lon="-122.864206"></trkpt><trkpt lat="47.468534" lon="-122.864165"></trkpt><trkpt lat="47.468406" lon="-122.864226"></trkpt><trkpt lat="47.468461" lon="-122.863926"></trkpt><trkpt lat="47.468682" lon="-122.863204"></trkpt><trkpt lat="47.468688" lon="-122.863311"></trkpt><trkpt lat="47.468724" lon="-122.863284"></trkpt><trkpt lat="47.468767" lon="-122.863154"></trkpt><trkpt lat="47.468507" lon="-122.863065"></trkpt><trkpt lat="47.468212" lon="-122.862875"></trkpt><trkpt lat="47.468275" lon="-122.862809"></trkpt><trkpt lat="47.468276" lon="-122.862737"></trkpt><trkpt lat="47.468276" lon="-122.862618"></trkpt><trkpt lat="47.468215" lon="-122.862687"></trkpt><trkpt lat="47.468013" lon="-122.862708"></trkpt><trkpt lat="47.467804" lon="-122.862875"></trkpt><trkpt lat="47.467466" lon="-122.862881"></trkpt><trkpt lat="47.467159" lon="-122.862984"></trkpt><trkpt lat="47.467035" lon="-122.863170"></trkpt><trkpt lat="47.466894" lon="-122.863237"></trkpt><trkpt lat="47.466763" lon="-122.863332"></trkpt><trkpt lat="47.466593" lon="-122.863341"></trkpt><trkpt lat="47.466332" lon="-122.863171"></trkpt><trkpt lat="47.466081" lon="-122.863087"></trkpt><trkpt lat="47.465751" lon="-122.863048"></trkpt><trkpt lat="47.465314" lon="-122.862768"></trkpt><trkpt lat="47.464778" lon="-122.862897"></trkpt><trkpt lat="47.464610" lon="-122.863192"></trkpt><trkpt lat="47.464465" lon="-122.863595"></trkpt><trkpt lat="47.464180" lon="-122.863839"></trkpt><trkpt lat="47.464072" lon="-122.864085"></trkpt><trkpt lat="47.463964" lon="-122.864107"></trkpt><trkpt lat="47.463703" lon="-122.863948"></trkpt><trkpt lat="47.463317" lon="-122.863895"></trkpt><trkpt lat="47.463167" lon="-122.863260"></trkpt><trkpt lat="47.462866" lon="-122.862927"></trkpt><trkpt lat="47.462847" lon="-122.862704"></trkpt><trkpt lat="47.462640" lon="-122.862529"></trkpt><trkpt lat="47.462094" lon="-122.862403"></trkpt><trkpt lat="47.461799" lon="-122.862382"></trkpt><trkpt lat="47.460790" lon="-122.862012"></trkpt><trkpt lat="47.460571" lon="-122.861887"></trkpt><trkpt lat="47.460133" lon="-122.861529"></trkpt><trkpt lat="47.459752" lon="-122.861097"></trkpt><trkpt lat="47.459530" lon="-122.860703"></trkpt><trkpt lat="47.459417" lon="-122.860311"></trkpt><trkpt lat="47.459068" lon="-122.860007"></trkpt><trkpt lat="47.459025" lon="-122.860114"></trkpt><trkpt lat="47.458931" lon="-122.860708"></trkpt><trkpt lat="47.458918" lon="-122.860980"></trkpt><trkpt lat="47.458827" lon="-122.861435"></trkpt><trkpt lat="47.458620" lon="-122.862167"></trkpt><trkpt lat="47.458341" lon="-122.862360"></trkpt><trkpt lat="47.458169" lon="-122.862575"></trkpt><trkpt lat="47.458174" lon="-122.862643"></trkpt><trkpt lat="47.458013" lon="-122.862713"></trkpt><trkpt lat="47.457710" lon="-122.863006"></trkpt><trkpt lat="47.457648" lon="-122.863145"></trkpt><trkpt lat="47.457649" lon="-122.863250"></trkpt><trkpt lat="47.457641" lon="-122.863549"></trkpt><trkpt lat="47.457713" lon="-122.863855"></trkpt><trkpt lat="47.457650" lon="-122.864238"></trkpt><trkpt lat="47.457393" lon="-122.864844"></trkpt><trkpt lat="47.457219" lon="-122.865522"></trkpt><trkpt lat="47.457093" lon="-122.865667"></trkpt><trkpt lat="47.456782" lon="-122.865833"></trkpt><trkpt lat="47.456552" lon="-122.866104"></trkpt><trkpt lat="47.456273" lon="-122.866473"></trkpt><trkpt lat="47.456087" lon="-122.866719"></trkpt><trkpt lat="47.455973" lon="-122.867085"></trkpt><trkpt lat="47.455806" lon="-122.867170"></trkpt><trkpt lat="47.455688" lon="-122.867312"></trkpt><trkpt lat="47.455597" lon="-122.867525"></trkpt><trkpt lat="47.455705" lon="-122.867659"></trkpt><trkpt lat="47.455791" lon="-122.867789"></trkpt><trkpt lat="47.455809" lon="-122.868110"></trkpt><trkpt lat="47.455984" lon="-122.868144"></trkpt><trkpt lat="47.456088" lon="-122.868138"></trkpt><trkpt lat="47.456067" lon="-122.868771"></trkpt><trkpt lat="47.456487" lon="-122.869323"></trkpt><trkpt lat="47.456521" lon="-122.869429"></trkpt><trkpt lat="47.456623" lon="-122.869490"></trkpt><trkpt lat="47.456729" lon="-122.869631"></trkpt><trkpt lat="47.456755" lon="-122.869746"></trkpt><trkpt lat="47.456710" lon="-122.869914"></trkpt><trkpt lat="47.456796" lon="-122.870353"></trkpt><trkpt lat="47.456999" lon="-122.870251"></trkpt><trkpt lat="47.457415" lon="-122.870539"></trkpt><trkpt lat="47.457627" lon="-122.870856"></trkpt><trkpt lat="47.457420" lon="-122.871517"></trkpt><trkpt lat="47.457383" lon="-122.871913"></trkpt><trkpt lat="47.457422" lon="-122.871940"></trkpt><trkpt lat="47.457492" lon="-122.871807"></trkpt><trkpt lat="47.457805" lon="-122.871974"></trkpt><trkpt lat="47.457756" lon="-122.872119"></trkpt><trkpt lat="47.457763" lon="-122.872487"></trkpt><trkpt lat="47.457595" lon="-122.872684"></trkpt><trkpt lat="47.457622" lon="-122.872885"></trkpt><trkpt lat="47.457691" lon="-122.873454"></trkpt><trkpt lat="47.457651" lon="-122.873901"></trkpt><trkpt lat="47.457518" lon="-122.874346"></trkpt><trkpt lat="47.457341" lon="-122.875068"></trkpt><trkpt lat="47.457523" lon="-122.876222"></trkpt><trkpt lat="47.457527" lon="-122.876559"></trkpt><trkpt lat="47.457398" lon="-122.877055"></trkpt><trkpt lat="47.457395" lon="-122.877503"></trkpt><trkpt lat="47.457518" lon="-122.877854"></trkpt><trkpt lat="47.457566" lon="-122.878304"></trkpt><trkpt lat="47.457297" lon="-122.878603"></trkpt><trkpt lat="47.457017" lon="-122.878496"></trkpt><trkpt lat="47.456840" lon="-122.878122"></trkpt><trkpt lat="47.456681" lon="-122.877446"></trkpt><trkpt lat="47.456370" lon="-122.876991"></trkpt><trkpt lat="47.455815" lon="-122.876431"></trkpt><trkpt lat="47.455616" lon="-122.876072"></trkpt><trkpt lat="47.455657" lon="-122.875662"></trkpt><trkpt lat="47.455467" lon="-122.875534"></trkpt><trkpt lat="47.455121" lon="-122.875662"></trkpt><trkpt lat="47.454928" lon="-122.875401"></trkpt><trkpt lat="47.454977" lon="-122.874958"></trkpt><trkpt lat="47.455256" lon="-122.874248"></trkpt><trkpt lat="47.455464" lon="-122.873123"></trkpt><trkpt lat="47.455415" lon="-122.872406"></trkpt><trkpt lat="47.455199" lon="-122.871795"></trkpt><trkpt lat="47.455094" lon="-122.871324"></trkpt><trkpt lat="47.454931" lon="-122.871195"></trkpt><trkpt lat="47.454816" lon="-122.871241"></trkpt><trkpt lat="47.454154" lon="-122.871569"></trkpt><trkpt lat="47.453594" lon="-122.871894"></trkpt><trkpt lat="47.452762" lon="-122.872446"></trkpt><trkpt lat="47.452237" lon="-122.872680"></trkpt><trkpt lat="47.451712" lon="-122.873079"></trkpt><trkpt lat="47.451412" lon="-122.873197"></trkpt><trkpt lat="47.450591" lon="-122.874089"></trkpt><trkpt lat="47.449675" lon="-122.874964"></trkpt><trkpt lat="47.448856" lon="-122.875301"></trkpt><trkpt lat="47.448329" lon="-122.875857"></trkpt><trkpt lat="47.448013" lon="-122.876375"></trkpt><trkpt lat="47.447415" lon="-122.877217"></trkpt><trkpt lat="47.447205" lon="-122.877638"></trkpt><trkpt lat="47.447162" lon="-122.877982"></trkpt><trkpt lat="47.447420" lon="-122.878047"></trkpt><trkpt lat="47.447720" lon="-122.878368"></trkpt><trkpt lat="47.447984" lon="-122.878868"></trkpt><trkpt lat="47.448212" lon="-122.878917"></trkpt><trkpt lat="47.448320" lon="-122.879106"></trkpt><trkpt lat="47.448278" lon="-122.879616"></trkpt><trkpt lat="47.448106" lon="-122.880256"></trkpt><trkpt lat="47.448073" lon="-122.880696"></trkpt><trkpt lat="47.447913" lon="-122.881469"></trkpt><trkpt lat="47.447898" lon="-122.882002"></trkpt><trkpt lat="47.447828" lon="-122.882623"></trkpt><trkpt lat="47.447866" lon="-122.883232"></trkpt><trkpt lat="47.448153" lon="-122.883480"></trkpt><trkpt lat="47.448386" lon="-122.883560"></trkpt><trkpt lat="47.448452" lon="-122.883838"></trkpt><trkpt lat="47.448908" lon="-122.883933"></trkpt><trkpt lat="47.449775" lon="-122.884020"></trkpt><trkpt lat="47.450101" lon="-122.883990"></trkpt><trkpt lat="47.450227" lon="-122.884524"></trkpt><trkpt lat="47.450423" lon="-122.884739"></trkpt><trkpt lat="47.450551" lon="-122.885065"></trkpt><trkpt lat="47.450722" lon="-122.885230"></trkpt><trkpt lat="47.450874" lon="-122.885299"></trkpt><trkpt lat="47.451236" lon="-122.885172"></trkpt><trkpt lat="47.451728" lon="-122.885179"></trkpt><trkpt lat="47.452148" lon="-122.885081"></trkpt><trkpt lat="47.452723" lon="-122.884421"></trkpt><trkpt lat="47.452868" lon="-122.884168"></trkpt><trkpt lat="47.453001" lon="-122.884084"></trkpt><trkpt lat="47.453042" lon="-122.884046"></trkpt><trkpt lat="47.453275" lon="-122.884030"></trkpt><trkpt lat="47.453475" lon="-122.884132"></trkpt><trkpt lat="47.453715" lon="-122.884174"></trkpt><trkpt lat="47.454129" lon="-122.884030"></trkpt><trkpt lat="47.454464" lon="-122.883982"></trkpt><trkpt lat="47.454848" lon="-122.884031"></trkpt><trkpt lat="47.455294" lon="-122.883904"></trkpt><trkpt lat="47.456002" lon="-122.884398"></trkpt><trkpt lat="47.456466" lon="-122.884535"></trkpt><trkpt lat="47.457297" lon="-122.884607"></trkpt><trkpt lat="47.457372" lon="-122.884633"></trkpt><trkpt lat="47.457444" lon="-122.884702"></trkpt><trkpt lat="47.457461" lon="-122.884809"></trkpt><trkpt lat="47.457510" lon="-122.884857"></trkpt><trkpt lat="47.457543" lon="-122.885033"></trkpt><trkpt lat="47.457592" lon="-122.885252"></trkpt><trkpt lat="47.457619" lon="-122.885295"></trkpt><trkpt lat="47.457681" lon="-122.885273"></trkpt><trkpt lat="47.457783" lon="-122.885530"></trkpt><trkpt lat="47.457783" lon="-122.885765"></trkpt><trkpt lat="47.457776" lon="-122.885903"></trkpt><trkpt lat="47.457826" lon="-122.886117"></trkpt><trkpt lat="47.457776" lon="-122.886277"></trkpt><trkpt lat="47.457803" lon="-122.886426"></trkpt><trkpt lat="47.457701" lon="-122.886624"></trkpt><trkpt lat="47.457743" lon="-122.886837"></trkpt><trkpt lat="47.457697" lon="-122.887008"></trkpt><trkpt lat="47.457839" lon="-122.887147"></trkpt><trkpt lat="47.457974" lon="-122.887377"></trkpt><trkpt lat="47.457675" lon="-122.887662"></trkpt><trkpt lat="47.457569" lon="-122.887872"></trkpt><trkpt lat="47.457487" lon="-122.888262"></trkpt><trkpt lat="47.457586" lon="-122.888492"></trkpt><trkpt lat="47.457783" lon="-122.888668"></trkpt><trkpt lat="47.457901" lon="-122.889329"></trkpt><trkpt lat="47.458169" lon="-122.889762"></trkpt><trkpt lat="47.458236" lon="-122.890301"></trkpt><trkpt lat="47.458198" lon="-122.890570"></trkpt><trkpt lat="47.458042" lon="-122.890866"></trkpt><trkpt lat="47.457998" lon="-122.891114"></trkpt><trkpt lat="47.456752" lon="-122.890895"></trkpt><trkpt lat="47.456623" lon="-122.890866"></trkpt><trkpt lat="47.456346" lon="-122.890985"></trkpt><trkpt lat="47.456156" lon="-122.890845"></trkpt><trkpt lat="47.456110" lon="-122.890701"></trkpt><trkpt lat="47.456013" lon="-122.890591"></trkpt><trkpt lat="47.455897" lon="-122.890274"></trkpt><trkpt lat="47.455709" lon="-122.890037"></trkpt><trkpt lat="47.455663" lon="-122.889868"></trkpt><trkpt lat="47.455489" lon="-122.889650"></trkpt><trkpt lat="47.455415" lon="-122.889385"></trkpt><trkpt lat="47.455045" lon="-122.888744"></trkpt><trkpt lat="47.454786" lon="-122.888491"></trkpt><trkpt lat="47.454697" lon="-122.888406"></trkpt><trkpt lat="47.454615" lon="-122.888262"></trkpt><trkpt lat="47.454499" lon="-122.888063"></trkpt><trkpt lat="47.454326" lon="-122.887718"></trkpt><trkpt lat="47.454270" lon="-122.887478"></trkpt><trkpt lat="47.454031" lon="-122.887334"></trkpt><trkpt lat="47.453880" lon="-122.887323"></trkpt><trkpt lat="47.453564" lon="-122.887387"></trkpt><trkpt lat="47.453432" lon="-122.887345"></trkpt><trkpt lat="47.453245" lon="-122.887360"></trkpt><trkpt lat="47.453190" lon="-122.887291"></trkpt><trkpt lat="47.453043" lon="-122.887294"></trkpt><trkpt lat="47.452910" lon="-122.887462"></trkpt><trkpt lat="47.452799" lon="-122.887486"></trkpt><trkpt lat="47.452654" lon="-122.887440"></trkpt><trkpt lat="47.452494" lon="-122.887598"></trkpt><trkpt lat="47.452204" lon="-122.887745"></trkpt><trkpt lat="47.452128" lon="-122.887643"></trkpt><trkpt lat="47.452007" lon="-122.887643"></trkpt><trkpt lat="47.451783" lon="-122.887873"></trkpt><trkpt lat="47.451609" lon="-122.887933"></trkpt><trkpt lat="47.451481" lon="-122.887915"></trkpt><trkpt lat="47.451366" lon="-122.887953"></trkpt><trkpt lat="47.451169" lon="-122.888145"></trkpt><trkpt lat="47.451003" lon="-122.888369"></trkpt><trkpt lat="47.450771" lon="-122.888390"></trkpt><trkpt lat="47.450706" lon="-122.888321"></trkpt><trkpt lat="47.450620" lon="-122.888324"></trkpt><trkpt lat="47.450485" lon="-122.888348"></trkpt><trkpt lat="47.450321" lon="-122.888476"></trkpt><trkpt lat="47.450117" lon="-122.888553"></trkpt><trkpt lat="47.449785" lon="-122.888957"></trkpt><trkpt lat="47.449542" lon="-122.889068"></trkpt><trkpt lat="47.449523" lon="-122.889004"></trkpt><trkpt lat="47.449349" lon="-122.889074"></trkpt><trkpt lat="47.449228" lon="-122.888913"></trkpt><trkpt lat="47.449112" lon="-122.888876"></trkpt><trkpt lat="47.448931" lon="-122.888929"></trkpt><trkpt lat="47.448882" lon="-122.889047"></trkpt><trkpt lat="47.448770" lon="-122.889111"></trkpt><trkpt lat="47.448708" lon="-122.889026"></trkpt><trkpt lat="47.448708" lon="-122.888940"></trkpt><trkpt lat="47.448599" lon="-122.888855"></trkpt><trkpt lat="47.448490" lon="-122.888888"></trkpt><trkpt lat="47.448117" lon="-122.889052"></trkpt><trkpt lat="47.447959" lon="-122.889127"></trkpt><trkpt lat="47.447827" lon="-122.889138"></trkpt><trkpt lat="47.447654" lon="-122.889408"></trkpt><trkpt lat="47.447551" lon="-122.890002"></trkpt><trkpt lat="47.447633" lon="-122.890120"></trkpt><trkpt lat="47.447942" lon="-122.890194"></trkpt><trkpt lat="47.447999" lon="-122.890277"></trkpt><trkpt lat="47.448103" lon="-122.890504"></trkpt><trkpt lat="47.448103" lon="-122.890600"></trkpt><trkpt lat="47.448192" lon="-122.890765"></trkpt><trkpt lat="47.448192" lon="-122.890900"></trkpt><trkpt lat="47.448192" lon="-122.891086"></trkpt><trkpt lat="47.448015" lon="-122.891625"></trkpt><trkpt lat="47.447995" lon="-122.891879"></trkpt><trkpt lat="47.447978" lon="-122.892052"></trkpt><trkpt lat="47.448107" lon="-122.893103"></trkpt><trkpt lat="47.448015" lon="-122.893700"></trkpt><trkpt lat="47.448044" lon="-122.893828"></trkpt><trkpt lat="47.448106" lon="-122.893903"></trkpt><trkpt lat="47.448511" lon="-122.894303"></trkpt><trkpt lat="47.448511" lon="-122.894586"></trkpt><trkpt lat="47.448554" lon="-122.894778"></trkpt><trkpt lat="47.448527" lon="-122.894874"></trkpt><trkpt lat="47.448452" lon="-122.894944"></trkpt><trkpt lat="47.448409" lon="-122.895173"></trkpt><trkpt lat="47.448446" lon="-122.895341"></trkpt><trkpt lat="47.448475" lon="-122.895456"></trkpt><trkpt lat="47.448491" lon="-122.895894"></trkpt><trkpt lat="47.448577" lon="-122.896287"></trkpt><trkpt lat="47.448557" lon="-122.896385"></trkpt><trkpt lat="47.448593" lon="-122.896571"></trkpt><trkpt lat="47.448596" lon="-122.896774"></trkpt><trkpt lat="47.448642" lon="-122.896843"></trkpt><trkpt lat="47.448491" lon="-122.896860"></trkpt><trkpt lat="47.448452" lon="-122.896737"></trkpt><trkpt lat="47.448386" lon="-122.896726"></trkpt><trkpt lat="47.448347" lon="-122.896801"></trkpt><trkpt lat="47.448278" lon="-122.896780"></trkpt><trkpt lat="47.448192" lon="-122.896860"></trkpt><trkpt lat="47.448195" lon="-122.896913"></trkpt><trkpt lat="47.448138" lon="-122.896956"></trkpt><trkpt lat="47.447965" lon="-122.897111"></trkpt><trkpt lat="47.447788" lon="-122.897111"></trkpt><trkpt lat="47.447726" lon="-122.897247"></trkpt><trkpt lat="47.447634" lon="-122.897436"></trkpt><trkpt lat="47.447676" lon="-122.897564"></trkpt><trkpt lat="47.447946" lon="-122.897863"></trkpt><trkpt lat="47.447913" lon="-122.898274"></trkpt><trkpt lat="47.447978" lon="-122.898450"></trkpt><trkpt lat="47.448123" lon="-122.898637"></trkpt><trkpt lat="47.448238" lon="-122.898616"></trkpt><trkpt lat="47.448449" lon="-122.898774"></trkpt><trkpt lat="47.448448" lon="-122.898877"></trkpt><trkpt lat="47.448298" lon="-122.899289"></trkpt><trkpt lat="47.448258" lon="-122.900126"></trkpt><trkpt lat="47.448297" lon="-122.900339"></trkpt><trkpt lat="47.448491" lon="-122.900708"></trkpt><trkpt lat="47.448514" lon="-122.900834"></trkpt><trkpt lat="47.448429" lon="-122.901065"></trkpt><trkpt lat="47.448264" lon="-122.901305"></trkpt><trkpt lat="47.447627" lon="-122.901172"></trkpt><trkpt lat="47.447288" lon="-122.901193"></trkpt><trkpt lat="47.447132" lon="-122.901135"></trkpt><trkpt lat="47.446871" lon="-122.901038"></trkpt><trkpt lat="47.446608" lon="-122.900841"></trkpt><trkpt lat="47.446493" lon="-122.900558"></trkpt><trkpt lat="47.446272" lon="-122.900331"></trkpt><trkpt lat="47.445961" lon="-122.900281"></trkpt><trkpt lat="47.445813" lon="-122.900403"></trkpt><trkpt lat="47.445705" lon="-122.900425"></trkpt><trkpt lat="47.445616" lon="-122.900339"></trkpt><trkpt lat="47.445538" lon="-122.900322"></trkpt><trkpt lat="47.445353" lon="-122.900281"></trkpt><trkpt lat="47.445054" lon="-122.900142"></trkpt><trkpt lat="47.445038" lon="-122.900083"></trkpt><trkpt lat="47.444911" lon="-122.900130"></trkpt><trkpt lat="47.444869" lon="-122.900127"></trkpt><trkpt lat="47.444757" lon="-122.899931"></trkpt><trkpt lat="47.444757" lon="-122.899867"></trkpt><trkpt lat="47.444696" lon="-122.899778"></trkpt><trkpt lat="47.444613" lon="-122.899762"></trkpt><trkpt lat="47.444569" lon="-122.899636"></trkpt><trkpt lat="47.444565" lon="-122.899220"></trkpt><trkpt lat="47.444455" lon="-122.899006"></trkpt><trkpt lat="47.444072" lon="-122.898882"></trkpt><trkpt lat="47.443892" lon="-122.898671"></trkpt><trkpt lat="47.443814" lon="-122.898586"></trkpt><trkpt lat="47.443726" lon="-122.898707"></trkpt><trkpt lat="47.443645" lon="-122.898753"></trkpt><trkpt lat="47.443582" lon="-122.898668"></trkpt><trkpt lat="47.443174" lon="-122.898600"></trkpt><trkpt lat="47.442858" lon="-122.898776"></trkpt><trkpt lat="47.442784" lon="-122.898814"></trkpt><trkpt lat="47.442701" lon="-122.899095"></trkpt><trkpt lat="47.442548" lon="-122.899134"></trkpt><trkpt lat="47.442425" lon="-122.899262"></trkpt><trkpt lat="47.442272" lon="-122.899269"></trkpt><trkpt lat="47.442230" lon="-122.899123"></trkpt><trkpt lat="47.442120" lon="-122.899184"></trkpt><trkpt lat="47.441879" lon="-122.899242"></trkpt><trkpt lat="47.441700" lon="-122.899205"></trkpt><trkpt lat="47.441457" lon="-122.899222"></trkpt><trkpt lat="47.441369" lon="-122.899443"></trkpt><trkpt lat="47.441258" lon="-122.899436"></trkpt><trkpt lat="47.441067" lon="-122.899311"></trkpt><trkpt lat="47.440953" lon="-122.899443"></trkpt><trkpt lat="47.440765" lon="-122.899500"></trkpt><trkpt lat="47.440636" lon="-122.899635"></trkpt><trkpt lat="47.440553" lon="-122.899611"></trkpt><trkpt lat="47.440747" lon="-122.900386"></trkpt><trkpt lat="47.440771" lon="-122.900688"></trkpt><trkpt lat="47.440903" lon="-122.900681"></trkpt><trkpt lat="47.440832" lon="-122.900812"></trkpt><trkpt lat="47.441048" lon="-122.900430"></trkpt><trkpt lat="47.441094" lon="-122.900451"></trkpt><trkpt lat="47.441186" lon="-122.900889"></trkpt><trkpt lat="47.441330" lon="-122.901214"></trkpt><trkpt lat="47.441330" lon="-122.901540"></trkpt><trkpt lat="47.441412" lon="-122.901930"></trkpt><trkpt lat="47.441343" lon="-122.902223"></trkpt><trkpt lat="47.441373" lon="-122.902586"></trkpt><trkpt lat="47.441310" lon="-122.903029"></trkpt><trkpt lat="47.441393" lon="-122.903173"></trkpt><trkpt lat="47.441435" lon="-122.903344"></trkpt><trkpt lat="47.441417" lon="-122.903435"></trkpt><trkpt lat="47.441136" lon="-122.903904"></trkpt><trkpt lat="47.441094" lon="-122.904096"></trkpt><trkpt lat="47.440962" lon="-122.904118"></trkpt><trkpt lat="47.440900" lon="-122.904235"></trkpt><trkpt lat="47.440831" lon="-122.904587"></trkpt><trkpt lat="47.440709" lon="-122.904694"></trkpt><trkpt lat="47.440706" lon="-122.904795"></trkpt><trkpt lat="47.440814" lon="-122.904854"></trkpt><trkpt lat="47.440811" lon="-122.904993"></trkpt><trkpt lat="47.440732" lon="-122.905084"></trkpt><trkpt lat="47.440578" lon="-122.905126"></trkpt><trkpt lat="47.440574" lon="-122.905222"></trkpt><trkpt lat="47.440775" lon="-122.905398"></trkpt><trkpt lat="47.440857" lon="-122.905425"></trkpt><trkpt lat="47.440916" lon="-122.905804"></trkpt><trkpt lat="47.440996" lon="-122.905853"></trkpt><trkpt lat="47.441330" lon="-122.906023"></trkpt><trkpt lat="47.441409" lon="-122.905932"></trkpt><trkpt lat="47.441419" lon="-122.905671"></trkpt><trkpt lat="47.441524" lon="-122.905580"></trkpt><trkpt lat="47.441639" lon="-122.905687"></trkpt><trkpt lat="47.441823" lon="-122.905740"></trkpt><trkpt lat="47.441951" lon="-122.905580"></trkpt><trkpt lat="47.442054" lon="-122.905652"></trkpt><trkpt lat="47.442102" lon="-122.905687"></trkpt><trkpt lat="47.442122" lon="-122.905873"></trkpt><trkpt lat="47.442207" lon="-122.906071"></trkpt><trkpt lat="47.442210" lon="-122.906386"></trkpt><trkpt lat="47.442076" lon="-122.906992"></trkpt><trkpt lat="47.442145" lon="-122.907106"></trkpt><trkpt lat="47.442312" lon="-122.907202"></trkpt><trkpt lat="47.442316" lon="-122.907517"></trkpt><trkpt lat="47.442232" lon="-122.908071"></trkpt><trkpt lat="47.442312" lon="-122.908323"></trkpt><trkpt lat="47.442398" lon="-122.908894"></trkpt><trkpt lat="47.442565" lon="-122.909049"></trkpt><trkpt lat="47.442503" lon="-122.909236"></trkpt><trkpt lat="47.442505" lon="-122.909380"></trkpt><trkpt lat="47.442549" lon="-122.909534"></trkpt><trkpt lat="47.442631" lon="-122.909561"></trkpt><trkpt lat="47.442789" lon="-122.909513"></trkpt><trkpt lat="47.442920" lon="-122.909609"></trkpt><trkpt lat="47.443091" lon="-122.909620"></trkpt><trkpt lat="47.443204" lon="-122.909849"></trkpt><trkpt lat="47.443367" lon="-122.910164"></trkpt><trkpt lat="47.443153" lon="-122.910645"></trkpt><trkpt lat="47.443042" lon="-122.910726"></trkpt><trkpt lat="47.442897" lon="-122.910693"></trkpt><trkpt lat="47.442548" lon="-122.910769"></trkpt><trkpt lat="47.442549" lon="-122.910874"></trkpt><trkpt lat="47.442703" lon="-122.911344"></trkpt><trkpt lat="47.442858" lon="-122.911546"></trkpt><trkpt lat="47.443042" lon="-122.911957"></trkpt><trkpt lat="47.442956" lon="-122.912251"></trkpt><trkpt lat="47.442933" lon="-122.912571"></trkpt><trkpt lat="47.443016" lon="-122.912827"></trkpt><trkpt lat="47.442855" lon="-122.913579"></trkpt><trkpt lat="47.442894" lon="-122.914054"></trkpt><trkpt lat="47.442789" lon="-122.914337"></trkpt><trkpt lat="47.442796" lon="-122.914655"></trkpt><trkpt lat="47.442806" lon="-122.914903"></trkpt><trkpt lat="47.442845" lon="-122.915138"></trkpt><trkpt lat="47.442799" lon="-122.915293"></trkpt><trkpt lat="47.442723" lon="-122.915325"></trkpt><trkpt lat="47.442664" lon="-122.915570"></trkpt><trkpt lat="47.442536" lon="-122.915768"></trkpt><trkpt lat="47.442513" lon="-122.915890"></trkpt><trkpt lat="47.442548" lon="-122.916048"></trkpt><trkpt lat="47.442773" lon="-122.916040"></trkpt><trkpt lat="47.442835" lon="-122.915922"></trkpt><trkpt lat="47.442917" lon="-122.915896"></trkpt><trkpt lat="47.443108" lon="-122.915885"></trkpt><trkpt lat="47.443245" lon="-122.915937"></trkpt><trkpt lat="47.443423" lon="-122.915912"></trkpt><trkpt lat="47.443594" lon="-122.916008"></trkpt><trkpt lat="47.443941" lon="-122.916090"></trkpt><trkpt lat="47.443995" lon="-122.916253"></trkpt><trkpt lat="47.443965" lon="-122.916435"></trkpt><trkpt lat="47.444093" lon="-122.916643"></trkpt><trkpt lat="47.444251" lon="-122.916685"></trkpt><trkpt lat="47.444430" lon="-122.916534"></trkpt><trkpt lat="47.444655" lon="-122.916403"></trkpt><trkpt lat="47.444921" lon="-122.916344"></trkpt><trkpt lat="47.445304" lon="-122.915952"></trkpt><trkpt lat="47.445388" lon="-122.915864"></trkpt><trkpt lat="47.445532" lon="-122.915848"></trkpt><trkpt lat="47.445910" lon="-122.915624"></trkpt><trkpt lat="47.446153" lon="-122.915576"></trkpt><trkpt lat="47.446245" lon="-122.915421"></trkpt><trkpt lat="47.446322" lon="-122.915393"></trkpt><trkpt lat="47.446515" lon="-122.915319"></trkpt><trkpt lat="47.446653" lon="-122.915319"></trkpt><trkpt lat="47.446869" lon="-122.915031"></trkpt><trkpt lat="47.447027" lon="-122.914887"></trkpt><trkpt lat="47.447260" lon="-122.914763"></trkpt><trkpt lat="47.447596" lon="-122.914551"></trkpt><trkpt lat="47.448133" lon="-122.914417"></trkpt><trkpt lat="47.448312" lon="-122.914375"></trkpt><trkpt lat="47.448430" lon="-122.914300"></trkpt><trkpt lat="47.448572" lon="-122.914305"></trkpt><trkpt lat="47.448624" lon="-122.914246"></trkpt><trkpt lat="47.449307" lon="-122.914288"></trkpt><trkpt lat="47.449632" lon="-122.915039"></trkpt><trkpt lat="47.449565" lon="-122.915747"></trkpt><trkpt lat="47.450030" lon="-122.916007"></trkpt><trkpt lat="47.450331" lon="-122.916087"></trkpt><trkpt lat="47.451046" lon="-122.916198"></trkpt><trkpt lat="47.451328" lon="-122.915762"></trkpt><trkpt lat="47.451561" lon="-122.915148"></trkpt><trkpt lat="47.451949" lon="-122.914743"></trkpt><trkpt lat="47.452269" lon="-122.914546"></trkpt><trkpt lat="47.452787" lon="-122.914659"></trkpt><trkpt lat="47.452957" lon="-122.913819"></trkpt><trkpt lat="47.453384" lon="-122.913371"></trkpt><trkpt lat="47.454215" lon="-122.912965"></trkpt><trkpt lat="47.454840" lon="-122.913104"></trkpt><trkpt lat="47.455031" lon="-122.913019"></trkpt><trkpt lat="47.455103" lon="-122.913015"></trkpt><trkpt lat="47.455507" lon="-122.912917"></trkpt><trkpt lat="47.456029" lon="-122.912987"></trkpt><trkpt lat="47.456367" lon="-122.912893"></trkpt><trkpt lat="47.456585" lon="-122.910984"></trkpt><trkpt lat="47.456522" lon="-122.910615"></trkpt><trkpt lat="47.456180" lon="-122.910117"></trkpt><trkpt lat="47.456154" lon="-122.909856"></trkpt><trkpt lat="47.456407" lon="-122.909764"></trkpt><trkpt lat="47.456305" lon="-122.909283"></trkpt><trkpt lat="47.456282" lon="-122.908239"></trkpt><trkpt lat="47.456522" lon="-122.908109"></trkpt><trkpt lat="47.456897" lon="-122.908136"></trkpt><trkpt lat="47.456979" lon="-122.908205"></trkpt><trkpt lat="47.457442" lon="-122.908531"></trkpt><trkpt lat="47.459121" lon="-122.907063"></trkpt><trkpt lat="47.460015" lon="-122.905834"></trkpt><trkpt lat="47.460494" lon="-122.905920"></trkpt><trkpt lat="47.460947" lon="-122.906155"></trkpt><trkpt lat="47.461184" lon="-122.906097"></trkpt><trkpt lat="47.461384" lon="-122.905920"></trkpt><trkpt lat="47.461690" lon="-122.905846"></trkpt><trkpt lat="47.461818" lon="-122.906086"></trkpt><trkpt lat="47.461972" lon="-122.906171"></trkpt><trkpt lat="47.462296" lon="-122.905971"></trkpt><trkpt lat="47.462508" lon="-122.905792"></trkpt><trkpt lat="47.462600" lon="-122.905451"></trkpt><trkpt lat="47.462547" lon="-122.905104"></trkpt><trkpt lat="47.462380" lon="-122.904821"></trkpt><trkpt lat="47.462398" lon="-122.904668"></trkpt><trkpt lat="47.462423" lon="-122.904554"></trkpt><trkpt lat="47.462639" lon="-122.904586"></trkpt><trkpt lat="47.462873" lon="-122.904527"></trkpt><trkpt lat="47.462901" lon="-122.904437"></trkpt><trkpt lat="47.463152" lon="-122.903946"></trkpt><trkpt lat="47.463412" lon="-122.903951"></trkpt><trkpt lat="47.464034" lon="-122.903691"></trkpt><trkpt lat="47.464632" lon="-122.904022"></trkpt><trkpt lat="47.464979" lon="-122.903988"></trkpt><trkpt lat="47.465130" lon="-122.904116"></trkpt><trkpt lat="47.465281" lon="-122.904164"></trkpt><trkpt lat="47.465481" lon="-122.904031"></trkpt><trkpt lat="47.465626" lon="-122.904010"></trkpt><trkpt lat="47.465876" lon="-122.903855"></trkpt><trkpt lat="47.465872" lon="-122.904245"></trkpt><trkpt lat="47.465984" lon="-122.905034"></trkpt><trkpt lat="47.466257" lon="-122.905072"></trkpt><trkpt lat="47.466388" lon="-122.905264"></trkpt><trkpt lat="47.466628" lon="-122.905355"></trkpt><trkpt lat="47.466713" lon="-122.905264"></trkpt><trkpt lat="47.467850" lon="-122.904714"></trkpt><trkpt lat="47.467972" lon="-122.904853"></trkpt><trkpt lat="47.468212" lon="-122.905835"></trkpt><trkpt lat="47.468409" lon="-122.906150"></trkpt><trkpt lat="47.468425" lon="-122.906262"></trkpt><trkpt lat="47.468534" lon="-122.906349"></trkpt><trkpt lat="47.468750" lon="-122.906518"></trkpt><trkpt lat="47.468898" lon="-122.906542"></trkpt><trkpt lat="47.468918" lon="-122.906897"></trkpt><trkpt lat="47.469174" lon="-122.907916"></trkpt><trkpt lat="47.469371" lon="-122.908839"></trkpt><trkpt lat="47.469572" lon="-122.909341"></trkpt><trkpt lat="47.469736" lon="-122.909570"></trkpt><trkpt lat="47.469804" lon="-122.909599"></trkpt><trkpt lat="47.470815" lon="-122.910056"></trkpt></trkseg></trk><trk><name>T006 PN935B6</name><trkseg><trkpt lat="47.406324" lon="-123.441129"></trkpt><trkpt lat="47.405638" lon="-123.440370"></trkpt><trkpt lat="47.405540" lon="-123.440350"></trkpt><trkpt lat="47.405428" lon="-123.440327"></trkpt><trkpt lat="47.405355" lon="-123.440295"></trkpt><trkpt lat="47.405271" lon="-123.440279"></trkpt><trkpt lat="47.405172" lon="-123.440259"></trkpt><trkpt lat="47.405083" lon="-123.440241"></trkpt><trkpt lat="47.405002" lon="-123.440236"></trkpt><trkpt lat="47.404913" lon="-123.440253"></trkpt><trkpt lat="47.404824" lon="-123.440270"></trkpt><trkpt lat="47.404751" lon="-123.440308"></trkpt><trkpt lat="47.404695" lon="-123.440343"></trkpt><trkpt lat="47.404606" lon="-123.440290"></trkpt><trkpt lat="47.404568" lon="-123.440248"></trkpt><trkpt lat="47.404546" lon="-123.440461"></trkpt><trkpt lat="47.404465" lon="-123.440491"></trkpt><trkpt lat="47.404385" lon="-123.440545"></trkpt><trkpt lat="47.404309" lon="-123.440610"></trkpt><trkpt lat="47.404234" lon="-123.440665"></trkpt><trkpt lat="47.404153" lon="-123.440735"></trkpt><trkpt lat="47.404081" lon="-123.440802"></trkpt><trkpt lat="47.404001" lon="-123.440856"></trkpt><trkpt lat="47.403926" lon="-123.440951"></trkpt><trkpt lat="47.403858" lon="-123.441024"></trkpt><trkpt lat="47.403802" lon="-123.441111"></trkpt><trkpt lat="47.403730" lon="-123.441219"></trkpt><trkpt lat="47.403678" lon="-123.441313"></trkpt><trkpt lat="47.403623" lon="-123.441400"></trkpt><trkpt lat="47.403582" lon="-123.441485"></trkpt><trkpt lat="47.403529" lon="-123.441590"></trkpt><trkpt lat="47.403499" lon="-123.441706"></trkpt><trkpt lat="47.403445" lon="-123.441818"></trkpt><trkpt lat="47.403390" lon="-123.441934"></trkpt><trkpt lat="47.403325" lon="-123.441985"></trkpt><trkpt lat="47.403270" lon="-123.442043"></trkpt><trkpt lat="47.403194" lon="-123.442109"></trkpt><trkpt lat="47.403091" lon="-123.442227"></trkpt><trkpt lat="47.403018" lon="-123.442335"></trkpt><trkpt lat="47.402972" lon="-123.442424"></trkpt><trkpt lat="47.402927" lon="-123.442537"></trkpt><trkpt lat="47.402910" lon="-123.442662"></trkpt><trkpt lat="47.402892" lon="-123.442797"></trkpt><trkpt lat="47.402871" lon="-123.442950"></trkpt><trkpt lat="47.402828" lon="-123.443046"></trkpt><trkpt lat="47.402788" lon="-123.443166"></trkpt><trkpt lat="47.402770" lon="-123.443296"></trkpt><trkpt lat="47.402732" lon="-123.443463"></trkpt><trkpt lat="47.402706" lon="-123.443585"></trkpt><trkpt lat="47.402664" lon="-123.443681"></trkpt><trkpt lat="47.402622" lon="-123.443772"></trkpt><trkpt lat="47.402556" lon="-123.443869"></trkpt><trkpt lat="47.402514" lon="-123.443965"></trkpt><trkpt lat="47.402449" lon="-123.444051"></trkpt><trkpt lat="47.402397" lon="-123.444150"></trkpt><trkpt lat="47.402355" lon="-123.444247"></trkpt><trkpt lat="47.402298" lon="-123.444375"></trkpt><trkpt lat="47.402255" lon="-123.444477"></trkpt><trkpt lat="47.402180" lon="-123.444601"></trkpt><trkpt lat="47.402124" lon="-123.444694"></trkpt><trkpt lat="47.402061" lon="-123.444804"></trkpt><trkpt lat="47.402005" lon="-123.444897"></trkpt><trkpt lat="47.401976" lon="-123.445036"></trkpt><trkpt lat="47.401958" lon="-123.445166"></trkpt><trkpt lat="47.401939" lon="-123.445302"></trkpt><trkpt lat="47.401894" lon="-123.445421"></trkpt><trkpt lat="47.401847" lon="-123.445551"></trkpt><trkpt lat="47.401788" lon="-123.445702"></trkpt><trkpt lat="47.401743" lon="-123.445815"></trkpt><trkpt lat="47.401692" lon="-123.445978"></trkpt><trkpt lat="47.401647" lon="-123.446091"></trkpt><trkpt lat="47.401605" lon="-123.446187"></trkpt><trkpt lat="47.401576" lon="-123.446297"></trkpt><trkpt lat="47.401556" lon="-123.446439"></trkpt><trkpt lat="47.401537" lon="-123.446580"></trkpt><trkpt lat="47.401533" lon="-123.446713"></trkpt><trkpt lat="47.401553" lon="-123.446845"></trkpt><trkpt lat="47.401549" lon="-123.446977"></trkpt><trkpt lat="47.401566" lon="-123.447066"></trkpt><trkpt lat="47.401531" lon="-123.447216"></trkpt><trkpt lat="47.401489" lon="-123.447312"></trkpt><trkpt lat="47.401458" lon="-123.447434"></trkpt><trkpt lat="47.401415" lon="-123.447530"></trkpt><trkpt lat="47.401369" lon="-123.447654"></trkpt><trkpt lat="47.401313" lon="-123.447748"></trkpt><trkpt lat="47.401259" lon="-123.447859"></trkpt><trkpt lat="47.401203" lon="-123.447952"></trkpt><trkpt lat="47.401173" lon="-123.448068"></trkpt><trkpt lat="47.401100" lon="-123.448176"></trkpt><trkpt lat="47.401030" lon="-123.448266"></trkpt><trkpt lat="47.400975" lon="-123.448383"></trkpt><trkpt lat="47.400923" lon="-123.448483"></trkpt><trkpt lat="47.400866" lon="-123.448576"></trkpt><trkpt lat="47.400810" lon="-123.448704"></trkpt><trkpt lat="47.400756" lon="-123.448815"></trkpt><trkpt lat="47.400688" lon="-123.448889"></trkpt><trkpt lat="47.400620" lon="-123.448962"></trkpt><trkpt lat="47.400553" lon="-123.449065"></trkpt><trkpt lat="47.400485" lon="-123.449179"></trkpt><trkpt lat="47.400426" lon="-123.449289"></trkpt><trkpt lat="47.400363" lon="-123.449358"></trkpt><trkpt lat="47.400303" lon="-123.449479"></trkpt><trkpt lat="47.400236" lon="-123.449553"></trkpt><trkpt lat="47.400162" lon="-123.449631"></trkpt><trkpt lat="47.400097" lon="-123.449682"></trkpt><trkpt lat="47.400020" lon="-123.449764"></trkpt><trkpt lat="47.399949" lon="-123.449854"></trkpt><trkpt lat="47.399891" lon="-123.449929"></trkpt><trkpt lat="47.399825" lon="-123.449996"></trkpt><trkpt lat="47.399793" lon="-123.450025"></trkpt><trkpt lat="47.399546" lon="-123.450204"></trkpt><trkpt lat="47.399464" lon="-123.450239"></trkpt><trkpt lat="47.399372" lon="-123.450273"></trkpt><trkpt lat="47.399293" lon="-123.450327"></trkpt><trkpt lat="47.399211" lon="-123.450357"></trkpt><trkpt lat="47.399134" lon="-123.450394"></trkpt><trkpt lat="47.399044" lon="-123.450417"></trkpt><trkpt lat="47.398963" lon="-123.450447"></trkpt><trkpt lat="47.398879" lon="-123.450465"></trkpt><trkpt lat="47.398801" lon="-123.450502"></trkpt><trkpt lat="47.398719" lon="-123.450503"></trkpt><trkpt lat="47.398630" lon="-123.450520"></trkpt><trkpt lat="47.398538" lon="-123.450530"></trkpt><trkpt lat="47.398454" lon="-123.450543"></trkpt><trkpt lat="47.398380" lon="-123.450563"></trkpt><trkpt lat="47.398291" lon="-123.450580"></trkpt><trkpt lat="47.398186" lon="-123.450611"></trkpt><trkpt lat="47.398105" lon="-123.450635"></trkpt><trkpt lat="47.398028" lon="-123.450672"></trkpt><trkpt lat="47.397954" lon="-123.450716"></trkpt><trkpt lat="47.397875" lon="-123.450734"></trkpt><trkpt lat="47.397786" lon="-123.450745"></trkpt><trkpt lat="47.397704" lon="-123.450746"></trkpt><trkpt lat="47.397613" lon="-123.450745"></trkpt><trkpt lat="47.397524" lon="-123.450762"></trkpt><trkpt lat="47.397442" lon="-123.450763"></trkpt><trkpt lat="47.397339" lon="-123.450777"></trkpt><trkpt lat="47.397246" lon="-123.450788"></trkpt><trkpt lat="47.397156" lon="-123.450805"></trkpt><trkpt lat="47.397068" lon="-123.450816"></trkpt><trkpt lat="47.396980" lon="-123.450833"></trkpt><trkpt lat="47.396893" lon="-123.450833"></trkpt><trkpt lat="47.396790" lon="-123.450848"></trkpt><trkpt lat="47.396701" lon="-123.450865"></trkpt><trkpt lat="47.396599" lon="-123.450873"></trkpt><trkpt lat="47.396516" lon="-123.450915"></trkpt><trkpt lat="47.396439" lon="-123.450952"></trkpt><trkpt lat="47.396364" lon="-123.450971"></trkpt><trkpt lat="47.396266" lon="-123.450987"></trkpt><trkpt lat="47.396177" lon="-123.451004"></trkpt><trkpt lat="47.396088" lon="-123.451015"></trkpt><trkpt lat="47.395999" lon="-123.451032"></trkpt><trkpt lat="47.395897" lon="-123.451041"></trkpt><trkpt lat="47.395804" lon="-123.451051"></trkpt><trkpt lat="47.395730" lon="-123.451065"></trkpt><trkpt lat="47.395645" lon="-123.451083"></trkpt><trkpt lat="47.395556" lon="-123.451100"></trkpt><trkpt lat="47.395458" lon="-123.451110"></trkpt><trkpt lat="47.395376" lon="-123.451111"></trkpt><trkpt lat="47.395283" lon="-123.451127"></trkpt><trkpt lat="47.395005" lon="-123.451153"></trkpt><trkpt lat="47.394912" lon="-123.451134"></trkpt><trkpt lat="47.394814" lon="-123.451114"></trkpt><trkpt lat="47.394711" lon="-123.451123"></trkpt><trkpt lat="47.394623" lon="-123.451140"></trkpt><trkpt lat="47.394525" lon="-123.451155"></trkpt><trkpt lat="47.394432" lon="-123.451136"></trkpt><trkpt lat="47.394361" lon="-123.451094"></trkpt><trkpt lat="47.394307" lon="-123.451037"></trkpt><trkpt lat="47.394213" lon="-123.451018"></trkpt><trkpt lat="47.394123" lon="-123.451052"></trkpt><trkpt lat="47.394043" lon="-123.451105"></trkpt><trkpt lat="47.393969" lon="-123.451155"></trkpt><trkpt lat="47.393956" lon="-123.451186"></trkpt><trkpt lat="47.393871" lon="-123.451169"></trkpt><trkpt lat="47.393784" lon="-123.451169"></trkpt><trkpt lat="47.393705" lon="-123.451182"></trkpt><trkpt lat="47.393625" lon="-123.451207"></trkpt><trkpt lat="47.393552" lon="-123.451245"></trkpt><trkpt lat="47.393475" lon="-123.451281"></trkpt><trkpt lat="47.393404" lon="-123.451314"></trkpt><trkpt lat="47.393311" lon="-123.451295"></trkpt><trkpt lat="47.393261" lon="-123.451239"></trkpt><trkpt lat="47.393211" lon="-123.451113"></trkpt><trkpt lat="47.393153" lon="-123.451043"></trkpt><trkpt lat="47.393099" lon="-123.450951"></trkpt><trkpt lat="47.393069" lon="-123.450858"></trkpt><trkpt lat="47.393037" lon="-123.450771"></trkpt><trkpt lat="47.393002" lon="-123.450677"></trkpt><trkpt lat="47.392959" lon="-123.450577"></trkpt><trkpt lat="47.392892" lon="-123.450506"></trkpt><trkpt lat="47.392820" lon="-123.450439"></trkpt><trkpt lat="47.392766" lon="-123.450355"></trkpt><trkpt lat="47.392720" lon="-123.450277"></trkpt><trkpt lat="47.392662" lon="-123.450214"></trkpt><trkpt lat="47.392622" lon="-123.450118"></trkpt><trkpt lat="47.392582" lon="-123.450024"></trkpt><trkpt lat="47.392538" lon="-123.449922"></trkpt><trkpt lat="47.392505" lon="-123.449847"></trkpt><trkpt lat="47.392466" lon="-123.449776"></trkpt><trkpt lat="47.392422" lon="-123.449680"></trkpt><trkpt lat="47.392381" lon="-123.449590"></trkpt><trkpt lat="47.392337" lon="-123.449495"></trkpt><trkpt lat="47.392312" lon="-123.449399"></trkpt><trkpt lat="47.392276" lon="-123.449316"></trkpt><trkpt lat="47.392230" lon="-123.449232"></trkpt><trkpt lat="47.392187" lon="-123.449160"></trkpt><trkpt lat="47.392132" lon="-123.449080"></trkpt><trkpt lat="47.392077" lon="-123.449035"></trkpt><trkpt lat="47.391997" lon="-123.449001"></trkpt><trkpt lat="47.391985" lon="-123.448982"></trkpt><trkpt lat="47.391008" lon="-123.448069"></trkpt><trkpt lat="47.390050" lon="-123.447156"></trkpt><trkpt lat="47.389778" lon="-123.445547"></trkpt><trkpt lat="47.390538" lon="-123.443058"></trkpt><trkpt lat="47.391725" lon="-123.440635"></trkpt><trkpt lat="47.392524" lon="-123.437427"></trkpt><trkpt lat="47.392336" lon="-123.436171"></trkpt><trkpt lat="47.391820" lon="-123.435219"></trkpt><trkpt lat="47.391791" lon="-123.435038"></trkpt><trkpt lat="47.391716" lon="-123.434913"></trkpt><trkpt lat="47.391668" lon="-123.434766"></trkpt><trkpt lat="47.391566" lon="-123.434671"></trkpt><trkpt lat="47.391418" lon="-123.434568"></trkpt><trkpt lat="47.391276" lon="-123.434539"></trkpt><trkpt lat="47.391128" lon="-123.434510"></trkpt><trkpt lat="47.391050" lon="-123.434466"></trkpt><trkpt lat="47.390666" lon="-123.433553"></trkpt><trkpt lat="47.390440" lon="-123.433434"></trkpt><trkpt lat="47.390244" lon="-123.433192"></trkpt><trkpt lat="47.390059" lon="-123.433012"></trkpt><trkpt lat="47.389798" lon="-123.432852"></trkpt><trkpt lat="47.389673" lon="-123.432553"></trkpt><trkpt lat="47.389640" lon="-123.432242"></trkpt><trkpt lat="47.389771" lon="-123.431958"></trkpt><trkpt lat="47.389917" lon="-123.431766"></trkpt><trkpt lat="47.390107" lon="-123.431604"></trkpt><trkpt lat="47.390236" lon="-123.431308"></trkpt><trkpt lat="47.390355" lon="-123.431002"></trkpt><trkpt lat="47.390451" lon="-123.430635"></trkpt><trkpt lat="47.390507" lon="-123.430232"></trkpt><trkpt lat="47.390559" lon="-123.429849"></trkpt><trkpt lat="47.390571" lon="-123.429444"></trkpt><trkpt lat="47.390543" lon="-123.429097"></trkpt><trkpt lat="47.390481" lon="-123.428774"></trkpt><trkpt lat="47.390351" lon="-123.428493"></trkpt><trkpt lat="47.390273" lon="-123.428185"></trkpt><trkpt lat="47.390200" lon="-123.427845"></trkpt><trkpt lat="47.390078" lon="-123.427508"></trkpt><trkpt lat="47.389930" lon="-123.427258"></trkpt><trkpt lat="47.389840" lon="-123.426911"></trkpt><trkpt lat="47.389830" lon="-123.426545"></trkpt><trkpt lat="47.389740" lon="-123.426196"></trkpt><trkpt lat="47.389649" lon="-123.425871"></trkpt><trkpt lat="47.389564" lon="-123.425617"></trkpt><trkpt lat="47.389465" lon="-123.425342"></trkpt><trkpt lat="47.389336" lon="-123.425059"></trkpt><trkpt lat="47.389177" lon="-123.424771"></trkpt><trkpt lat="47.389078" lon="-123.424494"></trkpt><trkpt lat="47.388986" lon="-123.424165"></trkpt><trkpt lat="47.388911" lon="-123.423821"></trkpt><trkpt lat="47.388760" lon="-123.423588"></trkpt><trkpt lat="47.388670" lon="-123.423354"></trkpt><trkpt lat="47.388588" lon="-123.423066"></trkpt><trkpt lat="47.388485" lon="-123.422937"></trkpt><trkpt lat="47.388422" lon="-123.422500"></trkpt><trkpt lat="47.388548" lon="-123.422580"></trkpt><trkpt lat="47.388619" lon="-123.422725"></trkpt><trkpt lat="47.388703" lon="-123.422841"></trkpt><trkpt lat="47.388806" lon="-123.422972"></trkpt><trkpt lat="47.388882" lon="-123.423090"></trkpt><trkpt lat="47.389010" lon="-123.423227"></trkpt><trkpt lat="47.389131" lon="-123.423354"></trkpt><trkpt lat="47.389255" lon="-123.423397"></trkpt><trkpt lat="47.389326" lon="-123.423550"></trkpt><trkpt lat="47.389392" lon="-123.423684"></trkpt><trkpt lat="47.389493" lon="-123.423788"></trkpt><trkpt lat="47.389540" lon="-123.423946"></trkpt><trkpt lat="47.389564" lon="-123.424109"></trkpt><trkpt lat="47.389579" lon="-123.424280"></trkpt><trkpt lat="47.389647" lon="-123.424405"></trkpt><trkpt lat="47.389686" lon="-123.424570"></trkpt><trkpt lat="47.389782" lon="-123.424700"></trkpt><trkpt lat="47.389778" lon="-123.424894"></trkpt><trkpt lat="47.389839" lon="-123.425065"></trkpt><trkpt lat="47.389898" lon="-123.425196"></trkpt><trkpt lat="47.389990" lon="-123.425372"></trkpt><trkpt lat="47.390099" lon="-123.425523"></trkpt><trkpt lat="47.390196" lon="-123.425652"></trkpt><trkpt lat="47.390294" lon="-123.425774"></trkpt><trkpt lat="47.390391" lon="-123.425905"></trkpt><trkpt lat="47.390469" lon="-123.426048"></trkpt><trkpt lat="47.390553" lon="-123.426157"></trkpt><trkpt lat="47.390672" lon="-123.426226"></trkpt><trkpt lat="47.390806" lon="-123.426253"></trkpt><trkpt lat="47.390918" lon="-123.426229"></trkpt><trkpt lat="47.390967" lon="-123.426040"></trkpt><trkpt lat="47.391011" lon="-123.425885"></trkpt><trkpt lat="47.391040" lon="-123.425680"></trkpt><trkpt lat="47.391122" lon="-123.425562"></trkpt><trkpt lat="47.391260" lon="-123.425544"></trkpt><trkpt lat="47.391400" lon="-123.425572"></trkpt><trkpt lat="47.391545" lon="-123.425629"></trkpt><trkpt lat="47.391664" lon="-123.425708"></trkpt><trkpt lat="47.391834" lon="-123.425743"></trkpt><trkpt lat="47.391946" lon="-123.425709"></trkpt><trkpt lat="47.392010" lon="-123.425577"></trkpt><trkpt lat="47.392077" lon="-123.425417"></trkpt><trkpt lat="47.392121" lon="-123.425262"></trkpt><trkpt lat="47.392164" lon="-123.425062"></trkpt><trkpt lat="47.392232" lon="-123.424911"></trkpt><trkpt lat="47.392261" lon="-123.424697"></trkpt><trkpt lat="47.392290" lon="-123.424490"></trkpt><trkpt lat="47.392266" lon="-123.424332"></trkpt><trkpt lat="47.392270" lon="-123.424134"></trkpt><trkpt lat="47.392360" lon="-123.423984"></trkpt><trkpt lat="47.392484" lon="-123.423927"></trkpt><trkpt lat="47.392596" lon="-123.423893"></trkpt><trkpt lat="47.392731" lon="-123.423865"></trkpt><trkpt lat="47.392848" lon="-123.423788"></trkpt><trkpt lat="47.392956" lon="-123.423671"></trkpt><trkpt lat="47.393042" lon="-123.423549"></trkpt><trkpt lat="47.393145" lon="-123.423460"></trkpt><trkpt lat="47.393248" lon="-123.423324"></trkpt><trkpt lat="47.393361" lon="-123.423181"></trkpt><trkpt lat="47.393443" lon="-123.423031"></trkpt><trkpt lat="47.393534" lon="-123.422817"></trkpt><trkpt lat="47.393605" lon="-123.422636"></trkpt><trkpt lat="47.393674" lon="-123.422473"></trkpt><trkpt lat="47.393767" lon="-123.422306"></trkpt><trkpt lat="47.393855" lon="-123.422165"></trkpt><trkpt lat="47.393912" lon="-123.421974"></trkpt><trkpt lat="47.393961" lon="-123.421788"></trkpt><trkpt lat="47.394009" lon="-123.421613"></trkpt><trkpt lat="47.394002" lon="-123.421436"></trkpt><trkpt lat="47.393963" lon="-123.421271"></trkpt><trkpt lat="47.393965" lon="-123.421090"></trkpt><trkpt lat="47.394013" lon="-123.420898"></trkpt><trkpt lat="47.394146" lon="-123.420887"></trkpt><trkpt lat="47.394230" lon="-123.420776"></trkpt><trkpt lat="47.394322" lon="-123.420665"></trkpt><trkpt lat="47.394405" lon="-123.420561"></trkpt><trkpt lat="47.394415" lon="-123.420491"></trkpt><trkpt lat="47.395257" lon="-123.418347"></trkpt><trkpt lat="47.395286" lon="-123.418133"></trkpt><trkpt lat="47.395315" lon="-123.417926"></trkpt><trkpt lat="47.395342" lon="-123.417727"></trkpt><trkpt lat="47.395345" lon="-123.417536"></trkpt><trkpt lat="47.395251" lon="-123.417443"></trkpt><trkpt lat="47.395146" lon="-123.417321"></trkpt><trkpt lat="47.395062" lon="-123.417201"></trkpt><trkpt lat="47.395040" lon="-123.417022"></trkpt><trkpt lat="47.394921" lon="-123.416886"></trkpt><trkpt lat="47.394831" lon="-123.416757"></trkpt><trkpt lat="47.394738" lon="-123.416645"></trkpt><trkpt lat="47.394671" lon="-123.416520"></trkpt><trkpt lat="47.394546" lon="-123.416365"></trkpt><trkpt lat="47.394423" lon="-123.416192"></trkpt><trkpt lat="47.394307" lon="-123.416029"></trkpt><trkpt lat="47.394201" lon="-123.415906"></trkpt><trkpt lat="47.394130" lon="-123.415752"></trkpt><trkpt lat="47.394071" lon="-123.415574"></trkpt><trkpt lat="47.393997" lon="-123.415438"></trkpt><trkpt lat="47.393961" lon="-123.415257"></trkpt><trkpt lat="47.393940" lon="-123.415077"></trkpt><trkpt lat="47.393849" lon="-123.414966"></trkpt><trkpt lat="47.393799" lon="-123.414820"></trkpt><trkpt lat="47.393749" lon="-123.414682"></trkpt><trkpt lat="47.393701" lon="-123.414536"></trkpt><trkpt lat="47.393652" lon="-123.414389"></trkpt><trkpt lat="47.393618" lon="-123.414237"></trkpt><trkpt lat="47.393558" lon="-123.414071"></trkpt><trkpt lat="47.393584" lon="-123.413875"></trkpt><trkpt lat="47.393613" lon="-123.413665"></trkpt><trkpt lat="47.393716" lon="-123.413585"></trkpt><trkpt lat="47.393832" lon="-123.413524"></trkpt><trkpt lat="47.393939" lon="-123.413425"></trkpt><trkpt lat="47.394040" lon="-123.413363"></trkpt><trkpt lat="47.394169" lon="-123.413268"></trkpt><trkpt lat="47.394290" lon="-123.413209"></trkpt><trkpt lat="47.394379" lon="-123.413117"></trkpt><trkpt lat="47.394472" lon="-123.413006"></trkpt><trkpt lat="47.394530" lon="-123.412864"></trkpt><trkpt lat="47.394576" lon="-123.412692"></trkpt><trkpt lat="47.394642" lon="-123.412540"></trkpt><trkpt lat="47.394671" lon="-123.412332"></trkpt><trkpt lat="47.394700" lon="-123.412118"></trkpt><trkpt lat="47.394730" lon="-123.411903"></trkpt><trkpt lat="47.394758" lon="-123.411697"></trkpt><trkpt lat="47.394713" lon="-123.411520"></trkpt><trkpt lat="47.394677" lon="-123.411337"></trkpt><trkpt lat="47.394640" lon="-123.411153"></trkpt><trkpt lat="47.394612" lon="-123.410915"></trkpt><trkpt lat="47.394569" lon="-123.410777"></trkpt><trkpt lat="47.394506" lon="-123.410616"></trkpt><trkpt lat="47.394467" lon="-123.410451"></trkpt><trkpt lat="47.394431" lon="-123.410267"></trkpt><trkpt lat="47.394370" lon="-123.410146"></trkpt><trkpt lat="47.394300" lon="-123.409984"></trkpt><trkpt lat="47.394280" lon="-123.409799"></trkpt><trkpt lat="47.394229" lon="-123.409678"></trkpt><trkpt lat="47.394209" lon="-123.409500"></trkpt><trkpt lat="47.394184" lon="-123.409347"></trkpt><trkpt lat="47.394213" lon="-123.409142"></trkpt><trkpt lat="47.394260" lon="-123.408969"></trkpt><trkpt lat="47.394342" lon="-123.408822"></trkpt><trkpt lat="47.394386" lon="-123.408669"></trkpt><trkpt lat="47.394090" lon="-123.407641"></trkpt><trkpt lat="47.394129" lon="-123.407356"></trkpt><trkpt lat="47.394105" lon="-123.407083"></trkpt><trkpt lat="47.394069" lon="-123.406905"></trkpt><trkpt lat="47.394047" lon="-123.406697"></trkpt><trkpt lat="47.394051" lon="-123.406443"></trkpt><trkpt lat="47.394054" lon="-123.406198"></trkpt><trkpt lat="47.394030" lon="-123.405937"></trkpt><trkpt lat="47.393983" lon="-123.405695"></trkpt><trkpt lat="47.393951" lon="-123.405480"></trkpt><trkpt lat="47.393970" lon="-123.405192"></trkpt><trkpt lat="47.393907" lon="-123.404988"></trkpt><trkpt lat="47.393395" lon="-123.401619"></trkpt><trkpt lat="47.393697" lon="-123.400764"></trkpt><trkpt lat="47.393792" lon="-123.400697"></trkpt><trkpt lat="47.393865" lon="-123.400659"></trkpt><trkpt lat="47.393938" lon="-123.400610"></trkpt><trkpt lat="47.394034" lon="-123.400582"></trkpt><trkpt lat="47.394132" lon="-123.400567"></trkpt><trkpt lat="47.394228" lon="-123.400534"></trkpt><trkpt lat="47.394350" lon="-123.400489"></trkpt><trkpt lat="47.394425" lon="-123.400469"></trkpt><trkpt lat="47.394501" lon="-123.400432"></trkpt><trkpt lat="47.394595" lon="-123.400381"></trkpt><trkpt lat="47.394644" lon="-123.400310"></trkpt><trkpt lat="47.394702" lon="-123.400235"></trkpt><trkpt lat="47.394775" lon="-123.400157"></trkpt><trkpt lat="47.394825" lon="-123.400074"></trkpt><trkpt lat="47.394865" lon="-123.399954"></trkpt><trkpt lat="47.394897" lon="-123.399833"></trkpt><trkpt lat="47.394937" lon="-123.399748"></trkpt><trkpt lat="47.394974" lon="-123.399657"></trkpt><trkpt lat="47.395017" lon="-123.399555"></trkpt><trkpt lat="47.395059" lon="-123.399459"></trkpt><trkpt lat="47.395105" lon="-123.399334"></trkpt><trkpt lat="47.395123" lon="-123.399204"></trkpt><trkpt lat="47.395163" lon="-123.399090"></trkpt><trkpt lat="47.395204" lon="-123.398968"></trkpt><trkpt lat="47.395241" lon="-123.398871"></trkpt><trkpt lat="47.395291" lon="-123.398788"></trkpt><trkpt lat="47.395321" lon="-123.398674"></trkpt><trkpt lat="47.395371" lon="-123.398589"></trkpt><trkpt lat="47.395431" lon="-123.398538"></trkpt><trkpt lat="47.395519" lon="-123.398521"></trkpt><trkpt lat="47.395557" lon="-123.398545"></trkpt><trkpt lat="47.395597" lon="-123.398637"></trkpt><trkpt lat="47.395615" lon="-123.398745"></trkpt><trkpt lat="47.395647" lon="-123.398832"></trkpt><trkpt lat="47.395654" lon="-123.398955"></trkpt><trkpt lat="47.395663" lon="-123.399067"></trkpt><trkpt lat="47.395677" lon="-123.399175"></trkpt><trkpt lat="47.395700" lon="-123.399284"></trkpt><trkpt lat="47.395696" lon="-123.399417"></trkpt><trkpt lat="47.395694" lon="-123.399538"></trkpt><trkpt lat="47.395675" lon="-123.399674"></trkpt><trkpt lat="47.395656" lon="-123.399815"></trkpt><trkpt lat="47.395623" lon="-123.399948"></trkpt><trkpt lat="47.395600" lon="-123.400117"></trkpt><trkpt lat="47.395598" lon="-123.400239"></trkpt><trkpt lat="47.395579" lon="-123.400374"></trkpt><trkpt lat="47.395577" lon="-123.400496"></trkpt><trkpt lat="47.395559" lon="-123.400620"></trkpt><trkpt lat="47.395541" lon="-123.400756"></trkpt><trkpt lat="47.395524" lon="-123.400880"></trkpt><trkpt lat="47.395502" lon="-123.401033"></trkpt><trkpt lat="47.395472" lon="-123.401149"></trkpt><trkpt lat="47.395436" lon="-123.401304"></trkpt><trkpt lat="47.395405" lon="-123.401426"></trkpt><trkpt lat="47.395386" lon="-123.401561"></trkpt><trkpt lat="47.395358" lon="-123.401659"></trkpt><trkpt lat="47.395339" lon="-123.401800"></trkpt><trkpt lat="47.395319" lon="-123.401947"></trkpt><trkpt lat="47.395343" lon="-123.402051"></trkpt><trkpt lat="47.395413" lon="-123.402175"></trkpt><trkpt lat="47.395502" lon="-123.402263"></trkpt><trkpt lat="47.395588" lon="-123.402338"></trkpt><trkpt lat="47.395690" lon="-123.402394"></trkpt><trkpt lat="47.395772" lon="-123.402427"></trkpt><trkpt lat="47.395880" lon="-123.402449"></trkpt><trkpt lat="47.395964" lon="-123.402466"></trkpt><trkpt lat="47.396063" lon="-123.402485"></trkpt><trkpt lat="47.396146" lon="-123.402502"></trkpt><trkpt lat="47.396231" lon="-123.402519"></trkpt><trkpt lat="47.396327" lon="-123.402521"></trkpt><trkpt lat="47.396408" lon="-123.402520"></trkpt><trkpt lat="47.396500" lon="-123.402555"></trkpt><trkpt lat="47.396530" lon="-123.402648"></trkpt><trkpt lat="47.396543" lon="-123.402767"></trkpt><trkpt lat="47.396525" lon="-123.402891"></trkpt><trkpt lat="47.396505" lon="-123.403038"></trkpt><trkpt lat="47.396468" lon="-123.403135"></trkpt><trkpt lat="47.396391" lon="-123.403201"></trkpt><trkpt lat="47.396316" lon="-123.403255"></trkpt><trkpt lat="47.396240" lon="-123.403321"></trkpt><trkpt lat="47.396162" lon="-123.403358"></trkpt><trkpt lat="47.396091" lon="-123.403419"></trkpt><trkpt lat="47.396012" lon="-123.403473"></trkpt><trkpt lat="47.395935" lon="-123.403539"></trkpt><trkpt lat="47.395872" lon="-123.403608"></trkpt><trkpt lat="47.395794" lon="-123.403691"></trkpt><trkpt lat="47.395712" lon="-123.403791"></trkpt><trkpt lat="47.395658" lon="-123.403867"></trkpt><trkpt lat="47.395623" lon="-123.404016"></trkpt><trkpt lat="47.395606" lon="-123.404145"></trkpt><trkpt lat="47.395618" lon="-123.404264"></trkpt><trkpt lat="47.395634" lon="-123.404360"></trkpt><trkpt lat="47.395675" lon="-123.404479"></trkpt><trkpt lat="47.395704" lon="-123.404583"></trkpt><trkpt lat="47.395714" lon="-123.404724"></trkpt><trkpt lat="47.395693" lon="-123.404877"></trkpt><trkpt lat="47.395689" lon="-123.405009"></trkpt><trkpt lat="47.395695" lon="-123.405138"></trkpt><trkpt lat="47.395721" lon="-123.405266"></trkpt><trkpt lat="47.395760" lon="-123.405366"></trkpt><trkpt lat="47.395803" lon="-123.405479"></trkpt><trkpt lat="47.395845" lon="-123.405627"></trkpt><trkpt lat="47.395858" lon="-123.405740"></trkpt><trkpt lat="47.395854" lon="-123.405873"></trkpt><trkpt lat="47.395836" lon="-123.406003"></trkpt><trkpt lat="47.395815" lon="-123.406156"></trkpt><trkpt lat="47.395798" lon="-123.406279"></trkpt><trkpt lat="47.395806" lon="-123.406396"></trkpt><trkpt lat="47.395809" lon="-123.406511"></trkpt><trkpt lat="47.395840" lon="-123.406599"></trkpt><trkpt lat="47.395886" lon="-123.406689"></trkpt><trkpt lat="47.395916" lon="-123.406782"></trkpt><trkpt lat="47.395955" lon="-123.406889"></trkpt><trkpt lat="47.396005" lon="-123.407009"></trkpt><trkpt lat="47.396034" lon="-123.407114"></trkpt><trkpt lat="47.396063" lon="-123.407218"></trkpt><trkpt lat="47.396111" lon="-123.407321"></trkpt><trkpt lat="47.396350" lon="-123.408348"></trkpt><trkpt lat="47.396629" lon="-123.408844"></trkpt><trkpt lat="47.396636" lon="-123.409522"></trkpt><trkpt lat="47.396871" lon="-123.410020"></trkpt><trkpt lat="47.396933" lon="-123.410536"></trkpt><trkpt lat="47.396959" lon="-123.410663"></trkpt><trkpt lat="47.396996" lon="-123.410745"></trkpt><trkpt lat="47.397050" lon="-123.410830"></trkpt><trkpt lat="47.397090" lon="-123.410890"></trkpt><trkpt lat="47.397166" lon="-123.410923"></trkpt><trkpt lat="47.397248" lon="-123.410922"></trkpt><trkpt lat="47.397289" lon="-123.410827"></trkpt><trkpt lat="47.397331" lon="-123.410733"></trkpt><trkpt lat="47.397374" lon="-123.410666"></trkpt><trkpt lat="47.397436" lon="-123.410598"></trkpt><trkpt lat="47.397479" lon="-123.410496"></trkpt><trkpt lat="47.397520" lon="-123.410411"></trkpt><trkpt lat="47.397569" lon="-123.410329"></trkpt><trkpt lat="47.397633" lon="-123.410255"></trkpt><trkpt lat="47.397683" lon="-123.410167"></trkpt><trkpt lat="47.397727" lon="-123.410090"></trkpt><trkpt lat="47.397774" lon="-123.409996"></trkpt><trkpt lat="47.397814" lon="-123.409911"></trkpt><trkpt lat="47.397846" lon="-123.409789"></trkpt><trkpt lat="47.397887" lon="-123.409694"></trkpt><trkpt lat="47.397928" lon="-123.409606"></trkpt><trkpt lat="47.397969" lon="-123.409517"></trkpt><trkpt lat="47.398005" lon="-123.409426"></trkpt><trkpt lat="47.398081" lon="-123.409366"></trkpt><trkpt lat="47.398134" lon="-123.409290"></trkpt><trkpt lat="47.398202" lon="-123.409218"></trkpt><trkpt lat="47.398260" lon="-123.409144"></trkpt><trkpt lat="47.398325" lon="-123.409089"></trkpt><trkpt lat="47.398386" lon="-123.409027"></trkpt><trkpt lat="47.398428" lon="-123.408924"></trkpt><trkpt lat="47.398470" lon="-123.408829"></trkpt><trkpt lat="47.398509" lon="-123.408717"></trkpt><trkpt lat="47.398542" lon="-123.408587"></trkpt><trkpt lat="47.398585" lon="-123.408481"></trkpt><trkpt lat="47.398640" lon="-123.408394"></trkpt><trkpt lat="47.398705" lon="-123.408308"></trkpt><trkpt lat="47.398762" lon="-123.408215"></trkpt><trkpt lat="47.398816" lon="-123.408129"></trkpt><trkpt lat="47.398880" lon="-123.408049"></trkpt><trkpt lat="47.398943" lon="-123.407976"></trkpt><trkpt lat="47.398996" lon="-123.407901"></trkpt><trkpt lat="47.399026" lon="-123.407791"></trkpt><trkpt lat="47.399056" lon="-123.407678"></trkpt><trkpt lat="47.399093" lon="-123.407582"></trkpt><trkpt lat="47.399132" lon="-123.407509"></trkpt><trkpt lat="47.399178" lon="-123.407451"></trkpt><trkpt lat="47.399213" lon="-123.407407"></trkpt><trkpt lat="47.399407" lon="-123.407244"></trkpt><trkpt lat="47.399494" lon="-123.407243"></trkpt><trkpt lat="47.399563" lon="-123.407188"></trkpt><trkpt lat="47.399632" lon="-123.407139"></trkpt><trkpt lat="47.399694" lon="-123.407071"></trkpt><trkpt lat="47.399773" lon="-123.407017"></trkpt><trkpt lat="47.399839" lon="-123.406962"></trkpt><trkpt lat="47.399902" lon="-123.406922"></trkpt><trkpt lat="47.399982" lon="-123.406868"></trkpt><trkpt lat="47.400044" lon="-123.406791"></trkpt><trkpt lat="47.400085" lon="-123.406706"></trkpt><trkpt lat="47.400135" lon="-123.406554"></trkpt><trkpt lat="47.400170" lon="-123.406439"></trkpt><trkpt lat="47.400196" lon="-123.406318"></trkpt><trkpt lat="47.400213" lon="-123.406197"></trkpt><trkpt lat="47.400264" lon="-123.406099"></trkpt><trkpt lat="47.400327" lon="-123.406025"></trkpt><trkpt lat="47.400406" lon="-123.405977"></trkpt><trkpt lat="47.400463" lon="-123.405903"></trkpt><trkpt lat="47.400526" lon="-123.405864"></trkpt><trkpt lat="47.400613" lon="-123.405829"></trkpt><trkpt lat="47.400675" lon="-123.405790"></trkpt><trkpt lat="47.400705" lon="-123.405674"></trkpt><trkpt lat="47.400735" lon="-123.405561"></trkpt><trkpt lat="47.400764" lon="-123.405462"></trkpt><trkpt lat="47.400802" lon="-123.405360"></trkpt><trkpt lat="47.400842" lon="-123.405275"></trkpt><trkpt lat="47.400894" lon="-123.405204"></trkpt><trkpt lat="47.400976" lon="-123.405134"></trkpt><trkpt lat="47.401050" lon="-123.405056"></trkpt><trkpt lat="47.401118" lon="-123.404982"></trkpt><trkpt lat="47.401204" lon="-123.404879"></trkpt><trkpt lat="47.401249" lon="-123.404796"></trkpt><trkpt lat="47.401309" lon="-123.404744"></trkpt><trkpt lat="47.401381" lon="-123.404712"></trkpt><trkpt lat="47.401453" lon="-123.404680"></trkpt><trkpt lat="47.401524" lon="-123.404648"></trkpt><trkpt lat="47.401609" lon="-123.404665"></trkpt><trkpt lat="47.401687" lon="-123.404652"></trkpt><trkpt lat="47.401751" lon="-123.404598"></trkpt><trkpt lat="47.401866" lon="-123.404499"></trkpt><trkpt lat="47.401932" lon="-123.404443"></trkpt><trkpt lat="47.401990" lon="-123.404338"></trkpt><trkpt lat="47.402039" lon="-123.404261"></trkpt><trkpt lat="47.402092" lon="-123.404190"></trkpt><trkpt lat="47.402134" lon="-123.404094"></trkpt><trkpt lat="47.402163" lon="-123.403991"></trkpt><trkpt lat="47.402206" lon="-123.403880"></trkpt><trkpt lat="47.402272" lon="-123.403823"></trkpt><trkpt lat="47.402337" lon="-123.403767"></trkpt><trkpt lat="47.402411" lon="-123.403747"></trkpt><trkpt lat="47.402497" lon="-123.403713"></trkpt><trkpt lat="47.402577" lon="-123.403659"></trkpt><trkpt lat="47.402624" lon="-123.403600"></trkpt><trkpt lat="47.402680" lon="-123.403507"></trkpt><trkpt lat="47.402739" lon="-123.403431"></trkpt><trkpt lat="47.402789" lon="-123.403348"></trkpt><trkpt lat="47.402844" lon="-123.403226"></trkpt><trkpt lat="47.402921" lon="-123.403161"></trkpt><trkpt lat="47.402974" lon="-123.403084"></trkpt><trkpt lat="47.403041" lon="-123.402987"></trkpt><trkpt lat="47.403094" lon="-123.402912"></trkpt><trkpt lat="47.403178" lon="-123.402860"></trkpt><trkpt lat="47.403281" lon="-123.402846"></trkpt><trkpt lat="47.403359" lon="-123.402798"></trkpt><trkpt lat="47.403426" lon="-123.402725"></trkpt><trkpt lat="47.403510" lon="-123.402639"></trkpt><trkpt lat="47.403577" lon="-123.402566"></trkpt><trkpt lat="47.403687" lon="-123.402466"></trkpt><trkpt lat="47.403757" lon="-123.402382"></trkpt><trkpt lat="47.403839" lon="-123.402311"></trkpt><trkpt lat="47.403923" lon="-123.402299"></trkpt><trkpt lat="47.403995" lon="-123.402261"></trkpt><trkpt lat="47.404070" lon="-123.402207"></trkpt><trkpt lat="47.404134" lon="-123.402156"></trkpt><trkpt lat="47.404241" lon="-123.402079"></trkpt><trkpt lat="47.404301" lon="-123.401998"></trkpt><trkpt lat="47.404344" lon="-123.401891"></trkpt><trkpt lat="47.404386" lon="-123.401801"></trkpt><trkpt lat="47.404429" lon="-123.401694"></trkpt><trkpt lat="47.404471" lon="-123.401604"></trkpt><trkpt lat="47.404501" lon="-123.401488"></trkpt><trkpt lat="47.404543" lon="-123.401393"></trkpt><trkpt lat="47.404599" lon="-123.401305"></trkpt><trkpt lat="47.404654" lon="-123.401212"></trkpt><trkpt lat="47.404684" lon="-123.401097"></trkpt><trkpt lat="47.404752" lon="-123.401023"></trkpt><trkpt lat="47.404835" lon="-123.400941"></trkpt><trkpt lat="47.404900" lon="-123.400861"></trkpt><trkpt lat="47.404929" lon="-123.400751"></trkpt><trkpt lat="47.404973" lon="-123.400645"></trkpt><trkpt lat="47.405010" lon="-123.400549"></trkpt><trkpt lat="47.405054" lon="-123.400436"></trkpt><trkpt lat="47.405109" lon="-123.400350"></trkpt><trkpt lat="47.405127" lon="-123.400319"></trkpt><trkpt lat="47.405280" lon="-123.400034"></trkpt><trkpt lat="47.405362" lon="-123.399964"></trkpt><trkpt lat="47.405424" lon="-123.399895"></trkpt><trkpt lat="47.405495" lon="-123.399835"></trkpt><trkpt lat="47.405565" lon="-123.399750"></trkpt><trkpt lat="47.405594" lon="-123.399642"></trkpt><trkpt lat="47.405625" lon="-123.399526"></trkpt><trkpt lat="47.405651" lon="-123.399404"></trkpt><trkpt lat="47.405681" lon="-123.399294"></trkpt><trkpt lat="47.405712" lon="-123.399172"></trkpt><trkpt lat="47.405754" lon="-123.399076"></trkpt><trkpt lat="47.405797" lon="-123.398974"></trkpt><trkpt lat="47.405827" lon="-123.398860"></trkpt><trkpt lat="47.405884" lon="-123.398761"></trkpt><trkpt lat="47.405923" lon="-123.398653"></trkpt><trkpt lat="47.405966" lon="-123.398557"></trkpt><trkpt lat="47.406003" lon="-123.398460"></trkpt><trkpt lat="47.406043" lon="-123.398376"></trkpt><trkpt lat="47.406088" lon="-123.398265"></trkpt><trkpt lat="47.406143" lon="-123.398178"></trkpt><trkpt lat="47.406180" lon="-123.398081"></trkpt><trkpt lat="47.406211" lon="-123.397965"></trkpt><trkpt lat="47.406244" lon="-123.397833"></trkpt><trkpt lat="47.406276" lon="-123.397700"></trkpt><trkpt lat="47.406280" lon="-123.397568"></trkpt><trkpt lat="47.406285" lon="-123.397424"></trkpt><trkpt lat="47.406303" lon="-123.397294"></trkpt><trkpt lat="47.406320" lon="-123.397170"></trkpt><trkpt lat="47.406325" lon="-123.397032"></trkpt><trkpt lat="47.406342" lon="-123.396908"></trkpt><trkpt lat="47.406361" lon="-123.396772"></trkpt><trkpt lat="47.406390" lon="-123.396669"></trkpt><trkpt lat="47.406422" lon="-123.396537"></trkpt><trkpt lat="47.406443" lon="-123.396386"></trkpt><trkpt lat="47.406433" lon="-123.396282"></trkpt><trkpt lat="47.406386" lon="-123.396202"></trkpt><trkpt lat="47.406344" lon="-123.396124"></trkpt><trkpt lat="47.406283" lon="-123.396042"></trkpt><trkpt lat="47.406239" lon="-123.395946"></trkpt><trkpt lat="47.406192" lon="-123.395867"></trkpt><trkpt lat="47.406129" lon="-123.395762"></trkpt><trkpt lat="47.406101" lon="-123.395652"></trkpt><trkpt lat="47.406034" lon="-123.395580"></trkpt><trkpt lat="47.405943" lon="-123.395510"></trkpt><trkpt lat="47.405871" lon="-123.395432"></trkpt><trkpt lat="47.405794" lon="-123.395364"></trkpt><trkpt lat="47.405691" lon="-123.395309"></trkpt><trkpt lat="47.405595" lon="-123.395237"></trkpt><trkpt lat="47.405511" lon="-123.395220"></trkpt><trkpt lat="47.405408" lon="-123.395200"></trkpt><trkpt lat="47.405314" lon="-123.395146"></trkpt><trkpt lat="47.405237" lon="-123.395079"></trkpt><trkpt lat="47.405209" lon="-123.395004"></trkpt><trkpt lat="47.405158" lon="-123.394925"></trkpt><trkpt lat="47.405143" lon="-123.394824"></trkpt><trkpt lat="47.405161" lon="-123.394694"></trkpt><trkpt lat="47.405135" lon="-123.394601"></trkpt><trkpt lat="47.405109" lon="-123.394474"></trkpt><trkpt lat="47.405067" lon="-123.394361"></trkpt><trkpt lat="47.405036" lon="-123.394268"></trkpt><trkpt lat="47.405008" lon="-123.394158"></trkpt><trkpt lat="47.405009" lon="-123.394043"></trkpt><trkpt lat="47.404988" lon="-123.393917"></trkpt><trkpt lat="47.404943" lon="-123.393827"></trkpt><trkpt lat="47.404879" lon="-123.393732"></trkpt><trkpt lat="47.404806" lon="-123.393631"></trkpt><trkpt lat="47.404723" lon="-123.393533"></trkpt><trkpt lat="47.404671" lon="-123.393383"></trkpt><trkpt lat="47.404659" lon="-123.393259"></trkpt><trkpt lat="47.404617" lon="-123.393146"></trkpt><trkpt lat="47.404596" lon="-123.393056"></trkpt><trkpt lat="47.404503" lon="-123.393003"></trkpt><trkpt lat="47.404442" lon="-123.392921"></trkpt><trkpt lat="47.404375" lon="-123.392844"></trkpt><trkpt lat="47.404320" lon="-123.392757"></trkpt><trkpt lat="47.404243" lon="-123.392689"></trkpt><trkpt lat="47.404168" lon="-123.392599"></trkpt><trkpt lat="47.404108" lon="-123.392518"></trkpt><trkpt lat="47.404052" lon="-123.392437"></trkpt><trkpt lat="47.403999" lon="-123.392328"></trkpt><trkpt lat="47.403942" lon="-123.392231"></trkpt><trkpt lat="47.403914" lon="-123.392122"></trkpt><trkpt lat="47.403916" lon="-123.392006"></trkpt><trkpt lat="47.403885" lon="-123.391919"></trkpt><trkpt lat="47.403861" lon="-123.391811"></trkpt><trkpt lat="47.403853" lon="-123.391694"></trkpt><trkpt lat="47.403872" lon="-123.391559"></trkpt><trkpt lat="47.403916" lon="-123.391448"></trkpt><trkpt lat="47.403969" lon="-123.391373"></trkpt><trkpt lat="47.404057" lon="-123.391327"></trkpt><trkpt lat="47.404148" lon="-123.391334"></trkpt><trkpt lat="47.404215" lon="-123.391296"></trkpt><trkpt lat="47.404294" lon="-123.391283"></trkpt><trkpt lat="47.404375" lon="-123.391281"></trkpt><trkpt lat="47.404442" lon="-123.391346"></trkpt><trkpt lat="47.404503" lon="-123.391428"></trkpt><trkpt lat="47.404600" lon="-123.391493"></trkpt><trkpt lat="47.404708" lon="-123.391550"></trkpt><trkpt lat="47.404807" lon="-123.391599"></trkpt><trkpt lat="47.404882" lon="-123.391649"></trkpt><trkpt lat="47.404957" lon="-123.391698"></trkpt><trkpt lat="47.405049" lon="-123.391734"></trkpt><trkpt lat="47.405142" lon="-123.391752"></trkpt><trkpt lat="47.405224" lon="-123.391751"></trkpt><trkpt lat="47.405306" lon="-123.391715"></trkpt><trkpt lat="47.405372" lon="-123.391648"></trkpt><trkpt lat="47.405448" lon="-123.391583"></trkpt><trkpt lat="47.405503" lon="-123.391497"></trkpt><trkpt lat="47.405557" lon="-123.391418"></trkpt><trkpt lat="47.405617" lon="-123.391296"></trkpt><trkpt lat="47.405653" lon="-123.391202"></trkpt><trkpt lat="47.405691" lon="-123.391100"></trkpt><trkpt lat="47.405721" lon="-123.390992"></trkpt><trkpt lat="47.405752" lon="-123.390871"></trkpt><trkpt lat="47.405781" lon="-123.390762"></trkpt><trkpt lat="47.405823" lon="-123.390666"></trkpt><trkpt lat="47.405907" lon="-123.390648"></trkpt><trkpt lat="47.405991" lon="-123.390665"></trkpt><trkpt lat="47.406118" lon="-123.390690"></trkpt><trkpt lat="47.406163" lon="-123.390781"></trkpt><trkpt lat="47.406206" lon="-123.390888"></trkpt><trkpt lat="47.406247" lon="-123.390978"></trkpt><trkpt lat="47.406265" lon="-123.391092"></trkpt><trkpt lat="47.406292" lon="-123.391213"></trkpt><trkpt lat="47.406340" lon="-123.391351"></trkpt><trkpt lat="47.406368" lon="-123.391460"></trkpt><trkpt lat="47.406396" lon="-123.391570"></trkpt><trkpt lat="47.406424" lon="-123.391686"></trkpt><trkpt lat="47.406462" lon="-123.391792"></trkpt><trkpt lat="47.406487" lon="-123.391931"></trkpt><trkpt lat="47.406524" lon="-123.392043"></trkpt><trkpt lat="47.406579" lon="-123.392134"></trkpt><trkpt lat="47.406636" lon="-123.392203"></trkpt><trkpt lat="47.406673" lon="-123.392315"></trkpt><trkpt lat="47.406695" lon="-123.392366"></trkpt><trkpt lat="47.406778" lon="-123.392519"></trkpt><trkpt lat="47.406863" lon="-123.392553"></trkpt><trkpt lat="47.406944" lon="-123.392599"></trkpt><trkpt lat="47.407000" lon="-123.392662"></trkpt><trkpt lat="47.407056" lon="-123.392724"></trkpt><trkpt lat="47.407141" lon="-123.392775"></trkpt><trkpt lat="47.407222" lon="-123.392810"></trkpt><trkpt lat="47.407303" lon="-123.392827"></trkpt><trkpt lat="47.407402" lon="-123.392844"></trkpt><trkpt lat="47.407488" lon="-123.392861"></trkpt><trkpt lat="47.407578" lon="-123.392896"></trkpt><trkpt lat="47.407645" lon="-123.392959"></trkpt><trkpt lat="47.407725" lon="-123.392992"></trkpt><trkpt lat="47.407820" lon="-123.393038"></trkpt><trkpt lat="47.407901" lon="-123.393084"></trkpt><trkpt lat="47.407971" lon="-123.393118"></trkpt><trkpt lat="47.408066" lon="-123.393118"></trkpt><trkpt lat="47.408175" lon="-123.393118"></trkpt><trkpt lat="47.408251" lon="-123.393078"></trkpt><trkpt lat="47.408322" lon="-123.393010"></trkpt><trkpt lat="47.408374" lon="-123.392942"></trkpt><trkpt lat="47.408431" lon="-123.392891"></trkpt><trkpt lat="47.408501" lon="-123.392806"></trkpt><trkpt lat="47.408587" lon="-123.392721"></trkpt><trkpt lat="47.408629" lon="-123.392637"></trkpt><trkpt lat="47.408691" lon="-123.392524"></trkpt><trkpt lat="47.408757" lon="-123.392479"></trkpt><trkpt lat="47.408828" lon="-123.392410"></trkpt><trkpt lat="47.408885" lon="-123.392325"></trkpt><trkpt lat="47.408942" lon="-123.392262"></trkpt><trkpt lat="47.408994" lon="-123.392193"></trkpt><trkpt lat="47.409066" lon="-123.392125"></trkpt><trkpt lat="47.409131" lon="-123.392028"></trkpt><trkpt lat="47.409203" lon="-123.391942"></trkpt><trkpt lat="47.409269" lon="-123.391873"></trkpt><trkpt lat="47.409326" lon="-123.391787"></trkpt><trkpt lat="47.409393" lon="-123.391713"></trkpt><trkpt lat="47.409474" lon="-123.391615"></trkpt><trkpt lat="47.409502" lon="-123.391536"></trkpt><trkpt lat="47.409531" lon="-123.391444"></trkpt><trkpt lat="47.409578" lon="-123.391375"></trkpt><trkpt lat="47.409635" lon="-123.391289"></trkpt><trkpt lat="47.409659" lon="-123.391192"></trkpt><trkpt lat="47.409702" lon="-123.391112"></trkpt><trkpt lat="47.409754" lon="-123.391003"></trkpt><trkpt lat="47.409811" lon="-123.390906"></trkpt><trkpt lat="47.409864" lon="-123.390820"></trkpt><trkpt lat="47.409906" lon="-123.390729"></trkpt><trkpt lat="47.409963" lon="-123.390608"></trkpt><trkpt lat="47.410006" lon="-123.390523"></trkpt><trkpt lat="47.410063" lon="-123.390425"></trkpt><trkpt lat="47.410106" lon="-123.390305"></trkpt><trkpt lat="47.410186" lon="-123.390214"></trkpt><trkpt lat="47.410243" lon="-123.390128"></trkpt><trkpt lat="47.410286" lon="-123.390042"></trkpt><trkpt lat="47.410315" lon="-123.389933"></trkpt><trkpt lat="47.410315" lon="-123.389797"></trkpt><trkpt lat="47.410315" lon="-123.389670"></trkpt><trkpt lat="47.410578" lon="-123.388900"></trkpt><trkpt lat="47.410578" lon="-123.388586"></trkpt><trkpt lat="47.410658" lon="-123.388295"></trkpt><trkpt lat="47.410739" lon="-123.388017"></trkpt><trkpt lat="47.410798" lon="-123.387801"></trkpt><trkpt lat="47.410798" lon="-123.387522"></trkpt><trkpt lat="47.410798" lon="-123.387232"></trkpt><trkpt lat="47.410798" lon="-123.386965"></trkpt><trkpt lat="47.410798" lon="-123.386699"></trkpt><trkpt lat="47.410748" lon="-123.386459"></trkpt><trkpt lat="47.410687" lon="-123.386145"></trkpt><trkpt lat="47.410657" lon="-123.385929"></trkpt><trkpt lat="47.410795" lon="-123.385788"></trkpt><trkpt lat="47.411026" lon="-123.385788"></trkpt><trkpt lat="47.411237" lon="-123.385788"></trkpt><trkpt lat="47.411458" lon="-123.385788"></trkpt><trkpt lat="47.411659" lon="-123.385788"></trkpt><trkpt lat="47.411870" lon="-123.385824"></trkpt><trkpt lat="47.412050" lon="-123.385861"></trkpt><trkpt lat="47.412081" lon="-123.385622"></trkpt><trkpt lat="47.412050" lon="-123.385343"></trkpt><trkpt lat="47.412050" lon="-123.385066"></trkpt><trkpt lat="47.412230" lon="-123.384923"></trkpt><trkpt lat="47.412339" lon="-123.384743"></trkpt><trkpt lat="47.412539" lon="-123.384575"></trkpt><trkpt lat="47.412699" lon="-123.384454"></trkpt><trkpt lat="47.412788" lon="-123.384260"></trkpt><trkpt lat="47.412908" lon="-123.383996"></trkpt><trkpt lat="47.412998" lon="-123.383779"></trkpt><trkpt lat="47.413079" lon="-123.383561"></trkpt><trkpt lat="47.413169" lon="-123.383271"></trkpt><trkpt lat="47.413219" lon="-123.383066"></trkpt><trkpt lat="47.413350" lon="-123.382922"></trkpt><trkpt lat="47.413490" lon="-123.382851"></trkpt><trkpt lat="47.413631" lon="-123.382912"></trkpt><trkpt lat="47.413741" lon="-123.383043"></trkpt><trkpt lat="47.413961" lon="-123.383164"></trkpt><trkpt lat="47.414041" lon="-123.383346"></trkpt><trkpt lat="47.414041" lon="-123.383612"></trkpt><trkpt lat="47.414041" lon="-123.383939"></trkpt><trkpt lat="47.414041" lon="-123.384266"></trkpt><trkpt lat="47.414101" lon="-123.384520"></trkpt><trkpt lat="47.414152" lon="-123.384774"></trkpt><trkpt lat="47.414212" lon="-123.385065"></trkpt><trkpt lat="47.414302" lon="-123.385282"></trkpt><trkpt lat="47.414363" lon="-123.385534"></trkpt><trkpt lat="47.414522" lon="-123.385726"></trkpt><trkpt lat="47.414612" lon="-123.385895"></trkpt><trkpt lat="47.414701" lon="-123.386110"></trkpt><trkpt lat="47.414880" lon="-123.386110"></trkpt><trkpt lat="47.414999" lon="-123.386146"></trkpt><trkpt lat="47.415164" lon="-123.385954"></trkpt><trkpt lat="47.415235" lon="-123.385886"></trkpt><trkpt lat="47.415349" lon="-123.385818"></trkpt><trkpt lat="47.415434" lon="-123.385749"></trkpt><trkpt lat="47.415501" lon="-123.385686"></trkpt><trkpt lat="47.415558" lon="-123.385617"></trkpt><trkpt lat="47.415643" lon="-123.385537"></trkpt><trkpt lat="47.415724" lon="-123.385457"></trkpt><trkpt lat="47.415796" lon="-123.385388"></trkpt><trkpt lat="47.415885" lon="-123.385313"></trkpt><trkpt lat="47.415971" lon="-123.385227"></trkpt><trkpt lat="47.416052" lon="-123.385164"></trkpt><trkpt lat="47.416142" lon="-123.385090"></trkpt><trkpt lat="47.416222" lon="-123.385056"></trkpt><trkpt lat="47.416322" lon="-123.385005"></trkpt><trkpt lat="47.416407" lon="-123.384970"></trkpt><trkpt lat="47.416506" lon="-123.384954"></trkpt><trkpt lat="47.416611" lon="-123.384954"></trkpt><trkpt lat="47.416711" lon="-123.384954"></trkpt><trkpt lat="47.416782" lon="-123.384885"></trkpt><trkpt lat="47.416852" lon="-123.384805"></trkpt><trkpt lat="47.416919" lon="-123.384707"></trkpt><trkpt lat="47.416990" lon="-123.384621"></trkpt><trkpt lat="47.417042" lon="-123.384525"></trkpt><trkpt lat="47.417098" lon="-123.384388"></trkpt><trkpt lat="47.417127" lon="-123.384274"></trkpt><trkpt lat="47.417127" lon="-123.384143"></trkpt><trkpt lat="47.417141" lon="-123.384028"></trkpt><trkpt lat="47.417141" lon="-123.383903"></trkpt><trkpt lat="47.417155" lon="-123.383771"></trkpt><trkpt lat="47.417198" lon="-123.383634"></trkpt><trkpt lat="47.417227" lon="-123.383439"></trkpt><trkpt lat="47.417227" lon="-123.383308"></trkpt><trkpt lat="47.417284" lon="-123.383211"></trkpt><trkpt lat="47.417331" lon="-123.383108"></trkpt><trkpt lat="47.417360" lon="-123.383005"></trkpt><trkpt lat="47.417360" lon="-123.382875"></trkpt><trkpt lat="47.417360" lon="-123.382703"></trkpt><trkpt lat="47.417360" lon="-123.382571"></trkpt><trkpt lat="47.417360" lon="-123.382434"></trkpt><trkpt lat="47.417374" lon="-123.382297"></trkpt><trkpt lat="47.417388" lon="-123.382177"></trkpt><trkpt lat="47.417417" lon="-123.382045"></trkpt><trkpt lat="47.417417" lon="-123.381908"></trkpt><trkpt lat="47.417445" lon="-123.381806"></trkpt><trkpt lat="47.417512" lon="-123.381726"></trkpt><trkpt lat="47.417597" lon="-123.381658"></trkpt><trkpt lat="47.417697" lon="-123.381578"></trkpt><trkpt lat="47.417782" lon="-123.381492"></trkpt><trkpt lat="47.417858" lon="-123.381452"></trkpt><trkpt lat="47.417981" lon="-123.381400"></trkpt><trkpt lat="47.418067" lon="-123.381348"></trkpt><trkpt lat="47.418153" lon="-123.381331"></trkpt><trkpt lat="47.418238" lon="-123.381314"></trkpt><trkpt lat="47.418337" lon="-123.381297"></trkpt><trkpt lat="47.418447" lon="-123.381262"></trkpt><trkpt lat="47.418528" lon="-123.381228"></trkpt><trkpt lat="47.418608" lon="-123.381194"></trkpt><trkpt lat="47.418674" lon="-123.381109"></trkpt><trkpt lat="47.418730" lon="-123.381007"></trkpt><trkpt lat="47.418730" lon="-123.380884"></trkpt><trkpt lat="47.418716" lon="-123.380770"></trkpt><trkpt lat="47.418688" lon="-123.380644"></trkpt><trkpt lat="47.418635" lon="-123.380552"></trkpt><trkpt lat="47.418583" lon="-123.380484"></trkpt><trkpt lat="47.418526" lon="-123.380432"></trkpt><trkpt lat="47.418456" lon="-123.380386"></trkpt><trkpt lat="47.418418" lon="-123.380320"></trkpt><trkpt lat="47.418377" lon="-123.380229"></trkpt><trkpt lat="47.418339" lon="-123.380149"></trkpt><trkpt lat="47.418281" lon="-123.380069"></trkpt><trkpt lat="47.418220" lon="-123.379978"></trkpt><trkpt lat="47.418207" lon="-123.379854"></trkpt><trkpt lat="47.418164" lon="-123.379775"></trkpt><trkpt lat="47.418098" lon="-123.379729"></trkpt><trkpt lat="47.418032" lon="-123.379667"></trkpt><trkpt lat="47.417966" lon="-123.379569"></trkpt><trkpt lat="47.417899" lon="-123.379490"></trkpt><trkpt lat="47.417847" lon="-123.379370"></trkpt><trkpt lat="47.417795" lon="-123.379296"></trkpt><trkpt lat="47.417710" lon="-123.379261"></trkpt><trkpt lat="47.417653" lon="-123.379199"></trkpt><trkpt lat="47.417572" lon="-123.379165"></trkpt><trkpt lat="47.417496" lon="-123.379130"></trkpt><trkpt lat="47.417415" lon="-123.379096"></trkpt><trkpt lat="47.417354" lon="-123.379033"></trkpt><trkpt lat="47.417354" lon="-123.378904"></trkpt><trkpt lat="47.417354" lon="-123.378757"></trkpt><trkpt lat="47.417369" lon="-123.378619"></trkpt><trkpt lat="47.417383" lon="-123.378500"></trkpt><trkpt lat="47.417392" lon="-123.378369"></trkpt><trkpt lat="47.417392" lon="-123.378232"></trkpt><trkpt lat="47.417350" lon="-123.378123"></trkpt><trkpt lat="47.417284" lon="-123.378026"></trkpt><trkpt lat="47.417232" lon="-123.377936"></trkpt><trkpt lat="47.417180" lon="-123.377838"></trkpt><trkpt lat="47.417180" lon="-123.377713"></trkpt><trkpt lat="47.417166" lon="-123.377583"></trkpt><trkpt lat="47.417166" lon="-123.377452"></trkpt><trkpt lat="47.417279" lon="-123.377333"></trkpt><trkpt lat="47.417341" lon="-123.377270"></trkpt><trkpt lat="47.417412" lon="-123.377236"></trkpt><trkpt lat="47.417517" lon="-123.377201"></trkpt><trkpt lat="47.417616" lon="-123.377184"></trkpt><trkpt lat="47.417696" lon="-123.377150"></trkpt><trkpt lat="47.417790" lon="-123.377150"></trkpt><trkpt lat="47.417900" lon="-123.377150"></trkpt><trkpt lat="47.417985" lon="-123.377150"></trkpt><trkpt lat="47.418070" lon="-123.377150"></trkpt><trkpt lat="47.418175" lon="-123.377133"></trkpt><trkpt lat="47.418256" lon="-123.377116"></trkpt><trkpt lat="47.418365" lon="-123.377116"></trkpt><trkpt lat="47.418450" lon="-123.377116"></trkpt><trkpt lat="47.418535" lon="-123.377116"></trkpt><trkpt lat="47.418548" lon="-123.377116"></trkpt><trkpt lat="47.418844" lon="-123.377135"></trkpt><trkpt lat="47.418940" lon="-123.377135"></trkpt><trkpt lat="47.419025" lon="-123.377135"></trkpt><trkpt lat="47.419110" lon="-123.377084"></trkpt><trkpt lat="47.419172" lon="-123.377049"></trkpt><trkpt lat="47.419243" lon="-123.377032"></trkpt><trkpt lat="47.419314" lon="-123.377015"></trkpt><trkpt lat="47.419404" lon="-123.376981"></trkpt><trkpt lat="47.419480" lon="-123.376952"></trkpt><trkpt lat="47.419509" lon="-123.376868"></trkpt><trkpt lat="47.419537" lon="-123.376753"></trkpt><trkpt lat="47.419585" lon="-123.376644"></trkpt><trkpt lat="47.419627" lon="-123.376530"></trkpt><trkpt lat="47.419637" lon="-123.376410"></trkpt><trkpt lat="47.419665" lon="-123.376307"></trkpt><trkpt lat="47.419665" lon="-123.376172"></trkpt><trkpt lat="47.419732" lon="-123.376057"></trkpt><trkpt lat="47.419798" lon="-123.375977"></trkpt><trkpt lat="47.419855" lon="-123.375914"></trkpt><trkpt lat="47.419921" lon="-123.375835"></trkpt><trkpt lat="47.419987" lon="-123.375783"></trkpt><trkpt lat="47.420068" lon="-123.375766"></trkpt><trkpt lat="47.420162" lon="-123.375783"></trkpt><trkpt lat="47.420205" lon="-123.375869"></trkpt><trkpt lat="47.420243" lon="-123.375978"></trkpt><trkpt lat="47.420271" lon="-123.376081"></trkpt><trkpt lat="47.420314" lon="-123.376173"></trkpt><trkpt lat="47.420357" lon="-123.376259"></trkpt><trkpt lat="47.420385" lon="-123.376356"></trkpt><trkpt lat="47.420442" lon="-123.376442"></trkpt><trkpt lat="47.420513" lon="-123.376510"></trkpt><trkpt lat="47.420580" lon="-123.376590"></trkpt><trkpt lat="47.420637" lon="-123.376739"></trkpt><trkpt lat="47.420665" lon="-123.376854"></trkpt><trkpt lat="47.420665" lon="-123.376997"></trkpt><trkpt lat="47.420694" lon="-123.377135"></trkpt><trkpt lat="47.420722" lon="-123.377243"></trkpt><trkpt lat="47.420750" lon="-123.377380"></trkpt><trkpt lat="47.420793" lon="-123.377517"></trkpt><trkpt lat="47.420860" lon="-123.377615"></trkpt><trkpt lat="47.420903" lon="-123.377699"></trkpt><trkpt lat="47.420988" lon="-123.377768"></trkpt><trkpt lat="47.421064" lon="-123.377814"></trkpt><trkpt lat="47.421164" lon="-123.377814"></trkpt><trkpt lat="47.421278" lon="-123.377814"></trkpt><trkpt lat="47.421373" lon="-123.377814"></trkpt><trkpt lat="47.421468" lon="-123.377814"></trkpt><trkpt lat="47.421587" lon="-123.377814"></trkpt><trkpt lat="47.421715" lon="-123.377762"></trkpt><trkpt lat="47.421801" lon="-123.377711"></trkpt><trkpt lat="47.421900" lon="-123.377642"></trkpt><trkpt lat="47.421985" lon="-123.377591"></trkpt><trkpt lat="47.422076" lon="-123.377499"></trkpt><trkpt lat="47.422142" lon="-123.377431"></trkpt><trkpt lat="47.422237" lon="-123.377397"></trkpt><trkpt lat="47.422322" lon="-123.377414"></trkpt><trkpt lat="47.422393" lon="-123.377483"></trkpt><trkpt lat="47.422474" lon="-123.377511"></trkpt><trkpt lat="47.422555" lon="-123.377574"></trkpt><trkpt lat="47.422640" lon="-123.377574"></trkpt><trkpt lat="47.422730" lon="-123.377558"></trkpt><trkpt lat="47.422806" lon="-123.377473"></trkpt><trkpt lat="47.422863" lon="-123.377404"></trkpt><trkpt lat="47.422934" lon="-123.377335"></trkpt><trkpt lat="47.423020" lon="-123.377266"></trkpt><trkpt lat="47.423086" lon="-123.377192"></trkpt><trkpt lat="47.423158" lon="-123.377123"></trkpt><trkpt lat="47.423228" lon="-123.377038"></trkpt><trkpt lat="47.423300" lon="-123.376952"></trkpt><trkpt lat="47.423314" lon="-123.376827"></trkpt><trkpt lat="47.423356" lon="-123.376741"></trkpt><trkpt lat="47.423413" lon="-123.376627"></trkpt><trkpt lat="47.423456" lon="-123.376507"></trkpt><trkpt lat="47.423499" lon="-123.376404"></trkpt><trkpt lat="47.423537" lon="-123.376308"></trkpt><trkpt lat="47.423622" lon="-123.376239"></trkpt><trkpt lat="47.423722" lon="-123.376170"></trkpt><trkpt lat="47.423807" lon="-123.376136"></trkpt><trkpt lat="47.423877" lon="-123.376085"></trkpt><trkpt lat="47.423934" lon="-123.376035"></trkpt><trkpt lat="47.424019" lon="-123.376018"></trkpt><trkpt lat="47.424105" lon="-123.375989"></trkpt><trkpt lat="47.424166" lon="-123.375944"></trkpt><trkpt lat="47.424247" lon="-123.375626"></trkpt><trkpt lat="47.424247" lon="-123.375495"></trkpt><trkpt lat="47.424223" lon="-123.375346"></trkpt><trkpt lat="47.424195" lon="-123.375231"></trkpt><trkpt lat="47.424167" lon="-123.375134"></trkpt><trkpt lat="47.424129" lon="-123.375033"></trkpt><trkpt lat="47.424076" lon="-123.374912"></trkpt><trkpt lat="47.424048" lon="-123.374809"></trkpt><trkpt lat="47.423967" lon="-123.374700"></trkpt><trkpt lat="47.423925" lon="-123.374598"></trkpt><trkpt lat="47.423882" lon="-123.374495"></trkpt><trkpt lat="47.423854" lon="-123.374404"></trkpt><trkpt lat="47.423815" lon="-123.374312"></trkpt><trkpt lat="47.423773" lon="-123.374175"></trkpt><trkpt lat="47.423744" lon="-123.374038"></trkpt><trkpt lat="47.423702" lon="-123.373942"></trkpt><trkpt lat="47.423689" lon="-123.373799"></trkpt><trkpt lat="47.423689" lon="-123.373668"></trkpt><trkpt lat="47.423675" lon="-123.373565"></trkpt><trkpt lat="47.423646" lon="-123.373439"></trkpt><trkpt lat="47.423617" lon="-123.373342"></trkpt><trkpt lat="47.423589" lon="-123.373227"></trkpt><trkpt lat="47.423589" lon="-123.373080"></trkpt><trkpt lat="47.423589" lon="-123.372949"></trkpt><trkpt lat="47.423603" lon="-123.372835"></trkpt><trkpt lat="47.423617" lon="-123.372710"></trkpt><trkpt lat="47.423617" lon="-123.372562"></trkpt><trkpt lat="47.423608" lon="-123.372434"></trkpt><trkpt lat="47.423537" lon="-123.372388"></trkpt><trkpt lat="47.423466" lon="-123.372302"></trkpt><trkpt lat="47.423400" lon="-123.372251"></trkpt><trkpt lat="47.423319" lon="-123.372205"></trkpt><trkpt lat="47.423248" lon="-123.372137"></trkpt><trkpt lat="47.423210" lon="-123.372034"></trkpt><trkpt lat="47.423157" lon="-123.371959"></trkpt><trkpt lat="47.423091" lon="-123.371879"></trkpt><trkpt lat="47.423024" lon="-123.371828"></trkpt><trkpt lat="47.422953" lon="-123.371725"></trkpt><trkpt lat="47.422929" lon="-123.371622"></trkpt><trkpt lat="47.422877" lon="-123.371554"></trkpt><trkpt lat="47.422806" lon="-123.371502"></trkpt><trkpt lat="47.422753" lon="-123.371410"></trkpt><trkpt lat="47.422715" lon="-123.371331"></trkpt><trkpt lat="47.422673" lon="-123.371239"></trkpt><trkpt lat="47.422673" lon="-123.371085"></trkpt><trkpt lat="47.422644" lon="-123.370983"></trkpt><trkpt lat="47.422630" lon="-123.370858"></trkpt><trkpt lat="47.422630" lon="-123.370709"></trkpt><trkpt lat="47.422673" lon="-123.370623"></trkpt><trkpt lat="47.422725" lon="-123.370531"></trkpt><trkpt lat="47.422796" lon="-123.370446"></trkpt><trkpt lat="47.422853" lon="-123.370342"></trkpt><trkpt lat="47.422939" lon="-123.370222"></trkpt><trkpt lat="47.422991" lon="-123.370130"></trkpt><trkpt lat="47.423062" lon="-123.370027"></trkpt><trkpt lat="47.423115" lon="-123.369930"></trkpt><trkpt lat="47.423171" lon="-123.369827"></trkpt><trkpt lat="47.423214" lon="-123.369724"></trkpt><trkpt lat="47.423228" lon="-123.369598"></trkpt><trkpt lat="47.423228" lon="-123.369472"></trkpt><trkpt lat="47.423228" lon="-123.369329"></trkpt><trkpt lat="47.423214" lon="-123.369215"></trkpt><trkpt lat="47.423214" lon="-123.369084"></trkpt><trkpt lat="47.423214" lon="-123.368958"></trkpt><trkpt lat="47.423214" lon="-123.368769"></trkpt><trkpt lat="47.423214" lon="-123.368643"></trkpt><trkpt lat="47.423214" lon="-123.368506"></trkpt><trkpt lat="47.423214" lon="-123.368374"></trkpt><trkpt lat="47.423224" lon="-123.368254"></trkpt><trkpt lat="47.423238" lon="-123.368133"></trkpt><trkpt lat="47.423224" lon="-123.367980"></trkpt><trkpt lat="47.423195" lon="-123.367871"></trkpt><trkpt lat="47.423166" lon="-123.367751"></trkpt><trkpt lat="47.423166" lon="-123.367625"></trkpt><trkpt lat="47.423166" lon="-123.367493"></trkpt><trkpt lat="47.423166" lon="-123.367356"></trkpt><trkpt lat="47.423152" lon="-123.367236"></trkpt><trkpt lat="47.423152" lon="-123.367087"></trkpt><trkpt lat="47.423152" lon="-123.366956"></trkpt><trkpt lat="47.423152" lon="-123.366807"></trkpt><trkpt lat="47.423181" lon="-123.366670"></trkpt><trkpt lat="47.423195" lon="-123.366544"></trkpt><trkpt lat="47.423195" lon="-123.366421"></trkpt><trkpt lat="47.423152" lon="-123.366359"></trkpt><trkpt lat="47.423115" lon="-123.366291"></trkpt><trkpt lat="47.422886" lon="-123.365848"></trkpt><trkpt lat="47.422805" lon="-123.365745"></trkpt><trkpt lat="47.422715" lon="-123.365659"></trkpt><trkpt lat="47.422658" lon="-123.365539"></trkpt><trkpt lat="47.422591" lon="-123.365465"></trkpt><trkpt lat="47.422529" lon="-123.365367"></trkpt><trkpt lat="47.422444" lon="-123.365281"></trkpt><trkpt lat="47.422358" lon="-123.365212"></trkpt><trkpt lat="47.422287" lon="-123.365132"></trkpt><trkpt lat="47.422220" lon="-123.365081"></trkpt><trkpt lat="47.422139" lon="-123.365013"></trkpt><trkpt lat="47.422059" lon="-123.364944"></trkpt><trkpt lat="47.421978" lon="-123.364898"></trkpt><trkpt lat="47.421892" lon="-123.364898"></trkpt><trkpt lat="47.421788" lon="-123.364898"></trkpt><trkpt lat="47.421688" lon="-123.364967"></trkpt><trkpt lat="47.421602" lon="-123.365001"></trkpt><trkpt lat="47.421498" lon="-123.365030"></trkpt><trkpt lat="47.421412" lon="-123.365047"></trkpt><trkpt lat="47.421326" lon="-123.365098"></trkpt><trkpt lat="47.421241" lon="-123.365167"></trkpt><trkpt lat="47.421146" lon="-123.365212"></trkpt><trkpt lat="47.421075" lon="-123.365276"></trkpt><trkpt lat="47.420990" lon="-123.365327"></trkpt><trkpt lat="47.420904" lon="-123.365379"></trkpt><trkpt lat="47.420823" lon="-123.365407"></trkpt><trkpt lat="47.420738" lon="-123.365442"></trkpt><trkpt lat="47.420657" lon="-123.365459"></trkpt><trkpt lat="47.420557" lon="-123.365493"></trkpt><trkpt lat="47.420477" lon="-123.365539"></trkpt><trkpt lat="47.420397" lon="-123.365568"></trkpt><trkpt lat="47.420283" lon="-123.365568"></trkpt><trkpt lat="47.420183" lon="-123.365568"></trkpt><trkpt lat="47.420093" lon="-123.365568"></trkpt><trkpt lat="47.420060" lon="-123.365596"></trkpt><trkpt lat="47.419953" lon="-123.365624"></trkpt><trkpt lat="47.419883" lon="-123.365692"></trkpt><trkpt lat="47.419826" lon="-123.365778"></trkpt><trkpt lat="47.419769" lon="-123.365863"></trkpt><trkpt lat="47.419702" lon="-123.365926"></trkpt><trkpt lat="47.419603" lon="-123.365926"></trkpt><trkpt lat="47.419522" lon="-123.365909"></trkpt><trkpt lat="47.419456" lon="-123.365830"></trkpt><trkpt lat="47.419371" lon="-123.365745"></trkpt><trkpt lat="47.419305" lon="-123.365665"></trkpt><trkpt lat="47.419262" lon="-123.365579"></trkpt><trkpt lat="47.419219" lon="-123.365493"></trkpt><trkpt lat="47.419195" lon="-123.365362"></trkpt><trkpt lat="47.419182" lon="-123.365237"></trkpt><trkpt lat="47.419140" lon="-123.365136"></trkpt><trkpt lat="47.419101" lon="-123.365067"></trkpt><trkpt lat="47.419064" lon="-123.364970"></trkpt><trkpt lat="47.419011" lon="-123.364889"></trkpt><trkpt lat="47.418911" lon="-123.364838"></trkpt><trkpt lat="47.418826" lon="-123.364821"></trkpt><trkpt lat="47.418741" lon="-123.364821"></trkpt><trkpt lat="47.418641" lon="-123.364821"></trkpt><trkpt lat="47.418557" lon="-123.364821"></trkpt><trkpt lat="47.418461" lon="-123.364821"></trkpt><trkpt lat="47.418328" lon="-123.364821"></trkpt><trkpt lat="47.418229" lon="-123.364821"></trkpt><trkpt lat="47.418110" lon="-123.364821"></trkpt><trkpt lat="47.418029" lon="-123.364786"></trkpt><trkpt lat="47.417930" lon="-123.364735"></trkpt><trkpt lat="47.417830" lon="-123.364684"></trkpt><trkpt lat="47.417739" lon="-123.364609"></trkpt><trkpt lat="47.417654" lon="-123.364609"></trkpt><trkpt lat="47.417568" lon="-123.364540"></trkpt><trkpt lat="47.417492" lon="-123.364483"></trkpt><trkpt lat="47.417411" lon="-123.364449"></trkpt><trkpt lat="47.417359" lon="-123.364381"></trkpt><trkpt lat="47.417293" lon="-123.364312"></trkpt><trkpt lat="47.417245" lon="-123.364227"></trkpt><trkpt lat="47.417174" lon="-123.364158"></trkpt><trkpt lat="47.417093" lon="-123.364112"></trkpt><trkpt lat="47.417022" lon="-123.364043"></trkpt><trkpt lat="47.416960" lon="-123.363970"></trkpt><trkpt lat="47.416960" lon="-123.363833"></trkpt><trkpt lat="47.416922" lon="-123.363732"></trkpt><trkpt lat="47.416894" lon="-123.363636"></trkpt><trkpt lat="47.416894" lon="-123.363501"></trkpt><trkpt lat="47.416947" lon="-123.363398"></trkpt><trkpt lat="47.417018" lon="-123.363329"></trkpt><trkpt lat="47.417127" lon="-123.363277"></trkpt><trkpt lat="47.417218" lon="-123.363249"></trkpt><trkpt lat="47.417299" lon="-123.363214"></trkpt><trkpt lat="47.417413" lon="-123.363180"></trkpt><trkpt lat="47.417498" lon="-123.363180"></trkpt><trkpt lat="47.417640" lon="-123.363163"></trkpt><trkpt lat="47.417726" lon="-123.363163"></trkpt><trkpt lat="47.417821" lon="-123.363146"></trkpt><trkpt lat="47.417906" lon="-123.363111"></trkpt><trkpt lat="47.417986" lon="-123.363043"></trkpt><trkpt lat="47.418038" lon="-123.362928"></trkpt><trkpt lat="47.418081" lon="-123.362848"></trkpt><trkpt lat="47.418110" lon="-123.362711"></trkpt><trkpt lat="47.418138" lon="-123.362585"></trkpt><trkpt lat="47.418162" lon="-123.362459"></trkpt><trkpt lat="47.418162" lon="-123.362320"></trkpt><trkpt lat="47.418191" lon="-123.362220"></trkpt><trkpt lat="47.418219" lon="-123.362100"></trkpt><trkpt lat="47.418257" lon="-123.361986"></trkpt><trkpt lat="47.418286" lon="-123.361883"></trkpt><trkpt lat="47.418356" lon="-123.361781"></trkpt><trkpt lat="47.418409" lon="-123.361684"></trkpt><trkpt lat="47.418466" lon="-123.361582"></trkpt><trkpt lat="47.418508" lon="-123.361478"></trkpt><trkpt lat="47.418561" lon="-123.361364"></trkpt><trkpt lat="47.418599" lon="-123.361243"></trkpt><trkpt lat="47.418627" lon="-123.361123"></trkpt><trkpt lat="47.418656" lon="-123.361008"></trkpt><trkpt lat="47.418680" lon="-123.360877"></trkpt><trkpt lat="47.418718" lon="-123.360740"></trkpt><trkpt lat="47.418760" lon="-123.360620"></trkpt><trkpt lat="47.418803" lon="-123.360522"></trkpt><trkpt lat="47.418855" lon="-123.360408"></trkpt><trkpt lat="47.418941" lon="-123.360271"></trkpt><trkpt lat="47.418970" lon="-123.360156"></trkpt><trkpt lat="47.419008" lon="-123.360008"></trkpt><trkpt lat="47.419031" lon="-123.359859"></trkpt><trkpt lat="47.419060" lon="-123.359739"></trkpt><trkpt lat="47.419084" lon="-123.359602"></trkpt><trkpt lat="47.419112" lon="-123.359487"></trkpt><trkpt lat="47.419150" lon="-123.359372"></trkpt><trkpt lat="47.419178" lon="-123.359235"></trkpt><trkpt lat="47.419221" lon="-123.359132"></trkpt><trkpt lat="47.419292" lon="-123.359029"></trkpt><trkpt lat="47.419345" lon="-123.358920"></trkpt><trkpt lat="47.419401" lon="-123.358835"></trkpt><trkpt lat="47.419463" lon="-123.358772"></trkpt><trkpt lat="47.419543" lon="-123.358738"></trkpt><trkpt lat="47.419629" lon="-123.358721"></trkpt><trkpt lat="47.419708" lon="-123.358738"></trkpt><trkpt lat="47.419813" lon="-123.358755"></trkpt><trkpt lat="47.419899" lon="-123.358789"></trkpt><trkpt lat="47.419993" lon="-123.358801"></trkpt><trkpt lat="47.420079" lon="-123.358749"></trkpt><trkpt lat="47.420145" lon="-123.358669"></trkpt><trkpt lat="47.420145" lon="-123.358543"></trkpt><trkpt lat="47.420159" lon="-123.358411"></trkpt><trkpt lat="47.420159" lon="-123.358274"></trkpt><trkpt lat="47.420173" lon="-123.358153"></trkpt><trkpt lat="47.420183" lon="-123.358041"></trkpt><trkpt lat="47.420225" lon="-123.357945"></trkpt><trkpt lat="47.420292" lon="-123.357882"></trkpt><trkpt lat="47.420358" lon="-123.357819"></trkpt><trkpt lat="47.420429" lon="-123.357768"></trkpt><trkpt lat="47.420467" lon="-123.357602"></trkpt><trkpt lat="47.420496" lon="-123.357482"></trkpt><trkpt lat="47.420510" lon="-123.357352"></trkpt><trkpt lat="47.420510" lon="-123.357198"></trkpt><trkpt lat="47.420510" lon="-123.357054"></trkpt><trkpt lat="47.420510" lon="-123.356917"></trkpt><trkpt lat="47.420510" lon="-123.356773"></trkpt><trkpt lat="47.420496" lon="-123.356648"></trkpt><trkpt lat="47.420481" lon="-123.356528"></trkpt><trkpt lat="47.420481" lon="-123.356392"></trkpt><trkpt lat="47.420453" lon="-123.356261"></trkpt><trkpt lat="47.420410" lon="-123.356169"></trkpt><trkpt lat="47.420382" lon="-123.356077"></trkpt><trkpt lat="47.420367" lon="-123.355958"></trkpt><trkpt lat="47.420367" lon="-123.355821"></trkpt><trkpt lat="47.420367" lon="-123.355669"></trkpt><trkpt lat="47.420325" lon="-123.355591"></trkpt><trkpt lat="47.420311" lon="-123.355508"></trkpt><trkpt lat="47.420158" lon="-123.355074"></trkpt><trkpt lat="47.420158" lon="-123.354944"></trkpt><trkpt lat="47.420158" lon="-123.354789"></trkpt><trkpt lat="47.420120" lon="-123.354680"></trkpt><trkpt lat="47.420092" lon="-123.354560"></trkpt><trkpt lat="47.420011" lon="-123.354497"></trkpt><trkpt lat="47.419925" lon="-123.354428"></trkpt><trkpt lat="47.419878" lon="-123.354365"></trkpt><trkpt lat="47.419816" lon="-123.354296"></trkpt><trkpt lat="47.419759" lon="-123.354193"></trkpt><trkpt lat="47.419683" lon="-123.354147"></trkpt><trkpt lat="47.419597" lon="-123.354095"></trkpt><trkpt lat="47.419497" lon="-123.354044"></trkpt><trkpt lat="47.419421" lon="-123.353987"></trkpt><trkpt lat="47.419336" lon="-123.353936"></trkpt><trkpt lat="47.419265" lon="-123.353850"></trkpt><trkpt lat="47.419213" lon="-123.353770"></trkpt><trkpt lat="47.419203" lon="-123.353638"></trkpt><trkpt lat="47.419189" lon="-123.353524"></trkpt><trkpt lat="47.419165" lon="-123.353398"></trkpt><trkpt lat="47.419122" lon="-123.353284"></trkpt><trkpt lat="47.419094" lon="-123.353175"></trkpt><trkpt lat="47.419094" lon="-123.353032"></trkpt><trkpt lat="47.419094" lon="-123.352878"></trkpt><trkpt lat="47.419122" lon="-123.352740"></trkpt><trkpt lat="47.419137" lon="-123.352615"></trkpt><trkpt lat="47.419165" lon="-123.352523"></trkpt><trkpt lat="47.419193" lon="-123.352411"></trkpt><trkpt lat="47.419265" lon="-123.352307"></trkpt><trkpt lat="47.419330" lon="-123.352228"></trkpt><trkpt lat="47.419373" lon="-123.352125"></trkpt><trkpt lat="47.419430" lon="-123.352039"></trkpt><trkpt lat="47.419483" lon="-123.351919"></trkpt><trkpt lat="47.419497" lon="-123.351787"></trkpt><trkpt lat="47.419468" lon="-123.351650"></trkpt><trkpt lat="47.419445" lon="-123.351541"></trkpt><trkpt lat="47.419430" lon="-123.351403"></trkpt><trkpt lat="47.419407" lon="-123.351277"></trkpt><trkpt lat="47.419392" lon="-123.351157"></trkpt><trkpt lat="47.419369" lon="-123.351031"></trkpt><trkpt lat="47.419326" lon="-123.350934"></trkpt><trkpt lat="47.419269" lon="-123.350838"></trkpt><trkpt lat="47.419217" lon="-123.350746"></trkpt><trkpt lat="47.419174" lon="-123.350661"></trkpt><trkpt lat="47.419136" lon="-123.350523"></trkpt><trkpt lat="47.419093" lon="-123.350420"></trkpt><trkpt lat="47.419055" lon="-123.350334"></trkpt><trkpt lat="47.418955" lon="-123.350282"></trkpt><trkpt lat="47.418898" lon="-123.350179"></trkpt><trkpt lat="47.418846" lon="-123.350088"></trkpt><trkpt lat="47.418803" lon="-123.349984"></trkpt><trkpt lat="47.418751" lon="-123.349870"></trkpt><trkpt lat="47.418699" lon="-123.349750"></trkpt><trkpt lat="47.418657" lon="-123.349647"></trkpt><trkpt lat="47.418580" lon="-123.349590"></trkpt><trkpt lat="47.418485" lon="-123.349544"></trkpt><trkpt lat="47.418400" lon="-123.349509"></trkpt><trkpt lat="47.418301" lon="-123.349509"></trkpt><trkpt lat="47.418201" lon="-123.349509"></trkpt><trkpt lat="47.418077" lon="-123.349521"></trkpt><trkpt lat="47.417982" lon="-123.349538"></trkpt><trkpt lat="47.417897" lon="-123.349555"></trkpt><trkpt lat="47.417802" lon="-123.349555"></trkpt><trkpt lat="47.417732" lon="-123.349469"></trkpt><trkpt lat="47.417680" lon="-123.349372"></trkpt><trkpt lat="47.417608" lon="-123.349286"></trkpt><trkpt lat="47.417528" lon="-123.349240"></trkpt><trkpt lat="47.417457" lon="-123.349137"></trkpt><trkpt lat="47.417390" lon="-123.349057"></trkpt><trkpt lat="47.417347" lon="-123.348972"></trkpt><trkpt lat="47.417309" lon="-123.348863"></trkpt><trkpt lat="47.417243" lon="-123.348783"></trkpt><trkpt lat="47.417134" lon="-123.348703"></trkpt><trkpt lat="47.417063" lon="-123.348634"></trkpt><trkpt lat="47.417011" lon="-123.348578"></trkpt><trkpt lat="47.416887" lon="-123.348578"></trkpt><trkpt lat="47.416788" lon="-123.348612"></trkpt><trkpt lat="47.416697" lon="-123.348669"></trkpt><trkpt lat="47.416621" lon="-123.348715"></trkpt><trkpt lat="47.416540" lon="-123.348767"></trkpt><trkpt lat="47.416456" lon="-123.348818"></trkpt><trkpt lat="47.416366" lon="-123.348835"></trkpt><trkpt lat="47.416281" lon="-123.348852"></trkpt><trkpt lat="47.416206" lon="-123.348880"></trkpt><trkpt lat="47.416154" lon="-123.348932"></trkpt><trkpt lat="47.416092" lon="-123.348995"></trkpt><trkpt lat="47.416026" lon="-123.349023"></trkpt><trkpt lat="47.415999" lon="-123.349040"></trkpt><trkpt lat="47.415755" lon="-123.349153"></trkpt><trkpt lat="47.415631" lon="-123.349153"></trkpt><trkpt lat="47.415546" lon="-123.349153"></trkpt><trkpt lat="47.415452" lon="-123.349153"></trkpt><trkpt lat="47.415367" lon="-123.349204"></trkpt><trkpt lat="47.415281" lon="-123.349256"></trkpt><trkpt lat="47.415201" lon="-123.349290"></trkpt><trkpt lat="47.415116" lon="-123.349307"></trkpt><trkpt lat="47.415030" lon="-123.349290"></trkpt><trkpt lat="47.414997" lon="-123.349176"></trkpt><trkpt lat="47.414997" lon="-123.349045"></trkpt><trkpt lat="47.414997" lon="-123.348890"></trkpt><trkpt lat="47.415012" lon="-123.348759"></trkpt><trkpt lat="47.415035" lon="-123.348610"></trkpt><trkpt lat="47.415093" lon="-123.348507"></trkpt><trkpt lat="47.415130" lon="-123.348416"></trkpt><trkpt lat="47.415201" lon="-123.348312"></trkpt><trkpt lat="47.415273" lon="-123.348204"></trkpt><trkpt lat="47.415344" lon="-123.348100"></trkpt><trkpt lat="47.415396" lon="-123.347992"></trkpt><trkpt lat="47.415448" lon="-123.347895"></trkpt><trkpt lat="47.415490" lon="-123.347809"></trkpt><trkpt lat="47.415547" lon="-123.347689"></trkpt><trkpt lat="47.415599" lon="-123.347597"></trkpt><trkpt lat="47.415671" lon="-123.347461"></trkpt><trkpt lat="47.415695" lon="-123.347340"></trkpt><trkpt lat="47.415723" lon="-123.347209"></trkpt><trkpt lat="47.415747" lon="-123.347100"></trkpt><trkpt lat="47.415775" lon="-123.346997"></trkpt><trkpt lat="47.415818" lon="-123.346882"></trkpt><trkpt lat="47.415856" lon="-123.346802"></trkpt><trkpt lat="47.415884" lon="-123.346683"></trkpt><trkpt lat="47.415941" lon="-123.346562"></trkpt><trkpt lat="47.415979" lon="-123.346454"></trkpt><trkpt lat="47.416036" lon="-123.346357"></trkpt><trkpt lat="47.416064" lon="-123.346226"></trkpt><trkpt lat="47.416078" lon="-123.346072"></trkpt><trkpt lat="47.416135" lon="-123.345951"></trkpt><trkpt lat="47.416174" lon="-123.345837"></trkpt><trkpt lat="47.416230" lon="-123.345757"></trkpt><trkpt lat="47.416287" lon="-123.345654"></trkpt><trkpt lat="47.416344" lon="-123.345534"></trkpt><trkpt lat="47.416386" lon="-123.345420"></trkpt><trkpt lat="47.416439" lon="-123.345294"></trkpt><trkpt lat="47.416481" lon="-123.345208"></trkpt><trkpt lat="47.416481" lon="-123.345072"></trkpt><trkpt lat="47.416481" lon="-123.344900"></trkpt><trkpt lat="47.416481" lon="-123.344740"></trkpt><trkpt lat="47.416481" lon="-123.344603"></trkpt><trkpt lat="47.416543" lon="-123.344402"></trkpt><trkpt lat="47.416558" lon="-123.344284"></trkpt><trkpt lat="47.416515" lon="-123.344130"></trkpt><trkpt lat="47.416491" lon="-123.343975"></trkpt><trkpt lat="47.416477" lon="-123.343849"></trkpt><trkpt lat="47.416462" lon="-123.343711"></trkpt><trkpt lat="47.416434" lon="-123.343603"></trkpt><trkpt lat="47.416382" lon="-123.343506"></trkpt><trkpt lat="47.416325" lon="-123.343403"></trkpt><trkpt lat="47.416277" lon="-123.343312"></trkpt><trkpt lat="47.416210" lon="-123.343244"></trkpt><trkpt lat="47.416125" lon="-123.343193"></trkpt><trkpt lat="47.416046" lon="-123.343147"></trkpt><trkpt lat="47.416017" lon="-123.343084"></trkpt><trkpt lat="47.415781" lon="-123.342894"></trkpt><trkpt lat="47.415657" lon="-123.342894"></trkpt><trkpt lat="47.415572" lon="-123.342894"></trkpt><trkpt lat="47.415458" lon="-123.342923"></trkpt><trkpt lat="47.415372" lon="-123.342957"></trkpt><trkpt lat="47.415268" lon="-123.343020"></trkpt><trkpt lat="47.415192" lon="-123.343054"></trkpt><trkpt lat="47.415111" lon="-123.343072"></trkpt><trkpt lat="47.415016" lon="-123.343072"></trkpt><trkpt lat="47.414906" lon="-123.343072"></trkpt><trkpt lat="47.414802" lon="-123.343072"></trkpt><trkpt lat="47.414727" lon="-123.343020"></trkpt><trkpt lat="47.414689" lon="-123.342934"></trkpt><trkpt lat="47.414675" lon="-123.342808"></trkpt><trkpt lat="47.414675" lon="-123.342665"></trkpt><trkpt lat="47.414647" lon="-123.342563"></trkpt><trkpt lat="47.414637" lon="-123.342416"></trkpt><trkpt lat="47.414637" lon="-123.342290"></trkpt><trkpt lat="47.414704" lon="-123.342205"></trkpt><trkpt lat="47.414789" lon="-123.342119"></trkpt><trkpt lat="47.414856" lon="-123.342039"></trkpt><trkpt lat="47.414908" lon="-123.341958"></trkpt><trkpt lat="47.414994" lon="-123.341827"></trkpt><trkpt lat="47.415036" lon="-123.341723"></trkpt><trkpt lat="47.415051" lon="-123.341593"></trkpt><trkpt lat="47.415051" lon="-123.341445"></trkpt><trkpt lat="47.415051" lon="-123.341309"></trkpt><trkpt lat="47.415079" lon="-123.341172"></trkpt><trkpt lat="47.415108" lon="-123.341000"></trkpt><trkpt lat="47.415151" lon="-123.340811"></trkpt><trkpt lat="47.415189" lon="-123.340673"></trkpt><trkpt lat="47.415203" lon="-123.340554"></trkpt><trkpt lat="47.415231" lon="-123.340439"></trkpt><trkpt lat="47.415269" lon="-123.340319"></trkpt><trkpt lat="47.415298" lon="-123.340199"></trkpt><trkpt lat="47.415312" lon="-123.340084"></trkpt><trkpt lat="47.415341" lon="-123.339976"></trkpt><trkpt lat="47.415341" lon="-123.339838"></trkpt><trkpt lat="47.415369" lon="-123.339729"></trkpt><trkpt lat="47.415383" lon="-123.339592"></trkpt><trkpt lat="47.415398" lon="-123.339466"></trkpt><trkpt lat="47.415426" lon="-123.339346"></trkpt><trkpt lat="47.415455" lon="-123.339214"></trkpt><trkpt lat="47.415483" lon="-123.339100"></trkpt><trkpt lat="47.415493" lon="-123.338951"></trkpt><trkpt lat="47.415521" lon="-123.338825"></trkpt><trkpt lat="47.415536" lon="-123.338699"></trkpt><trkpt lat="47.415559" lon="-123.338573"></trkpt><trkpt lat="47.415631" lon="-123.338413"></trkpt><trkpt lat="47.415669" lon="-123.338304"></trkpt><trkpt lat="47.415707" lon="-123.338225"></trkpt><trkpt lat="47.415773" lon="-123.338150"></trkpt><trkpt lat="47.415828" lon="-123.338082"></trkpt><trkpt lat="47.415895" lon="-123.338031"></trkpt><trkpt lat="47.415975" lon="-123.337986"></trkpt><trkpt lat="47.416042" lon="-123.337905"></trkpt><trkpt lat="47.416109" lon="-123.337831"></trkpt><trkpt lat="47.416208" lon="-123.337762"></trkpt><trkpt lat="47.416308" lon="-123.337693"></trkpt><trkpt lat="47.416465" lon="-123.337539"></trkpt><trkpt lat="47.416536" lon="-123.337436"></trkpt><trkpt lat="47.416612" lon="-123.337355"></trkpt><trkpt lat="47.416689" lon="-123.337264"></trkpt><trkpt lat="47.416754" lon="-123.337167"></trkpt><trkpt lat="47.416801" lon="-123.337088"></trkpt><trkpt lat="47.416839" lon="-123.337009"></trkpt><trkpt lat="47.416878" lon="-123.336906"></trkpt><trkpt lat="47.416892" lon="-123.336775"></trkpt><trkpt lat="47.416920" lon="-123.336655"></trkpt><trkpt lat="47.416920" lon="-123.336526"></trkpt><trkpt lat="47.416920" lon="-123.336400"></trkpt><trkpt lat="47.416911" lon="-123.336274"></trkpt><trkpt lat="47.416868" lon="-123.336165"></trkpt><trkpt lat="47.416826" lon="-123.336069"></trkpt><trkpt lat="47.416788" lon="-123.335968"></trkpt><trkpt lat="47.416765" lon="-123.335911"></trkpt></trkseg></trk><trk><name>T007 PN935B6</name><trkseg><trkpt lat="47.345337" lon="-123.701848"></trkpt><trkpt lat="47.346009" lon="-123.701845"></trkpt><trkpt lat="47.346629" lon="-123.702205"></trkpt><trkpt lat="47.347040" lon="-123.702540"></trkpt><trkpt lat="47.347160" lon="-123.702748"></trkpt><trkpt lat="47.347619" lon="-123.703534"></trkpt><trkpt lat="47.348322" lon="-123.703904"></trkpt><trkpt lat="47.349012" lon="-123.703489"></trkpt><trkpt lat="47.350219" lon="-123.703734"></trkpt><trkpt lat="47.350870" lon="-123.702881"></trkpt><trkpt lat="47.351170" lon="-123.703044"></trkpt><trkpt lat="47.351228" lon="-123.704136"></trkpt><trkpt lat="47.351661" lon="-123.704664"></trkpt><trkpt lat="47.352725" lon="-123.705029"></trkpt><trkpt lat="47.353559" lon="-123.704955"></trkpt><trkpt lat="47.354420" lon="-123.704335"></trkpt><trkpt lat="47.354574" lon="-123.704488"></trkpt><trkpt lat="47.354646" lon="-123.705834"></trkpt><trkpt lat="47.355412" lon="-123.707002"></trkpt><trkpt lat="47.355896" lon="-123.707266"></trkpt><trkpt lat="47.356445" lon="-123.707010"></trkpt><trkpt lat="47.356713" lon="-123.707064"></trkpt><trkpt lat="47.356898" lon="-123.707443"></trkpt><trkpt lat="47.356640" lon="-123.710214"></trkpt><trkpt lat="47.356894" lon="-123.710435"></trkpt><trkpt lat="47.357244" lon="-123.710284"></trkpt><trkpt lat="47.357507" lon="-123.709245"></trkpt><trkpt lat="47.358020" lon="-123.708547"></trkpt><trkpt lat="47.358899" lon="-123.708361"></trkpt><trkpt lat="47.359479" lon="-123.708702"></trkpt><trkpt lat="47.359811" lon="-123.708621"></trkpt><trkpt lat="47.360017" lon="-123.708839"></trkpt><trkpt lat="47.360178" lon="-123.709684"></trkpt><trkpt lat="47.359320" lon="-123.712354"></trkpt><trkpt lat="47.359555" lon="-123.712663"></trkpt><trkpt lat="47.359705" lon="-123.712518"></trkpt><trkpt lat="47.359799" lon="-123.712427"></trkpt><trkpt lat="47.359891" lon="-123.712372"></trkpt><trkpt lat="47.359998" lon="-123.712320"></trkpt><trkpt lat="47.360073" lon="-123.712207"></trkpt><trkpt lat="47.360171" lon="-123.712145"></trkpt><trkpt lat="47.360295" lon="-123.712115"></trkpt><trkpt lat="47.360410" lon="-123.712084"></trkpt><trkpt lat="47.360538" lon="-123.712082"></trkpt><trkpt lat="47.360648" lon="-123.712049"></trkpt><trkpt lat="47.360671" lon="-123.712053"></trkpt><trkpt lat="47.361735" lon="-123.712662"></trkpt><trkpt lat="47.362627" lon="-123.712777"></trkpt><trkpt lat="47.364647" lon="-123.714787"></trkpt><trkpt lat="47.365216" lon="-123.716140"></trkpt><trkpt lat="47.365929" lon="-123.716886"></trkpt><trkpt lat="47.366895" lon="-123.717456"></trkpt><trkpt lat="47.367927" lon="-123.717364"></trkpt><trkpt lat="47.368492" lon="-123.717030"></trkpt><trkpt lat="47.368775" lon="-123.716361"></trkpt><trkpt lat="47.369042" lon="-123.716192"></trkpt><trkpt lat="47.369299" lon="-123.716271"></trkpt><trkpt lat="47.369679" lon="-123.716666"></trkpt><trkpt lat="47.370328" lon="-123.717014"></trkpt><trkpt lat="47.371047" lon="-123.716962"></trkpt><trkpt lat="47.373224" lon="-123.715313"></trkpt><trkpt lat="47.373858" lon="-123.714840"></trkpt><trkpt lat="47.374956" lon="-123.713413"></trkpt><trkpt lat="47.375109" lon="-123.712745"></trkpt><trkpt lat="47.376030" lon="-123.712149"></trkpt><trkpt lat="47.376779" lon="-123.711167"></trkpt><trkpt lat="47.377201" lon="-123.710991"></trkpt><trkpt lat="47.377773" lon="-123.709984"></trkpt><trkpt lat="47.378234" lon="-123.709748"></trkpt><trkpt lat="47.378902" lon="-123.709575"></trkpt><trkpt lat="47.379790" lon="-123.709587"></trkpt><trkpt lat="47.380792" lon="-123.708951"></trkpt><trkpt lat="47.381023" lon="-123.709053"></trkpt><trkpt lat="47.381474" lon="-123.709510"></trkpt><trkpt lat="47.381733" lon="-123.709509"></trkpt><trkpt lat="47.382212" lon="-123.708973"></trkpt><trkpt lat="47.382481" lon="-123.708062"></trkpt><trkpt lat="47.383044" lon="-123.706738"></trkpt><trkpt lat="47.384214" lon="-123.705251"></trkpt><trkpt lat="47.384468" lon="-123.705284"></trkpt><trkpt lat="47.384967" lon="-123.706114"></trkpt><trkpt lat="47.385065" lon="-123.707713"></trkpt><trkpt lat="47.385265" lon="-123.708075"></trkpt><trkpt lat="47.385772" lon="-123.707879"></trkpt><trkpt lat="47.386175" lon="-123.707105"></trkpt><trkpt lat="47.387111" lon="-123.704797"></trkpt><trkpt lat="47.389427" lon="-123.703341"></trkpt><trkpt lat="47.390703" lon="-123.701059"></trkpt><trkpt lat="47.391362" lon="-123.700939"></trkpt><trkpt lat="47.392189" lon="-123.700058"></trkpt><trkpt lat="47.392982" lon="-123.699696"></trkpt><trkpt lat="47.394233" lon="-123.697990"></trkpt><trkpt lat="47.395145" lon="-123.697961"></trkpt><trkpt lat="47.396484" lon="-123.697087"></trkpt><trkpt lat="47.396817" lon="-123.696957"></trkpt><trkpt lat="47.397942" lon="-123.695657"></trkpt><trkpt lat="47.398533" lon="-123.695229"></trkpt><trkpt lat="47.398535" lon="-123.694484"></trkpt><trkpt lat="47.398703" lon="-123.694138"></trkpt><trkpt lat="47.399467" lon="-123.694393"></trkpt><trkpt lat="47.401450" lon="-123.693777"></trkpt><trkpt lat="47.402750" lon="-123.693421"></trkpt><trkpt lat="47.403112" lon="-123.693156"></trkpt><trkpt lat="47.403643" lon="-123.693112"></trkpt><trkpt lat="47.404692" lon="-123.692713"></trkpt><trkpt lat="47.405549" lon="-123.692459"></trkpt><trkpt lat="47.405750" lon="-123.692278"></trkpt><trkpt lat="47.405840" lon="-123.691052"></trkpt><trkpt lat="47.405574" lon="-123.690264"></trkpt><trkpt lat="47.405930" lon="-123.689469"></trkpt><trkpt lat="47.406183" lon="-123.689115"></trkpt><trkpt lat="47.406436" lon="-123.687968"></trkpt><trkpt lat="47.406435" lon="-123.687165"></trkpt><trkpt lat="47.406267" lon="-123.686602"></trkpt><trkpt lat="47.405575" lon="-123.685106"></trkpt><trkpt lat="47.404677" lon="-123.683863"></trkpt><trkpt lat="47.403931" lon="-123.683441"></trkpt><trkpt lat="47.403843" lon="-123.682506"></trkpt><trkpt lat="47.403168" lon="-123.681587"></trkpt><trkpt lat="47.403075" lon="-123.680580"></trkpt><trkpt lat="47.402072" lon="-123.678779"></trkpt><trkpt lat="47.401671" lon="-123.678565"></trkpt><trkpt lat="47.401166" lon="-123.678583"></trkpt><trkpt lat="47.400917" lon="-123.678002"></trkpt><trkpt lat="47.400963" lon="-123.677137"></trkpt><trkpt lat="47.400729" lon="-123.676958"></trkpt><trkpt lat="47.399673" lon="-123.676978"></trkpt><trkpt lat="47.399225" lon="-123.677108"></trkpt><trkpt lat="47.399084" lon="-123.677080"></trkpt><trkpt lat="47.398980" lon="-123.677115"></trkpt><trkpt lat="47.398879" lon="-123.677179"></trkpt><trkpt lat="47.398786" lon="-123.677244"></trkpt><trkpt lat="47.398673" lon="-123.677295"></trkpt><trkpt lat="47.398535" lon="-123.677296"></trkpt><trkpt lat="47.398407" lon="-123.677345"></trkpt><trkpt lat="47.398282" lon="-123.677429"></trkpt><trkpt lat="47.398172" lon="-123.677463"></trkpt><trkpt lat="47.398053" lon="-123.677411"></trkpt><trkpt lat="47.398056" lon="-123.677222"></trkpt><trkpt lat="47.398084" lon="-123.677019"></trkpt><trkpt lat="47.398134" lon="-123.676874"></trkpt><trkpt lat="47.398215" lon="-123.676789"></trkpt><trkpt lat="47.398293" lon="-123.676704"></trkpt><trkpt lat="47.398296" lon="-123.676678"></trkpt><trkpt lat="47.399310" lon="-123.675323"></trkpt><trkpt lat="47.400483" lon="-123.674557"></trkpt><trkpt lat="47.401369" lon="-123.673630"></trkpt><trkpt lat="47.401444" lon="-123.672763"></trkpt><trkpt lat="47.401991" lon="-123.671099"></trkpt><trkpt lat="47.402380" lon="-123.670672"></trkpt><trkpt lat="47.403915" lon="-123.666697"></trkpt><trkpt lat="47.404644" lon="-123.665168"></trkpt><trkpt lat="47.405491" lon="-123.663733"></trkpt><trkpt lat="47.405754" lon="-123.663041"></trkpt><trkpt lat="47.405921" lon="-123.661864"></trkpt><trkpt lat="47.406265" lon="-123.662285"></trkpt><trkpt lat="47.406616" lon="-123.663227"></trkpt><trkpt lat="47.406870" lon="-123.663014"></trkpt><trkpt lat="47.406768" lon="-123.661549"></trkpt><trkpt lat="47.407080" lon="-123.661115"></trkpt><trkpt lat="47.407435" lon="-123.661187"></trkpt><trkpt lat="47.408121" lon="-123.661474"></trkpt><trkpt lat="47.408746" lon="-123.661526"></trkpt><trkpt lat="47.411991" lon="-123.657534"></trkpt><trkpt lat="47.412239" lon="-123.657054"></trkpt><trkpt lat="47.412789" lon="-123.656648"></trkpt><trkpt lat="47.413565" lon="-123.655919"></trkpt><trkpt lat="47.417724" lon="-123.650683"></trkpt><trkpt lat="47.420457" lon="-123.648017"></trkpt><trkpt lat="47.423690" lon="-123.647879"></trkpt><trkpt lat="47.424230" lon="-123.648619"></trkpt><trkpt lat="47.424649" lon="-123.648295"></trkpt><trkpt lat="47.425355" lon="-123.648218"></trkpt><trkpt lat="47.425841" lon="-123.648388"></trkpt><trkpt lat="47.426126" lon="-123.648068"></trkpt><trkpt lat="47.426843" lon="-123.647915"></trkpt><trkpt lat="47.427335" lon="-123.647582"></trkpt><trkpt lat="47.427899" lon="-123.647805"></trkpt><trkpt lat="47.429744" lon="-123.647533"></trkpt><trkpt lat="47.430345" lon="-123.648096"></trkpt><trkpt lat="47.430914" lon="-123.648183"></trkpt><trkpt lat="47.431002" lon="-123.647528"></trkpt><trkpt lat="47.430368" lon="-123.646210"></trkpt><trkpt lat="47.429696" lon="-123.643782"></trkpt><trkpt lat="47.428775" lon="-123.642599"></trkpt><trkpt lat="47.428439" lon="-123.641942"></trkpt><trkpt lat="47.427527" lon="-123.640837"></trkpt><trkpt lat="47.427425" lon="-123.640399"></trkpt><trkpt lat="47.428390" lon="-123.639123"></trkpt><trkpt lat="47.428989" lon="-123.637793"></trkpt><trkpt lat="47.428968" lon="-123.637129"></trkpt><trkpt lat="47.429235" lon="-123.636218"></trkpt><trkpt lat="47.429277" lon="-123.634414"></trkpt><trkpt lat="47.428578" lon="-123.633443"></trkpt><trkpt lat="47.428577" lon="-123.632998"></trkpt><trkpt lat="47.429417" lon="-123.631689"></trkpt><trkpt lat="47.429439" lon="-123.631020"></trkpt><trkpt lat="47.429282" lon="-123.630195"></trkpt><trkpt lat="47.429279" lon="-123.629428"></trkpt><trkpt lat="47.429641" lon="-123.628638"></trkpt><trkpt lat="47.429527" lon="-123.626998"></trkpt><trkpt lat="47.430042" lon="-123.625970"></trkpt><trkpt lat="47.430441" lon="-123.625370"></trkpt><trkpt lat="47.431352" lon="-123.623075"></trkpt><trkpt lat="47.431575" lon="-123.622262"></trkpt><trkpt lat="47.431584" lon="-123.621358"></trkpt><trkpt lat="47.431327" lon="-123.620945"></trkpt><trkpt lat="47.431218" lon="-123.619609"></trkpt><trkpt lat="47.430969" lon="-123.618910"></trkpt><trkpt lat="47.430487" lon="-123.618100"></trkpt><trkpt lat="47.430526" lon="-123.617651"></trkpt><trkpt lat="47.430991" lon="-123.617748"></trkpt><trkpt lat="47.431134" lon="-123.617471"></trkpt><trkpt lat="47.431070" lon="-123.614825"></trkpt><trkpt lat="47.431184" lon="-123.614384"></trkpt><trkpt lat="47.431415" lon="-123.614024"></trkpt><trkpt lat="47.432035" lon="-123.613806"></trkpt><trkpt lat="47.432376" lon="-123.613075"></trkpt><trkpt lat="47.432022" lon="-123.610822"></trkpt><trkpt lat="47.432075" lon="-123.610098"></trkpt><trkpt lat="47.432187" lon="-123.609596"></trkpt><trkpt lat="47.431835" lon="-123.608760"></trkpt><trkpt lat="47.431460" lon="-123.608463"></trkpt><trkpt lat="47.431315" lon="-123.607182"></trkpt><trkpt lat="47.431737" lon="-123.605976"></trkpt><trkpt lat="47.431835" lon="-123.604090"></trkpt><trkpt lat="47.431397" lon="-123.603283"></trkpt><trkpt lat="47.431363" lon="-123.602246"></trkpt><trkpt lat="47.430820" lon="-123.600399"></trkpt><trkpt lat="47.430884" lon="-123.599932"></trkpt><trkpt lat="47.431892" lon="-123.598862"></trkpt><trkpt lat="47.432335" lon="-123.598205"></trkpt><trkpt lat="47.433963" lon="-123.594589"></trkpt><trkpt lat="47.435078" lon="-123.593050"></trkpt><trkpt lat="47.437696" lon="-123.591435"></trkpt><trkpt lat="47.438638" lon="-123.590089"></trkpt><trkpt lat="47.438874" lon="-123.589379"></trkpt><trkpt lat="47.439346" lon="-123.589268"></trkpt><trkpt lat="47.440312" lon="-123.591085"></trkpt><trkpt lat="47.440480" lon="-123.592002"></trkpt><trkpt lat="47.441039" lon="-123.592806"></trkpt><trkpt lat="47.441638" lon="-123.596846"></trkpt><trkpt lat="47.441530" lon="-123.602700"></trkpt><trkpt lat="47.441836" lon="-123.605288"></trkpt><trkpt lat="47.442068" lon="-123.605382"></trkpt><trkpt lat="47.442400" lon="-123.605065"></trkpt><trkpt lat="47.442991" lon="-123.603769"></trkpt><trkpt lat="47.443015" lon="-123.602459"></trkpt><trkpt lat="47.443849" lon="-123.600409"></trkpt><trkpt lat="47.444027" lon="-123.599617"></trkpt><trkpt lat="47.443946" lon="-123.598887"></trkpt><trkpt lat="47.444051" lon="-123.596914"></trkpt><trkpt lat="47.444368" lon="-123.595602"></trkpt><trkpt lat="47.444377" lon="-123.595038"></trkpt><trkpt lat="47.444112" lon="-123.593833"></trkpt><trkpt lat="47.444415" lon="-123.592887"></trkpt><trkpt lat="47.443773" lon="-123.590485"></trkpt><trkpt lat="47.443871" lon="-123.589354"></trkpt><trkpt lat="47.443571" lon="-123.588653"></trkpt><trkpt lat="47.443521" lon="-123.587510"></trkpt><trkpt lat="47.443229" lon="-123.587130"></trkpt><trkpt lat="47.442891" lon="-123.586806"></trkpt><trkpt lat="47.441338" lon="-123.582353"></trkpt><trkpt lat="47.440938" lon="-123.581743"></trkpt></trkseg></trk><trk><name>T008 PN935B6</name><trkseg><trkpt lat="47.474003" lon="-123.211831"></trkpt><trkpt lat="47.474991" lon="-123.211833"></trkpt><trkpt lat="47.476243" lon="-123.211308"></trkpt><trkpt lat="47.478291" lon="-123.210726"></trkpt><trkpt lat="47.487597" lon="-123.209669"></trkpt><trkpt lat="47.491037" lon="-123.209579"></trkpt><trkpt lat="47.492083" lon="-123.209898"></trkpt><trkpt lat="47.492911" lon="-123.208901"></trkpt><trkpt lat="47.495402" lon="-123.201078"></trkpt><trkpt lat="47.498285" lon="-123.196587"></trkpt><trkpt lat="47.500934" lon="-123.194033"></trkpt><trkpt lat="47.501698" lon="-123.191225"></trkpt><trkpt lat="47.502924" lon="-123.188681"></trkpt><trkpt lat="47.503513" lon="-123.187334"></trkpt><trkpt lat="47.504073" lon="-123.185943"></trkpt><trkpt lat="47.504598" lon="-123.184571"></trkpt><trkpt lat="47.504824" lon="-123.182853"></trkpt><trkpt lat="47.505099" lon="-123.184812"></trkpt><trkpt lat="47.504694" lon="-123.188325"></trkpt><trkpt lat="47.504341" lon="-123.191574"></trkpt><trkpt lat="47.502962" lon="-123.197018"></trkpt><trkpt lat="47.503441" lon="-123.200087"></trkpt><trkpt lat="47.501687" lon="-123.203521"></trkpt><trkpt lat="47.500664" lon="-123.208110"></trkpt><trkpt lat="47.500370" lon="-123.211480"></trkpt><trkpt lat="47.502253" lon="-123.211764"></trkpt><trkpt lat="47.505034" lon="-123.213417"></trkpt><trkpt lat="47.507297" lon="-123.212354"></trkpt><trkpt lat="47.507486" lon="-123.214372"></trkpt><trkpt lat="47.510648" lon="-123.215702"></trkpt><trkpt lat="47.511058" lon="-123.216698"></trkpt><trkpt lat="47.511857" lon="-123.217369"></trkpt><trkpt lat="47.513181" lon="-123.217464"></trkpt><trkpt lat="47.511631" lon="-123.219421"></trkpt><trkpt lat="47.509393" lon="-123.219053"></trkpt><trkpt lat="47.508198" lon="-123.219881"></trkpt><trkpt lat="47.508145" lon="-123.220156"></trkpt><trkpt lat="47.509230" lon="-123.219377"></trkpt><trkpt lat="47.511880" lon="-123.219963"></trkpt><trkpt lat="47.515534" lon="-123.218378"></trkpt><trkpt lat="47.516281" lon="-123.215590"></trkpt><trkpt lat="47.516137" lon="-123.215374"></trkpt><trkpt lat="47.515728" lon="-123.215445"></trkpt><trkpt lat="47.515200" lon="-123.216170"></trkpt><trkpt lat="47.514348" lon="-123.215522"></trkpt><trkpt lat="47.513364" lon="-123.215763"></trkpt><trkpt lat="47.512325" lon="-123.215575"></trkpt><trkpt lat="47.512067" lon="-123.213762"></trkpt><trkpt lat="47.510065" lon="-123.213225"></trkpt><trkpt lat="47.509624" lon="-123.212687"></trkpt><trkpt lat="47.509656" lon="-123.212317"></trkpt><trkpt lat="47.510627" lon="-123.210409"></trkpt><trkpt lat="47.510328" lon="-123.206314"></trkpt><trkpt lat="47.507789" lon="-123.205595"></trkpt><trkpt lat="47.507703" lon="-123.205129"></trkpt><trkpt lat="47.507952" lon="-123.203645"></trkpt><trkpt lat="47.508687" lon="-123.203046"></trkpt><trkpt lat="47.509192" lon="-123.201933"></trkpt><trkpt lat="47.509214" lon="-123.199515"></trkpt><trkpt lat="47.512112" lon="-123.197563"></trkpt><trkpt lat="47.513283" lon="-123.197395"></trkpt><trkpt lat="47.513349" lon="-123.195488"></trkpt><trkpt lat="47.514230" lon="-123.194338"></trkpt><trkpt lat="47.513904" lon="-123.192866"></trkpt><trkpt lat="47.512947" lon="-123.192356"></trkpt><trkpt lat="47.513289" lon="-123.191646"></trkpt><trkpt lat="47.516144" lon="-123.190642"></trkpt><trkpt lat="47.517124" lon="-123.189510"></trkpt><trkpt lat="47.517036" lon="-123.187555"></trkpt><trkpt lat="47.516484" lon="-123.187033"></trkpt><trkpt lat="47.517094" lon="-123.185502"></trkpt><trkpt lat="47.517563" lon="-123.183844"></trkpt><trkpt lat="47.520365" lon="-123.183261"></trkpt><trkpt lat="47.522088" lon="-123.182053"></trkpt><trkpt lat="47.522664" lon="-123.180995"></trkpt><trkpt lat="47.522711" lon="-123.180590"></trkpt><trkpt lat="47.521867" lon="-123.179155"></trkpt><trkpt lat="47.522316" lon="-123.178214"></trkpt><trkpt lat="47.521902" lon="-123.177189"></trkpt><trkpt lat="47.522819" lon="-123.175581"></trkpt><trkpt lat="47.522807" lon="-123.174905"></trkpt><trkpt lat="47.522621" lon="-123.174723"></trkpt><trkpt lat="47.522116" lon="-123.174334"></trkpt><trkpt lat="47.521949" lon="-123.171721"></trkpt><trkpt lat="47.519144" lon="-123.171429"></trkpt><trkpt lat="47.518788" lon="-123.171363"></trkpt><trkpt lat="47.519608" lon="-123.168300"></trkpt><trkpt lat="47.519443" lon="-123.167489"></trkpt><trkpt lat="47.518423" lon="-123.167298"></trkpt><trkpt lat="47.517675" lon="-123.165691"></trkpt><trkpt lat="47.515741" lon="-123.164775"></trkpt><trkpt lat="47.514661" lon="-123.163799"></trkpt><trkpt lat="47.516637" lon="-123.161556"></trkpt><trkpt lat="47.517631" lon="-123.159485"></trkpt><trkpt lat="47.519416" lon="-123.160337"></trkpt><trkpt lat="47.520952" lon="-123.157459"></trkpt><trkpt lat="47.521488" lon="-123.154027"></trkpt><trkpt lat="47.521896" lon="-123.152786"></trkpt><trkpt lat="47.524700" lon="-123.151526"></trkpt><trkpt lat="47.525548" lon="-123.149987"></trkpt><trkpt lat="47.525943" lon="-123.149923"></trkpt><trkpt lat="47.526738" lon="-123.148287"></trkpt><trkpt lat="47.527395" lon="-123.146582"></trkpt><trkpt lat="47.528655" lon="-123.146701"></trkpt><trkpt lat="47.529453" lon="-123.147819"></trkpt><trkpt lat="47.529549" lon="-123.148174"></trkpt><trkpt lat="47.529645" lon="-123.148843"></trkpt><trkpt lat="47.529801" lon="-123.149360"></trkpt><trkpt lat="47.530072" lon="-123.149879"></trkpt><trkpt lat="47.530461" lon="-123.150273"></trkpt><trkpt lat="47.530777" lon="-123.150448"></trkpt><trkpt lat="47.531130" lon="-123.151228"></trkpt><trkpt lat="47.531265" lon="-123.151814"></trkpt><trkpt lat="47.531487" lon="-123.152413"></trkpt><trkpt lat="47.531813" lon="-123.152794"></trkpt><trkpt lat="47.532670" lon="-123.152773"></trkpt><trkpt lat="47.533569" lon="-123.152492"></trkpt><trkpt lat="47.534409" lon="-123.152371"></trkpt><trkpt lat="47.534876" lon="-123.152225"></trkpt><trkpt lat="47.535486" lon="-123.151208"></trkpt><trkpt lat="47.535915" lon="-123.150106"></trkpt><trkpt lat="47.535869" lon="-123.150225"></trkpt><trkpt lat="47.536574" lon="-123.150981"></trkpt><trkpt lat="47.536760" lon="-123.151473"></trkpt><trkpt lat="47.536629" lon="-123.151600"></trkpt><trkpt lat="47.537556" lon="-123.150617"></trkpt><trkpt lat="47.537942" lon="-123.150979"></trkpt><trkpt lat="47.538146" lon="-123.151584"></trkpt><trkpt lat="47.538090" lon="-123.152281"></trkpt><trkpt lat="47.538369" lon="-123.154281"></trkpt><trkpt lat="47.539309" lon="-123.157448"></trkpt><trkpt lat="47.539569" lon="-123.158018"></trkpt><trkpt lat="47.539896" lon="-123.158405"></trkpt><trkpt lat="47.540417" lon="-123.158584"></trkpt><trkpt lat="47.541139" lon="-123.158217"></trkpt><trkpt lat="47.541870" lon="-123.157555"></trkpt><trkpt lat="47.542463" lon="-123.156670"></trkpt><trkpt lat="47.542721" lon="-123.156271"></trkpt><trkpt lat="47.543065" lon="-123.155942"></trkpt><trkpt lat="47.543670" lon="-123.156018"></trkpt><trkpt lat="47.544137" lon="-123.156329"></trkpt><trkpt lat="47.544945" lon="-123.156252"></trkpt><trkpt lat="47.545639" lon="-123.155593"></trkpt><trkpt lat="47.546201" lon="-123.155876"></trkpt><trkpt lat="47.546565" lon="-123.156338"></trkpt><trkpt lat="47.546836" lon="-123.156605"></trkpt><trkpt lat="47.548091" lon="-123.156377"></trkpt><trkpt lat="47.550408" lon="-123.156624"></trkpt><trkpt lat="47.551004" lon="-123.156486"></trkpt><trkpt lat="47.552345" lon="-123.156422"></trkpt><trkpt lat="47.553782" lon="-123.155803"></trkpt><trkpt lat="47.554735" lon="-123.155239"></trkpt><trkpt lat="47.555184" lon="-123.154731"></trkpt><trkpt lat="47.555505" lon="-123.154269"></trkpt><trkpt lat="47.555661" lon="-123.153992"></trkpt><trkpt lat="47.556037" lon="-123.153067"></trkpt><trkpt lat="47.556267" lon="-123.151773"></trkpt><trkpt lat="47.556266" lon="-123.151026"></trkpt><trkpt lat="47.556070" lon="-123.149741"></trkpt><trkpt lat="47.555869" lon="-123.149182"></trkpt><trkpt lat="47.554987" lon="-123.147783"></trkpt><trkpt lat="47.554245" lon="-123.146969"></trkpt><trkpt lat="47.553331" lon="-123.145597"></trkpt><trkpt lat="47.553067" lon="-123.144742"></trkpt><trkpt lat="47.553355" lon="-123.144414"></trkpt><trkpt lat="47.553832" lon="-123.144704"></trkpt><trkpt lat="47.554609" lon="-123.145482"></trkpt><trkpt lat="47.555772" lon="-123.146447"></trkpt><trkpt lat="47.557052" lon="-123.146833"></trkpt><trkpt lat="47.557537" lon="-123.146816"></trkpt><trkpt lat="47.558439" lon="-123.146608"></trkpt><trkpt lat="47.559620" lon="-123.146092"></trkpt><trkpt lat="47.560514" lon="-123.145555"></trkpt><trkpt lat="47.561761" lon="-123.144668"></trkpt><trkpt lat="47.563012" lon="-123.143666"></trkpt><trkpt lat="47.563753" lon="-123.142667"></trkpt><trkpt lat="47.564475" lon="-123.141532"></trkpt><trkpt lat="47.565007" lon="-123.141332"></trkpt><trkpt lat="47.565966" lon="-123.142401"></trkpt><trkpt lat="47.566316" lon="-123.142644"></trkpt><trkpt lat="47.566666" lon="-123.142802"></trkpt><trkpt lat="47.567411" lon="-123.142588"></trkpt><trkpt lat="47.567789" lon="-123.142290"></trkpt><trkpt lat="47.568407" lon="-123.141312"></trkpt><trkpt lat="47.568684" lon="-123.140760"></trkpt><trkpt lat="47.568838" lon="-123.140009"></trkpt><trkpt lat="47.568365" lon="-123.138774"></trkpt><trkpt lat="47.568106" lon="-123.137838"></trkpt><trkpt lat="47.568173" lon="-123.137439"></trkpt><trkpt lat="47.569301" lon="-123.135625"></trkpt><trkpt lat="47.570434" lon="-123.133189"></trkpt><trkpt lat="47.570939" lon="-123.132701"></trkpt><trkpt lat="47.571830" lon="-123.132122"></trkpt><trkpt lat="47.572314" lon="-123.131927"></trkpt><trkpt lat="47.572826" lon="-123.131838"></trkpt><trkpt lat="47.573656" lon="-123.131386"></trkpt><trkpt lat="47.574170" lon="-123.131676"></trkpt><trkpt lat="47.574630" lon="-123.131334"></trkpt><trkpt lat="47.575818" lon="-123.129878"></trkpt><trkpt lat="47.576639" lon="-123.129050"></trkpt><trkpt lat="47.576950" lon="-123.128545"></trkpt><trkpt lat="47.577142" lon="-123.127889"></trkpt><trkpt lat="47.577400" lon="-123.125760"></trkpt><trkpt lat="47.577229" lon="-123.124464"></trkpt><trkpt lat="47.576265" lon="-123.121383"></trkpt><trkpt lat="47.575649" lon="-123.120277"></trkpt><trkpt lat="47.575926" lon="-123.119431"></trkpt><trkpt lat="47.575486" lon="-123.116585"></trkpt><trkpt lat="47.575245" lon="-123.115936"></trkpt><trkpt lat="47.574811" lon="-123.115572"></trkpt><trkpt lat="47.574389" lon="-123.115078"></trkpt><trkpt lat="47.574533" lon="-123.114606"></trkpt><trkpt lat="47.574918" lon="-123.114427"></trkpt><trkpt lat="47.575290" lon="-123.113208"></trkpt><trkpt lat="47.575549" lon="-123.112638"></trkpt><trkpt lat="47.575395" lon="-123.108104"></trkpt><trkpt lat="47.574736" lon="-123.105486"></trkpt><trkpt lat="47.574107" lon="-123.100790"></trkpt><trkpt lat="47.573406" lon="-123.097290"></trkpt><trkpt lat="47.573786" lon="-123.096062"></trkpt><trkpt lat="47.574380" lon="-123.094893"></trkpt><trkpt lat="47.574621" lon="-123.094253"></trkpt><trkpt lat="47.574946" lon="-123.093701"></trkpt><trkpt lat="47.575271" lon="-123.092585"></trkpt><trkpt lat="47.575526" lon="-123.089144"></trkpt><trkpt lat="47.576080" lon="-123.091441"></trkpt><trkpt lat="47.576631" lon="-123.093593"></trkpt><trkpt lat="47.576838" lon="-123.095009"></trkpt><trkpt lat="47.577117" lon="-123.095729"></trkpt><trkpt lat="47.578092" lon="-123.097426"></trkpt><trkpt lat="47.579606" lon="-123.099513"></trkpt><trkpt lat="47.580230" lon="-123.102185"></trkpt><trkpt lat="47.580974" lon="-123.103263"></trkpt><trkpt lat="47.582615" lon="-123.106080"></trkpt><trkpt lat="47.583131" lon="-123.107948"></trkpt><trkpt lat="47.583712" lon="-123.112144"></trkpt><trkpt lat="47.583890" lon="-123.112669"></trkpt><trkpt lat="47.585730" lon="-123.115486"></trkpt><trkpt lat="47.588057" lon="-123.118708"></trkpt><trkpt lat="47.589320" lon="-123.119067"></trkpt><trkpt lat="47.589543" lon="-123.119759"></trkpt><trkpt lat="47.589942" lon="-123.120227"></trkpt><trkpt lat="47.590344" lon="-123.120788"></trkpt><trkpt lat="47.591886" lon="-123.122191"></trkpt><trkpt lat="47.591674" lon="-123.122296"></trkpt><trkpt lat="47.592954" lon="-123.123392"></trkpt><trkpt lat="47.593357" lon="-123.123884"></trkpt><trkpt lat="47.593929" lon="-123.125036"></trkpt><trkpt lat="47.594392" lon="-123.126230"></trkpt><trkpt lat="47.594868" lon="-123.128988"></trkpt><trkpt lat="47.595142" lon="-123.128872"></trkpt><trkpt lat="47.596004" lon="-123.126964"></trkpt><trkpt lat="47.596223" lon="-123.126367"></trkpt><trkpt lat="47.596561" lon="-123.125106"></trkpt><trkpt lat="47.596656" lon="-123.124434"></trkpt><trkpt lat="47.596731" lon="-123.122437"></trkpt><trkpt lat="47.596066" lon="-123.121409"></trkpt><trkpt lat="47.594192" lon="-123.119558"></trkpt><trkpt lat="47.593957" lon="-123.119113"></trkpt><trkpt lat="47.593168" lon="-123.117957"></trkpt><trkpt lat="47.592810" lon="-123.117310"></trkpt><trkpt lat="47.592031" lon="-123.116120"></trkpt><trkpt lat="47.591527" lon="-123.115763"></trkpt><trkpt lat="47.590977" lon="-123.115672"></trkpt><trkpt lat="47.590425" lon="-123.115699"></trkpt><trkpt lat="47.589874" lon="-123.115613"></trkpt><trkpt lat="47.589399" lon="-123.115156"></trkpt><trkpt lat="47.589143" lon="-123.114627"></trkpt><trkpt lat="47.589107" lon="-123.113932"></trkpt><trkpt lat="47.589200" lon="-123.110219"></trkpt><trkpt lat="47.589100" lon="-123.108827"></trkpt><trkpt lat="47.588074" lon="-123.107299"></trkpt><trkpt lat="47.587738" lon="-123.106702"></trkpt><trkpt lat="47.586464" lon="-123.104037"></trkpt><trkpt lat="47.586197" lon="-123.103287"></trkpt><trkpt lat="47.585596" lon="-123.100954"></trkpt><trkpt lat="47.585532" lon="-123.096476"></trkpt><trkpt lat="47.584644" lon="-123.093908"></trkpt><trkpt lat="47.584013" lon="-123.086885"></trkpt><trkpt lat="47.583907" lon="-123.086219"></trkpt><trkpt lat="47.583588" lon="-123.084898"></trkpt><trkpt lat="47.582764" lon="-123.082755"></trkpt><trkpt lat="47.582628" lon="-123.081971"></trkpt><trkpt lat="47.582521" lon="-123.080416"></trkpt><trkpt lat="47.582315" lon="-123.079719"></trkpt><trkpt lat="47.580754" lon="-123.075683"></trkpt><trkpt lat="47.580350" lon="-123.074354"></trkpt><trkpt lat="47.579230" lon="-123.071885"></trkpt><trkpt lat="47.578730" lon="-123.070569"></trkpt><trkpt lat="47.578453" lon="-123.069991"></trkpt><trkpt lat="47.577670" lon="-123.069245"></trkpt><trkpt lat="47.576907" lon="-123.068264"></trkpt><trkpt lat="47.576542" lon="-123.067710"></trkpt><trkpt lat="47.576249" lon="-123.067052"></trkpt><trkpt lat="47.575492" lon="-123.064027"></trkpt><trkpt lat="47.575251" lon="-123.062569"></trkpt><trkpt lat="47.575321" lon="-123.059727"></trkpt><trkpt lat="47.574908" lon="-123.058310"></trkpt><trkpt lat="47.574277" lon="-123.056793"></trkpt><trkpt lat="47.572852" lon="-123.053305"></trkpt><trkpt lat="47.570362" lon="-123.047226"></trkpt><trkpt lat="47.565109" lon="-123.040794"></trkpt><trkpt lat="47.564804" lon="-123.034384"></trkpt><trkpt lat="47.565320" lon="-123.031592"></trkpt><trkpt lat="47.564811" lon="-123.028433"></trkpt><trkpt lat="47.565153" lon="-123.027355"></trkpt><trkpt lat="47.566612" lon="-123.025330"></trkpt><trkpt lat="47.567227" lon="-123.024309"></trkpt><trkpt lat="47.566736" lon="-123.022609"></trkpt><trkpt lat="47.567776" lon="-123.020579"></trkpt><trkpt lat="47.567969" lon="-123.018528"></trkpt><trkpt lat="47.567471" lon="-123.017143"></trkpt><trkpt lat="47.566522" lon="-123.016357"></trkpt><trkpt lat="47.565912" lon="-123.016569"></trkpt><trkpt lat="47.565202" lon="-123.017343"></trkpt><trkpt lat="47.565622" lon="-123.016276"></trkpt><trkpt lat="47.570422" lon="-123.014152"></trkpt><trkpt lat="47.573980" lon="-123.010808"></trkpt><trkpt lat="47.578900" lon="-123.006905"></trkpt><trkpt lat="47.582585" lon="-123.005591"></trkpt><trkpt lat="47.585709" lon="-123.003589"></trkpt><trkpt lat="47.586602" lon="-123.003019"></trkpt><trkpt lat="47.588716" lon="-123.000074"></trkpt><trkpt lat="47.591646" lon="-122.996396"></trkpt><trkpt lat="47.594946" lon="-122.994120"></trkpt><trkpt lat="47.596641" lon="-122.992782"></trkpt><trkpt lat="47.600714" lon="-122.990217"></trkpt><trkpt lat="47.603400" lon="-122.990030"></trkpt><trkpt lat="47.604959" lon="-122.989950"></trkpt><trkpt lat="47.611950" lon="-122.984364"></trkpt><trkpt lat="47.614003" lon="-122.983717"></trkpt><trkpt lat="47.615283" lon="-122.982358"></trkpt><trkpt lat="47.616480" lon="-122.980087"></trkpt><trkpt lat="47.617057" lon="-122.977129"></trkpt><trkpt lat="47.618345" lon="-122.974541"></trkpt><trkpt lat="47.618745" lon="-122.970664"></trkpt><trkpt lat="47.619148" lon="-122.969235"></trkpt><trkpt lat="47.619603" lon="-122.970308"></trkpt><trkpt lat="47.619691" lon="-122.971797"></trkpt><trkpt lat="47.620155" lon="-122.971643"></trkpt><trkpt lat="47.621074" lon="-122.969798"></trkpt><trkpt lat="47.621234" lon="-122.969661"></trkpt><trkpt lat="47.621762" lon="-122.969931"></trkpt><trkpt lat="47.622306" lon="-122.971239"></trkpt><trkpt lat="47.623041" lon="-122.972770"></trkpt><trkpt lat="47.623676" lon="-122.972971"></trkpt><trkpt lat="47.624982" lon="-122.972236"></trkpt><trkpt lat="47.626618" lon="-122.972318"></trkpt><trkpt lat="47.627395" lon="-122.973196"></trkpt><trkpt lat="47.628134" lon="-122.975121"></trkpt><trkpt lat="47.629469" lon="-122.983083"></trkpt><trkpt lat="47.632494" lon="-122.985847"></trkpt><trkpt lat="47.633049" lon="-122.985487"></trkpt><trkpt lat="47.633501" lon="-122.986163"></trkpt><trkpt lat="47.634749" lon="-122.986604"></trkpt><trkpt lat="47.635556" lon="-122.988125"></trkpt><trkpt lat="47.636173" lon="-122.989714"></trkpt><trkpt lat="47.637024" lon="-122.989343"></trkpt><trkpt lat="47.637379" lon="-122.987721"></trkpt><trkpt lat="47.637233" lon="-122.984779"></trkpt><trkpt lat="47.637293" lon="-122.984333"></trkpt><trkpt lat="47.637459" lon="-122.983917"></trkpt><trkpt lat="47.637995" lon="-122.982790"></trkpt><trkpt lat="47.638628" lon="-122.981654"></trkpt><trkpt lat="47.640292" lon="-122.979549"></trkpt><trkpt lat="47.640509" lon="-122.979217"></trkpt><trkpt lat="47.640616" lon="-122.979010"></trkpt><trkpt lat="47.641003" lon="-122.977535"></trkpt><trkpt lat="47.641610" lon="-122.976042"></trkpt><trkpt lat="47.642014" lon="-122.975378"></trkpt><trkpt lat="47.642942" lon="-122.974230"></trkpt><trkpt lat="47.643191" lon="-122.973856"></trkpt><trkpt lat="47.643484" lon="-122.972859"></trkpt><trkpt lat="47.643671" lon="-122.972688"></trkpt><trkpt lat="47.643623" lon="-122.972453"></trkpt><trkpt lat="47.643472" lon="-122.972319"></trkpt><trkpt lat="47.643362" lon="-122.972102"></trkpt><trkpt lat="47.643101" lon="-122.970076"></trkpt><trkpt lat="47.643100" lon="-122.969462"></trkpt><trkpt lat="47.643328" lon="-122.966469"></trkpt><trkpt lat="47.643497" lon="-122.965442"></trkpt><trkpt lat="47.643914" lon="-122.963589"></trkpt><trkpt lat="47.644160" lon="-122.962734"></trkpt><trkpt lat="47.644903" lon="-122.960813"></trkpt><trkpt lat="47.645273" lon="-122.960334"></trkpt><trkpt lat="47.646096" lon="-122.959897"></trkpt><trkpt lat="47.646802" lon="-122.959130"></trkpt><trkpt lat="47.647201" lon="-122.958753"></trkpt><trkpt lat="47.647375" lon="-122.958782"></trkpt><trkpt lat="47.647963" lon="-122.958785"></trkpt><trkpt lat="47.648253" lon="-122.958712"></trkpt><trkpt lat="47.648578" lon="-122.958491"></trkpt><trkpt lat="47.649359" lon="-122.957728"></trkpt><trkpt lat="47.650024" lon="-122.957599"></trkpt><trkpt lat="47.650319" lon="-122.957574"></trkpt><trkpt lat="47.650778" lon="-122.957754"></trkpt><trkpt lat="47.650903" lon="-122.957907"></trkpt><trkpt lat="47.651122" lon="-122.958278"></trkpt><trkpt lat="47.651669" lon="-122.959790"></trkpt><trkpt lat="47.652416" lon="-122.960710"></trkpt><trkpt lat="47.652775" lon="-122.961305"></trkpt><trkpt lat="47.653287" lon="-122.961859"></trkpt><trkpt lat="47.653394" lon="-122.962038"></trkpt><trkpt lat="47.653971" lon="-122.963239"></trkpt><trkpt lat="47.654431" lon="-122.964425"></trkpt><trkpt lat="47.655111" lon="-122.965816"></trkpt><trkpt lat="47.656550" lon="-122.967611"></trkpt><trkpt lat="47.657258" lon="-122.968226"></trkpt><trkpt lat="47.657601" lon="-122.968413"></trkpt><trkpt lat="47.659661" lon="-122.970853"></trkpt><trkpt lat="47.660923" lon="-122.974043"></trkpt><trkpt lat="47.661861" lon="-122.975853"></trkpt><trkpt lat="47.662464" lon="-122.978534"></trkpt><trkpt lat="47.663108" lon="-122.979095"></trkpt><trkpt lat="47.664023" lon="-122.980738"></trkpt><trkpt lat="47.664414" lon="-122.981227"></trkpt><trkpt lat="47.664494" lon="-122.981469"></trkpt><trkpt lat="47.664685" lon="-122.982188"></trkpt><trkpt lat="47.665011" lon="-122.982895"></trkpt><trkpt lat="47.665256" lon="-122.983240"></trkpt><trkpt lat="47.665940" lon="-122.983936"></trkpt><trkpt lat="47.666182" lon="-122.984344"></trkpt><trkpt lat="47.666496" lon="-122.986245"></trkpt><trkpt lat="47.666517" lon="-122.986773"></trkpt><trkpt lat="47.666606" lon="-122.986981"></trkpt><trkpt lat="47.667043" lon="-122.987097"></trkpt><trkpt lat="47.667231" lon="-122.987220"></trkpt><trkpt lat="47.667637" lon="-122.987718"></trkpt><trkpt lat="47.667842" lon="-122.988139"></trkpt><trkpt lat="47.668233" lon="-122.988448"></trkpt><trkpt lat="47.668416" lon="-122.988454"></trkpt><trkpt lat="47.669004" lon="-122.988633"></trkpt><trkpt lat="47.669271" lon="-122.988961"></trkpt><trkpt lat="47.669372" lon="-122.989169"></trkpt><trkpt lat="47.669488" lon="-122.989660"></trkpt><trkpt lat="47.669499" lon="-122.990371"></trkpt><trkpt lat="47.669455" lon="-122.990678"></trkpt><trkpt lat="47.669225" lon="-122.991040"></trkpt><trkpt lat="47.669148" lon="-122.991514"></trkpt><trkpt lat="47.669340" lon="-122.991883"></trkpt><trkpt lat="47.669834" lon="-122.993162"></trkpt><trkpt lat="47.670091" lon="-122.993639"></trkpt><trkpt lat="47.672839" lon="-122.999900"></trkpt><trkpt lat="47.673034" lon="-123.001683"></trkpt><trkpt lat="47.672970" lon="-123.001922"></trkpt><trkpt lat="47.675423" lon="-123.008541"></trkpt><trkpt lat="47.677334" lon="-123.009088"></trkpt><trkpt lat="47.677134" lon="-123.009893"></trkpt><trkpt lat="47.677453" lon="-123.010230"></trkpt><trkpt lat="47.677711" lon="-123.010729"></trkpt><trkpt lat="47.679700" lon="-123.016979"></trkpt><trkpt lat="47.679564" lon="-123.018474"></trkpt><trkpt lat="47.680290" lon="-123.022788"></trkpt><trkpt lat="47.680088" lon="-123.024180"></trkpt><trkpt lat="47.680180" lon="-123.024711"></trkpt><trkpt lat="47.680182" lon="-123.026402"></trkpt><trkpt lat="47.679919" lon="-123.026732"></trkpt><trkpt lat="47.679739" lon="-123.027607"></trkpt><trkpt lat="47.679087" lon="-123.031712"></trkpt><trkpt lat="47.679212" lon="-123.031790"></trkpt><trkpt lat="47.679205" lon="-123.032574"></trkpt><trkpt lat="47.679305" lon="-123.033794"></trkpt><trkpt lat="47.680069" lon="-123.036474"></trkpt><trkpt lat="47.681809" lon="-123.037652"></trkpt><trkpt lat="47.682033" lon="-123.039576"></trkpt><trkpt lat="47.682029" lon="-123.041997"></trkpt><trkpt lat="47.683125" lon="-123.042615"></trkpt><trkpt lat="47.683240" lon="-123.042385"></trkpt><trkpt lat="47.683433" lon="-123.041323"></trkpt><trkpt lat="47.683900" lon="-123.039810"></trkpt><trkpt lat="47.684540" lon="-123.037034"></trkpt><trkpt lat="47.684766" lon="-123.035503"></trkpt><trkpt lat="47.684884" lon="-123.034742"></trkpt><trkpt lat="47.685096" lon="-123.033595"></trkpt><trkpt lat="47.685716" lon="-123.031311"></trkpt><trkpt lat="47.685800" lon="-123.030562"></trkpt><trkpt lat="47.685471" lon="-123.026859"></trkpt><trkpt lat="47.684331" lon="-123.024000"></trkpt><trkpt lat="47.683305" lon="-123.021278"></trkpt><trkpt lat="47.682632" lon="-123.020544"></trkpt><trkpt lat="47.683279" lon="-123.017690"></trkpt><trkpt lat="47.683349" lon="-123.017515"></trkpt><trkpt lat="47.683475" lon="-123.016224"></trkpt><trkpt lat="47.684180" lon="-123.013449"></trkpt><trkpt lat="47.683816" lon="-123.011449"></trkpt><trkpt lat="47.682506" lon="-123.009386"></trkpt><trkpt lat="47.681858" lon="-123.008225"></trkpt><trkpt lat="47.681768" lon="-123.007897"></trkpt><trkpt lat="47.681687" lon="-123.006541"></trkpt><trkpt lat="47.681237" lon="-123.003656"></trkpt><trkpt lat="47.681321" lon="-123.003401"></trkpt><trkpt lat="47.681206" lon="-123.002479"></trkpt><trkpt lat="47.681013" lon="-123.001829"></trkpt><trkpt lat="47.680375" lon="-122.998737"></trkpt><trkpt lat="47.680381" lon="-122.998410"></trkpt><trkpt lat="47.681835" lon="-122.994895"></trkpt><trkpt lat="47.679695" lon="-122.989678"></trkpt><trkpt lat="47.679712" lon="-122.989381"></trkpt><trkpt lat="47.679606" lon="-122.988275"></trkpt><trkpt lat="47.679304" lon="-122.987068"></trkpt><trkpt lat="47.678966" lon="-122.985970"></trkpt><trkpt lat="47.678665" lon="-122.984379"></trkpt><trkpt lat="47.678431" lon="-122.983595"></trkpt><trkpt lat="47.678128" lon="-122.982904"></trkpt><trkpt lat="47.677217" lon="-122.981428"></trkpt><trkpt lat="47.676929" lon="-122.980862"></trkpt><trkpt lat="47.676382" lon="-122.979664"></trkpt><trkpt lat="47.675846" lon="-122.978257"></trkpt><trkpt lat="47.675534" lon="-122.977213"></trkpt><trkpt lat="47.675323" lon="-122.975393"></trkpt><trkpt lat="47.675087" lon="-122.974746"></trkpt><trkpt lat="47.673208" lon="-122.972153"></trkpt><trkpt lat="47.672366" lon="-122.971218"></trkpt><trkpt lat="47.671600" lon="-122.970565"></trkpt><trkpt lat="47.671318" lon="-122.970152"></trkpt><trkpt lat="47.670892" lon="-122.969033"></trkpt><trkpt lat="47.670460" lon="-122.968094"></trkpt><trkpt lat="47.668595" lon="-122.963476"></trkpt><trkpt lat="47.667513" lon="-122.960813"></trkpt><trkpt lat="47.666390" lon="-122.958272"></trkpt><trkpt lat="47.665853" lon="-122.957570"></trkpt><trkpt lat="47.664947" lon="-122.956735"></trkpt><trkpt lat="47.663968" lon="-122.956240"></trkpt><trkpt lat="47.663481" lon="-122.955852"></trkpt><trkpt lat="47.658390" lon="-122.949228"></trkpt><trkpt lat="47.657626" lon="-122.948141"></trkpt><trkpt lat="47.656890" lon="-122.946984"></trkpt><trkpt lat="47.656639" lon="-122.946273"></trkpt><trkpt lat="47.655515" lon="-122.941712"></trkpt><trkpt lat="47.655345" lon="-122.940955"></trkpt><trkpt lat="47.655134" lon="-122.939123"></trkpt><trkpt lat="47.654430" lon="-122.937962"></trkpt><trkpt lat="47.653347" lon="-122.936537"></trkpt><trkpt lat="47.653043" lon="-122.936030"></trkpt><trkpt lat="47.652762" lon="-122.935238"></trkpt><trkpt lat="47.652283" lon="-122.933149"></trkpt><trkpt lat="47.651868" lon="-122.932441"></trkpt><trkpt lat="47.654164" lon="-122.926841"></trkpt><trkpt lat="47.655880" lon="-122.925124"></trkpt><trkpt lat="47.660558" lon="-122.923472"></trkpt><trkpt lat="47.667146" lon="-122.909846"></trkpt><trkpt lat="47.672168" lon="-122.906556"></trkpt><trkpt lat="47.672861" lon="-122.905203"></trkpt><trkpt lat="47.673120" lon="-122.904565"></trkpt><trkpt lat="47.674940" lon="-122.901535"></trkpt><trkpt lat="47.675417" lon="-122.901325"></trkpt><trkpt lat="47.678896" lon="-122.898816"></trkpt><trkpt lat="47.679808" lon="-122.898990"></trkpt><trkpt lat="47.679972" lon="-122.899129"></trkpt><trkpt lat="47.681365" lon="-122.899451"></trkpt><trkpt lat="47.685672" lon="-122.900155"></trkpt><trkpt lat="47.686432" lon="-122.900206"></trkpt><trkpt lat="47.687213" lon="-122.900063"></trkpt><trkpt lat="47.689717" lon="-122.899368"></trkpt><trkpt lat="47.693522" lon="-122.898077"></trkpt><trkpt lat="47.693690" lon="-122.898001"></trkpt><trkpt lat="47.697474" lon="-122.896773"></trkpt><trkpt lat="47.698444" lon="-122.896483"></trkpt><trkpt lat="47.698487" lon="-122.896542"></trkpt><trkpt lat="47.701806" lon="-122.895452"></trkpt><trkpt lat="47.705122" lon="-122.896169"></trkpt><trkpt lat="47.706402" lon="-122.895348"></trkpt><trkpt lat="47.711308" lon="-122.889892"></trkpt><trkpt lat="47.713849" lon="-122.887889"></trkpt><trkpt lat="47.724865" lon="-122.884697"></trkpt><trkpt lat="47.729422" lon="-122.884626"></trkpt><trkpt lat="47.738075" lon="-122.880959"></trkpt><trkpt lat="47.743027" lon="-122.877679"></trkpt><trkpt lat="47.743915" lon="-122.878197"></trkpt><trkpt lat="47.746204" lon="-122.881832"></trkpt><trkpt lat="47.748262" lon="-122.886542"></trkpt><trkpt lat="47.750652" lon="-122.888835"></trkpt><trkpt lat="47.752463" lon="-122.892976"></trkpt><trkpt lat="47.767754" lon="-122.898254"></trkpt><trkpt lat="47.772232" lon="-122.904663"></trkpt><trkpt lat="47.773260" lon="-122.911440"></trkpt><trkpt lat="47.772954" lon="-122.913237"></trkpt><trkpt lat="47.773039" lon="-122.915640"></trkpt><trkpt lat="47.774348" lon="-122.919352"></trkpt><trkpt lat="47.780700" lon="-122.922485"></trkpt><trkpt lat="47.783511" lon="-122.927613"></trkpt><trkpt lat="47.785528" lon="-122.928793"></trkpt><trkpt lat="47.789562" lon="-122.925682"></trkpt><trkpt lat="47.805128" lon="-122.917234"></trkpt><trkpt lat="47.805970" lon="-122.916360"></trkpt><trkpt lat="47.807208" lon="-122.914506"></trkpt><trkpt lat="47.808657" lon="-122.912813"></trkpt><trkpt lat="47.816813" lon="-122.903967"></trkpt><trkpt lat="47.815418" lon="-122.906606"></trkpt><trkpt lat="47.813637" lon="-122.908559"></trkpt><trkpt lat="47.812221" lon="-122.911048"></trkpt><trkpt lat="47.811213" lon="-122.913966"></trkpt><trkpt lat="47.811062" lon="-122.917228"></trkpt><trkpt lat="47.811942" lon="-122.920167"></trkpt><trkpt lat="47.815654" lon="-122.924416"></trkpt><trkpt lat="47.817221" lon="-122.926884"></trkpt><trkpt lat="47.818358" lon="-122.930167"></trkpt><trkpt lat="47.818066" lon="-122.929520"></trkpt><trkpt lat="47.818638" lon="-122.930851"></trkpt><trkpt lat="47.818347" lon="-122.931162"></trkpt><trkpt lat="47.816116" lon="-122.930437"></trkpt><trkpt lat="47.815085" lon="-122.929380"></trkpt><trkpt lat="47.812019" lon="-122.927898"></trkpt><trkpt lat="47.810260" lon="-122.927819"></trkpt><trkpt lat="47.809502" lon="-122.928583"></trkpt><trkpt lat="47.808794" lon="-122.930759"></trkpt><trkpt lat="47.807553" lon="-122.930708"></trkpt><trkpt lat="47.805628" lon="-122.931242"></trkpt><trkpt lat="47.800974" lon="-122.931848"></trkpt><trkpt lat="47.793016" lon="-122.935617"></trkpt><trkpt lat="47.791150" lon="-122.937441"></trkpt><trkpt lat="47.788639" lon="-122.942698"></trkpt><trkpt lat="47.786579" lon="-122.948363"></trkpt><trkpt lat="47.783983" lon="-122.949736"></trkpt><trkpt lat="47.783489" lon="-122.952890"></trkpt><trkpt lat="47.784476" lon="-122.955959"></trkpt><trkpt lat="47.784412" lon="-122.956388"></trkpt><trkpt lat="47.784970" lon="-122.958040"></trkpt><trkpt lat="47.785205" lon="-122.958385"></trkpt><trkpt lat="47.784765" lon="-122.959817"></trkpt><trkpt lat="47.785630" lon="-122.965173"></trkpt><trkpt lat="47.787612" lon="-122.968962"></trkpt><trkpt lat="47.788646" lon="-122.975390"></trkpt><trkpt lat="47.792673" lon="-122.978230"></trkpt><trkpt lat="47.795333" lon="-122.977894"></trkpt><trkpt lat="47.797187" lon="-122.974179"></trkpt><trkpt lat="47.797148" lon="-122.972568"></trkpt><trkpt lat="47.800465" lon="-122.968144"></trkpt><trkpt lat="47.799731" lon="-122.976161"></trkpt><trkpt lat="47.802359" lon="-122.975576"></trkpt><trkpt lat="47.803060" lon="-122.974975"></trkpt><trkpt lat="47.804064" lon="-122.975301"></trkpt><trkpt lat="47.806748" lon="-122.973957"></trkpt><trkpt lat="47.808649" lon="-122.971259"></trkpt><trkpt lat="47.809001" lon="-122.963586"></trkpt><trkpt lat="47.809288" lon="-122.965199"></trkpt><trkpt lat="47.811788" lon="-122.968506"></trkpt><trkpt lat="47.814673" lon="-122.967328"></trkpt><trkpt lat="47.816062" lon="-122.964257"></trkpt><trkpt lat="47.817098" lon="-122.970196"></trkpt><trkpt lat="47.818452" lon="-122.972665"></trkpt><trkpt lat="47.823453" lon="-122.972232"></trkpt><trkpt lat="47.822215" lon="-122.974313"></trkpt><trkpt lat="47.821714" lon="-122.976460"></trkpt><trkpt lat="47.823069" lon="-122.978915"></trkpt><trkpt lat="47.826292" lon="-122.981421"></trkpt><trkpt lat="47.828471" lon="-122.981869"></trkpt><trkpt lat="47.830087" lon="-122.982833"></trkpt><trkpt lat="47.831385" lon="-122.982751"></trkpt><trkpt lat="47.835595" lon="-122.982207"></trkpt><trkpt lat="47.837044" lon="-122.980552"></trkpt><trkpt lat="47.840278" lon="-122.984355"></trkpt><trkpt lat="47.843526" lon="-122.984642"></trkpt><trkpt lat="47.845602" lon="-122.983280"></trkpt><trkpt lat="47.846759" lon="-122.984451"></trkpt><trkpt lat="47.850799" lon="-122.984741"></trkpt><trkpt lat="47.851314" lon="-122.985868"></trkpt><trkpt lat="47.853644" lon="-122.987226"></trkpt><trkpt lat="47.855428" lon="-122.989014"></trkpt><trkpt lat="47.855015" lon="-122.990972"></trkpt><trkpt lat="47.855372" lon="-122.993784"></trkpt><trkpt lat="47.856528" lon="-122.995071"></trkpt><trkpt lat="47.854588" lon="-123.000234"></trkpt><trkpt lat="47.854575" lon="-123.003107"></trkpt><trkpt lat="47.855152" lon="-123.004937"></trkpt><trkpt lat="47.856014" lon="-123.006400"></trkpt><trkpt lat="47.858402" lon="-123.008486"></trkpt><trkpt lat="47.859878" lon="-123.011006"></trkpt><trkpt lat="47.861168" lon="-123.010124"></trkpt><trkpt lat="47.861956" lon="-123.013553"></trkpt><trkpt lat="47.863229" lon="-123.015017"></trkpt><trkpt lat="47.864517" lon="-123.015621"></trkpt><trkpt lat="47.864832" lon="-123.019660"></trkpt><trkpt lat="47.862578" lon="-123.024121"></trkpt><trkpt lat="47.863589" lon="-123.022548"></trkpt><trkpt lat="47.864503" lon="-123.022604"></trkpt><trkpt lat="47.864982" lon="-123.021179"></trkpt><trkpt lat="47.866442" lon="-123.020890"></trkpt><trkpt lat="47.865738" lon="-123.018605"></trkpt><trkpt lat="47.865966" lon="-123.016736"></trkpt><trkpt lat="47.868076" lon="-123.013018"></trkpt><trkpt lat="47.868293" lon="-123.012748"></trkpt><trkpt lat="47.869743" lon="-123.013117"></trkpt><trkpt lat="47.870705" lon="-123.014978"></trkpt><trkpt lat="47.870312" lon="-123.017352"></trkpt><trkpt lat="47.872038" lon="-123.018983"></trkpt><trkpt lat="47.871882" lon="-123.021400"></trkpt><trkpt lat="47.872477" lon="-123.024121"></trkpt><trkpt lat="47.874675" lon="-123.025608"></trkpt><trkpt lat="47.875474" lon="-123.028793"></trkpt><trkpt lat="47.880333" lon="-123.030457"></trkpt><trkpt lat="47.881657" lon="-123.032183"></trkpt><trkpt lat="47.883575" lon="-123.037226"></trkpt><trkpt lat="47.885061" lon="-123.032908"></trkpt><trkpt lat="47.885212" lon="-123.030616"></trkpt><trkpt lat="47.886340" lon="-123.028940"></trkpt><trkpt lat="47.882145" lon="-123.023428"></trkpt><trkpt lat="47.880591" lon="-123.020587"></trkpt><trkpt lat="47.881244" lon="-123.014284"></trkpt><trkpt lat="47.879169" lon="-123.011491"></trkpt><trkpt lat="47.878997" lon="-123.008294"></trkpt><trkpt lat="47.879899" lon="-123.001943"></trkpt><trkpt lat="47.880598" lon="-122.997679"></trkpt><trkpt lat="47.885306" lon="-122.996566"></trkpt><trkpt lat="47.885356" lon="-122.995608"></trkpt><trkpt lat="47.887237" lon="-122.991514"></trkpt><trkpt lat="47.889340" lon="-122.992265"></trkpt><trkpt lat="47.891400" lon="-122.993703"></trkpt><trkpt lat="47.892280" lon="-122.994862"></trkpt><trkpt lat="47.893595" lon="-122.995893"></trkpt><trkpt lat="47.894705" lon="-122.996722"></trkpt><trkpt lat="47.895610" lon="-123.004348"></trkpt><trkpt lat="47.896370" lon="-123.005495"></trkpt><trkpt lat="47.900289" lon="-123.007442"></trkpt><trkpt lat="47.902345" lon="-123.007258"></trkpt><trkpt lat="47.903388" lon="-123.008873"></trkpt><trkpt lat="47.909857" lon="-123.015172"></trkpt><trkpt lat="47.911203" lon="-123.015975"></trkpt><trkpt lat="47.912699" lon="-123.015875"></trkpt><trkpt lat="47.914309" lon="-123.017113"></trkpt><trkpt lat="47.914969" lon="-123.019006"></trkpt><trkpt lat="47.917586" lon="-123.017453"></trkpt><trkpt lat="47.918360" lon="-123.018692"></trkpt><trkpt lat="47.918069" lon="-123.021045"></trkpt><trkpt lat="47.918764" lon="-123.022353"></trkpt><trkpt lat="47.921386" lon="-123.021502"></trkpt><trkpt lat="47.921381" lon="-123.023802"></trkpt><trkpt lat="47.922107" lon="-123.025968"></trkpt><trkpt lat="47.924266" lon="-123.025524"></trkpt><trkpt lat="47.924863" lon="-123.026747"></trkpt><trkpt lat="47.925903" lon="-123.027121"></trkpt><trkpt lat="47.925977" lon="-123.028753"></trkpt><trkpt lat="47.927348" lon="-123.030225"></trkpt><trkpt lat="47.928129" lon="-123.033243"></trkpt><trkpt lat="47.929823" lon="-123.035860"></trkpt><trkpt lat="47.933387" lon="-123.037379"></trkpt><trkpt lat="47.934429" lon="-123.040384"></trkpt><trkpt lat="47.937712" lon="-123.041642"></trkpt><trkpt lat="47.938937" lon="-123.046172"></trkpt><trkpt lat="47.941853" lon="-123.047445"></trkpt><trkpt lat="47.943588" lon="-123.051078"></trkpt><trkpt lat="47.942895" lon="-123.052802"></trkpt><trkpt lat="47.945567" lon="-123.058973"></trkpt><trkpt lat="47.949926" lon="-123.063459"></trkpt><trkpt lat="47.952077" lon="-123.064193"></trkpt><trkpt lat="47.951441" lon="-123.066138"></trkpt><trkpt lat="47.949296" lon="-123.069748"></trkpt><trkpt lat="47.948604" lon="-123.076022"></trkpt><trkpt lat="47.946654" lon="-123.078142"></trkpt><trkpt lat="47.947216" lon="-123.079726"></trkpt><trkpt lat="47.948155" lon="-123.079984"></trkpt><trkpt lat="47.950172" lon="-123.079491"></trkpt><trkpt lat="47.952232" lon="-123.077924"></trkpt><trkpt lat="47.954035" lon="-123.079040"></trkpt><trkpt lat="47.954850" lon="-123.081980"></trkpt><trkpt lat="47.958219" lon="-123.090563"></trkpt><trkpt lat="47.960043" lon="-123.091872"></trkpt><trkpt lat="47.961202" lon="-123.091486"></trkpt><trkpt lat="47.962468" lon="-123.093739"></trkpt><trkpt lat="47.966073" lon="-123.095262"></trkpt><trkpt lat="47.967660" lon="-123.097558"></trkpt><trkpt lat="47.971737" lon="-123.100262"></trkpt><trkpt lat="47.976158" lon="-123.101463"></trkpt><trkpt lat="47.978539" lon="-123.101313"></trkpt><trkpt lat="47.980750" lon="-123.100369"></trkpt><trkpt lat="47.981737" lon="-123.099060"></trkpt><trkpt lat="47.982037" lon="-123.099639"></trkpt><trkpt lat="47.979054" lon="-123.108265"></trkpt><trkpt lat="47.975535" lon="-123.111420"></trkpt><trkpt lat="47.973111" lon="-123.110669"></trkpt><trkpt lat="47.970707" lon="-123.112171"></trkpt><trkpt lat="47.968798" lon="-123.111892"></trkpt><trkpt lat="47.964828" lon="-123.109918"></trkpt><trkpt lat="47.962940" lon="-123.109746"></trkpt><trkpt lat="47.962897" lon="-123.112922"></trkpt><trkpt lat="47.963820" lon="-123.112278"></trkpt><trkpt lat="47.964399" lon="-123.114853"></trkpt><trkpt lat="47.968390" lon="-123.116183"></trkpt><trkpt lat="47.967424" lon="-123.120260"></trkpt><trkpt lat="47.965150" lon="-123.119595"></trkpt><trkpt lat="47.965579" lon="-123.122814"></trkpt><trkpt lat="47.967789" lon="-123.126633"></trkpt><trkpt lat="47.969549" lon="-123.124766"></trkpt><trkpt lat="47.970965" lon="-123.126440"></trkpt><trkpt lat="47.972617" lon="-123.126354"></trkpt><trkpt lat="47.974398" lon="-123.125110"></trkpt><trkpt lat="47.976608" lon="-123.124444"></trkpt><trkpt lat="47.978561" lon="-123.122985"></trkpt><trkpt lat="47.980771" lon="-123.123779"></trkpt><trkpt lat="47.981565" lon="-123.126912"></trkpt><trkpt lat="47.981157" lon="-123.130732"></trkpt><trkpt lat="47.981071" lon="-123.134100"></trkpt><trkpt lat="47.982439" lon="-123.138653"></trkpt><trkpt lat="47.981036" lon="-123.140872"></trkpt><trkpt lat="47.980303" lon="-123.144106"></trkpt><trkpt lat="47.978967" lon="-123.146170"></trkpt><trkpt lat="47.978707" lon="-123.148705"></trkpt><trkpt lat="47.980923" lon="-123.152644"></trkpt><trkpt lat="47.982334" lon="-123.153987"></trkpt><trkpt lat="47.984699" lon="-123.155053"></trkpt><trkpt lat="47.987247" lon="-123.155116"></trkpt><trkpt lat="47.987211" lon="-123.157250"></trkpt><trkpt lat="47.991620" lon="-123.160960"></trkpt><trkpt lat="47.992002" lon="-123.162483"></trkpt><trkpt lat="47.993145" lon="-123.163852"></trkpt><trkpt lat="47.994543" lon="-123.167696"></trkpt><trkpt lat="47.994219" lon="-123.168355"></trkpt><trkpt lat="47.995029" lon="-123.170155"></trkpt><trkpt lat="47.994653" lon="-123.173403"></trkpt><trkpt lat="47.995867" lon="-123.172344"></trkpt><trkpt lat="47.998845" lon="-123.175626"></trkpt><trkpt lat="48.000551" lon="-123.175273"></trkpt><trkpt lat="48.005190" lon="-123.176351"></trkpt><trkpt lat="48.006349" lon="-123.173690"></trkpt><trkpt lat="48.010211" lon="-123.171716"></trkpt><trkpt lat="48.014739" lon="-123.167832"></trkpt><trkpt lat="48.017035" lon="-123.168046"></trkpt><trkpt lat="48.028278" lon="-123.163476"></trkpt><trkpt lat="48.032763" lon="-123.165514"></trkpt><trkpt lat="48.034801" lon="-123.164506"></trkpt><trkpt lat="48.036861" lon="-123.164034"></trkpt><trkpt lat="48.038857" lon="-123.164957"></trkpt><trkpt lat="48.039951" lon="-123.163004"></trkpt><trkpt lat="48.039179" lon="-123.156588"></trkpt><trkpt lat="48.077223" lon="-123.156846"></trkpt></trkseg></trk><trk><name>T009 PN935B6</name><trkseg><trkpt lat="47.332112" lon="-123.882521"></trkpt><trkpt lat="47.331615" lon="-123.881373"></trkpt><trkpt lat="47.331345" lon="-123.880747"></trkpt><trkpt lat="47.331309" lon="-123.880674"></trkpt><trkpt lat="47.330825" lon="-123.879844"></trkpt><trkpt lat="47.330388" lon="-123.879087"></trkpt><trkpt lat="47.330390" lon="-123.877629"></trkpt><trkpt lat="47.330217" lon="-123.877545"></trkpt><trkpt lat="47.329701" lon="-123.878224"></trkpt><trkpt lat="47.328959" lon="-123.878175"></trkpt><trkpt lat="47.328672" lon="-123.878148"></trkpt><trkpt lat="47.328018" lon="-123.878277"></trkpt><trkpt lat="47.327816" lon="-123.878316"></trkpt><trkpt lat="47.327152" lon="-123.878672"></trkpt><trkpt lat="47.326702" lon="-123.878918"></trkpt><trkpt lat="47.326615" lon="-123.878661"></trkpt><trkpt lat="47.327122" lon="-123.877898"></trkpt><trkpt lat="47.327580" lon="-123.876466"></trkpt><trkpt lat="47.327639" lon="-123.876268"></trkpt><trkpt lat="47.327992" lon="-123.875733"></trkpt><trkpt lat="47.328323" lon="-123.875488"></trkpt><trkpt lat="47.328328" lon="-123.875065"></trkpt><trkpt lat="47.328155" lon="-123.874622"></trkpt><trkpt lat="47.328213" lon="-123.873858"></trkpt><trkpt lat="47.328245" lon="-123.873421"></trkpt><trkpt lat="47.328498" lon="-123.872827"></trkpt><trkpt lat="47.328502" lon="-123.872132"></trkpt><trkpt lat="47.328161" lon="-123.871191"></trkpt><trkpt lat="47.328497" lon="-123.870767"></trkpt><trkpt lat="47.328675" lon="-123.870162"></trkpt><trkpt lat="47.328929" lon="-123.869821"></trkpt><trkpt lat="47.328931" lon="-123.869308"></trkpt><trkpt lat="47.329441" lon="-123.869307"></trkpt><trkpt lat="47.329681" lon="-123.869145"></trkpt><trkpt lat="47.329872" lon="-123.868193"></trkpt><trkpt lat="47.329957" lon="-123.867356"></trkpt><trkpt lat="47.329605" lon="-123.866534"></trkpt><trkpt lat="47.329355" lon="-123.865338"></trkpt><trkpt lat="47.329360" lon="-123.864158"></trkpt><trkpt lat="47.329010" lon="-123.863283"></trkpt><trkpt lat="47.328929" lon="-123.862430"></trkpt><trkpt lat="47.328585" lon="-123.862007"></trkpt><trkpt lat="47.328175" lon="-123.862094"></trkpt><trkpt lat="47.327801" lon="-123.861829"></trkpt><trkpt lat="47.327473" lon="-123.860828"></trkpt><trkpt lat="47.327212" lon="-123.860635"></trkpt><trkpt lat="47.327042" lon="-123.859597"></trkpt><trkpt lat="47.327472" lon="-123.857028"></trkpt><trkpt lat="47.327982" lon="-123.856339"></trkpt><trkpt lat="47.327905" lon="-123.855664"></trkpt><trkpt lat="47.327292" lon="-123.855486"></trkpt><trkpt lat="47.326784" lon="-123.855493"></trkpt><trkpt lat="47.326435" lon="-123.854685"></trkpt><trkpt lat="47.326267" lon="-123.853377"></trkpt><trkpt lat="47.325671" lon="-123.852741"></trkpt><trkpt lat="47.324756" lon="-123.852646"></trkpt><trkpt lat="47.323462" lon="-123.853711"></trkpt><trkpt lat="47.321105" lon="-123.855754"></trkpt><trkpt lat="47.318219" lon="-123.856699"></trkpt><trkpt lat="47.317256" lon="-123.857122"></trkpt><trkpt lat="47.316596" lon="-123.857864"></trkpt><trkpt lat="47.315585" lon="-123.859351"></trkpt><trkpt lat="47.314965" lon="-123.860141"></trkpt><trkpt lat="47.314454" lon="-123.860778"></trkpt><trkpt lat="47.313598" lon="-123.861471"></trkpt><trkpt lat="47.312870" lon="-123.861577"></trkpt><trkpt lat="47.312270" lon="-123.861311"></trkpt><trkpt lat="47.311110" lon="-123.859494"></trkpt><trkpt lat="47.310898" lon="-123.859163"></trkpt><trkpt lat="47.309836" lon="-123.858297"></trkpt><trkpt lat="47.307900" lon="-123.857022"></trkpt><trkpt lat="47.307146" lon="-123.856530"></trkpt><trkpt lat="47.306687" lon="-123.856079"></trkpt><trkpt lat="47.305077" lon="-123.854388"></trkpt><trkpt lat="47.304898" lon="-123.853162"></trkpt><trkpt lat="47.304539" lon="-123.852994"></trkpt><trkpt lat="47.304068" lon="-123.852914"></trkpt><trkpt lat="47.303621" lon="-123.853083"></trkpt><trkpt lat="47.303010" lon="-123.852567"></trkpt><trkpt lat="47.302347" lon="-123.852324"></trkpt><trkpt lat="47.301568" lon="-123.852314"></trkpt><trkpt lat="47.300954" lon="-123.852546"></trkpt><trkpt lat="47.300684" lon="-123.852655"></trkpt><trkpt lat="47.298708" lon="-123.853951"></trkpt><trkpt lat="47.297842" lon="-123.854210"></trkpt><trkpt lat="47.295975" lon="-123.854285"></trkpt><trkpt lat="47.293993" lon="-123.853765"></trkpt><trkpt lat="47.292628" lon="-123.852995"></trkpt><trkpt lat="47.294342" lon="-123.851308"></trkpt><trkpt lat="47.295274" lon="-123.850230"></trkpt><trkpt lat="47.296268" lon="-123.848120"></trkpt><trkpt lat="47.296599" lon="-123.846790"></trkpt><trkpt lat="47.296650" lon="-123.845537"></trkpt><trkpt lat="47.295417" lon="-123.840207"></trkpt><trkpt lat="47.295375" lon="-123.839529"></trkpt><trkpt lat="47.295556" lon="-123.838892"></trkpt><trkpt lat="47.295781" lon="-123.838357"></trkpt><trkpt lat="47.296007" lon="-123.838023"></trkpt><trkpt lat="47.296222" lon="-123.837728"></trkpt><trkpt lat="47.296644" lon="-123.837506"></trkpt><trkpt lat="47.296746" lon="-123.837459"></trkpt><trkpt lat="47.297766" lon="-123.837461"></trkpt><trkpt lat="47.298564" lon="-123.837398"></trkpt><trkpt lat="47.299557" lon="-123.837308"></trkpt><trkpt lat="47.300699" lon="-123.837200"></trkpt><trkpt lat="47.301214" lon="-123.836944"></trkpt><trkpt lat="47.301776" lon="-123.836454"></trkpt><trkpt lat="47.302348" lon="-123.835701"></trkpt><trkpt lat="47.302835" lon="-123.834970"></trkpt><trkpt lat="47.303191" lon="-123.834270"></trkpt><trkpt lat="47.303634" lon="-123.833696"></trkpt><trkpt lat="47.303779" lon="-123.833517"></trkpt><trkpt lat="47.304344" lon="-123.832953"></trkpt><trkpt lat="47.304498" lon="-123.832803"></trkpt><trkpt lat="47.304977" lon="-123.832482"></trkpt><trkpt lat="47.305617" lon="-123.832242"></trkpt><trkpt lat="47.306526" lon="-123.831896"></trkpt><trkpt lat="47.307386" lon="-123.831559"></trkpt><trkpt lat="47.308468" lon="-123.831134"></trkpt><trkpt lat="47.309342" lon="-123.830791"></trkpt><trkpt lat="47.309622" lon="-123.830676"></trkpt><trkpt lat="47.310115" lon="-123.830284"></trkpt><trkpt lat="47.310470" lon="-123.830001"></trkpt><trkpt lat="47.310753" lon="-123.829640"></trkpt><trkpt lat="47.311088" lon="-123.829206"></trkpt><trkpt lat="47.311378" lon="-123.828699"></trkpt><trkpt lat="47.311740" lon="-123.828062"></trkpt><trkpt lat="47.312086" lon="-123.827469"></trkpt><trkpt lat="47.312649" lon="-123.826481"></trkpt><trkpt lat="47.312722" lon="-123.826366"></trkpt><trkpt lat="47.313290" lon="-123.825637"></trkpt><trkpt lat="47.313349" lon="-123.825580"></trkpt><trkpt lat="47.313923" lon="-123.825130"></trkpt><trkpt lat="47.314828" lon="-123.824416"></trkpt><trkpt lat="47.314957" lon="-123.824309"></trkpt><trkpt lat="47.315699" lon="-123.823520"></trkpt><trkpt lat="47.316227" lon="-123.822961"></trkpt><trkpt lat="47.316602" lon="-123.822605"></trkpt><trkpt lat="47.317414" lon="-123.821840"></trkpt><trkpt lat="47.317608" lon="-123.821658"></trkpt><trkpt lat="47.318071" lon="-123.821374"></trkpt><trkpt lat="47.318861" lon="-123.820879"></trkpt><trkpt lat="47.319036" lon="-123.820768"></trkpt><trkpt lat="47.320067" lon="-123.820127"></trkpt><trkpt lat="47.320799" lon="-123.819648"></trkpt><trkpt lat="47.321245" lon="-123.819337"></trkpt><trkpt lat="47.321983" lon="-123.818833"></trkpt><trkpt lat="47.322184" lon="-123.818699"></trkpt><trkpt lat="47.322738" lon="-123.818319"></trkpt><trkpt lat="47.323157" lon="-123.818032"></trkpt><trkpt lat="47.323641" lon="-123.817702"></trkpt><trkpt lat="47.324133" lon="-123.817367"></trkpt><trkpt lat="47.324828" lon="-123.816893"></trkpt><trkpt lat="47.325077" lon="-123.816721"></trkpt><trkpt lat="47.325725" lon="-123.816283"></trkpt><trkpt lat="47.325797" lon="-123.816222"></trkpt><trkpt lat="47.326049" lon="-123.815992"></trkpt><trkpt lat="47.326784" lon="-123.815320"></trkpt><trkpt lat="47.327234" lon="-123.814277"></trkpt><trkpt lat="47.327559" lon="-123.813418"></trkpt><trkpt lat="47.327623" lon="-123.812442"></trkpt><trkpt lat="47.327643" lon="-123.812114"></trkpt><trkpt lat="47.327581" lon="-123.810957"></trkpt><trkpt lat="47.327556" lon="-123.810502"></trkpt><trkpt lat="47.327643" lon="-123.809305"></trkpt><trkpt lat="47.327726" lon="-123.808880"></trkpt><trkpt lat="47.328040" lon="-123.808492"></trkpt><trkpt lat="47.329054" lon="-123.807749"></trkpt><trkpt lat="47.329272" lon="-123.807592"></trkpt><trkpt lat="47.329361" lon="-123.806894"></trkpt><trkpt lat="47.329447" lon="-123.805622"></trkpt></trkseg></trk><trk><name>T010 PN935B6</name><trkseg><trkpt lat="47.387155" lon="-123.801073"></trkpt><trkpt lat="47.387009" lon="-123.799897"></trkpt><trkpt lat="47.389718" lon="-123.798233"></trkpt><trkpt lat="47.389603" lon="-123.797825"></trkpt><trkpt lat="47.384304" lon="-123.796730"></trkpt><trkpt lat="47.382951" lon="-123.797190"></trkpt><trkpt lat="47.382025" lon="-123.797749"></trkpt><trkpt lat="47.380702" lon="-123.797821"></trkpt><trkpt lat="47.379259" lon="-123.796622"></trkpt><trkpt lat="47.379328" lon="-123.794568"></trkpt><trkpt lat="47.378025" lon="-123.794377"></trkpt><trkpt lat="47.377741" lon="-123.794449"></trkpt><trkpt lat="47.376459" lon="-123.795871"></trkpt><trkpt lat="47.375956" lon="-123.795810"></trkpt><trkpt lat="47.375184" lon="-123.794762"></trkpt><trkpt lat="47.374752" lon="-123.791200"></trkpt><trkpt lat="47.373911" lon="-123.789867"></trkpt><trkpt lat="47.372196" lon="-123.787218"></trkpt><trkpt lat="47.372585" lon="-123.784650"></trkpt><trkpt lat="47.372585" lon="-123.784227"></trkpt><trkpt lat="47.372111" lon="-123.783648"></trkpt><trkpt lat="47.368579" lon="-123.783507"></trkpt><trkpt lat="47.369271" lon="-123.778736"></trkpt><trkpt lat="47.370222" lon="-123.776319"></trkpt><trkpt lat="47.379399" lon="-123.771163"></trkpt><trkpt lat="47.380514" lon="-123.770704"></trkpt><trkpt lat="47.381329" lon="-123.771365"></trkpt><trkpt lat="47.383645" lon="-123.770650"></trkpt><trkpt lat="47.385219" lon="-123.768890"></trkpt><trkpt lat="47.387145" lon="-123.768890"></trkpt><trkpt lat="47.388256" lon="-123.767276"></trkpt><trkpt lat="47.392018" lon="-123.767226"></trkpt><trkpt lat="47.393561" lon="-123.765893"></trkpt><trkpt lat="47.395313" lon="-123.764584"></trkpt><trkpt lat="47.399311" lon="-123.765356"></trkpt><trkpt lat="47.401000" lon="-123.764478"></trkpt><trkpt lat="47.403190" lon="-123.763910"></trkpt><trkpt lat="47.404107" lon="-123.762540"></trkpt><trkpt lat="47.406263" lon="-123.761712"></trkpt><trkpt lat="47.409081" lon="-123.758483"></trkpt><trkpt lat="47.411217" lon="-123.757766"></trkpt><trkpt lat="47.411442" lon="-123.755159"></trkpt><trkpt lat="47.414653" lon="-123.750492"></trkpt><trkpt lat="47.416440" lon="-123.747702"></trkpt><trkpt lat="47.418279" lon="-123.747326"></trkpt><trkpt lat="47.418411" lon="-123.747056"></trkpt><trkpt lat="47.418558" lon="-123.746838"></trkpt><trkpt lat="47.418885" lon="-123.746783"></trkpt><trkpt lat="47.419141" lon="-123.746730"></trkpt><trkpt lat="47.419322" lon="-123.746530"></trkpt><trkpt lat="47.419411" lon="-123.746258"></trkpt><trkpt lat="47.419499" lon="-123.745936"></trkpt><trkpt lat="47.419631" lon="-123.745633"></trkpt><trkpt lat="47.419810" lon="-123.745394"></trkpt><trkpt lat="47.419961" lon="-123.745118"></trkpt><trkpt lat="47.420126" lon="-123.744918"></trkpt><trkpt lat="47.420262" lon="-123.744663"></trkpt><trkpt lat="47.420381" lon="-123.744389"></trkpt><trkpt lat="47.420511" lon="-123.744120"></trkpt><trkpt lat="47.420676" lon="-123.743938"></trkpt><trkpt lat="47.420837" lon="-123.743688"></trkpt><trkpt lat="47.420927" lon="-123.743435"></trkpt><trkpt lat="47.420882" lon="-123.743080"></trkpt><trkpt lat="47.420882" lon="-123.742682"></trkpt><trkpt lat="47.420912" lon="-123.742305"></trkpt><trkpt lat="47.421093" lon="-123.742048"></trkpt><trkpt lat="47.421304" lon="-123.741792"></trkpt><trkpt lat="47.421349" lon="-123.741448"></trkpt><trkpt lat="47.421304" lon="-123.741080"></trkpt><trkpt lat="47.421228" lon="-123.740749"></trkpt><trkpt lat="47.421228" lon="-123.740344"></trkpt><trkpt lat="47.421409" lon="-123.739903"></trkpt><trkpt lat="47.421590" lon="-123.739591"></trkpt><trkpt lat="47.421680" lon="-123.739333"></trkpt><trkpt lat="47.421859" lon="-123.739080"></trkpt><trkpt lat="47.422085" lon="-123.738860"></trkpt><trkpt lat="47.422280" lon="-123.738713"></trkpt><trkpt lat="47.422490" lon="-123.738805"></trkpt><trkpt lat="47.422580" lon="-123.739117"></trkpt><trkpt lat="47.422744" lon="-123.739356"></trkpt><trkpt lat="47.422878" lon="-123.739701"></trkpt><trkpt lat="47.422983" lon="-123.739995"></trkpt><trkpt lat="47.423104" lon="-123.740234"></trkpt><trkpt lat="47.423343" lon="-123.740326"></trkpt><trkpt lat="47.423520" lon="-123.740057"></trkpt><trkpt lat="47.423700" lon="-123.739800"></trkpt><trkpt lat="47.423957" lon="-123.739634"></trkpt><trkpt lat="47.424258" lon="-123.739524"></trkpt><trkpt lat="47.424574" lon="-123.739413"></trkpt><trkpt lat="47.424857" lon="-123.739321"></trkpt><trkpt lat="47.425075" lon="-123.739535"></trkpt><trkpt lat="47.425316" lon="-123.739662"></trkpt><trkpt lat="47.425569" lon="-123.739717"></trkpt><trkpt lat="47.425853" lon="-123.739717"></trkpt><trkpt lat="47.426019" lon="-123.739480"></trkpt><trkpt lat="47.426303" lon="-123.739480"></trkpt><trkpt lat="47.426570" lon="-123.739427"></trkpt><trkpt lat="47.426734" lon="-123.739174"></trkpt><trkpt lat="47.426900" lon="-123.738901"></trkpt><trkpt lat="47.427156" lon="-123.738680"></trkpt><trkpt lat="47.427335" lon="-123.738515"></trkpt><trkpt lat="47.427606" lon="-123.738294"></trkpt><trkpt lat="47.427847" lon="-123.738110"></trkpt><trkpt lat="47.428073" lon="-123.737890"></trkpt><trkpt lat="47.428223" lon="-123.737653"></trkpt><trkpt lat="47.428314" lon="-123.737292"></trkpt><trkpt lat="47.428525" lon="-123.736961"></trkpt><trkpt lat="47.428735" lon="-123.736703"></trkpt><trkpt lat="47.428961" lon="-123.736483"></trkpt><trkpt lat="47.429127" lon="-123.736207"></trkpt><trkpt lat="47.429293" lon="-123.736005"></trkpt><trkpt lat="47.429458" lon="-123.735747"></trkpt><trkpt lat="47.429622" lon="-123.735529"></trkpt><trkpt lat="47.429756" lon="-123.735258"></trkpt><trkpt lat="47.429890" lon="-123.734894"></trkpt><trkpt lat="47.429965" lon="-123.734655"></trkpt><trkpt lat="47.430562" lon="-123.728384"></trkpt><trkpt lat="47.429409" lon="-123.725639"></trkpt><trkpt lat="47.428082" lon="-123.725300"></trkpt><trkpt lat="47.427991" lon="-123.725134"></trkpt><trkpt lat="47.427862" lon="-123.724976"></trkpt><trkpt lat="47.427771" lon="-123.724819"></trkpt><trkpt lat="47.427695" lon="-123.724709"></trkpt><trkpt lat="47.427574" lon="-123.724635"></trkpt><trkpt lat="47.427437" lon="-123.724560"></trkpt><trkpt lat="47.427315" lon="-123.724505"></trkpt><trkpt lat="47.427224" lon="-123.724421"></trkpt><trkpt lat="47.427095" lon="-123.724375"></trkpt><trkpt lat="47.426973" lon="-123.724319"></trkpt><trkpt lat="47.426844" lon="-123.724263"></trkpt><trkpt lat="47.426699" lon="-123.724217"></trkpt><trkpt lat="47.426577" lon="-123.724161"></trkpt><trkpt lat="47.426434" lon="-123.724115"></trkpt><trkpt lat="47.426298" lon="-123.724060"></trkpt><trkpt lat="47.426138" lon="-123.724004"></trkpt><trkpt lat="47.426010" lon="-123.723949"></trkpt><trkpt lat="47.425857" lon="-123.723949"></trkpt><trkpt lat="47.425729" lon="-123.723976"></trkpt><trkpt lat="47.425630" lon="-123.724060"></trkpt><trkpt lat="47.425494" lon="-123.724113"></trkpt><trkpt lat="47.425365" lon="-123.724141"></trkpt><trkpt lat="47.425220" lon="-123.724169"></trkpt><trkpt lat="47.425117" lon="-123.724243"></trkpt><trkpt lat="47.424969" lon="-123.724243"></trkpt><trkpt lat="47.424838" lon="-123.724243"></trkpt><trkpt lat="47.424801" lon="-123.724243"></trkpt><trkpt lat="47.422563" lon="-123.721238"></trkpt><trkpt lat="47.422106" lon="-123.720255"></trkpt><trkpt lat="47.421068" lon="-123.719942"></trkpt><trkpt lat="47.421063" lon="-123.719019"></trkpt><trkpt lat="47.420773" lon="-123.718203"></trkpt><trkpt lat="47.419968" lon="-123.717538"></trkpt><trkpt lat="47.419306" lon="-123.717238"></trkpt><trkpt lat="47.418523" lon="-123.716264"></trkpt><trkpt lat="47.417127" lon="-123.716693"></trkpt><trkpt lat="47.416888" lon="-123.715286"></trkpt><trkpt lat="47.416276" lon="-123.714666"></trkpt><trkpt lat="47.414316" lon="-123.714028"></trkpt><trkpt lat="47.413336" lon="-123.713523"></trkpt><trkpt lat="47.410795" lon="-123.711861"></trkpt><trkpt lat="47.410825" lon="-123.711861"></trkpt><trkpt lat="47.409973" lon="-123.712143"></trkpt><trkpt lat="47.409380" lon="-123.710997"></trkpt><trkpt lat="47.408692" lon="-123.710589"></trkpt><trkpt lat="47.408549" lon="-123.710562"></trkpt><trkpt lat="47.408412" lon="-123.710562"></trkpt><trkpt lat="47.408245" lon="-123.710515"></trkpt><trkpt lat="47.408108" lon="-123.710487"></trkpt><trkpt lat="47.407986" lon="-123.710432"></trkpt><trkpt lat="47.407879" lon="-123.710376"></trkpt><trkpt lat="47.407812" lon="-123.710247"></trkpt><trkpt lat="47.407812" lon="-123.710046"></trkpt><trkpt lat="47.407812" lon="-123.709830"></trkpt><trkpt lat="47.407789" lon="-123.709644"></trkpt><trkpt lat="47.407744" lon="-123.709486"></trkpt><trkpt lat="47.407690" lon="-123.709319"></trkpt><trkpt lat="47.407645" lon="-123.709194"></trkpt><trkpt lat="47.407264" lon="-123.708343"></trkpt><trkpt lat="47.406574" lon="-123.708048"></trkpt><trkpt lat="47.405822" lon="-123.707390"></trkpt><trkpt lat="47.405155" lon="-123.707232"></trkpt><trkpt lat="47.404697" lon="-123.707627"></trkpt><trkpt lat="47.403022" lon="-123.707887"></trkpt><trkpt lat="47.399530" lon="-123.708231"></trkpt><trkpt lat="47.399425" lon="-123.708361"></trkpt><trkpt lat="47.399371" lon="-123.708510"></trkpt><trkpt lat="47.399333" lon="-123.708696"></trkpt><trkpt lat="47.399288" lon="-123.708891"></trkpt><trkpt lat="47.399227" lon="-123.709067"></trkpt><trkpt lat="47.399174" lon="-123.709216"></trkpt><trkpt lat="47.399082" lon="-123.709364"></trkpt><trkpt lat="47.399006" lon="-123.709485"></trkpt><trkpt lat="47.398877" lon="-123.709559"></trkpt><trkpt lat="47.398755" lon="-123.709661"></trkpt><trkpt lat="47.398627" lon="-123.709689"></trkpt><trkpt lat="47.398514" lon="-123.709762"></trkpt><trkpt lat="47.398407" lon="-123.709846"></trkpt><trkpt lat="47.398324" lon="-123.709939"></trkpt><trkpt lat="47.398218" lon="-123.710021"></trkpt><trkpt lat="47.398151" lon="-123.710157"></trkpt><trkpt lat="47.398113" lon="-123.710331"></trkpt><trkpt lat="47.398113" lon="-123.710546"></trkpt><trkpt lat="47.398179" lon="-123.710682"></trkpt><trkpt lat="47.398270" lon="-123.710784"></trkpt><trkpt lat="47.398346" lon="-123.710933"></trkpt><trkpt lat="47.398406" lon="-123.711070"></trkpt><trkpt lat="47.398452" lon="-123.711228"></trkpt><trkpt lat="47.398498" lon="-123.711414"></trkpt><trkpt lat="47.398566" lon="-123.711571"></trkpt><trkpt lat="47.398627" lon="-123.711720"></trkpt><trkpt lat="47.398695" lon="-123.711850"></trkpt><trkpt lat="47.398764" lon="-123.711980"></trkpt><trkpt lat="47.398832" lon="-123.712166"></trkpt><trkpt lat="47.398916" lon="-123.712324"></trkpt><trkpt lat="47.398985" lon="-123.712471"></trkpt><trkpt lat="47.399022" lon="-123.712657"></trkpt><trkpt lat="47.399068" lon="-123.712842"></trkpt><trkpt lat="47.399068" lon="-123.713044"></trkpt><trkpt lat="47.399046" lon="-123.713218"></trkpt><trkpt lat="47.399023" lon="-123.713218"></trkpt><trkpt lat="47.397785" lon="-123.715704"></trkpt><trkpt lat="47.396656" lon="-123.716451"></trkpt><trkpt lat="47.395246" lon="-123.717842"></trkpt><trkpt lat="47.394700" lon="-123.718620"></trkpt><trkpt lat="47.390219" lon="-123.723219"></trkpt><trkpt lat="47.388312" lon="-123.726735"></trkpt><trkpt lat="47.387166" lon="-123.725788"></trkpt><trkpt lat="47.379730" lon="-123.727615"></trkpt><trkpt lat="47.377802" lon="-123.728516"></trkpt><trkpt lat="47.375841" lon="-123.729239"></trkpt><trkpt lat="47.375682" lon="-123.729792"></trkpt><trkpt lat="47.374789" lon="-123.730107"></trkpt><trkpt lat="47.373984" lon="-123.730738"></trkpt><trkpt lat="47.371075" lon="-123.729866"></trkpt><trkpt lat="47.370534" lon="-123.728388"></trkpt><trkpt lat="47.369666" lon="-123.729257"></trkpt><trkpt lat="47.368632" lon="-123.728270"></trkpt><trkpt lat="47.365650" lon="-123.726441"></trkpt><trkpt lat="47.361153" lon="-123.724112"></trkpt><trkpt lat="47.360680" lon="-123.723560"></trkpt><trkpt lat="47.358499" lon="-123.722816"></trkpt><trkpt lat="47.357146" lon="-123.722835"></trkpt><trkpt lat="47.356578" lon="-123.722601"></trkpt><trkpt lat="47.355751" lon="-123.721730"></trkpt><trkpt lat="47.354930" lon="-123.721117"></trkpt><trkpt lat="47.354244" lon="-123.721007"></trkpt><trkpt lat="47.353080" lon="-123.721634"></trkpt><trkpt lat="47.351120" lon="-123.723286"></trkpt><trkpt lat="47.350286" lon="-123.723305"></trkpt><trkpt lat="47.349205" lon="-123.723062"></trkpt><trkpt lat="47.348119" lon="-123.723049"></trkpt><trkpt lat="47.347348" lon="-123.723402"></trkpt><trkpt lat="47.346022" lon="-123.723547"></trkpt><trkpt lat="47.345395" lon="-123.723730"></trkpt><trkpt lat="47.344982" lon="-123.723610"></trkpt><trkpt lat="47.344410" lon="-123.723141"></trkpt><trkpt lat="47.343740" lon="-123.723537"></trkpt><trkpt lat="47.343149" lon="-123.724519"></trkpt><trkpt lat="47.341933" lon="-123.724263"></trkpt><trkpt lat="47.341107" lon="-123.723475"></trkpt><trkpt lat="47.340332" lon="-123.723547"></trkpt><trkpt lat="47.339476" lon="-123.722702"></trkpt><trkpt lat="47.338155" lon="-123.722784"></trkpt><trkpt lat="47.337482" lon="-123.722068"></trkpt><trkpt lat="47.337510" lon="-123.720704"></trkpt><trkpt lat="47.337100" lon="-123.720227"></trkpt><trkpt lat="47.336702" lon="-123.720198"></trkpt><trkpt lat="47.336052" lon="-123.721240"></trkpt><trkpt lat="47.334011" lon="-123.722270"></trkpt><trkpt lat="47.333954" lon="-123.722339"></trkpt><trkpt lat="47.333906" lon="-123.722444"></trkpt><trkpt lat="47.333864" lon="-123.722541"></trkpt><trkpt lat="47.333835" lon="-123.722622"></trkpt><trkpt lat="47.333835" lon="-123.722754"></trkpt><trkpt lat="47.333835" lon="-123.722884"></trkpt><trkpt lat="47.333835" lon="-123.723006"></trkpt><trkpt lat="47.333845" lon="-123.723127"></trkpt><trkpt lat="47.333878" lon="-123.723219"></trkpt><trkpt lat="47.334596" lon="-123.724266"></trkpt><trkpt lat="47.334747" lon="-123.725340"></trkpt><trkpt lat="47.334378" lon="-123.726636"></trkpt><trkpt lat="47.333221" lon="-123.727696"></trkpt><trkpt lat="47.332178" lon="-123.727875"></trkpt><trkpt lat="47.330884" lon="-123.727701"></trkpt><trkpt lat="47.329093" lon="-123.728448"></trkpt></trkseg></trk><trk><name>T011 PN935B6</name><trkseg><trkpt lat="47.693468" lon="-122.898018"></trkpt><trkpt lat="47.693594" lon="-122.902730"></trkpt><trkpt lat="47.693637" lon="-122.902730"></trkpt><trkpt lat="47.693728" lon="-122.902730"></trkpt><trkpt lat="47.693842" lon="-122.902713"></trkpt><trkpt lat="47.693942" lon="-122.902695"></trkpt><trkpt lat="47.694027" lon="-122.902695"></trkpt><trkpt lat="47.694113" lon="-122.902695"></trkpt><trkpt lat="47.694198" lon="-122.902678"></trkpt><trkpt lat="47.694284" lon="-122.902678"></trkpt><trkpt lat="47.694384" lon="-122.902643"></trkpt><trkpt lat="47.694469" lon="-122.902643"></trkpt><trkpt lat="47.694564" lon="-122.902655"></trkpt><trkpt lat="47.694692" lon="-122.902655"></trkpt><trkpt lat="47.694835" lon="-122.902672"></trkpt><trkpt lat="47.694935" lon="-122.902672"></trkpt><trkpt lat="47.695020" lon="-122.902672"></trkpt><trkpt lat="47.695148" lon="-122.902672"></trkpt><trkpt lat="47.695277" lon="-122.902672"></trkpt><trkpt lat="47.695391" lon="-122.902672"></trkpt><trkpt lat="47.695491" lon="-122.902672"></trkpt><trkpt lat="47.695591" lon="-122.902672"></trkpt><trkpt lat="47.695676" lon="-122.902672"></trkpt><trkpt lat="47.695771" lon="-122.902672"></trkpt><trkpt lat="47.695857" lon="-122.902672"></trkpt><trkpt lat="47.695942" lon="-122.902672"></trkpt><trkpt lat="47.696056" lon="-122.902672"></trkpt><trkpt lat="47.696142" lon="-122.902672"></trkpt><trkpt lat="47.696227" lon="-122.902689"></trkpt><trkpt lat="47.696327" lon="-122.902689"></trkpt><trkpt lat="47.696422" lon="-122.902689"></trkpt><trkpt lat="47.696517" lon="-122.902689"></trkpt><trkpt lat="47.696617" lon="-122.902689"></trkpt><trkpt lat="47.696736" lon="-122.902689"></trkpt><trkpt lat="47.696836" lon="-122.902707"></trkpt><trkpt lat="47.696935" lon="-122.902707"></trkpt><trkpt lat="47.697021" lon="-122.902724"></trkpt><trkpt lat="47.697106" lon="-122.902742"></trkpt><trkpt lat="47.697206" lon="-122.902759"></trkpt><trkpt lat="47.697306" lon="-122.902777"></trkpt><trkpt lat="47.697392" lon="-122.902777"></trkpt><trkpt lat="47.697482" lon="-122.902777"></trkpt><trkpt lat="47.697568" lon="-122.902794"></trkpt><trkpt lat="47.697634" lon="-122.902840"></trkpt><trkpt lat="47.697667" lon="-122.902932"></trkpt><trkpt lat="47.697710" lon="-122.903030"></trkpt><trkpt lat="47.697720" lon="-122.903150"></trkpt><trkpt lat="47.697720" lon="-122.903276"></trkpt><trkpt lat="47.697705" lon="-122.903386"></trkpt><trkpt lat="47.697682" lon="-122.903525"></trkpt><trkpt lat="47.697653" lon="-122.903647"></trkpt><trkpt lat="47.697629" lon="-122.903763"></trkpt><trkpt lat="47.697606" lon="-122.903879"></trkpt><trkpt lat="47.697596" lon="-122.904001"></trkpt><trkpt lat="47.697558" lon="-122.904111"></trkpt><trkpt lat="47.697530" lon="-122.904227"></trkpt><trkpt lat="47.697501" lon="-122.904331"></trkpt><trkpt lat="47.697463" lon="-122.904442"></trkpt><trkpt lat="47.697434" lon="-122.904564"></trkpt><trkpt lat="47.697406" lon="-122.904674"></trkpt><trkpt lat="47.697392" lon="-122.904796"></trkpt><trkpt lat="47.697382" lon="-122.904952"></trkpt><trkpt lat="47.697382" lon="-122.905080"></trkpt><trkpt lat="47.697382" lon="-122.905237"></trkpt><trkpt lat="47.697382" lon="-122.905376"></trkpt><trkpt lat="47.697382" lon="-122.905515"></trkpt><trkpt lat="47.697382" lon="-122.905660"></trkpt><trkpt lat="47.697382" lon="-122.905811"></trkpt><trkpt lat="47.697368" lon="-122.905933"></trkpt><trkpt lat="47.697368" lon="-122.906107"></trkpt><trkpt lat="47.697368" lon="-122.906246"></trkpt><trkpt lat="47.697605" lon="-122.906734"></trkpt><trkpt lat="47.699176" lon="-122.907466"></trkpt><trkpt lat="47.699257" lon="-122.907519"></trkpt><trkpt lat="47.699352" lon="-122.907588"></trkpt><trkpt lat="47.699451" lon="-122.907640"></trkpt><trkpt lat="47.699542" lon="-122.907704"></trkpt><trkpt lat="47.699670" lon="-122.907774"></trkpt><trkpt lat="47.699784" lon="-122.907820"></trkpt><trkpt lat="47.699870" lon="-122.907855"></trkpt><trkpt lat="47.699984" lon="-122.907873"></trkpt><trkpt lat="47.700069" lon="-122.907907"></trkpt><trkpt lat="47.700155" lon="-122.907925"></trkpt><trkpt lat="47.700239" lon="-122.907954"></trkpt><trkpt lat="47.700339" lon="-122.908023"></trkpt><trkpt lat="47.700439" lon="-122.908093"></trkpt><trkpt lat="47.700515" lon="-122.908140"></trkpt><trkpt lat="47.700629" lon="-122.908227"></trkpt><trkpt lat="47.700757" lon="-122.908314"></trkpt><trkpt lat="47.700843" lon="-122.908366"></trkpt><trkpt lat="47.700919" lon="-122.908418"></trkpt><trkpt lat="47.701048" lon="-122.908505"></trkpt><trkpt lat="47.701133" lon="-122.908557"></trkpt><trkpt lat="47.701247" lon="-122.908645"></trkpt><trkpt lat="47.701328" lon="-122.908697"></trkpt><trkpt lat="47.701442" lon="-122.908766"></trkpt><trkpt lat="47.701528" lon="-122.908830"></trkpt><trkpt lat="47.701613" lon="-122.908900"></trkpt><trkpt lat="47.701736" lon="-122.908969"></trkpt><trkpt lat="47.701803" lon="-122.909039"></trkpt><trkpt lat="47.701855" lon="-122.909114"></trkpt><trkpt lat="47.701922" lon="-122.909183"></trkpt><trkpt lat="47.701993" lon="-122.909241"></trkpt><trkpt lat="47.702107" lon="-122.909329"></trkpt><trkpt lat="47.702193" lon="-122.909416"></trkpt><trkpt lat="47.702278" lon="-122.909468"></trkpt><trkpt lat="47.702345" lon="-122.909526"></trkpt><trkpt lat="47.702473" lon="-122.909613"></trkpt><trkpt lat="47.702559" lon="-122.909700"></trkpt><trkpt lat="47.702639" lon="-122.909781"></trkpt><trkpt lat="47.702711" lon="-122.909868"></trkpt><trkpt lat="47.702796" lon="-122.909955"></trkpt><trkpt lat="47.702887" lon="-122.910048"></trkpt><trkpt lat="47.703001" lon="-122.910187"></trkpt><trkpt lat="47.703086" lon="-122.910263"></trkpt><trkpt lat="47.703172" lon="-122.910385"></trkpt><trkpt lat="47.703262" lon="-122.910512"></trkpt><trkpt lat="47.703334" lon="-122.910582"></trkpt><trkpt lat="47.703433" lon="-122.910658"></trkpt><trkpt lat="47.703519" lon="-122.910727"></trkpt><trkpt lat="47.703619" lon="-122.910797"></trkpt><trkpt lat="47.703690" lon="-122.910901"></trkpt><trkpt lat="47.703771" lon="-122.910983"></trkpt><trkpt lat="47.703842" lon="-122.911052"></trkpt><trkpt lat="47.703914" lon="-122.911122"></trkpt><trkpt lat="47.703990" lon="-122.911197"></trkpt><trkpt lat="47.704075" lon="-122.911302"></trkpt><trkpt lat="47.704146" lon="-122.911406"></trkpt><trkpt lat="47.704204" lon="-122.911528"></trkpt><trkpt lat="47.704246" lon="-122.911650"></trkpt><trkpt lat="47.704256" lon="-122.911795"></trkpt><trkpt lat="47.704256" lon="-122.911932"></trkpt><trkpt lat="47.704436" lon="-122.912615"></trkpt><trkpt lat="47.704958" lon="-122.912581"></trkpt><trkpt lat="47.705079" lon="-122.912636"></trkpt><trkpt lat="47.705440" lon="-122.912838"></trkpt><trkpt lat="47.705711" lon="-122.912875"></trkpt><trkpt lat="47.705982" lon="-122.912930"></trkpt><trkpt lat="47.706193" lon="-122.913022"></trkpt><trkpt lat="47.706357" lon="-122.913298"></trkpt><trkpt lat="47.706492" lon="-122.913684"></trkpt><trkpt lat="47.706583" lon="-122.914125"></trkpt><trkpt lat="47.706613" lon="-122.914530"></trkpt><trkpt lat="47.706613" lon="-122.914989"></trkpt><trkpt lat="47.706658" lon="-122.915431"></trkpt><trkpt lat="47.706794" lon="-122.915725"></trkpt><trkpt lat="47.706974" lon="-122.916111"></trkpt><trkpt lat="47.707140" lon="-122.916460"></trkpt><trkpt lat="47.707321" lon="-122.916791"></trkpt><trkpt lat="47.707486" lon="-122.917104"></trkpt><trkpt lat="47.707697" lon="-122.917416"></trkpt><trkpt lat="47.707908" lon="-122.917766"></trkpt><trkpt lat="47.708089" lon="-122.918041"></trkpt><trkpt lat="47.708255" lon="-122.918335"></trkpt><trkpt lat="47.708345" lon="-122.918719"></trkpt><trkpt lat="47.708541" lon="-122.918958"></trkpt><trkpt lat="47.708706" lon="-122.919271"></trkpt><trkpt lat="47.708872" lon="-122.919620"></trkpt><trkpt lat="47.709053" lon="-122.920006"></trkpt><trkpt lat="47.709218" lon="-122.920300"></trkpt><trkpt lat="47.709369" lon="-122.920650"></trkpt><trkpt lat="47.709565" lon="-122.920999"></trkpt><trkpt lat="47.709776" lon="-122.921348"></trkpt><trkpt lat="47.709956" lon="-122.921624"></trkpt><trkpt lat="47.710092" lon="-122.921937"></trkpt><trkpt lat="47.710258" lon="-122.922231"></trkpt><trkpt lat="47.710423" lon="-122.922507"></trkpt><trkpt lat="47.710589" lon="-122.922801"></trkpt><trkpt lat="47.710709" lon="-122.923150"></trkpt><trkpt lat="47.710843" lon="-122.923532"></trkpt><trkpt lat="47.710979" lon="-122.923845"></trkpt><trkpt lat="47.711144" lon="-122.924157"></trkpt><trkpt lat="47.711265" lon="-122.924488"></trkpt><trkpt lat="47.711340" lon="-122.924835"></trkpt><trkpt lat="47.711430" lon="-122.925184"></trkpt><trkpt lat="47.711476" lon="-122.925607"></trkpt><trkpt lat="47.711476" lon="-122.926044"></trkpt><trkpt lat="47.711476" lon="-122.926485"></trkpt><trkpt lat="47.711521" lon="-122.926853"></trkpt><trkpt lat="47.711653" lon="-122.927106"></trkpt><trkpt lat="47.711922" lon="-122.927272"></trkpt><trkpt lat="47.712178" lon="-122.927437"></trkpt><trkpt lat="47.712299" lon="-122.927768"></trkpt><trkpt lat="47.712479" lon="-122.928044"></trkpt><trkpt lat="47.712735" lon="-122.928301"></trkpt><trkpt lat="47.712856" lon="-122.928540"></trkpt><trkpt lat="47.713021" lon="-122.928908"></trkpt><trkpt lat="47.713127" lon="-122.929218"></trkpt><trkpt lat="47.713247" lon="-122.929549"></trkpt><trkpt lat="47.713454" lon="-122.929802"></trkpt><trkpt lat="47.713620" lon="-122.930023"></trkpt><trkpt lat="47.713752" lon="-122.930218"></trkpt><trkpt lat="47.713884" lon="-122.930522"></trkpt><trkpt lat="47.713929" lon="-122.930851"></trkpt><trkpt lat="47.714065" lon="-122.931200"></trkpt><trkpt lat="47.714230" lon="-122.931457"></trkpt><trkpt lat="47.714501" lon="-122.931733"></trkpt><trkpt lat="47.714652" lon="-122.932027"></trkpt><trkpt lat="47.714818" lon="-122.932285"></trkpt><trkpt lat="47.715029" lon="-122.932505"></trkpt><trkpt lat="47.715206" lon="-122.932668"></trkpt><trkpt lat="47.715537" lon="-122.932761"></trkpt><trkpt lat="47.715838" lon="-122.932871"></trkpt><trkpt lat="47.716089" lon="-122.932908"></trkpt><trkpt lat="47.716345" lon="-122.932963"></trkpt><trkpt lat="47.716629" lon="-122.933018"></trkpt><trkpt lat="47.716895" lon="-122.933073"></trkpt><trkpt lat="47.717147" lon="-122.933181"></trkpt><trkpt lat="47.717358" lon="-122.933347"></trkpt><trkpt lat="47.717642" lon="-122.933457"></trkpt><trkpt lat="47.717867" lon="-122.933549"></trkpt><trkpt lat="47.718183" lon="-122.933549"></trkpt><trkpt lat="47.718437" lon="-122.933512"></trkpt><trkpt lat="47.718783" lon="-122.933512"></trkpt><trkpt lat="47.719024" lon="-122.933457"></trkpt><trkpt lat="47.719324" lon="-122.933457"></trkpt><trkpt lat="47.719593" lon="-122.933457"></trkpt><trkpt lat="47.719770" lon="-122.933255"></trkpt><trkpt lat="47.719906" lon="-122.932942"></trkpt><trkpt lat="47.720145" lon="-122.932832"></trkpt><trkpt lat="47.720412" lon="-122.932832"></trkpt><trkpt lat="47.720576" lon="-122.933052"></trkpt><trkpt lat="47.720665" lon="-122.933340"></trkpt><trkpt lat="47.720799" lon="-122.933577"></trkpt><trkpt lat="47.720992" lon="-122.933685"></trkpt><trkpt lat="47.721188" lon="-122.933885"></trkpt><trkpt lat="47.721307" lon="-122.934138"></trkpt><trkpt lat="47.721472" lon="-122.934358"></trkpt><trkpt lat="47.721683" lon="-122.934505"></trkpt><trkpt lat="47.721902" lon="-122.934669"></trkpt><trkpt lat="47.722188" lon="-122.934761"></trkpt><trkpt lat="47.722422" lon="-122.934922"></trkpt><trkpt lat="47.722541" lon="-122.935177"></trkpt><trkpt lat="47.722661" lon="-122.935524"></trkpt><trkpt lat="47.722706" lon="-122.935867"></trkpt><trkpt lat="47.723364" lon="-122.936966"></trkpt><trkpt lat="47.723364" lon="-122.937074"></trkpt><trkpt lat="47.723515" lon="-122.937292"></trkpt><trkpt lat="47.723739" lon="-122.937492"></trkpt><trkpt lat="47.723904" lon="-122.937731"></trkpt><trkpt lat="47.724010" lon="-122.938058"></trkpt><trkpt lat="47.724160" lon="-122.938334"></trkpt><trkpt lat="47.724341" lon="-122.938701"></trkpt><trkpt lat="47.724507" lon="-122.939104"></trkpt><trkpt lat="47.724642" lon="-122.939453"></trkpt><trkpt lat="47.724836" lon="-122.939800"></trkpt><trkpt lat="47.725060" lon="-122.940055"></trkpt><trkpt lat="47.725270" lon="-122.940310"></trkpt><trkpt lat="47.725478" lon="-122.940565"></trkpt><trkpt lat="47.725704" lon="-122.940786"></trkpt><trkpt lat="47.725915" lon="-122.941044"></trkpt><trkpt lat="47.726201" lon="-122.941301"></trkpt><trkpt lat="47.726488" lon="-122.941503"></trkpt><trkpt lat="47.726755" lon="-122.941777"></trkpt><trkpt lat="47.726979" lon="-122.941940"></trkpt><trkpt lat="47.727232" lon="-122.942303"></trkpt><trkpt lat="47.727412" lon="-122.942579"></trkpt><trkpt lat="47.727634" lon="-122.942850"></trkpt><trkpt lat="47.727815" lon="-122.943071"></trkpt><trkpt lat="47.728024" lon="-122.943324"></trkpt><trkpt lat="47.728216" lon="-122.943563"></trkpt><trkpt lat="47.728352" lon="-122.943949"></trkpt><trkpt lat="47.728488" lon="-122.944243"></trkpt><trkpt lat="47.728578" lon="-122.944572"></trkpt><trkpt lat="47.728789" lon="-122.944848"></trkpt><trkpt lat="47.729030" lon="-122.945105"></trkpt><trkpt lat="47.729256" lon="-122.945363"></trkpt><trkpt lat="47.729450" lon="-122.945669"></trkpt><trkpt lat="47.729706" lon="-122.945926"></trkpt><trkpt lat="47.729947" lon="-122.946073"></trkpt><trkpt lat="47.730244" lon="-122.946128"></trkpt><trkpt lat="47.730515" lon="-122.946238"></trkpt><trkpt lat="47.730726" lon="-122.946477"></trkpt><trkpt lat="47.730862" lon="-122.946808"></trkpt><trkpt lat="47.730817" lon="-122.947183"></trkpt><trkpt lat="47.730741" lon="-122.947514"></trkpt><trkpt lat="47.730576" lon="-122.947753"></trkpt><trkpt lat="47.730395" lon="-122.948011"></trkpt><trkpt lat="47.730395" lon="-122.948432"></trkpt><trkpt lat="47.730395" lon="-122.948836"></trkpt><trkpt lat="47.730440" lon="-122.949238"></trkpt><trkpt lat="47.730561" lon="-122.949551"></trkpt><trkpt lat="47.730681" lon="-122.949896"></trkpt><trkpt lat="47.730817" lon="-122.950261"></trkpt><trkpt lat="47.730935" lon="-122.950657"></trkpt><trkpt lat="47.731069" lon="-122.950949"></trkpt><trkpt lat="47.731235" lon="-122.951261"></trkpt><trkpt lat="47.731385" lon="-122.951555"></trkpt><trkpt lat="47.731521" lon="-122.951905"></trkpt><trkpt lat="47.731639" lon="-122.952211"></trkpt><trkpt lat="47.731775" lon="-122.952468"></trkpt><trkpt lat="47.731850" lon="-122.952836"></trkpt><trkpt lat="47.731969" lon="-122.953291"></trkpt><trkpt lat="47.732104" lon="-122.953622"></trkpt><trkpt lat="47.732195" lon="-122.953914"></trkpt><trkpt lat="47.732238" lon="-122.954273"></trkpt><trkpt lat="47.732415" lon="-122.954510"></trkpt><trkpt lat="47.732686" lon="-122.954657"></trkpt><trkpt lat="47.732912" lon="-122.954877"></trkpt><trkpt lat="47.733003" lon="-122.955183"></trkpt><trkpt lat="47.733003" lon="-122.955597"></trkpt><trkpt lat="47.733048" lon="-122.955979"></trkpt><trkpt lat="47.733136" lon="-122.956289"></trkpt><trkpt lat="47.733257" lon="-122.956581"></trkpt><trkpt lat="47.733438" lon="-122.956783"></trkpt><trkpt lat="47.733649" lon="-122.957041"></trkpt><trkpt lat="47.733754" lon="-122.957333"></trkpt><trkpt lat="47.733844" lon="-122.957627"></trkpt><trkpt lat="47.733874" lon="-122.958011"></trkpt><trkpt lat="47.734040" lon="-122.958305"></trkpt><trkpt lat="47.734176" lon="-122.958634"></trkpt><trkpt lat="47.734311" lon="-122.958962"></trkpt><trkpt lat="47.734447" lon="-122.959220"></trkpt><trkpt lat="47.734625" lon="-122.959383"></trkpt><trkpt lat="47.734761" lon="-122.959636"></trkpt><trkpt lat="47.734957" lon="-122.959930"></trkpt><trkpt lat="47.735075" lon="-122.960257"></trkpt><trkpt lat="47.735166" lon="-122.960583"></trkpt><trkpt lat="47.735375" lon="-122.960818"></trkpt><trkpt lat="47.735584" lon="-122.961020"></trkpt><trkpt lat="47.735825" lon="-122.961186"></trkpt><trkpt lat="47.736096" lon="-122.961296"></trkpt><trkpt lat="47.736337" lon="-122.961406"></trkpt><trkpt lat="47.736548" lon="-122.961516"></trkpt><trkpt lat="47.736774" lon="-122.961682"></trkpt><trkpt lat="47.737058" lon="-122.961682"></trkpt><trkpt lat="47.737339" lon="-122.961682"></trkpt><trkpt lat="47.737591" lon="-122.961792"></trkpt><trkpt lat="47.737787" lon="-122.961956"></trkpt><trkpt lat="47.737968" lon="-122.962213"></trkpt><trkpt lat="47.738179" lon="-122.962452"></trkpt><trkpt lat="47.738284" lon="-122.962726"></trkpt><trkpt lat="47.738404" lon="-122.962981"></trkpt><trkpt lat="47.738666" lon="-122.963036"></trkpt><trkpt lat="47.738870" lon="-122.962928"></trkpt><trkpt lat="47.739030" lon="-122.962730"></trkpt><trkpt lat="47.739196" lon="-122.962491"></trkpt><trkpt lat="47.739301" lon="-122.962234"></trkpt><trkpt lat="47.739437" lon="-122.961962"></trkpt><trkpt lat="47.739527" lon="-122.961668"></trkpt><trkpt lat="47.739616" lon="-122.961362"></trkpt><trkpt lat="47.739616" lon="-122.960958"></trkpt><trkpt lat="47.740031" lon="-122.959664"></trkpt><trkpt lat="47.740105" lon="-122.959379"></trkpt><trkpt lat="47.740195" lon="-122.959126"></trkpt><trkpt lat="47.740316" lon="-122.958836"></trkpt><trkpt lat="47.740436" lon="-122.958581"></trkpt><trkpt lat="47.740481" lon="-122.958236"></trkpt><trkpt lat="47.740481" lon="-122.957818"></trkpt><trkpt lat="47.740481" lon="-122.957399"></trkpt><trkpt lat="47.740436" lon="-122.956997"></trkpt><trkpt lat="47.740346" lon="-122.956666"></trkpt><trkpt lat="47.740256" lon="-122.956413"></trkpt><trkpt lat="47.740210" lon="-122.956052"></trkpt><trkpt lat="47.740210" lon="-122.955634"></trkpt><trkpt lat="47.740180" lon="-122.955287"></trkpt><trkpt lat="47.740135" lon="-122.954901"></trkpt><trkpt lat="47.740135" lon="-122.954470"></trkpt><trkpt lat="47.740045" lon="-122.954084"></trkpt><trkpt lat="47.740014" lon="-122.953717"></trkpt><trkpt lat="47.739939" lon="-122.953296"></trkpt><trkpt lat="47.739849" lon="-122.953004"></trkpt><trkpt lat="47.739730" lon="-122.952694"></trkpt><trkpt lat="47.739730" lon="-122.952255"></trkpt><trkpt lat="47.739730" lon="-122.951813"></trkpt><trkpt lat="47.739730" lon="-122.951374"></trkpt><trkpt lat="47.739730" lon="-122.950951"></trkpt><trkpt lat="47.739730" lon="-122.950547"></trkpt><trkpt lat="47.739730" lon="-122.950151"></trkpt><trkpt lat="47.739730" lon="-122.949753"></trkpt><trkpt lat="47.739685" lon="-122.949408"></trkpt><trkpt lat="47.739685" lon="-122.949004"></trkpt><trkpt lat="47.739772" lon="-122.948696"></trkpt><trkpt lat="47.739906" lon="-122.948461"></trkpt><trkpt lat="47.739979" lon="-122.948119"></trkpt><trkpt lat="47.739979" lon="-122.947723"></trkpt><trkpt lat="47.739979" lon="-122.947330"></trkpt><trkpt lat="47.739979" lon="-122.946925"></trkpt><trkpt lat="47.739979" lon="-122.946484"></trkpt><trkpt lat="47.739979" lon="-122.946068"></trkpt><trkpt lat="47.739904" lon="-122.945720"></trkpt><trkpt lat="47.739828" lon="-122.945412"></trkpt><trkpt lat="47.739708" lon="-122.945157"></trkpt><trkpt lat="47.739618" lon="-122.944790"></trkpt><trkpt lat="47.739527" lon="-122.944463"></trkpt><trkpt lat="47.739378" lon="-122.944371"></trkpt><trkpt lat="47.739215" lon="-122.944571"></trkpt><trkpt lat="47.739007" lon="-122.944718"></trkpt><trkpt lat="47.738760" lon="-122.944681"></trkpt><trkpt lat="47.738672" lon="-122.944394"></trkpt><trkpt lat="47.738672" lon="-122.943998"></trkpt><trkpt lat="47.738715" lon="-122.943635"></trkpt><trkpt lat="47.738836" lon="-122.943400"></trkpt><trkpt lat="47.738956" lon="-122.943145"></trkpt><trkpt lat="47.740340" lon="-122.942048"></trkpt><trkpt lat="47.740363" lon="-122.942048"></trkpt><trkpt lat="47.740448" lon="-122.942014"></trkpt><trkpt lat="47.740505" lon="-122.941961"></trkpt><trkpt lat="47.740586" lon="-122.941909"></trkpt><trkpt lat="47.740666" lon="-122.941874"></trkpt><trkpt lat="47.740738" lon="-122.941857"></trkpt><trkpt lat="47.740823" lon="-122.941845"></trkpt><trkpt lat="47.740923" lon="-122.941811"></trkpt><trkpt lat="47.741023" lon="-122.941793"></trkpt><trkpt lat="47.741120" lon="-122.941776"></trkpt><trkpt lat="47.741197" lon="-122.941718"></trkpt><trkpt lat="47.741311" lon="-122.941665"></trkpt><trkpt lat="47.741391" lon="-122.941619"></trkpt><trkpt lat="47.741491" lon="-122.941619"></trkpt><trkpt lat="47.741591" lon="-122.941619"></trkpt><trkpt lat="47.741681" lon="-122.941602"></trkpt><trkpt lat="47.741767" lon="-122.941602"></trkpt><trkpt lat="47.741876" lon="-122.941602"></trkpt><trkpt lat="47.741961" lon="-122.941618"></trkpt><trkpt lat="47.742033" lon="-122.941688"></trkpt><trkpt lat="47.742075" lon="-122.941815"></trkpt><trkpt lat="47.742090" lon="-122.941983"></trkpt><trkpt lat="47.742066" lon="-122.942098"></trkpt><trkpt lat="47.742037" lon="-122.942214"></trkpt><trkpt lat="47.742023" lon="-122.942353"></trkpt><trkpt lat="47.742009" lon="-122.942486"></trkpt><trkpt lat="47.741995" lon="-122.942637"></trkpt><trkpt lat="47.741995" lon="-122.942765"></trkpt><trkpt lat="47.741995" lon="-122.942898"></trkpt><trkpt lat="47.742009" lon="-122.943020"></trkpt><trkpt lat="47.741995" lon="-122.943159"></trkpt><trkpt lat="47.741938" lon="-122.943264"></trkpt><trkpt lat="47.741895" lon="-122.943425"></trkpt><trkpt lat="47.741838" lon="-122.943507"></trkpt><trkpt lat="47.741782" lon="-122.943622"></trkpt><trkpt lat="47.741768" lon="-122.943737"></trkpt><trkpt lat="47.741768" lon="-122.943865"></trkpt><trkpt lat="47.741768" lon="-122.943993"></trkpt><trkpt lat="47.741768" lon="-122.944126"></trkpt><trkpt lat="47.741768" lon="-122.944271"></trkpt><trkpt lat="47.741782" lon="-122.944387"></trkpt><trkpt lat="47.741810" lon="-122.944503"></trkpt><trkpt lat="47.741848" lon="-122.944630"></trkpt><trkpt lat="47.741891" lon="-122.944752"></trkpt><trkpt lat="47.741920" lon="-122.944891"></trkpt><trkpt lat="47.741943" lon="-122.945001"></trkpt><trkpt lat="47.741986" lon="-122.945106"></trkpt><trkpt lat="47.742029" lon="-122.945210"></trkpt><trkpt lat="47.742072" lon="-122.945320"></trkpt><trkpt lat="47.742115" lon="-122.945425"></trkpt><trkpt lat="47.742153" lon="-122.945535"></trkpt><trkpt lat="47.742205" lon="-122.945634"></trkpt><trkpt lat="47.742248" lon="-122.945727"></trkpt><trkpt lat="47.742290" lon="-122.945808"></trkpt><trkpt lat="47.742333" lon="-122.945924"></trkpt><trkpt lat="47.742386" lon="-122.946017"></trkpt><trkpt lat="47.742452" lon="-122.946098"></trkpt><trkpt lat="47.742509" lon="-122.946185"></trkpt><trkpt lat="47.742571" lon="-122.946249"></trkpt><trkpt lat="47.742628" lon="-122.946313"></trkpt><trkpt lat="47.742699" lon="-122.946348"></trkpt><trkpt lat="47.742804" lon="-122.946382"></trkpt><trkpt lat="47.742885" lon="-122.946417"></trkpt><trkpt lat="47.742985" lon="-122.946429"></trkpt><trkpt lat="47.743070" lon="-122.946446"></trkpt><trkpt lat="47.743170" lon="-122.946446"></trkpt><trkpt lat="47.743279" lon="-122.946446"></trkpt><trkpt lat="47.743364" lon="-122.946463"></trkpt><trkpt lat="47.743449" lon="-122.946515"></trkpt><trkpt lat="47.743540" lon="-122.946544"></trkpt><trkpt lat="47.743653" lon="-122.946579"></trkpt><trkpt lat="47.743733" lon="-122.946596"></trkpt><trkpt lat="47.743813" lon="-122.946614"></trkpt><trkpt lat="47.743889" lon="-122.946649"></trkpt><trkpt lat="47.743974" lon="-122.946684"></trkpt><trkpt lat="47.744069" lon="-122.946701"></trkpt><trkpt lat="47.744168" lon="-122.946701"></trkpt><trkpt lat="47.744268" lon="-122.946701"></trkpt><trkpt lat="47.744354" lon="-122.946701"></trkpt><trkpt lat="47.744425" lon="-122.946753"></trkpt><trkpt lat="47.744510" lon="-122.946805"></trkpt><trkpt lat="47.744562" lon="-122.946857"></trkpt><trkpt lat="47.744600" lon="-122.946938"></trkpt><trkpt lat="47.744614" lon="-122.947054"></trkpt><trkpt lat="47.744614" lon="-122.947182"></trkpt><trkpt lat="47.744600" lon="-122.947301"></trkpt><trkpt lat="47.744586" lon="-122.947417"></trkpt><trkpt lat="47.744571" lon="-122.947527"></trkpt><trkpt lat="47.744533" lon="-122.947636"></trkpt><trkpt lat="47.744505" lon="-122.947758"></trkpt><trkpt lat="47.744477" lon="-122.947873"></trkpt><trkpt lat="47.744448" lon="-122.947978"></trkpt><trkpt lat="47.744425" lon="-122.948092"></trkpt><trkpt lat="47.744368" lon="-122.948179"></trkpt><trkpt lat="47.744311" lon="-122.948295"></trkpt><trkpt lat="47.744254" lon="-122.948399"></trkpt><trkpt lat="47.744217" lon="-122.948497"></trkpt><trkpt lat="47.744164" lon="-122.948578"></trkpt><trkpt lat="47.744121" lon="-122.948665"></trkpt><trkpt lat="47.744083" lon="-122.948770"></trkpt><trkpt lat="47.744012" lon="-122.948891"></trkpt><trkpt lat="47.743969" lon="-122.949024"></trkpt><trkpt lat="47.743927" lon="-122.949163"></trkpt><trkpt lat="47.743884" lon="-122.949291"></trkpt><trkpt lat="47.743836" lon="-122.949413"></trkpt><trkpt lat="47.743793" lon="-122.949529"></trkpt><trkpt lat="47.743765" lon="-122.949651"></trkpt><trkpt lat="47.743736" lon="-122.949750"></trkpt><trkpt lat="47.743708" lon="-122.949866"></trkpt><trkpt lat="47.743694" lon="-122.950028"></trkpt><trkpt lat="47.743694" lon="-122.950156"></trkpt><trkpt lat="47.743694" lon="-122.950284"></trkpt><trkpt lat="47.743694" lon="-122.950411"></trkpt><trkpt lat="47.743694" lon="-122.950545"></trkpt><trkpt lat="47.743694" lon="-122.950683"></trkpt><trkpt lat="47.743807" lon="-122.950990"></trkpt><trkpt lat="47.743836" lon="-122.951060"></trkpt><trkpt lat="47.743883" lon="-122.951164"></trkpt><trkpt lat="47.743940" lon="-122.951262"></trkpt><trkpt lat="47.743987" lon="-122.951355"></trkpt><trkpt lat="47.744044" lon="-122.951448"></trkpt><trkpt lat="47.744111" lon="-122.951547"></trkpt><trkpt lat="47.744177" lon="-122.951645"></trkpt><trkpt lat="47.744253" lon="-122.951721"></trkpt><trkpt lat="47.744358" lon="-122.951802"></trkpt><trkpt lat="47.744477" lon="-122.951883"></trkpt><trkpt lat="47.744562" lon="-122.951970"></trkpt><trkpt lat="47.744648" lon="-122.952057"></trkpt><trkpt lat="47.744719" lon="-122.952144"></trkpt><trkpt lat="47.744790" lon="-122.952213"></trkpt><trkpt lat="47.744871" lon="-122.952271"></trkpt><trkpt lat="47.744957" lon="-122.952376"></trkpt><trkpt lat="47.745038" lon="-122.952538"></trkpt><trkpt lat="47.745038" lon="-122.952677"></trkpt><trkpt lat="47.745009" lon="-122.952805"></trkpt><trkpt lat="47.744995" lon="-122.952936"></trkpt><trkpt lat="47.744981" lon="-122.953075"></trkpt><trkpt lat="47.744952" lon="-122.953208"></trkpt><trkpt lat="47.744938" lon="-122.953329"></trkpt><trkpt lat="47.744900" lon="-122.953445"></trkpt><trkpt lat="47.744862" lon="-122.953550"></trkpt><trkpt lat="47.744809" lon="-122.953666"></trkpt><trkpt lat="47.744748" lon="-122.953759"></trkpt><trkpt lat="47.744691" lon="-122.953862"></trkpt><trkpt lat="47.744662" lon="-122.953984"></trkpt><trkpt lat="47.744719" lon="-122.954082"></trkpt><trkpt lat="47.744762" lon="-122.954187"></trkpt><trkpt lat="47.744776" lon="-122.954303"></trkpt><trkpt lat="47.744776" lon="-122.954477"></trkpt><trkpt lat="47.744838" lon="-122.954581"></trkpt><trkpt lat="47.744909" lon="-122.954721"></trkpt><trkpt lat="47.744962" lon="-122.954848"></trkpt><trkpt lat="47.744990" lon="-122.954970"></trkpt><trkpt lat="47.745028" lon="-122.955075"></trkpt><trkpt lat="47.745071" lon="-122.955179"></trkpt><trkpt lat="47.745137" lon="-122.955307"></trkpt><trkpt lat="47.745189" lon="-122.955451"></trkpt><trkpt lat="47.745218" lon="-122.955544"></trkpt><trkpt lat="47.745246" lon="-122.955683"></trkpt><trkpt lat="47.745261" lon="-122.955810"></trkpt><trkpt lat="47.745275" lon="-122.955984"></trkpt><trkpt lat="47.745265" lon="-122.956111"></trkpt><trkpt lat="47.745222" lon="-122.956233"></trkpt><trkpt lat="47.745208" lon="-122.956384"></trkpt><trkpt lat="47.745184" lon="-122.956494"></trkpt><trkpt lat="47.745142" lon="-122.956598"></trkpt><trkpt lat="47.745142" lon="-122.956732"></trkpt><trkpt lat="47.745142" lon="-122.956882"></trkpt><trkpt lat="47.745142" lon="-122.957010"></trkpt><trkpt lat="47.745156" lon="-122.957173"></trkpt><trkpt lat="47.745194" lon="-122.957271"></trkpt><trkpt lat="47.745251" lon="-122.957387"></trkpt><trkpt lat="47.745308" lon="-122.957509"></trkpt><trkpt lat="47.745337" lon="-122.957659"></trkpt><trkpt lat="47.745379" lon="-122.957764"></trkpt><trkpt lat="47.745427" lon="-122.957857"></trkpt><trkpt lat="47.745503" lon="-122.957915"></trkpt><trkpt lat="47.745584" lon="-122.958013"></trkpt><trkpt lat="47.745612" lon="-122.958135"></trkpt><trkpt lat="47.745665" lon="-122.958257"></trkpt><trkpt lat="47.745707" lon="-122.958391"></trkpt><trkpt lat="47.745764" lon="-122.958495"></trkpt><trkpt lat="47.745831" lon="-122.958565"></trkpt><trkpt lat="47.745883" lon="-122.958634"></trkpt><trkpt lat="47.745950" lon="-122.958686"></trkpt><trkpt lat="47.746049" lon="-122.958737"></trkpt><trkpt lat="47.746125" lon="-122.958830"></trkpt><trkpt lat="47.746220" lon="-122.958894"></trkpt><trkpt lat="47.746305" lon="-122.958911"></trkpt><trkpt lat="47.746410" lon="-122.958940"></trkpt><trkpt lat="47.746538" lon="-122.958975"></trkpt><trkpt lat="47.746619" lon="-122.959021"></trkpt><trkpt lat="47.746705" lon="-122.959068"></trkpt><trkpt lat="47.746800" lon="-122.959131"></trkpt><trkpt lat="47.746880" lon="-122.959178"></trkpt><trkpt lat="47.746980" lon="-122.959195"></trkpt><trkpt lat="47.747079" lon="-122.959259"></trkpt><trkpt lat="47.747094" lon="-122.959380"></trkpt><trkpt lat="47.747094" lon="-122.959518"></trkpt><trkpt lat="47.747094" lon="-122.959646"></trkpt><trkpt lat="47.747079" lon="-122.959785"></trkpt><trkpt lat="47.747056" lon="-122.959899"></trkpt><trkpt lat="47.747018" lon="-122.960038"></trkpt><trkpt lat="47.746989" lon="-122.960160"></trkpt><trkpt lat="47.746966" lon="-122.960282"></trkpt><trkpt lat="47.746937" lon="-122.960381"></trkpt><trkpt lat="47.746899" lon="-122.960503"></trkpt><trkpt lat="47.746885" lon="-122.960625"></trkpt><trkpt lat="47.746856" lon="-122.960787"></trkpt><trkpt lat="47.746856" lon="-122.960926"></trkpt><trkpt lat="47.746818" lon="-122.961066"></trkpt><trkpt lat="47.746794" lon="-122.961176"></trkpt><trkpt lat="47.746752" lon="-122.961274"></trkpt><trkpt lat="47.746700" lon="-122.961385"></trkpt><trkpt lat="47.746643" lon="-122.961541"></trkpt><trkpt lat="47.746600" lon="-122.961629"></trkpt><trkpt lat="47.746557" lon="-122.961768"></trkpt><trkpt lat="47.746548" lon="-122.961907"></trkpt><trkpt lat="47.746533" lon="-122.962046"></trkpt><trkpt lat="47.746510" lon="-122.962203"></trkpt><trkpt lat="47.746472" lon="-122.962377"></trkpt><trkpt lat="47.746434" lon="-122.962499"></trkpt><trkpt lat="47.746405" lon="-122.962627"></trkpt><trkpt lat="47.746377" lon="-122.962766"></trkpt><trkpt lat="47.746338" lon="-122.962876"></trkpt><trkpt lat="47.746324" lon="-122.962997"></trkpt><trkpt lat="47.746253" lon="-122.963102"></trkpt><trkpt lat="47.746186" lon="-122.963177"></trkpt><trkpt lat="47.746087" lon="-122.963264"></trkpt><trkpt lat="47.746020" lon="-122.963334"></trkpt><trkpt lat="47.745949" lon="-122.963404"></trkpt><trkpt lat="47.745887" lon="-122.963485"></trkpt><trkpt lat="47.745816" lon="-122.963572"></trkpt><trkpt lat="47.745763" lon="-122.963688"></trkpt><trkpt lat="47.745706" lon="-122.963845"></trkpt><trkpt lat="47.745668" lon="-122.963949"></trkpt><trkpt lat="47.745630" lon="-122.964059"></trkpt><trkpt lat="47.745559" lon="-122.964181"></trkpt><trkpt lat="47.745497" lon="-122.964274"></trkpt><trkpt lat="47.745483" lon="-122.964390"></trkpt><trkpt lat="47.745483" lon="-122.964523"></trkpt><trkpt lat="47.745483" lon="-122.964732"></trkpt><trkpt lat="47.745497" lon="-122.964869"></trkpt><trkpt lat="47.745511" lon="-122.965020"></trkpt><trkpt lat="47.745526" lon="-122.965148"></trkpt><trkpt lat="47.745526" lon="-122.965287"></trkpt><trkpt lat="47.745564" lon="-122.965397"></trkpt><trkpt lat="47.745621" lon="-122.965484"></trkpt><trkpt lat="47.745659" lon="-122.965589"></trkpt><trkpt lat="47.745701" lon="-122.965693"></trkpt><trkpt lat="47.745754" lon="-122.965786"></trkpt><trkpt lat="47.745801" lon="-122.965896"></trkpt><trkpt lat="47.745844" lon="-122.966030"></trkpt><trkpt lat="47.745844" lon="-122.966163"></trkpt><trkpt lat="47.745844" lon="-122.966291"></trkpt><trkpt lat="47.745858" lon="-122.966430"></trkpt><trkpt lat="47.745887" lon="-122.966540"></trkpt><trkpt lat="47.745887" lon="-122.966680"></trkpt><trkpt lat="47.745887" lon="-122.966854"></trkpt><trkpt lat="47.745901" lon="-122.966976"></trkpt><trkpt lat="47.745915" lon="-122.967098"></trkpt><trkpt lat="47.745930" lon="-122.967237"></trkpt><trkpt lat="47.745939" lon="-122.967382"></trkpt><trkpt lat="47.745968" lon="-122.967486"></trkpt><trkpt lat="47.745982" lon="-122.967603"></trkpt><trkpt lat="47.745996" lon="-122.967724"></trkpt><trkpt lat="47.746039" lon="-122.967829"></trkpt><trkpt lat="47.746091" lon="-122.967922"></trkpt><trkpt lat="47.746158" lon="-122.967991"></trkpt><trkpt lat="47.746253" lon="-122.967991"></trkpt><trkpt lat="47.746333" lon="-122.967950"></trkpt><trkpt lat="47.746385" lon="-122.967863"></trkpt><trkpt lat="47.746456" lon="-122.967794"></trkpt><trkpt lat="47.746508" lon="-122.967695"></trkpt><trkpt lat="47.746551" lon="-122.967573"></trkpt><trkpt lat="47.746598" lon="-122.967458"></trkpt><trkpt lat="47.746655" lon="-122.967336"></trkpt><trkpt lat="47.746684" lon="-122.967233"></trkpt><trkpt lat="47.746736" lon="-122.967157"></trkpt><trkpt lat="47.746793" lon="-122.967070"></trkpt><trkpt lat="47.746860" lon="-122.966971"></trkpt><trkpt lat="47.746907" lon="-122.966873"></trkpt><trkpt lat="47.746983" lon="-122.966815"></trkpt><trkpt lat="47.747026" lon="-122.966735"></trkpt><trkpt lat="47.747054" lon="-122.966636"></trkpt><trkpt lat="47.747068" lon="-122.966514"></trkpt><trkpt lat="47.747097" lon="-122.966381"></trkpt><trkpt lat="47.747149" lon="-122.966271"></trkpt><trkpt lat="47.747192" lon="-122.966166"></trkpt><trkpt lat="47.747258" lon="-122.966091"></trkpt><trkpt lat="47.747316" lon="-122.965986"></trkpt><trkpt lat="47.747381" lon="-122.965923"></trkpt><trkpt lat="47.747452" lon="-122.965853"></trkpt><trkpt lat="47.747522" lon="-122.965784"></trkpt><trkpt lat="47.747599" lon="-122.965692"></trkpt><trkpt lat="47.747656" lon="-122.965605"></trkpt><trkpt lat="47.747684" lon="-122.965506"></trkpt><trkpt lat="47.747722" lon="-122.965413"></trkpt><trkpt lat="47.747774" lon="-122.965343"></trkpt><trkpt lat="47.747893" lon="-122.965245"></trkpt><trkpt lat="47.747979" lon="-122.965193"></trkpt><trkpt lat="47.748031" lon="-122.965088"></trkpt><trkpt lat="47.748060" lon="-122.964978"></trkpt><trkpt lat="47.748112" lon="-122.964868"></trkpt><trkpt lat="47.748183" lon="-122.964780"></trkpt><trkpt lat="47.748240" lon="-122.964693"></trkpt><trkpt lat="47.748278" lon="-122.964583"></trkpt><trkpt lat="47.748302" lon="-122.964455"></trkpt><trkpt lat="47.748340" lon="-122.964339"></trkpt><trkpt lat="47.748378" lon="-122.964212"></trkpt><trkpt lat="47.748392" lon="-122.964096"></trkpt><trkpt lat="47.748421" lon="-122.963992"></trkpt><trkpt lat="47.748430" lon="-122.963870"></trkpt><trkpt lat="47.748459" lon="-122.963766"></trkpt><trkpt lat="47.748544" lon="-122.963626"></trkpt><trkpt lat="47.748583" lon="-122.963533"></trkpt><trkpt lat="47.748621" lon="-122.963441"></trkpt><trkpt lat="47.748673" lon="-122.963359"></trkpt><trkpt lat="47.748730" lon="-122.963272"></trkpt><trkpt lat="47.748768" lon="-122.963174"></trkpt><trkpt lat="47.748806" lon="-122.963075"></trkpt><trkpt lat="47.748806" lon="-122.962941"></trkpt><trkpt lat="47.748806" lon="-122.962814"></trkpt><trkpt lat="47.748796" lon="-122.962692"></trkpt><trkpt lat="47.748796" lon="-122.962553"></trkpt><trkpt lat="47.748796" lon="-122.962425"></trkpt><trkpt lat="47.748787" lon="-122.962280"></trkpt><trkpt lat="47.748773" lon="-122.962129"></trkpt><trkpt lat="47.748749" lon="-122.962001"></trkpt><trkpt lat="47.748720" lon="-122.961879"></trkpt><trkpt lat="47.748706" lon="-122.961764"></trkpt><trkpt lat="47.748697" lon="-122.961648"></trkpt><trkpt lat="47.748682" lon="-122.961503"></trkpt><trkpt lat="47.748696" lon="-122.961382"></trkpt><trkpt lat="47.748725" lon="-122.961271"></trkpt><trkpt lat="47.748725" lon="-122.961138"></trkpt><trkpt lat="47.748725" lon="-122.960999"></trkpt><trkpt lat="47.748734" lon="-122.960859"></trkpt><trkpt lat="47.748748" lon="-122.960720"></trkpt><trkpt lat="47.748791" lon="-122.960581"></trkpt><trkpt lat="47.748805" lon="-122.960442"></trkpt><trkpt lat="47.748820" lon="-122.960320"></trkpt><trkpt lat="47.748834" lon="-122.960192"></trkpt><trkpt lat="47.748834" lon="-122.960059"></trkpt><trkpt lat="47.748834" lon="-122.959736"></trkpt><trkpt lat="47.749346" lon="-122.958377"></trkpt><trkpt lat="47.749355" lon="-122.958326"></trkpt><trkpt lat="47.749369" lon="-122.958199"></trkpt><trkpt lat="47.749440" lon="-122.958112"></trkpt><trkpt lat="47.749530" lon="-122.958101"></trkpt><trkpt lat="47.749611" lon="-122.958118"></trkpt><trkpt lat="47.749668" lon="-122.958204"></trkpt><trkpt lat="47.749725" lon="-122.958285"></trkpt><trkpt lat="47.749791" lon="-122.958349"></trkpt><trkpt lat="47.749843" lon="-122.958442"></trkpt><trkpt lat="47.749891" lon="-122.958546"></trkpt><trkpt lat="47.749933" lon="-122.958656"></trkpt><trkpt lat="47.749975" lon="-122.958778"></trkpt><trkpt lat="47.750004" lon="-122.958876"></trkpt><trkpt lat="47.750041" lon="-122.958974"></trkpt><trkpt lat="47.750103" lon="-122.959032"></trkpt><trkpt lat="47.750194" lon="-122.959067"></trkpt><trkpt lat="47.750293" lon="-122.959067"></trkpt><trkpt lat="47.750403" lon="-122.959067"></trkpt><trkpt lat="47.750488" lon="-122.959015"></trkpt><trkpt lat="47.750526" lon="-122.958916"></trkpt><trkpt lat="47.750592" lon="-122.958800"></trkpt><trkpt lat="47.750645" lon="-122.958690"></trkpt><trkpt lat="47.750659" lon="-122.958556"></trkpt><trkpt lat="47.750673" lon="-122.958423"></trkpt><trkpt lat="47.750673" lon="-122.958295"></trkpt><trkpt lat="47.750673" lon="-122.958144"></trkpt><trkpt lat="47.750659" lon="-122.958017"></trkpt><trkpt lat="47.750631" lon="-122.957901"></trkpt><trkpt lat="47.750617" lon="-122.957756"></trkpt><trkpt lat="47.750602" lon="-122.957617"></trkpt><trkpt lat="47.750602" lon="-122.957466"></trkpt><trkpt lat="47.750602" lon="-122.957327"></trkpt><trkpt lat="47.750631" lon="-122.957188"></trkpt><trkpt lat="47.750683" lon="-122.957060"></trkpt><trkpt lat="47.750706" lon="-122.956951"></trkpt><trkpt lat="47.750735" lon="-122.956823"></trkpt><trkpt lat="47.750764" lon="-122.956725"></trkpt><trkpt lat="47.750830" lon="-122.956643"></trkpt><trkpt lat="47.750920" lon="-122.956568"></trkpt><trkpt lat="47.750992" lon="-122.956498"></trkpt><trkpt lat="47.751063" lon="-122.956429"></trkpt><trkpt lat="47.751148" lon="-122.956411"></trkpt><trkpt lat="47.751228" lon="-122.956376"></trkpt><trkpt lat="47.751313" lon="-122.956342"></trkpt><trkpt lat="47.751380" lon="-122.956289"></trkpt><trkpt lat="47.751451" lon="-122.956220"></trkpt><trkpt lat="47.751532" lon="-122.956150"></trkpt><trkpt lat="47.751603" lon="-122.956080"></trkpt><trkpt lat="47.751689" lon="-122.956028"></trkpt><trkpt lat="47.751760" lon="-122.955959"></trkpt><trkpt lat="47.751836" lon="-122.955866"></trkpt><trkpt lat="47.751903" lon="-122.955784"></trkpt><trkpt lat="47.751969" lon="-122.955721"></trkpt><trkpt lat="47.752055" lon="-122.955639"></trkpt><trkpt lat="47.752098" lon="-122.955541"></trkpt><trkpt lat="47.752121" lon="-122.955430"></trkpt><trkpt lat="47.752150" lon="-122.955320"></trkpt><trkpt lat="47.752216" lon="-122.955285"></trkpt><trkpt lat="47.752316" lon="-122.955251"></trkpt><trkpt lat="47.752401" lon="-122.955216"></trkpt><trkpt lat="47.752486" lon="-122.955187"></trkpt><trkpt lat="47.752572" lon="-122.955153"></trkpt><trkpt lat="47.752653" lon="-122.955135"></trkpt><trkpt lat="47.752729" lon="-122.955100"></trkpt><trkpt lat="47.752829" lon="-122.955065"></trkpt><trkpt lat="47.752900" lon="-122.955002"></trkpt><trkpt lat="47.752966" lon="-122.954949"></trkpt><trkpt lat="47.753033" lon="-122.954886"></trkpt><trkpt lat="47.753119" lon="-122.954886"></trkpt><trkpt lat="47.753204" lon="-122.954903"></trkpt><trkpt lat="47.753285" lon="-122.954967"></trkpt><trkpt lat="47.753356" lon="-122.955048"></trkpt><trkpt lat="47.753356" lon="-122.955180"></trkpt><trkpt lat="47.753332" lon="-122.955319"></trkpt><trkpt lat="47.753332" lon="-122.955476"></trkpt><trkpt lat="47.753332" lon="-122.955604"></trkpt><trkpt lat="47.753332" lon="-122.955761"></trkpt><trkpt lat="47.753332" lon="-122.955906"></trkpt><trkpt lat="47.753332" lon="-122.956033"></trkpt><trkpt lat="47.753361" lon="-122.956213"></trkpt><trkpt lat="47.753413" lon="-122.956323"></trkpt><trkpt lat="47.753461" lon="-122.956416"></trkpt><trkpt lat="47.753518" lon="-122.956503"></trkpt><trkpt lat="47.753556" lon="-122.956643"></trkpt><trkpt lat="47.753622" lon="-122.956736"></trkpt><trkpt lat="47.753684" lon="-122.956823"></trkpt><trkpt lat="47.753770" lon="-122.956915"></trkpt><trkpt lat="47.753855" lon="-122.956968"></trkpt><trkpt lat="47.753964" lon="-122.957037"></trkpt><trkpt lat="47.754040" lon="-122.957084"></trkpt><trkpt lat="47.754131" lon="-122.957165"></trkpt><trkpt lat="47.754216" lon="-122.957217"></trkpt><trkpt lat="47.754297" lon="-122.957252"></trkpt><trkpt lat="47.754397" lon="-122.957304"></trkpt><trkpt lat="47.754482" lon="-122.957316"></trkpt><trkpt lat="47.754582" lon="-122.957351"></trkpt><trkpt lat="47.754668" lon="-122.957403"></trkpt><trkpt lat="47.754763" lon="-122.957449"></trkpt><trkpt lat="47.754848" lon="-122.957484"></trkpt><trkpt lat="47.754939" lon="-122.957519"></trkpt><trkpt lat="47.755039" lon="-122.957519"></trkpt><trkpt lat="47.755124" lon="-122.957519"></trkpt><trkpt lat="47.755219" lon="-122.957519"></trkpt><trkpt lat="47.755314" lon="-122.957473"></trkpt><trkpt lat="47.755400" lon="-122.957420"></trkpt><trkpt lat="47.755504" lon="-122.957391"></trkpt><trkpt lat="47.755604" lon="-122.957374"></trkpt><trkpt lat="47.755704" lon="-122.957356"></trkpt><trkpt lat="47.755818" lon="-122.957356"></trkpt><trkpt lat="47.755903" lon="-122.957356"></trkpt><trkpt lat="47.757072" lon="-122.956823"></trkpt><trkpt lat="47.757072" lon="-122.956806"></trkpt><trkpt lat="47.757149" lon="-122.956794"></trkpt><trkpt lat="47.757234" lon="-122.956794"></trkpt><trkpt lat="47.757324" lon="-122.956794"></trkpt><trkpt lat="47.757419" lon="-122.956794"></trkpt><trkpt lat="47.757509" lon="-122.956794"></trkpt><trkpt lat="47.757595" lon="-122.956777"></trkpt><trkpt lat="47.757680" lon="-122.956765"></trkpt><trkpt lat="47.757766" lon="-122.956748"></trkpt><trkpt lat="47.757866" lon="-122.956713"></trkpt><trkpt lat="47.757966" lon="-122.956696"></trkpt><trkpt lat="47.758065" lon="-122.956696"></trkpt><trkpt lat="47.758150" lon="-122.956696"></trkpt><trkpt lat="47.758236" lon="-122.956725"></trkpt><trkpt lat="47.758336" lon="-122.956725"></trkpt><trkpt lat="47.758455" lon="-122.956736"></trkpt><trkpt lat="47.758554" lon="-122.956754"></trkpt><trkpt lat="47.758640" lon="-122.956771"></trkpt><trkpt lat="47.758740" lon="-122.956806"></trkpt><trkpt lat="47.758811" lon="-122.956922"></trkpt><trkpt lat="47.758840" lon="-122.957038"></trkpt><trkpt lat="47.758840" lon="-122.957166"></trkpt><trkpt lat="47.758825" lon="-122.957288"></trkpt><trkpt lat="47.758816" lon="-122.957410"></trkpt><trkpt lat="47.758773" lon="-122.957543"></trkpt><trkpt lat="47.758730" lon="-122.957694"></trkpt><trkpt lat="47.758730" lon="-122.957851"></trkpt><trkpt lat="47.758745" lon="-122.957955"></trkpt><trkpt lat="47.758811" lon="-122.958002"></trkpt><trkpt lat="47.758877" lon="-122.958065"></trkpt><trkpt lat="47.758996" lon="-122.958100"></trkpt><trkpt lat="47.759091" lon="-122.958100"></trkpt><trkpt lat="47.759186" lon="-122.958100"></trkpt><trkpt lat="47.759276" lon="-122.958054"></trkpt><trkpt lat="47.759362" lon="-122.958019"></trkpt><trkpt lat="47.759442" lon="-122.957938"></trkpt><trkpt lat="47.759528" lon="-122.957886"></trkpt><trkpt lat="47.759618" lon="-122.957822"></trkpt><trkpt lat="47.759747" lon="-122.957752"></trkpt><trkpt lat="47.759817" lon="-122.957706"></trkpt><trkpt lat="47.759917" lon="-122.957659"></trkpt><trkpt lat="47.759998" lon="-122.957607"></trkpt><trkpt lat="47.760093" lon="-122.957572"></trkpt><trkpt lat="47.760183" lon="-122.957572"></trkpt><trkpt lat="47.760293" lon="-122.957572"></trkpt><trkpt lat="47.760378" lon="-122.957572"></trkpt><trkpt lat="47.760464" lon="-122.957572"></trkpt><trkpt lat="47.760545" lon="-122.957537"></trkpt><trkpt lat="47.760616" lon="-122.957468"></trkpt><trkpt lat="47.760692" lon="-122.957410"></trkpt><trkpt lat="47.760763" lon="-122.957357"></trkpt><trkpt lat="47.760830" lon="-122.957299"></trkpt><trkpt lat="47.760882" lon="-122.957230"></trkpt><trkpt lat="47.760944" lon="-122.957137"></trkpt><trkpt lat="47.761030" lon="-122.957015"></trkpt><trkpt lat="47.761096" lon="-122.956922"></trkpt><trkpt lat="47.761181" lon="-122.956871"></trkpt><trkpt lat="47.761620" lon="-122.956369"></trkpt><trkpt lat="47.761648" lon="-122.956352"></trkpt><trkpt lat="47.761686" lon="-122.956260"></trkpt><trkpt lat="47.761743" lon="-122.956173"></trkpt><trkpt lat="47.761824" lon="-122.956155"></trkpt><trkpt lat="47.761928" lon="-122.956155"></trkpt><trkpt lat="47.762052" lon="-122.956155"></trkpt><trkpt lat="47.762132" lon="-122.956173"></trkpt><trkpt lat="47.762217" lon="-122.956207"></trkpt><trkpt lat="47.762279" lon="-122.956306"></trkpt><trkpt lat="47.762365" lon="-122.956376"></trkpt><trkpt lat="47.762431" lon="-122.956486"></trkpt><trkpt lat="47.762474" lon="-122.956579"></trkpt><trkpt lat="47.762503" lon="-122.956701"></trkpt><trkpt lat="47.762512" lon="-122.956823"></trkpt><trkpt lat="47.762541" lon="-122.956962"></trkpt><trkpt lat="47.762593" lon="-122.957072"></trkpt><trkpt lat="47.762621" lon="-122.957211"></trkpt><trkpt lat="47.762678" lon="-122.957333"></trkpt><trkpt lat="47.762731" lon="-122.957438"></trkpt><trkpt lat="47.762759" lon="-122.957560"></trkpt><trkpt lat="47.762802" lon="-122.957670"></trkpt><trkpt lat="47.762845" lon="-122.957792"></trkpt><trkpt lat="47.762883" lon="-122.957931"></trkpt><trkpt lat="47.762954" lon="-122.957983"></trkpt><trkpt lat="47.763053" lon="-122.957983"></trkpt><trkpt lat="47.763105" lon="-122.957902"></trkpt><trkpt lat="47.763172" lon="-122.957838"></trkpt><trkpt lat="47.763229" lon="-122.957751"></trkpt><trkpt lat="47.763291" lon="-122.957670"></trkpt><trkpt lat="47.763343" lon="-122.957577"></trkpt><trkpt lat="47.763428" lon="-122.957368"></trkpt><trkpt lat="47.763457" lon="-122.957223"></trkpt><trkpt lat="47.763523" lon="-122.957153"></trkpt><trkpt lat="47.763589" lon="-122.957103"></trkpt><trkpt lat="47.763670" lon="-122.957039"></trkpt><trkpt lat="47.763746" lon="-122.956957"></trkpt><trkpt lat="47.763816" lon="-122.956871"></trkpt><trkpt lat="47.763882" lon="-122.956790"></trkpt><trkpt lat="47.763954" lon="-122.956721"></trkpt><trkpt lat="47.764039" lon="-122.956674"></trkpt><trkpt lat="47.764115" lon="-122.956640"></trkpt><trkpt lat="47.764196" lon="-122.956605"></trkpt><trkpt lat="47.764277" lon="-122.956524"></trkpt><trkpt lat="47.764348" lon="-122.956471"></trkpt><trkpt lat="47.764424" lon="-122.956373"></trkpt><trkpt lat="47.764462" lon="-122.956280"></trkpt><trkpt lat="47.764462" lon="-122.956147"></trkpt><trkpt lat="47.764427" lon="-122.955859"></trkpt><trkpt lat="47.764544" lon="-122.955645"></trkpt><trkpt lat="47.764691" lon="-122.955428"></trkpt><trkpt lat="47.764751" lon="-122.955125"></trkpt><trkpt lat="47.764868" lon="-122.954860"></trkpt><trkpt lat="47.764956" lon="-122.954593"></trkpt><trkpt lat="47.765045" lon="-122.954289"></trkpt><trkpt lat="47.765179" lon="-122.954036"></trkpt><trkpt lat="47.765312" lon="-122.953747"></trkpt><trkpt lat="47.765552" lon="-122.953655"></trkpt><trkpt lat="47.765685" lon="-122.953344"></trkpt><trkpt lat="47.765776" lon="-122.953032"></trkpt><trkpt lat="47.765981" lon="-122.952777"></trkpt><trkpt lat="47.766271" lon="-122.952777"></trkpt><trkpt lat="47.766526" lon="-122.952885"></trkpt><trkpt lat="47.766751" lon="-122.953048"></trkpt><trkpt lat="47.766929" lon="-122.953356"></trkpt><trkpt lat="47.767121" lon="-122.953572"></trkpt><trkpt lat="47.767420" lon="-122.953517"></trkpt><trkpt lat="47.767614" lon="-122.953389"></trkpt><trkpt lat="47.767835" lon="-122.953227"></trkpt><trkpt lat="47.767998" lon="-122.952935"></trkpt><trkpt lat="47.768130" lon="-122.952685"></trkpt><trkpt lat="47.768292" lon="-122.952377"></trkpt><trkpt lat="47.768456" lon="-122.952158"></trkpt><trkpt lat="47.768648" lon="-122.951905"></trkpt><trkpt lat="47.768859" lon="-122.951740"></trkpt><trkpt lat="47.769131" lon="-122.951629"></trkpt><trkpt lat="47.769368" lon="-122.951411"></trkpt><trkpt lat="47.769622" lon="-122.951356"></trkpt><trkpt lat="47.769829" lon="-122.951087"></trkpt><trkpt lat="47.769950" lon="-122.950834"></trkpt><trkpt lat="47.770038" lon="-122.950493"></trkpt><trkpt lat="47.770157" lon="-122.950238"></trkpt><trkpt lat="47.770247" lon="-122.949895"></trkpt><trkpt lat="47.770353" lon="-122.949569"></trkpt><trkpt lat="47.770486" lon="-122.949318"></trkpt><trkpt lat="47.770679" lon="-122.949120"></trkpt><trkpt lat="47.770958" lon="-122.949028"></trkpt><trkpt lat="47.771163" lon="-122.948883"></trkpt><trkpt lat="47.771410" lon="-122.948777"></trkpt><trkpt lat="47.771408" lon="-122.948458"></trkpt><trkpt lat="47.771116" lon="-122.948421"></trkpt><trkpt lat="47.770832" lon="-122.948476"></trkpt><trkpt lat="47.770576" lon="-122.948531"></trkpt><trkpt lat="47.770235" lon="-122.948586"></trkpt><trkpt lat="47.770044" lon="-122.948729"></trkpt><trkpt lat="47.769880" lon="-122.948890"></trkpt><trkpt lat="47.769639" lon="-122.949000"></trkpt><trkpt lat="47.769374" lon="-122.949000"></trkpt><trkpt lat="47.769110" lon="-122.948947"></trkpt><trkpt lat="47.768846" lon="-122.948911"></trkpt><trkpt lat="47.768560" lon="-122.948855"></trkpt><trkpt lat="47.768262" lon="-122.948855"></trkpt><trkpt lat="47.768036" lon="-122.948947"></trkpt><trkpt lat="47.767829" lon="-122.949111"></trkpt><trkpt lat="47.767624" lon="-122.949306"></trkpt><trkpt lat="47.767503" lon="-122.949617"></trkpt><trkpt lat="47.767326" lon="-122.949867"></trkpt><trkpt lat="47.767119" lon="-122.949867"></trkpt><trkpt lat="47.767030" lon="-122.949562"></trkpt><trkpt lat="47.766985" lon="-122.949180"></trkpt><trkpt lat="47.766769" lon="-122.949090"></trkpt><trkpt lat="47.766484" lon="-122.949145"></trkpt><trkpt lat="47.766228" lon="-122.949292"></trkpt><trkpt lat="47.765981" lon="-122.949345"></trkpt><trkpt lat="47.765640" lon="-122.949400"></trkpt><trkpt lat="47.765414" lon="-122.949453"></trkpt><trkpt lat="47.765013" lon="-122.949564"></trkpt><trkpt lat="47.764791" lon="-122.949729"></trkpt><trkpt lat="47.764580" lon="-122.949839"></trkpt><trkpt lat="47.764401" lon="-122.949984"></trkpt><trkpt lat="47.764220" lon="-122.950148"></trkpt><trkpt lat="47.763964" lon="-122.950056"></trkpt><trkpt lat="47.763874" lon="-122.949764"></trkpt><trkpt lat="47.763874" lon="-122.949334"></trkpt><trkpt lat="47.763991" lon="-122.948972"></trkpt><trkpt lat="47.764081" lon="-122.948662"></trkpt><trkpt lat="47.764171" lon="-122.948386"></trkpt><trkpt lat="47.764247" lon="-122.948041"></trkpt><trkpt lat="47.764322" lon="-122.947729"></trkpt><trkpt lat="47.764456" lon="-122.947363"></trkpt><trkpt lat="47.764531" lon="-122.947033"></trkpt><trkpt lat="47.764652" lon="-122.946777"></trkpt><trkpt lat="47.764817" lon="-122.946504"></trkpt><trkpt lat="47.765026" lon="-122.946375"></trkpt><trkpt lat="47.765160" lon="-122.946138"></trkpt><trkpt lat="47.765117" lon="-122.945745"></trkpt><trkpt lat="47.764996" lon="-122.945506"></trkpt><trkpt lat="47.764846" lon="-122.945290"></trkpt><trkpt lat="47.764846" lon="-122.944885"></trkpt><trkpt lat="47.764981" lon="-122.944609"></trkpt><trkpt lat="47.765234" lon="-122.944556"></trkpt><trkpt lat="47.765533" lon="-122.944556"></trkpt><trkpt lat="47.765757" lon="-122.944501"></trkpt><trkpt lat="47.765981" lon="-122.944391"></trkpt><trkpt lat="47.766220" lon="-122.944173"></trkpt><trkpt lat="47.766397" lon="-122.944007"></trkpt><trkpt lat="47.766591" lon="-122.943823"></trkpt><trkpt lat="47.766772" lon="-122.943658"></trkpt><trkpt lat="47.766938" lon="-122.943456"></trkpt><trkpt lat="47.767162" lon="-122.943180"></trkpt><trkpt lat="47.767388" lon="-122.943016"></trkpt><trkpt lat="47.767610" lon="-122.942798"></trkpt><trkpt lat="47.767859" lon="-122.942602"></trkpt><trkpt lat="47.768023" lon="-122.942347"></trkpt><trkpt lat="47.768066" lon="-122.941915"></trkpt><trkpt lat="47.768111" lon="-122.941554"></trkpt><trkpt lat="47.768290" lon="-122.941317"></trkpt><trkpt lat="47.768529" lon="-122.941225"></trkpt><trkpt lat="47.768648" lon="-122.940976"></trkpt><trkpt lat="47.768618" lon="-122.940563"></trkpt><trkpt lat="47.768574" lon="-122.940183"></trkpt><trkpt lat="47.768780" lon="-122.940093"></trkpt><trkpt lat="47.768989" lon="-122.940203"></trkpt><trkpt lat="47.769275" lon="-122.940203"></trkpt><trkpt lat="47.769527" lon="-122.940148"></trkpt><trkpt lat="47.769814" lon="-122.940038"></trkpt><trkpt lat="47.770109" lon="-122.940038"></trkpt><trkpt lat="47.770396" lon="-122.940038"></trkpt><trkpt lat="47.770471" lon="-122.939712"></trkpt><trkpt lat="47.770471" lon="-122.939298"></trkpt><trkpt lat="47.770576" lon="-122.939058"></trkpt><trkpt lat="47.770830" lon="-122.939006"></trkpt><trkpt lat="47.771107" lon="-122.939006"></trkpt><trkpt lat="47.771347" lon="-122.938953"></trkpt><trkpt lat="47.771497" lon="-122.938644"></trkpt><trkpt lat="47.771676" lon="-122.938394"></trkpt><trkpt lat="47.771827" lon="-122.938100"></trkpt><trkpt lat="47.771992" lon="-122.937805"></trkpt><trkpt lat="47.772173" lon="-122.937548"></trkpt><trkpt lat="47.772339" lon="-122.937272"></trkpt><trkpt lat="47.772414" lon="-122.936927"></trkpt><trkpt lat="47.772550" lon="-122.936670"></trkpt><trkpt lat="47.772595" lon="-122.936343"></trkpt><trkpt lat="47.772640" lon="-122.935960"></trkpt><trkpt lat="47.772640" lon="-122.935555"></trkpt><trkpt lat="47.772640" lon="-122.935151"></trkpt><trkpt lat="47.772640" lon="-122.934746"></trkpt><trkpt lat="47.772640" lon="-122.934325"></trkpt><trkpt lat="47.772718" lon="-122.931966"></trkpt><trkpt lat="47.772718" lon="-122.931660"></trkpt><trkpt lat="47.772718" lon="-122.931246"></trkpt><trkpt lat="47.772718" lon="-122.930851"></trkpt><trkpt lat="47.772673" lon="-122.930508"></trkpt><trkpt lat="47.772552" lon="-122.930202"></trkpt><trkpt lat="47.772477" lon="-122.929855"></trkpt><trkpt lat="47.772477" lon="-122.929432"></trkpt><trkpt lat="47.772432" lon="-122.929101"></trkpt><trkpt lat="47.772296" lon="-122.928788"></trkpt><trkpt lat="47.772191" lon="-122.928439"></trkpt><trkpt lat="47.772055" lon="-122.928184"></trkpt><trkpt lat="47.771935" lon="-122.927871"></trkpt><trkpt lat="47.771799" lon="-122.927541"></trkpt><trkpt lat="47.771709" lon="-122.927102"></trkpt><trkpt lat="47.771619" lon="-122.926736"></trkpt><trkpt lat="47.771483" lon="-122.926313"></trkpt><trkpt lat="47.771438" lon="-122.925945"></trkpt><trkpt lat="47.771438" lon="-122.925486"></trkpt><trkpt lat="47.771438" lon="-122.925051"></trkpt><trkpt lat="47.771348" lon="-122.924720"></trkpt><trkpt lat="47.771212" lon="-122.924389"></trkpt><trkpt lat="47.771016" lon="-122.924058"></trkpt><trkpt lat="47.770881" lon="-122.923562"></trkpt><trkpt lat="47.770881" lon="-122.923158"></trkpt><trkpt lat="47.770760" lon="-122.922845"></trkpt><trkpt lat="47.770625" lon="-122.922532"></trkpt><trkpt lat="47.770668" lon="-122.922192"></trkpt><trkpt lat="47.770698" lon="-122.921806"></trkpt><trkpt lat="47.770623" lon="-122.921383"></trkpt><trkpt lat="47.770578" lon="-122.920999"></trkpt><trkpt lat="47.770532" lon="-122.920615"></trkpt><trkpt lat="47.770532" lon="-122.920224"></trkpt><trkpt lat="47.770532" lon="-122.919833"></trkpt><trkpt lat="47.770459" lon="-122.919506"></trkpt><trkpt lat="47.770308" lon="-122.919306"></trkpt><trkpt lat="47.770128" lon="-122.919143"></trkpt><trkpt lat="47.770052" lon="-122.918743"></trkpt><trkpt lat="47.770098" lon="-122.918400"></trkpt><trkpt lat="47.770203" lon="-122.918145"></trkpt><trkpt lat="47.770382" lon="-122.917835"></trkpt><trkpt lat="47.770487" lon="-122.917504"></trkpt><trkpt lat="47.770623" lon="-122.917246"></trkpt><trkpt lat="47.770743" lon="-122.916915"></trkpt><trkpt lat="47.770834" lon="-122.916495"></trkpt><trkpt lat="47.770939" lon="-122.916152"></trkpt><trkpt lat="47.771075" lon="-122.915895"></trkpt><trkpt lat="47.771286" lon="-122.915693"></trkpt><trkpt lat="47.771451" lon="-122.915419"></trkpt><trkpt lat="47.771692" lon="-122.915274"></trkpt><trkpt lat="47.771843" lon="-122.915072"></trkpt><trkpt lat="47.772050" lon="-122.914927"></trkpt><trkpt lat="47.772259" lon="-122.914761"></trkpt><trkpt lat="47.772440" lon="-122.914561"></trkpt><trkpt lat="47.772440" lon="-122.914170"></trkpt><trkpt lat="47.772440" lon="-122.913761"></trkpt><trkpt lat="47.772784" lon="-122.913287"></trkpt></trkseg></trk><trk><name>T012 PN935B6</name><trkseg><trkpt lat="47.570181" lon="-123.650558"></trkpt><trkpt lat="47.568372" lon="-123.653637"></trkpt><trkpt lat="47.567947" lon="-123.654596"></trkpt><trkpt lat="47.567404" lon="-123.655498"></trkpt><trkpt lat="47.566093" lon="-123.656130"></trkpt><trkpt lat="47.564798" lon="-123.657288"></trkpt><trkpt lat="47.563621" lon="-123.658788"></trkpt><trkpt lat="47.563621" lon="-123.658806"></trkpt><trkpt lat="47.563537" lon="-123.658898"></trkpt><trkpt lat="47.563438" lon="-123.659016"></trkpt><trkpt lat="47.563363" lon="-123.659171"></trkpt><trkpt lat="47.563295" lon="-123.659299"></trkpt><trkpt lat="47.563257" lon="-123.659463"></trkpt><trkpt lat="47.563211" lon="-123.659618"></trkpt><trkpt lat="47.563128" lon="-123.659763"></trkpt><trkpt lat="47.562999" lon="-123.659864"></trkpt><trkpt lat="47.562892" lon="-123.660011"></trkpt><trkpt lat="47.562847" lon="-123.660212"></trkpt><trkpt lat="47.562595" lon="-123.661635"></trkpt><trkpt lat="47.561056" lon="-123.664159"></trkpt><trkpt lat="47.560229" lon="-123.664990"></trkpt><trkpt lat="47.558626" lon="-123.667398"></trkpt><trkpt lat="47.557627" lon="-123.668120"></trkpt><trkpt lat="47.557020" lon="-123.669255"></trkpt><trkpt lat="47.555395" lon="-123.670349"></trkpt><trkpt lat="47.555160" lon="-123.671841"></trkpt><trkpt lat="47.554409" lon="-123.673554"></trkpt><trkpt lat="47.553535" lon="-123.674048"></trkpt><trkpt lat="47.552543" lon="-123.673937"></trkpt><trkpt lat="47.552043" lon="-123.674229"></trkpt><trkpt lat="47.551787" lon="-123.674181"></trkpt><trkpt lat="47.551720" lon="-123.674101"></trkpt><trkpt lat="47.551653" lon="-123.673937"></trkpt><trkpt lat="47.551608" lon="-123.673801"></trkpt><trkpt lat="47.551532" lon="-123.673683"></trkpt><trkpt lat="47.551395" lon="-123.673600"></trkpt><trkpt lat="47.551251" lon="-123.673527"></trkpt><trkpt lat="47.551092" lon="-123.673527"></trkpt><trkpt lat="47.550963" lon="-123.673554"></trkpt><trkpt lat="47.550828" lon="-123.673608"></trkpt><trkpt lat="47.550828" lon="-123.673820"></trkpt><trkpt lat="47.550843" lon="-123.674028"></trkpt><trkpt lat="47.550843" lon="-123.674244"></trkpt><trkpt lat="47.550784" lon="-123.674415"></trkpt><trkpt lat="47.550723" lon="-123.674579"></trkpt><trkpt lat="47.550647" lon="-123.674706"></trkpt><trkpt lat="47.550557" lon="-123.674786"></trkpt><trkpt lat="47.549618" lon="-123.674337"></trkpt><trkpt lat="47.548737" lon="-123.674474"></trkpt><trkpt lat="47.546519" lon="-123.675019"></trkpt><trkpt lat="47.545633" lon="-123.675614"></trkpt><trkpt lat="47.541595" lon="-123.675560"></trkpt><trkpt lat="47.540639" lon="-123.676422"></trkpt><trkpt lat="47.540565" lon="-123.676633"></trkpt><trkpt lat="47.540447" lon="-123.676901"></trkpt><trkpt lat="47.540179" lon="-123.677010"></trkpt><trkpt lat="47.539908" lon="-123.677119"></trkpt><trkpt lat="47.539597" lon="-123.677155"></trkpt><trkpt lat="47.539343" lon="-123.677264"></trkpt><trkpt lat="47.539042" lon="-123.677373"></trkpt><trkpt lat="47.538741" lon="-123.677373"></trkpt><trkpt lat="47.538439" lon="-123.677373"></trkpt><trkpt lat="47.538140" lon="-123.677373"></trkpt><trkpt lat="47.537856" lon="-123.677373"></trkpt><trkpt lat="47.537560" lon="-123.677373"></trkpt><trkpt lat="47.537336" lon="-123.677477"></trkpt><trkpt lat="47.537038" lon="-123.677568"></trkpt><trkpt lat="47.536767" lon="-123.677786"></trkpt><trkpt lat="47.536511" lon="-123.677877"></trkpt><trkpt lat="47.535491" lon="-123.678758"></trkpt><trkpt lat="47.536089" lon="-123.680787"></trkpt><trkpt lat="47.535728" lon="-123.684318"></trkpt><trkpt lat="47.535118" lon="-123.691071"></trkpt><trkpt lat="47.535118" lon="-123.691498"></trkpt><trkpt lat="47.535072" lon="-123.691843"></trkpt><trkpt lat="47.535118" lon="-123.692204"></trkpt><trkpt lat="47.535251" lon="-123.692510"></trkpt><trkpt lat="47.535417" lon="-123.692819"></trkpt><trkpt lat="47.535507" lon="-123.693200"></trkpt><trkpt lat="47.535477" lon="-123.693636"></trkpt><trkpt lat="47.535432" lon="-123.693997"></trkpt><trkpt lat="47.535387" lon="-123.694357"></trkpt><trkpt lat="47.535387" lon="-123.694773"></trkpt><trkpt lat="47.535342" lon="-123.695186"></trkpt><trkpt lat="47.535342" lon="-123.695583"></trkpt><trkpt lat="47.535251" lon="-123.695928"></trkpt><trkpt lat="47.535116" lon="-123.696255"></trkpt><trkpt lat="47.535025" lon="-123.696600"></trkpt><trkpt lat="47.534980" lon="-123.697015"></trkpt><trkpt lat="47.533868" lon="-123.700002"></trkpt><trkpt lat="47.533868" lon="-123.700352"></trkpt><trkpt lat="47.533868" lon="-123.700756"></trkpt><trkpt lat="47.534003" lon="-123.701063"></trkpt><trkpt lat="47.534094" lon="-123.701426"></trkpt><trkpt lat="47.534124" lon="-123.701823"></trkpt><trkpt lat="47.534169" lon="-123.702222"></trkpt><trkpt lat="47.534289" lon="-123.702567"></trkpt><trkpt lat="47.534455" lon="-123.702876"></trkpt><trkpt lat="47.534621" lon="-123.703166"></trkpt><trkpt lat="47.534711" lon="-123.703511"></trkpt><trkpt lat="47.534847" lon="-123.703765"></trkpt><trkpt lat="47.534967" lon="-123.704090"></trkpt><trkpt lat="47.535103" lon="-123.704326"></trkpt><trkpt lat="47.535268" lon="-123.704634"></trkpt><trkpt lat="47.535434" lon="-123.704888"></trkpt><trkpt lat="47.535645" lon="-123.705161"></trkpt><trkpt lat="47.535780" lon="-123.705415"></trkpt><trkpt lat="47.535871" lon="-123.705778"></trkpt><trkpt lat="47.535946" lon="-123.706116"></trkpt><trkpt lat="47.536082" lon="-123.706389"></trkpt><trkpt lat="47.536245" lon="-123.706640"></trkpt><trkpt lat="47.536366" lon="-123.707040"></trkpt><trkpt lat="47.536456" lon="-123.707403"></trkpt><trkpt lat="47.536456" lon="-123.707839"></trkpt><trkpt lat="47.536411" lon="-123.708236"></trkpt><trkpt lat="47.536336" lon="-123.708579"></trkpt><trkpt lat="47.536291" lon="-123.708919"></trkpt><trkpt lat="47.536291" lon="-123.709353"></trkpt><trkpt lat="47.536202" lon="-123.709713"></trkpt><trkpt lat="47.536112" lon="-123.710022"></trkpt><trkpt lat="47.535976" lon="-123.710328"></trkpt><trkpt lat="47.535795" lon="-123.710619"></trkpt><trkpt lat="47.535584" lon="-123.710873"></trkpt><trkpt lat="47.535389" lon="-123.711182"></trkpt><trkpt lat="47.535298" lon="-123.711536"></trkpt><trkpt lat="47.535462" lon="-123.711736"></trkpt><trkpt lat="47.535553" lon="-123.712024"></trkpt><trkpt lat="47.535598" lon="-123.712403"></trkpt><trkpt lat="47.535630" lon="-123.713667"></trkpt><trkpt lat="47.535630" lon="-123.713865"></trkpt><trkpt lat="47.535794" lon="-123.714078"></trkpt><trkpt lat="47.535869" lon="-123.714449"></trkpt><trkpt lat="47.535869" lon="-123.714751"></trkpt><trkpt lat="47.535675" lon="-123.715003"></trkpt><trkpt lat="47.535555" lon="-123.715250"></trkpt><trkpt lat="47.535420" lon="-123.715516"></trkpt><trkpt lat="47.535465" lon="-123.715904"></trkpt><trkpt lat="47.535570" lon="-123.716206"></trkpt><trkpt lat="47.535525" lon="-123.716527"></trkpt><trkpt lat="47.535391" lon="-123.716724"></trkpt><trkpt lat="47.535256" lon="-123.716960"></trkpt><trkpt lat="47.535120" lon="-123.717230"></trkpt><trkpt lat="47.535120" lon="-123.717623"></trkpt><trkpt lat="47.535120" lon="-123.718020"></trkpt><trkpt lat="47.535120" lon="-123.718429"></trkpt><trkpt lat="47.535150" lon="-123.718847"></trkpt><trkpt lat="47.535225" lon="-123.719207"></trkpt><trkpt lat="47.535391" lon="-123.719425"></trkpt><trkpt lat="47.535572" lon="-123.719679"></trkpt><trkpt lat="47.535738" lon="-123.720024"></trkpt><trkpt lat="47.535783" lon="-123.720403"></trkpt><trkpt lat="47.536724" lon="-123.728296"></trkpt><trkpt lat="47.537600" lon="-123.735881"></trkpt><trkpt lat="47.537630" lon="-123.735918"></trkpt><trkpt lat="47.537660" lon="-123.736315"></trkpt><trkpt lat="47.537615" lon="-123.736732"></trkpt><trkpt lat="47.537539" lon="-123.737077"></trkpt><trkpt lat="47.537404" lon="-123.737404"></trkpt><trkpt lat="47.537272" lon="-123.737831"></trkpt><trkpt lat="47.537136" lon="-123.738122"></trkpt><trkpt lat="47.536986" lon="-123.738466"></trkpt><trkpt lat="47.536850" lon="-123.738739"></trkpt><trkpt lat="47.536850" lon="-123.739174"></trkpt><trkpt lat="47.536850" lon="-123.739592"></trkpt><trkpt lat="47.536971" lon="-123.739955"></trkpt><trkpt lat="47.537106" lon="-123.740282"></trkpt><trkpt lat="47.537225" lon="-123.740622"></trkpt><trkpt lat="47.537315" lon="-123.740949"></trkpt><trkpt lat="47.537406" lon="-123.741312"></trkpt><trkpt lat="47.537451" lon="-123.741709"></trkpt><trkpt lat="47.537496" lon="-123.742143"></trkpt><trkpt lat="47.536978" lon="-123.753950"></trkpt><trkpt lat="47.536978" lon="-123.754106"></trkpt><trkpt lat="47.536904" lon="-123.754422"></trkpt><trkpt lat="47.536829" lon="-123.754779"></trkpt><trkpt lat="47.536739" lon="-123.755049"></trkpt><trkpt lat="47.536573" lon="-123.755358"></trkpt><trkpt lat="47.536453" lon="-123.755702"></trkpt><trkpt lat="47.536242" lon="-123.756029"></trkpt><trkpt lat="47.536048" lon="-123.756372"></trkpt><trkpt lat="47.535957" lon="-123.756753"></trkpt><trkpt lat="47.535957" lon="-123.757171"></trkpt><trkpt lat="47.535957" lon="-123.757606"></trkpt><trkpt lat="47.535927" lon="-123.758203"></trkpt><trkpt lat="47.535972" lon="-123.758650"></trkpt><trkpt lat="47.535927" lon="-123.759050"></trkpt><trkpt lat="47.535792" lon="-123.759358"></trkpt><trkpt lat="47.535656" lon="-123.759629"></trkpt><trkpt lat="47.535656" lon="-123.760026"></trkpt><trkpt lat="47.535566" lon="-123.760405"></trkpt><trkpt lat="47.535400" lon="-123.760750"></trkpt><trkpt lat="47.535310" lon="-123.761161"></trkpt><trkpt lat="47.535385" lon="-123.761560"></trkpt><trkpt lat="47.535385" lon="-123.761959"></trkpt><trkpt lat="47.535265" lon="-123.762282"></trkpt><trkpt lat="47.535084" lon="-123.762663"></trkpt><trkpt lat="47.534903" lon="-123.763008"></trkpt><trkpt lat="47.534858" lon="-123.763385"></trkpt><trkpt lat="47.534677" lon="-123.763657"></trkpt><trkpt lat="47.534512" lon="-123.764038"></trkpt><trkpt lat="47.534436" lon="-123.764327"></trkpt><trkpt lat="47.534363" lon="-123.764719"></trkpt><trkpt lat="47.534259" lon="-123.764992"></trkpt><trkpt lat="47.534124" lon="-123.765391"></trkpt><trkpt lat="47.534033" lon="-123.765750"></trkpt><trkpt lat="47.534003" lon="-123.766149"></trkpt><trkpt lat="47.533883" lon="-123.766512"></trkpt><trkpt lat="47.533747" lon="-123.766766"></trkpt><trkpt lat="47.533657" lon="-123.767091"></trkpt><trkpt lat="47.533538" lon="-123.767343"></trkpt><trkpt lat="47.533297" lon="-123.767542"></trkpt><trkpt lat="47.533071" lon="-123.767742"></trkpt><trkpt lat="47.532906" lon="-123.767978"></trkpt><trkpt lat="47.532860" lon="-123.768446"></trkpt><trkpt lat="47.532860" lon="-123.768861"></trkpt><trkpt lat="47.532906" lon="-123.769188"></trkpt><trkpt lat="47.532906" lon="-123.769605"></trkpt><trkpt lat="47.532845" lon="-123.769984"></trkpt><trkpt lat="47.532725" lon="-123.770293"></trkpt><trkpt lat="47.532604" lon="-123.770656"></trkpt><trkpt lat="47.532484" lon="-123.771001"></trkpt><trkpt lat="47.532378" lon="-123.771344"></trkpt><trkpt lat="47.532153" lon="-123.771616"></trkpt><trkpt lat="47.531836" lon="-123.771888"></trkpt><trkpt lat="47.531595" lon="-123.772034"></trkpt><trkpt lat="47.531369" lon="-123.772306"></trkpt><trkpt lat="47.531160" lon="-123.772612"></trkpt><trkpt lat="47.531025" lon="-123.772937"></trkpt><trkpt lat="47.530801" lon="-123.773137"></trkpt><trkpt lat="47.530456" lon="-123.773336"></trkpt><trkpt lat="47.530215" lon="-123.773534"></trkpt><trkpt lat="47.530038" lon="-123.773856"></trkpt><trkpt lat="47.529887" lon="-123.774108"></trkpt><trkpt lat="47.529752" lon="-123.774342"></trkpt><trkpt lat="47.529662" lon="-123.774664"></trkpt><trkpt lat="47.529556" lon="-123.774971"></trkpt><trkpt lat="47.529377" lon="-123.775243"></trkpt><trkpt lat="47.529151" lon="-123.775461"></trkpt><trkpt lat="47.528956" lon="-123.775695"></trkpt><trkpt lat="47.528775" lon="-123.775967"></trkpt><trkpt lat="47.528686" lon="-123.776330"></trkpt><trkpt lat="47.528430" lon="-123.776639"></trkpt><trkpt lat="47.528282" lon="-123.776927"></trkpt><trkpt lat="47.528101" lon="-123.777235"></trkpt><trkpt lat="47.527922" lon="-123.777556"></trkpt><trkpt lat="47.527848" lon="-123.777896"></trkpt><trkpt lat="47.527728" lon="-123.778241"></trkpt><trkpt lat="47.527653" lon="-123.778604"></trkpt><trkpt lat="47.527653" lon="-123.779003"></trkpt><trkpt lat="47.527562" lon="-123.779294"></trkpt><trkpt lat="47.527487" lon="-123.779594"></trkpt><trkpt lat="47.527263" lon="-123.779739"></trkpt><trkpt lat="47.527022" lon="-123.779848"></trkpt><trkpt lat="47.526721" lon="-123.780011"></trkpt><trkpt lat="47.526510" lon="-123.780120"></trkpt><trkpt lat="47.526209" lon="-123.780175"></trkpt><trkpt lat="47.525922" lon="-123.780175"></trkpt><trkpt lat="47.525651" lon="-123.780175"></trkpt><trkpt lat="47.525380" lon="-123.780229"></trkpt><trkpt lat="47.525111" lon="-123.780265"></trkpt><trkpt lat="47.524889" lon="-123.780463"></trkpt><trkpt lat="47.524667" lon="-123.780674"></trkpt><trkpt lat="47.524457" lon="-123.780908"></trkpt><trkpt lat="47.524354" lon="-123.781142"></trkpt><trkpt lat="47.524220" lon="-123.781408"></trkpt><trkpt lat="47.524100" lon="-123.781657"></trkpt><trkpt lat="47.524069" lon="-123.782018"></trkpt><trkpt lat="47.523906" lon="-123.782200"></trkpt><trkpt lat="47.523815" lon="-123.782556"></trkpt><trkpt lat="47.523202" lon="-123.783486"></trkpt><trkpt lat="47.523038" lon="-123.783792"></trkpt><trkpt lat="47.522812" lon="-123.784010"></trkpt><trkpt lat="47.522511" lon="-123.784228"></trkpt><trkpt lat="47.522285" lon="-123.784482"></trkpt><trkpt lat="47.522119" lon="-123.784754"></trkpt><trkpt lat="47.521938" lon="-123.784972"></trkpt><trkpt lat="47.521758" lon="-123.785261"></trkpt><trkpt lat="47.521577" lon="-123.785587"></trkpt><trkpt lat="47.521398" lon="-123.785894"></trkpt><trkpt lat="47.521264" lon="-123.786218"></trkpt><trkpt lat="47.521099" lon="-123.786581"></trkpt><trkpt lat="47.520920" lon="-123.786890"></trkpt><trkpt lat="47.520754" lon="-123.787144"></trkpt><trkpt lat="47.520543" lon="-123.787453"></trkpt><trkpt lat="47.520408" lon="-123.787761"></trkpt><trkpt lat="47.520274" lon="-123.788070"></trkpt><trkpt lat="47.520123" lon="-123.788379"></trkpt><trkpt lat="47.519942" lon="-123.788705"></trkpt><trkpt lat="47.519777" lon="-123.788996"></trkpt><trkpt lat="47.519566" lon="-123.789304"></trkpt><trkpt lat="47.519385" lon="-123.789577"></trkpt><trkpt lat="47.519220" lon="-123.789885"></trkpt><trkpt lat="47.519054" lon="-123.790176"></trkpt><trkpt lat="47.518873" lon="-123.790428"></trkpt><trkpt lat="47.518711" lon="-123.790643"></trkpt><trkpt lat="47.518470" lon="-123.790843"></trkpt><trkpt lat="47.518201" lon="-123.790897"></trkpt><trkpt lat="47.516723" lon="-123.791230"></trkpt><trkpt lat="47.511940" lon="-123.792590"></trkpt><trkpt lat="47.511763" lon="-123.792626"></trkpt><trkpt lat="47.511570" lon="-123.792787"></trkpt><trkpt lat="47.511299" lon="-123.792841"></trkpt><trkpt lat="47.511094" lon="-123.792982"></trkpt><trkpt lat="47.510913" lon="-123.793143"></trkpt><trkpt lat="47.510749" lon="-123.793359"></trkpt><trkpt lat="47.510644" lon="-123.793736"></trkpt><trkpt lat="47.510527" lon="-123.793997"></trkpt><trkpt lat="47.510440" lon="-123.794347"></trkpt><trkpt lat="47.510261" lon="-123.794652"></trkpt><trkpt lat="47.510173" lon="-123.794952"></trkpt><trkpt lat="47.510173" lon="-123.795358"></trkpt><trkpt lat="47.510173" lon="-123.795751"></trkpt><trkpt lat="47.510203" lon="-123.796137"></trkpt><trkpt lat="47.510278" lon="-123.796530"></trkpt><trkpt lat="47.510323" lon="-123.796941"></trkpt><trkpt lat="47.510399" lon="-123.804093"></trkpt><trkpt lat="47.510399" lon="-123.804448"></trkpt><trkpt lat="47.510399" lon="-123.804859"></trkpt><trkpt lat="47.510532" lon="-123.805165"></trkpt><trkpt lat="47.510666" lon="-123.805469"></trkpt><trkpt lat="47.510696" lon="-123.805842"></trkpt><trkpt lat="47.510817" lon="-123.806148"></trkpt><trkpt lat="47.510907" lon="-123.806400"></trkpt><trkpt lat="47.510997" lon="-123.806743"></trkpt><trkpt lat="47.511086" lon="-123.807049"></trkpt><trkpt lat="47.511131" lon="-123.807440"></trkpt><trkpt lat="47.511131" lon="-123.807889"></trkpt><trkpt lat="47.511131" lon="-123.808300"></trkpt><trkpt lat="47.511058" lon="-123.808623"></trkpt><trkpt lat="47.511028" lon="-123.808984"></trkpt><trkpt lat="47.510952" lon="-123.809299"></trkpt><trkpt lat="47.510819" lon="-123.809565"></trkpt><trkpt lat="47.510653" lon="-123.809856"></trkpt><trkpt lat="47.510517" lon="-123.810235"></trkpt><trkpt lat="47.510563" lon="-123.817796"></trkpt><trkpt lat="47.504675" lon="-123.817799"></trkpt><trkpt lat="47.504421" lon="-123.817799"></trkpt><trkpt lat="47.504150" lon="-123.817799"></trkpt><trkpt lat="47.503924" lon="-123.817907"></trkpt><trkpt lat="47.503670" lon="-123.818017"></trkpt><trkpt lat="47.503415" lon="-123.818178"></trkpt><trkpt lat="47.503325" lon="-123.818480"></trkpt><trkpt lat="47.503329" lon="-123.823219"></trkpt><trkpt lat="47.503225" lon="-123.834157"></trkpt><trkpt lat="47.503157" lon="-123.835599"></trkpt><trkpt lat="47.502849" lon="-123.836389"></trkpt><trkpt lat="47.502158" lon="-123.837775"></trkpt><trkpt lat="47.501908" lon="-123.839497"></trkpt><trkpt lat="47.501410" lon="-123.841644"></trkpt><trkpt lat="47.500474" lon="-123.844695"></trkpt><trkpt lat="47.500077" lon="-123.846354"></trkpt><trkpt lat="47.499631" lon="-123.847068"></trkpt><trkpt lat="47.499247" lon="-123.847820"></trkpt><trkpt lat="47.498401" lon="-123.850226"></trkpt><trkpt lat="47.496952" lon="-123.853882"></trkpt><trkpt lat="47.496952" lon="-123.853893"></trkpt><trkpt lat="47.496909" lon="-123.853990"></trkpt><trkpt lat="47.496885" lon="-123.854104"></trkpt><trkpt lat="47.496843" lon="-123.854242"></trkpt><trkpt lat="47.496805" lon="-123.854345"></trkpt><trkpt lat="47.496748" lon="-123.854465"></trkpt><trkpt lat="47.496709" lon="-123.854580"></trkpt><trkpt lat="47.496671" lon="-123.854683"></trkpt><trkpt lat="47.496633" lon="-123.854786"></trkpt><trkpt lat="47.496591" lon="-123.854889"></trkpt><trkpt lat="47.496534" lon="-123.854992"></trkpt><trkpt lat="47.496458" lon="-123.855084"></trkpt><trkpt lat="47.496391" lon="-123.855198"></trkpt><trkpt lat="47.496016" lon="-123.855896"></trkpt><trkpt lat="47.496007" lon="-123.855913"></trkpt><trkpt lat="47.495950" lon="-123.855980"></trkpt><trkpt lat="47.495907" lon="-123.856043"></trkpt><trkpt lat="47.495865" lon="-123.856111"></trkpt><trkpt lat="47.495836" lon="-123.856195"></trkpt><trkpt lat="47.495780" lon="-123.856241"></trkpt><trkpt lat="47.495728" lon="-123.856303"></trkpt><trkpt lat="47.495685" lon="-123.856383"></trkpt><trkpt lat="47.495642" lon="-123.856468"></trkpt><trkpt lat="47.495619" lon="-123.856576"></trkpt><trkpt lat="47.495591" lon="-123.856670"></trkpt><trkpt lat="47.495534" lon="-123.856785"></trkpt><trkpt lat="47.495501" lon="-123.856870"></trkpt><trkpt lat="47.495472" lon="-123.856996"></trkpt><trkpt lat="47.495458" lon="-123.857122"></trkpt><trkpt lat="47.495434" lon="-123.857231"></trkpt><trkpt lat="47.495434" lon="-123.857368"></trkpt><trkpt lat="47.495434" lon="-123.857494"></trkpt><trkpt lat="47.495420" lon="-123.857625"></trkpt><trkpt lat="47.495420" lon="-123.857756"></trkpt><trkpt lat="47.495420" lon="-123.857882"></trkpt><trkpt lat="47.495420" lon="-123.858020"></trkpt><trkpt lat="47.495420" lon="-123.858145"></trkpt><trkpt lat="47.495424" lon="-123.858335"></trkpt><trkpt lat="47.495424" lon="-123.858352"></trkpt><trkpt lat="47.495387" lon="-123.858443"></trkpt><trkpt lat="47.495345" lon="-123.858538"></trkpt><trkpt lat="47.495293" lon="-123.858611"></trkpt><trkpt lat="47.495251" lon="-123.858708"></trkpt><trkpt lat="47.495222" lon="-123.858805"></trkpt><trkpt lat="47.495179" lon="-123.858891"></trkpt><trkpt lat="47.495127" lon="-123.858987"></trkpt><trkpt lat="47.495080" lon="-123.859091"></trkpt><trkpt lat="47.495052" lon="-123.859192"></trkpt><trkpt lat="47.494985" lon="-123.859330"></trkpt><trkpt lat="47.494928" lon="-123.859450"></trkpt><trkpt lat="47.494876" lon="-123.859564"></trkpt><trkpt lat="47.494819" lon="-123.859667"></trkpt><trkpt lat="47.494762" lon="-123.859803"></trkpt><trkpt lat="47.494724" lon="-123.859889"></trkpt><trkpt lat="47.494666" lon="-123.859975"></trkpt><trkpt lat="47.494628" lon="-123.860118"></trkpt><trkpt lat="47.494590" lon="-123.860238"></trkpt><trkpt lat="47.494552" lon="-123.860393"></trkpt><trkpt lat="47.494510" lon="-123.860496"></trkpt><trkpt lat="47.494467" lon="-123.860599"></trkpt><trkpt lat="47.494419" lon="-123.860701"></trkpt><trkpt lat="47.494363" lon="-123.860786"></trkpt><trkpt lat="47.494291" lon="-123.860866"></trkpt><trkpt lat="47.494207" lon="-123.860935"></trkpt><trkpt lat="47.494207" lon="-123.861071"></trkpt><trkpt lat="47.494192" lon="-123.861197"></trkpt><trkpt lat="47.494168" lon="-123.861311"></trkpt><trkpt lat="47.494145" lon="-123.861426"></trkpt><trkpt lat="47.494130" lon="-123.861541"></trkpt><trkpt lat="47.494116" lon="-123.861678"></trkpt><trkpt lat="47.494092" lon="-123.861810"></trkpt><trkpt lat="47.494078" lon="-123.861924"></trkpt><trkpt lat="47.494064" lon="-123.862026"></trkpt><trkpt lat="47.493984" lon="-123.862071"></trkpt><trkpt lat="47.493893" lon="-123.862100"></trkpt><trkpt lat="47.493808" lon="-123.862117"></trkpt><trkpt lat="47.493733" lon="-123.862168"></trkpt><trkpt lat="47.493652" lon="-123.862197"></trkpt><trkpt lat="47.493576" lon="-123.862225"></trkpt><trkpt lat="47.493500" lon="-123.862260"></trkpt><trkpt lat="47.493415" lon="-123.862311"></trkpt><trkpt lat="47.493330" lon="-123.862363"></trkpt><trkpt lat="47.493245" lon="-123.862363"></trkpt><trkpt lat="47.493034" lon="-123.862655"></trkpt><trkpt lat="47.493020" lon="-123.862671"></trkpt><trkpt lat="47.492969" lon="-123.862755"></trkpt><trkpt lat="47.492941" lon="-123.862867"></trkpt><trkpt lat="47.492884" lon="-123.862981"></trkpt><trkpt lat="47.492884" lon="-123.863107"></trkpt><trkpt lat="47.492884" lon="-123.863238"></trkpt><trkpt lat="47.492884" lon="-123.863370"></trkpt><trkpt lat="47.492884" lon="-123.863501"></trkpt><trkpt lat="47.492870" lon="-123.863604"></trkpt><trkpt lat="47.492856" lon="-123.863724"></trkpt><trkpt lat="47.492856" lon="-123.863856"></trkpt><trkpt lat="47.492856" lon="-123.863981"></trkpt><trkpt lat="47.492856" lon="-123.864111"></trkpt><trkpt lat="47.492856" lon="-123.864253"></trkpt><trkpt lat="47.492856" lon="-123.864383"></trkpt><trkpt lat="47.492813" lon="-123.864480"></trkpt><trkpt lat="47.492789" lon="-123.864628"></trkpt><trkpt lat="47.492803" lon="-123.864747"></trkpt><trkpt lat="47.492803" lon="-123.864873"></trkpt><trkpt lat="47.492817" lon="-123.864991"></trkpt><trkpt lat="47.492840" lon="-123.865105"></trkpt><trkpt lat="47.492840" lon="-123.865235"></trkpt><trkpt lat="47.492827" lon="-123.865357"></trkpt><trkpt lat="47.492784" lon="-123.865454"></trkpt><trkpt lat="47.492755" lon="-123.865546"></trkpt><trkpt lat="47.492755" lon="-123.865680"></trkpt><trkpt lat="47.492483" lon="-123.866291"></trkpt><trkpt lat="47.491261" lon="-123.868278"></trkpt><trkpt lat="47.491091" lon="-123.868723"></trkpt><trkpt lat="47.490327" lon="-123.870511"></trkpt><trkpt lat="47.489817" lon="-123.870963"></trkpt><trkpt lat="47.488946" lon="-123.871512"></trkpt><trkpt lat="47.488321" lon="-123.872022"></trkpt><trkpt lat="47.487129" lon="-123.873658"></trkpt><trkpt lat="47.486226" lon="-123.875238"></trkpt><trkpt lat="47.484886" lon="-123.876867"></trkpt><trkpt lat="47.483815" lon="-123.879388"></trkpt><trkpt lat="47.483677" lon="-123.879901"></trkpt><trkpt lat="47.483321" lon="-123.880786"></trkpt><trkpt lat="47.483199" lon="-123.881626"></trkpt><trkpt lat="47.483039" lon="-123.883205"></trkpt><trkpt lat="47.482992" lon="-123.883596"></trkpt><trkpt lat="47.482417" lon="-123.886394"></trkpt><trkpt lat="47.482224" lon="-123.886981"></trkpt><trkpt lat="47.481840" lon="-123.887593"></trkpt><trkpt lat="47.481650" lon="-123.888501"></trkpt><trkpt lat="47.481588" lon="-123.889409"></trkpt><trkpt lat="47.482118" lon="-123.891296"></trkpt><trkpt lat="47.482161" lon="-123.891946"></trkpt><trkpt lat="47.481710" lon="-123.894037"></trkpt><trkpt lat="47.481001" lon="-123.896503"></trkpt><trkpt lat="47.480350" lon="-123.898713"></trkpt><trkpt lat="47.479784" lon="-123.896283"></trkpt><trkpt lat="47.479815" lon="-123.895643"></trkpt><trkpt lat="47.480132" lon="-123.895111"></trkpt><trkpt lat="47.479810" lon="-123.895571"></trkpt><trkpt lat="47.479763" lon="-123.896097"></trkpt><trkpt lat="47.480365" lon="-123.898647"></trkpt><trkpt lat="47.479892" lon="-123.900407"></trkpt><trkpt lat="47.479175" lon="-123.901725"></trkpt><trkpt lat="47.477801" lon="-123.903614"></trkpt><trkpt lat="47.476630" lon="-123.904231"></trkpt><trkpt lat="47.475956" lon="-123.904909"></trkpt><trkpt lat="47.474678" lon="-123.907045"></trkpt><trkpt lat="47.474253" lon="-123.908362"></trkpt><trkpt lat="47.473912" lon="-123.910862"></trkpt><trkpt lat="47.473510" lon="-123.912656"></trkpt><trkpt lat="47.473510" lon="-123.912712"></trkpt><trkpt lat="47.473481" lon="-123.912836"></trkpt><trkpt lat="47.473438" lon="-123.912905"></trkpt><trkpt lat="47.473424" lon="-123.913013"></trkpt><trkpt lat="47.473410" lon="-123.913122"></trkpt><trkpt lat="47.473367" lon="-123.913219"></trkpt><trkpt lat="47.473296" lon="-123.913322"></trkpt><trkpt lat="47.473244" lon="-123.913431"></trkpt><trkpt lat="47.473191" lon="-123.913551"></trkpt><trkpt lat="47.473163" lon="-123.913660"></trkpt><trkpt lat="47.473163" lon="-123.913792"></trkpt><trkpt lat="47.473148" lon="-123.913912"></trkpt><trkpt lat="47.473163" lon="-123.914043"></trkpt><trkpt lat="47.473186" lon="-123.914163"></trkpt><trkpt lat="47.473201" lon="-123.914289"></trkpt><trkpt lat="47.473201" lon="-123.914444"></trkpt><trkpt lat="47.473201" lon="-123.914580"></trkpt><trkpt lat="47.473201" lon="-123.914717"></trkpt><trkpt lat="47.473215" lon="-123.914837"></trkpt><trkpt lat="47.473229" lon="-123.914968"></trkpt><trkpt lat="47.473243" lon="-123.915092"></trkpt><trkpt lat="47.473257" lon="-123.915229"></trkpt><trkpt lat="47.473271" lon="-123.915344"></trkpt><trkpt lat="47.473300" lon="-123.915447"></trkpt><trkpt lat="47.473328" lon="-123.915559"></trkpt><trkpt lat="47.473357" lon="-123.915673"></trkpt><trkpt lat="47.473371" lon="-123.915774"></trkpt><trkpt lat="47.473419" lon="-123.915842"></trkpt><trkpt lat="47.473470" lon="-123.915931"></trkpt><trkpt lat="47.473513" lon="-123.916017"></trkpt><trkpt lat="47.473513" lon="-123.916139"></trkpt><trkpt lat="47.473513" lon="-123.916277"></trkpt><trkpt lat="47.473513" lon="-123.916414"></trkpt><trkpt lat="47.473087" lon="-123.919065"></trkpt><trkpt lat="47.473059" lon="-123.919132"></trkpt><trkpt lat="47.473021" lon="-123.919223"></trkpt><trkpt lat="47.472979" lon="-123.919355"></trkpt><trkpt lat="47.472936" lon="-123.919457"></trkpt><trkpt lat="47.472912" lon="-123.919566"></trkpt><trkpt lat="47.472860" lon="-123.919675"></trkpt><trkpt lat="47.472818" lon="-123.919759"></trkpt><trkpt lat="47.472790" lon="-123.919862"></trkpt><trkpt lat="47.472747" lon="-123.919942"></trkpt><trkpt lat="47.472680" lon="-123.920034"></trkpt><trkpt lat="47.472610" lon="-123.920136"></trkpt><trkpt lat="47.472519" lon="-123.920205"></trkpt><trkpt lat="47.472467" lon="-123.920291"></trkpt><trkpt lat="47.472415" lon="-123.920371"></trkpt><trkpt lat="47.472348" lon="-123.920468"></trkpt><trkpt lat="47.472320" lon="-123.920572"></trkpt><trkpt lat="47.472253" lon="-123.920669"></trkpt><trkpt lat="47.472186" lon="-123.920726"></trkpt><trkpt lat="47.472125" lon="-123.920789"></trkpt><trkpt lat="47.472073" lon="-123.920852"></trkpt><trkpt lat="47.471987" lon="-123.920903"></trkpt><trkpt lat="47.471911" lon="-123.920949"></trkpt><trkpt lat="47.471826" lon="-123.921001"></trkpt><trkpt lat="47.471726" lon="-123.921052"></trkpt><trkpt lat="47.471584" lon="-123.921132"></trkpt><trkpt lat="47.471460" lon="-123.921178"></trkpt><trkpt lat="47.471346" lon="-123.921223"></trkpt><trkpt lat="47.471280" lon="-123.921269"></trkpt><trkpt lat="47.471199" lon="-123.921303"></trkpt><trkpt lat="47.471099" lon="-123.921320"></trkpt><trkpt lat="47.471018" lon="-123.921337"></trkpt><trkpt lat="47.470933" lon="-123.921372"></trkpt><trkpt lat="47.470853" lon="-123.921405"></trkpt><trkpt lat="47.470772" lon="-123.921434"></trkpt><trkpt lat="47.470715" lon="-123.921486"></trkpt><trkpt lat="47.470629" lon="-123.921503"></trkpt><trkpt lat="47.470544" lon="-123.921537"></trkpt><trkpt lat="47.470474" lon="-123.921582"></trkpt><trkpt lat="47.470398" lon="-123.921617"></trkpt><trkpt lat="47.470313" lon="-123.921617"></trkpt><trkpt lat="47.469884" lon="-123.922068"></trkpt><trkpt lat="47.469569" lon="-123.922662"></trkpt><trkpt lat="47.469305" lon="-123.923421"></trkpt><trkpt lat="47.469148" lon="-123.923826"></trkpt><trkpt lat="47.468075" lon="-123.922919"></trkpt><trkpt lat="47.467128" lon="-123.921566"></trkpt><trkpt lat="47.465276" lon="-123.918741"></trkpt><trkpt lat="47.461884" lon="-123.915100"></trkpt><trkpt lat="47.459386" lon="-123.911746"></trkpt><trkpt lat="47.458108" lon="-123.905976"></trkpt><trkpt lat="47.457929" lon="-123.904637"></trkpt><trkpt lat="47.458786" lon="-123.900491"></trkpt><trkpt lat="47.459192" lon="-123.895083"></trkpt><trkpt lat="47.459075" lon="-123.891888"></trkpt><trkpt lat="47.458341" lon="-123.890251"></trkpt><trkpt lat="47.457165" lon="-123.888172"></trkpt><trkpt lat="47.456815" lon="-123.886394"></trkpt><trkpt lat="47.456902" lon="-123.885605"></trkpt><trkpt lat="47.457330" lon="-123.885559"></trkpt><trkpt lat="47.457685" lon="-123.884673"></trkpt><trkpt lat="47.457821" lon="-123.882743"></trkpt><trkpt lat="47.457842" lon="-123.879872"></trkpt><trkpt lat="47.456660" lon="-123.878180"></trkpt><trkpt lat="47.456290" lon="-123.877032"></trkpt><trkpt lat="47.455968" lon="-123.875311"></trkpt><trkpt lat="47.455762" lon="-123.873850"></trkpt><trkpt lat="47.455762" lon="-123.873718"></trkpt><trkpt lat="47.455785" lon="-123.873520"></trkpt><trkpt lat="47.455800" lon="-123.873336"></trkpt><trkpt lat="47.455846" lon="-123.873163"></trkpt><trkpt lat="47.455914" lon="-123.872999"></trkpt><trkpt lat="47.456005" lon="-123.872854"></trkpt><trkpt lat="47.456073" lon="-123.872698"></trkpt><trkpt lat="47.456111" lon="-123.872542"></trkpt><trkpt lat="47.456111" lon="-123.872304"></trkpt><trkpt lat="47.456111" lon="-123.872085"></trkpt><trkpt lat="47.456066" lon="-123.871929"></trkpt><trkpt lat="47.456020" lon="-123.871773"></trkpt><trkpt lat="47.455982" lon="-123.871589"></trkpt><trkpt lat="47.455967" lon="-123.871388"></trkpt><trkpt lat="47.455967" lon="-123.871179"></trkpt><trkpt lat="47.455472" lon="-123.870549"></trkpt><trkpt lat="47.454366" lon="-123.870055"></trkpt><trkpt lat="47.454344" lon="-123.870055"></trkpt><trkpt lat="47.454226" lon="-123.870028"></trkpt><trkpt lat="47.454121" lon="-123.869984"></trkpt><trkpt lat="47.454017" lon="-123.869938"></trkpt><trkpt lat="47.453929" lon="-123.869802"></trkpt><trkpt lat="47.453860" lon="-123.869676"></trkpt><trkpt lat="47.453845" lon="-123.869480"></trkpt><trkpt lat="47.453990" lon="-123.868797"></trkpt><trkpt lat="47.454581" lon="-123.867487"></trkpt><trkpt lat="47.455404" lon="-123.865948"></trkpt><trkpt lat="47.457340" lon="-123.863807"></trkpt><trkpt lat="47.459919" lon="-123.863323"></trkpt><trkpt lat="47.460434" lon="-123.860956"></trkpt><trkpt lat="47.461425" lon="-123.859814"></trkpt><trkpt lat="47.461752" lon="-123.858168"></trkpt><trkpt lat="47.463760" lon="-123.852861"></trkpt><trkpt lat="47.463803" lon="-123.852836"></trkpt><trkpt lat="47.461566" lon="-123.859523"></trkpt><trkpt lat="47.460624" lon="-123.860696"></trkpt><trkpt lat="47.459859" lon="-123.863465"></trkpt><trkpt lat="47.457571" lon="-123.863828"></trkpt><trkpt lat="47.455459" lon="-123.866166"></trkpt><trkpt lat="47.453808" lon="-123.866707"></trkpt><trkpt lat="47.451034" lon="-123.866381"></trkpt><trkpt lat="47.450337" lon="-123.867506"></trkpt><trkpt lat="47.450479" lon="-123.871269"></trkpt><trkpt lat="47.450152" lon="-123.873895"></trkpt><trkpt lat="47.448850" lon="-123.875458"></trkpt><trkpt lat="47.447325" lon="-123.877018"></trkpt><trkpt lat="47.443335" lon="-123.877373"></trkpt><trkpt lat="47.440819" lon="-123.877650"></trkpt><trkpt lat="47.434203" lon="-123.876968"></trkpt><trkpt lat="47.428535" lon="-123.876441"></trkpt><trkpt lat="47.424724" lon="-123.876286"></trkpt><trkpt lat="47.421370" lon="-123.876234"></trkpt><trkpt lat="47.411344" lon="-123.882769"></trkpt><trkpt lat="47.403235" lon="-123.888285"></trkpt><trkpt lat="47.382121" lon="-123.895469"></trkpt><trkpt lat="47.371358" lon="-123.903466"></trkpt><trkpt lat="47.361544" lon="-123.911570"></trkpt><trkpt lat="47.354433" lon="-123.910675"></trkpt><trkpt lat="47.351868" lon="-123.908579"></trkpt><trkpt lat="47.346653" lon="-123.909640"></trkpt><trkpt lat="47.347040" lon="-123.908724"></trkpt><trkpt lat="47.348381" lon="-123.905601"></trkpt><trkpt lat="47.349947" lon="-123.901718"></trkpt><trkpt lat="47.351326" lon="-123.899515"></trkpt><trkpt lat="47.354311" lon="-123.897253"></trkpt><trkpt lat="47.355127" lon="-123.896857"></trkpt><trkpt lat="47.356336" lon="-123.896944"></trkpt><trkpt lat="47.361387" lon="-123.895398"></trkpt><trkpt lat="47.363889" lon="-123.893940"></trkpt><trkpt lat="47.370313" lon="-123.890267"></trkpt><trkpt lat="47.370297" lon="-123.888240"></trkpt><trkpt lat="47.370588" lon="-123.887778"></trkpt><trkpt lat="47.371108" lon="-123.888778"></trkpt><trkpt lat="47.372974" lon="-123.889619"></trkpt><trkpt lat="47.375654" lon="-123.887669"></trkpt><trkpt lat="47.375884" lon="-123.885980"></trkpt><trkpt lat="47.375933" lon="-123.880757"></trkpt><trkpt lat="47.375866" lon="-123.878419"></trkpt><trkpt lat="47.376220" lon="-123.873783"></trkpt><trkpt lat="47.376715" lon="-123.868607"></trkpt><trkpt lat="47.377877" lon="-123.866040"></trkpt><trkpt lat="47.378216" lon="-123.865996"></trkpt><trkpt lat="47.378831" lon="-123.866109"></trkpt><trkpt lat="47.379470" lon="-123.864069"></trkpt><trkpt lat="47.380425" lon="-123.863105"></trkpt><trkpt lat="47.380872" lon="-123.862248"></trkpt><trkpt lat="47.380858" lon="-123.862024"></trkpt><trkpt lat="47.380563" lon="-123.861964"></trkpt><trkpt lat="47.380385" lon="-123.862432"></trkpt><trkpt lat="47.379845" lon="-123.862351"></trkpt><trkpt lat="47.378805" lon="-123.862600"></trkpt><trkpt lat="47.378701" lon="-123.862404"></trkpt><trkpt lat="47.379259" lon="-123.861017"></trkpt><trkpt lat="47.378833" lon="-123.860300"></trkpt><trkpt lat="47.378794" lon="-123.857478"></trkpt><trkpt lat="47.379491" lon="-123.855979"></trkpt><trkpt lat="47.380132" lon="-123.855817"></trkpt><trkpt lat="47.380695" lon="-123.855057"></trkpt><trkpt lat="47.381377" lon="-123.854982"></trkpt><trkpt lat="47.382650" lon="-123.855148"></trkpt><trkpt lat="47.382601" lon="-123.854774"></trkpt><trkpt lat="47.382105" lon="-123.854048"></trkpt><trkpt lat="47.382505" lon="-123.853913"></trkpt><trkpt lat="47.383116" lon="-123.854956"></trkpt><trkpt lat="47.383413" lon="-123.856187"></trkpt><trkpt lat="47.382315" lon="-123.856454"></trkpt><trkpt lat="47.381676" lon="-123.857181"></trkpt><trkpt lat="47.381357" lon="-123.857934"></trkpt><trkpt lat="47.381652" lon="-123.858356"></trkpt><trkpt lat="47.382110" lon="-123.857877"></trkpt><trkpt lat="47.384111" lon="-123.857544"></trkpt><trkpt lat="47.384985" lon="-123.857121"></trkpt><trkpt lat="47.385233" lon="-123.857273"></trkpt><trkpt lat="47.386518" lon="-123.858575"></trkpt><trkpt lat="47.387533" lon="-123.858696"></trkpt><trkpt lat="47.388077" lon="-123.858261"></trkpt><trkpt lat="47.389166" lon="-123.859401"></trkpt><trkpt lat="47.390250" lon="-123.859344"></trkpt><trkpt lat="47.391216" lon="-123.858252"></trkpt><trkpt lat="47.391945" lon="-123.858090"></trkpt><trkpt lat="47.392500" lon="-123.857000"></trkpt><trkpt lat="47.393671" lon="-123.856964"></trkpt><trkpt lat="47.395711" lon="-123.855789"></trkpt><trkpt lat="47.397015" lon="-123.853578"></trkpt><trkpt lat="47.398363" lon="-123.853014"></trkpt><trkpt lat="47.399137" lon="-123.852130"></trkpt><trkpt lat="47.399716" lon="-123.852219"></trkpt><trkpt lat="47.400238" lon="-123.851217"></trkpt><trkpt lat="47.401124" lon="-123.848343"></trkpt><trkpt lat="47.401452" lon="-123.846888"></trkpt><trkpt lat="47.402460" lon="-123.844877"></trkpt><trkpt lat="47.403398" lon="-123.843138"></trkpt><trkpt lat="47.404963" lon="-123.841252"></trkpt><trkpt lat="47.403357" lon="-123.841560"></trkpt><trkpt lat="47.402770" lon="-123.842017"></trkpt><trkpt lat="47.402477" lon="-123.841957"></trkpt><trkpt lat="47.402253" lon="-123.841858"></trkpt><trkpt lat="47.402030" lon="-123.841720"></trkpt><trkpt lat="47.401962" lon="-123.841447"></trkpt><trkpt lat="47.401882" lon="-123.841133"></trkpt><trkpt lat="47.401827" lon="-123.840866"></trkpt><trkpt lat="47.401794" lon="-123.840549"></trkpt><trkpt lat="47.401802" lon="-123.840166"></trkpt><trkpt lat="47.401857" lon="-123.839764"></trkpt><trkpt lat="47.401911" lon="-123.839362"></trkpt><trkpt lat="47.401967" lon="-123.838956"></trkpt><trkpt lat="47.402057" lon="-123.838615"></trkpt><trkpt lat="47.402235" lon="-123.838413"></trkpt><trkpt lat="47.402394" lon="-123.838119"></trkpt><trkpt lat="47.402591" lon="-123.837900"></trkpt><trkpt lat="47.402755" lon="-123.837695"></trkpt><trkpt lat="47.402846" lon="-123.837364"></trkpt><trkpt lat="47.402937" lon="-123.837029"></trkpt><trkpt lat="47.403025" lon="-123.836722"></trkpt><trkpt lat="47.402903" lon="-123.836495"></trkpt><trkpt lat="47.402754" lon="-123.836243"></trkpt><trkpt lat="47.402585" lon="-123.836041"></trkpt><trkpt lat="47.402444" lon="-123.835756"></trkpt><trkpt lat="47.402374" lon="-123.835372"></trkpt><trkpt lat="47.402332" lon="-123.835009"></trkpt><trkpt lat="47.402187" lon="-123.834741"></trkpt><trkpt lat="47.402016" lon="-123.834539"></trkpt><trkpt lat="47.401835" lon="-123.834297"></trkpt><trkpt lat="47.401628" lon="-123.834051"></trkpt><trkpt lat="47.401438" lon="-123.833793"></trkpt><trkpt lat="47.401293" lon="-123.833542"></trkpt><trkpt lat="47.401300" lon="-123.833163"></trkpt><trkpt lat="47.401305" lon="-123.832796"></trkpt><trkpt lat="47.401308" lon="-123.832433"></trkpt><trkpt lat="47.401369" lon="-123.831988"></trkpt><trkpt lat="47.401370" lon="-123.831641"></trkpt><trkpt lat="47.401372" lon="-123.831287"></trkpt><trkpt lat="47.401429" lon="-123.830874"></trkpt><trkpt lat="47.401495" lon="-123.830389"></trkpt><trkpt lat="47.401546" lon="-123.830008"></trkpt><trkpt lat="47.401598" lon="-123.829627"></trkpt><trkpt lat="47.401662" lon="-123.829160"></trkpt><trkpt lat="47.401716" lon="-123.828761"></trkpt><trkpt lat="47.401768" lon="-123.828382"></trkpt><trkpt lat="47.401819" lon="-123.828004"></trkpt><trkpt lat="47.401871" lon="-123.827623"></trkpt><trkpt lat="47.401925" lon="-123.827224"></trkpt><trkpt lat="47.401984" lon="-123.826791"></trkpt><trkpt lat="47.401989" lon="-123.826419"></trkpt><trkpt lat="47.401887" lon="-123.826184"></trkpt><trkpt lat="47.401670" lon="-123.826011"></trkpt><trkpt lat="47.401486" lon="-123.825809"></trkpt><trkpt lat="47.401157" lon="-123.825798"></trkpt><trkpt lat="47.400919" lon="-123.825973"></trkpt><trkpt lat="47.400671" lon="-123.826016"></trkpt><trkpt lat="47.400429" lon="-123.826023"></trkpt><trkpt lat="47.400166" lon="-123.826063"></trkpt><trkpt lat="47.399918" lon="-123.826122"></trkpt><trkpt lat="47.399660" lon="-123.826126"></trkpt><trkpt lat="47.399391" lon="-123.826108"></trkpt><trkpt lat="47.399125" lon="-123.825943"></trkpt><trkpt lat="47.399050" lon="-123.825599"></trkpt><trkpt lat="47.399019" lon="-123.825262"></trkpt><trkpt lat="47.398991" lon="-123.824908"></trkpt><trkpt lat="47.398939" lon="-123.824618"></trkpt><trkpt lat="47.398850" lon="-123.824292"></trkpt><trkpt lat="47.398860" lon="-123.823896"></trkpt><trkpt lat="47.398917" lon="-123.823475"></trkpt><trkpt lat="47.399053" lon="-123.823135"></trkpt><trkpt lat="47.399261" lon="-123.822953"></trkpt><trkpt lat="47.399494" lon="-123.822891"></trkpt><trkpt lat="47.399684" lon="-123.822706"></trkpt><trkpt lat="47.399800" lon="-123.822417"></trkpt><trkpt lat="47.399749" lon="-123.822113"></trkpt><trkpt lat="47.399759" lon="-123.821718"></trkpt><trkpt lat="47.399622" lon="-123.821422"></trkpt><trkpt lat="47.399540" lon="-123.821135"></trkpt><trkpt lat="47.399267" lon="-123.821080"></trkpt><trkpt lat="47.398981" lon="-123.821022"></trkpt><trkpt lat="47.398731" lon="-123.820918"></trkpt><trkpt lat="47.398636" lon="-123.820644"></trkpt><trkpt lat="47.398671" lon="-123.820290"></trkpt><trkpt lat="47.398697" lon="-123.820097"></trkpt><trkpt lat="47.398588" lon="-123.819663"></trkpt><trkpt lat="47.398640" lon="-123.819284"></trkpt><trkpt lat="47.398766" lon="-123.819018"></trkpt><trkpt lat="47.398934" lon="-123.818782"></trkpt><trkpt lat="47.399010" lon="-123.818447"></trkpt><trkpt lat="47.398960" lon="-123.818139"></trkpt><trkpt lat="47.398917" lon="-123.817797"></trkpt><trkpt lat="47.398872" lon="-123.817453"></trkpt><trkpt lat="47.398929" lon="-123.817036"></trkpt><trkpt lat="47.399087" lon="-123.816770"></trkpt><trkpt lat="47.399255" lon="-123.816435"></trkpt><trkpt lat="47.399333" lon="-123.816083"></trkpt><trkpt lat="47.399391" lon="-123.815656"></trkpt><trkpt lat="47.399399" lon="-123.815273"></trkpt><trkpt lat="47.399275" lon="-123.814952"></trkpt><trkpt lat="47.399135" lon="-123.814665"></trkpt><trkpt lat="47.399142" lon="-123.814277"></trkpt><trkpt lat="47.399100" lon="-123.813915"></trkpt><trkpt lat="47.399069" lon="-123.813575"></trkpt><trkpt lat="47.399150" lon="-123.813209"></trkpt><trkpt lat="47.399271" lon="-123.812880"></trkpt><trkpt lat="47.399429" lon="-123.812618"></trkpt><trkpt lat="47.399522" lon="-123.812269"></trkpt><trkpt lat="47.399446" lon="-123.811943"></trkpt><trkpt lat="47.399180" lon="-123.811889"></trkpt><trkpt lat="47.398915" lon="-123.812040"></trkpt><trkpt lat="47.398727" lon="-123.812301"></trkpt><trkpt lat="47.398622" lon="-123.812629"></trkpt><trkpt lat="47.398458" lon="-123.812852"></trkpt><trkpt lat="47.398254" lon="-123.813013"></trkpt><trkpt lat="47.398017" lon="-123.813189"></trkpt><trkpt lat="47.397856" lon="-123.813375"></trkpt><trkpt lat="47.397685" lon="-123.813618"></trkpt><trkpt lat="47.397549" lon="-123.813943"></trkpt><trkpt lat="47.397498" lon="-123.814321"></trkpt><trkpt lat="47.397398" lon="-123.814723"></trkpt><trkpt lat="47.397343" lon="-123.815122"></trkpt><trkpt lat="47.397250" lon="-123.815473"></trkpt><trkpt lat="47.397198" lon="-123.815854"></trkpt><trkpt lat="47.397146" lon="-123.816235"></trkpt><trkpt lat="47.397006" lon="-123.816593"></trkpt><trkpt lat="47.396744" lon="-123.816648"></trkpt><trkpt lat="47.396432" lon="-123.816584"></trkpt><trkpt lat="47.396246" lon="-123.816379"></trkpt><trkpt lat="47.396045" lon="-123.816189"></trkpt><trkpt lat="47.395812" lon="-123.815993"></trkpt><trkpt lat="47.395532" lon="-123.815936"></trkpt><trkpt lat="47.395251" lon="-123.815879"></trkpt><trkpt lat="47.395011" lon="-123.815777"></trkpt><trkpt lat="47.394906" lon="-123.815536"></trkpt><trkpt lat="47.394708" lon="-123.815328"></trkpt><trkpt lat="47.394442" lon="-123.815274"></trkpt><trkpt lat="47.394103" lon="-123.815299"></trkpt><trkpt lat="47.393842" lon="-123.815339"></trkpt><trkpt lat="47.393579" lon="-123.815286"></trkpt><trkpt lat="47.393304" lon="-123.815230"></trkpt><trkpt lat="47.392209" lon="-123.815584"></trkpt><trkpt lat="47.392152" lon="-123.815583"></trkpt><trkpt lat="47.392097" lon="-123.815600"></trkpt><trkpt lat="47.392035" lon="-123.815608"></trkpt><trkpt lat="47.391971" lon="-123.815637"></trkpt><trkpt lat="47.391918" lon="-123.815644"></trkpt><trkpt lat="47.391863" lon="-123.815664"></trkpt><trkpt lat="47.391815" lon="-123.815676"></trkpt><trkpt lat="47.391763" lon="-123.815693"></trkpt><trkpt lat="47.391710" lon="-123.815703"></trkpt><trkpt lat="47.391663" lon="-123.815711"></trkpt><trkpt lat="47.391613" lon="-123.815701"></trkpt><trkpt lat="47.391561" lon="-123.815701"></trkpt><trkpt lat="47.391508" lon="-123.815712"></trkpt><trkpt lat="47.391454" lon="-123.815722"></trkpt><trkpt lat="47.391401" lon="-123.815729"></trkpt><trkpt lat="47.391347" lon="-123.815749"></trkpt><trkpt lat="47.391295" lon="-123.815767"></trkpt><trkpt lat="47.391242" lon="-123.815777"></trkpt><trkpt lat="47.391188" lon="-123.815766"></trkpt><trkpt lat="47.391138" lon="-123.815756"></trkpt><trkpt lat="47.391083" lon="-123.815756"></trkpt><trkpt lat="47.391029" lon="-123.815766"></trkpt><trkpt lat="47.390979" lon="-123.815794"></trkpt><trkpt lat="47.390931" lon="-123.815826"></trkpt><trkpt lat="47.390883" lon="-123.815844"></trkpt><trkpt lat="47.390834" lon="-123.815862"></trkpt><trkpt lat="47.390779" lon="-123.815883"></trkpt><trkpt lat="47.390733" lon="-123.815905"></trkpt><trkpt lat="47.390694" lon="-123.815918"></trkpt><trkpt lat="47.390647" lon="-123.815926"></trkpt><trkpt lat="47.390567" lon="-123.815910"></trkpt><trkpt lat="47.390524" lon="-123.815870"></trkpt><trkpt lat="47.390478" lon="-123.815823"></trkpt><trkpt lat="47.390467" lon="-123.815755"></trkpt><trkpt lat="47.390451" lon="-123.815703"></trkpt><trkpt lat="47.390425" lon="-123.815663"></trkpt><trkpt lat="47.390413" lon="-123.815608"></trkpt><trkpt lat="47.390413" lon="-123.815544"></trkpt><trkpt lat="47.390424" lon="-123.815465"></trkpt><trkpt lat="47.390434" lon="-123.815392"></trkpt><trkpt lat="47.390445" lon="-123.815312"></trkpt><trkpt lat="47.390451" lon="-123.815226"></trkpt><trkpt lat="47.390444" lon="-123.815151"></trkpt><trkpt lat="47.390422" lon="-123.815080"></trkpt><trkpt lat="47.390397" lon="-123.815006"></trkpt><trkpt lat="47.390372" lon="-123.814962"></trkpt><trkpt lat="47.390353" lon="-123.814910"></trkpt><trkpt lat="47.390320" lon="-123.814855"></trkpt><trkpt lat="47.390270" lon="-123.814800"></trkpt><trkpt lat="47.390207" lon="-123.814756"></trkpt><trkpt lat="47.390171" lon="-123.814707"></trkpt><trkpt lat="47.390135" lon="-123.814654"></trkpt><trkpt lat="47.390108" lon="-123.814601"></trkpt><trkpt lat="47.390083" lon="-123.814550"></trkpt><trkpt lat="47.390069" lon="-123.814488"></trkpt><trkpt lat="47.390066" lon="-123.814401"></trkpt><trkpt lat="47.390067" lon="-123.814332"></trkpt><trkpt lat="47.390059" lon="-123.814264"></trkpt><trkpt lat="47.390055" lon="-123.814186"></trkpt><trkpt lat="47.390058" lon="-123.814107"></trkpt><trkpt lat="47.390068" lon="-123.814030"></trkpt><trkpt lat="47.390070" lon="-123.813957"></trkpt><trkpt lat="47.390080" lon="-123.813882"></trkpt><trkpt lat="47.390085" lon="-123.813779"></trkpt><trkpt lat="47.390098" lon="-123.813687"></trkpt><trkpt lat="47.390099" lon="-123.813614"></trkpt><trkpt lat="47.390103" lon="-123.813528"></trkpt><trkpt lat="47.390102" lon="-123.813466"></trkpt><trkpt lat="47.390102" lon="-123.813404"></trkpt><trkpt lat="47.390115" lon="-123.813316"></trkpt><trkpt lat="47.390125" lon="-123.813238"></trkpt><trkpt lat="47.390135" lon="-123.813163"></trkpt><trkpt lat="47.390138" lon="-123.813080"></trkpt><trkpt lat="47.390141" lon="-123.813000"></trkpt><trkpt lat="47.390143" lon="-123.812917"></trkpt><trkpt lat="47.390131" lon="-123.812842"></trkpt><trkpt lat="47.390125" lon="-123.812779"></trkpt><trkpt lat="47.390112" lon="-123.812704"></trkpt><trkpt lat="47.390085" lon="-123.812649"></trkpt><trkpt lat="47.390044" lon="-123.812610"></trkpt><trkpt lat="47.390009" lon="-123.812571"></trkpt><trkpt lat="47.389964" lon="-123.812541"></trkpt><trkpt lat="47.389917" lon="-123.812501"></trkpt><trkpt lat="47.389872" lon="-123.812474"></trkpt><trkpt lat="47.389837" lon="-123.812436"></trkpt><trkpt lat="47.389789" lon="-123.812405"></trkpt><trkpt lat="47.389751" lon="-123.812349"></trkpt><trkpt lat="47.389718" lon="-123.812294"></trkpt><trkpt lat="47.389675" lon="-123.812250"></trkpt><trkpt lat="47.389643" lon="-123.812195"></trkpt><trkpt lat="47.389618" lon="-123.812145"></trkpt><trkpt lat="47.389589" lon="-123.812101"></trkpt><trkpt lat="47.389571" lon="-123.812041"></trkpt><trkpt lat="47.389553" lon="-123.811964"></trkpt><trkpt lat="47.389537" lon="-123.811888"></trkpt><trkpt lat="47.389521" lon="-123.811823"></trkpt><trkpt lat="47.389532" lon="-123.811742"></trkpt><trkpt lat="47.389543" lon="-123.811664"></trkpt><trkpt lat="47.389575" lon="-123.811615"></trkpt><trkpt lat="47.389629" lon="-123.811543"></trkpt><trkpt lat="47.389669" lon="-123.811500"></trkpt><trkpt lat="47.389688" lon="-123.811430"></trkpt><trkpt lat="47.389714" lon="-123.811366"></trkpt><trkpt lat="47.389739" lon="-123.811312"></trkpt><trkpt lat="47.389770" lon="-123.811252"></trkpt><trkpt lat="47.389796" lon="-123.811191"></trkpt><trkpt lat="47.389813" lon="-123.811125"></trkpt><trkpt lat="47.389837" lon="-123.811057"></trkpt><trkpt lat="47.389848" lon="-123.810979"></trkpt><trkpt lat="47.389843" lon="-123.810887"></trkpt><trkpt lat="47.389836" lon="-123.810817"></trkpt><trkpt lat="47.389822" lon="-123.810748"></trkpt><trkpt lat="47.389806" lon="-123.810682"></trkpt><trkpt lat="47.389794" lon="-123.810617"></trkpt><trkpt lat="47.389781" lon="-123.810545"></trkpt><trkpt lat="47.389757" lon="-123.810467"></trkpt><trkpt lat="47.389738" lon="-123.810415"></trkpt><trkpt lat="47.389649" lon="-123.810200"></trkpt><trkpt lat="47.389650" lon="-123.810152"></trkpt><trkpt lat="47.389629" lon="-123.810108"></trkpt><trkpt lat="47.389605" lon="-123.810085"></trkpt><trkpt lat="47.389578" lon="-123.810054"></trkpt><trkpt lat="47.389547" lon="-123.810029"></trkpt><trkpt lat="47.389511" lon="-123.809994"></trkpt><trkpt lat="47.389486" lon="-123.809966"></trkpt><trkpt lat="47.389455" lon="-123.809946"></trkpt><trkpt lat="47.389427" lon="-123.809922"></trkpt><trkpt lat="47.389398" lon="-123.809897"></trkpt><trkpt lat="47.389371" lon="-123.809866"></trkpt><trkpt lat="47.389349" lon="-123.809829"></trkpt><trkpt lat="47.389324" lon="-123.809792"></trkpt><trkpt lat="47.389296" lon="-123.809754"></trkpt><trkpt lat="47.389274" lon="-123.809724"></trkpt><trkpt lat="47.389256" lon="-123.809685"></trkpt><trkpt lat="47.389240" lon="-123.809643"></trkpt><trkpt lat="47.389229" lon="-123.809599"></trkpt><trkpt lat="47.389218" lon="-123.809550"></trkpt><trkpt lat="47.389203" lon="-123.809508"></trkpt><trkpt lat="47.389204" lon="-123.809460"></trkpt><trkpt lat="47.389195" lon="-123.809412"></trkpt><trkpt lat="47.389199" lon="-123.809359"></trkpt><trkpt lat="47.389189" lon="-123.809318"></trkpt><trkpt lat="47.389183" lon="-123.809279"></trkpt><trkpt lat="47.389183" lon="-123.809233"></trkpt><trkpt lat="47.389184" lon="-123.809184"></trkpt><trkpt lat="47.389186" lon="-123.809127"></trkpt><trkpt lat="47.389194" lon="-123.809070"></trkpt><trkpt lat="47.389201" lon="-123.809020"></trkpt><trkpt lat="47.389211" lon="-123.808974"></trkpt><trkpt lat="47.389229" lon="-123.808931"></trkpt><trkpt lat="47.389241" lon="-123.808884"></trkpt><trkpt lat="47.389258" lon="-123.808844"></trkpt><trkpt lat="47.389268" lon="-123.808800"></trkpt><trkpt lat="47.389289" lon="-123.808769"></trkpt><trkpt lat="47.389297" lon="-123.808715"></trkpt><trkpt lat="47.389305" lon="-123.808657"></trkpt><trkpt lat="47.389312" lon="-123.808607"></trkpt><trkpt lat="47.389313" lon="-123.808556"></trkpt><trkpt lat="47.389308" lon="-123.808509"></trkpt><trkpt lat="47.389301" lon="-123.808463"></trkpt><trkpt lat="47.389279" lon="-123.808428"></trkpt><trkpt lat="47.389256" lon="-123.808398"></trkpt><trkpt lat="47.389230" lon="-123.808372"></trkpt><trkpt lat="47.389212" lon="-123.808341"></trkpt><trkpt lat="47.389186" lon="-123.808317"></trkpt><trkpt lat="47.389164" lon="-123.808287"></trkpt><trkpt lat="47.389142" lon="-123.808264"></trkpt><trkpt lat="47.389116" lon="-123.808238"></trkpt><trkpt lat="47.389092" lon="-123.808212"></trkpt><trkpt lat="47.389064" lon="-123.808188"></trkpt><trkpt lat="47.389045" lon="-123.808157"></trkpt><trkpt lat="47.389012" lon="-123.808122"></trkpt><trkpt lat="47.388969" lon="-123.808081"></trkpt><trkpt lat="47.388940" lon="-123.808056"></trkpt><trkpt lat="47.388910" lon="-123.808032"></trkpt><trkpt lat="47.388875" lon="-123.807997"></trkpt><trkpt lat="47.388846" lon="-123.807966"></trkpt><trkpt lat="47.388812" lon="-123.807933"></trkpt><trkpt lat="47.388785" lon="-123.807902"></trkpt><trkpt lat="47.388763" lon="-123.807872"></trkpt><trkpt lat="47.388739" lon="-123.807847"></trkpt><trkpt lat="47.388714" lon="-123.807821"></trkpt><trkpt lat="47.388687" lon="-123.807794"></trkpt><trkpt lat="47.388657" lon="-123.807775"></trkpt><trkpt lat="47.388602" lon="-123.807757"></trkpt><trkpt lat="47.388562" lon="-123.807749"></trkpt><trkpt lat="47.388526" lon="-123.807742"></trkpt><trkpt lat="47.388494" lon="-123.807728"></trkpt><trkpt lat="47.388461" lon="-123.807715"></trkpt><trkpt lat="47.388427" lon="-123.807694"></trkpt><trkpt lat="47.388392" lon="-123.807687"></trkpt><trkpt lat="47.388352" lon="-123.807679"></trkpt><trkpt lat="47.388318" lon="-123.807672"></trkpt><trkpt lat="47.388289" lon="-123.807659"></trkpt><trkpt lat="47.388255" lon="-123.807648"></trkpt><trkpt lat="47.388225" lon="-123.807628"></trkpt><trkpt lat="47.388194" lon="-123.807601"></trkpt><trkpt lat="47.388169" lon="-123.807575"></trkpt><trkpt lat="47.388137" lon="-123.807555"></trkpt><trkpt lat="47.388106" lon="-123.807537"></trkpt><trkpt lat="47.388081" lon="-123.807511"></trkpt><trkpt lat="47.388055" lon="-123.807488"></trkpt><trkpt lat="47.388024" lon="-123.807467"></trkpt><trkpt lat="47.387993" lon="-123.807440"></trkpt><trkpt lat="47.387965" lon="-123.807404"></trkpt><trkpt lat="47.387946" lon="-123.807375"></trkpt><trkpt lat="47.387921" lon="-123.807333"></trkpt><trkpt lat="47.387909" lon="-123.807289"></trkpt><trkpt lat="47.387900" lon="-123.807243"></trkpt><trkpt lat="47.387887" lon="-123.807189"></trkpt><trkpt lat="47.387876" lon="-123.807138"></trkpt><trkpt lat="47.387871" lon="-123.807088"></trkpt><trkpt lat="47.387865" lon="-123.807050"></trkpt><trkpt lat="47.387859" lon="-123.807014"></trkpt><trkpt lat="47.387861" lon="-123.806959"></trkpt><trkpt lat="47.387869" lon="-123.806898"></trkpt><trkpt lat="47.387876" lon="-123.806849"></trkpt><trkpt lat="47.387877" lon="-123.806803"></trkpt><trkpt lat="47.387883" lon="-123.806753"></trkpt><trkpt lat="47.387884" lon="-123.806707"></trkpt><trkpt lat="47.387885" lon="-123.806658"></trkpt><trkpt lat="47.387886" lon="-123.806612"></trkpt><trkpt lat="47.387887" lon="-123.806556"></trkpt><trkpt lat="47.387895" lon="-123.806504"></trkpt><trkpt lat="47.387902" lon="-123.806452"></trkpt><trkpt lat="47.387928" lon="-123.806418"></trkpt><trkpt lat="47.387953" lon="-123.806386"></trkpt><trkpt lat="47.387981" lon="-123.806360"></trkpt><trkpt lat="47.388011" lon="-123.806326"></trkpt><trkpt lat="47.388042" lon="-123.806300"></trkpt><trkpt lat="47.388067" lon="-123.806270"></trkpt><trkpt lat="47.388090" lon="-123.806233"></trkpt><trkpt lat="47.388114" lon="-123.806198"></trkpt><trkpt lat="47.388134" lon="-123.806177"></trkpt><trkpt lat="47.388159" lon="-123.806122"></trkpt><trkpt lat="47.388181" lon="-123.806082"></trkpt><trkpt lat="47.388203" lon="-123.806035"></trkpt><trkpt lat="47.388210" lon="-123.805983"></trkpt><trkpt lat="47.388222" lon="-123.805940"></trkpt><trkpt lat="47.388245" lon="-123.805903"></trkpt><trkpt lat="47.388266" lon="-123.805863"></trkpt><trkpt lat="47.388288" lon="-123.805826"></trkpt><trkpt lat="47.388312" lon="-123.805779"></trkpt><trkpt lat="47.388328" lon="-123.805741"></trkpt><trkpt lat="47.388346" lon="-123.805700"></trkpt><trkpt lat="47.388353" lon="-123.805646"></trkpt><trkpt lat="47.388354" lon="-123.805595"></trkpt><trkpt lat="47.388351" lon="-123.805550"></trkpt><trkpt lat="47.388346" lon="-123.805503"></trkpt><trkpt lat="47.388337" lon="-123.805455"></trkpt><trkpt lat="47.388321" lon="-123.805415"></trkpt><trkpt lat="47.388305" lon="-123.805379"></trkpt><trkpt lat="47.388290" lon="-123.805336"></trkpt><trkpt lat="47.388272" lon="-123.805300"></trkpt><trkpt lat="47.388259" lon="-123.805263"></trkpt><trkpt lat="47.388240" lon="-123.805234"></trkpt><trkpt lat="47.388242" lon="-123.805179"></trkpt><trkpt lat="47.388239" lon="-123.805116"></trkpt><trkpt lat="47.388235" lon="-123.805061"></trkpt><trkpt lat="47.388225" lon="-123.805008"></trkpt><trkpt lat="47.388221" lon="-123.804954"></trkpt><trkpt lat="47.388223" lon="-123.804894"></trkpt><trkpt lat="47.388232" lon="-123.804831"></trkpt><trkpt lat="47.388239" lon="-123.804779"></trkpt><trkpt lat="47.388247" lon="-123.804723"></trkpt><trkpt lat="47.388254" lon="-123.804671"></trkpt><trkpt lat="47.388278" lon="-123.804625"></trkpt><trkpt lat="47.388311" lon="-123.804590"></trkpt><trkpt lat="47.388334" lon="-123.804552"></trkpt><trkpt lat="47.388360" lon="-123.804516"></trkpt><trkpt lat="47.388380" lon="-123.804479"></trkpt><trkpt lat="47.388404" lon="-123.804432"></trkpt><trkpt lat="47.388425" lon="-123.804392"></trkpt><trkpt lat="47.388449" lon="-123.804346"></trkpt><trkpt lat="47.388480" lon="-123.804311"></trkpt><trkpt lat="47.388519" lon="-123.804284"></trkpt><trkpt lat="47.388551" lon="-123.804262"></trkpt><trkpt lat="47.388576" lon="-123.804246"></trkpt><trkpt lat="47.388613" lon="-123.804226"></trkpt><trkpt lat="47.388655" lon="-123.804214"></trkpt><trkpt lat="47.388689" lon="-123.804202"></trkpt><trkpt lat="47.388735" lon="-123.804204"></trkpt><trkpt lat="47.388769" lon="-123.804197"></trkpt><trkpt lat="47.388806" lon="-123.804191"></trkpt><trkpt lat="47.388851" lon="-123.804200"></trkpt><trkpt lat="47.388886" lon="-123.804200"></trkpt><trkpt lat="47.388920" lon="-123.804202"></trkpt><trkpt lat="47.388960" lon="-123.804203"></trkpt><trkpt lat="47.389009" lon="-123.804185"></trkpt><trkpt lat="47.389044" lon="-123.804181"></trkpt><trkpt lat="47.389086" lon="-123.804184"></trkpt><trkpt lat="47.389139" lon="-123.804181"></trkpt><trkpt lat="47.389180" lon="-123.804175"></trkpt><trkpt lat="47.389216" lon="-123.804168"></trkpt><trkpt lat="47.389250" lon="-123.804168"></trkpt><trkpt lat="47.389285" lon="-123.804168"></trkpt><trkpt lat="47.389342" lon="-123.804173"></trkpt><trkpt lat="47.389394" lon="-123.804162"></trkpt><trkpt lat="47.389449" lon="-123.804155"></trkpt><trkpt lat="47.389504" lon="-123.804147"></trkpt><trkpt lat="47.389537" lon="-123.804140"></trkpt><trkpt lat="47.389578" lon="-123.804141"></trkpt><trkpt lat="47.389611" lon="-123.804134"></trkpt><trkpt lat="47.389646" lon="-123.804134"></trkpt><trkpt lat="47.389685" lon="-123.804142"></trkpt><trkpt lat="47.389729" lon="-123.804143"></trkpt><trkpt lat="47.389789" lon="-123.804155"></trkpt><trkpt lat="47.389823" lon="-123.804162"></trkpt><trkpt lat="47.389868" lon="-123.804171"></trkpt><trkpt lat="47.389902" lon="-123.804178"></trkpt><trkpt lat="47.389956" lon="-123.804189"></trkpt><trkpt lat="47.389997" lon="-123.804190"></trkpt><trkpt lat="47.390040" lon="-123.804187"></trkpt><trkpt lat="47.390084" lon="-123.804182"></trkpt><trkpt lat="47.390122" lon="-123.804190"></trkpt><trkpt lat="47.390169" lon="-123.804199"></trkpt><trkpt lat="47.390204" lon="-123.804206"></trkpt><trkpt lat="47.390241" lon="-123.804213"></trkpt><trkpt lat="47.390303" lon="-123.804226"></trkpt><trkpt lat="47.390350" lon="-123.804235"></trkpt><trkpt lat="47.390383" lon="-123.804242"></trkpt><trkpt lat="47.390416" lon="-123.804248"></trkpt><trkpt lat="47.390430" lon="-123.804288"></trkpt><trkpt lat="47.390441" lon="-123.804332"></trkpt><trkpt lat="47.390467" lon="-123.804369"></trkpt><trkpt lat="47.390484" lon="-123.804407"></trkpt><trkpt lat="47.390489" lon="-123.804455"></trkpt><trkpt lat="47.390506" lon="-123.804500"></trkpt><trkpt lat="47.390527" lon="-123.804545"></trkpt><trkpt lat="47.390540" lon="-123.804587"></trkpt><trkpt lat="47.390553" lon="-123.804646"></trkpt><trkpt lat="47.390576" lon="-123.804676"></trkpt><trkpt lat="47.390597" lon="-123.804719"></trkpt><trkpt lat="47.390626" lon="-123.804760"></trkpt><trkpt lat="47.390653" lon="-123.804784"></trkpt><trkpt lat="47.390678" lon="-123.804816"></trkpt><trkpt lat="47.390714" lon="-123.804835"></trkpt><trkpt lat="47.390748" lon="-123.804849"></trkpt><trkpt lat="47.390782" lon="-123.804856"></trkpt><trkpt lat="47.390813" lon="-123.804881"></trkpt><trkpt lat="47.390852" lon="-123.804895"></trkpt><trkpt lat="47.390891" lon="-123.804903"></trkpt><trkpt lat="47.390930" lon="-123.804897"></trkpt><trkpt lat="47.390965" lon="-123.804883"></trkpt><trkpt lat="47.390994" lon="-123.804854"></trkpt><trkpt lat="47.391020" lon="-123.804820"></trkpt><trkpt lat="47.391049" lon="-123.804789"></trkpt><trkpt lat="47.391079" lon="-123.804751"></trkpt><trkpt lat="47.391097" lon="-123.804709"></trkpt><trkpt lat="47.391118" lon="-123.804676"></trkpt><trkpt lat="47.391141" lon="-123.804639"></trkpt><trkpt lat="47.391165" lon="-123.804602"></trkpt><trkpt lat="47.391191" lon="-123.804570"></trkpt><trkpt lat="47.391211" lon="-123.804532"></trkpt><trkpt lat="47.391242" lon="-123.804462"></trkpt><trkpt lat="47.391260" lon="-123.804418"></trkpt><trkpt lat="47.391299" lon="-123.804384"></trkpt><trkpt lat="47.391325" lon="-123.804359"></trkpt><trkpt lat="47.391350" lon="-123.804330"></trkpt><trkpt lat="47.391383" lon="-123.804304"></trkpt><trkpt lat="47.391432" lon="-123.804279"></trkpt><trkpt lat="47.391463" lon="-123.804252"></trkpt><trkpt lat="47.391494" lon="-123.804226"></trkpt><trkpt lat="47.391520" lon="-123.804204"></trkpt><trkpt lat="47.391535" lon="-123.804202"></trkpt><trkpt lat="47.391656" lon="-123.804170"></trkpt><trkpt lat="47.391694" lon="-123.804177"></trkpt><trkpt lat="47.391735" lon="-123.804172"></trkpt><trkpt lat="47.391771" lon="-123.804160"></trkpt><trkpt lat="47.391802" lon="-123.804146"></trkpt><trkpt lat="47.391838" lon="-123.804132"></trkpt><trkpt lat="47.391876" lon="-123.804114"></trkpt><trkpt lat="47.391913" lon="-123.804094"></trkpt><trkpt lat="47.391941" lon="-123.804086"></trkpt><trkpt lat="47.391977" lon="-123.804079"></trkpt><trkpt lat="47.392022" lon="-123.804074"></trkpt><trkpt lat="47.392056" lon="-123.804074"></trkpt><trkpt lat="47.392092" lon="-123.804067"></trkpt><trkpt lat="47.392126" lon="-123.804056"></trkpt><trkpt lat="47.392161" lon="-123.804056"></trkpt><trkpt lat="47.392196" lon="-123.804063"></trkpt><trkpt lat="47.392241" lon="-123.804072"></trkpt><trkpt lat="47.392287" lon="-123.804074"></trkpt><trkpt lat="47.392323" lon="-123.804067"></trkpt><trkpt lat="47.392355" lon="-123.804067"></trkpt><trkpt lat="47.392397" lon="-123.804061"></trkpt><trkpt lat="47.392429" lon="-123.804061"></trkpt><trkpt lat="47.392473" lon="-123.804069"></trkpt><trkpt lat="47.392510" lon="-123.804077"></trkpt><trkpt lat="47.392546" lon="-123.804084"></trkpt><trkpt lat="47.392584" lon="-123.804099"></trkpt><trkpt lat="47.392621" lon="-123.804111"></trkpt><trkpt lat="47.392653" lon="-123.804131"></trkpt><trkpt lat="47.392692" lon="-123.804153"></trkpt><trkpt lat="47.392724" lon="-123.804173"></trkpt><trkpt lat="47.392756" lon="-123.804193"></trkpt><trkpt lat="47.392786" lon="-123.804227"></trkpt><trkpt lat="47.392812" lon="-123.804258"></trkpt><trkpt lat="47.392848" lon="-123.804293"></trkpt><trkpt lat="47.392879" lon="-123.804315"></trkpt><trkpt lat="47.392912" lon="-123.804329"></trkpt><trkpt lat="47.392938" lon="-123.804366"></trkpt><trkpt lat="47.392966" lon="-123.804400"></trkpt><trkpt lat="47.392992" lon="-123.804435"></trkpt><trkpt lat="47.393029" lon="-123.804457"></trkpt><trkpt lat="47.393063" lon="-123.804475"></trkpt><trkpt lat="47.393102" lon="-123.804490"></trkpt><trkpt lat="47.393140" lon="-123.804504"></trkpt><trkpt lat="47.393174" lon="-123.804523"></trkpt><trkpt lat="47.393213" lon="-123.804531"></trkpt><trkpt lat="47.393253" lon="-123.804539"></trkpt><trkpt lat="47.393298" lon="-123.804548"></trkpt><trkpt lat="47.393332" lon="-123.804554"></trkpt><trkpt lat="47.393377" lon="-123.804563"></trkpt><trkpt lat="47.393414" lon="-123.804571"></trkpt><trkpt lat="47.393448" lon="-123.804578"></trkpt><trkpt lat="47.393487" lon="-123.804586"></trkpt><trkpt lat="47.393525" lon="-123.804593"></trkpt><trkpt lat="47.393558" lon="-123.804600"></trkpt><trkpt lat="47.393602" lon="-123.804616"></trkpt><trkpt lat="47.393645" lon="-123.804638"></trkpt><trkpt lat="47.393678" lon="-123.804652"></trkpt><trkpt lat="47.393721" lon="-123.804674"></trkpt><trkpt lat="47.393769" lon="-123.804705"></trkpt><trkpt lat="47.393806" lon="-123.804733"></trkpt><trkpt lat="47.393855" lon="-123.804757"></trkpt><trkpt lat="47.393899" lon="-123.804773"></trkpt><trkpt lat="47.393937" lon="-123.804787"></trkpt><trkpt lat="47.393990" lon="-123.804812"></trkpt><trkpt lat="47.394020" lon="-123.804838"></trkpt><trkpt lat="47.394067" lon="-123.804876"></trkpt><trkpt lat="47.394094" lon="-123.804902"></trkpt><trkpt lat="47.394128" lon="-123.804920"></trkpt><trkpt lat="47.394155" lon="-123.804954"></trkpt><trkpt lat="47.394189" lon="-123.804982"></trkpt><trkpt lat="47.394222" lon="-123.804995"></trkpt><trkpt lat="47.394256" lon="-123.805013"></trkpt><trkpt lat="47.394286" lon="-123.805033"></trkpt><trkpt lat="47.394304" lon="-123.805067"></trkpt><trkpt lat="47.394322" lon="-123.805094"></trkpt><trkpt lat="47.394345" lon="-123.805120"></trkpt><trkpt lat="47.394360" lon="-123.805127"></trkpt><trkpt lat="47.394382" lon="-123.805161"></trkpt><trkpt lat="47.394415" lon="-123.805168"></trkpt><trkpt lat="47.394444" lon="-123.805194"></trkpt><trkpt lat="47.394474" lon="-123.805214"></trkpt><trkpt lat="47.394506" lon="-123.805234"></trkpt><trkpt lat="47.394543" lon="-123.805242"></trkpt><trkpt lat="47.394576" lon="-123.805248"></trkpt><trkpt lat="47.394612" lon="-123.805249"></trkpt><trkpt lat="47.394641" lon="-123.805238"></trkpt><trkpt lat="47.394660" lon="-123.805208"></trkpt><trkpt lat="47.394678" lon="-123.805177"></trkpt><trkpt lat="47.394699" lon="-123.805149"></trkpt><trkpt lat="47.394716" lon="-123.805107"></trkpt><trkpt lat="47.394731" lon="-123.805064"></trkpt><trkpt lat="47.394749" lon="-123.805022"></trkpt><trkpt lat="47.394763" lon="-123.804986"></trkpt><trkpt lat="47.394784" lon="-123.804948"></trkpt><trkpt lat="47.394791" lon="-123.804899"></trkpt><trkpt lat="47.394775" lon="-123.804841"></trkpt><trkpt lat="47.394753" lon="-123.804797"></trkpt><trkpt lat="47.394727" lon="-123.804762"></trkpt><trkpt lat="47.394710" lon="-123.804731"></trkpt><trkpt lat="47.394687" lon="-123.804703"></trkpt><trkpt lat="47.394660" lon="-123.804663"></trkpt><trkpt lat="47.394655" lon="-123.804616"></trkpt><trkpt lat="47.394651" lon="-123.804573"></trkpt><trkpt lat="47.394635" lon="-123.804535"></trkpt><trkpt lat="47.394602" lon="-123.804496"></trkpt><trkpt lat="47.394574" lon="-123.804465"></trkpt><trkpt lat="47.394556" lon="-123.804440"></trkpt><trkpt lat="47.394533" lon="-123.804394"></trkpt><trkpt lat="47.394512" lon="-123.804350"></trkpt><trkpt lat="47.394487" lon="-123.804308"></trkpt><trkpt lat="47.394463" lon="-123.804276"></trkpt><trkpt lat="47.394435" lon="-123.804237"></trkpt><trkpt lat="47.394413" lon="-123.804207"></trkpt><trkpt lat="47.394394" lon="-123.804171"></trkpt><trkpt lat="47.394378" lon="-123.804133"></trkpt><trkpt lat="47.394354" lon="-123.804101"></trkpt><trkpt lat="47.394334" lon="-123.804066"></trkpt><trkpt lat="47.394304" lon="-123.804046"></trkpt><trkpt lat="47.394277" lon="-123.804020"></trkpt><trkpt lat="47.394256" lon="-123.803984"></trkpt><trkpt lat="47.394227" lon="-123.803960"></trkpt><trkpt lat="47.394190" lon="-123.803945"></trkpt><trkpt lat="47.394155" lon="-123.803934"></trkpt><trkpt lat="47.394123" lon="-123.803920"></trkpt><trkpt lat="47.394089" lon="-123.803909"></trkpt><trkpt lat="47.394054" lon="-123.803902"></trkpt><trkpt lat="47.394019" lon="-123.803888"></trkpt><trkpt lat="47.393983" lon="-123.803873"></trkpt><trkpt lat="47.393952" lon="-123.803860"></trkpt><trkpt lat="47.393921" lon="-123.803847"></trkpt><trkpt lat="47.393887" lon="-123.803829"></trkpt><trkpt lat="47.393843" lon="-123.803813"></trkpt><trkpt lat="47.393804" lon="-123.803798"></trkpt><trkpt lat="47.393773" lon="-123.803778"></trkpt><trkpt lat="47.393740" lon="-123.803760"></trkpt><trkpt lat="47.393708" lon="-123.803740"></trkpt><trkpt lat="47.393677" lon="-123.803719"></trkpt><trkpt lat="47.393649" lon="-123.803700"></trkpt><trkpt lat="47.393613" lon="-123.803679"></trkpt><trkpt lat="47.393584" lon="-123.803654"></trkpt><trkpt lat="47.393554" lon="-123.803635"></trkpt><trkpt lat="47.393524" lon="-123.803615"></trkpt><trkpt lat="47.393492" lon="-123.803594"></trkpt><trkpt lat="47.393458" lon="-123.803576"></trkpt><trkpt lat="47.393429" lon="-123.803551"></trkpt><trkpt lat="47.393391" lon="-123.803530"></trkpt><trkpt lat="47.393358" lon="-123.803517"></trkpt><trkpt lat="47.393327" lon="-123.803490"></trkpt><trkpt lat="47.393289" lon="-123.803463"></trkpt><trkpt lat="47.393258" lon="-123.803436"></trkpt><trkpt lat="47.393226" lon="-123.803414"></trkpt><trkpt lat="47.393199" lon="-123.803385"></trkpt><trkpt lat="47.393174" lon="-123.803361"></trkpt><trkpt lat="47.393140" lon="-123.803336"></trkpt><trkpt lat="47.393116" lon="-123.803304"></trkpt><trkpt lat="47.393085" lon="-123.803276"></trkpt><trkpt lat="47.393052" lon="-123.803251"></trkpt><trkpt lat="47.393047" lon="-123.803243"></trkpt><trkpt lat="47.392269" lon="-123.802706"></trkpt><trkpt lat="47.391696" lon="-123.801930"></trkpt><trkpt lat="47.391228" lon="-123.801474"></trkpt><trkpt lat="47.390882" lon="-123.801187"></trkpt><trkpt lat="47.389628" lon="-123.800787"></trkpt><trkpt lat="47.388532" lon="-123.800910"></trkpt><trkpt lat="47.387846" lon="-123.801070"></trkpt><trkpt lat="47.387840" lon="-123.801069"></trkpt><trkpt lat="47.387303" lon="-123.800885"></trkpt><trkpt lat="47.387101" lon="-123.800982"></trkpt><trkpt lat="47.387096" lon="-123.799723"></trkpt><trkpt lat="47.388874" lon="-123.798525"></trkpt><trkpt lat="47.389621" lon="-123.798503"></trkpt><trkpt lat="47.389745" lon="-123.798395"></trkpt><trkpt lat="47.389770" lon="-123.798213"></trkpt><trkpt lat="47.384200" lon="-123.796957"></trkpt><trkpt lat="47.382184" lon="-123.797827"></trkpt><trkpt lat="47.380765" lon="-123.797969"></trkpt><trkpt lat="47.379117" lon="-123.796542"></trkpt><trkpt lat="47.379265" lon="-123.794723"></trkpt><trkpt lat="47.380631" lon="-123.794141"></trkpt><trkpt lat="47.383262" lon="-123.792666"></trkpt><trkpt lat="47.384218" lon="-123.793256"></trkpt><trkpt lat="47.387671" lon="-123.791045"></trkpt><trkpt lat="47.389226" lon="-123.792346"></trkpt><trkpt lat="47.391146" lon="-123.791692"></trkpt><trkpt lat="47.393336" lon="-123.793759"></trkpt><trkpt lat="47.393853" lon="-123.793863"></trkpt><trkpt lat="47.394298" lon="-123.793952"></trkpt><trkpt lat="47.394744" lon="-123.794041"></trkpt><trkpt lat="47.395236" lon="-123.794140"></trkpt><trkpt lat="47.395769" lon="-123.794338"></trkpt><trkpt lat="47.396276" lon="-123.794532"></trkpt><trkpt lat="47.396673" lon="-123.794792"></trkpt><trkpt lat="47.397042" lon="-123.795046"></trkpt><trkpt lat="47.397485" lon="-123.795134"></trkpt><trkpt lat="47.397949" lon="-123.795227"></trkpt><trkpt lat="47.398395" lon="-123.795316"></trkpt><trkpt lat="47.398850" lon="-123.795316"></trkpt><trkpt lat="47.399259" lon="-123.795121"></trkpt><trkpt lat="47.399639" lon="-123.794922"></trkpt><trkpt lat="47.399928" lon="-123.794673"></trkpt><trkpt lat="47.400226" lon="-123.794130"></trkpt><trkpt lat="47.400481" lon="-123.793752"></trkpt><trkpt lat="47.400745" lon="-123.793318"></trkpt><trkpt lat="47.400951" lon="-123.792929"></trkpt><trkpt lat="47.401231" lon="-123.792556"></trkpt><trkpt lat="47.401491" lon="-123.792148"></trkpt><trkpt lat="47.401772" lon="-123.791775"></trkpt><trkpt lat="47.402041" lon="-123.791434"></trkpt><trkpt lat="47.402315" lon="-123.791067"></trkpt><trkpt lat="47.402653" lon="-123.790644"></trkpt><trkpt lat="47.403024" lon="-123.790170"></trkpt><trkpt lat="47.403370" lon="-123.789874"></trkpt><trkpt lat="47.403737" lon="-123.789400"></trkpt><trkpt lat="47.404030" lon="-123.788914"></trkpt><trkpt lat="47.404245" lon="-123.788443"></trkpt><trkpt lat="47.404587" lon="-123.788151"></trkpt><trkpt lat="47.404978" lon="-123.787814"></trkpt><trkpt lat="47.405380" lon="-123.787438"></trkpt><trkpt lat="47.405790" lon="-123.787006"></trkpt><trkpt lat="47.406148" lon="-123.786595"></trkpt><trkpt lat="47.406527" lon="-123.786245"></trkpt><trkpt lat="47.406853" lon="-123.785912"></trkpt><trkpt lat="47.407133" lon="-123.785542"></trkpt><trkpt lat="47.407401" lon="-123.785074"></trkpt><trkpt lat="47.407555" lon="-123.784510"></trkpt><trkpt lat="47.407563" lon="-123.783920"></trkpt><trkpt lat="47.407419" lon="-123.783534"></trkpt><trkpt lat="47.407833" lon="-123.783437"></trkpt><trkpt lat="47.408329" lon="-123.783628"></trkpt><trkpt lat="47.408742" lon="-123.783891"></trkpt><trkpt lat="47.409172" lon="-123.783889"></trkpt><trkpt lat="47.409461" lon="-123.783429"></trkpt><trkpt lat="47.409824" lon="-123.782984"></trkpt><trkpt lat="47.410017" lon="-123.782512"></trkpt><trkpt lat="47.410297" lon="-123.782120"></trkpt><trkpt lat="47.410388" lon="-123.781455"></trkpt><trkpt lat="47.410542" lon="-123.780891"></trkpt><trkpt lat="47.410693" lon="-123.780329"></trkpt><trkpt lat="47.410906" lon="-123.779866"></trkpt><trkpt lat="47.411170" lon="-123.779431"></trkpt><trkpt lat="47.411387" lon="-123.778964"></trkpt><trkpt lat="47.411701" lon="-123.778697"></trkpt><trkpt lat="47.411808" lon="-123.778450"></trkpt><trkpt lat="47.412880" lon="-123.776480"></trkpt><trkpt lat="47.413072" lon="-123.776012"></trkpt><trkpt lat="47.413416" lon="-123.775662"></trkpt><trkpt lat="47.413720" lon="-123.775301"></trkpt><trkpt lat="47.414112" lon="-123.775042"></trkpt><trkpt lat="47.414546" lon="-123.774826"></trkpt><trkpt lat="47.414886" lon="-123.774530"></trkpt><trkpt lat="47.415141" lon="-123.774155"></trkpt><trkpt lat="47.415382" lon="-123.774027"></trkpt><trkpt lat="47.422761" lon="-123.767522"></trkpt><trkpt lat="47.430347" lon="-123.763665"></trkpt><trkpt lat="47.432135" lon="-123.763620"></trkpt><trkpt lat="47.436025" lon="-123.761970"></trkpt><trkpt lat="47.441853" lon="-123.756807"></trkpt><trkpt lat="47.444372" lon="-123.750467"></trkpt><trkpt lat="47.448291" lon="-123.748407"></trkpt><trkpt lat="47.449690" lon="-123.744123"></trkpt><trkpt lat="47.450756" lon="-123.743355"></trkpt><trkpt lat="47.452024" lon="-123.739671"></trkpt><trkpt lat="47.454117" lon="-123.735542"></trkpt><trkpt lat="47.457098" lon="-123.732466"></trkpt><trkpt lat="47.458496" lon="-123.724353"></trkpt><trkpt lat="47.458117" lon="-123.722881"></trkpt><trkpt lat="47.458823" lon="-123.719973"></trkpt><trkpt lat="47.462749" lon="-123.714353"></trkpt><trkpt lat="47.466766" lon="-123.708923"></trkpt><trkpt lat="47.470995" lon="-123.705173"></trkpt><trkpt lat="47.472351" lon="-123.705077"></trkpt><trkpt lat="47.476785" lon="-123.701099"></trkpt><trkpt lat="47.479158" lon="-123.695704"></trkpt><trkpt lat="47.480668" lon="-123.689870"></trkpt><trkpt lat="47.482325" lon="-123.685091"></trkpt><trkpt lat="47.484894" lon="-123.681126"></trkpt><trkpt lat="47.485169" lon="-123.678090"></trkpt><trkpt lat="47.485937" lon="-123.676004"></trkpt><trkpt lat="47.485212" lon="-123.671160"></trkpt><trkpt lat="47.487734" lon="-123.663777"></trkpt><trkpt lat="47.489655" lon="-123.660894"></trkpt><trkpt lat="47.489831" lon="-123.660167"></trkpt><trkpt lat="47.490041" lon="-123.659568"></trkpt><trkpt lat="47.490252" lon="-123.659124"></trkpt><trkpt lat="47.490465" lon="-123.658660"></trkpt><trkpt lat="47.490674" lon="-123.658065"></trkpt><trkpt lat="47.490781" lon="-123.657292"></trkpt><trkpt lat="47.490938" lon="-123.656710"></trkpt><trkpt lat="47.491071" lon="-123.656111"></trkpt><trkpt lat="47.491310" lon="-123.655484"></trkpt><trkpt lat="47.491485" lon="-123.654764"></trkpt><trkpt lat="47.491575" lon="-123.654115"></trkpt><trkpt lat="47.491599" lon="-123.653391"></trkpt><trkpt lat="47.491532" lon="-123.652764"></trkpt><trkpt lat="47.491462" lon="-123.652167"></trkpt><trkpt lat="47.491354" lon="-123.651658"></trkpt><trkpt lat="47.491360" lon="-123.651057"></trkpt><trkpt lat="47.491450" lon="-123.650404"></trkpt><trkpt lat="47.491541" lon="-123.649743"></trkpt><trkpt lat="47.491633" lon="-123.649078"></trkpt><trkpt lat="47.491642" lon="-123.648458"></trkpt><trkpt lat="47.491479" lon="-123.648000"></trkpt><trkpt lat="47.491392" lon="-123.647529"></trkpt><trkpt lat="47.491326" lon="-123.646895"></trkpt><trkpt lat="47.491158" lon="-123.646497"></trkpt><trkpt lat="47.491257" lon="-123.645784"></trkpt><trkpt lat="47.491172" lon="-123.645287"></trkpt><trkpt lat="47.490973" lon="-123.644883"></trkpt><trkpt lat="47.490832" lon="-123.644429"></trkpt><trkpt lat="47.490667" lon="-123.643967"></trkpt><trkpt lat="47.490476" lon="-123.643530"></trkpt><trkpt lat="47.490103" lon="-123.643121"></trkpt><trkpt lat="47.489879" lon="-123.642528"></trkpt><trkpt lat="47.489761" lon="-123.641929"></trkpt><trkpt lat="47.489604" lon="-123.641407"></trkpt><trkpt lat="47.489389" lon="-123.640935"></trkpt><trkpt lat="47.489274" lon="-123.640298"></trkpt><trkpt lat="47.489066" lon="-123.639770"></trkpt><trkpt lat="47.488823" lon="-123.639364"></trkpt><trkpt lat="47.481095" lon="-123.632940"></trkpt><trkpt lat="47.478935" lon="-123.633908"></trkpt><trkpt lat="47.478757" lon="-123.632088"></trkpt><trkpt lat="47.478851" lon="-123.631405"></trkpt><trkpt lat="47.478941" lon="-123.630749"></trkpt><trkpt lat="47.479030" lon="-123.630103"></trkpt><trkpt lat="47.479129" lon="-123.629382"></trkpt><trkpt lat="47.479219" lon="-123.628729"></trkpt><trkpt lat="47.479229" lon="-123.628128"></trkpt><trkpt lat="47.479379" lon="-123.627594"></trkpt><trkpt lat="47.479883" lon="-123.627603"></trkpt><trkpt lat="47.480260" lon="-123.627410"></trkpt><trkpt lat="47.480626" lon="-123.627299"></trkpt><trkpt lat="47.480901" lon="-123.627657"></trkpt><trkpt lat="47.481075" lon="-123.628053"></trkpt><trkpt lat="47.481219" lon="-123.628446"></trkpt><trkpt lat="47.481499" lon="-123.628954"></trkpt><trkpt lat="47.481832" lon="-123.629443"></trkpt><trkpt lat="47.482167" lon="-123.629786"></trkpt><trkpt lat="47.482592" lon="-123.630025"></trkpt><trkpt lat="47.483004" lon="-123.630168"></trkpt><trkpt lat="47.483485" lon="-123.630357"></trkpt><trkpt lat="47.483980" lon="-123.630456"></trkpt><trkpt lat="47.484472" lon="-123.630554"></trkpt><trkpt lat="47.484924" lon="-123.630737"></trkpt><trkpt lat="47.485330" lon="-123.630907"></trkpt><trkpt lat="47.485847" lon="-123.631010"></trkpt><trkpt lat="47.486417" lon="-123.631124"></trkpt><trkpt lat="47.486860" lon="-123.631213"></trkpt><trkpt lat="47.487219" lon="-123.631373"></trkpt><trkpt lat="47.487604" lon="-123.631512"></trkpt><trkpt lat="47.487921" lon="-123.631939"></trkpt><trkpt lat="47.487977" lon="-123.632457"></trkpt><trkpt lat="47.488204" lon="-123.632771"></trkpt><trkpt lat="47.488604" lon="-123.632940"></trkpt><trkpt lat="47.489047" lon="-123.633028"></trkpt><trkpt lat="47.489542" lon="-123.633128"></trkpt><trkpt lat="47.489988" lon="-123.633217"></trkpt><trkpt lat="47.490421" lon="-123.633211"></trkpt><trkpt lat="47.490797" lon="-123.633045"></trkpt><trkpt lat="47.491424" lon="-123.632745"></trkpt><trkpt lat="47.491795" lon="-123.632635"></trkpt><trkpt lat="47.492185" lon="-123.632529"></trkpt><trkpt lat="47.492548" lon="-123.632602"></trkpt><trkpt lat="47.492541" lon="-123.633207"></trkpt><trkpt lat="47.492597" lon="-123.633721"></trkpt><trkpt lat="47.492640" lon="-123.634332"></trkpt><trkpt lat="47.493033" lon="-123.634595"></trkpt><trkpt lat="47.493402" lon="-123.634852"></trkpt><trkpt lat="47.493794" lon="-123.635145"></trkpt><trkpt lat="47.494108" lon="-123.635453"></trkpt><trkpt lat="47.494407" lon="-123.635847"></trkpt><trkpt lat="47.494635" lon="-123.636223"></trkpt><trkpt lat="47.494892" lon="-123.636574"></trkpt><trkpt lat="47.495105" lon="-123.637038"></trkpt><trkpt lat="47.495354" lon="-123.637426"></trkpt><trkpt lat="47.495544" lon="-123.637893"></trkpt><trkpt lat="47.495833" lon="-123.638376"></trkpt><trkpt lat="47.496024" lon="-123.639024"></trkpt><trkpt lat="47.496247" lon="-123.639621"></trkpt><trkpt lat="47.496492" lon="-123.640038"></trkpt><trkpt lat="47.496633" lon="-123.640492"></trkpt><trkpt lat="47.496866" lon="-123.640991"></trkpt><trkpt lat="47.497056" lon="-123.641643"></trkpt><trkpt lat="47.497190" lon="-123.642310"></trkpt><trkpt lat="47.497244" lon="-123.643026"></trkpt><trkpt lat="47.497244" lon="-123.643578"></trkpt><trkpt lat="47.497242" lon="-123.644150"></trkpt><trkpt lat="47.497321" lon="-123.644687"></trkpt><trkpt lat="47.497215" lon="-123.645456"></trkpt><trkpt lat="47.497117" lon="-123.646165"></trkpt><trkpt lat="47.497018" lon="-123.646881"></trkpt><trkpt lat="47.496924" lon="-123.647564"></trkpt><trkpt lat="47.497095" lon="-123.647962"></trkpt><trkpt lat="47.497172" lon="-123.648515"></trkpt><trkpt lat="47.497170" lon="-123.649086"></trkpt><trkpt lat="47.497221" lon="-123.649634"></trkpt><trkpt lat="47.497130" lon="-123.650299"></trkpt><trkpt lat="47.497097" lon="-123.651090"></trkpt><trkpt lat="47.497082" lon="-123.651750"></trkpt><trkpt lat="47.497145" lon="-123.652403"></trkpt><trkpt lat="47.497219" lon="-123.652970"></trkpt><trkpt lat="47.497277" lon="-123.653638"></trkpt><trkpt lat="47.497344" lon="-123.654258"></trkpt><trkpt lat="47.497474" lon="-123.654794"></trkpt><trkpt lat="47.497383" lon="-123.655455"></trkpt><trkpt lat="47.497452" lon="-123.656037"></trkpt><trkpt lat="47.497630" lon="-123.656594"></trkpt><trkpt lat="47.497644" lon="-123.657602"></trkpt><trkpt lat="47.497549" lon="-123.658288"></trkpt><trkpt lat="47.497460" lon="-123.658934"></trkpt><trkpt lat="47.497504" lon="-123.659514"></trkpt><trkpt lat="47.497575" lon="-123.660111"></trkpt><trkpt lat="47.497547" lon="-123.660681"></trkpt><trkpt lat="47.497622" lon="-123.661248"></trkpt><trkpt lat="47.497583" lon="-123.661897"></trkpt><trkpt lat="47.497495" lon="-123.662539"></trkpt><trkpt lat="47.497404" lon="-123.663200"></trkpt><trkpt lat="47.497316" lon="-123.663839"></trkpt><trkpt lat="47.497236" lon="-123.664414"></trkpt><trkpt lat="47.497422" lon="-123.663784"></trkpt><trkpt lat="47.497520" lon="-123.663068"></trkpt><trkpt lat="47.497631" lon="-123.662262"></trkpt><trkpt lat="47.497726" lon="-123.661575"></trkpt><trkpt lat="47.497903" lon="-123.660844"></trkpt><trkpt lat="47.497998" lon="-123.660158"></trkpt><trkpt lat="47.498087" lon="-123.659508"></trkpt><trkpt lat="47.498041" lon="-123.658924"></trkpt><trkpt lat="47.497888" lon="-123.658372"></trkpt><trkpt lat="47.497722" lon="-123.657913"></trkpt><trkpt lat="47.497672" lon="-123.657167"></trkpt><trkpt lat="47.497606" lon="-123.656540"></trkpt><trkpt lat="47.497564" lon="-123.655918"></trkpt><trkpt lat="47.497486" lon="-123.655381"></trkpt><trkpt lat="47.497537" lon="-123.654456"></trkpt><trkpt lat="47.497549" lon="-123.653814"></trkpt><trkpt lat="47.497491" lon="-123.653127"></trkpt><trkpt lat="47.497272" lon="-123.652501"></trkpt><trkpt lat="47.497118" lon="-123.651956"></trkpt><trkpt lat="47.497126" lon="-123.651348"></trkpt><trkpt lat="47.497161" lon="-123.650722"></trkpt><trkpt lat="47.497258" lon="-123.650020"></trkpt><trkpt lat="47.497603" lon="-123.649728"></trkpt><trkpt lat="47.497802" lon="-123.649204"></trkpt><trkpt lat="47.497957" lon="-123.648640"></trkpt><trkpt lat="47.498045" lon="-123.648001"></trkpt><trkpt lat="47.497881" lon="-123.647547"></trkpt><trkpt lat="47.497980" lon="-123.647014"></trkpt><trkpt lat="47.498011" lon="-123.646422"></trkpt><trkpt lat="47.497862" lon="-123.645844"></trkpt><trkpt lat="47.497783" lon="-123.645306"></trkpt><trkpt lat="47.497789" lon="-123.644709"></trkpt><trkpt lat="47.497882" lon="-123.644033"></trkpt><trkpt lat="47.497980" lon="-123.643324"></trkpt><trkpt lat="47.498073" lon="-123.642645"></trkpt><trkpt lat="47.498086" lon="-123.642018"></trkpt><trkpt lat="47.498155" lon="-123.641150"></trkpt><trkpt lat="47.498174" lon="-123.640459"></trkpt><trkpt lat="47.497926" lon="-123.640042"></trkpt><trkpt lat="47.497747" lon="-123.639519"></trkpt><trkpt lat="47.497525" lon="-123.638960"></trkpt><trkpt lat="47.497164" lon="-123.638462"></trkpt><trkpt lat="47.496867" lon="-123.638035"></trkpt><trkpt lat="47.496519" lon="-123.637628"></trkpt><trkpt lat="47.495985" lon="-123.637092"></trkpt><trkpt lat="47.495687" lon="-123.636480"></trkpt><trkpt lat="47.495275" lon="-123.635968"></trkpt><trkpt lat="47.495133" lon="-123.635521"></trkpt><trkpt lat="47.495003" lon="-123.634981"></trkpt><trkpt lat="47.494768" lon="-123.634478"></trkpt><trkpt lat="47.494535" lon="-123.633971"></trkpt><trkpt lat="47.494220" lon="-123.633551"></trkpt><trkpt lat="47.493921" lon="-123.632974"></trkpt><trkpt lat="47.493935" lon="-123.632347"></trkpt><trkpt lat="47.493952" lon="-123.631667"></trkpt><trkpt lat="47.493854" lon="-123.631107"></trkpt><trkpt lat="47.493608" lon="-123.630720"></trkpt><trkpt lat="47.493223" lon="-123.630466"></trkpt><trkpt lat="47.492755" lon="-123.630372"></trkpt><trkpt lat="47.492407" lon="-123.630545"></trkpt><trkpt lat="47.492023" lon="-123.630744"></trkpt><trkpt lat="47.491265" lon="-123.630772"></trkpt><trkpt lat="47.490819" lon="-123.630683"></trkpt><trkpt lat="47.490330" lon="-123.630585"></trkpt><trkpt lat="47.489911" lon="-123.630716"></trkpt><trkpt lat="47.489491" lon="-123.630693"></trkpt><trkpt lat="47.489204" lon="-123.630398"></trkpt><trkpt lat="47.489215" lon="-123.629759"></trkpt><trkpt lat="47.489304" lon="-123.629114"></trkpt><trkpt lat="47.489141" lon="-123.628659"></trkpt><trkpt lat="47.488925" lon="-123.628221"></trkpt><trkpt lat="47.488768" lon="-123.627740"></trkpt><trkpt lat="47.488446" lon="-123.627308"></trkpt><trkpt lat="47.488231" lon="-123.626835"></trkpt><trkpt lat="47.488002" lon="-123.626302"></trkpt><trkpt lat="47.487683" lon="-123.625871"></trkpt><trkpt lat="47.487426" lon="-123.625547"></trkpt><trkpt lat="47.487067" lon="-123.625383"></trkpt><trkpt lat="47.486661" lon="-123.625393"></trkpt><trkpt lat="47.486218" lon="-123.625489"></trkpt><trkpt lat="47.485763" lon="-123.625490"></trkpt><trkpt lat="47.485466" lon="-123.625127"></trkpt><trkpt lat="47.485391" lon="-123.624567"></trkpt><trkpt lat="47.485396" lon="-123.623997"></trkpt><trkpt lat="47.485489" lon="-123.623325"></trkpt><trkpt lat="47.485660" lon="-123.622818"></trkpt><trkpt lat="47.485757" lon="-123.622116"></trkpt><trkpt lat="47.485594" lon="-123.621662"></trkpt><trkpt lat="47.485331" lon="-123.621210"></trkpt><trkpt lat="47.484972" lon="-123.620862"></trkpt><trkpt lat="47.484492" lon="-123.620494"></trkpt><trkpt lat="47.484182" lon="-123.620156"></trkpt><trkpt lat="47.484021" lon="-123.619664"></trkpt><trkpt lat="47.483899" lon="-123.619091"></trkpt><trkpt lat="47.483611" lon="-123.618642"></trkpt><trkpt lat="47.483388" lon="-123.618229"></trkpt><trkpt lat="47.483253" lon="-123.617750"></trkpt><trkpt lat="47.483011" lon="-123.617340"></trkpt><trkpt lat="47.482736" lon="-123.616955"></trkpt><trkpt lat="47.482623" lon="-123.616484"></trkpt><trkpt lat="47.482411" lon="-123.616016"></trkpt><trkpt lat="47.482166" lon="-123.615387"></trkpt><trkpt lat="47.481699" lon="-123.615110"></trkpt><trkpt lat="47.481281" lon="-123.614842"></trkpt><trkpt lat="47.480810" lon="-123.614748"></trkpt><trkpt lat="47.480446" lon="-123.614828"></trkpt><trkpt lat="47.480019" lon="-123.614835"></trkpt><trkpt lat="47.479466" lon="-123.614786"></trkpt><trkpt lat="47.478995" lon="-123.614875"></trkpt><trkpt lat="47.478671" lon="-123.614872"></trkpt><trkpt lat="47.478246" lon="-123.614633"></trkpt><trkpt lat="47.477923" lon="-123.614415"></trkpt><trkpt lat="47.477381" lon="-123.614307"></trkpt><trkpt lat="47.476938" lon="-123.614218"></trkpt><trkpt lat="47.476512" lon="-123.614378"></trkpt><trkpt lat="47.476088" lon="-123.614385"></trkpt><trkpt lat="47.475577" lon="-123.614283"></trkpt><trkpt lat="47.475143" lon="-123.614104"></trkpt><trkpt lat="47.474706" lon="-123.613771"></trkpt><trkpt lat="47.474354" lon="-123.613463"></trkpt><trkpt lat="47.474122" lon="-123.613110"></trkpt><trkpt lat="47.474129" lon="-123.612505"></trkpt><trkpt lat="47.474285" lon="-123.611930"></trkpt><trkpt lat="47.474445" lon="-123.611326"></trkpt><trkpt lat="47.474288" lon="-123.610842"></trkpt><trkpt lat="47.473793" lon="-123.610650"></trkpt><trkpt lat="47.473579" lon="-123.610216"></trkpt><trkpt lat="47.473504" lon="-123.609691"></trkpt><trkpt lat="47.473855" lon="-123.609343"></trkpt><trkpt lat="47.474220" lon="-123.609235"></trkpt><trkpt lat="47.474603" lon="-123.609132"></trkpt><trkpt lat="47.474708" lon="-123.609854"></trkpt><trkpt lat="47.474770" lon="-123.610507"></trkpt><trkpt lat="47.474987" lon="-123.610915"></trkpt><trkpt lat="47.475319" lon="-123.611258"></trkpt><trkpt lat="47.475486" lon="-123.611686"></trkpt><trkpt lat="47.475824" lon="-123.611938"></trkpt><trkpt lat="47.476313" lon="-123.612036"></trkpt><trkpt lat="47.476718" lon="-123.611841"></trkpt><trkpt lat="47.477123" lon="-123.611492"></trkpt><trkpt lat="47.477481" lon="-123.611292"></trkpt><trkpt lat="47.477892" lon="-123.611037"></trkpt><trkpt lat="47.478248" lon="-123.610832"></trkpt><trkpt lat="47.478676" lon="-123.610496"></trkpt><trkpt lat="47.479176" lon="-123.610166"></trkpt><trkpt lat="47.479622" lon="-123.609861"></trkpt><trkpt lat="47.480002" lon="-123.609787"></trkpt><trkpt lat="47.480436" lon="-123.609870"></trkpt><trkpt lat="47.480718" lon="-123.610341"></trkpt><trkpt lat="47.481100" lon="-123.610479"></trkpt><trkpt lat="47.481406" lon="-123.610272"></trkpt><trkpt lat="47.481718" lon="-123.609828"></trkpt><trkpt lat="47.482141" lon="-123.609463"></trkpt><trkpt lat="47.482549" lon="-123.609089"></trkpt><trkpt lat="47.482988" lon="-123.608993"></trkpt><trkpt lat="47.483409" lon="-123.608896"></trkpt><trkpt lat="47.483777" lon="-123.608790"></trkpt><trkpt lat="47.484387" lon="-123.608728"></trkpt><trkpt lat="47.484926" lon="-123.608836"></trkpt><trkpt lat="47.485331" lon="-123.609009"></trkpt><trkpt lat="47.485771" lon="-123.609097"></trkpt><trkpt lat="47.486179" lon="-123.609090"></trkpt><trkpt lat="47.486375" lon="-123.608592"></trkpt><trkpt lat="47.486567" lon="-123.608120"></trkpt><trkpt lat="47.486722" lon="-123.607553"></trkpt><trkpt lat="47.486863" lon="-123.606894"></trkpt><trkpt lat="47.486887" lon="-123.606722"></trkpt><trkpt lat="47.490516" lon="-123.602635"></trkpt><trkpt lat="47.490551" lon="-123.602380"></trkpt><trkpt lat="47.490588" lon="-123.602117"></trkpt><trkpt lat="47.490624" lon="-123.601854"></trkpt><trkpt lat="47.490662" lon="-123.601580"></trkpt><trkpt lat="47.490718" lon="-123.601315"></trkpt><trkpt lat="47.490797" lon="-123.601111"></trkpt><trkpt lat="47.490833" lon="-123.600850"></trkpt><trkpt lat="47.491000" lon="-123.600741"></trkpt><trkpt lat="47.491191" lon="-123.600755"></trkpt><trkpt lat="47.491341" lon="-123.600688"></trkpt><trkpt lat="47.491493" lon="-123.600609"></trkpt><trkpt lat="47.491590" lon="-123.600557"></trkpt><trkpt lat="47.494355" lon="-123.596284"></trkpt><trkpt lat="47.494399" lon="-123.595963"></trkpt><trkpt lat="47.494438" lon="-123.595677"></trkpt><trkpt lat="47.494417" lon="-123.595390"></trkpt><trkpt lat="47.494336" lon="-123.595165"></trkpt><trkpt lat="47.494273" lon="-123.594957"></trkpt><trkpt lat="47.494215" lon="-123.594712"></trkpt><trkpt lat="47.494185" lon="-123.594485"></trkpt><trkpt lat="47.494108" lon="-123.594236"></trkpt><trkpt lat="47.494060" lon="-123.593994"></trkpt><trkpt lat="47.494086" lon="-123.593583"></trkpt><trkpt lat="47.494125" lon="-123.593297"></trkpt><trkpt lat="47.494161" lon="-123.593034"></trkpt><trkpt lat="47.494161" lon="-123.592815"></trkpt><trkpt lat="47.494244" lon="-123.592659"></trkpt><trkpt lat="47.494349" lon="-123.592475"></trkpt><trkpt lat="47.494492" lon="-123.592321"></trkpt><trkpt lat="47.494659" lon="-123.592209"></trkpt><trkpt lat="47.494841" lon="-123.592136"></trkpt><trkpt lat="47.495003" lon="-123.591986"></trkpt><trkpt lat="47.495220" lon="-123.591956"></trkpt><trkpt lat="47.495405" lon="-123.591847"></trkpt><trkpt lat="47.495595" lon="-123.591717"></trkpt><trkpt lat="47.495762" lon="-123.591604"></trkpt><trkpt lat="47.495921" lon="-123.591489"></trkpt><trkpt lat="47.496092" lon="-123.591341"></trkpt><trkpt lat="47.496261" lon="-123.591227"></trkpt><trkpt lat="47.496370" lon="-123.591102"></trkpt><trkpt lat="47.496523" lon="-123.591022"></trkpt><trkpt lat="47.496691" lon="-123.590908"></trkpt><trkpt lat="47.496843" lon="-123.590767"></trkpt><trkpt lat="47.496982" lon="-123.590648"></trkpt><trkpt lat="47.497117" lon="-123.590478"></trkpt><trkpt lat="47.497261" lon="-123.590323"></trkpt><trkpt lat="47.497392" lon="-123.590179"></trkpt><trkpt lat="47.497569" lon="-123.590006"></trkpt><trkpt lat="47.497624" lon="-123.589750"></trkpt><trkpt lat="47.497580" lon="-123.589484"></trkpt><trkpt lat="47.497583" lon="-123.589239"></trkpt><trkpt lat="47.497540" lon="-123.588960"></trkpt><trkpt lat="47.497542" lon="-123.588728"></trkpt><trkpt lat="47.497663" lon="-123.588508"></trkpt><trkpt lat="47.497799" lon="-123.588339"></trkpt><trkpt lat="47.497960" lon="-123.588200"></trkpt><trkpt lat="47.498068" lon="-123.588002"></trkpt><trkpt lat="47.498155" lon="-123.587801"></trkpt><trkpt lat="47.498340" lon="-123.587569"></trkpt><trkpt lat="47.498518" lon="-123.587383"></trkpt><trkpt lat="47.498655" lon="-123.587202"></trkpt><trkpt lat="47.498783" lon="-123.586936"></trkpt><trkpt lat="47.498882" lon="-123.586662"></trkpt><trkpt lat="47.498973" lon="-123.586447"></trkpt><trkpt lat="47.499042" lon="-123.586166"></trkpt><trkpt lat="47.499083" lon="-123.585868"></trkpt><trkpt lat="47.499128" lon="-123.585546"></trkpt><trkpt lat="47.499190" lon="-123.585314"></trkpt><trkpt lat="47.499281" lon="-123.585099"></trkpt><trkpt lat="47.499317" lon="-123.584839"></trkpt><trkpt lat="47.499356" lon="-123.584553"></trkpt><trkpt lat="47.499409" lon="-123.584171"></trkpt><trkpt lat="47.499446" lon="-123.583899"></trkpt><trkpt lat="47.499490" lon="-123.583578"></trkpt><trkpt lat="47.499475" lon="-123.583318"></trkpt><trkpt lat="47.499450" lon="-123.583055"></trkpt><trkpt lat="47.499383" lon="-123.582735"></trkpt><trkpt lat="47.499391" lon="-123.582454"></trkpt><trkpt lat="47.499426" lon="-123.582199"></trkpt><trkpt lat="47.499444" lon="-123.582072"></trkpt><trkpt lat="47.497569" lon="-123.581299"></trkpt><trkpt lat="47.497392" lon="-123.581263"></trkpt><trkpt lat="47.497229" lon="-123.581120"></trkpt><trkpt lat="47.497088" lon="-123.580957"></trkpt><trkpt lat="47.497029" lon="-123.580726"></trkpt><trkpt lat="47.496913" lon="-123.580531"></trkpt><trkpt lat="47.496797" lon="-123.580336"></trkpt><trkpt lat="47.496699" lon="-123.580169"></trkpt><trkpt lat="47.496470" lon="-123.579915"></trkpt><trkpt lat="47.496341" lon="-123.579742"></trkpt><trkpt lat="47.496227" lon="-123.579621"></trkpt><trkpt lat="47.496088" lon="-123.579519"></trkpt><trkpt lat="47.495953" lon="-123.579419"></trkpt><trkpt lat="47.495775" lon="-123.579311"></trkpt><trkpt lat="47.495602" lon="-123.579240"></trkpt><trkpt lat="47.495419" lon="-123.579166"></trkpt><trkpt lat="47.495302" lon="-123.579057"></trkpt><trkpt lat="47.495218" lon="-123.578858"></trkpt><trkpt lat="47.495109" lon="-123.578702"></trkpt><trkpt lat="47.494985" lon="-123.578493"></trkpt><trkpt lat="47.494881" lon="-123.578290"></trkpt><trkpt lat="47.494783" lon="-123.578123"></trkpt><trkpt lat="47.494650" lon="-123.577986"></trkpt><trkpt lat="47.494513" lon="-123.577873"></trkpt><trkpt lat="47.494414" lon="-123.577706"></trkpt><trkpt lat="47.494385" lon="-123.577481"></trkpt><trkpt lat="47.494343" lon="-123.577270"></trkpt><trkpt lat="47.494290" lon="-123.577064"></trkpt><trkpt lat="47.494177" lon="-123.576931"></trkpt><trkpt lat="47.494039" lon="-123.576831"></trkpt><trkpt lat="47.493901" lon="-123.576730"></trkpt><trkpt lat="47.493784" lon="-123.576561"></trkpt><trkpt lat="47.493785" lon="-123.576332"></trkpt><trkpt lat="47.493821" lon="-123.576070"></trkpt><trkpt lat="47.493800" lon="-123.575786"></trkpt><trkpt lat="47.493769" lon="-123.575573"></trkpt><trkpt lat="47.493806" lon="-123.575301"></trkpt><trkpt lat="47.493890" lon="-123.575135"></trkpt><trkpt lat="47.494053" lon="-123.575058"></trkpt><trkpt lat="47.494192" lon="-123.574930"></trkpt><trkpt lat="47.494348" lon="-123.574755"></trkpt><trkpt lat="47.494455" lon="-123.574569"></trkpt><trkpt lat="47.494519" lon="-123.574329"></trkpt><trkpt lat="47.494635" lon="-123.574146"></trkpt><trkpt lat="47.494672" lon="-123.573872"></trkpt><trkpt lat="47.494738" lon="-123.573610"></trkpt><trkpt lat="47.494898" lon="-123.573482"></trkpt><trkpt lat="47.495003" lon="-123.573309"></trkpt><trkpt lat="47.495042" lon="-123.573025"></trkpt><trkpt lat="47.495022" lon="-123.572802"></trkpt><trkpt lat="47.494997" lon="-123.572553"></trkpt><trkpt lat="47.494868" lon="-123.572380"></trkpt><trkpt lat="47.494797" lon="-123.572157"></trkpt><trkpt lat="47.494778" lon="-123.571922"></trkpt><trkpt lat="47.494679" lon="-123.571759"></trkpt><trkpt lat="47.494486" lon="-123.571684"></trkpt><trkpt lat="47.494296" lon="-123.571682"></trkpt><trkpt lat="47.494164" lon="-123.571826"></trkpt><trkpt lat="47.494050" lon="-123.571987"></trkpt><trkpt lat="47.493869" lon="-123.572049"></trkpt><trkpt lat="47.493711" lon="-123.572091"></trkpt><trkpt lat="47.493500" lon="-123.572086"></trkpt><trkpt lat="47.493322" lon="-123.572050"></trkpt><trkpt lat="47.493169" lon="-123.571911"></trkpt><trkpt lat="47.493075" lon="-123.571708"></trkpt><trkpt lat="47.492959" lon="-123.571514"></trkpt><trkpt lat="47.492779" lon="-123.571417"></trkpt><trkpt lat="47.492601" lon="-123.571381"></trkpt><trkpt lat="47.492422" lon="-123.571419"></trkpt><trkpt lat="47.492230" lon="-123.571417"></trkpt><trkpt lat="47.492047" lon="-123.571418"></trkpt><trkpt lat="47.491821" lon="-123.571434"></trkpt><trkpt lat="47.491667" lon="-123.571440"></trkpt><trkpt lat="47.491461" lon="-123.571398"></trkpt><trkpt lat="47.491248" lon="-123.571319"></trkpt><trkpt lat="47.491079" lon="-123.571211"></trkpt><trkpt lat="47.490967" lon="-123.570993"></trkpt><trkpt lat="47.490878" lon="-123.570755"></trkpt><trkpt lat="47.490819" lon="-123.570587"></trkpt><trkpt lat="47.490697" lon="-123.570440"></trkpt><trkpt lat="47.490597" lon="-123.570287"></trkpt><trkpt lat="47.490467" lon="-123.570126"></trkpt><trkpt lat="47.490332" lon="-123.570025"></trkpt><trkpt lat="47.490134" lon="-123.569985"></trkpt><trkpt lat="47.489963" lon="-123.569988"></trkpt><trkpt lat="47.489801" lon="-123.570054"></trkpt><trkpt lat="47.489616" lon="-123.570151"></trkpt><trkpt lat="47.489460" lon="-123.570255"></trkpt><trkpt lat="47.489288" lon="-123.570258"></trkpt><trkpt lat="47.489092" lon="-123.570218"></trkpt><trkpt lat="47.488904" lon="-123.570181"></trkpt><trkpt lat="47.488746" lon="-123.570002"></trkpt><trkpt lat="47.488608" lon="-123.569815"></trkpt><trkpt lat="47.488518" lon="-123.569662"></trkpt><trkpt lat="47.488435" lon="-123.569464"></trkpt><trkpt lat="47.488378" lon="-123.569223"></trkpt><trkpt lat="47.488383" lon="-123.568967"></trkpt><trkpt lat="47.488490" lon="-123.568847"></trkpt><trkpt lat="47.488662" lon="-123.568847"></trkpt><trkpt lat="47.488799" lon="-123.568728"></trkpt><trkpt lat="47.488925" lon="-123.568620"></trkpt><trkpt lat="47.489038" lon="-123.568460"></trkpt><trkpt lat="47.489039" lon="-123.568230"></trkpt><trkpt lat="47.488918" lon="-123.568097"></trkpt><trkpt lat="47.488720" lon="-123.568057"></trkpt><trkpt lat="47.488522" lon="-123.568018"></trkpt><trkpt lat="47.488325" lon="-123.567978"></trkpt><trkpt lat="47.488127" lon="-123.567939"></trkpt><trkpt lat="47.487948" lon="-123.567903"></trkpt><trkpt lat="47.487745" lon="-123.567825"></trkpt><trkpt lat="47.487567" lon="-123.567716"></trkpt><trkpt lat="47.487352" lon="-123.567575"></trkpt><trkpt lat="47.487214" lon="-123.567474"></trkpt><trkpt lat="47.487075" lon="-123.567299"></trkpt><trkpt lat="47.486961" lon="-123.567093"></trkpt><trkpt lat="47.486901" lon="-123.566937"></trkpt><trkpt lat="47.486874" lon="-123.566688"></trkpt><trkpt lat="47.486912" lon="-123.566415"></trkpt><trkpt lat="47.486979" lon="-123.566149"></trkpt><trkpt lat="47.487043" lon="-123.565907"></trkpt><trkpt lat="47.487168" lon="-123.565797"></trkpt><trkpt lat="47.487262" lon="-123.565558"></trkpt><trkpt lat="47.487303" lon="-123.565261"></trkpt><trkpt lat="47.487414" lon="-123.565053"></trkpt><trkpt lat="47.487595" lon="-123.564918"></trkpt><trkpt lat="47.487727" lon="-123.564760"></trkpt><trkpt lat="47.487929" lon="-123.564629"></trkpt><trkpt lat="47.488087" lon="-123.564513"></trkpt><trkpt lat="47.488226" lon="-123.564394"></trkpt><trkpt lat="47.488396" lon="-123.564195"></trkpt><trkpt lat="47.488589" lon="-123.564123"></trkpt><trkpt lat="47.488744" lon="-123.564019"></trkpt><trkpt lat="47.488895" lon="-123.563951"></trkpt><trkpt lat="47.489038" lon="-123.563797"></trkpt><trkpt lat="47.489212" lon="-123.563648"></trkpt><trkpt lat="47.489400" lon="-123.563612"></trkpt><trkpt lat="47.489587" lon="-123.563576"></trkpt><trkpt lat="47.489802" lon="-123.563484"></trkpt><trkpt lat="47.489953" lon="-123.563416"></trkpt><trkpt lat="47.490130" lon="-123.563378"></trkpt><trkpt lat="47.490308" lon="-123.563340"></trkpt><trkpt lat="47.490470" lon="-123.563337"></trkpt><trkpt lat="47.490634" lon="-123.563298"></trkpt><trkpt lat="47.490793" lon="-123.563256"></trkpt><trkpt lat="47.490980" lon="-123.563294"></trkpt><trkpt lat="47.491125" lon="-123.563249"></trkpt><trkpt lat="47.491210" lon="-123.563063"></trkpt><trkpt lat="47.491125" lon="-123.562878"></trkpt><trkpt lat="47.491061" lon="-123.562684"></trkpt><trkpt lat="47.491036" lon="-123.562435"></trkpt><trkpt lat="47.491042" lon="-123.562180"></trkpt><trkpt lat="47.491048" lon="-123.561913"></trkpt><trkpt lat="47.491115" lon="-123.561645"></trkpt><trkpt lat="47.491264" lon="-123.561431"></trkpt><trkpt lat="47.491433" lon="-123.561318"></trkpt><trkpt lat="47.491566" lon="-123.561162"></trkpt><trkpt lat="47.491744" lon="-123.561050"></trkpt><trkpt lat="47.491937" lon="-123.560905"></trkpt><trkpt lat="47.492135" lon="-123.560798"></trkpt><trkpt lat="47.492297" lon="-123.560720"></trkpt><trkpt lat="47.492488" lon="-123.560586"></trkpt><trkpt lat="47.492645" lon="-123.560482"></trkpt><trkpt lat="47.492842" lon="-123.560376"></trkpt><trkpt lat="47.493014" lon="-123.560228"></trkpt><trkpt lat="47.493158" lon="-123.560074"></trkpt><trkpt lat="47.493294" lon="-123.559893"></trkpt><trkpt lat="47.493417" lon="-123.559672"></trkpt><trkpt lat="47.493553" lon="-123.559491"></trkpt><trkpt lat="47.493664" lon="-123.559280"></trkpt><trkpt lat="47.493816" lon="-123.559065"></trkpt><trkpt lat="47.493958" lon="-123.558913"></trkpt><trkpt lat="47.494135" lon="-123.558727"></trkpt><trkpt lat="47.494271" lon="-123.558546"></trkpt><trkpt lat="47.494488" lon="-123.558296"></trkpt><trkpt lat="47.494607" lon="-123.558101"></trkpt><trkpt lat="47.494743" lon="-123.557920"></trkpt><trkpt lat="47.494916" lon="-123.557772"></trkpt><trkpt lat="47.495143" lon="-123.557608"></trkpt><trkpt lat="47.495308" lon="-123.557496"></trkpt><trkpt lat="47.495444" lon="-123.557388"></trkpt><trkpt lat="47.495621" lon="-123.557424"></trkpt><trkpt lat="47.495798" lon="-123.557250"></trkpt><trkpt lat="47.495938" lon="-123.557108"></trkpt><trkpt lat="47.496072" lon="-123.556940"></trkpt><trkpt lat="47.496132" lon="-123.556724"></trkpt><trkpt lat="47.496108" lon="-123.556453"></trkpt><trkpt lat="47.496021" lon="-123.556221"></trkpt><trkpt lat="47.496030" lon="-123.556152"></trkpt><trkpt lat="47.495980" lon="-123.555611"></trkpt><trkpt lat="47.495998" lon="-123.555476"></trkpt><trkpt lat="47.496016" lon="-123.555346"></trkpt><trkpt lat="47.496033" lon="-123.555222"></trkpt><trkpt lat="47.496038" lon="-123.555084"></trkpt><trkpt lat="47.496040" lon="-123.554962"></trkpt><trkpt lat="47.496029" lon="-123.554832"></trkpt><trkpt lat="47.496039" lon="-123.554689"></trkpt><trkpt lat="47.496059" lon="-123.554542"></trkpt><trkpt lat="47.496077" lon="-123.554418"></trkpt><trkpt lat="47.496095" lon="-123.554282"></trkpt><trkpt lat="47.496115" lon="-123.554141"></trkpt><trkpt lat="47.496132" lon="-123.554016"></trkpt><trkpt lat="47.496150" lon="-123.553886"></trkpt><trkpt lat="47.496167" lon="-123.553759"></trkpt><trkpt lat="47.496195" lon="-123.553662"></trkpt><trkpt lat="47.496221" lon="-123.553476"></trkpt><trkpt lat="47.496242" lon="-123.553324"></trkpt><trkpt lat="47.496272" lon="-123.553208"></trkpt><trkpt lat="47.496340" lon="-123.553135"></trkpt><trkpt lat="47.496392" lon="-123.553041"></trkpt><trkpt lat="47.496462" lon="-123.552951"></trkpt><trkpt lat="47.496501" lon="-123.552842"></trkpt><trkpt lat="47.496556" lon="-123.552750"></trkpt><trkpt lat="47.496622" lon="-123.552694"></trkpt><trkpt lat="47.496702" lon="-123.552641"></trkpt><trkpt lat="47.496774" lon="-123.552604"></trkpt><trkpt lat="47.496845" lon="-123.552571"></trkpt><trkpt lat="47.496932" lon="-123.552537"></trkpt><trkpt lat="47.497052" lon="-123.552508"></trkpt><trkpt lat="47.497139" lon="-123.552473"></trkpt><trkpt lat="47.497220" lon="-123.552443"></trkpt><trkpt lat="47.497339" lon="-123.552380"></trkpt><trkpt lat="47.497399" lon="-123.552329"></trkpt><trkpt lat="47.497452" lon="-123.552252"></trkpt><trkpt lat="47.497508" lon="-123.552189"></trkpt><trkpt lat="47.497566" lon="-123.552085"></trkpt><trkpt lat="47.497632" lon="-123.551988"></trkpt><trkpt lat="47.497702" lon="-123.551898"></trkpt><trkpt lat="47.497733" lon="-123.551783"></trkpt><trkpt lat="47.497805" lon="-123.551675"></trkpt><trkpt lat="47.497866" lon="-123.551583"></trkpt><trkpt lat="47.497922" lon="-123.551489"></trkpt><trkpt lat="47.497953" lon="-123.551368"></trkpt><trkpt lat="47.497974" lon="-123.551221"></trkpt><trkpt lat="47.497991" lon="-123.551097"></trkpt><trkpt lat="47.498008" lon="-123.550972"></trkpt><trkpt lat="47.498026" lon="-123.550842"></trkpt><trkpt lat="47.498014" lon="-123.550718"></trkpt><trkpt lat="47.498021" lon="-123.550597"></trkpt><trkpt lat="47.498023" lon="-123.550481"></trkpt><trkpt lat="47.498030" lon="-123.550361"></trkpt><trkpt lat="47.498034" lon="-123.550223"></trkpt><trkpt lat="47.498037" lon="-123.550097"></trkpt><trkpt lat="47.498000" lon="-123.549950"></trkpt><trkpt lat="47.497965" lon="-123.549815"></trkpt><trkpt lat="47.497953" lon="-123.549691"></trkpt><trkpt lat="47.497944" lon="-123.549584"></trkpt><trkpt lat="47.497944" lon="-123.549480"></trkpt><trkpt lat="47.497949" lon="-123.549341"></trkpt><trkpt lat="47.497961" lon="-123.549146"></trkpt><trkpt lat="47.497980" lon="-123.549011"></trkpt><trkpt lat="47.497996" lon="-123.548888"></trkpt><trkpt lat="47.498027" lon="-123.548769"></trkpt><trkpt lat="47.498081" lon="-123.548692"></trkpt><trkpt lat="47.498134" lon="-123.548588"></trkpt><trkpt lat="47.498217" lon="-123.548501"></trkpt><trkpt lat="47.498284" lon="-123.548434"></trkpt><trkpt lat="47.498363" lon="-123.548385"></trkpt><trkpt lat="47.498442" lon="-123.548367"></trkpt><trkpt lat="47.498533" lon="-123.548368"></trkpt><trkpt lat="47.498617" lon="-123.548385"></trkpt><trkpt lat="47.498687" lon="-123.548468"></trkpt><trkpt lat="47.498750" lon="-123.548567"></trkpt><trkpt lat="47.498797" lon="-123.548681"></trkpt><trkpt lat="47.498845" lon="-123.548754"></trkpt><trkpt lat="47.498883" lon="-123.548853"></trkpt><trkpt lat="47.498896" lon="-123.548967"></trkpt><trkpt lat="47.498875" lon="-123.549119"></trkpt><trkpt lat="47.498856" lon="-123.549260"></trkpt><trkpt lat="47.498812" lon="-123.549368"></trkpt><trkpt lat="47.498770" lon="-123.549464"></trkpt><trkpt lat="47.498696" lon="-123.549577"></trkpt><trkpt lat="47.498636" lon="-123.549664"></trkpt><trkpt lat="47.498615" lon="-123.549816"></trkpt><trkpt lat="47.498597" lon="-123.549946"></trkpt><trkpt lat="47.498607" lon="-123.550082"></trkpt><trkpt lat="47.498632" lon="-123.550186"></trkpt><trkpt lat="47.498690" lon="-123.550284"></trkpt><trkpt lat="47.498729" lon="-123.550391"></trkpt><trkpt lat="47.498758" lon="-123.550495"></trkpt><trkpt lat="47.498791" lon="-123.550675"></trkpt><trkpt lat="47.498826" lon="-123.550804"></trkpt><trkpt lat="47.498825" lon="-123.550918"></trkpt><trkpt lat="47.498806" lon="-123.551053"></trkpt><trkpt lat="47.498804" lon="-123.551175"></trkpt><trkpt lat="47.498786" lon="-123.551304"></trkpt><trkpt lat="47.498782" lon="-123.551436"></trkpt><trkpt lat="47.498778" lon="-123.551574"></trkpt><trkpt lat="47.498775" lon="-123.551695"></trkpt><trkpt lat="47.498769" lon="-123.551851"></trkpt><trkpt lat="47.498780" lon="-123.551975"></trkpt><trkpt lat="47.498815" lon="-123.552110"></trkpt><trkpt lat="47.498844" lon="-123.552208"></trkpt><trkpt lat="47.498929" lon="-123.552434"></trkpt><trkpt lat="47.498973" lon="-123.552530"></trkpt><trkpt lat="47.499009" lon="-123.552653"></trkpt><trkpt lat="47.499033" lon="-123.552762"></trkpt><trkpt lat="47.499101" lon="-123.552892"></trkpt><trkpt lat="47.499174" lon="-123.552993"></trkpt><trkpt lat="47.499230" lon="-123.553074"></trkpt><trkpt lat="47.499252" lon="-123.553194"></trkpt><trkpt lat="47.499265" lon="-123.553307"></trkpt><trkpt lat="47.499324" lon="-123.553406"></trkpt><trkpt lat="47.499381" lon="-123.553516"></trkpt><trkpt lat="47.499455" lon="-123.553641"></trkpt><trkpt lat="47.499521" lon="-123.553794"></trkpt><trkpt lat="47.499603" lon="-123.553932"></trkpt><trkpt lat="47.499679" lon="-123.554011"></trkpt><trkpt lat="47.499754" lon="-123.554096"></trkpt><trkpt lat="47.499797" lon="-123.554209"></trkpt><trkpt lat="47.499868" lon="-123.554286"></trkpt><trkpt lat="47.499948" lon="-123.554337"></trkpt><trkpt lat="47.500074" lon="-123.554362"></trkpt><trkpt lat="47.500159" lon="-123.554379"></trkpt><trkpt lat="47.500241" lon="-123.554378"></trkpt><trkpt lat="47.500339" lon="-123.554398"></trkpt><trkpt lat="47.500477" lon="-123.554443"></trkpt><trkpt lat="47.500566" lon="-123.554530"></trkpt><trkpt lat="47.500669" lon="-123.554621"></trkpt><trkpt lat="47.500763" lon="-123.554674"></trkpt><trkpt lat="47.500846" lon="-123.554737"></trkpt><trkpt lat="47.500940" lon="-123.554791"></trkpt><trkpt lat="47.501023" lon="-123.554889"></trkpt><trkpt lat="47.501109" lon="-123.554994"></trkpt><trkpt lat="47.501228" lon="-123.555075"></trkpt><trkpt lat="47.501322" lon="-123.555129"></trkpt><trkpt lat="47.501384" lon="-123.555205"></trkpt><trkpt lat="47.501457" lon="-123.555267"></trkpt><trkpt lat="47.501537" lon="-123.555317"></trkpt><trkpt lat="47.501617" lon="-123.555368"></trkpt><trkpt lat="47.501713" lon="-123.555405"></trkpt><trkpt lat="47.501782" lon="-123.555465"></trkpt><trkpt lat="47.501859" lon="-123.555533"></trkpt><trkpt lat="47.501922" lon="-123.555702"></trkpt><trkpt lat="47.501979" lon="-123.555818"></trkpt><trkpt lat="47.502013" lon="-123.555953"></trkpt><trkpt lat="47.502041" lon="-123.556063"></trkpt><trkpt lat="47.502085" lon="-123.556200"></trkpt><trkpt lat="47.502123" lon="-123.556312"></trkpt><trkpt lat="47.502143" lon="-123.556444"></trkpt><trkpt lat="47.502157" lon="-123.556551"></trkpt><trkpt lat="47.502167" lon="-123.556692"></trkpt><trkpt lat="47.502195" lon="-123.556802"></trkpt><trkpt lat="47.502246" lon="-123.556923"></trkpt><trkpt lat="47.502288" lon="-123.557071"></trkpt><trkpt lat="47.502263" lon="-123.557252"></trkpt><trkpt lat="47.502261" lon="-123.557373"></trkpt><trkpt lat="47.502272" lon="-123.557503"></trkpt><trkpt lat="47.502265" lon="-123.557624"></trkpt><trkpt lat="47.502259" lon="-123.557774"></trkpt><trkpt lat="47.502242" lon="-123.557897"></trkpt><trkpt lat="47.502183" lon="-123.558008"></trkpt><trkpt lat="47.502111" lon="-123.558114"></trkpt><trkpt lat="47.502034" lon="-123.558180"></trkpt><trkpt lat="47.501959" lon="-123.558270"></trkpt><trkpt lat="47.501891" lon="-123.558343"></trkpt><trkpt lat="47.501834" lon="-123.558442"></trkpt><trkpt lat="47.501782" lon="-123.558542"></trkpt><trkpt lat="47.501703" lon="-123.558625"></trkpt><trkpt lat="47.501638" lon="-123.558710"></trkpt><trkpt lat="47.501592" lon="-123.558835"></trkpt><trkpt lat="47.501513" lon="-123.558918"></trkpt><trkpt lat="47.501429" lon="-123.559005"></trkpt><trkpt lat="47.501366" lon="-123.559073"></trkpt><trkpt lat="47.501269" lon="-123.559187"></trkpt><trkpt lat="47.501210" lon="-123.559268"></trkpt><trkpt lat="47.501149" lon="-123.559389"></trkpt><trkpt lat="47.501093" lon="-123.559482"></trkpt><trkpt lat="47.501010" lon="-123.559564"></trkpt><trkpt lat="47.500940" lon="-123.559649"></trkpt><trkpt lat="47.500899" lon="-123.559745"></trkpt><trkpt lat="47.500866" lon="-123.559878"></trkpt><trkpt lat="47.500848" lon="-123.560008"></trkpt><trkpt lat="47.500854" lon="-123.560136"></trkpt><trkpt lat="47.500879" lon="-123.560269"></trkpt><trkpt lat="47.500947" lon="-123.560370"></trkpt><trkpt lat="47.501069" lon="-123.560429"></trkpt><trkpt lat="47.501152" lon="-123.560446"></trkpt><trkpt lat="47.501151" lon="-123.560560"></trkpt><trkpt lat="47.501084" lon="-123.560621"></trkpt><trkpt lat="47.500999" lon="-123.560679"></trkpt><trkpt lat="47.500935" lon="-123.560760"></trkpt><trkpt lat="47.500892" lon="-123.560867"></trkpt><trkpt lat="47.500850" lon="-123.560997"></trkpt><trkpt lat="47.500812" lon="-123.561094"></trkpt><trkpt lat="47.500768" lon="-123.561212"></trkpt><trkpt lat="47.500736" lon="-123.561374"></trkpt><trkpt lat="47.500729" lon="-123.561524"></trkpt><trkpt lat="47.500758" lon="-123.561628"></trkpt><trkpt lat="47.500798" lon="-123.561757"></trkpt><trkpt lat="47.500838" lon="-123.561887"></trkpt><trkpt lat="47.500878" lon="-123.561982"></trkpt><trkpt lat="47.500913" lon="-123.562075"></trkpt><trkpt lat="47.500925" lon="-123.562194"></trkpt><trkpt lat="47.500977" lon="-123.562296"></trkpt><trkpt lat="47.501018" lon="-123.562385"></trkpt><trkpt lat="47.501065" lon="-123.562464"></trkpt><trkpt lat="47.501128" lon="-123.562563"></trkpt><trkpt lat="47.501199" lon="-123.562682"></trkpt><trkpt lat="47.501254" lon="-123.562768"></trkpt><trkpt lat="47.501320" lon="-123.562845"></trkpt><trkpt lat="47.501394" lon="-123.562906"></trkpt><trkpt lat="47.501473" lon="-123.562951"></trkpt><trkpt lat="47.501553" lon="-123.563002"></trkpt><trkpt lat="47.501603" lon="-123.563023"></trkpt><trkpt lat="47.502035" lon="-123.562890"></trkpt><trkpt lat="47.502114" lon="-123.562807"></trkpt><trkpt lat="47.502212" lon="-123.562722"></trkpt><trkpt lat="47.502277" lon="-123.562636"></trkpt><trkpt lat="47.502333" lon="-123.562543"></trkpt><trkpt lat="47.502400" lon="-123.562481"></trkpt><trkpt lat="47.502494" lon="-123.562430"></trkpt><trkpt lat="47.502581" lon="-123.562389"></trkpt><trkpt lat="47.502661" lon="-123.562336"></trkpt><trkpt lat="47.502732" lon="-123.562239"></trkpt><trkpt lat="47.502805" lon="-123.562132"></trkpt><trkpt lat="47.502885" lon="-123.562038"></trkpt><trkpt lat="47.502981" lon="-123.561970"></trkpt><trkpt lat="47.503044" lon="-123.561895"></trkpt><trkpt lat="47.503105" lon="-123.561839"></trkpt><trkpt lat="47.503175" lon="-123.561749"></trkpt><trkpt lat="47.503257" lon="-123.561684"></trkpt><trkpt lat="47.503325" lon="-123.561610"></trkpt><trkpt lat="47.503432" lon="-123.561533"></trkpt><trkpt lat="47.503482" lon="-123.561450"></trkpt><trkpt lat="47.503564" lon="-123.561380"></trkpt><trkpt lat="47.503674" lon="-123.561315"></trkpt><trkpt lat="47.503757" lon="-123.561268"></trkpt><trkpt lat="47.503825" lon="-123.561194"></trkpt><trkpt lat="47.503883" lon="-123.561090"></trkpt><trkpt lat="47.503967" lon="-123.561002"></trkpt><trkpt lat="47.504038" lon="-123.560911"></trkpt><trkpt lat="47.504103" lon="-123.560826"></trkpt><trkpt lat="47.504157" lon="-123.560739"></trkpt><trkpt lat="47.504187" lon="-123.560628"></trkpt><trkpt lat="47.504217" lon="-123.560512"></trkpt><trkpt lat="47.504268" lon="-123.560424"></trkpt><trkpt lat="47.504320" lon="-123.560330"></trkpt><trkpt lat="47.504384" lon="-123.560244"></trkpt><trkpt lat="47.504455" lon="-123.560154"></trkpt><trkpt lat="47.504504" lon="-123.560077"></trkpt><trkpt lat="47.504560" lon="-123.559983"></trkpt><trkpt lat="47.504621" lon="-123.559891"></trkpt><trkpt lat="47.504688" lon="-123.559818"></trkpt><trkpt lat="47.504748" lon="-123.559737"></trkpt><trkpt lat="47.504816" lon="-123.559663"></trkpt><trkpt lat="47.504899" lon="-123.559547"></trkpt><trkpt lat="47.504981" lon="-123.559476"></trkpt><trkpt lat="47.505066" lon="-123.559388"></trkpt><trkpt lat="47.505150" lon="-123.559301"></trkpt><trkpt lat="47.505217" lon="-123.559233"></trkpt><trkpt lat="47.505236" lon="-123.559098"></trkpt><trkpt lat="47.505273" lon="-123.558931"></trkpt><trkpt lat="47.505291" lon="-123.558802"></trkpt><trkpt lat="47.505308" lon="-123.558677"></trkpt><trkpt lat="47.505326" lon="-123.558547"></trkpt><trkpt lat="47.505345" lon="-123.558412"></trkpt><trkpt lat="47.505365" lon="-123.558265"></trkpt><trkpt lat="47.505384" lon="-123.558129"></trkpt><trkpt lat="47.505403" lon="-123.557988"></trkpt><trkpt lat="47.505434" lon="-123.557837"></trkpt><trkpt lat="47.505464" lon="-123.557722"></trkpt><trkpt lat="47.505507" lon="-123.557621"></trkpt><trkpt lat="47.505551" lon="-123.557508"></trkpt><trkpt lat="47.505583" lon="-123.557346"></trkpt><trkpt lat="47.505603" lon="-123.557199"></trkpt><trkpt lat="47.505625" lon="-123.557046"></trkpt><trkpt lat="47.505642" lon="-123.556922"></trkpt><trkpt lat="47.505662" lon="-123.556775"></trkpt><trkpt lat="47.505696" lon="-123.556630"></trkpt><trkpt lat="47.505727" lon="-123.556515"></trkpt><trkpt lat="47.505758" lon="-123.556393"></trkpt><trkpt lat="47.505802" lon="-123.556286"></trkpt><trkpt lat="47.505860" lon="-123.556175"></trkpt><trkpt lat="47.505914" lon="-123.556064"></trkpt><trkpt lat="47.505973" lon="-123.555954"></trkpt><trkpt lat="47.506001" lon="-123.555821"></trkpt><trkpt lat="47.506006" lon="-123.555677"></trkpt><trkpt lat="47.506011" lon="-123.555533"></trkpt><trkpt lat="47.506030" lon="-123.555398"></trkpt><trkpt lat="47.506047" lon="-123.555273"></trkpt><trkpt lat="47.506136" lon="-123.555152"></trkpt><trkpt lat="47.506189" lon="-123.555046"></trkpt><trkpt lat="47.506214" lon="-123.554866"></trkpt><trkpt lat="47.506245" lon="-123.554750"></trkpt><trkpt lat="47.506273" lon="-123.554645"></trkpt><trkpt lat="47.506306" lon="-123.554513"></trkpt><trkpt lat="47.506354" lon="-123.554412"></trkpt><trkpt lat="47.506398" lon="-123.554299"></trkpt><trkpt lat="47.506438" lon="-123.554185"></trkpt><trkpt lat="47.506485" lon="-123.554055"></trkpt><trkpt lat="47.506518" lon="-123.553922"></trkpt><trkpt lat="47.506558" lon="-123.553767"></trkpt><trkpt lat="47.506603" lon="-123.553654"></trkpt><trkpt lat="47.506632" lon="-123.553544"></trkpt><trkpt lat="47.506677" lon="-123.553431"></trkpt><trkpt lat="47.506710" lon="-123.553292"></trkpt><trkpt lat="47.506743" lon="-123.553165"></trkpt><trkpt lat="47.506774" lon="-123.553038"></trkpt><trkpt lat="47.506803" lon="-123.552899"></trkpt><trkpt lat="47.506833" lon="-123.552789"></trkpt><trkpt lat="47.506884" lon="-123.552700"></trkpt><trkpt lat="47.506926" lon="-123.552599"></trkpt><trkpt lat="47.506976" lon="-123.552452"></trkpt><trkpt lat="47.507006" lon="-123.552336"></trkpt><trkpt lat="47.507025" lon="-123.552201"></trkpt><trkpt lat="47.507044" lon="-123.552059"></trkpt><trkpt lat="47.507062" lon="-123.551929"></trkpt><trkpt lat="47.507082" lon="-123.551782"></trkpt><trkpt lat="47.507099" lon="-123.551658"></trkpt><trkpt lat="47.507134" lon="-123.551515"></trkpt><trkpt lat="47.507178" lon="-123.551403"></trkpt><trkpt lat="47.507237" lon="-123.551293"></trkpt><trkpt lat="47.507280" lon="-123.551185"></trkpt><trkpt lat="47.507339" lon="-123.551075"></trkpt><trkpt lat="47.507381" lon="-123.550979"></trkpt><trkpt lat="47.507426" lon="-123.550861"></trkpt><trkpt lat="47.507463" lon="-123.550700"></trkpt><trkpt lat="47.507495" lon="-123.550572"></trkpt><trkpt lat="47.507513" lon="-123.550442"></trkpt><trkpt lat="47.507543" lon="-123.550327"></trkpt><trkpt lat="47.507601" lon="-123.550218"></trkpt><trkpt lat="47.507657" lon="-123.550124"></trkpt><trkpt lat="47.507710" lon="-123.550024"></trkpt><trkpt lat="47.507739" lon="-123.549915"></trkpt><trkpt lat="47.507766" lon="-123.549829"></trkpt><trkpt lat="47.508076" lon="-123.549396"></trkpt><trkpt lat="47.508095" lon="-123.549261"></trkpt><trkpt lat="47.508149" lon="-123.549144"></trkpt><trkpt lat="47.508222" lon="-123.549036"></trkpt><trkpt lat="47.508280" lon="-123.548962"></trkpt><trkpt lat="47.508355" lon="-123.548907"></trkpt><trkpt lat="47.508425" lon="-123.548852"></trkpt><trkpt lat="47.508489" lon="-123.548772"></trkpt><trkpt lat="47.508557" lon="-123.548698"></trkpt><trkpt lat="47.508600" lon="-123.548596"></trkpt><trkpt lat="47.508652" lon="-123.548497"></trkpt><trkpt lat="47.508723" lon="-123.548406"></trkpt><trkpt lat="47.508777" lon="-123.548320"></trkpt><trkpt lat="47.508878" lon="-123.548218"></trkpt><trkpt lat="47.508960" lon="-123.548147"></trkpt><trkpt lat="47.509025" lon="-123.548062"></trkpt><trkpt lat="47.509125" lon="-123.547966"></trkpt><trkpt lat="47.509207" lon="-123.547895"></trkpt><trkpt lat="47.509278" lon="-123.547834"></trkpt><trkpt lat="47.509358" lon="-123.547780"></trkpt><trkpt lat="47.509459" lon="-123.547708"></trkpt><trkpt lat="47.509527" lon="-123.547634"></trkpt><trkpt lat="47.509606" lon="-123.547580"></trkpt><trkpt lat="47.509675" lon="-123.547496"></trkpt><trkpt lat="47.509740" lon="-123.547410"></trkpt><trkpt lat="47.509807" lon="-123.547342"></trkpt><trkpt lat="47.509885" lon="-123.547306"></trkpt><trkpt lat="47.509961" lon="-123.547274"></trkpt><trkpt lat="47.510038" lon="-123.547237"></trkpt><trkpt lat="47.510126" lon="-123.547220"></trkpt><trkpt lat="47.510216" lon="-123.547203"></trkpt><trkpt lat="47.510304" lon="-123.547157"></trkpt><trkpt lat="47.510383" lon="-123.547074"></trkpt><trkpt lat="47.510467" lon="-123.547056"></trkpt><trkpt lat="47.510587" lon="-123.547028"></trkpt><trkpt lat="47.510656" lon="-123.546978"></trkpt><trkpt lat="47.510742" lon="-123.546949"></trkpt><trkpt lat="47.510809" lon="-123.546881"></trkpt><trkpt lat="47.510921" lon="-123.546799"></trkpt><trkpt lat="47.510986" lon="-123.546743"></trkpt><trkpt lat="47.511064" lon="-123.546671"></trkpt><trkpt lat="47.511131" lon="-123.546603"></trkpt><trkpt lat="47.511192" lon="-123.546505"></trkpt><trkpt lat="47.511277" lon="-123.546417"></trkpt><trkpt lat="47.511359" lon="-123.546347"></trkpt><trkpt lat="47.511412" lon="-123.546277"></trkpt><trkpt lat="47.511461" lon="-123.546202"></trkpt><trkpt lat="47.511504" lon="-123.546096"></trkpt><trkpt lat="47.511577" lon="-123.546018"></trkpt><trkpt lat="47.511658" lon="-123.545918"></trkpt><trkpt lat="47.511723" lon="-123.545832"></trkpt><trkpt lat="47.511802" lon="-123.545749"></trkpt><trkpt lat="47.511870" lon="-123.545676"></trkpt><trkpt lat="47.511942" lon="-123.545609"></trkpt><trkpt lat="47.512010" lon="-123.545535"></trkpt><trkpt lat="47.512078" lon="-123.545462"></trkpt><trkpt lat="47.512160" lon="-123.545392"></trkpt><trkpt lat="47.512225" lon="-123.545341"></trkpt><trkpt lat="47.512277" lon="-123.545271"></trkpt><trkpt lat="47.512308" lon="-123.545150"></trkpt><trkpt lat="47.512368" lon="-123.545099"></trkpt><trkpt lat="47.512444" lon="-123.545062"></trkpt><trkpt lat="47.512511" lon="-123.544990"></trkpt><trkpt lat="47.512576" lon="-123.544933"></trkpt><trkpt lat="47.512578" lon="-123.544917"></trkpt><trkpt lat="47.512700" lon="-123.544731"></trkpt><trkpt lat="47.512728" lon="-123.544632"></trkpt><trkpt lat="47.512774" lon="-123.544508"></trkpt><trkpt lat="47.512981" lon="-123.544010"></trkpt><trkpt lat="47.512998" lon="-123.543881"></trkpt><trkpt lat="47.513040" lon="-123.543791"></trkpt><trkpt lat="47.513091" lon="-123.543697"></trkpt><trkpt lat="47.513156" lon="-123.543611"></trkpt><trkpt lat="47.513211" lon="-123.543524"></trkpt><trkpt lat="47.513254" lon="-123.543424"></trkpt><trkpt lat="47.513284" lon="-123.543314"></trkpt><trkpt lat="47.513309" lon="-123.543198"></trkpt><trkpt lat="47.513367" lon="-123.543089"></trkpt><trkpt lat="47.513409" lon="-123.542993"></trkpt><trkpt lat="47.513451" lon="-123.542898"></trkpt><trkpt lat="47.513519" lon="-123.542825"></trkpt><trkpt lat="47.513592" lon="-123.542787"></trkpt><trkpt lat="47.513669" lon="-123.542751"></trkpt><trkpt lat="47.513749" lon="-123.542681"></trkpt><trkpt lat="47.513812" lon="-123.542612"></trkpt><trkpt lat="47.513864" lon="-123.542513"></trkpt><trkpt lat="47.513917" lon="-123.542409"></trkpt><trkpt lat="47.513954" lon="-123.542318"></trkpt><trkpt lat="47.514024" lon="-123.542228"></trkpt><trkpt lat="47.514073" lon="-123.542151"></trkpt><trkpt lat="47.514126" lon="-123.542081"></trkpt><trkpt lat="47.514179" lon="-123.542010"></trkpt><trkpt lat="47.514247" lon="-123.541936"></trkpt><trkpt lat="47.514295" lon="-123.541865"></trkpt><trkpt lat="47.514375" lon="-123.541812"></trkpt><trkpt lat="47.514456" lon="-123.541741"></trkpt><trkpt lat="47.514510" lon="-123.541664"></trkpt><trkpt lat="47.514569" lon="-123.541589"></trkpt><trkpt lat="47.514617" lon="-123.541517"></trkpt><trkpt lat="47.514667" lon="-123.541434"></trkpt><trkpt lat="47.514705" lon="-123.541332"></trkpt><trkpt lat="47.514749" lon="-123.541224"></trkpt><trkpt lat="47.514793" lon="-123.541117"></trkpt><trkpt lat="47.514845" lon="-123.541012"></trkpt><trkpt lat="47.514897" lon="-123.540918"></trkpt><trkpt lat="47.514951" lon="-123.540830"></trkpt><trkpt lat="47.514991" lon="-123.540751"></trkpt><trkpt lat="47.515047" lon="-123.540660"></trkpt><trkpt lat="47.515100" lon="-123.540589"></trkpt><trkpt lat="47.515136" lon="-123.540497"></trkpt><trkpt lat="47.515178" lon="-123.540408"></trkpt><trkpt lat="47.515244" lon="-123.540340"></trkpt><trkpt lat="47.515300" lon="-123.540253"></trkpt><trkpt lat="47.515332" lon="-123.540193"></trkpt><trkpt lat="47.515067" lon="-123.540608"></trkpt><trkpt lat="47.515037" lon="-123.540723"></trkpt><trkpt lat="47.514966" lon="-123.540813"></trkpt><trkpt lat="47.514886" lon="-123.540907"></trkpt><trkpt lat="47.514801" lon="-123.541036"></trkpt><trkpt lat="47.514759" lon="-123.541132"></trkpt><trkpt lat="47.514706" lon="-123.541237"></trkpt><trkpt lat="47.514659" lon="-123.541367"></trkpt><trkpt lat="47.514613" lon="-123.541491"></trkpt><trkpt lat="47.514569" lon="-123.541598"></trkpt><trkpt lat="47.514504" lon="-123.541684"></trkpt><trkpt lat="47.514418" lon="-123.541789"></trkpt><trkpt lat="47.514336" lon="-123.541859"></trkpt><trkpt lat="47.514268" lon="-123.541932"></trkpt><trkpt lat="47.514200" lon="-123.542006"></trkpt><trkpt lat="47.514140" lon="-123.542162"></trkpt><trkpt lat="47.514096" lon="-123.542275"></trkpt><trkpt lat="47.514029" lon="-123.542378"></trkpt><trkpt lat="47.513961" lon="-123.542451"></trkpt><trkpt lat="47.513891" lon="-123.542541"></trkpt><trkpt lat="47.513824" lon="-123.542614"></trkpt><trkpt lat="47.513756" lon="-123.542688"></trkpt><trkpt lat="47.513690" lon="-123.542754"></trkpt><trkpt lat="47.513611" lon="-123.542836"></trkpt><trkpt lat="47.513535" lon="-123.542903"></trkpt><trkpt lat="47.513461" lon="-123.542946"></trkpt><trkpt lat="47.513417" lon="-123.543058"></trkpt><trkpt lat="47.513371" lon="-123.543177"></trkpt><trkpt lat="47.513332" lon="-123.543285"></trkpt><trkpt lat="47.513281" lon="-123.543380"></trkpt><trkpt lat="47.513217" lon="-123.543460"></trkpt><trkpt lat="47.513166" lon="-123.543548"></trkpt><trkpt lat="47.513123" lon="-123.543650"></trkpt><trkpt lat="47.513068" lon="-123.543767"></trkpt><trkpt lat="47.513004" lon="-123.543853"></trkpt><trkpt lat="47.512965" lon="-123.543955"></trkpt><trkpt lat="47.512934" lon="-123.544082"></trkpt><trkpt lat="47.512898" lon="-123.544168"></trkpt><trkpt lat="47.512847" lon="-123.544256"></trkpt><trkpt lat="47.512808" lon="-123.544365"></trkpt><trkpt lat="47.512738" lon="-123.544449"></trkpt><trkpt lat="47.512710" lon="-123.544583"></trkpt><trkpt lat="47.512683" lon="-123.544679"></trkpt><trkpt lat="47.512626" lon="-123.544773"></trkpt><trkpt lat="47.512583" lon="-123.544874"></trkpt><trkpt lat="47.512526" lon="-123.544979"></trkpt><trkpt lat="47.512460" lon="-123.545036"></trkpt><trkpt lat="47.512383" lon="-123.545107"></trkpt><trkpt lat="47.512323" lon="-123.545164"></trkpt><trkpt lat="47.512279" lon="-123.545270"></trkpt><trkpt lat="47.512226" lon="-123.545346"></trkpt><trkpt lat="47.512158" lon="-123.545414"></trkpt><trkpt lat="47.512091" lon="-123.545482"></trkpt><trkpt lat="47.512032" lon="-123.545538"></trkpt><trkpt lat="47.511960" lon="-123.545599"></trkpt><trkpt lat="47.511881" lon="-123.545653"></trkpt><trkpt lat="47.511807" lon="-123.545702"></trkpt><trkpt lat="47.511749" lon="-123.545772"></trkpt><trkpt lat="47.511681" lon="-123.545851"></trkpt><trkpt lat="47.511595" lon="-123.545950"></trkpt><trkpt lat="47.511527" lon="-123.546018"></trkpt><trkpt lat="47.511448" lon="-123.546072"></trkpt><trkpt lat="47.511366" lon="-123.546143"></trkpt><trkpt lat="47.511304" lon="-123.546280"></trkpt><trkpt lat="47.511250" lon="-123.546356"></trkpt><trkpt lat="47.511179" lon="-123.546417"></trkpt><trkpt lat="47.511098" lon="-123.546483"></trkpt><trkpt lat="47.511031" lon="-123.546555"></trkpt><trkpt lat="47.510966" lon="-123.546641"></trkpt><trkpt lat="47.510895" lon="-123.546732"></trkpt><trkpt lat="47.510835" lon="-123.546788"></trkpt><trkpt lat="47.510725" lon="-123.546853"></trkpt><trkpt lat="47.510632" lon="-123.546933"></trkpt><trkpt lat="47.510548" lon="-123.546985"></trkpt><trkpt lat="47.510463" lon="-123.547003"></trkpt><trkpt lat="47.510377" lon="-123.547003"></trkpt><trkpt lat="47.510294" lon="-123.547045"></trkpt><trkpt lat="47.510220" lon="-123.547094"></trkpt><trkpt lat="47.510148" lon="-123.547161"></trkpt><trkpt lat="47.510036" lon="-123.547202"></trkpt><trkpt lat="47.509938" lon="-123.547247"></trkpt><trkpt lat="47.509842" lon="-123.547315"></trkpt><trkpt lat="47.509756" lon="-123.547379"></trkpt><trkpt lat="47.509684" lon="-123.547416"></trkpt><trkpt lat="47.509602" lon="-123.547481"></trkpt><trkpt lat="47.509514" lon="-123.547603"></trkpt><trkpt lat="47.509444" lon="-123.547693"></trkpt><trkpt lat="47.509369" lon="-123.547782"></trkpt><trkpt lat="47.509306" lon="-123.547856"></trkpt><trkpt lat="47.509233" lon="-123.547929"></trkpt><trkpt lat="47.509160" lon="-123.548036"></trkpt><trkpt lat="47.509098" lon="-123.548105"></trkpt><trkpt lat="47.509018" lon="-123.548159"></trkpt><trkpt lat="47.508937" lon="-123.548189"></trkpt><trkpt lat="47.508860" lon="-123.548255"></trkpt><trkpt lat="47.508788" lon="-123.548327"></trkpt><trkpt lat="47.508720" lon="-123.548400"></trkpt><trkpt lat="47.508650" lon="-123.548485"></trkpt><trkpt lat="47.508597" lon="-123.548591"></trkpt><trkpt lat="47.508544" lon="-123.548667"></trkpt><trkpt lat="47.508494" lon="-123.548755"></trkpt><trkpt lat="47.508426" lon="-123.548828"></trkpt><trkpt lat="47.508377" lon="-123.548900"></trkpt><trkpt lat="47.508312" lon="-123.548956"></trkpt><trkpt lat="47.508248" lon="-123.549031"></trkpt><trkpt lat="47.508181" lon="-123.549104"></trkpt><trkpt lat="47.508139" lon="-123.549200"></trkpt><trkpt lat="47.508109" lon="-123.549316"></trkpt><trkpt lat="47.508051" lon="-123.549423"></trkpt><trkpt lat="47.508006" lon="-123.549507"></trkpt><trkpt lat="47.507952" lon="-123.549584"></trkpt><trkpt lat="47.507878" lon="-123.549667"></trkpt><trkpt lat="47.507811" lon="-123.549765"></trkpt><trkpt lat="47.507742" lon="-123.549879"></trkpt><trkpt lat="47.507698" lon="-123.549992"></trkpt><trkpt lat="47.507653" lon="-123.550110"></trkpt><trkpt lat="47.507606" lon="-123.550240"></trkpt><trkpt lat="47.507553" lon="-123.550321"></trkpt><trkpt lat="47.507502" lon="-123.550409"></trkpt><trkpt lat="47.507475" lon="-123.550537"></trkpt><trkpt lat="47.507444" lon="-123.550653"></trkpt><trkpt lat="47.507402" lon="-123.550783"></trkpt><trkpt lat="47.507365" lon="-123.550874"></trkpt><trkpt lat="47.507336" lon="-123.550984"></trkpt><trkpt lat="47.507281" lon="-123.551071"></trkpt><trkpt lat="47.507239" lon="-123.551167"></trkpt><trkpt lat="47.507184" lon="-123.551284"></trkpt><trkpt lat="47.507155" lon="-123.551394"></trkpt><trkpt lat="47.507111" lon="-123.551502"></trkpt><trkpt lat="47.507067" lon="-123.551609"></trkpt><trkpt lat="47.507038" lon="-123.551719"></trkpt><trkpt lat="47.507020" lon="-123.551844"></trkpt><trkpt lat="47.506991" lon="-123.551953"></trkpt><trkpt lat="47.506974" lon="-123.552077"></trkpt><trkpt lat="47.506956" lon="-123.552204"></trkpt><trkpt lat="47.506940" lon="-123.552326"></trkpt><trkpt lat="47.506937" lon="-123.552342"></trkpt><trkpt lat="47.506343" lon="-123.554170"></trkpt><trkpt lat="47.506324" lon="-123.554305"></trkpt><trkpt lat="47.506305" lon="-123.554441"></trkpt><trkpt lat="47.506287" lon="-123.554577"></trkpt><trkpt lat="47.506254" lon="-123.554710"></trkpt><trkpt lat="47.506209" lon="-123.554828"></trkpt><trkpt lat="47.506153" lon="-123.554915"></trkpt><trkpt lat="47.506121" lon="-123.555048"></trkpt><trkpt lat="47.506094" lon="-123.555171"></trkpt><trkpt lat="47.506054" lon="-123.555285"></trkpt><trkpt lat="47.505998" lon="-123.555377"></trkpt><trkpt lat="47.505955" lon="-123.555479"></trkpt><trkpt lat="47.505897" lon="-123.555589"></trkpt><trkpt lat="47.505876" lon="-123.555742"></trkpt><trkpt lat="47.505842" lon="-123.555880"></trkpt><trkpt lat="47.505815" lon="-123.556009"></trkpt><trkpt lat="47.505790" lon="-123.556120"></trkpt><trkpt lat="47.505759" lon="-123.556236"></trkpt><trkpt lat="47.505741" lon="-123.556366"></trkpt><trkpt lat="47.505710" lon="-123.556487"></trkpt><trkpt lat="47.505689" lon="-123.556640"></trkpt><trkpt lat="47.505658" lon="-123.556761"></trkpt><trkpt lat="47.505628" lon="-123.556877"></trkpt><trkpt lat="47.505600" lon="-123.557005"></trkpt><trkpt lat="47.505582" lon="-123.557139"></trkpt><trkpt lat="47.505537" lon="-123.557252"></trkpt><trkpt lat="47.505515" lon="-123.557416"></trkpt><trkpt lat="47.505496" lon="-123.557552"></trkpt><trkpt lat="47.505479" lon="-123.557676"></trkpt><trkpt lat="47.505445" lon="-123.557815"></trkpt><trkpt lat="47.505420" lon="-123.557931"></trkpt><trkpt lat="47.505378" lon="-123.558028"></trkpt><trkpt lat="47.505351" lon="-123.558149"></trkpt><trkpt lat="47.505333" lon="-123.558279"></trkpt><trkpt lat="47.505291" lon="-123.558375"></trkpt><trkpt lat="47.505247" lon="-123.558488"></trkpt><trkpt lat="47.505215" lon="-123.558609"></trkpt><trkpt lat="47.505183" lon="-123.558742"></trkpt><trkpt lat="47.505166" lon="-123.558866"></trkpt><trkpt lat="47.505133" lon="-123.558999"></trkpt><trkpt lat="47.505102" lon="-123.559115"></trkpt><trkpt lat="47.505058" lon="-123.559227"></trkpt><trkpt lat="47.505028" lon="-123.559337"></trkpt><trkpt lat="47.504946" lon="-123.559448"></trkpt><trkpt lat="47.504881" lon="-123.559533"></trkpt><trkpt lat="47.504818" lon="-123.559608"></trkpt><trkpt lat="47.504763" lon="-123.559724"></trkpt><trkpt lat="47.504712" lon="-123.559813"></trkpt><trkpt lat="47.504654" lon="-123.559853"></trkpt><trkpt lat="47.504588" lon="-123.559920"></trkpt><trkpt lat="47.504524" lon="-123.560000"></trkpt><trkpt lat="47.504461" lon="-123.560074"></trkpt><trkpt lat="47.504408" lon="-123.560138"></trkpt><trkpt lat="47.504390" lon="-123.560169"></trkpt><trkpt lat="47.503950" lon="-123.560984"></trkpt><trkpt lat="47.503885" lon="-123.561034"></trkpt><trkpt lat="47.503803" lon="-123.561105"></trkpt><trkpt lat="47.503724" lon="-123.561188"></trkpt><trkpt lat="47.503652" lon="-123.561295"></trkpt><trkpt lat="47.503588" lon="-123.561376"></trkpt><trkpt lat="47.503537" lon="-123.561464"></trkpt><trkpt lat="47.503458" lon="-123.561547"></trkpt><trkpt lat="47.503402" lon="-123.561640"></trkpt><trkpt lat="47.503338" lon="-123.561720"></trkpt><trkpt lat="47.503256" lon="-123.561791"></trkpt><trkpt lat="47.503201" lon="-123.561873"></trkpt><trkpt lat="47.503117" lon="-123.561961"></trkpt><trkpt lat="47.503055" lon="-123.562030"></trkpt><trkpt lat="47.502978" lon="-123.562100"></trkpt><trkpt lat="47.502899" lon="-123.562154"></trkpt><trkpt lat="47.502822" lon="-123.562185"></trkpt><trkpt lat="47.502745" lon="-123.562222"></trkpt><trkpt lat="47.502661" lon="-123.562269"></trkpt><trkpt lat="47.502583" lon="-123.562352"></trkpt><trkpt lat="47.502517" lon="-123.562409"></trkpt><trkpt lat="47.502437" lon="-123.562462"></trkpt><trkpt lat="47.502347" lon="-123.562526"></trkpt><trkpt lat="47.502265" lon="-123.562596"></trkpt><trkpt lat="47.502167" lon="-123.562681"></trkpt><trkpt lat="47.502090" lon="-123.562747"></trkpt><trkpt lat="47.502018" lon="-123.562784"></trkpt><trkpt lat="47.501943" lon="-123.562833"></trkpt><trkpt lat="47.501853" lon="-123.562867"></trkpt><trkpt lat="47.501781" lon="-123.562905"></trkpt><trkpt lat="47.501697" lon="-123.562923"></trkpt><trkpt lat="47.501605" lon="-123.562904"></trkpt><trkpt lat="47.501517" lon="-123.562887"></trkpt><trkpt lat="47.501456" lon="-123.562805"></trkpt><trkpt lat="47.501398" lon="-123.562741"></trkpt><trkpt lat="47.501319" lon="-123.562708"></trkpt><trkpt lat="47.501233" lon="-123.562673"></trkpt><trkpt lat="47.501159" lon="-123.562624"></trkpt><trkpt lat="47.501088" lon="-123.562546"></trkpt><trkpt lat="47.501028" lon="-123.562423"></trkpt><trkpt lat="47.501004" lon="-123.562320"></trkpt><trkpt lat="47.500972" lon="-123.562238"></trkpt><trkpt lat="47.500937" lon="-123.562150"></trkpt><trkpt lat="47.500917" lon="-123.562048"></trkpt><trkpt lat="47.500900" lon="-123.561964"></trkpt><trkpt lat="47.500871" lon="-123.561866"></trkpt><trkpt lat="47.500839" lon="-123.561784"></trkpt><trkpt lat="47.500827" lon="-123.561662"></trkpt><trkpt lat="47.500808" lon="-123.561562"></trkpt><trkpt lat="47.500782" lon="-123.561472"></trkpt><trkpt lat="47.500784" lon="-123.561353"></trkpt><trkpt lat="47.500788" lon="-123.561224"></trkpt><trkpt lat="47.500818" lon="-123.561109"></trkpt><trkpt lat="47.500849" lon="-123.560987"></trkpt><trkpt lat="47.500888" lon="-123.560881"></trkpt><trkpt lat="47.500926" lon="-123.560779"></trkpt><trkpt lat="47.500981" lon="-123.560727"></trkpt><trkpt lat="47.501037" lon="-123.560640"></trkpt><trkpt lat="47.501099" lon="-123.560572"></trkpt><trkpt lat="47.501148" lon="-123.560520"></trkpt><trkpt lat="47.501208" lon="-123.560491"></trkpt><trkpt lat="47.501287" lon="-123.560443"></trkpt><trkpt lat="47.501368" lon="-123.560413"></trkpt><trkpt lat="47.501445" lon="-123.560376"></trkpt><trkpt lat="47.501509" lon="-123.560326"></trkpt><trkpt lat="47.501585" lon="-123.560266"></trkpt><trkpt lat="47.501637" lon="-123.560196"></trkpt><trkpt lat="47.501689" lon="-123.560137"></trkpt><trkpt lat="47.501727" lon="-123.560030"></trkpt><trkpt lat="47.501771" lon="-123.559924"></trkpt><trkpt lat="47.501810" lon="-123.559812"></trkpt><trkpt lat="47.501882" lon="-123.559734"></trkpt><trkpt lat="47.501961" lon="-123.559686"></trkpt><trkpt lat="47.502060" lon="-123.559601"></trkpt><trkpt lat="47.502128" lon="-123.559527"></trkpt><trkpt lat="47.502170" lon="-123.559433"></trkpt><trkpt lat="47.502237" lon="-123.559361"></trkpt><trkpt lat="47.502299" lon="-123.559297"></trkpt><trkpt lat="47.502340" lon="-123.559207"></trkpt><trkpt lat="47.502384" lon="-123.559134"></trkpt><trkpt lat="47.502464" lon="-123.559081"></trkpt><trkpt lat="47.502562" lon="-123.558996"></trkpt><trkpt lat="47.502648" lon="-123.558932"></trkpt><trkpt lat="47.502746" lon="-123.558818"></trkpt><trkpt lat="47.502797" lon="-123.558724"></trkpt><trkpt lat="47.502848" lon="-123.558635"></trkpt><trkpt lat="47.502904" lon="-123.558548"></trkpt><trkpt lat="47.502947" lon="-123.558446"></trkpt><trkpt lat="47.503004" lon="-123.558341"></trkpt><trkpt lat="47.503060" lon="-123.558254"></trkpt><trkpt lat="47.503124" lon="-123.558169"></trkpt><trkpt lat="47.503178" lon="-123.558092"></trkpt><trkpt lat="47.503222" lon="-123.557985"></trkpt><trkpt lat="47.503251" lon="-123.557877"></trkpt><trkpt lat="47.503269" lon="-123.557747"></trkpt><trkpt lat="47.503287" lon="-123.557617"></trkpt><trkpt lat="47.503307" lon="-123.557470"></trkpt><trkpt lat="47.503311" lon="-123.557344"></trkpt><trkpt lat="47.503285" lon="-123.557223"></trkpt><trkpt lat="47.503276" lon="-123.557084"></trkpt><trkpt lat="47.503294" lon="-123.556949"></trkpt><trkpt lat="47.503324" lon="-123.556838"></trkpt><trkpt lat="47.503343" lon="-123.556698"></trkpt><trkpt lat="47.503362" lon="-123.556564"></trkpt><trkpt lat="47.503395" lon="-123.556432"></trkpt><trkpt lat="47.503415" lon="-123.556285"></trkpt><trkpt lat="47.503432" lon="-123.556161"></trkpt><trkpt lat="47.503452" lon="-123.556014"></trkpt><trkpt lat="47.503471" lon="-123.555879"></trkpt><trkpt lat="47.503489" lon="-123.555744"></trkpt><trkpt lat="47.503491" lon="-123.555624"></trkpt><trkpt lat="47.503509" lon="-123.555497"></trkpt><trkpt lat="47.503512" lon="-123.555474"></trkpt><trkpt lat="47.503097" lon="-123.552721"></trkpt><trkpt lat="47.502057" lon="-123.551237"></trkpt><trkpt lat="47.501858" lon="-123.549042"></trkpt><trkpt lat="47.501863" lon="-123.548904"></trkpt><trkpt lat="47.501851" lon="-123.548780"></trkpt><trkpt lat="47.501854" lon="-123.548658"></trkpt><trkpt lat="47.501857" lon="-123.548531"></trkpt><trkpt lat="47.501833" lon="-123.548387"></trkpt><trkpt lat="47.501840" lon="-123.548266"></trkpt><trkpt lat="47.501857" lon="-123.548142"></trkpt><trkpt lat="47.501859" lon="-123.548021"></trkpt><trkpt lat="47.501833" lon="-123.547900"></trkpt><trkpt lat="47.501787" lon="-123.547810"></trkpt><trkpt lat="47.501731" lon="-123.547694"></trkpt><trkpt lat="47.501694" lon="-123.547576"></trkpt><trkpt lat="47.501655" lon="-123.547475"></trkpt><trkpt lat="47.501646" lon="-123.547369"></trkpt><trkpt lat="47.501623" lon="-123.547226"></trkpt><trkpt lat="47.501610" lon="-123.547108"></trkpt><trkpt lat="47.501590" lon="-123.546935"></trkpt><trkpt lat="47.501534" lon="-123.546819"></trkpt><trkpt lat="47.501490" lon="-123.546718"></trkpt><trkpt lat="47.501456" lon="-123.546618"></trkpt><trkpt lat="47.501413" lon="-123.546505"></trkpt><trkpt lat="47.501365" lon="-123.546402"></trkpt><trkpt lat="47.501323" lon="-123.546289"></trkpt><trkpt lat="47.501257" lon="-123.546137"></trkpt><trkpt lat="47.501201" lon="-123.546021"></trkpt><trkpt lat="47.501134" lon="-123.545909"></trkpt><trkpt lat="47.501064" lon="-123.545790"></trkpt><trkpt lat="47.501005" lon="-123.545691"></trkpt><trkpt lat="47.500945" lon="-123.545569"></trkpt><trkpt lat="47.500878" lon="-123.545457"></trkpt><trkpt lat="47.500841" lon="-123.545345"></trkpt><trkpt lat="47.500801" lon="-123.545215"></trkpt><trkpt lat="47.500741" lon="-123.545057"></trkpt><trkpt lat="47.500684" lon="-123.544942"></trkpt><trkpt lat="47.500614" lon="-123.544823"></trkpt><trkpt lat="47.500544" lon="-123.544704"></trkpt><trkpt lat="47.500432" lon="-123.544577"></trkpt><trkpt lat="47.500357" lon="-123.544493"></trkpt><trkpt lat="47.500268" lon="-123.544399"></trkpt><trkpt lat="47.500209" lon="-123.544301"></trkpt><trkpt lat="47.500149" lon="-123.544219"></trkpt><trkpt lat="47.500069" lon="-123.544133"></trkpt><trkpt lat="47.499994" lon="-123.544048"></trkpt><trkpt lat="47.499919" lon="-123.543963"></trkpt><trkpt lat="47.499855" lon="-123.543869"></trkpt><trkpt lat="47.499776" lon="-123.543778"></trkpt><trkpt lat="47.499703" lon="-123.543676"></trkpt><trkpt lat="47.499660" lon="-123.543604"></trkpt><trkpt lat="47.497795" lon="-123.540283"></trkpt><trkpt lat="47.497390" lon="-123.539156"></trkpt><trkpt lat="47.495911" lon="-123.537477"></trkpt><trkpt lat="47.494431" lon="-123.536304"></trkpt><trkpt lat="47.491429" lon="-123.533337"></trkpt><trkpt lat="47.489696" lon="-123.531654"></trkpt><trkpt lat="47.489289" lon="-123.530424"></trkpt><trkpt lat="47.489752" lon="-123.527894"></trkpt><trkpt lat="47.489729" lon="-123.527632"></trkpt><trkpt lat="47.485997" lon="-123.523127"></trkpt><trkpt lat="47.485013" lon="-123.523920"></trkpt><trkpt lat="47.483609" lon="-123.524080"></trkpt><trkpt lat="47.482026" lon="-123.525051"></trkpt><trkpt lat="47.480634" lon="-123.524594"></trkpt><trkpt lat="47.479951" lon="-123.522384"></trkpt><trkpt lat="47.478428" lon="-123.522462"></trkpt><trkpt lat="47.476319" lon="-123.521553"></trkpt><trkpt lat="47.474659" lon="-123.520926"></trkpt><trkpt lat="47.472773" lon="-123.521994"></trkpt><trkpt lat="47.471674" lon="-123.521960"></trkpt><trkpt lat="47.469125" lon="-123.523608"></trkpt><trkpt lat="47.467924" lon="-123.524896"></trkpt><trkpt lat="47.466202" lon="-123.525810"></trkpt><trkpt lat="47.462293" lon="-123.526978"></trkpt><trkpt lat="47.459740" lon="-123.527112"></trkpt><trkpt lat="47.457587" lon="-123.529009"></trkpt><trkpt lat="47.456086" lon="-123.529564"></trkpt><trkpt lat="47.454267" lon="-123.532324"></trkpt><trkpt lat="47.453225" lon="-123.533284"></trkpt><trkpt lat="47.452330" lon="-123.535054"></trkpt><trkpt lat="47.452233" lon="-123.538595"></trkpt><trkpt lat="47.451733" lon="-123.540860"></trkpt><trkpt lat="47.449322" lon="-123.546915"></trkpt><trkpt lat="47.448363" lon="-123.549043"></trkpt><trkpt lat="47.447469" lon="-123.550221"></trkpt><trkpt lat="47.448806" lon="-123.551583"></trkpt><trkpt lat="47.448756" lon="-123.551724"></trkpt><trkpt lat="47.448750" lon="-123.551751"></trkpt><trkpt lat="47.448747" lon="-123.551773"></trkpt><trkpt lat="47.448741" lon="-123.551796"></trkpt><trkpt lat="47.448737" lon="-123.551815"></trkpt><trkpt lat="47.448729" lon="-123.551834"></trkpt><trkpt lat="47.448722" lon="-123.551852"></trkpt><trkpt lat="47.448717" lon="-123.551873"></trkpt><trkpt lat="47.448710" lon="-123.551891"></trkpt><trkpt lat="47.448703" lon="-123.551909"></trkpt><trkpt lat="47.448700" lon="-123.551930"></trkpt><trkpt lat="47.448697" lon="-123.551951"></trkpt><trkpt lat="47.448694" lon="-123.551972"></trkpt><trkpt lat="47.448687" lon="-123.551989"></trkpt><trkpt lat="47.448682" lon="-123.552007"></trkpt><trkpt lat="47.448678" lon="-123.552025"></trkpt><trkpt lat="47.448674" lon="-123.552042"></trkpt><trkpt lat="47.448669" lon="-123.552058"></trkpt><trkpt lat="47.448663" lon="-123.552074"></trkpt><trkpt lat="47.448655" lon="-123.552088"></trkpt><trkpt lat="47.448646" lon="-123.552097"></trkpt><trkpt lat="47.448635" lon="-123.552109"></trkpt><trkpt lat="47.448626" lon="-123.552121"></trkpt><trkpt lat="47.448617" lon="-123.552138"></trkpt><trkpt lat="47.448607" lon="-123.552156"></trkpt><trkpt lat="47.448601" lon="-123.552173"></trkpt><trkpt lat="47.448592" lon="-123.552192"></trkpt><trkpt lat="47.448585" lon="-123.552210"></trkpt><trkpt lat="47.448578" lon="-123.552225"></trkpt><trkpt lat="47.448568" lon="-123.552238"></trkpt><trkpt lat="47.448560" lon="-123.552250"></trkpt><trkpt lat="47.448548" lon="-123.552264"></trkpt><trkpt lat="47.448538" lon="-123.552277"></trkpt><trkpt lat="47.448530" lon="-123.552288"></trkpt><trkpt lat="47.448521" lon="-123.552301"></trkpt><trkpt lat="47.448512" lon="-123.552312"></trkpt><trkpt lat="47.448506" lon="-123.552326"></trkpt><trkpt lat="47.448499" lon="-123.552335"></trkpt><trkpt lat="47.448489" lon="-123.552354"></trkpt><trkpt lat="47.448480" lon="-123.552365"></trkpt><trkpt lat="47.448474" lon="-123.552380"></trkpt><trkpt lat="47.448465" lon="-123.552391"></trkpt><trkpt lat="47.448459" lon="-123.552407"></trkpt><trkpt lat="47.448450" lon="-123.552421"></trkpt><trkpt lat="47.448441" lon="-123.552438"></trkpt><trkpt lat="47.448434" lon="-123.552452"></trkpt><trkpt lat="47.448428" lon="-123.552464"></trkpt><trkpt lat="47.448419" lon="-123.552479"></trkpt><trkpt lat="47.448409" lon="-123.552495"></trkpt><trkpt lat="47.448401" lon="-123.552508"></trkpt><trkpt lat="47.448394" lon="-123.552520"></trkpt><trkpt lat="47.448384" lon="-123.552529"></trkpt><trkpt lat="47.448375" lon="-123.552541"></trkpt><trkpt lat="47.448367" lon="-123.552552"></trkpt><trkpt lat="47.448359" lon="-123.552568"></trkpt><trkpt lat="47.448349" lon="-123.552578"></trkpt><trkpt lat="47.448342" lon="-123.552592"></trkpt><trkpt lat="47.448330" lon="-123.552612"></trkpt><trkpt lat="47.448321" lon="-123.552626"></trkpt><trkpt lat="47.448312" lon="-123.552641"></trkpt><trkpt lat="47.448306" lon="-123.552663"></trkpt><trkpt lat="47.448296" lon="-123.552679"></trkpt><trkpt lat="47.448287" lon="-123.552694"></trkpt><trkpt lat="47.448276" lon="-123.552710"></trkpt><trkpt lat="47.448267" lon="-123.552725"></trkpt><trkpt lat="47.448256" lon="-123.552740"></trkpt><trkpt lat="47.448245" lon="-123.552753"></trkpt><trkpt lat="47.448231" lon="-123.552781"></trkpt><trkpt lat="47.448222" lon="-123.552803"></trkpt><trkpt lat="47.448216" lon="-123.552818"></trkpt><trkpt lat="47.448209" lon="-123.552833"></trkpt><trkpt lat="47.448200" lon="-123.552849"></trkpt><trkpt lat="47.448191" lon="-123.552864"></trkpt><trkpt lat="47.448182" lon="-123.552885"></trkpt><trkpt lat="47.448176" lon="-123.552901"></trkpt><trkpt lat="47.448167" lon="-123.552915"></trkpt><trkpt lat="47.448160" lon="-123.552932"></trkpt><trkpt lat="47.448151" lon="-123.552954"></trkpt><trkpt lat="47.448142" lon="-123.552968"></trkpt><trkpt lat="47.448129" lon="-123.552985"></trkpt><trkpt lat="47.448118" lon="-123.552997"></trkpt><trkpt lat="47.448107" lon="-123.553011"></trkpt><trkpt lat="47.448099" lon="-123.553028"></trkpt><trkpt lat="47.448091" lon="-123.553043"></trkpt><trkpt lat="47.448082" lon="-123.553058"></trkpt><trkpt lat="47.448071" lon="-123.553077"></trkpt><trkpt lat="47.448063" lon="-123.553088"></trkpt><trkpt lat="47.448055" lon="-123.553100"></trkpt><trkpt lat="47.448043" lon="-123.553115"></trkpt><trkpt lat="47.448034" lon="-123.553129"></trkpt><trkpt lat="47.448025" lon="-123.553145"></trkpt><trkpt lat="47.448017" lon="-123.553161"></trkpt><trkpt lat="47.448014" lon="-123.553181"></trkpt><trkpt lat="47.448007" lon="-123.553198"></trkpt><trkpt lat="47.447998" lon="-123.553212"></trkpt><trkpt lat="47.447985" lon="-123.553228"></trkpt><trkpt lat="47.447975" lon="-123.553241"></trkpt><trkpt lat="47.447964" lon="-123.553252"></trkpt><trkpt lat="47.447953" lon="-123.553263"></trkpt><trkpt lat="47.447939" lon="-123.553271"></trkpt><trkpt lat="47.447926" lon="-123.553282"></trkpt><trkpt lat="47.447913" lon="-123.553293"></trkpt><trkpt lat="47.447902" lon="-123.553298"></trkpt><trkpt lat="47.447890" lon="-123.553303"></trkpt><trkpt lat="47.447874" lon="-123.553307"></trkpt><trkpt lat="47.447861" lon="-123.553307"></trkpt><trkpt lat="47.447845" lon="-123.553304"></trkpt><trkpt lat="47.447830" lon="-123.553304"></trkpt><trkpt lat="47.447816" lon="-123.553301"></trkpt><trkpt lat="47.447798" lon="-123.553303"></trkpt><trkpt lat="47.447781" lon="-123.553305"></trkpt><trkpt lat="47.447767" lon="-123.553307"></trkpt><trkpt lat="47.447755" lon="-123.553313"></trkpt><trkpt lat="47.447743" lon="-123.553323"></trkpt><trkpt lat="47.447743" lon="-123.553337"></trkpt><trkpt lat="47.447755" lon="-123.553346"></trkpt><trkpt lat="47.447767" lon="-123.553356"></trkpt><trkpt lat="47.447770" lon="-123.553373"></trkpt><trkpt lat="47.447767" lon="-123.553392"></trkpt><trkpt lat="47.447760" lon="-123.553406"></trkpt><trkpt lat="47.447751" lon="-123.553420"></trkpt><trkpt lat="47.447745" lon="-123.553442"></trkpt><trkpt lat="47.447739" lon="-123.553458"></trkpt><trkpt lat="47.447734" lon="-123.553477"></trkpt><trkpt lat="47.447730" lon="-123.553495"></trkpt><trkpt lat="47.447724" lon="-123.553513"></trkpt><trkpt lat="47.447717" lon="-123.553533"></trkpt><trkpt lat="47.447712" lon="-123.553549"></trkpt><trkpt lat="47.447705" lon="-123.553565"></trkpt><trkpt lat="47.447702" lon="-123.553578"></trkpt><trkpt lat="47.447691" lon="-123.553599"></trkpt><trkpt lat="47.447686" lon="-123.553618"></trkpt><trkpt lat="47.447678" lon="-123.553630"></trkpt><trkpt lat="47.447669" lon="-123.553642"></trkpt><trkpt lat="47.447658" lon="-123.553652"></trkpt><trkpt lat="47.447646" lon="-123.553665"></trkpt><trkpt lat="47.447630" lon="-123.553681"></trkpt><trkpt lat="47.447616" lon="-123.553695"></trkpt><trkpt lat="47.447604" lon="-123.553709"></trkpt><trkpt lat="47.447591" lon="-123.553720"></trkpt><trkpt lat="47.447582" lon="-123.553729"></trkpt><trkpt lat="47.447573" lon="-123.553739"></trkpt><trkpt lat="47.447562" lon="-123.553752"></trkpt><trkpt lat="47.447553" lon="-123.553761"></trkpt><trkpt lat="47.447543" lon="-123.553772"></trkpt><trkpt lat="47.447531" lon="-123.553780"></trkpt><trkpt lat="47.447521" lon="-123.553789"></trkpt><trkpt lat="47.447511" lon="-123.553798"></trkpt><trkpt lat="47.447503" lon="-123.553814"></trkpt><trkpt lat="47.447495" lon="-123.553825"></trkpt><trkpt lat="47.447488" lon="-123.553840"></trkpt><trkpt lat="47.447480" lon="-123.553852"></trkpt><trkpt lat="47.447472" lon="-123.553862"></trkpt><trkpt lat="47.447462" lon="-123.553875"></trkpt><trkpt lat="47.447452" lon="-123.553887"></trkpt><trkpt lat="47.447442" lon="-123.553897"></trkpt><trkpt lat="47.447432" lon="-123.553908"></trkpt><trkpt lat="47.447424" lon="-123.553917"></trkpt><trkpt lat="47.447413" lon="-123.553929"></trkpt><trkpt lat="47.447402" lon="-123.553939"></trkpt><trkpt lat="47.447392" lon="-123.553950"></trkpt><trkpt lat="47.447384" lon="-123.553963"></trkpt><trkpt lat="47.447373" lon="-123.553976"></trkpt><trkpt lat="47.447361" lon="-123.553984"></trkpt><trkpt lat="47.447347" lon="-123.553982"></trkpt><trkpt lat="47.447331" lon="-123.553978"></trkpt><trkpt lat="47.447317" lon="-123.553976"></trkpt><trkpt lat="47.447301" lon="-123.553973"></trkpt><trkpt lat="47.447289" lon="-123.553967"></trkpt><trkpt lat="47.447276" lon="-123.553967"></trkpt><trkpt lat="47.447267" lon="-123.553979"></trkpt><trkpt lat="47.447256" lon="-123.553990"></trkpt><trkpt lat="47.447246" lon="-123.553996"></trkpt><trkpt lat="47.447235" lon="-123.554006"></trkpt><trkpt lat="47.447228" lon="-123.554018"></trkpt><trkpt lat="47.447218" lon="-123.554023"></trkpt><trkpt lat="47.447206" lon="-123.554032"></trkpt><trkpt lat="47.447195" lon="-123.554046"></trkpt><trkpt lat="47.447188" lon="-123.554064"></trkpt><trkpt lat="47.447185" lon="-123.554084"></trkpt><trkpt lat="47.447190" lon="-123.554101"></trkpt><trkpt lat="47.447194" lon="-123.554109"></trkpt><trkpt lat="47.447302" lon="-123.554352"></trkpt><trkpt lat="47.447264" lon="-123.554743"></trkpt><trkpt lat="47.447110" lon="-123.555570"></trkpt><trkpt lat="47.446860" lon="-123.557001"></trkpt><trkpt lat="47.446715" lon="-123.557763"></trkpt><trkpt lat="47.446814" lon="-123.558329"></trkpt><trkpt lat="47.446634" lon="-123.560919"></trkpt><trkpt lat="47.446547" lon="-123.561899"></trkpt><trkpt lat="47.446315" lon="-123.562577"></trkpt><trkpt lat="47.446292" lon="-123.562621"></trkpt><trkpt lat="47.446258" lon="-123.562658"></trkpt><trkpt lat="47.446232" lon="-123.562692"></trkpt><trkpt lat="47.446205" lon="-123.562722"></trkpt><trkpt lat="47.446178" lon="-123.562748"></trkpt><trkpt lat="47.446146" lon="-123.562770"></trkpt><trkpt lat="47.446108" lon="-123.562795"></trkpt><trkpt lat="47.446071" lon="-123.562815"></trkpt><trkpt lat="47.446039" lon="-123.562835"></trkpt><trkpt lat="47.446006" lon="-123.562863"></trkpt><trkpt lat="47.445974" lon="-123.562875"></trkpt><trkpt lat="47.445939" lon="-123.562893"></trkpt><trkpt lat="47.445908" lon="-123.562908"></trkpt><trkpt lat="47.445876" lon="-123.562930"></trkpt><trkpt lat="47.445842" lon="-123.562948"></trkpt><trkpt lat="47.445801" lon="-123.562968"></trkpt><trkpt lat="47.445770" lon="-123.562994"></trkpt><trkpt lat="47.445737" lon="-123.563013"></trkpt><trkpt lat="47.445705" lon="-123.563035"></trkpt><trkpt lat="47.445680" lon="-123.563062"></trkpt><trkpt lat="47.445674" lon="-123.563066"></trkpt><trkpt lat="47.444331" lon="-123.563949"></trkpt><trkpt lat="47.442516" lon="-123.565191"></trkpt><trkpt lat="47.442087" lon="-123.569665"></trkpt><trkpt lat="47.440354" lon="-123.571543"></trkpt><trkpt lat="47.440220" lon="-123.571516"></trkpt><trkpt lat="47.440070" lon="-123.571486"></trkpt><trkpt lat="47.439935" lon="-123.571459"></trkpt><trkpt lat="47.439823" lon="-123.571380"></trkpt><trkpt lat="47.439676" lon="-123.571267"></trkpt><trkpt lat="47.439529" lon="-123.571164"></trkpt><trkpt lat="47.439398" lon="-123.571119"></trkpt><trkpt lat="47.439259" lon="-123.571119"></trkpt><trkpt lat="47.439129" lon="-123.571167"></trkpt><trkpt lat="47.438987" lon="-123.571195"></trkpt><trkpt lat="47.438830" lon="-123.571219"></trkpt><trkpt lat="47.438707" lon="-123.571277"></trkpt><trkpt lat="47.438581" lon="-123.571363"></trkpt><trkpt lat="47.438465" lon="-123.571534"></trkpt><trkpt lat="47.438384" lon="-123.571676"></trkpt><trkpt lat="47.438331" lon="-123.571897"></trkpt><trkpt lat="47.438294" lon="-123.572160"></trkpt><trkpt lat="47.438283" lon="-123.572408"></trkpt><trkpt lat="47.438256" lon="-123.572607"></trkpt><trkpt lat="47.438226" lon="-123.572824"></trkpt><trkpt lat="47.438196" lon="-123.573041"></trkpt><trkpt lat="47.438192" lon="-123.573236"></trkpt><trkpt lat="47.438162" lon="-123.573453"></trkpt><trkpt lat="47.438188" lon="-123.573596"></trkpt><trkpt lat="47.438198" lon="-123.573802"></trkpt><trkpt lat="47.438241" lon="-123.573986"></trkpt><trkpt lat="47.438243" lon="-123.574143"></trkpt><trkpt lat="47.439479" lon="-123.577190"></trkpt><trkpt lat="47.440978" lon="-123.578927"></trkpt><trkpt lat="47.440997" lon="-123.581700"></trkpt><trkpt lat="47.440500" lon="-123.581795"></trkpt><trkpt lat="47.440433" lon="-123.581781"></trkpt><trkpt lat="47.440346" lon="-123.581722"></trkpt><trkpt lat="47.440298" lon="-123.581692"></trkpt><trkpt lat="47.440242" lon="-123.581659"></trkpt><trkpt lat="47.440188" lon="-123.581607"></trkpt><trkpt lat="47.440153" lon="-123.581551"></trkpt><trkpt lat="47.440116" lon="-123.581502"></trkpt><trkpt lat="47.440091" lon="-123.581434"></trkpt><trkpt lat="47.440071" lon="-123.581367"></trkpt><trkpt lat="47.440046" lon="-123.581300"></trkpt><trkpt lat="47.440012" lon="-123.581230"></trkpt><trkpt lat="47.439962" lon="-123.581171"></trkpt><trkpt lat="47.439925" lon="-123.581122"></trkpt><trkpt lat="47.439870" lon="-123.581066"></trkpt><trkpt lat="47.439823" lon="-123.581025"></trkpt><trkpt lat="47.439764" lon="-123.580996"></trkpt><trkpt lat="47.439708" lon="-123.581002"></trkpt><trkpt lat="47.439646" lon="-123.581010"></trkpt><trkpt lat="47.439562" lon="-123.580994"></trkpt><trkpt lat="47.439501" lon="-123.580992"></trkpt><trkpt lat="47.439462" lon="-123.581008"></trkpt><trkpt lat="47.439383" lon="-123.581014"></trkpt><trkpt lat="47.439276" lon="-123.581034"></trkpt><trkpt lat="47.439223" lon="-123.581044"></trkpt><trkpt lat="47.439169" lon="-123.581054"></trkpt><trkpt lat="47.439113" lon="-123.581085"></trkpt><trkpt lat="47.439052" lon="-123.581108"></trkpt><trkpt lat="47.438997" lon="-123.581128"></trkpt><trkpt lat="47.438951" lon="-123.581147"></trkpt><trkpt lat="47.438900" lon="-123.581164"></trkpt><trkpt lat="47.438852" lon="-123.581196"></trkpt><trkpt lat="47.438805" lon="-123.581222"></trkpt><trkpt lat="47.438757" lon="-123.581254"></trkpt><trkpt lat="47.438708" lon="-123.581297"></trkpt><trkpt lat="47.438647" lon="-123.581344"></trkpt><trkpt lat="47.438599" lon="-123.581376"></trkpt><trkpt lat="47.438547" lon="-123.581414"></trkpt><trkpt lat="47.438503" lon="-123.581465"></trkpt><trkpt lat="47.438463" lon="-123.581499"></trkpt><trkpt lat="47.438438" lon="-123.581518"></trkpt><trkpt lat="47.434516" lon="-123.583916"></trkpt><trkpt lat="47.430435" lon="-123.588209"></trkpt><trkpt lat="47.428082" lon="-123.590627"></trkpt><trkpt lat="47.425284" lon="-123.594923"></trkpt><trkpt lat="47.423249" lon="-123.596935"></trkpt><trkpt lat="47.419358" lon="-123.598098"></trkpt><trkpt lat="47.416883" lon="-123.600462"></trkpt><trkpt lat="47.415457" lon="-123.600678"></trkpt><trkpt lat="47.413344" lon="-123.605888"></trkpt><trkpt lat="47.412042" lon="-123.604997"></trkpt><trkpt lat="47.407683" lon="-123.604485"></trkpt><trkpt lat="47.404845" lon="-123.603919"></trkpt><trkpt lat="47.402792" lon="-123.603944"></trkpt><trkpt lat="47.396752" lon="-123.603318"></trkpt><trkpt lat="47.395636" lon="-123.604384"></trkpt><trkpt lat="47.394408" lon="-123.604493"></trkpt><trkpt lat="47.392222" lon="-123.604590"></trkpt><trkpt lat="47.392057" lon="-123.604613"></trkpt><trkpt lat="47.391911" lon="-123.604668"></trkpt><trkpt lat="47.391765" lon="-123.604834"></trkpt><trkpt lat="47.391659" lon="-123.604989"></trkpt><trkpt lat="47.391524" lon="-123.605129"></trkpt><trkpt lat="47.391440" lon="-123.605289"></trkpt><trkpt lat="47.391365" lon="-123.605497"></trkpt><trkpt lat="47.391299" lon="-123.605697"></trkpt><trkpt lat="47.391250" lon="-123.605883"></trkpt><trkpt lat="47.391177" lon="-123.606026"></trkpt><trkpt lat="47.391147" lon="-123.606076"></trkpt><trkpt lat="47.389400" lon="-123.609749"></trkpt><trkpt lat="47.387803" lon="-123.610477"></trkpt><trkpt lat="47.386249" lon="-123.609701"></trkpt><trkpt lat="47.384969" lon="-123.606819"></trkpt><trkpt lat="47.383226" lon="-123.605550"></trkpt><trkpt lat="47.381056" lon="-123.606225"></trkpt><trkpt lat="47.380164" lon="-123.605555"></trkpt><trkpt lat="47.379496" lon="-123.605536"></trkpt><trkpt lat="47.379049" lon="-123.604985"></trkpt><trkpt lat="47.378122" lon="-123.604966"></trkpt><trkpt lat="47.376775" lon="-123.603869"></trkpt><trkpt lat="47.376048" lon="-123.604058"></trkpt><trkpt lat="47.375505" lon="-123.603810"></trkpt><trkpt lat="47.373696" lon="-123.604457"></trkpt><trkpt lat="47.373541" lon="-123.602573"></trkpt><trkpt lat="47.372484" lon="-123.598275"></trkpt><trkpt lat="47.373143" lon="-123.597581"></trkpt><trkpt lat="47.372851" lon="-123.596905"></trkpt><trkpt lat="47.373078" lon="-123.596156"></trkpt><trkpt lat="47.373108" lon="-123.595940"></trkpt><trkpt lat="47.373138" lon="-123.595723"></trkpt><trkpt lat="47.373167" lon="-123.595507"></trkpt><trkpt lat="47.373196" lon="-123.595300"></trkpt><trkpt lat="47.373243" lon="-123.595125"></trkpt><trkpt lat="47.373299" lon="-123.594886"></trkpt><trkpt lat="47.373349" lon="-123.594692"></trkpt><trkpt lat="47.373371" lon="-123.594531"></trkpt><trkpt lat="47.373465" lon="-123.592730"></trkpt><trkpt lat="47.372737" lon="-123.588961"></trkpt><trkpt lat="47.370848" lon="-123.585040"></trkpt><trkpt lat="47.370117" lon="-123.582436"></trkpt><trkpt lat="47.370397" lon="-123.578684"></trkpt><trkpt lat="47.369464" lon="-123.575571"></trkpt><trkpt lat="47.367317" lon="-123.571528"></trkpt><trkpt lat="47.366992" lon="-123.569384"></trkpt><trkpt lat="47.365980" lon="-123.567736"></trkpt><trkpt lat="47.362758" lon="-123.568330"></trkpt><trkpt lat="47.360416" lon="-123.567469"></trkpt><trkpt lat="47.358024" lon="-123.567810"></trkpt><trkpt lat="47.355913" lon="-123.566861"></trkpt><trkpt lat="47.354773" lon="-123.567159"></trkpt><trkpt lat="47.353864" lon="-123.565554"></trkpt><trkpt lat="47.354545" lon="-123.563489"></trkpt><trkpt lat="47.355003" lon="-123.561162"></trkpt><trkpt lat="47.355761" lon="-123.559821"></trkpt><trkpt lat="47.355737" lon="-123.557028"></trkpt><trkpt lat="47.357226" lon="-123.552870"></trkpt><trkpt lat="47.357278" lon="-123.552515"></trkpt><trkpt lat="47.357923" lon="-123.551491"></trkpt><trkpt lat="47.359524" lon="-123.548857"></trkpt><trkpt lat="47.361096" lon="-123.547513"></trkpt><trkpt lat="47.363258" lon="-123.544584"></trkpt><trkpt lat="47.364487" lon="-123.542389"></trkpt><trkpt lat="47.365502" lon="-123.540083"></trkpt><trkpt lat="47.365980" lon="-123.534278"></trkpt><trkpt lat="47.366546" lon="-123.532514"></trkpt><trkpt lat="47.366630" lon="-123.531312"></trkpt><trkpt lat="47.366950" lon="-123.530437"></trkpt><trkpt lat="47.367623" lon="-123.527242"></trkpt><trkpt lat="47.367027" lon="-123.524930"></trkpt><trkpt lat="47.366175" lon="-123.523519"></trkpt><trkpt lat="47.366709" lon="-123.523380"></trkpt><trkpt lat="47.368212" lon="-123.524844"></trkpt><trkpt lat="47.369013" lon="-123.524710"></trkpt><trkpt lat="47.368957" lon="-123.523600"></trkpt><trkpt lat="47.369150" lon="-123.522996"></trkpt><trkpt lat="47.369490" lon="-123.519819"></trkpt><trkpt lat="47.369060" lon="-123.515182"></trkpt><trkpt lat="47.368355" lon="-123.513513"></trkpt><trkpt lat="47.369284" lon="-123.513515"></trkpt><trkpt lat="47.370394" lon="-123.514679"></trkpt><trkpt lat="47.370590" lon="-123.515763"></trkpt><trkpt lat="47.371705" lon="-123.516937"></trkpt><trkpt lat="47.372000" lon="-123.518026"></trkpt><trkpt lat="47.372779" lon="-123.518402"></trkpt><trkpt lat="47.372710" lon="-123.516484"></trkpt><trkpt lat="47.371547" lon="-123.513890"></trkpt><trkpt lat="47.371634" lon="-123.512069"></trkpt><trkpt lat="47.371438" lon="-123.510593"></trkpt><trkpt lat="47.370625" lon="-123.509056"></trkpt><trkpt lat="47.370477" lon="-123.508206"></trkpt><trkpt lat="47.370890" lon="-123.508035"></trkpt><trkpt lat="47.373184" lon="-123.508568"></trkpt><trkpt lat="47.373885" lon="-123.507244"></trkpt><trkpt lat="47.373766" lon="-123.506487"></trkpt><trkpt lat="47.372489" lon="-123.504102"></trkpt><trkpt lat="47.374531" lon="-123.503424"></trkpt><trkpt lat="47.374627" lon="-123.501909"></trkpt><trkpt lat="47.374195" lon="-123.501700"></trkpt><trkpt lat="47.373298" lon="-123.499674"></trkpt><trkpt lat="47.373533" lon="-123.499221"></trkpt><trkpt lat="47.375756" lon="-123.498648"></trkpt><trkpt lat="47.376928" lon="-123.499213"></trkpt><trkpt lat="47.378335" lon="-123.498159"></trkpt><trkpt lat="47.379296" lon="-123.498119"></trkpt><trkpt lat="47.379472" lon="-123.498154"></trkpt><trkpt lat="47.379576" lon="-123.497981"></trkpt><trkpt lat="47.379681" lon="-123.497808"></trkpt><trkpt lat="47.379768" lon="-123.497610"></trkpt><trkpt lat="47.379822" lon="-123.497368"></trkpt><trkpt lat="47.379767" lon="-123.497187"></trkpt><trkpt lat="47.379740" lon="-123.496951"></trkpt><trkpt lat="47.379657" lon="-123.496664"></trkpt><trkpt lat="47.379606" lon="-123.496446"></trkpt><trkpt lat="47.379517" lon="-123.496281"></trkpt><trkpt lat="47.379452" lon="-123.496084"></trkpt><trkpt lat="47.379369" lon="-123.495874"></trkpt><trkpt lat="47.379219" lon="-123.495712"></trkpt><trkpt lat="47.379026" lon="-123.495636"></trkpt><trkpt lat="47.378849" lon="-123.495601"></trkpt><trkpt lat="47.378747" lon="-123.495472"></trkpt><trkpt lat="47.378787" lon="-123.495186"></trkpt><trkpt lat="47.378870" lon="-123.494950"></trkpt><trkpt lat="47.379040" lon="-123.494814"></trkpt><trkpt lat="47.379179" lon="-123.494694"></trkpt><trkpt lat="47.379294" lon="-123.494595"></trkpt><trkpt lat="47.379517" lon="-123.494529"></trkpt><trkpt lat="47.379667" lon="-123.494400"></trkpt><trkpt lat="47.379747" lon="-123.494179"></trkpt><trkpt lat="47.379810" lon="-123.493943"></trkpt><trkpt lat="47.379819" lon="-123.493885"></trkpt><trkpt lat="47.380024" lon="-123.491772"></trkpt><trkpt lat="47.378869" lon="-123.491578"></trkpt><trkpt lat="47.378244" lon="-123.492214"></trkpt><trkpt lat="47.377777" lon="-123.491850"></trkpt><trkpt lat="47.377304" lon="-123.491755"></trkpt><trkpt lat="47.377313" lon="-123.490115"></trkpt><trkpt lat="47.377070" lon="-123.487821"></trkpt><trkpt lat="47.375805" lon="-123.485697"></trkpt><trkpt lat="47.373679" lon="-123.485718"></trkpt><trkpt lat="47.372161" lon="-123.486570"></trkpt><trkpt lat="47.369439" lon="-123.486951"></trkpt><trkpt lat="47.368232" lon="-123.487980"></trkpt><trkpt lat="47.370090" lon="-123.485535"></trkpt><trkpt lat="47.371027" lon="-123.485207"></trkpt><trkpt lat="47.372478" lon="-123.483816"></trkpt><trkpt lat="47.373701" lon="-123.484171"></trkpt><trkpt lat="47.374545" lon="-123.483569"></trkpt><trkpt lat="47.376279" lon="-123.483712"></trkpt><trkpt lat="47.376670" lon="-123.484743"></trkpt><trkpt lat="47.376883" lon="-123.484841"></trkpt><trkpt lat="47.377099" lon="-123.485049"></trkpt><trkpt lat="47.377379" lon="-123.485106"></trkpt><trkpt lat="47.377650" lon="-123.485105"></trkpt><trkpt lat="47.377874" lon="-123.485005"></trkpt><trkpt lat="47.378056" lon="-123.484767"></trkpt><trkpt lat="47.378244" lon="-123.484496"></trkpt><trkpt lat="47.378435" lon="-123.484318"></trkpt><trkpt lat="47.378730" lon="-123.484377"></trkpt><trkpt lat="47.378988" lon="-123.484392"></trkpt><trkpt lat="47.379255" lon="-123.484446"></trkpt><trkpt lat="47.379536" lon="-123.484502"></trkpt><trkpt lat="47.379801" lon="-123.484555"></trkpt><trkpt lat="47.379986" lon="-123.484394"></trkpt><trkpt lat="47.380063" lon="-123.484055"></trkpt><trkpt lat="47.380116" lon="-123.483673"></trkpt><trkpt lat="47.380044" lon="-123.483422"></trkpt><trkpt lat="47.380132" lon="-123.483101"></trkpt><trkpt lat="47.380418" lon="-123.483103"></trkpt><trkpt lat="47.380401" lon="-123.483443"></trkpt><trkpt lat="47.380536" lon="-123.483688"></trkpt><trkpt lat="47.380771" lon="-123.483825"></trkpt><trkpt lat="47.381049" lon="-123.483773"></trkpt><trkpt lat="47.381132" lon="-123.483396"></trkpt><trkpt lat="47.381262" lon="-123.483111"></trkpt><trkpt lat="47.381273" lon="-123.482701"></trkpt><trkpt lat="47.381176" lon="-123.482408"></trkpt><trkpt lat="47.381093" lon="-123.482136"></trkpt><trkpt lat="47.381060" lon="-123.481823"></trkpt><trkpt lat="47.381067" lon="-123.481445"></trkpt><trkpt lat="47.381270" lon="-123.481283"></trkpt><trkpt lat="47.381481" lon="-123.481072"></trkpt><trkpt lat="47.381696" lon="-123.480841"></trkpt><trkpt lat="47.381791" lon="-123.480466"></trkpt><trkpt lat="47.381848" lon="-123.480052"></trkpt><trkpt lat="47.381907" lon="-123.479628"></trkpt><trkpt lat="47.382095" lon="-123.479466"></trkpt><trkpt lat="47.382330" lon="-123.479313"></trkpt><trkpt lat="47.382492" lon="-123.479456"></trkpt><trkpt lat="47.382437" lon="-123.479849"></trkpt><trkpt lat="47.382480" lon="-123.480205"></trkpt><trkpt lat="47.382569" lon="-123.480444"></trkpt><trkpt lat="47.382727" lon="-123.480727"></trkpt><trkpt lat="47.382858" lon="-123.480992"></trkpt><trkpt lat="47.383010" lon="-123.481223"></trkpt><trkpt lat="47.383190" lon="-123.481422"></trkpt><trkpt lat="47.383431" lon="-123.481562"></trkpt><trkpt lat="47.383696" lon="-123.481615"></trkpt><trkpt lat="47.384007" lon="-123.481678"></trkpt><trkpt lat="47.384276" lon="-123.481568"></trkpt><trkpt lat="47.384454" lon="-123.481385"></trkpt><trkpt lat="47.384510" lon="-123.481198"></trkpt><trkpt lat="47.385904" lon="-123.478626"></trkpt><trkpt lat="47.386015" lon="-123.478154"></trkpt><trkpt lat="47.386139" lon="-123.477810"></trkpt><trkpt lat="47.386317" lon="-123.477515"></trkpt><trkpt lat="47.386522" lon="-123.477243"></trkpt><trkpt lat="47.386782" lon="-123.477019"></trkpt><trkpt lat="47.387034" lon="-123.476849"></trkpt><trkpt lat="47.387279" lon="-123.476622"></trkpt><trkpt lat="47.387495" lon="-123.476389"></trkpt><trkpt lat="47.387712" lon="-123.476028"></trkpt><trkpt lat="47.387784" lon="-123.475842"></trkpt><trkpt lat="47.389234" lon="-123.474280"></trkpt><trkpt lat="47.389755" lon="-123.471274"></trkpt><trkpt lat="47.390601" lon="-123.471282"></trkpt><trkpt lat="47.392919" lon="-123.465305"></trkpt><trkpt lat="47.393262" lon="-123.465337"></trkpt><trkpt lat="47.393208" lon="-123.465729"></trkpt><trkpt lat="47.393189" lon="-123.466093"></trkpt><trkpt lat="47.393182" lon="-123.466475"></trkpt><trkpt lat="47.393207" lon="-123.466848"></trkpt><trkpt lat="47.393272" lon="-123.467027"></trkpt><trkpt lat="47.393947" lon="-123.468540"></trkpt><trkpt lat="47.394286" lon="-123.471812"></trkpt><trkpt lat="47.394471" lon="-123.471994"></trkpt><trkpt lat="47.394693" lon="-123.472257"></trkpt><trkpt lat="47.394923" lon="-123.472359"></trkpt><trkpt lat="47.395181" lon="-123.472355"></trkpt><trkpt lat="47.395351" lon="-123.472118"></trkpt><trkpt lat="47.395447" lon="-123.471755"></trkpt><trkpt lat="47.395506" lon="-123.471327"></trkpt><trkpt lat="47.395562" lon="-123.470924"></trkpt><trkpt lat="47.395622" lon="-123.470483"></trkpt><trkpt lat="47.395675" lon="-123.470099"></trkpt><trkpt lat="47.395723" lon="-123.469754"></trkpt><trkpt lat="47.398783" lon="-123.464469"></trkpt><trkpt lat="47.398943" lon="-123.464197"></trkpt><trkpt lat="47.399201" lon="-123.464211"></trkpt><trkpt lat="47.399451" lon="-123.464262"></trkpt><trkpt lat="47.399563" lon="-123.464627"></trkpt><trkpt lat="47.399685" lon="-123.465075"></trkpt><trkpt lat="47.399829" lon="-123.465361"></trkpt><trkpt lat="47.399810" lon="-123.465719"></trkpt><trkpt lat="47.399838" lon="-123.466070"></trkpt><trkpt lat="47.400036" lon="-123.466270"></trkpt><trkpt lat="47.400230" lon="-123.466491"></trkpt><trkpt lat="47.400421" lon="-123.466769"></trkpt><trkpt lat="47.400482" lon="-123.466977"></trkpt><trkpt lat="47.400962" lon="-123.468757"></trkpt><trkpt lat="47.402025" lon="-123.470200"></trkpt><trkpt lat="47.402324" lon="-123.470205"></trkpt><trkpt lat="47.402596" lon="-123.470062"></trkpt><trkpt lat="47.402764" lon="-123.469840"></trkpt><trkpt lat="47.402922" lon="-123.469581"></trkpt><trkpt lat="47.403045" lon="-123.469353"></trkpt><trkpt lat="47.403176" lon="-123.469066"></trkpt><trkpt lat="47.403300" lon="-123.468833"></trkpt><trkpt lat="47.403356" lon="-123.468426"></trkpt><trkpt lat="47.403365" lon="-123.468029"></trkpt><trkpt lat="47.403319" lon="-123.467712"></trkpt><trkpt lat="47.403239" lon="-123.467422"></trkpt><trkpt lat="47.403251" lon="-123.467012"></trkpt><trkpt lat="47.403309" lon="-123.466595"></trkpt><trkpt lat="47.403401" lon="-123.466241"></trkpt><trkpt lat="47.403600" lon="-123.466117"></trkpt><trkpt lat="47.403693" lon="-123.466080"></trkpt><trkpt lat="47.404503" lon="-123.465083"></trkpt><trkpt lat="47.404596" lon="-123.464743"></trkpt><trkpt lat="47.404727" lon="-123.464456"></trkpt><trkpt lat="47.404818" lon="-123.464125"></trkpt><trkpt lat="47.404872" lon="-123.463731"></trkpt><trkpt lat="47.404927" lon="-123.463337"></trkpt><trkpt lat="47.404936" lon="-123.462934"></trkpt><trkpt lat="47.404938" lon="-123.462587"></trkpt><trkpt lat="47.404995" lon="-123.462175"></trkpt><trkpt lat="47.405002" lon="-123.461794"></trkpt><trkpt lat="47.405061" lon="-123.461367"></trkpt><trkpt lat="47.405118" lon="-123.460955"></trkpt><trkpt lat="47.405116" lon="-123.460630"></trkpt><trkpt lat="47.405201" lon="-123.460237"></trkpt><trkpt lat="47.405333" lon="-123.459934"></trkpt><trkpt lat="47.405473" lon="-123.459567"></trkpt><trkpt lat="47.405624" lon="-123.459346"></trkpt><trkpt lat="47.405844" lon="-123.459171"></trkpt><trkpt lat="47.405969" lon="-123.458929"></trkpt><trkpt lat="47.406154" lon="-123.458768"></trkpt><trkpt lat="47.406414" lon="-123.458728"></trkpt><trkpt lat="47.406689" lon="-123.458783"></trkpt><trkpt lat="47.406979" lon="-123.458841"></trkpt><trkpt lat="47.407216" lon="-123.458978"></trkpt><trkpt lat="47.407441" lon="-123.459116"></trkpt><trkpt lat="47.407649" lon="-123.459268"></trkpt><trkpt lat="47.407888" lon="-123.459407"></trkpt><trkpt lat="47.407983" lon="-123.459698"></trkpt><trkpt lat="47.408159" lon="-123.459947"></trkpt><trkpt lat="47.408365" lon="-123.460099"></trkpt><trkpt lat="47.408796" lon="-123.460296"></trkpt><trkpt lat="47.409182" lon="-123.460484"></trkpt><trkpt lat="47.409391" lon="-123.460615"></trkpt><trkpt lat="47.409507" lon="-123.460410"></trkpt><trkpt lat="47.409481" lon="-123.460064"></trkpt><trkpt lat="47.409406" lon="-123.459720"></trkpt><trkpt lat="47.409366" lon="-123.459344"></trkpt><trkpt lat="47.409303" lon="-123.458931"></trkpt><trkpt lat="47.409251" lon="-123.458645"></trkpt><trkpt lat="47.409211" lon="-123.458271"></trkpt><trkpt lat="47.409272" lon="-123.457823"></trkpt><trkpt lat="47.409274" lon="-123.457480"></trkpt><trkpt lat="47.409144" lon="-123.457089"></trkpt><trkpt lat="47.409063" lon="-123.456796"></trkpt><trkpt lat="47.409018" lon="-123.456458"></trkpt><trkpt lat="47.409020" lon="-123.456111"></trkpt><trkpt lat="47.409061" lon="-123.455809"></trkpt><trkpt lat="47.409363" lon="-123.455501"></trkpt><trkpt lat="47.409623" lon="-123.455277"></trkpt><trkpt lat="47.409816" lon="-123.455079"></trkpt><trkpt lat="47.409955" lon="-123.454739"></trkpt><trkpt lat="47.410079" lon="-123.454395"></trkpt><trkpt lat="47.410170" lon="-123.454066"></trkpt><trkpt lat="47.410264" lon="-123.453717"></trkpt><trkpt lat="47.410449" lon="-123.453368"></trkpt><trkpt lat="47.410579" lon="-123.453081"></trkpt><trkpt lat="47.410675" lon="-123.452714"></trkpt><trkpt lat="47.410848" lon="-123.452233"></trkpt><trkpt lat="47.410981" lon="-123.451931"></trkpt><trkpt lat="47.411053" lon="-123.451414"></trkpt><trkpt lat="47.411019" lon="-123.451006"></trkpt><trkpt lat="47.411026" lon="-123.450621"></trkpt><trkpt lat="47.411035" lon="-123.450225"></trkpt><trkpt lat="47.411089" lon="-123.449835"></trkpt><trkpt lat="47.410998" lon="-123.449513"></trkpt><trkpt lat="47.410752" lon="-123.449630"></trkpt><trkpt lat="47.410555" lon="-123.449848"></trkpt><trkpt lat="47.410403" lon="-123.450075"></trkpt><trkpt lat="47.410188" lon="-123.450308"></trkpt><trkpt lat="47.409992" lon="-123.450508"></trkpt><trkpt lat="47.409756" lon="-123.450712"></trkpt><trkpt lat="47.409535" lon="-123.450870"></trkpt><trkpt lat="47.409338" lon="-123.451088"></trkpt><trkpt lat="47.409078" lon="-123.451312"></trkpt><trkpt lat="47.408869" lon="-123.451399"></trkpt><trkpt lat="47.408629" lon="-123.451533"></trkpt><trkpt lat="47.408407" lon="-123.451631"></trkpt><trkpt lat="47.408110" lon="-123.451792"></trkpt><trkpt lat="47.407828" lon="-123.451957"></trkpt><trkpt lat="47.407595" lon="-123.452112"></trkpt><trkpt lat="47.407337" lon="-123.452335"></trkpt><trkpt lat="47.407139" lon="-123.452553"></trkpt><trkpt lat="47.406941" lon="-123.452771"></trkpt><trkpt lat="47.406721" lon="-123.452929"></trkpt><trkpt lat="47.406485" lon="-123.453084"></trkpt><trkpt lat="47.406222" lon="-123.453124"></trkpt><trkpt lat="47.405987" lon="-123.453168"></trkpt><trkpt lat="47.405705" lon="-123.453223"></trkpt><trkpt lat="47.405467" lon="-123.453285"></trkpt><trkpt lat="47.405200" lon="-123.453232"></trkpt><trkpt lat="47.404922" lon="-123.453139"></trkpt><trkpt lat="47.404679" lon="-123.452925"></trkpt><trkpt lat="47.404659" lon="-123.452516"></trkpt><trkpt lat="47.404755" lon="-123.452151"></trkpt><trkpt lat="47.404896" lon="-123.451795"></trkpt><trkpt lat="47.404990" lon="-123.451446"></trkpt><trkpt lat="47.404914" lon="-123.450996"></trkpt><trkpt lat="47.404869" lon="-123.450658"></trkpt><trkpt lat="47.404745" lon="-123.450338"></trkpt><trkpt lat="47.404650" lon="-123.450046"></trkpt><trkpt lat="47.404454" lon="-123.449694"></trkpt><trkpt lat="47.404313" lon="-123.449389"></trkpt><trkpt lat="47.404212" lon="-123.449130"></trkpt><trkpt lat="47.404179" lon="-123.448815"></trkpt><trkpt lat="47.404237" lon="-123.448389"></trkpt><trkpt lat="47.404336" lon="-123.448004"></trkpt><trkpt lat="47.404465" lon="-123.447719"></trkpt><trkpt lat="47.404592" lon="-123.447453"></trkpt><trkpt lat="47.405386" lon="-123.443418"></trkpt><trkpt lat="47.407382" lon="-123.439100"></trkpt><trkpt lat="47.407497" lon="-123.437710"></trkpt><trkpt lat="47.408424" lon="-123.434335"></trkpt><trkpt lat="47.410199" lon="-123.431777"></trkpt><trkpt lat="47.412739" lon="-123.429202"></trkpt><trkpt lat="47.414733" lon="-123.428927"></trkpt><trkpt lat="47.415562" lon="-123.427666"></trkpt><trkpt lat="47.417447" lon="-123.429389"></trkpt><trkpt lat="47.419385" lon="-123.430418"></trkpt><trkpt lat="47.420789" lon="-123.432559"></trkpt><trkpt lat="47.421232" lon="-123.432647"></trkpt><trkpt lat="47.421671" lon="-123.432551"></trkpt><trkpt lat="47.422052" lon="-123.432351"></trkpt><trkpt lat="47.422390" lon="-123.432089"></trkpt><trkpt lat="47.422820" lon="-123.431746"></trkpt><trkpt lat="47.423053" lon="-123.431344"></trkpt><trkpt lat="47.423341" lon="-123.430914"></trkpt><trkpt lat="47.423765" lon="-123.430420"></trkpt><trkpt lat="47.424095" lon="-123.430057"></trkpt><trkpt lat="47.424371" lon="-123.429717"></trkpt><trkpt lat="47.424775" lon="-123.429372"></trkpt><trkpt lat="47.425262" lon="-123.428952"></trkpt><trkpt lat="47.425618" lon="-123.428563"></trkpt><trkpt lat="47.425957" lon="-123.428298"></trkpt><trkpt lat="47.426502" lon="-123.428222"></trkpt><trkpt lat="47.426968" lon="-123.427978"></trkpt><trkpt lat="47.427496" lon="-123.427839"></trkpt><trkpt lat="47.427839" lon="-123.427539"></trkpt><trkpt lat="47.428223" lon="-123.427340"></trkpt><trkpt lat="47.428619" lon="-123.427236"></trkpt><trkpt lat="47.429028" lon="-123.427041"></trkpt><trkpt lat="47.429379" lon="-123.426686"></trkpt><trkpt lat="47.429874" lon="-123.426417"></trkpt><trkpt lat="47.430270" lon="-123.426128"></trkpt><trkpt lat="47.430703" lon="-123.426123"></trkpt><trkpt lat="47.431193" lon="-123.426221"></trkpt><trkpt lat="47.431663" lon="-123.426315"></trkpt><trkpt lat="47.432094" lon="-123.426309"></trkpt><trkpt lat="47.432572" lon="-123.426160"></trkpt><trkpt lat="47.432989" lon="-123.425879"></trkpt><trkpt lat="47.433320" lon="-123.425673"></trkpt><trkpt lat="47.433666" lon="-123.425374"></trkpt><trkpt lat="47.433835" lon="-123.424706"></trkpt><trkpt lat="47.434115" lon="-123.424310"></trkpt><trkpt lat="47.434351" lon="-123.423713"></trkpt><trkpt lat="47.434555" lon="-123.423148"></trkpt><trkpt lat="47.434778" lon="-123.422640"></trkpt><trkpt lat="47.435005" lon="-123.422103"></trkpt><trkpt lat="47.435161" lon="-123.421524"></trkpt><trkpt lat="47.435445" lon="-123.421125"></trkpt><trkpt lat="47.435601" lon="-123.420543"></trkpt><trkpt lat="47.435824" lon="-123.420036"></trkpt><trkpt lat="47.436030" lon="-123.419647"></trkpt><trkpt lat="47.436311" lon="-123.419274"></trkpt><trkpt lat="47.436529" lon="-123.418777"></trkpt><trkpt lat="47.436618" lon="-123.418131"></trkpt><trkpt lat="47.436771" lon="-123.417552"></trkpt><trkpt lat="47.436865" lon="-123.416869"></trkpt><trkpt lat="47.436968" lon="-123.416123"></trkpt><trkpt lat="47.436930" lon="-123.415475"></trkpt><trkpt lat="47.436889" lon="-123.414872"></trkpt><trkpt lat="47.436986" lon="-123.414166"></trkpt><trkpt lat="47.436866" lon="-123.413560"></trkpt><trkpt lat="47.436746" lon="-123.412956"></trkpt><trkpt lat="47.436576" lon="-123.412524"></trkpt><trkpt lat="47.436428" lon="-123.411983"></trkpt><trkpt lat="47.436743" lon="-123.411682"></trkpt><trkpt lat="47.436898" lon="-123.411115"></trkpt><trkpt lat="47.436654" lon="-123.410483"></trkpt><trkpt lat="47.436520" lon="-123.409793"></trkpt><trkpt lat="47.436619" lon="-123.409076"></trkpt><trkpt lat="47.436610" lon="-123.408216"></trkpt><trkpt lat="47.436408" lon="-123.407654"></trkpt><trkpt lat="47.436333" lon="-123.407091"></trkpt><trkpt lat="47.436365" lon="-123.406300"></trkpt><trkpt lat="47.436460" lon="-123.405613"></trkpt><trkpt lat="47.436550" lon="-123.404964"></trkpt><trkpt lat="47.436652" lon="-123.404218"></trkpt><trkpt lat="47.436701" lon="-123.403492"></trkpt><trkpt lat="47.436791" lon="-123.402839"></trkpt><trkpt lat="47.436885" lon="-123.402159"></trkpt><trkpt lat="47.436980" lon="-123.401473"></trkpt><trkpt lat="47.437004" lon="-123.400741"></trkpt><trkpt lat="47.437103" lon="-123.400025"></trkpt><trkpt lat="47.437196" lon="-123.399346"></trkpt><trkpt lat="47.437303" lon="-123.398570"></trkpt><trkpt lat="47.437393" lon="-123.397921"></trkpt><trkpt lat="47.437144" lon="-123.397506"></trkpt><trkpt lat="47.436993" lon="-123.396778"></trkpt><trkpt lat="47.436865" lon="-123.396051"></trkpt><trkpt lat="47.436741" lon="-123.395290"></trkpt><trkpt lat="47.436423" lon="-123.394827"></trkpt><trkpt lat="47.435849" lon="-123.394007"></trkpt><trkpt lat="47.435423" lon="-123.393401"></trkpt><trkpt lat="47.435101" lon="-123.392968"></trkpt><trkpt lat="47.434754" lon="-123.392346"></trkpt><trkpt lat="47.434379" lon="-123.391750"></trkpt><trkpt lat="47.434104" lon="-123.391177"></trkpt><trkpt lat="47.433724" lon="-123.390427"></trkpt><trkpt lat="47.433489" lon="-123.389919"></trkpt><trkpt lat="47.433245" lon="-123.389288"></trkpt><trkpt lat="47.433010" lon="-123.388781"></trkpt><trkpt lat="47.432526" lon="-123.387856"></trkpt><trkpt lat="47.432373" lon="-123.387307"></trkpt><trkpt lat="47.432017" lon="-123.386960"></trkpt><trkpt lat="47.431772" lon="-123.386543"></trkpt><trkpt lat="47.431477" lon="-123.386119"></trkpt><trkpt lat="47.430991" lon="-123.386022"></trkpt><trkpt lat="47.430743" lon="-123.385608"></trkpt><trkpt lat="47.430512" lon="-123.385255"></trkpt><trkpt lat="47.430460" lon="-123.384727"></trkpt><trkpt lat="47.430344" lon="-123.384462"></trkpt><trkpt lat="47.426826" lon="-123.372345"></trkpt><trkpt lat="47.427072" lon="-123.370560"></trkpt><trkpt lat="47.425984" lon="-123.366819"></trkpt><trkpt lat="47.423546" lon="-123.359702"></trkpt><trkpt lat="47.422377" lon="-123.352625"></trkpt><trkpt lat="47.422196" lon="-123.351169"></trkpt><trkpt lat="47.418903" lon="-123.345586"></trkpt><trkpt lat="47.416449" lon="-123.340751"></trkpt><trkpt lat="47.417118" lon="-123.336384"></trkpt><trkpt lat="47.415143" lon="-123.334187"></trkpt><trkpt lat="47.414056" lon="-123.331806"></trkpt><trkpt lat="47.413128" lon="-123.328841"></trkpt><trkpt lat="47.411023" lon="-123.325926"></trkpt><trkpt lat="47.409857" lon="-123.325386"></trkpt><trkpt lat="47.408957" lon="-123.322706"></trkpt><trkpt lat="47.407498" lon="-123.321865"></trkpt><trkpt lat="47.406281" lon="-123.322803"></trkpt><trkpt lat="47.404595" lon="-123.322431"></trkpt><trkpt lat="47.403820" lon="-123.317898"></trkpt><trkpt lat="47.399635" lon="-123.314928"></trkpt><trkpt lat="47.392010" lon="-123.313083"></trkpt><trkpt lat="47.390926" lon="-123.312172"></trkpt><trkpt lat="47.386697" lon="-123.311996"></trkpt><trkpt lat="47.384633" lon="-123.313684"></trkpt><trkpt lat="47.383362" lon="-123.314826"></trkpt><trkpt lat="47.382253" lon="-123.320455"></trkpt><trkpt lat="47.381148" lon="-123.323140"></trkpt><trkpt lat="47.380252" lon="-123.323586"></trkpt><trkpt lat="47.378107" lon="-123.326067"></trkpt><trkpt lat="47.377753" lon="-123.326448"></trkpt><trkpt lat="47.377319" lon="-123.326821"></trkpt><trkpt lat="47.376840" lon="-123.327185"></trkpt><trkpt lat="47.376460" lon="-123.327355"></trkpt><trkpt lat="47.376077" lon="-123.327554"></trkpt><trkpt lat="47.375671" lon="-123.327565"></trkpt><trkpt lat="47.375517" lon="-123.327024"></trkpt><trkpt lat="47.375470" lon="-123.326439"></trkpt><trkpt lat="47.375486" lon="-123.325767"></trkpt><trkpt lat="47.375585" lon="-123.325051"></trkpt><trkpt lat="47.375481" lon="-123.324513"></trkpt><trkpt lat="47.375328" lon="-123.323961"></trkpt><trkpt lat="47.375203" lon="-123.323391"></trkpt><trkpt lat="47.375209" lon="-123.322790"></trkpt><trkpt lat="47.375237" lon="-123.322220"></trkpt><trkpt lat="47.375261" lon="-123.321493"></trkpt><trkpt lat="47.375294" lon="-123.320886"></trkpt><trkpt lat="47.375252" lon="-123.320268"></trkpt><trkpt lat="47.375264" lon="-123.319626"></trkpt><trkpt lat="47.375090" lon="-123.319039"></trkpt><trkpt lat="47.374881" lon="-123.318545"></trkpt><trkpt lat="47.374647" lon="-123.318076"></trkpt><trkpt lat="47.374455" lon="-123.317435"></trkpt><trkpt lat="47.374109" lon="-123.316998"></trkpt><trkpt lat="47.373663" lon="-123.316908"></trkpt><trkpt lat="47.373256" lon="-123.316555"></trkpt><trkpt lat="47.373023" lon="-123.316052"></trkpt><trkpt lat="47.372833" lon="-123.315584"></trkpt><trkpt lat="47.372668" lon="-123.315122"></trkpt><trkpt lat="47.372425" lon="-123.314674"></trkpt><trkpt lat="47.371958" lon="-123.314366"></trkpt><trkpt lat="47.371566" lon="-123.314625"></trkpt><trkpt lat="47.371294" lon="-123.314938"></trkpt><trkpt lat="47.370922" lon="-123.315263"></trkpt><trkpt lat="47.370493" lon="-123.315422"></trkpt><trkpt lat="47.370013" lon="-123.315602"></trkpt><trkpt lat="47.369611" lon="-123.315767"></trkpt><trkpt lat="47.369323" lon="-123.316220"></trkpt><trkpt lat="47.369158" lon="-123.316861"></trkpt><trkpt lat="47.369072" lon="-123.316932"></trkpt><trkpt lat="47.362736" lon="-123.323236"></trkpt><trkpt lat="47.361629" lon="-123.323746"></trkpt><trkpt lat="47.361062" lon="-123.323633"></trkpt><trkpt lat="47.360595" lon="-123.323539"></trkpt><trkpt lat="47.360028" lon="-123.323426"></trkpt><trkpt lat="47.359591" lon="-123.323277"></trkpt><trkpt lat="47.359240" lon="-123.322869"></trkpt><trkpt lat="47.358967" lon="-123.322447"></trkpt><trkpt lat="47.358757" lon="-123.321945"></trkpt><trkpt lat="47.358496" lon="-123.321617"></trkpt><trkpt lat="47.358277" lon="-123.321573"></trkpt><trkpt lat="47.357412" lon="-123.320582"></trkpt><trkpt lat="47.356969" lon="-123.320493"></trkpt><trkpt lat="47.356526" lon="-123.320405"></trkpt><trkpt lat="47.356038" lon="-123.320460"></trkpt><trkpt lat="47.355555" lon="-123.320640"></trkpt><trkpt lat="47.355103" lon="-123.320641"></trkpt><trkpt lat="47.354670" lon="-123.320647"></trkpt><trkpt lat="47.354237" lon="-123.320652"></trkpt><trkpt lat="47.353618" lon="-123.320528"></trkpt><trkpt lat="47.353048" lon="-123.320414"></trkpt><trkpt lat="47.352457" lon="-123.320296"></trkpt><trkpt lat="47.352011" lon="-123.320206"></trkpt><trkpt lat="47.351571" lon="-123.320118"></trkpt><trkpt lat="47.351129" lon="-123.320030"></trkpt><trkpt lat="47.350686" lon="-123.319941"></trkpt><trkpt lat="47.349980" lon="-123.319708"></trkpt><trkpt lat="47.349500" lon="-123.319519"></trkpt><trkpt lat="47.349017" lon="-123.319331"></trkpt><trkpt lat="47.348596" lon="-123.319062"></trkpt><trkpt lat="47.348126" lon="-123.318784"></trkpt><trkpt lat="47.347736" lon="-123.318522"></trkpt><trkpt lat="47.347228" lon="-123.318329"></trkpt><trkpt lat="47.346671" lon="-123.317941"></trkpt><trkpt lat="47.346306" lon="-123.317653"></trkpt><trkpt lat="47.345921" lon="-123.317334"></trkpt><trkpt lat="47.345450" lon="-123.317056"></trkpt><trkpt lat="47.345042" lon="-123.316882"></trkpt><trkpt lat="47.344608" lon="-123.316703"></trkpt><trkpt lat="47.344138" lon="-123.316609"></trkpt><trkpt lat="47.343695" lon="-123.316521"></trkpt><trkpt lat="47.343252" lon="-123.316432"></trkpt><trkpt lat="47.342906" lon="-123.316179"></trkpt><trkpt lat="47.342456" lon="-123.315751"></trkpt><trkpt lat="47.342050" lon="-123.315394"></trkpt><trkpt lat="47.341629" lon="-123.315126"></trkpt><trkpt lat="47.341162" lon="-123.314633"></trkpt><trkpt lat="47.340757" lon="-123.314276"></trkpt><trkpt lat="47.340360" lon="-123.313829"></trkpt><trkpt lat="47.339968" lon="-123.313536"></trkpt><trkpt lat="47.339543" lon="-123.313113"></trkpt><trkpt lat="47.338976" lon="-123.312816"></trkpt><trkpt lat="47.338568" lon="-123.312642"></trkpt><trkpt lat="47.338122" lon="-123.312553"></trkpt><trkpt lat="47.337552" lon="-123.312439"></trkpt><trkpt lat="47.337119" lon="-123.312444"></trkpt><trkpt lat="47.336590" lon="-123.312062"></trkpt><trkpt lat="47.336522" lon="-123.311442"></trkpt><trkpt lat="47.336740" lon="-123.310972"></trkpt><trkpt lat="47.337104" lon="-123.310527"></trkpt><trkpt lat="47.337200" lon="-123.309825"></trkpt><trkpt lat="47.337208" lon="-123.309217"></trkpt><trkpt lat="47.337091" lon="-123.308772"></trkpt><trkpt lat="47.337102" lon="-123.308133"></trkpt><trkpt lat="47.337222" lon="-123.307268"></trkpt><trkpt lat="47.337312" lon="-123.306615"></trkpt><trkpt lat="47.337505" lon="-123.306116"></trkpt><trkpt lat="47.337731" lon="-123.305536"></trkpt><trkpt lat="47.338127" lon="-123.305247"></trkpt><trkpt lat="47.338589" lon="-123.305339"></trkpt><trkpt lat="47.339056" lon="-123.305433"></trkpt><trkpt lat="47.339308" lon="-123.305061"></trkpt><trkpt lat="47.339013" lon="-123.304454"></trkpt><trkpt lat="47.338689" lon="-123.304083"></trkpt><trkpt lat="47.338439" lon="-123.303702"></trkpt><trkpt lat="47.338268" lon="-123.303096"></trkpt><trkpt lat="47.338357" lon="-123.302447"></trkpt><trkpt lat="47.338280" lon="-123.301925"></trkpt><trkpt lat="47.338111" lon="-123.301534"></trkpt><trkpt lat="47.337853" lon="-123.301214"></trkpt><trkpt lat="47.337471" lon="-123.300865"></trkpt><trkpt lat="47.337226" lon="-123.300452"></trkpt><trkpt lat="47.337107" lon="-123.299856"></trkpt><trkpt lat="47.336948" lon="-123.299375"></trkpt><trkpt lat="47.336945" lon="-123.298837"></trkpt><trkpt lat="47.336977" lon="-123.298606"></trkpt><trkpt lat="47.337414" lon="-123.294619"></trkpt><trkpt lat="47.338793" lon="-123.292076"></trkpt><trkpt lat="47.338398" lon="-123.291847"></trkpt><trkpt lat="47.338130" lon="-123.291395"></trkpt><trkpt lat="47.337851" lon="-123.291036"></trkpt><trkpt lat="47.337676" lon="-123.290668"></trkpt><trkpt lat="47.337487" lon="-123.290215"></trkpt><trkpt lat="47.337499" lon="-123.289599"></trkpt><trkpt lat="47.337695" lon="-123.289101"></trkpt><trkpt lat="47.337959" lon="-123.288824"></trkpt><trkpt lat="47.338168" lon="-123.288229"></trkpt><trkpt lat="47.338367" lon="-123.287705"></trkpt><trkpt lat="47.338593" lon="-123.287151"></trkpt><trkpt lat="47.338745" lon="-123.286603"></trkpt><trkpt lat="47.338904" lon="-123.286005"></trkpt><trkpt lat="47.339008" lon="-123.285251"></trkpt><trkpt lat="47.338680" lon="-123.284882"></trkpt><trkpt lat="47.338186" lon="-123.284844"></trkpt><trkpt lat="47.337760" lon="-123.284974"></trkpt><trkpt lat="47.337476" lon="-123.285377"></trkpt><trkpt lat="47.337083" lon="-123.285666"></trkpt><trkpt lat="47.336736" lon="-123.285781"></trkpt><trkpt lat="47.336269" lon="-123.285691"></trkpt><trkpt lat="47.335958" lon="-123.285199"></trkpt><trkpt lat="47.335601" lon="-123.284672"></trkpt><trkpt lat="47.335195" lon="-123.284498"></trkpt><trkpt lat="47.334551" lon="-123.284553"></trkpt><trkpt lat="47.334191" lon="-123.284631"></trkpt><trkpt lat="47.333933" lon="-123.284518"></trkpt><trkpt lat="47.333604" lon="-123.284180"></trkpt><trkpt lat="47.333368" lon="-123.283672"></trkpt><trkpt lat="47.333058" lon="-123.283334"></trkpt><trkpt lat="47.332701" lon="-123.283021"></trkpt><trkpt lat="47.332468" lon="-123.282518"></trkpt><trkpt lat="47.332216" lon="-123.282130"></trkpt><trkpt lat="47.331894" lon="-123.281698"></trkpt><trkpt lat="47.331738" lon="-123.281187"></trkpt><trkpt lat="47.331526" lon="-123.280715"></trkpt><trkpt lat="47.331127" lon="-123.280543"></trkpt><trkpt lat="47.326810" lon="-123.279516"></trkpt><trkpt lat="47.326469" lon="-123.279263"></trkpt><trkpt lat="47.326192" lon="-123.278871"></trkpt><trkpt lat="47.325897" lon="-123.278447"></trkpt><trkpt lat="47.325640" lon="-123.278120"></trkpt><trkpt lat="47.325329" lon="-123.277816"></trkpt><trkpt lat="47.325092" lon="-123.277343"></trkpt><trkpt lat="47.324877" lon="-123.276874"></trkpt><trkpt lat="47.324678" lon="-123.276470"></trkpt><trkpt lat="47.324521" lon="-123.275993"></trkpt><trkpt lat="47.324365" lon="-123.275482"></trkpt><trkpt lat="47.324298" lon="-123.274859"></trkpt><trkpt lat="47.324087" lon="-123.274357"></trkpt><trkpt lat="47.323850" lon="-123.273884"></trkpt><trkpt lat="47.323744" lon="-123.273386"></trkpt><trkpt lat="47.323375" lon="-123.272944"></trkpt><trkpt lat="47.323049" lon="-123.272542"></trkpt><trkpt lat="47.322669" lon="-123.272159"></trkpt><trkpt lat="47.322433" lon="-123.271656"></trkpt><trkpt lat="47.322225" lon="-123.271158"></trkpt><trkpt lat="47.321973" lon="-123.270770"></trkpt><trkpt lat="47.321663" lon="-123.270251"></trkpt><trkpt lat="47.321423" lon="-123.269846"></trkpt><trkpt lat="47.321087" lon="-123.269534"></trkpt><trkpt lat="47.320749" lon="-123.269220"></trkpt><trkpt lat="47.320540" lon="-123.269118"></trkpt><trkpt lat="47.319616" lon="-123.263082"></trkpt><trkpt lat="47.317665" lon="-123.258616"></trkpt><trkpt lat="47.316445" lon="-123.257911"></trkpt><trkpt lat="47.315342" lon="-123.252760"></trkpt><trkpt lat="47.315500" lon="-123.251611"></trkpt><trkpt lat="47.312826" lon="-123.242674"></trkpt><trkpt lat="47.311625" lon="-123.240904"></trkpt><trkpt lat="47.312568" lon="-123.226697"></trkpt><trkpt lat="47.314025" lon="-123.224416"></trkpt><trkpt lat="47.314414" lon="-123.224133"></trkpt><trkpt lat="47.314733" lon="-123.223806"></trkpt><trkpt lat="47.315208" lon="-123.223475"></trkpt><trkpt lat="47.315550" lon="-123.223183"></trkpt><trkpt lat="47.315817" lon="-123.222722"></trkpt><trkpt lat="47.316083" lon="-123.222415"></trkpt><trkpt lat="47.316375" lon="-123.221929"></trkpt><trkpt lat="47.316470" lon="-123.221406"></trkpt><trkpt lat="47.316477" lon="-123.220802"></trkpt><trkpt lat="47.316367" lon="-123.220538"></trkpt><trkpt lat="47.316359" lon="-123.207459"></trkpt><trkpt lat="47.316126" lon="-123.207144"></trkpt><trkpt lat="47.315719" lon="-123.207001"></trkpt><trkpt lat="47.315233" lon="-123.206904"></trkpt><trkpt lat="47.314932" lon="-123.206571"></trkpt><trkpt lat="47.314622" lon="-123.206233"></trkpt><trkpt lat="47.314411" lon="-123.205776"></trkpt><trkpt lat="47.314268" lon="-123.205218"></trkpt><trkpt lat="47.313916" lon="-123.204698"></trkpt><trkpt lat="47.313611" lon="-123.204185"></trkpt><trkpt lat="47.313273" lon="-123.203871"></trkpt><trkpt lat="47.313071" lon="-123.203494"></trkpt><trkpt lat="47.312943" lon="-123.202961"></trkpt><trkpt lat="47.312781" lon="-123.202480"></trkpt><trkpt lat="47.312712" lon="-123.201868"></trkpt><trkpt lat="47.312713" lon="-123.186472"></trkpt><trkpt lat="47.312355" lon="-123.186158"></trkpt><trkpt lat="47.311995" lon="-123.185841"></trkpt><trkpt lat="47.311567" lon="-123.185663"></trkpt><trkpt lat="47.311137" lon="-123.185669"></trkpt><trkpt lat="47.310574" lon="-123.185737"></trkpt><trkpt lat="47.310144" lon="-123.185743"></trkpt><trkpt lat="47.302118" lon="-123.185684"></trkpt><trkpt lat="47.301790" lon="-123.185380"></trkpt><trkpt lat="47.301608" lon="-123.184853"></trkpt><trkpt lat="47.301406" lon="-123.184291"></trkpt><trkpt lat="47.301187" lon="-123.183849"></trkpt><trkpt lat="47.301176" lon="-123.183187"></trkpt><trkpt lat="47.301100" lon="-123.182634"></trkpt><trkpt lat="47.301098" lon="-123.182096"></trkpt><trkpt lat="47.301100" lon="-123.181525"></trkpt><trkpt lat="47.300997" lon="-123.181167"></trkpt></trkseg></trk><trk><name>T013 PN935B6</name><trkseg><trkpt lat="47.387245" lon="-123.801057"></trkpt><trkpt lat="47.387188" lon="-123.801467"></trkpt><trkpt lat="47.387057" lon="-123.801751"></trkpt><trkpt lat="47.386850" lon="-123.801931"></trkpt><trkpt lat="47.386608" lon="-123.802046"></trkpt><trkpt lat="47.386291" lon="-123.802146"></trkpt><trkpt lat="47.386050" lon="-123.802245"></trkpt><trkpt lat="47.385783" lon="-123.802302"></trkpt><trkpt lat="47.385534" lon="-123.802470"></trkpt><trkpt lat="47.385292" lon="-123.802680"></trkpt><trkpt lat="47.385076" lon="-123.802912"></trkpt><trkpt lat="47.384930" lon="-123.803306"></trkpt><trkpt lat="47.384876" lon="-123.803701"></trkpt><trkpt lat="47.384822" lon="-123.804094"></trkpt><trkpt lat="47.384820" lon="-123.804444"></trkpt><trkpt lat="47.384760" lon="-123.804873"></trkpt><trkpt lat="47.384553" lon="-123.805050"></trkpt><trkpt lat="47.384316" lon="-123.805222"></trkpt><trkpt lat="47.384108" lon="-123.805399"></trkpt><trkpt lat="47.383942" lon="-123.805715"></trkpt><trkpt lat="47.383776" lon="-123.805937"></trkpt><trkpt lat="47.383652" lon="-123.806188"></trkpt><trkpt lat="47.383548" lon="-123.806609"></trkpt><trkpt lat="47.383494" lon="-123.807003"></trkpt><trkpt lat="47.383439" lon="-123.807397"></trkpt><trkpt lat="47.383481" lon="-123.807755"></trkpt><trkpt lat="47.383573" lon="-123.808086"></trkpt><trkpt lat="47.383622" lon="-123.808386"></trkpt><trkpt lat="47.383617" lon="-123.808751"></trkpt><trkpt lat="47.383560" lon="-123.809163"></trkpt><trkpt lat="47.383432" lon="-123.809432"></trkpt><trkpt lat="47.383189" lon="-123.809530"></trkpt><trkpt lat="47.382982" lon="-123.809632"></trkpt><trkpt lat="47.382776" lon="-123.809811"></trkpt><trkpt lat="47.382509" lon="-123.810089"></trkpt><trkpt lat="47.382224" lon="-123.810271"></trkpt><trkpt lat="47.382031" lon="-123.810453"></trkpt><trkpt lat="47.381826" lon="-123.810725"></trkpt><trkpt lat="47.381573" lon="-123.810895"></trkpt><trkpt lat="47.381308" lon="-123.811045"></trkpt><trkpt lat="47.381056" lon="-123.811104"></trkpt><trkpt lat="47.380784" lon="-123.811197"></trkpt><trkpt lat="47.380450" lon="-123.811296"></trkpt><trkpt lat="47.380190" lon="-123.811299"></trkpt><trkpt lat="47.379900" lon="-123.811296"></trkpt><trkpt lat="47.379640" lon="-123.811299"></trkpt><trkpt lat="47.379404" lon="-123.811363"></trkpt><trkpt lat="47.379146" lon="-123.811366"></trkpt><trkpt lat="47.378864" lon="-123.811420"></trkpt><trkpt lat="47.378583" lon="-123.811474"></trkpt><trkpt lat="47.378326" lon="-123.811459"></trkpt><trkpt lat="47.378079" lon="-123.811502"></trkpt><trkpt lat="47.377760" lon="-123.811493"></trkpt><trkpt lat="47.377525" lon="-123.811649"></trkpt><trkpt lat="47.377272" lon="-123.811819"></trkpt><trkpt lat="47.377069" lon="-123.812073"></trkpt><trkpt lat="47.376866" lon="-123.812327"></trkpt><trkpt lat="47.376706" lon="-123.812607"></trkpt><trkpt lat="47.376535" lon="-123.812849"></trkpt><trkpt lat="47.376329" lon="-123.813121"></trkpt><trkpt lat="47.376077" lon="-123.813291"></trkpt><trkpt lat="47.375800" lon="-123.813530"></trkpt><trkpt lat="47.375535" lon="-123.813679"></trkpt><trkpt lat="47.375292" lon="-123.813794"></trkpt><trkpt lat="47.375062" lon="-123.813914"></trkpt><trkpt lat="47.374804" lon="-123.814009"></trkpt><trkpt lat="47.374447" lon="-123.814288"></trkpt><trkpt lat="47.374136" lon="-123.814556"></trkpt><trkpt lat="47.373866" lon="-123.814742"></trkpt><trkpt lat="47.373650" lon="-123.814974"></trkpt><trkpt lat="47.373425" lon="-123.815169"></trkpt><trkpt lat="47.373155" lon="-123.815354"></trkpt><trkpt lat="47.372895" lon="-123.815578"></trkpt><trkpt lat="47.372636" lon="-123.815802"></trkpt><trkpt lat="47.372400" lon="-123.815957"></trkpt><trkpt lat="47.372108" lon="-123.816193"></trkpt><trkpt lat="47.371849" lon="-123.816417"></trkpt><trkpt lat="47.371556" lon="-123.816653"></trkpt><trkpt lat="47.371343" lon="-123.816776"></trkpt><trkpt lat="47.371123" lon="-123.816934"></trkpt><trkpt lat="47.370878" lon="-123.817051"></trkpt><trkpt lat="47.370640" lon="-123.817224"></trkpt><trkpt lat="47.370395" lon="-123.817449"></trkpt><trkpt lat="47.370168" lon="-123.817661"></trkpt><trkpt lat="47.369955" lon="-123.817876"></trkpt><trkpt lat="47.369695" lon="-123.818100"></trkpt><trkpt lat="47.369459" lon="-123.818287"></trkpt><trkpt lat="47.369249" lon="-123.818485"></trkpt><trkpt lat="47.369009" lon="-123.818676"></trkpt><trkpt lat="47.368841" lon="-123.819008"></trkpt><trkpt lat="47.368786" lon="-123.819402"></trkpt><trkpt lat="47.368730" lon="-123.819812"></trkpt><trkpt lat="47.368671" lon="-123.820241"></trkpt><trkpt lat="47.368540" lon="-123.820634"></trkpt><trkpt lat="47.368301" lon="-123.820749"></trkpt><trkpt lat="47.368004" lon="-123.820690"></trkpt><trkpt lat="47.367692" lon="-123.820628"></trkpt><trkpt lat="47.367400" lon="-123.820569"></trkpt><trkpt lat="47.367130" lon="-123.820644"></trkpt><trkpt lat="47.366863" lon="-123.820701"></trkpt><trkpt lat="47.366558" lon="-123.820695"></trkpt><trkpt lat="47.366276" lon="-123.820749"></trkpt><trkpt lat="47.366023" lon="-123.820809"></trkpt><trkpt lat="47.365661" lon="-123.820736"></trkpt><trkpt lat="47.365394" lon="-123.820683"></trkpt><trkpt lat="47.365128" lon="-123.820629"></trkpt><trkpt lat="47.364786" lon="-123.820561"></trkpt><trkpt lat="47.364483" lon="-123.820556"></trkpt><trkpt lat="47.364248" lon="-123.820619"></trkpt><trkpt lat="47.363975" lon="-123.820728"></trkpt><trkpt lat="47.363730" lon="-123.820844"></trkpt><trkpt lat="47.363462" lon="-123.820901"></trkpt><trkpt lat="47.363252" lon="-123.821098"></trkpt><trkpt lat="47.363051" lon="-123.821224"></trkpt><trkpt lat="47.362883" lon="-123.821448"></trkpt><trkpt lat="47.362633" lon="-123.821600"></trkpt><trkpt lat="47.362489" lon="-123.821884"></trkpt><trkpt lat="47.362249" lon="-123.822185"></trkpt><trkpt lat="47.362103" lon="-123.822467"></trkpt><trkpt lat="47.361910" lon="-123.822665"></trkpt><trkpt lat="47.361742" lon="-123.822889"></trkpt><trkpt lat="47.361581" lon="-123.823170"></trkpt><trkpt lat="47.361337" lon="-123.823413"></trkpt><trkpt lat="47.361069" lon="-123.823396"></trkpt><trkpt lat="47.360921" lon="-123.823152"></trkpt><trkpt lat="47.360881" lon="-123.822776"></trkpt><trkpt lat="47.360743" lon="-123.822588"></trkpt><trkpt lat="47.360567" lon="-123.822336"></trkpt><trkpt lat="47.360383" lon="-123.822134"></trkpt><trkpt lat="47.360108" lon="-123.821913"></trkpt><trkpt lat="47.359883" lon="-123.821813"></trkpt><trkpt lat="47.359572" lon="-123.821861"></trkpt><trkpt lat="47.359343" lon="-123.821981"></trkpt><trkpt lat="47.359111" lon="-123.822026"></trkpt><trkpt lat="47.359060" lon="-123.822071"></trkpt><trkpt lat="47.357668" lon="-123.822751"></trkpt><trkpt lat="47.357387" lon="-123.822805"></trkpt><trkpt lat="47.357199" lon="-123.823062"></trkpt><trkpt lat="47.356939" lon="-123.823286"></trkpt><trkpt lat="47.356679" lon="-123.823510"></trkpt><trkpt lat="47.356407" lon="-123.823713"></trkpt><trkpt lat="47.356182" lon="-123.823908"></trkpt><trkpt lat="47.355966" lon="-123.824140"></trkpt><trkpt lat="47.355761" lon="-123.824412"></trkpt><trkpt lat="47.355558" lon="-123.824666"></trkpt><trkpt lat="47.355343" lon="-123.824899"></trkpt><trkpt lat="47.355100" lon="-123.825108"></trkpt><trkpt lat="47.354885" lon="-123.825341"></trkpt><trkpt lat="47.354586" lon="-123.825630"></trkpt><trkpt lat="47.354318" lon="-123.825908"></trkpt><trkpt lat="47.354103" lon="-123.826141"></trkpt><trkpt lat="47.353900" lon="-123.826395"></trkpt><trkpt lat="47.353660" lon="-123.826602"></trkpt><trkpt lat="47.353430" lon="-123.826942"></trkpt><trkpt lat="47.353207" lon="-123.827229"></trkpt><trkpt lat="47.352937" lon="-123.827414"></trkpt><trkpt lat="47.352729" lon="-123.827594"></trkpt><trkpt lat="47.352501" lon="-123.827806"></trkpt><trkpt lat="47.352304" lon="-123.828024"></trkpt><trkpt lat="47.352098" lon="-123.828295"></trkpt><trkpt lat="47.351962" lon="-123.828618"></trkpt><trkpt lat="47.351838" lon="-123.828961"></trkpt><trkpt lat="47.351740" lon="-123.829346"></trkpt><trkpt lat="47.351608" lon="-123.829633"></trkpt><trkpt lat="47.351485" lon="-123.829976"></trkpt><trkpt lat="47.351364" lon="-123.830295"></trkpt><trkpt lat="47.351170" lon="-123.830401"></trkpt><trkpt lat="47.350937" lon="-123.830462"></trkpt><trkpt lat="47.350688" lon="-123.830523"></trkpt><trkpt lat="47.350353" lon="-123.830622"></trkpt><trkpt lat="47.350056" lon="-123.830783"></trkpt><trkpt lat="47.349740" lon="-123.830977"></trkpt><trkpt lat="47.349537" lon="-123.831231"></trkpt><trkpt lat="47.349344" lon="-123.831411"></trkpt><trkpt lat="47.349131" lon="-123.831513"></trkpt><trkpt lat="47.348896" lon="-123.831669"></trkpt><trkpt lat="47.348653" lon="-123.831786"></trkpt><trkpt lat="47.348462" lon="-123.831950"></trkpt><trkpt lat="47.348257" lon="-123.832111"></trkpt><trkpt lat="47.348043" lon="-123.832250"></trkpt><trkpt lat="47.347822" lon="-123.832316"></trkpt><trkpt lat="47.347534" lon="-123.832314"></trkpt><trkpt lat="47.347287" lon="-123.832448"></trkpt><trkpt lat="47.346925" lon="-123.832634"></trkpt><trkpt lat="47.346712" lon="-123.832849"></trkpt><trkpt lat="47.346500" lon="-123.833064"></trkpt><trkpt lat="47.346331" lon="-123.833398"></trkpt><trkpt lat="47.346114" lon="-123.833759"></trkpt><trkpt lat="47.345898" lon="-123.833992"></trkpt><trkpt lat="47.345619" lon="-123.834139"></trkpt><trkpt lat="47.345329" lon="-123.834246"></trkpt><trkpt lat="47.345059" lon="-123.834431"></trkpt><trkpt lat="47.344817" lon="-123.834641"></trkpt><trkpt lat="47.344584" lon="-123.834888"></trkpt><trkpt lat="47.344351" lon="-123.835026"></trkpt><trkpt lat="47.344127" lon="-123.835142"></trkpt><trkpt lat="47.343944" lon="-123.835361"></trkpt><trkpt lat="47.343746" lon="-123.835579"></trkpt><trkpt lat="47.343505" lon="-123.835694"></trkpt><trkpt lat="47.343190" lon="-123.835889"></trkpt><trkpt lat="47.342942" lon="-123.836055"></trkpt><trkpt lat="47.342781" lon="-123.836334"></trkpt><trkpt lat="47.342613" lon="-123.836558"></trkpt><trkpt lat="47.342415" lon="-123.836776"></trkpt><trkpt lat="47.342408" lon="-123.836827"></trkpt><trkpt lat="47.341405" lon="-123.838806"></trkpt><trkpt lat="47.341264" lon="-123.839162"></trkpt><trkpt lat="47.341096" lon="-123.839497"></trkpt><trkpt lat="47.340928" lon="-123.839718"></trkpt><trkpt lat="47.340822" lon="-123.840047"></trkpt><trkpt lat="47.340706" lon="-123.840334"></trkpt><trkpt lat="47.340530" lon="-123.840610"></trkpt><trkpt lat="47.340409" lon="-123.840935"></trkpt><trkpt lat="47.340243" lon="-123.841153"></trkpt><trkpt lat="47.340240" lon="-123.841511"></trkpt><trkpt lat="47.340265" lon="-123.841884"></trkpt><trkpt lat="47.340337" lon="-123.842248"></trkpt><trkpt lat="47.340317" lon="-123.842612"></trkpt><trkpt lat="47.340332" lon="-123.843057"></trkpt><trkpt lat="47.340414" lon="-123.843460"></trkpt><trkpt lat="47.340393" lon="-123.843838"></trkpt><trkpt lat="47.340428" lon="-123.844135"></trkpt><trkpt lat="47.340608" lon="-123.844369"></trkpt><trkpt lat="47.340694" lon="-123.844625"></trkpt><trkpt lat="47.340791" lon="-123.844919"></trkpt><trkpt lat="47.340904" lon="-123.845307"></trkpt><trkpt lat="47.341045" lon="-123.845611"></trkpt><trkpt lat="47.341167" lon="-123.845948"></trkpt><trkpt lat="47.341256" lon="-123.846297"></trkpt><trkpt lat="47.341293" lon="-123.846691"></trkpt><trkpt lat="47.341318" lon="-123.847064"></trkpt><trkpt lat="47.341357" lon="-123.847434"></trkpt><trkpt lat="47.341345" lon="-123.847852"></trkpt><trkpt lat="47.341390" lon="-123.848192"></trkpt><trkpt lat="47.341415" lon="-123.848566"></trkpt><trkpt lat="47.341438" lon="-123.848952"></trkpt><trkpt lat="47.341362" lon="-123.849284"></trkpt><trkpt lat="47.341171" lon="-123.849449"></trkpt><trkpt lat="47.341010" lon="-123.849729"></trkpt><trkpt lat="47.340889" lon="-123.850055"></trkpt><trkpt lat="47.340795" lon="-123.850404"></trkpt><trkpt lat="47.340633" lon="-123.850625"></trkpt><trkpt lat="47.340555" lon="-123.850970"></trkpt><trkpt lat="47.340681" lon="-123.851247"></trkpt><trkpt lat="47.340827" lon="-123.851513"></trkpt><trkpt lat="47.340769" lon="-123.851941"></trkpt><trkpt lat="47.340712" lon="-123.852348"></trkpt><trkpt lat="47.340948" lon="-123.852504"></trkpt><trkpt lat="47.341032" lon="-123.852773"></trkpt><trkpt lat="47.341055" lon="-123.853142"></trkpt><trkpt lat="47.340989" lon="-123.853625"></trkpt><trkpt lat="47.340922" lon="-123.854109"></trkpt><trkpt lat="47.340868" lon="-123.854503"></trkpt><trkpt lat="47.340811" lon="-123.854912"></trkpt><trkpt lat="47.340757" lon="-123.855306"></trkpt><trkpt lat="47.340698" lon="-123.855736"></trkpt><trkpt lat="47.340641" lon="-123.856148"></trkpt><trkpt lat="47.340687" lon="-123.856452"></trkpt><trkpt lat="47.340633" lon="-123.856846"></trkpt><trkpt lat="47.340579" lon="-123.857240"></trkpt><trkpt lat="47.340519" lon="-123.857669"></trkpt><trkpt lat="47.340463" lon="-123.858081"></trkpt><trkpt lat="47.340379" lon="-123.858469"></trkpt><trkpt lat="47.340325" lon="-123.858861"></trkpt><trkpt lat="47.340506" lon="-123.859082"></trkpt><trkpt lat="47.340608" lon="-123.859341"></trkpt><trkpt lat="47.340867" lon="-123.859430"></trkpt><trkpt lat="47.341125" lon="-123.859537"></trkpt><trkpt lat="47.341400" lon="-123.859647"></trkpt><trkpt lat="47.341679" lon="-123.859703"></trkpt><trkpt lat="47.341986" lon="-123.859911"></trkpt><trkpt lat="47.342241" lon="-123.860055"></trkpt><trkpt lat="47.342486" lon="-123.860159"></trkpt><trkpt lat="47.342735" lon="-123.860319"></trkpt><trkpt lat="47.343062" lon="-123.860385"></trkpt><trkpt lat="47.343357" lon="-123.860444"></trkpt><trkpt lat="47.343624" lon="-123.860497"></trkpt><trkpt lat="47.343808" lon="-123.860803"></trkpt><trkpt lat="47.343909" lon="-123.861063"></trkpt><trkpt lat="47.343826" lon="-123.861444"></trkpt><trkpt lat="47.343658" lon="-123.861668"></trkpt><trkpt lat="47.343480" lon="-123.861978"></trkpt><trkpt lat="47.343425" lon="-123.862372"></trkpt><trkpt lat="47.343368" lon="-123.862791"></trkpt><trkpt lat="47.343181" lon="-123.862954"></trkpt><trkpt lat="47.342906" lon="-123.862898"></trkpt><trkpt lat="47.342581" lon="-123.862833"></trkpt><trkpt lat="47.342317" lon="-123.862781"></trkpt><trkpt lat="47.342022" lon="-123.862721"></trkpt><trkpt lat="47.341754" lon="-123.862668"></trkpt><trkpt lat="47.341474" lon="-123.862612"></trkpt><trkpt lat="47.341178" lon="-123.862553"></trkpt><trkpt lat="47.340916" lon="-123.862500"></trkpt><trkpt lat="47.340721" lon="-123.862714"></trkpt><trkpt lat="47.340585" lon="-123.863037"></trkpt><trkpt lat="47.340501" lon="-123.863425"></trkpt><trkpt lat="47.340543" lon="-123.863758"></trkpt><trkpt lat="47.340484" lon="-123.864183"></trkpt><trkpt lat="47.340423" lon="-123.864629"></trkpt><trkpt lat="47.340287" lon="-123.864949"></trkpt><trkpt lat="47.340111" lon="-123.865226"></trkpt><trkpt lat="47.339947" lon="-123.865447"></trkpt><trkpt lat="47.339895" lon="-123.865492"></trkpt><trkpt lat="47.339471" lon="-123.865979"></trkpt><trkpt lat="47.339330" lon="-123.866335"></trkpt><trkpt lat="47.339137" lon="-123.866628"></trkpt><trkpt lat="47.338959" lon="-123.866923"></trkpt><trkpt lat="47.338835" lon="-123.867267"></trkpt><trkpt lat="47.338741" lon="-123.867616"></trkpt><trkpt lat="47.338610" lon="-123.867902"></trkpt><trkpt lat="47.338551" lon="-123.868330"></trkpt><trkpt lat="47.338649" lon="-123.868607"></trkpt><trkpt lat="47.338770" lon="-123.868834"></trkpt><trkpt lat="47.338813" lon="-123.869172"></trkpt><trkpt lat="47.338807" lon="-123.869536"></trkpt><trkpt lat="47.338511" lon="-123.869693"></trkpt><trkpt lat="47.338255" lon="-123.869805"></trkpt><trkpt lat="47.337975" lon="-123.869952"></trkpt><trkpt lat="47.337719" lon="-123.870048"></trkpt><trkpt lat="47.337536" lon="-123.870377"></trkpt><trkpt lat="47.337358" lon="-123.870673"></trkpt><trkpt lat="47.337232" lon="-123.871034"></trkpt><trkpt lat="47.337136" lon="-123.871401"></trkpt><trkpt lat="47.336970" lon="-123.871717"></trkpt><trkpt lat="47.336792" lon="-123.872013"></trkpt><trkpt lat="47.336614" lon="-123.872308"></trkpt><trkpt lat="47.336416" lon="-123.872637"></trkpt><trkpt lat="47.336317" lon="-123.873022"></trkpt><trkpt lat="47.336176" lon="-123.873270"></trkpt><trkpt lat="47.336000" lon="-123.873563"></trkpt><trkpt lat="47.335795" lon="-123.873835"></trkpt><trkpt lat="47.335696" lon="-123.874220"></trkpt><trkpt lat="47.335510" lon="-123.874570"></trkpt><trkpt lat="47.335312" lon="-123.874898"></trkpt><trkpt lat="47.335179" lon="-123.875202"></trkpt><trkpt lat="47.335119" lon="-123.875632"></trkpt><trkpt lat="47.335053" lon="-123.876116"></trkpt><trkpt lat="47.334932" lon="-123.876441"></trkpt><trkpt lat="47.334754" lon="-123.876737"></trkpt><trkpt lat="47.334632" lon="-123.877062"></trkpt><trkpt lat="47.334454" lon="-123.877358"></trkpt><trkpt lat="47.334249" lon="-123.877629"></trkpt><trkpt lat="47.334083" lon="-123.877946"></trkpt><trkpt lat="47.333861" lon="-123.878232"></trkpt><trkpt lat="47.333648" lon="-123.878447"></trkpt><trkpt lat="47.333546" lon="-123.878850"></trkpt><trkpt lat="47.333368" lon="-123.879146"></trkpt><trkpt lat="47.333235" lon="-123.879561"></trkpt><trkpt lat="47.333101" lon="-123.879865"></trkpt><trkpt lat="47.332973" lon="-123.880245"></trkpt><trkpt lat="47.332918" lon="-123.880638"></trkpt><trkpt lat="47.332743" lon="-123.881026"></trkpt><trkpt lat="47.332582" lon="-123.881307"></trkpt><trkpt lat="47.332478" lon="-123.881615"></trkpt><trkpt lat="47.332293" lon="-123.881868"></trkpt><trkpt lat="47.332149" lon="-123.882146"></trkpt><trkpt lat="47.332090" lon="-123.882576"></trkpt><trkpt lat="47.332034" lon="-123.882985"></trkpt><trkpt lat="47.332128" lon="-123.883296"></trkpt><trkpt lat="47.332329" lon="-123.883502"></trkpt><trkpt lat="47.332460" lon="-123.883768"></trkpt><trkpt lat="47.332626" lon="-123.884114"></trkpt><trkpt lat="47.332780" lon="-123.884439"></trkpt><trkpt lat="47.332946" lon="-123.884785"></trkpt><trkpt lat="47.333065" lon="-123.885138"></trkpt><trkpt lat="47.333251" lon="-123.885451"></trkpt><trkpt lat="47.333429" lon="-123.885818"></trkpt><trkpt lat="47.333588" lon="-123.886107"></trkpt><trkpt lat="47.333687" lon="-123.886385"></trkpt><trkpt lat="47.333866" lon="-123.886752"></trkpt><trkpt lat="47.333844" lon="-123.887134"></trkpt><trkpt lat="47.333789" lon="-123.887528"></trkpt><trkpt lat="47.333765" lon="-123.887928"></trkpt><trkpt lat="47.333760" lon="-123.888295"></trkpt><trkpt lat="47.333755" lon="-123.888662"></trkpt><trkpt lat="47.333701" lon="-123.889054"></trkpt><trkpt lat="47.333739" lon="-123.889114"></trkpt><trkpt lat="47.333708" lon="-123.894257"></trkpt><trkpt lat="47.331264" lon="-123.900581"></trkpt><trkpt lat="47.331587" lon="-123.906450"></trkpt><trkpt lat="47.325021" lon="-123.908183"></trkpt><trkpt lat="47.306588" lon="-123.908967"></trkpt><trkpt lat="47.304131" lon="-123.908585"></trkpt><trkpt lat="47.294474" lon="-123.908552"></trkpt><trkpt lat="47.287766" lon="-123.911462"></trkpt><trkpt lat="47.281693" lon="-123.911019"></trkpt><trkpt lat="47.267255" lon="-123.918469"></trkpt><trkpt lat="47.267471" lon="-123.917417"></trkpt><trkpt lat="47.270187" lon="-123.914522"></trkpt><trkpt lat="47.272034" lon="-123.911644"></trkpt><trkpt lat="47.273584" lon="-123.906125"></trkpt><trkpt lat="47.274958" lon="-123.899920"></trkpt><trkpt lat="47.277563" lon="-123.896404"></trkpt><trkpt lat="47.279238" lon="-123.890772"></trkpt><trkpt lat="47.279869" lon="-123.877881"></trkpt><trkpt lat="47.280578" lon="-123.865866"></trkpt><trkpt lat="47.280872" lon="-123.865065"></trkpt><trkpt lat="47.281010" lon="-123.864727"></trkpt><trkpt lat="47.281175" lon="-123.864412"></trkpt><trkpt lat="47.281379" lon="-123.864239"></trkpt><trkpt lat="47.281596" lon="-123.864101"></trkpt><trkpt lat="47.281760" lon="-123.863899"></trkpt><trkpt lat="47.281952" lon="-123.863719"></trkpt><trkpt lat="47.284617" lon="-123.862414"></trkpt><trkpt lat="47.287450" lon="-123.858859"></trkpt><trkpt lat="47.289693" lon="-123.857726"></trkpt><trkpt lat="47.289886" lon="-123.857513"></trkpt><trkpt lat="47.290102" lon="-123.857281"></trkpt><trkpt lat="47.290310" lon="-123.857083"></trkpt><trkpt lat="47.290481" lon="-123.856841"></trkpt><trkpt lat="47.290699" lon="-123.856590"></trkpt><trkpt lat="47.290831" lon="-123.856295"></trkpt><trkpt lat="47.290904" lon="-123.856095"></trkpt><trkpt lat="47.292055" lon="-123.853613"></trkpt><trkpt lat="47.292773" lon="-123.852827"></trkpt><trkpt lat="47.294776" lon="-123.850772"></trkpt><trkpt lat="47.295790" lon="-123.849183"></trkpt><trkpt lat="47.296498" lon="-123.847451"></trkpt><trkpt lat="47.296531" lon="-123.847208"></trkpt><trkpt lat="47.296560" lon="-123.847000"></trkpt><trkpt lat="47.296590" lon="-123.846783"></trkpt><trkpt lat="47.296624" lon="-123.846539"></trkpt><trkpt lat="47.296652" lon="-123.846331"></trkpt><trkpt lat="47.296678" lon="-123.846141"></trkpt><trkpt lat="47.296633" lon="-123.845965"></trkpt><trkpt lat="47.296566" lon="-123.845728"></trkpt><trkpt lat="47.296479" lon="-123.845516"></trkpt><trkpt lat="47.296411" lon="-123.845344"></trkpt><trkpt lat="47.296389" lon="-123.845165"></trkpt><trkpt lat="47.296391" lon="-123.844981"></trkpt><trkpt lat="47.296329" lon="-123.844820"></trkpt><trkpt lat="47.296305" lon="-123.844657"></trkpt><trkpt lat="47.296331" lon="-123.844467"></trkpt><trkpt lat="47.296310" lon="-123.844336"></trkpt><trkpt lat="47.295315" lon="-123.839557"></trkpt><trkpt lat="47.295418" lon="-123.839310"></trkpt><trkpt lat="47.295452" lon="-123.839066"></trkpt><trkpt lat="47.295512" lon="-123.838800"></trkpt><trkpt lat="47.295599" lon="-123.838613"></trkpt><trkpt lat="47.295647" lon="-123.838436"></trkpt><trkpt lat="47.295688" lon="-123.838249"></trkpt><trkpt lat="47.295758" lon="-123.838078"></trkpt><trkpt lat="47.295819" lon="-123.837913"></trkpt><trkpt lat="47.295913" lon="-123.837737"></trkpt><trkpt lat="47.295999" lon="-123.837598"></trkpt><trkpt lat="47.296141" lon="-123.837571"></trkpt><trkpt lat="47.296281" lon="-123.837497"></trkpt><trkpt lat="47.296408" lon="-123.837420"></trkpt><trkpt lat="47.296528" lon="-123.837388"></trkpt><trkpt lat="47.296677" lon="-123.837418"></trkpt><trkpt lat="47.296808" lon="-123.837417"></trkpt><trkpt lat="47.296845" lon="-123.837425"></trkpt><trkpt lat="47.301064" lon="-123.837017"></trkpt><trkpt lat="47.301563" lon="-123.836793"></trkpt><trkpt lat="47.301674" lon="-123.836657"></trkpt><trkpt lat="47.301809" lon="-123.836517"></trkpt><trkpt lat="47.301925" lon="-123.836401"></trkpt><trkpt lat="47.302041" lon="-123.836229"></trkpt><trkpt lat="47.302143" lon="-123.836110"></trkpt><trkpt lat="47.302263" lon="-123.835911"></trkpt><trkpt lat="47.302353" lon="-123.835761"></trkpt><trkpt lat="47.302412" lon="-123.835608"></trkpt><trkpt lat="47.302520" lon="-123.835444"></trkpt><trkpt lat="47.302605" lon="-123.835331"></trkpt><trkpt lat="47.302674" lon="-123.835168"></trkpt><trkpt lat="47.302757" lon="-123.835008"></trkpt><trkpt lat="47.302839" lon="-123.834851"></trkpt><trkpt lat="47.302843" lon="-123.834825"></trkpt><trkpt lat="47.304285" lon="-123.832916"></trkpt><trkpt lat="47.309534" lon="-123.830566"></trkpt><trkpt lat="47.310683" lon="-123.829757"></trkpt><trkpt lat="47.310773" lon="-123.829608"></trkpt><trkpt lat="47.310862" lon="-123.829459"></trkpt><trkpt lat="47.310947" lon="-123.829346"></trkpt><trkpt lat="47.311051" lon="-123.829256"></trkpt><trkpt lat="47.311111" lon="-123.829103"></trkpt><trkpt lat="47.311197" lon="-123.828973"></trkpt><trkpt lat="47.311201" lon="-123.828946"></trkpt><trkpt lat="47.313077" lon="-123.825736"></trkpt><trkpt lat="47.316395" lon="-123.822757"></trkpt><trkpt lat="47.321967" lon="-123.818714"></trkpt><trkpt lat="47.326584" lon="-123.815529"></trkpt><trkpt lat="47.327510" lon="-123.813457"></trkpt><trkpt lat="47.327608" lon="-123.810766"></trkpt><trkpt lat="47.327847" lon="-123.808811"></trkpt><trkpt lat="47.329276" lon="-123.807509"></trkpt><trkpt lat="47.329570" lon="-123.806046"></trkpt><trkpt lat="47.329672" lon="-123.806122"></trkpt><trkpt lat="47.329712" lon="-123.806276"></trkpt><trkpt lat="47.329757" lon="-123.806453"></trkpt><trkpt lat="47.329806" lon="-123.806602"></trkpt><trkpt lat="47.329867" lon="-123.806772"></trkpt><trkpt lat="47.329839" lon="-123.806971"></trkpt><trkpt lat="47.329811" lon="-123.807179"></trkpt><trkpt lat="47.329850" lon="-123.807401"></trkpt><trkpt lat="47.329847" lon="-123.807586"></trkpt><trkpt lat="47.329820" lon="-123.807784"></trkpt><trkpt lat="47.329750" lon="-123.807956"></trkpt><trkpt lat="47.329683" lon="-123.808110"></trkpt><trkpt lat="47.329635" lon="-123.808286"></trkpt><trkpt lat="47.329566" lon="-123.808449"></trkpt><trkpt lat="47.329484" lon="-123.808710"></trkpt><trkpt lat="47.329454" lon="-123.808927"></trkpt><trkpt lat="47.329424" lon="-123.809144"></trkpt><trkpt lat="47.329396" lon="-123.809352"></trkpt><trkpt lat="47.329363" lon="-123.809587"></trkpt><trkpt lat="47.329378" lon="-123.809813"></trkpt><trkpt lat="47.329422" lon="-123.809999"></trkpt><trkpt lat="47.329434" lon="-123.810194"></trkpt><trkpt lat="47.329524" lon="-123.810379"></trkpt><trkpt lat="47.329644" lon="-123.810515"></trkpt><trkpt lat="47.329719" lon="-123.810642"></trkpt><trkpt lat="47.329783" lon="-123.810849"></trkpt><trkpt lat="47.329873" lon="-123.811035"></trkpt><trkpt lat="47.329932" lon="-123.811223"></trkpt><trkpt lat="47.329980" lon="-123.811437"></trkpt><trkpt lat="47.330002" lon="-123.811609"></trkpt><trkpt lat="47.330039" lon="-123.811793"></trkpt><trkpt lat="47.330098" lon="-123.811981"></trkpt><trkpt lat="47.330113" lon="-123.812207"></trkpt><trkpt lat="47.330158" lon="-123.812384"></trkpt><trkpt lat="47.330224" lon="-123.812574"></trkpt><trkpt lat="47.330322" lon="-123.812705"></trkpt><trkpt lat="47.330383" lon="-123.812875"></trkpt><trkpt lat="47.330424" lon="-123.813078"></trkpt><trkpt lat="47.330437" lon="-123.813267"></trkpt><trkpt lat="47.330424" lon="-123.813469"></trkpt><trkpt lat="47.330420" lon="-123.813672"></trkpt><trkpt lat="47.330359" lon="-123.813835"></trkpt><trkpt lat="47.330217" lon="-123.813909"></trkpt><trkpt lat="47.330129" lon="-123.814057"></trkpt><trkpt lat="47.330007" lon="-123.814153"></trkpt><trkpt lat="47.329896" lon="-123.814233"></trkpt><trkpt lat="47.329750" lon="-123.814287"></trkpt><trkpt lat="47.329657" lon="-123.814399"></trkpt><trkpt lat="47.329564" lon="-123.814575"></trkpt><trkpt lat="47.329457" lon="-123.814731"></trkpt><trkpt lat="47.329296" lon="-123.814949"></trkpt><trkpt lat="47.329266" lon="-123.815166"></trkpt><trkpt lat="47.329238" lon="-123.815375"></trkpt><trkpt lat="47.329228" lon="-123.815558"></trkpt><trkpt lat="47.329224" lon="-123.815753"></trkpt><trkpt lat="47.329242" lon="-123.815961"></trkpt><trkpt lat="47.329232" lon="-123.816200"></trkpt><trkpt lat="47.329197" lon="-123.816454"></trkpt><trkpt lat="47.329193" lon="-123.816648"></trkpt><trkpt lat="47.329211" lon="-123.816844"></trkpt><trkpt lat="47.329155" lon="-123.817083"></trkpt><trkpt lat="47.329124" lon="-123.817309"></trkpt><trkpt lat="47.329121" lon="-123.817504"></trkpt><trkpt lat="47.329138" lon="-123.817712"></trkpt><trkpt lat="47.329150" lon="-123.817965"></trkpt><trkpt lat="47.329200" lon="-123.818161"></trkpt><trkpt lat="47.329264" lon="-123.818369"></trkpt><trkpt lat="47.329260" lon="-123.818563"></trkpt><trkpt lat="47.329271" lon="-123.818761"></trkpt><trkpt lat="47.329268" lon="-123.818953"></trkpt><trkpt lat="47.329234" lon="-123.819197"></trkpt><trkpt lat="47.329249" lon="-123.819423"></trkpt><trkpt lat="47.329288" lon="-123.819701"></trkpt><trkpt lat="47.329254" lon="-123.819945"></trkpt><trkpt lat="47.329272" lon="-123.820153"></trkpt><trkpt lat="47.329287" lon="-123.820379"></trkpt><trkpt lat="47.329299" lon="-123.820576"></trkpt><trkpt lat="47.329295" lon="-123.820771"></trkpt><trkpt lat="47.329265" lon="-123.820987"></trkpt><trkpt lat="47.329221" lon="-123.821309"></trkpt><trkpt lat="47.329165" lon="-123.821549"></trkpt><trkpt lat="47.329112" lon="-123.821761"></trkpt><trkpt lat="47.329071" lon="-123.821948"></trkpt><trkpt lat="47.328973" lon="-123.822152"></trkpt><trkpt lat="47.328921" lon="-123.822364"></trkpt><trkpt lat="47.328877" lon="-123.822569"></trkpt><trkpt lat="47.328829" lon="-123.822755"></trkpt><trkpt lat="47.328780" lon="-123.822940"></trkpt><trkpt lat="47.328709" lon="-123.823121"></trkpt><trkpt lat="47.328681" lon="-123.823320"></trkpt><trkpt lat="47.328535" lon="-123.823540"></trkpt><trkpt lat="47.328446" lon="-123.823689"></trkpt><trkpt lat="47.328402" lon="-123.823894"></trkpt><trkpt lat="47.328372" lon="-123.824111"></trkpt><trkpt lat="47.328345" lon="-123.824310"></trkpt><trkpt lat="47.328363" lon="-123.824509"></trkpt><trkpt lat="47.328356" lon="-123.824730"></trkpt><trkpt lat="47.328328" lon="-123.824929"></trkpt><trkpt lat="47.328276" lon="-123.825142"></trkpt><trkpt lat="47.328211" lon="-123.825333"></trkpt><trkpt lat="47.328162" lon="-123.825519"></trkpt><trkpt lat="47.328114" lon="-123.825704"></trkpt><trkpt lat="47.328046" lon="-123.825858"></trkpt><trkpt lat="47.328013" lon="-123.826100"></trkpt><trkpt lat="47.328009" lon="-123.826295"></trkpt><trkpt lat="47.328043" lon="-123.826497"></trkpt><trkpt lat="47.328088" lon="-123.826673"></trkpt><trkpt lat="47.328130" lon="-123.826876"></trkpt><trkpt lat="47.328156" lon="-123.827077"></trkpt><trkpt lat="47.328215" lon="-123.827265"></trkpt><trkpt lat="47.328234" lon="-123.827463"></trkpt><trkpt lat="47.328226" lon="-123.827684"></trkpt><trkpt lat="47.328292" lon="-123.827939"></trkpt><trkpt lat="47.328365" lon="-123.828130"></trkpt><trkpt lat="47.328437" lon="-123.828284"></trkpt><trkpt lat="47.328484" lon="-123.828498"></trkpt><trkpt lat="47.328503" lon="-123.828697"></trkpt><trkpt lat="47.328547" lon="-123.828883"></trkpt><trkpt lat="47.328619" lon="-123.829036"></trkpt><trkpt lat="47.328683" lon="-123.829169"></trkpt><trkpt lat="47.328807" lon="-123.829247"></trkpt><trkpt lat="47.328862" lon="-123.829338"></trkpt><trkpt lat="47.328857" lon="-123.831079"></trkpt><trkpt lat="47.329245" lon="-123.833022"></trkpt><trkpt lat="47.328954" lon="-123.831022"></trkpt><trkpt lat="47.328817" lon="-123.829250"></trkpt><trkpt lat="47.328418" lon="-123.828236"></trkpt><trkpt lat="47.328451" lon="-123.828002"></trkpt><trkpt lat="47.328438" lon="-123.827813"></trkpt><trkpt lat="47.328392" lon="-123.827646"></trkpt><trkpt lat="47.328315" lon="-123.827529"></trkpt><trkpt lat="47.328284" lon="-123.827367"></trkpt><trkpt lat="47.328267" lon="-123.827206"></trkpt><trkpt lat="47.328277" lon="-123.826969"></trkpt><trkpt lat="47.328264" lon="-123.826780"></trkpt><trkpt lat="47.328232" lon="-123.826625"></trkpt><trkpt lat="47.328208" lon="-123.826462"></trkpt><trkpt lat="47.328164" lon="-123.826277"></trkpt><trkpt lat="47.328118" lon="-123.826110"></trkpt><trkpt lat="47.328069" lon="-123.825962"></trkpt><trkpt lat="47.328045" lon="-123.825802"></trkpt><trkpt lat="47.328525" lon="-123.824035"></trkpt><trkpt lat="47.328564" lon="-123.823750"></trkpt><trkpt lat="47.328638" lon="-123.823434"></trkpt><trkpt lat="47.328755" lon="-123.823249"></trkpt><trkpt lat="47.328841" lon="-123.822996"></trkpt><trkpt lat="47.328904" lon="-123.822763"></trkpt><trkpt lat="47.328942" lon="-123.822489"></trkpt><trkpt lat="47.328986" lon="-123.822166"></trkpt><trkpt lat="47.329024" lon="-123.821892"></trkpt><trkpt lat="47.329096" lon="-123.821587"></trkpt><trkpt lat="47.329134" lon="-123.821312"></trkpt><trkpt lat="47.329170" lon="-123.821050"></trkpt><trkpt lat="47.329208" lon="-123.820775"></trkpt><trkpt lat="47.329278" lon="-123.820495"></trkpt><trkpt lat="47.329314" lon="-123.820232"></trkpt><trkpt lat="47.329340" lon="-123.819820"></trkpt><trkpt lat="47.329315" lon="-123.819558"></trkpt><trkpt lat="47.329265" lon="-123.819327"></trkpt><trkpt lat="47.329279" lon="-123.819084"></trkpt><trkpt lat="47.329259" lon="-123.818786"></trkpt><trkpt lat="47.329298" lon="-123.818499"></trkpt><trkpt lat="47.329278" lon="-123.818201"></trkpt><trkpt lat="47.329250" lon="-123.817962"></trkpt><trkpt lat="47.329218" lon="-123.817747"></trkpt><trkpt lat="47.329192" lon="-123.817497"></trkpt><trkpt lat="47.329199" lon="-123.817230"></trkpt><trkpt lat="47.329219" lon="-123.816939"></trkpt><trkpt lat="47.329224" lon="-123.816682"></trkpt><trkpt lat="47.329260" lon="-123.816420"></trkpt><trkpt lat="47.329299" lon="-123.816135"></trkpt><trkpt lat="47.329304" lon="-123.815878"></trkpt><trkpt lat="47.329288" lon="-123.815629"></trkpt><trkpt lat="47.329294" lon="-123.815361"></trkpt><trkpt lat="47.329299" lon="-123.815104"></trkpt><trkpt lat="47.329365" lon="-123.814848"></trkpt><trkpt lat="47.329483" lon="-123.814652"></trkpt><trkpt lat="47.329637" lon="-123.814572"></trkpt><trkpt lat="47.329805" lon="-123.814459"></trkpt><trkpt lat="47.329951" lon="-123.814353"></trkpt><trkpt lat="47.330088" lon="-123.814245"></trkpt><trkpt lat="47.330226" lon="-123.814126"></trkpt><trkpt lat="47.330374" lon="-123.813936"></trkpt><trkpt lat="47.330454" lon="-123.813719"></trkpt><trkpt lat="47.330498" lon="-123.813400"></trkpt><trkpt lat="47.330503" lon="-123.813143"></trkpt><trkpt lat="47.330455" lon="-123.812900"></trkpt><trkpt lat="47.330396" lon="-123.812668"></trkpt><trkpt lat="47.330277" lon="-123.812423"></trkpt><trkpt lat="47.330230" lon="-123.812168"></trkpt><trkpt lat="47.330158" lon="-123.811884"></trkpt><trkpt lat="47.330110" lon="-123.811641"></trkpt><trkpt lat="47.329999" lon="-123.811410"></trkpt><trkpt lat="47.329883" lon="-123.811215"></trkpt><trkpt lat="47.329816" lon="-123.810969"></trkpt><trkpt lat="47.329797" lon="-123.810732"></trkpt><trkpt lat="47.329720" lon="-123.810483"></trkpt><trkpt lat="47.329601" lon="-123.810239"></trkpt><trkpt lat="47.329490" lon="-123.810082"></trkpt><trkpt lat="47.329470" lon="-123.809785"></trkpt><trkpt lat="47.329479" lon="-123.809494"></trkpt><trkpt lat="47.329519" lon="-123.809209"></trkpt><trkpt lat="47.329560" lon="-123.808910"></trkpt><trkpt lat="47.329566" lon="-123.808641"></trkpt><trkpt lat="47.329604" lon="-123.808368"></trkpt><trkpt lat="47.329640" lon="-123.808110"></trkpt><trkpt lat="47.329773" lon="-123.807942"></trkpt><trkpt lat="47.329897" lon="-123.807775"></trkpt><trkpt lat="47.329960" lon="-123.807542"></trkpt><trkpt lat="47.329957" lon="-123.807411"></trkpt><trkpt lat="47.329821" lon="-123.806793"></trkpt><trkpt lat="47.329859" lon="-123.806520"></trkpt><trkpt lat="47.329896" lon="-123.806247"></trkpt><trkpt lat="47.329831" lon="-123.806051"></trkpt><trkpt lat="47.329696" lon="-123.805852"></trkpt><trkpt lat="47.329567" lon="-123.805679"></trkpt><trkpt lat="47.329514" lon="-123.805486"></trkpt><trkpt lat="47.329517" lon="-123.805241"></trkpt><trkpt lat="47.329489" lon="-123.805004"></trkpt><trkpt lat="47.329478" lon="-123.804931"></trkpt><trkpt lat="47.329238" lon="-123.800498"></trkpt><trkpt lat="47.326786" lon="-123.791626"></trkpt><trkpt lat="47.325786" lon="-123.786755"></trkpt><trkpt lat="47.325825" lon="-123.786470"></trkpt><trkpt lat="47.325716" lon="-123.786154"></trkpt><trkpt lat="47.325596" lon="-123.785921"></trkpt><trkpt lat="47.325435" lon="-123.785680"></trkpt><trkpt lat="47.325282" lon="-123.785539"></trkpt><trkpt lat="47.325148" lon="-123.785402"></trkpt><trkpt lat="47.325038" lon="-123.785245"></trkpt><trkpt lat="47.324874" lon="-123.785102"></trkpt><trkpt lat="47.324699" lon="-123.784969"></trkpt><trkpt lat="47.324536" lon="-123.784825"></trkpt><trkpt lat="47.324362" lon="-123.784680"></trkpt><trkpt lat="47.324228" lon="-123.784543"></trkpt><trkpt lat="47.324043" lon="-123.784481"></trkpt><trkpt lat="47.323860" lon="-123.784408"></trkpt><trkpt lat="47.323673" lon="-123.784371"></trkpt><trkpt lat="47.323480" lon="-123.784307"></trkpt><trkpt lat="47.323322" lon="-123.784202"></trkpt><trkpt lat="47.323124" lon="-123.784089"></trkpt><trkpt lat="47.322906" lon="-123.784045"></trkpt><trkpt lat="47.322728" lon="-123.784010"></trkpt><trkpt lat="47.322550" lon="-123.783974"></trkpt><trkpt lat="47.322386" lon="-123.783904"></trkpt><trkpt lat="47.322183" lon="-123.783827"></trkpt><trkpt lat="47.322008" lon="-123.783694"></trkpt><trkpt lat="47.321836" lon="-123.783635"></trkpt><trkpt lat="47.319099" lon="-123.782696"></trkpt><trkpt lat="47.318942" lon="-123.782521"></trkpt><trkpt lat="47.318815" lon="-123.782336"></trkpt><trkpt lat="47.318691" lon="-123.782127"></trkpt><trkpt lat="47.318542" lon="-123.781876"></trkpt><trkpt lat="47.318385" lon="-123.781686"></trkpt><trkpt lat="47.318181" lon="-123.781546"></trkpt><trkpt lat="47.318006" lon="-123.781413"></trkpt><trkpt lat="47.317818" lon="-123.781228"></trkpt><trkpt lat="47.317646" lon="-123.781071"></trkpt><trkpt lat="47.317482" lon="-123.780928"></trkpt><trkpt lat="47.317327" lon="-123.780799"></trkpt><trkpt lat="47.317188" lon="-123.780698"></trkpt><trkpt lat="47.317038" lon="-123.780560"></trkpt><trkpt lat="47.316917" lon="-123.780475"></trkpt><trkpt lat="47.314662" lon="-123.776633"></trkpt><trkpt lat="47.313035" lon="-123.775437"></trkpt><trkpt lat="47.309562" lon="-123.772821"></trkpt><trkpt lat="47.306844" lon="-123.767495"></trkpt><trkpt lat="47.306889" lon="-123.767174"></trkpt><trkpt lat="47.306928" lon="-123.766888"></trkpt><trkpt lat="47.307019" lon="-123.766673"></trkpt><trkpt lat="47.307222" lon="-123.766529"></trkpt><trkpt lat="47.307395" lon="-123.766380"></trkpt><trkpt lat="47.307576" lon="-123.766245"></trkpt><trkpt lat="47.307688" lon="-123.766097"></trkpt><trkpt lat="47.307758" lon="-123.766026"></trkpt><trkpt lat="47.310273" lon="-123.764826"></trkpt><trkpt lat="47.311017" lon="-123.765230"></trkpt><trkpt lat="47.313424" lon="-123.763975"></trkpt><trkpt lat="47.315147" lon="-123.762331"></trkpt><trkpt lat="47.316398" lon="-123.760204"></trkpt><trkpt lat="47.318760" lon="-123.752275"></trkpt><trkpt lat="47.319511" lon="-123.751887"></trkpt><trkpt lat="47.320731" lon="-123.752215"></trkpt><trkpt lat="47.322777" lon="-123.749976"></trkpt><trkpt lat="47.324096" lon="-123.748589"></trkpt><trkpt lat="47.326019" lon="-123.742315"></trkpt><trkpt lat="47.325651" lon="-123.738342"></trkpt><trkpt lat="47.326484" lon="-123.736872"></trkpt><trkpt lat="47.327879" lon="-123.730514"></trkpt><trkpt lat="47.329087" lon="-123.728360"></trkpt><trkpt lat="47.330703" lon="-123.725910"></trkpt><trkpt lat="47.332732" lon="-123.724691"></trkpt><trkpt lat="47.332786" lon="-123.724299"></trkpt><trkpt lat="47.332845" lon="-123.723870"></trkpt><trkpt lat="47.332699" lon="-123.723491"></trkpt><trkpt lat="47.332549" lon="-123.723263"></trkpt><trkpt lat="47.332333" lon="-123.722944"></trkpt><trkpt lat="47.332154" lon="-123.722708"></trkpt><trkpt lat="47.331962" lon="-123.722451"></trkpt><trkpt lat="47.331781" lon="-123.722212"></trkpt><trkpt lat="47.331647" lon="-123.721964"></trkpt><trkpt lat="47.331603" lon="-123.721624"></trkpt><trkpt lat="47.331661" lon="-123.721199"></trkpt><trkpt lat="47.331621" lon="-123.720823"></trkpt><trkpt lat="47.331602" lon="-123.720414"></trkpt><trkpt lat="47.331658" lon="-123.720006"></trkpt><trkpt lat="47.331756" lon="-123.719623"></trkpt><trkpt lat="47.331967" lon="-123.719316"></trkpt><trkpt lat="47.332165" lon="-123.719098"></trkpt><trkpt lat="47.332385" lon="-123.718829"></trkpt><trkpt lat="47.332632" lon="-123.718584"></trkpt><trkpt lat="47.332892" lon="-123.718360"></trkpt><trkpt lat="47.333077" lon="-123.718017"></trkpt><trkpt lat="47.333213" lon="-123.717695"></trkpt><trkpt lat="47.333327" lon="-123.717423"></trkpt><trkpt lat="47.333465" lon="-123.717085"></trkpt><trkpt lat="47.333643" lon="-123.716790"></trkpt><trkpt lat="47.333737" lon="-123.716440"></trkpt><trkpt lat="47.333826" lon="-123.716127"></trkpt><trkpt lat="47.333884" lon="-123.715706"></trkpt><trkpt lat="47.333978" lon="-123.715357"></trkpt><trkpt lat="47.334161" lon="-123.715025"></trkpt><trkpt lat="47.334381" lon="-123.714757"></trkpt><trkpt lat="47.334469" lon="-123.714450"></trkpt><trkpt lat="47.334565" lon="-123.714085"></trkpt><trkpt lat="47.334620" lon="-123.713691"></trkpt><trkpt lat="47.334708" lon="-123.713379"></trkpt><trkpt lat="47.334839" lon="-123.713093"></trkpt><trkpt lat="47.335030" lon="-123.712912"></trkpt><trkpt lat="47.335162" lon="-123.712831"></trkpt><trkpt lat="47.339136" lon="-123.709860"></trkpt><trkpt lat="47.340986" lon="-123.706048"></trkpt><trkpt lat="47.343733" lon="-123.704630"></trkpt><trkpt lat="47.347160" lon="-123.697817"></trkpt><trkpt lat="47.345921" lon="-123.687659"></trkpt><trkpt lat="47.345628" lon="-123.683859"></trkpt><trkpt lat="47.354176" lon="-123.668675"></trkpt><trkpt lat="47.362509" lon="-123.662478"></trkpt><trkpt lat="47.365826" lon="-123.665480"></trkpt><trkpt lat="47.366159" lon="-123.665395"></trkpt><trkpt lat="47.366360" lon="-123.665235"></trkpt><trkpt lat="47.366416" lon="-123.664828"></trkpt><trkpt lat="47.366472" lon="-123.664427"></trkpt><trkpt lat="47.366350" lon="-123.664115"></trkpt><trkpt lat="47.366230" lon="-123.663780"></trkpt><trkpt lat="47.366135" lon="-123.663489"></trkpt><trkpt lat="47.365986" lon="-123.663241"></trkpt><trkpt lat="47.365993" lon="-123.663187"></trkpt><trkpt lat="47.364377" lon="-123.659317"></trkpt><trkpt lat="47.363378" lon="-123.648398"></trkpt><trkpt lat="47.363476" lon="-123.647685"></trkpt><trkpt lat="47.363566" lon="-123.647036"></trkpt><trkpt lat="47.363846" lon="-123.646666"></trkpt><trkpt lat="47.364242" lon="-123.646377"></trkpt><trkpt lat="47.364621" lon="-123.646184"></trkpt><trkpt lat="47.364993" lon="-123.646075"></trkpt><trkpt lat="47.365463" lon="-123.646169"></trkpt><trkpt lat="47.365971" lon="-123.646178"></trkpt><trkpt lat="47.366441" lon="-123.646273"></trkpt><trkpt lat="47.366834" lon="-123.646167"></trkpt><trkpt lat="47.367211" lon="-123.645998"></trkpt><trkpt lat="47.367694" lon="-123.645818"></trkpt><trkpt lat="47.367937" lon="-123.645506"></trkpt><trkpt lat="47.368064" lon="-123.645117"></trkpt><trkpt lat="47.371862" lon="-123.638950"></trkpt><trkpt lat="47.371911" lon="-123.637910"></trkpt><trkpt lat="47.371934" lon="-123.637741"></trkpt><trkpt lat="47.371986" lon="-123.637577"></trkpt><trkpt lat="47.372008" lon="-123.637418"></trkpt><trkpt lat="47.372026" lon="-123.637283"></trkpt><trkpt lat="47.372044" lon="-123.637158"></trkpt><trkpt lat="47.372062" lon="-123.637023"></trkpt><trkpt lat="47.372118" lon="-123.636895"></trkpt><trkpt lat="47.372163" lon="-123.636782"></trkpt><trkpt lat="47.372208" lon="-123.636668"></trkpt><trkpt lat="47.372275" lon="-123.636490"></trkpt><trkpt lat="47.372334" lon="-123.636380"></trkpt><trkpt lat="47.372418" lon="-123.636298"></trkpt><trkpt lat="47.372536" lon="-123.636241"></trkpt><trkpt lat="47.372616" lon="-123.636187"></trkpt><trkpt lat="47.372691" lon="-123.636132"></trkpt><trkpt lat="47.372779" lon="-123.636086"></trkpt><trkpt lat="47.372887" lon="-123.636038"></trkpt><trkpt lat="47.373007" lon="-123.636009"></trkpt><trkpt lat="47.373105" lon="-123.636012"></trkpt><trkpt lat="47.373194" lon="-123.635995"></trkpt><trkpt lat="47.373297" lon="-123.635981"></trkpt><trkpt lat="47.373403" lon="-123.635949"></trkpt><trkpt lat="47.373511" lon="-123.635936"></trkpt><trkpt lat="47.373614" lon="-123.635922"></trkpt><trkpt lat="47.373708" lon="-123.635900"></trkpt><trkpt lat="47.373799" lon="-123.635866"></trkpt><trkpt lat="47.373904" lon="-123.635836"></trkpt><trkpt lat="47.373984" lon="-123.635782"></trkpt><trkpt lat="47.374081" lon="-123.635743"></trkpt><trkpt lat="47.374158" lon="-123.635707"></trkpt><trkpt lat="47.374292" lon="-123.635681"></trkpt><trkpt lat="47.374383" lon="-123.635648"></trkpt><trkpt lat="47.374469" lon="-123.635583"></trkpt><trkpt lat="47.374557" lon="-123.635537"></trkpt><trkpt lat="47.374635" lon="-123.635500"></trkpt><trkpt lat="47.374712" lon="-123.635464"></trkpt><trkpt lat="47.374786" lon="-123.635420"></trkpt><trkpt lat="47.374893" lon="-123.635372"></trkpt><trkpt lat="47.374973" lon="-123.635318"></trkpt><trkpt lat="47.375037" lon="-123.635238"></trkpt><trkpt lat="47.375103" lon="-123.635141"></trkpt><trkpt lat="47.375146" lon="-123.635045"></trkpt><trkpt lat="47.375197" lon="-123.634951"></trkpt><trkpt lat="47.375239" lon="-123.634855"></trkpt><trkpt lat="47.375324" lon="-123.634767"></trkpt><trkpt lat="47.375384" lon="-123.634681"></trkpt><trkpt lat="47.375413" lon="-123.634571"></trkpt><trkpt lat="47.375431" lon="-123.634441"></trkpt><trkpt lat="47.375431" lon="-123.634336"></trkpt><trkpt lat="47.375439" lon="-123.634210"></trkpt><trkpt lat="47.375425" lon="-123.634103"></trkpt><trkpt lat="47.375433" lon="-123.634043"></trkpt><trkpt lat="47.375568" lon="-123.632894"></trkpt><trkpt lat="47.375585" lon="-123.632770"></trkpt><trkpt lat="47.375606" lon="-123.632617"></trkpt><trkpt lat="47.375630" lon="-123.632448"></trkpt><trkpt lat="47.375653" lon="-123.632278"></trkpt><trkpt lat="47.375674" lon="-123.632125"></trkpt><trkpt lat="47.375694" lon="-123.631984"></trkpt><trkpt lat="47.375738" lon="-123.631871"></trkpt><trkpt lat="47.375783" lon="-123.631758"></trkpt><trkpt lat="47.375842" lon="-123.631677"></trkpt><trkpt lat="47.375879" lon="-123.631580"></trkpt><trkpt lat="47.375943" lon="-123.631436"></trkpt><trkpt lat="47.376000" lon="-123.631331"></trkpt><trkpt lat="47.376046" lon="-123.631208"></trkpt><trkpt lat="47.376090" lon="-123.631095"></trkpt><trkpt lat="47.376128" lon="-123.630992"></trkpt><trkpt lat="47.376171" lon="-123.630896"></trkpt><trkpt lat="47.376196" lon="-123.630785"></trkpt><trkpt lat="47.376228" lon="-123.630658"></trkpt><trkpt lat="47.376287" lon="-123.630507"></trkpt><trkpt lat="47.376317" lon="-123.630391"></trkpt><trkpt lat="47.376352" lon="-123.630241"></trkpt><trkpt lat="47.376381" lon="-123.630107"></trkpt><trkpt lat="47.376398" lon="-123.629977"></trkpt><trkpt lat="47.376431" lon="-123.629845"></trkpt><trkpt lat="47.376472" lon="-123.629725"></trkpt><trkpt lat="47.376490" lon="-123.629595"></trkpt><trkpt lat="47.376508" lon="-123.629465"></trkpt><trkpt lat="47.376527" lon="-123.629324"></trkpt><trkpt lat="47.376518" lon="-123.629182"></trkpt><trkpt lat="47.376539" lon="-123.629030"></trkpt><trkpt lat="47.376556" lon="-123.628905"></trkpt><trkpt lat="47.376563" lon="-123.628780"></trkpt><trkpt lat="47.376581" lon="-123.628654"></trkpt><trkpt lat="47.376682" lon="-123.628657"></trkpt><trkpt lat="47.376785" lon="-123.628642"></trkpt><trkpt lat="47.376879" lon="-123.628661"></trkpt><trkpt lat="47.376960" lon="-123.628660"></trkpt><trkpt lat="47.377060" lon="-123.628663"></trkpt><trkpt lat="47.377152" lon="-123.628629"></trkpt><trkpt lat="47.377238" lon="-123.628594"></trkpt><trkpt lat="47.377328" lon="-123.628577"></trkpt><trkpt lat="47.377431" lon="-123.628528"></trkpt><trkpt lat="47.377508" lon="-123.628491"></trkpt><trkpt lat="47.377592" lon="-123.628479"></trkpt><trkpt lat="47.377670" lon="-123.628425"></trkpt><trkpt lat="47.377760" lon="-123.628363"></trkpt><trkpt lat="47.377845" lon="-123.628345"></trkpt><trkpt lat="47.377949" lon="-123.628319"></trkpt><trkpt lat="47.378036" lon="-123.628319"></trkpt><trkpt lat="47.378113" lon="-123.628317"></trkpt><trkpt lat="47.378168" lon="-123.628410"></trkpt><trkpt lat="47.378244" lon="-123.628477"></trkpt><trkpt lat="47.378313" lon="-123.628572"></trkpt><trkpt lat="47.378354" lon="-123.628662"></trkpt><trkpt lat="47.378366" lon="-123.628780"></trkpt><trkpt lat="47.378363" lon="-123.628908"></trkpt><trkpt lat="47.378401" lon="-123.629055"></trkpt><trkpt lat="47.378422" lon="-123.629181"></trkpt><trkpt lat="47.378474" lon="-123.629330"></trkpt><trkpt lat="47.378443" lon="-123.629446"></trkpt><trkpt lat="47.378397" lon="-123.629576"></trkpt><trkpt lat="47.378362" lon="-123.629721"></trkpt><trkpt lat="47.378323" lon="-123.629829"></trkpt><trkpt lat="47.378305" lon="-123.629965"></trkpt><trkpt lat="47.378285" lon="-123.630106"></trkpt><trkpt lat="47.378266" lon="-123.630242"></trkpt><trkpt lat="47.378240" lon="-123.630364"></trkpt><trkpt lat="47.378179" lon="-123.630491"></trkpt><trkpt lat="47.378146" lon="-123.630624"></trkpt><trkpt lat="47.378099" lon="-123.630754"></trkpt><trkpt lat="47.378057" lon="-123.630850"></trkpt><trkpt lat="47.377991" lon="-123.630947"></trkpt><trkpt lat="47.377915" lon="-123.631042"></trkpt><trkpt lat="47.377850" lon="-123.631128"></trkpt><trkpt lat="47.377780" lon="-123.631218"></trkpt><trkpt lat="47.377689" lon="-123.631252"></trkpt><trkpt lat="47.377589" lon="-123.631313"></trkpt><trkpt lat="47.377470" lon="-123.631377"></trkpt><trkpt lat="47.377376" lon="-123.631428"></trkpt><trkpt lat="47.377263" lon="-123.631451"></trkpt><trkpt lat="47.377171" lon="-123.631485"></trkpt><trkpt lat="47.377085" lon="-123.631485"></trkpt><trkpt lat="47.377003" lon="-123.631481"></trkpt><trkpt lat="47.376914" lon="-123.631497"></trkpt><trkpt lat="47.376832" lon="-123.631498"></trkpt><trkpt lat="47.376722" lon="-123.631493"></trkpt><trkpt lat="47.376622" lon="-123.631520"></trkpt><trkpt lat="47.376551" lon="-123.631581"></trkpt><trkpt lat="47.376483" lon="-123.631655"></trkpt><trkpt lat="47.376427" lon="-123.631748"></trkpt><trkpt lat="47.376375" lon="-123.631842"></trkpt><trkpt lat="47.376319" lon="-123.631936"></trkpt><trkpt lat="47.376265" lon="-123.632047"></trkpt><trkpt lat="47.376236" lon="-123.632192"></trkpt><trkpt lat="47.376214" lon="-123.632344"></trkpt><trkpt lat="47.376207" lon="-123.632498"></trkpt><trkpt lat="47.376189" lon="-123.632628"></trkpt><trkpt lat="47.376218" lon="-123.632732"></trkpt><trkpt lat="47.376261" lon="-123.632840"></trkpt><trkpt lat="47.376297" lon="-123.632963"></trkpt><trkpt lat="47.376339" lon="-123.633075"></trkpt><trkpt lat="47.376384" lon="-123.633171"></trkpt><trkpt lat="47.376447" lon="-123.633236"></trkpt><trkpt lat="47.376506" lon="-123.633300"></trkpt><trkpt lat="47.376632" lon="-123.633326"></trkpt><trkpt lat="47.376730" lon="-123.633345"></trkpt><trkpt lat="47.376843" lon="-123.633368"></trkpt><trkpt lat="47.376930" lon="-123.633368"></trkpt><trkpt lat="47.377037" lon="-123.633360"></trkpt><trkpt lat="47.377154" lon="-123.633349"></trkpt><trkpt lat="47.377273" lon="-123.633320"></trkpt><trkpt lat="47.377418" lon="-123.633299"></trkpt><trkpt lat="47.377553" lon="-123.633256"></trkpt><trkpt lat="47.377715" lon="-123.633236"></trkpt><trkpt lat="47.377806" lon="-123.633208"></trkpt><trkpt lat="47.377911" lon="-123.633177"></trkpt><trkpt lat="47.377998" lon="-123.633142"></trkpt><trkpt lat="47.378090" lon="-123.633108"></trkpt><trkpt lat="47.378191" lon="-123.633070"></trkpt><trkpt lat="47.378271" lon="-123.633016"></trkpt><trkpt lat="47.378368" lon="-123.632972"></trkpt><trkpt lat="47.378447" lon="-123.632919"></trkpt><trkpt lat="47.378538" lon="-123.632884"></trkpt><trkpt lat="47.378632" lon="-123.632833"></trkpt><trkpt lat="47.378694" lon="-123.632795"></trkpt><trkpt lat="47.378780" lon="-123.632765"></trkpt><trkpt lat="47.378860" lon="-123.632711"></trkpt><trkpt lat="47.378925" lon="-123.632661"></trkpt><trkpt lat="47.378979" lon="-123.632575"></trkpt><trkpt lat="47.379032" lon="-123.632504"></trkpt><trkpt lat="47.379100" lon="-123.632401"></trkpt><trkpt lat="47.379138" lon="-123.632294"></trkpt><trkpt lat="47.379156" lon="-123.632164"></trkpt><trkpt lat="47.379160" lon="-123.632035"></trkpt><trkpt lat="47.379162" lon="-123.632019"></trkpt><trkpt lat="47.379593" lon="-123.629558"></trkpt><trkpt lat="47.380013" lon="-123.628535"></trkpt><trkpt lat="47.381444" lon="-123.627059"></trkpt><trkpt lat="47.385021" lon="-123.624665"></trkpt><trkpt lat="47.386176" lon="-123.624307"></trkpt><trkpt lat="47.386789" lon="-123.623395"></trkpt><trkpt lat="47.394178" lon="-123.618688"></trkpt><trkpt lat="47.390952" lon="-123.613281"></trkpt><trkpt lat="47.389329" lon="-123.609819"></trkpt></trkseg></trk><trk><name>T014 PN935B6</name><trkseg><trkpt lat="47.501615" lon="-123.320110"></trkpt><trkpt lat="47.503212" lon="-123.312601"></trkpt><trkpt lat="47.501420" lon="-123.311080"></trkpt><trkpt lat="47.500974" lon="-123.309942"></trkpt><trkpt lat="47.500147" lon="-123.309033"></trkpt><trkpt lat="47.498618" lon="-123.306147"></trkpt><trkpt lat="47.498261" lon="-123.305243"></trkpt><trkpt lat="47.497228" lon="-123.304835"></trkpt><trkpt lat="47.496135" lon="-123.303434"></trkpt><trkpt lat="47.494281" lon="-123.297364"></trkpt><trkpt lat="47.493621" lon="-123.295316"></trkpt><trkpt lat="47.492992" lon="-123.294668"></trkpt><trkpt lat="47.493015" lon="-123.293427"></trkpt><trkpt lat="47.492597" lon="-123.292110"></trkpt><trkpt lat="47.492805" lon="-123.286448"></trkpt><trkpt lat="47.493146" lon="-123.285227"></trkpt><trkpt lat="47.494105" lon="-123.282917"></trkpt><trkpt lat="47.494522" lon="-123.280602"></trkpt><trkpt lat="47.495396" lon="-123.277145"></trkpt><trkpt lat="47.495729" lon="-123.275496"></trkpt><trkpt lat="47.495845" lon="-123.273031"></trkpt><trkpt lat="47.495548" lon="-123.271503"></trkpt><trkpt lat="47.495616" lon="-123.269072"></trkpt><trkpt lat="47.495396" lon="-123.267182"></trkpt><trkpt lat="47.495872" lon="-123.264890"></trkpt><trkpt lat="47.495872" lon="-123.263304"></trkpt><trkpt lat="47.495872" lon="-123.263267"></trkpt><trkpt lat="47.495659" lon="-123.260009"></trkpt><trkpt lat="47.495887" lon="-123.259277"></trkpt><trkpt lat="47.495887" lon="-123.259259"></trkpt><trkpt lat="47.495909" lon="-123.255676"></trkpt><trkpt lat="47.495101" lon="-123.253046"></trkpt><trkpt lat="47.494659" lon="-123.251026"></trkpt><trkpt lat="47.495063" lon="-123.248931"></trkpt><trkpt lat="47.495617" lon="-123.247040"></trkpt><trkpt lat="47.495705" lon="-123.233242"></trkpt><trkpt lat="47.495331" lon="-123.227570"></trkpt><trkpt lat="47.496207" lon="-123.223455"></trkpt><trkpt lat="47.492682" lon="-123.216686"></trkpt><trkpt lat="47.491795" lon="-123.212089"></trkpt><trkpt lat="47.492919" lon="-123.208152"></trkpt><trkpt lat="47.496286" lon="-123.198047"></trkpt><trkpt lat="47.496877" lon="-123.197186"></trkpt><trkpt lat="47.498202" lon="-123.196072"></trkpt><trkpt lat="47.498246" lon="-123.196072"></trkpt><trkpt lat="47.498383" lon="-123.195989"></trkpt><trkpt lat="47.498504" lon="-123.195914"></trkpt><trkpt lat="47.498619" lon="-123.195831"></trkpt><trkpt lat="47.498740" lon="-123.195757"></trkpt><trkpt lat="47.498877" lon="-123.195673"></trkpt><trkpt lat="47.499022" lon="-123.195571"></trkpt><trkpt lat="47.499158" lon="-123.195487"></trkpt><trkpt lat="47.499326" lon="-123.195339"></trkpt><trkpt lat="47.499463" lon="-123.195255"></trkpt><trkpt lat="47.499584" lon="-123.195181"></trkpt><trkpt lat="47.499721" lon="-123.195097"></trkpt><trkpt lat="47.499858" lon="-123.195005"></trkpt><trkpt lat="47.500018" lon="-123.194837"></trkpt><trkpt lat="47.500140" lon="-123.194745"></trkpt><trkpt lat="47.500277" lon="-123.194633"></trkpt><trkpt lat="47.500398" lon="-123.194550"></trkpt><trkpt lat="47.500512" lon="-123.194410"></trkpt><trkpt lat="47.500573" lon="-123.194224"></trkpt><trkpt lat="47.500642" lon="-123.194003"></trkpt><trkpt lat="47.500657" lon="-123.193771"></trkpt><trkpt lat="47.500703" lon="-123.193576"></trkpt><trkpt lat="47.500703" lon="-123.193353"></trkpt><trkpt lat="47.500725" lon="-123.193121"></trkpt><trkpt lat="47.500771" lon="-123.192898"></trkpt><trkpt lat="47.500817" lon="-123.192675"></trkpt><trkpt lat="47.500862" lon="-123.192480"></trkpt><trkpt lat="47.500885" lon="-123.192257"></trkpt><trkpt lat="47.500923" lon="-123.192081"></trkpt><trkpt lat="47.500969" lon="-123.191886"></trkpt><trkpt lat="47.501030" lon="-123.191719"></trkpt><trkpt lat="47.501075" lon="-123.191486"></trkpt><trkpt lat="47.501121" lon="-123.191291"></trkpt><trkpt lat="47.501189" lon="-123.191124"></trkpt><trkpt lat="47.501273" lon="-123.190966"></trkpt><trkpt lat="47.501387" lon="-123.190855"></trkpt><trkpt lat="47.501501" lon="-123.190716"></trkpt><trkpt lat="47.501623" lon="-123.190567"></trkpt><trkpt lat="47.501760" lon="-123.190289"></trkpt><trkpt lat="47.501851" lon="-123.190150"></trkpt><trkpt lat="47.501958" lon="-123.190002"></trkpt><trkpt lat="47.502064" lon="-123.189872"></trkpt><trkpt lat="47.502163" lon="-123.189723"></trkpt><trkpt lat="47.502254" lon="-123.189584"></trkpt><trkpt lat="47.502353" lon="-123.189389"></trkpt><trkpt lat="47.502422" lon="-123.189194"></trkpt><trkpt lat="47.502505" lon="-123.189018"></trkpt><trkpt lat="47.502619" lon="-123.188850"></trkpt><trkpt lat="47.502718" lon="-123.188702"></trkpt><trkpt lat="47.502802" lon="-123.188553"></trkpt><trkpt lat="47.502870" lon="-123.188386"></trkpt><trkpt lat="47.502954" lon="-123.188163"></trkpt><trkpt lat="47.503045" lon="-123.187968"></trkpt><trkpt lat="47.503114" lon="-123.187810"></trkpt><trkpt lat="47.503197" lon="-123.187634"></trkpt><trkpt lat="47.503289" lon="-123.187467"></trkpt><trkpt lat="47.503387" lon="-123.187244"></trkpt><trkpt lat="47.503456" lon="-123.187077"></trkpt><trkpt lat="47.503471" lon="-123.186874"></trkpt><trkpt lat="47.503540" lon="-123.186651"></trkpt><trkpt lat="47.503578" lon="-123.186409"></trkpt><trkpt lat="47.503601" lon="-123.186215"></trkpt><trkpt lat="47.503646" lon="-123.185992"></trkpt><trkpt lat="47.503692" lon="-123.185769"></trkpt><trkpt lat="47.503730" lon="-123.185564"></trkpt><trkpt lat="47.503775" lon="-123.185370"></trkpt><trkpt lat="47.503836" lon="-123.185147"></trkpt><trkpt lat="47.503882" lon="-123.184924"></trkpt><trkpt lat="47.503973" lon="-123.184776"></trkpt><trkpt lat="47.504072" lon="-123.184581"></trkpt><trkpt lat="47.504163" lon="-123.184414"></trkpt><trkpt lat="47.504232" lon="-123.184247"></trkpt><trkpt lat="47.504293" lon="-123.184071"></trkpt><trkpt lat="47.504338" lon="-123.183820"></trkpt><trkpt lat="47.504353" lon="-123.183625"></trkpt><trkpt lat="47.504353" lon="-123.183421"></trkpt><trkpt lat="47.504353" lon="-123.183171"></trkpt><trkpt lat="47.504538" lon="-123.182249"></trkpt><trkpt lat="47.504836" lon="-123.182797"></trkpt><trkpt lat="47.504912" lon="-123.183433"></trkpt><trkpt lat="47.504912" lon="-123.184134"></trkpt><trkpt lat="47.504912" lon="-123.184777"></trkpt><trkpt lat="47.504912" lon="-123.185632"></trkpt><trkpt lat="47.504912" lon="-123.186275"></trkpt><trkpt lat="47.504912" lon="-123.187072"></trkpt><trkpt lat="47.504912" lon="-123.187773"></trkpt><trkpt lat="47.504912" lon="-123.188447"></trkpt><trkpt lat="47.504912" lon="-123.189090"></trkpt><trkpt lat="47.504840" lon="-123.189639"></trkpt><trkpt lat="47.504614" lon="-123.190190"></trkpt><trkpt lat="47.504341" lon="-123.190799"></trkpt><trkpt lat="47.504039" lon="-123.191228"></trkpt><trkpt lat="47.503839" lon="-123.191779"></trkpt><trkpt lat="47.503688" lon="-123.192423"></trkpt><trkpt lat="47.503613" lon="-123.193250"></trkpt><trkpt lat="47.503537" lon="-123.194078"></trkpt><trkpt lat="47.503487" lon="-123.194752"></trkpt><trkpt lat="47.503362" lon="-123.195303"></trkpt><trkpt lat="47.503161" lon="-123.196070"></trkpt><trkpt lat="47.503086" lon="-123.196836"></trkpt><trkpt lat="47.503010" lon="-123.197629"></trkpt><trkpt lat="47.503010" lon="-123.198364"></trkpt><trkpt lat="47.503010" lon="-123.199069"></trkpt><trkpt lat="47.502885" lon="-123.199682"></trkpt><trkpt lat="47.502609" lon="-123.200203"></trkpt><trkpt lat="47.502408" lon="-123.200876"></trkpt><trkpt lat="47.502132" lon="-123.201428"></trkpt><trkpt lat="47.501906" lon="-123.202160"></trkpt><trkpt lat="47.501755" lon="-123.202800"></trkpt><trkpt lat="47.501504" lon="-123.203443"></trkpt><trkpt lat="47.501278" lon="-123.203995"></trkpt><trkpt lat="47.501027" lon="-123.204638"></trkpt><trkpt lat="47.500902" lon="-123.205339"></trkpt><trkpt lat="47.500676" lon="-123.206014"></trkpt><trkpt lat="47.500525" lon="-123.206623"></trkpt><trkpt lat="47.500525" lon="-123.207297"></trkpt><trkpt lat="47.500375" lon="-123.208090"></trkpt><trkpt lat="47.500375" lon="-123.208856"></trkpt><trkpt lat="47.500224" lon="-123.209683"></trkpt><trkpt lat="47.500300" lon="-123.210278"></trkpt><trkpt lat="47.500525" lon="-123.210737"></trkpt><trkpt lat="47.500852" lon="-123.211166"></trkpt><trkpt lat="47.501354" lon="-123.211258"></trkpt><trkpt lat="47.501878" lon="-123.211258"></trkpt><trkpt lat="47.502305" lon="-123.211595"></trkpt><trkpt lat="47.502656" lon="-123.212208"></trkpt><trkpt lat="47.503033" lon="-123.212453"></trkpt><trkpt lat="47.503406" lon="-123.212821"></trkpt><trkpt lat="47.503902" lon="-123.213097"></trkpt><trkpt lat="47.504351" lon="-123.213097"></trkpt><trkpt lat="47.504822" lon="-123.213097"></trkpt><trkpt lat="47.505490" lon="-123.213097"></trkpt><trkpt lat="47.505914" lon="-123.212668"></trkpt><trkpt lat="47.506287" lon="-123.212212"></trkpt><trkpt lat="47.506783" lon="-123.212273"></trkpt><trkpt lat="47.507009" lon="-123.212963"></trkpt><trkpt lat="47.507157" lon="-123.213504"></trkpt><trkpt lat="47.507232" lon="-123.214105"></trkpt><trkpt lat="47.507458" lon="-123.214715"></trkpt><trkpt lat="47.507832" lon="-123.214986"></trkpt><trkpt lat="47.508205" lon="-123.215171"></trkpt><trkpt lat="47.508629" lon="-123.215262"></trkpt><trkpt lat="47.509181" lon="-123.215416"></trkpt><trkpt lat="47.509633" lon="-123.215569"></trkpt><trkpt lat="47.510132" lon="-123.215814"></trkpt><trkpt lat="47.510433" lon="-123.216243"></trkpt><trkpt lat="47.510631" lon="-123.216726"></trkpt><trkpt lat="47.510998" lon="-123.217209"></trkpt><trkpt lat="47.511438" lon="-123.217239"></trkpt><trkpt lat="47.511859" lon="-123.217147"></trkpt><trkpt lat="47.512276" lon="-123.217055"></trkpt><trkpt lat="47.512719" lon="-123.217055"></trkpt><trkpt lat="47.513112" lon="-123.217117"></trkpt><trkpt lat="47.513306" lon="-123.217592"></trkpt><trkpt lat="47.513504" lon="-123.218052"></trkpt><trkpt lat="47.513919" lon="-123.218232"></trkpt><trkpt lat="47.514359" lon="-123.218232"></trkpt><trkpt lat="47.514798" lon="-123.218144"></trkpt><trkpt lat="47.515219" lon="-123.217787"></trkpt><trkpt lat="47.515586" lon="-123.217335"></trkpt><trkpt lat="47.515809" lon="-123.216906"></trkpt><trkpt lat="47.516032" lon="-123.216454"></trkpt><trkpt lat="47.516158" lon="-123.215902"></trkpt><trkpt lat="47.516233" lon="-123.215235"></trkpt><trkpt lat="47.516085" lon="-123.214933"></trkpt><trkpt lat="47.515634" lon="-123.215116"></trkpt><trkpt lat="47.515357" lon="-123.215546"></trkpt><trkpt lat="47.515065" lon="-123.215906"></trkpt><trkpt lat="47.514648" lon="-123.215722"></trkpt><trkpt lat="47.514330" lon="-123.215457"></trkpt><trkpt lat="47.513966" lon="-123.215637"></trkpt><trkpt lat="47.513570" lon="-123.215852"></trkpt><trkpt lat="47.513100" lon="-123.215852"></trkpt><trkpt lat="47.512673" lon="-123.215760"></trkpt><trkpt lat="47.512375" lon="-123.215484"></trkpt><trkpt lat="47.511926" lon="-123.215212"></trkpt><trkpt lat="47.511854" lon="-123.214675"></trkpt><trkpt lat="47.511731" lon="-123.214020"></trkpt><trkpt lat="47.511508" lon="-123.213690"></trkpt><trkpt lat="47.511132" lon="-123.213475"></trkpt><trkpt lat="47.510858" lon="-123.213081"></trkpt><trkpt lat="47.510334" lon="-123.212897"></trkpt><trkpt lat="47.509839" lon="-123.212717"></trkpt><trkpt lat="47.509911" lon="-123.212115"></trkpt><trkpt lat="47.510184" lon="-123.211816"></trkpt><trkpt lat="47.510410" lon="-123.211275"></trkpt><trkpt lat="47.510410" lon="-123.210578"></trkpt><trkpt lat="47.510410" lon="-123.209935"></trkpt><trkpt lat="47.510334" lon="-123.209383"></trkpt><trkpt lat="47.510334" lon="-123.208678"></trkpt><trkpt lat="47.510259" lon="-123.208065"></trkpt><trkpt lat="47.510259" lon="-123.207395"></trkpt><trkpt lat="47.510259" lon="-123.206667"></trkpt><trkpt lat="47.510033" lon="-123.206180"></trkpt><trkpt lat="47.509584" lon="-123.206088"></trkpt><trkpt lat="47.509211" lon="-123.205935"></trkpt><trkpt lat="47.508712" lon="-123.205935"></trkpt><trkpt lat="47.508269" lon="-123.205843"></trkpt><trkpt lat="47.507905" lon="-123.205598"></trkpt><trkpt lat="47.507682" lon="-123.205169"></trkpt><trkpt lat="47.507556" lon="-123.204533"></trkpt><trkpt lat="47.507556" lon="-123.203890"></trkpt><trkpt lat="47.507804" lon="-123.203556"></trkpt><trkpt lat="47.508231" lon="-123.203127"></trkpt><trkpt lat="47.508658" lon="-123.202698"></trkpt><trkpt lat="47.508733" lon="-123.202089"></trkpt><trkpt lat="47.508733" lon="-123.201276"></trkpt><trkpt lat="47.508733" lon="-123.200633"></trkpt><trkpt lat="47.508733" lon="-123.199989"></trkpt><trkpt lat="47.508959" lon="-123.199472"></trkpt><trkpt lat="47.509377" lon="-123.199115"></trkpt><trkpt lat="47.509725" lon="-123.198870"></trkpt><trkpt lat="47.510140" lon="-123.198778"></trkpt><trkpt lat="47.510611" lon="-123.198687"></trkpt><trkpt lat="47.511034" lon="-123.198441"></trkpt><trkpt lat="47.511386" lon="-123.198196"></trkpt><trkpt lat="47.511781" lon="-123.198012"></trkpt><trkpt lat="47.512227" lon="-123.198012"></trkpt><trkpt lat="47.512698" lon="-123.198012"></trkpt><trkpt lat="47.513116" lon="-123.197863"></trkpt><trkpt lat="47.513166" lon="-123.197288"></trkpt><trkpt lat="47.513166" lon="-123.196587"></trkpt><trkpt lat="47.513241" lon="-123.196012"></trkpt><trkpt lat="47.513342" lon="-123.195406"></trkpt><trkpt lat="47.513687" lon="-123.195138"></trkpt><trkpt lat="47.514029" lon="-123.194866"></trkpt><trkpt lat="47.514224" lon="-123.194414"></trkpt><trkpt lat="47.514149" lon="-123.193808"></trkpt><trkpt lat="47.514001" lon="-123.193356"></trkpt><trkpt lat="47.513853" lon="-123.192842"></trkpt><trkpt lat="47.513584" lon="-123.192475"></trkpt><trkpt lat="47.513235" lon="-123.192233"></trkpt><trkpt lat="47.513338" lon="-123.191747"></trkpt><trkpt lat="47.513687" lon="-123.191417"></trkpt><trkpt lat="47.514101" lon="-123.191237"></trkpt><trkpt lat="47.514516" lon="-123.191149"></trkpt><trkpt lat="47.514862" lon="-123.190965"></trkpt><trkpt lat="47.515326" lon="-123.190904"></trkpt><trkpt lat="47.515778" lon="-123.190720"></trkpt><trkpt lat="47.515998" lon="-123.190267"></trkpt><trkpt lat="47.516224" lon="-123.189819"></trkpt><trkpt lat="47.516616" lon="-123.189604"></trkpt><trkpt lat="47.516836" lon="-123.189248"></trkpt><trkpt lat="47.517056" lon="-123.188887"></trkpt><trkpt lat="47.517251" lon="-123.188431"></trkpt><trkpt lat="47.517251" lon="-123.187776"></trkpt><trkpt lat="47.516852" lon="-123.187622"></trkpt><trkpt lat="47.516529" lon="-123.187316"></trkpt><trkpt lat="47.516331" lon="-123.186925"></trkpt><trkpt lat="47.516482" lon="-123.186438"></trkpt><trkpt lat="47.516683" lon="-123.185856"></trkpt><trkpt lat="47.516858" lon="-123.185278"></trkpt><trkpt lat="47.517084" lon="-123.184757"></trkpt><trkpt lat="47.517307" lon="-123.184270"></trkpt><trkpt lat="47.517436" lon="-123.183662"></trkpt><trkpt lat="47.517584" lon="-123.183662"></trkpt><trkpt lat="47.518001" lon="-123.183386"></trkpt><trkpt lat="47.518403" lon="-123.183233"></trkpt><trkpt lat="47.518824" lon="-123.183080"></trkpt><trkpt lat="47.519239" lon="-123.182896"></trkpt><trkpt lat="47.519716" lon="-123.182804"></trkpt><trkpt lat="47.520267" lon="-123.182620"></trkpt><trkpt lat="47.520663" lon="-123.182260"></trkpt><trkpt lat="47.521081" lon="-123.182076"></trkpt><trkpt lat="47.521479" lon="-123.181896"></trkpt><trkpt lat="47.521897" lon="-123.181804"></trkpt><trkpt lat="47.522265" lon="-123.181382"></trkpt><trkpt lat="47.522491" lon="-123.180957"></trkpt><trkpt lat="47.522340" lon="-123.180382"></trkpt><trkpt lat="47.522039" lon="-123.180114"></trkpt><trkpt lat="47.521721" lon="-123.179872"></trkpt><trkpt lat="47.521794" lon="-123.179255"></trkpt><trkpt lat="47.522016" lon="-123.178826"></trkpt><trkpt lat="47.522092" lon="-123.178189"></trkpt><trkpt lat="47.522092" lon="-123.177510"></trkpt><trkpt lat="47.522167" lon="-123.176977"></trkpt><trkpt lat="47.522513" lon="-123.176648"></trkpt><trkpt lat="47.522764" lon="-123.176188"></trkpt><trkpt lat="47.522911" lon="-123.175682"></trkpt><trkpt lat="47.522861" lon="-123.175003"></trkpt><trkpt lat="47.522635" lon="-123.174612"></trkpt><trkpt lat="47.522315" lon="-123.174251"></trkpt><trkpt lat="47.522164" lon="-123.173657"></trkpt><trkpt lat="47.522164" lon="-123.172906"></trkpt><trkpt lat="47.522089" lon="-123.172239"></trkpt><trkpt lat="47.521668" lon="-123.171902"></trkpt><trkpt lat="47.521248" lon="-123.171810"></trkpt><trkpt lat="47.520799" lon="-123.171718"></trkpt><trkpt lat="47.520375" lon="-123.171626"></trkpt><trkpt lat="47.519976" lon="-123.171446"></trkpt><trkpt lat="47.519487" lon="-123.171357"></trkpt><trkpt lat="47.519060" lon="-123.171266"></trkpt><trkpt lat="47.518733" lon="-123.170929"></trkpt><trkpt lat="47.518611" lon="-123.170408"></trkpt><trkpt lat="47.518831" lon="-123.169864"></trkpt><trkpt lat="47.519079" lon="-123.169465"></trkpt><trkpt lat="47.519302" lon="-123.169009"></trkpt><trkpt lat="47.519302" lon="-123.168323"></trkpt><trkpt lat="47.519057" lon="-123.167779"></trkpt><trkpt lat="47.518686" lon="-123.167510"></trkpt><trkpt lat="47.518249" lon="-123.167334"></trkpt><trkpt lat="47.517929" lon="-123.166885"></trkpt><trkpt lat="47.517782" lon="-123.166348"></trkpt><trkpt lat="47.517631" lon="-123.165842"></trkpt><trkpt lat="47.517336" lon="-123.165512"></trkpt><trkpt lat="47.516959" lon="-123.165145"></trkpt><trkpt lat="47.516360" lon="-123.164869"></trkpt><trkpt lat="47.515833" lon="-123.164532"></trkpt><trkpt lat="47.515309" lon="-123.164440"></trkpt><trkpt lat="47.514885" lon="-123.164256"></trkpt><trkpt lat="47.514810" lon="-123.163692"></trkpt><trkpt lat="47.514957" lon="-123.163183"></trkpt><trkpt lat="47.515359" lon="-123.162938"></trkpt><trkpt lat="47.515861" lon="-123.162600"></trkpt><trkpt lat="47.516137" lon="-123.162233"></trkpt><trkpt lat="47.516360" lon="-123.161807"></trkpt><trkpt lat="47.516661" lon="-123.161382"></trkpt><trkpt lat="47.516937" lon="-123.160953"></trkpt><trkpt lat="47.517235" lon="-123.160593"></trkpt><trkpt lat="47.517461" lon="-123.160164"></trkpt><trkpt lat="47.517756" lon="-123.159711"></trkpt><trkpt lat="47.518202" lon="-123.159623"></trkpt><trkpt lat="47.518686" lon="-123.159531"></trkpt><trkpt lat="47.519138" lon="-123.159470"></trkpt><trkpt lat="47.519386" lon="-123.159140"></trkpt><trkpt lat="47.519681" lon="-123.158630"></trkpt><trkpt lat="47.519957" lon="-123.158266"></trkpt><trkpt lat="47.520284" lon="-123.158055"></trkpt><trkpt lat="47.520500" lon="-123.157642"></trkpt><trkpt lat="47.520500" lon="-123.156989"></trkpt><trkpt lat="47.520500" lon="-123.156276"></trkpt><trkpt lat="47.520773" lon="-123.155789"></trkpt><trkpt lat="47.520874" lon="-123.155214"></trkpt><trkpt lat="47.521075" lon="-123.154735"></trkpt><trkpt lat="47.521200" lon="-123.154191"></trkpt><trkpt lat="47.521326" lon="-123.153670"></trkpt><trkpt lat="47.521627" lon="-123.153272"></trkpt><trkpt lat="47.521925" lon="-123.152904"></trkpt><trkpt lat="47.522321" lon="-123.152571"></trkpt><trkpt lat="47.522716" lon="-123.152391"></trkpt><trkpt lat="47.523218" lon="-123.152207"></trkpt><trkpt lat="47.523645" lon="-123.152054"></trkpt><trkpt lat="47.524097" lon="-123.151962"></trkpt><trkpt lat="47.524423" lon="-123.151594"></trkpt><trkpt lat="47.524724" lon="-123.151234"></trkpt><trkpt lat="47.524922" lon="-123.150720"></trkpt><trkpt lat="47.525198" lon="-123.150383"></trkpt><trkpt lat="47.525474" lon="-123.149985"></trkpt><trkpt lat="47.525873" lon="-123.149685"></trkpt><trkpt lat="47.526146" lon="-123.149417"></trkpt><trkpt lat="47.526297" lon="-123.148996"></trkpt><trkpt lat="47.526441" lon="-123.148516"></trkpt><trkpt lat="47.526542" lon="-123.148006"></trkpt><trkpt lat="47.526764" lon="-123.147650"></trkpt><trkpt lat="47.526915" lon="-123.147140"></trkpt><trkpt lat="47.527066" lon="-123.146711"></trkpt><trkpt lat="47.527367" lon="-123.146286"></trkpt><trkpt lat="47.527790" lon="-123.146102"></trkpt><trkpt lat="47.528293" lon="-123.146102"></trkpt><trkpt lat="47.528569" lon="-123.146531"></trkpt><trkpt lat="47.528820" lon="-123.147017"></trkpt><trkpt lat="47.529121" lon="-123.147355"></trkpt><trkpt lat="47.529347" lon="-123.147906"></trkpt><trkpt lat="47.529469" lon="-123.148511"></trkpt><trkpt lat="47.529620" lon="-123.149063"></trkpt><trkpt lat="47.529921" lon="-123.149492"></trkpt><trkpt lat="47.530172" lon="-123.149921"></trkpt><trkpt lat="47.530473" lon="-123.150377"></trkpt><trkpt lat="47.530699" lon="-123.150806"></trkpt><trkpt lat="47.531051" lon="-123.151419"></trkpt><trkpt lat="47.531327" lon="-123.151756"></trkpt><trkpt lat="47.531775" lon="-123.152120"></trkpt><trkpt lat="47.532303" lon="-123.152488"></trkpt><trkpt lat="47.532720" lon="-123.152549"></trkpt><trkpt lat="47.533154" lon="-123.152461"></trkpt><trkpt lat="47.533553" lon="-123.152369"></trkpt><trkpt lat="47.533942" lon="-123.152280"></trkpt><trkpt lat="47.534268" lon="-123.152097"></trkpt><trkpt lat="47.534670" lon="-123.152005"></trkpt><trkpt lat="47.535072" lon="-123.151821"></trkpt><trkpt lat="47.535470" lon="-123.151579"></trkpt><trkpt lat="47.535542" lon="-123.150954"></trkpt><trkpt lat="47.535618" lon="-123.150280"></trkpt><trkpt lat="47.535888" lon="-123.149947"></trkpt><trkpt lat="47.536331" lon="-123.150069"></trkpt><trkpt lat="47.536406" lon="-123.150801"></trkpt><trkpt lat="47.536729" lon="-123.151043"></trkpt><trkpt lat="47.537002" lon="-123.150621"></trkpt><trkpt lat="47.537429" lon="-123.150621"></trkpt><trkpt lat="47.537705" lon="-123.150989"></trkpt><trkpt lat="47.537928" lon="-123.151502"></trkpt><trkpt lat="47.538076" lon="-123.152097"></trkpt><trkpt lat="47.538226" lon="-123.152587"></trkpt><trkpt lat="47.538301" lon="-123.153227"></trkpt><trkpt lat="47.538301" lon="-123.153870"></trkpt><trkpt lat="47.538352" lon="-123.154503"></trkpt><trkpt lat="47.538427" lon="-123.155269"></trkpt><trkpt lat="47.538578" lon="-123.155694"></trkpt><trkpt lat="47.538703" lon="-123.156276"></trkpt><trkpt lat="47.538854" lon="-123.156889"></trkpt><trkpt lat="47.538926" lon="-123.157529"></trkpt><trkpt lat="47.539224" lon="-123.157950"></trkpt><trkpt lat="47.539573" lon="-123.158288"></trkpt><trkpt lat="47.539924" lon="-123.158563"></trkpt><trkpt lat="47.540292" lon="-123.158835"></trkpt><trkpt lat="47.540754" lon="-123.158835"></trkpt><trkpt lat="47.541177" lon="-123.158682"></trkpt><trkpt lat="47.541598" lon="-123.158471"></trkpt><trkpt lat="47.541899" lon="-123.158012"></trkpt><trkpt lat="47.542097" lon="-123.157379"></trkpt><trkpt lat="47.542247" lon="-123.156766"></trkpt><trkpt lat="47.542546" lon="-123.156433"></trkpt><trkpt lat="47.542997" lon="-123.156249"></trkpt><trkpt lat="47.543440" lon="-123.156341"></trkpt><trkpt lat="47.543763" lon="-123.156525"></trkpt><trkpt lat="47.544212" lon="-123.156525"></trkpt><trkpt lat="47.544561" lon="-123.156157"></trkpt><trkpt lat="47.544859" lon="-123.155824"></trkpt><trkpt lat="47.545229" lon="-123.155548"></trkpt><trkpt lat="47.545641" lon="-123.155698"></trkpt><trkpt lat="47.546062" lon="-123.155881"></trkpt><trkpt lat="47.546864" lon="-123.156562"></trkpt><trkpt lat="47.546953" lon="-123.156562"></trkpt><trkpt lat="47.547120" lon="-123.156599"></trkpt><trkpt lat="47.547301" lon="-123.156624"></trkpt><trkpt lat="47.547511" lon="-123.156697"></trkpt><trkpt lat="47.547722" lon="-123.156734"></trkpt><trkpt lat="47.547842" lon="-123.156844"></trkpt><trkpt lat="47.548013" lon="-123.156906"></trkpt><trkpt lat="47.548183" lon="-123.157004"></trkpt><trkpt lat="47.548364" lon="-123.157114"></trkpt><trkpt lat="47.548645" lon="-123.157188"></trkpt><trkpt lat="47.548845" lon="-123.157188"></trkpt><trkpt lat="47.549046" lon="-123.157188"></trkpt><trkpt lat="47.549245" lon="-123.157188"></trkpt><trkpt lat="47.549486" lon="-123.157151"></trkpt><trkpt lat="47.549715" lon="-123.157151"></trkpt><trkpt lat="47.549895" lon="-123.157151"></trkpt><trkpt lat="47.550104" lon="-123.157115"></trkpt><trkpt lat="47.550295" lon="-123.157115"></trkpt><trkpt lat="47.550471" lon="-123.157115"></trkpt><trkpt lat="47.550650" lon="-123.157115"></trkpt><trkpt lat="47.550841" lon="-123.157079"></trkpt><trkpt lat="47.551010" lon="-123.156968"></trkpt><trkpt lat="47.551161" lon="-123.156846"></trkpt><trkpt lat="47.551342" lon="-123.156772"></trkpt><trkpt lat="47.551512" lon="-123.156711"></trkpt><trkpt lat="47.551703" lon="-123.156637"></trkpt><trkpt lat="47.551914" lon="-123.156637"></trkpt><trkpt lat="47.552135" lon="-123.156637"></trkpt><trkpt lat="47.552306" lon="-123.156601"></trkpt><trkpt lat="47.552454" lon="-123.156529"></trkpt><trkpt lat="47.552630" lon="-123.156493"></trkpt><trkpt lat="47.552810" lon="-123.156493"></trkpt><trkpt lat="47.552956" lon="-123.156421"></trkpt><trkpt lat="47.553137" lon="-123.156385"></trkpt><trkpt lat="47.553348" lon="-123.156360"></trkpt><trkpt lat="47.553508" lon="-123.156286"></trkpt><trkpt lat="47.553669" lon="-123.156213"></trkpt><trkpt lat="47.553830" lon="-123.156103"></trkpt><trkpt lat="47.554010" lon="-123.156029"></trkpt><trkpt lat="47.554201" lon="-123.155931"></trkpt><trkpt lat="47.554362" lon="-123.155796"></trkpt><trkpt lat="47.554532" lon="-123.155661"></trkpt><trkpt lat="47.554673" lon="-123.155588"></trkpt><trkpt lat="47.554824" lon="-123.155453"></trkpt><trkpt lat="47.554964" lon="-123.155343"></trkpt><trkpt lat="47.555105" lon="-123.155220"></trkpt><trkpt lat="47.555244" lon="-123.155099"></trkpt><trkpt lat="47.555323" lon="-123.154921"></trkpt><trkpt lat="47.555434" lon="-123.154725"></trkpt><trkpt lat="47.555534" lon="-123.154492"></trkpt><trkpt lat="47.555685" lon="-123.154345"></trkpt><trkpt lat="47.555755" lon="-123.154124"></trkpt><trkpt lat="47.555844" lon="-123.153943"></trkpt><trkpt lat="47.555923" lon="-123.153724"></trkpt><trkpt lat="47.555983" lon="-123.153479"></trkpt><trkpt lat="47.556014" lon="-123.153188"></trkpt><trkpt lat="47.555993" lon="-123.152895"></trkpt><trkpt lat="47.555903" lon="-123.152638"></trkpt><trkpt lat="47.555853" lon="-123.152368"></trkpt><trkpt lat="47.555853" lon="-123.152074"></trkpt><trkpt lat="47.555803" lon="-123.151804"></trkpt><trkpt lat="47.555803" lon="-123.151535"></trkpt><trkpt lat="47.555803" lon="-123.151204"></trkpt><trkpt lat="47.555833" lon="-123.150962"></trkpt><trkpt lat="47.555833" lon="-123.150681"></trkpt><trkpt lat="47.555833" lon="-123.150402"></trkpt><trkpt lat="47.555773" lon="-123.150182"></trkpt><trkpt lat="47.555712" lon="-123.149936"></trkpt><trkpt lat="47.555632" lon="-123.149704"></trkpt><trkpt lat="47.555592" lon="-123.149461"></trkpt><trkpt lat="47.555483" lon="-123.149267"></trkpt><trkpt lat="47.555372" lon="-123.149083"></trkpt><trkpt lat="47.555263" lon="-123.148948"></trkpt><trkpt lat="47.555144" lon="-123.148741"></trkpt><trkpt lat="47.554993" lon="-123.148533"></trkpt><trkpt lat="47.554883" lon="-123.148300"></trkpt><trkpt lat="47.554782" lon="-123.148116"></trkpt><trkpt lat="47.554662" lon="-123.147981"></trkpt><trkpt lat="47.554551" lon="-123.147834"></trkpt><trkpt lat="47.554431" lon="-123.147736"></trkpt><trkpt lat="47.554330" lon="-123.147613"></trkpt><trkpt lat="47.554163" lon="-123.147517"></trkpt><trkpt lat="47.553976" lon="-123.147480"></trkpt><trkpt lat="47.553917" lon="-123.147299"></trkpt><trkpt lat="47.553887" lon="-123.147057"></trkpt><trkpt lat="47.553857" lon="-123.146839"></trkpt><trkpt lat="47.553768" lon="-123.146620"></trkpt><trkpt lat="47.553677" lon="-123.146449"></trkpt><trkpt lat="47.553567" lon="-123.146338"></trkpt><trkpt lat="47.553507" lon="-123.146144"></trkpt><trkpt lat="47.553507" lon="-123.145871"></trkpt><trkpt lat="47.553477" lon="-123.145653"></trkpt><trkpt lat="47.553416" lon="-123.145457"></trkpt><trkpt lat="47.553307" lon="-123.145323"></trkpt><trkpt lat="47.553169" lon="-123.145132"></trkpt><trkpt lat="47.553060" lon="-123.144999"></trkpt><trkpt lat="47.553030" lon="-123.144729"></trkpt><trkpt lat="47.553089" lon="-123.144536"></trkpt><trkpt lat="47.553259" lon="-123.144511"></trkpt><trkpt lat="47.553425" lon="-123.144583"></trkpt><trkpt lat="47.553566" lon="-123.144681"></trkpt><trkpt lat="47.553656" lon="-123.144828"></trkpt><trkpt lat="47.553767" lon="-123.144963"></trkpt><trkpt lat="47.553867" lon="-123.145122"></trkpt><trkpt lat="47.554007" lon="-123.145331"></trkpt><trkpt lat="47.554118" lon="-123.145466"></trkpt><trkpt lat="47.554218" lon="-123.145588"></trkpt><trkpt lat="47.554336" lon="-123.145769"></trkpt><trkpt lat="47.554467" lon="-123.145953"></trkpt><trkpt lat="47.554587" lon="-123.146209"></trkpt><trkpt lat="47.554890" lon="-123.146408"></trkpt><trkpt lat="47.554939" lon="-123.146433"></trkpt><trkpt lat="47.555057" lon="-123.146565"></trkpt><trkpt lat="47.555186" lon="-123.146661"></trkpt><trkpt lat="47.555373" lon="-123.146661"></trkpt><trkpt lat="47.555564" lon="-123.146661"></trkpt><trkpt lat="47.555712" lon="-123.146735"></trkpt><trkpt lat="47.555822" lon="-123.146845"></trkpt><trkpt lat="47.555962" lon="-123.146956"></trkpt><trkpt lat="47.556109" lon="-123.147029"></trkpt><trkpt lat="47.556320" lon="-123.147029"></trkpt><trkpt lat="47.556486" lon="-123.147005"></trkpt><trkpt lat="47.556644" lon="-123.146980"></trkpt><trkpt lat="47.556785" lon="-123.146907"></trkpt><trkpt lat="47.556925" lon="-123.146796"></trkpt><trkpt lat="47.557116" lon="-123.146735"></trkpt><trkpt lat="47.557304" lon="-123.146772"></trkpt><trkpt lat="47.557465" lon="-123.146882"></trkpt><trkpt lat="47.557636" lon="-123.146980"></trkpt><trkpt lat="47.557806" lon="-123.147017"></trkpt><trkpt lat="47.557985" lon="-123.147078"></trkpt><trkpt lat="47.558875" lon="-123.146490"></trkpt><trkpt lat="47.561910" lon="-123.144226"></trkpt><trkpt lat="47.561959" lon="-123.144189"></trkpt><trkpt lat="47.562038" lon="-123.143994"></trkpt><trkpt lat="47.562148" lon="-123.143896"></trkpt><trkpt lat="47.562294" lon="-123.143754"></trkpt><trkpt lat="47.562402" lon="-123.143622"></trkpt><trkpt lat="47.562570" lon="-123.143585"></trkpt><trkpt lat="47.562721" lon="-123.143524"></trkpt><trkpt lat="47.562830" lon="-123.143389"></trkpt><trkpt lat="47.563001" lon="-123.143254"></trkpt><trkpt lat="47.563111" lon="-123.143107"></trkpt><trkpt lat="47.563200" lon="-123.142960"></trkpt><trkpt lat="47.563321" lon="-123.142837"></trkpt><trkpt lat="47.563441" lon="-123.142692"></trkpt><trkpt lat="47.563572" lon="-123.142569"></trkpt><trkpt lat="47.563682" lon="-123.142436"></trkpt><trkpt lat="47.563793" lon="-123.142227"></trkpt><trkpt lat="47.563903" lon="-123.142031"></trkpt><trkpt lat="47.564014" lon="-123.141835"></trkpt><trkpt lat="47.564133" lon="-123.141653"></trkpt><trkpt lat="47.564274" lon="-123.141530"></trkpt><trkpt lat="47.564414" lon="-123.141383"></trkpt><trkpt lat="47.564625" lon="-123.141273"></trkpt><trkpt lat="47.564816" lon="-123.141175"></trkpt><trkpt lat="47.565014" lon="-123.141199"></trkpt><trkpt lat="47.565125" lon="-123.141359"></trkpt><trkpt lat="47.565263" lon="-123.141503"></trkpt><trkpt lat="47.565403" lon="-123.141711"></trkpt><trkpt lat="47.565554" lon="-123.141846"></trkpt><trkpt lat="47.565644" lon="-123.142005"></trkpt><trkpt lat="47.565753" lon="-123.142175"></trkpt><trkpt lat="47.565872" lon="-123.142284"></trkpt><trkpt lat="47.566011" lon="-123.142407"></trkpt><trkpt lat="47.566139" lon="-123.142528"></trkpt><trkpt lat="47.566259" lon="-123.142626"></trkpt><trkpt lat="47.566404" lon="-123.142769"></trkpt><trkpt lat="47.566561" lon="-123.142841"></trkpt><trkpt lat="47.566751" lon="-123.142841"></trkpt><trkpt lat="47.567702" lon="-123.142353"></trkpt><trkpt lat="47.568200" lon="-123.141339"></trkpt><trkpt lat="47.568229" lon="-123.140066"></trkpt><trkpt lat="47.568085" lon="-123.139007"></trkpt><trkpt lat="47.567551" lon="-123.138287"></trkpt><trkpt lat="47.567400" lon="-123.137105"></trkpt><trkpt lat="47.567834" lon="-123.136446"></trkpt><trkpt lat="47.568563" lon="-123.136078"></trkpt><trkpt lat="47.569147" lon="-123.135596"></trkpt><trkpt lat="47.569499" lon="-123.134752"></trkpt><trkpt lat="47.570083" lon="-123.133801"></trkpt><trkpt lat="47.570573" lon="-123.133142"></trkpt><trkpt lat="47.571113" lon="-123.132360"></trkpt><trkpt lat="47.574434" lon="-123.131218"></trkpt><trkpt lat="47.576894" lon="-123.128529"></trkpt><trkpt lat="47.576962" lon="-123.124232"></trkpt><trkpt lat="47.575243" lon="-123.120032"></trkpt><trkpt lat="47.575049" lon="-123.116706"></trkpt><trkpt lat="47.573938" lon="-123.114929"></trkpt><trkpt lat="47.575388" lon="-123.112200"></trkpt><trkpt lat="47.574516" lon="-123.107074"></trkpt><trkpt lat="47.574366" lon="-123.104231"></trkpt><trkpt lat="47.573055" lon="-123.099519"></trkpt><trkpt lat="47.573415" lon="-123.097414"></trkpt><trkpt lat="47.574054" lon="-123.096596"></trkpt><trkpt lat="47.574252" lon="-123.095695"></trkpt><trkpt lat="47.574975" lon="-123.094301"></trkpt><trkpt lat="47.574945" lon="-123.092603"></trkpt><trkpt lat="47.575703" lon="-123.089840"></trkpt><trkpt lat="47.576863" lon="-123.095383"></trkpt><trkpt lat="47.578175" lon="-123.097550"></trkpt><trkpt lat="47.579555" lon="-123.099955"></trkpt><trkpt lat="47.580127" lon="-123.102226"></trkpt><trkpt lat="47.581715" lon="-123.104430"></trkpt><trkpt lat="47.583027" lon="-123.107200"></trkpt><trkpt lat="47.583899" lon="-123.112304"></trkpt><trkpt lat="47.584887" lon="-123.114049"></trkpt><trkpt lat="47.585774" lon="-123.114844"></trkpt><trkpt lat="47.589050" lon="-123.118857"></trkpt><trkpt lat="47.590641" lon="-123.121005"></trkpt><trkpt lat="47.592087" lon="-123.123109"></trkpt><trkpt lat="47.593713" lon="-123.124501"></trkpt><trkpt lat="47.593984" lon="-123.126492"></trkpt><trkpt lat="47.594303" lon="-123.128411"></trkpt><trkpt lat="47.595089" lon="-123.129362"></trkpt><trkpt lat="47.595793" lon="-123.130847"></trkpt><trkpt lat="47.596091" lon="-123.133682"></trkpt><trkpt lat="47.596934" lon="-123.136826"></trkpt><trkpt lat="47.600383" lon="-123.139805"></trkpt><trkpt lat="47.600775" lon="-123.145953"></trkpt><trkpt lat="47.598488" lon="-123.155829"></trkpt><trkpt lat="47.599744" lon="-123.158953"></trkpt><trkpt lat="47.599042" lon="-123.163295"></trkpt><trkpt lat="47.598925" lon="-123.167134"></trkpt><trkpt lat="47.597980" lon="-123.170701"></trkpt><trkpt lat="47.596579" lon="-123.173894"></trkpt><trkpt lat="47.596094" lon="-123.176884"></trkpt><trkpt lat="47.594817" lon="-123.179433"></trkpt><trkpt lat="47.594870" lon="-123.181787"></trkpt><trkpt lat="47.594119" lon="-123.185477"></trkpt><trkpt lat="47.592540" lon="-123.187789"></trkpt><trkpt lat="47.591399" lon="-123.190023"></trkpt><trkpt lat="47.590105" lon="-123.193321"></trkpt><trkpt lat="47.588516" lon="-123.194788"></trkpt><trkpt lat="47.586963" lon="-123.198470"></trkpt><trkpt lat="47.586378" lon="-123.199937"></trkpt><trkpt lat="47.585564" lon="-123.202502"></trkpt><trkpt lat="47.584348" lon="-123.205522"></trkpt><trkpt lat="47.584482" lon="-123.207961"></trkpt><trkpt lat="47.584167" lon="-123.210299"></trkpt><trkpt lat="47.583234" lon="-123.213859"></trkpt><trkpt lat="47.583608" lon="-123.216530"></trkpt><trkpt lat="47.582772" lon="-123.217295"></trkpt><trkpt lat="47.582245" lon="-123.218359"></trkpt><trkpt lat="47.580566" lon="-123.246520"></trkpt><trkpt lat="47.579899" lon="-123.251323"></trkpt><trkpt lat="47.579886" lon="-123.251403"></trkpt><trkpt lat="47.580569" lon="-123.246392"></trkpt><trkpt lat="47.582336" lon="-123.218309"></trkpt><trkpt lat="47.582917" lon="-123.216865"></trkpt><trkpt lat="47.583514" lon="-123.216466"></trkpt><trkpt lat="47.583229" lon="-123.213944"></trkpt><trkpt lat="47.583847" lon="-123.211211"></trkpt><trkpt lat="47.584359" lon="-123.210002"></trkpt><trkpt lat="47.584449" lon="-123.208492"></trkpt><trkpt lat="47.584362" lon="-123.205911"></trkpt><trkpt lat="47.585642" lon="-123.202174"></trkpt><trkpt lat="47.585989" lon="-123.200753"></trkpt><trkpt lat="47.586855" lon="-123.199056"></trkpt><trkpt lat="47.587128" lon="-123.197521"></trkpt><trkpt lat="47.588267" lon="-123.195185"></trkpt><trkpt lat="47.590137" lon="-123.193449"></trkpt><trkpt lat="47.591337" lon="-123.190198"></trkpt><trkpt lat="47.592316" lon="-123.188722"></trkpt><trkpt lat="47.593137" lon="-123.186357"></trkpt><trkpt lat="47.594072" lon="-123.185420"></trkpt><trkpt lat="47.594882" lon="-123.181979"></trkpt><trkpt lat="47.594987" lon="-123.179292"></trkpt><trkpt lat="47.596249" lon="-123.176987"></trkpt><trkpt lat="47.596501" lon="-123.173755"></trkpt><trkpt lat="47.597779" lon="-123.171121"></trkpt><trkpt lat="47.598982" lon="-123.166903"></trkpt><trkpt lat="47.598979" lon="-123.163308"></trkpt><trkpt lat="47.599696" lon="-123.159065"></trkpt><trkpt lat="47.598569" lon="-123.155732"></trkpt><trkpt lat="47.599171" lon="-123.153362"></trkpt><trkpt lat="47.600799" lon="-123.145613"></trkpt><trkpt lat="47.600451" lon="-123.139426"></trkpt><trkpt lat="47.596809" lon="-123.136816"></trkpt><trkpt lat="47.596064" lon="-123.133331"></trkpt><trkpt lat="47.595855" lon="-123.130485"></trkpt><trkpt lat="47.594925" lon="-123.129151"></trkpt><trkpt lat="47.595807" lon="-123.127463"></trkpt><trkpt lat="47.596389" lon="-123.125086"></trkpt><trkpt lat="47.595955" lon="-123.122949"></trkpt><trkpt lat="47.592943" lon="-123.117031"></trkpt><trkpt lat="47.591910" lon="-123.116061"></trkpt><trkpt lat="47.589605" lon="-123.115785"></trkpt><trkpt lat="47.589398" lon="-123.114512"></trkpt><trkpt lat="47.589403" lon="-123.109626"></trkpt><trkpt lat="47.587672" lon="-123.107112"></trkpt><trkpt lat="47.586138" lon="-123.103131"></trkpt><trkpt lat="47.585631" lon="-123.100653"></trkpt><trkpt lat="47.585694" lon="-123.097420"></trkpt><trkpt lat="47.584956" lon="-123.095119"></trkpt><trkpt lat="47.584048" lon="-123.086958"></trkpt><trkpt lat="47.583523" lon="-123.086047"></trkpt><trkpt lat="47.583152" lon="-123.084654"></trkpt><trkpt lat="47.582418" lon="-123.083431"></trkpt><trkpt lat="47.582311" lon="-123.080746"></trkpt><trkpt lat="47.578749" lon="-123.070457"></trkpt><trkpt lat="47.577048" lon="-123.068220"></trkpt><trkpt lat="47.575978" lon="-123.065237"></trkpt><trkpt lat="47.575557" lon="-123.062944"></trkpt><trkpt lat="47.575423" lon="-123.060064"></trkpt><trkpt lat="47.573785" lon="-123.055642"></trkpt><trkpt lat="47.570169" lon="-123.046772"></trkpt><trkpt lat="47.567681" lon="-123.043757"></trkpt><trkpt lat="47.564857" lon="-123.040351"></trkpt><trkpt lat="47.564900" lon="-123.033461"></trkpt><trkpt lat="47.565281" lon="-123.031664"></trkpt><trkpt lat="47.564833" lon="-123.028611"></trkpt><trkpt lat="47.564959" lon="-123.027659"></trkpt><trkpt lat="47.567288" lon="-123.024124"></trkpt><trkpt lat="47.566774" lon="-123.022327"></trkpt><trkpt lat="47.567639" lon="-123.021562"></trkpt><trkpt lat="47.567808" lon="-123.018374"></trkpt><trkpt lat="47.567311" lon="-123.017098"></trkpt><trkpt lat="47.566720" lon="-123.016575"></trkpt><trkpt lat="47.573688" lon="-123.011723"></trkpt><trkpt lat="47.580070" lon="-123.007386"></trkpt><trkpt lat="47.591191" lon="-122.999622"></trkpt><trkpt lat="47.601823" lon="-122.992479"></trkpt><trkpt lat="47.606518" lon="-122.989149"></trkpt><trkpt lat="47.614752" lon="-122.980873"></trkpt><trkpt lat="47.619203" lon="-122.971439"></trkpt><trkpt lat="47.619643" lon="-122.971893"></trkpt><trkpt lat="47.619925" lon="-122.971718"></trkpt><trkpt lat="47.620233" lon="-122.971035"></trkpt><trkpt lat="47.620784" lon="-122.969889"></trkpt><trkpt lat="47.621507" lon="-122.969970"></trkpt><trkpt lat="47.622006" lon="-122.971297"></trkpt><trkpt lat="47.622881" lon="-122.972910"></trkpt><trkpt lat="47.623667" lon="-122.972956"></trkpt><trkpt lat="47.625422" lon="-122.972266"></trkpt><trkpt lat="47.627190" lon="-122.973126"></trkpt><trkpt lat="47.627977" lon="-122.975395"></trkpt><trkpt lat="47.629287" lon="-122.982635"></trkpt><trkpt lat="47.630206" lon="-122.983605"></trkpt><trkpt lat="47.632202" lon="-122.985961"></trkpt><trkpt lat="47.632729" lon="-122.985692"></trkpt><trkpt lat="47.632639" lon="-122.985745"></trkpt><trkpt lat="47.632546" lon="-122.985692"></trkpt><trkpt lat="47.632810" lon="-122.985692"></trkpt><trkpt lat="47.633032" lon="-122.985784"></trkpt><trkpt lat="47.633198" lon="-122.985943"></trkpt><trkpt lat="47.633360" lon="-122.986159"></trkpt><trkpt lat="47.633579" lon="-122.986304"></trkpt><trkpt lat="47.633788" lon="-122.986486"></trkpt><trkpt lat="47.633980" lon="-122.986630"></trkpt><trkpt lat="47.634189" lon="-122.986739"></trkpt><trkpt lat="47.634395" lon="-122.986828"></trkpt><trkpt lat="47.634673" lon="-122.986883"></trkpt><trkpt lat="47.634881" lon="-122.987047"></trkpt><trkpt lat="47.635029" lon="-122.987228"></trkpt><trkpt lat="47.635150" lon="-122.987484"></trkpt><trkpt lat="47.635314" lon="-122.987644"></trkpt><trkpt lat="47.635417" lon="-122.987911"></trkpt><trkpt lat="47.635551" lon="-122.988130"></trkpt><trkpt lat="47.635581" lon="-122.988484"></trkpt><trkpt lat="47.635657" lon="-122.988806"></trkpt><trkpt lat="47.635702" lon="-122.989163"></trkpt><trkpt lat="47.635732" lon="-122.989559"></trkpt><trkpt lat="47.635896" lon="-122.989759"></trkpt><trkpt lat="47.636186" lon="-122.989759"></trkpt><trkpt lat="47.636446" lon="-122.989722"></trkpt><trkpt lat="47.636712" lon="-122.989685"></trkpt><trkpt lat="47.636898" lon="-122.989414"></trkpt><trkpt lat="47.637240" lon="-122.984181"></trkpt><trkpt lat="47.638067" lon="-122.982535"></trkpt><trkpt lat="47.640466" lon="-122.979110"></trkpt><trkpt lat="47.641641" lon="-122.975842"></trkpt><trkpt lat="47.643283" lon="-122.973143"></trkpt><trkpt lat="47.642865" lon="-122.970012"></trkpt><trkpt lat="47.643363" lon="-122.965345"></trkpt><trkpt lat="47.644538" lon="-122.961162"></trkpt><trkpt lat="47.645888" lon="-122.960033"></trkpt><trkpt lat="47.646954" lon="-122.958812"></trkpt><trkpt lat="47.648361" lon="-122.958909"></trkpt><trkpt lat="47.648828" lon="-122.958058"></trkpt><trkpt lat="47.650405" lon="-122.957727"></trkpt><trkpt lat="47.652205" lon="-122.960384"></trkpt><trkpt lat="47.653346" lon="-122.961862"></trkpt><trkpt lat="47.654730" lon="-122.964984"></trkpt><trkpt lat="47.657248" lon="-122.968209"></trkpt><trkpt lat="47.660951" lon="-122.972688"></trkpt><trkpt lat="47.661941" lon="-122.974998"></trkpt><trkpt lat="47.662077" lon="-122.976488"></trkpt><trkpt lat="47.663030" lon="-122.978095"></trkpt><trkpt lat="47.663526" lon="-122.980079"></trkpt><trkpt lat="47.665945" lon="-122.984136"></trkpt><trkpt lat="47.667510" lon="-122.988381"></trkpt><trkpt lat="47.669211" lon="-122.989107"></trkpt><trkpt lat="47.669328" lon="-122.991675"></trkpt><trkpt lat="47.670473" lon="-122.994523"></trkpt><trkpt lat="47.671834" lon="-122.998987"></trkpt><trkpt lat="47.672463" lon="-122.999957"></trkpt><trkpt lat="47.672808" lon="-123.001469"></trkpt><trkpt lat="47.672544" lon="-123.002755"></trkpt><trkpt lat="47.673832" lon="-123.003911"></trkpt><trkpt lat="47.674386" lon="-123.005916"></trkpt><trkpt lat="47.675060" lon="-123.007946"></trkpt><trkpt lat="47.676123" lon="-123.008382"></trkpt><trkpt lat="47.677728" lon="-123.010688"></trkpt><trkpt lat="47.677893" lon="-123.011902"></trkpt><trkpt lat="47.679692" lon="-123.014759"></trkpt><trkpt lat="47.679492" lon="-123.018359"></trkpt><trkpt lat="47.679944" lon="-123.021241"></trkpt><trkpt lat="47.680351" lon="-123.024247"></trkpt><trkpt lat="47.679522" lon="-123.029660"></trkpt><trkpt lat="47.679387" lon="-123.032750"></trkpt><trkpt lat="47.679611" lon="-123.033569"></trkpt><trkpt lat="47.681567" lon="-123.035662"></trkpt><trkpt lat="47.682173" lon="-123.037603"></trkpt><trkpt lat="47.682085" lon="-123.038463"></trkpt><trkpt lat="47.682335" lon="-123.039127"></trkpt><trkpt lat="47.682113" lon="-123.039947"></trkpt><trkpt lat="47.682203" lon="-123.041629"></trkpt><trkpt lat="47.682691" lon="-123.042133"></trkpt><trkpt lat="47.683328" lon="-123.041825"></trkpt><trkpt lat="47.683675" lon="-123.040625"></trkpt><trkpt lat="47.684925" lon="-123.033946"></trkpt><trkpt lat="47.685753" lon="-123.031016"></trkpt><trkpt lat="47.685538" lon="-123.028882"></trkpt><trkpt lat="47.685467" lon="-123.027269"></trkpt><trkpt lat="47.684382" lon="-123.024738"></trkpt><trkpt lat="47.683205" lon="-123.021168"></trkpt><trkpt lat="47.683416" lon="-123.017904"></trkpt><trkpt lat="47.684321" lon="-123.013296"></trkpt><trkpt lat="47.683404" lon="-123.011289"></trkpt><trkpt lat="47.681604" lon="-123.007819"></trkpt><trkpt lat="47.681283" lon="-123.005651"></trkpt><trkpt lat="47.681234" lon="-123.003105"></trkpt><trkpt lat="47.680554" lon="-122.999519"></trkpt><trkpt lat="47.680716" lon="-122.998115"></trkpt><trkpt lat="47.681655" lon="-122.994396"></trkpt><trkpt lat="47.679805" lon="-122.990461"></trkpt><trkpt lat="47.679611" lon="-122.988280"></trkpt><trkpt lat="47.679440" lon="-122.986983"></trkpt><trkpt lat="47.678385" lon="-122.983436"></trkpt><trkpt lat="47.677469" lon="-122.982084"></trkpt><trkpt lat="47.676644" lon="-122.980379"></trkpt><trkpt lat="47.675863" lon="-122.977610"></trkpt><trkpt lat="47.675123" lon="-122.974775"></trkpt><trkpt lat="47.672361" lon="-122.971736"></trkpt><trkpt lat="47.671492" lon="-122.970509"></trkpt><trkpt lat="47.668761" lon="-122.963620"></trkpt><trkpt lat="47.666809" lon="-122.959340"></trkpt><trkpt lat="47.665664" lon="-122.957908"></trkpt><trkpt lat="47.663727" lon="-122.956888"></trkpt><trkpt lat="47.657539" lon="-122.948214"></trkpt><trkpt lat="47.656381" lon="-122.945327"></trkpt><trkpt lat="47.655365" lon="-122.940436"></trkpt><trkpt lat="47.655009" lon="-122.939339"></trkpt><trkpt lat="47.653614" lon="-122.937761"></trkpt><trkpt lat="47.652821" lon="-122.936113"></trkpt><trkpt lat="47.652332" lon="-122.933762"></trkpt><trkpt lat="47.651725" lon="-122.932386"></trkpt><trkpt lat="47.653175" lon="-122.929262"></trkpt><trkpt lat="47.661285" lon="-122.923201"></trkpt><trkpt lat="47.675428" lon="-122.901176"></trkpt><trkpt lat="47.693708" lon="-122.897900"></trkpt><trkpt lat="47.705390" lon="-122.895799"></trkpt><trkpt lat="47.710977" lon="-122.887495"></trkpt><trkpt lat="47.730829" lon="-122.882602"></trkpt><trkpt lat="47.743812" lon="-122.879332"></trkpt><trkpt lat="47.749219" lon="-122.885987"></trkpt><trkpt lat="47.751738" lon="-122.889211"></trkpt><trkpt lat="47.754671" lon="-122.893034"></trkpt><trkpt lat="47.756673" lon="-122.893733"></trkpt><trkpt lat="47.757052" lon="-122.892553"></trkpt><trkpt lat="47.756831" lon="-122.890850"></trkpt><trkpt lat="47.757023" lon="-122.887925"></trkpt><trkpt lat="47.757483" lon="-122.886802"></trkpt><trkpt lat="47.757642" lon="-122.885959"></trkpt><trkpt lat="47.757360" lon="-122.885107"></trkpt><trkpt lat="47.758794" lon="-122.884960"></trkpt><trkpt lat="47.760787" lon="-122.886355"></trkpt><trkpt lat="47.761459" lon="-122.887541"></trkpt><trkpt lat="47.763263" lon="-122.890625"></trkpt><trkpt lat="47.763544" lon="-122.892225"></trkpt><trkpt lat="47.765643" lon="-122.895553"></trkpt><trkpt lat="47.766375" lon="-122.896651"></trkpt><trkpt lat="47.767636" lon="-122.897494"></trkpt><trkpt lat="47.768422" lon="-122.898298"></trkpt><trkpt lat="47.772477" lon="-122.905012"></trkpt><trkpt lat="47.773617" lon="-122.918702"></trkpt><trkpt lat="47.779806" lon="-122.921795"></trkpt><trkpt lat="47.785342" lon="-122.928367"></trkpt><trkpt lat="47.806276" lon="-122.912646"></trkpt><trkpt lat="47.816378" lon="-122.905285"></trkpt><trkpt lat="47.815158" lon="-122.907053"></trkpt><trkpt lat="47.813979" lon="-122.908126"></trkpt><trkpt lat="47.812921" lon="-122.909222"></trkpt><trkpt lat="47.812267" lon="-122.910422"></trkpt><trkpt lat="47.811530" lon="-122.912452"></trkpt><trkpt lat="47.811173" lon="-122.914617"></trkpt><trkpt lat="47.811273" lon="-122.917860"></trkpt><trkpt lat="47.811853" lon="-122.919655"></trkpt><trkpt lat="47.813950" lon="-122.921938"></trkpt><trkpt lat="47.815735" lon="-122.924038"></trkpt><trkpt lat="47.817438" lon="-122.928129"></trkpt><trkpt lat="47.819706" lon="-122.932630"></trkpt><trkpt lat="47.820437" lon="-122.933893"></trkpt><trkpt lat="47.821454" lon="-122.933961"></trkpt><trkpt lat="47.822949" lon="-122.933050"></trkpt><trkpt lat="47.826651" lon="-122.930882"></trkpt><trkpt lat="47.827897" lon="-122.931849"></trkpt><trkpt lat="47.829427" lon="-122.931663"></trkpt><trkpt lat="47.831802" lon="-122.934553"></trkpt><trkpt lat="47.834733" lon="-122.935906"></trkpt><trkpt lat="47.837836" lon="-122.937037"></trkpt><trkpt lat="47.839260" lon="-122.938104"></trkpt><trkpt lat="47.843323" lon="-122.935888"></trkpt><trkpt lat="47.845436" lon="-122.937019"></trkpt><trkpt lat="47.847494" lon="-122.936253"></trkpt><trkpt lat="47.851467" lon="-122.936293"></trkpt><trkpt lat="47.854865" lon="-122.937363"></trkpt><trkpt lat="47.856418" lon="-122.936691"></trkpt><trkpt lat="47.857482" lon="-122.936842"></trkpt><trkpt lat="47.862845" lon="-122.932528"></trkpt><trkpt lat="47.864246" lon="-122.931036"></trkpt><trkpt lat="47.866810" lon="-122.928237"></trkpt><trkpt lat="47.871140" lon="-122.925852"></trkpt><trkpt lat="47.872761" lon="-122.925244"></trkpt><trkpt lat="47.874236" lon="-122.925101"></trkpt><trkpt lat="47.874614" lon="-122.925206"></trkpt><trkpt lat="47.875583" lon="-122.926112"></trkpt><trkpt lat="47.876282" lon="-122.926903"></trkpt><trkpt lat="47.877012" lon="-122.927049"></trkpt><trkpt lat="47.877500" lon="-122.927475"></trkpt><trkpt lat="47.878120" lon="-122.927454"></trkpt><trkpt lat="47.878664" lon="-122.927454"></trkpt><trkpt lat="47.879410" lon="-122.927463"></trkpt><trkpt lat="47.879657" lon="-122.927443"></trkpt><trkpt lat="47.879801" lon="-122.927438"></trkpt><trkpt lat="47.880002" lon="-122.927751"></trkpt><trkpt lat="47.880166" lon="-122.927923"></trkpt><trkpt lat="47.880552" lon="-122.928444"></trkpt><trkpt lat="47.880658" lon="-122.928755"></trkpt><trkpt lat="47.880634" lon="-122.929241"></trkpt><trkpt lat="47.880674" lon="-122.929345"></trkpt><trkpt lat="47.880637" lon="-122.929506"></trkpt><trkpt lat="47.880622" lon="-122.929668"></trkpt><trkpt lat="47.880696" lon="-122.929849"></trkpt><trkpt lat="47.880610" lon="-122.929983"></trkpt><trkpt lat="47.880636" lon="-122.930103"></trkpt><trkpt lat="47.880822" lon="-122.930395"></trkpt><trkpt lat="47.880909" lon="-122.930890"></trkpt><trkpt lat="47.881066" lon="-122.930829"></trkpt><trkpt lat="47.881176" lon="-122.930659"></trkpt><trkpt lat="47.881236" lon="-122.930463"></trkpt><trkpt lat="47.881287" lon="-122.930255"></trkpt><trkpt lat="47.881387" lon="-122.930046"></trkpt><trkpt lat="47.881498" lon="-122.929813"></trkpt><trkpt lat="47.881608" lon="-122.929642"></trkpt><trkpt lat="47.881728" lon="-122.929421"></trkpt><trkpt lat="47.881789" lon="-122.929203"></trkpt><trkpt lat="47.881909" lon="-122.929095"></trkpt><trkpt lat="47.882060" lon="-122.929033"></trkpt><trkpt lat="47.882238" lon="-122.928960"></trkpt><trkpt lat="47.882367" lon="-122.928862"></trkpt><trkpt lat="47.882548" lon="-122.928752"></trkpt><trkpt lat="47.882724" lon="-122.928681"></trkpt><trkpt lat="47.882905" lon="-122.928681"></trkpt><trkpt lat="47.883073" lon="-122.928644"></trkpt><trkpt lat="47.883240" lon="-122.928607"></trkpt><trkpt lat="47.883421" lon="-122.928607"></trkpt><trkpt lat="47.883612" lon="-122.928607"></trkpt><trkpt lat="47.883802" lon="-122.928607"></trkpt><trkpt lat="47.883983" lon="-122.928607"></trkpt><trkpt lat="47.884222" lon="-122.928644"></trkpt><trkpt lat="47.884402" lon="-122.928705"></trkpt><trkpt lat="47.884613" lon="-122.928742"></trkpt><trkpt lat="47.884794" lon="-122.928742"></trkpt><trkpt lat="47.884973" lon="-122.928742"></trkpt><trkpt lat="47.885154" lon="-122.928718"></trkpt><trkpt lat="47.885325" lon="-122.928681"></trkpt><trkpt lat="47.885546" lon="-122.928656"></trkpt><trkpt lat="47.885726" lon="-122.928656"></trkpt><trkpt lat="47.885927" lon="-122.928656"></trkpt><trkpt lat="47.886108" lon="-122.928693"></trkpt><trkpt lat="47.886289" lon="-122.928730"></trkpt><trkpt lat="47.886520" lon="-122.928803"></trkpt><trkpt lat="47.886730" lon="-122.928840"></trkpt><trkpt lat="47.886909" lon="-122.928840"></trkpt><trkpt lat="47.887079" lon="-122.928901"></trkpt><trkpt lat="47.887249" lon="-122.929012"></trkpt><trkpt lat="47.887400" lon="-122.929122"></trkpt><trkpt lat="47.887518" lon="-122.929231"></trkpt><trkpt lat="47.887638" lon="-122.929341"></trkpt><trkpt lat="47.887829" lon="-122.929439"></trkpt><trkpt lat="47.887979" lon="-122.929537"></trkpt><trkpt lat="47.888090" lon="-122.929684"></trkpt><trkpt lat="47.888311" lon="-122.929856"></trkpt><trkpt lat="47.888471" lon="-122.930003"></trkpt><trkpt lat="47.888662" lon="-122.930199"></trkpt><trkpt lat="47.888783" lon="-122.930382"></trkpt><trkpt lat="47.888933" lon="-122.930565"></trkpt><trkpt lat="47.889104" lon="-122.930725"></trkpt><trkpt lat="47.889255" lon="-122.930872"></trkpt><trkpt lat="47.889455" lon="-122.931019"></trkpt><trkpt lat="47.889606" lon="-122.931166"></trkpt><trkpt lat="47.889787" lon="-122.931289"></trkpt><trkpt lat="47.889967" lon="-122.931399"></trkpt><trkpt lat="47.890147" lon="-122.931424"></trkpt><trkpt lat="47.891883" lon="-122.931787"></trkpt><trkpt lat="47.892023" lon="-122.931860"></trkpt><trkpt lat="47.892202" lon="-122.931823"></trkpt><trkpt lat="47.892400" lon="-122.931787"></trkpt><trkpt lat="47.892581" lon="-122.931787"></trkpt><trkpt lat="47.892781" lon="-122.931713"></trkpt><trkpt lat="47.892922" lon="-122.931603"></trkpt><trkpt lat="47.893122" lon="-122.931445"></trkpt><trkpt lat="47.893240" lon="-122.931335"></trkpt><trkpt lat="47.893390" lon="-122.931188"></trkpt><trkpt lat="47.893511" lon="-122.930968"></trkpt><trkpt lat="47.893651" lon="-122.930785"></trkpt><trkpt lat="47.893791" lon="-122.930639"></trkpt><trkpt lat="47.893961" lon="-122.930541"></trkpt><trkpt lat="47.894172" lon="-122.930431"></trkpt><trkpt lat="47.894413" lon="-122.930320"></trkpt><trkpt lat="47.894560" lon="-122.930248"></trkpt><trkpt lat="47.894740" lon="-122.930211"></trkpt><trkpt lat="47.894910" lon="-122.930175"></trkpt><trkpt lat="47.895090" lon="-122.930175"></trkpt><trkpt lat="47.895311" lon="-122.930113"></trkpt><trkpt lat="47.895542" lon="-122.930113"></trkpt><trkpt lat="47.895720" lon="-122.930150"></trkpt><trkpt lat="47.895891" lon="-122.930260"></trkpt><trkpt lat="47.896061" lon="-122.930297"></trkpt><trkpt lat="47.896241" lon="-122.930297"></trkpt><trkpt lat="47.896422" lon="-122.930297"></trkpt><trkpt lat="47.896632" lon="-122.930297"></trkpt><trkpt lat="47.896843" lon="-122.930297"></trkpt><trkpt lat="47.897024" lon="-122.930260"></trkpt><trkpt lat="47.897205" lon="-122.930260"></trkpt><trkpt lat="47.897355" lon="-122.930225"></trkpt><trkpt lat="47.897545" lon="-122.930225"></trkpt><trkpt lat="47.897725" lon="-122.930115"></trkpt><trkpt lat="47.897924" lon="-122.930005"></trkpt><trkpt lat="47.898035" lon="-122.929896"></trkpt><trkpt lat="47.898225" lon="-122.929871"></trkpt><trkpt lat="47.898405" lon="-122.929799"></trkpt><trkpt lat="47.898575" lon="-122.929652"></trkpt><trkpt lat="47.898736" lon="-122.929542"></trkpt><trkpt lat="47.898887" lon="-122.929468"></trkpt><trkpt lat="47.899056" lon="-122.929359"></trkpt><trkpt lat="47.899237" lon="-122.929298"></trkpt><trkpt lat="47.899408" lon="-122.929323"></trkpt><trkpt lat="47.899588" lon="-122.929323"></trkpt><trkpt lat="47.899848" lon="-122.929287"></trkpt><trkpt lat="47.900008" lon="-122.929178"></trkpt><trkpt lat="47.900188" lon="-122.929178"></trkpt><trkpt lat="47.900379" lon="-122.929178"></trkpt><trkpt lat="47.900579" lon="-122.929178"></trkpt><trkpt lat="47.900757" lon="-122.929178"></trkpt><trkpt lat="47.900937" lon="-122.929142"></trkpt><trkpt lat="47.901106" lon="-122.929105"></trkpt><trkpt lat="47.901277" lon="-122.929031"></trkpt><trkpt lat="47.901476" lon="-122.929031"></trkpt><trkpt lat="47.901657" lon="-122.928995"></trkpt><trkpt lat="47.901868" lon="-122.928970"></trkpt><trkpt lat="47.902048" lon="-122.928897"></trkpt><trkpt lat="47.902259" lon="-122.928823"></trkpt><trkpt lat="47.902469" lon="-122.928749"></trkpt><trkpt lat="47.902649" lon="-122.928713"></trkpt><trkpt lat="47.902759" lon="-122.928566"></trkpt><trkpt lat="47.902930" lon="-122.928468"></trkpt><trkpt lat="47.903110" lon="-122.928357"></trkpt><trkpt lat="47.903281" lon="-122.928247"></trkpt><trkpt lat="47.903441" lon="-122.928052"></trkpt><trkpt lat="47.903591" lon="-122.927832"></trkpt><trkpt lat="47.903752" lon="-122.927623"></trkpt><trkpt lat="47.903923" lon="-122.927452"></trkpt><trkpt lat="47.904073" lon="-122.927305"></trkpt><trkpt lat="47.904244" lon="-122.927170"></trkpt><trkpt lat="47.904434" lon="-122.926998"></trkpt><trkpt lat="47.904615" lon="-122.926778"></trkpt><trkpt lat="47.904766" lon="-122.926594"></trkpt><trkpt lat="47.904876" lon="-122.926448"></trkpt><trkpt lat="47.904997" lon="-122.926313"></trkpt><trkpt lat="47.905117" lon="-122.926129"></trkpt><trkpt lat="47.905258" lon="-122.925884"></trkpt><trkpt lat="47.905377" lon="-122.925737"></trkpt><trkpt lat="47.905518" lon="-122.925555"></trkpt><trkpt lat="47.905668" lon="-122.925408"></trkpt><trkpt lat="47.905789" lon="-122.925224"></trkpt><trkpt lat="47.905939" lon="-122.925040"></trkpt><trkpt lat="47.906110" lon="-122.924893"></trkpt><trkpt lat="47.906281" lon="-122.924758"></trkpt><trkpt lat="47.906492" lon="-122.924721"></trkpt><trkpt lat="47.906692" lon="-122.924648"></trkpt><trkpt lat="47.906903" lon="-122.924611"></trkpt><trkpt lat="47.907084" lon="-122.924611"></trkpt><trkpt lat="47.907335" lon="-122.924611"></trkpt><trkpt lat="47.909899" lon="-122.924158"></trkpt><trkpt lat="47.909986" lon="-122.924158"></trkpt><trkpt lat="47.910173" lon="-122.924158"></trkpt><trkpt lat="47.910312" lon="-122.924048"></trkpt><trkpt lat="47.910523" lon="-122.923974"></trkpt><trkpt lat="47.910694" lon="-122.923901"></trkpt><trkpt lat="47.910854" lon="-122.923790"></trkpt><trkpt lat="47.911035" lon="-122.923754"></trkpt><trkpt lat="47.911266" lon="-122.923643"></trkpt><trkpt lat="47.911457" lon="-122.923570"></trkpt><trkpt lat="47.911627" lon="-122.923460"></trkpt><trkpt lat="47.911806" lon="-122.923351"></trkpt><trkpt lat="47.912005" lon="-122.923314"></trkpt><trkpt lat="47.912236" lon="-122.923253"></trkpt><trkpt lat="47.912403" lon="-122.923216"></trkpt><trkpt lat="47.912583" lon="-122.923216"></trkpt><trkpt lat="47.912754" lon="-122.923142"></trkpt><trkpt lat="47.912903" lon="-122.923105"></trkpt><trkpt lat="47.913084" lon="-122.923069"></trkpt><trkpt lat="47.913254" lon="-122.922971"></trkpt><trkpt lat="47.913404" lon="-122.922897"></trkpt><trkpt lat="47.913594" lon="-122.922836"></trkpt><trkpt lat="47.913765" lon="-122.922799"></trkpt><trkpt lat="47.913905" lon="-122.922701"></trkpt><trkpt lat="47.914074" lon="-122.922592"></trkpt><trkpt lat="47.914205" lon="-122.922482"></trkpt><trkpt lat="47.914415" lon="-122.922408"></trkpt><trkpt lat="47.914555" lon="-122.922261"></trkpt><trkpt lat="47.914705" lon="-122.922114"></trkpt><trkpt lat="47.914823" lon="-122.921981"></trkpt><trkpt lat="47.914974" lon="-122.921858"></trkpt><trkpt lat="47.915094" lon="-122.921748"></trkpt><trkpt lat="47.915244" lon="-122.921566"></trkpt><trkpt lat="47.915394" lon="-122.921418"></trkpt><trkpt lat="47.915544" lon="-122.921308"></trkpt><trkpt lat="47.915705" lon="-122.921271"></trkpt><trkpt lat="47.915904" lon="-122.921235"></trkpt><trkpt lat="47.916124" lon="-122.921235"></trkpt><trkpt lat="47.916321" lon="-122.921235"></trkpt><trkpt lat="47.916500" lon="-122.921235"></trkpt><trkpt lat="47.917104" lon="-122.921402"></trkpt><trkpt lat="47.917184" lon="-122.921402"></trkpt><trkpt lat="47.917334" lon="-122.921512"></trkpt><trkpt lat="47.917505" lon="-122.921647"></trkpt><trkpt lat="47.917675" lon="-122.921782"></trkpt><trkpt lat="47.917825" lon="-122.921891"></trkpt><trkpt lat="47.917975" lon="-122.922025"></trkpt><trkpt lat="47.918086" lon="-122.922197"></trkpt><trkpt lat="47.918205" lon="-122.922367"></trkpt><trkpt lat="47.918294" lon="-122.922586"></trkpt><trkpt lat="47.918405" lon="-122.922795"></trkpt><trkpt lat="47.918515" lon="-122.923003"></trkpt><trkpt lat="47.918605" lon="-122.923297"></trkpt><trkpt lat="47.918605" lon="-122.923604"></trkpt><trkpt lat="47.918954" lon="-122.924062"></trkpt><trkpt lat="47.922211" lon="-122.925629"></trkpt><trkpt lat="47.925638" lon="-122.926463"></trkpt><trkpt lat="47.928372" lon="-122.926205"></trkpt><trkpt lat="47.929907" lon="-122.926009"></trkpt><trkpt lat="47.932350" lon="-122.924967"></trkpt><trkpt lat="47.932479" lon="-122.925003"></trkpt><trkpt lat="47.932629" lon="-122.925112"></trkpt><trkpt lat="47.932797" lon="-122.925186"></trkpt><trkpt lat="47.932945" lon="-122.925294"></trkpt><trkpt lat="47.933046" lon="-122.925527"></trkpt><trkpt lat="47.933165" lon="-122.925783"></trkpt><trkpt lat="47.933165" lon="-122.926062"></trkpt><trkpt lat="47.933135" lon="-122.926283"></trkpt><trkpt lat="47.933075" lon="-122.926611"></trkpt><trkpt lat="47.933075" lon="-122.926977"></trkpt><trkpt lat="47.933075" lon="-122.927245"></trkpt><trkpt lat="47.933155" lon="-122.927428"></trkpt><trkpt lat="47.933305" lon="-122.927685"></trkpt><trkpt lat="47.933426" lon="-122.927881"></trkpt><trkpt lat="47.933486" lon="-122.928175"></trkpt><trkpt lat="47.933486" lon="-122.928505"></trkpt><trkpt lat="47.933486" lon="-122.928799"></trkpt><trkpt lat="47.933486" lon="-122.929081"></trkpt><trkpt lat="47.933486" lon="-122.929398"></trkpt><trkpt lat="47.933466" lon="-122.929668"></trkpt><trkpt lat="47.933416" lon="-122.929947"></trkpt><trkpt lat="47.933336" lon="-122.930189"></trkpt><trkpt lat="47.933185" lon="-122.930410"></trkpt><trkpt lat="47.933024" lon="-122.930544"></trkpt><trkpt lat="47.932944" lon="-122.930762"></trkpt><trkpt lat="47.932924" lon="-122.931007"></trkpt><trkpt lat="47.932803" lon="-122.931214"></trkpt><trkpt lat="47.932693" lon="-122.931435"></trkpt><trkpt lat="47.932603" lon="-122.931692"></trkpt><trkpt lat="47.932482" lon="-122.931948"></trkpt><trkpt lat="47.932422" lon="-122.932156"></trkpt><trkpt lat="47.932372" lon="-122.932437"></trkpt><trkpt lat="47.932291" lon="-122.932678"></trkpt><trkpt lat="47.932261" lon="-122.932935"></trkpt><trkpt lat="47.932261" lon="-122.933217"></trkpt><trkpt lat="47.932291" lon="-122.933481"></trkpt><trkpt lat="47.932381" lon="-122.933686"></trkpt><trkpt lat="47.932470" lon="-122.933893"></trkpt><trkpt lat="47.932530" lon="-122.934163"></trkpt><trkpt lat="47.932639" lon="-122.934406"></trkpt><trkpt lat="47.932720" lon="-122.934614"></trkpt><trkpt lat="47.932810" lon="-122.934872"></trkpt><trkpt lat="47.932840" lon="-122.935162"></trkpt><trkpt lat="47.932890" lon="-122.935431"></trkpt><trkpt lat="47.932950" lon="-122.935689"></trkpt><trkpt lat="47.933041" lon="-122.935922"></trkpt><trkpt lat="47.933131" lon="-122.936081"></trkpt><trkpt lat="47.933252" lon="-122.936277"></trkpt><trkpt lat="47.933362" lon="-122.936473"></trkpt><trkpt lat="47.933421" lon="-122.936682"></trkpt><trkpt lat="47.933441" lon="-122.936950"></trkpt><trkpt lat="47.933441" lon="-122.937242"></trkpt><trkpt lat="47.933441" lon="-122.937537"></trkpt><trkpt lat="47.933351" lon="-122.937757"></trkpt><trkpt lat="47.933351" lon="-122.938085"></trkpt><trkpt lat="47.933351" lon="-122.938402"></trkpt><trkpt lat="47.933351" lon="-122.938707"></trkpt><trkpt lat="47.933351" lon="-122.939000"></trkpt><trkpt lat="47.933351" lon="-122.939356"></trkpt><trkpt lat="47.933351" lon="-122.939681"></trkpt><trkpt lat="47.933351" lon="-122.939949"></trkpt><trkpt lat="47.933351" lon="-122.940277"></trkpt><trkpt lat="47.933381" lon="-122.940546"></trkpt><trkpt lat="47.933401" lon="-122.940815"></trkpt><trkpt lat="47.933481" lon="-122.941060"></trkpt><trkpt lat="47.933481" lon="-122.941351"></trkpt><trkpt lat="47.933572" lon="-122.941607"></trkpt><trkpt lat="47.933622" lon="-122.941987"></trkpt><trkpt lat="47.933732" lon="-122.942243"></trkpt><trkpt lat="47.933752" lon="-122.942488"></trkpt><trkpt lat="47.933783" lon="-122.942794"></trkpt><trkpt lat="47.933833" lon="-122.943027"></trkpt><trkpt lat="47.933863" lon="-122.943272"></trkpt><trkpt lat="47.933893" lon="-122.943517"></trkpt><trkpt lat="47.933953" lon="-122.943735"></trkpt><trkpt lat="47.934023" lon="-122.943980"></trkpt><trkpt lat="47.934104" lon="-122.944201"></trkpt><trkpt lat="47.934224" lon="-122.944420"></trkpt><trkpt lat="47.934355" lon="-122.944665"></trkpt><trkpt lat="47.934445" lon="-122.944922"></trkpt><trkpt lat="47.934505" lon="-122.945180"></trkpt><trkpt lat="47.934586" lon="-122.945350"></trkpt><trkpt lat="47.934666" lon="-122.945533"></trkpt><trkpt lat="47.934787" lon="-122.945678"></trkpt><trkpt lat="47.934916" lon="-122.945801"></trkpt><trkpt lat="47.935127" lon="-122.945911"></trkpt><trkpt lat="47.935266" lon="-122.946046"></trkpt><trkpt lat="47.935397" lon="-122.946181"></trkpt><trkpt lat="47.935577" lon="-122.946291"></trkpt><trkpt lat="47.935738" lon="-122.946389"></trkpt><trkpt lat="47.935919" lon="-122.946462"></trkpt><trkpt lat="47.936107" lon="-122.946596"></trkpt><trkpt lat="47.936278" lon="-122.946669"></trkpt><trkpt lat="47.936388" lon="-122.946804"></trkpt><trkpt lat="47.936358" lon="-122.947172"></trkpt><trkpt lat="47.936329" lon="-122.947437"></trkpt><trkpt lat="47.936329" lon="-122.947702"></trkpt><trkpt lat="47.936239" lon="-122.947898"></trkpt><trkpt lat="47.936239" lon="-122.948179"></trkpt><trkpt lat="47.936269" lon="-122.948436"></trkpt><trkpt lat="47.936289" lon="-122.948706"></trkpt><trkpt lat="47.936348" lon="-122.948950"></trkpt><trkpt lat="47.936408" lon="-122.949121"></trkpt><trkpt lat="47.936469" lon="-122.949379"></trkpt><trkpt lat="47.936559" lon="-122.949624"></trkpt><trkpt lat="47.936618" lon="-122.949820"></trkpt><trkpt lat="47.936678" lon="-122.950039"></trkpt><trkpt lat="47.936727" lon="-122.950306"></trkpt><trkpt lat="47.936817" lon="-122.950563"></trkpt><trkpt lat="47.936888" lon="-122.950770"></trkpt><trkpt lat="47.936948" lon="-122.951015"></trkpt><trkpt lat="47.937027" lon="-122.951244"></trkpt><trkpt lat="47.937056" lon="-122.951494"></trkpt><trkpt lat="47.937106" lon="-122.951739"></trkpt><trkpt lat="47.937136" lon="-122.952007"></trkpt><trkpt lat="47.937166" lon="-122.952264"></trkpt><trkpt lat="47.937217" lon="-122.952497"></trkpt><trkpt lat="47.937257" lon="-122.952730"></trkpt><trkpt lat="47.937337" lon="-122.952963"></trkpt><trkpt lat="47.937417" lon="-122.953196"></trkpt><trkpt lat="47.937508" lon="-122.953478"></trkpt><trkpt lat="47.937558" lon="-122.953711"></trkpt><trkpt lat="47.937558" lon="-122.954028"></trkpt><trkpt lat="47.937968" lon="-122.954752"></trkpt><trkpt lat="47.938084" lon="-122.954752"></trkpt><trkpt lat="47.938244" lon="-122.954813"></trkpt><trkpt lat="47.938393" lon="-122.954910"></trkpt><trkpt lat="47.938532" lon="-122.955006"></trkpt><trkpt lat="47.938713" lon="-122.955043"></trkpt><trkpt lat="47.938902" lon="-122.955043"></trkpt><trkpt lat="47.938991" lon="-122.954876"></trkpt><trkpt lat="47.939042" lon="-122.954646"></trkpt><trkpt lat="47.939112" lon="-122.954438"></trkpt><trkpt lat="47.939142" lon="-122.954180"></trkpt><trkpt lat="47.939142" lon="-122.953886"></trkpt><trkpt lat="47.939142" lon="-122.953583"></trkpt><trkpt lat="47.939142" lon="-122.953305"></trkpt><trkpt lat="47.939142" lon="-122.953036"></trkpt><trkpt lat="47.939202" lon="-122.952803"></trkpt><trkpt lat="47.939283" lon="-122.952558"></trkpt><trkpt lat="47.939363" lon="-122.952325"></trkpt><trkpt lat="47.939453" lon="-122.952116"></trkpt><trkpt lat="47.939504" lon="-122.951883"></trkpt><trkpt lat="47.939564" lon="-122.951663"></trkpt><trkpt lat="47.939623" lon="-122.951424"></trkpt><trkpt lat="47.939623" lon="-122.951149"></trkpt><trkpt lat="47.939532" lon="-122.950916"></trkpt><trkpt lat="47.939502" lon="-122.950671"></trkpt><trkpt lat="47.939412" lon="-122.950450"></trkpt><trkpt lat="47.939352" lon="-122.950231"></trkpt><trkpt lat="47.939322" lon="-122.949974"></trkpt><trkpt lat="47.939322" lon="-122.949692"></trkpt><trkpt lat="47.939352" lon="-122.949435"></trkpt><trkpt lat="47.939432" lon="-122.949251"></trkpt><trkpt lat="47.939512" lon="-122.949067"></trkpt><trkpt lat="47.939642" lon="-122.948872"></trkpt><trkpt lat="47.939731" lon="-122.948690"></trkpt><trkpt lat="47.939851" lon="-122.948543"></trkpt><trkpt lat="47.940011" lon="-122.948420"></trkpt><trkpt lat="47.940151" lon="-122.948212"></trkpt><trkpt lat="47.940292" lon="-122.948053"></trkpt><trkpt lat="47.940401" lon="-122.947809"></trkpt><trkpt lat="47.940480" lon="-122.947662"></trkpt><trkpt lat="47.940591" lon="-122.947553"></trkpt><trkpt lat="47.940701" lon="-122.947430"></trkpt><trkpt lat="47.940820" lon="-122.947283"></trkpt><trkpt lat="47.941000" lon="-122.947101"></trkpt><trkpt lat="47.941100" lon="-122.946868"></trkpt><trkpt lat="47.941211" lon="-122.946660"></trkpt><trkpt lat="47.941300" lon="-122.946427"></trkpt><trkpt lat="47.941400" lon="-122.946292"></trkpt><trkpt lat="47.941511" lon="-122.946084"></trkpt><trkpt lat="47.941621" lon="-122.945949"></trkpt><trkpt lat="47.941788" lon="-122.945889"></trkpt><trkpt lat="47.941928" lon="-122.945815"></trkpt><trkpt lat="47.942127" lon="-122.945815"></trkpt><trkpt lat="47.942385" lon="-122.945779"></trkpt><trkpt lat="47.942574" lon="-122.945779"></trkpt><trkpt lat="47.942755" lon="-122.945779"></trkpt><trkpt lat="47.942936" lon="-122.945705"></trkpt><trkpt lat="47.943105" lon="-122.945668"></trkpt><trkpt lat="47.943286" lon="-122.945668"></trkpt><trkpt lat="47.943517" lon="-122.945668"></trkpt><trkpt lat="47.943716" lon="-122.945668"></trkpt><trkpt lat="47.943936" lon="-122.945705"></trkpt><trkpt lat="47.944117" lon="-122.945705"></trkpt><trkpt lat="47.944287" lon="-122.945742"></trkpt><trkpt lat="47.944487" lon="-122.945779"></trkpt><trkpt lat="47.944687" lon="-122.945815"></trkpt><trkpt lat="47.944857" lon="-122.945852"></trkpt><trkpt lat="47.945038" lon="-122.945852"></trkpt><trkpt lat="47.945249" lon="-122.945852"></trkpt><trkpt lat="47.945430" lon="-122.945852"></trkpt><trkpt lat="47.945630" lon="-122.945852"></trkpt><trkpt lat="47.945810" lon="-122.945852"></trkpt><trkpt lat="47.946945" lon="-122.945641"></trkpt><trkpt lat="47.947033" lon="-122.945606"></trkpt><trkpt lat="47.947183" lon="-122.945569"></trkpt><trkpt lat="47.947381" lon="-122.945606"></trkpt><trkpt lat="47.947562" lon="-122.945740"></trkpt><trkpt lat="47.947743" lon="-122.945851"></trkpt><trkpt lat="47.947921" lon="-122.945996"></trkpt><trkpt lat="47.948102" lon="-122.946070"></trkpt><trkpt lat="47.948312" lon="-122.946131"></trkpt><trkpt lat="47.948523" lon="-122.946205"></trkpt><trkpt lat="47.948704" lon="-122.946241"></trkpt><trkpt lat="47.948865" lon="-122.946315"></trkpt><trkpt lat="47.949055" lon="-122.946438"></trkpt><trkpt lat="47.949236" lon="-122.946585"></trkpt><trkpt lat="47.949447" lon="-122.946695"></trkpt><trkpt lat="47.949628" lon="-122.946805"></trkpt><trkpt lat="47.949788" lon="-122.946903"></trkpt><trkpt lat="47.949969" lon="-122.947014"></trkpt><trkpt lat="47.950150" lon="-122.947148"></trkpt><trkpt lat="47.950331" lon="-122.947283"></trkpt><trkpt lat="47.950451" lon="-122.947453"></trkpt><trkpt lat="47.950511" lon="-122.947698"></trkpt><trkpt lat="47.950602" lon="-122.947919"></trkpt><trkpt lat="47.950722" lon="-122.948091"></trkpt><trkpt lat="47.950833" lon="-122.948238"></trkpt><trkpt lat="47.950993" lon="-122.948409"></trkpt><trkpt lat="47.951073" lon="-122.948581"></trkpt><trkpt lat="47.951073" lon="-122.948946"></trkpt><trkpt lat="47.951164" lon="-122.949105"></trkpt><trkpt lat="47.951304" lon="-122.949277"></trkpt><trkpt lat="47.951375" lon="-122.949508"></trkpt><trkpt lat="47.951435" lon="-122.949778"></trkpt><trkpt lat="47.951465" lon="-122.950060"></trkpt><trkpt lat="47.951515" lon="-122.950329"></trkpt><trkpt lat="47.951656" lon="-122.950513"></trkpt><trkpt lat="47.951836" lon="-122.950599"></trkpt><trkpt lat="47.952047" lon="-122.950709"></trkpt><trkpt lat="47.952218" lon="-122.950783"></trkpt><trkpt lat="47.952428" lon="-122.950893"></trkpt><trkpt lat="47.952639" lon="-122.950991"></trkpt><trkpt lat="47.952808" lon="-122.951100"></trkpt><trkpt lat="47.952969" lon="-122.951235"></trkpt><trkpt lat="47.953119" lon="-122.951382"></trkpt><trkpt lat="47.953270" lon="-122.951529"></trkpt><trkpt lat="47.953461" lon="-122.951664"></trkpt><trkpt lat="47.953672" lon="-122.951848"></trkpt><trkpt lat="47.953812" lon="-122.952019"></trkpt><trkpt lat="47.953963" lon="-122.952203"></trkpt><trkpt lat="47.954202" lon="-122.952277"></trkpt><trkpt lat="47.954788" lon="-122.952345"></trkpt><trkpt lat="47.954838" lon="-122.952345"></trkpt><trkpt lat="47.955019" lon="-122.952345"></trkpt><trkpt lat="47.955177" lon="-122.952308"></trkpt><trkpt lat="47.955347" lon="-122.952271"></trkpt><trkpt lat="47.955487" lon="-122.952198"></trkpt><trkpt lat="47.955687" lon="-122.952198"></trkpt><trkpt lat="47.955864" lon="-122.952198"></trkpt><trkpt lat="47.956045" lon="-122.952271"></trkpt><trkpt lat="47.956316" lon="-122.952345"></trkpt><trkpt lat="47.956465" lon="-122.952382"></trkpt><trkpt lat="47.956646" lon="-122.952418"></trkpt><trkpt lat="47.956837" lon="-122.952504"></trkpt><trkpt lat="47.957078" lon="-122.952615"></trkpt><trkpt lat="47.957257" lon="-122.952725"></trkpt><trkpt lat="47.957378" lon="-122.952945"></trkpt><trkpt lat="47.957518" lon="-122.953142"></trkpt><trkpt lat="47.957609" lon="-122.953336"></trkpt><trkpt lat="47.957719" lon="-122.953545"></trkpt><trkpt lat="47.957779" lon="-122.953777"></trkpt><trkpt lat="47.957828" lon="-122.953986"></trkpt><trkpt lat="47.957969" lon="-122.954231"></trkpt><trkpt lat="47.958089" lon="-122.954427"></trkpt><trkpt lat="47.958150" lon="-122.954648"></trkpt><trkpt lat="47.958230" lon="-122.954881"></trkpt><trkpt lat="47.958310" lon="-122.955212"></trkpt><trkpt lat="47.958391" lon="-122.955432"></trkpt><trkpt lat="47.958481" lon="-122.955653"></trkpt><trkpt lat="47.958602" lon="-122.955873"></trkpt><trkpt lat="47.958682" lon="-122.956168"></trkpt><trkpt lat="47.958802" lon="-122.956376"></trkpt><trkpt lat="47.958923" lon="-122.956584"></trkpt><trkpt lat="47.959043" lon="-122.956829"></trkpt><trkpt lat="47.959124" lon="-122.957050"></trkpt><trkpt lat="47.959214" lon="-122.957271"></trkpt><trkpt lat="47.959244" lon="-122.957528"></trkpt><trkpt lat="47.959303" lon="-122.957723"></trkpt><trkpt lat="47.959422" lon="-122.957904"></trkpt><trkpt lat="47.959583" lon="-122.957977"></trkpt><trkpt lat="47.959754" lon="-122.958051"></trkpt><trkpt lat="47.959924" lon="-122.958124"></trkpt><trkpt lat="47.960095" lon="-122.958235"></trkpt><trkpt lat="47.960214" lon="-122.958342"></trkpt><trkpt lat="47.960375" lon="-122.958477"></trkpt><trkpt lat="47.960455" lon="-122.958685"></trkpt><trkpt lat="47.960516" lon="-122.958942"></trkpt><trkpt lat="47.960576" lon="-122.959188"></trkpt><trkpt lat="47.960625" lon="-122.959418"></trkpt><trkpt lat="47.960655" lon="-122.959699"></trkpt><trkpt lat="47.960685" lon="-122.959969"></trkpt><trkpt lat="47.960715" lon="-122.960239"></trkpt><trkpt lat="47.960775" lon="-122.960458"></trkpt><trkpt lat="47.960834" lon="-122.960712"></trkpt><trkpt lat="47.960984" lon="-122.960895"></trkpt><trkpt lat="47.961094" lon="-122.961128"></trkpt><trkpt lat="47.961245" lon="-122.961348"></trkpt><trkpt lat="47.961335" lon="-122.961679"></trkpt><trkpt lat="47.961446" lon="-122.961863"></trkpt><trkpt lat="47.961546" lon="-122.962058"></trkpt><trkpt lat="47.961657" lon="-122.962229"></trkpt><trkpt lat="47.961816" lon="-122.962338"></trkpt><trkpt lat="47.961987" lon="-122.962448"></trkpt><trkpt lat="47.962187" lon="-122.962485"></trkpt><trkpt lat="47.962376" lon="-122.962485"></trkpt><trkpt lat="47.963084" lon="-122.962387"></trkpt><trkpt lat="47.963254" lon="-122.962461"></trkpt><trkpt lat="47.963425" lon="-122.962534"></trkpt><trkpt lat="47.963565" lon="-122.962706"></trkpt><trkpt lat="47.963706" lon="-122.962841"></trkpt><trkpt lat="47.963826" lon="-122.962951"></trkpt><trkpt lat="47.963997" lon="-122.963049"></trkpt><trkpt lat="47.964166" lon="-122.963182"></trkpt><trkpt lat="47.964287" lon="-122.963403"></trkpt><trkpt lat="47.964367" lon="-122.963599"></trkpt><trkpt lat="47.964448" lon="-122.963795"></trkpt><trkpt lat="47.964558" lon="-122.963979"></trkpt><trkpt lat="47.964668" lon="-122.964212"></trkpt><trkpt lat="47.964759" lon="-122.964468"></trkpt><trkpt lat="47.964789" lon="-122.964736"></trkpt><trkpt lat="47.964849" lon="-122.964957"></trkpt><trkpt lat="47.964869" lon="-122.965202"></trkpt><trkpt lat="47.964869" lon="-122.965496"></trkpt><trkpt lat="47.964869" lon="-122.965813"></trkpt><trkpt lat="47.964869" lon="-122.966120"></trkpt><trkpt lat="47.964948" lon="-122.966363"></trkpt><trkpt lat="47.965009" lon="-122.966682"></trkpt><trkpt lat="47.965069" lon="-122.966962"></trkpt><trkpt lat="47.965159" lon="-122.967158"></trkpt><trkpt lat="47.965220" lon="-122.967416"></trkpt><trkpt lat="47.965270" lon="-122.967661"></trkpt><trkpt lat="47.965330" lon="-122.967906"></trkpt><trkpt lat="47.965390" lon="-122.968163"></trkpt><trkpt lat="47.965440" lon="-122.968433"></trkpt><trkpt lat="47.965501" lon="-122.968689"></trkpt><trkpt lat="47.965561" lon="-122.968933"></trkpt><trkpt lat="47.965651" lon="-122.969117"></trkpt><trkpt lat="47.965651" lon="-122.969386"></trkpt><trkpt lat="47.965730" lon="-122.969642"></trkpt><trkpt lat="47.965791" lon="-122.969900"></trkpt><trkpt lat="47.965930" lon="-122.970071"></trkpt><trkpt lat="47.966060" lon="-122.970169"></trkpt><trkpt lat="47.966231" lon="-122.970132"></trkpt><trkpt lat="47.966332" lon="-122.969998"></trkpt><trkpt lat="47.966462" lon="-122.969890"></trkpt><trkpt lat="47.966632" lon="-122.969745"></trkpt><trkpt lat="47.966721" lon="-122.969598"></trkpt><trkpt lat="47.966830" lon="-122.969487"></trkpt><trkpt lat="47.966967" lon="-122.969414"></trkpt><trkpt lat="47.967074" lon="-122.969280"></trkpt><trkpt lat="47.967222" lon="-122.969135"></trkpt><trkpt lat="47.967350" lon="-122.969003"></trkpt><trkpt lat="47.967544" lon="-122.969003"></trkpt><trkpt lat="47.967724" lon="-122.969040"></trkpt><trkpt lat="47.967904" lon="-122.969040"></trkpt><trkpt lat="47.968084" lon="-122.969040"></trkpt><trkpt lat="47.968275" lon="-122.969040"></trkpt><trkpt lat="47.968476" lon="-122.969040"></trkpt><trkpt lat="47.968657" lon="-122.969040"></trkpt><trkpt lat="47.968868" lon="-122.969040"></trkpt><trkpt lat="47.969048" lon="-122.969113"></trkpt><trkpt lat="47.969259" lon="-122.969187"></trkpt><trkpt lat="47.969450" lon="-122.969187"></trkpt><trkpt lat="47.969681" lon="-122.969187"></trkpt><trkpt lat="47.969862" lon="-122.969187"></trkpt><trkpt lat="47.970121" lon="-122.969187"></trkpt><trkpt lat="47.970312" lon="-122.969187"></trkpt><trkpt lat="47.970512" lon="-122.969187"></trkpt><trkpt lat="47.970743" lon="-122.969187"></trkpt><trkpt lat="47.970932" lon="-122.969224"></trkpt><trkpt lat="47.971123" lon="-122.969297"></trkpt><trkpt lat="47.971293" lon="-122.969371"></trkpt><trkpt lat="47.971473" lon="-122.969444"></trkpt><trkpt lat="47.971654" lon="-122.969444"></trkpt><trkpt lat="47.971854" lon="-122.969444"></trkpt><trkpt lat="47.972024" lon="-122.969518"></trkpt><trkpt lat="47.972205" lon="-122.969628"></trkpt><trkpt lat="47.972416" lon="-122.969751"></trkpt><trkpt lat="47.972625" lon="-122.969824"></trkpt><trkpt lat="47.972806" lon="-122.969898"></trkpt><trkpt lat="47.973027" lon="-122.969934"></trkpt><trkpt lat="47.973207" lon="-122.969971"></trkpt><trkpt lat="47.973385" lon="-122.970008"></trkpt><trkpt lat="47.973586" lon="-122.970081"></trkpt><trkpt lat="47.973766" lon="-122.970155"></trkpt><trkpt lat="47.973957" lon="-122.970155"></trkpt><trkpt lat="47.974138" lon="-122.970155"></trkpt><trkpt lat="47.974328" lon="-122.970155"></trkpt><trkpt lat="47.975601" lon="-122.970328"></trkpt><trkpt lat="47.975691" lon="-122.970352"></trkpt><trkpt lat="47.975902" lon="-122.970389"></trkpt><trkpt lat="47.976063" lon="-122.970487"></trkpt><trkpt lat="47.976274" lon="-122.970585"></trkpt><trkpt lat="47.976364" lon="-122.970793"></trkpt><trkpt lat="47.976515" lon="-122.971002"></trkpt><trkpt lat="47.976644" lon="-122.971172"></trkpt><trkpt lat="47.976785" lon="-122.971307"></trkpt><trkpt lat="47.976875" lon="-122.971466"></trkpt><trkpt lat="47.976975" lon="-122.971699"></trkpt><trkpt lat="47.977126" lon="-122.971809"></trkpt><trkpt lat="47.977295" lon="-122.971907"></trkpt><trkpt lat="47.977426" lon="-122.972091"></trkpt><trkpt lat="47.977577" lon="-122.972189"></trkpt><trkpt lat="47.977746" lon="-122.972226"></trkpt><trkpt lat="47.977897" lon="-122.972153"></trkpt><trkpt lat="47.978035" lon="-122.972056"></trkpt><trkpt lat="47.978185" lon="-122.971872"></trkpt><trkpt lat="47.978325" lon="-122.971737"></trkpt><trkpt lat="47.978526" lon="-122.971700"></trkpt><trkpt lat="47.978724" lon="-122.971700"></trkpt><trkpt lat="47.978883" lon="-122.971797"></trkpt><trkpt lat="47.979084" lon="-122.971907"></trkpt><trkpt lat="47.979235" lon="-122.972054"></trkpt><trkpt lat="47.979344" lon="-122.972260"></trkpt><trkpt lat="47.979404" lon="-122.972517"></trkpt><trkpt lat="47.979485" lon="-122.972787"></trkpt><trkpt lat="47.979535" lon="-122.973057"></trkpt><trkpt lat="47.979625" lon="-122.973289"></trkpt><trkpt lat="47.979685" lon="-122.973533"></trkpt><trkpt lat="47.979785" lon="-122.973715"></trkpt><trkpt lat="47.979845" lon="-122.973919"></trkpt><trkpt lat="47.979905" lon="-122.974163"></trkpt><trkpt lat="47.979905" lon="-122.974454"></trkpt><trkpt lat="47.979905" lon="-122.974733"></trkpt><trkpt lat="47.979905" lon="-122.975012"></trkpt><trkpt lat="47.979905" lon="-122.975294"></trkpt><trkpt lat="47.979965" lon="-122.975525"></trkpt><trkpt lat="47.980106" lon="-122.975734"></trkpt><trkpt lat="47.980225" lon="-122.975918"></trkpt><trkpt lat="47.980386" lon="-122.976053"></trkpt><trkpt lat="47.980555" lon="-122.976161"></trkpt><trkpt lat="47.980726" lon="-122.976223"></trkpt><trkpt lat="47.980907" lon="-122.976333"></trkpt><trkpt lat="47.981037" lon="-122.976406"></trkpt><trkpt lat="47.981177" lon="-122.976541"></trkpt><trkpt lat="47.981367" lon="-122.976676"></trkpt><trkpt lat="47.981527" lon="-122.976810"></trkpt><trkpt lat="47.981637" lon="-122.977006"></trkpt><trkpt lat="47.981728" lon="-122.977214"></trkpt><trkpt lat="47.981728" lon="-122.977507"></trkpt><trkpt lat="47.981725" lon="-122.977791"></trkpt><trkpt lat="47.981804" lon="-122.977984"></trkpt><trkpt lat="47.981945" lon="-122.978193"></trkpt><trkpt lat="47.982025" lon="-122.978387"></trkpt><trkpt lat="47.982025" lon="-122.978657"></trkpt><trkpt lat="47.982055" lon="-122.978914"></trkpt><trkpt lat="47.982076" lon="-122.979160"></trkpt><trkpt lat="47.982106" lon="-122.979454"></trkpt><trkpt lat="47.982136" lon="-122.979711"></trkpt><trkpt lat="47.982156" lon="-122.980005"></trkpt><trkpt lat="47.982186" lon="-122.980299"></trkpt><trkpt lat="47.982186" lon="-122.980569"></trkpt><trkpt lat="47.982186" lon="-122.980900"></trkpt><trkpt lat="47.982246" lon="-122.981170"></trkpt><trkpt lat="47.982337" lon="-122.981390"></trkpt><trkpt lat="47.982337" lon="-122.981660"></trkpt><trkpt lat="47.982367" lon="-122.981917"></trkpt><trkpt lat="47.982397" lon="-122.982199"></trkpt><trkpt lat="47.982397" lon="-122.982481"></trkpt><trkpt lat="47.982397" lon="-122.982849"></trkpt><trkpt lat="47.982427" lon="-122.983103"></trkpt><trkpt lat="47.982487" lon="-122.983361"></trkpt><trkpt lat="47.982557" lon="-122.983666"></trkpt><trkpt lat="47.982618" lon="-122.983874"></trkpt><trkpt lat="47.982708" lon="-122.984180"></trkpt><trkpt lat="47.982798" lon="-122.984401"></trkpt><trkpt lat="47.982878" lon="-122.984645"></trkpt><trkpt lat="47.982878" lon="-122.984914"></trkpt><trkpt lat="47.982938" lon="-122.985184"></trkpt><trkpt lat="47.982968" lon="-122.985441"></trkpt><trkpt lat="47.982998" lon="-122.985735"></trkpt><trkpt lat="47.983028" lon="-122.985993"></trkpt><trkpt lat="47.983058" lon="-122.986494"></trkpt><trkpt lat="47.983088" lon="-122.986751"></trkpt><trkpt lat="47.983149" lon="-122.986947"></trkpt><trkpt lat="47.983229" lon="-122.987180"></trkpt><trkpt lat="47.983259" lon="-122.987438"></trkpt><trkpt lat="47.983339" lon="-122.987646"></trkpt><trkpt lat="47.983430" lon="-122.987904"></trkpt><trkpt lat="47.983510" lon="-122.988198"></trkpt><trkpt lat="47.983540" lon="-122.988492"></trkpt><trkpt lat="47.983600" lon="-122.988762"></trkpt><trkpt lat="47.983600" lon="-122.989056"></trkpt><trkpt lat="47.983600" lon="-122.989387"></trkpt><trkpt lat="47.983600" lon="-122.989699"></trkpt><trkpt lat="47.983661" lon="-122.989945"></trkpt><trkpt lat="47.983691" lon="-122.990201"></trkpt><trkpt lat="47.983770" lon="-122.990420"></trkpt><trkpt lat="47.983830" lon="-122.990711"></trkpt><trkpt lat="47.983850" lon="-122.990976"></trkpt><trkpt lat="47.983880" lon="-122.991217"></trkpt><trkpt lat="47.983900" lon="-122.991455"></trkpt><trkpt lat="47.983931" lon="-122.991691"></trkpt><trkpt lat="47.983961" lon="-122.991985"></trkpt><trkpt lat="47.983961" lon="-122.992267"></trkpt><trkpt lat="47.983991" lon="-122.992512"></trkpt><trkpt lat="47.983991" lon="-122.992843"></trkpt><trkpt lat="47.983991" lon="-122.993211"></trkpt><trkpt lat="47.983961" lon="-122.993454"></trkpt><trkpt lat="47.983961" lon="-122.993761"></trkpt><trkpt lat="47.983961" lon="-122.994092"></trkpt><trkpt lat="47.983941" lon="-122.994335"></trkpt><trkpt lat="47.983890" lon="-122.994691"></trkpt><trkpt lat="47.983890" lon="-122.994985"></trkpt><trkpt lat="47.983860" lon="-122.995313"></trkpt><trkpt lat="47.983740" lon="-122.995644"></trkpt><trkpt lat="47.983680" lon="-122.995914"></trkpt><trkpt lat="47.983649" lon="-122.996171"></trkpt><trkpt lat="47.983619" lon="-122.996477"></trkpt><trkpt lat="47.983619" lon="-122.996747"></trkpt><trkpt lat="47.983619" lon="-122.997041"></trkpt><trkpt lat="47.983589" lon="-122.997323"></trkpt><trkpt lat="47.983559" lon="-122.997581"></trkpt><trkpt lat="47.983559" lon="-122.997875"></trkpt><trkpt lat="47.983559" lon="-122.998169"></trkpt><trkpt lat="47.983559" lon="-122.998463"></trkpt><trkpt lat="47.983559" lon="-122.998757"></trkpt><trkpt lat="47.983559" lon="-122.999039"></trkpt><trkpt lat="47.983559" lon="-122.999358"></trkpt><trkpt lat="47.983589" lon="-122.999600"></trkpt><trkpt lat="47.983639" lon="-122.999833"></trkpt><trkpt lat="47.983700" lon="-123.000090"></trkpt><trkpt lat="47.983750" lon="-123.000348"></trkpt><trkpt lat="47.983750" lon="-123.000614"></trkpt><trkpt lat="47.983830" lon="-123.000810"></trkpt><trkpt lat="47.983890" lon="-123.001056"></trkpt><trkpt lat="47.983941" lon="-123.001325"></trkpt><trkpt lat="47.983971" lon="-123.001618"></trkpt><trkpt lat="47.984091" lon="-123.001800"></trkpt><trkpt lat="47.984202" lon="-123.001972"></trkpt><trkpt lat="47.984322" lon="-123.002156"></trkpt><trkpt lat="47.984473" lon="-123.002352"></trkpt><trkpt lat="47.984612" lon="-123.002559"></trkpt><trkpt lat="47.984753" lon="-123.002669"></trkpt><trkpt lat="47.984903" lon="-123.002816"></trkpt><trkpt lat="47.985044" lon="-123.002963"></trkpt><trkpt lat="47.985094" lon="-123.003195"></trkpt><trkpt lat="47.985154" lon="-123.003427"></trkpt><trkpt lat="47.985154" lon="-123.003719"></trkpt><trkpt lat="47.985184" lon="-123.003952"></trkpt><trkpt lat="47.985184" lon="-123.004243"></trkpt><trkpt lat="47.985184" lon="-123.004572"></trkpt><trkpt lat="47.985174" lon="-123.004825"></trkpt><trkpt lat="47.985335" lon="-123.004960"></trkpt><trkpt lat="47.985486" lon="-123.005107"></trkpt><trkpt lat="47.985636" lon="-123.005242"></trkpt><trkpt lat="47.985786" lon="-123.005426"></trkpt><trkpt lat="47.985956" lon="-123.005463"></trkpt><trkpt lat="47.986087" lon="-123.005536"></trkpt><trkpt lat="47.986298" lon="-123.005610"></trkpt><trkpt lat="47.986468" lon="-123.005645"></trkpt><trkpt lat="47.986648" lon="-123.005645"></trkpt><trkpt lat="47.986827" lon="-123.005645"></trkpt><trkpt lat="47.987007" lon="-123.005645"></trkpt><trkpt lat="47.987228" lon="-123.005645"></trkpt><trkpt lat="47.987457" lon="-123.005682"></trkpt><trkpt lat="47.987628" lon="-123.005792"></trkpt><trkpt lat="47.987799" lon="-123.005902"></trkpt><trkpt lat="47.987980" lon="-123.005964"></trkpt><trkpt lat="47.988593" lon="-123.006286"></trkpt><trkpt lat="47.988613" lon="-123.006322"></trkpt><trkpt lat="47.988774" lon="-123.006420"></trkpt><trkpt lat="47.988924" lon="-123.006531"></trkpt><trkpt lat="47.989065" lon="-123.006604"></trkpt><trkpt lat="47.989226" lon="-123.006702"></trkpt><trkpt lat="47.989406" lon="-123.006813"></trkpt><trkpt lat="47.989587" lon="-123.006923"></trkpt><trkpt lat="47.989816" lon="-123.006960"></trkpt><trkpt lat="47.989996" lon="-123.007033"></trkpt><trkpt lat="47.990167" lon="-123.007144"></trkpt><trkpt lat="47.990338" lon="-123.007242"></trkpt><trkpt lat="47.990438" lon="-123.007412"></trkpt><trkpt lat="47.990559" lon="-123.007632"></trkpt><trkpt lat="47.990649" lon="-123.007804"></trkpt><trkpt lat="47.990729" lon="-123.008012"></trkpt><trkpt lat="47.990790" lon="-123.008207"></trkpt><trkpt lat="47.990850" lon="-123.008463"></trkpt><trkpt lat="47.990850" lon="-123.008756"></trkpt><trkpt lat="47.990850" lon="-123.009033"></trkpt><trkpt lat="47.990850" lon="-123.009363"></trkpt><trkpt lat="47.990850" lon="-123.009657"></trkpt><trkpt lat="47.990880" lon="-123.009873"></trkpt><trkpt lat="47.990940" lon="-123.010091"></trkpt><trkpt lat="47.991000" lon="-123.010310"></trkpt><trkpt lat="47.991081" lon="-123.010528"></trkpt><trkpt lat="47.991171" lon="-123.010748"></trkpt><trkpt lat="47.991322" lon="-123.010895"></trkpt><trkpt lat="47.991452" lon="-123.011006"></trkpt><trkpt lat="47.991632" lon="-123.011114"></trkpt><trkpt lat="47.991752" lon="-123.011225"></trkpt><trkpt lat="47.991922" lon="-123.011261"></trkpt><trkpt lat="47.992071" lon="-123.011298"></trkpt><trkpt lat="47.992241" lon="-123.011370"></trkpt><trkpt lat="47.992431" lon="-123.011468"></trkpt><trkpt lat="47.992661" lon="-123.011505"></trkpt><trkpt lat="47.992841" lon="-123.011511"></trkpt><trkpt lat="47.992890" lon="-123.011511"></trkpt><trkpt lat="47.993061" lon="-123.011585"></trkpt><trkpt lat="47.993231" lon="-123.011657"></trkpt><trkpt lat="47.993391" lon="-123.011730"></trkpt><trkpt lat="47.993582" lon="-123.011730"></trkpt><trkpt lat="47.993800" lon="-123.011730"></trkpt><trkpt lat="47.994001" lon="-123.011730"></trkpt><trkpt lat="47.994181" lon="-123.011730"></trkpt><trkpt lat="47.994362" lon="-123.011730"></trkpt><trkpt lat="47.994581" lon="-123.011693"></trkpt><trkpt lat="47.994741" lon="-123.011632"></trkpt><trkpt lat="47.994910" lon="-123.011522"></trkpt><trkpt lat="47.995029" lon="-123.011413"></trkpt><trkpt lat="47.995170" lon="-123.011290"></trkpt><trkpt lat="47.995280" lon="-123.011156"></trkpt><trkpt lat="47.995401" lon="-123.010972"></trkpt><trkpt lat="47.995521" lon="-123.010751"></trkpt><trkpt lat="47.995632" lon="-123.010655"></trkpt><trkpt lat="47.995722" lon="-123.010483"></trkpt><trkpt lat="47.995873" lon="-123.010336"></trkpt><trkpt lat="47.995983" lon="-123.010152"></trkpt><trkpt lat="47.996123" lon="-123.010017"></trkpt><trkpt lat="47.996271" lon="-123.009812"></trkpt><trkpt lat="47.996418" lon="-123.009703"></trkpt><trkpt lat="47.996567" lon="-123.009593"></trkpt><trkpt lat="47.996728" lon="-123.009433"></trkpt><trkpt lat="47.996867" lon="-123.009324"></trkpt><trkpt lat="47.996986" lon="-123.009214"></trkpt><trkpt lat="47.997126" lon="-123.009105"></trkpt><trkpt lat="47.997265" lon="-123.008995"></trkpt><trkpt lat="47.997416" lon="-123.008872"></trkpt><trkpt lat="47.997556" lon="-123.008762"></trkpt><trkpt lat="47.997697" lon="-123.008664"></trkpt><trkpt lat="47.997848" lon="-123.008554"></trkpt><trkpt lat="47.997988" lon="-123.008480"></trkpt><trkpt lat="47.998159" lon="-123.008407"></trkpt><trkpt lat="47.998327" lon="-123.008335"></trkpt><trkpt lat="47.998494" lon="-123.008298"></trkpt><trkpt lat="47.998654" lon="-123.008226"></trkpt><trkpt lat="47.998822" lon="-123.008154"></trkpt><trkpt lat="47.998951" lon="-123.008080"></trkpt><trkpt lat="47.999101" lon="-123.008007"></trkpt><trkpt lat="47.999279" lon="-123.007970"></trkpt><trkpt lat="47.999467" lon="-123.007896"></trkpt><trkpt lat="47.999607" lon="-123.007800"></trkpt><trkpt lat="47.999717" lon="-123.007665"></trkpt><trkpt lat="47.999857" lon="-123.007542"></trkpt><trkpt lat="48.000008" lon="-123.007322"></trkpt><trkpt lat="48.000125" lon="-123.007188"></trkpt><trkpt lat="48.000264" lon="-123.007090"></trkpt><trkpt lat="48.000415" lon="-123.006980"></trkpt><trkpt lat="48.000544" lon="-123.006883"></trkpt><trkpt lat="48.000714" lon="-123.006736"></trkpt><trkpt lat="48.000854" lon="-123.006626"></trkpt><trkpt lat="48.000995" lon="-123.006516"></trkpt><trkpt lat="48.001133" lon="-123.006407"></trkpt><trkpt lat="48.001300" lon="-123.006298"></trkpt><trkpt lat="48.001441" lon="-123.006188"></trkpt><trkpt lat="48.001610" lon="-123.006079"></trkpt><trkpt lat="48.001721" lon="-123.005909"></trkpt><trkpt lat="48.001811" lon="-123.005726"></trkpt><trkpt lat="48.001931" lon="-123.005530"></trkpt><trkpt lat="48.002052" lon="-123.005359"></trkpt><trkpt lat="48.002162" lon="-123.005214"></trkpt><trkpt lat="48.002282" lon="-123.005080"></trkpt><trkpt lat="48.002382" lon="-123.004884"></trkpt><trkpt lat="48.002502" lon="-123.004663"></trkpt><trkpt lat="48.002651" lon="-123.004530"></trkpt><trkpt lat="48.002770" lon="-123.004396"></trkpt><trkpt lat="48.002888" lon="-123.004287"></trkpt><trkpt lat="48.003038" lon="-123.004189"></trkpt><trkpt lat="48.003158" lon="-123.004091"></trkpt><trkpt lat="48.003299" lon="-123.003981"></trkpt><trkpt lat="48.003418" lon="-123.003823"></trkpt><trkpt lat="48.003555" lon="-123.003714"></trkpt><trkpt lat="48.003693" lon="-123.003570"></trkpt><trkpt lat="48.003852" lon="-123.003484"></trkpt><trkpt lat="48.003970" lon="-123.003340"></trkpt><trkpt lat="48.004117" lon="-123.003256"></trkpt><trkpt lat="48.004247" lon="-123.003170"></trkpt><trkpt lat="48.004357" lon="-123.003072"></trkpt><trkpt lat="48.004545" lon="-123.003035"></trkpt><trkpt lat="48.004713" lon="-123.003086"></trkpt><trkpt lat="48.005929" lon="-123.002693"></trkpt><trkpt lat="48.006368" lon="-123.002836"></trkpt><trkpt lat="48.007427" lon="-123.002494"></trkpt><trkpt lat="48.008449" lon="-123.002767"></trkpt><trkpt lat="48.009025" lon="-123.002359"></trkpt><trkpt lat="48.009677" lon="-123.002322"></trkpt><trkpt lat="48.010225" lon="-123.001760"></trkpt><trkpt lat="48.011498" lon="-123.002378"></trkpt><trkpt lat="48.012023" lon="-123.002195"></trkpt><trkpt lat="48.012482" lon="-123.002437"></trkpt><trkpt lat="48.013552" lon="-123.000740"></trkpt><trkpt lat="48.015010" lon="-123.000575"></trkpt><trkpt lat="48.015952" lon="-123.000088"></trkpt><trkpt lat="48.017632" lon="-123.000943"></trkpt><trkpt lat="48.018651" lon="-123.000051"></trkpt><trkpt lat="48.019862" lon="-123.000457"></trkpt><trkpt lat="48.021377" lon="-123.000191"></trkpt><trkpt lat="48.021686" lon="-123.000077"></trkpt></trkseg></trk></gpx>