<?xml version="1.0" encoding="UTF-8"?>
<gpx version="1.1" creator="Bob's App reviewed Voyager ride export" xmlns="http://www.topografix.com/GPX/1/1" xmlns:TT="http://www.trailtech.net/xml">
  <metadata><name>2016 BLACKDOG</name><desc>Performance-reduced ride data derived from approved 2016 Blackdog.</desc></metadata>
  <wpt lat="45.530092" lon="-121.521152"><name>A-B reset</name></wpt>
  <wpt lat="45.637324" lon="-121.558440"><name>Hood River Fairground</name></wpt>
  <wpt lat="45.228096" lon="-121.269480"><name>Wamic Gas</name></wpt>
  <trk><name>2016 BLACKDOG</name><trkseg>
      <trkpt lat="45.636203" lon="-121.557784"><ele>233.1</ele><time>2026-08-18T14:00:00.000Z</time><extensions><TT:RideData eng="19.3" air="23.6" spd="4.7" rpm="0"/></extensions></trkpt>
      <trkpt lat="45.636148" lon="-121.557813"><ele>231.6</ele><time>2026-08-18T14:06:26.000Z</time><extensions><TT:RideData eng="21.0" air="25.1" spd="0.0" rpm="7"/></extensions></trkpt>
      <trkpt lat="45.636166" lon="-121.557821"><ele>231.3</ele><time>2026-08-18T14:07:02.000Z</time><extensions><TT:RideData eng="21.3" air="24.8" spd="0.0" rpm="1747"/></extensions></trkpt>
      <trkpt lat="45.636166" lon="-121.557825"><ele>231.5</ele><time>2026-08-18T14:07:12.000Z</time><extensions><TT:RideData eng="22.1" air="24.8" spd="0.0" rpm="2815"/></extensions></trkpt>
      <trkpt lat="45.636168" lon="-121.557823"><ele>231.5</ele><time>2026-08-18T14:07:20.000Z</time><extensions><TT:RideData eng="24.0" air="24.9" spd="0.0" rpm="3863"/></extensions></trkpt>
      <trkpt lat="45.636168" lon="-121.557825"><ele>231.5</ele><time>2026-08-18T14:07:28.000Z</time><extensions><TT:RideData eng="26.4" air="25.0" spd="0.0" rpm="3222"/></extensions></trkpt>
      <trkpt lat="45.636173" lon="-121.557826"><ele>231.5</ele><time>2026-08-18T14:07:36.000Z</time><extensions><TT:RideData eng="29.0" air="25.1" spd="0.0" rpm="3172"/></extensions></trkpt>
      <trkpt lat="45.636171" lon="-121.557823"><ele>231.5</ele><time>2026-08-18T14:07:44.000Z</time><extensions><TT:RideData eng="31.5" air="25.0" spd="0.0" rpm="3513"/></extensions></trkpt>
      <trkpt lat="45.636106" lon="-121.557848"><ele>231.2</ele><time>2026-08-18T14:07:52.000Z</time><extensions><TT:RideData eng="33.8" air="24.8" spd="16.6" rpm="3965"/></extensions></trkpt>
      <trkpt lat="45.635761" lon="-121.558083"><ele>230.7</ele><time>2026-08-18T14:08:00.000Z</time><extensions><TT:RideData eng="36.0" air="24.0" spd="19.2" rpm="2700"/></extensions></trkpt>
      <trkpt lat="45.635833" lon="-121.558595"><ele>231.7</ele><time>2026-08-18T14:08:08.000Z</time><extensions><TT:RideData eng="38.0" air="23.4" spd="17.5" rpm="3007"/></extensions></trkpt>
      <trkpt lat="45.635741" lon="-121.559011"><ele>231.7</ele><time>2026-08-18T14:08:16.000Z</time><extensions><TT:RideData eng="39.9" air="23.0" spd="18.3" rpm="3269"/></extensions></trkpt>
      <trkpt lat="45.635511" lon="-121.559248"><ele>231.3</ele><time>2026-08-18T14:08:24.000Z</time><extensions><TT:RideData eng="41.6" air="22.6" spd="9.9" rpm="1766"/></extensions></trkpt>
      <trkpt lat="45.635426" lon="-121.559361"><ele>232.5</ele><time>2026-08-18T14:10:46.000Z</time><extensions><TT:RideData eng="41.1" air="25.7" spd="0.0" rpm="3851"/></extensions></trkpt>
      <trkpt lat="45.635745" lon="-121.559116"><ele>234.6</ele><time>2026-08-18T14:10:54.000Z</time><extensions><TT:RideData eng="41.9" air="24.9" spd="26.0" rpm="3460"/></extensions></trkpt>
      <trkpt lat="45.636188" lon="-121.558639"><ele>235.5</ele><time>2026-08-18T14:11:02.000Z</time><extensions><TT:RideData eng="43.5" air="23.9" spd="27.9" rpm="3501"/></extensions></trkpt>
      <trkpt lat="45.636276" lon="-121.557875"><ele>233.1</ele><time>2026-08-18T14:11:10.000Z</time><extensions><TT:RideData eng="44.8" air="23.4" spd="24.0" rpm="3057"/></extensions></trkpt>
      <trkpt lat="45.636481" lon="-121.557371"><ele>231.5</ele><time>2026-08-18T14:11:18.000Z</time><extensions><TT:RideData eng="46.0" air="23.1" spd="18.0" rpm="2322"/></extensions></trkpt>
      <trkpt lat="45.636746" lon="-121.557211"><ele>229.0</ele><time>2026-08-18T14:11:26.000Z</time><extensions><TT:RideData eng="47.3" air="22.8" spd="7.1" rpm="1822"/></extensions></trkpt>
      <trkpt lat="45.636781" lon="-121.557130"><ele>229.9</ele><time>2026-08-18T14:11:34.000Z</time><extensions><TT:RideData eng="48.4" air="22.8" spd="0.0" rpm="1830"/></extensions></trkpt>
      <trkpt lat="45.636818" lon="-121.557130"><ele>230.8</ele><time>2026-08-18T14:11:42.000Z</time><extensions><TT:RideData eng="49.8" air="22.7" spd="5.6" rpm="1975"/></extensions></trkpt>
      <trkpt lat="45.636761" lon="-121.557145"><ele>231.5</ele><time>2026-08-18T14:12:53.000Z</time><extensions><TT:RideData eng="51.5" air="23.2" spd="0.0" rpm="7"/></extensions></trkpt>
      <trkpt lat="45.636763" lon="-121.557141"><ele>231.5</ele><time>2026-08-18T14:13:08.000Z</time><extensions><TT:RideData eng="51.5" air="23.4" spd="8.0" rpm="2471"/></extensions></trkpt>
      <trkpt lat="45.636800" lon="-121.557283"><ele>231.9</ele><time>2026-08-18T14:13:16.000Z</time><extensions><TT:RideData eng="51.9" air="23.0" spd="9.8" rpm="2363"/></extensions></trkpt>
      <trkpt lat="45.636810" lon="-121.557648"><ele>232.4</ele><time>2026-08-18T14:13:24.000Z</time><extensions><TT:RideData eng="53.1" air="22.8" spd="13.5" rpm="3024"/></extensions></trkpt>
      <trkpt lat="45.636816" lon="-121.558040"><ele>233.3</ele><time>2026-08-18T14:13:32.000Z</time><extensions><TT:RideData eng="54.5" air="22.6" spd="11.9" rpm="2549"/></extensions></trkpt>
      <trkpt lat="45.636818" lon="-121.558021"><ele>235.5</ele><time>2026-08-18T14:17:15.000Z</time><extensions><TT:RideData eng="52.7" air="27.0" spd="8.0" rpm="0"/></extensions></trkpt>
      <trkpt lat="45.636738" lon="-121.557245"><ele>237.3</ele><time>2026-08-18T14:32:26.000Z</time><extensions><TT:RideData eng="42.7" air="28.6" spd="0.0" rpm="1761"/></extensions></trkpt>
      <trkpt lat="45.636623" lon="-121.557285"><ele>237.4</ele><time>2026-08-18T14:32:34.000Z</time><extensions><TT:RideData eng="40.8" air="28.1" spd="9.2" rpm="0"/></extensions></trkpt>
      <trkpt lat="45.636510" lon="-121.557301"><ele>236.5</ele><time>2026-08-18T14:33:59.000Z</time><extensions><TT:RideData eng="40.7" air="26.7" spd="13.6" rpm="3439"/></extensions></trkpt>
      <trkpt lat="45.636126" lon="-121.557468"><ele>236.7</ele><time>2026-08-18T14:40:26.000Z</time><extensions><TT:RideData eng="41.4" air="26.7" spd="9.0" rpm="0"/></extensions></trkpt>
      <trkpt lat="45.636023" lon="-121.557461"><ele>242.9</ele><time>2026-08-18T14:41:42.000Z</time><extensions><TT:RideData eng="40.4" air="27.1" spd="0.0" rpm="1768"/></extensions></trkpt>
      <trkpt lat="45.635891" lon="-121.557485"><ele>242.8</ele><time>2026-08-18T14:41:50.000Z</time><extensions><TT:RideData eng="39.9" air="26.8" spd="13.1" rpm="3470"/></extensions></trkpt>
      <trkpt lat="45.635651" lon="-121.557519"><ele>241.4</ele><time>2026-08-18T14:41:58.000Z</time><extensions><TT:RideData eng="41.2" air="26.0" spd="13.3" rpm="4945"/></extensions></trkpt>
      <trkpt lat="45.635393" lon="-121.557481"><ele>237.2</ele><time>2026-08-18T14:42:06.000Z</time><extensions><TT:RideData eng="42.7" air="25.4" spd="12.2" rpm="1884"/></extensions></trkpt>
      <trkpt lat="45.635445" lon="-121.557633"><ele>232.6</ele><time>2026-08-18T14:42:14.000Z</time><extensions><TT:RideData eng="44.3" air="24.9" spd="13.7" rpm="2178"/></extensions></trkpt>
      <trkpt lat="45.635758" lon="-121.557665"><ele>231.1</ele><time>2026-08-18T14:42:22.000Z</time><extensions><TT:RideData eng="45.8" air="24.5" spd="11.0" rpm="2421"/></extensions></trkpt>
      <trkpt lat="45.636030" lon="-121.557763"><ele>229.7</ele><time>2026-08-18T14:42:30.000Z</time><extensions><TT:RideData eng="47.3" air="24.2" spd="11.4" rpm="1857"/></extensions></trkpt>
      <trkpt lat="45.636235" lon="-121.557698"><ele>229.7</ele><time>2026-08-18T14:42:38.000Z</time><extensions><TT:RideData eng="48.7" air="24.1" spd="20.5" rpm="3217"/></extensions></trkpt>
      <trkpt lat="45.636533" lon="-121.557346"><ele>228.2</ele><time>2026-08-18T14:42:46.000Z</time><extensions><TT:RideData eng="50.1" air="23.9" spd="14.3" rpm="2322"/></extensions></trkpt>
      <trkpt lat="45.636718" lon="-121.557355"><ele>227.5</ele><time>2026-08-18T14:43:26.000Z</time><extensions><TT:RideData eng="51.5" air="24.6" spd="5.1" rpm="0"/></extensions></trkpt>
      <trkpt lat="45.636681" lon="-121.557203"><ele>228.6</ele><time>2026-08-18T14:43:34.000Z</time><extensions><TT:RideData eng="51.4" air="24.9" spd="4.9" rpm="0"/></extensions></trkpt>
      <trkpt lat="45.636670" lon="-121.557173"><ele>230.2</ele><time>2026-08-18T14:45:03.000Z</time><extensions><TT:RideData eng="52.6" air="28.5" spd="0.0" rpm="3309"/></extensions></trkpt>
      <trkpt lat="45.636558" lon="-121.557378"><ele>231.3</ele><time>2026-08-18T14:45:11.000Z</time><extensions><TT:RideData eng="50.9" air="27.4" spd="16.8" rpm="2215"/></extensions></trkpt>
      <trkpt lat="45.636368" lon="-121.558003"><ele>232.9</ele><time>2026-08-18T14:45:19.000Z</time><extensions><TT:RideData eng="51.6" air="26.1" spd="27.5" rpm="3171"/></extensions></trkpt>
      <trkpt lat="45.636259" lon="-121.558791"><ele>233.8</ele><time>2026-08-18T14:45:27.000Z</time><extensions><TT:RideData eng="52.4" air="24.9" spd="24.8" rpm="3162"/></extensions></trkpt>
      <trkpt lat="45.636023" lon="-121.559046"><ele>233.3</ele><time>2026-08-18T14:45:35.000Z</time><extensions><TT:RideData eng="53.5" air="24.1" spd="12.9" rpm="2408"/></extensions></trkpt>
      <trkpt lat="45.636178" lon="-121.558770"><ele>233.4</ele><time>2026-08-18T14:45:43.000Z</time><extensions><TT:RideData eng="54.4" air="24.1" spd="13.9" rpm="3243"/></extensions></trkpt>
      <trkpt lat="45.636233" lon="-121.558270"><ele>230.8</ele><time>2026-08-18T14:45:51.000Z</time><extensions><TT:RideData eng="55.6" air="24.1" spd="15.0" rpm="1885"/></extensions></trkpt>
      <trkpt lat="45.636233" lon="-121.557860"><ele>228.4</ele><time>2026-08-18T14:45:59.000Z</time><extensions><TT:RideData eng="56.3" air="24.1" spd="13.4" rpm="1842"/></extensions></trkpt>
      <trkpt lat="45.636250" lon="-121.557498"><ele>225.4</ele><time>2026-08-18T14:46:07.000Z</time><extensions><TT:RideData eng="57.1" air="24.3" spd="9.0" rpm="1828"/></extensions></trkpt>
      <trkpt lat="45.636236" lon="-121.557293"><ele>225.6</ele><time>2026-08-18T14:46:15.000Z</time><extensions><TT:RideData eng="58.0" air="24.6" spd="5.3" rpm="1875"/></extensions></trkpt>
      <trkpt lat="45.636204" lon="-121.557233"><ele>225.5</ele><time>2026-08-18T14:46:23.000Z</time><extensions><TT:RideData eng="59.2" air="25.1" spd="0.0" rpm="3640"/></extensions></trkpt>
      <trkpt lat="45.636201" lon="-121.557239"><ele>224.3</ele><time>2026-08-18T14:46:41.000Z</time><extensions><TT:RideData eng="60.1" air="25.9" spd="0.0" rpm="3320"/></extensions></trkpt>
      <trkpt lat="45.636256" lon="-121.556940"><ele>224.9</ele><time>2026-08-18T14:46:49.000Z</time><extensions><TT:RideData eng="61.0" air="25.8" spd="14.1" rpm="2597"/></extensions></trkpt>
      <trkpt lat="45.636300" lon="-121.556436"><ele>225.6</ele><time>2026-08-18T14:46:57.000Z</time><extensions><TT:RideData eng="61.9" air="25.7" spd="20.9" rpm="3255"/></extensions></trkpt>
      <trkpt lat="45.636286" lon="-121.555903"><ele>225.6</ele><time>2026-08-18T14:47:05.000Z</time><extensions><TT:RideData eng="63.0" air="25.4" spd="15.0" rpm="2457"/></extensions></trkpt>
      <trkpt lat="45.636329" lon="-121.555718"><ele>225.5</ele><time>2026-08-18T14:47:13.000Z</time><extensions><TT:RideData eng="64.0" air="25.0" spd="7.4" rpm="1965"/></extensions></trkpt>
      <trkpt lat="45.636333" lon="-121.556050"><ele>225.4</ele><time>2026-08-18T14:47:21.000Z</time><extensions><TT:RideData eng="65.0" air="24.6" spd="11.7" rpm="1917"/></extensions></trkpt>
      <trkpt lat="45.636301" lon="-121.556403"><ele>227.6</ele><time>2026-08-18T14:47:29.000Z</time><extensions><TT:RideData eng="65.9" air="24.3" spd="10.1" rpm="2020"/></extensions></trkpt>
      <trkpt lat="45.636265" lon="-121.556738"><ele>228.3</ele><time>2026-08-18T14:47:37.000Z</time><extensions><TT:RideData eng="66.5" air="24.0" spd="14.1" rpm="2590"/></extensions></trkpt>
      <trkpt lat="45.636251" lon="-121.557108"><ele>231.2</ele><time>2026-08-18T14:47:45.000Z</time><extensions><TT:RideData eng="67.1" air="23.8" spd="10.6" rpm="1897"/></extensions></trkpt>
      <trkpt lat="45.636231" lon="-121.557211"><ele>231.4</ele><time>2026-08-18T14:55:13.000Z</time><extensions><TT:RideData eng="57.8" air="25.8" spd="0.0" rpm="3300"/></extensions></trkpt>
      <trkpt lat="45.636083" lon="-121.557260"><ele>231.5</ele><time>2026-08-18T14:59:46.000Z</time><extensions><TT:RideData eng="55.0" air="26.4" spd="0.0" rpm="1801"/></extensions></trkpt>
      <trkpt lat="45.636170" lon="-121.557238"><ele>229.5</ele><time>2026-08-18T14:59:54.000Z</time><extensions><TT:RideData eng="53.2" air="26.1" spd="11.7" rpm="3545"/></extensions></trkpt>
      <trkpt lat="45.636266" lon="-121.556695"><ele>228.9</ele><time>2026-08-18T15:00:02.000Z</time><extensions><TT:RideData eng="54.0" air="25.7" spd="15.9" rpm="2713"/></extensions></trkpt>
      <trkpt lat="45.636278" lon="-121.555955"><ele>229.9</ele><time>2026-08-18T15:00:10.000Z</time><extensions><TT:RideData eng="55.3" air="25.2" spd="29.9" rpm="3548"/></extensions></trkpt>
      <trkpt lat="45.636286" lon="-121.555413"><ele>230.3</ele><time>2026-08-18T15:00:18.000Z</time><extensions><TT:RideData eng="56.5" air="24.7" spd="6.8" rpm="1877"/></extensions></trkpt>
      <trkpt lat="45.636273" lon="-121.555418"><ele>230.6</ele><time>2026-08-18T15:00:26.000Z</time><extensions><TT:RideData eng="57.8" air="25.0" spd="0.0" rpm="1892"/></extensions></trkpt>
      <trkpt lat="45.636259" lon="-121.555428"><ele>230.6</ele><time>2026-08-18T15:00:34.000Z</time><extensions><TT:RideData eng="59.3" air="25.2" spd="0.0" rpm="1874"/></extensions></trkpt>
      <trkpt lat="45.636251" lon="-121.555420"><ele>230.6</ele><time>2026-08-18T15:00:42.000Z</time><extensions><TT:RideData eng="60.8" air="25.6" spd="0.0" rpm="1875"/></extensions></trkpt>
      <trkpt lat="45.636251" lon="-121.555420"><ele>230.6</ele><time>2026-08-18T15:00:50.000Z</time><extensions><TT:RideData eng="62.2" air="25.7" spd="0.0" rpm="1882"/></extensions></trkpt>
      <trkpt lat="45.636258" lon="-121.555381"><ele>230.5</ele><time>2026-08-18T15:00:58.000Z</time><extensions><TT:RideData eng="63.6" air="25.9" spd="11.1" rpm="3653"/></extensions></trkpt>
      <trkpt lat="45.635866" lon="-121.555258"><ele>229.7</ele><time>2026-08-18T15:01:06.000Z</time><extensions><TT:RideData eng="64.7" air="25.4" spd="28.8" rpm="3592"/></extensions></trkpt>
      <trkpt lat="45.635334" lon="-121.555241"><ele>228.0</ele><time>2026-08-18T15:01:14.000Z</time><extensions><TT:RideData eng="65.9" air="24.9" spd="14.5" rpm="1873"/></extensions></trkpt>
      <trkpt lat="45.635209" lon="-121.555601"><ele>226.2</ele><time>2026-08-18T15:01:22.000Z</time><extensions><TT:RideData eng="66.4" air="24.7" spd="30.9" rpm="4042"/></extensions></trkpt>
      <trkpt lat="45.635233" lon="-121.556670"><ele>226.2</ele><time>2026-08-18T15:01:30.000Z</time><extensions><TT:RideData eng="67.3" air="24.3" spd="39.2" rpm="4208"/></extensions></trkpt>
      <trkpt lat="45.635216" lon="-121.557823"><ele>225.9</ele><time>2026-08-18T15:01:38.000Z</time><extensions><TT:RideData eng="66.8" air="23.9" spd="42.6" rpm="4640"/></extensions></trkpt>
      <trkpt lat="45.635206" lon="-121.559193"><ele>228.2</ele><time>2026-08-18T15:01:46.000Z</time><extensions><TT:RideData eng="65.9" air="23.6" spd="48.8" rpm="5170"/></extensions></trkpt>
      <trkpt lat="45.635215" lon="-121.560598"><ele>231.2</ele><time>2026-08-18T15:01:54.000Z</time><extensions><TT:RideData eng="65.7" air="23.3" spd="44.9" rpm="4815"/></extensions></trkpt>
      <trkpt lat="45.635196" lon="-121.561881"><ele>233.9</ele><time>2026-08-18T15:02:02.000Z</time><extensions><TT:RideData eng="66.0" air="23.3" spd="43.9" rpm="4752"/></extensions></trkpt>
      <trkpt lat="45.635186" lon="-121.563153"><ele>238.3</ele><time>2026-08-18T15:02:10.000Z</time><extensions><TT:RideData eng="66.4" air="23.3" spd="44.2" rpm="4786"/></extensions></trkpt>
      <trkpt lat="45.635175" lon="-121.564503"><ele>247.0</ele><time>2026-08-18T15:02:18.000Z</time><extensions><TT:RideData eng="66.7" air="23.2" spd="56.8" rpm="5503"/></extensions></trkpt>
      <trkpt lat="45.635141" lon="-121.566318"><ele>253.0</ele><time>2026-08-18T15:02:26.000Z</time><extensions><TT:RideData eng="66.7" air="23.0" spd="66.2" rpm="5218"/></extensions></trkpt>
      <trkpt lat="45.635138" lon="-121.568210"><ele>255.1</ele><time>2026-08-18T15:02:34.000Z</time><extensions><TT:RideData eng="66.1" air="22.9" spd="63.4" rpm="4937"/></extensions></trkpt>
      <trkpt lat="45.635123" lon="-121.570010"><ele>256.6</ele><time>2026-08-18T15:02:42.000Z</time><extensions><TT:RideData eng="65.7" air="22.9" spd="63.7" rpm="5115"/></extensions></trkpt>
      <trkpt lat="45.635221" lon="-121.571951"><ele>259.1</ele><time>2026-08-18T15:02:50.000Z</time><extensions><TT:RideData eng="65.5" air="22.9" spd="67.8" rpm="5357"/></extensions></trkpt>
      <trkpt lat="45.636143" lon="-121.573491"><ele>261.2</ele><time>2026-08-18T15:02:58.000Z</time><extensions><TT:RideData eng="65.1" air="23.0" spd="72.1" rpm="5747"/></extensions></trkpt>
      <trkpt lat="45.636958" lon="-121.575085"><ele>268.4</ele><time>2026-08-18T15:03:06.000Z</time><extensions><TT:RideData eng="64.8" air="23.0" spd="44.3" rpm="3247"/></extensions></trkpt>
      <trkpt lat="45.637184" lon="-121.575849"><ele>273.8</ele><time>2026-08-18T15:03:14.000Z</time><extensions><TT:RideData eng="64.9" air="22.8" spd="26.6" rpm="3292"/></extensions></trkpt>
      <trkpt lat="45.636451" lon="-121.575976"><ele>277.8</ele><time>2026-08-18T15:03:22.000Z</time><extensions><TT:RideData eng="65.4" air="23.0" spd="49.5" rpm="5235"/></extensions></trkpt>
      <trkpt lat="45.635411" lon="-121.576205"><ele>280.6</ele><time>2026-08-18T15:03:30.000Z</time><extensions><TT:RideData eng="66.0" air="23.1" spd="51.8" rpm="5730"/></extensions></trkpt>
      <trkpt lat="45.634281" lon="-121.575953"><ele>284.6</ele><time>2026-08-18T15:03:38.000Z</time><extensions><TT:RideData eng="66.8" air="22.9" spd="61.0" rpm="5610"/></extensions></trkpt>
      <trkpt lat="45.632970" lon="-121.575971"><ele>288.5</ele><time>2026-08-18T15:03:46.000Z</time><extensions><TT:RideData eng="67.1" air="23.2" spd="64.0" rpm="5770"/></extensions></trkpt>
      <trkpt lat="45.631664" lon="-121.576220"><ele>293.6</ele><time>2026-08-18T15:03:54.000Z</time><extensions><TT:RideData eng="67.2" air="23.2" spd="66.2" rpm="5305"/></extensions></trkpt>
      <trkpt lat="45.630335" lon="-121.576254"><ele>302.3</ele><time>2026-08-18T15:04:02.000Z</time><extensions><TT:RideData eng="67.5" air="23.1" spd="64.4" rpm="5258"/></extensions></trkpt>
      <trkpt lat="45.629273" lon="-121.577038"><ele>312.3</ele><time>2026-08-18T15:04:10.000Z</time><extensions><TT:RideData eng="67.8" air="23.1" spd="37.4" rpm="2609"/></extensions></trkpt>
      <trkpt lat="45.628958" lon="-121.577215"><ele>320.0</ele><time>2026-08-18T15:04:18.000Z</time><extensions><TT:RideData eng="67.9" air="23.0" spd="41.1" rpm="5884"/></extensions></trkpt>
      <trkpt lat="45.629098" lon="-121.576023"><ele>327.3</ele><time>2026-08-18T15:04:26.000Z</time><extensions><TT:RideData eng="68.2" air="23.1" spd="41.1" rpm="4778"/></extensions></trkpt>
      <trkpt lat="45.628108" lon="-121.575925"><ele>336.6</ele><time>2026-08-18T15:04:34.000Z</time><extensions><TT:RideData eng="68.5" air="23.1" spd="62.7" rpm="5038"/></extensions></trkpt>
      <trkpt lat="45.626888" lon="-121.576058"><ele>347.3</ele><time>2026-08-18T15:04:42.000Z</time><extensions><TT:RideData eng="68.3" air="23.1" spd="54.0" rpm="4187"/></extensions></trkpt>
      <trkpt lat="45.626225" lon="-121.576650"><ele>357.6</ele><time>2026-08-18T15:04:50.000Z</time><extensions><TT:RideData eng="67.9" air="22.8" spd="45.6" rpm="4363"/></extensions></trkpt>
      <trkpt lat="45.626339" lon="-121.578238"><ele>373.9</ele><time>2026-08-18T15:04:58.000Z</time><extensions><TT:RideData eng="67.8" air="22.8" spd="57.3" rpm="5334"/></extensions></trkpt>
      <trkpt lat="45.626336" lon="-121.579865"><ele>386.0</ele><time>2026-08-18T15:05:06.000Z</time><extensions><TT:RideData eng="67.9" air="22.9" spd="58.9" rpm="5438"/></extensions></trkpt>
      <trkpt lat="45.625845" lon="-121.581188"><ele>398.3</ele><time>2026-08-18T15:05:14.000Z</time><extensions><TT:RideData eng="68.0" air="23.1" spd="41.9" rpm="3968"/></extensions></trkpt>
      <trkpt lat="45.625000" lon="-121.581594"><ele>410.1</ele><time>2026-08-18T15:05:22.000Z</time><extensions><TT:RideData eng="68.2" air="23.1" spd="41.2" rpm="3871"/></extensions></trkpt>
      <trkpt lat="45.624088" lon="-121.581156"><ele>422.4</ele><time>2026-08-18T15:05:30.000Z</time><extensions><TT:RideData eng="67.9" air="23.0" spd="53.3" rpm="4895"/></extensions></trkpt>
      <trkpt lat="45.622945" lon="-121.581140"><ele>430.7</ele><time>2026-08-18T15:05:38.000Z</time><extensions><TT:RideData eng="67.7" air="23.1" spd="62.7" rpm="5073"/></extensions></trkpt>
      <trkpt lat="45.621685" lon="-121.581121"><ele>434.0</ele><time>2026-08-18T15:05:46.000Z</time><extensions><TT:RideData eng="67.4" air="23.3" spd="60.7" rpm="4885"/></extensions></trkpt>
      <trkpt lat="45.620678" lon="-121.581163"><ele>437.5</ele><time>2026-08-18T15:05:54.000Z</time><extensions><TT:RideData eng="67.1" air="23.4" spd="18.0" rpm="2551"/></extensions></trkpt>
      <trkpt lat="45.620570" lon="-121.581700"><ele>444.6</ele><time>2026-08-18T15:06:02.000Z</time><extensions><TT:RideData eng="68.1" air="23.5" spd="21.4" rpm="3095"/></extensions></trkpt>
      <trkpt lat="45.620630" lon="-121.582186"><ele>452.5</ele><time>2026-08-18T15:06:10.000Z</time><extensions><TT:RideData eng="69.3" air="23.6" spd="17.7" rpm="4239"/></extensions></trkpt>
      <trkpt lat="45.620630" lon="-121.582700"><ele>458.3</ele><time>2026-08-18T15:06:18.000Z</time><extensions><TT:RideData eng="70.2" air="23.6" spd="18.2" rpm="4481"/></extensions></trkpt>
      <trkpt lat="45.620621" lon="-121.583416"><ele>466.9</ele><time>2026-08-18T15:06:26.000Z</time><extensions><TT:RideData eng="71.5" air="23.6" spd="39.4" rpm="5371"/></extensions></trkpt>
      <trkpt lat="45.620611" lon="-121.584788"><ele>477.3</ele><time>2026-08-18T15:06:34.000Z</time><extensions><TT:RideData eng="72.3" air="23.4" spd="50.2" rpm="4667"/></extensions></trkpt>
      <trkpt lat="45.621018" lon="-121.585746"><ele>486.3</ele><time>2026-08-18T15:06:42.000Z</time><extensions><TT:RideData eng="72.1" air="23.2" spd="43.0" rpm="4820"/></extensions></trkpt>
      <trkpt lat="45.621243" lon="-121.586435"><ele>493.4</ele><time>2026-08-18T15:06:50.000Z</time><extensions><TT:RideData eng="71.9" air="23.3" spd="27.0" rpm="5671"/></extensions></trkpt>
      <trkpt lat="45.620330" lon="-121.586263"><ele>502.3</ele><time>2026-08-18T15:06:58.000Z</time><extensions><TT:RideData eng="72.2" air="23.3" spd="47.1" rpm="4270"/></extensions></trkpt>
      <trkpt lat="45.619503" lon="-121.586646"><ele>511.7</ele><time>2026-08-18T15:07:06.000Z</time><extensions><TT:RideData eng="72.1" air="23.3" spd="31.3" rpm="2662"/></extensions></trkpt>
      <trkpt lat="45.618863" lon="-121.586250"><ele>522.4</ele><time>2026-08-18T15:07:14.000Z</time><extensions><TT:RideData eng="71.8" air="23.4" spd="42.8" rpm="5039"/></extensions></trkpt>
      <trkpt lat="45.618066" lon="-121.586840"><ele>529.9</ele><time>2026-08-18T15:07:22.000Z</time><extensions><TT:RideData eng="71.7" air="23.3" spd="54.9" rpm="4374"/></extensions></trkpt>
      <trkpt lat="45.617085" lon="-121.587563"><ele>536.2</ele><time>2026-08-18T15:07:30.000Z</time><extensions><TT:RideData eng="71.2" air="23.0" spd="50.5" rpm="4137"/></extensions></trkpt>
      <trkpt lat="45.616031" lon="-121.587438"><ele>542.3</ele><time>2026-08-18T15:07:38.000Z</time><extensions><TT:RideData eng="70.5" air="22.6" spd="45.5" rpm="3289"/></extensions></trkpt>
      <trkpt lat="45.615471" lon="-121.587513"><ele>547.7</ele><time>2026-08-18T15:07:46.000Z</time><extensions><TT:RideData eng="70.0" air="22.4" spd="11.1" rpm="2032"/></extensions></trkpt>
      <trkpt lat="45.615350" lon="-121.587490"><ele>552.7</ele><time>2026-08-18T15:07:54.000Z</time><extensions><TT:RideData eng="70.3" air="22.6" spd="0.0" rpm="1952"/></extensions></trkpt>
      <trkpt lat="45.615339" lon="-121.587460"><ele>555.2</ele><time>2026-08-18T15:08:02.000Z</time><extensions><TT:RideData eng="71.2" air="22.8" spd="0.0" rpm="1995"/></extensions></trkpt>
      <trkpt lat="45.615324" lon="-121.587471"><ele>555.3</ele><time>2026-08-18T15:08:10.000Z</time><extensions><TT:RideData eng="72.0" air="23.0" spd="15.3" rpm="2213"/></extensions></trkpt>
      <trkpt lat="45.615199" lon="-121.587549"><ele>555.1</ele><time>2026-08-18T15:08:18.000Z</time><extensions><TT:RideData eng="72.9" air="23.1" spd="0.0" rpm="3366"/></extensions></trkpt>
      <trkpt lat="45.614855" lon="-121.587761"><ele>555.3</ele><time>2026-08-18T15:08:26.000Z</time><extensions><TT:RideData eng="73.6" air="23.1" spd="25.0" rpm="4268"/></extensions></trkpt>
      <trkpt lat="45.614624" lon="-121.588353"><ele>555.6</ele><time>2026-08-18T15:08:34.000Z</time><extensions><TT:RideData eng="74.3" air="23.1" spd="30.9" rpm="4285"/></extensions></trkpt>
      <trkpt lat="45.615035" lon="-121.589141"><ele>557.9</ele><time>2026-08-18T15:08:42.000Z</time><extensions><TT:RideData eng="74.8" air="23.0" spd="20.0" rpm="6046"/></extensions></trkpt>
      <trkpt lat="45.615108" lon="-121.589280"><ele>560.9</ele><time>2026-08-18T15:08:50.000Z</time><extensions><TT:RideData eng="75.4" air="23.0" spd="0.0" rpm="2273"/></extensions></trkpt>
      <trkpt lat="45.615110" lon="-121.589298"><ele>561.5</ele><time>2026-08-18T15:08:58.000Z</time><extensions><TT:RideData eng="76.2" air="23.2" spd="0.0" rpm="2002"/></extensions></trkpt>
      <trkpt lat="45.615013" lon="-121.589086"><ele>563.6</ele><time>2026-08-18T15:09:06.000Z</time><extensions><TT:RideData eng="76.9" air="23.2" spd="16.6" rpm="2972"/></extensions></trkpt>
      <trkpt lat="45.614686" lon="-121.588606"><ele>566.6</ele><time>2026-08-18T15:09:14.000Z</time><extensions><TT:RideData eng="76.5" air="23.0" spd="21.1" rpm="3182"/></extensions></trkpt>
      <trkpt lat="45.614568" lon="-121.588183"><ele>565.6</ele><time>2026-08-18T15:09:22.000Z</time><extensions><TT:RideData eng="75.8" air="23.2" spd="8.8" rpm="1950"/></extensions></trkpt>
      <trkpt lat="45.614431" lon="-121.588060"><ele>564.6</ele><time>2026-08-18T15:09:30.000Z</time><extensions><TT:RideData eng="75.5" air="23.4" spd="21.0" rpm="3817"/></extensions></trkpt>
      <trkpt lat="45.614143" lon="-121.588171"><ele>564.1</ele><time>2026-08-18T15:09:38.000Z</time><extensions><TT:RideData eng="75.7" air="23.4" spd="0.0" rpm="1915"/></extensions></trkpt>
      <trkpt lat="45.613978" lon="-121.588213"><ele>564.4</ele><time>2026-08-18T15:09:46.000Z</time><extensions><TT:RideData eng="76.2" air="23.5" spd="13.8" rpm="2885"/></extensions></trkpt>
      <trkpt lat="45.613893" lon="-121.588241"><ele>564.4</ele><time>2026-08-18T15:09:54.000Z</time><extensions><TT:RideData eng="77.3" air="23.6" spd="0.0" rpm="2981"/></extensions></trkpt>
      <trkpt lat="45.613846" lon="-121.588213"><ele>564.4</ele><time>2026-08-18T15:10:02.000Z</time><extensions><TT:RideData eng="78.0" air="23.7" spd="9.4" rpm="1978"/></extensions></trkpt>
      <trkpt lat="45.613906" lon="-121.588279"><ele>565.0</ele><time>2026-08-18T15:10:10.000Z</time><extensions><TT:RideData eng="78.5" air="23.6" spd="0.0" rpm="1901"/></extensions></trkpt>
      <trkpt lat="45.613898" lon="-121.588303"><ele>564.9</ele><time>2026-08-18T15:10:18.000Z</time><extensions><TT:RideData eng="78.9" air="23.8" spd="0.0" rpm="2771"/></extensions></trkpt>
      <trkpt lat="45.613893" lon="-121.588323"><ele>565.3</ele><time>2026-08-18T15:10:26.000Z</time><extensions><TT:RideData eng="79.8" air="23.9" spd="0.0" rpm="3414"/></extensions></trkpt>
      <trkpt lat="45.613681" lon="-121.588540"><ele>565.6</ele><time>2026-08-18T15:10:34.000Z</time><extensions><TT:RideData eng="80.3" air="23.7" spd="33.6" rpm="4288"/></extensions></trkpt>
      <trkpt lat="45.613270" lon="-121.588743"><ele>566.5</ele><time>2026-08-18T15:10:42.000Z</time><extensions><TT:RideData eng="80.3" air="22.9" spd="27.5" rpm="3139"/></extensions></trkpt>
      <trkpt lat="45.613068" lon="-121.588355"><ele>566.6</ele><time>2026-08-18T15:10:50.000Z</time><extensions><TT:RideData eng="79.8" air="22.5" spd="21.8" rpm="3852"/></extensions></trkpt>
      <trkpt lat="45.612925" lon="-121.587786"><ele>568.4</ele><time>2026-08-18T15:10:58.000Z</time><extensions><TT:RideData eng="79.8" air="22.5" spd="22.3" rpm="4365"/></extensions></trkpt>
      <trkpt lat="45.612666" lon="-121.587423"><ele>570.3</ele><time>2026-08-18T15:11:06.000Z</time><extensions><TT:RideData eng="79.9" air="22.2" spd="20.7" rpm="4011"/></extensions></trkpt>
      <trkpt lat="45.612295" lon="-121.587376"><ele>572.1</ele><time>2026-08-18T15:11:14.000Z</time><extensions><TT:RideData eng="80.1" air="22.2" spd="16.4" rpm="3678"/></extensions></trkpt>
      <trkpt lat="45.611963" lon="-121.587254"><ele>576.5</ele><time>2026-08-18T15:11:22.000Z</time><extensions><TT:RideData eng="80.6" air="22.4" spd="10.3" rpm="2827"/></extensions></trkpt>
      <trkpt lat="45.611963" lon="-121.587173"><ele>582.2</ele><time>2026-08-18T15:11:30.000Z</time><extensions><TT:RideData eng="81.2" air="23.0" spd="9.0" rpm="3740"/></extensions></trkpt>
      <trkpt lat="45.611865" lon="-121.586580"><ele>586.6</ele><time>2026-08-18T15:11:38.000Z</time><extensions><TT:RideData eng="81.5" air="23.3" spd="29.9" rpm="3939"/></extensions></trkpt>
      <trkpt lat="45.611441" lon="-121.585909"><ele>591.1</ele><time>2026-08-18T15:11:46.000Z</time><extensions><TT:RideData eng="81.2" air="22.9" spd="34.2" rpm="4461"/></extensions></trkpt>
      <trkpt lat="45.610865" lon="-121.585623"><ele>594.3</ele><time>2026-08-18T15:11:54.000Z</time><extensions><TT:RideData eng="80.8" air="22.5" spd="37.5" rpm="4178"/></extensions></trkpt>
      <trkpt lat="45.610340" lon="-121.584956"><ele>597.1</ele><time>2026-08-18T15:12:02.000Z</time><extensions><TT:RideData eng="79.6" air="22.0" spd="35.4" rpm="3872"/></extensions></trkpt>
      <trkpt lat="45.610146" lon="-121.584465"><ele>602.4</ele><time>2026-08-18T15:12:10.000Z</time><extensions><TT:RideData eng="79.0" air="22.1" spd="19.1" rpm="4049"/></extensions></trkpt>
      <trkpt lat="45.609616" lon="-121.584746"><ele>607.8</ele><time>2026-08-18T15:12:18.000Z</time><extensions><TT:RideData eng="78.6" air="22.5" spd="40.7" rpm="4304"/></extensions></trkpt>
      <trkpt lat="45.608861" lon="-121.584761"><ele>614.5</ele><time>2026-08-18T15:12:26.000Z</time><extensions><TT:RideData eng="78.2" air="22.7" spd="32.4" rpm="3584"/></extensions></trkpt>
      <trkpt lat="45.608236" lon="-121.584563"><ele>620.5</ele><time>2026-08-18T15:12:34.000Z</time><extensions><TT:RideData eng="77.9" air="22.6" spd="40.2" rpm="4483"/></extensions></trkpt>
      <trkpt lat="45.607449" lon="-121.584670"><ele>626.5</ele><time>2026-08-18T15:12:42.000Z</time><extensions><TT:RideData eng="77.2" air="22.2" spd="40.6" rpm="4457"/></extensions></trkpt>
      <trkpt lat="45.606695" lon="-121.585530"><ele>632.8</ele><time>2026-08-18T15:12:50.000Z</time><extensions><TT:RideData eng="76.5" air="22.4" spd="50.8" rpm="4445"/></extensions></trkpt>
      <trkpt lat="45.605978" lon="-121.586340"><ele>639.6</ele><time>2026-08-18T15:12:58.000Z</time><extensions><TT:RideData eng="75.5" air="22.0" spd="24.4" rpm="2107"/></extensions></trkpt>
      <trkpt lat="45.605700" lon="-121.586350"><ele>646.7</ele><time>2026-08-18T15:13:06.000Z</time><extensions><TT:RideData eng="75.1" air="22.3" spd="29.4" rpm="3399"/></extensions></trkpt>
      <trkpt lat="45.605256" lon="-121.585810"><ele>652.5</ele><time>2026-08-18T15:13:14.000Z</time><extensions><TT:RideData eng="74.7" air="22.5" spd="34.1" rpm="5509"/></extensions></trkpt>
      <trkpt lat="45.604808" lon="-121.585360"><ele>656.1</ele><time>2026-08-18T15:13:22.000Z</time><extensions><TT:RideData eng="74.2" air="22.7" spd="28.1" rpm="3943"/></extensions></trkpt>
      <trkpt lat="45.604838" lon="-121.584640"><ele>658.5</ele><time>2026-08-18T15:13:30.000Z</time><extensions><TT:RideData eng="73.4" air="22.8" spd="31.1" rpm="3937"/></extensions></trkpt>
      <trkpt lat="45.605136" lon="-121.583878"><ele>657.6</ele><time>2026-08-18T15:13:38.000Z</time><extensions><TT:RideData eng="72.7" air="22.9" spd="11.6" rpm="1974"/></extensions></trkpt>
      <trkpt lat="45.605106" lon="-121.583268"><ele>657.0</ele><time>2026-08-18T15:13:46.000Z</time><extensions><TT:RideData eng="72.5" air="23.0" spd="31.3" rpm="3480"/></extensions></trkpt>
      <trkpt lat="45.605043" lon="-121.582416"><ele>653.7</ele><time>2026-08-18T15:13:54.000Z</time><extensions><TT:RideData eng="71.7" air="23.2" spd="13.8" rpm="1910"/></extensions></trkpt>
      <trkpt lat="45.604678" lon="-121.582631"><ele>651.6</ele><time>2026-08-18T15:14:02.000Z</time><extensions><TT:RideData eng="71.4" air="23.6" spd="32.7" rpm="3263"/></extensions></trkpt>
      <trkpt lat="45.604171" lon="-121.583283"><ele>648.1</ele><time>2026-08-18T15:14:10.000Z</time><extensions><TT:RideData eng="71.3" air="23.5" spd="31.3" rpm="3235"/></extensions></trkpt>
      <trkpt lat="45.603633" lon="-121.583873"><ele>645.3</ele><time>2026-08-18T15:14:18.000Z</time><extensions><TT:RideData eng="71.2" air="23.6" spd="33.2" rpm="3501"/></extensions></trkpt>
      <trkpt lat="45.603208" lon="-121.584465"><ele>642.8</ele><time>2026-08-18T15:14:26.000Z</time><extensions><TT:RideData eng="71.3" air="23.7" spd="30.1" rpm="4320"/></extensions></trkpt>
      <trkpt lat="45.602638" lon="-121.584611"><ele>640.2</ele><time>2026-08-18T15:14:34.000Z</time><extensions><TT:RideData eng="71.3" air="23.4" spd="31.5" rpm="3922"/></extensions></trkpt>
      <trkpt lat="45.602121" lon="-121.584901"><ele>634.7</ele><time>2026-08-18T15:14:42.000Z</time><extensions><TT:RideData eng="71.4" air="23.0" spd="25.4" rpm="3302"/></extensions></trkpt>
      <trkpt lat="45.601615" lon="-121.585180"><ele>632.6</ele><time>2026-08-18T15:14:50.000Z</time><extensions><TT:RideData eng="71.6" air="22.6" spd="20.1" rpm="2336"/></extensions></trkpt>
      <trkpt lat="45.601311" lon="-121.584906"><ele>630.3</ele><time>2026-08-18T15:14:58.000Z</time><extensions><TT:RideData eng="71.8" air="22.7" spd="23.3" rpm="3198"/></extensions></trkpt>
      <trkpt lat="45.601121" lon="-121.584336"><ele>629.4</ele><time>2026-08-18T15:15:06.000Z</time><extensions><TT:RideData eng="72.0" air="22.5" spd="25.4" rpm="2974"/></extensions></trkpt>
      <trkpt lat="45.601273" lon="-121.583681"><ele>629.0</ele><time>2026-08-18T15:15:14.000Z</time><extensions><TT:RideData eng="71.9" air="22.3" spd="23.7" rpm="3176"/></extensions></trkpt>
      <trkpt lat="45.601600" lon="-121.583151"><ele>626.2</ele><time>2026-08-18T15:15:22.000Z</time><extensions><TT:RideData eng="71.6" air="22.2" spd="25.6" rpm="2950"/></extensions></trkpt>
      <trkpt lat="45.601503" lon="-121.582565"><ele>624.8</ele><time>2026-08-18T15:15:30.000Z</time><extensions><TT:RideData eng="71.2" air="22.4" spd="30.8" rpm="3945"/></extensions></trkpt>
      <trkpt lat="45.601165" lon="-121.581656"><ele>622.6</ele><time>2026-08-18T15:15:38.000Z</time><extensions><TT:RideData eng="71.0" air="22.4" spd="31.6" rpm="3554"/></extensions></trkpt>
      <trkpt lat="45.600801" lon="-121.581366"><ele>621.9</ele><time>2026-08-18T15:15:46.000Z</time><extensions><TT:RideData eng="71.2" air="22.4" spd="28.6" rpm="3870"/></extensions></trkpt>
      <trkpt lat="45.600351" lon="-121.581353"><ele>621.8</ele><time>2026-08-18T15:15:54.000Z</time><extensions><TT:RideData eng="71.6" air="22.4" spd="17.3" rpm="3163"/></extensions></trkpt>
      <trkpt lat="45.599865" lon="-121.581400"><ele>621.5</ele><time>2026-08-18T15:16:02.000Z</time><extensions><TT:RideData eng="71.9" air="22.5" spd="32.7" rpm="5816"/></extensions></trkpt>
      <trkpt lat="45.599628" lon="-121.582076"><ele>621.9</ele><time>2026-08-18T15:16:10.000Z</time><extensions><TT:RideData eng="72.7" air="22.6" spd="31.8" rpm="4082"/></extensions></trkpt>
      <trkpt lat="45.598981" lon="-121.582686"><ele>623.9</ele><time>2026-08-18T15:16:18.000Z</time><extensions><TT:RideData eng="73.2" air="22.7" spd="31.8" rpm="4269"/></extensions></trkpt>
      <trkpt lat="45.598240" lon="-121.582923"><ele>626.3</ele><time>2026-08-18T15:16:26.000Z</time><extensions><TT:RideData eng="73.6" air="22.8" spd="35.8" rpm="4532"/></extensions></trkpt>
      <trkpt lat="45.597590" lon="-121.582883"><ele>627.9</ele><time>2026-08-18T15:16:34.000Z</time><extensions><TT:RideData eng="73.9" air="23.0" spd="30.0" rpm="3373"/></extensions></trkpt>
      <trkpt lat="45.597055" lon="-121.583033"><ele>629.2</ele><time>2026-08-18T15:16:42.000Z</time><extensions><TT:RideData eng="74.0" air="22.9" spd="36.5" rpm="6307"/></extensions></trkpt>
      <trkpt lat="45.596516" lon="-121.583488"><ele>632.4</ele><time>2026-08-18T15:16:50.000Z</time><extensions><TT:RideData eng="74.3" air="22.8" spd="28.4" rpm="3601"/></extensions></trkpt>
      <trkpt lat="45.595991" lon="-121.583358"><ele>636.8</ele><time>2026-08-18T15:16:58.000Z</time><extensions><TT:RideData eng="74.6" air="22.6" spd="22.0" rpm="3195"/></extensions></trkpt>
      <trkpt lat="45.595719" lon="-121.583975"><ele>640.2</ele><time>2026-08-18T15:17:06.000Z</time><extensions><TT:RideData eng="74.5" air="22.6" spd="39.5" rpm="4652"/></extensions></trkpt>
      <trkpt lat="45.595343" lon="-121.584975"><ele>643.0</ele><time>2026-08-18T15:17:14.000Z</time><extensions><TT:RideData eng="74.7" air="22.7" spd="38.5" rpm="5018"/></extensions></trkpt>
      <trkpt lat="45.595033" lon="-121.585788"><ele>647.7</ele><time>2026-08-18T15:17:22.000Z</time><extensions><TT:RideData eng="75.3" air="22.8" spd="16.6" rpm="3193"/></extensions></trkpt>
      <trkpt lat="45.595159" lon="-121.585623"><ele>655.5</ele><time>2026-08-18T15:17:30.000Z</time><extensions><TT:RideData eng="75.8" air="23.2" spd="33.8" rpm="4055"/></extensions></trkpt>
      <trkpt lat="45.595848" lon="-121.584846"><ele>661.0</ele><time>2026-08-18T15:17:38.000Z</time><extensions><TT:RideData eng="75.8" air="24.0" spd="35.3" rpm="3908"/></extensions></trkpt>
      <trkpt lat="45.596760" lon="-121.584943"><ele>668.0</ele><time>2026-08-18T15:17:46.000Z</time><extensions><TT:RideData eng="75.7" air="24.1" spd="42.6" rpm="3801"/></extensions></trkpt>
      <trkpt lat="45.597418" lon="-121.585746"><ele>674.6</ele><time>2026-08-18T15:17:54.000Z</time><extensions><TT:RideData eng="75.5" air="23.9" spd="42.5" rpm="3548"/></extensions></trkpt>
      <trkpt lat="45.597960" lon="-121.586465"><ele>682.3</ele><time>2026-08-18T15:18:02.000Z</time><extensions><TT:RideData eng="75.3" air="23.6" spd="39.6" rpm="3799"/></extensions></trkpt>
      <trkpt lat="45.598590" lon="-121.586885"><ele>689.8</ele><time>2026-08-18T15:18:10.000Z</time><extensions><TT:RideData eng="75.2" air="23.2" spd="27.4" rpm="2787"/></extensions></trkpt>
      <trkpt lat="45.599136" lon="-121.587066"><ele>693.1</ele><time>2026-08-18T15:18:18.000Z</time><extensions><TT:RideData eng="74.6" air="23.0" spd="32.3" rpm="3797"/></extensions></trkpt>
      <trkpt lat="45.599788" lon="-121.586978"><ele>692.3</ele><time>2026-08-18T15:18:26.000Z</time><extensions><TT:RideData eng="73.6" air="22.8" spd="26.9" rpm="2912"/></extensions></trkpt>
      <trkpt lat="45.600483" lon="-121.587306"><ele>691.5</ele><time>2026-08-18T15:18:34.000Z</time><extensions><TT:RideData eng="72.6" air="23.1" spd="34.6" rpm="3367"/></extensions></trkpt>
      <trkpt lat="45.600898" lon="-121.587808"><ele>690.3</ele><time>2026-08-18T15:18:42.000Z</time><extensions><TT:RideData eng="72.4" air="23.1" spd="25.4" rpm="2823"/></extensions></trkpt>
      <trkpt lat="45.601193" lon="-121.588428"><ele>688.3</ele><time>2026-08-18T15:18:50.000Z</time><extensions><TT:RideData eng="72.5" air="23.0" spd="22.3" rpm="2240"/></extensions></trkpt>
      <trkpt lat="45.601390" lon="-121.588800"><ele>685.6</ele><time>2026-08-18T15:18:58.000Z</time><extensions><TT:RideData eng="72.7" air="22.7" spd="22.5" rpm="4138"/></extensions></trkpt>
      <trkpt lat="45.601615" lon="-121.588863"><ele>683.1</ele><time>2026-08-18T15:19:06.000Z</time><extensions><TT:RideData eng="72.6" air="22.4" spd="20.3" rpm="3173"/></extensions></trkpt>
      <trkpt lat="45.601853" lon="-121.588476"><ele>680.3</ele><time>2026-08-18T15:19:14.000Z</time><extensions><TT:RideData eng="72.9" air="22.4" spd="15.4" rpm="2032"/></extensions></trkpt>
      <trkpt lat="45.602066" lon="-121.588113"><ele>677.9</ele><time>2026-08-18T15:19:22.000Z</time><extensions><TT:RideData eng="73.2" air="22.6" spd="15.8" rpm="2355"/></extensions></trkpt>
      <trkpt lat="45.602319" lon="-121.588046"><ele>675.0</ele><time>2026-08-18T15:19:30.000Z</time><extensions><TT:RideData eng="73.1" air="22.6" spd="11.2" rpm="1872"/></extensions></trkpt>
      <trkpt lat="45.602381" lon="-121.587813"><ele>671.2</ele><time>2026-08-18T15:19:38.000Z</time><extensions><TT:RideData eng="73.4" air="22.5" spd="12.1" rpm="2050"/></extensions></trkpt>
      <trkpt lat="45.602599" lon="-121.587676"><ele>666.6</ele><time>2026-08-18T15:19:46.000Z</time><extensions><TT:RideData eng="73.5" air="22.4" spd="22.0" rpm="2619"/></extensions></trkpt>
      <trkpt lat="45.602988" lon="-121.587398"><ele>662.3</ele><time>2026-08-18T15:19:54.000Z</time><extensions><TT:RideData eng="73.2" air="22.3" spd="21.3" rpm="2441"/></extensions></trkpt>
      <trkpt lat="45.603193" lon="-121.587251"><ele>659.4</ele><time>2026-08-18T15:20:02.000Z</time><extensions><TT:RideData eng="73.1" air="22.4" spd="10.5" rpm="3942"/></extensions></trkpt>
      <trkpt lat="45.603515" lon="-121.587381"><ele>656.7</ele><time>2026-08-18T15:20:10.000Z</time><extensions><TT:RideData eng="73.7" air="22.5" spd="18.4" rpm="3339"/></extensions></trkpt>
      <trkpt lat="45.603625" lon="-121.587606"><ele>654.7</ele><time>2026-08-18T15:20:18.000Z</time><extensions><TT:RideData eng="74.5" air="22.5" spd="15.2" rpm="2242"/></extensions></trkpt>
      <trkpt lat="45.603718" lon="-121.587733"><ele>653.0</ele><time>2026-08-18T15:20:26.000Z</time><extensions><TT:RideData eng="75.1" air="22.4" spd="11.2" rpm="1912"/></extensions></trkpt>
      <trkpt lat="45.603796" lon="-121.587950"><ele>651.2</ele><time>2026-08-18T15:20:34.000Z</time><extensions><TT:RideData eng="75.6" air="22.5" spd="11.5" rpm="1957"/></extensions></trkpt>
      <trkpt lat="45.603816" lon="-121.588108"><ele>649.2</ele><time>2026-08-18T15:20:42.000Z</time><extensions><TT:RideData eng="76.0" air="22.4" spd="3.6" rpm="1933"/></extensions></trkpt>
      <trkpt lat="45.603819" lon="-121.588171"><ele>648.5</ele><time>2026-08-18T15:20:50.000Z</time><extensions><TT:RideData eng="76.6" air="22.5" spd="9.8" rpm="1976"/></extensions></trkpt>
      <trkpt lat="45.603900" lon="-121.588468"><ele>646.5</ele><time>2026-08-18T15:20:58.000Z</time><extensions><TT:RideData eng="76.9" air="22.5" spd="5.0" rpm="1859"/></extensions></trkpt>
      <trkpt lat="45.603944" lon="-121.588711"><ele>643.4</ele><time>2026-08-18T15:21:06.000Z</time><extensions><TT:RideData eng="77.4" air="22.5" spd="5.0" rpm="1903"/></extensions></trkpt>
      <trkpt lat="45.603988" lon="-121.588935"><ele>641.1</ele><time>2026-08-18T15:21:14.000Z</time><extensions><TT:RideData eng="77.8" air="22.4" spd="6.5" rpm="1908"/></extensions></trkpt>
      <trkpt lat="45.604013" lon="-121.589153"><ele>637.5</ele><time>2026-08-18T15:21:22.000Z</time><extensions><TT:RideData eng="77.9" air="22.4" spd="7.5" rpm="0"/></extensions></trkpt>
      <trkpt lat="45.604046" lon="-121.589366"><ele>632.4</ele><time>2026-08-18T15:21:30.000Z</time><extensions><TT:RideData eng="77.0" air="22.3" spd="8.3" rpm="0"/></extensions></trkpt>
      <trkpt lat="45.604090" lon="-121.589543"><ele>626.7</ele><time>2026-08-18T15:21:38.000Z</time><extensions><TT:RideData eng="76.5" air="22.3" spd="8.9" rpm="0"/></extensions></trkpt>
      <trkpt lat="45.604118" lon="-121.589678"><ele>623.8</ele><time>2026-08-18T15:21:46.000Z</time><extensions><TT:RideData eng="76.4" air="22.4" spd="7.7" rpm="0"/></extensions></trkpt>
      <trkpt lat="45.604080" lon="-121.589888"><ele>623.0</ele><time>2026-08-18T15:21:54.000Z</time><extensions><TT:RideData eng="76.3" air="22.2" spd="7.6" rpm="0"/></extensions></trkpt>
      <trkpt lat="45.604013" lon="-121.589985"><ele>621.7</ele><time>2026-08-18T15:22:02.000Z</time><extensions><TT:RideData eng="76.1" air="22.0" spd="7.6" rpm="0"/></extensions></trkpt>
      <trkpt lat="45.603985" lon="-121.590075"><ele>620.8</ele><time>2026-08-18T15:22:10.000Z</time><extensions><TT:RideData eng="77.1" air="21.9" spd="11.0" rpm="2021"/></extensions></trkpt>
      <trkpt lat="45.604058" lon="-121.590295"><ele>621.8</ele><time>2026-08-18T15:22:18.000Z</time><extensions><TT:RideData eng="76.9" air="21.8" spd="17.6" rpm="2643"/></extensions></trkpt>
      <trkpt lat="45.604241" lon="-121.590666"><ele>622.3</ele><time>2026-08-18T15:22:26.000Z</time><extensions><TT:RideData eng="77.4" air="21.8" spd="22.3" rpm="2324"/></extensions></trkpt>
      <trkpt lat="45.604475" lon="-121.591076"><ele>621.5</ele><time>2026-08-18T15:22:34.000Z</time><extensions><TT:RideData eng="77.0" air="21.7" spd="18.4" rpm="2259"/></extensions></trkpt>
      <trkpt lat="45.604575" lon="-121.591531"><ele>616.6</ele><time>2026-08-18T15:22:42.000Z</time><extensions><TT:RideData eng="76.6" air="21.8" spd="15.3" rpm="2023"/></extensions></trkpt>
      <trkpt lat="45.604548" lon="-121.591911"><ele>610.3</ele><time>2026-08-18T15:22:50.000Z</time><extensions><TT:RideData eng="76.3" air="21.8" spd="12.1" rpm="2034"/></extensions></trkpt>
      <trkpt lat="45.604340" lon="-121.592155"><ele>601.8</ele><time>2026-08-18T15:22:58.000Z</time><extensions><TT:RideData eng="76.2" air="21.8" spd="17.0" rpm="2090"/></extensions></trkpt>
      <trkpt lat="45.604166" lon="-121.592454"><ele>594.0</ele><time>2026-08-18T15:23:06.000Z</time><extensions><TT:RideData eng="75.9" air="21.6" spd="12.8" rpm="1942"/></extensions></trkpt>
      <trkpt lat="45.604226" lon="-121.592813"><ele>588.0</ele><time>2026-08-18T15:23:14.000Z</time><extensions><TT:RideData eng="75.9" air="21.6" spd="16.0" rpm="2054"/></extensions></trkpt>
      <trkpt lat="45.604323" lon="-121.593266"><ele>582.4</ele><time>2026-08-18T15:23:22.000Z</time><extensions><TT:RideData eng="75.8" air="21.8" spd="18.1" rpm="0"/></extensions></trkpt>
      <trkpt lat="45.604381" lon="-121.593601"><ele>573.2</ele><time>2026-08-18T15:23:30.000Z</time><extensions><TT:RideData eng="75.2" air="22.0" spd="6.8" rpm="4204"/></extensions></trkpt>
      <trkpt lat="45.604406" lon="-121.593953"><ele>566.9</ele><time>2026-08-18T15:23:38.000Z</time><extensions><TT:RideData eng="74.9" air="22.2" spd="12.9" rpm="1992"/></extensions></trkpt>
      <trkpt lat="45.604420" lon="-121.594481"><ele>561.9</ele><time>2026-08-18T15:23:46.000Z</time><extensions><TT:RideData eng="74.3" air="22.2" spd="22.9" rpm="0"/></extensions></trkpt>
      <trkpt lat="45.604435" lon="-121.595031"><ele>556.3</ele><time>2026-08-18T15:23:54.000Z</time><extensions><TT:RideData eng="73.7" air="22.2" spd="17.8" rpm="4992"/></extensions></trkpt>
      <trkpt lat="45.604403" lon="-121.595678"><ele>550.5</ele><time>2026-08-18T15:24:02.000Z</time><extensions><TT:RideData eng="72.5" air="22.2" spd="23.2" rpm="0"/></extensions></trkpt>
      <trkpt lat="45.604223" lon="-121.596279"><ele>545.3</ele><time>2026-08-18T15:24:10.000Z</time><extensions><TT:RideData eng="72.1" air="22.1" spd="13.1" rpm="0"/></extensions></trkpt>
      <trkpt lat="45.604116" lon="-121.596380"><ele>539.2</ele><time>2026-08-18T15:24:25.000Z</time><extensions><TT:RideData eng="70.6" air="22.4" spd="24.6" rpm="4200"/></extensions></trkpt>
      <trkpt lat="45.603726" lon="-121.596366"><ele>537.1</ele><time>2026-08-18T15:24:33.000Z</time><extensions><TT:RideData eng="71.1" air="22.2" spd="23.3" rpm="3201"/></extensions></trkpt>
      <trkpt lat="45.603316" lon="-121.596235"><ele>533.0</ele><time>2026-08-18T15:24:41.000Z</time><extensions><TT:RideData eng="71.6" air="21.8" spd="19.2" rpm="2583"/></extensions></trkpt>
      <trkpt lat="45.603171" lon="-121.596738"><ele>532.7</ele><time>2026-08-18T15:24:49.000Z</time><extensions><TT:RideData eng="71.5" air="21.7" spd="21.6" rpm="3718"/></extensions></trkpt>
      <trkpt lat="45.603080" lon="-121.597340"><ele>532.9</ele><time>2026-08-18T15:24:57.000Z</time><extensions><TT:RideData eng="71.8" air="21.9" spd="21.9" rpm="3509"/></extensions></trkpt>
      <trkpt lat="45.602915" lon="-121.597760"><ele>529.0</ele><time>2026-08-18T15:25:05.000Z</time><extensions><TT:RideData eng="72.3" air="22.0" spd="16.9" rpm="2462"/></extensions></trkpt>
      <trkpt lat="45.602590" lon="-121.597845"><ele>522.1</ele><time>2026-08-18T15:25:13.000Z</time><extensions><TT:RideData eng="72.6" air="21.9" spd="11.7" rpm="1969"/></extensions></trkpt>
      <trkpt lat="45.602283" lon="-121.597768"><ele>512.1</ele><time>2026-08-18T15:25:21.000Z</time><extensions><TT:RideData eng="72.6" air="21.8" spd="16.4" rpm="2896"/></extensions></trkpt>
      <trkpt lat="45.601911" lon="-121.597475"><ele>504.0</ele><time>2026-08-18T15:25:29.000Z</time><extensions><TT:RideData eng="72.4" air="21.6" spd="27.7" rpm="4845"/></extensions></trkpt>
      <trkpt lat="45.601396" lon="-121.597156"><ele>496.2</ele><time>2026-08-18T15:25:37.000Z</time><extensions><TT:RideData eng="72.2" air="21.6" spd="20.8" rpm="2434"/></extensions></trkpt>
      <trkpt lat="45.601061" lon="-121.597018"><ele>489.8</ele><time>2026-08-18T15:25:45.000Z</time><extensions><TT:RideData eng="72.3" air="21.5" spd="16.0" rpm="2892"/></extensions></trkpt>
      <trkpt lat="45.600796" lon="-121.596773"><ele>486.9</ele><time>2026-08-18T15:25:53.000Z</time><extensions><TT:RideData eng="72.3" air="21.8" spd="23.4" rpm="3501"/></extensions></trkpt>
      <trkpt lat="45.600593" lon="-121.596331"><ele>483.3</ele><time>2026-08-18T15:26:01.000Z</time><extensions><TT:RideData eng="72.6" air="22.4" spd="14.9" rpm="2083"/></extensions></trkpt>
      <trkpt lat="45.600518" lon="-121.595948"><ele>477.6</ele><time>2026-08-18T15:26:09.000Z</time><extensions><TT:RideData eng="72.8" air="22.0" spd="15.0" rpm="2087"/></extensions></trkpt>
      <trkpt lat="45.600318" lon="-121.596046"><ele>472.2</ele><time>2026-08-18T15:26:17.000Z</time><extensions><TT:RideData eng="72.8" air="21.5" spd="15.3" rpm="2032"/></extensions></trkpt>
      <trkpt lat="45.599888" lon="-121.596261"><ele>468.5</ele><time>2026-08-18T15:26:25.000Z</time><extensions><TT:RideData eng="72.9" air="21.5" spd="17.6" rpm="2080"/></extensions></trkpt>
      <trkpt lat="45.599468" lon="-121.596069"><ele>460.8</ele><time>2026-08-18T15:26:33.000Z</time><extensions><TT:RideData eng="72.9" air="21.7" spd="23.6" rpm="2545"/></extensions></trkpt>
      <trkpt lat="45.599278" lon="-121.596316"><ele>454.5</ele><time>2026-08-18T15:26:41.000Z</time><extensions><TT:RideData eng="72.6" air="21.2" spd="10.0" rpm="1914"/></extensions></trkpt>
      <trkpt lat="45.599203" lon="-121.596465"><ele>448.2</ele><time>2026-08-18T15:26:49.000Z</time><extensions><TT:RideData eng="72.8" air="21.2" spd="0.0" rpm="1864"/></extensions></trkpt>
      <trkpt lat="45.599136" lon="-121.596555"><ele>445.2</ele><time>2026-08-18T15:28:13.000Z</time><extensions><TT:RideData eng="76.9" air="21.9" spd="0.0" rpm="1957"/></extensions></trkpt>
      <trkpt lat="45.599108" lon="-121.596559"><ele>445.5</ele><time>2026-08-18T15:28:21.000Z</time><extensions><TT:RideData eng="74.2" air="22.0" spd="16.5" rpm="4459"/></extensions></trkpt>
      <trkpt lat="45.598903" lon="-121.596750"><ele>446.4</ele><time>2026-08-18T15:28:29.000Z</time><extensions><TT:RideData eng="75.3" air="21.7" spd="20.9" rpm="3889"/></extensions></trkpt>
      <trkpt lat="45.599005" lon="-121.597420"><ele>447.8</ele><time>2026-08-18T15:28:37.000Z</time><extensions><TT:RideData eng="76.2" air="21.7" spd="34.2" rpm="4682"/></extensions></trkpt>
      <trkpt lat="45.599073" lon="-121.598383"><ele>448.3</ele><time>2026-08-18T15:28:45.000Z</time><extensions><TT:RideData eng="76.3" air="22.3" spd="25.4" rpm="3409"/></extensions></trkpt>
      <trkpt lat="45.599133" lon="-121.599103"><ele>447.8</ele><time>2026-08-18T15:28:53.000Z</time><extensions><TT:RideData eng="76.4" air="22.7" spd="28.5" rpm="3954"/></extensions></trkpt>
      <trkpt lat="45.599056" lon="-121.599735"><ele>447.4</ele><time>2026-08-18T15:29:01.000Z</time><extensions><TT:RideData eng="76.4" air="22.7" spd="25.1" rpm="3667"/></extensions></trkpt>
      <trkpt lat="45.598663" lon="-121.599888"><ele>449.8</ele><time>2026-08-18T15:29:09.000Z</time><extensions><TT:RideData eng="76.5" air="22.7" spd="14.8" rpm="3001"/></extensions></trkpt>
      <trkpt lat="45.598395" lon="-121.599771"><ele>451.3</ele><time>2026-08-18T15:29:17.000Z</time><extensions><TT:RideData eng="77.0" air="22.7" spd="15.5" rpm="2593"/></extensions></trkpt>
      <trkpt lat="45.598188" lon="-121.599473"><ele>452.4</ele><time>2026-08-18T15:29:25.000Z</time><extensions><TT:RideData eng="77.6" air="22.7" spd="20.1" rpm="3615"/></extensions></trkpt>
      <trkpt lat="45.598001" lon="-121.598999"><ele>453.7</ele><time>2026-08-18T15:29:33.000Z</time><extensions><TT:RideData eng="78.1" air="22.6" spd="21.3" rpm="3619"/></extensions></trkpt>
      <trkpt lat="45.597653" lon="-121.598581"><ele>454.2</ele><time>2026-08-18T15:29:41.000Z</time><extensions><TT:RideData eng="78.1" air="22.6" spd="32.0" rpm="4271"/></extensions></trkpt>
      <trkpt lat="45.597110" lon="-121.598483"><ele>454.3</ele><time>2026-08-18T15:29:49.000Z</time><extensions><TT:RideData eng="77.5" air="22.1" spd="33.1" rpm="4488"/></extensions></trkpt>
      <trkpt lat="45.596676" lon="-121.598806"><ele>453.2</ele><time>2026-08-18T15:29:57.000Z</time><extensions><TT:RideData eng="76.6" air="21.7" spd="30.5" rpm="5870"/></extensions></trkpt>
      <trkpt lat="45.596659" lon="-121.599750"><ele>454.7</ele><time>2026-08-18T15:30:05.000Z</time><extensions><TT:RideData eng="76.2" air="21.7" spd="44.9" rpm="5895"/></extensions></trkpt>
      <trkpt lat="45.596825" lon="-121.600940"><ele>456.5</ele><time>2026-08-18T15:30:13.000Z</time><extensions><TT:RideData eng="75.7" air="22.2" spd="29.9" rpm="3541"/></extensions></trkpt>
      <trkpt lat="45.597143" lon="-121.602008"><ele>459.2</ele><time>2026-08-18T15:30:21.000Z</time><extensions><TT:RideData eng="75.2" air="22.7" spd="36.4" rpm="4689"/></extensions></trkpt>
      <trkpt lat="45.597143" lon="-121.602961"><ele>462.6</ele><time>2026-08-18T15:30:29.000Z</time><extensions><TT:RideData eng="75.2" air="23.0" spd="28.1" rpm="3141"/></extensions></trkpt>
      <trkpt lat="45.597475" lon="-121.603646"><ele>464.4</ele><time>2026-08-18T15:30:37.000Z</time><extensions><TT:RideData eng="75.3" air="23.2" spd="29.9" rpm="4432"/></extensions></trkpt>
      <trkpt lat="45.598026" lon="-121.604066"><ele>466.4</ele><time>2026-08-18T15:30:45.000Z</time><extensions><TT:RideData eng="75.7" air="23.6" spd="29.8" rpm="4230"/></extensions></trkpt>
      <trkpt lat="45.598481" lon="-121.604661"><ele>470.5</ele><time>2026-08-18T15:30:53.000Z</time><extensions><TT:RideData eng="76.4" air="23.8" spd="28.2" rpm="4192"/></extensions></trkpt>
      <trkpt lat="45.598600" lon="-121.605398"><ele>473.9</ele><time>2026-08-18T15:31:01.000Z</time><extensions><TT:RideData eng="76.7" air="23.8" spd="22.5" rpm="2512"/></extensions></trkpt>
      <trkpt lat="45.598381" lon="-121.605770"><ele>478.3</ele><time>2026-08-18T15:31:09.000Z</time><extensions><TT:RideData eng="77.1" air="23.7" spd="31.2" rpm="3581"/></extensions></trkpt>
      <trkpt lat="45.597845" lon="-121.605656"><ele>481.2</ele><time>2026-08-18T15:31:17.000Z</time><extensions><TT:RideData eng="77.7" air="23.4" spd="40.6" rpm="5295"/></extensions></trkpt>
      <trkpt lat="45.597115" lon="-121.605415"><ele>486.1</ele><time>2026-08-18T15:31:25.000Z</time><extensions><TT:RideData eng="78.1" air="23.2" spd="32.0" rpm="4630"/></extensions></trkpt>
      <trkpt lat="45.596493" lon="-121.605440"><ele>489.2</ele><time>2026-08-18T15:31:33.000Z</time><extensions><TT:RideData eng="78.4" air="23.0" spd="31.8" rpm="4699"/></extensions></trkpt>
      <trkpt lat="45.595835" lon="-121.605196"><ele>493.6</ele><time>2026-08-18T15:31:41.000Z</time><extensions><TT:RideData eng="78.3" air="22.9" spd="34.8" rpm="4425"/></extensions></trkpt>
      <trkpt lat="45.595490" lon="-121.604729"><ele>497.5</ele><time>2026-08-18T15:31:49.000Z</time><extensions><TT:RideData eng="78.2" air="22.8" spd="28.2" rpm="5576"/></extensions></trkpt>
      <trkpt lat="45.595136" lon="-121.604063"><ele>500.3</ele><time>2026-08-18T15:31:57.000Z</time><extensions><TT:RideData eng="78.3" air="22.8" spd="27.0" rpm="3239"/></extensions></trkpt>
      <trkpt lat="45.595028" lon="-121.603443"><ele>502.9</ele><time>2026-08-18T15:32:05.000Z</time><extensions><TT:RideData eng="78.1" air="22.9" spd="29.3" rpm="3979"/></extensions></trkpt>
      <trkpt lat="45.594970" lon="-121.602591"><ele>505.2</ele><time>2026-08-18T15:32:13.000Z</time><extensions><TT:RideData eng="77.8" air="22.8" spd="32.7" rpm="4165"/></extensions></trkpt>
      <trkpt lat="45.594673" lon="-121.601913"><ele>508.9</ele><time>2026-08-18T15:32:21.000Z</time><extensions><TT:RideData eng="77.4" air="22.8" spd="31.8" rpm="4167"/></extensions></trkpt>
      <trkpt lat="45.594196" lon="-121.601396"><ele>515.8</ele><time>2026-08-18T15:32:29.000Z</time><extensions><TT:RideData eng="77.2" air="23.0" spd="32.8" rpm="4176"/></extensions></trkpt>
      <trkpt lat="45.593748" lon="-121.601005"><ele>523.8</ele><time>2026-08-18T15:32:37.000Z</time><extensions><TT:RideData eng="77.5" air="24.2" spd="18.6" rpm="2303"/></extensions></trkpt>
      <trkpt lat="45.593508" lon="-121.600651"><ele>527.7</ele><time>2026-08-18T15:32:45.000Z</time><extensions><TT:RideData eng="77.6" air="24.5" spd="13.1" rpm="2407"/></extensions></trkpt>
      <trkpt lat="45.593463" lon="-121.600223"><ele>533.2</ele><time>2026-08-18T15:32:53.000Z</time><extensions><TT:RideData eng="77.6" air="24.7" spd="16.1" rpm="3130"/></extensions></trkpt>
      <trkpt lat="45.593193" lon="-121.599875"><ele>540.5</ele><time>2026-08-18T15:33:01.000Z</time><extensions><TT:RideData eng="77.7" air="24.9" spd="22.7" rpm="3185"/></extensions></trkpt>
      <trkpt lat="45.592816" lon="-121.599535"><ele>547.4</ele><time>2026-08-18T15:33:09.000Z</time><extensions><TT:RideData eng="78.1" air="25.1" spd="22.4" rpm="3346"/></extensions></trkpt>
      <trkpt lat="45.592874" lon="-121.599101"><ele>554.2</ele><time>2026-08-18T15:33:17.000Z</time><extensions><TT:RideData eng="78.4" air="25.3" spd="21.1" rpm="3003"/></extensions></trkpt>
      <trkpt lat="45.593245" lon="-121.598715"><ele>564.0</ele><time>2026-08-18T15:33:25.000Z</time><extensions><TT:RideData eng="78.5" air="24.6" spd="21.1" rpm="3816"/></extensions></trkpt>
      <trkpt lat="45.593686" lon="-121.598286"><ele>571.0</ele><time>2026-08-18T15:33:33.000Z</time><extensions><TT:RideData eng="78.6" air="23.7" spd="28.3" rpm="4544"/></extensions></trkpt>
      <trkpt lat="45.593925" lon="-121.597718"><ele>575.0</ele><time>2026-08-18T15:33:41.000Z</time><extensions><TT:RideData eng="78.8" air="23.2" spd="30.4" rpm="3505"/></extensions></trkpt>
      <trkpt lat="45.593946" lon="-121.596945"><ele>578.7</ele><time>2026-08-18T15:33:49.000Z</time><extensions><TT:RideData eng="78.4" air="22.8" spd="34.9" rpm="4010"/></extensions></trkpt>
      <trkpt lat="45.594268" lon="-121.596265"><ele>582.3</ele><time>2026-08-18T15:33:57.000Z</time><extensions><TT:RideData eng="77.8" air="22.2" spd="29.3" rpm="3257"/></extensions></trkpt>
      <trkpt lat="45.594508" lon="-121.595841"><ele>587.2</ele><time>2026-08-18T15:34:05.000Z</time><extensions><TT:RideData eng="77.4" air="22.1" spd="17.1" rpm="5814"/></extensions></trkpt>
      <trkpt lat="45.594293" lon="-121.595718"><ele>591.4</ele><time>2026-08-18T15:34:13.000Z</time><extensions><TT:RideData eng="77.7" air="22.2" spd="13.8" rpm="3170"/></extensions></trkpt>
      <trkpt lat="45.594096" lon="-121.595598"><ele>596.4</ele><time>2026-08-18T15:34:21.000Z</time><extensions><TT:RideData eng="79.0" air="22.4" spd="20.4" rpm="4248"/></extensions></trkpt>
      <trkpt lat="45.593816" lon="-121.595406"><ele>600.1</ele><time>2026-08-18T15:34:29.000Z</time><extensions><TT:RideData eng="80.0" air="22.5" spd="18.9" rpm="2844"/></extensions></trkpt>
      <trkpt lat="45.593738" lon="-121.595369"><ele>602.6</ele><time>2026-08-18T15:34:37.000Z</time><extensions><TT:RideData eng="81.0" air="22.7" spd="0.0" rpm="1885"/></extensions></trkpt>
      <trkpt lat="45.593710" lon="-121.595405"><ele>602.7</ele><time>2026-08-18T15:34:45.000Z</time><extensions><TT:RideData eng="81.8" air="22.8" spd="0.0" rpm="1917"/></extensions></trkpt>
      <trkpt lat="45.593671" lon="-121.595430"><ele>603.7</ele><time>2026-08-18T15:34:53.000Z</time><extensions><TT:RideData eng="82.6" air="23.0" spd="0.0" rpm="1859"/></extensions></trkpt>
      <trkpt lat="45.593648" lon="-121.595448"><ele>604.9</ele><time>2026-08-18T15:35:01.000Z</time><extensions><TT:RideData eng="83.2" air="23.1" spd="0.0" rpm="1852"/></extensions></trkpt>
      <trkpt lat="45.593595" lon="-121.595513"><ele>606.2</ele><time>2026-08-18T15:35:09.000Z</time><extensions><TT:RideData eng="83.5" air="23.2" spd="19.0" rpm="4408"/></extensions></trkpt>
      <trkpt lat="45.593345" lon="-121.595638"><ele>610.3</ele><time>2026-08-18T15:35:17.000Z</time><extensions><TT:RideData eng="84.0" air="23.0" spd="17.8" rpm="4203"/></extensions></trkpt>
      <trkpt lat="45.592996" lon="-121.595563"><ele>614.5</ele><time>2026-08-18T15:35:25.000Z</time><extensions><TT:RideData eng="84.7" air="22.9" spd="21.3" rpm="4374"/></extensions></trkpt>
      <trkpt lat="45.592670" lon="-121.595468"><ele>618.4</ele><time>2026-08-18T15:35:33.000Z</time><extensions><TT:RideData eng="85.2" air="22.7" spd="16.0" rpm="3737"/></extensions></trkpt>
      <trkpt lat="45.592453" lon="-121.595503"><ele>621.6</ele><time>2026-08-18T15:35:41.000Z</time><extensions><TT:RideData eng="85.8" air="22.6" spd="25.6" rpm="3758"/></extensions></trkpt>
      <trkpt lat="45.592218" lon="-121.595804"><ele>626.8</ele><time>2026-08-18T15:35:49.000Z</time><extensions><TT:RideData eng="86.2" air="22.6" spd="28.8" rpm="4310"/></extensions></trkpt>
      <trkpt lat="45.591836" lon="-121.595156"><ele>652.7</ele><time>2026-08-18T15:35:57.000Z</time><extensions><TT:RideData eng="85.8" air="22.6" spd="18.4" rpm="2327"/></extensions></trkpt>
      <trkpt lat="45.591560" lon="-121.594820"><ele>675.0</ele><time>2026-08-18T15:36:05.000Z</time><extensions><TT:RideData eng="85.7" air="23.0" spd="10.2" rpm="2050"/></extensions></trkpt>
      <trkpt lat="45.591298" lon="-121.594471"><ele>691.9</ele><time>2026-08-18T15:36:13.000Z</time><extensions><TT:RideData eng="85.7" air="23.4" spd="16.6" rpm="2678"/></extensions></trkpt>
      <trkpt lat="45.591185" lon="-121.594106"><ele>704.5</ele><time>2026-08-18T15:36:21.000Z</time><extensions><TT:RideData eng="85.8" air="23.4" spd="6.6" rpm="1823"/></extensions></trkpt>
      <trkpt lat="45.591151" lon="-121.594085"><ele>710.9</ele><time>2026-08-18T15:36:29.000Z</time><extensions><TT:RideData eng="86.2" air="23.6" spd="0.0" rpm="1813"/></extensions></trkpt>
      <trkpt lat="45.591141" lon="-121.594083"><ele>711.4</ele><time>2026-08-18T15:36:37.000Z</time><extensions><TT:RideData eng="86.7" air="23.7" spd="0.0" rpm="1843"/></extensions></trkpt>
      <trkpt lat="45.591146" lon="-121.594066"><ele>711.4</ele><time>2026-08-18T15:36:45.000Z</time><extensions><TT:RideData eng="87.2" air="23.9" spd="0.0" rpm="357"/></extensions></trkpt>
      <trkpt lat="45.591146" lon="-121.594063"><ele>711.4</ele><time>2026-08-18T15:36:53.000Z</time><extensions><TT:RideData eng="87.5" air="24.0" spd="0.0" rpm="1847"/></extensions></trkpt>
      <trkpt lat="45.591108" lon="-121.594053"><ele>744.7</ele><time>2026-08-18T15:45:49.000Z</time><extensions><TT:RideData eng="78.7" air="25.2" spd="7.3" rpm="2145"/></extensions></trkpt>
      <trkpt lat="45.591315" lon="-121.594008"><ele>740.4</ele><time>2026-08-18T15:45:57.000Z</time><extensions><TT:RideData eng="76.4" air="24.8" spd="42.6" rpm="4584"/></extensions></trkpt>
      <trkpt lat="45.591941" lon="-121.593220"><ele>738.5</ele><time>2026-08-18T15:46:05.000Z</time><extensions><TT:RideData eng="75.2" air="23.7" spd="51.5" rpm="4739"/></extensions></trkpt>
      <trkpt lat="45.592503" lon="-121.591756"><ele>738.2</ele><time>2026-08-18T15:46:13.000Z</time><extensions><TT:RideData eng="73.6" air="23.1" spd="53.0" rpm="4922"/></extensions></trkpt>
      <trkpt lat="45.592845" lon="-121.590258"><ele>738.0</ele><time>2026-08-18T15:46:21.000Z</time><extensions><TT:RideData eng="72.6" air="23.6" spd="16.8" rpm="2332"/></extensions></trkpt>
      <trkpt lat="45.592565" lon="-121.590205"><ele>742.4</ele><time>2026-08-18T15:46:29.000Z</time><extensions><TT:RideData eng="72.3" air="24.1" spd="23.1" rpm="3724"/></extensions></trkpt>
      <trkpt lat="45.592103" lon="-121.590798"><ele>743.1</ele><time>2026-08-18T15:46:37.000Z</time><extensions><TT:RideData eng="72.7" air="24.0" spd="31.3" rpm="3490"/></extensions></trkpt>
      <trkpt lat="45.591566" lon="-121.590968"><ele>742.4</ele><time>2026-08-18T15:46:45.000Z</time><extensions><TT:RideData eng="72.8" air="24.1" spd="32.7" rpm="3752"/></extensions></trkpt>
      <trkpt lat="45.590930" lon="-121.590783"><ele>741.2</ele><time>2026-08-18T15:46:53.000Z</time><extensions><TT:RideData eng="72.2" air="23.9" spd="36.1" rpm="4172"/></extensions></trkpt>
      <trkpt lat="45.590360" lon="-121.590738"><ele>738.1</ele><time>2026-08-18T15:47:01.000Z</time><extensions><TT:RideData eng="71.2" air="24.1" spd="23.8" rpm="2767"/></extensions></trkpt>
      <trkpt lat="45.589855" lon="-121.591183"><ele>732.9</ele><time>2026-08-18T15:47:09.000Z</time><extensions><TT:RideData eng="70.5" air="24.5" spd="28.5" rpm="3338"/></extensions></trkpt>
      <trkpt lat="45.589601" lon="-121.591921"><ele>728.5</ele><time>2026-08-18T15:47:17.000Z</time><extensions><TT:RideData eng="69.9" air="24.3" spd="29.4" rpm="3362"/></extensions></trkpt>
      <trkpt lat="45.589213" lon="-121.592591"><ele>725.6</ele><time>2026-08-18T15:47:25.000Z</time><extensions><TT:RideData eng="69.5" air="23.9" spd="16.6" rpm="3872"/></extensions></trkpt>
      <trkpt lat="45.588876" lon="-121.593063"><ele>724.0</ele><time>2026-08-18T15:47:33.000Z</time><extensions><TT:RideData eng="70.2" air="24.0" spd="9.4" rpm="1663"/></extensions></trkpt>
      <trkpt lat="45.588823" lon="-121.593291"><ele>718.0</ele><time>2026-08-18T15:47:41.000Z</time><extensions><TT:RideData eng="70.7" air="24.2" spd="15.9" rpm="5279"/></extensions></trkpt>
      <trkpt lat="45.589523" lon="-121.594296"><ele>711.7</ele><time>2026-08-18T15:47:49.000Z</time><extensions><TT:RideData eng="71.7" air="24.3" spd="42.9" rpm="3803"/></extensions></trkpt>
      <trkpt lat="45.590195" lon="-121.595078"><ele>706.6</ele><time>2026-08-18T15:47:57.000Z</time><extensions><TT:RideData eng="71.6" air="24.0" spd="22.6" rpm="1932"/></extensions></trkpt>
      <trkpt lat="45.590238" lon="-121.595321"><ele>702.1</ele><time>2026-08-18T15:48:05.000Z</time><extensions><TT:RideData eng="71.5" air="23.9" spd="0.0" rpm="1895"/></extensions></trkpt>
      <trkpt lat="45.590218" lon="-121.595315"><ele>699.7</ele><time>2026-08-18T15:48:13.000Z</time><extensions><TT:RideData eng="72.5" air="24.1" spd="0.0" rpm="1892"/></extensions></trkpt>
      <trkpt lat="45.590213" lon="-121.595311"><ele>699.6</ele><time>2026-08-18T15:48:21.000Z</time><extensions><TT:RideData eng="73.5" air="24.3" spd="0.0" rpm="1767"/></extensions></trkpt>
      <trkpt lat="45.590339" lon="-121.595920"><ele>700.2</ele><time>2026-08-18T15:48:29.000Z</time><extensions><TT:RideData eng="73.9" air="24.3" spd="32.9" rpm="3877"/></extensions></trkpt>
      <trkpt lat="45.590143" lon="-121.596928"><ele>693.9</ele><time>2026-08-18T15:48:37.000Z</time><extensions><TT:RideData eng="73.7" air="23.9" spd="12.0" rpm="3204"/></extensions></trkpt>
      <trkpt lat="45.589893" lon="-121.597018"><ele>690.2</ele><time>2026-08-18T15:48:45.000Z</time><extensions><TT:RideData eng="74.0" air="23.8" spd="13.2" rpm="1954"/></extensions></trkpt>
      <trkpt lat="45.589891" lon="-121.597445"><ele>687.5</ele><time>2026-08-18T15:48:53.000Z</time><extensions><TT:RideData eng="74.9" air="23.6" spd="28.6" rpm="4972"/></extensions></trkpt>
      <trkpt lat="45.590166" lon="-121.598093"><ele>684.3</ele><time>2026-08-18T15:49:01.000Z</time><extensions><TT:RideData eng="74.9" air="23.2" spd="35.6" rpm="4906"/></extensions></trkpt>
      <trkpt lat="45.590589" lon="-121.598963"><ele>688.4</ele><time>2026-08-18T15:49:09.000Z</time><extensions><TT:RideData eng="75.0" air="23.0" spd="44.8" rpm="4687"/></extensions></trkpt>
      <trkpt lat="45.591028" lon="-121.599975"><ele>686.1</ele><time>2026-08-18T15:49:17.000Z</time><extensions><TT:RideData eng="74.5" air="23.6" spd="49.5" rpm="4320"/></extensions></trkpt>
      <trkpt lat="45.591894" lon="-121.600848"><ele>680.2</ele><time>2026-08-18T15:49:25.000Z</time><extensions><TT:RideData eng="73.2" air="24.2" spd="46.0" rpm="4210"/></extensions></trkpt>
      <trkpt lat="45.592748" lon="-121.601791"><ele>669.8</ele><time>2026-08-18T15:49:33.000Z</time><extensions><TT:RideData eng="71.9" air="24.4" spd="46.1" rpm="4014"/></extensions></trkpt>
      <trkpt lat="45.593491" lon="-121.602413"><ele>664.4</ele><time>2026-08-18T15:49:41.000Z</time><extensions><TT:RideData eng="70.8" air="25.3" spd="37.1" rpm="3184"/></extensions></trkpt>
      <trkpt lat="45.594003" lon="-121.602879"><ele>649.1</ele><time>2026-08-18T15:49:49.000Z</time><extensions><TT:RideData eng="70.1" air="25.0" spd="26.6" rpm="2636"/></extensions></trkpt>
      <trkpt lat="45.594115" lon="-121.603253"><ele>654.8</ele><time>2026-08-18T15:49:57.000Z</time><extensions><TT:RideData eng="69.7" air="24.5" spd="21.3" rpm="2189"/></extensions></trkpt>
      <trkpt lat="45.594055" lon="-121.603601"><ele>651.1</ele><time>2026-08-18T15:50:05.000Z</time><extensions><TT:RideData eng="69.8" air="24.4" spd="8.0" rpm="1784"/></extensions></trkpt>
      <trkpt lat="45.594133" lon="-121.603461"><ele>657.1</ele><time>2026-08-18T15:50:13.000Z</time><extensions><TT:RideData eng="70.3" air="24.6" spd="0.0" rpm="3270"/></extensions></trkpt>
      <trkpt lat="45.594198" lon="-121.603463"><ele>657.3</ele><time>2026-08-18T15:50:21.000Z</time><extensions><TT:RideData eng="71.4" air="24.7" spd="0.0" rpm="4432"/></extensions></trkpt>
      <trkpt lat="45.594178" lon="-121.603355"><ele>654.5</ele><time>2026-08-18T15:50:29.000Z</time><extensions><TT:RideData eng="73.0" air="24.8" spd="6.6" rpm="208"/></extensions></trkpt>
      <trkpt lat="45.594211" lon="-121.603340"><ele>650.9</ele><time>2026-08-18T15:50:37.000Z</time><extensions><TT:RideData eng="74.2" air="24.8" spd="0.0" rpm="2379"/></extensions></trkpt>
      <trkpt lat="45.594186" lon="-121.603313"><ele>647.8</ele><time>2026-08-18T15:50:46.000Z</time><extensions><TT:RideData eng="75.7" air="24.9" spd="0.0" rpm="696"/></extensions></trkpt>
      <trkpt lat="45.594201" lon="-121.603151"><ele>644.9</ele><time>2026-08-18T15:50:54.000Z</time><extensions><TT:RideData eng="76.6" air="24.9" spd="12.6" rpm="2536"/></extensions></trkpt>
      <trkpt lat="45.594241" lon="-121.602945"><ele>638.2</ele><time>2026-08-18T15:51:03.000Z</time><extensions><TT:RideData eng="78.3" air="24.7" spd="0.0" rpm="4128"/></extensions></trkpt>
      <trkpt lat="45.594225" lon="-121.603076"><ele>646.3</ele><time>2026-08-18T15:51:31.000Z</time><extensions><TT:RideData eng="77.2" air="24.5" spd="0.0" rpm="10"/></extensions></trkpt>
      <trkpt lat="45.594228" lon="-121.603080"><ele>646.4</ele><time>2026-08-18T15:51:39.000Z</time><extensions><TT:RideData eng="78.9" air="24.6" spd="16.0" rpm="5498"/></extensions></trkpt>
      <trkpt lat="45.594021" lon="-121.602875"><ele>654.1</ele><time>2026-08-18T15:51:47.000Z</time><extensions><TT:RideData eng="80.1" air="24.7" spd="24.4" rpm="3958"/></extensions></trkpt>
      <trkpt lat="45.593648" lon="-121.602593"><ele>668.9</ele><time>2026-08-18T15:51:55.000Z</time><extensions><TT:RideData eng="81.7" air="24.8" spd="15.4" rpm="2490"/></extensions></trkpt>
      <trkpt lat="45.593473" lon="-121.602531"><ele>679.1</ele><time>2026-08-18T15:52:03.000Z</time><extensions><TT:RideData eng="82.7" air="24.7" spd="18.7" rpm="2987"/></extensions></trkpt>
      <trkpt lat="45.593200" lon="-121.602611"><ele>690.6</ele><time>2026-08-18T15:52:11.000Z</time><extensions><TT:RideData eng="83.5" air="24.6" spd="15.1" rpm="3769"/></extensions></trkpt>
      <trkpt lat="45.592940" lon="-121.602565"><ele>704.6</ele><time>2026-08-18T15:52:19.000Z</time><extensions><TT:RideData eng="84.3" air="24.5" spd="18.7" rpm="5402"/></extensions></trkpt>
      <trkpt lat="45.592681" lon="-121.602230"><ele>710.4</ele><time>2026-08-18T15:52:27.000Z</time><extensions><TT:RideData eng="85.3" air="24.5" spd="9.2" rpm="3838"/></extensions></trkpt>
      <trkpt lat="45.592593" lon="-121.602005"><ele>714.2</ele><time>2026-08-18T15:52:35.000Z</time><extensions><TT:RideData eng="85.9" air="24.4" spd="19.9" rpm="3280"/></extensions></trkpt>
      <trkpt lat="45.592433" lon="-121.601793"><ele>718.6</ele><time>2026-08-18T15:52:43.000Z</time><extensions><TT:RideData eng="86.3" air="24.3" spd="13.3" rpm="3429"/></extensions></trkpt>
      <trkpt lat="45.592305" lon="-121.601534"><ele>723.9</ele><time>2026-08-18T15:52:51.000Z</time><extensions><TT:RideData eng="86.6" air="24.1" spd="17.3" rpm="3151"/></extensions></trkpt>
      <trkpt lat="45.592161" lon="-121.601241"><ele>729.5</ele><time>2026-08-18T15:52:59.000Z</time><extensions><TT:RideData eng="86.5" air="24.1" spd="11.8" rpm="2271"/></extensions></trkpt>
      <trkpt lat="45.591918" lon="-121.601184"><ele>734.3</ele><time>2026-08-18T15:53:07.000Z</time><extensions><TT:RideData eng="86.5" air="24.3" spd="17.1" rpm="3050"/></extensions></trkpt>
      <trkpt lat="45.591601" lon="-121.600841"><ele>736.9</ele><time>2026-08-18T15:53:15.000Z</time><extensions><TT:RideData eng="86.5" air="24.5" spd="17.3" rpm="2062"/></extensions></trkpt>
      <trkpt lat="45.591380" lon="-121.600603"><ele>742.1</ele><time>2026-08-18T15:53:23.000Z</time><extensions><TT:RideData eng="86.3" air="24.6" spd="7.0" rpm="1938"/></extensions></trkpt>
      <trkpt lat="45.591350" lon="-121.600575"><ele>748.0</ele><time>2026-08-18T15:54:50.000Z</time><extensions><TT:RideData eng="88.6" air="24.9" spd="0.0" rpm="3120"/></extensions></trkpt>
      <trkpt lat="45.591350" lon="-121.600575"><ele>748.0</ele><time>2026-08-18T15:54:58.000Z</time><extensions><TT:RideData eng="84.4" air="24.9" spd="0.0" rpm="1888"/></extensions></trkpt>
      <trkpt lat="45.591350" lon="-121.600575"><ele>748.0</ele><time>2026-08-18T15:55:06.000Z</time><extensions><TT:RideData eng="84.9" air="25.0" spd="0.0" rpm="1955"/></extensions></trkpt>
      <trkpt lat="45.591350" lon="-121.600575"><ele>748.0</ele><time>2026-08-18T15:55:14.000Z</time><extensions><TT:RideData eng="85.1" air="25.0" spd="0.0" rpm="2060"/></extensions></trkpt>
      <trkpt lat="45.591188" lon="-121.600496"><ele>751.1</ele><time>2026-08-18T15:58:53.000Z</time><extensions><TT:RideData eng="88.0" air="25.5" spd="0.0" rpm="7"/></extensions></trkpt>
      <trkpt lat="45.591213" lon="-121.600468"><ele>749.9</ele><time>2026-08-18T16:00:39.000Z</time><extensions><TT:RideData eng="82.9" air="25.4" spd="0.0" rpm="1212"/></extensions></trkpt>
      <trkpt lat="45.591155" lon="-121.600410"><ele>750.0</ele><time>2026-08-18T16:00:47.000Z</time><extensions><TT:RideData eng="78.7" air="25.1" spd="25.8" rpm="4638"/></extensions></trkpt>
      <trkpt lat="45.590893" lon="-121.600198"><ele>751.0</ele><time>2026-08-18T16:00:55.000Z</time><extensions><TT:RideData eng="78.8" air="24.8" spd="10.7" rpm="3316"/></extensions></trkpt>
      <trkpt lat="45.590728" lon="-121.599981"><ele>751.8</ele><time>2026-08-18T16:01:03.000Z</time><extensions><TT:RideData eng="79.5" air="24.5" spd="9.2" rpm="3627"/></extensions></trkpt>
      <trkpt lat="45.590721" lon="-121.599908"><ele>751.8</ele><time>2026-08-18T16:01:11.000Z</time><extensions><TT:RideData eng="80.3" air="24.6" spd="0.0" rpm="2668"/></extensions></trkpt>
      <trkpt lat="45.590695" lon="-121.599880"><ele>751.1</ele><time>2026-08-18T16:01:19.000Z</time><extensions><TT:RideData eng="81.1" air="24.6" spd="0.0" rpm="1878"/></extensions></trkpt>
      <trkpt lat="45.590656" lon="-121.599848"><ele>751.6</ele><time>2026-08-18T16:01:27.000Z</time><extensions><TT:RideData eng="81.9" air="24.6" spd="9.3" rpm="3223"/></extensions></trkpt>
      <trkpt lat="45.590421" lon="-121.599711"><ele>752.2</ele><time>2026-08-18T16:01:35.000Z</time><extensions><TT:RideData eng="82.6" air="24.4" spd="17.7" rpm="2180"/></extensions></trkpt>
      <trkpt lat="45.590253" lon="-121.599568"><ele>752.4</ele><time>2026-08-18T16:01:43.000Z</time><extensions><TT:RideData eng="83.0" air="24.2" spd="15.9" rpm="3022"/></extensions></trkpt>
      <trkpt lat="45.590000" lon="-121.599275"><ele>752.0</ele><time>2026-08-18T16:01:51.000Z</time><extensions><TT:RideData eng="83.2" air="23.9" spd="25.3" rpm="3431"/></extensions></trkpt>
      <trkpt lat="45.589626" lon="-121.599031"><ele>752.4</ele><time>2026-08-18T16:01:59.000Z</time><extensions><TT:RideData eng="82.8" air="23.9" spd="23.1" rpm="4088"/></extensions></trkpt>
      <trkpt lat="45.589215" lon="-121.599030"><ele>752.9</ele><time>2026-08-18T16:02:07.000Z</time><extensions><TT:RideData eng="82.8" air="24.5" spd="14.1" rpm="3432"/></extensions></trkpt>
      <trkpt lat="45.588746" lon="-121.598981"><ele>753.2</ele><time>2026-08-18T16:02:15.000Z</time><extensions><TT:RideData eng="82.7" air="24.7" spd="23.8" rpm="4255"/></extensions></trkpt>
      <trkpt lat="45.588283" lon="-121.598923"><ele>753.8</ele><time>2026-08-18T16:02:23.000Z</time><extensions><TT:RideData eng="82.9" air="24.9" spd="16.9" rpm="3631"/></extensions></trkpt>
      <trkpt lat="45.587914" lon="-121.598910"><ele>754.8</ele><time>2026-08-18T16:02:31.000Z</time><extensions><TT:RideData eng="83.5" air="25.1" spd="15.2" rpm="2518"/></extensions></trkpt>
      <trkpt lat="45.587728" lon="-121.598680"><ele>756.6</ele><time>2026-08-18T16:02:39.000Z</time><extensions><TT:RideData eng="84.2" air="24.9" spd="19.9" rpm="2835"/></extensions></trkpt>
      <trkpt lat="45.587535" lon="-121.598161"><ele>759.8</ele><time>2026-08-18T16:02:47.000Z</time><extensions><TT:RideData eng="84.2" air="24.9" spd="26.8" rpm="5117"/></extensions></trkpt>
      <trkpt lat="45.587055" lon="-121.597558"><ele>761.0</ele><time>2026-08-18T16:02:55.000Z</time><extensions><TT:RideData eng="83.6" air="25.0" spd="39.1" rpm="4457"/></extensions></trkpt>
      <trkpt lat="45.586576" lon="-121.597083"><ele>771.0</ele><time>2026-08-18T16:03:03.000Z</time><extensions><TT:RideData eng="82.6" air="25.2" spd="6.2" rpm="1984"/></extensions></trkpt>
      <trkpt lat="45.586283" lon="-121.596978"><ele>776.1</ele><time>2026-08-18T16:03:11.000Z</time><extensions><TT:RideData eng="82.2" air="25.2" spd="33.6" rpm="4542"/></extensions></trkpt>
      <trkpt lat="45.585563" lon="-121.596906"><ele>782.4</ele><time>2026-08-18T16:03:19.000Z</time><extensions><TT:RideData eng="81.7" air="24.9" spd="30.8" rpm="3653"/></extensions></trkpt>
      <trkpt lat="45.584946" lon="-121.596910"><ele>784.0</ele><time>2026-08-18T16:03:27.000Z</time><extensions><TT:RideData eng="80.9" air="24.5" spd="30.3" rpm="4291"/></extensions></trkpt>
      <trkpt lat="45.584265" lon="-121.596671"><ele>784.1</ele><time>2026-08-18T16:03:35.000Z</time><extensions><TT:RideData eng="79.9" air="24.1" spd="35.8" rpm="3762"/></extensions></trkpt>
      <trkpt lat="45.583631" lon="-121.596168"><ele>782.5</ele><time>2026-08-18T16:03:43.000Z</time><extensions><TT:RideData eng="78.5" air="24.0" spd="37.4" rpm="4071"/></extensions></trkpt>
      <trkpt lat="45.582978" lon="-121.595943"><ele>781.2</ele><time>2026-08-18T16:03:51.000Z</time><extensions><TT:RideData eng="76.9" air="24.0" spd="35.7" rpm="3454"/></extensions></trkpt>
      <trkpt lat="45.582290" lon="-121.596010"><ele>780.4</ele><time>2026-08-18T16:03:59.000Z</time><extensions><TT:RideData eng="76.0" air="24.2" spd="38.4" rpm="4007"/></extensions></trkpt>
      <trkpt lat="45.581530" lon="-121.596081"><ele>777.8</ele><time>2026-08-18T16:04:07.000Z</time><extensions><TT:RideData eng="75.6" air="24.4" spd="36.7" rpm="3942"/></extensions></trkpt>
      <trkpt lat="45.580953" lon="-121.596305"><ele>776.3</ele><time>2026-08-18T16:04:15.000Z</time><extensions><TT:RideData eng="75.4" air="24.4" spd="15.6" rpm="1923"/></extensions></trkpt>
      <trkpt lat="45.580878" lon="-121.596620"><ele>778.1</ele><time>2026-08-18T16:04:23.000Z</time><extensions><TT:RideData eng="75.7" air="24.6" spd="0.0" rpm="1909"/></extensions></trkpt>
      <trkpt lat="45.580885" lon="-121.596611"><ele>778.2</ele><time>2026-08-18T16:04:31.000Z</time><extensions><TT:RideData eng="76.8" air="24.8" spd="0.0" rpm="1908"/></extensions></trkpt>
      <trkpt lat="45.580885" lon="-121.596611"><ele>778.2</ele><time>2026-08-18T16:04:39.000Z</time><extensions><TT:RideData eng="77.8" air="25.0" spd="9.0" rpm="3591"/></extensions></trkpt>
      <trkpt lat="45.580681" lon="-121.596769"><ele>779.7</ele><time>2026-08-18T16:04:47.000Z</time><extensions><TT:RideData eng="78.6" air="25.2" spd="22.1" rpm="4707"/></extensions></trkpt>
      <trkpt lat="45.580105" lon="-121.596966"><ele>783.5</ele><time>2026-08-18T16:04:55.000Z</time><extensions><TT:RideData eng="79.6" air="25.2" spd="31.9" rpm="4119"/></extensions></trkpt>
      <trkpt lat="45.579486" lon="-121.597376"><ele>785.5</ele><time>2026-08-18T16:05:03.000Z</time><extensions><TT:RideData eng="79.9" air="25.4" spd="22.1" rpm="2409"/></extensions></trkpt>
      <trkpt lat="45.579253" lon="-121.597405"><ele>788.0</ele><time>2026-08-18T16:05:11.000Z</time><extensions><TT:RideData eng="80.6" air="25.5" spd="0.0" rpm="1921"/></extensions></trkpt>
      <trkpt lat="45.579265" lon="-121.597411"><ele>788.5</ele><time>2026-08-18T16:05:19.000Z</time><extensions><TT:RideData eng="81.3" air="25.6" spd="7.9" rpm="1951"/></extensions></trkpt>
      <trkpt lat="45.579406" lon="-121.597431"><ele>788.0</ele><time>2026-08-18T16:05:27.000Z</time><extensions><TT:RideData eng="82.2" air="25.7" spd="8.3" rpm="1954"/></extensions></trkpt>
      <trkpt lat="45.579431" lon="-121.597453"><ele>788.1</ele><time>2026-08-18T16:05:35.000Z</time><extensions><TT:RideData eng="82.8" air="25.8" spd="0.0" rpm="3108"/></extensions></trkpt>
      <trkpt lat="45.579301" lon="-121.597770"><ele>787.4</ele><time>2026-08-18T16:05:43.000Z</time><extensions><TT:RideData eng="83.3" air="25.8" spd="22.1" rpm="2222"/></extensions></trkpt>
      <trkpt lat="45.579271" lon="-121.598151"><ele>785.1</ele><time>2026-08-18T16:05:51.000Z</time><extensions><TT:RideData eng="83.4" air="25.3" spd="16.9" rpm="2001"/></extensions></trkpt>
      <trkpt lat="45.579323" lon="-121.598508"><ele>782.4</ele><time>2026-08-18T16:05:59.000Z</time><extensions><TT:RideData eng="83.0" air="24.8" spd="12.9" rpm="1966"/></extensions></trkpt>
      <trkpt lat="45.579313" lon="-121.598833"><ele>780.0</ele><time>2026-08-18T16:06:07.000Z</time><extensions><TT:RideData eng="82.5" air="24.3" spd="19.2" rpm="2029"/></extensions></trkpt>
      <trkpt lat="45.579388" lon="-121.599258"><ele>777.0</ele><time>2026-08-18T16:06:15.000Z</time><extensions><TT:RideData eng="82.0" air="23.9" spd="13.9" rpm="1920"/></extensions></trkpt>
      <trkpt lat="45.579426" lon="-121.599531"><ele>773.2</ele><time>2026-08-18T16:06:23.000Z</time><extensions><TT:RideData eng="81.4" air="23.7" spd="12.6" rpm="1962"/></extensions></trkpt>
      <trkpt lat="45.579570" lon="-121.599854"><ele>769.1</ele><time>2026-08-18T16:06:31.000Z</time><extensions><TT:RideData eng="81.3" air="23.6" spd="11.5" rpm="0"/></extensions></trkpt>
      <trkpt lat="45.579736" lon="-121.600073"><ele>762.2</ele><time>2026-08-18T16:06:39.000Z</time><extensions><TT:RideData eng="80.6" air="23.6" spd="9.3" rpm="0"/></extensions></trkpt>
      <trkpt lat="45.579920" lon="-121.600291"><ele>755.1</ele><time>2026-08-18T16:06:47.000Z</time><extensions><TT:RideData eng="79.9" air="23.6" spd="10.3" rpm="0"/></extensions></trkpt>
      <trkpt lat="45.580076" lon="-121.600526"><ele>746.1</ele><time>2026-08-18T16:06:55.000Z</time><extensions><TT:RideData eng="79.6" air="23.7" spd="11.7" rpm="0"/></extensions></trkpt>
      <trkpt lat="45.580188" lon="-121.600803"><ele>738.5</ele><time>2026-08-18T16:07:03.000Z</time><extensions><TT:RideData eng="79.3" air="23.9" spd="14.1" rpm="0"/></extensions></trkpt>
      <trkpt lat="45.580361" lon="-121.601251"><ele>726.6</ele><time>2026-08-18T16:07:11.000Z</time><extensions><TT:RideData eng="79.1" air="23.9" spd="9.8" rpm="0"/></extensions></trkpt>
      <trkpt lat="45.580300" lon="-121.601431"><ele>715.5</ele><time>2026-08-18T16:07:19.000Z</time><extensions><TT:RideData eng="79.4" air="23.7" spd="7.2" rpm="2943"/></extensions></trkpt>
      <trkpt lat="45.580168" lon="-121.601573"><ele>709.5</ele><time>2026-08-18T16:07:27.000Z</time><extensions><TT:RideData eng="77.2" air="23.7" spd="12.3" rpm="0"/></extensions></trkpt>
      <trkpt lat="45.580041" lon="-121.601733"><ele>704.0</ele><time>2026-08-18T16:07:35.000Z</time><extensions><TT:RideData eng="76.7" air="23.6" spd="9.9" rpm="0"/></extensions></trkpt>
      <trkpt lat="45.579905" lon="-121.601891"><ele>699.0</ele><time>2026-08-18T16:07:43.000Z</time><extensions><TT:RideData eng="76.2" air="23.6" spd="15.0" rpm="0"/></extensions></trkpt>
      <trkpt lat="45.579601" lon="-121.602018"><ele>691.4</ele><time>2026-08-18T16:07:51.000Z</time><extensions><TT:RideData eng="76.0" air="23.6" spd="15.4" rpm="0"/></extensions></trkpt>
      <trkpt lat="45.579293" lon="-121.602170"><ele>684.8</ele><time>2026-08-18T16:07:59.000Z</time><extensions><TT:RideData eng="75.8" air="23.4" spd="12.2" rpm="0"/></extensions></trkpt>
      <trkpt lat="45.579055" lon="-121.602256"><ele>678.1</ele><time>2026-08-18T16:08:07.000Z</time><extensions><TT:RideData eng="76.1" air="23.3" spd="6.9" rpm="0"/></extensions></trkpt>
      <trkpt lat="45.578878" lon="-121.602458"><ele>670.3</ele><time>2026-08-18T16:08:15.000Z</time><extensions><TT:RideData eng="76.6" air="23.3" spd="7.0" rpm="0"/></extensions></trkpt>
      <trkpt lat="45.578723" lon="-121.602576"><ele>667.2</ele><time>2026-08-18T16:08:23.000Z</time><extensions><TT:RideData eng="77.2" air="23.3" spd="19.1" rpm="0"/></extensions></trkpt>
      <trkpt lat="45.578585" lon="-121.602765"><ele>664.3</ele><time>2026-08-18T16:08:31.000Z</time><extensions><TT:RideData eng="78.0" air="23.3" spd="7.7" rpm="0"/></extensions></trkpt>
      <trkpt lat="45.578473" lon="-121.602981"><ele>662.3</ele><time>2026-08-18T16:08:39.000Z</time><extensions><TT:RideData eng="78.8" air="23.3" spd="6.7" rpm="0"/></extensions></trkpt>
      <trkpt lat="45.578465" lon="-121.603126"><ele>660.0</ele><time>2026-08-18T16:08:47.000Z</time><extensions><TT:RideData eng="79.6" air="23.3" spd="4.8" rpm="0"/></extensions></trkpt>
      <trkpt lat="45.578300" lon="-121.603376"><ele>657.7</ele><time>2026-08-18T16:08:55.000Z</time><extensions><TT:RideData eng="80.0" air="23.2" spd="12.2" rpm="0"/></extensions></trkpt>
      <trkpt lat="45.578161" lon="-121.603625"><ele>651.9</ele><time>2026-08-18T16:09:03.000Z</time><extensions><TT:RideData eng="80.2" air="23.2" spd="6.9" rpm="0"/></extensions></trkpt>
      <trkpt lat="45.578088" lon="-121.603743"><ele>644.4</ele><time>2026-08-18T16:09:11.000Z</time><extensions><TT:RideData eng="80.5" air="23.4" spd="8.8" rpm="0"/></extensions></trkpt>
      <trkpt lat="45.577979" lon="-121.603850"><ele>639.4</ele><time>2026-08-18T16:09:19.000Z</time><extensions><TT:RideData eng="80.6" air="23.4" spd="14.5" rpm="0"/></extensions></trkpt>
      <trkpt lat="45.577745" lon="-121.604091"><ele>632.1</ele><time>2026-08-18T16:09:27.000Z</time><extensions><TT:RideData eng="80.6" air="23.4" spd="9.7" rpm="7"/></extensions></trkpt>
      <trkpt lat="45.577648" lon="-121.604309"><ele>626.8</ele><time>2026-08-18T16:09:35.000Z</time><extensions><TT:RideData eng="74.0" air="23.5" spd="12.1" rpm="2220"/></extensions></trkpt>
      <trkpt lat="45.577483" lon="-121.604501"><ele>623.6</ele><time>2026-08-18T16:09:43.000Z</time><extensions><TT:RideData eng="71.2" air="23.5" spd="11.9" rpm="1915"/></extensions></trkpt>
      <trkpt lat="45.577376" lon="-121.604711"><ele>619.6</ele><time>2026-08-18T16:09:51.000Z</time><extensions><TT:RideData eng="72.4" air="23.6" spd="12.7" rpm="1954"/></extensions></trkpt>
      <trkpt lat="45.577295" lon="-121.605038"><ele>613.3</ele><time>2026-08-18T16:09:59.000Z</time><extensions><TT:RideData eng="73.8" air="23.9" spd="14.8" rpm="2225"/></extensions></trkpt>
      <trkpt lat="45.577190" lon="-121.605378"><ele>607.1</ele><time>2026-08-18T16:10:07.000Z</time><extensions><TT:RideData eng="73.8" air="23.8" spd="21.9" rpm="3902"/></extensions></trkpt>
      <trkpt lat="45.577071" lon="-121.605640"><ele>601.3</ele><time>2026-08-18T16:10:15.000Z</time><extensions><TT:RideData eng="74.3" air="23.8" spd="7.5" rpm="1932"/></extensions></trkpt>
      <trkpt lat="45.577068" lon="-121.605683"><ele>597.2</ele><time>2026-08-18T16:11:34.000Z</time><extensions><TT:RideData eng="75.8" air="24.6" spd="25.1" rpm="4935"/></extensions></trkpt>
      <trkpt lat="45.576880" lon="-121.605056"><ele>597.4</ele><time>2026-08-18T16:11:42.000Z</time><extensions><TT:RideData eng="75.0" air="24.5" spd="48.2" rpm="5324"/></extensions></trkpt>
      <trkpt lat="45.576856" lon="-121.603804"><ele>597.1</ele><time>2026-08-18T16:11:50.000Z</time><extensions><TT:RideData eng="75.2" air="24.3" spd="34.6" rpm="3212"/></extensions></trkpt>
      <trkpt lat="45.576453" lon="-121.603031"><ele>597.8</ele><time>2026-08-18T16:11:58.000Z</time><extensions><TT:RideData eng="74.6" air="24.0" spd="37.7" rpm="3471"/></extensions></trkpt>
      <trkpt lat="45.576075" lon="-121.601975"><ele>597.1</ele><time>2026-08-18T16:12:06.000Z</time><extensions><TT:RideData eng="73.5" air="24.1" spd="54.8" rpm="4383"/></extensions></trkpt>
      <trkpt lat="45.575876" lon="-121.600445"><ele>596.7</ele><time>2026-08-18T16:12:14.000Z</time><extensions><TT:RideData eng="72.6" air="24.3" spd="44.8" rpm="3277"/></extensions></trkpt>
      <trkpt lat="45.575518" lon="-121.599570"><ele>596.2</ele><time>2026-08-18T16:12:22.000Z</time><extensions><TT:RideData eng="71.3" air="24.0" spd="42.2" rpm="3921"/></extensions></trkpt>
      <trkpt lat="45.574966" lon="-121.598660"><ele>597.0</ele><time>2026-08-18T16:12:30.000Z</time><extensions><TT:RideData eng="70.8" air="24.2" spd="35.9" rpm="3701"/></extensions></trkpt>
      <trkpt lat="45.574888" lon="-121.597458"><ele>596.5</ele><time>2026-08-18T16:12:38.000Z</time><extensions><TT:RideData eng="70.6" air="24.7" spd="48.4" rpm="3984"/></extensions></trkpt>
      <trkpt lat="45.574940" lon="-121.596153"><ele>595.4</ele><time>2026-08-18T16:12:46.000Z</time><extensions><TT:RideData eng="70.5" air="25.1" spd="40.7" rpm="3835"/></extensions></trkpt>
      <trkpt lat="45.574621" lon="-121.595191"><ele>593.5</ele><time>2026-08-18T16:12:54.000Z</time><extensions><TT:RideData eng="70.4" air="25.2" spd="36.4" rpm="2998"/></extensions></trkpt>
      <trkpt lat="45.574301" lon="-121.594180"><ele>593.2</ele><time>2026-08-18T16:13:02.000Z</time><extensions><TT:RideData eng="70.2" air="25.4" spd="44.9" rpm="3207"/></extensions></trkpt>
      <trkpt lat="45.574351" lon="-121.593133"><ele>591.1</ele><time>2026-08-18T16:13:10.000Z</time><extensions><TT:RideData eng="70.2" air="25.5" spd="41.4" rpm="4065"/></extensions></trkpt>
      <trkpt lat="45.573588" lon="-121.592506"><ele>591.8</ele><time>2026-08-18T16:13:18.000Z</time><extensions><TT:RideData eng="69.9" air="24.8" spd="43.7" rpm="4325"/></extensions></trkpt>
      <trkpt lat="45.573028" lon="-121.591430"><ele>593.6</ele><time>2026-08-18T16:13:26.000Z</time><extensions><TT:RideData eng="69.5" air="24.8" spd="45.9" rpm="4327"/></extensions></trkpt>
      <trkpt lat="45.572405" lon="-121.590531"><ele>597.7</ele><time>2026-08-18T16:13:34.000Z</time><extensions><TT:RideData eng="69.3" air="24.8" spd="39.6" rpm="3544"/></extensions></trkpt>
      <trkpt lat="45.572149" lon="-121.589673"><ele>598.7</ele><time>2026-08-18T16:13:42.000Z</time><extensions><TT:RideData eng="69.3" air="24.9" spd="39.9" rpm="4433"/></extensions></trkpt>
      <trkpt lat="45.572155" lon="-121.588653"><ele>599.9</ele><time>2026-08-18T16:13:50.000Z</time><extensions><TT:RideData eng="69.5" air="24.8" spd="35.1" rpm="3289"/></extensions></trkpt>
      <trkpt lat="45.572200" lon="-121.587991"><ele>601.6</ele><time>2026-08-18T16:13:58.000Z</time><extensions><TT:RideData eng="69.9" air="25.0" spd="25.4" rpm="3375"/></extensions></trkpt>
      <trkpt lat="45.572718" lon="-121.587951"><ele>603.9</ele><time>2026-08-18T16:14:06.000Z</time><extensions><TT:RideData eng="70.1" air="25.0" spd="23.6" rpm="2729"/></extensions></trkpt>
      <trkpt lat="45.573046" lon="-121.587855"><ele>605.7</ele><time>2026-08-18T16:14:14.000Z</time><extensions><TT:RideData eng="70.6" air="25.0" spd="27.5" rpm="3691"/></extensions></trkpt>
      <trkpt lat="45.573630" lon="-121.587601"><ele>608.4</ele><time>2026-08-18T16:14:22.000Z</time><extensions><TT:RideData eng="70.5" air="24.9" spd="35.4" rpm="4148"/></extensions></trkpt>
      <trkpt lat="45.574053" lon="-121.586624"><ele>609.8</ele><time>2026-08-18T16:14:30.000Z</time><extensions><TT:RideData eng="70.3" air="24.8" spd="47.1" rpm="4539"/></extensions></trkpt>
      <trkpt lat="45.574248" lon="-121.585404"><ele>610.0</ele><time>2026-08-18T16:14:38.000Z</time><extensions><TT:RideData eng="69.5" air="24.6" spd="39.9" rpm="4121"/></extensions></trkpt>
      <trkpt lat="45.573984" lon="-121.584473"><ele>617.8</ele><time>2026-08-18T16:14:46.000Z</time><extensions><TT:RideData eng="69.5" air="25.1" spd="8.4" rpm="1917"/></extensions></trkpt>
      <trkpt lat="45.573981" lon="-121.584494"><ele>620.1</ele><time>2026-08-18T16:14:54.000Z</time><extensions><TT:RideData eng="70.4" air="25.6" spd="0.0" rpm="1966"/></extensions></trkpt>
      <trkpt lat="45.573980" lon="-121.584490"><ele>620.9</ele><time>2026-08-18T16:15:44.000Z</time><extensions><TT:RideData eng="72.0" air="28.0" spd="0.0" rpm="3368"/></extensions></trkpt>
      <trkpt lat="45.573996" lon="-121.584460"><ele>623.3</ele><time>2026-08-18T16:16:28.000Z</time><extensions><TT:RideData eng="72.3" air="27.0" spd="0.0" rpm="10"/></extensions></trkpt>
      <trkpt lat="45.574108" lon="-121.584229"><ele>624.5</ele><time>2026-08-18T16:16:36.000Z</time><extensions><TT:RideData eng="72.9" air="26.9" spd="17.3" rpm="2701"/></extensions></trkpt>
      <trkpt lat="45.574141" lon="-121.583970"><ele>626.1</ele><time>2026-08-18T16:16:44.000Z</time><extensions><TT:RideData eng="73.0" air="27.0" spd="9.4" rpm="2293"/></extensions></trkpt>
      <trkpt lat="45.574063" lon="-121.583700"><ele>629.1</ele><time>2026-08-18T16:16:52.000Z</time><extensions><TT:RideData eng="73.9" air="27.1" spd="14.4" rpm="3777"/></extensions></trkpt>
      <trkpt lat="45.573975" lon="-121.583223"><ele>633.2</ele><time>2026-08-18T16:17:00.000Z</time><extensions><TT:RideData eng="74.6" air="27.2" spd="29.8" rpm="4161"/></extensions></trkpt>
      <trkpt lat="45.574028" lon="-121.582338"><ele>636.9</ele><time>2026-08-18T16:17:08.000Z</time><extensions><TT:RideData eng="75.7" air="27.2" spd="25.1" rpm="3468"/></extensions></trkpt>
      <trkpt lat="45.573725" lon="-121.581693"><ele>639.4</ele><time>2026-08-18T16:17:16.000Z</time><extensions><TT:RideData eng="75.7" air="27.1" spd="32.1" rpm="4546"/></extensions></trkpt>
      <trkpt lat="45.573731" lon="-121.580514"><ele>643.3</ele><time>2026-08-18T16:17:24.000Z</time><extensions><TT:RideData eng="74.9" air="26.6" spd="51.1" rpm="4806"/></extensions></trkpt>
      <trkpt lat="45.574131" lon="-121.579268"><ele>648.3</ele><time>2026-08-18T16:17:32.000Z</time><extensions><TT:RideData eng="73.9" air="26.5" spd="30.8" rpm="2210"/></extensions></trkpt>
      <trkpt lat="45.574163" lon="-121.578365"><ele>654.0</ele><time>2026-08-18T16:17:40.000Z</time><extensions><TT:RideData eng="73.3" air="26.7" spd="49.4" rpm="5926"/></extensions></trkpt>
      <trkpt lat="45.574251" lon="-121.576936"><ele>660.0</ele><time>2026-08-18T16:17:48.000Z</time><extensions><TT:RideData eng="72.8" air="26.8" spd="36.6" rpm="3055"/></extensions></trkpt>
      <trkpt lat="45.574105" lon="-121.576280"><ele>662.8</ele><time>2026-08-18T16:17:56.000Z</time><extensions><TT:RideData eng="72.4" air="26.4" spd="7.1" rpm="1979"/></extensions></trkpt>
      <trkpt lat="45.573923" lon="-121.576171"><ele>663.8</ele><time>2026-08-18T16:18:04.000Z</time><extensions><TT:RideData eng="72.5" air="26.2" spd="29.8" rpm="4921"/></extensions></trkpt>
      <trkpt lat="45.573463" lon="-121.575663"><ele>665.1</ele><time>2026-08-18T16:18:12.000Z</time><extensions><TT:RideData eng="73.2" air="25.9" spd="36.8" rpm="3637"/></extensions></trkpt>
      <trkpt lat="45.572963" lon="-121.574971"><ele>665.8</ele><time>2026-08-18T16:18:20.000Z</time><extensions><TT:RideData eng="73.6" air="25.5" spd="35.4" rpm="3475"/></extensions></trkpt>
      <trkpt lat="45.572480" lon="-121.574236"><ele>666.0</ele><time>2026-08-18T16:18:28.000Z</time><extensions><TT:RideData eng="73.0" air="26.1" spd="35.4" rpm="3873"/></extensions></trkpt>
      <trkpt lat="45.572131" lon="-121.573220"><ele>666.2</ele><time>2026-08-18T16:18:36.000Z</time><extensions><TT:RideData eng="72.1" air="26.8" spd="36.5" rpm="3593"/></extensions></trkpt>
      <trkpt lat="45.571975" lon="-121.572261"><ele>666.1</ele><time>2026-08-18T16:18:44.000Z</time><extensions><TT:RideData eng="71.4" air="26.8" spd="40.0" rpm="4588"/></extensions></trkpt>
      <trkpt lat="45.571868" lon="-121.571088"><ele>665.4</ele><time>2026-08-18T16:18:52.000Z</time><extensions><TT:RideData eng="70.7" air="27.0" spd="40.0" rpm="4363"/></extensions></trkpt>
      <trkpt lat="45.571620" lon="-121.569949"><ele>662.8</ele><time>2026-08-18T16:19:00.000Z</time><extensions><TT:RideData eng="69.7" air="27.1" spd="37.3" rpm="3647"/></extensions></trkpt>
      <trkpt lat="45.571351" lon="-121.569000"><ele>656.7</ele><time>2026-08-18T16:19:08.000Z</time><extensions><TT:RideData eng="68.9" air="27.0" spd="38.2" rpm="3676"/></extensions></trkpt>
      <trkpt lat="45.571091" lon="-121.568156"><ele>650.4</ele><time>2026-08-18T16:19:16.000Z</time><extensions><TT:RideData eng="68.2" air="27.0" spd="14.7" rpm="1890"/></extensions></trkpt>
      <trkpt lat="45.571073" lon="-121.567828"><ele>641.9</ele><time>2026-08-18T16:19:24.000Z</time><extensions><TT:RideData eng="68.5" air="27.4" spd="17.7" rpm="2292"/></extensions></trkpt>
      <trkpt lat="45.571258" lon="-121.567571"><ele>638.0</ele><time>2026-08-18T16:19:32.000Z</time><extensions><TT:RideData eng="69.7" air="27.4" spd="16.9" rpm="3558"/></extensions></trkpt>
      <trkpt lat="45.571486" lon="-121.567311"><ele>634.7</ele><time>2026-08-18T16:19:40.000Z</time><extensions><TT:RideData eng="71.4" air="27.2" spd="5.5" rpm="4042"/></extensions></trkpt>
      <trkpt lat="45.571473" lon="-121.567133"><ele>632.2</ele><time>2026-08-18T16:19:48.000Z</time><extensions><TT:RideData eng="72.6" air="27.4" spd="9.1" rpm="1929"/></extensions></trkpt>
      <trkpt lat="45.571285" lon="-121.566684"><ele>629.5</ele><time>2026-08-18T16:19:56.000Z</time><extensions><TT:RideData eng="73.3" air="27.9" spd="21.8" rpm="2420"/></extensions></trkpt>
      <trkpt lat="45.571068" lon="-121.566296"><ele>624.4</ele><time>2026-08-18T16:20:04.000Z</time><extensions><TT:RideData eng="73.6" air="28.2" spd="15.3" rpm="2032"/></extensions></trkpt>
      <trkpt lat="45.570811" lon="-121.566033"><ele>617.3</ele><time>2026-08-18T16:20:12.000Z</time><extensions><TT:RideData eng="73.7" air="28.2" spd="18.6" rpm="1997"/></extensions></trkpt>
      <trkpt lat="45.570630" lon="-121.565576"><ele>610.3</ele><time>2026-08-18T16:20:20.000Z</time><extensions><TT:RideData eng="73.6" air="27.8" spd="14.5" rpm="2047"/></extensions></trkpt>
      <trkpt lat="45.570488" lon="-121.565199"><ele>603.4</ele><time>2026-08-18T16:20:28.000Z</time><extensions><TT:RideData eng="73.3" air="27.4" spd="20.0" rpm="2008"/></extensions></trkpt>
      <trkpt lat="45.570303" lon="-121.564696"><ele>595.5</ele><time>2026-08-18T16:20:36.000Z</time><extensions><TT:RideData eng="72.9" air="27.2" spd="17.1" rpm="0"/></extensions></trkpt>
      <trkpt lat="45.570188" lon="-121.564208"><ele>588.9</ele><time>2026-08-18T16:20:44.000Z</time><extensions><TT:RideData eng="72.1" air="27.1" spd="17.7" rpm="0"/></extensions></trkpt>
      <trkpt lat="45.570121" lon="-121.563865"><ele>581.6</ele><time>2026-08-18T16:20:52.000Z</time><extensions><TT:RideData eng="71.7" air="26.9" spd="18.0" rpm="0"/></extensions></trkpt>
      <trkpt lat="45.570051" lon="-121.563571"><ele>575.9</ele><time>2026-08-18T16:21:00.000Z</time><extensions><TT:RideData eng="71.9" air="26.7" spd="8.8" rpm="3812"/></extensions></trkpt>
      <trkpt lat="45.570088" lon="-121.563336"><ele>572.1</ele><time>2026-08-18T16:21:08.000Z</time><extensions><TT:RideData eng="70.0" air="26.7" spd="26.4" rpm="3883"/></extensions></trkpt>
      <trkpt lat="45.569724" lon="-121.563220"><ele>568.5</ele><time>2026-08-18T16:21:16.000Z</time><extensions><TT:RideData eng="70.6" air="26.8" spd="19.1" rpm="0"/></extensions></trkpt>
      <trkpt lat="45.569403" lon="-121.563153"><ele>565.5</ele><time>2026-08-18T16:21:24.000Z</time><extensions><TT:RideData eng="70.6" air="26.9" spd="13.2" rpm="0"/></extensions></trkpt>
      <trkpt lat="45.569100" lon="-121.563118"><ele>558.8</ele><time>2026-08-18T16:21:32.000Z</time><extensions><TT:RideData eng="70.1" air="27.0" spd="11.0" rpm="0"/></extensions></trkpt>
      <trkpt lat="45.568881" lon="-121.563148"><ele>550.2</ele><time>2026-08-18T16:21:40.000Z</time><extensions><TT:RideData eng="69.9" air="27.3" spd="7.5" rpm="0"/></extensions></trkpt>
      <trkpt lat="45.568728" lon="-121.563273"><ele>542.2</ele><time>2026-08-18T16:21:48.000Z</time><extensions><TT:RideData eng="70.0" air="27.5" spd="13.0" rpm="0"/></extensions></trkpt>
      <trkpt lat="45.568461" lon="-121.563218"><ele>533.4</ele><time>2026-08-18T16:21:56.000Z</time><extensions><TT:RideData eng="70.2" air="27.6" spd="19.1" rpm="0"/></extensions></trkpt>
      <trkpt lat="45.568260" lon="-121.563678"><ele>528.1</ele><time>2026-08-18T16:22:04.000Z</time><extensions><TT:RideData eng="70.8" air="27.5" spd="24.5" rpm="0"/></extensions></trkpt>
      <trkpt lat="45.568315" lon="-121.564391"><ele>521.9</ele><time>2026-08-18T16:22:12.000Z</time><extensions><TT:RideData eng="71.8" air="27.5" spd="28.0" rpm="0"/></extensions></trkpt>
      <trkpt lat="45.568391" lon="-121.564923"><ele>517.0</ele><time>2026-08-18T16:22:20.000Z</time><extensions><TT:RideData eng="72.3" air="27.6" spd="10.0" rpm="0"/></extensions></trkpt>
      <trkpt lat="45.568230" lon="-121.564723"><ele>514.0</ele><time>2026-08-18T16:22:28.000Z</time><extensions><TT:RideData eng="72.7" air="27.9" spd="16.3" rpm="0"/></extensions></trkpt>
      <trkpt lat="45.567946" lon="-121.564386"><ele>511.6</ele><time>2026-08-18T16:22:36.000Z</time><extensions><TT:RideData eng="73.4" air="28.3" spd="21.7" rpm="0"/></extensions></trkpt>
      <trkpt lat="45.567695" lon="-121.563745"><ele>505.7</ele><time>2026-08-18T16:22:44.000Z</time><extensions><TT:RideData eng="73.6" air="28.1" spd="31.6" rpm="0"/></extensions></trkpt>
      <trkpt lat="45.567485" lon="-121.562811"><ele>500.3</ele><time>2026-08-18T16:22:52.000Z</time><extensions><TT:RideData eng="73.4" air="28.2" spd="39.0" rpm="0"/></extensions></trkpt>
      <trkpt lat="45.567468" lon="-121.561813"><ele>495.1</ele><time>2026-08-18T16:23:00.000Z</time><extensions><TT:RideData eng="72.9" air="28.0" spd="37.6" rpm="0"/></extensions></trkpt>
      <trkpt lat="45.567625" lon="-121.560738"><ele>488.6</ele><time>2026-08-18T16:23:08.000Z</time><extensions><TT:RideData eng="72.5" air="27.9" spd="43.5" rpm="0"/></extensions></trkpt>
      <trkpt lat="45.568120" lon="-121.559774"><ele>481.7</ele><time>2026-08-18T16:23:16.000Z</time><extensions><TT:RideData eng="71.8" air="27.7" spd="35.0" rpm="0"/></extensions></trkpt>
      <trkpt lat="45.567776" lon="-121.558951"><ele>473.3</ele><time>2026-08-18T16:23:24.000Z</time><extensions><TT:RideData eng="71.2" air="27.8" spd="33.9" rpm="0"/></extensions></trkpt>
      <trkpt lat="45.567343" lon="-121.558688"><ele>464.2</ele><time>2026-08-18T16:23:32.000Z</time><extensions><TT:RideData eng="61.7" air="28.0" spd="11.1" rpm="1869"/></extensions></trkpt>
      <trkpt lat="45.567323" lon="-121.558660"><ele>461.6</ele><time>2026-08-18T16:23:40.000Z</time><extensions><TT:RideData eng="59.7" air="28.3" spd="0.0" rpm="1888"/></extensions></trkpt>
      <trkpt lat="45.567325" lon="-121.558661"><ele>461.1</ele><time>2026-08-18T16:23:48.000Z</time><extensions><TT:RideData eng="60.9" air="28.6" spd="0.0" rpm="1897"/></extensions></trkpt>
      <trkpt lat="45.567323" lon="-121.558653"><ele>460.9</ele><time>2026-08-18T16:23:56.000Z</time><extensions><TT:RideData eng="62.4" air="28.9" spd="19.0" rpm="4913"/></extensions></trkpt>
      <trkpt lat="45.567911" lon="-121.558171"><ele>458.6</ele><time>2026-08-18T16:24:04.000Z</time><extensions><TT:RideData eng="63.8" air="28.6" spd="57.1" rpm="5321"/></extensions></trkpt>
      <trkpt lat="45.569113" lon="-121.557410"><ele>455.1</ele><time>2026-08-18T16:24:12.000Z</time><extensions><TT:RideData eng="65.1" air="28.4" spd="67.9" rpm="5484"/></extensions></trkpt>
      <trkpt lat="45.570424" lon="-121.556610"><ele>452.8</ele><time>2026-08-18T16:24:20.000Z</time><extensions><TT:RideData eng="65.7" air="28.2" spd="69.4" rpm="5527"/></extensions></trkpt>
      <trkpt lat="45.571776" lon="-121.555893"><ele>452.5</ele><time>2026-08-18T16:24:28.000Z</time><extensions><TT:RideData eng="66.1" air="27.9" spd="68.2" rpm="5408"/></extensions></trkpt>
      <trkpt lat="45.573110" lon="-121.555403"><ele>450.1</ele><time>2026-08-18T16:24:36.000Z</time><extensions><TT:RideData eng="66.4" air="27.9" spd="69.7" rpm="5627"/></extensions></trkpt>
      <trkpt lat="45.574525" lon="-121.554915"><ele>451.0</ele><time>2026-08-18T16:24:44.000Z</time><extensions><TT:RideData eng="66.9" air="27.5" spd="72.6" rpm="5832"/></extensions></trkpt>
      <trkpt lat="45.575976" lon="-121.554375"><ele>455.2</ele><time>2026-08-18T16:24:52.000Z</time><extensions><TT:RideData eng="67.3" air="27.4" spd="72.4" rpm="5764"/></extensions></trkpt>
      <trkpt lat="45.577406" lon="-121.553825"><ele>459.5</ele><time>2026-08-18T16:25:00.000Z</time><extensions><TT:RideData eng="67.5" air="27.2" spd="73.1" rpm="5858"/></extensions></trkpt>
      <trkpt lat="45.578846" lon="-121.553288"><ele>459.8</ele><time>2026-08-18T16:25:08.000Z</time><extensions><TT:RideData eng="67.8" air="27.1" spd="71.7" rpm="5698"/></extensions></trkpt>
      <trkpt lat="45.579913" lon="-121.552808"><ele>463.9</ele><time>2026-08-18T16:25:16.000Z</time><extensions><TT:RideData eng="67.5" air="26.8" spd="30.3" rpm="1996"/></extensions></trkpt>
      <trkpt lat="45.579783" lon="-121.551920"><ele>462.8</ele><time>2026-08-18T16:25:24.000Z</time><extensions><TT:RideData eng="67.9" air="27.1" spd="47.4" rpm="5279"/></extensions></trkpt>
      <trkpt lat="45.579168" lon="-121.550626"><ele>460.3</ele><time>2026-08-18T16:25:32.000Z</time><extensions><TT:RideData eng="69.3" air="27.3" spd="64.0" rpm="5092"/></extensions></trkpt>
      <trkpt lat="45.578438" lon="-121.549043"><ele>458.5</ele><time>2026-08-18T16:25:40.000Z</time><extensions><TT:RideData eng="69.6" air="27.4" spd="68.4" rpm="5524"/></extensions></trkpt>
      <trkpt lat="45.577766" lon="-121.547321"><ele>459.2</ele><time>2026-08-18T16:25:48.000Z</time><extensions><TT:RideData eng="69.8" air="27.6" spd="65.1" rpm="5173"/></extensions></trkpt>
      <trkpt lat="45.577733" lon="-121.545310"><ele>459.7</ele><time>2026-08-18T16:25:56.000Z</time><extensions><TT:RideData eng="69.7" air="27.6" spd="70.6" rpm="5542"/></extensions></trkpt>
      <trkpt lat="45.577675" lon="-121.543285"><ele>463.3</ele><time>2026-08-18T16:26:04.000Z</time><extensions><TT:RideData eng="69.0" air="27.6" spd="71.7" rpm="5668"/></extensions></trkpt>
      <trkpt lat="45.576606" lon="-121.542095"><ele>461.7</ele><time>2026-08-18T16:26:12.000Z</time><extensions><TT:RideData eng="68.4" air="27.8" spd="71.2" rpm="5774"/></extensions></trkpt>
      <trkpt lat="45.575170" lon="-121.541901"><ele>462.5</ele><time>2026-08-18T16:26:20.000Z</time><extensions><TT:RideData eng="68.3" air="27.6" spd="71.7" rpm="5706"/></extensions></trkpt>
      <trkpt lat="45.573753" lon="-121.541773"><ele>464.7</ele><time>2026-08-18T16:26:28.000Z</time><extensions><TT:RideData eng="68.5" air="27.1" spd="62.1" rpm="5022"/></extensions></trkpt>
      <trkpt lat="45.572851" lon="-121.540765"><ele>468.8</ele><time>2026-08-18T16:26:36.000Z</time><extensions><TT:RideData eng="68.7" air="27.0" spd="64.8" rpm="5275"/></extensions></trkpt>
      <trkpt lat="45.572048" lon="-121.539321"><ele>471.4</ele><time>2026-08-18T16:26:44.000Z</time><extensions><TT:RideData eng="69.0" air="26.7" spd="68.7" rpm="5472"/></extensions></trkpt>
      <trkpt lat="45.570935" lon="-121.539506"><ele>472.2</ele><time>2026-08-18T16:26:52.000Z</time><extensions><TT:RideData eng="69.4" air="26.3" spd="61.1" rpm="5009"/></extensions></trkpt>
      <trkpt lat="45.570601" lon="-121.541340"><ele>472.3</ele><time>2026-08-18T16:27:00.000Z</time><extensions><TT:RideData eng="69.7" air="26.6" spd="68.3" rpm="5373"/></extensions></trkpt>
      <trkpt lat="45.569875" lon="-121.542640"><ele>472.4</ele><time>2026-08-18T16:27:08.000Z</time><extensions><TT:RideData eng="70.0" air="26.5" spd="59.0" rpm="4769"/></extensions></trkpt>
      <trkpt lat="45.569033" lon="-121.541690"><ele>475.7</ele><time>2026-08-18T16:27:16.000Z</time><extensions><TT:RideData eng="70.6" air="26.9" spd="57.4" rpm="4582"/></extensions></trkpt>
      <trkpt lat="45.568895" lon="-121.540619"><ele>488.2</ele><time>2026-08-18T16:27:24.000Z</time><extensions><TT:RideData eng="71.1" air="27.3" spd="15.3" rpm="2152"/></extensions></trkpt>
      <trkpt lat="45.568826" lon="-121.540148"><ele>500.3</ele><time>2026-08-18T16:27:32.000Z</time><extensions><TT:RideData eng="71.5" air="27.5" spd="30.5" rpm="3863"/></extensions></trkpt>
      <trkpt lat="45.568644" lon="-121.539393"><ele>508.8</ele><time>2026-08-18T16:27:40.000Z</time><extensions><TT:RideData eng="72.4" air="27.6" spd="30.4" rpm="3959"/></extensions></trkpt>
      <trkpt lat="45.568280" lon="-121.538738"><ele>523.5</ele><time>2026-08-18T16:27:48.000Z</time><extensions><TT:RideData eng="73.0" air="27.5" spd="25.9" rpm="3368"/></extensions></trkpt>
      <trkpt lat="45.567930" lon="-121.538221"><ele>535.0</ele><time>2026-08-18T16:27:56.000Z</time><extensions><TT:RideData eng="73.4" air="27.6" spd="13.9" rpm="1980"/></extensions></trkpt>
      <trkpt lat="45.567996" lon="-121.538368"><ele>553.8</ele><time>2026-08-18T16:28:04.000Z</time><extensions><TT:RideData eng="74.1" air="27.4" spd="32.4" rpm="4428"/></extensions></trkpt>
      <trkpt lat="45.568438" lon="-121.539376"><ele>573.4</ele><time>2026-08-18T16:28:12.000Z</time><extensions><TT:RideData eng="74.0" air="26.9" spd="43.0" rpm="4269"/></extensions></trkpt>
      <trkpt lat="45.568683" lon="-121.540496"><ele>582.1</ele><time>2026-08-18T16:28:20.000Z</time><extensions><TT:RideData eng="73.2" air="26.9" spd="13.3" rpm="1978"/></extensions></trkpt>
      <trkpt lat="45.568680" lon="-121.540580"><ele>588.8</ele><time>2026-08-18T16:28:28.000Z</time><extensions><TT:RideData eng="73.5" air="27.0" spd="0.0" rpm="1907"/></extensions></trkpt>
      <trkpt lat="45.568683" lon="-121.540581"><ele>588.9</ele><time>2026-08-18T16:28:36.000Z</time><extensions><TT:RideData eng="74.4" air="27.2" spd="14.1" rpm="2223"/></extensions></trkpt>
      <trkpt lat="45.568795" lon="-121.540438"><ele>591.1</ele><time>2026-08-18T16:28:44.000Z</time><extensions><TT:RideData eng="74.9" air="27.0" spd="12.8" rpm="3192"/></extensions></trkpt>
      <trkpt lat="45.568960" lon="-121.540405"><ele>592.3</ele><time>2026-08-18T16:28:52.000Z</time><extensions><TT:RideData eng="75.3" air="26.6" spd="14.5" rpm="2333"/></extensions></trkpt>
      <trkpt lat="45.569125" lon="-121.540556"><ele>594.7</ele><time>2026-08-18T16:29:00.000Z</time><extensions><TT:RideData eng="75.3" air="26.2" spd="15.4" rpm="2389"/></extensions></trkpt>
      <trkpt lat="45.569170" lon="-121.540773"><ele>596.3</ele><time>2026-08-18T16:29:08.000Z</time><extensions><TT:RideData eng="75.4" air="26.1" spd="10.2" rpm="3307"/></extensions></trkpt>
      <trkpt lat="45.569160" lon="-121.541021"><ele>596.6</ele><time>2026-08-18T16:29:16.000Z</time><extensions><TT:RideData eng="75.8" air="26.0" spd="12.2" rpm="2302"/></extensions></trkpt>
      <trkpt lat="45.569079" lon="-121.541430"><ele>597.6</ele><time>2026-08-18T16:29:24.000Z</time><extensions><TT:RideData eng="76.3" air="26.2" spd="18.1" rpm="3432"/></extensions></trkpt>
      <trkpt lat="45.569221" lon="-121.541708"><ele>599.2</ele><time>2026-08-18T16:29:32.000Z</time><extensions><TT:RideData eng="76.5" air="26.4" spd="15.2" rpm="4378"/></extensions></trkpt>
      <trkpt lat="45.569316" lon="-121.541404"><ele>600.0</ele><time>2026-08-18T16:29:40.000Z</time><extensions><TT:RideData eng="76.7" air="26.7" spd="19.9" rpm="2898"/></extensions></trkpt>
      <trkpt lat="45.569338" lon="-121.541055"><ele>601.3</ele><time>2026-08-18T16:29:48.000Z</time><extensions><TT:RideData eng="77.0" air="26.7" spd="16.6" rpm="2617"/></extensions></trkpt>
      <trkpt lat="45.569525" lon="-121.540705"><ele>601.8</ele><time>2026-08-18T16:29:56.000Z</time><extensions><TT:RideData eng="77.0" air="26.2" spd="27.0" rpm="4144"/></extensions></trkpt>
      <trkpt lat="45.569643" lon="-121.540113"><ele>601.4</ele><time>2026-08-18T16:30:04.000Z</time><extensions><TT:RideData eng="76.9" air="26.0" spd="27.5" rpm="4925"/></extensions></trkpt>
      <trkpt lat="45.569741" lon="-121.539575"><ele>601.5</ele><time>2026-08-18T16:30:12.000Z</time><extensions><TT:RideData eng="76.6" air="26.0" spd="22.0" rpm="4137"/></extensions></trkpt>
      <trkpt lat="45.569521" lon="-121.539320"><ele>601.0</ele><time>2026-08-18T16:30:20.000Z</time><extensions><TT:RideData eng="76.6" air="26.1" spd="23.4" rpm="3656"/></extensions></trkpt>
      <trkpt lat="45.569275" lon="-121.539041"><ele>601.1</ele><time>2026-08-18T16:30:28.000Z</time><extensions><TT:RideData eng="77.4" air="26.3" spd="12.3" rpm="5942"/></extensions></trkpt>
      <trkpt lat="45.569198" lon="-121.538991"><ele>603.3</ele><time>2026-08-18T16:30:36.000Z</time><extensions><TT:RideData eng="78.5" air="26.7" spd="15.9" rpm="3180"/></extensions></trkpt>
      <trkpt lat="45.568886" lon="-121.539083"><ele>605.0</ele><time>2026-08-18T16:30:44.000Z</time><extensions><TT:RideData eng="79.6" air="26.8" spd="28.3" rpm="4275"/></extensions></trkpt>
      <trkpt lat="45.568441" lon="-121.538930"><ele>605.2</ele><time>2026-08-18T16:30:52.000Z</time><extensions><TT:RideData eng="79.8" air="26.8" spd="16.3" rpm="2317"/></extensions></trkpt>
      <trkpt lat="45.568315" lon="-121.538618"><ele>605.1</ele><time>2026-08-18T16:31:00.000Z</time><extensions><TT:RideData eng="79.8" air="26.8" spd="20.8" rpm="3725"/></extensions></trkpt>
      <trkpt lat="45.568095" lon="-121.538370"><ele>604.6</ele><time>2026-08-18T16:31:08.000Z</time><extensions><TT:RideData eng="79.8" air="26.7" spd="17.7" rpm="2743"/></extensions></trkpt>
      <trkpt lat="45.567923" lon="-121.538111"><ele>605.2</ele><time>2026-08-18T16:31:16.000Z</time><extensions><TT:RideData eng="79.9" air="26.7" spd="19.4" rpm="3602"/></extensions></trkpt>
      <trkpt lat="45.567725" lon="-121.537696"><ele>605.5</ele><time>2026-08-18T16:31:24.000Z</time><extensions><TT:RideData eng="80.3" air="26.6" spd="19.3" rpm="2276"/></extensions></trkpt>
      <trkpt lat="45.567530" lon="-121.537336"><ele>605.1</ele><time>2026-08-18T16:31:32.000Z</time><extensions><TT:RideData eng="80.4" air="26.3" spd="12.1" rpm="1933"/></extensions></trkpt>
      <trkpt lat="45.567471" lon="-121.536993"><ele>605.4</ele><time>2026-08-18T16:31:40.000Z</time><extensions><TT:RideData eng="80.3" air="26.1" spd="14.7" rpm="2048"/></extensions></trkpt>
      <trkpt lat="45.567568" lon="-121.536855"><ele>605.8</ele><time>2026-08-18T16:31:48.000Z</time><extensions><TT:RideData eng="80.0" air="25.9" spd="20.2" rpm="2057"/></extensions></trkpt>
      <trkpt lat="45.567766" lon="-121.536553"><ele>607.1</ele><time>2026-08-18T16:31:56.000Z</time><extensions><TT:RideData eng="79.0" air="25.4" spd="14.8" rpm="0"/></extensions></trkpt>
      <trkpt lat="45.567873" lon="-121.536344"><ele>609.4</ele><time>2026-08-18T16:32:04.000Z</time><extensions><TT:RideData eng="78.1" air="25.4" spd="20.1" rpm="0"/></extensions></trkpt>
      <trkpt lat="45.568143" lon="-121.536338"><ele>610.3</ele><time>2026-08-18T16:32:12.000Z</time><extensions><TT:RideData eng="77.5" air="25.0" spd="19.0" rpm="0"/></extensions></trkpt>
      <trkpt lat="45.568443" lon="-121.536526"><ele>613.1</ele><time>2026-08-18T16:32:20.000Z</time><extensions><TT:RideData eng="77.3" air="24.9" spd="18.7" rpm="0"/></extensions></trkpt>
      <trkpt lat="45.568873" lon="-121.536499"><ele>619.7</ele><time>2026-08-18T16:32:28.000Z</time><extensions><TT:RideData eng="76.5" air="25.4" spd="20.2" rpm="3659"/></extensions></trkpt>
      <trkpt lat="45.569325" lon="-121.536590"><ele>628.6</ele><time>2026-08-18T16:32:36.000Z</time><extensions><TT:RideData eng="75.5" air="26.0" spd="19.5" rpm="3519"/></extensions></trkpt>
      <trkpt lat="45.569728" lon="-121.536848"><ele>637.9</ele><time>2026-08-18T16:32:44.000Z</time><extensions><TT:RideData eng="76.9" air="26.4" spd="16.4" rpm="2815"/></extensions></trkpt>
      <trkpt lat="45.569888" lon="-121.537168"><ele>644.7</ele><time>2026-08-18T16:32:52.000Z</time><extensions><TT:RideData eng="77.6" air="26.6" spd="14.6" rpm="2207"/></extensions></trkpt>
      <trkpt lat="45.569956" lon="-121.537533"><ele>650.2</ele><time>2026-08-18T16:33:00.000Z</time><extensions><TT:RideData eng="77.9" air="26.5" spd="16.1" rpm="2300"/></extensions></trkpt>
      <trkpt lat="45.570076" lon="-121.537851"><ele>653.8</ele><time>2026-08-18T16:33:08.000Z</time><extensions><TT:RideData eng="78.0" air="26.3" spd="11.7" rpm="2028"/></extensions></trkpt>
      <trkpt lat="45.570241" lon="-121.537965"><ele>657.9</ele><time>2026-08-18T16:33:16.000Z</time><extensions><TT:RideData eng="77.8" air="26.1" spd="15.5" rpm="2219"/></extensions></trkpt>
      <trkpt lat="45.570388" lon="-121.538053"><ele>660.8</ele><time>2026-08-18T16:33:24.000Z</time><extensions><TT:RideData eng="77.7" air="25.9" spd="18.2" rpm="3839"/></extensions></trkpt>
      <trkpt lat="45.570736" lon="-121.538083"><ele>659.8</ele><time>2026-08-18T16:33:32.000Z</time><extensions><TT:RideData eng="77.8" air="25.9" spd="9.0" rpm="1990"/></extensions></trkpt>
      <trkpt lat="45.570876" lon="-121.538218"><ele>659.9</ele><time>2026-08-18T16:33:40.000Z</time><extensions><TT:RideData eng="77.6" air="26.0" spd="13.9" rpm="0"/></extensions></trkpt>
      <trkpt lat="45.570915" lon="-121.538376"><ele>652.1</ele><time>2026-08-18T16:33:48.000Z</time><extensions><TT:RideData eng="77.2" air="26.0" spd="15.4" rpm="4829"/></extensions></trkpt>
      <trkpt lat="45.570840" lon="-121.538501"><ele>651.6</ele><time>2026-08-18T16:33:56.000Z</time><extensions><TT:RideData eng="76.8" air="25.9" spd="22.1" rpm="3353"/></extensions></trkpt>
      <trkpt lat="45.570993" lon="-121.538769"><ele>651.3</ele><time>2026-08-18T16:34:04.000Z</time><extensions><TT:RideData eng="76.6" air="25.8" spd="19.8" rpm="2003"/></extensions></trkpt>
      <trkpt lat="45.571270" lon="-121.539038"><ele>645.1</ele><time>2026-08-18T16:34:12.000Z</time><extensions><TT:RideData eng="76.2" air="25.6" spd="13.3" rpm="0"/></extensions></trkpt>
      <trkpt lat="45.571571" lon="-121.539085"><ele>644.1</ele><time>2026-08-18T16:34:20.000Z</time><extensions><TT:RideData eng="75.5" air="25.5" spd="15.5" rpm="0"/></extensions></trkpt>
      <trkpt lat="45.571793" lon="-121.539038"><ele>642.0</ele><time>2026-08-18T16:34:28.000Z</time><extensions><TT:RideData eng="75.2" air="25.4" spd="12.2" rpm="0"/></extensions></trkpt>
      <trkpt lat="45.571778" lon="-121.539325"><ele>640.3</ele><time>2026-08-18T16:34:36.000Z</time><extensions><TT:RideData eng="74.9" air="25.6" spd="16.9" rpm="0"/></extensions></trkpt>
      <trkpt lat="45.572005" lon="-121.539440"><ele>634.3</ele><time>2026-08-18T16:34:44.000Z</time><extensions><TT:RideData eng="74.8" air="25.7" spd="15.5" rpm="0"/></extensions></trkpt>
      <trkpt lat="45.572289" lon="-121.539476"><ele>625.6</ele><time>2026-08-18T16:34:52.000Z</time><extensions><TT:RideData eng="75.4" air="25.8" spd="16.2" rpm="0"/></extensions></trkpt>
      <trkpt lat="45.572465" lon="-121.539959"><ele>622.9</ele><time>2026-08-18T16:35:00.000Z</time><extensions><TT:RideData eng="76.3" air="25.9" spd="12.5" rpm="0"/></extensions></trkpt>
      <trkpt lat="45.572646" lon="-121.540285"><ele>623.9</ele><time>2026-08-18T16:35:08.000Z</time><extensions><TT:RideData eng="73.9" air="25.9" spd="19.6" rpm="3557"/></extensions></trkpt>
      <trkpt lat="45.572800" lon="-121.540643"><ele>627.2</ele><time>2026-08-18T16:35:16.000Z</time><extensions><TT:RideData eng="72.1" air="25.9" spd="17.8" rpm="2656"/></extensions></trkpt>
      <trkpt lat="45.572853" lon="-121.541116"><ele>629.5</ele><time>2026-08-18T16:35:24.000Z</time><extensions><TT:RideData eng="72.9" air="25.8" spd="15.3" rpm="2352"/></extensions></trkpt>
      <trkpt lat="45.572961" lon="-121.541490"><ele>632.1</ele><time>2026-08-18T16:35:32.000Z</time><extensions><TT:RideData eng="73.6" air="25.7" spd="15.2" rpm="2471"/></extensions></trkpt>
      <trkpt lat="45.573158" lon="-121.541538"><ele>633.6</ele><time>2026-08-18T16:35:40.000Z</time><extensions><TT:RideData eng="73.7" air="25.5" spd="17.1" rpm="2679"/></extensions></trkpt>
      <trkpt lat="45.573555" lon="-121.541603"><ele>628.6</ele><time>2026-08-18T16:35:48.000Z</time><extensions><TT:RideData eng="73.6" air="25.4" spd="22.5" rpm="3992"/></extensions></trkpt>
      <trkpt lat="45.573960" lon="-121.541605"><ele>622.1</ele><time>2026-08-18T16:35:56.000Z</time><extensions><TT:RideData eng="73.5" air="25.3" spd="15.1" rpm="2577"/></extensions></trkpt>
      <trkpt lat="45.574261" lon="-121.541593"><ele>612.7</ele><time>2026-08-18T16:36:04.000Z</time><extensions><TT:RideData eng="73.8" air="25.3" spd="22.1" rpm="3065"/></extensions></trkpt>
      <trkpt lat="45.574620" lon="-121.541656"><ele>599.0</ele><time>2026-08-18T16:36:12.000Z</time><extensions><TT:RideData eng="74.1" air="25.4" spd="16.6" rpm="2562"/></extensions></trkpt>
      <trkpt lat="45.575100" lon="-121.541873"><ele>570.0</ele><time>2026-08-18T16:36:20.000Z</time><extensions><TT:RideData eng="74.3" air="25.7" spd="17.1" rpm="2482"/></extensions></trkpt>
      <trkpt lat="45.575505" lon="-121.541890"><ele>555.5</ele><time>2026-08-18T16:36:28.000Z</time><extensions><TT:RideData eng="74.5" air="26.2" spd="17.6" rpm="2730"/></extensions></trkpt>
      <trkpt lat="45.575825" lon="-121.541813"><ele>541.0</ele><time>2026-08-18T16:36:36.000Z</time><extensions><TT:RideData eng="74.7" air="26.6" spd="17.6" rpm="3397"/></extensions></trkpt>
      <trkpt lat="45.576131" lon="-121.541731"><ele>528.7</ele><time>2026-08-18T16:36:44.000Z</time><extensions><TT:RideData eng="75.0" air="26.8" spd="20.7" rpm="3604"/></extensions></trkpt>
      <trkpt lat="45.576331" lon="-121.541378"><ele>521.2</ele><time>2026-08-18T16:36:52.000Z</time><extensions><TT:RideData eng="75.2" air="26.9" spd="13.7" rpm="2209"/></extensions></trkpt>
      <trkpt lat="45.576461" lon="-121.540940"><ele>512.7</ele><time>2026-08-18T16:37:00.000Z</time><extensions><TT:RideData eng="75.7" air="26.6" spd="20.7" rpm="3251"/></extensions></trkpt>
      <trkpt lat="45.576618" lon="-121.540705"><ele>505.1</ele><time>2026-08-18T16:37:08.000Z</time><extensions><TT:RideData eng="76.5" air="26.3" spd="5.5" rpm="1949"/></extensions></trkpt>
      <trkpt lat="45.576761" lon="-121.540546"><ele>496.7</ele><time>2026-08-18T16:37:16.000Z</time><extensions><TT:RideData eng="77.3" air="26.4" spd="10.3" rpm="2019"/></extensions></trkpt>
      <trkpt lat="45.576829" lon="-121.540518"><ele>489.5</ele><time>2026-08-18T16:37:50.000Z</time><extensions><TT:RideData eng="77.2" air="26.6" spd="0.0" rpm="3504"/></extensions></trkpt>
      <trkpt lat="45.576841" lon="-121.540506"><ele>489.7</ele><time>2026-08-18T16:37:58.000Z</time><extensions><TT:RideData eng="78.4" air="26.5" spd="23.3" rpm="4136"/></extensions></trkpt>
      <trkpt lat="45.576918" lon="-121.540085"><ele>492.4</ele><time>2026-08-18T16:38:06.000Z</time><extensions><TT:RideData eng="79.3" air="26.4" spd="28.4" rpm="3417"/></extensions></trkpt>
      <trkpt lat="45.577051" lon="-121.539403"><ele>499.0</ele><time>2026-08-18T16:38:14.000Z</time><extensions><TT:RideData eng="79.0" air="26.5" spd="21.3" rpm="4906"/></extensions></trkpt>
      <trkpt lat="45.577085" lon="-121.538698"><ele>503.7</ele><time>2026-08-18T16:38:22.000Z</time><extensions><TT:RideData eng="78.6" air="26.8" spd="32.6" rpm="3471"/></extensions></trkpt>
      <trkpt lat="45.576801" lon="-121.538213"><ele>504.4</ele><time>2026-08-18T16:38:30.000Z</time><extensions><TT:RideData eng="78.2" air="27.0" spd="18.3" rpm="3409"/></extensions></trkpt>
      <trkpt lat="45.576790" lon="-121.538178"><ele>508.0</ele><time>2026-08-18T16:38:39.000Z</time><extensions><TT:RideData eng="78.0" air="27.2" spd="0.0" rpm="1334"/></extensions></trkpt>
      <trkpt lat="45.576728" lon="-121.538408"><ele>510.4</ele><time>2026-08-18T16:38:47.000Z</time><extensions><TT:RideData eng="78.5" air="27.3" spd="28.9" rpm="4547"/></extensions></trkpt>
      <trkpt lat="45.576506" lon="-121.538358"><ele>512.6</ele><time>2026-08-18T16:38:55.000Z</time><extensions><TT:RideData eng="79.1" air="27.6" spd="24.6" rpm="4792"/></extensions></trkpt>
      <trkpt lat="45.576016" lon="-121.537888"><ele>513.6</ele><time>2026-08-18T16:39:03.000Z</time><extensions><TT:RideData eng="79.0" air="28.0" spd="25.9" rpm="3022"/></extensions></trkpt>
      <trkpt lat="45.575448" lon="-121.537611"><ele>516.5</ele><time>2026-08-18T16:39:11.000Z</time><extensions><TT:RideData eng="78.2" air="28.2" spd="26.2" rpm="3139"/></extensions></trkpt>
      <trkpt lat="45.574991" lon="-121.537564"><ele>517.3</ele><time>2026-08-18T16:39:19.000Z</time><extensions><TT:RideData eng="77.7" air="28.4" spd="23.5" rpm="3085"/></extensions></trkpt>
      <trkpt lat="45.574528" lon="-121.537436"><ele>516.6</ele><time>2026-08-18T16:39:27.000Z</time><extensions><TT:RideData eng="77.0" air="28.3" spd="25.0" rpm="2737"/></extensions></trkpt>
      <trkpt lat="45.574096" lon="-121.537291"><ele>513.8</ele><time>2026-08-18T16:39:35.000Z</time><extensions><TT:RideData eng="76.3" air="28.3" spd="22.3" rpm="2846"/></extensions></trkpt>
      <trkpt lat="45.573946" lon="-121.536996"><ele>511.8</ele><time>2026-08-18T16:39:43.000Z</time><extensions><TT:RideData eng="76.0" air="28.0" spd="17.0" rpm="3060"/></extensions></trkpt>
      <trkpt lat="45.573835" lon="-121.536465"><ele>510.1</ele><time>2026-08-18T16:39:51.000Z</time><extensions><TT:RideData eng="76.0" air="27.5" spd="20.8" rpm="3220"/></extensions></trkpt>
      <trkpt lat="45.573926" lon="-121.536051"><ele>508.5</ele><time>2026-08-18T16:39:59.000Z</time><extensions><TT:RideData eng="76.3" air="27.1" spd="19.1" rpm="4013"/></extensions></trkpt>
      <trkpt lat="45.574045" lon="-121.536010"><ele>506.9</ele><time>2026-08-18T16:40:07.000Z</time><extensions><TT:RideData eng="76.8" air="26.9" spd="3.7" rpm="3716"/></extensions></trkpt>
      <trkpt lat="45.574209" lon="-121.535821"><ele>504.1</ele><time>2026-08-18T16:40:15.000Z</time><extensions><TT:RideData eng="77.4" air="26.6" spd="22.4" rpm="3493"/></extensions></trkpt>
      <trkpt lat="45.574551" lon="-121.535520"><ele>503.2</ele><time>2026-08-18T16:40:23.000Z</time><extensions><TT:RideData eng="77.3" air="26.0" spd="24.1" rpm="4320"/></extensions></trkpt>
      <trkpt lat="45.574945" lon="-121.535206"><ele>502.1</ele><time>2026-08-18T16:40:31.000Z</time><extensions><TT:RideData eng="77.4" air="25.6" spd="20.0" rpm="3587"/></extensions></trkpt>
      <trkpt lat="45.575230" lon="-121.534913"><ele>500.1</ele><time>2026-08-18T16:40:39.000Z</time><extensions><TT:RideData eng="77.3" air="25.1" spd="20.6" rpm="3060"/></extensions></trkpt>
      <trkpt lat="45.575558" lon="-121.534678"><ele>496.8</ele><time>2026-08-18T16:40:47.000Z</time><extensions><TT:RideData eng="77.2" air="24.9" spd="19.1" rpm="2862"/></extensions></trkpt>
      <trkpt lat="45.575833" lon="-121.534478"><ele>494.1</ele><time>2026-08-18T16:40:55.000Z</time><extensions><TT:RideData eng="77.2" air="24.6" spd="18.8" rpm="3938"/></extensions></trkpt>
      <trkpt lat="45.576166" lon="-121.534451"><ele>492.0</ele><time>2026-08-18T16:41:03.000Z</time><extensions><TT:RideData eng="77.0" air="24.5" spd="24.4" rpm="3382"/></extensions></trkpt>
      <trkpt lat="45.576593" lon="-121.534633"><ele>490.4</ele><time>2026-08-18T16:41:11.000Z</time><extensions><TT:RideData eng="76.9" air="24.8" spd="16.8" rpm="3982"/></extensions></trkpt>
      <trkpt lat="45.576905" lon="-121.534596"><ele>489.3</ele><time>2026-08-18T16:41:19.000Z</time><extensions><TT:RideData eng="76.3" air="25.0" spd="25.5" rpm="5225"/></extensions></trkpt>
      <trkpt lat="45.577211" lon="-121.534471"><ele>489.9</ele><time>2026-08-18T16:41:27.000Z</time><extensions><TT:RideData eng="76.7" air="25.6" spd="27.6" rpm="3898"/></extensions></trkpt>
      <trkpt lat="45.577368" lon="-121.533861"><ele>492.4</ele><time>2026-08-18T16:41:35.000Z</time><extensions><TT:RideData eng="77.4" air="26.1" spd="21.4" rpm="4091"/></extensions></trkpt>
      <trkpt lat="45.577599" lon="-121.533215"><ele>495.3</ele><time>2026-08-18T16:41:43.000Z</time><extensions><TT:RideData eng="78.0" air="26.3" spd="26.7" rpm="3483"/></extensions></trkpt>
      <trkpt lat="45.577778" lon="-121.532906"><ele>496.3</ele><time>2026-08-18T16:41:51.000Z</time><extensions><TT:RideData eng="78.8" air="26.6" spd="0.0" rpm="1976"/></extensions></trkpt>
      <trkpt lat="45.577788" lon="-121.532898"><ele>496.6</ele><time>2026-08-18T16:41:59.000Z</time><extensions><TT:RideData eng="80.3" air="27.1" spd="0.0" rpm="4009"/></extensions></trkpt>
      <trkpt lat="45.577886" lon="-121.532613"><ele>497.8</ele><time>2026-08-18T16:42:07.000Z</time><extensions><TT:RideData eng="81.0" air="27.2" spd="17.2" rpm="4687"/></extensions></trkpt>
      <trkpt lat="45.577846" lon="-121.532058"><ele>503.8</ele><time>2026-08-18T16:42:15.000Z</time><extensions><TT:RideData eng="81.7" air="26.9" spd="17.5" rpm="2851"/></extensions></trkpt>
      <trkpt lat="45.578040" lon="-121.531690"><ele>507.5</ele><time>2026-08-18T16:42:23.000Z</time><extensions><TT:RideData eng="82.0" air="26.8" spd="27.3" rpm="4537"/></extensions></trkpt>
      <trkpt lat="45.578108" lon="-121.531185"><ele>509.7</ele><time>2026-08-18T16:42:31.000Z</time><extensions><TT:RideData eng="82.3" air="26.9" spd="19.4" rpm="3954"/></extensions></trkpt>
      <trkpt lat="45.577985" lon="-121.530923"><ele>513.6</ele><time>2026-08-18T16:42:51.000Z</time><extensions><TT:RideData eng="81.8" air="27.8" spd="0.0" rpm="1513"/></extensions></trkpt>
      <trkpt lat="45.577985" lon="-121.530923"><ele>513.6</ele><time>2026-08-18T16:43:35.000Z</time><extensions><TT:RideData eng="78.7" air="29.0" spd="0.0" rpm="21"/></extensions></trkpt>
      <trkpt lat="45.577986" lon="-121.530920"><ele>513.6</ele><time>2026-08-18T16:43:43.000Z</time><extensions><TT:RideData eng="80.5" air="29.1" spd="14.9" rpm="3608"/></extensions></trkpt>
      <trkpt lat="45.577823" lon="-121.530751"><ele>520.6</ele><time>2026-08-18T16:43:51.000Z</time><extensions><TT:RideData eng="82.0" air="29.0" spd="14.2" rpm="4024"/></extensions></trkpt>
      <trkpt lat="45.577451" lon="-121.530816"><ele>527.1</ele><time>2026-08-18T16:43:59.000Z</time><extensions><TT:RideData eng="83.7" air="28.8" spd="19.2" rpm="2871"/></extensions></trkpt>
      <trkpt lat="45.577045" lon="-121.530948"><ele>534.1</ele><time>2026-08-18T16:44:07.000Z</time><extensions><TT:RideData eng="84.1" air="28.5" spd="17.3" rpm="3474"/></extensions></trkpt>
      <trkpt lat="45.576689" lon="-121.531056"><ele>540.1</ele><time>2026-08-18T16:44:15.000Z</time><extensions><TT:RideData eng="84.1" air="28.5" spd="12.3" rpm="3029"/></extensions></trkpt>
      <trkpt lat="45.576443" lon="-121.530908"><ele>545.4</ele><time>2026-08-18T16:44:23.000Z</time><extensions><TT:RideData eng="84.1" air="28.6" spd="7.6" rpm="2631"/></extensions></trkpt>
      <trkpt lat="45.576464" lon="-121.530686"><ele>550.2</ele><time>2026-08-18T16:44:31.000Z</time><extensions><TT:RideData eng="84.3" air="28.7" spd="19.8" rpm="4087"/></extensions></trkpt>
      <trkpt lat="45.576390" lon="-121.530113"><ele>553.8</ele><time>2026-08-18T16:44:39.000Z</time><extensions><TT:RideData eng="84.2" air="28.6" spd="21.9" rpm="4230"/></extensions></trkpt>
      <trkpt lat="45.576361" lon="-121.529535"><ele>557.5</ele><time>2026-08-18T16:44:47.000Z</time><extensions><TT:RideData eng="84.0" air="28.7" spd="20.9" rpm="3362"/></extensions></trkpt>
      <trkpt lat="45.575974" lon="-121.529288"><ele>562.1</ele><time>2026-08-18T16:44:55.000Z</time><extensions><TT:RideData eng="83.9" air="28.9" spd="21.1" rpm="1982"/></extensions></trkpt>
      <trkpt lat="45.575849" lon="-121.529721"><ele>570.1</ele><time>2026-08-18T16:45:03.000Z</time><extensions><TT:RideData eng="84.1" air="29.0" spd="15.8" rpm="3096"/></extensions></trkpt>
      <trkpt lat="45.575635" lon="-121.529781"><ele>575.9</ele><time>2026-08-18T16:45:11.000Z</time><extensions><TT:RideData eng="84.4" air="29.0" spd="17.3" rpm="2916"/></extensions></trkpt>
      <trkpt lat="45.575478" lon="-121.530008"><ele>580.8</ele><time>2026-08-18T16:45:19.000Z</time><extensions><TT:RideData eng="84.5" air="29.1" spd="16.2" rpm="2185"/></extensions></trkpt>
      <trkpt lat="45.575274" lon="-121.530226"><ele>584.8</ele><time>2026-08-18T16:45:27.000Z</time><extensions><TT:RideData eng="84.6" air="28.9" spd="20.1" rpm="3385"/></extensions></trkpt>
      <trkpt lat="45.574941" lon="-121.530520"><ele>590.0</ele><time>2026-08-18T16:45:35.000Z</time><extensions><TT:RideData eng="84.8" air="28.8" spd="21.7" rpm="3154"/></extensions></trkpt>
      <trkpt lat="45.574556" lon="-121.530911"><ele>593.3</ele><time>2026-08-18T16:45:43.000Z</time><extensions><TT:RideData eng="84.7" air="28.6" spd="25.0" rpm="2870"/></extensions></trkpt>
      <trkpt lat="45.574188" lon="-121.531231"><ele>595.8</ele><time>2026-08-18T16:45:51.000Z</time><extensions><TT:RideData eng="84.4" air="28.1" spd="20.8" rpm="2960"/></extensions></trkpt>
      <trkpt lat="45.573883" lon="-121.531240"><ele>597.8</ele><time>2026-08-18T16:45:59.000Z</time><extensions><TT:RideData eng="84.1" air="27.9" spd="19.4" rpm="3558"/></extensions></trkpt>
      <trkpt lat="45.573526" lon="-121.531116"><ele>599.5</ele><time>2026-08-18T16:46:07.000Z</time><extensions><TT:RideData eng="84.3" air="27.5" spd="24.1" rpm="3645"/></extensions></trkpt>
      <trkpt lat="45.573291" lon="-121.530855"><ele>601.0</ele><time>2026-08-18T16:46:15.000Z</time><extensions><TT:RideData eng="84.5" air="27.1" spd="24.6" rpm="4245"/></extensions></trkpt>
      <trkpt lat="45.573284" lon="-121.530525"><ele>602.4</ele><time>2026-08-18T16:46:23.000Z</time><extensions><TT:RideData eng="84.2" air="26.8" spd="11.3" rpm="5240"/></extensions></trkpt>
      <trkpt lat="45.573113" lon="-121.530581"><ele>604.1</ele><time>2026-08-18T16:46:31.000Z</time><extensions><TT:RideData eng="84.6" air="26.7" spd="18.9" rpm="2911"/></extensions></trkpt>
      <trkpt lat="45.573201" lon="-121.530185"><ele>605.7</ele><time>2026-08-18T16:46:39.000Z</time><extensions><TT:RideData eng="85.0" air="26.6" spd="21.3" rpm="3987"/></extensions></trkpt>
      <trkpt lat="45.573076" lon="-121.529755"><ele>607.2</ele><time>2026-08-18T16:46:47.000Z</time><extensions><TT:RideData eng="84.7" air="26.5" spd="21.2" rpm="3105"/></extensions></trkpt>
      <trkpt lat="45.572793" lon="-121.529683"><ele>608.7</ele><time>2026-08-18T16:46:55.000Z</time><extensions><TT:RideData eng="84.5" air="26.6" spd="15.1" rpm="2577"/></extensions></trkpt>
      <trkpt lat="45.572756" lon="-121.529993"><ele>611.4</ele><time>2026-08-18T16:47:03.000Z</time><extensions><TT:RideData eng="84.7" air="26.7" spd="17.1" rpm="2526"/></extensions></trkpt>
      <trkpt lat="45.572520" lon="-121.529758"><ele>613.2</ele><time>2026-08-18T16:47:11.000Z</time><extensions><TT:RideData eng="85.0" air="26.6" spd="15.9" rpm="3351"/></extensions></trkpt>
      <trkpt lat="45.572263" lon="-121.529810"><ele>614.9</ele><time>2026-08-18T16:47:19.000Z</time><extensions><TT:RideData eng="84.9" air="26.6" spd="17.2" rpm="4236"/></extensions></trkpt>
      <trkpt lat="45.572023" lon="-121.529906"><ele>617.0</ele><time>2026-08-18T16:47:27.000Z</time><extensions><TT:RideData eng="85.3" air="26.5" spd="17.6" rpm="4487"/></extensions></trkpt>
      <trkpt lat="45.571776" lon="-121.529753"><ele>618.4</ele><time>2026-08-18T16:47:35.000Z</time><extensions><TT:RideData eng="85.6" air="26.4" spd="17.1" rpm="3050"/></extensions></trkpt>
      <trkpt lat="45.571496" lon="-121.529788"><ele>620.6</ele><time>2026-08-18T16:47:43.000Z</time><extensions><TT:RideData eng="85.7" air="26.5" spd="17.7" rpm="3520"/></extensions></trkpt>
      <trkpt lat="45.571103" lon="-121.529995"><ele>625.4</ele><time>2026-08-18T16:47:51.000Z</time><extensions><TT:RideData eng="85.7" air="26.6" spd="18.7" rpm="2728"/></extensions></trkpt>
      <trkpt lat="45.570785" lon="-121.529918"><ele>632.4</ele><time>2026-08-18T16:47:59.000Z</time><extensions><TT:RideData eng="85.6" air="26.5" spd="18.2" rpm="3926"/></extensions></trkpt>
      <trkpt lat="45.570485" lon="-121.529790"><ele>636.5</ele><time>2026-08-18T16:48:07.000Z</time><extensions><TT:RideData eng="85.5" air="26.5" spd="22.0" rpm="3201"/></extensions></trkpt>
      <trkpt lat="45.570083" lon="-121.529676"><ele>640.8</ele><time>2026-08-18T16:48:15.000Z</time><extensions><TT:RideData eng="85.5" air="26.6" spd="23.6" rpm="4300"/></extensions></trkpt>
      <trkpt lat="45.569615" lon="-121.529383"><ele>646.2</ele><time>2026-08-18T16:48:23.000Z</time><extensions><TT:RideData eng="85.5" air="26.9" spd="19.8" rpm="3450"/></extensions></trkpt>
      <trkpt lat="45.569410" lon="-121.528870"><ele>655.4</ele><time>2026-08-18T16:48:31.000Z</time><extensions><TT:RideData eng="85.6" air="27.2" spd="16.4" rpm="4660"/></extensions></trkpt>
      <trkpt lat="45.569060" lon="-121.528781"><ele>663.8</ele><time>2026-08-18T16:48:39.000Z</time><extensions><TT:RideData eng="85.7" air="27.5" spd="22.8" rpm="3884"/></extensions></trkpt>
      <trkpt lat="45.568630" lon="-121.528721"><ele>670.9</ele><time>2026-08-18T16:48:47.000Z</time><extensions><TT:RideData eng="86.3" air="27.7" spd="26.5" rpm="5164"/></extensions></trkpt>
      <trkpt lat="45.568191" lon="-121.528811"><ele>677.1</ele><time>2026-08-18T16:48:55.000Z</time><extensions><TT:RideData eng="86.6" air="27.6" spd="17.9" rpm="3076"/></extensions></trkpt>
      <trkpt lat="45.568043" lon="-121.528648"><ele>683.8</ele><time>2026-08-18T16:49:03.000Z</time><extensions><TT:RideData eng="86.9" air="27.4" spd="19.6" rpm="4040"/></extensions></trkpt>
      <trkpt lat="45.567738" lon="-121.528856"><ele>690.5</ele><time>2026-08-18T16:49:11.000Z</time><extensions><TT:RideData eng="87.3" air="27.2" spd="20.1" rpm="3496"/></extensions></trkpt>
      <trkpt lat="45.567326" lon="-121.528683"><ele>694.9</ele><time>2026-08-18T16:49:19.000Z</time><extensions><TT:RideData eng="87.2" air="27.4" spd="23.4" rpm="3904"/></extensions></trkpt>
      <trkpt lat="45.566973" lon="-121.528561"><ele>697.8</ele><time>2026-08-18T16:49:27.000Z</time><extensions><TT:RideData eng="86.9" air="27.6" spd="20.2" rpm="3334"/></extensions></trkpt>
      <trkpt lat="45.566668" lon="-121.528468"><ele>700.8</ele><time>2026-08-18T16:49:35.000Z</time><extensions><TT:RideData eng="86.6" air="27.3" spd="19.0" rpm="2730"/></extensions></trkpt>
      <trkpt lat="45.566570" lon="-121.528138"><ele>702.5</ele><time>2026-08-18T16:49:43.000Z</time><extensions><TT:RideData eng="86.3" air="27.3" spd="9.0" rpm="1947"/></extensions></trkpt>
      <trkpt lat="45.566476" lon="-121.528020"><ele>707.3</ele><time>2026-08-18T16:52:21.000Z</time><extensions><TT:RideData eng="88.1" air="27.6" spd="0.0" rpm="3288"/></extensions></trkpt>
      <trkpt lat="45.566456" lon="-121.527896"><ele>706.6</ele><time>2026-08-18T16:52:29.000Z</time><extensions><TT:RideData eng="82.3" air="27.4" spd="12.7" rpm="2755"/></extensions></trkpt>
      <trkpt lat="45.566316" lon="-121.527666"><ele>706.2</ele><time>2026-08-18T16:52:37.000Z</time><extensions><TT:RideData eng="81.4" air="27.2" spd="11.9" rpm="2032"/></extensions></trkpt>
      <trkpt lat="45.566211" lon="-121.527315"><ele>705.9</ele><time>2026-08-18T16:52:45.000Z</time><extensions><TT:RideData eng="80.9" air="26.9" spd="20.2" rpm="2951"/></extensions></trkpt>
      <trkpt lat="45.566053" lon="-121.527001"><ele>705.9</ele><time>2026-08-18T16:52:53.000Z</time><extensions><TT:RideData eng="80.5" air="26.8" spd="15.6" rpm="2433"/></extensions></trkpt>
      <trkpt lat="45.565926" lon="-121.526815"><ele>704.8</ele><time>2026-08-18T16:53:01.000Z</time><extensions><TT:RideData eng="80.6" air="26.6" spd="14.6" rpm="3247"/></extensions></trkpt>
      <trkpt lat="45.565736" lon="-121.526531"><ele>703.1</ele><time>2026-08-18T16:53:09.000Z</time><extensions><TT:RideData eng="80.9" air="26.5" spd="14.0" rpm="2401"/></extensions></trkpt>
      <trkpt lat="45.565630" lon="-121.526136"><ele>701.0</ele><time>2026-08-18T16:53:17.000Z</time><extensions><TT:RideData eng="81.2" air="26.4" spd="17.1" rpm="2757"/></extensions></trkpt>
      <trkpt lat="45.565488" lon="-121.525805"><ele>699.0</ele><time>2026-08-18T16:53:25.000Z</time><extensions><TT:RideData eng="81.3" air="26.3" spd="14.5" rpm="2255"/></extensions></trkpt>
      <trkpt lat="45.565366" lon="-121.525391"><ele>696.4</ele><time>2026-08-18T16:53:33.000Z</time><extensions><TT:RideData eng="81.1" air="26.2" spd="18.9" rpm="3410"/></extensions></trkpt>
      <trkpt lat="45.565400" lon="-121.525046"><ele>693.7</ele><time>2026-08-18T16:53:41.000Z</time><extensions><TT:RideData eng="81.3" air="26.3" spd="17.6" rpm="1901"/></extensions></trkpt>
      <trkpt lat="45.565385" lon="-121.524956"><ele>691.1</ele><time>2026-08-18T16:53:49.000Z</time><extensions><TT:RideData eng="81.9" air="26.4" spd="11.2" rpm="2891"/></extensions></trkpt>
      <trkpt lat="45.565250" lon="-121.524826"><ele>690.6</ele><time>2026-08-18T16:53:57.000Z</time><extensions><TT:RideData eng="82.5" air="26.6" spd="20.8" rpm="3486"/></extensions></trkpt>
      <trkpt lat="45.565055" lon="-121.524730"><ele>691.5</ele><time>2026-08-18T16:54:05.000Z</time><extensions><TT:RideData eng="82.9" air="26.5" spd="11.5" rpm="2400"/></extensions></trkpt>
      <trkpt lat="45.564838" lon="-121.524553"><ele>699.5</ele><time>2026-08-18T16:54:13.000Z</time><extensions><TT:RideData eng="83.4" air="26.9" spd="0.0" rpm="1881"/></extensions></trkpt>
      <trkpt lat="45.564830" lon="-121.524560"><ele>699.6</ele><time>2026-08-18T16:54:21.000Z</time><extensions><TT:RideData eng="83.8" air="27.3" spd="0.0" rpm="1903"/></extensions></trkpt>
      <trkpt lat="45.564828" lon="-121.524563"><ele>699.6</ele><time>2026-08-18T16:54:29.000Z</time><extensions><TT:RideData eng="84.3" air="27.7" spd="0.0" rpm="1884"/></extensions></trkpt>
      <trkpt lat="45.564825" lon="-121.524565"><ele>699.7</ele><time>2026-08-18T16:54:37.000Z</time><extensions><TT:RideData eng="84.8" air="28.1" spd="0.0" rpm="1919"/></extensions></trkpt>
      <trkpt lat="45.564818" lon="-121.524561"><ele>699.7</ele><time>2026-08-18T16:54:45.000Z</time><extensions><TT:RideData eng="85.1" air="28.3" spd="0.0" rpm="3964"/></extensions></trkpt>
      <trkpt lat="45.564590" lon="-121.524303"><ele>700.5</ele><time>2026-08-18T16:54:53.000Z</time><extensions><TT:RideData eng="85.1" air="28.2" spd="18.8" rpm="4186"/></extensions></trkpt>
      <trkpt lat="45.564165" lon="-121.524125"><ele>702.0</ele><time>2026-08-18T16:55:01.000Z</time><extensions><TT:RideData eng="85.5" air="27.6" spd="21.4" rpm="3934"/></extensions></trkpt>
      <trkpt lat="45.563728" lon="-121.523933"><ele>704.2</ele><time>2026-08-18T16:55:09.000Z</time><extensions><TT:RideData eng="85.8" air="27.0" spd="20.4" rpm="3291"/></extensions></trkpt>
      <trkpt lat="45.563295" lon="-121.523801"><ele>706.2</ele><time>2026-08-18T16:55:17.000Z</time><extensions><TT:RideData eng="85.9" air="26.5" spd="20.2" rpm="3555"/></extensions></trkpt>
      <trkpt lat="45.562836" lon="-121.523720"><ele>708.6</ele><time>2026-08-18T16:55:25.000Z</time><extensions><TT:RideData eng="86.1" air="26.1" spd="24.8" rpm="4684"/></extensions></trkpt>
      <trkpt lat="45.562341" lon="-121.523783"><ele>713.9</ele><time>2026-08-18T16:55:33.000Z</time><extensions><TT:RideData eng="86.3" air="25.7" spd="25.8" rpm="3383"/></extensions></trkpt>
      <trkpt lat="45.562193" lon="-121.523448"><ele>720.1</ele><time>2026-08-18T16:55:41.000Z</time><extensions><TT:RideData eng="86.4" air="26.0" spd="17.4" rpm="3203"/></extensions></trkpt>
      <trkpt lat="45.562403" lon="-121.523441"><ele>726.6</ele><time>2026-08-18T16:55:49.000Z</time><extensions><TT:RideData eng="86.8" air="26.2" spd="8.2" rpm="1928"/></extensions></trkpt>
      <trkpt lat="45.562418" lon="-121.523481"><ele>730.1</ele><time>2026-08-18T16:55:57.000Z</time><extensions><TT:RideData eng="87.7" air="26.4" spd="0.0" rpm="1832"/></extensions></trkpt>
      <trkpt lat="45.562558" lon="-121.523635"><ele>756.9</ele><time>2026-08-18T16:56:30.000Z</time><extensions><TT:RideData eng="87.5" air="27.3" spd="17.5" rpm="4531"/></extensions></trkpt>
      <trkpt lat="45.562790" lon="-121.523548"><ele>759.7</ele><time>2026-08-18T16:56:38.000Z</time><extensions><TT:RideData eng="87.6" air="27.1" spd="18.8" rpm="3394"/></extensions></trkpt>
      <trkpt lat="45.563070" lon="-121.523250"><ele>764.5</ele><time>2026-08-18T16:56:46.000Z</time><extensions><TT:RideData eng="87.2" air="26.9" spd="23.6" rpm="4237"/></extensions></trkpt>
      <trkpt lat="45.563241" lon="-121.522623"><ele>770.8</ele><time>2026-08-18T16:56:54.000Z</time><extensions><TT:RideData eng="87.1" air="26.7" spd="27.4" rpm="3030"/></extensions></trkpt>
      <trkpt lat="45.563141" lon="-121.521933"><ele>775.2</ele><time>2026-08-18T16:57:02.000Z</time><extensions><TT:RideData eng="86.1" air="26.6" spd="28.4" rpm="3374"/></extensions></trkpt>
      <trkpt lat="45.563021" lon="-121.521218"><ele>776.9</ele><time>2026-08-18T16:57:10.000Z</time><extensions><TT:RideData eng="84.9" air="26.6" spd="25.2" rpm="3234"/></extensions></trkpt>
      <trkpt lat="45.562828" lon="-121.520608"><ele>777.7</ele><time>2026-08-18T16:57:18.000Z</time><extensions><TT:RideData eng="83.9" air="26.6" spd="18.6" rpm="2385"/></extensions></trkpt>
      <trkpt lat="45.562606" lon="-121.520173"><ele>777.3</ele><time>2026-08-18T16:57:26.000Z</time><extensions><TT:RideData eng="83.1" air="26.4" spd="25.8" rpm="3213"/></extensions></trkpt>
      <trkpt lat="45.562323" lon="-121.519763"><ele>776.7</ele><time>2026-08-18T16:57:34.000Z</time><extensions><TT:RideData eng="82.5" air="26.3" spd="18.8" rpm="2284"/></extensions></trkpt>
      <trkpt lat="45.562118" lon="-121.519381"><ele>774.9</ele><time>2026-08-18T16:57:42.000Z</time><extensions><TT:RideData eng="82.4" air="26.4" spd="20.1" rpm="3309"/></extensions></trkpt>
      <trkpt lat="45.561951" lon="-121.519163"><ele>774.1</ele><time>2026-08-18T16:57:50.000Z</time><extensions><TT:RideData eng="82.9" air="26.2" spd="10.5" rpm="3401"/></extensions></trkpt>
      <trkpt lat="45.561871" lon="-121.518953"><ele>774.0</ele><time>2026-08-18T16:57:58.000Z</time><extensions><TT:RideData eng="83.6" air="26.1" spd="5.5" rpm="5421"/></extensions></trkpt>
      <trkpt lat="45.561733" lon="-121.518943"><ele>773.6</ele><time>2026-08-18T16:58:06.000Z</time><extensions><TT:RideData eng="84.6" air="26.2" spd="17.5" rpm="3260"/></extensions></trkpt>
      <trkpt lat="45.561720" lon="-121.518671"><ele>773.4</ele><time>2026-08-18T16:58:14.000Z</time><extensions><TT:RideData eng="85.2" air="26.3" spd="18.6" rpm="3586"/></extensions></trkpt>
      <trkpt lat="45.561793" lon="-121.518361"><ele>777.2</ele><time>2026-08-18T16:58:22.000Z</time><extensions><TT:RideData eng="85.6" air="26.4" spd="13.6" rpm="3597"/></extensions></trkpt>
      <trkpt lat="45.561533" lon="-121.517875"><ele>789.5</ele><time>2026-08-18T16:58:30.000Z</time><extensions><TT:RideData eng="85.9" air="26.9" spd="14.1" rpm="3410"/></extensions></trkpt>
      <trkpt lat="45.561288" lon="-121.518018"><ele>802.4</ele><time>2026-08-18T16:58:38.000Z</time><extensions><TT:RideData eng="86.3" air="27.2" spd="14.9" rpm="3669"/></extensions></trkpt>
      <trkpt lat="45.561025" lon="-121.517940"><ele>812.3</ele><time>2026-08-18T16:58:46.000Z</time><extensions><TT:RideData eng="87.0" air="27.3" spd="19.8" rpm="3772"/></extensions></trkpt>
      <trkpt lat="45.560743" lon="-121.517538"><ele>817.8</ele><time>2026-08-18T16:58:54.000Z</time><extensions><TT:RideData eng="87.3" air="26.8" spd="16.7" rpm="3322"/></extensions></trkpt>
      <trkpt lat="45.560571" lon="-121.517568"><ele>822.3</ele><time>2026-08-18T16:59:02.000Z</time><extensions><TT:RideData eng="86.9" air="26.6" spd="22.1" rpm="3000"/></extensions></trkpt>
      <trkpt lat="45.560275" lon="-121.517786"><ele>825.9</ele><time>2026-08-18T16:59:10.000Z</time><extensions><TT:RideData eng="86.7" air="26.3" spd="21.4" rpm="2954"/></extensions></trkpt>
      <trkpt lat="45.559968" lon="-121.517571"><ele>830.3</ele><time>2026-08-18T16:59:18.000Z</time><extensions><TT:RideData eng="86.3" air="26.0" spd="20.2" rpm="3046"/></extensions></trkpt>
      <trkpt lat="45.559645" lon="-121.517206"><ele>833.3</ele><time>2026-08-18T16:59:26.000Z</time><extensions><TT:RideData eng="85.6" air="25.7" spd="16.4" rpm="2254"/></extensions></trkpt>
      <trkpt lat="45.559290" lon="-121.516910"><ele>844.3</ele><time>2026-08-18T17:01:29.000Z</time><extensions><TT:RideData eng="90.4" air="27.8" spd="0.0" rpm="3038"/></extensions></trkpt>
      <trkpt lat="45.559295" lon="-121.516795"><ele>844.7</ele><time>2026-08-18T17:01:37.000Z</time><extensions><TT:RideData eng="84.8" air="27.5" spd="9.9" rpm="1894"/></extensions></trkpt>
      <trkpt lat="45.559315" lon="-121.516468"><ele>845.4</ele><time>2026-08-18T17:01:45.000Z</time><extensions><TT:RideData eng="84.1" air="27.2" spd="22.2" rpm="4045"/></extensions></trkpt>
      <trkpt lat="45.559365" lon="-121.516085"><ele>845.5</ele><time>2026-08-18T17:01:53.000Z</time><extensions><TT:RideData eng="83.6" air="26.4" spd="17.7" rpm="3179"/></extensions></trkpt>
      <trkpt lat="45.559391" lon="-121.515615"><ele>844.5</ele><time>2026-08-18T17:02:01.000Z</time><extensions><TT:RideData eng="83.1" air="26.1" spd="15.1" rpm="2253"/></extensions></trkpt>
      <trkpt lat="45.559456" lon="-121.515205"><ele>842.7</ele><time>2026-08-18T17:02:09.000Z</time><extensions><TT:RideData eng="82.7" air="25.8" spd="19.9" rpm="4323"/></extensions></trkpt>
      <trkpt lat="45.559438" lon="-121.514550"><ele>840.0</ele><time>2026-08-18T17:02:17.000Z</time><extensions><TT:RideData eng="82.3" air="25.8" spd="18.9" rpm="3810"/></extensions></trkpt>
      <trkpt lat="45.559071" lon="-121.514195"><ele>835.9</ele><time>2026-08-18T17:02:25.000Z</time><extensions><TT:RideData eng="81.9" air="26.1" spd="23.2" rpm="4435"/></extensions></trkpt>
      <trkpt lat="45.558581" lon="-121.513796"><ele>832.2</ele><time>2026-08-18T17:02:33.000Z</time><extensions><TT:RideData eng="81.5" air="26.1" spd="22.0" rpm="3829"/></extensions></trkpt>
      <trkpt lat="45.558245" lon="-121.513560"><ele>829.2</ele><time>2026-08-18T17:02:41.000Z</time><extensions><TT:RideData eng="81.5" air="26.1" spd="21.5" rpm="3820"/></extensions></trkpt>
      <trkpt lat="45.557963" lon="-121.513300"><ele>826.4</ele><time>2026-08-18T17:02:49.000Z</time><extensions><TT:RideData eng="81.7" air="26.1" spd="30.6" rpm="4602"/></extensions></trkpt>
      <trkpt lat="45.557651" lon="-121.513111"><ele>823.7</ele><time>2026-08-18T17:02:57.000Z</time><extensions><TT:RideData eng="81.9" air="26.2" spd="15.9" rpm="3989"/></extensions></trkpt>
      <trkpt lat="45.557425" lon="-121.512986"><ele>820.8</ele><time>2026-08-18T17:03:05.000Z</time><extensions><TT:RideData eng="82.6" air="26.4" spd="15.7" rpm="4134"/></extensions></trkpt>
      <trkpt lat="45.557161" lon="-121.512743"><ele>817.4</ele><time>2026-08-18T17:03:13.000Z</time><extensions><TT:RideData eng="83.5" air="26.5" spd="13.8" rpm="3117"/></extensions></trkpt>
      <trkpt lat="45.556968" lon="-121.512336"><ele>814.2</ele><time>2026-08-18T17:03:21.000Z</time><extensions><TT:RideData eng="84.1" air="26.6" spd="23.6" rpm="3036"/></extensions></trkpt>
      <trkpt lat="45.556651" lon="-121.512116"><ele>810.7</ele><time>2026-08-18T17:03:29.000Z</time><extensions><TT:RideData eng="84.3" air="26.5" spd="22.0" rpm="2173"/></extensions></trkpt>
      <trkpt lat="45.556276" lon="-121.511836"><ele>809.1</ele><time>2026-08-18T17:03:37.000Z</time><extensions><TT:RideData eng="84.4" air="26.3" spd="19.9" rpm="3176"/></extensions></trkpt>
      <trkpt lat="45.555793" lon="-121.511420"><ele>808.6</ele><time>2026-08-18T17:03:45.000Z</time><extensions><TT:RideData eng="84.1" air="26.2" spd="25.3" rpm="3904"/></extensions></trkpt>
      <trkpt lat="45.555453" lon="-121.511105"><ele>806.6</ele><time>2026-08-18T17:03:53.000Z</time><extensions><TT:RideData eng="84.0" air="26.1" spd="26.6" rpm="3856"/></extensions></trkpt>
      <trkpt lat="45.555031" lon="-121.510885"><ele>803.0</ele><time>2026-08-18T17:04:01.000Z</time><extensions><TT:RideData eng="83.6" air="26.0" spd="24.5" rpm="3439"/></extensions></trkpt>
      <trkpt lat="45.554633" lon="-121.510985"><ele>799.4</ele><time>2026-08-18T17:04:09.000Z</time><extensions><TT:RideData eng="83.5" air="26.1" spd="24.0" rpm="3937"/></extensions></trkpt>
      <trkpt lat="45.554321" lon="-121.511231"><ele>795.4</ele><time>2026-08-18T17:04:17.000Z</time><extensions><TT:RideData eng="83.6" air="26.0" spd="30.2" rpm="4285"/></extensions></trkpt>
      <trkpt lat="45.553971" lon="-121.511600"><ele>791.4</ele><time>2026-08-18T17:04:25.000Z</time><extensions><TT:RideData eng="83.8" air="25.9" spd="22.2" rpm="4157"/></extensions></trkpt>
      <trkpt lat="45.553581" lon="-121.511771"><ele>786.8</ele><time>2026-08-18T17:04:33.000Z</time><extensions><TT:RideData eng="83.6" air="25.7" spd="28.1" rpm="4826"/></extensions></trkpt>
      <trkpt lat="45.553104" lon="-121.511751"><ele>782.3</ele><time>2026-08-18T17:04:41.000Z</time><extensions><TT:RideData eng="83.4" air="25.7" spd="24.3" rpm="4291"/></extensions></trkpt>
      <trkpt lat="45.552738" lon="-121.511885"><ele>777.5</ele><time>2026-08-18T17:04:49.000Z</time><extensions><TT:RideData eng="83.3" air="25.4" spd="30.0" rpm="5287"/></extensions></trkpt>
      <trkpt lat="45.552230" lon="-121.512136"><ele>772.8</ele><time>2026-08-18T17:04:57.000Z</time><extensions><TT:RideData eng="83.2" air="25.3" spd="32.8" rpm="4320"/></extensions></trkpt>
      <trkpt lat="45.551700" lon="-121.512308"><ele>768.0</ele><time>2026-08-18T17:05:05.000Z</time><extensions><TT:RideData eng="83.1" air="25.1" spd="26.6" rpm="3835"/></extensions></trkpt>
      <trkpt lat="45.551311" lon="-121.512701"><ele>762.7</ele><time>2026-08-18T17:05:13.000Z</time><extensions><TT:RideData eng="82.8" air="25.2" spd="21.4" rpm="4269"/></extensions></trkpt>
      <trkpt lat="45.550966" lon="-121.512775"><ele>757.7</ele><time>2026-08-18T17:05:21.000Z</time><extensions><TT:RideData eng="82.7" air="25.2" spd="22.5" rpm="3411"/></extensions></trkpt>
      <trkpt lat="45.550546" lon="-121.513071"><ele>752.8</ele><time>2026-08-18T17:05:29.000Z</time><extensions><TT:RideData eng="82.9" air="25.2" spd="24.6" rpm="3379"/></extensions></trkpt>
      <trkpt lat="45.550218" lon="-121.513456"><ele>748.0</ele><time>2026-08-18T17:05:37.000Z</time><extensions><TT:RideData eng="83.0" air="25.3" spd="26.7" rpm="3337"/></extensions></trkpt>
      <trkpt lat="45.549821" lon="-121.513933"><ele>743.9</ele><time>2026-08-18T17:05:45.000Z</time><extensions><TT:RideData eng="82.4" air="25.2" spd="25.0" rpm="3610"/></extensions></trkpt>
      <trkpt lat="45.549831" lon="-121.514416"><ele>739.7</ele><time>2026-08-18T17:05:53.000Z</time><extensions><TT:RideData eng="82.0" air="25.4" spd="12.3" rpm="3689"/></extensions></trkpt>
      <trkpt lat="45.549994" lon="-121.514805"><ele>735.9</ele><time>2026-08-18T17:06:01.000Z</time><extensions><TT:RideData eng="82.2" air="25.5" spd="20.2" rpm="3123"/></extensions></trkpt>
      <trkpt lat="45.550161" lon="-121.515303"><ele>732.2</ele><time>2026-08-18T17:06:09.000Z</time><extensions><TT:RideData eng="82.4" air="25.5" spd="23.4" rpm="4398"/></extensions></trkpt>
      <trkpt lat="45.550338" lon="-121.515840"><ele>728.5</ele><time>2026-08-18T17:06:17.000Z</time><extensions><TT:RideData eng="82.2" air="25.4" spd="17.7" rpm="3584"/></extensions></trkpt>
      <trkpt lat="45.550591" lon="-121.516091"><ele>724.7</ele><time>2026-08-18T17:06:25.000Z</time><extensions><TT:RideData eng="82.3" air="25.4" spd="14.5" rpm="3378"/></extensions></trkpt>
      <trkpt lat="45.550638" lon="-121.516453"><ele>720.6</ele><time>2026-08-18T17:06:33.000Z</time><extensions><TT:RideData eng="82.6" air="25.4" spd="21.4" rpm="3899"/></extensions></trkpt>
      <trkpt lat="45.550511" lon="-121.516868"><ele>716.6</ele><time>2026-08-18T17:06:41.000Z</time><extensions><TT:RideData eng="82.9" air="25.5" spd="21.2" rpm="4029"/></extensions></trkpt>
      <trkpt lat="45.550483" lon="-121.517290"><ele>713.0</ele><time>2026-08-18T17:06:49.000Z</time><extensions><TT:RideData eng="83.1" air="25.5" spd="19.5" rpm="2987"/></extensions></trkpt>
      <trkpt lat="45.550480" lon="-121.517596"><ele>711.7</ele><time>2026-08-18T17:06:57.000Z</time><extensions><TT:RideData eng="83.5" air="25.6" spd="0.0" rpm="2575"/></extensions></trkpt>
      <trkpt lat="45.550405" lon="-121.517510"><ele>711.3</ele><time>2026-08-18T17:07:05.000Z</time><extensions><TT:RideData eng="84.5" air="25.8" spd="0.0" rpm="1882"/></extensions></trkpt>
      <trkpt lat="45.550390" lon="-121.517503"><ele>709.9</ele><time>2026-08-18T17:07:13.000Z</time><extensions><TT:RideData eng="85.1" air="26.4" spd="0.0" rpm="1961"/></extensions></trkpt>
      <trkpt lat="45.550393" lon="-121.517503"><ele>709.8</ele><time>2026-08-18T17:07:21.000Z</time><extensions><TT:RideData eng="85.7" air="26.7" spd="0.0" rpm="1891"/></extensions></trkpt>
      <trkpt lat="45.550378" lon="-121.517488"><ele>709.8</ele><time>2026-08-18T17:07:29.000Z</time><extensions><TT:RideData eng="86.3" air="27.1" spd="0.0" rpm="2851"/></extensions></trkpt>
      <trkpt lat="45.550356" lon="-121.517461"><ele>709.7</ele><time>2026-08-18T17:07:37.000Z</time><extensions><TT:RideData eng="86.9" air="27.3" spd="0.0" rpm="1869"/></extensions></trkpt>
      <trkpt lat="45.550356" lon="-121.517463"><ele>709.7</ele><time>2026-08-18T17:07:45.000Z</time><extensions><TT:RideData eng="87.1" air="27.5" spd="0.0" rpm="2889"/></extensions></trkpt>
      <trkpt lat="45.550351" lon="-121.517465"><ele>709.7</ele><time>2026-08-18T17:07:53.000Z</time><extensions><TT:RideData eng="87.1" air="27.5" spd="11.0" rpm="2679"/></extensions></trkpt>
      <trkpt lat="45.550393" lon="-121.517631"><ele>709.5</ele><time>2026-08-18T17:08:01.000Z</time><extensions><TT:RideData eng="87.5" air="27.5" spd="9.1" rpm="1876"/></extensions></trkpt>
      <trkpt lat="45.550399" lon="-121.517685"><ele>709.4</ele><time>2026-08-18T17:08:09.000Z</time><extensions><TT:RideData eng="88.1" air="27.6" spd="0.0" rpm="1896"/></extensions></trkpt>
      <trkpt lat="45.550423" lon="-121.517781"><ele>709.3</ele><time>2026-08-18T17:08:17.000Z</time><extensions><TT:RideData eng="88.7" air="27.8" spd="18.4" rpm="5237"/></extensions></trkpt>
      <trkpt lat="45.550325" lon="-121.518261"><ele>709.1</ele><time>2026-08-18T17:08:25.000Z</time><extensions><TT:RideData eng="89.1" air="27.7" spd="14.1" rpm="2722"/></extensions></trkpt>
      <trkpt lat="45.550386" lon="-121.518646"><ele>708.3</ele><time>2026-08-18T17:08:33.000Z</time><extensions><TT:RideData eng="89.2" air="27.6" spd="11.1" rpm="2854"/></extensions></trkpt>
      <trkpt lat="45.550390" lon="-121.519008"><ele>706.2</ele><time>2026-08-18T17:08:41.000Z</time><extensions><TT:RideData eng="89.5" air="27.6" spd="17.3" rpm="3036"/></extensions></trkpt>
      <trkpt lat="45.550403" lon="-121.519463"><ele>703.5</ele><time>2026-08-18T17:08:49.000Z</time><extensions><TT:RideData eng="90.1" air="27.6" spd="15.9" rpm="5500"/></extensions></trkpt>
      <trkpt lat="45.550416" lon="-121.519908"><ele>701.4</ele><time>2026-08-18T17:08:57.000Z</time><extensions><TT:RideData eng="90.7" air="27.6" spd="13.4" rpm="3898"/></extensions></trkpt>
      <trkpt lat="45.550563" lon="-121.520175"><ele>699.6</ele><time>2026-08-18T17:09:05.000Z</time><extensions><TT:RideData eng="91.4" air="27.8" spd="10.8" rpm="2338"/></extensions></trkpt>
      <trkpt lat="45.550578" lon="-121.520278"><ele>698.1</ele><time>2026-08-18T17:09:13.000Z</time><extensions><TT:RideData eng="92.2" air="27.9" spd="0.0" rpm="1923"/></extensions></trkpt>
      <trkpt lat="45.550576" lon="-121.520281"><ele>697.7</ele><time>2026-08-18T17:09:21.000Z</time><extensions><TT:RideData eng="92.7" air="28.0" spd="0.0" rpm="1898"/></extensions></trkpt>
      <trkpt lat="45.550576" lon="-121.520281"><ele>697.7</ele><time>2026-08-18T17:10:33.000Z</time><extensions><TT:RideData eng="92.1" air="27.7" spd="0.0" rpm="1870"/></extensions></trkpt>
      <trkpt lat="45.550438" lon="-121.520330"><ele>697.7</ele><time>2026-08-18T17:10:41.000Z</time><extensions><TT:RideData eng="91.0" air="27.7" spd="23.6" rpm="4757"/></extensions></trkpt>
      <trkpt lat="45.549780" lon="-121.520416"><ele>697.8</ele><time>2026-08-18T17:10:49.000Z</time><extensions><TT:RideData eng="90.6" air="27.7" spd="32.6" rpm="4287"/></extensions></trkpt>
      <trkpt lat="45.549141" lon="-121.520395"><ele>697.5</ele><time>2026-08-18T17:10:57.000Z</time><extensions><TT:RideData eng="90.1" air="27.0" spd="29.5" rpm="3942"/></extensions></trkpt>
      <trkpt lat="45.548536" lon="-121.520463"><ele>696.6</ele><time>2026-08-18T17:11:05.000Z</time><extensions><TT:RideData eng="89.3" air="26.2" spd="34.1" rpm="4029"/></extensions></trkpt>
      <trkpt lat="45.548001" lon="-121.520615"><ele>694.9</ele><time>2026-08-18T17:11:13.000Z</time><extensions><TT:RideData eng="88.3" air="25.7" spd="20.6" rpm="3829"/></extensions></trkpt>
      <trkpt lat="45.547671" lon="-121.520698"><ele>693.1</ele><time>2026-08-18T17:11:21.000Z</time><extensions><TT:RideData eng="87.6" air="25.7" spd="13.9" rpm="1945"/></extensions></trkpt>
      <trkpt lat="45.547600" lon="-121.520751"><ele>691.2</ele><time>2026-08-18T17:11:29.000Z</time><extensions><TT:RideData eng="87.3" air="25.9" spd="0.0" rpm="1820"/></extensions></trkpt>
      <trkpt lat="45.547593" lon="-121.520771"><ele>690.0</ele><time>2026-08-18T17:11:37.000Z</time><extensions><TT:RideData eng="87.4" air="26.1" spd="0.0" rpm="1604"/></extensions></trkpt>
      <trkpt lat="45.547588" lon="-121.520781"><ele>690.0</ele><time>2026-08-18T17:11:45.000Z</time><extensions><TT:RideData eng="87.9" air="26.2" spd="13.0" rpm="1878"/></extensions></trkpt>
      <trkpt lat="45.547461" lon="-121.520813"><ele>689.9</ele><time>2026-08-18T17:11:53.000Z</time><extensions><TT:RideData eng="87.6" air="26.1" spd="10.5" rpm="1847"/></extensions></trkpt>
      <trkpt lat="45.547330" lon="-121.520953"><ele>689.6</ele><time>2026-08-18T17:12:01.000Z</time><extensions><TT:RideData eng="87.0" air="26.1" spd="18.1" rpm="2658"/></extensions></trkpt>
      <trkpt lat="45.547215" lon="-121.521265"><ele>689.3</ele><time>2026-08-18T17:12:09.000Z</time><extensions><TT:RideData eng="86.4" air="26.0" spd="16.5" rpm="2040"/></extensions></trkpt>
      <trkpt lat="45.546915" lon="-121.521408"><ele>688.7</ele><time>2026-08-18T17:12:17.000Z</time><extensions><TT:RideData eng="85.7" air="25.9" spd="15.6" rpm="0"/></extensions></trkpt>
      <trkpt lat="45.546693" lon="-121.521700"><ele>688.2</ele><time>2026-08-18T17:12:25.000Z</time><extensions><TT:RideData eng="85.0" air="26.0" spd="15.2" rpm="4207"/></extensions></trkpt>
      <trkpt lat="45.546659" lon="-121.521973"><ele>688.1</ele><time>2026-08-18T17:12:33.000Z</time><extensions><TT:RideData eng="84.5" air="25.9" spd="10.1" rpm="1962"/></extensions></trkpt>
      <trkpt lat="45.546438" lon="-121.522078"><ele>688.1</ele><time>2026-08-18T17:12:41.000Z</time><extensions><TT:RideData eng="84.5" air="25.9" spd="16.7" rpm="2220"/></extensions></trkpt>
      <trkpt lat="45.546091" lon="-121.522176"><ele>688.5</ele><time>2026-08-18T17:12:49.000Z</time><extensions><TT:RideData eng="84.7" air="26.1" spd="12.4" rpm="1933"/></extensions></trkpt>
      <trkpt lat="45.545873" lon="-121.522380"><ele>689.3</ele><time>2026-08-18T17:12:57.000Z</time><extensions><TT:RideData eng="84.7" air="26.4" spd="13.9" rpm="2114"/></extensions></trkpt>
      <trkpt lat="45.545620" lon="-121.522593"><ele>689.9</ele><time>2026-08-18T17:13:05.000Z</time><extensions><TT:RideData eng="85.0" air="26.4" spd="16.5" rpm="3049"/></extensions></trkpt>
      <trkpt lat="45.545428" lon="-121.522975"><ele>691.3</ele><time>2026-08-18T17:13:13.000Z</time><extensions><TT:RideData eng="84.8" air="26.4" spd="9.9" rpm="1997"/></extensions></trkpt>
      <trkpt lat="45.545346" lon="-121.523006"><ele>693.0</ele><time>2026-08-18T17:14:05.000Z</time><extensions><TT:RideData eng="87.6" air="27.5" spd="9.0" rpm="3275"/></extensions></trkpt>
      <trkpt lat="45.545085" lon="-121.523268"><ele>696.0</ele><time>2026-08-18T17:14:13.000Z</time><extensions><TT:RideData eng="85.0" air="27.1" spd="18.3" rpm="4000"/></extensions></trkpt>
      <trkpt lat="45.544398" lon="-121.523420"><ele>698.3</ele><time>2026-08-18T17:14:21.000Z</time><extensions><TT:RideData eng="84.5" air="26.9" spd="37.9" rpm="4638"/></extensions></trkpt>
      <trkpt lat="45.543536" lon="-121.523125"><ele>700.5</ele><time>2026-08-18T17:14:29.000Z</time><extensions><TT:RideData eng="83.5" air="26.8" spd="56.6" rpm="6863"/></extensions></trkpt>
      <trkpt lat="45.542513" lon="-121.522438"><ele>702.9</ele><time>2026-08-18T17:14:37.000Z</time><extensions><TT:RideData eng="82.7" air="26.5" spd="55.0" rpm="4422"/></extensions></trkpt>
      <trkpt lat="45.541798" lon="-121.521150"><ele>705.3</ele><time>2026-08-18T17:14:45.000Z</time><extensions><TT:RideData eng="81.1" air="26.4" spd="55.4" rpm="4335"/></extensions></trkpt>
      <trkpt lat="45.541195" lon="-121.519813"><ele>706.5</ele><time>2026-08-18T17:14:53.000Z</time><extensions><TT:RideData eng="79.6" air="26.3" spd="55.6" rpm="4403"/></extensions></trkpt>
      <trkpt lat="45.540051" lon="-121.519805"><ele>708.0</ele><time>2026-08-18T17:15:01.000Z</time><extensions><TT:RideData eng="78.4" air="26.1" spd="46.8" rpm="3774"/></extensions></trkpt>
      <trkpt lat="45.539246" lon="-121.519108"><ele>709.3</ele><time>2026-08-18T17:15:09.000Z</time><extensions><TT:RideData eng="77.2" air="25.9" spd="57.2" rpm="5307"/></extensions></trkpt>
      <trkpt lat="45.538105" lon="-121.519010"><ele>710.1</ele><time>2026-08-18T17:15:17.000Z</time><extensions><TT:RideData eng="76.3" air="25.6" spd="64.4" rpm="5110"/></extensions></trkpt>
      <trkpt lat="45.536904" lon="-121.518921"><ele>711.3</ele><time>2026-08-18T17:15:25.000Z</time><extensions><TT:RideData eng="76.0" air="25.8" spd="60.6" rpm="4878"/></extensions></trkpt>
      <trkpt lat="45.535596" lon="-121.519031"><ele>712.0</ele><time>2026-08-18T17:15:33.000Z</time><extensions><TT:RideData eng="75.4" air="25.5" spd="64.9" rpm="5341"/></extensions></trkpt>
      <trkpt lat="45.534338" lon="-121.519801"><ele>712.3</ele><time>2026-08-18T17:15:41.000Z</time><extensions><TT:RideData eng="74.8" air="25.4" spd="61.1" rpm="5008"/></extensions></trkpt>
      <trkpt lat="45.533278" lon="-121.520755"><ele>712.2</ele><time>2026-08-18T17:15:49.000Z</time><extensions><TT:RideData eng="74.3" air="25.2" spd="69.5" rpm="5515"/></extensions></trkpt>
      <trkpt lat="45.532018" lon="-121.521343"><ele>712.1</ele><time>2026-08-18T17:15:57.000Z</time><extensions><TT:RideData eng="73.8" air="25.2" spd="40.7" rpm="3045"/></extensions></trkpt>
      <trkpt lat="45.531553" lon="-121.521503"><ele>719.3</ele><time>2026-08-18T17:16:42.000Z</time><extensions><TT:RideData eng="71.9" air="26.7" spd="0.0" rpm="1850"/></extensions></trkpt>
      <trkpt lat="45.531503" lon="-121.521538"><ele>719.6</ele><time>2026-08-18T17:16:50.000Z</time><extensions><TT:RideData eng="75.1" air="26.8" spd="29.5" rpm="5337"/></extensions></trkpt>
      <trkpt lat="45.530855" lon="-121.521571"><ele>725.8</ele><time>2026-08-18T17:16:58.000Z</time><extensions><TT:RideData eng="76.4" air="26.6" spd="54.4" rpm="5025"/></extensions></trkpt>
      <trkpt lat="45.529998" lon="-121.520458"><ele>731.4</ele><time>2026-08-18T17:17:06.000Z</time><extensions><TT:RideData eng="76.7" air="26.3" spd="60.8" rpm="4736"/></extensions></trkpt>
      <trkpt lat="45.529010" lon="-121.519701"><ele>735.6</ele><time>2026-08-18T17:17:14.000Z</time><extensions><TT:RideData eng="75.8" air="26.1" spd="57.3" rpm="4564"/></extensions></trkpt>
      <trkpt lat="45.527688" lon="-121.520055"><ele>738.4</ele><time>2026-08-18T17:17:22.000Z</time><extensions><TT:RideData eng="74.8" air="25.5" spd="67.7" rpm="5472"/></extensions></trkpt>
      <trkpt lat="45.526413" lon="-121.520798"><ele>740.5</ele><time>2026-08-18T17:17:30.000Z</time><extensions><TT:RideData eng="74.0" air="25.0" spd="65.1" rpm="4983"/></extensions></trkpt>
      <trkpt lat="45.525326" lon="-121.521300"><ele>742.9</ele><time>2026-08-18T17:17:38.000Z</time><extensions><TT:RideData eng="73.5" air="25.0" spd="59.1" rpm="4721"/></extensions></trkpt>
      <trkpt lat="45.524238" lon="-121.521066"><ele>744.8</ele><time>2026-08-18T17:17:46.000Z</time><extensions><TT:RideData eng="73.5" air="24.9" spd="56.6" rpm="4586"/></extensions></trkpt>
      <trkpt lat="45.523075" lon="-121.520916"><ele>746.3</ele><time>2026-08-18T17:17:54.000Z</time><extensions><TT:RideData eng="73.3" air="25.2" spd="58.9" rpm="4682"/></extensions></trkpt>
      <trkpt lat="45.522048" lon="-121.520563"><ele>747.9</ele><time>2026-08-18T17:18:02.000Z</time><extensions><TT:RideData eng="73.0" air="25.1" spd="60.0" rpm="4877"/></extensions></trkpt>
      <trkpt lat="45.520973" lon="-121.519796"><ele>749.1</ele><time>2026-08-18T17:18:10.000Z</time><extensions><TT:RideData eng="72.6" air="24.8" spd="58.9" rpm="4617"/></extensions></trkpt>
      <trkpt lat="45.520141" lon="-121.518546"><ele>750.5</ele><time>2026-08-18T17:18:18.000Z</time><extensions><TT:RideData eng="72.3" air="24.7" spd="56.2" rpm="4525"/></extensions></trkpt>
      <trkpt lat="45.519043" lon="-121.518003"><ele>751.6</ele><time>2026-08-18T17:18:26.000Z</time><extensions><TT:RideData eng="72.2" air="24.6" spd="58.8" rpm="4659"/></extensions></trkpt>
      <trkpt lat="45.518153" lon="-121.517380"><ele>753.1</ele><time>2026-08-18T17:18:34.000Z</time><extensions><TT:RideData eng="72.0" air="24.6" spd="56.9" rpm="4610"/></extensions></trkpt>
      <trkpt lat="45.517581" lon="-121.516106"><ele>754.6</ele><time>2026-08-18T17:18:42.000Z</time><extensions><TT:RideData eng="71.7" air="24.5" spd="58.2" rpm="4737"/></extensions></trkpt>
      <trkpt lat="45.516243" lon="-121.516135"><ele>755.7</ele><time>2026-08-18T17:18:50.000Z</time><extensions><TT:RideData eng="71.5" air="24.5" spd="66.6" rpm="5321"/></extensions></trkpt>
      <trkpt lat="45.514915" lon="-121.516353"><ele>757.3</ele><time>2026-08-18T17:18:58.000Z</time><extensions><TT:RideData eng="71.6" air="24.5" spd="68.0" rpm="5382"/></extensions></trkpt>
      <trkpt lat="45.513568" lon="-121.516788"><ele>758.9</ele><time>2026-08-18T17:19:06.000Z</time><extensions><TT:RideData eng="71.4" air="24.5" spd="61.3" rpm="4935"/></extensions></trkpt>
      <trkpt lat="45.512275" lon="-121.517191"><ele>761.0</ele><time>2026-08-18T17:19:14.000Z</time><extensions><TT:RideData eng="70.7" air="24.0" spd="55.2" rpm="4365"/></extensions></trkpt>
      <trkpt lat="45.511468" lon="-121.516565"><ele>764.1</ele><time>2026-08-18T17:19:22.000Z</time><extensions><TT:RideData eng="70.2" air="24.1" spd="53.8" rpm="4370"/></extensions></trkpt>
      <trkpt lat="45.511370" lon="-121.514831"><ele>768.0</ele><time>2026-08-18T17:19:30.000Z</time><extensions><TT:RideData eng="70.1" air="24.5" spd="61.1" rpm="4856"/></extensions></trkpt>
      <trkpt lat="45.510773" lon="-121.513646"><ele>770.6</ele><time>2026-08-18T17:19:38.000Z</time><extensions><TT:RideData eng="69.8" air="24.5" spd="62.3" rpm="4925"/></extensions></trkpt>
      <trkpt lat="45.509608" lon="-121.513038"><ele>773.6</ele><time>2026-08-18T17:19:46.000Z</time><extensions><TT:RideData eng="69.6" air="24.5" spd="60.3" rpm="4783"/></extensions></trkpt>
      <trkpt lat="45.508538" lon="-121.512075"><ele>776.8</ele><time>2026-08-18T17:19:54.000Z</time><extensions><TT:RideData eng="69.2" air="24.5" spd="55.3" rpm="4259"/></extensions></trkpt>
      <trkpt lat="45.507918" lon="-121.511033"><ele>779.5</ele><time>2026-08-18T17:20:02.000Z</time><extensions><TT:RideData eng="68.5" air="24.3" spd="47.4" rpm="4322"/></extensions></trkpt>
      <trkpt lat="45.508480" lon="-121.510191"><ele>782.7</ele><time>2026-08-18T17:20:10.000Z</time><extensions><TT:RideData eng="68.4" air="24.1" spd="41.8" rpm="3558"/></extensions></trkpt>
      <trkpt lat="45.508713" lon="-121.509928"><ele>785.8</ele><time>2026-08-18T17:20:18.000Z</time><extensions><TT:RideData eng="68.4" air="24.0" spd="36.1" rpm="3857"/></extensions></trkpt>
      <trkpt lat="45.508060" lon="-121.509860"><ele>789.1</ele><time>2026-08-18T17:20:26.000Z</time><extensions><TT:RideData eng="68.7" air="23.7" spd="38.7" rpm="4290"/></extensions></trkpt>
      <trkpt lat="45.507343" lon="-121.509566"><ele>792.3</ele><time>2026-08-18T17:20:34.000Z</time><extensions><TT:RideData eng="68.9" air="23.8" spd="57.5" rpm="5236"/></extensions></trkpt>
      <trkpt lat="45.506503" lon="-121.508675"><ele>795.4</ele><time>2026-08-18T17:20:42.000Z</time><extensions><TT:RideData eng="69.1" air="23.9" spd="52.1" rpm="4731"/></extensions></trkpt>
      <trkpt lat="45.505488" lon="-121.508773"><ele>798.9</ele><time>2026-08-18T17:20:50.000Z</time><extensions><TT:RideData eng="69.1" air="23.9" spd="58.1" rpm="5378"/></extensions></trkpt>
      <trkpt lat="45.504503" lon="-121.510478"><ele>802.3</ele><time>2026-08-18T17:20:58.000Z</time><extensions><TT:RideData eng="69.4" air="23.8" spd="58.0" rpm="4606"/></extensions></trkpt>
      <trkpt lat="45.503608" lon="-121.511395"><ele>806.1</ele><time>2026-08-18T17:21:06.000Z</time><extensions><TT:RideData eng="69.3" air="23.6" spd="57.5" rpm="4607"/></extensions></trkpt>
      <trkpt lat="45.502588" lon="-121.511723"><ele>809.6</ele><time>2026-08-18T17:21:14.000Z</time><extensions><TT:RideData eng="69.0" air="23.4" spd="66.2" rpm="5346"/></extensions></trkpt>
      <trkpt lat="45.501355" lon="-121.512023"><ele>813.4</ele><time>2026-08-18T17:21:22.000Z</time><extensions><TT:RideData eng="69.0" air="23.5" spd="57.0" rpm="4608"/></extensions></trkpt>
      <trkpt lat="45.500303" lon="-121.511810"><ele>818.4</ele><time>2026-08-18T17:21:30.000Z</time><extensions><TT:RideData eng="69.1" air="23.6" spd="56.7" rpm="4498"/></extensions></trkpt>
      <trkpt lat="45.499180" lon="-121.511660"><ele>822.3</ele><time>2026-08-18T17:21:38.000Z</time><extensions><TT:RideData eng="69.2" air="23.2" spd="56.5" rpm="4617"/></extensions></trkpt>
      <trkpt lat="45.498003" lon="-121.511975"><ele>826.2</ele><time>2026-08-18T17:21:46.000Z</time><extensions><TT:RideData eng="69.0" air="22.8" spd="60.6" rpm="4918"/></extensions></trkpt>
      <trkpt lat="45.496841" lon="-121.512543"><ele>830.4</ele><time>2026-08-18T17:21:54.000Z</time><extensions><TT:RideData eng="69.0" air="22.9" spd="62.3" rpm="4958"/></extensions></trkpt>
      <trkpt lat="45.495721" lon="-121.512830"><ele>835.2</ele><time>2026-08-18T17:22:02.000Z</time><extensions><TT:RideData eng="69.1" air="23.0" spd="44.5" rpm="3324"/></extensions></trkpt>
      <trkpt lat="45.495213" lon="-121.512941"><ele>879.0</ele><time>2026-08-18T17:22:10.000Z</time><extensions><TT:RideData eng="69.1" air="23.3" spd="6.4" rpm="1863"/></extensions></trkpt>
      <trkpt lat="45.494286" lon="-121.512225"><ele>1047.0</ele><time>2026-08-18T17:22:18.000Z</time><extensions><TT:RideData eng="69.2" air="23.5" spd="13.2" rpm="4675"/></extensions></trkpt>
      <trkpt lat="45.493595" lon="-121.512410"><ele>1103.4</ele><time>2026-08-18T17:22:26.000Z</time><extensions><TT:RideData eng="70.1" air="23.6" spd="27.3" rpm="3657"/></extensions></trkpt>
      <trkpt lat="45.493061" lon="-121.512621"><ele>1121.7</ele><time>2026-08-18T17:22:34.000Z</time><extensions><TT:RideData eng="71.3" air="23.5" spd="23.3" rpm="3023"/></extensions></trkpt>
      <trkpt lat="45.492431" lon="-121.512760"><ele>1132.8</ele><time>2026-08-18T17:22:42.000Z</time><extensions><TT:RideData eng="71.0" air="23.4" spd="32.9" rpm="4332"/></extensions></trkpt>
      <trkpt lat="45.491656" lon="-121.513073"><ele>1143.3</ele><time>2026-08-18T17:22:50.000Z</time><extensions><TT:RideData eng="71.2" air="24.0" spd="55.9" rpm="6098"/></extensions></trkpt>
      <trkpt lat="45.490643" lon="-121.513653"><ele>1150.1</ele><time>2026-08-18T17:22:58.000Z</time><extensions><TT:RideData eng="71.4" air="23.6" spd="56.5" rpm="5238"/></extensions></trkpt>
      <trkpt lat="45.489541" lon="-121.514265"><ele>1157.4</ele><time>2026-08-18T17:23:06.000Z</time><extensions><TT:RideData eng="70.7" air="23.3" spd="55.0" rpm="5006"/></extensions></trkpt>
      <trkpt lat="45.488476" lon="-121.514975"><ele>1164.0</ele><time>2026-08-18T17:23:14.000Z</time><extensions><TT:RideData eng="70.2" air="23.0" spd="59.5" rpm="5001"/></extensions></trkpt>
      <trkpt lat="45.487438" lon="-121.515940"><ele>1170.9</ele><time>2026-08-18T17:23:22.000Z</time><extensions><TT:RideData eng="70.0" air="23.3" spd="56.5" rpm="4493"/></extensions></trkpt>
      <trkpt lat="45.486538" lon="-121.517115"><ele>1177.8</ele><time>2026-08-18T17:23:30.000Z</time><extensions><TT:RideData eng="69.5" air="23.3" spd="60.2" rpm="4732"/></extensions></trkpt>
      <trkpt lat="45.485806" lon="-121.518556"><ele>1186.8</ele><time>2026-08-18T17:23:38.000Z</time><extensions><TT:RideData eng="69.1" air="23.3" spd="60.1" rpm="4700"/></extensions></trkpt>
      <trkpt lat="45.485198" lon="-121.520058"><ele>1193.5</ele><time>2026-08-18T17:23:46.000Z</time><extensions><TT:RideData eng="68.8" air="23.3" spd="58.6" rpm="4713"/></extensions></trkpt>
      <trkpt lat="45.484475" lon="-121.521523"><ele>1201.0</ele><time>2026-08-18T17:23:54.000Z</time><extensions><TT:RideData eng="68.6" air="23.3" spd="58.7" rpm="4713"/></extensions></trkpt>
      <trkpt lat="45.483830" lon="-121.522970"><ele>1208.8</ele><time>2026-08-18T17:24:02.000Z</time><extensions><TT:RideData eng="68.4" air="23.3" spd="60.2" rpm="4830"/></extensions></trkpt>
      <trkpt lat="45.483083" lon="-121.524326"><ele>1214.6</ele><time>2026-08-18T17:24:10.000Z</time><extensions><TT:RideData eng="68.1" air="23.2" spd="57.2" rpm="4667"/></extensions></trkpt>
      <trkpt lat="45.482266" lon="-121.525483"><ele>1221.6</ele><time>2026-08-18T17:24:18.000Z</time><extensions><TT:RideData eng="68.0" air="23.1" spd="55.9" rpm="4575"/></extensions></trkpt>
      <trkpt lat="45.481781" lon="-121.526836"><ele>1227.7</ele><time>2026-08-18T17:24:26.000Z</time><extensions><TT:RideData eng="68.5" air="23.2" spd="54.6" rpm="4408"/></extensions></trkpt>
      <trkpt lat="45.481506" lon="-121.528133"><ele>1231.4</ele><time>2026-08-18T17:24:34.000Z</time><extensions><TT:RideData eng="69.3" air="23.2" spd="46.7" rpm="3832"/></extensions></trkpt>
      <trkpt lat="45.480786" lon="-121.527705"><ele>1236.7</ele><time>2026-08-18T17:24:42.000Z</time><extensions><TT:RideData eng="69.7" air="23.3" spd="51.8" rpm="4900"/></extensions></trkpt>
      <trkpt lat="45.480306" lon="-121.525948"><ele>1243.5</ele><time>2026-08-18T17:24:50.000Z</time><extensions><TT:RideData eng="70.0" air="23.7" spd="38.0" rpm="3182"/></extensions></trkpt>
      <trkpt lat="45.479638" lon="-121.525131"><ele>1249.5</ele><time>2026-08-18T17:24:58.000Z</time><extensions><TT:RideData eng="70.2" air="23.8" spd="47.9" rpm="4589"/></extensions></trkpt>
      <trkpt lat="45.479001" lon="-121.526088"><ele>1255.3</ele><time>2026-08-18T17:25:06.000Z</time><extensions><TT:RideData eng="70.4" air="23.5" spd="54.7" rpm="5039"/></extensions></trkpt>
      <trkpt lat="45.478060" lon="-121.527071"><ele>1260.1</ele><time>2026-08-18T17:25:14.000Z</time><extensions><TT:RideData eng="70.5" air="23.2" spd="60.3" rpm="4904"/></extensions></trkpt>
      <trkpt lat="45.477008" lon="-121.526886"><ele>1267.6</ele><time>2026-08-18T17:25:22.000Z</time><extensions><TT:RideData eng="70.3" air="23.0" spd="55.9" rpm="4609"/></extensions></trkpt>
      <trkpt lat="45.475905" lon="-121.526561"><ele>1274.5</ele><time>2026-08-18T17:25:30.000Z</time><extensions><TT:RideData eng="70.2" air="22.8" spd="54.8" rpm="4754"/></extensions></trkpt>
      <trkpt lat="45.474980" lon="-121.525433"><ele>1282.3</ele><time>2026-08-18T17:25:38.000Z</time><extensions><TT:RideData eng="69.8" air="23.3" spd="56.4" rpm="4444"/></extensions></trkpt>
      <trkpt lat="45.473906" lon="-121.524966"><ele>1290.7</ele><time>2026-08-18T17:25:46.000Z</time><extensions><TT:RideData eng="68.9" air="23.5" spd="59.4" rpm="4766"/></extensions></trkpt>
      <trkpt lat="45.472775" lon="-121.524206"><ele>1295.8</ele><time>2026-08-18T17:25:54.000Z</time><extensions><TT:RideData eng="67.9" air="23.6" spd="60.7" rpm="4444"/></extensions></trkpt>
      <trkpt lat="45.471806" lon="-121.523576"><ele>1300.1</ele><time>2026-08-18T17:26:02.000Z</time><extensions><TT:RideData eng="67.2" air="24.0" spd="54.7" rpm="4510"/></extensions></trkpt>
      <trkpt lat="45.470613" lon="-121.523531"><ele>1304.0</ele><time>2026-08-18T17:26:10.000Z</time><extensions><TT:RideData eng="66.6" air="23.5" spd="60.4" rpm="4713"/></extensions></trkpt>
      <trkpt lat="45.469375" lon="-121.523256"><ele>1307.0</ele><time>2026-08-18T17:26:18.000Z</time><extensions><TT:RideData eng="66.4" air="23.1" spd="49.9" rpm="3663"/></extensions></trkpt>
      <trkpt lat="45.468493" lon="-121.522658"><ele>1308.0</ele><time>2026-08-18T17:26:26.000Z</time><extensions><TT:RideData eng="66.5" air="23.2" spd="57.2" rpm="5526"/></extensions></trkpt>
      <trkpt lat="45.468143" lon="-121.521121"><ele>1305.8</ele><time>2026-08-18T17:26:34.000Z</time><extensions><TT:RideData eng="66.3" air="23.3" spd="50.1" rpm="3755"/></extensions></trkpt>
      <trkpt lat="45.467943" lon="-121.520148"><ele>1303.8</ele><time>2026-08-18T17:26:42.000Z</time><extensions><TT:RideData eng="66.0" air="23.8" spd="49.2" rpm="4564"/></extensions></trkpt>
      <trkpt lat="45.467143" lon="-121.521101"><ele>1301.6</ele><time>2026-08-18T17:26:50.000Z</time><extensions><TT:RideData eng="66.3" air="23.8" spd="57.8" rpm="5396"/></extensions></trkpt>
      <trkpt lat="45.466036" lon="-121.521898"><ele>1297.2</ele><time>2026-08-18T17:26:58.000Z</time><extensions><TT:RideData eng="66.5" air="23.6" spd="60.9" rpm="4473"/></extensions></trkpt>
      <trkpt lat="45.465011" lon="-121.522188"><ele>1292.5</ele><time>2026-08-18T17:27:06.000Z</time><extensions><TT:RideData eng="66.0" air="23.5" spd="56.7" rpm="5611"/></extensions></trkpt>
      <trkpt lat="45.464196" lon="-121.523136"><ele>1289.5</ele><time>2026-08-18T17:27:14.000Z</time><extensions><TT:RideData eng="66.0" air="23.5" spd="62.3" rpm="5646"/></extensions></trkpt>
      <trkpt lat="45.463136" lon="-121.523815"><ele>1288.9</ele><time>2026-08-18T17:27:22.000Z</time><extensions><TT:RideData eng="66.0" air="23.3" spd="53.8" rpm="4887"/></extensions></trkpt>
      <trkpt lat="45.462046" lon="-121.524543"><ele>1288.8</ele><time>2026-08-18T17:27:30.000Z</time><extensions><TT:RideData eng="66.7" air="23.7" spd="57.8" rpm="5376"/></extensions></trkpt>
      <trkpt lat="45.461098" lon="-121.525576"><ele>1290.6</ele><time>2026-08-18T17:27:38.000Z</time><extensions><TT:RideData eng="68.2" air="23.8" spd="56.9" rpm="5224"/></extensions></trkpt>
      <trkpt lat="45.460395" lon="-121.526828"><ele>1291.3</ele><time>2026-08-18T17:27:46.000Z</time><extensions><TT:RideData eng="69.2" air="23.8" spd="54.4" rpm="4858"/></extensions></trkpt>
      <trkpt lat="45.459793" lon="-121.528138"><ele>1292.2</ele><time>2026-08-18T17:27:54.000Z</time><extensions><TT:RideData eng="69.9" air="23.9" spd="65.3" rpm="5428"/></extensions></trkpt>
      <trkpt lat="45.458830" lon="-121.529361"><ele>1287.6</ele><time>2026-08-18T17:28:02.000Z</time><extensions><TT:RideData eng="70.0" air="23.9" spd="62.5" rpm="5042"/></extensions></trkpt>
      <trkpt lat="45.457718" lon="-121.530111"><ele>1287.6</ele><time>2026-08-18T17:28:10.000Z</time><extensions><TT:RideData eng="69.5" air="24.0" spd="54.8" rpm="4360"/></extensions></trkpt>
      <trkpt lat="45.456706" lon="-121.530811"><ele>1286.0</ele><time>2026-08-18T17:28:18.000Z</time><extensions><TT:RideData eng="69.3" air="24.2" spd="46.1" rpm="3763"/></extensions></trkpt>
      <trkpt lat="45.456076" lon="-121.531738"><ele>1276.6</ele><time>2026-08-18T17:28:26.000Z</time><extensions><TT:RideData eng="69.1" air="24.4" spd="53.2" rpm="4219"/></extensions></trkpt>
      <trkpt lat="45.455413" lon="-121.533035"><ele>1270.2</ele><time>2026-08-18T17:28:34.000Z</time><extensions><TT:RideData eng="68.7" air="24.3" spd="52.3" rpm="4112"/></extensions></trkpt>
      <trkpt lat="45.454613" lon="-121.533810"><ele>1265.7</ele><time>2026-08-18T17:28:42.000Z</time><extensions><TT:RideData eng="68.3" air="24.5" spd="50.2" rpm="4100"/></extensions></trkpt>
      <trkpt lat="45.453560" lon="-121.534170"><ele>1258.6</ele><time>2026-08-18T17:28:50.000Z</time><extensions><TT:RideData eng="68.5" air="24.9" spd="62.7" rpm="4972"/></extensions></trkpt>
      <trkpt lat="45.452406" lon="-121.534590"><ele>1251.9</ele><time>2026-08-18T17:28:58.000Z</time><extensions><TT:RideData eng="68.4" air="24.6" spd="54.8" rpm="4503"/></extensions></trkpt>
      <trkpt lat="45.451311" lon="-121.534476"><ele>1247.5</ele><time>2026-08-18T17:29:06.000Z</time><extensions><TT:RideData eng="68.2" air="24.3" spd="62.8" rpm="5192"/></extensions></trkpt>
      <trkpt lat="45.450085" lon="-121.534175"><ele>1244.7</ele><time>2026-08-18T17:29:14.000Z</time><extensions><TT:RideData eng="68.4" air="24.2" spd="59.3" rpm="4734"/></extensions></trkpt>
      <trkpt lat="45.448951" lon="-121.533605"><ele>1244.1</ele><time>2026-08-18T17:29:22.000Z</time><extensions><TT:RideData eng="68.5" air="24.3" spd="61.4" rpm="4885"/></extensions></trkpt>
      <trkpt lat="45.447783" lon="-121.533270"><ele>1247.4</ele><time>2026-08-18T17:29:30.000Z</time><extensions><TT:RideData eng="68.5" air="24.5" spd="51.3" rpm="4203"/></extensions></trkpt>
      <trkpt lat="45.446673" lon="-121.533443"><ele>1248.0</ele><time>2026-08-18T17:29:38.000Z</time><extensions><TT:RideData eng="68.6" air="24.1" spd="54.8" rpm="4506"/></extensions></trkpt>
      <trkpt lat="45.445596" lon="-121.533871"><ele>1248.8</ele><time>2026-08-18T17:29:46.000Z</time><extensions><TT:RideData eng="69.1" air="24.1" spd="51.8" rpm="4223"/></extensions></trkpt>
      <trkpt lat="45.444593" lon="-121.534433"><ele>1250.7</ele><time>2026-08-18T17:29:54.000Z</time><extensions><TT:RideData eng="69.3" air="24.0" spd="49.1" rpm="4170"/></extensions></trkpt>
      <trkpt lat="45.443676" lon="-121.533875"><ele>1254.3</ele><time>2026-08-18T17:30:02.000Z</time><extensions><TT:RideData eng="69.4" air="24.0" spd="56.4" rpm="4625"/></extensions></trkpt>
      <trkpt lat="45.442463" lon="-121.533591"><ele>1258.3</ele><time>2026-08-18T17:30:10.000Z</time><extensions><TT:RideData eng="69.5" air="23.9" spd="57.6" rpm="4287"/></extensions></trkpt>
      <trkpt lat="45.441275" lon="-121.533288"><ele>1260.9</ele><time>2026-08-18T17:30:18.000Z</time><extensions><TT:RideData eng="69.2" air="24.4" spd="59.5" rpm="4693"/></extensions></trkpt>
      <trkpt lat="45.440035" lon="-121.533073"><ele>1261.0</ele><time>2026-08-18T17:30:26.000Z</time><extensions><TT:RideData eng="68.5" air="24.6" spd="59.5" rpm="4379"/></extensions></trkpt>
      <trkpt lat="45.439016" lon="-121.533001"><ele>1267.3</ele><time>2026-08-18T17:30:34.000Z</time><extensions><TT:RideData eng="67.5" air="24.3" spd="55.3" rpm="4346"/></extensions></trkpt>
      <trkpt lat="45.437920" lon="-121.532836"><ele>1267.8</ele><time>2026-08-18T17:30:42.000Z</time><extensions><TT:RideData eng="66.5" air="24.1" spd="48.3" rpm="3812"/></extensions></trkpt>
      <trkpt lat="45.437150" lon="-121.532733"><ele>1268.8</ele><time>2026-08-18T17:30:50.000Z</time><extensions><TT:RideData eng="66.6" air="24.0" spd="45.5" rpm="4344"/></extensions></trkpt>
      <trkpt lat="45.436320" lon="-121.532026"><ele>1269.7</ele><time>2026-08-18T17:30:58.000Z</time><extensions><TT:RideData eng="67.4" air="23.9" spd="60.9" rpm="4354"/></extensions></trkpt>
      <trkpt lat="45.435205" lon="-121.531345"><ele>1271.0</ele><time>2026-08-18T17:31:06.000Z</time><extensions><TT:RideData eng="68.0" air="23.9" spd="51.1" rpm="3667"/></extensions></trkpt>
      <trkpt lat="45.434693" lon="-121.530771"><ele>1271.8</ele><time>2026-08-18T17:31:14.000Z</time><extensions><TT:RideData eng="67.7" air="24.1" spd="26.2" rpm="3458"/></extensions></trkpt>
      <trkpt lat="45.434321" lon="-121.530033"><ele>1271.2</ele><time>2026-08-18T17:31:22.000Z</time><extensions><TT:RideData eng="68.3" air="24.5" spd="46.9" rpm="5554"/></extensions></trkpt>
      <trkpt lat="45.433250" lon="-121.529743"><ele>1271.4</ele><time>2026-08-18T17:31:30.000Z</time><extensions><TT:RideData eng="69.3" air="24.7" spd="51.4" rpm="3761"/></extensions></trkpt>
      <trkpt lat="45.432270" lon="-121.529875"><ele>1270.0</ele><time>2026-08-18T17:31:38.000Z</time><extensions><TT:RideData eng="69.0" air="24.7" spd="31.4" rpm="2037"/></extensions></trkpt>
      <trkpt lat="45.431633" lon="-121.529890"><ele>1272.3</ele><time>2026-08-18T17:31:46.000Z</time><extensions><TT:RideData eng="68.8" air="24.7" spd="38.9" rpm="3686"/></extensions></trkpt>
      <trkpt lat="45.431016" lon="-121.529343"><ele>1273.2</ele><time>2026-08-18T17:31:54.000Z</time><extensions><TT:RideData eng="68.8" air="24.9" spd="48.1" rpm="5037"/></extensions></trkpt>
      <trkpt lat="45.430110" lon="-121.528393"><ele>1273.7</ele><time>2026-08-18T17:32:02.000Z</time><extensions><TT:RideData eng="68.9" air="25.1" spd="63.3" rpm="5148"/></extensions></trkpt>
      <trkpt lat="45.428933" lon="-121.527868"><ele>1281.7</ele><time>2026-08-18T17:32:10.000Z</time><extensions><TT:RideData eng="68.7" air="24.9" spd="50.7" rpm="4805"/></extensions></trkpt>
      <trkpt lat="45.427836" lon="-121.528056"><ele>1285.6</ele><time>2026-08-18T17:32:18.000Z</time><extensions><TT:RideData eng="68.3" air="24.6" spd="59.0" rpm="5451"/></extensions></trkpt>
      <trkpt lat="45.426715" lon="-121.527390"><ele>1292.3</ele><time>2026-08-18T17:32:26.000Z</time><extensions><TT:RideData eng="68.4" air="24.6" spd="66.4" rpm="5425"/></extensions></trkpt>
      <trkpt lat="45.425746" lon="-121.525961"><ele>1300.8</ele><time>2026-08-18T17:32:34.000Z</time><extensions><TT:RideData eng="68.6" air="24.6" spd="67.9" rpm="5496"/></extensions></trkpt>
      <trkpt lat="45.425433" lon="-121.524020"><ele>1309.5</ele><time>2026-08-18T17:32:42.000Z</time><extensions><TT:RideData eng="68.6" air="24.4" spd="60.1" rpm="4465"/></extensions></trkpt>
      <trkpt lat="45.424823" lon="-121.522648"><ele>1317.1</ele><time>2026-08-18T17:32:50.000Z</time><extensions><TT:RideData eng="68.4" air="24.3" spd="51.3" rpm="4098"/></extensions></trkpt>
      <trkpt lat="45.423711" lon="-121.522381"><ele>1321.8</ele><time>2026-08-18T17:32:58.000Z</time><extensions><TT:RideData eng="68.0" air="24.1" spd="65.7" rpm="4999"/></extensions></trkpt>
      <trkpt lat="45.422475" lon="-121.522408"><ele>1324.2</ele><time>2026-08-18T17:33:06.000Z</time><extensions><TT:RideData eng="67.2" air="24.1" spd="55.9" rpm="4375"/></extensions></trkpt>
      <trkpt lat="45.421730" lon="-121.521873"><ele>1325.9</ele><time>2026-08-18T17:33:14.000Z</time><extensions><TT:RideData eng="66.9" air="24.2" spd="17.6" rpm="1971"/></extensions></trkpt>
      <trkpt lat="45.421561" lon="-121.521696"><ele>1326.6</ele><time>2026-08-18T17:33:22.000Z</time><extensions><TT:RideData eng="67.9" air="24.6" spd="14.5" rpm="2094"/></extensions></trkpt>
      <trkpt lat="45.421626" lon="-121.521398"><ele>1327.0</ele><time>2026-08-18T17:33:30.000Z</time><extensions><TT:RideData eng="69.2" air="24.6" spd="9.1" rpm="1823"/></extensions></trkpt>
      <trkpt lat="45.421708" lon="-121.521310"><ele>1326.9</ele><time>2026-08-18T17:36:40.000Z</time><extensions><TT:RideData eng="67.5" air="24.1" spd="29.9" rpm="4591"/></extensions></trkpt>
      <trkpt lat="45.422223" lon="-121.520175"><ele>1326.7</ele><time>2026-08-18T17:36:48.000Z</time><extensions><TT:RideData eng="65.3" air="23.7" spd="59.6" rpm="4976"/></extensions></trkpt>
      <trkpt lat="45.422758" lon="-121.518473"><ele>1326.5</ele><time>2026-08-18T17:36:56.000Z</time><extensions><TT:RideData eng="65.9" air="23.8" spd="64.3" rpm="5378"/></extensions></trkpt>
      <trkpt lat="45.423251" lon="-121.516826"><ele>1325.7</ele><time>2026-08-18T17:37:04.000Z</time><extensions><TT:RideData eng="66.5" air="23.6" spd="58.5" rpm="4833"/></extensions></trkpt>
      <trkpt lat="45.423420" lon="-121.515165"><ele>1324.5</ele><time>2026-08-18T17:37:12.000Z</time><extensions><TT:RideData eng="66.9" air="23.5" spd="66.1" rpm="5571"/></extensions></trkpt>
      <trkpt lat="45.423383" lon="-121.513270"><ele>1322.7</ele><time>2026-08-18T17:37:20.000Z</time><extensions><TT:RideData eng="67.4" air="23.4" spd="65.0" rpm="5357"/></extensions></trkpt>
      <trkpt lat="45.423420" lon="-121.511441"><ele>1320.3</ele><time>2026-08-18T17:37:28.000Z</time><extensions><TT:RideData eng="67.8" air="23.4" spd="49.9" rpm="4311"/></extensions></trkpt>
      <trkpt lat="45.423936" lon="-121.509900"><ele>1317.1</ele><time>2026-08-18T17:37:36.000Z</time><extensions><TT:RideData eng="67.9" air="23.3" spd="63.9" rpm="4700"/></extensions></trkpt>
      <trkpt lat="45.424326" lon="-121.508365"><ele>1313.0</ele><time>2026-08-18T17:37:44.000Z</time><extensions><TT:RideData eng="67.5" air="23.4" spd="58.5" rpm="4731"/></extensions></trkpt>
      <trkpt lat="45.424250" lon="-121.506770"><ele>1312.0</ele><time>2026-08-18T17:37:52.000Z</time><extensions><TT:RideData eng="67.0" air="23.5" spd="64.3" rpm="5089"/></extensions></trkpt>
      <trkpt lat="45.423746" lon="-121.505088"><ele>1307.8</ele><time>2026-08-18T17:38:00.000Z</time><extensions><TT:RideData eng="66.6" air="23.9" spd="62.8" rpm="4816"/></extensions></trkpt>
      <trkpt lat="45.422825" lon="-121.503780"><ele>1303.0</ele><time>2026-08-18T17:38:08.000Z</time><extensions><TT:RideData eng="66.3" air="23.9" spd="58.2" rpm="4382"/></extensions></trkpt>
      <trkpt lat="45.422066" lon="-121.502856"><ele>1297.5</ele><time>2026-08-18T17:38:16.000Z</time><extensions><TT:RideData eng="66.1" air="23.8" spd="37.2" rpm="3280"/></extensions></trkpt>
      <trkpt lat="45.422138" lon="-121.501695"><ele>1292.8</ele><time>2026-08-18T17:38:24.000Z</time><extensions><TT:RideData eng="66.2" air="23.8" spd="63.2" rpm="5206"/></extensions></trkpt>
      <trkpt lat="45.422745" lon="-121.499840"><ele>1289.1</ele><time>2026-08-18T17:38:32.000Z</time><extensions><TT:RideData eng="66.8" air="23.9" spd="62.9" rpm="4984"/></extensions></trkpt>
      <trkpt lat="45.423385" lon="-121.498315"><ele>1286.2</ele><time>2026-08-18T17:38:40.000Z</time><extensions><TT:RideData eng="66.8" air="23.9" spd="45.5" rpm="3412"/></extensions></trkpt>
      <trkpt lat="45.424013" lon="-121.497233"><ele>1282.1</ele><time>2026-08-18T17:38:48.000Z</time><extensions><TT:RideData eng="66.8" air="24.0" spd="47.8" rpm="3813"/></extensions></trkpt>
      <trkpt lat="45.424395" lon="-121.495788"><ele>1277.4</ele><time>2026-08-18T17:38:56.000Z</time><extensions><TT:RideData eng="66.6" air="24.1" spd="41.3" rpm="3333"/></extensions></trkpt>
      <trkpt lat="45.424928" lon="-121.495050"><ele>1272.8</ele><time>2026-08-18T17:39:04.000Z</time><extensions><TT:RideData eng="66.1" air="24.4" spd="45.5" rpm="3842"/></extensions></trkpt>
      <trkpt lat="45.425791" lon="-121.494326"><ele>1267.4</ele><time>2026-08-18T17:39:12.000Z</time><extensions><TT:RideData eng="65.6" air="24.0" spd="56.4" rpm="4085"/></extensions></trkpt>
      <trkpt lat="45.426383" lon="-121.493033"><ele>1262.4</ele><time>2026-08-18T17:39:20.000Z</time><extensions><TT:RideData eng="65.1" air="24.1" spd="59.2" rpm="4929"/></extensions></trkpt>
      <trkpt lat="45.426605" lon="-121.491166"><ele>1255.2</ele><time>2026-08-18T17:39:28.000Z</time><extensions><TT:RideData eng="64.4" air="23.9" spd="70.4" rpm="5689"/></extensions></trkpt>
      <trkpt lat="45.426643" lon="-121.489123"><ele>1247.7</ele><time>2026-08-18T17:39:36.000Z</time><extensions><TT:RideData eng="63.5" air="23.9" spd="56.5" rpm="4587"/></extensions></trkpt>
      <trkpt lat="45.427038" lon="-121.487300"><ele>1239.0</ele><time>2026-08-18T17:39:44.000Z</time><extensions><TT:RideData eng="62.9" air="24.1" spd="72.4" rpm="5621"/></extensions></trkpt>
      <trkpt lat="45.427601" lon="-121.485511"><ele>1229.8</ele><time>2026-08-18T17:39:52.000Z</time><extensions><TT:RideData eng="62.8" air="24.0" spd="59.4" rpm="4658"/></extensions></trkpt>
      <trkpt lat="45.428515" lon="-121.484403"><ele>1221.0</ele><time>2026-08-18T17:40:00.000Z</time><extensions><TT:RideData eng="63.0" air="24.2" spd="69.1" rpm="5383"/></extensions></trkpt>
      <trkpt lat="45.429791" lon="-121.483900"><ele>1210.4</ele><time>2026-08-18T17:40:08.000Z</time><extensions><TT:RideData eng="63.2" air="24.5" spd="55.5" rpm="4419"/></extensions></trkpt>
      <trkpt lat="45.431086" lon="-121.484143"><ele>1200.0</ele><time>2026-08-18T17:40:16.000Z</time><extensions><TT:RideData eng="63.0" air="24.6" spd="58.1" rpm="4342"/></extensions></trkpt>
      <trkpt lat="45.432268" lon="-121.484105"><ele>1191.9</ele><time>2026-08-18T17:40:24.000Z</time><extensions><TT:RideData eng="63.1" air="24.6" spd="66.9" rpm="5366"/></extensions></trkpt>
      <trkpt lat="45.433536" lon="-121.483555"><ele>1184.5</ele><time>2026-08-18T17:40:32.000Z</time><extensions><TT:RideData eng="63.4" air="24.8" spd="66.4" rpm="5251"/></extensions></trkpt>
      <trkpt lat="45.434758" lon="-121.482640"><ele>1177.1</ele><time>2026-08-18T17:40:40.000Z</time><extensions><TT:RideData eng="63.6" air="24.6" spd="58.4" rpm="4548"/></extensions></trkpt>
      <trkpt lat="45.435641" lon="-121.481288"><ele>1170.0</ele><time>2026-08-18T17:40:48.000Z</time><extensions><TT:RideData eng="63.7" air="24.5" spd="66.8" rpm="4788"/></extensions></trkpt>
      <trkpt lat="45.436363" lon="-121.479700"><ele>1161.8</ele><time>2026-08-18T17:40:56.000Z</time><extensions><TT:RideData eng="63.4" air="24.3" spd="66.4" rpm="5057"/></extensions></trkpt>
      <trkpt lat="45.437196" lon="-121.478101"><ele>1154.4</ele><time>2026-08-18T17:41:04.000Z</time><extensions><TT:RideData eng="63.2" air="24.4" spd="69.8" rpm="5194"/></extensions></trkpt>
      <trkpt lat="45.438106" lon="-121.476701"><ele>1148.2</ele><time>2026-08-18T17:41:12.000Z</time><extensions><TT:RideData eng="63.3" air="24.5" spd="66.6" rpm="5254"/></extensions></trkpt>
      <trkpt lat="45.439125" lon="-121.475566"><ele>1140.9</ele><time>2026-08-18T17:41:20.000Z</time><extensions><TT:RideData eng="63.6" air="24.5" spd="66.3" rpm="5278"/></extensions></trkpt>
      <trkpt lat="45.439921" lon="-121.474073"><ele>1134.0</ele><time>2026-08-18T17:41:28.000Z</time><extensions><TT:RideData eng="63.8" air="24.7" spd="65.6" rpm="5281"/></extensions></trkpt>
      <trkpt lat="45.440365" lon="-121.472251"><ele>1126.8</ele><time>2026-08-18T17:41:36.000Z</time><extensions><TT:RideData eng="64.0" air="24.9" spd="66.1" rpm="5210"/></extensions></trkpt>
      <trkpt lat="45.440933" lon="-121.470426"><ele>1120.1</ele><time>2026-08-18T17:41:44.000Z</time><extensions><TT:RideData eng="64.3" air="25.1" spd="71.4" rpm="5708"/></extensions></trkpt>
      <trkpt lat="45.441590" lon="-121.468528"><ele>1113.9</ele><time>2026-08-18T17:41:52.000Z</time><extensions><TT:RideData eng="64.7" air="25.5" spd="73.0" rpm="5672"/></extensions></trkpt>
      <trkpt lat="45.442243" lon="-121.466665"><ele>1108.2</ele><time>2026-08-18T17:42:00.000Z</time><extensions><TT:RideData eng="64.7" air="25.2" spd="66.9" rpm="5270"/></extensions></trkpt>
      <trkpt lat="45.442755" lon="-121.465178"><ele>1101.2</ele><time>2026-08-18T17:42:08.000Z</time><extensions><TT:RideData eng="64.5" air="25.0" spd="31.9" rpm="2177"/></extensions></trkpt>
      <trkpt lat="45.442868" lon="-121.464465"><ele>1095.9</ele><time>2026-08-18T17:42:16.000Z</time><extensions><TT:RideData eng="64.6" air="25.0" spd="47.1" rpm="5963"/></extensions></trkpt>
      <trkpt lat="45.443406" lon="-121.462840"><ele>1090.1</ele><time>2026-08-18T17:42:24.000Z</time><extensions><TT:RideData eng="65.7" air="25.3" spd="72.3" rpm="5526"/></extensions></trkpt>
      <trkpt lat="45.444033" lon="-121.460976"><ele>1083.9</ele><time>2026-08-18T17:42:32.000Z</time><extensions><TT:RideData eng="65.7" air="25.3" spd="73.5" rpm="5861"/></extensions></trkpt>
      <trkpt lat="45.444681" lon="-121.458926"><ele>1077.3</ele><time>2026-08-18T17:42:40.000Z</time><extensions><TT:RideData eng="65.5" air="25.2" spd="80.1" rpm="6205"/></extensions></trkpt>
      <trkpt lat="45.445366" lon="-121.456886"><ele>1070.4</ele><time>2026-08-18T17:42:48.000Z</time><extensions><TT:RideData eng="65.4" air="25.2" spd="74.1" rpm="5824"/></extensions></trkpt>
      <trkpt lat="45.445976" lon="-121.454958"><ele>1063.5</ele><time>2026-08-18T17:42:56.000Z</time><extensions><TT:RideData eng="65.4" air="25.6" spd="72.8" rpm="5742"/></extensions></trkpt>
      <trkpt lat="45.446648" lon="-121.453050"><ele>1056.9</ele><time>2026-08-18T17:43:04.000Z</time><extensions><TT:RideData eng="65.4" air="25.5" spd="71.8" rpm="5685"/></extensions></trkpt>
      <trkpt lat="45.447363" lon="-121.451236"><ele>1048.9</ele><time>2026-08-18T17:43:12.000Z</time><extensions><TT:RideData eng="65.1" air="25.3" spd="73.8" rpm="5749"/></extensions></trkpt>
      <trkpt lat="45.448005" lon="-121.449340"><ele>1041.8</ele><time>2026-08-18T17:43:20.000Z</time><extensions><TT:RideData eng="65.1" air="25.7" spd="74.2" rpm="5783"/></extensions></trkpt>
      <trkpt lat="45.448673" lon="-121.447493"><ele>1034.1</ele><time>2026-08-18T17:43:28.000Z</time><extensions><TT:RideData eng="64.9" air="25.7" spd="70.2" rpm="5592"/></extensions></trkpt>
      <trkpt lat="45.449446" lon="-121.445805"><ele>1026.2</ele><time>2026-08-18T17:43:36.000Z</time><extensions><TT:RideData eng="65.0" air="25.8" spd="72.6" rpm="5694"/></extensions></trkpt>
      <trkpt lat="45.450276" lon="-121.444126"><ele>1019.0</ele><time>2026-08-18T17:43:44.000Z</time><extensions><TT:RideData eng="65.4" air="26.0" spd="68.5" rpm="5458"/></extensions></trkpt>
      <trkpt lat="45.451228" lon="-121.442676"><ele>1012.1</ele><time>2026-08-18T17:43:52.000Z</time><extensions><TT:RideData eng="65.5" air="26.0" spd="65.3" rpm="5120"/></extensions></trkpt>
      <trkpt lat="45.452125" lon="-121.441753"><ele>1004.5</ele><time>2026-08-18T17:44:00.000Z</time><extensions><TT:RideData eng="65.4" air="26.1" spd="48.5" rpm="3572"/></extensions></trkpt>
      <trkpt lat="45.452665" lon="-121.441463"><ele>995.7</ele><time>2026-08-18T17:44:08.000Z</time><extensions><TT:RideData eng="65.8" air="25.9" spd="4.9" rpm="2110"/></extensions></trkpt>
      <trkpt lat="45.452425" lon="-121.441641"><ele>987.5</ele><time>2026-08-18T17:44:16.000Z</time><extensions><TT:RideData eng="67.4" air="26.1" spd="36.4" rpm="5046"/></extensions></trkpt>
      <trkpt lat="45.451665" lon="-121.442195"><ele>980.6</ele><time>2026-08-18T17:44:24.000Z</time><extensions><TT:RideData eng="69.6" air="25.9" spd="15.4" rpm="1989"/></extensions></trkpt>
      <trkpt lat="45.451396" lon="-121.442058"><ele>976.5</ele><time>2026-08-18T17:44:32.000Z</time><extensions><TT:RideData eng="71.0" air="26.0" spd="47.4" rpm="5407"/></extensions></trkpt>
      <trkpt lat="45.451988" lon="-121.440988"><ele>972.2</ele><time>2026-08-18T17:44:40.000Z</time><extensions><TT:RideData eng="71.4" air="25.9" spd="42.0" rpm="3556"/></extensions></trkpt>
      <trkpt lat="45.452510" lon="-121.440118"><ele>966.6</ele><time>2026-08-18T17:44:48.000Z</time><extensions><TT:RideData eng="70.8" air="25.9" spd="20.2" rpm="2275"/></extensions></trkpt>
      <trkpt lat="45.452556" lon="-121.439645"><ele>963.7</ele><time>2026-08-18T17:44:56.000Z</time><extensions><TT:RideData eng="70.6" air="26.0" spd="10.7" rpm="2648"/></extensions></trkpt>
      <trkpt lat="45.452838" lon="-121.439735"><ele>962.7</ele><time>2026-08-18T17:45:04.000Z</time><extensions><TT:RideData eng="71.0" air="25.9" spd="20.5" rpm="3227"/></extensions></trkpt>
      <trkpt lat="45.453151" lon="-121.439448"><ele>960.6</ele><time>2026-08-18T17:45:12.000Z</time><extensions><TT:RideData eng="71.3" air="26.1" spd="30.6" rpm="3659"/></extensions></trkpt>
      <trkpt lat="45.453655" lon="-121.438910"><ele>957.6</ele><time>2026-08-18T17:45:20.000Z</time><extensions><TT:RideData eng="71.5" air="26.0" spd="35.4" rpm="3680"/></extensions></trkpt>
      <trkpt lat="45.454321" lon="-121.438680"><ele>954.4</ele><time>2026-08-18T17:45:28.000Z</time><extensions><TT:RideData eng="71.3" air="25.8" spd="29.3" rpm="3759"/></extensions></trkpt>
      <trkpt lat="45.454893" lon="-121.438655"><ele>950.8</ele><time>2026-08-18T17:45:36.000Z</time><extensions><TT:RideData eng="71.2" air="25.7" spd="36.5" rpm="4761"/></extensions></trkpt>
      <trkpt lat="45.455585" lon="-121.438565"><ele>949.4</ele><time>2026-08-18T17:45:44.000Z</time><extensions><TT:RideData eng="71.4" air="25.6" spd="31.4" rpm="4047"/></extensions></trkpt>
      <trkpt lat="45.456221" lon="-121.438218"><ele>952.5</ele><time>2026-08-18T17:45:52.000Z</time><extensions><TT:RideData eng="71.5" air="25.4" spd="54.2" rpm="6474"/></extensions></trkpt>
      <trkpt lat="45.456918" lon="-121.436865"><ele>956.5</ele><time>2026-08-18T17:46:00.000Z</time><extensions><TT:RideData eng="71.6" air="25.4" spd="55.7" rpm="5103"/></extensions></trkpt>
      <trkpt lat="45.457641" lon="-121.435523"><ele>960.8</ele><time>2026-08-18T17:46:08.000Z</time><extensions><TT:RideData eng="71.1" air="25.4" spd="55.7" rpm="5076"/></extensions></trkpt>
      <trkpt lat="45.458151" lon="-121.434208"><ele>961.4</ele><time>2026-08-18T17:46:16.000Z</time><extensions><TT:RideData eng="70.5" air="25.3" spd="47.1" rpm="4508"/></extensions></trkpt>
      <trkpt lat="45.458700" lon="-121.432861"><ele>963.3</ele><time>2026-08-18T17:46:24.000Z</time><extensions><TT:RideData eng="70.2" air="25.4" spd="47.1" rpm="4280"/></extensions></trkpt>
      <trkpt lat="45.459131" lon="-121.431636"><ele>965.8</ele><time>2026-08-18T17:46:32.000Z</time><extensions><TT:RideData eng="69.8" air="25.3" spd="41.9" rpm="3470"/></extensions></trkpt>
      <trkpt lat="45.458370" lon="-121.431225"><ele>966.5</ele><time>2026-08-18T17:46:40.000Z</time><extensions><TT:RideData eng="69.6" air="25.4" spd="51.3" rpm="4744"/></extensions></trkpt>
      <trkpt lat="45.457275" lon="-121.432100"><ele>964.2</ele><time>2026-08-18T17:46:48.000Z</time><extensions><TT:RideData eng="69.1" air="25.0" spd="57.8" rpm="4532"/></extensions></trkpt>
      <trkpt lat="45.456508" lon="-121.433390"><ele>961.9</ele><time>2026-08-18T17:46:56.000Z</time><extensions><TT:RideData eng="68.3" air="25.0" spd="51.0" rpm="3749"/></extensions></trkpt>
      <trkpt lat="45.455695" lon="-121.433855"><ele>960.1</ele><time>2026-08-18T17:47:04.000Z</time><extensions><TT:RideData eng="67.6" air="24.9" spd="40.6" rpm="3585"/></extensions></trkpt>
      <trkpt lat="45.455448" lon="-121.432688"><ele>958.9</ele><time>2026-08-18T17:47:12.000Z</time><extensions><TT:RideData eng="67.0" air="25.2" spd="52.8" rpm="4846"/></extensions></trkpt>
      <trkpt lat="45.455758" lon="-121.430956"><ele>958.0</ele><time>2026-08-18T17:47:20.000Z</time><extensions><TT:RideData eng="67.0" air="25.6" spd="58.8" rpm="5281"/></extensions></trkpt>
      <trkpt lat="45.456008" lon="-121.429115"><ele>959.7</ele><time>2026-08-18T17:47:28.000Z</time><extensions><TT:RideData eng="67.4" air="25.5" spd="62.3" rpm="5588"/></extensions></trkpt>
      <trkpt lat="45.456011" lon="-121.427230"><ele>958.9</ele><time>2026-08-18T17:47:36.000Z</time><extensions><TT:RideData eng="67.6" air="25.4" spd="63.3" rpm="5655"/></extensions></trkpt>
      <trkpt lat="45.455730" lon="-121.425450"><ele>957.4</ele><time>2026-08-18T17:47:44.000Z</time><extensions><TT:RideData eng="67.2" air="25.2" spd="62.1" rpm="5639"/></extensions></trkpt>
      <trkpt lat="45.455563" lon="-121.423665"><ele>956.0</ele><time>2026-08-18T17:47:52.000Z</time><extensions><TT:RideData eng="67.0" air="25.1" spd="57.5" rpm="4841"/></extensions></trkpt>
      <trkpt lat="45.455426" lon="-121.421945"><ele>954.1</ele><time>2026-08-18T17:48:00.000Z</time><extensions><TT:RideData eng="66.7" air="25.1" spd="49.0" rpm="4395"/></extensions></trkpt>
      <trkpt lat="45.455588" lon="-121.420378"><ele>952.0</ele><time>2026-08-18T17:48:08.000Z</time><extensions><TT:RideData eng="66.4" air="24.9" spd="48.9" rpm="4058"/></extensions></trkpt>
      <trkpt lat="45.455836" lon="-121.418873"><ele>948.5</ele><time>2026-08-18T17:48:16.000Z</time><extensions><TT:RideData eng="66.1" air="24.9" spd="58.5" rpm="5235"/></extensions></trkpt>
      <trkpt lat="45.455936" lon="-121.417193"><ele>944.3</ele><time>2026-08-18T17:48:24.000Z</time><extensions><TT:RideData eng="66.1" air="25.4" spd="56.4" rpm="5088"/></extensions></trkpt>
      <trkpt lat="45.456361" lon="-121.415605"><ele>938.2</ele><time>2026-08-18T17:48:32.000Z</time><extensions><TT:RideData eng="66.5" air="25.8" spd="63.1" rpm="5560"/></extensions></trkpt>
      <trkpt lat="45.457088" lon="-121.413946"><ele>932.3</ele><time>2026-08-18T17:48:40.000Z</time><extensions><TT:RideData eng="66.8" air="25.9" spd="62.6" rpm="5730"/></extensions></trkpt>
      <trkpt lat="45.457720" lon="-121.412241"><ele>926.9</ele><time>2026-08-18T17:48:48.000Z</time><extensions><TT:RideData eng="67.0" air="26.6" spd="59.9" rpm="5435"/></extensions></trkpt>
      <trkpt lat="45.458356" lon="-121.410716"><ele>921.2</ele><time>2026-08-18T17:48:56.000Z</time><extensions><TT:RideData eng="67.1" air="26.4" spd="54.6" rpm="5046"/></extensions></trkpt>
      <trkpt lat="45.459003" lon="-121.409305"><ele>915.3</ele><time>2026-08-18T17:49:04.000Z</time><extensions><TT:RideData eng="67.1" air="26.4" spd="64.4" rpm="5912"/></extensions></trkpt>
      <trkpt lat="45.459416" lon="-121.407548"><ele>909.7</ele><time>2026-08-18T17:49:12.000Z</time><extensions><TT:RideData eng="67.2" air="26.1" spd="66.8" rpm="6133"/></extensions></trkpt>
      <trkpt lat="45.459710" lon="-121.405660"><ele>901.6</ele><time>2026-08-18T17:49:20.000Z</time><extensions><TT:RideData eng="67.4" air="26.7" spd="66.7" rpm="5206"/></extensions></trkpt>
      <trkpt lat="45.460193" lon="-121.403991"><ele>892.5</ele><time>2026-08-18T17:49:28.000Z</time><extensions><TT:RideData eng="67.7" air="26.9" spd="64.4" rpm="5141"/></extensions></trkpt>
      <trkpt lat="45.460875" lon="-121.402443"><ele>885.0</ele><time>2026-08-18T17:49:36.000Z</time><extensions><TT:RideData eng="67.6" air="26.4" spd="69.8" rpm="5822"/></extensions></trkpt>
      <trkpt lat="45.461405" lon="-121.400530"><ele>876.4</ele><time>2026-08-18T17:49:44.000Z</time><extensions><TT:RideData eng="67.6" air="25.9" spd="63.0" rpm="5019"/></extensions></trkpt>
      <trkpt lat="45.461741" lon="-121.398771"><ele>866.2</ele><time>2026-08-18T17:49:52.000Z</time><extensions><TT:RideData eng="67.3" air="26.1" spd="57.7" rpm="4210"/></extensions></trkpt>
      <trkpt lat="45.461926" lon="-121.397321"><ele>856.5</ele><time>2026-08-18T17:50:00.000Z</time><extensions><TT:RideData eng="67.5" air="26.4" spd="52.0" rpm="4141"/></extensions></trkpt>
      <trkpt lat="45.461946" lon="-121.395891"><ele>846.3</ele><time>2026-08-18T17:50:08.000Z</time><extensions><TT:RideData eng="68.0" air="26.4" spd="50.0" rpm="3801"/></extensions></trkpt>
      <trkpt lat="45.461733" lon="-121.394550"><ele>833.7</ele><time>2026-08-18T17:50:16.000Z</time><extensions><TT:RideData eng="67.9" air="26.8" spd="51.1" rpm="4068"/></extensions></trkpt>
      <trkpt lat="45.461563" lon="-121.393115"><ele>823.5</ele><time>2026-08-18T17:50:24.000Z</time><extensions><TT:RideData eng="67.4" air="26.7" spd="48.7" rpm="4372"/></extensions></trkpt>
      <trkpt lat="45.461791" lon="-121.391748"><ele>813.6</ele><time>2026-08-18T17:50:32.000Z</time><extensions><TT:RideData eng="67.0" air="26.9" spd="54.0" rpm="4885"/></extensions></trkpt>
      <trkpt lat="45.462163" lon="-121.390261"><ele>803.0</ele><time>2026-08-18T17:50:40.000Z</time><extensions><TT:RideData eng="67.0" air="26.6" spd="56.1" rpm="4930"/></extensions></trkpt>
      <trkpt lat="45.462315" lon="-121.388716"><ele>792.4</ele><time>2026-08-18T17:50:48.000Z</time><extensions><TT:RideData eng="67.2" air="26.8" spd="49.9" rpm="4634"/></extensions></trkpt>
      <trkpt lat="45.462726" lon="-121.387300"><ele>782.6</ele><time>2026-08-18T17:50:56.000Z</time><extensions><TT:RideData eng="67.4" air="26.9" spd="60.9" rpm="5481"/></extensions></trkpt>
      <trkpt lat="45.463335" lon="-121.385796"><ele>771.1</ele><time>2026-08-18T17:51:04.000Z</time><extensions><TT:RideData eng="67.2" air="26.9" spd="61.3" rpm="5580"/></extensions></trkpt>
      <trkpt lat="45.463975" lon="-121.384235"><ele>760.0</ele><time>2026-08-18T17:51:12.000Z</time><extensions><TT:RideData eng="67.0" air="26.7" spd="59.1" rpm="4457"/></extensions></trkpt>
      <trkpt lat="45.464303" lon="-121.382665"><ele>749.2</ele><time>2026-08-18T17:51:20.000Z</time><extensions><TT:RideData eng="67.0" air="26.7" spd="54.7" rpm="4414"/></extensions></trkpt>
      <trkpt lat="45.464791" lon="-121.381375"><ele>737.9</ele><time>2026-08-18T17:51:28.000Z</time><extensions><TT:RideData eng="67.2" air="27.0" spd="53.3" rpm="3940"/></extensions></trkpt>
      <trkpt lat="45.465180" lon="-121.379970"><ele>726.6</ele><time>2026-08-18T17:51:36.000Z</time><extensions><TT:RideData eng="66.9" air="26.8" spd="53.5" rpm="3837"/></extensions></trkpt>
      <trkpt lat="45.465240" lon="-121.378641"><ele>721.1</ele><time>2026-08-18T17:51:44.000Z</time><extensions><TT:RideData eng="66.7" air="26.7" spd="49.6" rpm="3981"/></extensions></trkpt>
      <trkpt lat="45.465175" lon="-121.377216"><ele>712.8</ele><time>2026-08-18T17:51:52.000Z</time><extensions><TT:RideData eng="66.7" air="26.7" spd="54.3" rpm="4374"/></extensions></trkpt>
      <trkpt lat="45.464798" lon="-121.375658"><ele>704.1</ele><time>2026-08-18T17:52:00.000Z</time><extensions><TT:RideData eng="66.5" air="26.8" spd="57.9" rpm="4516"/></extensions></trkpt>
      <trkpt lat="45.464526" lon="-121.374210"><ele>696.0</ele><time>2026-08-18T17:52:08.000Z</time><extensions><TT:RideData eng="66.7" air="26.9" spd="57.6" rpm="4713"/></extensions></trkpt>
      <trkpt lat="45.464598" lon="-121.372596"><ele>688.1</ele><time>2026-08-18T17:52:16.000Z</time><extensions><TT:RideData eng="66.6" air="26.9" spd="62.6" rpm="5155"/></extensions></trkpt>
      <trkpt lat="45.464463" lon="-121.370870"><ele>680.9</ele><time>2026-08-18T17:52:24.000Z</time><extensions><TT:RideData eng="66.7" air="26.9" spd="62.0" rpm="4908"/></extensions></trkpt>
      <trkpt lat="45.464391" lon="-121.369098"><ele>673.5</ele><time>2026-08-18T17:52:32.000Z</time><extensions><TT:RideData eng="66.9" air="26.9" spd="59.4" rpm="4208"/></extensions></trkpt>
      <trkpt lat="45.464453" lon="-121.367448"><ele>666.1</ele><time>2026-08-18T17:52:40.000Z</time><extensions><TT:RideData eng="67.1" air="26.9" spd="56.8" rpm="4606"/></extensions></trkpt>
      <trkpt lat="45.465081" lon="-121.365985"><ele>658.0</ele><time>2026-08-18T17:52:48.000Z</time><extensions><TT:RideData eng="67.2" air="27.0" spd="59.0" rpm="4708"/></extensions></trkpt>
      <trkpt lat="45.465521" lon="-121.364375"><ele>650.6</ele><time>2026-08-18T17:52:56.000Z</time><extensions><TT:RideData eng="67.4" air="27.5" spd="59.1" rpm="4698"/></extensions></trkpt>
      <trkpt lat="45.465965" lon="-121.362840"><ele>643.4</ele><time>2026-08-18T17:53:04.000Z</time><extensions><TT:RideData eng="67.7" air="27.5" spd="63.0" rpm="4577"/></extensions></trkpt>
      <trkpt lat="45.466055" lon="-121.361618"><ele>636.5</ele><time>2026-08-18T17:53:12.000Z</time><extensions><TT:RideData eng="67.7" air="27.4" spd="8.0" rpm="1941"/></extensions></trkpt>
      <trkpt lat="45.466003" lon="-121.361561"><ele>630.9</ele><time>2026-08-18T17:53:20.000Z</time><extensions><TT:RideData eng="68.7" air="27.5" spd="0.0" rpm="1903"/></extensions></trkpt>
      <trkpt lat="45.465893" lon="-121.361571"><ele>620.7</ele><time>2026-08-18T17:54:31.000Z</time><extensions><TT:RideData eng="74.6" air="28.4" spd="14.1" rpm="3130"/></extensions></trkpt>
      <trkpt lat="45.465755" lon="-121.361591"><ele>623.4</ele><time>2026-08-18T17:54:39.000Z</time><extensions><TT:RideData eng="72.8" air="28.0" spd="40.6" rpm="4348"/></extensions></trkpt>
      <trkpt lat="45.464923" lon="-121.361470"><ele>625.0</ele><time>2026-08-18T17:54:47.000Z</time><extensions><TT:RideData eng="73.7" air="27.9" spd="47.0" rpm="4365"/></extensions></trkpt>
      <trkpt lat="45.463945" lon="-121.361945"><ele>627.0</ele><time>2026-08-18T17:54:55.000Z</time><extensions><TT:RideData eng="73.6" air="27.6" spd="44.9" rpm="4265"/></extensions></trkpt>
      <trkpt lat="45.463398" lon="-121.363228"><ele>628.6</ele><time>2026-08-18T17:55:03.000Z</time><extensions><TT:RideData eng="73.1" air="27.3" spd="56.9" rpm="5096"/></extensions></trkpt>
      <trkpt lat="45.462670" lon="-121.364551"><ele>628.4</ele><time>2026-08-18T17:55:11.000Z</time><extensions><TT:RideData eng="73.1" air="27.1" spd="59.2" rpm="4684"/></extensions></trkpt>
      <trkpt lat="45.461816" lon="-121.365888"><ele>627.7</ele><time>2026-08-18T17:55:19.000Z</time><extensions><TT:RideData eng="72.7" air="27.0" spd="38.3" rpm="2156"/></extensions></trkpt>
      <trkpt lat="45.461345" lon="-121.365866"><ele>627.7</ele><time>2026-08-18T17:55:27.000Z</time><extensions><TT:RideData eng="72.7" air="27.3" spd="41.3" rpm="5332"/></extensions></trkpt>
      <trkpt lat="45.461311" lon="-121.364658"><ele>627.5</ele><time>2026-08-18T17:55:35.000Z</time><extensions><TT:RideData eng="73.0" air="27.1" spd="47.9" rpm="4567"/></extensions></trkpt>
      <trkpt lat="45.461175" lon="-121.363408"><ele>627.9</ele><time>2026-08-18T17:55:43.000Z</time><extensions><TT:RideData eng="73.5" air="26.9" spd="33.4" rpm="4602"/></extensions></trkpt>
      <trkpt lat="45.460841" lon="-121.362701"><ele>627.9</ele><time>2026-08-18T17:55:51.000Z</time><extensions><TT:RideData eng="74.0" air="27.0" spd="28.2" rpm="4331"/></extensions></trkpt>
      <trkpt lat="45.461293" lon="-121.362366"><ele>627.8</ele><time>2026-08-18T17:55:59.000Z</time><extensions><TT:RideData eng="74.8" air="27.0" spd="35.6" rpm="3291"/></extensions></trkpt>
      <trkpt lat="45.461601" lon="-121.361671"><ele>628.9</ele><time>2026-08-18T17:56:07.000Z</time><extensions><TT:RideData eng="75.1" air="27.3" spd="9.2" rpm="4352"/></extensions></trkpt>
      <trkpt lat="45.461385" lon="-121.361758"><ele>632.6</ele><time>2026-08-18T17:56:15.000Z</time><extensions><TT:RideData eng="75.9" air="27.4" spd="32.5" rpm="5410"/></extensions></trkpt>
      <trkpt lat="45.460501" lon="-121.361543"><ele>640.2</ele><time>2026-08-18T17:56:23.000Z</time><extensions><TT:RideData eng="76.5" air="27.6" spd="45.0" rpm="4759"/></extensions></trkpt>
      <trkpt lat="45.459693" lon="-121.361725"><ele>642.7</ele><time>2026-08-18T17:56:31.000Z</time><extensions><TT:RideData eng="77.0" air="27.7" spd="48.8" rpm="4735"/></extensions></trkpt>
      <trkpt lat="45.458813" lon="-121.362328"><ele>644.1</ele><time>2026-08-18T17:56:39.000Z</time><extensions><TT:RideData eng="77.2" air="27.6" spd="51.1" rpm="5138"/></extensions></trkpt>
      <trkpt lat="45.457968" lon="-121.363628"><ele>645.0</ele><time>2026-08-18T17:56:47.000Z</time><extensions><TT:RideData eng="77.2" air="27.6" spd="58.8" rpm="4968"/></extensions></trkpt>
      <trkpt lat="45.457105" lon="-121.365090"><ele>646.0</ele><time>2026-08-18T17:56:55.000Z</time><extensions><TT:RideData eng="76.6" air="27.5" spd="64.5" rpm="5322"/></extensions></trkpt>
      <trkpt lat="45.456116" lon="-121.366605"><ele>647.7</ele><time>2026-08-18T17:57:03.000Z</time><extensions><TT:RideData eng="75.8" air="27.3" spd="59.8" rpm="4488"/></extensions></trkpt>
      <trkpt lat="45.455081" lon="-121.367605"><ele>649.5</ele><time>2026-08-18T17:57:11.000Z</time><extensions><TT:RideData eng="74.9" air="27.0" spd="58.8" rpm="4670"/></extensions></trkpt>
      <trkpt lat="45.453873" lon="-121.368051"><ele>651.5</ele><time>2026-08-18T17:57:19.000Z</time><extensions><TT:RideData eng="74.0" air="26.9" spd="62.3" rpm="5363"/></extensions></trkpt>
      <trkpt lat="45.452550" lon="-121.368648"><ele>653.1</ele><time>2026-08-18T17:57:27.000Z</time><extensions><TT:RideData eng="73.4" air="27.0" spd="68.9" rpm="5507"/></extensions></trkpt>
      <trkpt lat="45.451331" lon="-121.369491"><ele>655.2</ele><time>2026-08-18T17:57:35.000Z</time><extensions><TT:RideData eng="73.1" air="27.1" spd="60.0" rpm="5052"/></extensions></trkpt>
      <trkpt lat="45.450093" lon="-121.370061"><ele>655.5</ele><time>2026-08-18T17:57:43.000Z</time><extensions><TT:RideData eng="72.7" air="26.9" spd="70.4" rpm="5882"/></extensions></trkpt>
      <trkpt lat="45.448633" lon="-121.370685"><ele>656.3</ele><time>2026-08-18T17:57:51.000Z</time><extensions><TT:RideData eng="72.7" air="27.1" spd="69.6" rpm="5801"/></extensions></trkpt>
      <trkpt lat="45.447298" lon="-121.371216"><ele>657.7</ele><time>2026-08-18T17:57:59.000Z</time><extensions><TT:RideData eng="72.7" air="27.3" spd="59.7" rpm="4923"/></extensions></trkpt>
      <trkpt lat="45.446168" lon="-121.372453"><ele>658.7</ele><time>2026-08-18T17:58:07.000Z</time><extensions><TT:RideData eng="72.9" air="27.0" spd="63.4" rpm="5362"/></extensions></trkpt>
      <trkpt lat="45.445296" lon="-121.373765"><ele>659.7</ele><time>2026-08-18T17:58:15.000Z</time><extensions><TT:RideData eng="73.1" air="26.8" spd="54.1" rpm="4955"/></extensions></trkpt>
      <trkpt lat="45.444751" lon="-121.375256"><ele>659.2</ele><time>2026-08-18T17:58:23.000Z</time><extensions><TT:RideData eng="73.0" air="26.7" spd="65.2" rpm="5082"/></extensions></trkpt>
      <trkpt lat="45.444303" lon="-121.377115"><ele>658.6</ele><time>2026-08-18T17:58:31.000Z</time><extensions><TT:RideData eng="72.6" air="26.8" spd="68.9" rpm="5679"/></extensions></trkpt>
      <trkpt lat="45.443958" lon="-121.379085"><ele>657.4</ele><time>2026-08-18T17:58:39.000Z</time><extensions><TT:RideData eng="72.3" air="26.7" spd="69.0" rpm="5716"/></extensions></trkpt>
      <trkpt lat="45.443473" lon="-121.381023"><ele>656.3</ele><time>2026-08-18T17:58:47.000Z</time><extensions><TT:RideData eng="72.4" air="26.5" spd="71.2" rpm="5866"/></extensions></trkpt>
      <trkpt lat="45.443203" lon="-121.383085"><ele>655.5</ele><time>2026-08-18T17:58:55.000Z</time><extensions><TT:RideData eng="72.6" air="26.6" spd="72.5" rpm="5908"/></extensions></trkpt>
      <trkpt lat="45.443016" lon="-121.385138"><ele>655.8</ele><time>2026-08-18T17:59:03.000Z</time><extensions><TT:RideData eng="72.3" air="26.3" spd="69.3" rpm="5646"/></extensions></trkpt>
      <trkpt lat="45.442821" lon="-121.387126"><ele>656.3</ele><time>2026-08-18T17:59:11.000Z</time><extensions><TT:RideData eng="71.9" air="26.2" spd="63.4" rpm="5148"/></extensions></trkpt>
      <trkpt lat="45.442811" lon="-121.389040"><ele>656.1</ele><time>2026-08-18T17:59:19.000Z</time><extensions><TT:RideData eng="71.7" air="26.2" spd="63.5" rpm="5475"/></extensions></trkpt>
      <trkpt lat="45.442726" lon="-121.390991"><ele>656.0</ele><time>2026-08-18T17:59:27.000Z</time><extensions><TT:RideData eng="71.9" air="26.3" spd="71.1" rpm="5792"/></extensions></trkpt>
      <trkpt lat="45.442585" lon="-121.392886"><ele>655.9</ele><time>2026-08-18T17:59:35.000Z</time><extensions><TT:RideData eng="71.8" air="26.0" spd="50.3" rpm="3642"/></extensions></trkpt>
      <trkpt lat="45.442328" lon="-121.394138"><ele>656.2</ele><time>2026-08-18T17:59:43.000Z</time><extensions><TT:RideData eng="72.0" air="26.4" spd="56.2" rpm="5529"/></extensions></trkpt>
      <trkpt lat="45.441891" lon="-121.395610"><ele>655.2</ele><time>2026-08-18T17:59:51.000Z</time><extensions><TT:RideData eng="72.8" air="26.2" spd="52.4" rpm="4188"/></extensions></trkpt>
      <trkpt lat="45.441513" lon="-121.397005"><ele>654.6</ele><time>2026-08-18T17:59:59.000Z</time><extensions><TT:RideData eng="72.8" air="26.3" spd="55.9" rpm="4191"/></extensions></trkpt>
      <trkpt lat="45.441293" lon="-121.398636"><ele>656.6</ele><time>2026-08-18T18:00:07.000Z</time><extensions><TT:RideData eng="72.8" air="26.1" spd="59.6" rpm="4814"/></extensions></trkpt>
      <trkpt lat="45.440850" lon="-121.400340"><ele>657.8</ele><time>2026-08-18T18:00:15.000Z</time><extensions><TT:RideData eng="72.4" air="25.8" spd="57.0" rpm="4211"/></extensions></trkpt>
      <trkpt lat="45.440346" lon="-121.401575"><ele>657.7</ele><time>2026-08-18T18:00:23.000Z</time><extensions><TT:RideData eng="71.5" air="25.8" spd="35.2" rpm="3200"/></extensions></trkpt>
      <trkpt lat="45.439971" lon="-121.402570"><ele>657.2</ele><time>2026-08-18T18:00:31.000Z</time><extensions><TT:RideData eng="70.9" air="26.3" spd="41.5" rpm="3932"/></extensions></trkpt>
      <trkpt lat="45.439495" lon="-121.403598"><ele>658.3</ele><time>2026-08-18T18:00:39.000Z</time><extensions><TT:RideData eng="71.2" air="26.4" spd="34.2" rpm="3265"/></extensions></trkpt>
      <trkpt lat="45.438991" lon="-121.404053"><ele>659.4</ele><time>2026-08-18T18:00:47.000Z</time><extensions><TT:RideData eng="71.5" air="26.5" spd="31.3" rpm="3644"/></extensions></trkpt>
      <trkpt lat="45.438628" lon="-121.404911"><ele>660.9</ele><time>2026-08-18T18:00:55.000Z</time><extensions><TT:RideData eng="71.9" air="26.5" spd="37.6" rpm="4403"/></extensions></trkpt>
      <trkpt lat="45.438281" lon="-121.406036"><ele>661.0</ele><time>2026-08-18T18:01:03.000Z</time><extensions><TT:RideData eng="72.4" air="26.5" spd="48.5" rpm="5086"/></extensions></trkpt>
      <trkpt lat="45.437925" lon="-121.407278"><ele>660.9</ele><time>2026-08-18T18:01:11.000Z</time><extensions><TT:RideData eng="72.9" air="26.3" spd="45.4" rpm="4986"/></extensions></trkpt>
      <trkpt lat="45.437460" lon="-121.408378"><ele>660.6</ele><time>2026-08-18T18:01:19.000Z</time><extensions><TT:RideData eng="73.0" air="26.1" spd="44.5" rpm="4645"/></extensions></trkpt>
      <trkpt lat="45.436880" lon="-121.409511"><ele>661.0</ele><time>2026-08-18T18:01:27.000Z</time><extensions><TT:RideData eng="73.5" air="26.1" spd="44.0" rpm="4179"/></extensions></trkpt>
      <trkpt lat="45.436480" lon="-121.410625"><ele>662.6</ele><time>2026-08-18T18:01:35.000Z</time><extensions><TT:RideData eng="74.0" air="26.1" spd="40.9" rpm="4434"/></extensions></trkpt>
      <trkpt lat="45.436121" lon="-121.411675"><ele>663.4</ele><time>2026-08-18T18:01:43.000Z</time><extensions><TT:RideData eng="74.1" air="25.6" spd="42.6" rpm="4661"/></extensions></trkpt>
      <trkpt lat="45.435835" lon="-121.412783"><ele>664.9</ele><time>2026-08-18T18:01:51.000Z</time><extensions><TT:RideData eng="73.9" air="25.4" spd="39.5" rpm="4429"/></extensions></trkpt>
      <trkpt lat="45.435381" lon="-121.413778"><ele>666.6</ele><time>2026-08-18T18:01:59.000Z</time><extensions><TT:RideData eng="74.0" air="25.6" spd="40.2" rpm="4392"/></extensions></trkpt>
      <trkpt lat="45.435300" lon="-121.414936"><ele>726.9</ele><time>2026-08-18T18:02:07.000Z</time><extensions><TT:RideData eng="74.5" air="25.7" spd="36.9" rpm="4095"/></extensions></trkpt>
      <trkpt lat="45.435088" lon="-121.415905"><ele>760.2</ele><time>2026-08-18T18:02:15.000Z</time><extensions><TT:RideData eng="74.5" air="25.5" spd="37.5" rpm="4128"/></extensions></trkpt>
      <trkpt lat="45.434810" lon="-121.416901"><ele>783.4</ele><time>2026-08-18T18:02:23.000Z</time><extensions><TT:RideData eng="74.4" air="25.4" spd="39.6" rpm="4109"/></extensions></trkpt>
      <trkpt lat="45.434580" lon="-121.417868"><ele>810.9</ele><time>2026-08-18T18:02:31.000Z</time><extensions><TT:RideData eng="74.4" air="25.5" spd="39.6" rpm="4182"/></extensions></trkpt>
      <trkpt lat="45.434328" lon="-121.418848"><ele>835.5</ele><time>2026-08-18T18:02:39.000Z</time><extensions><TT:RideData eng="75.0" air="25.6" spd="41.2" rpm="4468"/></extensions></trkpt>
      <trkpt lat="45.433890" lon="-121.419770"><ele>845.7</ele><time>2026-08-18T18:02:47.000Z</time><extensions><TT:RideData eng="75.5" air="25.6" spd="46.2" rpm="4833"/></extensions></trkpt>
      <trkpt lat="45.433345" lon="-121.420816"><ele>853.5</ele><time>2026-08-18T18:02:55.000Z</time><extensions><TT:RideData eng="75.7" air="25.5" spd="48.8" rpm="5367"/></extensions></trkpt>
      <trkpt lat="45.432713" lon="-121.421953"><ele>859.6</ele><time>2026-08-18T18:03:03.000Z</time><extensions><TT:RideData eng="75.6" air="25.3" spd="46.2" rpm="5093"/></extensions></trkpt>
      <trkpt lat="45.432268" lon="-121.423060"><ele>866.0</ele><time>2026-08-18T18:03:11.000Z</time><extensions><TT:RideData eng="75.4" air="25.1" spd="48.2" rpm="5369"/></extensions></trkpt>
      <trkpt lat="45.432030" lon="-121.424416"><ele>871.6</ele><time>2026-08-18T18:03:19.000Z</time><extensions><TT:RideData eng="75.5" air="25.1" spd="50.5" rpm="4608"/></extensions></trkpt>
      <trkpt lat="45.431701" lon="-121.425786"><ele>877.2</ele><time>2026-08-18T18:03:27.000Z</time><extensions><TT:RideData eng="75.6" air="25.2" spd="50.1" rpm="4703"/></extensions></trkpt>
      <trkpt lat="45.431168" lon="-121.427066"><ele>883.6</ele><time>2026-08-18T18:03:35.000Z</time><extensions><TT:RideData eng="75.6" air="25.1" spd="51.1" rpm="4640"/></extensions></trkpt>
      <trkpt lat="45.430631" lon="-121.428270"><ele>890.0</ele><time>2026-08-18T18:03:43.000Z</time><extensions><TT:RideData eng="75.4" air="25.0" spd="52.6" rpm="4612"/></extensions></trkpt>
      <trkpt lat="45.430235" lon="-121.429486"><ele>896.2</ele><time>2026-08-18T18:03:51.000Z</time><extensions><TT:RideData eng="75.1" air="25.2" spd="51.4" rpm="4613"/></extensions></trkpt>
      <trkpt lat="45.429476" lon="-121.430193"><ele>902.7</ele><time>2026-08-18T18:03:59.000Z</time><extensions><TT:RideData eng="74.4" air="25.1" spd="50.6" rpm="4699"/></extensions></trkpt>
      <trkpt lat="45.428466" lon="-121.430541"><ele>910.1</ele><time>2026-08-18T18:04:07.000Z</time><extensions><TT:RideData eng="73.5" air="25.1" spd="50.6" rpm="4572"/></extensions></trkpt>
      <trkpt lat="45.427468" lon="-121.431186"><ele>918.2</ele><time>2026-08-18T18:04:15.000Z</time><extensions><TT:RideData eng="73.0" air="25.2" spd="56.5" rpm="5174"/></extensions></trkpt>
      <trkpt lat="45.426598" lon="-121.432090"><ele>926.3</ele><time>2026-08-18T18:04:23.000Z</time><extensions><TT:RideData eng="72.9" air="25.5" spd="52.8" rpm="4827"/></extensions></trkpt>
      <trkpt lat="45.425958" lon="-121.433321"><ele>934.7</ele><time>2026-08-18T18:04:31.000Z</time><extensions><TT:RideData eng="73.2" air="25.6" spd="39.0" rpm="3225"/></extensions></trkpt>
      <trkpt lat="45.425666" lon="-121.434093"><ele>943.3</ele><time>2026-08-18T18:04:39.000Z</time><extensions><TT:RideData eng="73.4" air="25.6" spd="33.3" rpm="3656"/></extensions></trkpt>
      <trkpt lat="45.425485" lon="-121.434835"><ele>950.5</ele><time>2026-08-18T18:04:47.000Z</time><extensions><TT:RideData eng="73.7" air="25.4" spd="29.1" rpm="2505"/></extensions></trkpt>
      <trkpt lat="45.425300" lon="-121.435565"><ele>958.3</ele><time>2026-08-18T18:04:55.000Z</time><extensions><TT:RideData eng="74.4" air="25.7" spd="36.6" rpm="4313"/></extensions></trkpt>
      <trkpt lat="45.425063" lon="-121.436431"><ele>966.9</ele><time>2026-08-18T18:05:03.000Z</time><extensions><TT:RideData eng="74.9" air="25.6" spd="45.9" rpm="5228"/></extensions></trkpt>
      <trkpt lat="45.424575" lon="-121.437673"><ele>975.3</ele><time>2026-08-18T18:05:11.000Z</time><extensions><TT:RideData eng="75.2" air="25.3" spd="59.0" rpm="5411"/></extensions></trkpt>
      <trkpt lat="45.423915" lon="-121.439016"><ele>981.9</ele><time>2026-08-18T18:05:19.000Z</time><extensions><TT:RideData eng="75.1" air="25.0" spd="59.9" rpm="5508"/></extensions></trkpt>
      <trkpt lat="45.423168" lon="-121.440653"><ele>988.5</ele><time>2026-08-18T18:05:27.000Z</time><extensions><TT:RideData eng="74.9" air="24.9" spd="57.6" rpm="4776"/></extensions></trkpt>
      <trkpt lat="45.422508" lon="-121.442188"><ele>995.2</ele><time>2026-08-18T18:05:35.000Z</time><extensions><TT:RideData eng="74.4" air="25.0" spd="54.5" rpm="4404"/></extensions></trkpt>
      <trkpt lat="45.422215" lon="-121.443821"><ele>1003.1</ele><time>2026-08-18T18:05:43.000Z</time><extensions><TT:RideData eng="74.3" air="25.1" spd="59.0" rpm="4877"/></extensions></trkpt>
      <trkpt lat="45.422010" lon="-121.445588"><ele>1012.6</ele><time>2026-08-18T18:05:51.000Z</time><extensions><TT:RideData eng="74.3" air="24.9" spd="57.4" rpm="4606"/></extensions></trkpt>
      <trkpt lat="45.421500" lon="-121.446673"><ele>1021.6</ele><time>2026-08-18T18:05:59.000Z</time><extensions><TT:RideData eng="74.1" air="24.8" spd="43.2" rpm="4059"/></extensions></trkpt>
      <trkpt lat="45.421026" lon="-121.446136"><ele>1045.5</ele><time>2026-08-18T18:06:07.000Z</time><extensions><TT:RideData eng="74.0" air="25.0" spd="46.7" rpm="4630"/></extensions></trkpt>
      <trkpt lat="45.421005" lon="-121.444551"><ele>1058.8</ele><time>2026-08-18T18:06:15.000Z</time><extensions><TT:RideData eng="74.2" air="25.2" spd="51.9" rpm="4217"/></extensions></trkpt>
      <trkpt lat="45.421090" lon="-121.442826"><ele>1075.2</ele><time>2026-08-18T18:06:23.000Z</time><extensions><TT:RideData eng="74.2" air="25.6" spd="58.6" rpm="4672"/></extensions></trkpt>
      <trkpt lat="45.421216" lon="-121.441378"><ele>1087.5</ele><time>2026-08-18T18:06:31.000Z</time><extensions><TT:RideData eng="74.0" air="25.7" spd="45.1" rpm="4593"/></extensions></trkpt>
      <trkpt lat="45.421425" lon="-121.439845"><ele>1102.1</ele><time>2026-08-18T18:06:39.000Z</time><extensions><TT:RideData eng="73.9" air="25.9" spd="53.1" rpm="4881"/></extensions></trkpt>
      <trkpt lat="45.421341" lon="-121.438563"><ele>1118.4</ele><time>2026-08-18T18:06:47.000Z</time><extensions><TT:RideData eng="74.0" air="25.9" spd="14.7" rpm="3517"/></extensions></trkpt>
      <trkpt lat="45.421145" lon="-121.438928"><ele>1126.9</ele><time>2026-08-18T18:06:55.000Z</time><extensions><TT:RideData eng="74.1" air="25.6" spd="55.4" rpm="5079"/></extensions></trkpt>
      <trkpt lat="45.420515" lon="-121.440375"><ele>1134.6</ele><time>2026-08-18T18:07:03.000Z</time><extensions><TT:RideData eng="74.7" air="25.4" spd="54.3" rpm="5036"/></extensions></trkpt>
      <trkpt lat="45.419758" lon="-121.441413"><ele>1141.2</ele><time>2026-08-18T18:07:11.000Z</time><extensions><TT:RideData eng="74.6" air="25.8" spd="60.2" rpm="4569"/></extensions></trkpt>
      <trkpt lat="45.418810" lon="-121.442013"><ele>1147.7</ele><time>2026-08-18T18:07:19.000Z</time><extensions><TT:RideData eng="73.5" air="25.7" spd="57.6" rpm="4385"/></extensions></trkpt>
      <trkpt lat="45.417733" lon="-121.442226"><ele>1152.8</ele><time>2026-08-18T18:07:27.000Z</time><extensions><TT:RideData eng="72.4" air="25.7" spd="58.8" rpm="4658"/></extensions></trkpt>
      <trkpt lat="45.416681" lon="-121.442611"><ele>1157.7</ele><time>2026-08-18T18:07:35.000Z</time><extensions><TT:RideData eng="71.5" air="25.3" spd="58.3" rpm="4531"/></extensions></trkpt>
      <trkpt lat="45.415553" lon="-121.442870"><ele>1162.4</ele><time>2026-08-18T18:07:43.000Z</time><extensions><TT:RideData eng="70.7" air="25.1" spd="62.5" rpm="5008"/></extensions></trkpt>
      <trkpt lat="45.414443" lon="-121.443423"><ele>1167.2</ele><time>2026-08-18T18:07:51.000Z</time><extensions><TT:RideData eng="70.0" air="24.9" spd="52.9" rpm="3891"/></extensions></trkpt>
      <trkpt lat="45.413431" lon="-121.443581"><ele>1168.0</ele><time>2026-08-18T18:07:59.000Z</time><extensions><TT:RideData eng="69.5" air="24.9" spd="32.0" rpm="3568"/></extensions></trkpt>
      <trkpt lat="45.413233" lon="-121.442690"><ele>1170.2</ele><time>2026-08-18T18:08:07.000Z</time><extensions><TT:RideData eng="69.3" air="25.3" spd="51.3" rpm="4857"/></extensions></trkpt>
      <trkpt lat="45.413420" lon="-121.441260"><ele>1171.1</ele><time>2026-08-18T18:08:15.000Z</time><extensions><TT:RideData eng="70.1" air="25.4" spd="31.7" rpm="3512"/></extensions></trkpt>
      <trkpt lat="45.413168" lon="-121.441176"><ele>1172.9</ele><time>2026-08-18T18:08:23.000Z</time><extensions><TT:RideData eng="70.7" air="25.5" spd="45.1" rpm="5377"/></extensions></trkpt>
      <trkpt lat="45.412385" lon="-121.442125"><ele>1176.1</ele><time>2026-08-18T18:08:31.000Z</time><extensions><TT:RideData eng="71.5" air="25.1" spd="45.0" rpm="5188"/></extensions></trkpt>
      <trkpt lat="45.411480" lon="-121.442221"><ele>1180.1</ele><time>2026-08-18T18:08:39.000Z</time><extensions><TT:RideData eng="72.1" air="25.2" spd="43.5" rpm="4025"/></extensions></trkpt>
      <trkpt lat="45.410615" lon="-121.441791"><ele>1183.0</ele><time>2026-08-18T18:08:47.000Z</time><extensions><TT:RideData eng="72.3" air="25.4" spd="40.2" rpm="3740"/></extensions></trkpt>
      <trkpt lat="45.409775" lon="-121.441176"><ele>1185.0</ele><time>2026-08-18T18:08:55.000Z</time><extensions><TT:RideData eng="72.3" air="25.4" spd="45.0" rpm="4013"/></extensions></trkpt>
      <trkpt lat="45.409033" lon="-121.440508"><ele>1189.1</ele><time>2026-08-18T18:09:03.000Z</time><extensions><TT:RideData eng="72.4" air="25.4" spd="44.1" rpm="4037"/></extensions></trkpt>
      <trkpt lat="45.408403" lon="-121.439720"><ele>1193.3</ele><time>2026-08-18T18:09:11.000Z</time><extensions><TT:RideData eng="72.5" air="25.6" spd="35.6" rpm="4165"/></extensions></trkpt>
      <trkpt lat="45.407730" lon="-121.438813"><ele>1196.2</ele><time>2026-08-18T18:09:19.000Z</time><extensions><TT:RideData eng="72.8" air="25.6" spd="45.7" rpm="5024"/></extensions></trkpt>
      <trkpt lat="45.407156" lon="-121.438000"><ele>1198.8</ele><time>2026-08-18T18:09:27.000Z</time><extensions><TT:RideData eng="72.8" air="25.5" spd="47.1" rpm="5327"/></extensions></trkpt>
      <trkpt lat="45.406396" lon="-121.437581"><ele>1199.3</ele><time>2026-08-18T18:09:35.000Z</time><extensions><TT:RideData eng="72.5" air="25.1" spd="43.4" rpm="4931"/></extensions></trkpt>
      <trkpt lat="45.405548" lon="-121.437521"><ele>1198.4</ele><time>2026-08-18T18:09:43.000Z</time><extensions><TT:RideData eng="72.1" air="25.2" spd="49.5" rpm="4752"/></extensions></trkpt>
      <trkpt lat="45.404451" lon="-121.437758"><ele>1199.0</ele><time>2026-08-18T18:09:51.000Z</time><extensions><TT:RideData eng="72.0" air="25.3" spd="52.7" rpm="4775"/></extensions></trkpt>
      <trkpt lat="45.403523" lon="-121.437870"><ele>1198.0</ele><time>2026-08-18T18:09:59.000Z</time><extensions><TT:RideData eng="71.9" air="24.9" spd="15.9" rpm="1927"/></extensions></trkpt>
      <trkpt lat="45.403246" lon="-121.437950"><ele>1196.3</ele><time>2026-08-18T18:10:07.000Z</time><extensions><TT:RideData eng="72.3" air="25.0" spd="0.0" rpm="1782"/></extensions></trkpt>
      <trkpt lat="45.403160" lon="-121.438001"><ele>1193.9</ele><time>2026-08-18T18:10:42.000Z</time><extensions><TT:RideData eng="71.8" air="25.5" spd="0.0" rpm="3310"/></extensions></trkpt>
      <trkpt lat="45.403131" lon="-121.437516"><ele>1191.9</ele><time>2026-08-18T18:10:50.000Z</time><extensions><TT:RideData eng="72.9" air="25.4" spd="53.2" rpm="6282"/></extensions></trkpt>
      <trkpt lat="45.402960" lon="-121.435545"><ele>1189.9</ele><time>2026-08-18T18:10:58.000Z</time><extensions><TT:RideData eng="74.1" air="25.4" spd="76.9" rpm="5977"/></extensions></trkpt>
      <trkpt lat="45.402718" lon="-121.433358"><ele>1187.5</ele><time>2026-08-18T18:11:06.000Z</time><extensions><TT:RideData eng="73.0" air="25.5" spd="71.8" rpm="5659"/></extensions></trkpt>
      <trkpt lat="45.402475" lon="-121.431205"><ele>1182.4</ele><time>2026-08-18T18:11:14.000Z</time><extensions><TT:RideData eng="71.7" air="25.5" spd="68.9" rpm="5234"/></extensions></trkpt>
      <trkpt lat="45.402088" lon="-121.429291"><ele>1177.7</ele><time>2026-08-18T18:11:22.000Z</time><extensions><TT:RideData eng="70.4" air="25.0" spd="77.0" rpm="6204"/></extensions></trkpt>
      <trkpt lat="45.400856" lon="-121.427791"><ele>1170.1</ele><time>2026-08-18T18:11:30.000Z</time><extensions><TT:RideData eng="69.5" air="25.4" spd="81.5" rpm="6299"/></extensions></trkpt>
      <trkpt lat="45.399471" lon="-121.426453"><ele>1157.9</ele><time>2026-08-18T18:11:38.000Z</time><extensions><TT:RideData eng="68.7" air="25.7" spd="82.6" rpm="6458"/></extensions></trkpt>
      <trkpt lat="45.398245" lon="-121.424866"><ele>1144.4</ele><time>2026-08-18T18:11:46.000Z</time><extensions><TT:RideData eng="68.1" air="25.9" spd="84.0" rpm="6630"/></extensions></trkpt>
      <trkpt lat="45.397460" lon="-121.422755"><ele>1131.9</ele><time>2026-08-18T18:11:54.000Z</time><extensions><TT:RideData eng="67.4" air="25.6" spd="82.1" rpm="6526"/></extensions></trkpt>
      <trkpt lat="45.397148" lon="-121.420413"><ele>1120.0</ele><time>2026-08-18T18:12:02.000Z</time><extensions><TT:RideData eng="67.2" air="25.5" spd="82.8" rpm="6557"/></extensions></trkpt>
      <trkpt lat="45.397096" lon="-121.417976"><ele>1107.6</ele><time>2026-08-18T18:12:10.000Z</time><extensions><TT:RideData eng="67.3" air="25.4" spd="84.4" rpm="6730"/></extensions></trkpt>
      <trkpt lat="45.397001" lon="-121.415543"><ele>1096.6</ele><time>2026-08-18T18:12:18.000Z</time><extensions><TT:RideData eng="67.8" air="25.3" spd="84.8" rpm="6694"/></extensions></trkpt>
      <trkpt lat="45.396903" lon="-121.413085"><ele>1084.6</ele><time>2026-08-18T18:12:26.000Z</time><extensions><TT:RideData eng="67.9" air="25.3" spd="86.5" rpm="6833"/></extensions></trkpt>
      <trkpt lat="45.396870" lon="-121.411103"><ele>1073.2</ele><time>2026-08-18T18:12:34.000Z</time><extensions><TT:RideData eng="67.8" air="25.3" spd="35.1" rpm="3429"/></extensions></trkpt>
      <trkpt lat="45.396776" lon="-121.410746"><ele>1063.0</ele><time>2026-08-18T18:12:42.000Z</time><extensions><TT:RideData eng="68.0" air="25.4" spd="49.1" rpm="5438"/></extensions></trkpt>
      <trkpt lat="45.396241" lon="-121.412238"><ele>1056.2</ele><time>2026-08-18T18:12:50.000Z</time><extensions><TT:RideData eng="69.6" air="25.6" spd="65.7" rpm="5974"/></extensions></trkpt>
      <trkpt lat="45.396020" lon="-121.414420"><ele>1051.6</ele><time>2026-08-18T18:12:58.000Z</time><extensions><TT:RideData eng="69.9" air="25.7" spd="59.2" rpm="4786"/></extensions></trkpt>
      <trkpt lat="45.395511" lon="-121.415983"><ele>1047.3</ele><time>2026-08-18T18:13:06.000Z</time><extensions><TT:RideData eng="69.8" air="25.7" spd="62.4" rpm="4703"/></extensions></trkpt>
      <trkpt lat="45.395150" lon="-121.417865"><ele>1042.9</ele><time>2026-08-18T18:13:14.000Z</time><extensions><TT:RideData eng="69.5" air="25.9" spd="68.7" rpm="5073"/></extensions></trkpt>
      <trkpt lat="45.394998" lon="-121.419630"><ele>1038.3</ele><time>2026-08-18T18:13:22.000Z</time><extensions><TT:RideData eng="68.8" air="26.2" spd="66.8" rpm="4930"/></extensions></trkpt>
      <trkpt lat="45.394565" lon="-121.421381"><ele>1033.2</ele><time>2026-08-18T18:13:30.000Z</time><extensions><TT:RideData eng="68.4" air="26.3" spd="74.6" rpm="5914"/></extensions></trkpt>
      <trkpt lat="45.394083" lon="-121.423371"><ele>1027.1</ele><time>2026-08-18T18:13:38.000Z</time><extensions><TT:RideData eng="68.0" air="25.8" spd="63.3" rpm="4915"/></extensions></trkpt>
      <trkpt lat="45.393168" lon="-121.424391"><ele>1021.9</ele><time>2026-08-18T18:13:46.000Z</time><extensions><TT:RideData eng="67.3" air="25.8" spd="51.3" rpm="4744"/></extensions></trkpt>
      <trkpt lat="45.392988" lon="-121.426105"><ele>1019.3</ele><time>2026-08-18T18:13:54.000Z</time><extensions><TT:RideData eng="67.8" air="26.0" spd="63.0" rpm="5727"/></extensions></trkpt>
      <trkpt lat="45.392625" lon="-121.427706"><ele>1016.9</ele><time>2026-08-18T18:14:02.000Z</time><extensions><TT:RideData eng="68.9" air="25.8" spd="62.7" rpm="5714"/></extensions></trkpt>
      <trkpt lat="45.391655" lon="-121.428573"><ele>1015.1</ele><time>2026-08-18T18:14:10.000Z</time><extensions><TT:RideData eng="69.6" air="25.7" spd="58.2" rpm="5227"/></extensions></trkpt>
      <trkpt lat="45.390731" lon="-121.429538"><ele>1013.6</ele><time>2026-08-18T18:14:18.000Z</time><extensions><TT:RideData eng="70.0" air="25.3" spd="57.4" rpm="5365"/></extensions></trkpt>
      <trkpt lat="45.390128" lon="-121.431460"><ele>1014.1</ele><time>2026-08-18T18:14:26.000Z</time><extensions><TT:RideData eng="70.5" air="25.2" spd="59.0" rpm="5516"/></extensions></trkpt>
      <trkpt lat="45.389385" lon="-121.432858"><ele>1016.1</ele><time>2026-08-18T18:14:34.000Z</time><extensions><TT:RideData eng="71.3" air="25.1" spd="66.6" rpm="5434"/></extensions></trkpt>
      <trkpt lat="45.388645" lon="-121.434556"><ele>1017.8</ele><time>2026-08-18T18:14:42.000Z</time><extensions><TT:RideData eng="71.9" air="25.1" spd="62.7" rpm="4911"/></extensions></trkpt>
      <trkpt lat="45.387960" lon="-121.435786"><ele>1020.0</ele><time>2026-08-18T18:14:50.000Z</time><extensions><TT:RideData eng="72.1" air="25.5" spd="15.4" rpm="1939"/></extensions></trkpt>
      <trkpt lat="45.388181" lon="-121.435781"><ele>1041.7</ele><time>2026-08-18T18:15:52.000Z</time><extensions><TT:RideData eng="76.0" air="26.5" spd="0.0" rpm="3286"/></extensions></trkpt>
      <trkpt lat="45.388200" lon="-121.435543"><ele>1043.8</ele><time>2026-08-18T18:16:00.000Z</time><extensions><TT:RideData eng="74.7" air="26.6" spd="37.4" rpm="4845"/></extensions></trkpt>
      <trkpt lat="45.388506" lon="-121.434876"><ele>1045.5</ele><time>2026-08-18T18:16:08.000Z</time><extensions><TT:RideData eng="75.5" air="26.7" spd="25.5" rpm="5588"/></extensions></trkpt>
      <trkpt lat="45.389175" lon="-121.435725"><ele>1047.1</ele><time>2026-08-18T18:16:16.000Z</time><extensions><TT:RideData eng="75.6" air="26.2" spd="55.1" rpm="5207"/></extensions></trkpt>
      <trkpt lat="45.389708" lon="-121.437281"><ele>1052.2</ele><time>2026-08-18T18:16:24.000Z</time><extensions><TT:RideData eng="75.4" air="25.8" spd="44.5" rpm="4488"/></extensions></trkpt>
      <trkpt lat="45.389805" lon="-121.438523"><ele>1054.5</ele><time>2026-08-18T18:16:32.000Z</time><extensions><TT:RideData eng="75.4" air="25.8" spd="56.3" rpm="5281"/></extensions></trkpt>
      <trkpt lat="45.389450" lon="-121.439860"><ele>1056.5</ele><time>2026-08-18T18:16:40.000Z</time><extensions><TT:RideData eng="75.6" air="25.5" spd="47.2" rpm="4855"/></extensions></trkpt>
      <trkpt lat="45.389061" lon="-121.441145"><ele>1058.2</ele><time>2026-08-18T18:16:48.000Z</time><extensions><TT:RideData eng="76.0" air="25.7" spd="47.8" rpm="4906"/></extensions></trkpt>
      <trkpt lat="45.388710" lon="-121.442561"><ele>1059.2</ele><time>2026-08-18T18:16:56.000Z</time><extensions><TT:RideData eng="75.8" air="25.5" spd="57.3" rpm="5337"/></extensions></trkpt>
      <trkpt lat="45.388376" lon="-121.444085"><ele>1059.8</ele><time>2026-08-18T18:17:04.000Z</time><extensions><TT:RideData eng="75.6" air="25.5" spd="58.3" rpm="5407"/></extensions></trkpt>
      <trkpt lat="45.387965" lon="-121.445590"><ele>1060.8</ele><time>2026-08-18T18:17:12.000Z</time><extensions><TT:RideData eng="75.4" air="25.3" spd="60.7" rpm="5145"/></extensions></trkpt>
      <trkpt lat="45.387340" lon="-121.446948"><ele>1062.5</ele><time>2026-08-18T18:17:20.000Z</time><extensions><TT:RideData eng="75.0" air="25.5" spd="63.8" rpm="5226"/></extensions></trkpt>
      <trkpt lat="45.386666" lon="-121.448633"><ele>1064.7</ele><time>2026-08-18T18:17:28.000Z</time><extensions><TT:RideData eng="74.2" air="25.6" spd="57.1" rpm="3837"/></extensions></trkpt>
      <trkpt lat="45.386190" lon="-121.450228"><ele>1067.3</ele><time>2026-08-18T18:17:36.000Z</time><extensions><TT:RideData eng="73.5" air="25.6" spd="52.2" rpm="4551"/></extensions></trkpt>
      <trkpt lat="45.386141" lon="-121.451815"><ele>1070.5</ele><time>2026-08-18T18:17:44.000Z</time><extensions><TT:RideData eng="73.5" air="25.5" spd="52.6" rpm="4484"/></extensions></trkpt>
      <trkpt lat="45.386241" lon="-121.453303"><ele>1074.1</ele><time>2026-08-18T18:17:52.000Z</time><extensions><TT:RideData eng="73.7" air="25.6" spd="55.5" rpm="4757"/></extensions></trkpt>
      <trkpt lat="45.386386" lon="-121.454786"><ele>1076.7</ele><time>2026-08-18T18:18:00.000Z</time><extensions><TT:RideData eng="73.6" air="25.5" spd="47.4" rpm="4102"/></extensions></trkpt>
      <trkpt lat="45.386646" lon="-121.456276"><ele>1082.0</ele><time>2026-08-18T18:18:08.000Z</time><extensions><TT:RideData eng="73.1" air="25.4" spd="52.5" rpm="4323"/></extensions></trkpt>
      <trkpt lat="45.387076" lon="-121.457666"><ele>1089.3</ele><time>2026-08-18T18:18:16.000Z</time><extensions><TT:RideData eng="72.7" air="25.2" spd="47.6" rpm="3122"/></extensions></trkpt>
      <trkpt lat="45.387421" lon="-121.458845"><ele>1095.8</ele><time>2026-08-18T18:18:24.000Z</time><extensions><TT:RideData eng="72.3" air="25.2" spd="51.9" rpm="4943"/></extensions></trkpt>
      <trkpt lat="45.387305" lon="-121.460148"><ele>1098.5</ele><time>2026-08-18T18:18:32.000Z</time><extensions><TT:RideData eng="72.3" air="25.4" spd="37.2" rpm="4770"/></extensions></trkpt>
      <trkpt lat="45.386985" lon="-121.461266"><ele>1102.4</ele><time>2026-08-18T18:18:40.000Z</time><extensions><TT:RideData eng="72.3" air="25.5" spd="49.4" rpm="4734"/></extensions></trkpt>
      <trkpt lat="45.387023" lon="-121.462676"><ele>1104.5</ele><time>2026-08-18T18:18:48.000Z</time><extensions><TT:RideData eng="72.8" air="25.5" spd="51.8" rpm="5145"/></extensions></trkpt>
      <trkpt lat="45.387331" lon="-121.464256"><ele>1111.1</ele><time>2026-08-18T18:18:56.000Z</time><extensions><TT:RideData eng="72.9" air="25.5" spd="51.1" rpm="4356"/></extensions></trkpt>
      <trkpt lat="45.387451" lon="-121.465635"><ele>1119.6</ele><time>2026-08-18T18:19:04.000Z</time><extensions><TT:RideData eng="73.1" air="25.4" spd="46.9" rpm="4514"/></extensions></trkpt>
      <trkpt lat="45.387500" lon="-121.467073"><ele>1124.6</ele><time>2026-08-18T18:19:12.000Z</time><extensions><TT:RideData eng="73.4" air="25.1" spd="51.9" rpm="4889"/></extensions></trkpt>
      <trkpt lat="45.387191" lon="-121.468230"><ele>1130.7</ele><time>2026-08-18T18:19:20.000Z</time><extensions><TT:RideData eng="73.5" air="24.7" spd="43.0" rpm="5510"/></extensions></trkpt>
      <trkpt lat="45.386533" lon="-121.469076"><ele>1137.5</ele><time>2026-08-18T18:19:28.000Z</time><extensions><TT:RideData eng="73.5" air="24.3" spd="39.2" rpm="4192"/></extensions></trkpt>
      <trkpt lat="45.385828" lon="-121.469341"><ele>1144.3</ele><time>2026-08-18T18:19:36.000Z</time><extensions><TT:RideData eng="73.6" air="24.3" spd="42.1" rpm="4818"/></extensions></trkpt>
      <trkpt lat="45.384945" lon="-121.469483"><ele>1152.0</ele><time>2026-08-18T18:19:44.000Z</time><extensions><TT:RideData eng="73.8" air="24.6" spd="52.3" rpm="5261"/></extensions></trkpt>
      <trkpt lat="45.384035" lon="-121.470001"><ele>1159.4</ele><time>2026-08-18T18:19:52.000Z</time><extensions><TT:RideData eng="74.1" air="24.2" spd="44.5" rpm="4280"/></extensions></trkpt>
      <trkpt lat="45.383240" lon="-121.470316"><ele>1167.8</ele><time>2026-08-18T18:20:00.000Z</time><extensions><TT:RideData eng="74.0" air="24.1" spd="47.9" rpm="5380"/></extensions></trkpt>
      <trkpt lat="45.382456" lon="-121.471175"><ele>1174.4</ele><time>2026-08-18T18:20:08.000Z</time><extensions><TT:RideData eng="74.3" air="23.9" spd="54.7" rpm="5212"/></extensions></trkpt>
      <trkpt lat="45.381615" lon="-121.472106"><ele>1180.7</ele><time>2026-08-18T18:20:16.000Z</time><extensions><TT:RideData eng="74.5" air="24.1" spd="27.9" rpm="2051"/></extensions></trkpt>
      <trkpt lat="45.381168" lon="-121.472755"><ele>1188.8</ele><time>2026-08-18T18:20:24.000Z</time><extensions><TT:RideData eng="74.8" air="24.3" spd="19.3" rpm="3563"/></extensions></trkpt>
      <trkpt lat="45.381356" lon="-121.472938"><ele>1198.3</ele><time>2026-08-18T18:20:32.000Z</time><extensions><TT:RideData eng="75.2" air="24.3" spd="25.9" rpm="4684"/></extensions></trkpt>
      <trkpt lat="45.381823" lon="-121.473218"><ele>1207.6</ele><time>2026-08-18T18:20:40.000Z</time><extensions><TT:RideData eng="76.0" air="24.3" spd="40.6" rpm="5267"/></extensions></trkpt>
      <trkpt lat="45.381988" lon="-121.474351"><ele>1218.5</ele><time>2026-08-18T18:20:48.000Z</time><extensions><TT:RideData eng="76.4" air="24.5" spd="39.6" rpm="5114"/></extensions></trkpt>
      <trkpt lat="45.382030" lon="-121.475591"><ele>1231.4</ele><time>2026-08-18T18:20:56.000Z</time><extensions><TT:RideData eng="76.6" air="24.6" spd="44.3" rpm="4733"/></extensions></trkpt>
      <trkpt lat="45.382351" lon="-121.476776"><ele>1241.5</ele><time>2026-08-18T18:21:04.000Z</time><extensions><TT:RideData eng="77.0" air="24.9" spd="43.8" rpm="4859"/></extensions></trkpt>
      <trkpt lat="45.382846" lon="-121.477698"><ele>1251.9</ele><time>2026-08-18T18:21:12.000Z</time><extensions><TT:RideData eng="77.4" air="24.6" spd="42.8" rpm="4968"/></extensions></trkpt>
      <trkpt lat="45.383388" lon="-121.478520"><ele>1263.3</ele><time>2026-08-18T18:21:20.000Z</time><extensions><TT:RideData eng="77.7" air="24.7" spd="38.4" rpm="4657"/></extensions></trkpt>
      <trkpt lat="45.384156" lon="-121.478873"><ele>1275.1</ele><time>2026-08-18T18:21:28.000Z</time><extensions><TT:RideData eng="77.8" air="24.6" spd="42.0" rpm="4873"/></extensions></trkpt>
      <trkpt lat="45.384796" lon="-121.479283"><ele>1285.2</ele><time>2026-08-18T18:21:36.000Z</time><extensions><TT:RideData eng="78.1" air="24.6" spd="33.2" rpm="5385"/></extensions></trkpt>
      <trkpt lat="45.385498" lon="-121.479036"><ele>1295.2</ele><time>2026-08-18T18:21:44.000Z</time><extensions><TT:RideData eng="78.5" air="24.3" spd="52.7" rpm="3837"/></extensions></trkpt>
      <trkpt lat="45.386321" lon="-121.478613"><ele>1307.5</ele><time>2026-08-18T18:21:52.000Z</time><extensions><TT:RideData eng="78.0" air="24.3" spd="7.6" rpm="0"/></extensions></trkpt>
      <trkpt lat="45.386610" lon="-121.478493"><ele>1326.4</ele><time>2026-08-18T18:24:23.000Z</time><extensions><TT:RideData eng="81.1" air="26.5" spd="0.0" rpm="1881"/></extensions></trkpt>
      <trkpt lat="45.386628" lon="-121.478568"><ele>1326.5</ele><time>2026-08-18T18:24:31.000Z</time><extensions><TT:RideData eng="77.4" air="26.4" spd="35.2" rpm="4914"/></extensions></trkpt>
      <trkpt lat="45.386450" lon="-121.479310"><ele>1329.0</ele><time>2026-08-18T18:24:39.000Z</time><extensions><TT:RideData eng="77.4" air="25.9" spd="64.1" rpm="6115"/></extensions></trkpt>
      <trkpt lat="45.385363" lon="-121.480498"><ele>1331.6</ele><time>2026-08-18T18:24:47.000Z</time><extensions><TT:RideData eng="76.8" air="25.4" spd="71.3" rpm="5930"/></extensions></trkpt>
      <trkpt lat="45.384038" lon="-121.481673"><ele>1333.8</ele><time>2026-08-18T18:24:55.000Z</time><extensions><TT:RideData eng="75.9" air="24.9" spd="73.0" rpm="5868"/></extensions></trkpt>
      <trkpt lat="45.382978" lon="-121.483085"><ele>1335.3</ele><time>2026-08-18T18:25:03.000Z</time><extensions><TT:RideData eng="75.0" air="24.3" spd="77.3" rpm="6398"/></extensions></trkpt>
      <trkpt lat="45.382166" lon="-121.484951"><ele>1336.4</ele><time>2026-08-18T18:25:11.000Z</time><extensions><TT:RideData eng="74.6" air="24.2" spd="64.9" rpm="5098"/></extensions></trkpt>
      <trkpt lat="45.381033" lon="-121.485731"><ele>1338.5</ele><time>2026-08-18T18:25:19.000Z</time><extensions><TT:RideData eng="74.3" air="24.1" spd="73.3" rpm="5782"/></extensions></trkpt>
      <trkpt lat="45.379760" lon="-121.485196"><ele>1341.8</ele><time>2026-08-18T18:25:27.000Z</time><extensions><TT:RideData eng="74.1" air="24.4" spd="67.3" rpm="5515"/></extensions></trkpt>
      <trkpt lat="45.378673" lon="-121.484048"><ele>1346.3</ele><time>2026-08-18T18:25:35.000Z</time><extensions><TT:RideData eng="73.8" air="24.6" spd="63.5" rpm="5138"/></extensions></trkpt>
      <trkpt lat="45.377418" lon="-121.483886"><ele>1349.3</ele><time>2026-08-18T18:25:43.000Z</time><extensions><TT:RideData eng="73.4" air="24.8" spd="67.1" rpm="4988"/></extensions></trkpt>
      <trkpt lat="45.376308" lon="-121.483610"><ele>1352.9</ele><time>2026-08-18T18:25:51.000Z</time><extensions><TT:RideData eng="72.9" air="24.7" spd="63.6" rpm="5073"/></extensions></trkpt>
      <trkpt lat="45.375490" lon="-121.482308"><ele>1356.8</ele><time>2026-08-18T18:25:59.000Z</time><extensions><TT:RideData eng="72.2" air="24.8" spd="66.9" rpm="5504"/></extensions></trkpt>
      <trkpt lat="45.375001" lon="-121.480721"><ele>1361.4</ele><time>2026-08-18T18:26:07.000Z</time><extensions><TT:RideData eng="71.4" air="24.3" spd="59.5" rpm="4873"/></extensions></trkpt>
      <trkpt lat="45.374098" lon="-121.479965"><ele>1368.2</ele><time>2026-08-18T18:26:15.000Z</time><extensions><TT:RideData eng="70.9" air="24.2" spd="64.2" rpm="5012"/></extensions></trkpt>
      <trkpt lat="45.372633" lon="-121.479851"><ele>1373.2</ele><time>2026-08-18T18:26:23.000Z</time><extensions><TT:RideData eng="70.6" air="24.1" spd="59.4" rpm="4802"/></extensions></trkpt>
      <trkpt lat="45.371456" lon="-121.479360"><ele>1379.0</ele><time>2026-08-18T18:26:31.000Z</time><extensions><TT:RideData eng="70.8" air="24.0" spd="37.8" rpm="2705"/></extensions></trkpt>
      <trkpt lat="45.370916" lon="-121.478708"><ele>1387.4</ele><time>2026-08-18T18:26:39.000Z</time><extensions><TT:RideData eng="71.0" air="24.3" spd="52.8" rpm="6017"/></extensions></trkpt>
      <trkpt lat="45.370050" lon="-121.477766"><ele>1397.1</ele><time>2026-08-18T18:26:47.000Z</time><extensions><TT:RideData eng="71.8" air="24.3" spd="65.2" rpm="5245"/></extensions></trkpt>
      <trkpt lat="45.368896" lon="-121.477141"><ele>1404.6</ele><time>2026-08-18T18:26:55.000Z</time><extensions><TT:RideData eng="71.5" air="24.2" spd="27.9" rpm="2134"/></extensions></trkpt>
      <trkpt lat="45.368215" lon="-121.476841"><ele>1413.1</ele><time>2026-08-18T18:27:03.000Z</time><extensions><TT:RideData eng="71.4" air="23.9" spd="47.6" rpm="4402"/></extensions></trkpt>
      <trkpt lat="45.367150" lon="-121.476223"><ele>1419.7</ele><time>2026-08-18T18:27:11.000Z</time><extensions><TT:RideData eng="71.0" air="23.8" spd="62.1" rpm="4933"/></extensions></trkpt>
      <trkpt lat="45.366040" lon="-121.475085"><ele>1425.0</ele><time>2026-08-18T18:27:19.000Z</time><extensions><TT:RideData eng="70.1" air="23.4" spd="66.2" rpm="5220"/></extensions></trkpt>
      <trkpt lat="45.365431" lon="-121.473278"><ele>1430.2</ele><time>2026-08-18T18:27:27.000Z</time><extensions><TT:RideData eng="68.9" air="23.4" spd="72.4" rpm="5455"/></extensions></trkpt>
      <trkpt lat="45.365120" lon="-121.471420"><ele>1436.1</ele><time>2026-08-18T18:27:35.000Z</time><extensions><TT:RideData eng="67.9" air="23.7" spd="57.8" rpm="4569"/></extensions></trkpt>
      <trkpt lat="45.363891" lon="-121.471026"><ele>1439.4</ele><time>2026-08-18T18:27:43.000Z</time><extensions><TT:RideData eng="67.4" air="23.9" spd="72.3" rpm="5496"/></extensions></trkpt>
      <trkpt lat="45.362350" lon="-121.470883"><ele>1443.9</ele><time>2026-08-18T18:27:51.000Z</time><extensions><TT:RideData eng="67.0" air="23.8" spd="72.3" rpm="5365"/></extensions></trkpt>
      <trkpt lat="45.360826" lon="-121.470690"><ele>1446.5</ele><time>2026-08-18T18:27:59.000Z</time><extensions><TT:RideData eng="66.5" air="23.4" spd="74.8" rpm="5927"/></extensions></trkpt>
      <trkpt lat="45.359251" lon="-121.470816"><ele>1448.5</ele><time>2026-08-18T18:28:07.000Z</time><extensions><TT:RideData eng="66.5" air="23.4" spd="73.6" rpm="5770"/></extensions></trkpt>
      <trkpt lat="45.357858" lon="-121.471010"><ele>1450.4</ele><time>2026-08-18T18:28:15.000Z</time><extensions><TT:RideData eng="66.5" air="23.5" spd="66.6" rpm="5296"/></extensions></trkpt>
      <trkpt lat="45.356468" lon="-121.470871"><ele>1452.3</ele><time>2026-08-18T18:28:23.000Z</time><extensions><TT:RideData eng="66.5" air="23.2" spd="74.7" rpm="5860"/></extensions></trkpt>
      <trkpt lat="45.355041" lon="-121.470911"><ele>1454.5</ele><time>2026-08-18T18:28:31.000Z</time><extensions><TT:RideData eng="66.7" air="23.4" spd="58.5" rpm="4704"/></extensions></trkpt>
      <trkpt lat="45.353935" lon="-121.469993"><ele>1457.0</ele><time>2026-08-18T18:28:39.000Z</time><extensions><TT:RideData eng="66.8" air="23.6" spd="52.6" rpm="4151"/></extensions></trkpt>
      <trkpt lat="45.353373" lon="-121.469491"><ele>1459.9</ele><time>2026-08-18T18:28:47.000Z</time><extensions><TT:RideData eng="67.0" air="24.2" spd="64.3" rpm="4737"/></extensions></trkpt>
      <trkpt lat="45.352466" lon="-121.471153"><ele>1462.3</ele><time>2026-08-18T18:28:55.000Z</time><extensions><TT:RideData eng="66.9" air="24.4" spd="61.4" rpm="4856"/></extensions></trkpt>
      <trkpt lat="45.351481" lon="-121.472521"><ele>1462.9</ele><time>2026-08-18T18:29:03.000Z</time><extensions><TT:RideData eng="66.3" air="24.0" spd="71.1" rpm="5572"/></extensions></trkpt>
      <trkpt lat="45.350471" lon="-121.473983"><ele>1463.2</ele><time>2026-08-18T18:29:11.000Z</time><extensions><TT:RideData eng="66.0" air="23.9" spd="69.0" rpm="5084"/></extensions></trkpt>
      <trkpt lat="45.349600" lon="-121.475168"><ele>1463.8</ele><time>2026-08-18T18:29:19.000Z</time><extensions><TT:RideData eng="65.8" air="23.8" spd="42.3" rpm="4806"/></extensions></trkpt>
      <trkpt lat="45.348898" lon="-121.474360"><ele>1465.7</ele><time>2026-08-18T18:29:27.000Z</time><extensions><TT:RideData eng="66.4" air="23.8" spd="65.2" rpm="4811"/></extensions></trkpt>
      <trkpt lat="45.349055" lon="-121.471920"><ele>1464.1</ele><time>2026-08-18T18:29:35.000Z</time><extensions><TT:RideData eng="67.0" air="23.9" spd="67.7" rpm="5329"/></extensions></trkpt>
      <trkpt lat="45.349376" lon="-121.469715"><ele>1462.4</ele><time>2026-08-18T18:29:43.000Z</time><extensions><TT:RideData eng="67.0" air="24.0" spd="69.1" rpm="5435"/></extensions></trkpt>
      <trkpt lat="45.349941" lon="-121.467715"><ele>1457.7</ele><time>2026-08-18T18:29:51.000Z</time><extensions><TT:RideData eng="67.1" air="23.9" spd="70.6" rpm="5569"/></extensions></trkpt>
      <trkpt lat="45.350718" lon="-121.465890"><ele>1454.8</ele><time>2026-08-18T18:29:59.000Z</time><extensions><TT:RideData eng="67.4" air="23.7" spd="60.7" rpm="4741"/></extensions></trkpt>
      <trkpt lat="45.350990" lon="-121.464041"><ele>1451.2</ele><time>2026-08-18T18:30:07.000Z</time><extensions><TT:RideData eng="67.8" air="24.1" spd="63.8" rpm="5093"/></extensions></trkpt>
      <trkpt lat="45.351148" lon="-121.462120"><ele>1449.5</ele><time>2026-08-18T18:30:15.000Z</time><extensions><TT:RideData eng="67.9" air="23.8" spd="63.8" rpm="5120"/></extensions></trkpt>
      <trkpt lat="45.350860" lon="-121.460355"><ele>1448.1</ele><time>2026-08-18T18:30:23.000Z</time><extensions><TT:RideData eng="67.6" air="23.6" spd="65.5" rpm="5149"/></extensions></trkpt>
      <trkpt lat="45.349886" lon="-121.459618"><ele>1441.8</ele><time>2026-08-18T18:30:31.000Z</time><extensions><TT:RideData eng="67.6" air="23.5" spd="71.4" rpm="5572"/></extensions></trkpt>
      <trkpt lat="45.348335" lon="-121.459521"><ele>1437.4</ele><time>2026-08-18T18:30:39.000Z</time><extensions><TT:RideData eng="67.5" air="23.6" spd="58.3" rpm="4592"/></extensions></trkpt>
      <trkpt lat="45.347035" lon="-121.459676"><ele>1434.1</ele><time>2026-08-18T18:30:47.000Z</time><extensions><TT:RideData eng="67.1" air="23.9" spd="40.6" rpm="3786"/></extensions></trkpt>
      <trkpt lat="45.346123" lon="-121.458798"><ele>1429.2</ele><time>2026-08-18T18:30:55.000Z</time><extensions><TT:RideData eng="67.4" air="23.9" spd="72.8" rpm="5785"/></extensions></trkpt>
      <trkpt lat="45.346596" lon="-121.456253"><ele>1424.0</ele><time>2026-08-18T18:31:03.000Z</time><extensions><TT:RideData eng="67.6" air="24.4" spd="67.4" rpm="5156"/></extensions></trkpt>
      <trkpt lat="45.346785" lon="-121.454285"><ele>1422.2</ele><time>2026-08-18T18:31:11.000Z</time><extensions><TT:RideData eng="67.2" air="24.2" spd="66.7" rpm="5221"/></extensions></trkpt>
      <trkpt lat="45.346320" lon="-121.452490"><ele>1419.0</ele><time>2026-08-18T18:31:19.000Z</time><extensions><TT:RideData eng="67.0" air="24.5" spd="69.0" rpm="5386"/></extensions></trkpt>
      <trkpt lat="45.345974" lon="-121.450658"><ele>1413.6</ele><time>2026-08-18T18:31:27.000Z</time><extensions><TT:RideData eng="67.1" air="24.2" spd="68.1" rpm="5362"/></extensions></trkpt>
      <trkpt lat="45.346300" lon="-121.448850"><ele>1409.7</ele><time>2026-08-18T18:31:35.000Z</time><extensions><TT:RideData eng="67.0" air="24.1" spd="45.4" rpm="4185"/></extensions></trkpt>
      <trkpt lat="45.347160" lon="-121.447941"><ele>1399.5</ele><time>2026-08-18T18:31:43.000Z</time><extensions><TT:RideData eng="67.0" air="24.1" spd="57.6" rpm="4821"/></extensions></trkpt>
      <trkpt lat="45.348093" lon="-121.447065"><ele>1389.5</ele><time>2026-08-18T18:31:51.000Z</time><extensions><TT:RideData eng="67.3" air="24.1" spd="55.3" rpm="4979"/></extensions></trkpt>
      <trkpt lat="45.348883" lon="-121.445935"><ele>1382.1</ele><time>2026-08-18T18:31:59.000Z</time><extensions><TT:RideData eng="67.8" air="23.9" spd="56.3" rpm="4992"/></extensions></trkpt>
      <trkpt lat="45.349456" lon="-121.444675"><ele>1376.1</ele><time>2026-08-18T18:32:07.000Z</time><extensions><TT:RideData eng="68.0" air="23.8" spd="52.2" rpm="4665"/></extensions></trkpt>
      <trkpt lat="45.349833" lon="-121.443180"><ele>1369.3</ele><time>2026-08-18T18:32:15.000Z</time><extensions><TT:RideData eng="67.5" air="23.9" spd="62.3" rpm="5569"/></extensions></trkpt>
      <trkpt lat="45.350170" lon="-121.441643"><ele>1360.2</ele><time>2026-08-18T18:32:23.000Z</time><extensions><TT:RideData eng="67.1" air="23.8" spd="59.4" rpm="4361"/></extensions></trkpt>
      <trkpt lat="45.350358" lon="-121.440196"><ele>1351.6</ele><time>2026-08-18T18:32:31.000Z</time><extensions><TT:RideData eng="66.5" air="23.7" spd="59.9" rpm="4405"/></extensions></trkpt>
      <trkpt lat="45.349783" lon="-121.438715"><ele>1341.1</ele><time>2026-08-18T18:32:39.000Z</time><extensions><TT:RideData eng="66.3" air="23.9" spd="70.3" rpm="5250"/></extensions></trkpt>
      <trkpt lat="45.349181" lon="-121.437111"><ele>1331.7</ele><time>2026-08-18T18:32:47.000Z</time><extensions><TT:RideData eng="66.2" air="24.2" spd="46.9" rpm="3470"/></extensions></trkpt>
      <trkpt lat="45.349033" lon="-121.436116"><ele>1323.2</ele><time>2026-08-18T18:32:55.000Z</time><extensions><TT:RideData eng="66.4" air="24.2" spd="50.1" rpm="5556"/></extensions></trkpt>
      <trkpt lat="45.349055" lon="-121.434701"><ele>1314.2</ele><time>2026-08-18T18:33:03.000Z</time><extensions><TT:RideData eng="67.0" air="24.2" spd="56.2" rpm="4178"/></extensions></trkpt>
      <trkpt lat="45.349215" lon="-121.433165"><ele>1306.6</ele><time>2026-08-18T18:33:11.000Z</time><extensions><TT:RideData eng="67.0" air="24.0" spd="56.9" rpm="4328"/></extensions></trkpt>
      <trkpt lat="45.349686" lon="-121.431551"><ele>1298.0</ele><time>2026-08-18T18:33:19.000Z</time><extensions><TT:RideData eng="66.9" air="24.3" spd="54.6" rpm="4060"/></extensions></trkpt>
      <trkpt lat="45.349918" lon="-121.430210"><ele>1288.7</ele><time>2026-08-18T18:33:27.000Z</time><extensions><TT:RideData eng="66.3" air="24.3" spd="55.4" rpm="4367"/></extensions></trkpt>
      <trkpt lat="45.349169" lon="-121.428956"><ele>1275.2</ele><time>2026-08-18T18:33:35.000Z</time><extensions><TT:RideData eng="66.4" air="24.4" spd="60.8" rpm="4828"/></extensions></trkpt>
      <trkpt lat="45.348500" lon="-121.427526"><ele>1263.5</ele><time>2026-08-18T18:33:43.000Z</time><extensions><TT:RideData eng="66.8" air="25.2" spd="55.5" rpm="4465"/></extensions></trkpt>
      <trkpt lat="45.348486" lon="-121.425845"><ele>1255.2</ele><time>2026-08-18T18:33:51.000Z</time><extensions><TT:RideData eng="67.2" air="25.6" spd="66.0" rpm="4905"/></extensions></trkpt>
      <trkpt lat="45.348318" lon="-121.424061"><ele>1247.2</ele><time>2026-08-18T18:33:59.000Z</time><extensions><TT:RideData eng="67.3" air="26.2" spd="56.3" rpm="4188"/></extensions></trkpt>
      <trkpt lat="45.348488" lon="-121.422366"><ele>1236.4</ele><time>2026-08-18T18:34:07.000Z</time><extensions><TT:RideData eng="66.5" air="26.2" spd="70.2" rpm="5637"/></extensions></trkpt>
      <trkpt lat="45.349118" lon="-121.420881"><ele>1229.1</ele><time>2026-08-18T18:34:15.000Z</time><extensions><TT:RideData eng="66.6" air="26.0" spd="68.9" rpm="5424"/></extensions></trkpt>
      <trkpt lat="45.350136" lon="-121.419428"><ele>1221.9</ele><time>2026-08-18T18:34:23.000Z</time><extensions><TT:RideData eng="66.7" air="25.4" spd="59.5" rpm="4704"/></extensions></trkpt>
      <trkpt lat="45.350973" lon="-121.417996"><ele>1213.8</ele><time>2026-08-18T18:34:31.000Z</time><extensions><TT:RideData eng="66.9" air="25.7" spd="55.3" rpm="4337"/></extensions></trkpt>
      <trkpt lat="45.351960" lon="-121.417060"><ele>1205.9</ele><time>2026-08-18T18:34:39.000Z</time><extensions><TT:RideData eng="67.2" air="25.7" spd="53.2" rpm="3973"/></extensions></trkpt>
      <trkpt lat="45.353040" lon="-121.417395"><ele>1194.3</ele><time>2026-08-18T18:34:47.000Z</time><extensions><TT:RideData eng="67.1" air="25.8" spd="54.0" rpm="4013"/></extensions></trkpt>
      <trkpt lat="45.353828" lon="-121.417950"><ele>1184.1</ele><time>2026-08-18T18:34:55.000Z</time><extensions><TT:RideData eng="67.0" air="25.6" spd="28.8" rpm="2913"/></extensions></trkpt>
      <trkpt lat="45.354473" lon="-121.417403"><ele>1168.8</ele><time>2026-08-18T18:35:03.000Z</time><extensions><TT:RideData eng="67.2" air="25.2" spd="48.8" rpm="4418"/></extensions></trkpt>
      <trkpt lat="45.355346" lon="-121.416580"><ele>1154.9</ele><time>2026-08-18T18:35:11.000Z</time><extensions><TT:RideData eng="67.5" air="24.9" spd="51.1" rpm="3928"/></extensions></trkpt>
      <trkpt lat="45.355786" lon="-121.415181"><ele>1144.7</ele><time>2026-08-18T18:35:19.000Z</time><extensions><TT:RideData eng="67.2" air="25.1" spd="54.5" rpm="4271"/></extensions></trkpt>
      <trkpt lat="45.356290" lon="-121.413578"><ele>1135.9</ele><time>2026-08-18T18:35:27.000Z</time><extensions><TT:RideData eng="67.0" air="26.0" spd="69.3" rpm="5347"/></extensions></trkpt>
      <trkpt lat="45.356616" lon="-121.411548"><ele>1127.3</ele><time>2026-08-18T18:35:35.000Z</time><extensions><TT:RideData eng="67.2" air="26.6" spd="71.4" rpm="5599"/></extensions></trkpt>
      <trkpt lat="45.357028" lon="-121.409540"><ele>1118.0</ele><time>2026-08-18T18:35:43.000Z</time><extensions><TT:RideData eng="67.5" air="26.4" spd="60.3" rpm="4480"/></extensions></trkpt>
      <trkpt lat="45.357761" lon="-121.408178"><ele>1107.3</ele><time>2026-08-18T18:35:51.000Z</time><extensions><TT:RideData eng="67.1" air="26.2" spd="67.5" rpm="5262"/></extensions></trkpt>
      <trkpt lat="45.358800" lon="-121.406896"><ele>1094.8</ele><time>2026-08-18T18:35:59.000Z</time><extensions><TT:RideData eng="67.0" air="26.1" spd="59.4" rpm="4691"/></extensions></trkpt>
      <trkpt lat="45.359391" lon="-121.405386"><ele>1086.6</ele><time>2026-08-18T18:36:07.000Z</time><extensions><TT:RideData eng="67.0" air="26.3" spd="60.9" rpm="4769"/></extensions></trkpt>
      <trkpt lat="45.360038" lon="-121.404158"><ele>1077.9</ele><time>2026-08-18T18:36:15.000Z</time><extensions><TT:RideData eng="67.1" air="26.3" spd="52.7" rpm="3927"/></extensions></trkpt>
      <trkpt lat="45.360890" lon="-121.403601"><ele>1069.8</ele><time>2026-08-18T18:36:23.000Z</time><extensions><TT:RideData eng="67.3" air="26.1" spd="51.3" rpm="3848"/></extensions></trkpt>
      <trkpt lat="45.361105" lon="-121.401983"><ele>1062.4</ele><time>2026-08-18T18:36:31.000Z</time><extensions><TT:RideData eng="67.4" air="26.0" spd="67.2" rpm="5254"/></extensions></trkpt>
      <trkpt lat="45.361438" lon="-121.400136"><ele>1056.0</ele><time>2026-08-18T18:36:39.000Z</time><extensions><TT:RideData eng="67.1" air="26.0" spd="59.8" rpm="4680"/></extensions></trkpt>
      <trkpt lat="45.361591" lon="-121.398423"><ele>1048.0</ele><time>2026-08-18T18:36:47.000Z</time><extensions><TT:RideData eng="67.1" air="26.0" spd="65.7" rpm="4981"/></extensions></trkpt>
      <trkpt lat="45.361600" lon="-121.396550"><ele>1041.0</ele><time>2026-08-18T18:36:55.000Z</time><extensions><TT:RideData eng="67.4" air="26.8" spd="62.4" rpm="4634"/></extensions></trkpt>
      <trkpt lat="45.360923" lon="-121.395053"><ele>1029.1</ele><time>2026-08-18T18:37:03.000Z</time><extensions><TT:RideData eng="67.4" air="27.0" spd="63.2" rpm="4919"/></extensions></trkpt>
      <trkpt lat="45.360505" lon="-121.393391"><ele>1019.8</ele><time>2026-08-18T18:37:11.000Z</time><extensions><TT:RideData eng="67.4" air="27.4" spd="65.6" rpm="5190"/></extensions></trkpt>
      <trkpt lat="45.360386" lon="-121.391611"><ele>1010.6</ele><time>2026-08-18T18:37:19.000Z</time><extensions><TT:RideData eng="67.5" air="27.2" spd="62.5" rpm="4667"/></extensions></trkpt>
      <trkpt lat="45.360021" lon="-121.389928"><ele>1001.4</ele><time>2026-08-18T18:37:27.000Z</time><extensions><TT:RideData eng="67.4" air="27.1" spd="72.7" rpm="5638"/></extensions></trkpt>
      <trkpt lat="45.359018" lon="-121.388503"><ele>992.1</ele><time>2026-08-18T18:37:35.000Z</time><extensions><TT:RideData eng="67.5" air="27.2" spd="70.7" rpm="5648"/></extensions></trkpt>
      <trkpt lat="45.358551" lon="-121.386680"><ele>983.7</ele><time>2026-08-18T18:37:43.000Z</time><extensions><TT:RideData eng="67.6" air="27.2" spd="63.3" rpm="5014"/></extensions></trkpt>
      <trkpt lat="45.358431" lon="-121.384776"><ele>975.6</ele><time>2026-08-18T18:37:51.000Z</time><extensions><TT:RideData eng="67.4" air="26.9" spd="70.0" rpm="5549"/></extensions></trkpt>
      <trkpt lat="45.358720" lon="-121.382786"><ele>966.6</ele><time>2026-08-18T18:37:59.000Z</time><extensions><TT:RideData eng="66.9" air="26.9" spd="72.2" rpm="5702"/></extensions></trkpt>
      <trkpt lat="45.359028" lon="-121.380708"><ele>957.8</ele><time>2026-08-18T18:38:07.000Z</time><extensions><TT:RideData eng="67.0" air="26.8" spd="72.5" rpm="5624"/></extensions></trkpt>
      <trkpt lat="45.359268" lon="-121.378805"><ele>950.1</ele><time>2026-08-18T18:38:15.000Z</time><extensions><TT:RideData eng="67.5" air="26.8" spd="74.9" rpm="5925"/></extensions></trkpt>
      <trkpt lat="45.359935" lon="-121.376836"><ele>943.3</ele><time>2026-08-18T18:38:23.000Z</time><extensions><TT:RideData eng="68.1" air="27.3" spd="75.4" rpm="5914"/></extensions></trkpt>
      <trkpt lat="45.360456" lon="-121.374820"><ele>936.3</ele><time>2026-08-18T18:38:31.000Z</time><extensions><TT:RideData eng="68.3" air="27.4" spd="76.5" rpm="6055"/></extensions></trkpt>
      <trkpt lat="45.360208" lon="-121.372528"><ele>929.2</ele><time>2026-08-18T18:38:39.000Z</time><extensions><TT:RideData eng="67.9" air="27.4" spd="81.1" rpm="6267"/></extensions></trkpt>
      <trkpt lat="45.359846" lon="-121.370665"><ele>922.1</ele><time>2026-08-18T18:38:47.000Z</time><extensions><TT:RideData eng="67.6" air="27.5" spd="50.4" rpm="4049"/></extensions></trkpt>
      <trkpt lat="45.360428" lon="-121.369721"><ele>914.9</ele><time>2026-08-18T18:38:55.000Z</time><extensions><TT:RideData eng="67.7" air="27.8" spd="61.4" rpm="4934"/></extensions></trkpt>
      <trkpt lat="45.360696" lon="-121.367751"><ele>908.2</ele><time>2026-08-18T18:39:03.000Z</time><extensions><TT:RideData eng="67.8" air="27.5" spd="76.7" rpm="6088"/></extensions></trkpt>
      <trkpt lat="45.361068" lon="-121.365643"><ele>900.5</ele><time>2026-08-18T18:39:11.000Z</time><extensions><TT:RideData eng="67.8" air="27.5" spd="70.8" rpm="5620"/></extensions></trkpt>
      <trkpt lat="45.361050" lon="-121.363508"><ele>894.8</ele><time>2026-08-18T18:39:19.000Z</time><extensions><TT:RideData eng="67.8" air="27.4" spd="79.0" rpm="6309"/></extensions></trkpt>
      <trkpt lat="45.360863" lon="-121.361250"><ele>890.2</ele><time>2026-08-18T18:39:27.000Z</time><extensions><TT:RideData eng="68.2" air="27.4" spd="76.1" rpm="6030"/></extensions></trkpt>
      <trkpt lat="45.360503" lon="-121.359523"><ele>885.5</ele><time>2026-08-18T18:39:35.000Z</time><extensions><TT:RideData eng="68.4" air="27.6" spd="45.0" rpm="2081"/></extensions></trkpt>
      <trkpt lat="45.360223" lon="-121.358795"><ele>879.1</ele><time>2026-08-18T18:39:43.000Z</time><extensions><TT:RideData eng="68.1" air="27.4" spd="14.6" rpm="1977"/></extensions></trkpt>
      <trkpt lat="45.359966" lon="-121.358593"><ele>877.2</ele><time>2026-08-18T18:39:51.000Z</time><extensions><TT:RideData eng="68.4" air="27.3" spd="12.4" rpm="1963"/></extensions></trkpt>
      <trkpt lat="45.359908" lon="-121.358543"><ele>877.2</ele><time>2026-08-18T18:39:59.000Z</time><extensions><TT:RideData eng="70.1" air="27.3" spd="0.0" rpm="3749"/></extensions></trkpt>
      <trkpt lat="45.359730" lon="-121.358050"><ele>876.7</ele><time>2026-08-18T18:40:07.000Z</time><extensions><TT:RideData eng="71.7" air="27.4" spd="46.5" rpm="5210"/></extensions></trkpt>
      <trkpt lat="45.359191" lon="-121.356705"><ele>875.4</ele><time>2026-08-18T18:40:15.000Z</time><extensions><TT:RideData eng="72.0" air="27.4" spd="59.0" rpm="5093"/></extensions></trkpt>
      <trkpt lat="45.358780" lon="-121.355035"><ele>872.6</ele><time>2026-08-18T18:40:23.000Z</time><extensions><TT:RideData eng="71.6" air="28.2" spd="65.1" rpm="5885"/></extensions></trkpt>
      <trkpt lat="45.358373" lon="-121.353195"><ele>869.0</ele><time>2026-08-18T18:40:31.000Z</time><extensions><TT:RideData eng="71.0" air="28.3" spd="65.0" rpm="5103"/></extensions></trkpt>
      <trkpt lat="45.357801" lon="-121.351486"><ele>863.7</ele><time>2026-08-18T18:40:39.000Z</time><extensions><TT:RideData eng="70.4" air="27.9" spd="65.7" rpm="5193"/></extensions></trkpt>
      <trkpt lat="45.357431" lon="-121.349598"><ele>859.4</ele><time>2026-08-18T18:40:47.000Z</time><extensions><TT:RideData eng="69.8" air="28.1" spd="57.3" rpm="4157"/></extensions></trkpt>
      <trkpt lat="45.356795" lon="-121.348248"><ele>854.6</ele><time>2026-08-18T18:40:55.000Z</time><extensions><TT:RideData eng="69.3" air="27.9" spd="53.6" rpm="4105"/></extensions></trkpt>
      <trkpt lat="45.355746" lon="-121.348251"><ele>848.6</ele><time>2026-08-18T18:41:03.000Z</time><extensions><TT:RideData eng="68.8" air="27.9" spd="41.6" rpm="4723"/></extensions></trkpt>
      <trkpt lat="45.354726" lon="-121.347936"><ele>843.5</ele><time>2026-08-18T18:41:11.000Z</time><extensions><TT:RideData eng="68.7" air="27.9" spd="60.5" rpm="5917"/></extensions></trkpt>
      <trkpt lat="45.353561" lon="-121.348180"><ele>839.9</ele><time>2026-08-18T18:41:19.000Z</time><extensions><TT:RideData eng="69.1" air="27.8" spd="38.0" rpm="4003"/></extensions></trkpt>
      <trkpt lat="45.353100" lon="-121.349285"><ele>835.3</ele><time>2026-08-18T18:41:27.000Z</time><extensions><TT:RideData eng="69.6" air="28.3" spd="46.2" rpm="4368"/></extensions></trkpt>
      <trkpt lat="45.352225" lon="-121.349260"><ele>831.9</ele><time>2026-08-18T18:41:35.000Z</time><extensions><TT:RideData eng="70.0" air="28.6" spd="67.0" rpm="5739"/></extensions></trkpt>
      <trkpt lat="45.350763" lon="-121.349146"><ele>827.8</ele><time>2026-08-18T18:41:43.000Z</time><extensions><TT:RideData eng="69.9" air="28.2" spd="76.6" rpm="6131"/></extensions></trkpt>
      <trkpt lat="45.349276" lon="-121.348961"><ele>823.6</ele><time>2026-08-18T18:41:51.000Z</time><extensions><TT:RideData eng="69.7" air="28.2" spd="64.3" rpm="5118"/></extensions></trkpt>
      <trkpt lat="45.348244" lon="-121.347631"><ele>818.3</ele><time>2026-08-18T18:41:59.000Z</time><extensions><TT:RideData eng="69.4" air="28.0" spd="78.0" rpm="6300"/></extensions></trkpt>
      <trkpt lat="45.347214" lon="-121.345858"><ele>813.1</ele><time>2026-08-18T18:42:07.000Z</time><extensions><TT:RideData eng="69.3" air="28.3" spd="77.5" rpm="6283"/></extensions></trkpt>
      <trkpt lat="45.346164" lon="-121.344211"><ele>807.1</ele><time>2026-08-18T18:42:15.000Z</time><extensions><TT:RideData eng="69.2" air="28.2" spd="67.4" rpm="5258"/></extensions></trkpt>
      <trkpt lat="45.345491" lon="-121.342685"><ele>801.7</ele><time>2026-08-18T18:42:23.000Z</time><extensions><TT:RideData eng="68.9" air="28.0" spd="71.8" rpm="6051"/></extensions></trkpt>
      <trkpt lat="45.345523" lon="-121.340495"><ele>797.8</ele><time>2026-08-18T18:42:31.000Z</time><extensions><TT:RideData eng="69.0" air="27.9" spd="73.9" rpm="5339"/></extensions></trkpt>
      <trkpt lat="45.345558" lon="-121.338801"><ele>793.5</ele><time>2026-08-18T18:42:39.000Z</time><extensions><TT:RideData eng="69.1" air="27.9" spd="9.2" rpm="2265"/></extensions></trkpt>
      <trkpt lat="45.345533" lon="-121.338911"><ele>789.5</ele><time>2026-08-18T18:42:47.000Z</time><extensions><TT:RideData eng="70.2" air="28.1" spd="0.0" rpm="1926"/></extensions></trkpt>
      <trkpt lat="45.345463" lon="-121.338970"><ele>790.7</ele><time>2026-08-18T18:46:08.000Z</time><extensions><TT:RideData eng="78.9" air="30.5" spd="5.2" rpm="0"/></extensions></trkpt>
      <trkpt lat="45.345228" lon="-121.340216"><ele>793.2</ele><time>2026-08-18T20:04:36.000Z</time><extensions><TT:RideData eng="41.1" air="31.2" spd="75.3" rpm="5807"/></extensions></trkpt>
      <trkpt lat="45.344641" lon="-121.341570"><ele>805.9</ele><time>2026-08-18T20:04:44.000Z</time><extensions><TT:RideData eng="43.5" air="30.9" spd="65.4" rpm="5107"/></extensions></trkpt>
      <trkpt lat="45.344050" lon="-121.343270"><ele>797.1</ele><time>2026-08-18T20:04:52.000Z</time><extensions><TT:RideData eng="45.1" air="30.7" spd="46.8" rpm="3665"/></extensions></trkpt>
      <trkpt lat="45.343109" lon="-121.342591"><ele>785.3</ele><time>2026-08-18T20:05:00.000Z</time><extensions><TT:RideData eng="46.5" air="30.9" spd="61.6" rpm="4863"/></extensions></trkpt>
      <trkpt lat="45.341991" lon="-121.341465"><ele>771.5</ele><time>2026-08-18T20:05:08.000Z</time><extensions><TT:RideData eng="48.1" air="30.2" spd="64.8" rpm="4992"/></extensions></trkpt>
      <trkpt lat="45.341080" lon="-121.340086"><ele>760.1</ele><time>2026-08-18T20:05:16.000Z</time><extensions><TT:RideData eng="49.5" air="30.3" spd="53.9" rpm="4230"/></extensions></trkpt>
      <trkpt lat="45.340208" lon="-121.339388"><ele>748.3</ele><time>2026-08-18T20:05:24.000Z</time><extensions><TT:RideData eng="50.2" air="30.1" spd="50.0" rpm="3908"/></extensions></trkpt>
      <trkpt lat="45.339143" lon="-121.340513"><ele>734.6</ele><time>2026-08-18T20:05:32.000Z</time><extensions><TT:RideData eng="51.2" air="30.6" spd="60.7" rpm="4752"/></extensions></trkpt>
      <trkpt lat="45.339283" lon="-121.342385"><ele>721.3</ele><time>2026-08-18T20:05:40.000Z</time><extensions><TT:RideData eng="52.5" air="30.7" spd="68.9" rpm="5510"/></extensions></trkpt>
      <trkpt lat="45.340285" lon="-121.344173"><ele>707.1</ele><time>2026-08-18T20:05:48.000Z</time><extensions><TT:RideData eng="53.9" air="30.7" spd="63.4" rpm="4990"/></extensions></trkpt>
      <trkpt lat="45.340938" lon="-121.345806"><ele>694.7</ele><time>2026-08-18T20:05:56.000Z</time><extensions><TT:RideData eng="54.8" air="30.9" spd="52.3" rpm="3895"/></extensions></trkpt>
      <trkpt lat="45.341363" lon="-121.347161"><ele>685.7</ele><time>2026-08-18T20:06:04.000Z</time><extensions><TT:RideData eng="55.1" air="31.0" spd="55.2" rpm="4473"/></extensions></trkpt>
      <trkpt lat="45.340878" lon="-121.348536"><ele>681.5</ele><time>2026-08-18T20:06:12.000Z</time><extensions><TT:RideData eng="55.9" air="30.9" spd="61.8" rpm="5080"/></extensions></trkpt>
      <trkpt lat="45.339886" lon="-121.349343"><ele>675.7</ele><time>2026-08-18T20:06:20.000Z</time><extensions><TT:RideData eng="57.6" air="31.4" spd="58.6" rpm="4723"/></extensions></trkpt>
      <trkpt lat="45.339051" lon="-121.349480"><ele>673.6</ele><time>2026-08-18T20:06:28.000Z</time><extensions><TT:RideData eng="58.9" air="31.4" spd="72.1" rpm="5843"/></extensions></trkpt>
      <trkpt lat="45.337681" lon="-121.348266"><ele>667.5</ele><time>2026-08-18T20:06:36.000Z</time><extensions><TT:RideData eng="60.1" air="31.3" spd="74.5" rpm="5990"/></extensions></trkpt>
      <trkpt lat="45.336403" lon="-121.347161"><ele>661.2</ele><time>2026-08-18T20:06:44.000Z</time><extensions><TT:RideData eng="61.2" air="31.2" spd="69.0" rpm="5403"/></extensions></trkpt>
      <trkpt lat="45.335536" lon="-121.345751"><ele>654.0</ele><time>2026-08-18T20:06:52.000Z</time><extensions><TT:RideData eng="61.8" air="31.0" spd="66.5" rpm="5338"/></extensions></trkpt>
      <trkpt lat="45.335536" lon="-121.343720"><ele>645.8</ele><time>2026-08-18T20:07:00.000Z</time><extensions><TT:RideData eng="62.5" air="30.7" spd="66.3" rpm="5123"/></extensions></trkpt>
      <trkpt lat="45.335286" lon="-121.342025"><ele>636.8</ele><time>2026-08-18T20:07:08.000Z</time><extensions><TT:RideData eng="63.1" air="30.3" spd="62.8" rpm="5082"/></extensions></trkpt>
      <trkpt lat="45.334258" lon="-121.341458"><ele>628.4</ele><time>2026-08-18T20:07:16.000Z</time><extensions><TT:RideData eng="63.7" air="30.1" spd="68.2" rpm="5390"/></extensions></trkpt>
      <trkpt lat="45.332790" lon="-121.342243"><ele>623.4</ele><time>2026-08-18T20:07:24.000Z</time><extensions><TT:RideData eng="64.3" air="30.3" spd="67.3" rpm="5389"/></extensions></trkpt>
      <trkpt lat="45.332626" lon="-121.343763"><ele>612.4</ele><time>2026-08-18T20:07:32.000Z</time><extensions><TT:RideData eng="65.1" air="30.0" spd="61.8" rpm="4895"/></extensions></trkpt>
      <trkpt lat="45.333421" lon="-121.345336"><ele>599.8</ele><time>2026-08-18T20:07:40.000Z</time><extensions><TT:RideData eng="65.6" air="30.3" spd="61.5" rpm="4933"/></extensions></trkpt>
      <trkpt lat="45.333111" lon="-121.347291"><ele>600.0</ele><time>2026-08-18T20:07:48.000Z</time><extensions><TT:RideData eng="66.2" air="30.4" spd="55.7" rpm="4451"/></extensions></trkpt>
      <trkpt lat="45.333188" lon="-121.348885"><ele>599.8</ele><time>2026-08-18T20:07:56.000Z</time><extensions><TT:RideData eng="66.7" air="30.3" spd="65.1" rpm="5291"/></extensions></trkpt>
      <trkpt lat="45.333788" lon="-121.350455"><ele>599.2</ele><time>2026-08-18T20:08:04.000Z</time><extensions><TT:RideData eng="67.5" air="30.7" spd="72.5" rpm="5878"/></extensions></trkpt>
      <trkpt lat="45.334278" lon="-121.352325"><ele>600.4</ele><time>2026-08-18T20:08:12.000Z</time><extensions><TT:RideData eng="68.1" air="30.8" spd="74.4" rpm="6022"/></extensions></trkpt>
      <trkpt lat="45.334805" lon="-121.354243"><ele>601.0</ele><time>2026-08-18T20:08:20.000Z</time><extensions><TT:RideData eng="68.4" air="30.5" spd="74.3" rpm="5952"/></extensions></trkpt>
      <trkpt lat="45.335113" lon="-121.356043"><ele>596.8</ele><time>2026-08-18T20:08:28.000Z</time><extensions><TT:RideData eng="68.7" air="30.3" spd="74.1" rpm="5958"/></extensions></trkpt>
      <trkpt lat="45.335651" lon="-121.357640"><ele>590.7</ele><time>2026-08-18T20:08:36.000Z</time><extensions><TT:RideData eng="68.9" air="29.9" spd="72.5" rpm="5781"/></extensions></trkpt>
      <trkpt lat="45.336356" lon="-121.358928"><ele>584.4</ele><time>2026-08-18T20:08:44.000Z</time><extensions><TT:RideData eng="69.0" air="30.1" spd="47.0" rpm="3464"/></extensions></trkpt>
      <trkpt lat="45.336885" lon="-121.359941"><ele>580.1</ele><time>2026-08-18T20:08:52.000Z</time><extensions><TT:RideData eng="69.3" air="30.2" spd="33.3" rpm="6055"/></extensions></trkpt>
      <trkpt lat="45.336929" lon="-121.361146"><ele>577.0</ele><time>2026-08-18T20:09:00.000Z</time><extensions><TT:RideData eng="69.6" air="30.2" spd="58.7" rpm="5432"/></extensions></trkpt>
      <trkpt lat="45.336463" lon="-121.363553"><ele>571.2</ele><time>2026-08-18T20:09:21.000Z</time><extensions><TT:RideData eng="69.1" air="29.7" spd="67.9" rpm="5380"/></extensions></trkpt>
      <trkpt lat="45.335118" lon="-121.363835"><ele>565.9</ele><time>2026-08-18T20:09:29.000Z</time><extensions><TT:RideData eng="68.4" air="29.4" spd="72.8" rpm="5641"/></extensions></trkpt>
      <trkpt lat="45.333268" lon="-121.363481"><ele>560.4</ele><time>2026-08-18T20:09:37.000Z</time><extensions><TT:RideData eng="67.7" air="29.7" spd="63.4" rpm="4642"/></extensions></trkpt>
      <trkpt lat="45.332186" lon="-121.364253"><ele>553.0</ele><time>2026-08-18T20:09:45.000Z</time><extensions><TT:RideData eng="67.0" air="29.9" spd="56.2" rpm="4285"/></extensions></trkpt>
      <trkpt lat="45.331645" lon="-121.365770"><ele>545.1</ele><time>2026-08-18T20:09:53.000Z</time><extensions><TT:RideData eng="66.7" air="30.1" spd="56.1" rpm="4333"/></extensions></trkpt>
      <trkpt lat="45.331006" lon="-121.367100"><ele>538.1</ele><time>2026-08-18T20:10:01.000Z</time><extensions><TT:RideData eng="66.5" air="30.0" spd="67.0" rpm="5266"/></extensions></trkpt>
      <trkpt lat="45.330776" lon="-121.367481"><ele>535.2</ele><time>2026-08-18T20:10:09.000Z</time><extensions><TT:RideData eng="66.6" air="29.8" spd="71.5" rpm="5848"/></extensions></trkpt>
      <trkpt lat="45.330791" lon="-121.366453"><ele>531.1</ele><time>2026-08-18T20:10:17.000Z</time><extensions><TT:RideData eng="67.1" air="29.4" spd="69.3" rpm="5434"/></extensions></trkpt>
      <trkpt lat="45.328225" lon="-121.362946"><ele>528.2</ele><time>2026-08-18T20:10:25.000Z</time><extensions><TT:RideData eng="67.5" air="29.1" spd="75.6" rpm="6207"/></extensions></trkpt>
      <trkpt lat="45.326720" lon="-121.362510"><ele>522.4</ele><time>2026-08-18T20:10:33.000Z</time><extensions><TT:RideData eng="68.1" air="28.9" spd="79.4" rpm="6340"/></extensions></trkpt>
      <trkpt lat="45.324971" lon="-121.362070"><ele>515.0</ele><time>2026-08-18T20:10:41.000Z</time><extensions><TT:RideData eng="68.2" air="29.0" spd="82.0" rpm="6514"/></extensions></trkpt>
      <trkpt lat="45.323341" lon="-121.361823"><ele>506.3</ele><time>2026-08-18T20:10:49.000Z</time><extensions><TT:RideData eng="67.8" air="29.3" spd="81.3" rpm="6619"/></extensions></trkpt>
      <trkpt lat="45.321765" lon="-121.362013"><ele>499.6</ele><time>2026-08-18T20:10:57.000Z</time><extensions><TT:RideData eng="68.3" air="29.6" spd="82.8" rpm="6777"/></extensions></trkpt>
      <trkpt lat="45.320278" lon="-121.362555"><ele>493.2</ele><time>2026-08-18T20:11:05.000Z</time><extensions><TT:RideData eng="68.7" air="29.6" spd="72.5" rpm="5847"/></extensions></trkpt>
      <trkpt lat="45.319056" lon="-121.362303"><ele>487.4</ele><time>2026-08-18T20:11:13.000Z</time><extensions><TT:RideData eng="69.1" air="29.7" spd="66.9" rpm="5342"/></extensions></trkpt>
      <trkpt lat="45.318500" lon="-121.360606"><ele>482.2</ele><time>2026-08-18T20:11:21.000Z</time><extensions><TT:RideData eng="69.5" air="29.9" spd="61.1" rpm="4856"/></extensions></trkpt>
      <trkpt lat="45.317136" lon="-121.360316"><ele>476.2</ele><time>2026-08-18T20:11:29.000Z</time><extensions><TT:RideData eng="69.8" air="30.1" spd="73.5" rpm="5799"/></extensions></trkpt>
      <trkpt lat="45.315643" lon="-121.361020"><ele>468.4</ele><time>2026-08-18T20:11:37.000Z</time><extensions><TT:RideData eng="69.3" air="30.0" spd="67.1" rpm="5204"/></extensions></trkpt>
      <trkpt lat="45.313606" lon="-121.360096"><ele>456.4</ele><time>2026-08-18T20:11:51.000Z</time><extensions><TT:RideData eng="68.2" air="30.0" spd="63.2" rpm="4947"/></extensions></trkpt>
      <trkpt lat="45.311213" lon="-121.360035"><ele>448.4</ele><time>2026-08-18T20:12:02.000Z</time><extensions><TT:RideData eng="67.7" air="30.7" spd="76.2" rpm="6006"/></extensions></trkpt>
      <trkpt lat="45.310355" lon="-121.361703"><ele>442.6</ele><time>2026-08-18T20:12:10.000Z</time><extensions><TT:RideData eng="67.6" air="30.8" spd="80.2" rpm="6309"/></extensions></trkpt>
      <trkpt lat="45.309871" lon="-121.364295"><ele>482.1</ele><time>2026-08-18T20:12:18.000Z</time><extensions><TT:RideData eng="67.6" air="30.7" spd="74.4" rpm="5847"/></extensions></trkpt>
      <trkpt lat="45.309733" lon="-121.366783"><ele>522.7</ele><time>2026-08-18T20:12:26.000Z</time><extensions><TT:RideData eng="67.9" air="30.3" spd="78.6" rpm="6151"/></extensions></trkpt>
      <trkpt lat="45.310079" lon="-121.369101"><ele>543.0</ele><time>2026-08-18T20:12:34.000Z</time><extensions><TT:RideData eng="68.2" air="30.1" spd="67.0" rpm="5097"/></extensions></trkpt>
      <trkpt lat="45.310690" lon="-121.370813"><ele>581.4</ele><time>2026-08-18T20:12:42.000Z</time><extensions><TT:RideData eng="68.3" air="29.8" spd="47.1" rpm="4273"/></extensions></trkpt>
      <trkpt lat="45.310705" lon="-121.372146"><ele>612.6</ele><time>2026-08-18T20:12:50.000Z</time><extensions><TT:RideData eng="68.5" air="29.6" spd="56.6" rpm="5350"/></extensions></trkpt>
      <trkpt lat="45.310036" lon="-121.370926"><ele>634.6</ele><time>2026-08-18T20:12:58.000Z</time><extensions><TT:RideData eng="69.2" air="29.3" spd="63.2" rpm="4907"/></extensions></trkpt>
      <trkpt lat="45.308229" lon="-121.368280"><ele>659.8</ele><time>2026-08-18T20:13:06.000Z</time><extensions><TT:RideData eng="69.8" air="29.6" spd="62.4" rpm="5060"/></extensions></trkpt>
      <trkpt lat="45.308050" lon="-121.366970"><ele>676.9</ele><time>2026-08-18T20:13:14.000Z</time><extensions><TT:RideData eng="70.4" air="29.7" spd="55.1" rpm="4363"/></extensions></trkpt>
      <trkpt lat="45.307931" lon="-121.366418"><ele>690.6</ele><time>2026-08-18T20:13:22.000Z</time><extensions><TT:RideData eng="70.7" air="29.9" spd="33.9" rpm="3785"/></extensions></trkpt>
      <trkpt lat="45.307166" lon="-121.364565"><ele>713.0</ele><time>2026-08-18T20:13:30.000Z</time><extensions><TT:RideData eng="71.0" air="30.1" spd="44.8" rpm="5071"/></extensions></trkpt>
      <trkpt lat="45.306718" lon="-121.363291"><ele>727.9</ele><time>2026-08-18T20:13:38.000Z</time><extensions><TT:RideData eng="71.4" air="29.7" spd="54.0" rpm="5074"/></extensions></trkpt>
      <trkpt lat="45.305831" lon="-121.363073"><ele>751.9</ele><time>2026-08-18T20:13:46.000Z</time><extensions><TT:RideData eng="71.9" air="29.9" spd="71.3" rpm="5590"/></extensions></trkpt>
      <trkpt lat="45.304676" lon="-121.363855"><ele>754.5</ele><time>2026-08-18T20:13:54.000Z</time><extensions><TT:RideData eng="71.6" air="30.3" spd="64.5" rpm="5326"/></extensions></trkpt>
      <trkpt lat="45.304695" lon="-121.365811"><ele>753.6</ele><time>2026-08-18T20:14:02.000Z</time><extensions><TT:RideData eng="71.2" air="30.5" spd="62.9" rpm="4992"/></extensions></trkpt>
      <trkpt lat="45.304833" lon="-121.367975"><ele>756.3</ele><time>2026-08-18T20:14:10.000Z</time><extensions><TT:RideData eng="70.7" air="30.8" spd="62.5" rpm="4757"/></extensions></trkpt>
      <trkpt lat="45.304370" lon="-121.369545"><ele>761.9</ele><time>2026-08-18T20:14:18.000Z</time><extensions><TT:RideData eng="70.4" air="30.9" spd="62.2" rpm="4933"/></extensions></trkpt>
      <trkpt lat="45.303826" lon="-121.369450"><ele>767.4</ele><time>2026-08-18T20:14:26.000Z</time><extensions><TT:RideData eng="70.8" air="30.5" spd="74.4" rpm="5950"/></extensions></trkpt>
      <trkpt lat="45.302953" lon="-121.368318"><ele>768.0</ele><time>2026-08-18T20:14:34.000Z</time><extensions><TT:RideData eng="70.9" air="30.6" spd="64.4" rpm="5026"/></extensions></trkpt>
      <trkpt lat="45.301721" lon="-121.367261"><ele>767.8</ele><time>2026-08-18T20:14:42.000Z</time><extensions><TT:RideData eng="70.8" air="30.4" spd="79.1" rpm="6234"/></extensions></trkpt>
      <trkpt lat="45.299813" lon="-121.365845"><ele>767.9</ele><time>2026-08-18T20:14:50.000Z</time><extensions><TT:RideData eng="70.4" air="30.0" spd="72.4" rpm="5780"/></extensions></trkpt>
      <trkpt lat="45.298266" lon="-121.364400"><ele>772.4</ele><time>2026-08-18T20:14:58.000Z</time><extensions><TT:RideData eng="70.5" air="30.8" spd="75.8" rpm="5963"/></extensions></trkpt>
      <trkpt lat="45.296995" lon="-121.363090"><ele>778.3</ele><time>2026-08-18T20:15:06.000Z</time><extensions><TT:RideData eng="70.5" air="30.8" spd="72.4" rpm="5743"/></extensions></trkpt>
      <trkpt lat="45.295988" lon="-121.361506"><ele>775.0</ele><time>2026-08-18T20:15:14.000Z</time><extensions><TT:RideData eng="70.1" air="30.2" spd="77.5" rpm="6162"/></extensions></trkpt>
      <trkpt lat="45.294948" lon="-121.359755"><ele>772.6</ele><time>2026-08-18T20:15:22.000Z</time><extensions><TT:RideData eng="69.9" air="30.2" spd="77.1" rpm="6082"/></extensions></trkpt>
      <trkpt lat="45.293936" lon="-121.358076"><ele>770.3</ele><time>2026-08-18T20:15:30.000Z</time><extensions><TT:RideData eng="69.7" air="30.4" spd="75.3" rpm="5870"/></extensions></trkpt>
      <trkpt lat="45.292928" lon="-121.356398"><ele>765.8</ele><time>2026-08-18T20:15:38.000Z</time><extensions><TT:RideData eng="69.7" air="30.7" spd="76.8" rpm="6079"/></extensions></trkpt>
      <trkpt lat="45.291941" lon="-121.354630"><ele>763.2</ele><time>2026-08-18T20:15:46.000Z</time><extensions><TT:RideData eng="69.6" air="30.8" spd="76.5" rpm="5987"/></extensions></trkpt>
      <trkpt lat="45.291538" lon="-121.352555"><ele>762.6</ele><time>2026-08-18T20:15:54.000Z</time><extensions><TT:RideData eng="69.4" air="30.8" spd="72.5" rpm="5781"/></extensions></trkpt>
      <trkpt lat="45.291486" lon="-121.350423"><ele>760.1</ele><time>2026-08-18T20:16:02.000Z</time><extensions><TT:RideData eng="69.4" air="30.4" spd="74.9" rpm="5966"/></extensions></trkpt>
      <trkpt lat="45.291434" lon="-121.348268"><ele>761.7</ele><time>2026-08-18T20:16:10.000Z</time><extensions><TT:RideData eng="69.8" air="30.7" spd="73.7" rpm="5879"/></extensions></trkpt>
      <trkpt lat="45.291090" lon="-121.346178"><ele>764.3</ele><time>2026-08-18T20:16:18.000Z</time><extensions><TT:RideData eng="69.9" air="30.8" spd="74.9" rpm="5917"/></extensions></trkpt>
      <trkpt lat="45.290023" lon="-121.344488"><ele>760.4</ele><time>2026-08-18T20:16:26.000Z</time><extensions><TT:RideData eng="69.7" air="30.8" spd="72.4" rpm="5345"/></extensions></trkpt>
      <trkpt lat="45.288974" lon="-121.343001"><ele>752.6</ele><time>2026-08-18T20:16:34.000Z</time><extensions><TT:RideData eng="69.5" air="30.9" spd="76.1" rpm="6053"/></extensions></trkpt>
      <trkpt lat="45.287874" lon="-121.341421"><ele>744.8</ele><time>2026-08-18T20:16:42.000Z</time><extensions><TT:RideData eng="69.4" air="30.9" spd="72.1" rpm="5931"/></extensions></trkpt>
      <trkpt lat="45.286768" lon="-121.339800"><ele>735.7</ele><time>2026-08-18T20:16:50.000Z</time><extensions><TT:RideData eng="69.4" air="30.8" spd="82.4" rpm="6420"/></extensions></trkpt>
      <trkpt lat="45.285586" lon="-121.338096"><ele>723.1</ele><time>2026-08-18T20:16:58.000Z</time><extensions><TT:RideData eng="69.4" air="30.7" spd="85.0" rpm="6671"/></extensions></trkpt>
      <trkpt lat="45.284396" lon="-121.336331"><ele>710.2</ele><time>2026-08-18T20:17:06.000Z</time><extensions><TT:RideData eng="69.4" air="30.9" spd="79.2" rpm="6050"/></extensions></trkpt>
      <trkpt lat="45.283208" lon="-121.334851"><ele>697.3</ele><time>2026-08-18T20:17:14.000Z</time><extensions><TT:RideData eng="69.5" air="31.1" spd="75.4" rpm="5596"/></extensions></trkpt>
      <trkpt lat="45.281849" lon="-121.334038"><ele>684.3</ele><time>2026-08-18T20:17:22.000Z</time><extensions><TT:RideData eng="69.6" air="31.4" spd="73.7" rpm="5775"/></extensions></trkpt>
      <trkpt lat="45.280448" lon="-121.333380"><ele>671.5</ele><time>2026-08-18T20:17:30.000Z</time><extensions><TT:RideData eng="69.7" air="31.3" spd="37.1" rpm="2193"/></extensions></trkpt>
      <trkpt lat="45.279911" lon="-121.333140"><ele>662.0</ele><time>2026-08-18T20:17:38.000Z</time><extensions><TT:RideData eng="70.3" air="31.3" spd="7.9" rpm="2022"/></extensions></trkpt>
      <trkpt lat="45.279943" lon="-121.333158"><ele>653.9</ele><time>2026-08-18T20:17:46.000Z</time><extensions><TT:RideData eng="71.4" air="31.3" spd="0.0" rpm="1967"/></extensions></trkpt>
      <trkpt lat="45.279943" lon="-121.333155"><ele>652.9</ele><time>2026-08-18T20:17:54.000Z</time><extensions><TT:RideData eng="72.9" air="31.6" spd="0.0" rpm="1944"/></extensions></trkpt>
      <trkpt lat="45.279943" lon="-121.333155"><ele>652.9</ele><time>2026-08-18T20:18:02.000Z</time><extensions><TT:RideData eng="74.2" air="31.8" spd="0.0" rpm="2049"/></extensions></trkpt>
      <trkpt lat="45.279986" lon="-121.333256"><ele>654.1</ele><time>2026-08-18T20:18:10.000Z</time><extensions><TT:RideData eng="75.3" air="31.9" spd="24.0" rpm="4522"/></extensions></trkpt>
      <trkpt lat="45.279716" lon="-121.334306"><ele>657.2</ele><time>2026-08-18T20:18:18.000Z</time><extensions><TT:RideData eng="76.0" air="32.1" spd="43.1" rpm="3924"/></extensions></trkpt>
      <trkpt lat="45.279621" lon="-121.335698"><ele>655.8</ele><time>2026-08-18T20:18:26.000Z</time><extensions><TT:RideData eng="76.5" air="32.3" spd="53.1" rpm="4766"/></extensions></trkpt>
      <trkpt lat="45.279618" lon="-121.337218"><ele>654.0</ele><time>2026-08-18T20:18:34.000Z</time><extensions><TT:RideData eng="76.1" air="31.9" spd="56.2" rpm="5012"/></extensions></trkpt>
      <trkpt lat="45.279736" lon="-121.338830"><ele>649.8</ele><time>2026-08-18T20:18:42.000Z</time><extensions><TT:RideData eng="75.7" air="31.7" spd="63.6" rpm="5094"/></extensions></trkpt>
      <trkpt lat="45.280158" lon="-121.340603"><ele>643.8</ele><time>2026-08-18T20:18:50.000Z</time><extensions><TT:RideData eng="74.8" air="31.9" spd="62.3" rpm="4979"/></extensions></trkpt>
      <trkpt lat="45.280644" lon="-121.342191"><ele>638.8</ele><time>2026-08-18T20:18:58.000Z</time><extensions><TT:RideData eng="74.1" air="31.7" spd="52.8" rpm="4349"/></extensions></trkpt>
      <trkpt lat="45.281563" lon="-121.343171"><ele>635.8</ele><time>2026-08-18T20:19:06.000Z</time><extensions><TT:RideData eng="73.7" air="31.7" spd="54.1" rpm="4291"/></extensions></trkpt>
      <trkpt lat="45.281891" lon="-121.344638"><ele>633.6</ele><time>2026-08-18T20:19:14.000Z</time><extensions><TT:RideData eng="73.3" air="31.6" spd="61.6" rpm="4822"/></extensions></trkpt>
      <trkpt lat="45.282035" lon="-121.346303"><ele>631.9</ele><time>2026-08-18T20:19:22.000Z</time><extensions><TT:RideData eng="73.2" air="31.9" spd="57.3" rpm="4591"/></extensions></trkpt>
      <trkpt lat="45.282681" lon="-121.347840"><ele>629.4</ele><time>2026-08-18T20:19:30.000Z</time><extensions><TT:RideData eng="72.7" air="31.9" spd="64.0" rpm="5199"/></extensions></trkpt>
      <trkpt lat="45.283605" lon="-121.349343"><ele>624.3</ele><time>2026-08-18T20:19:38.000Z</time><extensions><TT:RideData eng="72.2" air="31.7" spd="72.3" rpm="5680"/></extensions></trkpt>
      <trkpt lat="45.284516" lon="-121.350985"><ele>618.5</ele><time>2026-08-18T20:19:46.000Z</time><extensions><TT:RideData eng="71.7" air="31.6" spd="66.9" rpm="5191"/></extensions></trkpt>
      <trkpt lat="45.285083" lon="-121.352831"><ele>614.5</ele><time>2026-08-18T20:19:54.000Z</time><extensions><TT:RideData eng="71.7" air="32.1" spd="72.3" rpm="5827"/></extensions></trkpt>
      <trkpt lat="45.285545" lon="-121.354741"><ele>614.8</ele><time>2026-08-18T20:20:02.000Z</time><extensions><TT:RideData eng="72.0" air="32.2" spd="72.3" rpm="5982"/></extensions></trkpt>
      <trkpt lat="45.285950" lon="-121.356563"><ele>615.6</ele><time>2026-08-18T20:20:10.000Z</time><extensions><TT:RideData eng="72.5" air="32.1" spd="68.4" rpm="5777"/></extensions></trkpt>
      <trkpt lat="45.286715" lon="-121.358385"><ele>614.6</ele><time>2026-08-18T20:20:18.000Z</time><extensions><TT:RideData eng="72.9" air="32.0" spd="75.3" rpm="5952"/></extensions></trkpt>
      <trkpt lat="45.287433" lon="-121.360068"><ele>615.1</ele><time>2026-08-18T20:20:26.000Z</time><extensions><TT:RideData eng="73.0" air="32.1" spd="54.4" rpm="4424"/></extensions></trkpt>
      <trkpt lat="45.287473" lon="-121.361591"><ele>616.7</ele><time>2026-08-18T20:20:34.000Z</time><extensions><TT:RideData eng="73.2" air="32.0" spd="50.3" rpm="4320"/></extensions></trkpt>
      <trkpt lat="45.287501" lon="-121.363031"><ele>619.7</ele><time>2026-08-18T20:20:42.000Z</time><extensions><TT:RideData eng="73.2" air="31.5" spd="51.2" rpm="4624"/></extensions></trkpt>
      <trkpt lat="45.287730" lon="-121.364418"><ele>627.4</ele><time>2026-08-18T20:20:50.000Z</time><extensions><TT:RideData eng="73.6" air="31.1" spd="60.0" rpm="5843"/></extensions></trkpt>
      <trkpt lat="45.288338" lon="-121.366058"><ele>635.0</ele><time>2026-08-18T20:20:58.000Z</time><extensions><TT:RideData eng="74.1" air="30.8" spd="62.3" rpm="4589"/></extensions></trkpt>
      <trkpt lat="45.288908" lon="-121.367621"><ele>644.2</ele><time>2026-08-18T20:21:06.000Z</time><extensions><TT:RideData eng="74.7" air="31.0" spd="69.6" rpm="5811"/></extensions></trkpt>
      <trkpt lat="45.289438" lon="-121.369465"><ele>655.6</ele><time>2026-08-18T20:21:14.000Z</time><extensions><TT:RideData eng="75.3" air="31.2" spd="62.5" rpm="5233"/></extensions></trkpt>
      <trkpt lat="45.290171" lon="-121.371100"><ele>666.9</ele><time>2026-08-18T20:21:22.000Z</time><extensions><TT:RideData eng="75.7" air="31.0" spd="64.0" rpm="5236"/></extensions></trkpt>
      <trkpt lat="45.290865" lon="-121.372631"><ele>676.8</ele><time>2026-08-18T20:21:30.000Z</time><extensions><TT:RideData eng="75.9" air="30.6" spd="71.6" rpm="5908"/></extensions></trkpt>
      <trkpt lat="45.291265" lon="-121.374383"><ele>687.8</ele><time>2026-08-18T20:21:38.000Z</time><extensions><TT:RideData eng="76.1" air="30.6" spd="48.2" rpm="3863"/></extensions></trkpt>
      <trkpt lat="45.290925" lon="-121.375251"><ele>700.7</ele><time>2026-08-18T20:21:46.000Z</time><extensions><TT:RideData eng="75.9" air="30.9" spd="47.5" rpm="5209"/></extensions></trkpt>
      <trkpt lat="45.290439" lon="-121.374196"><ele>710.2</ele><time>2026-08-18T20:21:54.000Z</time><extensions><TT:RideData eng="76.3" air="30.7" spd="74.5" rpm="5939"/></extensions></trkpt>
      <trkpt lat="45.289633" lon="-121.372441"><ele>719.3</ele><time>2026-08-18T20:22:02.000Z</time><extensions><TT:RideData eng="76.2" air="31.2" spd="60.1" rpm="4726"/></extensions></trkpt>
      <trkpt lat="45.288680" lon="-121.371545"><ele>725.4</ele><time>2026-08-18T20:22:10.000Z</time><extensions><TT:RideData eng="75.8" air="31.3" spd="39.9" rpm="3948"/></extensions></trkpt>
      <trkpt lat="45.287946" lon="-121.372270"><ele>733.5</ele><time>2026-08-18T20:22:18.000Z</time><extensions><TT:RideData eng="76.2" air="31.4" spd="63.2" rpm="4975"/></extensions></trkpt>
      <trkpt lat="45.288375" lon="-121.374023"><ele>745.6</ele><time>2026-08-18T20:22:26.000Z</time><extensions><TT:RideData eng="77.0" air="32.2" spd="59.9" rpm="5027"/></extensions></trkpt>
      <trkpt lat="45.288543" lon="-121.375858"><ele>757.6</ele><time>2026-08-18T20:22:34.000Z</time><extensions><TT:RideData eng="77.3" air="31.6" spd="48.8" rpm="3855"/></extensions></trkpt>
      <trkpt lat="45.288908" lon="-121.377471"><ele>767.2</ele><time>2026-08-18T20:22:42.000Z</time><extensions><TT:RideData eng="77.2" air="31.5" spd="65.2" rpm="5204"/></extensions></trkpt>
      <trkpt lat="45.289101" lon="-121.378788"><ele>775.6</ele><time>2026-08-18T20:22:50.000Z</time><extensions><TT:RideData eng="77.1" air="31.4" spd="40.8" rpm="3877"/></extensions></trkpt>
      <trkpt lat="45.288320" lon="-121.379168"><ele>781.2</ele><time>2026-08-18T20:22:58.000Z</time><extensions><TT:RideData eng="76.9" air="31.2" spd="61.4" rpm="6168"/></extensions></trkpt>
      <trkpt lat="45.286795" lon="-121.379011"><ele>785.0</ele><time>2026-08-18T20:23:06.000Z</time><extensions><TT:RideData eng="76.8" air="31.2" spd="71.2" rpm="5663"/></extensions></trkpt>
      <trkpt lat="45.285431" lon="-121.378825"><ele>787.4</ele><time>2026-08-18T20:23:14.000Z</time><extensions><TT:RideData eng="76.0" air="31.2" spd="55.4" rpm="4365"/></extensions></trkpt>
      <trkpt lat="45.284656" lon="-121.377646"><ele>789.9</ele><time>2026-08-18T20:23:22.000Z</time><extensions><TT:RideData eng="75.0" air="31.0" spd="79.9" rpm="6392"/></extensions></trkpt>
      <trkpt lat="45.283940" lon="-121.375578"><ele>786.0</ele><time>2026-08-18T20:23:30.000Z</time><extensions><TT:RideData eng="73.8" air="31.1" spd="65.1" rpm="4891"/></extensions></trkpt>
      <trkpt lat="45.283628" lon="-121.373743"><ele>778.1</ele><time>2026-08-18T20:23:38.000Z</time><extensions><TT:RideData eng="72.7" air="31.0" spd="77.3" rpm="6165"/></extensions></trkpt>
      <trkpt lat="45.283750" lon="-121.371810"><ele>768.5</ele><time>2026-08-18T20:23:46.000Z</time><extensions><TT:RideData eng="71.9" air="31.1" spd="44.4" rpm="3700"/></extensions></trkpt>
      <trkpt lat="45.283131" lon="-121.371188"><ele>761.9</ele><time>2026-08-18T20:23:54.000Z</time><extensions><TT:RideData eng="71.3" air="31.3" spd="66.9" rpm="7273"/></extensions></trkpt>
      <trkpt lat="45.281881" lon="-121.372305"><ele>755.3</ele><time>2026-08-18T20:24:02.000Z</time><extensions><TT:RideData eng="71.5" air="31.6" spd="40.9" rpm="3630"/></extensions></trkpt>
      <trkpt lat="45.281558" lon="-121.373731"><ele>748.2</ele><time>2026-08-18T20:24:10.000Z</time><extensions><TT:RideData eng="71.6" air="31.6" spd="52.3" rpm="4522"/></extensions></trkpt>
      <trkpt lat="45.281186" lon="-121.374815"><ele>740.5</ele><time>2026-08-18T20:24:18.000Z</time><extensions><TT:RideData eng="71.8" air="31.3" spd="59.7" rpm="4892"/></extensions></trkpt>
      <trkpt lat="45.280275" lon="-121.374766"><ele>735.3</ele><time>2026-08-18T20:24:26.000Z</time><extensions><TT:RideData eng="71.9" air="31.2" spd="52.8" rpm="5249"/></extensions></trkpt>
      <trkpt lat="45.278971" lon="-121.375685"><ele>730.8</ele><time>2026-08-18T20:24:34.000Z</time><extensions><TT:RideData eng="72.4" air="31.3" spd="70.1" rpm="5071"/></extensions></trkpt>
      <trkpt lat="45.278386" lon="-121.377218"><ele>727.8</ele><time>2026-08-18T20:24:42.000Z</time><extensions><TT:RideData eng="72.5" air="31.2" spd="61.0" rpm="6139"/></extensions></trkpt>
      <trkpt lat="45.278836" lon="-121.378796"><ele>724.0</ele><time>2026-08-18T20:24:50.000Z</time><extensions><TT:RideData eng="72.2" air="31.3" spd="32.2" rpm="2726"/></extensions></trkpt>
      <trkpt lat="45.278810" lon="-121.379590"><ele>718.3</ele><time>2026-08-18T20:24:58.000Z</time><extensions><TT:RideData eng="72.0" air="31.2" spd="58.7" rpm="6602"/></extensions></trkpt>
      <trkpt lat="45.278441" lon="-121.379621"><ele>715.6</ele><time>2026-08-18T20:25:06.000Z</time><extensions><TT:RideData eng="72.5" air="30.9" spd="54.8" rpm="4003"/></extensions></trkpt>
      <trkpt lat="45.277456" lon="-121.377943"><ele>714.3</ele><time>2026-08-18T20:25:14.000Z</time><extensions><TT:RideData eng="72.4" air="31.0" spd="66.8" rpm="4862"/></extensions></trkpt>
      <trkpt lat="45.276158" lon="-121.375566"><ele>713.9</ele><time>2026-08-18T20:25:22.000Z</time><extensions><TT:RideData eng="72.3" air="31.1" spd="56.7" rpm="4439"/></extensions></trkpt>
      <trkpt lat="45.274901" lon="-121.375018"><ele>715.7</ele><time>2026-08-18T20:25:30.000Z</time><extensions><TT:RideData eng="72.0" air="31.4" spd="76.6" rpm="6272"/></extensions></trkpt>
      <trkpt lat="45.273323" lon="-121.375405"><ele>716.2</ele><time>2026-08-18T20:25:38.000Z</time><extensions><TT:RideData eng="71.9" air="31.5" spd="75.1" rpm="5819"/></extensions></trkpt>
      <trkpt lat="45.271876" lon="-121.376006"><ele>716.3</ele><time>2026-08-18T20:25:46.000Z</time><extensions><TT:RideData eng="71.5" air="31.4" spd="58.4" rpm="5258"/></extensions></trkpt>
      <trkpt lat="45.270960" lon="-121.377451"><ele>715.3</ele><time>2026-08-18T20:25:54.000Z</time><extensions><TT:RideData eng="71.3" air="31.4" spd="63.2" rpm="4573"/></extensions></trkpt>
      <trkpt lat="45.270931" lon="-121.378826"><ele>714.6</ele><time>2026-08-18T20:26:02.000Z</time><extensions><TT:RideData eng="71.4" air="31.6" spd="38.3" rpm="4388"/></extensions></trkpt>
      <trkpt lat="45.270890" lon="-121.378396"><ele>713.0</ele><time>2026-08-18T20:26:10.000Z</time><extensions><TT:RideData eng="71.6" air="31.2" spd="63.0" rpm="5442"/></extensions></trkpt>
      <trkpt lat="45.270449" lon="-121.377376"><ele>712.1</ele><time>2026-08-18T20:26:18.000Z</time><extensions><TT:RideData eng="72.2" air="31.2" spd="49.3" rpm="5755"/></extensions></trkpt>
      <trkpt lat="45.268846" lon="-121.377901"><ele>713.4</ele><time>2026-08-18T20:26:26.000Z</time><extensions><TT:RideData eng="72.8" air="31.7" spd="65.6" rpm="5034"/></extensions></trkpt>
      <trkpt lat="45.267708" lon="-121.379153"><ele>716.1</ele><time>2026-08-18T20:26:34.000Z</time><extensions><TT:RideData eng="73.3" air="31.9" spd="66.4" rpm="5231"/></extensions></trkpt>
      <trkpt lat="45.266866" lon="-121.380650"><ele>722.5</ele><time>2026-08-18T20:26:42.000Z</time><extensions><TT:RideData eng="73.5" air="31.6" spd="74.5" rpm="6205"/></extensions></trkpt>
      <trkpt lat="45.266278" lon="-121.382461"><ele>725.8</ele><time>2026-08-18T20:26:50.000Z</time><extensions><TT:RideData eng="73.9" air="31.3" spd="53.5" rpm="5514"/></extensions></trkpt>
      <trkpt lat="45.266213" lon="-121.383908"><ele>728.7</ele><time>2026-08-18T20:26:58.000Z</time><extensions><TT:RideData eng="73.9" air="30.8" spd="50.3" rpm="4442"/></extensions></trkpt>
      <trkpt lat="45.265893" lon="-121.384640"><ele>735.2</ele><time>2026-08-18T20:27:06.000Z</time><extensions><TT:RideData eng="74.1" air="31.0" spd="51.2" rpm="4556"/></extensions></trkpt>
      <trkpt lat="45.264858" lon="-121.384908"><ele>741.2</ele><time>2026-08-18T20:27:14.000Z</time><extensions><TT:RideData eng="74.3" air="31.2" spd="65.9" rpm="5895"/></extensions></trkpt>
      <trkpt lat="45.264195" lon="-121.386070"><ele>744.5</ele><time>2026-08-18T20:27:22.000Z</time><extensions><TT:RideData eng="74.3" air="31.6" spd="60.9" rpm="6159"/></extensions></trkpt>
      <trkpt lat="45.263071" lon="-121.386665"><ele>751.1</ele><time>2026-08-18T20:27:30.000Z</time><extensions><TT:RideData eng="74.1" air="31.4" spd="69.5" rpm="5672"/></extensions></trkpt>
      <trkpt lat="45.261966" lon="-121.387995"><ele>752.9</ele><time>2026-08-18T20:27:38.000Z</time><extensions><TT:RideData eng="73.6" air="31.3" spd="55.3" rpm="4592"/></extensions></trkpt>
      <trkpt lat="45.261121" lon="-121.388706"><ele>754.1</ele><time>2026-08-18T20:27:46.000Z</time><extensions><TT:RideData eng="72.7" air="30.7" spd="55.2" rpm="4863"/></extensions></trkpt>
      <trkpt lat="45.260355" lon="-121.387865"><ele>754.3</ele><time>2026-08-18T20:27:54.000Z</time><extensions><TT:RideData eng="72.6" air="30.8" spd="61.6" rpm="5091"/></extensions></trkpt>
      <trkpt lat="45.260016" lon="-121.386338"><ele>755.6</ele><time>2026-08-18T20:28:02.000Z</time><extensions><TT:RideData eng="72.3" air="31.1" spd="67.3" rpm="5337"/></extensions></trkpt>
      <trkpt lat="45.258785" lon="-121.384961"><ele>755.5</ele><time>2026-08-18T20:28:10.000Z</time><extensions><TT:RideData eng="71.9" air="31.3" spd="36.8" rpm="2899"/></extensions></trkpt>
      <trkpt lat="45.258038" lon="-121.384988"><ele>757.3</ele><time>2026-08-18T20:28:18.000Z</time><extensions><TT:RideData eng="71.7" air="31.6" spd="31.9" rpm="2272"/></extensions></trkpt>
      <trkpt lat="45.257851" lon="-121.385823"><ele>755.1</ele><time>2026-08-18T20:28:26.000Z</time><extensions><TT:RideData eng="71.9" air="31.6" spd="48.0" rpm="3849"/></extensions></trkpt>
      <trkpt lat="45.257630" lon="-121.387200"><ele>751.0</ele><time>2026-08-18T20:28:34.000Z</time><extensions><TT:RideData eng="72.0" air="31.7" spd="48.3" rpm="4011"/></extensions></trkpt>
      <trkpt lat="45.257491" lon="-121.388675"><ele>747.0</ele><time>2026-08-18T20:28:42.000Z</time><extensions><TT:RideData eng="71.9" air="31.7" spd="44.9" rpm="4011"/></extensions></trkpt>
      <trkpt lat="45.257260" lon="-121.390018"><ele>743.6</ele><time>2026-08-18T20:28:50.000Z</time><extensions><TT:RideData eng="71.7" air="31.6" spd="41.4" rpm="3509"/></extensions></trkpt>
      <trkpt lat="45.257178" lon="-121.391208"><ele>737.7</ele><time>2026-08-18T20:28:58.000Z</time><extensions><TT:RideData eng="71.4" air="31.5" spd="36.8" rpm="3142"/></extensions></trkpt>
      <trkpt lat="45.257270" lon="-121.392163"><ele>732.4</ele><time>2026-08-18T20:29:06.000Z</time><extensions><TT:RideData eng="70.9" air="31.5" spd="32.9" rpm="3198"/></extensions></trkpt>
      <trkpt lat="45.257318" lon="-121.392726"><ele>728.0</ele><time>2026-08-18T20:29:14.000Z</time><extensions><TT:RideData eng="71.0" air="31.4" spd="33.9" rpm="5702"/></extensions></trkpt>
      <trkpt lat="45.256866" lon="-121.392711"><ele>728.5</ele><time>2026-08-18T20:29:22.000Z</time><extensions><TT:RideData eng="71.5" air="31.2" spd="26.3" rpm="3712"/></extensions></trkpt>
      <trkpt lat="45.256238" lon="-121.392583"><ele>727.7</ele><time>2026-08-18T20:29:30.000Z</time><extensions><TT:RideData eng="72.5" air="31.2" spd="36.7" rpm="5297"/></extensions></trkpt>
      <trkpt lat="45.255735" lon="-121.392131"><ele>728.1</ele><time>2026-08-18T20:29:38.000Z</time><extensions><TT:RideData eng="73.9" air="30.8" spd="42.2" rpm="5009"/></extensions></trkpt>
      <trkpt lat="45.255361" lon="-121.391175"><ele>727.5</ele><time>2026-08-18T20:29:46.000Z</time><extensions><TT:RideData eng="74.9" air="30.5" spd="48.2" rpm="5313"/></extensions></trkpt>
      <trkpt lat="45.254838" lon="-121.390158"><ele>727.2</ele><time>2026-08-18T20:29:54.000Z</time><extensions><TT:RideData eng="75.6" air="30.2" spd="50.9" rpm="4668"/></extensions></trkpt>
      <trkpt lat="45.254048" lon="-121.389011"><ele>727.6</ele><time>2026-08-18T20:30:02.000Z</time><extensions><TT:RideData eng="76.1" air="30.2" spd="38.0" rpm="4754"/></extensions></trkpt>
      <trkpt lat="45.253335" lon="-121.388123"><ele>728.6</ele><time>2026-08-18T20:30:10.000Z</time><extensions><TT:RideData eng="76.7" air="30.3" spd="42.0" rpm="4522"/></extensions></trkpt>
      <trkpt lat="45.252683" lon="-121.387018"><ele>732.0</ele><time>2026-08-18T20:30:18.000Z</time><extensions><TT:RideData eng="77.5" air="30.1" spd="32.3" rpm="3713"/></extensions></trkpt>
      <trkpt lat="45.252188" lon="-121.386338"><ele>739.0</ele><time>2026-08-18T20:30:26.000Z</time><extensions><TT:RideData eng="78.5" air="30.3" spd="7.7" rpm="1953"/></extensions></trkpt>
      <trkpt lat="45.252186" lon="-121.386330"><ele>740.8</ele><time>2026-08-18T20:30:55.000Z</time><extensions><TT:RideData eng="80.2" air="31.3" spd="10.1" rpm="2059"/></extensions></trkpt>
      <trkpt lat="45.252103" lon="-121.385995"><ele>742.0</ele><time>2026-08-18T20:31:03.000Z</time><extensions><TT:RideData eng="80.1" air="31.3" spd="15.6" rpm="2072"/></extensions></trkpt>
      <trkpt lat="45.252115" lon="-121.385415"><ele>743.0</ele><time>2026-08-18T20:31:11.000Z</time><extensions><TT:RideData eng="80.2" air="31.2" spd="36.4" rpm="4225"/></extensions></trkpt>
      <trkpt lat="45.252075" lon="-121.384371"><ele>743.5</ele><time>2026-08-18T20:31:19.000Z</time><extensions><TT:RideData eng="80.1" air="31.0" spd="32.9" rpm="4122"/></extensions></trkpt>
      <trkpt lat="45.251975" lon="-121.383350"><ele>743.1</ele><time>2026-08-18T20:31:27.000Z</time><extensions><TT:RideData eng="79.9" air="30.8" spd="39.0" rpm="3854"/></extensions></trkpt>
      <trkpt lat="45.251970" lon="-121.382228"><ele>742.1</ele><time>2026-08-18T20:31:35.000Z</time><extensions><TT:RideData eng="79.4" air="30.7" spd="39.7" rpm="4516"/></extensions></trkpt>
      <trkpt lat="45.251995" lon="-121.381175"><ele>740.5</ele><time>2026-08-18T20:31:43.000Z</time><extensions><TT:RideData eng="79.0" air="30.9" spd="25.7" rpm="3539"/></extensions></trkpt>
      <trkpt lat="45.252005" lon="-121.380280"><ele>738.2</ele><time>2026-08-18T20:31:51.000Z</time><extensions><TT:RideData eng="78.7" air="30.9" spd="40.6" rpm="5226"/></extensions></trkpt>
      <trkpt lat="45.251986" lon="-121.379215"><ele>736.5</ele><time>2026-08-18T20:31:59.000Z</time><extensions><TT:RideData eng="78.4" air="31.1" spd="40.5" rpm="5011"/></extensions></trkpt>
      <trkpt lat="45.251698" lon="-121.378261"><ele>734.5</ele><time>2026-08-18T20:32:07.000Z</time><extensions><TT:RideData eng="78.4" air="31.1" spd="38.2" rpm="4812"/></extensions></trkpt>
      <trkpt lat="45.251591" lon="-121.377370"><ele>730.8</ele><time>2026-08-18T20:32:15.000Z</time><extensions><TT:RideData eng="78.6" air="31.5" spd="40.6" rpm="5454"/></extensions></trkpt>
      <trkpt lat="45.251481" lon="-121.376248"><ele>727.5</ele><time>2026-08-18T20:32:23.000Z</time><extensions><TT:RideData eng="78.6" air="32.0" spd="28.5" rpm="3886"/></extensions></trkpt>
      <trkpt lat="45.251385" lon="-121.375126"><ele>722.1</ele><time>2026-08-18T20:32:31.000Z</time><extensions><TT:RideData eng="78.7" air="32.1" spd="42.6" rpm="5600"/></extensions></trkpt>
      <trkpt lat="45.251371" lon="-121.374006"><ele>717.6</ele><time>2026-08-18T20:32:39.000Z</time><extensions><TT:RideData eng="78.8" air="32.0" spd="38.8" rpm="4242"/></extensions></trkpt>
      <trkpt lat="45.251061" lon="-121.373043"><ele>712.5</ele><time>2026-08-18T20:32:47.000Z</time><extensions><TT:RideData eng="78.7" air="31.8" spd="35.3" rpm="3557"/></extensions></trkpt>
      <trkpt lat="45.250528" lon="-121.372520"><ele>708.8</ele><time>2026-08-18T20:32:55.000Z</time><extensions><TT:RideData eng="78.5" air="31.5" spd="18.8" rpm="4603"/></extensions></trkpt>
      <trkpt lat="45.249915" lon="-121.372250"><ele>704.5</ele><time>2026-08-18T20:33:03.000Z</time><extensions><TT:RideData eng="78.4" air="31.5" spd="37.2" rpm="4444"/></extensions></trkpt>
      <trkpt lat="45.249170" lon="-121.372205"><ele>700.4</ele><time>2026-08-18T20:33:11.000Z</time><extensions><TT:RideData eng="78.4" air="31.8" spd="25.2" rpm="3169"/></extensions></trkpt>
      <trkpt lat="45.248655" lon="-121.372678"><ele>696.8</ele><time>2026-08-18T20:33:19.000Z</time><extensions><TT:RideData eng="78.3" air="31.9" spd="31.0" rpm="3567"/></extensions></trkpt>
      <trkpt lat="45.248191" lon="-121.373065"><ele>692.3</ele><time>2026-08-18T20:33:27.000Z</time><extensions><TT:RideData eng="78.1" air="32.1" spd="33.4" rpm="4389"/></extensions></trkpt>
      <trkpt lat="45.247530" lon="-121.373426"><ele>689.6</ele><time>2026-08-18T20:33:35.000Z</time><extensions><TT:RideData eng="78.0" air="32.0" spd="43.3" rpm="4743"/></extensions></trkpt>
      <trkpt lat="45.246660" lon="-121.373295"><ele>686.5</ele><time>2026-08-18T20:33:43.000Z</time><extensions><TT:RideData eng="77.9" air="31.8" spd="50.0" rpm="5447"/></extensions></trkpt>
      <trkpt lat="45.245725" lon="-121.373400"><ele>684.0</ele><time>2026-08-18T20:33:51.000Z</time><extensions><TT:RideData eng="78.0" air="31.8" spd="42.1" rpm="4760"/></extensions></trkpt>
      <trkpt lat="45.244953" lon="-121.373578"><ele>682.8</ele><time>2026-08-18T20:33:59.000Z</time><extensions><TT:RideData eng="78.3" air="32.1" spd="39.4" rpm="3838"/></extensions></trkpt>
      <trkpt lat="45.244276" lon="-121.373756"><ele>683.5</ele><time>2026-08-18T20:34:07.000Z</time><extensions><TT:RideData eng="78.6" air="31.9" spd="48.4" rpm="6098"/></extensions></trkpt>
      <trkpt lat="45.243441" lon="-121.374393"><ele>682.8</ele><time>2026-08-18T20:34:15.000Z</time><extensions><TT:RideData eng="78.9" air="32.1" spd="38.9" rpm="4535"/></extensions></trkpt>
      <trkpt lat="45.242711" lon="-121.374950"><ele>682.9</ele><time>2026-08-18T20:34:23.000Z</time><extensions><TT:RideData eng="78.8" air="32.1" spd="35.2" rpm="3881"/></extensions></trkpt>
      <trkpt lat="45.241998" lon="-121.374995"><ele>683.5</ele><time>2026-08-18T20:34:31.000Z</time><extensions><TT:RideData eng="78.7" air="32.1" spd="34.5" rpm="3513"/></extensions></trkpt>
      <trkpt lat="45.241336" lon="-121.374690"><ele>685.0</ele><time>2026-08-18T20:34:39.000Z</time><extensions><TT:RideData eng="78.3" air="32.6" spd="42.3" rpm="4790"/></extensions></trkpt>
      <trkpt lat="45.240808" lon="-121.373895"><ele>685.0</ele><time>2026-08-18T20:34:47.000Z</time><extensions><TT:RideData eng="77.9" air="32.4" spd="41.5" rpm="4460"/></extensions></trkpt>
      <trkpt lat="45.240633" lon="-121.372941"><ele>684.6</ele><time>2026-08-18T20:34:55.000Z</time><extensions><TT:RideData eng="77.3" air="31.9" spd="37.4" rpm="4243"/></extensions></trkpt>
      <trkpt lat="45.240408" lon="-121.371723"><ele>686.3</ele><time>2026-08-18T20:35:03.000Z</time><extensions><TT:RideData eng="77.2" air="32.2" spd="47.1" rpm="4064"/></extensions></trkpt>
      <trkpt lat="45.240143" lon="-121.370501"><ele>686.7</ele><time>2026-08-18T20:35:11.000Z</time><extensions><TT:RideData eng="77.1" air="32.0" spd="42.5" rpm="3989"/></extensions></trkpt>
      <trkpt lat="45.240306" lon="-121.369218"><ele>687.9</ele><time>2026-08-18T20:35:19.000Z</time><extensions><TT:RideData eng="77.0" air="31.9" spd="35.3" rpm="3460"/></extensions></trkpt>
      <trkpt lat="45.240288" lon="-121.368066"><ele>688.2</ele><time>2026-08-18T20:35:27.000Z</time><extensions><TT:RideData eng="76.7" air="32.1" spd="49.4" rpm="4581"/></extensions></trkpt>
      <trkpt lat="45.240208" lon="-121.366683"><ele>687.9</ele><time>2026-08-18T20:35:35.000Z</time><extensions><TT:RideData eng="76.5" air="32.2" spd="51.7" rpm="4819"/></extensions></trkpt>
      <trkpt lat="45.240170" lon="-121.365158"><ele>687.1</ele><time>2026-08-18T20:35:43.000Z</time><extensions><TT:RideData eng="76.1" air="32.2" spd="48.5" rpm="4331"/></extensions></trkpt>
      <trkpt lat="45.239951" lon="-121.363830"><ele>689.0</ele><time>2026-08-18T20:35:51.000Z</time><extensions><TT:RideData eng="76.0" air="32.1" spd="42.9" rpm="4283"/></extensions></trkpt>
      <trkpt lat="45.239345" lon="-121.362690"><ele>690.8</ele><time>2026-08-18T20:35:59.000Z</time><extensions><TT:RideData eng="75.8" air="31.9" spd="50.7" rpm="4722"/></extensions></trkpt>
      <trkpt lat="45.238733" lon="-121.361511"><ele>691.4</ele><time>2026-08-18T20:36:07.000Z</time><extensions><TT:RideData eng="75.6" air="32.1" spd="54.4" rpm="4989"/></extensions></trkpt>
      <trkpt lat="45.238083" lon="-121.360345"><ele>692.1</ele><time>2026-08-18T20:36:15.000Z</time><extensions><TT:RideData eng="75.3" air="31.6" spd="57.4" rpm="5386"/></extensions></trkpt>
      <trkpt lat="45.237410" lon="-121.359153"><ele>687.4</ele><time>2026-08-18T20:36:23.000Z</time><extensions><TT:RideData eng="74.9" air="31.4" spd="46.1" rpm="3875"/></extensions></trkpt>
      <trkpt lat="45.237000" lon="-121.357998"><ele>684.1</ele><time>2026-08-18T20:36:31.000Z</time><extensions><TT:RideData eng="74.7" air="31.2" spd="55.3" rpm="5108"/></extensions></trkpt>
      <trkpt lat="45.237030" lon="-121.356390"><ele>679.2</ele><time>2026-08-18T20:36:39.000Z</time><extensions><TT:RideData eng="74.6" air="31.5" spd="55.5" rpm="5186"/></extensions></trkpt>
      <trkpt lat="45.237040" lon="-121.354736"><ele>676.8</ele><time>2026-08-18T20:36:47.000Z</time><extensions><TT:RideData eng="74.6" air="31.7" spd="43.4" rpm="3870"/></extensions></trkpt>
      <trkpt lat="45.237030" lon="-121.353328"><ele>671.3</ele><time>2026-08-18T20:36:55.000Z</time><extensions><TT:RideData eng="74.1" air="31.5" spd="50.5" rpm="4868"/></extensions></trkpt>
      <trkpt lat="45.237070" lon="-121.351608"><ele>661.5</ele><time>2026-08-18T20:37:03.000Z</time><extensions><TT:RideData eng="73.7" air="31.3" spd="72.4" rpm="6141"/></extensions></trkpt>
      <trkpt lat="45.237135" lon="-121.349558"><ele>652.1</ele><time>2026-08-18T20:37:11.000Z</time><extensions><TT:RideData eng="73.3" air="31.0" spd="66.9" rpm="5301"/></extensions></trkpt>
      <trkpt lat="45.237178" lon="-121.347511"><ele>648.6</ele><time>2026-08-18T20:37:19.000Z</time><extensions><TT:RideData eng="72.8" air="31.2" spd="69.8" rpm="5541"/></extensions></trkpt>
      <trkpt lat="45.237188" lon="-121.345491"><ele>648.4</ele><time>2026-08-18T20:37:27.000Z</time><extensions><TT:RideData eng="72.6" air="31.3" spd="71.4" rpm="5427"/></extensions></trkpt>
      <trkpt lat="45.237213" lon="-121.343393"><ele>645.9</ele><time>2026-08-18T20:37:35.000Z</time><extensions><TT:RideData eng="72.4" air="31.7" spd="75.6" rpm="6048"/></extensions></trkpt>
      <trkpt lat="45.237258" lon="-121.341156"><ele>642.8</ele><time>2026-08-18T20:37:43.000Z</time><extensions><TT:RideData eng="72.3" air="31.7" spd="78.6" rpm="6237"/></extensions></trkpt>
      <trkpt lat="45.237278" lon="-121.339015"><ele>643.5</ele><time>2026-08-18T20:37:51.000Z</time><extensions><TT:RideData eng="72.3" air="31.9" spd="57.6" rpm="4559"/></extensions></trkpt>
      <trkpt lat="45.237281" lon="-121.337436"><ele>643.1</ele><time>2026-08-18T20:37:59.000Z</time><extensions><TT:RideData eng="71.8" air="31.5" spd="55.8" rpm="5183"/></extensions></trkpt>
      <trkpt lat="45.237306" lon="-121.335676"><ele>638.7</ele><time>2026-08-18T20:38:07.000Z</time><extensions><TT:RideData eng="71.7" air="30.6" spd="69.6" rpm="5692"/></extensions></trkpt>
      <trkpt lat="45.237356" lon="-121.333640"><ele>633.3</ele><time>2026-08-18T20:38:15.000Z</time><extensions><TT:RideData eng="71.6" air="30.6" spd="69.7" rpm="5629"/></extensions></trkpt>
      <trkpt lat="45.237381" lon="-121.331573"><ele>626.9</ele><time>2026-08-18T20:38:23.000Z</time><extensions><TT:RideData eng="71.6" air="31.6" spd="75.8" rpm="6100"/></extensions></trkpt>
      <trkpt lat="45.237343" lon="-121.329350"><ele>624.6</ele><time>2026-08-18T20:38:31.000Z</time><extensions><TT:RideData eng="71.8" air="31.6" spd="76.8" rpm="6103"/></extensions></trkpt>
      <trkpt lat="45.237315" lon="-121.327093"><ele>620.6</ele><time>2026-08-18T20:38:39.000Z</time><extensions><TT:RideData eng="71.8" air="31.9" spd="77.2" rpm="6112"/></extensions></trkpt>
      <trkpt lat="45.237255" lon="-121.324838"><ele>616.4</ele><time>2026-08-18T20:38:47.000Z</time><extensions><TT:RideData eng="71.8" air="31.8" spd="79.4" rpm="6289"/></extensions></trkpt>
      <trkpt lat="45.237223" lon="-121.322583"><ele>613.8</ele><time>2026-08-18T20:38:55.000Z</time><extensions><TT:RideData eng="71.9" air="31.9" spd="76.4" rpm="6101"/></extensions></trkpt>
      <trkpt lat="45.237205" lon="-121.320391"><ele>609.8</ele><time>2026-08-18T20:39:03.000Z</time><extensions><TT:RideData eng="71.9" air="32.1" spd="80.1" rpm="6432"/></extensions></trkpt>
      <trkpt lat="45.237195" lon="-121.318046"><ele>604.9</ele><time>2026-08-18T20:39:11.000Z</time><extensions><TT:RideData eng="71.7" air="32.0" spd="81.4" rpm="6457"/></extensions></trkpt>
      <trkpt lat="45.237216" lon="-121.315718"><ele>597.9</ele><time>2026-08-18T20:39:19.000Z</time><extensions><TT:RideData eng="71.5" air="32.1" spd="79.2" rpm="6332"/></extensions></trkpt>
      <trkpt lat="45.237221" lon="-121.313375"><ele>591.1</ele><time>2026-08-18T20:39:27.000Z</time><extensions><TT:RideData eng="71.5" air="32.1" spd="83.2" rpm="6565"/></extensions></trkpt>
      <trkpt lat="45.237243" lon="-121.310973"><ele>584.8</ele><time>2026-08-18T20:39:35.000Z</time><extensions><TT:RideData eng="71.5" air="31.9" spd="80.3" rpm="6573"/></extensions></trkpt>
      <trkpt lat="45.237265" lon="-121.308733"><ele>577.5</ele><time>2026-08-18T20:39:43.000Z</time><extensions><TT:RideData eng="71.5" air="31.7" spd="55.2" rpm="4194"/></extensions></trkpt>
      <trkpt lat="45.237140" lon="-121.307771"><ele>575.2</ele><time>2026-08-18T20:39:51.000Z</time><extensions><TT:RideData eng="71.3" air="31.7" spd="10.8" rpm="1944"/></extensions></trkpt>
      <trkpt lat="45.237090" lon="-121.307820"><ele>574.5</ele><time>2026-08-18T20:41:10.000Z</time><extensions><TT:RideData eng="77.6" air="32.8" spd="19.2" rpm="4034"/></extensions></trkpt>
      <trkpt lat="45.236188" lon="-121.307815"><ele>574.7</ele><time>2026-08-18T20:41:18.000Z</time><extensions><TT:RideData eng="74.4" air="32.4" spd="67.4" rpm="4997"/></extensions></trkpt>
      <trkpt lat="45.234723" lon="-121.307766"><ele>574.3</ele><time>2026-08-18T20:41:26.000Z</time><extensions><TT:RideData eng="75.0" air="32.3" spd="60.4" rpm="4584"/></extensions></trkpt>
      <trkpt lat="45.233585" lon="-121.307350"><ele>574.7</ele><time>2026-08-18T20:41:34.000Z</time><extensions><TT:RideData eng="74.6" air="32.2" spd="61.3" rpm="4911"/></extensions></trkpt>
      <trkpt lat="45.233441" lon="-121.305363"><ele>571.1</ele><time>2026-08-18T20:41:42.000Z</time><extensions><TT:RideData eng="74.0" air="32.3" spd="82.2" rpm="6561"/></extensions></trkpt>
      <trkpt lat="45.233473" lon="-121.302925"><ele>564.0</ele><time>2026-08-18T20:41:50.000Z</time><extensions><TT:RideData eng="73.8" air="32.7" spd="81.0" rpm="6358"/></extensions></trkpt>
      <trkpt lat="45.233528" lon="-121.300541"><ele>556.9</ele><time>2026-08-18T20:41:58.000Z</time><extensions><TT:RideData eng="73.4" air="33.1" spd="81.8" rpm="6491"/></extensions></trkpt>
      <trkpt lat="45.233530" lon="-121.298294"><ele>550.4</ele><time>2026-08-18T20:42:06.000Z</time><extensions><TT:RideData eng="73.1" air="33.0" spd="60.8" rpm="4808"/></extensions></trkpt>
      <trkpt lat="45.232491" lon="-121.297360"><ele>546.7</ele><time>2026-08-18T20:42:14.000Z</time><extensions><TT:RideData eng="72.7" air="32.8" spd="76.3" rpm="6042"/></extensions></trkpt>
      <trkpt lat="45.230840" lon="-121.297463"><ele>542.6</ele><time>2026-08-18T20:42:22.000Z</time><extensions><TT:RideData eng="72.8" air="32.7" spd="70.3" rpm="5429"/></extensions></trkpt>
      <trkpt lat="45.229846" lon="-121.296385"><ele>540.5</ele><time>2026-08-18T20:42:30.000Z</time><extensions><TT:RideData eng="73.0" air="32.9" spd="74.6" rpm="6014"/></extensions></trkpt>
      <trkpt lat="45.229888" lon="-121.294118"><ele>536.3</ele><time>2026-08-18T20:42:38.000Z</time><extensions><TT:RideData eng="73.2" air="33.0" spd="78.5" rpm="6175"/></extensions></trkpt>
      <trkpt lat="45.229900" lon="-121.291943"><ele>531.6</ele><time>2026-08-18T20:42:46.000Z</time><extensions><TT:RideData eng="73.1" air="32.9" spd="57.0" rpm="4498"/></extensions></trkpt>
      <trkpt lat="45.229916" lon="-121.290091"><ele>530.7</ele><time>2026-08-18T20:42:54.000Z</time><extensions><TT:RideData eng="72.7" air="32.6" spd="69.8" rpm="5649"/></extensions></trkpt>
      <trkpt lat="45.229900" lon="-121.287935"><ele>533.6</ele><time>2026-08-18T20:43:02.000Z</time><extensions><TT:RideData eng="72.6" air="32.3" spd="77.7" rpm="6227"/></extensions></trkpt>
      <trkpt lat="45.229883" lon="-121.285645"><ele>535.7</ele><time>2026-08-18T20:43:10.000Z</time><extensions><TT:RideData eng="72.5" air="32.4" spd="78.3" rpm="6171"/></extensions></trkpt>
      <trkpt lat="45.229878" lon="-121.283418"><ele>535.7</ele><time>2026-08-18T20:43:18.000Z</time><extensions><TT:RideData eng="72.3" air="32.2" spd="70.9" rpm="5532"/></extensions></trkpt>
      <trkpt lat="45.229870" lon="-121.281421"><ele>533.5</ele><time>2026-08-18T20:43:26.000Z</time><extensions><TT:RideData eng="72.2" air="32.1" spd="66.7" rpm="5271"/></extensions></trkpt>
      <trkpt lat="45.229891" lon="-121.279393"><ele>529.4</ele><time>2026-08-18T20:43:34.000Z</time><extensions><TT:RideData eng="72.3" air="32.4" spd="66.5" rpm="5257"/></extensions></trkpt>
      <trkpt lat="45.229888" lon="-121.277355"><ele>522.2</ele><time>2026-08-18T20:43:42.000Z</time><extensions><TT:RideData eng="72.2" air="32.5" spd="73.6" rpm="5596"/></extensions></trkpt>
      <trkpt lat="45.229771" lon="-121.275304"><ele>515.2</ele><time>2026-08-18T20:43:50.000Z</time><extensions><TT:RideData eng="72.2" air="32.7" spd="69.1" rpm="5175"/></extensions></trkpt>
      <trkpt lat="45.229650" lon="-121.273443"><ele>511.5</ele><time>2026-08-18T20:43:58.000Z</time><extensions><TT:RideData eng="72.1" air="32.5" spd="65.8" rpm="5155"/></extensions></trkpt>
      <trkpt lat="45.229576" lon="-121.271770"><ele>509.6</ele><time>2026-08-18T20:44:06.000Z</time><extensions><TT:RideData eng="72.1" air="32.4" spd="57.8" rpm="4541"/></extensions></trkpt>
      <trkpt lat="45.229526" lon="-121.270138"><ele>513.2</ele><time>2026-08-18T20:44:14.000Z</time><extensions><TT:RideData eng="72.1" air="32.1" spd="48.5" rpm="3618"/></extensions></trkpt>
      <trkpt lat="45.229431" lon="-121.269381"><ele>515.5</ele><time>2026-08-18T20:44:22.000Z</time><extensions><TT:RideData eng="72.3" air="32.0" spd="11.7" rpm="4840"/></extensions></trkpt>
      <trkpt lat="45.228983" lon="-121.269340"><ele>515.8</ele><time>2026-08-18T20:44:30.000Z</time><extensions><TT:RideData eng="73.1" air="32.3" spd="31.3" rpm="3497"/></extensions></trkpt>
      <trkpt lat="45.228380" lon="-121.269410"><ele>516.9</ele><time>2026-08-18T20:44:38.000Z</time><extensions><TT:RideData eng="74.0" air="32.7" spd="18.8" rpm="2010"/></extensions></trkpt>
      <trkpt lat="45.228173" lon="-121.269566"><ele>516.4</ele><time>2026-08-18T20:44:46.000Z</time><extensions><TT:RideData eng="74.8" air="32.8" spd="0.0" rpm="1953"/></extensions></trkpt>
      <trkpt lat="45.228163" lon="-121.269566"><ele>517.2</ele><time>2026-08-18T20:44:54.000Z</time><extensions><TT:RideData eng="75.7" air="32.8" spd="0.0" rpm="1969"/></extensions></trkpt>
      <trkpt lat="45.228138" lon="-121.269561"><ele>517.5</ele><time>2026-08-18T20:45:02.000Z</time><extensions><TT:RideData eng="77.0" air="32.9" spd="0.0" rpm="2018"/></extensions></trkpt>
      <trkpt lat="45.228225" lon="-121.269610"><ele>503.5</ele><time>2026-08-18T21:13:43.000Z</time><extensions><TT:RideData eng="57.2" air="36.3" spd="8.1" rpm="1867"/></extensions></trkpt>
      <trkpt lat="45.228341" lon="-121.269501"><ele>502.8</ele><time>2026-08-18T21:13:51.000Z</time><extensions><TT:RideData eng="57.4" air="36.0" spd="0.0" rpm="1841"/></extensions></trkpt>
      <trkpt lat="45.228333" lon="-121.269493"><ele>502.8</ele><time>2026-08-18T21:13:59.000Z</time><extensions><TT:RideData eng="59.0" air="36.1" spd="0.0" rpm="1816"/></extensions></trkpt>
      <trkpt lat="45.228316" lon="-121.269476"><ele>502.6</ele><time>2026-08-18T21:14:07.000Z</time><extensions><TT:RideData eng="60.7" air="36.3" spd="0.0" rpm="1816"/></extensions></trkpt>
      <trkpt lat="45.228308" lon="-121.269480"><ele>502.8</ele><time>2026-08-18T21:14:15.000Z</time><extensions><TT:RideData eng="62.5" air="36.3" spd="0.0" rpm="1821"/></extensions></trkpt>
      <trkpt lat="45.228300" lon="-121.269478"><ele>502.7</ele><time>2026-08-18T21:14:23.000Z</time><extensions><TT:RideData eng="64.0" air="36.5" spd="0.0" rpm="2579"/></extensions></trkpt>
      <trkpt lat="45.228300" lon="-121.269481"><ele>502.7</ele><time>2026-08-18T21:14:31.000Z</time><extensions><TT:RideData eng="65.9" air="36.5" spd="9.0" rpm="2553"/></extensions></trkpt>
      <trkpt lat="45.227906" lon="-121.269358"><ele>502.0</ele><time>2026-08-18T21:14:39.000Z</time><extensions><TT:RideData eng="67.4" air="36.1" spd="35.6" rpm="4744"/></extensions></trkpt>
      <trkpt lat="45.227146" lon="-121.269316"><ele>500.5</ele><time>2026-08-18T21:14:47.000Z</time><extensions><TT:RideData eng="68.8" air="35.5" spd="44.9" rpm="4990"/></extensions></trkpt>
      <trkpt lat="45.226241" lon="-121.269806"><ele>499.7</ele><time>2026-08-18T21:14:55.000Z</time><extensions><TT:RideData eng="69.5" air="34.9" spd="61.9" rpm="4997"/></extensions></trkpt>
      <trkpt lat="45.225520" lon="-121.271468"><ele>500.9</ele><time>2026-08-18T21:15:03.000Z</time><extensions><TT:RideData eng="70.2" air="34.6" spd="61.5" rpm="4881"/></extensions></trkpt>
      <trkpt lat="45.224895" lon="-121.273085"><ele>504.0</ele><time>2026-08-18T21:15:11.000Z</time><extensions><TT:RideData eng="70.5" air="34.3" spd="59.1" rpm="4739"/></extensions></trkpt>
      <trkpt lat="45.224011" lon="-121.274370"><ele>511.3</ele><time>2026-08-18T21:15:19.000Z</time><extensions><TT:RideData eng="70.6" air="33.9" spd="65.0" rpm="5139"/></extensions></trkpt>
      <trkpt lat="45.223010" lon="-121.275656"><ele>515.8</ele><time>2026-08-18T21:15:27.000Z</time><extensions><TT:RideData eng="70.9" air="33.9" spd="69.1" rpm="5620"/></extensions></trkpt>
      <trkpt lat="45.222551" lon="-121.277738"><ele>519.4</ele><time>2026-08-18T21:15:35.000Z</time><extensions><TT:RideData eng="71.2" air="33.8" spd="80.0" rpm="6354"/></extensions></trkpt>
      <trkpt lat="45.222605" lon="-121.280111"><ele>524.1</ele><time>2026-08-18T21:15:43.000Z</time><extensions><TT:RideData eng="71.4" air="33.8" spd="81.9" rpm="6532"/></extensions></trkpt>
      <trkpt lat="45.222651" lon="-121.282541"><ele>526.8</ele><time>2026-08-18T21:15:51.000Z</time><extensions><TT:RideData eng="71.6" air="33.5" spd="82.1" rpm="6524"/></extensions></trkpt>
      <trkpt lat="45.222690" lon="-121.284916"><ele>533.6</ele><time>2026-08-18T21:15:59.000Z</time><extensions><TT:RideData eng="71.9" air="33.6" spd="80.1" rpm="6404"/></extensions></trkpt>
      <trkpt lat="45.222695" lon="-121.287314"><ele>542.6</ele><time>2026-08-18T21:16:07.000Z</time><extensions><TT:RideData eng="72.1" air="33.5" spd="82.5" rpm="6565"/></extensions></trkpt>
      <trkpt lat="45.222696" lon="-121.289716"><ele>551.3</ele><time>2026-08-18T21:16:15.000Z</time><extensions><TT:RideData eng="72.3" air="33.4" spd="83.3" rpm="6632"/></extensions></trkpt>
      <trkpt lat="45.222705" lon="-121.292138"><ele>557.5</ele><time>2026-08-18T21:16:23.000Z</time><extensions><TT:RideData eng="72.2" air="33.1" spd="84.2" rpm="6696"/></extensions></trkpt>
      <trkpt lat="45.222713" lon="-121.294573"><ele>561.6</ele><time>2026-08-18T21:16:31.000Z</time><extensions><TT:RideData eng="72.3" air="33.6" spd="82.3" rpm="6528"/></extensions></trkpt>
      <trkpt lat="45.222723" lon="-121.296971"><ele>566.8</ele><time>2026-08-18T21:16:39.000Z</time><extensions><TT:RideData eng="72.4" air="34.0" spd="84.1" rpm="6672"/></extensions></trkpt>
      <trkpt lat="45.222718" lon="-121.299413"><ele>572.9</ele><time>2026-08-18T21:16:47.000Z</time><extensions><TT:RideData eng="72.7" air="33.9" spd="83.5" rpm="6659"/></extensions></trkpt>
      <trkpt lat="45.222726" lon="-121.301856"><ele>579.6</ele><time>2026-08-18T21:16:55.000Z</time><extensions><TT:RideData eng="72.9" air="33.5" spd="85.0" rpm="6772"/></extensions></trkpt>
      <trkpt lat="45.222726" lon="-121.304296"><ele>583.5</ele><time>2026-08-18T21:17:03.000Z</time><extensions><TT:RideData eng="73.3" air="33.8" spd="84.5" rpm="6716"/></extensions></trkpt>
      <trkpt lat="45.222730" lon="-121.306750"><ele>587.6</ele><time>2026-08-18T21:17:11.000Z</time><extensions><TT:RideData eng="73.7" air="34.1" spd="83.9" rpm="6642"/></extensions></trkpt>
      <trkpt lat="45.222736" lon="-121.309161"><ele>590.4</ele><time>2026-08-18T21:17:19.000Z</time><extensions><TT:RideData eng="73.7" air="33.6" spd="84.3" rpm="6694"/></extensions></trkpt>
      <trkpt lat="45.222740" lon="-121.311605"><ele>594.1</ele><time>2026-08-18T21:17:27.000Z</time><extensions><TT:RideData eng="73.5" air="33.1" spd="83.8" rpm="6664"/></extensions></trkpt>
      <trkpt lat="45.222725" lon="-121.314050"><ele>597.6</ele><time>2026-08-18T21:17:35.000Z</time><extensions><TT:RideData eng="73.3" air="33.0" spd="85.3" rpm="6767"/></extensions></trkpt>
      <trkpt lat="45.222721" lon="-121.316488"><ele>602.1</ele><time>2026-08-18T21:17:43.000Z</time><extensions><TT:RideData eng="73.5" air="33.2" spd="84.2" rpm="6679"/></extensions></trkpt>
      <trkpt lat="45.222716" lon="-121.318913"><ele>606.2</ele><time>2026-08-18T21:17:51.000Z</time><extensions><TT:RideData eng="73.6" air="33.0" spd="83.4" rpm="6643"/></extensions></trkpt>
      <trkpt lat="45.222716" lon="-121.321365"><ele>611.0</ele><time>2026-08-18T21:17:59.000Z</time><extensions><TT:RideData eng="73.8" air="32.8" spd="85.7" rpm="6876"/></extensions></trkpt>
      <trkpt lat="45.222723" lon="-121.323816"><ele>623.0</ele><time>2026-08-18T21:18:07.000Z</time><extensions><TT:RideData eng="74.2" air="32.8" spd="84.8" rpm="6805"/></extensions></trkpt>
      <trkpt lat="45.222725" lon="-121.326246"><ele>631.8</ele><time>2026-08-18T21:18:15.000Z</time><extensions><TT:RideData eng="74.7" air="32.9" spd="87.0" rpm="6976"/></extensions></trkpt>
      <trkpt lat="45.222743" lon="-121.328758"><ele>639.5</ele><time>2026-08-18T21:18:23.000Z</time><extensions><TT:RideData eng="74.6" air="32.7" spd="86.1" rpm="6874"/></extensions></trkpt>
      <trkpt lat="45.222770" lon="-121.331263"><ele>647.0</ele><time>2026-08-18T21:18:31.000Z</time><extensions><TT:RideData eng="74.4" air="32.3" spd="86.4" rpm="6887"/></extensions></trkpt>
      <trkpt lat="45.222791" lon="-121.333750"><ele>652.9</ele><time>2026-08-18T21:18:39.000Z</time><extensions><TT:RideData eng="74.6" air="32.5" spd="85.3" rpm="6813"/></extensions></trkpt>
      <trkpt lat="45.222823" lon="-121.336231"><ele>657.2</ele><time>2026-08-18T21:18:47.000Z</time><extensions><TT:RideData eng="74.7" air="32.7" spd="84.3" rpm="6707"/></extensions></trkpt>
      <trkpt lat="45.222825" lon="-121.338718"><ele>659.3</ele><time>2026-08-18T21:18:55.000Z</time><extensions><TT:RideData eng="74.6" air="32.4" spd="85.0" rpm="6805"/></extensions></trkpt>
      <trkpt lat="45.222810" lon="-121.341210"><ele>660.2</ele><time>2026-08-18T21:19:03.000Z</time><extensions><TT:RideData eng="74.6" air="32.4" spd="85.4" rpm="6758"/></extensions></trkpt>
      <trkpt lat="45.222803" lon="-121.343693"><ele>658.7</ele><time>2026-08-18T21:19:11.000Z</time><extensions><TT:RideData eng="74.6" air="32.4" spd="86.5" rpm="6830"/></extensions></trkpt>
      <trkpt lat="45.222791" lon="-121.346184"><ele>658.4</ele><time>2026-08-18T21:19:19.000Z</time><extensions><TT:RideData eng="74.7" air="32.5" spd="86.5" rpm="6878"/></extensions></trkpt>
      <trkpt lat="45.222755" lon="-121.348710"><ele>658.2</ele><time>2026-08-18T21:19:27.000Z</time><extensions><TT:RideData eng="74.7" air="32.6" spd="87.4" rpm="6916"/></extensions></trkpt>
      <trkpt lat="45.222738" lon="-121.351245"><ele>656.6</ele><time>2026-08-18T21:19:35.000Z</time><extensions><TT:RideData eng="74.8" air="32.7" spd="87.5" rpm="6951"/></extensions></trkpt>
      <trkpt lat="45.222708" lon="-121.353775"><ele>657.3</ele><time>2026-08-18T21:19:43.000Z</time><extensions><TT:RideData eng="74.7" air="32.6" spd="86.9" rpm="6903"/></extensions></trkpt>
      <trkpt lat="45.222668" lon="-121.356298"><ele>659.9</ele><time>2026-08-18T21:19:51.000Z</time><extensions><TT:RideData eng="74.7" air="32.4" spd="91.9" rpm="7366"/></extensions></trkpt>
      <trkpt lat="45.222635" lon="-121.358933"><ele>660.8</ele><time>2026-08-18T21:19:59.000Z</time><extensions><TT:RideData eng="75.0" air="32.6" spd="88.2" rpm="6982"/></extensions></trkpt>
      <trkpt lat="45.222635" lon="-121.361435"><ele>663.5</ele><time>2026-08-18T21:20:07.000Z</time><extensions><TT:RideData eng="74.8" air="32.6" spd="85.9" rpm="6886"/></extensions></trkpt>
      <trkpt lat="45.222611" lon="-121.363930"><ele>669.4</ele><time>2026-08-18T21:20:15.000Z</time><extensions><TT:RideData eng="74.8" air="32.4" spd="88.1" rpm="6983"/></extensions></trkpt>
      <trkpt lat="45.222613" lon="-121.366455"><ele>676.1</ele><time>2026-08-18T21:20:23.000Z</time><extensions><TT:RideData eng="74.9" air="32.3" spd="85.8" rpm="6809"/></extensions></trkpt>
      <trkpt lat="45.222613" lon="-121.368921"><ele>679.6</ele><time>2026-08-18T21:20:31.000Z</time><extensions><TT:RideData eng="75.0" air="32.5" spd="84.7" rpm="6759"/></extensions></trkpt>
      <trkpt lat="45.222620" lon="-121.371325"><ele>682.8</ele><time>2026-08-18T21:20:39.000Z</time><extensions><TT:RideData eng="75.1" air="32.7" spd="81.2" rpm="5950"/></extensions></trkpt>
      <trkpt lat="45.222586" lon="-121.373615"><ele>686.4</ele><time>2026-08-18T21:20:47.000Z</time><extensions><TT:RideData eng="75.1" air="32.9" spd="79.9" rpm="6397"/></extensions></trkpt>
      <trkpt lat="45.222076" lon="-121.375900"><ele>688.9</ele><time>2026-08-18T21:20:55.000Z</time><extensions><TT:RideData eng="75.2" air="33.0" spd="82.0" rpm="6531"/></extensions></trkpt>
      <trkpt lat="45.220991" lon="-121.377788"><ele>688.2</ele><time>2026-08-18T21:21:03.000Z</time><extensions><TT:RideData eng="75.0" air="32.8" spd="85.0" rpm="6735"/></extensions></trkpt>
      <trkpt lat="45.219445" lon="-121.378991"><ele>684.5</ele><time>2026-08-18T21:21:11.000Z</time><extensions><TT:RideData eng="74.7" air="32.8" spd="85.1" rpm="6708"/></extensions></trkpt>
      <trkpt lat="45.217736" lon="-121.379381"><ele>681.0</ele><time>2026-08-18T21:21:19.000Z</time><extensions><TT:RideData eng="74.3" air="32.4" spd="81.7" rpm="6600"/></extensions></trkpt>
      <trkpt lat="45.216080" lon="-121.379541"><ele>683.0</ele><time>2026-08-18T21:21:27.000Z</time><extensions><TT:RideData eng="74.2" air="32.2" spd="82.1" rpm="6628"/></extensions></trkpt>
      <trkpt lat="45.214386" lon="-121.379733"><ele>685.0</ele><time>2026-08-18T21:21:35.000Z</time><extensions><TT:RideData eng="74.6" air="32.2" spd="86.6" rpm="6871"/></extensions></trkpt>
      <trkpt lat="45.212626" lon="-121.379931"><ele>680.5</ele><time>2026-08-18T21:21:43.000Z</time><extensions><TT:RideData eng="74.7" air="32.2" spd="87.2" rpm="6863"/></extensions></trkpt>
      <trkpt lat="45.210868" lon="-121.380166"><ele>675.6</ele><time>2026-08-18T21:21:51.000Z</time><extensions><TT:RideData eng="74.4" air="32.0" spd="85.7" rpm="6770"/></extensions></trkpt>
      <trkpt lat="45.209128" lon="-121.380405"><ele>672.9</ele><time>2026-08-18T21:21:59.000Z</time><extensions><TT:RideData eng="74.0" air="32.3" spd="83.9" rpm="6710"/></extensions></trkpt>
      <trkpt lat="45.207425" lon="-121.380620"><ele>674.6</ele><time>2026-08-18T21:22:07.000Z</time><extensions><TT:RideData eng="73.9" air="32.7" spd="84.3" rpm="6778"/></extensions></trkpt>
      <trkpt lat="45.205658" lon="-121.380995"><ele>677.7</ele><time>2026-08-18T21:22:15.000Z</time><extensions><TT:RideData eng="74.1" air="32.8" spd="85.8" rpm="6792"/></extensions></trkpt>
      <trkpt lat="45.203901" lon="-121.381631"><ele>675.7</ele><time>2026-08-18T21:22:23.000Z</time><extensions><TT:RideData eng="74.2" air="32.8" spd="88.1" rpm="6912"/></extensions></trkpt>
      <trkpt lat="45.202210" lon="-121.382351"><ele>674.5</ele><time>2026-08-18T21:22:31.000Z</time><extensions><TT:RideData eng="74.2" air="32.9" spd="86.0" rpm="6812"/></extensions></trkpt>
      <trkpt lat="45.200551" lon="-121.383055"><ele>675.9</ele><time>2026-08-18T21:22:39.000Z</time><extensions><TT:RideData eng="74.2" air="32.8" spd="83.8" rpm="6706"/></extensions></trkpt>
      <trkpt lat="45.198901" lon="-121.383766"><ele>680.9</ele><time>2026-08-18T21:22:47.000Z</time><extensions><TT:RideData eng="74.3" air="32.7" spd="84.0" rpm="6750"/></extensions></trkpt>
      <trkpt lat="45.197261" lon="-121.384513"><ele>684.5</ele><time>2026-08-18T21:22:55.000Z</time><extensions><TT:RideData eng="74.6" air="32.8" spd="83.6" rpm="6684"/></extensions></trkpt>
      <trkpt lat="45.195586" lon="-121.385255"><ele>689.1</ele><time>2026-08-18T21:23:03.000Z</time><extensions><TT:RideData eng="74.9" air="32.9" spd="84.9" rpm="6763"/></extensions></trkpt>
      <trkpt lat="45.193911" lon="-121.386031"><ele>688.8</ele><time>2026-08-18T21:23:11.000Z</time><extensions><TT:RideData eng="74.7" air="32.4" spd="85.7" rpm="6736"/></extensions></trkpt>
      <trkpt lat="45.192288" lon="-121.386808"><ele>684.9</ele><time>2026-08-18T21:23:19.000Z</time><extensions><TT:RideData eng="74.5" air="32.6" spd="84.4" rpm="6706"/></extensions></trkpt>
      <trkpt lat="45.190723" lon="-121.387793"><ele>682.8</ele><time>2026-08-18T21:23:27.000Z</time><extensions><TT:RideData eng="74.3" air="32.6" spd="82.7" rpm="6502"/></extensions></trkpt>
      <trkpt lat="45.189175" lon="-121.388813"><ele>677.7</ele><time>2026-08-18T21:23:35.000Z</time><extensions><TT:RideData eng="74.0" air="32.2" spd="83.7" rpm="6643"/></extensions></trkpt>
      <trkpt lat="45.188120" lon="-121.390711"><ele>673.1</ele><time>2026-08-18T21:23:43.000Z</time><extensions><TT:RideData eng="73.7" air="32.4" spd="81.0" rpm="6283"/></extensions></trkpt>
      <trkpt lat="45.188696" lon="-121.393068"><ele>667.8</ele><time>2026-08-18T21:23:51.000Z</time><extensions><TT:RideData eng="73.5" air="32.5" spd="82.3" rpm="6687"/></extensions></trkpt>
      <trkpt lat="45.189536" lon="-121.395190"><ele>666.3</ele><time>2026-08-18T21:23:59.000Z</time><extensions><TT:RideData eng="74.0" air="32.2" spd="82.5" rpm="6618"/></extensions></trkpt>
      <trkpt lat="45.190053" lon="-121.397496"><ele>667.7</ele><time>2026-08-18T21:24:07.000Z</time><extensions><TT:RideData eng="74.5" air="32.2" spd="80.3" rpm="6386"/></extensions></trkpt>
      <trkpt lat="45.190206" lon="-121.399751"><ele>670.9</ele><time>2026-08-18T21:24:15.000Z</time><extensions><TT:RideData eng="74.9" air="32.3" spd="79.1" rpm="6359"/></extensions></trkpt>
      <trkpt lat="45.189485" lon="-121.401865"><ele>674.1</ele><time>2026-08-18T21:24:23.000Z</time><extensions><TT:RideData eng="75.2" air="31.9" spd="82.1" rpm="6624"/></extensions></trkpt>
      <trkpt lat="45.188738" lon="-121.403661"><ele>678.8</ele><time>2026-08-18T21:24:31.000Z</time><extensions><TT:RideData eng="75.6" air="32.2" spd="32.4" rpm="2092"/></extensions></trkpt>
      <trkpt lat="45.188701" lon="-121.403535"><ele>683.0</ele><time>2026-08-18T21:24:39.000Z</time><extensions><TT:RideData eng="76.1" air="32.4" spd="45.7" rpm="6104"/></extensions></trkpt>
      <trkpt lat="45.189328" lon="-121.402068"><ele>686.3</ele><time>2026-08-18T21:24:47.000Z</time><extensions><TT:RideData eng="76.9" air="32.3" spd="67.4" rpm="6013"/></extensions></trkpt>
      <trkpt lat="45.190001" lon="-121.400321"><ele>688.1</ele><time>2026-08-18T21:24:55.000Z</time><extensions><TT:RideData eng="76.6" air="31.9" spd="60.7" rpm="5249"/></extensions></trkpt>
      <trkpt lat="45.190261" lon="-121.398531"><ele>689.3</ele><time>2026-08-18T21:25:03.000Z</time><extensions><TT:RideData eng="76.3" air="31.8" spd="57.5" rpm="4824"/></extensions></trkpt>
      <trkpt lat="45.189950" lon="-121.397818"><ele>689.0</ele><time>2026-08-18T21:25:11.000Z</time><extensions><TT:RideData eng="76.1" air="32.0" spd="18.0" rpm="2071"/></extensions></trkpt>
      <trkpt lat="45.189843" lon="-121.397821"><ele>686.6</ele><time>2026-08-18T21:27:40.000Z</time><extensions><TT:RideData eng="85.0" air="35.4" spd="4.5" rpm="3467"/></extensions></trkpt>
      <trkpt lat="45.189698" lon="-121.398498"><ele>686.7</ele><time>2026-08-18T21:27:48.000Z</time><extensions><TT:RideData eng="79.3" air="34.8" spd="45.1" rpm="4803"/></extensions></trkpt>
      <trkpt lat="45.189346" lon="-121.399525"><ele>687.9</ele><time>2026-08-18T21:27:56.000Z</time><extensions><TT:RideData eng="78.9" air="33.8" spd="52.2" rpm="4897"/></extensions></trkpt>
      <trkpt lat="45.188335" lon="-121.400348"><ele>688.8</ele><time>2026-08-18T21:28:04.000Z</time><extensions><TT:RideData eng="79.2" air="33.0" spd="60.8" rpm="5099"/></extensions></trkpt>
      <trkpt lat="45.187318" lon="-121.401098"><ele>689.6</ele><time>2026-08-18T21:28:12.000Z</time><extensions><TT:RideData eng="79.0" air="32.4" spd="42.5" rpm="3584"/></extensions></trkpt>
      <trkpt lat="45.186770" lon="-121.401315"><ele>689.8</ele><time>2026-08-18T21:28:20.000Z</time><extensions><TT:RideData eng="78.7" air="32.4" spd="43.1" rpm="5216"/></extensions></trkpt>
      <trkpt lat="45.185990" lon="-121.400518"><ele>689.3</ele><time>2026-08-18T21:28:28.000Z</time><extensions><TT:RideData eng="78.7" air="32.2" spd="43.8" rpm="4748"/></extensions></trkpt>
      <trkpt lat="45.185388" lon="-121.399741"><ele>687.8</ele><time>2026-08-18T21:28:36.000Z</time><extensions><TT:RideData eng="78.5" air="32.2" spd="26.5" rpm="2184"/></extensions></trkpt>
      <trkpt lat="45.184883" lon="-121.399260"><ele>685.7</ele><time>2026-08-18T21:28:44.000Z</time><extensions><TT:RideData eng="78.3" air="32.1" spd="38.8" rpm="3990"/></extensions></trkpt>
      <trkpt lat="45.184350" lon="-121.398833"><ele>684.0</ele><time>2026-08-18T21:28:52.000Z</time><extensions><TT:RideData eng="78.1" air="32.1" spd="13.5" rpm="1971"/></extensions></trkpt>
      <trkpt lat="45.184528" lon="-121.398971"><ele>685.4</ele><time>2026-08-18T21:29:00.000Z</time><extensions><TT:RideData eng="78.2" air="32.2" spd="46.9" rpm="6765"/></extensions></trkpt>
      <trkpt lat="45.185486" lon="-121.399906"><ele>685.7</ele><time>2026-08-18T21:29:08.000Z</time><extensions><TT:RideData eng="79.0" air="32.2" spd="50.5" rpm="4173"/></extensions></trkpt>
      <trkpt lat="45.186395" lon="-121.400768"><ele>685.9</ele><time>2026-08-18T21:29:16.000Z</time><extensions><TT:RideData eng="78.8" air="32.1" spd="51.5" rpm="4302"/></extensions></trkpt>
      <trkpt lat="45.186991" lon="-121.401410"><ele>686.6</ele><time>2026-08-18T21:29:24.000Z</time><extensions><TT:RideData eng="78.7" air="32.1" spd="18.8" rpm="3542"/></extensions></trkpt>
      <trkpt lat="45.187540" lon="-121.401168"><ele>688.7</ele><time>2026-08-18T21:29:32.000Z</time><extensions><TT:RideData eng="78.7" air="32.1" spd="28.7" rpm="2059"/></extensions></trkpt>
      <trkpt lat="45.187766" lon="-121.400611"><ele>690.1</ele><time>2026-08-18T21:29:40.000Z</time><extensions><TT:RideData eng="79.1" air="32.2" spd="29.4" rpm="4252"/></extensions></trkpt>
      <trkpt lat="45.187348" lon="-121.399853"><ele>690.2</ele><time>2026-08-18T21:29:48.000Z</time><extensions><TT:RideData eng="79.4" air="32.2" spd="39.7" rpm="5086"/></extensions></trkpt>
      <trkpt lat="45.187658" lon="-121.399078"><ele>689.8</ele><time>2026-08-18T21:29:56.000Z</time><extensions><TT:RideData eng="79.7" air="32.2" spd="44.0" rpm="5120"/></extensions></trkpt>
      <trkpt lat="45.188125" lon="-121.398110"><ele>689.5</ele><time>2026-08-18T21:30:04.000Z</time><extensions><TT:RideData eng="79.6" air="32.0" spd="37.6" rpm="4393"/></extensions></trkpt>
      <trkpt lat="45.188461" lon="-121.397128"><ele>689.1</ele><time>2026-08-18T21:30:12.000Z</time><extensions><TT:RideData eng="79.1" air="32.0" spd="36.3" rpm="3498"/></extensions></trkpt>
      <trkpt lat="45.188843" lon="-121.396321"><ele>687.6</ele><time>2026-08-18T21:30:20.000Z</time><extensions><TT:RideData eng="78.6" air="32.1" spd="27.9" rpm="2790"/></extensions></trkpt>
      <trkpt lat="45.188905" lon="-121.395731"><ele>686.0</ele><time>2026-08-18T21:30:28.000Z</time><extensions><TT:RideData eng="78.0" air="32.0" spd="32.3" rpm="4578"/></extensions></trkpt>
      <trkpt lat="45.188586" lon="-121.394903"><ele>684.8</ele><time>2026-08-18T21:30:36.000Z</time><extensions><TT:RideData eng="77.6" air="31.8" spd="36.1" rpm="4575"/></extensions></trkpt>
      <trkpt lat="45.187985" lon="-121.394151"><ele>683.4</ele><time>2026-08-18T21:30:44.000Z</time><extensions><TT:RideData eng="77.5" air="31.7" spd="35.2" rpm="4495"/></extensions></trkpt>
      <trkpt lat="45.187446" lon="-121.393535"><ele>682.0</ele><time>2026-08-18T21:30:52.000Z</time><extensions><TT:RideData eng="77.6" air="31.7" spd="33.7" rpm="4303"/></extensions></trkpt>
      <trkpt lat="45.187006" lon="-121.392861"><ele>682.2</ele><time>2026-08-18T21:31:00.000Z</time><extensions><TT:RideData eng="77.7" air="31.9" spd="36.1" rpm="4334"/></extensions></trkpt>
      <trkpt lat="45.186665" lon="-121.392138"><ele>681.2</ele><time>2026-08-18T21:31:08.000Z</time><extensions><TT:RideData eng="77.7" air="32.0" spd="36.2" rpm="4577"/></extensions></trkpt>
      <trkpt lat="45.186018" lon="-121.391645"><ele>680.0</ele><time>2026-08-18T21:31:16.000Z</time><extensions><TT:RideData eng="77.6" air="31.7" spd="38.5" rpm="5367"/></extensions></trkpt>
      <trkpt lat="45.185598" lon="-121.390811"><ele>678.7</ele><time>2026-08-18T21:31:24.000Z</time><extensions><TT:RideData eng="77.4" air="31.6" spd="39.7" rpm="5227"/></extensions></trkpt>
      <trkpt lat="45.185240" lon="-121.389751"><ele>678.3</ele><time>2026-08-18T21:31:32.000Z</time><extensions><TT:RideData eng="77.5" air="31.6" spd="35.4" rpm="4984"/></extensions></trkpt>
      <trkpt lat="45.184705" lon="-121.389023"><ele>677.5</ele><time>2026-08-18T21:31:40.000Z</time><extensions><TT:RideData eng="77.7" air="31.7" spd="37.5" rpm="4320"/></extensions></trkpt>
      <trkpt lat="45.184113" lon="-121.388480"><ele>676.3</ele><time>2026-08-18T21:31:48.000Z</time><extensions><TT:RideData eng="77.6" air="31.6" spd="48.1" rpm="6182"/></extensions></trkpt>
      <trkpt lat="45.183453" lon="-121.387676"><ele>675.2</ele><time>2026-08-18T21:31:56.000Z</time><extensions><TT:RideData eng="77.7" air="31.7" spd="39.6" rpm="3854"/></extensions></trkpt>
      <trkpt lat="45.182968" lon="-121.386911"><ele>674.0</ele><time>2026-08-18T21:32:04.000Z</time><extensions><TT:RideData eng="77.8" air="31.6" spd="33.2" rpm="4383"/></extensions></trkpt>
      <trkpt lat="45.182371" lon="-121.386401"><ele>673.4</ele><time>2026-08-18T21:32:12.000Z</time><extensions><TT:RideData eng="77.8" air="31.4" spd="33.3" rpm="4375"/></extensions></trkpt>
      <trkpt lat="45.181951" lon="-121.385756"><ele>671.9</ele><time>2026-08-18T21:32:20.000Z</time><extensions><TT:RideData eng="77.9" air="31.4" spd="38.4" rpm="4882"/></extensions></trkpt>
      <trkpt lat="45.181621" lon="-121.384765"><ele>671.2</ele><time>2026-08-18T21:32:28.000Z</time><extensions><TT:RideData eng="77.9" air="31.5" spd="40.2" rpm="4917"/></extensions></trkpt>
      <trkpt lat="45.181423" lon="-121.383758"><ele>670.2</ele><time>2026-08-18T21:32:36.000Z</time><extensions><TT:RideData eng="77.9" air="31.4" spd="32.3" rpm="4315"/></extensions></trkpt>
      <trkpt lat="45.181251" lon="-121.382810"><ele>669.1</ele><time>2026-08-18T21:32:44.000Z</time><extensions><TT:RideData eng="77.8" air="31.4" spd="35.1" rpm="4554"/></extensions></trkpt>
      <trkpt lat="45.181003" lon="-121.381900"><ele>667.7</ele><time>2026-08-18T21:32:52.000Z</time><extensions><TT:RideData eng="77.8" air="31.5" spd="43.3" rpm="4904"/></extensions></trkpt>
      <trkpt lat="45.180683" lon="-121.380798"><ele>664.5</ele><time>2026-08-18T21:33:00.000Z</time><extensions><TT:RideData eng="77.7" air="31.6" spd="41.4" rpm="4793"/></extensions></trkpt>
      <trkpt lat="45.180298" lon="-121.379711"><ele>661.8</ele><time>2026-08-18T21:33:08.000Z</time><extensions><TT:RideData eng="77.6" air="31.6" spd="34.9" rpm="4025"/></extensions></trkpt>
      <trkpt lat="45.179756" lon="-121.379006"><ele>662.2</ele><time>2026-08-18T21:33:16.000Z</time><extensions><TT:RideData eng="77.6" air="31.9" spd="34.7" rpm="4563"/></extensions></trkpt>
      <trkpt lat="45.179175" lon="-121.379173"><ele>662.0</ele><time>2026-08-18T21:33:24.000Z</time><extensions><TT:RideData eng="77.8" air="32.1" spd="29.8" rpm="3984"/></extensions></trkpt>
      <trkpt lat="45.178700" lon="-121.379880"><ele>658.0</ele><time>2026-08-18T21:33:32.000Z</time><extensions><TT:RideData eng="78.3" air="32.2" spd="32.2" rpm="3719"/></extensions></trkpt>
      <trkpt lat="45.178210" lon="-121.380345"><ele>654.6</ele><time>2026-08-18T21:33:40.000Z</time><extensions><TT:RideData eng="78.7" air="32.3" spd="27.9" rpm="3887"/></extensions></trkpt>
      <trkpt lat="45.177821" lon="-121.381020"><ele>654.8</ele><time>2026-08-18T21:33:48.000Z</time><extensions><TT:RideData eng="78.9" air="32.2" spd="37.4" rpm="4720"/></extensions></trkpt>
      <trkpt lat="45.177270" lon="-121.381776"><ele>656.1</ele><time>2026-08-18T21:33:56.000Z</time><extensions><TT:RideData eng="79.4" air="32.3" spd="41.6" rpm="5088"/></extensions></trkpt>
      <trkpt lat="45.176788" lon="-121.382796"><ele>659.3</ele><time>2026-08-18T21:34:04.000Z</time><extensions><TT:RideData eng="79.7" air="32.4" spd="37.7" rpm="3803"/></extensions></trkpt>
      <trkpt lat="45.176446" lon="-121.383570"><ele>661.7</ele><time>2026-08-18T21:34:12.000Z</time><extensions><TT:RideData eng="80.0" air="32.4" spd="20.2" rpm="2109"/></extensions></trkpt>
      <trkpt lat="45.176340" lon="-121.383770"><ele>660.7</ele><time>2026-08-18T21:34:25.000Z</time><extensions><TT:RideData eng="79.9" air="32.7" spd="0.0" rpm="1779"/></extensions></trkpt>
      <trkpt lat="45.176150" lon="-121.384075"><ele>661.4</ele><time>2026-08-18T21:34:33.000Z</time><extensions><TT:RideData eng="80.6" air="32.8" spd="46.0" rpm="5339"/></extensions></trkpt>
      <trkpt lat="45.175615" lon="-121.385320"><ele>662.9</ele><time>2026-08-18T21:34:41.000Z</time><extensions><TT:RideData eng="81.1" air="32.6" spd="65.0" rpm="5511"/></extensions></trkpt>
      <trkpt lat="45.175010" lon="-121.386863"><ele>662.6</ele><time>2026-08-18T21:34:49.000Z</time><extensions><TT:RideData eng="80.9" air="32.2" spd="54.3" rpm="4342"/></extensions></trkpt>
      <trkpt lat="45.174513" lon="-121.388256"><ele>665.3</ele><time>2026-08-18T21:34:57.000Z</time><extensions><TT:RideData eng="80.2" air="32.1" spd="49.6" rpm="3775"/></extensions></trkpt>
      <trkpt lat="45.173820" lon="-121.389391"><ele>665.9</ele><time>2026-08-18T21:35:05.000Z</time><extensions><TT:RideData eng="79.6" air="32.0" spd="56.9" rpm="4888"/></extensions></trkpt>
      <trkpt lat="45.172933" lon="-121.390220"><ele>668.9</ele><time>2026-08-18T21:35:13.000Z</time><extensions><TT:RideData eng="79.1" air="32.0" spd="38.9" rpm="2913"/></extensions></trkpt>
      <trkpt lat="45.172489" lon="-121.390560"><ele>672.5</ele><time>2026-08-18T21:35:21.000Z</time><extensions><TT:RideData eng="78.7" air="32.1" spd="31.2" rpm="4150"/></extensions></trkpt>
      <trkpt lat="45.172601" lon="-121.391458"><ele>675.9</ele><time>2026-08-18T21:35:29.000Z</time><extensions><TT:RideData eng="79.4" air="32.2" spd="29.3" rpm="3748"/></extensions></trkpt>
      <trkpt lat="45.172763" lon="-121.392328"><ele>678.8</ele><time>2026-08-18T21:35:37.000Z</time><extensions><TT:RideData eng="80.3" air="32.3" spd="28.6" rpm="3495"/></extensions></trkpt>
      <trkpt lat="45.173016" lon="-121.393258"><ele>683.4</ele><time>2026-08-18T21:35:45.000Z</time><extensions><TT:RideData eng="81.1" air="32.2" spd="32.7" rpm="3917"/></extensions></trkpt>
      <trkpt lat="45.173303" lon="-121.394213"><ele>686.8</ele><time>2026-08-18T21:35:53.000Z</time><extensions><TT:RideData eng="81.6" air="32.2" spd="35.5" rpm="4227"/></extensions></trkpt>
      <trkpt lat="45.173666" lon="-121.395181"><ele>690.5</ele><time>2026-08-18T21:36:01.000Z</time><extensions><TT:RideData eng="81.7" air="31.9" spd="55.1" rpm="5215"/></extensions></trkpt>
      <trkpt lat="45.174173" lon="-121.396388"><ele>694.1</ele><time>2026-08-18T21:36:09.000Z</time><extensions><TT:RideData eng="81.5" air="31.7" spd="42.5" rpm="3950"/></extensions></trkpt>
      <trkpt lat="45.174505" lon="-121.397443"><ele>698.7</ele><time>2026-08-18T21:36:17.000Z</time><extensions><TT:RideData eng="81.0" air="31.7" spd="43.8" rpm="4686"/></extensions></trkpt>
      <trkpt lat="45.174775" lon="-121.398540"><ele>702.3</ele><time>2026-08-18T21:36:25.000Z</time><extensions><TT:RideData eng="80.8" air="31.5" spd="27.4" rpm="3617"/></extensions></trkpt>
      <trkpt lat="45.175215" lon="-121.399191"><ele>707.3</ele><time>2026-08-18T21:36:33.000Z</time><extensions><TT:RideData eng="81.1" air="31.7" spd="36.2" rpm="4240"/></extensions></trkpt>
      <trkpt lat="45.175455" lon="-121.400081"><ele>713.1</ele><time>2026-08-18T21:36:41.000Z</time><extensions><TT:RideData eng="81.6" air="32.0" spd="33.5" rpm="3364"/></extensions></trkpt>
      <trkpt lat="45.175718" lon="-121.400888"><ele>719.3</ele><time>2026-08-18T21:36:49.000Z</time><extensions><TT:RideData eng="81.7" air="32.0" spd="25.8" rpm="3065"/></extensions></trkpt>
      <trkpt lat="45.176070" lon="-121.401551"><ele>724.6</ele><time>2026-08-18T21:36:57.000Z</time><extensions><TT:RideData eng="81.7" air="31.9" spd="31.5" rpm="4088"/></extensions></trkpt>
      <trkpt lat="45.176325" lon="-121.402543"><ele>729.1</ele><time>2026-08-18T21:37:05.000Z</time><extensions><TT:RideData eng="81.9" air="31.6" spd="41.9" rpm="3892"/></extensions></trkpt>
      <trkpt lat="45.176585" lon="-121.403455"><ele>733.9</ele><time>2026-08-18T21:37:13.000Z</time><extensions><TT:RideData eng="81.8" air="31.4" spd="26.1" rpm="3331"/></extensions></trkpt>
      <trkpt lat="45.176655" lon="-121.404165"><ele>736.9</ele><time>2026-08-18T21:37:21.000Z</time><extensions><TT:RideData eng="81.6" air="31.3" spd="32.4" rpm="4313"/></extensions></trkpt>
      <trkpt lat="45.176890" lon="-121.404910"><ele>740.1</ele><time>2026-08-18T21:37:29.000Z</time><extensions><TT:RideData eng="81.5" air="31.3" spd="28.1" rpm="3552"/></extensions></trkpt>
      <trkpt lat="45.177115" lon="-121.405750"><ele>742.7</ele><time>2026-08-18T21:37:37.000Z</time><extensions><TT:RideData eng="81.6" air="31.1" spd="32.2" rpm="5617"/></extensions></trkpt>
      <trkpt lat="45.177080" lon="-121.406840"><ele>745.2</ele><time>2026-08-18T21:37:45.000Z</time><extensions><TT:RideData eng="81.5" air="31.0" spd="41.8" rpm="5412"/></extensions></trkpt>
      <trkpt lat="45.176918" lon="-121.407903"><ele>747.2</ele><time>2026-08-18T21:37:53.000Z</time><extensions><TT:RideData eng="81.2" air="30.9" spd="39.6" rpm="5305"/></extensions></trkpt>
      <trkpt lat="45.176636" lon="-121.409015"><ele>749.9</ele><time>2026-08-18T21:38:01.000Z</time><extensions><TT:RideData eng="80.9" air="30.8" spd="39.2" rpm="4439"/></extensions></trkpt>
      <trkpt lat="45.176376" lon="-121.410148"><ele>753.3</ele><time>2026-08-18T21:38:09.000Z</time><extensions><TT:RideData eng="80.9" air="30.8" spd="38.9" rpm="3899"/></extensions></trkpt>
      <trkpt lat="45.176151" lon="-121.411100"><ele>756.8</ele><time>2026-08-18T21:38:17.000Z</time><extensions><TT:RideData eng="80.8" air="30.9" spd="34.9" rpm="4416"/></extensions></trkpt>
      <trkpt lat="45.175713" lon="-121.411923"><ele>760.7</ele><time>2026-08-18T21:38:25.000Z</time><extensions><TT:RideData eng="80.9" air="30.9" spd="37.4" rpm="4387"/></extensions></trkpt>
      <trkpt lat="45.175346" lon="-121.412705"><ele>765.5</ele><time>2026-08-18T21:38:33.000Z</time><extensions><TT:RideData eng="81.0" air="30.7" spd="35.2" rpm="4186"/></extensions></trkpt>
      <trkpt lat="45.175143" lon="-121.413658"><ele>769.8</ele><time>2026-08-18T21:38:41.000Z</time><extensions><TT:RideData eng="80.8" air="30.7" spd="40.5" rpm="4899"/></extensions></trkpt>
      <trkpt lat="45.174916" lon="-121.414663"><ele>773.7</ele><time>2026-08-18T21:38:49.000Z</time><extensions><TT:RideData eng="80.8" air="30.9" spd="36.5" rpm="4095"/></extensions></trkpt>
      <trkpt lat="45.174583" lon="-121.415650"><ele>779.0</ele><time>2026-08-18T21:38:57.000Z</time><extensions><TT:RideData eng="80.8" air="31.1" spd="28.3" rpm="3186"/></extensions></trkpt>
      <trkpt lat="45.174455" lon="-121.416653"><ele>784.7</ele><time>2026-08-18T21:39:05.000Z</time><extensions><TT:RideData eng="80.8" air="31.1" spd="49.9" rpm="5214"/></extensions></trkpt>
      <trkpt lat="45.174248" lon="-121.417890"><ele>789.3</ele><time>2026-08-18T21:39:13.000Z</time><extensions><TT:RideData eng="80.9" air="30.9" spd="30.3" rpm="3021"/></extensions></trkpt>
      <trkpt lat="45.174233" lon="-121.418591"><ele>794.2</ele><time>2026-08-18T21:39:21.000Z</time><extensions><TT:RideData eng="80.8" air="30.9" spd="29.5" rpm="3963"/></extensions></trkpt>
      <trkpt lat="45.174261" lon="-121.419450"><ele>798.8</ele><time>2026-08-18T21:39:29.000Z</time><extensions><TT:RideData eng="80.8" air="30.9" spd="43.5" rpm="5580"/></extensions></trkpt>
      <trkpt lat="45.174046" lon="-121.420570"><ele>801.9</ele><time>2026-08-18T21:39:37.000Z</time><extensions><TT:RideData eng="80.7" air="30.7" spd="41.7" rpm="4586"/></extensions></trkpt>
      <trkpt lat="45.173741" lon="-121.421681"><ele>805.6</ele><time>2026-08-18T21:39:45.000Z</time><extensions><TT:RideData eng="80.6" air="30.5" spd="36.3" rpm="4066"/></extensions></trkpt>
      <trkpt lat="45.173336" lon="-121.422725"><ele>809.8</ele><time>2026-08-18T21:39:53.000Z</time><extensions><TT:RideData eng="80.4" air="30.6" spd="39.8" rpm="4724"/></extensions></trkpt>
      <trkpt lat="45.173031" lon="-121.423785"><ele>813.6</ele><time>2026-08-18T21:40:01.000Z</time><extensions><TT:RideData eng="80.2" air="30.6" spd="40.0" rpm="4208"/></extensions></trkpt>
      <trkpt lat="45.172715" lon="-121.424936"><ele>817.6</ele><time>2026-08-18T21:40:09.000Z</time><extensions><TT:RideData eng="80.0" air="30.5" spd="47.4" rpm="4783"/></extensions></trkpt>
      <trkpt lat="45.172508" lon="-121.426103"><ele>822.4</ele><time>2026-08-18T21:40:17.000Z</time><extensions><TT:RideData eng="79.5" air="30.5" spd="36.8" rpm="4761"/></extensions></trkpt>
      <trkpt lat="45.172476" lon="-121.427093"><ele>826.4</ele><time>2026-08-18T21:40:25.000Z</time><extensions><TT:RideData eng="79.3" air="30.6" spd="38.0" rpm="5013"/></extensions></trkpt>
      <trkpt lat="45.172428" lon="-121.428153"><ele>829.3</ele><time>2026-08-18T21:40:33.000Z</time><extensions><TT:RideData eng="79.6" air="30.8" spd="34.2" rpm="4039"/></extensions></trkpt>
      <trkpt lat="45.172411" lon="-121.428910"><ele>833.2</ele><time>2026-08-18T21:40:41.000Z</time><extensions><TT:RideData eng="80.2" air="30.9" spd="18.6" rpm="3852"/></extensions></trkpt>
      <trkpt lat="45.172375" lon="-121.429646"><ele>837.3</ele><time>2026-08-18T21:40:49.000Z</time><extensions><TT:RideData eng="80.2" air="31.0" spd="37.6" rpm="4411"/></extensions></trkpt>
      <trkpt lat="45.172390" lon="-121.430678"><ele>840.7</ele><time>2026-08-18T21:40:57.000Z</time><extensions><TT:RideData eng="80.5" air="31.0" spd="44.6" rpm="5869"/></extensions></trkpt>
      <trkpt lat="45.172443" lon="-121.431876"><ele>844.1</ele><time>2026-08-18T21:41:05.000Z</time><extensions><TT:RideData eng="80.6" air="31.0" spd="40.7" rpm="4528"/></extensions></trkpt>
      <trkpt lat="45.172635" lon="-121.433188"><ele>846.0</ele><time>2026-08-18T21:41:13.000Z</time><extensions><TT:RideData eng="80.3" air="30.9" spd="39.2" rpm="4017"/></extensions></trkpt>
      <trkpt lat="45.172651" lon="-121.434280"><ele>846.7</ele><time>2026-08-18T21:41:21.000Z</time><extensions><TT:RideData eng="80.2" air="30.9" spd="40.0" rpm="3823"/></extensions></trkpt>
      <trkpt lat="45.172853" lon="-121.435073"><ele>850.1</ele><time>2026-08-18T21:41:29.000Z</time><extensions><TT:RideData eng="80.1" air="30.9" spd="28.5" rpm="3749"/></extensions></trkpt>
      <trkpt lat="45.173256" lon="-121.435920"><ele>851.7</ele><time>2026-08-18T21:41:37.000Z</time><extensions><TT:RideData eng="80.2" air="30.8" spd="33.3" rpm="4416"/></extensions></trkpt>
      <trkpt lat="45.173558" lon="-121.436695"><ele>854.8</ele><time>2026-08-18T21:41:45.000Z</time><extensions><TT:RideData eng="80.3" air="30.7" spd="32.8" rpm="3769"/></extensions></trkpt>
      <trkpt lat="45.173858" lon="-121.437463"><ele>854.1</ele><time>2026-08-18T21:41:53.000Z</time><extensions><TT:RideData eng="80.5" air="30.7" spd="38.2" rpm="4803"/></extensions></trkpt>
      <trkpt lat="45.173950" lon="-121.438466"><ele>855.6</ele><time>2026-08-18T21:42:01.000Z</time><extensions><TT:RideData eng="80.5" air="30.6" spd="35.6" rpm="4619"/></extensions></trkpt>
      <trkpt lat="45.173613" lon="-121.439340"><ele>853.2</ele><time>2026-08-18T21:42:09.000Z</time><extensions><TT:RideData eng="80.5" air="30.5" spd="36.2" rpm="4259"/></extensions></trkpt>
      <trkpt lat="45.173195" lon="-121.440148"><ele>853.2</ele><time>2026-08-18T21:42:17.000Z</time><extensions><TT:RideData eng="80.4" air="30.3" spd="30.7" rpm="3986"/></extensions></trkpt>
      <trkpt lat="45.172756" lon="-121.440876"><ele>855.6</ele><time>2026-08-18T21:42:25.000Z</time><extensions><TT:RideData eng="80.4" air="30.4" spd="33.7" rpm="4258"/></extensions></trkpt>
      <trkpt lat="45.172386" lon="-121.441681"><ele>858.4</ele><time>2026-08-18T21:42:33.000Z</time><extensions><TT:RideData eng="80.5" air="30.3" spd="28.4" rpm="3846"/></extensions></trkpt>
      <trkpt lat="45.172163" lon="-121.442163"><ele>860.6</ele><time>2026-08-18T21:42:41.000Z</time><extensions><TT:RideData eng="80.8" air="30.2" spd="33.9" rpm="4538"/></extensions></trkpt>
      <trkpt lat="45.171658" lon="-121.441976"><ele>863.6</ele><time>2026-08-18T21:42:49.000Z</time><extensions><TT:RideData eng="80.8" air="30.1" spd="26.6" rpm="4579"/></extensions></trkpt>
      <trkpt lat="45.171086" lon="-121.441958"><ele>866.4</ele><time>2026-08-18T21:42:57.000Z</time><extensions><TT:RideData eng="81.1" air="30.0" spd="31.4" rpm="5364"/></extensions></trkpt>
      <trkpt lat="45.170501" lon="-121.442071"><ele>869.7</ele><time>2026-08-18T21:43:05.000Z</time><extensions><TT:RideData eng="81.9" air="30.2" spd="35.1" rpm="4486"/></extensions></trkpt>
      <trkpt lat="45.170120" lon="-121.442778"><ele>872.5</ele><time>2026-08-18T21:43:13.000Z</time><extensions><TT:RideData eng="82.5" air="30.3" spd="34.2" rpm="4593"/></extensions></trkpt>
      <trkpt lat="45.169986" lon="-121.443723"><ele>871.6</ele><time>2026-08-18T21:43:21.000Z</time><extensions><TT:RideData eng="82.6" air="30.4" spd="33.6" rpm="4268"/></extensions></trkpt>
      <trkpt lat="45.170421" lon="-121.444636"><ele>872.2</ele><time>2026-08-18T21:43:29.000Z</time><extensions><TT:RideData eng="82.8" air="30.4" spd="30.0" rpm="3581"/></extensions></trkpt>
      <trkpt lat="45.170928" lon="-121.445230"><ele>873.2</ele><time>2026-08-18T21:43:37.000Z</time><extensions><TT:RideData eng="83.0" air="30.5" spd="28.5" rpm="3334"/></extensions></trkpt>
      <trkpt lat="45.171370" lon="-121.445778"><ele>876.3</ele><time>2026-08-18T21:43:45.000Z</time><extensions><TT:RideData eng="83.5" air="30.6" spd="24.9" rpm="3857"/></extensions></trkpt>
      <trkpt lat="45.171701" lon="-121.446353"><ele>879.5</ele><time>2026-08-18T21:43:53.000Z</time><extensions><TT:RideData eng="83.8" air="30.6" spd="36.0" rpm="4630"/></extensions></trkpt>
      <trkpt lat="45.171950" lon="-121.447213"><ele>877.0</ele><time>2026-08-18T21:44:01.000Z</time><extensions><TT:RideData eng="84.1" air="30.6" spd="12.8" rpm="2023"/></extensions></trkpt>
      <trkpt lat="45.171916" lon="-121.447618"><ele>876.3</ele><time>2026-08-18T21:44:09.000Z</time><extensions><TT:RideData eng="84.4" air="30.8" spd="22.8" rpm="2581"/></extensions></trkpt>
      <trkpt lat="45.172003" lon="-121.448203"><ele>877.1</ele><time>2026-08-18T21:44:17.000Z</time><extensions><TT:RideData eng="84.7" air="30.9" spd="27.8" rpm="3826"/></extensions></trkpt>
      <trkpt lat="45.171993" lon="-121.448991"><ele>878.4</ele><time>2026-08-18T21:44:25.000Z</time><extensions><TT:RideData eng="84.7" air="30.8" spd="25.7" rpm="3540"/></extensions></trkpt>
      <trkpt lat="45.172061" lon="-121.449596"><ele>878.0</ele><time>2026-08-18T21:44:33.000Z</time><extensions><TT:RideData eng="85.0" air="30.8" spd="17.0" rpm="2329"/></extensions></trkpt>
      <trkpt lat="45.172285" lon="-121.450231"><ele>879.0</ele><time>2026-08-18T21:44:41.000Z</time><extensions><TT:RideData eng="85.6" air="30.8" spd="30.2" rpm="3935"/></extensions></trkpt>
      <trkpt lat="45.172423" lon="-121.451063"><ele>878.5</ele><time>2026-08-18T21:44:49.000Z</time><extensions><TT:RideData eng="85.9" air="30.8" spd="44.2" rpm="4859"/></extensions></trkpt>
      <trkpt lat="45.172445" lon="-121.452186"><ele>881.1</ele><time>2026-08-18T21:44:57.000Z</time><extensions><TT:RideData eng="85.6" air="30.7" spd="32.7" rpm="3892"/></extensions></trkpt>
      <trkpt lat="45.172356" lon="-121.453078"><ele>883.7</ele><time>2026-08-18T21:45:05.000Z</time><extensions><TT:RideData eng="85.7" air="30.7" spd="35.3" rpm="4846"/></extensions></trkpt>
      <trkpt lat="45.172491" lon="-121.454155"><ele>886.4</ele><time>2026-08-18T21:45:13.000Z</time><extensions><TT:RideData eng="85.6" air="30.4" spd="38.7" rpm="4168"/></extensions></trkpt>
      <trkpt lat="45.172510" lon="-121.455258"><ele>887.9</ele><time>2026-08-18T21:45:21.000Z</time><extensions><TT:RideData eng="85.3" air="30.3" spd="30.2" rpm="2953"/></extensions></trkpt>
      <trkpt lat="45.172913" lon="-121.456106"><ele>889.3</ele><time>2026-08-18T21:45:29.000Z</time><extensions><TT:RideData eng="85.1" air="30.2" spd="41.9" rpm="5496"/></extensions></trkpt>
      <trkpt lat="45.173348" lon="-121.457200"><ele>889.7</ele><time>2026-08-18T21:45:37.000Z</time><extensions><TT:RideData eng="84.8" air="30.1" spd="36.5" rpm="4018"/></extensions></trkpt>
      <trkpt lat="45.173488" lon="-121.458300"><ele>892.2</ele><time>2026-08-18T21:45:45.000Z</time><extensions><TT:RideData eng="84.4" air="30.0" spd="40.2" rpm="4404"/></extensions></trkpt>
      <trkpt lat="45.173495" lon="-121.459315"><ele>894.7</ele><time>2026-08-18T21:45:53.000Z</time><extensions><TT:RideData eng="84.1" air="29.9" spd="29.4" rpm="4388"/></extensions></trkpt>
      <trkpt lat="45.173859" lon="-121.460078"><ele>895.9</ele><time>2026-08-18T21:46:01.000Z</time><extensions><TT:RideData eng="83.8" air="29.6" spd="24.0" rpm="2729"/></extensions></trkpt>
      <trkpt lat="45.174135" lon="-121.460408"><ele>897.6</ele><time>2026-08-18T21:46:09.000Z</time><extensions><TT:RideData eng="84.2" air="29.8" spd="19.0" rpm="3482"/></extensions></trkpt>
      <trkpt lat="45.174555" lon="-121.460530"><ele>899.9</ele><time>2026-08-18T21:46:17.000Z</time><extensions><TT:RideData eng="84.6" air="29.8" spd="38.9" rpm="5113"/></extensions></trkpt>
      <trkpt lat="45.175056" lon="-121.461065"><ele>901.9</ele><time>2026-08-18T21:46:25.000Z</time><extensions><TT:RideData eng="84.4" air="29.6" spd="40.0" rpm="5357"/></extensions></trkpt>
      <trkpt lat="45.175460" lon="-121.461691"><ele>905.7</ele><time>2026-08-18T21:46:33.000Z</time><extensions><TT:RideData eng="84.3" air="29.5" spd="13.9" rpm="2666"/></extensions></trkpt>
      <trkpt lat="45.175731" lon="-121.462093"><ele>908.3</ele><time>2026-08-18T21:46:41.000Z</time><extensions><TT:RideData eng="84.7" air="29.6" spd="16.2" rpm="2851"/></extensions></trkpt>
      <trkpt lat="45.175786" lon="-121.462463"><ele>910.6</ele><time>2026-08-18T21:46:49.000Z</time><extensions><TT:RideData eng="85.2" air="29.6" spd="30.2" rpm="6337"/></extensions></trkpt>
      <trkpt lat="45.175861" lon="-121.463310"><ele>913.3</ele><time>2026-08-18T21:46:57.000Z</time><extensions><TT:RideData eng="85.3" air="29.3" spd="41.8" rpm="4136"/></extensions></trkpt>
      <trkpt lat="45.176118" lon="-121.464300"><ele>916.6</ele><time>2026-08-18T21:47:05.000Z</time><extensions><TT:RideData eng="84.9" air="29.2" spd="28.3" rpm="3425"/></extensions></trkpt>
      <trkpt lat="45.176700" lon="-121.465171"><ele>919.7</ele><time>2026-08-18T21:47:13.000Z</time><extensions><TT:RideData eng="84.5" air="29.1" spd="30.5" rpm="4317"/></extensions></trkpt>
      <trkpt lat="45.177168" lon="-121.466191"><ele>923.3</ele><time>2026-08-18T21:47:21.000Z</time><extensions><TT:RideData eng="84.3" air="29.0" spd="38.5" rpm="5038"/></extensions></trkpt>
      <trkpt lat="45.177373" lon="-121.467236"><ele>926.4</ele><time>2026-08-18T21:47:29.000Z</time><extensions><TT:RideData eng="84.1" air="29.0" spd="34.2" rpm="4430"/></extensions></trkpt>
      <trkpt lat="45.177561" lon="-121.468220"><ele>929.4</ele><time>2026-08-18T21:47:37.000Z</time><extensions><TT:RideData eng="83.9" air="28.9" spd="36.2" rpm="4872"/></extensions></trkpt>
      <trkpt lat="45.177666" lon="-121.469173"><ele>932.9</ele><time>2026-08-18T21:47:45.000Z</time><extensions><TT:RideData eng="83.7" air="28.9" spd="40.6" rpm="5694"/></extensions></trkpt>
      <trkpt lat="45.177503" lon="-121.470243"><ele>936.2</ele><time>2026-08-18T21:47:53.000Z</time><extensions><TT:RideData eng="83.6" air="28.9" spd="37.8" rpm="3621"/></extensions></trkpt>
      <trkpt lat="45.177205" lon="-121.471221"><ele>939.1</ele><time>2026-08-18T21:48:01.000Z</time><extensions><TT:RideData eng="83.7" air="28.9" spd="31.6" rpm="2933"/></extensions></trkpt>
      <trkpt lat="45.176893" lon="-121.471998"><ele>944.0</ele><time>2026-08-18T21:48:09.000Z</time><extensions><TT:RideData eng="83.6" air="29.0" spd="30.0" rpm="4202"/></extensions></trkpt>
      <trkpt lat="45.176630" lon="-121.472793"><ele>949.0</ele><time>2026-08-18T21:48:17.000Z</time><extensions><TT:RideData eng="83.8" air="29.0" spd="43.5" rpm="4749"/></extensions></trkpt>
      <trkpt lat="45.176446" lon="-121.473868"><ele>953.2</ele><time>2026-08-18T21:48:25.000Z</time><extensions><TT:RideData eng="83.6" air="29.0" spd="36.0" rpm="4308"/></extensions></trkpt>
      <trkpt lat="45.176433" lon="-121.474985"><ele>958.6</ele><time>2026-08-18T21:48:33.000Z</time><extensions><TT:RideData eng="83.3" air="29.0" spd="49.5" rpm="5616"/></extensions></trkpt>
      <trkpt lat="45.176491" lon="-121.476326"><ele>962.8</ele><time>2026-08-18T21:48:41.000Z</time><extensions><TT:RideData eng="83.1" air="28.9" spd="30.2" rpm="5307"/></extensions></trkpt>
      <trkpt lat="45.176578" lon="-121.477566"><ele>968.0</ele><time>2026-08-18T21:48:49.000Z</time><extensions><TT:RideData eng="82.8" air="29.0" spd="41.4" rpm="4760"/></extensions></trkpt>
      <trkpt lat="45.176601" lon="-121.478670"><ele>973.0</ele><time>2026-08-18T21:48:57.000Z</time><extensions><TT:RideData eng="82.7" air="28.8" spd="34.2" rpm="3740"/></extensions></trkpt>
      <trkpt lat="45.176183" lon="-121.479250"><ele>978.0</ele><time>2026-08-18T21:49:05.000Z</time><extensions><TT:RideData eng="82.5" air="28.6" spd="35.3" rpm="4892"/></extensions></trkpt>
      <trkpt lat="45.175688" lon="-121.480045"><ele>982.1</ele><time>2026-08-18T21:49:13.000Z</time><extensions><TT:RideData eng="82.2" air="28.3" spd="38.7" rpm="5142"/></extensions></trkpt>
      <trkpt lat="45.175115" lon="-121.480776"><ele>986.8</ele><time>2026-08-18T21:49:21.000Z</time><extensions><TT:RideData eng="82.2" air="28.0" spd="42.6" rpm="4841"/></extensions></trkpt>
      <trkpt lat="45.174651" lon="-121.481665"><ele>992.0</ele><time>2026-08-18T21:49:29.000Z</time><extensions><TT:RideData eng="82.0" air="27.9" spd="39.9" rpm="5163"/></extensions></trkpt>
      <trkpt lat="45.174561" lon="-121.482728"><ele>996.5</ele><time>2026-08-18T21:49:37.000Z</time><extensions><TT:RideData eng="82.1" air="27.9" spd="43.1" rpm="4746"/></extensions></trkpt>
      <trkpt lat="45.175065" lon="-121.483898"><ele>1000.3</ele><time>2026-08-18T21:49:45.000Z</time><extensions><TT:RideData eng="82.1" air="28.0" spd="37.4" rpm="4460"/></extensions></trkpt>
      <trkpt lat="45.175586" lon="-121.484896"><ele>1004.4</ele><time>2026-08-18T21:49:53.000Z</time><extensions><TT:RideData eng="82.1" air="28.1" spd="33.2" rpm="4601"/></extensions></trkpt>
      <trkpt lat="45.176125" lon="-121.485743"><ele>1009.4</ele><time>2026-08-18T21:50:01.000Z</time><extensions><TT:RideData eng="82.1" air="28.4" spd="26.0" rpm="3803"/></extensions></trkpt>
      <trkpt lat="45.176435" lon="-121.486536"><ele>1013.7</ele><time>2026-08-18T21:50:09.000Z</time><extensions><TT:RideData eng="82.3" air="28.4" spd="41.1" rpm="5349"/></extensions></trkpt>
      <trkpt lat="45.176628" lon="-121.487605"><ele>1019.5</ele><time>2026-08-18T21:50:17.000Z</time><extensions><TT:RideData eng="82.3" air="28.1" spd="43.5" rpm="4676"/></extensions></trkpt>
      <trkpt lat="45.176453" lon="-121.488605"><ele>1025.0</ele><time>2026-08-18T21:50:25.000Z</time><extensions><TT:RideData eng="82.0" air="28.0" spd="37.2" rpm="4245"/></extensions></trkpt>
      <trkpt lat="45.175906" lon="-121.489500"><ele>1030.3</ele><time>2026-08-18T21:50:33.000Z</time><extensions><TT:RideData eng="81.7" air="28.0" spd="31.1" rpm="3365"/></extensions></trkpt>
      <trkpt lat="45.175526" lon="-121.490335"><ele>1036.3</ele><time>2026-08-18T21:50:41.000Z</time><extensions><TT:RideData eng="81.4" air="28.1" spd="30.2" rpm="3869"/></extensions></trkpt>
      <trkpt lat="45.176003" lon="-121.490985"><ele>1041.1</ele><time>2026-08-18T21:50:49.000Z</time><extensions><TT:RideData eng="81.3" air="28.2" spd="40.8" rpm="4470"/></extensions></trkpt>
      <trkpt lat="45.176696" lon="-121.491495"><ele>1045.8</ele><time>2026-08-18T21:50:57.000Z</time><extensions><TT:RideData eng="81.1" air="27.9" spd="40.0" rpm="3923"/></extensions></trkpt>
      <trkpt lat="45.177501" lon="-121.491743"><ele>1051.3</ele><time>2026-08-18T21:51:05.000Z</time><extensions><TT:RideData eng="80.6" air="27.7" spd="35.5" rpm="3407"/></extensions></trkpt>
      <trkpt lat="45.177996" lon="-121.492091"><ele>1056.0</ele><time>2026-08-18T21:51:13.000Z</time><extensions><TT:RideData eng="80.3" air="27.7" spd="30.2" rpm="4690"/></extensions></trkpt>
      <trkpt lat="45.177885" lon="-121.492996"><ele>1060.7</ele><time>2026-08-18T21:51:21.000Z</time><extensions><TT:RideData eng="80.5" air="27.9" spd="40.4" rpm="3982"/></extensions></trkpt>
      <trkpt lat="45.177680" lon="-121.493791"><ele>1066.2</ele><time>2026-08-18T21:51:29.000Z</time><extensions><TT:RideData eng="80.8" air="28.0" spd="31.8" rpm="4894"/></extensions></trkpt>
      <trkpt lat="45.177570" lon="-121.494790"><ele>1070.5</ele><time>2026-08-18T21:51:37.000Z</time><extensions><TT:RideData eng="81.1" air="28.2" spd="35.8" rpm="4172"/></extensions></trkpt>
      <trkpt lat="45.177518" lon="-121.495870"><ele>1076.8</ele><time>2026-08-18T21:51:45.000Z</time><extensions><TT:RideData eng="81.2" air="28.3" spd="46.3" rpm="5076"/></extensions></trkpt>
      <trkpt lat="45.177235" lon="-121.497000"><ele>1080.1</ele><time>2026-08-18T21:51:53.000Z</time><extensions><TT:RideData eng="81.0" air="28.3" spd="33.0" rpm="4301"/></extensions></trkpt>
      <trkpt lat="45.177116" lon="-121.497856"><ele>1084.1</ele><time>2026-08-18T21:52:01.000Z</time><extensions><TT:RideData eng="80.9" air="28.4" spd="35.8" rpm="5009"/></extensions></trkpt>
      <trkpt lat="45.177238" lon="-121.498753"><ele>1089.0</ele><time>2026-08-18T21:52:09.000Z</time><extensions><TT:RideData eng="80.8" air="28.3" spd="38.2" rpm="5411"/></extensions></trkpt>
      <trkpt lat="45.177265" lon="-121.499725"><ele>1093.5</ele><time>2026-08-18T21:52:17.000Z</time><extensions><TT:RideData eng="81.1" air="28.2" spd="41.6" rpm="5446"/></extensions></trkpt>
      <trkpt lat="45.177253" lon="-121.500971"><ele>1098.5</ele><time>2026-08-18T21:52:25.000Z</time><extensions><TT:RideData eng="81.3" air="28.1" spd="49.2" rpm="4055"/></extensions></trkpt>
      <trkpt lat="45.177056" lon="-121.502158"><ele>1102.7</ele><time>2026-08-18T21:52:33.000Z</time><extensions><TT:RideData eng="81.0" air="28.3" spd="31.7" rpm="3095"/></extensions></trkpt>
      <trkpt lat="45.176818" lon="-121.502943"><ele>1106.3</ele><time>2026-08-18T21:52:41.000Z</time><extensions><TT:RideData eng="80.6" air="28.4" spd="34.0" rpm="3956"/></extensions></trkpt>
      <trkpt lat="45.176500" lon="-121.503545"><ele>1109.5</ele><time>2026-08-18T21:52:49.000Z</time><extensions><TT:RideData eng="80.3" air="28.6" spd="22.7" rpm="2101"/></extensions></trkpt>
      <trkpt lat="45.176365" lon="-121.504038"><ele>1109.3</ele><time>2026-08-18T21:52:57.000Z</time><extensions><TT:RideData eng="80.1" air="28.7" spd="27.7" rpm="3654"/></extensions></trkpt>
      <trkpt lat="45.176553" lon="-121.504843"><ele>1110.1</ele><time>2026-08-18T21:53:05.000Z</time><extensions><TT:RideData eng="79.5" air="28.7" spd="31.1" rpm="3745"/></extensions></trkpt>
      <trkpt lat="45.176598" lon="-121.505665"><ele>1110.3</ele><time>2026-08-18T21:53:13.000Z</time><extensions><TT:RideData eng="78.4" air="28.7" spd="31.6" rpm="3926"/></extensions></trkpt>
      <trkpt lat="45.176223" lon="-121.506471"><ele>1109.4</ele><time>2026-08-18T21:53:21.000Z</time><extensions><TT:RideData eng="77.7" air="28.8" spd="29.3" rpm="3551"/></extensions></trkpt>
      <trkpt lat="45.176233" lon="-121.507315"><ele>1108.8</ele><time>2026-08-18T21:53:29.000Z</time><extensions><TT:RideData eng="77.3" air="28.9" spd="30.4" rpm="3765"/></extensions></trkpt>
      <trkpt lat="45.176271" lon="-121.508011"><ele>1107.7</ele><time>2026-08-18T21:53:37.000Z</time><extensions><TT:RideData eng="76.9" air="28.9" spd="34.5" rpm="4032"/></extensions></trkpt>
      <trkpt lat="45.176458" lon="-121.508813"><ele>1107.4</ele><time>2026-08-18T21:53:45.000Z</time><extensions><TT:RideData eng="76.5" air="28.7" spd="33.3" rpm="4310"/></extensions></trkpt>
      <trkpt lat="45.176286" lon="-121.509528"><ele>1106.4</ele><time>2026-08-18T21:53:53.000Z</time><extensions><TT:RideData eng="76.3" air="28.8" spd="30.5" rpm="3533"/></extensions></trkpt>
      <trkpt lat="45.176205" lon="-121.510273"><ele>1104.1</ele><time>2026-08-18T21:54:01.000Z</time><extensions><TT:RideData eng="76.0" air="29.0" spd="29.6" rpm="3566"/></extensions></trkpt>
      <trkpt lat="45.176113" lon="-121.511158"><ele>1102.2</ele><time>2026-08-18T21:54:09.000Z</time><extensions><TT:RideData eng="75.5" air="29.1" spd="26.6" rpm="3127"/></extensions></trkpt>
      <trkpt lat="45.176053" lon="-121.511960"><ele>1100.5</ele><time>2026-08-18T21:54:17.000Z</time><extensions><TT:RideData eng="75.1" air="29.1" spd="29.0" rpm="5011"/></extensions></trkpt>
      <trkpt lat="45.175833" lon="-121.512781"><ele>1099.5</ele><time>2026-08-18T21:54:25.000Z</time><extensions><TT:RideData eng="75.2" air="29.1" spd="37.7" rpm="4646"/></extensions></trkpt>
      <trkpt lat="45.175481" lon="-121.513780"><ele>1099.5</ele><time>2026-08-18T21:54:33.000Z</time><extensions><TT:RideData eng="75.3" air="29.0" spd="39.3" rpm="4609"/></extensions></trkpt>
      <trkpt lat="45.174968" lon="-121.514716"><ele>1098.6</ele><time>2026-08-18T21:54:41.000Z</time><extensions><TT:RideData eng="75.5" air="29.0" spd="37.0" rpm="3738"/></extensions></trkpt>
      <trkpt lat="45.174619" lon="-121.515521"><ele>1096.3</ele><time>2026-08-18T21:54:49.000Z</time><extensions><TT:RideData eng="75.5" air="29.1" spd="31.3" rpm="3268"/></extensions></trkpt>
      <trkpt lat="45.174803" lon="-121.516285"><ele>1090.7</ele><time>2026-08-18T21:54:57.000Z</time><extensions><TT:RideData eng="75.4" air="29.3" spd="32.0" rpm="3729"/></extensions></trkpt>
      <trkpt lat="45.175463" lon="-121.516680"><ele>1086.2</ele><time>2026-08-18T21:55:05.000Z</time><extensions><TT:RideData eng="75.2" air="29.4" spd="36.0" rpm="4859"/></extensions></trkpt>
      <trkpt lat="45.176153" lon="-121.516778"><ele>1081.6</ele><time>2026-08-18T21:55:13.000Z</time><extensions><TT:RideData eng="74.7" air="29.4" spd="32.9" rpm="3949"/></extensions></trkpt>
      <trkpt lat="45.176661" lon="-121.516731"><ele>1074.2</ele><time>2026-08-18T21:55:21.000Z</time><extensions><TT:RideData eng="74.5" air="29.3" spd="20.1" rpm="3043"/></extensions></trkpt>
      <trkpt lat="45.176895" lon="-121.516943"><ele>1062.2</ele><time>2026-08-18T21:55:29.000Z</time><extensions><TT:RideData eng="74.6" air="29.2" spd="19.2" rpm="3634"/></extensions></trkpt>
      <trkpt lat="45.176606" lon="-121.517018"><ele>1050.4</ele><time>2026-08-18T21:55:37.000Z</time><extensions><TT:RideData eng="74.9" air="29.1" spd="29.9" rpm="4555"/></extensions></trkpt>
      <trkpt lat="45.176378" lon="-121.517633"><ele>1039.7</ele><time>2026-08-18T21:55:45.000Z</time><extensions><TT:RideData eng="75.4" air="29.1" spd="9.6" rpm="1922"/></extensions></trkpt>
      <trkpt lat="45.176440" lon="-121.517758"><ele>1033.8</ele><time>2026-08-18T21:55:53.000Z</time><extensions><TT:RideData eng="76.3" air="29.2" spd="19.6" rpm="3910"/></extensions></trkpt>
      <trkpt lat="45.176733" lon="-121.517818"><ele>1030.6</ele><time>2026-08-18T21:56:01.000Z</time><extensions><TT:RideData eng="77.6" air="29.3" spd="22.7" rpm="4223"/></extensions></trkpt>
      <trkpt lat="45.177245" lon="-121.518156"><ele>1025.2</ele><time>2026-08-18T21:56:09.000Z</time><extensions><TT:RideData eng="78.9" air="29.4" spd="25.6" rpm="3553"/></extensions></trkpt>
      <trkpt lat="45.177573" lon="-121.518695"><ele>1020.5</ele><time>2026-08-18T21:56:17.000Z</time><extensions><TT:RideData eng="80.0" air="29.6" spd="34.4" rpm="5153"/></extensions></trkpt>
      <trkpt lat="45.178051" lon="-121.519420"><ele>1013.9</ele><time>2026-08-18T21:56:25.000Z</time><extensions><TT:RideData eng="81.1" air="29.3" spd="31.6" rpm="4042"/></extensions></trkpt>
      <trkpt lat="45.178331" lon="-121.520295"><ele>1008.8</ele><time>2026-08-18T21:56:33.000Z</time><extensions><TT:RideData eng="81.7" air="29.3" spd="37.1" rpm="4436"/></extensions></trkpt>
      <trkpt lat="45.178698" lon="-121.521111"><ele>1003.3</ele><time>2026-08-18T21:56:41.000Z</time><extensions><TT:RideData eng="81.9" air="29.5" spd="29.9" rpm="3561"/></extensions></trkpt>
      <trkpt lat="45.178916" lon="-121.521890"><ele>998.3</ele><time>2026-08-18T21:56:49.000Z</time><extensions><TT:RideData eng="81.7" air="29.7" spd="39.4" rpm="5160"/></extensions></trkpt>
      <trkpt lat="45.179398" lon="-121.522783"><ele>996.2</ele><time>2026-08-18T21:56:57.000Z</time><extensions><TT:RideData eng="81.1" air="29.6" spd="36.5" rpm="3947"/></extensions></trkpt>
      <trkpt lat="45.179608" lon="-121.523750"><ele>991.4</ele><time>2026-08-18T21:57:05.000Z</time><extensions><TT:RideData eng="80.5" air="29.5" spd="35.7" rpm="3620"/></extensions></trkpt>
      <trkpt lat="45.179826" lon="-121.524760"><ele>985.9</ele><time>2026-08-18T21:57:13.000Z</time><extensions><TT:RideData eng="79.7" air="29.4" spd="25.9" rpm="2094"/></extensions></trkpt>
      <trkpt lat="45.179635" lon="-121.525406"><ele>981.9</ele><time>2026-08-18T21:57:21.000Z</time><extensions><TT:RideData eng="78.9" air="29.3" spd="23.9" rpm="3110"/></extensions></trkpt>
      <trkpt lat="45.179335" lon="-121.525545"><ele>980.4</ele><time>2026-08-18T21:57:29.000Z</time><extensions><TT:RideData eng="79.2" air="29.3" spd="0.0" rpm="2117"/></extensions></trkpt>
      <trkpt lat="45.179231" lon="-121.525656"><ele>978.8</ele><time>2026-08-18T21:57:37.000Z</time><extensions><TT:RideData eng="80.0" air="29.3" spd="21.1" rpm="2275"/></extensions></trkpt>
      <trkpt lat="45.179081" lon="-121.526000"><ele>976.9</ele><time>2026-08-18T21:57:45.000Z</time><extensions><TT:RideData eng="80.7" air="29.3" spd="27.6" rpm="5558"/></extensions></trkpt>
      <trkpt lat="45.179001" lon="-121.526665"><ele>975.6</ele><time>2026-08-18T21:57:53.000Z</time><extensions><TT:RideData eng="81.7" air="29.2" spd="29.8" rpm="3472"/></extensions></trkpt>
      <trkpt lat="45.178965" lon="-121.527171"><ele>974.5</ele><time>2026-08-18T21:58:01.000Z</time><extensions><TT:RideData eng="82.3" air="29.2" spd="26.4" rpm="4611"/></extensions></trkpt>
      <trkpt lat="45.178650" lon="-121.527793"><ele>973.7</ele><time>2026-08-18T21:58:09.000Z</time><extensions><TT:RideData eng="82.9" air="29.2" spd="34.2" rpm="4492"/></extensions></trkpt>
      <trkpt lat="45.178386" lon="-121.528818"><ele>973.4</ele><time>2026-08-18T21:58:17.000Z</time><extensions><TT:RideData eng="83.1" air="28.9" spd="41.4" rpm="4713"/></extensions></trkpt>
      <trkpt lat="45.178473" lon="-121.530045"><ele>974.2</ele><time>2026-08-18T21:58:25.000Z</time><extensions><TT:RideData eng="82.7" air="28.8" spd="42.6" rpm="4760"/></extensions></trkpt>
      <trkpt lat="45.178831" lon="-121.531145"><ele>974.9</ele><time>2026-08-18T21:58:33.000Z</time><extensions><TT:RideData eng="82.5" air="28.6" spd="39.7" rpm="4168"/></extensions></trkpt>
      <trkpt lat="45.179121" lon="-121.532388"><ele>975.4</ele><time>2026-08-18T21:58:41.000Z</time><extensions><TT:RideData eng="82.1" air="28.5" spd="51.7" rpm="4387"/></extensions></trkpt>
      <trkpt lat="45.179491" lon="-121.533760"><ele>975.0</ele><time>2026-08-18T21:58:49.000Z</time><extensions><TT:RideData eng="81.4" air="28.4" spd="42.0" rpm="3910"/></extensions></trkpt>
      <trkpt lat="45.179760" lon="-121.534966"><ele>976.4</ele><time>2026-08-18T21:58:57.000Z</time><extensions><TT:RideData eng="80.8" air="28.3" spd="47.2" rpm="5199"/></extensions></trkpt>
      <trkpt lat="45.180116" lon="-121.536133"><ele>977.6</ele><time>2026-08-18T21:59:05.000Z</time><extensions><TT:RideData eng="80.7" air="28.4" spd="40.5" rpm="4037"/></extensions></trkpt>
      <trkpt lat="45.180233" lon="-121.537310"><ele>977.4</ele><time>2026-08-18T21:59:13.000Z</time><extensions><TT:RideData eng="80.5" air="28.3" spd="45.0" rpm="4965"/></extensions></trkpt>
      <trkpt lat="45.180368" lon="-121.538485"><ele>977.3</ele><time>2026-08-18T21:59:21.000Z</time><extensions><TT:RideData eng="80.3" air="28.1" spd="34.2" rpm="4788"/></extensions></trkpt>
      <trkpt lat="45.180401" lon="-121.539481"><ele>977.6</ele><time>2026-08-18T21:59:29.000Z</time><extensions><TT:RideData eng="80.1" air="28.1" spd="33.1" rpm="4089"/></extensions></trkpt>
      <trkpt lat="45.180518" lon="-121.540268"><ele>978.0</ele><time>2026-08-18T21:59:37.000Z</time><extensions><TT:RideData eng="80.2" air="28.2" spd="32.9" rpm="4755"/></extensions></trkpt>
      <trkpt lat="45.180586" lon="-121.541256"><ele>979.4</ele><time>2026-08-18T21:59:45.000Z</time><extensions><TT:RideData eng="80.4" air="28.2" spd="34.6" rpm="4253"/></extensions></trkpt>
      <trkpt lat="45.180595" lon="-121.542206"><ele>981.3</ele><time>2026-08-18T21:59:53.000Z</time><extensions><TT:RideData eng="80.7" air="28.3" spd="39.4" rpm="4546"/></extensions></trkpt>
      <trkpt lat="45.180368" lon="-121.543165"><ele>982.6</ele><time>2026-08-18T22:00:01.000Z</time><extensions><TT:RideData eng="80.7" air="28.5" spd="32.8" rpm="4756"/></extensions></trkpt>
      <trkpt lat="45.180361" lon="-121.544208"><ele>984.1</ele><time>2026-08-18T22:00:09.000Z</time><extensions><TT:RideData eng="80.2" air="28.6" spd="36.7" rpm="3591"/></extensions></trkpt>
      <trkpt lat="45.180506" lon="-121.545141"><ele>984.8</ele><time>2026-08-18T22:00:17.000Z</time><extensions><TT:RideData eng="79.5" air="28.8" spd="43.8" rpm="4845"/></extensions></trkpt>
      <trkpt lat="45.180203" lon="-121.546154"><ele>985.0</ele><time>2026-08-18T22:00:25.000Z</time><extensions><TT:RideData eng="78.8" air="28.6" spd="33.5" rpm="3827"/></extensions></trkpt>
      <trkpt lat="45.180083" lon="-121.547195"><ele>985.5</ele><time>2026-08-18T22:00:33.000Z</time><extensions><TT:RideData eng="78.1" air="28.6" spd="48.1" rpm="5063"/></extensions></trkpt>
      <trkpt lat="45.180238" lon="-121.548383"><ele>986.8</ele><time>2026-08-18T22:00:41.000Z</time><extensions><TT:RideData eng="77.5" air="28.5" spd="32.5" rpm="4311"/></extensions></trkpt>
      <trkpt lat="45.179868" lon="-121.549101"><ele>987.4</ele><time>2026-08-18T22:00:49.000Z</time><extensions><TT:RideData eng="77.4" air="28.5" spd="29.8" rpm="3626"/></extensions></trkpt>
      <trkpt lat="45.179475" lon="-121.549725"><ele>987.7</ele><time>2026-08-18T22:00:57.000Z</time><extensions><TT:RideData eng="77.1" air="28.8" spd="28.7" rpm="3540"/></extensions></trkpt>
      <trkpt lat="45.179693" lon="-121.550511"><ele>987.8</ele><time>2026-08-18T22:01:05.000Z</time><extensions><TT:RideData eng="77.1" air="28.7" spd="32.3" rpm="3822"/></extensions></trkpt>
      <trkpt lat="45.180096" lon="-121.551280"><ele>987.6</ele><time>2026-08-18T22:01:13.000Z</time><extensions><TT:RideData eng="76.8" air="28.4" spd="32.9" rpm="4029"/></extensions></trkpt>
      <trkpt lat="45.180391" lon="-121.551780"><ele>987.4</ele><time>2026-08-18T22:01:21.000Z</time><extensions><TT:RideData eng="76.5" air="28.1" spd="22.8" rpm="5024"/></extensions></trkpt>
      <trkpt lat="45.180725" lon="-121.552120"><ele>987.6</ele><time>2026-08-18T22:01:29.000Z</time><extensions><TT:RideData eng="77.2" air="28.2" spd="20.9" rpm="3315"/></extensions></trkpt>
      <trkpt lat="45.180545" lon="-121.552595"><ele>988.5</ele><time>2026-08-18T22:01:37.000Z</time><extensions><TT:RideData eng="78.3" air="28.3" spd="18.8" rpm="4517"/></extensions></trkpt>
      <trkpt lat="45.180641" lon="-121.553333"><ele>989.7</ele><time>2026-08-18T22:01:45.000Z</time><extensions><TT:RideData eng="79.5" air="28.4" spd="29.9" rpm="4953"/></extensions></trkpt>
      <trkpt lat="45.181023" lon="-121.554258"><ele>991.1</ele><time>2026-08-18T22:01:53.000Z</time><extensions><TT:RideData eng="80.3" air="28.4" spd="35.7" rpm="4707"/></extensions></trkpt>
      <trkpt lat="45.181435" lon="-121.555031"><ele>994.0</ele><time>2026-08-18T22:02:01.000Z</time><extensions><TT:RideData eng="80.7" air="28.3" spd="40.6" rpm="4595"/></extensions></trkpt>
      <trkpt lat="45.181406" lon="-121.556286"><ele>995.9</ele><time>2026-08-18T22:02:09.000Z</time><extensions><TT:RideData eng="81.0" air="28.3" spd="33.5" rpm="3584"/></extensions></trkpt>
      <trkpt lat="45.180875" lon="-121.557031"><ele>997.5</ele><time>2026-08-18T22:02:17.000Z</time><extensions><TT:RideData eng="81.0" air="28.2" spd="32.6" rpm="3719"/></extensions></trkpt>
      <trkpt lat="45.180413" lon="-121.557786"><ele>1001.6</ele><time>2026-08-18T22:02:25.000Z</time><extensions><TT:RideData eng="81.1" air="28.2" spd="36.4" rpm="3807"/></extensions></trkpt>
      <trkpt lat="45.180186" lon="-121.558695"><ele>1003.5</ele><time>2026-08-18T22:02:33.000Z</time><extensions><TT:RideData eng="81.4" air="28.4" spd="42.0" rpm="5084"/></extensions></trkpt>
      <trkpt lat="45.180015" lon="-121.559683"><ele>1005.0</ele><time>2026-08-18T22:02:41.000Z</time><extensions><TT:RideData eng="81.2" air="28.5" spd="37.1" rpm="3701"/></extensions></trkpt>
      <trkpt lat="45.180013" lon="-121.560506"><ele>1006.3</ele><time>2026-08-18T22:02:49.000Z</time><extensions><TT:RideData eng="80.3" air="28.4" spd="26.3" rpm="3030"/></extensions></trkpt>
      <trkpt lat="45.179971" lon="-121.561243"><ele>1007.4</ele><time>2026-08-18T22:02:57.000Z</time><extensions><TT:RideData eng="79.4" air="28.3" spd="36.1" rpm="4103"/></extensions></trkpt>
      <trkpt lat="45.180018" lon="-121.562263"><ele>1008.0</ele><time>2026-08-18T22:03:05.000Z</time><extensions><TT:RideData eng="78.6" air="28.3" spd="26.4" rpm="3021"/></extensions></trkpt>
      <trkpt lat="45.180068" lon="-121.563020"><ele>1008.6</ele><time>2026-08-18T22:03:13.000Z</time><extensions><TT:RideData eng="78.0" air="28.4" spd="34.8" rpm="4308"/></extensions></trkpt>
      <trkpt lat="45.180095" lon="-121.563973"><ele>1009.8</ele><time>2026-08-18T22:03:21.000Z</time><extensions><TT:RideData eng="77.1" air="28.3" spd="38.9" rpm="4570"/></extensions></trkpt>
      <trkpt lat="45.180061" lon="-121.564895"><ele>1010.3</ele><time>2026-08-18T22:03:29.000Z</time><extensions><TT:RideData eng="76.6" air="28.4" spd="35.1" rpm="4465"/></extensions></trkpt>
      <trkpt lat="45.179986" lon="-121.565845"><ele>1010.7</ele><time>2026-08-18T22:03:37.000Z</time><extensions><TT:RideData eng="76.2" air="29.0" spd="36.0" rpm="4522"/></extensions></trkpt>
      <trkpt lat="45.179918" lon="-121.566866"><ele>1011.0</ele><time>2026-08-18T22:03:45.000Z</time><extensions><TT:RideData eng="76.0" air="29.0" spd="42.1" rpm="4937"/></extensions></trkpt>
      <trkpt lat="45.179803" lon="-121.567891"><ele>1011.2</ele><time>2026-08-18T22:03:53.000Z</time><extensions><TT:RideData eng="75.5" air="29.1" spd="29.9" rpm="3874"/></extensions></trkpt>
      <trkpt lat="45.179358" lon="-121.568641"><ele>1010.2</ele><time>2026-08-18T22:04:01.000Z</time><extensions><TT:RideData eng="74.9" air="28.8" spd="26.3" rpm="3246"/></extensions></trkpt>
      <trkpt lat="45.178790" lon="-121.569168"><ele>1008.7</ele><time>2026-08-18T22:04:09.000Z</time><extensions><TT:RideData eng="74.6" air="28.7" spd="35.3" rpm="4202"/></extensions></trkpt>
      <trkpt lat="45.178391" lon="-121.569916"><ele>1008.0</ele><time>2026-08-18T22:04:17.000Z</time><extensions><TT:RideData eng="74.7" air="28.7" spd="17.5" rpm="1987"/></extensions></trkpt>
      <trkpt lat="45.178260" lon="-121.570303"><ele>1008.2</ele><time>2026-08-18T22:04:25.000Z</time><extensions><TT:RideData eng="75.3" air="28.8" spd="14.5" rpm="1901"/></extensions></trkpt>
      <trkpt lat="45.178261" lon="-121.570661"><ele>1007.0</ele><time>2026-08-18T22:04:33.000Z</time><extensions><TT:RideData eng="76.0" air="28.9" spd="15.0" rpm="2368"/></extensions></trkpt>
      <trkpt lat="45.178268" lon="-121.571020"><ele>1005.2</ele><time>2026-08-18T22:04:41.000Z</time><extensions><TT:RideData eng="76.6" air="28.9" spd="19.3" rpm="3020"/></extensions></trkpt>
      <trkpt lat="45.178306" lon="-121.571611"><ele>1003.9</ele><time>2026-08-18T22:04:49.000Z</time><extensions><TT:RideData eng="77.0" air="28.7" spd="22.8" rpm="3705"/></extensions></trkpt>
      <trkpt lat="45.178355" lon="-121.572446"><ele>1003.1</ele><time>2026-08-18T22:04:57.000Z</time><extensions><TT:RideData eng="76.6" air="28.7" spd="37.8" rpm="4700"/></extensions></trkpt>
      <trkpt lat="45.178365" lon="-121.573549"><ele>1002.7</ele><time>2026-08-18T22:05:05.000Z</time><extensions><TT:RideData eng="75.9" air="28.7" spd="35.2" rpm="3804"/></extensions></trkpt>
      <trkpt lat="45.178661" lon="-121.574745"><ele>1000.9</ele><time>2026-08-18T22:05:13.000Z</time><extensions><TT:RideData eng="75.1" air="28.8" spd="39.3" rpm="5080"/></extensions></trkpt>
      <trkpt lat="45.179100" lon="-121.576033"><ele>998.2</ele><time>2026-08-18T22:05:21.000Z</time><extensions><TT:RideData eng="74.6" air="29.1" spd="30.5" rpm="3557"/></extensions></trkpt>
      <trkpt lat="45.179306" lon="-121.576928"><ele>997.1</ele><time>2026-08-18T22:05:29.000Z</time><extensions><TT:RideData eng="74.2" air="29.3" spd="29.0" rpm="3354"/></extensions></trkpt>
      <trkpt lat="45.179606" lon="-121.577776"><ele>994.7</ele><time>2026-08-18T22:05:37.000Z</time><extensions><TT:RideData eng="73.7" air="29.5" spd="33.2" rpm="4204"/></extensions></trkpt>
      <trkpt lat="45.179945" lon="-121.578563"><ele>990.4</ele><time>2026-08-18T22:05:45.000Z</time><extensions><TT:RideData eng="73.3" air="29.6" spd="32.7" rpm="3862"/></extensions></trkpt>
      <trkpt lat="45.180373" lon="-121.579280"><ele>986.0</ele><time>2026-08-18T22:05:53.000Z</time><extensions><TT:RideData eng="73.3" air="29.5" spd="31.9" rpm="4231"/></extensions></trkpt>
      <trkpt lat="45.180581" lon="-121.579971"><ele>982.0</ele><time>2026-08-18T22:06:01.000Z</time><extensions><TT:RideData eng="73.4" air="29.3" spd="16.7" rpm="4098"/></extensions></trkpt>
      <trkpt lat="45.181015" lon="-121.580486"><ele>975.0</ele><time>2026-08-18T22:06:09.000Z</time><extensions><TT:RideData eng="73.8" air="29.3" spd="34.6" rpm="5017"/></extensions></trkpt>
      <trkpt lat="45.181598" lon="-121.581275"><ele>967.3</ele><time>2026-08-18T22:06:17.000Z</time><extensions><TT:RideData eng="74.2" air="29.1" spd="28.4" rpm="2810"/></extensions></trkpt>
      <trkpt lat="45.182061" lon="-121.582136"><ele>963.0</ele><time>2026-08-18T22:06:25.000Z</time><extensions><TT:RideData eng="74.2" air="29.0" spd="41.1" rpm="4550"/></extensions></trkpt>
      <trkpt lat="45.182681" lon="-121.582926"><ele>957.4</ele><time>2026-08-18T22:06:33.000Z</time><extensions><TT:RideData eng="74.4" air="29.3" spd="42.3" rpm="4908"/></extensions></trkpt>
      <trkpt lat="45.183320" lon="-121.583575"><ele>953.7</ele><time>2026-08-18T22:06:41.000Z</time><extensions><TT:RideData eng="74.7" air="29.8" spd="28.8" rpm="5900"/></extensions></trkpt>
      <trkpt lat="45.183875" lon="-121.584336"><ele>947.0</ele><time>2026-08-18T22:06:49.000Z</time><extensions><TT:RideData eng="75.1" air="30.3" spd="43.9" rpm="4358"/></extensions></trkpt>
      <trkpt lat="45.184461" lon="-121.585016"><ele>943.0</ele><time>2026-08-18T22:06:57.000Z</time><extensions><TT:RideData eng="75.5" air="30.5" spd="20.6" rpm="3102"/></extensions></trkpt>
      <trkpt lat="45.184981" lon="-121.585545"><ele>939.0</ele><time>2026-08-18T22:07:05.000Z</time><extensions><TT:RideData eng="75.9" air="30.5" spd="42.8" rpm="4118"/></extensions></trkpt>
      <trkpt lat="45.185481" lon="-121.586308"><ele>935.3</ele><time>2026-08-18T22:07:13.000Z</time><extensions><TT:RideData eng="76.4" air="30.7" spd="27.7" rpm="2233"/></extensions></trkpt>
      <trkpt lat="45.185733" lon="-121.587205"><ele>926.0</ele><time>2026-08-18T22:07:21.000Z</time><extensions><TT:RideData eng="76.4" air="30.6" spd="43.9" rpm="4953"/></extensions></trkpt>
      <trkpt lat="45.186020" lon="-121.588340"><ele>916.6</ele><time>2026-08-18T22:07:29.000Z</time><extensions><TT:RideData eng="76.5" air="30.6" spd="43.9" rpm="4441"/></extensions></trkpt>
      <trkpt lat="45.186495" lon="-121.589211"><ele>912.5</ele><time>2026-08-18T22:07:37.000Z</time><extensions><TT:RideData eng="76.7" air="30.1" spd="41.2" rpm="4576"/></extensions></trkpt>
      <trkpt lat="45.186998" lon="-121.590300"><ele>909.2</ele><time>2026-08-18T22:07:45.000Z</time><extensions><TT:RideData eng="76.7" air="29.5" spd="41.6" rpm="4689"/></extensions></trkpt>
      <trkpt lat="45.187205" lon="-121.591480"><ele>906.0</ele><time>2026-08-18T22:07:53.000Z</time><extensions><TT:RideData eng="76.5" air="29.1" spd="42.2" rpm="4977"/></extensions></trkpt>
      <trkpt lat="45.187236" lon="-121.592616"><ele>903.1</ele><time>2026-08-18T22:08:01.000Z</time><extensions><TT:RideData eng="76.2" air="28.8" spd="37.2" rpm="3658"/></extensions></trkpt>
      <trkpt lat="45.187448" lon="-121.593673"><ele>899.8</ele><time>2026-08-18T22:08:09.000Z</time><extensions><TT:RideData eng="75.9" air="28.6" spd="43.4" rpm="4175"/></extensions></trkpt>
      <trkpt lat="45.187711" lon="-121.594688"><ele>897.3</ele><time>2026-08-18T22:08:17.000Z</time><extensions><TT:RideData eng="75.9" air="28.5" spd="36.1" rpm="4311"/></extensions></trkpt>
      <trkpt lat="45.187981" lon="-121.595695"><ele>894.9</ele><time>2026-08-18T22:08:25.000Z</time><extensions><TT:RideData eng="75.8" air="28.4" spd="40.8" rpm="4484"/></extensions></trkpt>
      <trkpt lat="45.188393" lon="-121.596551"><ele>892.6</ele><time>2026-08-18T22:08:33.000Z</time><extensions><TT:RideData eng="75.9" air="28.6" spd="45.7" rpm="4863"/></extensions></trkpt>
      <trkpt lat="45.188863" lon="-121.597338"><ele>890.4</ele><time>2026-08-18T22:08:41.000Z</time><extensions><TT:RideData eng="75.8" air="28.4" spd="37.2" rpm="4068"/></extensions></trkpt>
      <trkpt lat="45.189441" lon="-121.598015"><ele>887.8</ele><time>2026-08-18T22:08:49.000Z</time><extensions><TT:RideData eng="75.6" air="28.2" spd="47.7" rpm="5187"/></extensions></trkpt>
      <trkpt lat="45.190238" lon="-121.598771"><ele>884.6</ele><time>2026-08-18T22:08:57.000Z</time><extensions><TT:RideData eng="75.5" air="27.9" spd="53.1" rpm="5722"/></extensions></trkpt>
      <trkpt lat="45.191140" lon="-121.599546"><ele>882.5</ele><time>2026-08-18T22:09:05.000Z</time><extensions><TT:RideData eng="75.2" air="27.7" spd="51.7" rpm="4799"/></extensions></trkpt>
      <trkpt lat="45.192190" lon="-121.600450"><ele>880.0</ele><time>2026-08-18T22:09:13.000Z</time><extensions><TT:RideData eng="74.8" air="27.8" spd="52.2" rpm="4347"/></extensions></trkpt>
      <trkpt lat="45.193111" lon="-121.601093"><ele>877.2</ele><time>2026-08-18T22:09:21.000Z</time><extensions><TT:RideData eng="74.2" air="27.9" spd="42.1" rpm="3860"/></extensions></trkpt>
      <trkpt lat="45.194041" lon="-121.601138"><ele>875.5</ele><time>2026-08-18T22:09:29.000Z</time><extensions><TT:RideData eng="73.5" air="27.9" spd="51.9" rpm="4919"/></extensions></trkpt>
      <trkpt lat="45.195230" lon="-121.601290"><ele>881.3</ele><time>2026-08-18T22:09:37.000Z</time><extensions><TT:RideData eng="73.2" air="28.6" spd="59.5" rpm="5359"/></extensions></trkpt>
      <trkpt lat="45.196386" lon="-121.601310"><ele>885.4</ele><time>2026-08-18T22:09:45.000Z</time><extensions><TT:RideData eng="73.3" air="29.3" spd="50.3" rpm="4548"/></extensions></trkpt>
      <trkpt lat="45.197448" lon="-121.601276"><ele>890.5</ele><time>2026-08-18T22:09:53.000Z</time><extensions><TT:RideData eng="73.5" air="29.7" spd="52.2" rpm="4194"/></extensions></trkpt>
      <trkpt lat="45.198370" lon="-121.601310"><ele>900.9</ele><time>2026-08-18T22:10:01.000Z</time><extensions><TT:RideData eng="73.7" air="29.8" spd="22.4" rpm="1946"/></extensions></trkpt>
      <trkpt lat="45.198603" lon="-121.601210"><ele>900.1</ele><time>2026-08-18T22:10:09.000Z</time><extensions><TT:RideData eng="74.1" air="29.9" spd="16.1" rpm="2965"/></extensions></trkpt>
      <trkpt lat="45.198888" lon="-121.601406"><ele>905.2</ele><time>2026-08-18T22:10:17.000Z</time><extensions><TT:RideData eng="74.9" air="30.0" spd="35.6" rpm="5220"/></extensions></trkpt>
      <trkpt lat="45.199591" lon="-121.601248"><ele>914.7</ele><time>2026-08-18T22:10:25.000Z</time><extensions><TT:RideData eng="75.7" air="29.8" spd="37.2" rpm="3093"/></extensions></trkpt>
      <trkpt lat="45.200408" lon="-121.601530"><ele>921.5</ele><time>2026-08-18T22:10:33.000Z</time><extensions><TT:RideData eng="75.6" air="29.5" spd="49.3" rpm="4551"/></extensions></trkpt>
      <trkpt lat="45.201241" lon="-121.602150"><ele>926.6</ele><time>2026-08-18T22:10:41.000Z</time><extensions><TT:RideData eng="75.4" air="29.2" spd="48.8" rpm="4578"/></extensions></trkpt>
      <trkpt lat="45.202393" lon="-121.602526"><ele>936.6</ele><time>2026-08-18T22:10:49.000Z</time><extensions><TT:RideData eng="75.3" air="28.7" spd="50.2" rpm="4576"/></extensions></trkpt>
      <trkpt lat="45.203410" lon="-121.602783"><ele>941.4</ele><time>2026-08-18T22:10:57.000Z</time><extensions><TT:RideData eng="75.3" air="28.7" spd="50.0" rpm="4976"/></extensions></trkpt>
      <trkpt lat="45.204391" lon="-121.603473"><ele>944.0</ele><time>2026-08-18T22:11:05.000Z</time><extensions><TT:RideData eng="74.9" air="28.8" spd="48.2" rpm="4900"/></extensions></trkpt>
      <trkpt lat="45.205288" lon="-121.604125"><ele>949.4</ele><time>2026-08-18T22:11:13.000Z</time><extensions><TT:RideData eng="74.7" air="28.9" spd="44.8" rpm="3941"/></extensions></trkpt>
      <trkpt lat="45.206058" lon="-121.604738"><ele>955.8</ele><time>2026-08-18T22:11:21.000Z</time><extensions><TT:RideData eng="75.1" air="29.1" spd="50.3" rpm="4895"/></extensions></trkpt>
      <trkpt lat="45.206850" lon="-121.605511"><ele>959.1</ele><time>2026-08-18T22:11:29.000Z</time><extensions><TT:RideData eng="75.4" air="29.8" spd="37.2" rpm="3436"/></extensions></trkpt>
      <trkpt lat="45.207721" lon="-121.606043"><ele>959.6</ele><time>2026-08-18T22:11:37.000Z</time><extensions><TT:RideData eng="75.6" air="30.4" spd="58.0" rpm="5578"/></extensions></trkpt>
      <trkpt lat="45.208763" lon="-121.606485"><ele>955.5</ele><time>2026-08-18T22:11:45.000Z</time><extensions><TT:RideData eng="76.0" air="30.6" spd="50.3" rpm="4872"/></extensions></trkpt>
      <trkpt lat="45.209716" lon="-121.607238"><ele>949.9</ele><time>2026-08-18T22:11:53.000Z</time><extensions><TT:RideData eng="76.2" air="30.8" spd="55.9" rpm="5340"/></extensions></trkpt>
      <trkpt lat="45.210706" lon="-121.608061"><ele>943.9</ele><time>2026-08-18T22:12:01.000Z</time><extensions><TT:RideData eng="76.0" air="30.9" spd="49.6" rpm="4576"/></extensions></trkpt>
      <trkpt lat="45.211551" lon="-121.609035"><ele>941.8</ele><time>2026-08-18T22:12:09.000Z</time><extensions><TT:RideData eng="75.8" air="30.8" spd="51.5" rpm="4784"/></extensions></trkpt>
      <trkpt lat="45.212256" lon="-121.609661"><ele>942.1</ele><time>2026-08-18T22:12:17.000Z</time><extensions><TT:RideData eng="75.9" air="30.9" spd="31.3" rpm="3695"/></extensions></trkpt>
      <trkpt lat="45.212893" lon="-121.609906"><ele>942.5</ele><time>2026-08-18T22:12:25.000Z</time><extensions><TT:RideData eng="76.1" air="30.6" spd="48.6" rpm="4834"/></extensions></trkpt>
      <trkpt lat="45.213851" lon="-121.610406"><ele>942.9</ele><time>2026-08-18T22:12:33.000Z</time><extensions><TT:RideData eng="76.5" air="30.4" spd="49.1" rpm="4535"/></extensions></trkpt>
      <trkpt lat="45.214600" lon="-121.611368"><ele>934.1</ele><time>2026-08-18T22:12:41.000Z</time><extensions><TT:RideData eng="76.5" air="30.3" spd="34.0" rpm="2569"/></extensions></trkpt>
      <trkpt lat="45.214910" lon="-121.611661"><ele>924.7</ele><time>2026-08-18T22:12:49.000Z</time><extensions><TT:RideData eng="76.6" air="30.2" spd="13.3" rpm="3776"/></extensions></trkpt>
      <trkpt lat="45.215233" lon="-121.612088"><ele>917.2</ele><time>2026-08-18T22:12:57.000Z</time><extensions><TT:RideData eng="77.2" air="30.3" spd="47.3" rpm="4763"/></extensions></trkpt>
      <trkpt lat="45.215925" lon="-121.612950"><ele>908.2</ele><time>2026-08-18T22:13:05.000Z</time><extensions><TT:RideData eng="77.7" air="30.1" spd="48.3" rpm="4634"/></extensions></trkpt>
      <trkpt lat="45.216760" lon="-121.613618"><ele>898.9</ele><time>2026-08-18T22:13:13.000Z</time><extensions><TT:RideData eng="77.2" air="29.5" spd="39.8" rpm="3418"/></extensions></trkpt>
      <trkpt lat="45.217588" lon="-121.613445"><ele>892.9</ele><time>2026-08-18T22:13:21.000Z</time><extensions><TT:RideData eng="76.6" air="29.1" spd="44.0" rpm="3727"/></extensions></trkpt>
      <trkpt lat="45.218473" lon="-121.613231"><ele>882.1</ele><time>2026-08-18T22:13:29.000Z</time><extensions><TT:RideData eng="76.2" air="29.5" spd="46.2" rpm="4265"/></extensions></trkpt>
      <trkpt lat="45.219203" lon="-121.613921"><ele>881.5</ele><time>2026-08-18T22:13:37.000Z</time><extensions><TT:RideData eng="75.9" air="29.8" spd="44.3" rpm="4182"/></extensions></trkpt>
      <trkpt lat="45.219911" lon="-121.614660"><ele>874.8</ele><time>2026-08-18T22:13:45.000Z</time><extensions><TT:RideData eng="75.7" air="29.8" spd="47.2" rpm="4570"/></extensions></trkpt>
      <trkpt lat="45.220765" lon="-121.614965"><ele>867.0</ele><time>2026-08-18T22:13:53.000Z</time><extensions><TT:RideData eng="75.6" air="29.8" spd="47.9" rpm="5135"/></extensions></trkpt>
      <trkpt lat="45.221703" lon="-121.615195"><ele>859.5</ele><time>2026-08-18T22:14:01.000Z</time><extensions><TT:RideData eng="75.5" air="30.3" spd="37.6" rpm="3103"/></extensions></trkpt>
      <trkpt lat="45.222213" lon="-121.615656"><ele>854.1</ele><time>2026-08-18T22:14:09.000Z</time><extensions><TT:RideData eng="75.4" air="30.1" spd="39.2" rpm="4679"/></extensions></trkpt>
      <trkpt lat="45.222516" lon="-121.616680"><ele>847.5</ele><time>2026-08-18T22:14:17.000Z</time><extensions><TT:RideData eng="75.4" air="30.0" spd="35.3" rpm="3362"/></extensions></trkpt>
      <trkpt lat="45.223056" lon="-121.617310"><ele>842.8</ele><time>2026-08-18T22:14:25.000Z</time><extensions><TT:RideData eng="75.5" air="30.0" spd="38.0" rpm="4270"/></extensions></trkpt>
      <trkpt lat="45.223790" lon="-121.617801"><ele>838.3</ele><time>2026-08-18T22:14:33.000Z</time><extensions><TT:RideData eng="75.7" air="30.3" spd="46.3" rpm="4946"/></extensions></trkpt>
      <trkpt lat="45.224471" lon="-121.618443"><ele>836.6</ele><time>2026-08-18T22:14:41.000Z</time><extensions><TT:RideData eng="76.1" air="30.4" spd="35.8" rpm="4176"/></extensions></trkpt>
      <trkpt lat="45.224685" lon="-121.619421"><ele>829.2</ele><time>2026-08-18T22:14:49.000Z</time><extensions><TT:RideData eng="76.4" air="30.2" spd="34.7" rpm="3803"/></extensions></trkpt>
      <trkpt lat="45.225120" lon="-121.619786"><ele>824.0</ele><time>2026-08-18T22:14:57.000Z</time><extensions><TT:RideData eng="76.5" air="29.8" spd="33.4" rpm="3984"/></extensions></trkpt>
      <trkpt lat="45.225868" lon="-121.620176"><ele>818.7</ele><time>2026-08-18T22:15:05.000Z</time><extensions><TT:RideData eng="76.8" air="29.6" spd="45.7" rpm="5516"/></extensions></trkpt>
      <trkpt lat="45.226700" lon="-121.620620"><ele>812.9</ele><time>2026-08-18T22:15:13.000Z</time><extensions><TT:RideData eng="77.0" air="29.6" spd="44.2" rpm="4123"/></extensions></trkpt>
      <trkpt lat="45.227638" lon="-121.620840"><ele>808.5</ele><time>2026-08-18T22:15:21.000Z</time><extensions><TT:RideData eng="77.0" air="29.8" spd="40.7" rpm="4100"/></extensions></trkpt>
      <trkpt lat="45.228430" lon="-121.620955"><ele>806.5</ele><time>2026-08-18T22:15:29.000Z</time><extensions><TT:RideData eng="77.0" air="30.0" spd="40.0" rpm="4221"/></extensions></trkpt>
      <trkpt lat="45.229033" lon="-121.621835"><ele>802.1</ele><time>2026-08-18T22:15:37.000Z</time><extensions><TT:RideData eng="77.0" air="30.0" spd="46.4" rpm="5315"/></extensions></trkpt>
      <trkpt lat="45.229713" lon="-121.622841"><ele>801.1</ele><time>2026-08-18T22:15:45.000Z</time><extensions><TT:RideData eng="76.9" air="29.3" spd="51.5" rpm="4801"/></extensions></trkpt>
      <trkpt lat="45.230360" lon="-121.624010"><ele>802.2</ele><time>2026-08-18T22:15:53.000Z</time><extensions><TT:RideData eng="76.5" air="28.5" spd="42.3" rpm="3832"/></extensions></trkpt>
      <trkpt lat="45.231028" lon="-121.624769"><ele>802.4</ele><time>2026-08-18T22:16:01.000Z</time><extensions><TT:RideData eng="76.0" air="28.1" spd="48.9" rpm="4343"/></extensions></trkpt>
      <trkpt lat="45.231855" lon="-121.625290"><ele>803.0</ele><time>2026-08-18T22:16:09.000Z</time><extensions><TT:RideData eng="75.8" air="28.3" spd="38.6" rpm="3492"/></extensions></trkpt>
      <trkpt lat="45.232286" lon="-121.626176"><ele>800.6</ele><time>2026-08-18T22:16:17.000Z</time><extensions><TT:RideData eng="75.5" air="28.3" spd="37.6" rpm="3648"/></extensions></trkpt>
      <trkpt lat="45.232668" lon="-121.626646"><ele>794.7</ele><time>2026-08-18T22:16:25.000Z</time><extensions><TT:RideData eng="75.5" air="28.5" spd="42.6" rpm="3911"/></extensions></trkpt>
      <trkpt lat="45.233355" lon="-121.627028"><ele>790.6</ele><time>2026-08-18T22:16:33.000Z</time><extensions><TT:RideData eng="75.7" air="28.4" spd="37.2" rpm="3998"/></extensions></trkpt>
      <trkpt lat="45.234003" lon="-121.626783"><ele>790.6</ele><time>2026-08-18T22:16:41.000Z</time><extensions><TT:RideData eng="75.9" air="28.8" spd="42.8" rpm="4177"/></extensions></trkpt>
      <trkpt lat="45.234731" lon="-121.626991"><ele>792.1</ele><time>2026-08-18T22:16:49.000Z</time><extensions><TT:RideData eng="76.1" air="29.0" spd="32.6" rpm="3550"/></extensions></trkpt>
      <trkpt lat="45.235305" lon="-121.627221"><ele>791.6</ele><time>2026-08-18T22:16:57.000Z</time><extensions><TT:RideData eng="76.7" air="28.9" spd="38.6" rpm="3986"/></extensions></trkpt>
      <trkpt lat="45.235936" lon="-121.627415"><ele>797.0</ele><time>2026-08-18T22:17:05.000Z</time><extensions><TT:RideData eng="77.1" air="28.9" spd="34.5" rpm="4434"/></extensions></trkpt>
      <trkpt lat="45.236531" lon="-121.627128"><ele>805.2</ele><time>2026-08-18T22:17:13.000Z</time><extensions><TT:RideData eng="77.3" air="29.0" spd="36.7" rpm="3554"/></extensions></trkpt>
      <trkpt lat="45.237520" lon="-121.626908"><ele>821.4</ele><time>2026-08-18T22:17:21.000Z</time><extensions><TT:RideData eng="77.6" air="29.1" spd="54.8" rpm="5306"/></extensions></trkpt>
      <trkpt lat="45.238621" lon="-121.626618"><ele>841.6</ele><time>2026-08-18T22:17:29.000Z</time><extensions><TT:RideData eng="77.6" air="29.2" spd="44.5" rpm="3813"/></extensions></trkpt>
      <trkpt lat="45.239476" lon="-121.626468"><ele>858.2</ele><time>2026-08-18T22:17:37.000Z</time><extensions><TT:RideData eng="77.4" air="29.4" spd="41.7" rpm="4996"/></extensions></trkpt>
      <trkpt lat="45.240380" lon="-121.626471"><ele>877.0</ele><time>2026-08-18T22:17:45.000Z</time><extensions><TT:RideData eng="77.3" air="29.4" spd="41.3" rpm="3850"/></extensions></trkpt>
      <trkpt lat="45.241271" lon="-121.626643"><ele>897.8</ele><time>2026-08-18T22:17:53.000Z</time><extensions><TT:RideData eng="77.4" air="29.2" spd="51.8" rpm="4822"/></extensions></trkpt>
      <trkpt lat="45.242303" lon="-121.627205"><ele>901.8</ele><time>2026-08-18T22:18:01.000Z</time><extensions><TT:RideData eng="77.1" air="28.7" spd="48.6" rpm="4755"/></extensions></trkpt>
      <trkpt lat="45.243266" lon="-121.627928"><ele>906.9</ele><time>2026-08-18T22:18:09.000Z</time><extensions><TT:RideData eng="76.7" air="28.4" spd="44.2" rpm="3925"/></extensions></trkpt>
      <trkpt lat="45.244000" lon="-121.628601"><ele>916.9</ele><time>2026-08-18T22:18:17.000Z</time><extensions><TT:RideData eng="76.3" air="27.9" spd="41.0" rpm="3753"/></extensions></trkpt>
      <trkpt lat="45.244411" lon="-121.629466"><ele>926.3</ele><time>2026-08-18T22:18:25.000Z</time><extensions><TT:RideData eng="75.9" air="27.9" spd="28.3" rpm="3140"/></extensions></trkpt>
      <trkpt lat="45.244031" lon="-121.630033"><ele>935.4</ele><time>2026-08-18T22:18:33.000Z</time><extensions><TT:RideData eng="76.0" air="28.0" spd="40.3" rpm="4027"/></extensions></trkpt>
      <trkpt lat="45.243511" lon="-121.630556"><ele>943.2</ele><time>2026-08-18T22:18:41.000Z</time><extensions><TT:RideData eng="76.1" air="27.8" spd="31.9" rpm="3338"/></extensions></trkpt>
      <trkpt lat="45.243201" lon="-121.630864"><ele>952.2</ele><time>2026-08-18T22:18:49.000Z</time><extensions><TT:RideData eng="76.3" air="27.7" spd="7.6" rpm="2860"/></extensions></trkpt>
      <trkpt lat="45.242735" lon="-121.631196"><ele>958.5</ele><time>2026-08-18T22:18:57.000Z</time><extensions><TT:RideData eng="77.2" air="27.7" spd="42.2" rpm="3896"/></extensions></trkpt>
      <trkpt lat="45.241986" lon="-121.631859"><ele>966.6</ele><time>2026-08-18T22:19:05.000Z</time><extensions><TT:RideData eng="77.3" air="27.7" spd="43.2" rpm="3968"/></extensions></trkpt>
      <trkpt lat="45.241775" lon="-121.632931"><ele>972.6</ele><time>2026-08-18T22:19:13.000Z</time><extensions><TT:RideData eng="76.9" air="27.5" spd="44.0" rpm="3970"/></extensions></trkpt>
      <trkpt lat="45.241515" lon="-121.634025"><ele>983.0</ele><time>2026-08-18T22:19:21.000Z</time><extensions><TT:RideData eng="76.7" air="27.4" spd="31.9" rpm="3738"/></extensions></trkpt>
      <trkpt lat="45.241451" lon="-121.634950"><ele>992.3</ele><time>2026-08-18T22:19:29.000Z</time><extensions><TT:RideData eng="76.5" air="27.3" spd="41.6" rpm="4052"/></extensions></trkpt>
      <trkpt lat="45.241200" lon="-121.635833"><ele>998.0</ele><time>2026-08-18T22:19:37.000Z</time><extensions><TT:RideData eng="76.4" air="27.2" spd="34.4" rpm="3480"/></extensions></trkpt>
      <trkpt lat="45.241058" lon="-121.636843"><ele>1004.1</ele><time>2026-08-18T22:19:45.000Z</time><extensions><TT:RideData eng="76.5" air="27.4" spd="23.9" rpm="3423"/></extensions></trkpt>
      <trkpt lat="45.241270" lon="-121.637173"><ele>1009.7</ele><time>2026-08-18T22:19:53.000Z</time><extensions><TT:RideData eng="76.8" air="27.6" spd="25.6" rpm="3677"/></extensions></trkpt>
      <trkpt lat="45.241563" lon="-121.637631"><ele>1017.1</ele><time>2026-08-18T22:20:01.000Z</time><extensions><TT:RideData eng="77.5" air="27.5" spd="33.4" rpm="4571"/></extensions></trkpt>
      <trkpt lat="45.241866" lon="-121.638681"><ele>1022.1</ele><time>2026-08-18T22:20:09.000Z</time><extensions><TT:RideData eng="78.1" air="27.6" spd="28.3" rpm="3772"/></extensions></trkpt>
      <trkpt lat="45.242156" lon="-121.639433"><ele>1028.5</ele><time>2026-08-18T22:20:17.000Z</time><extensions><TT:RideData eng="78.5" air="27.4" spd="35.8" rpm="4804"/></extensions></trkpt>
      <trkpt lat="45.242483" lon="-121.640416"><ele>1033.6</ele><time>2026-08-18T22:20:25.000Z</time><extensions><TT:RideData eng="78.6" air="27.1" spd="33.0" rpm="4666"/></extensions></trkpt>
      <trkpt lat="45.242615" lon="-121.641241"><ele>1041.1</ele><time>2026-08-18T22:20:33.000Z</time><extensions><TT:RideData eng="78.7" air="27.0" spd="26.2" rpm="3811"/></extensions></trkpt>
      <trkpt lat="45.242623" lon="-121.641973"><ele>1049.3</ele><time>2026-08-18T22:20:41.000Z</time><extensions><TT:RideData eng="78.6" air="27.1" spd="22.8" rpm="2481"/></extensions></trkpt>
      <trkpt lat="45.242471" lon="-121.642591"><ele>1055.4</ele><time>2026-08-18T22:20:49.000Z</time><extensions><TT:RideData eng="78.4" air="27.0" spd="29.2" rpm="3531"/></extensions></trkpt>
      <trkpt lat="45.242268" lon="-121.643205"><ele>1060.7</ele><time>2026-08-18T22:20:57.000Z</time><extensions><TT:RideData eng="77.9" air="27.1" spd="29.5" rpm="3585"/></extensions></trkpt>
      <trkpt lat="45.242506" lon="-121.643893"><ele>1062.3</ele><time>2026-08-18T22:21:05.000Z</time><extensions><TT:RideData eng="77.8" air="27.1" spd="22.6" rpm="2855"/></extensions></trkpt>
      <trkpt lat="45.242698" lon="-121.644545"><ele>1066.0</ele><time>2026-08-18T22:21:13.000Z</time><extensions><TT:RideData eng="78.1" air="27.3" spd="31.3" rpm="4151"/></extensions></trkpt>
      <trkpt lat="45.243078" lon="-121.645226"><ele>1069.4</ele><time>2026-08-18T22:21:21.000Z</time><extensions><TT:RideData eng="78.9" air="27.5" spd="34.1" rpm="4707"/></extensions></trkpt>
      <trkpt lat="45.243290" lon="-121.646086"><ele>1073.7</ele><time>2026-08-18T22:21:29.000Z</time><extensions><TT:RideData eng="79.2" air="27.5" spd="33.8" rpm="3823"/></extensions></trkpt>
      <trkpt lat="45.243506" lon="-121.647020"><ele>1076.3</ele><time>2026-08-18T22:21:37.000Z</time><extensions><TT:RideData eng="79.2" air="27.5" spd="34.8" rpm="3990"/></extensions></trkpt>
      <trkpt lat="45.243761" lon="-121.647906"><ele>1079.7</ele><time>2026-08-18T22:21:45.000Z</time><extensions><TT:RideData eng="79.1" air="27.4" spd="31.0" rpm="3640"/></extensions></trkpt>
      <trkpt lat="45.243658" lon="-121.648583"><ele>1084.0</ele><time>2026-08-18T22:21:53.000Z</time><extensions><TT:RideData eng="79.1" air="27.4" spd="20.1" rpm="2351"/></extensions></trkpt>
      <trkpt lat="45.243655" lon="-121.649150"><ele>1089.5</ele><time>2026-08-18T22:22:01.000Z</time><extensions><TT:RideData eng="79.3" air="27.4" spd="26.7" rpm="3221"/></extensions></trkpt>
      <trkpt lat="45.243605" lon="-121.649813"><ele>1091.8</ele><time>2026-08-18T22:22:09.000Z</time><extensions><TT:RideData eng="79.0" air="27.4" spd="26.8" rpm="3409"/></extensions></trkpt>
      <trkpt lat="45.243931" lon="-121.650399"><ele>1093.9</ele><time>2026-08-18T22:22:17.000Z</time><extensions><TT:RideData eng="78.9" air="27.4" spd="37.4" rpm="4468"/></extensions></trkpt>
      <trkpt lat="45.244356" lon="-121.651298"><ele>1094.8</ele><time>2026-08-18T22:22:25.000Z</time><extensions><TT:RideData eng="79.0" air="27.2" spd="36.5" rpm="4856"/></extensions></trkpt>
      <trkpt lat="45.244740" lon="-121.652266"><ele>1098.2</ele><time>2026-08-18T22:22:33.000Z</time><extensions><TT:RideData eng="78.6" air="27.0" spd="34.6" rpm="3806"/></extensions></trkpt>
      <trkpt lat="45.245198" lon="-121.652976"><ele>1103.5</ele><time>2026-08-18T22:22:41.000Z</time><extensions><TT:RideData eng="78.2" air="26.8" spd="30.8" rpm="4264"/></extensions></trkpt>
      <trkpt lat="45.245771" lon="-121.653601"><ele>1107.6</ele><time>2026-08-18T22:22:49.000Z</time><extensions><TT:RideData eng="78.1" air="27.1" spd="36.8" rpm="4592"/></extensions></trkpt>
      <trkpt lat="45.246203" lon="-121.654356"><ele>1111.6</ele><time>2026-08-18T22:22:57.000Z</time><extensions><TT:RideData eng="78.1" air="27.2" spd="39.9" rpm="5358"/></extensions></trkpt>
      <trkpt lat="45.246661" lon="-121.655270"><ele>1114.8</ele><time>2026-08-18T22:23:05.000Z</time><extensions><TT:RideData eng="78.0" air="27.4" spd="36.1" rpm="4840"/></extensions></trkpt>
      <trkpt lat="45.247043" lon="-121.656116"><ele>1119.3</ele><time>2026-08-18T22:23:13.000Z</time><extensions><TT:RideData eng="78.1" air="27.3" spd="23.2" rpm="4802"/></extensions></trkpt>
      <trkpt lat="45.247463" lon="-121.656540"><ele>1125.5</ele><time>2026-08-18T22:23:21.000Z</time><extensions><TT:RideData eng="78.3" air="27.0" spd="33.4" rpm="4554"/></extensions></trkpt>
      <trkpt lat="45.247966" lon="-121.656944"><ele>1134.1</ele><time>2026-08-18T22:23:29.000Z</time><extensions><TT:RideData eng="78.8" air="26.7" spd="33.1" rpm="4298"/></extensions></trkpt>
      <trkpt lat="45.248415" lon="-121.657608"><ele>1140.2</ele><time>2026-08-18T22:23:37.000Z</time><extensions><TT:RideData eng="78.8" air="26.0" spd="36.8" rpm="5061"/></extensions></trkpt>
      <trkpt lat="45.248883" lon="-121.658425"><ele>1146.5</ele><time>2026-08-18T22:23:45.000Z</time><extensions><TT:RideData eng="78.4" air="25.3" spd="34.1" rpm="3956"/></extensions></trkpt>
      <trkpt lat="45.249348" lon="-121.658716"><ele>1150.5</ele><time>2026-08-18T22:23:53.000Z</time><extensions><TT:RideData eng="78.2" air="25.2" spd="26.6" rpm="5021"/></extensions></trkpt>
      <trkpt lat="45.249825" lon="-121.659111"><ele>1155.8</ele><time>2026-08-18T22:24:01.000Z</time><extensions><TT:RideData eng="78.4" air="25.5" spd="31.8" rpm="4306"/></extensions></trkpt>
      <trkpt lat="45.250231" lon="-121.659906"><ele>1161.7</ele><time>2026-08-18T22:24:09.000Z</time><extensions><TT:RideData eng="78.5" air="25.7" spd="34.8" rpm="3936"/></extensions></trkpt>
      <trkpt lat="45.250628" lon="-121.660226"><ele>1166.8</ele><time>2026-08-18T22:24:17.000Z</time><extensions><TT:RideData eng="78.4" air="25.9" spd="29.3" rpm="3895"/></extensions></trkpt>
      <trkpt lat="45.251250" lon="-121.660591"><ele>1173.5</ele><time>2026-08-18T22:24:25.000Z</time><extensions><TT:RideData eng="78.7" air="26.2" spd="33.3" rpm="4754"/></extensions></trkpt>
      <trkpt lat="45.251918" lon="-121.660701"><ele>1182.0</ele><time>2026-08-18T22:24:33.000Z</time><extensions><TT:RideData eng="79.0" air="26.7" spd="31.9" rpm="4245"/></extensions></trkpt>
      <trkpt lat="45.252481" lon="-121.660906"><ele>1192.9</ele><time>2026-08-18T22:24:41.000Z</time><extensions><TT:RideData eng="79.3" air="27.0" spd="29.7" rpm="3900"/></extensions></trkpt>
      <trkpt lat="45.253065" lon="-121.661596"><ele>1197.7</ele><time>2026-08-18T22:24:49.000Z</time><extensions><TT:RideData eng="79.3" air="27.1" spd="40.4" rpm="4859"/></extensions></trkpt>
      <trkpt lat="45.253623" lon="-121.662211"><ele>1204.6</ele><time>2026-08-18T22:24:57.000Z</time><extensions><TT:RideData eng="79.0" air="26.4" spd="33.1" rpm="3720"/></extensions></trkpt>
      <trkpt lat="45.254161" lon="-121.662753"><ele>1209.3</ele><time>2026-08-18T22:25:05.000Z</time><extensions><TT:RideData eng="78.5" air="26.1" spd="27.5" rpm="3584"/></extensions></trkpt>
      <trkpt lat="45.254730" lon="-121.663358"><ele>1213.2</ele><time>2026-08-18T22:25:13.000Z</time><extensions><TT:RideData eng="78.2" air="26.1" spd="36.0" rpm="5059"/></extensions></trkpt>
      <trkpt lat="45.255221" lon="-121.664075"><ele>1217.8</ele><time>2026-08-18T22:25:21.000Z</time><extensions><TT:RideData eng="78.1" air="26.1" spd="35.4" rpm="4131"/></extensions></trkpt>
      <trkpt lat="45.255791" lon="-121.664828"><ele>1223.3</ele><time>2026-08-18T22:25:29.000Z</time><extensions><TT:RideData eng="78.2" air="26.4" spd="31.3" rpm="4041"/></extensions></trkpt>
      <trkpt lat="45.256305" lon="-121.665376"><ele>1228.5</ele><time>2026-08-18T22:25:37.000Z</time><extensions><TT:RideData eng="78.2" air="26.8" spd="29.6" rpm="4257"/></extensions></trkpt>
      <trkpt lat="45.256738" lon="-121.666264"><ele>1232.8</ele><time>2026-08-18T22:25:45.000Z</time><extensions><TT:RideData eng="78.2" air="27.1" spd="29.4" rpm="3989"/></extensions></trkpt>
      <trkpt lat="45.257143" lon="-121.666966"><ele>1236.8</ele><time>2026-08-18T22:25:53.000Z</time><extensions><TT:RideData eng="78.4" air="27.5" spd="39.2" rpm="5155"/></extensions></trkpt>
      <trkpt lat="45.257666" lon="-121.667833"><ele>1241.6</ele><time>2026-08-18T22:26:01.000Z</time><extensions><TT:RideData eng="78.6" air="27.7" spd="29.9" rpm="3148"/></extensions></trkpt>
      <trkpt lat="45.258120" lon="-121.668526"><ele>1247.7</ele><time>2026-08-18T22:26:09.000Z</time><extensions><TT:RideData eng="78.6" air="27.4" spd="39.2" rpm="4233"/></extensions></trkpt>
      <trkpt lat="45.258696" lon="-121.669131"><ele>1252.5</ele><time>2026-08-18T22:26:17.000Z</time><extensions><TT:RideData eng="78.1" air="27.2" spd="39.1" rpm="4275"/></extensions></trkpt>
      <trkpt lat="45.259278" lon="-121.669798"><ele>1258.6</ele><time>2026-08-18T22:26:25.000Z</time><extensions><TT:RideData eng="77.6" air="27.2" spd="35.2" rpm="3925"/></extensions></trkpt>
      <trkpt lat="45.259921" lon="-121.670116"><ele>1264.7</ele><time>2026-08-18T22:26:33.000Z</time><extensions><TT:RideData eng="77.4" air="27.5" spd="43.5" rpm="4491"/></extensions></trkpt>
      <trkpt lat="45.260633" lon="-121.670211"><ele>1271.2</ele><time>2026-08-18T22:26:41.000Z</time><extensions><TT:RideData eng="77.2" air="27.7" spd="40.3" rpm="4473"/></extensions></trkpt>
      <trkpt lat="45.261446" lon="-121.670353"><ele>1275.3</ele><time>2026-08-18T22:26:49.000Z</time><extensions><TT:RideData eng="77.0" air="27.3" spd="36.0" rpm="3622"/></extensions></trkpt>
      <trkpt lat="45.262091" lon="-121.670491"><ele>1280.4</ele><time>2026-08-18T22:26:57.000Z</time><extensions><TT:RideData eng="76.9" air="27.1" spd="30.8" rpm="4244"/></extensions></trkpt>
      <trkpt lat="45.262640" lon="-121.670971"><ele>1285.0</ele><time>2026-08-18T22:27:05.000Z</time><extensions><TT:RideData eng="77.2" air="26.9" spd="29.6" rpm="4093"/></extensions></trkpt>
      <trkpt lat="45.263173" lon="-121.671448"><ele>1291.1</ele><time>2026-08-18T22:27:13.000Z</time><extensions><TT:RideData eng="77.8" air="27.1" spd="30.9" rpm="4239"/></extensions></trkpt>
      <trkpt lat="45.263671" lon="-121.671768"><ele>1297.2</ele><time>2026-08-18T22:27:21.000Z</time><extensions><TT:RideData eng="78.3" air="27.1" spd="32.0" rpm="4174"/></extensions></trkpt>
      <trkpt lat="45.264096" lon="-121.672063"><ele>1302.5</ele><time>2026-08-18T22:27:29.000Z</time><extensions><TT:RideData eng="78.7" air="26.7" spd="43.2" rpm="5699"/></extensions></trkpt>
      <trkpt lat="45.264681" lon="-121.672658"><ele>1308.3</ele><time>2026-08-18T22:27:37.000Z</time><extensions><TT:RideData eng="78.7" air="26.1" spd="40.1" rpm="4074"/></extensions></trkpt>
      <trkpt lat="45.265525" lon="-121.673074"><ele>1314.0</ele><time>2026-08-18T22:27:45.000Z</time><extensions><TT:RideData eng="78.4" air="25.7" spd="38.9" rpm="4220"/></extensions></trkpt>
      <trkpt lat="45.266285" lon="-121.673291"><ele>1312.2</ele><time>2026-08-18T22:27:53.000Z</time><extensions><TT:RideData eng="78.5" air="25.7" spd="18.1" rpm="2525"/></extensions></trkpt>
      <trkpt lat="45.266553" lon="-121.673494"><ele>1307.0</ele><time>2026-08-18T22:28:01.000Z</time><extensions><TT:RideData eng="78.9" air="25.8" spd="4.6" rpm="1895"/></extensions></trkpt>
      <trkpt lat="45.266698" lon="-121.673214"><ele>1141.3</ele><time>2026-08-18T22:38:43.000Z</time><extensions><TT:RideData eng="72.2" air="27.6" spd="19.2" rpm="1982"/></extensions></trkpt>
      <trkpt lat="45.266705" lon="-121.673280"><ele>1141.4</ele><time>2026-08-18T22:38:51.000Z</time><extensions><TT:RideData eng="71.0" air="27.5" spd="0.0" rpm="3437"/></extensions></trkpt>
      <trkpt lat="45.266940" lon="-121.673815"><ele>1141.3</ele><time>2026-08-18T22:38:59.000Z</time><extensions><TT:RideData eng="71.1" air="27.0" spd="33.0" rpm="4420"/></extensions></trkpt>
      <trkpt lat="45.267455" lon="-121.674665"><ele>1141.2</ele><time>2026-08-18T22:39:07.000Z</time><extensions><TT:RideData eng="71.1" air="26.5" spd="49.1" rpm="5394"/></extensions></trkpt>
      <trkpt lat="45.267995" lon="-121.675888"><ele>1140.9</ele><time>2026-08-18T22:39:15.000Z</time><extensions><TT:RideData eng="71.0" air="26.1" spd="47.0" rpm="4815"/></extensions></trkpt>
      <trkpt lat="45.268338" lon="-121.677053"><ele>1140.4</ele><time>2026-08-18T22:39:23.000Z</time><extensions><TT:RideData eng="70.7" air="25.8" spd="43.1" rpm="4593"/></extensions></trkpt>
      <trkpt lat="45.268686" lon="-121.677970"><ele>1139.5</ele><time>2026-08-18T22:39:31.000Z</time><extensions><TT:RideData eng="70.4" air="25.5" spd="26.0" rpm="2985"/></extensions></trkpt>
      <trkpt lat="45.269025" lon="-121.678631"><ele>1138.5</ele><time>2026-08-18T22:39:39.000Z</time><extensions><TT:RideData eng="69.9" air="25.7" spd="38.4" rpm="4246"/></extensions></trkpt>
      <trkpt lat="45.269496" lon="-121.679153"><ele>1137.3</ele><time>2026-08-18T22:39:47.000Z</time><extensions><TT:RideData eng="69.9" air="26.6" spd="41.6" rpm="5502"/></extensions></trkpt>
      <trkpt lat="45.270261" lon="-121.679508"><ele>1136.3</ele><time>2026-08-18T22:39:55.000Z</time><extensions><TT:RideData eng="70.4" air="27.3" spd="36.5" rpm="4968"/></extensions></trkpt>
      <trkpt lat="45.271098" lon="-121.679838"><ele>1134.9</ele><time>2026-08-18T22:40:03.000Z</time><extensions><TT:RideData eng="70.7" air="27.5" spd="39.8" rpm="4139"/></extensions></trkpt>
      <trkpt lat="45.271733" lon="-121.680588"><ele>1133.3</ele><time>2026-08-18T22:40:11.000Z</time><extensions><TT:RideData eng="70.7" air="27.7" spd="44.1" rpm="4717"/></extensions></trkpt>
      <trkpt lat="45.272291" lon="-121.681299"><ele>1131.7</ele><time>2026-08-18T22:40:19.000Z</time><extensions><TT:RideData eng="70.7" air="27.8" spd="27.1" rpm="3535"/></extensions></trkpt>
      <trkpt lat="45.272723" lon="-121.681146"><ele>1130.2</ele><time>2026-08-18T22:40:27.000Z</time><extensions><TT:RideData eng="71.3" air="27.7" spd="34.5" rpm="3992"/></extensions></trkpt>
      <trkpt lat="45.273283" lon="-121.680946"><ele>1128.8</ele><time>2026-08-18T22:40:35.000Z</time><extensions><TT:RideData eng="72.3" air="27.6" spd="38.0" rpm="5323"/></extensions></trkpt>
      <trkpt lat="45.274178" lon="-121.680951"><ele>1127.5</ele><time>2026-08-18T22:40:43.000Z</time><extensions><TT:RideData eng="72.9" air="27.3" spd="45.7" rpm="5294"/></extensions></trkpt>
      <trkpt lat="45.275076" lon="-121.680985"><ele>1127.0</ele><time>2026-08-18T22:40:51.000Z</time><extensions><TT:RideData eng="73.1" air="27.3" spd="38.4" rpm="4120"/></extensions></trkpt>
      <trkpt lat="45.275643" lon="-121.680891"><ele>1126.1</ele><time>2026-08-18T22:40:59.000Z</time><extensions><TT:RideData eng="73.4" air="26.8" spd="41.1" rpm="5610"/></extensions></trkpt>
      <trkpt lat="45.276223" lon="-121.680388"><ele>1125.9</ele><time>2026-08-18T22:41:07.000Z</time><extensions><TT:RideData eng="74.0" air="26.8" spd="41.5" rpm="5492"/></extensions></trkpt>
      <trkpt lat="45.276908" lon="-121.679848"><ele>1126.8</ele><time>2026-08-18T22:41:15.000Z</time><extensions><TT:RideData eng="74.5" air="27.2" spd="29.1" rpm="4222"/></extensions></trkpt>
      <trkpt lat="45.277595" lon="-121.680023"><ele>1127.3</ele><time>2026-08-18T22:41:23.000Z</time><extensions><TT:RideData eng="75.1" air="27.0" spd="46.9" rpm="4922"/></extensions></trkpt>
      <trkpt lat="45.278458" lon="-121.680593"><ele>1129.0</ele><time>2026-08-18T22:41:31.000Z</time><extensions><TT:RideData eng="75.4" air="26.2" spd="43.5" rpm="4934"/></extensions></trkpt>
      <trkpt lat="45.278993" lon="-121.681350"><ele>1130.1</ele><time>2026-08-18T22:41:39.000Z</time><extensions><TT:RideData eng="75.3" air="25.4" spd="41.4" rpm="5806"/></extensions></trkpt>
      <trkpt lat="45.279248" lon="-121.682236"><ele>1129.2</ele><time>2026-08-18T22:41:47.000Z</time><extensions><TT:RideData eng="75.2" air="24.7" spd="38.6" rpm="5223"/></extensions></trkpt>
      <trkpt lat="45.279605" lon="-121.683225"><ele>1128.4</ele><time>2026-08-18T22:41:55.000Z</time><extensions><TT:RideData eng="75.2" air="24.4" spd="41.6" rpm="5298"/></extensions></trkpt>
      <trkpt lat="45.280136" lon="-121.683971"><ele>1127.9</ele><time>2026-08-18T22:42:03.000Z</time><extensions><TT:RideData eng="75.2" air="24.4" spd="39.6" rpm="5366"/></extensions></trkpt>
      <trkpt lat="45.280796" lon="-121.684229"><ele>1127.4</ele><time>2026-08-18T22:42:11.000Z</time><extensions><TT:RideData eng="75.3" air="24.7" spd="36.7" rpm="5005"/></extensions></trkpt>
      <trkpt lat="45.281496" lon="-121.684346"><ele>1126.8</ele><time>2026-08-18T22:42:19.000Z</time><extensions><TT:RideData eng="75.5" air="25.0" spd="38.1" rpm="5318"/></extensions></trkpt>
      <trkpt lat="45.282256" lon="-121.684498"><ele>1127.6</ele><time>2026-08-18T22:42:27.000Z</time><extensions><TT:RideData eng="75.8" air="25.4" spd="38.1" rpm="4323"/></extensions></trkpt>
      <trkpt lat="45.282820" lon="-121.684840"><ele>1128.6</ele><time>2026-08-18T22:42:35.000Z</time><extensions><TT:RideData eng="76.4" air="25.7" spd="7.0" rpm="1776"/></extensions></trkpt>
      <trkpt lat="45.282978" lon="-121.684671"><ele>1131.6</ele><time>2026-08-18T22:42:43.000Z</time><extensions><TT:RideData eng="77.2" air="25.9" spd="0.0" rpm="2105"/></extensions></trkpt>
      <trkpt lat="45.283076" lon="-121.684451"><ele>1139.6</ele><time>2026-08-18T22:42:51.000Z</time><extensions><TT:RideData eng="78.4" air="26.2" spd="6.5" rpm="2198"/></extensions></trkpt>
      <trkpt lat="45.283203" lon="-121.684004"><ele>1144.4</ele><time>2026-08-18T22:42:59.000Z</time><extensions><TT:RideData eng="78.8" air="26.3" spd="31.8" rpm="4381"/></extensions></trkpt>
      <trkpt lat="45.283296" lon="-121.682943"><ele>1147.2</ele><time>2026-08-18T22:43:07.000Z</time><extensions><TT:RideData eng="78.9" air="26.4" spd="44.2" rpm="4776"/></extensions></trkpt>
      <trkpt lat="45.283863" lon="-121.682261"><ele>1152.6</ele><time>2026-08-18T22:43:15.000Z</time><extensions><TT:RideData eng="78.5" air="26.8" spd="29.5" rpm="2085"/></extensions></trkpt>
      <trkpt lat="45.284076" lon="-121.682328"><ele>1156.7</ele><time>2026-08-18T22:43:23.000Z</time><extensions><TT:RideData eng="78.8" air="27.2" spd="0.0" rpm="1831"/></extensions></trkpt>
      <trkpt lat="45.284073" lon="-121.682336"><ele>1157.6</ele><time>2026-08-18T22:43:31.000Z</time><extensions><TT:RideData eng="79.7" air="27.3" spd="0.0" rpm="1813"/></extensions></trkpt>
      <trkpt lat="45.284096" lon="-121.682320"><ele>1159.4</ele><time>2026-08-18T22:43:39.000Z</time><extensions><TT:RideData eng="80.5" air="27.5" spd="21.1" rpm="4022"/></extensions></trkpt>
      <trkpt lat="45.284423" lon="-121.681256"><ele>1171.3</ele><time>2026-08-18T22:43:47.000Z</time><extensions><TT:RideData eng="80.8" air="27.9" spd="54.1" rpm="4841"/></extensions></trkpt>
      <trkpt lat="45.284273" lon="-121.679568"><ele>1182.5</ele><time>2026-08-18T22:43:55.000Z</time><extensions><TT:RideData eng="80.4" air="28.3" spd="70.4" rpm="5662"/></extensions></trkpt>
      <trkpt lat="45.283635" lon="-121.677808"><ele>1189.6</ele><time>2026-08-18T22:44:03.000Z</time><extensions><TT:RideData eng="79.3" air="28.4" spd="74.2" rpm="6072"/></extensions></trkpt>
      <trkpt lat="45.283684" lon="-121.675493"><ele>1199.9</ele><time>2026-08-18T22:44:11.000Z</time><extensions><TT:RideData eng="77.8" air="28.2" spd="80.4" rpm="6280"/></extensions></trkpt>
      <trkpt lat="45.284875" lon="-121.673906"><ele>1205.8</ele><time>2026-08-18T22:44:19.000Z</time><extensions><TT:RideData eng="76.2" air="28.0" spd="80.0" rpm="6313"/></extensions></trkpt>
      <trkpt lat="45.285841" lon="-121.672113"><ele>1218.8</ele><time>2026-08-18T22:44:27.000Z</time><extensions><TT:RideData eng="74.8" air="27.9" spd="76.7" rpm="6054"/></extensions></trkpt>
      <trkpt lat="45.287031" lon="-121.670811"><ele>1222.3</ele><time>2026-08-18T22:44:35.000Z</time><extensions><TT:RideData eng="73.4" air="27.7" spd="77.7" rpm="6160"/></extensions></trkpt>
      <trkpt lat="45.288631" lon="-121.670648"><ele>1226.4</ele><time>2026-08-18T22:44:43.000Z</time><extensions><TT:RideData eng="72.5" air="27.4" spd="77.8" rpm="6105"/></extensions></trkpt>
      <trkpt lat="45.290235" lon="-121.670861"><ele>1225.2</ele><time>2026-08-18T22:44:51.000Z</time><extensions><TT:RideData eng="71.7" air="26.9" spd="77.3" rpm="6102"/></extensions></trkpt>
      <trkpt lat="45.291776" lon="-121.671488"><ele>1223.7</ele><time>2026-08-18T22:44:59.000Z</time><extensions><TT:RideData eng="71.4" air="26.9" spd="77.3" rpm="6059"/></extensions></trkpt>
      <trkpt lat="45.293218" lon="-121.672455"><ele>1225.0</ele><time>2026-08-18T22:45:07.000Z</time><extensions><TT:RideData eng="71.6" air="26.8" spd="76.5" rpm="6120"/></extensions></trkpt>
      <trkpt lat="45.294605" lon="-121.673486"><ele>1226.8</ele><time>2026-08-18T22:45:15.000Z</time><extensions><TT:RideData eng="71.8" air="26.4" spd="76.1" rpm="6065"/></extensions></trkpt>
      <trkpt lat="45.295974" lon="-121.674480"><ele>1229.2</ele><time>2026-08-18T22:45:23.000Z</time><extensions><TT:RideData eng="72.1" air="26.3" spd="75.5" rpm="6003"/></extensions></trkpt>
      <trkpt lat="45.297290" lon="-121.675428"><ele>1235.3</ele><time>2026-08-18T22:45:31.000Z</time><extensions><TT:RideData eng="72.2" air="26.1" spd="72.1" rpm="5827"/></extensions></trkpt>
      <trkpt lat="45.298721" lon="-121.675918"><ele>1242.9</ele><time>2026-08-18T22:45:39.000Z</time><extensions><TT:RideData eng="72.7" air="26.6" spd="77.5" rpm="6229"/></extensions></trkpt>
      <trkpt lat="45.300155" lon="-121.675346"><ele>1254.5</ele><time>2026-08-18T22:45:47.000Z</time><extensions><TT:RideData eng="73.6" air="27.0" spd="79.6" rpm="6388"/></extensions></trkpt>
      <trkpt lat="45.301500" lon="-121.673891"><ele>1266.5</ele><time>2026-08-18T22:45:55.000Z</time><extensions><TT:RideData eng="74.5" air="27.7" spd="75.8" rpm="6047"/></extensions></trkpt>
      <trkpt lat="45.302676" lon="-121.672385"><ele>1275.8</ele><time>2026-08-18T22:46:03.000Z</time><extensions><TT:RideData eng="74.8" air="28.3" spd="78.2" rpm="6265"/></extensions></trkpt>
      <trkpt lat="45.303928" lon="-121.670808"><ele>1283.8</ele><time>2026-08-18T22:46:11.000Z</time><extensions><TT:RideData eng="74.8" air="28.2" spd="81.9" rpm="6430"/></extensions></trkpt>
      <trkpt lat="45.305026" lon="-121.668981"><ele>1285.2</ele><time>2026-08-18T22:46:19.000Z</time><extensions><TT:RideData eng="74.4" air="28.2" spd="79.7" rpm="6260"/></extensions></trkpt>
      <trkpt lat="45.305536" lon="-121.666771"><ele>1283.2</ele><time>2026-08-18T22:46:27.000Z</time><extensions><TT:RideData eng="73.6" air="28.7" spd="78.8" rpm="6230"/></extensions></trkpt>
      <trkpt lat="45.305761" lon="-121.664586"><ele>1281.9</ele><time>2026-08-18T22:46:35.000Z</time><extensions><TT:RideData eng="73.3" air="29.1" spd="75.4" rpm="6092"/></extensions></trkpt>
      <trkpt lat="45.306448" lon="-121.662678"><ele>1283.8</ele><time>2026-08-18T22:46:43.000Z</time><extensions><TT:RideData eng="73.3" air="28.6" spd="76.7" rpm="6183"/></extensions></trkpt>
      <trkpt lat="45.307940" lon="-121.662151"><ele>1283.5</ele><time>2026-08-18T22:46:51.000Z</time><extensions><TT:RideData eng="73.4" air="27.7" spd="77.9" rpm="6234"/></extensions></trkpt>
      <trkpt lat="45.309596" lon="-121.662031"><ele>1285.8</ele><time>2026-08-18T22:46:59.000Z</time><extensions><TT:RideData eng="73.7" air="26.7" spd="78.1" rpm="6239"/></extensions></trkpt>
      <trkpt lat="45.311210" lon="-121.661833"><ele>1291.8</ele><time>2026-08-18T22:47:07.000Z</time><extensions><TT:RideData eng="74.0" air="26.3" spd="77.6" rpm="6182"/></extensions></trkpt>
      <trkpt lat="45.312765" lon="-121.661503"><ele>1298.7</ele><time>2026-08-18T22:47:15.000Z</time><extensions><TT:RideData eng="74.4" air="26.4" spd="76.7" rpm="6121"/></extensions></trkpt>
      <trkpt lat="45.313881" lon="-121.660046"><ele>1311.3</ele><time>2026-08-18T22:47:23.000Z</time><extensions><TT:RideData eng="74.7" air="26.2" spd="79.1" rpm="6387"/></extensions></trkpt>
      <trkpt lat="45.313491" lon="-121.657908"><ele>1322.6</ele><time>2026-08-18T22:47:31.000Z</time><extensions><TT:RideData eng="75.2" air="26.9" spd="78.6" rpm="6289"/></extensions></trkpt>
      <trkpt lat="45.312458" lon="-121.655760"><ele>1331.2</ele><time>2026-08-18T22:47:39.000Z</time><extensions><TT:RideData eng="75.7" air="27.5" spd="76.7" rpm="6136"/></extensions></trkpt>
      <trkpt lat="45.311243" lon="-121.654203"><ele>1340.4</ele><time>2026-08-18T22:47:47.000Z</time><extensions><TT:RideData eng="76.1" air="27.9" spd="77.6" rpm="6262"/></extensions></trkpt>
      <trkpt lat="45.309729" lon="-121.653391"><ele>1349.5</ele><time>2026-08-18T22:47:55.000Z</time><extensions><TT:RideData eng="76.1" air="28.1" spd="80.3" rpm="6433"/></extensions></trkpt>
      <trkpt lat="45.308785" lon="-121.651715"><ele>1363.1</ele><time>2026-08-18T22:48:03.000Z</time><extensions><TT:RideData eng="76.1" air="28.1" spd="79.2" rpm="6432"/></extensions></trkpt>
      <trkpt lat="45.309531" lon="-121.649646"><ele>1374.8</ele><time>2026-08-18T22:48:11.000Z</time><extensions><TT:RideData eng="76.1" air="27.8" spd="82.8" rpm="6629"/></extensions></trkpt>
      <trkpt lat="45.310125" lon="-121.647386"><ele>1389.7</ele><time>2026-08-18T22:48:19.000Z</time><extensions><TT:RideData eng="76.1" air="27.9" spd="80.0" rpm="6487"/></extensions></trkpt>
      <trkpt lat="45.310218" lon="-121.644978"><ele>1402.9</ele><time>2026-08-18T22:48:27.000Z</time><extensions><TT:RideData eng="75.6" air="27.4" spd="79.6" rpm="6361"/></extensions></trkpt>
      <trkpt lat="45.311208" lon="-121.643336"><ele>1412.2</ele><time>2026-08-18T22:48:35.000Z</time><extensions><TT:RideData eng="75.1" air="27.2" spd="82.2" rpm="6611"/></extensions></trkpt>
      <trkpt lat="45.312901" lon="-121.643386"><ele>1416.9</ele><time>2026-08-18T22:48:43.000Z</time><extensions><TT:RideData eng="74.8" air="27.3" spd="78.7" rpm="6259"/></extensions></trkpt>
      <trkpt lat="45.314013" lon="-121.641875"><ele>1421.9</ele><time>2026-08-18T22:48:51.000Z</time><extensions><TT:RideData eng="74.2" air="27.5" spd="78.6" rpm="6238"/></extensions></trkpt>
      <trkpt lat="45.315068" lon="-121.640479"><ele>1422.7</ele><time>2026-08-18T22:48:59.000Z</time><extensions><TT:RideData eng="73.5" air="27.5" spd="79.7" rpm="6322"/></extensions></trkpt>
      <trkpt lat="45.316568" lon="-121.641210"><ele>1422.0</ele><time>2026-08-18T22:49:07.000Z</time><extensions><TT:RideData eng="72.8" air="27.4" spd="80.2" rpm="6303"/></extensions></trkpt>
      <trkpt lat="45.317775" lon="-121.640060"><ele>1422.3</ele><time>2026-08-18T22:49:15.000Z</time><extensions><TT:RideData eng="72.2" air="27.4" spd="79.5" rpm="6289"/></extensions></trkpt>
      <trkpt lat="45.317285" lon="-121.637678"><ele>1423.2</ele><time>2026-08-18T22:49:23.000Z</time><extensions><TT:RideData eng="71.6" air="27.5" spd="80.8" rpm="6364"/></extensions></trkpt>
      <trkpt lat="45.317438" lon="-121.635361"><ele>1423.4</ele><time>2026-08-18T22:49:31.000Z</time><extensions><TT:RideData eng="70.9" air="27.5" spd="79.8" rpm="6210"/></extensions></trkpt>
      <trkpt lat="45.317755" lon="-121.633063"><ele>1422.2</ele><time>2026-08-18T22:49:39.000Z</time><extensions><TT:RideData eng="70.5" air="27.6" spd="82.7" rpm="6534"/></extensions></trkpt>
      <trkpt lat="45.318546" lon="-121.630840"><ele>1408.5</ele><time>2026-08-18T22:49:47.000Z</time><extensions><TT:RideData eng="70.2" air="27.4" spd="82.7" rpm="6468"/></extensions></trkpt>
      <trkpt lat="45.319413" lon="-121.628755"><ele>1387.4</ele><time>2026-08-18T22:49:55.000Z</time><extensions><TT:RideData eng="69.6" air="27.1" spd="82.5" rpm="6489"/></extensions></trkpt>
      <trkpt lat="45.320165" lon="-121.626651"><ele>1360.8</ele><time>2026-08-18T22:50:03.000Z</time><extensions><TT:RideData eng="69.4" air="27.2" spd="83.0" rpm="6545"/></extensions></trkpt>
      <trkpt lat="45.320461" lon="-121.624286"><ele>1345.3</ele><time>2026-08-18T22:50:11.000Z</time><extensions><TT:RideData eng="69.3" air="27.1" spd="84.6" rpm="6622"/></extensions></trkpt>
      <trkpt lat="45.320510" lon="-121.621841"><ele>1331.2</ele><time>2026-08-18T22:50:19.000Z</time><extensions><TT:RideData eng="69.1" air="27.1" spd="84.8" rpm="6634"/></extensions></trkpt>
      <trkpt lat="45.320554" lon="-121.619395"><ele>1317.9</ele><time>2026-08-18T22:50:27.000Z</time><extensions><TT:RideData eng="69.1" air="27.5" spd="84.3" rpm="6615"/></extensions></trkpt>
      <trkpt lat="45.320603" lon="-121.616940"><ele>1304.6</ele><time>2026-08-18T22:50:35.000Z</time><extensions><TT:RideData eng="68.8" air="27.6" spd="84.9" rpm="6656"/></extensions></trkpt>
      <trkpt lat="45.320648" lon="-121.614518"><ele>1294.1</ele><time>2026-08-18T22:50:43.000Z</time><extensions><TT:RideData eng="68.3" air="27.4" spd="83.7" rpm="6566"/></extensions></trkpt>
      <trkpt lat="45.320708" lon="-121.612111"><ele>1281.1</ele><time>2026-08-18T22:50:51.000Z</time><extensions><TT:RideData eng="68.1" air="27.7" spd="83.7" rpm="6552"/></extensions></trkpt>
      <trkpt lat="45.320778" lon="-121.609721"><ele>1269.5</ele><time>2026-08-18T22:50:59.000Z</time><extensions><TT:RideData eng="68.3" air="28.2" spd="83.4" rpm="6583"/></extensions></trkpt>
      <trkpt lat="45.320865" lon="-121.607293"><ele>1264.1</ele><time>2026-08-18T22:51:07.000Z</time><extensions><TT:RideData eng="68.4" air="28.0" spd="85.0" rpm="6661"/></extensions></trkpt>
      <trkpt lat="45.321076" lon="-121.604845"><ele>1254.9</ele><time>2026-08-18T22:51:15.000Z</time><extensions><TT:RideData eng="68.3" air="27.8" spd="85.0" rpm="6620"/></extensions></trkpt>
      <trkpt lat="45.321473" lon="-121.602413"><ele>1247.9</ele><time>2026-08-18T22:51:23.000Z</time><extensions><TT:RideData eng="68.5" air="28.0" spd="85.0" rpm="6562"/></extensions></trkpt>
      <trkpt lat="45.321991" lon="-121.600101"><ele>1236.9</ele><time>2026-08-18T22:51:31.000Z</time><extensions><TT:RideData eng="68.7" air="28.5" spd="83.8" rpm="6567"/></extensions></trkpt>
      <trkpt lat="45.322676" lon="-121.597878"><ele>1224.0</ele><time>2026-08-18T22:51:39.000Z</time><extensions><TT:RideData eng="68.7" air="28.9" spd="85.3" rpm="6697"/></extensions></trkpt>
      <trkpt lat="45.323563" lon="-121.595755"><ele>1214.7</ele><time>2026-08-18T22:51:47.000Z</time><extensions><TT:RideData eng="68.8" air="28.9" spd="84.7" rpm="6647"/></extensions></trkpt>
      <trkpt lat="45.324616" lon="-121.593801"><ele>1208.8</ele><time>2026-08-18T22:51:55.000Z</time><extensions><TT:RideData eng="68.8" air="29.0" spd="86.6" rpm="6788"/></extensions></trkpt>
      <trkpt lat="45.325758" lon="-121.591886"><ele>1203.9</ele><time>2026-08-18T22:52:03.000Z</time><extensions><TT:RideData eng="68.9" air="29.0" spd="86.3" rpm="6691"/></extensions></trkpt>
      <trkpt lat="45.326916" lon="-121.590036"><ele>1197.7</ele><time>2026-08-18T22:52:11.000Z</time><extensions><TT:RideData eng="69.0" air="29.0" spd="84.9" rpm="6612"/></extensions></trkpt>
      <trkpt lat="45.328090" lon="-121.588178"><ele>1189.2</ele><time>2026-08-18T22:52:19.000Z</time><extensions><TT:RideData eng="69.1" air="29.0" spd="86.8" rpm="6772"/></extensions></trkpt>
      <trkpt lat="45.329253" lon="-121.586318"><ele>1178.2</ele><time>2026-08-18T22:52:27.000Z</time><extensions><TT:RideData eng="69.2" air="29.0" spd="85.6" rpm="6711"/></extensions></trkpt>
      <trkpt lat="45.330430" lon="-121.584460"><ele>1169.4</ele><time>2026-08-18T22:52:35.000Z</time><extensions><TT:RideData eng="69.3" air="29.4" spd="85.5" rpm="6626"/></extensions></trkpt>
      <trkpt lat="45.331573" lon="-121.582630"><ele>1153.7</ele><time>2026-08-18T22:52:43.000Z</time><extensions><TT:RideData eng="69.4" air="29.4" spd="84.6" rpm="6600"/></extensions></trkpt>
      <trkpt lat="45.332611" lon="-121.580693"><ele>1134.8</ele><time>2026-08-18T22:52:51.000Z</time><extensions><TT:RideData eng="69.3" air="29.3" spd="84.5" rpm="6602"/></extensions></trkpt>
      <trkpt lat="45.333535" lon="-121.578666"><ele>1118.1</ele><time>2026-08-18T22:52:59.000Z</time><extensions><TT:RideData eng="69.2" air="29.4" spd="83.8" rpm="6518"/></extensions></trkpt>
      <trkpt lat="45.334416" lon="-121.576673"><ele>1102.1</ele><time>2026-08-18T22:53:07.000Z</time><extensions><TT:RideData eng="69.1" air="29.4" spd="79.3" rpm="6211"/></extensions></trkpt>
      <trkpt lat="45.335366" lon="-121.574743"><ele>1087.4</ele><time>2026-08-18T22:53:15.000Z</time><extensions><TT:RideData eng="68.8" air="29.3" spd="81.8" rpm="6336"/></extensions></trkpt>
      <trkpt lat="45.336520" lon="-121.573061"><ele>1072.4</ele><time>2026-08-18T22:53:23.000Z</time><extensions><TT:RideData eng="68.7" air="29.1" spd="82.3" rpm="6504"/></extensions></trkpt>
      <trkpt lat="45.337886" lon="-121.571506"><ele>1061.7</ele><time>2026-08-18T22:53:31.000Z</time><extensions><TT:RideData eng="68.6" air="28.9" spd="83.6" rpm="6504"/></extensions></trkpt>
      <trkpt lat="45.339365" lon="-121.570340"><ele>1055.7</ele><time>2026-08-18T22:53:39.000Z</time><extensions><TT:RideData eng="68.5" air="28.8" spd="83.3" rpm="6479"/></extensions></trkpt>
      <trkpt lat="45.340925" lon="-121.569526"><ele>1045.9</ele><time>2026-08-18T22:53:47.000Z</time><extensions><TT:RideData eng="68.7" air="29.2" spd="81.3" rpm="6487"/></extensions></trkpt>
      <trkpt lat="45.342508" lon="-121.568960"><ele>1037.0</ele><time>2026-08-18T22:53:55.000Z</time><extensions><TT:RideData eng="69.3" air="29.3" spd="79.8" rpm="6374"/></extensions></trkpt>
      <trkpt lat="45.344151" lon="-121.568563"><ele>1027.5</ele><time>2026-08-18T22:54:03.000Z</time><extensions><TT:RideData eng="69.7" air="29.0" spd="84.4" rpm="6741"/></extensions></trkpt>
      <trkpt lat="45.345868" lon="-121.568345"><ele>1014.5</ele><time>2026-08-18T22:54:11.000Z</time><extensions><TT:RideData eng="70.2" air="29.0" spd="84.4" rpm="6706"/></extensions></trkpt>
      <trkpt lat="45.347606" lon="-121.568306"><ele>1003.2</ele><time>2026-08-18T22:54:19.000Z</time><extensions><TT:RideData eng="70.8" air="28.8" spd="87.6" rpm="6906"/></extensions></trkpt>
      <trkpt lat="45.349410" lon="-121.568248"><ele>992.2</ele><time>2026-08-18T22:54:27.000Z</time><extensions><TT:RideData eng="71.4" air="29.1" spd="86.6" rpm="6737"/></extensions></trkpt>
      <trkpt lat="45.351165" lon="-121.568198"><ele>982.2</ele><time>2026-08-18T22:54:35.000Z</time><extensions><TT:RideData eng="71.3" air="29.2" spd="84.6" rpm="6632"/></extensions></trkpt>
      <trkpt lat="45.352930" lon="-121.568141"><ele>977.1</ele><time>2026-08-18T22:54:43.000Z</time><extensions><TT:RideData eng="71.3" air="29.3" spd="87.8" rpm="6860"/></extensions></trkpt>
      <trkpt lat="45.354733" lon="-121.568098"><ele>973.8</ele><time>2026-08-18T22:54:51.000Z</time><extensions><TT:RideData eng="71.1" air="29.3" spd="85.3" rpm="6696"/></extensions></trkpt>
      <trkpt lat="45.356478" lon="-121.568115"><ele>971.0</ele><time>2026-08-18T22:54:59.000Z</time><extensions><TT:RideData eng="71.1" air="29.4" spd="85.4" rpm="6756"/></extensions></trkpt>
      <trkpt lat="45.358243" lon="-121.568058"><ele>967.1</ele><time>2026-08-18T22:55:07.000Z</time><extensions><TT:RideData eng="71.1" air="29.4" spd="88.6" rpm="6963"/></extensions></trkpt>
      <trkpt lat="45.360043" lon="-121.568001"><ele>964.8</ele><time>2026-08-18T22:55:15.000Z</time><extensions><TT:RideData eng="71.4" air="29.4" spd="89.6" rpm="7063"/></extensions></trkpt>
      <trkpt lat="45.361888" lon="-121.567915"><ele>970.4</ele><time>2026-08-18T22:55:23.000Z</time><extensions><TT:RideData eng="71.8" air="29.9" spd="88.2" rpm="6937"/></extensions></trkpt>
      <trkpt lat="45.363666" lon="-121.567830"><ele>978.3</ele><time>2026-08-18T22:55:31.000Z</time><extensions><TT:RideData eng="72.0" air="30.0" spd="87.3" rpm="6879"/></extensions></trkpt>
      <trkpt lat="45.365468" lon="-121.567745"><ele>986.0</ele><time>2026-08-18T22:55:39.000Z</time><extensions><TT:RideData eng="72.4" air="30.5" spd="85.5" rpm="6753"/></extensions></trkpt>
      <trkpt lat="45.367221" lon="-121.567655"><ele>989.9</ele><time>2026-08-18T22:55:47.000Z</time><extensions><TT:RideData eng="72.6" air="30.3" spd="86.9" rpm="6865"/></extensions></trkpt>
      <trkpt lat="45.369011" lon="-121.567378"><ele>994.0</ele><time>2026-08-18T22:55:55.000Z</time><extensions><TT:RideData eng="72.7" air="30.2" spd="88.1" rpm="6924"/></extensions></trkpt>
      <trkpt lat="45.370766" lon="-121.567034"><ele>995.3</ele><time>2026-08-18T22:56:03.000Z</time><extensions><TT:RideData eng="72.7" air="30.1" spd="84.4" rpm="6650"/></extensions></trkpt>
      <trkpt lat="45.372515" lon="-121.566683"><ele>991.9</ele><time>2026-08-18T22:56:11.000Z</time><extensions><TT:RideData eng="72.9" air="30.2" spd="83.7" rpm="6594"/></extensions></trkpt>
      <trkpt lat="45.374195" lon="-121.566896"><ele>988.5</ele><time>2026-08-18T22:56:19.000Z</time><extensions><TT:RideData eng="73.1" air="30.2" spd="84.1" rpm="6698"/></extensions></trkpt>
      <trkpt lat="45.375888" lon="-121.567295"><ele>988.8</ele><time>2026-08-18T22:56:27.000Z</time><extensions><TT:RideData eng="73.1" air="30.3" spd="85.0" rpm="6704"/></extensions></trkpt>
      <trkpt lat="45.377576" lon="-121.567075"><ele>988.4</ele><time>2026-08-18T22:56:35.000Z</time><extensions><TT:RideData eng="72.9" air="30.4" spd="85.7" rpm="6712"/></extensions></trkpt>
      <trkpt lat="45.379321" lon="-121.567200"><ele>984.4</ele><time>2026-08-18T22:56:43.000Z</time><extensions><TT:RideData eng="72.8" air="30.5" spd="85.6" rpm="6688"/></extensions></trkpt>
      <trkpt lat="45.381050" lon="-121.567490"><ele>981.6</ele><time>2026-08-18T22:56:51.000Z</time><extensions><TT:RideData eng="72.6" air="30.6" spd="86.8" rpm="6776"/></extensions></trkpt>
      <trkpt lat="45.382753" lon="-121.567788"><ele>977.5</ele><time>2026-08-18T22:56:59.000Z</time><extensions><TT:RideData eng="72.6" air="30.3" spd="83.5" rpm="6569"/></extensions></trkpt>
      <trkpt lat="45.384470" lon="-121.568113"><ele>973.0</ele><time>2026-08-18T22:57:07.000Z</time><extensions><TT:RideData eng="72.5" air="30.1" spd="84.1" rpm="6653"/></extensions></trkpt>
      <trkpt lat="45.386203" lon="-121.568430"><ele>969.2</ele><time>2026-08-18T22:57:15.000Z</time><extensions><TT:RideData eng="72.6" air="29.9" spd="84.4" rpm="6650"/></extensions></trkpt>
      <trkpt lat="45.387913" lon="-121.568753"><ele>967.1</ele><time>2026-08-18T22:57:23.000Z</time><extensions><TT:RideData eng="73.0" air="29.7" spd="84.7" rpm="6683"/></extensions></trkpt>
      <trkpt lat="45.389625" lon="-121.569110"><ele>964.9</ele><time>2026-08-18T22:57:31.000Z</time><extensions><TT:RideData eng="73.1" air="29.7" spd="83.5" rpm="6570"/></extensions></trkpt>
      <trkpt lat="45.391328" lon="-121.569373"><ele>960.6</ele><time>2026-08-18T22:57:39.000Z</time><extensions><TT:RideData eng="73.2" air="29.5" spd="83.5" rpm="6544"/></extensions></trkpt>
      <trkpt lat="45.393021" lon="-121.569683"><ele>956.8</ele><time>2026-08-18T22:57:47.000Z</time><extensions><TT:RideData eng="73.3" air="29.8" spd="82.2" rpm="6555"/></extensions></trkpt>
      <trkpt lat="45.394681" lon="-121.570050"><ele>953.1</ele><time>2026-08-18T22:57:55.000Z</time><extensions><TT:RideData eng="73.3" air="30.0" spd="81.5" rpm="6445"/></extensions></trkpt>
      <trkpt lat="45.396256" lon="-121.570873"><ele>949.9</ele><time>2026-08-18T22:58:03.000Z</time><extensions><TT:RideData eng="73.6" air="29.9" spd="82.5" rpm="6470"/></extensions></trkpt>
      <trkpt lat="45.397786" lon="-121.571286"><ele>946.2</ele><time>2026-08-18T22:58:11.000Z</time><extensions><TT:RideData eng="73.8" air="29.6" spd="83.0" rpm="6519"/></extensions></trkpt>
      <trkpt lat="45.399343" lon="-121.570473"><ele>943.8</ele><time>2026-08-18T22:58:19.000Z</time><extensions><TT:RideData eng="73.9" air="30.1" spd="80.0" rpm="6316"/></extensions></trkpt>
      <trkpt lat="45.400983" lon="-121.570524"><ele>943.5</ele><time>2026-08-18T22:58:27.000Z</time><extensions><TT:RideData eng="73.9" air="30.3" spd="77.6" rpm="6269"/></extensions></trkpt>
      <trkpt lat="45.402446" lon="-121.569798"><ele>944.4</ele><time>2026-08-18T22:58:35.000Z</time><extensions><TT:RideData eng="74.0" air="30.0" spd="82.5" rpm="6687"/></extensions></trkpt>
      <trkpt lat="45.404103" lon="-121.569818"><ele>946.8</ele><time>2026-08-18T22:58:43.000Z</time><extensions><TT:RideData eng="73.9" air="30.3" spd="81.1" rpm="6317"/></extensions></trkpt>
      <trkpt lat="45.405750" lon="-121.569803"><ele>945.9</ele><time>2026-08-18T22:58:51.000Z</time><extensions><TT:RideData eng="73.6" air="30.2" spd="82.7" rpm="6459"/></extensions></trkpt>
      <trkpt lat="45.407421" lon="-121.569773"><ele>943.6</ele><time>2026-08-18T22:58:59.000Z</time><extensions><TT:RideData eng="73.3" air="29.9" spd="81.4" rpm="6372"/></extensions></trkpt>
      <trkpt lat="45.409056" lon="-121.569978"><ele>941.1</ele><time>2026-08-18T22:59:07.000Z</time><extensions><TT:RideData eng="73.3" air="30.1" spd="82.5" rpm="6448"/></extensions></trkpt>
      <trkpt lat="45.410566" lon="-121.570734"><ele>937.2</ele><time>2026-08-18T22:59:15.000Z</time><extensions><TT:RideData eng="73.5" air="29.6" spd="79.2" rpm="6297"/></extensions></trkpt>
      <trkpt lat="45.412211" lon="-121.571001"><ele>929.4</ele><time>2026-08-18T22:59:23.000Z</time><extensions><TT:RideData eng="73.4" air="29.3" spd="78.3" rpm="6152"/></extensions></trkpt>
      <trkpt lat="45.413786" lon="-121.570846"><ele>920.9</ele><time>2026-08-18T22:59:31.000Z</time><extensions><TT:RideData eng="73.4" air="29.3" spd="82.3" rpm="6554"/></extensions></trkpt>
      <trkpt lat="45.415301" lon="-121.569961"><ele>912.8</ele><time>2026-08-18T22:59:39.000Z</time><extensions><TT:RideData eng="73.3" air="29.4" spd="77.7" rpm="6229"/></extensions></trkpt>
      <trkpt lat="45.416900" lon="-121.570225"><ele>906.3</ele><time>2026-08-18T22:59:47.000Z</time><extensions><TT:RideData eng="73.2" air="29.6" spd="81.4" rpm="6404"/></extensions></trkpt>
      <trkpt lat="45.418493" lon="-121.569981"><ele>902.2</ele><time>2026-08-18T22:59:55.000Z</time><extensions><TT:RideData eng="73.4" air="29.7" spd="55.2" rpm="3745"/></extensions></trkpt>
      <trkpt lat="45.418933" lon="-121.569975"><ele>895.5</ele><time>2026-08-18T23:00:03.000Z</time><extensions><TT:RideData eng="74.5" air="29.9" spd="5.2" rpm="1955"/></extensions></trkpt>
      <trkpt lat="45.418940" lon="-121.570001"><ele>891.4</ele><time>2026-08-18T23:00:11.000Z</time><extensions><TT:RideData eng="75.8" air="30.3" spd="0.0" rpm="1938"/></extensions></trkpt>
      <trkpt lat="45.418940" lon="-121.570001"><ele>891.4</ele><time>2026-08-18T23:00:19.000Z</time><extensions><TT:RideData eng="77.2" air="30.6" spd="0.0" rpm="1929"/></extensions></trkpt>
      <trkpt lat="45.418940" lon="-121.570001"><ele>891.4</ele><time>2026-08-18T23:00:27.000Z</time><extensions><TT:RideData eng="77.7" air="30.7" spd="0.0" rpm="1909"/></extensions></trkpt>
      <trkpt lat="45.418940" lon="-121.570001"><ele>891.4</ele><time>2026-08-18T23:00:35.000Z</time><extensions><TT:RideData eng="78.0" air="31.0" spd="0.0" rpm="2063"/></extensions></trkpt>
      <trkpt lat="45.418940" lon="-121.570003"><ele>891.4</ele><time>2026-08-18T23:00:43.000Z</time><extensions><TT:RideData eng="78.4" air="31.2" spd="10.7" rpm="3819"/></extensions></trkpt>
      <trkpt lat="45.419210" lon="-121.570726"><ele>890.5</ele><time>2026-08-18T23:00:51.000Z</time><extensions><TT:RideData eng="78.9" air="31.2" spd="46.8" rpm="5322"/></extensions></trkpt>
      <trkpt lat="45.420411" lon="-121.570845"><ele>889.9</ele><time>2026-08-18T23:00:59.000Z</time><extensions><TT:RideData eng="80.1" air="30.8" spd="61.0" rpm="5549"/></extensions></trkpt>
      <trkpt lat="45.421620" lon="-121.571515"><ele>889.8</ele><time>2026-08-18T23:01:07.000Z</time><extensions><TT:RideData eng="80.1" air="30.3" spd="66.4" rpm="5954"/></extensions></trkpt>
      <trkpt lat="45.422215" lon="-121.572978"><ele>889.8</ele><time>2026-08-18T23:01:15.000Z</time><extensions><TT:RideData eng="79.5" air="30.6" spd="57.9" rpm="5210"/></extensions></trkpt>
      <trkpt lat="45.422533" lon="-121.574103"><ele>890.3</ele><time>2026-08-18T23:01:23.000Z</time><extensions><TT:RideData eng="79.2" air="30.3" spd="57.8" rpm="5511"/></extensions></trkpt>
      <trkpt lat="45.423566" lon="-121.575203"><ele>890.2</ele><time>2026-08-18T23:01:31.000Z</time><extensions><TT:RideData eng="78.8" air="29.4" spd="71.6" rpm="5609"/></extensions></trkpt>
      <trkpt lat="45.424553" lon="-121.576646"><ele>889.1</ele><time>2026-08-18T23:01:39.000Z</time><extensions><TT:RideData eng="78.1" air="29.4" spd="67.2" rpm="5489"/></extensions></trkpt>
      <trkpt lat="45.424306" lon="-121.578598"><ele>894.3</ele><time>2026-08-18T23:01:47.000Z</time><extensions><TT:RideData eng="77.9" air="30.0" spd="58.1" rpm="4479"/></extensions></trkpt>
      <trkpt lat="45.424055" lon="-121.579758"><ele>897.6</ele><time>2026-08-18T23:01:55.000Z</time><extensions><TT:RideData eng="77.6" air="29.7" spd="58.2" rpm="5469"/></extensions></trkpt>
      <trkpt lat="45.424910" lon="-121.579678"><ele>899.5</ele><time>2026-08-18T23:02:03.000Z</time><extensions><TT:RideData eng="77.7" air="29.6" spd="76.3" rpm="6024"/></extensions></trkpt>
      <trkpt lat="45.427100" lon="-121.579098"><ele>903.2</ele><time>2026-08-18T23:02:11.000Z</time><extensions><TT:RideData eng="78.0" air="29.7" spd="69.0" rpm="5118"/></extensions></trkpt>
      <trkpt lat="45.427916" lon="-121.579390"><ele>908.7</ele><time>2026-08-18T23:02:19.000Z</time><extensions><TT:RideData eng="77.7" air="29.8" spd="53.0" rpm="5035"/></extensions></trkpt>
      <trkpt lat="45.427421" lon="-121.580775"><ele>915.2</ele><time>2026-08-18T23:02:27.000Z</time><extensions><TT:RideData eng="77.7" air="29.5" spd="53.2" rpm="4972"/></extensions></trkpt>
      <trkpt lat="45.428261" lon="-121.581789"><ele>918.6</ele><time>2026-08-18T23:02:35.000Z</time><extensions><TT:RideData eng="77.9" air="29.1" spd="69.1" rpm="5614"/></extensions></trkpt>
      <trkpt lat="45.429871" lon="-121.582105"><ele>923.8</ele><time>2026-08-18T23:02:43.000Z</time><extensions><TT:RideData eng="77.7" air="29.1" spd="74.5" rpm="5945"/></extensions></trkpt>
      <trkpt lat="45.431266" lon="-121.582936"><ele>928.6</ele><time>2026-08-18T23:02:51.000Z</time><extensions><TT:RideData eng="77.4" air="28.9" spd="63.4" rpm="5071"/></extensions></trkpt>
      <trkpt lat="45.432068" lon="-121.584353"><ele>932.1</ele><time>2026-08-18T23:02:59.000Z</time><extensions><TT:RideData eng="77.1" air="28.7" spd="62.4" rpm="4918"/></extensions></trkpt>
      <trkpt lat="45.432653" lon="-121.585621"><ele>938.4</ele><time>2026-08-18T23:03:07.000Z</time><extensions><TT:RideData eng="77.0" air="29.0" spd="59.9" rpm="4809"/></extensions></trkpt>
      <trkpt lat="45.431413" lon="-121.586158"><ele>944.4</ele><time>2026-08-18T23:03:15.000Z</time><extensions><TT:RideData eng="77.2" air="29.5" spd="75.6" rpm="6028"/></extensions></trkpt>
      <trkpt lat="45.429795" lon="-121.585513"><ele>948.8</ele><time>2026-08-18T23:03:23.000Z</time><extensions><TT:RideData eng="77.4" air="29.7" spd="65.1" rpm="5186"/></extensions></trkpt>
      <trkpt lat="45.428473" lon="-121.585334"><ele>953.1</ele><time>2026-08-18T23:03:31.000Z</time><extensions><TT:RideData eng="77.2" air="29.5" spd="65.8" rpm="5260"/></extensions></trkpt>
      <trkpt lat="45.427345" lon="-121.586420"><ele>958.8</ele><time>2026-08-18T23:03:39.000Z</time><extensions><TT:RideData eng="77.0" air="29.6" spd="74.1" rpm="6022"/></extensions></trkpt>
      <trkpt lat="45.425971" lon="-121.587413"><ele>964.6</ele><time>2026-08-18T23:03:47.000Z</time><extensions><TT:RideData eng="77.1" air="29.8" spd="77.8" rpm="6227"/></extensions></trkpt>
      <trkpt lat="45.424760" lon="-121.588568"><ele>977.8</ele><time>2026-08-18T23:03:55.000Z</time><extensions><TT:RideData eng="77.3" air="29.9" spd="73.9" rpm="5558"/></extensions></trkpt>
      <trkpt lat="45.424123" lon="-121.589965"><ele>989.4</ele><time>2026-08-18T23:04:03.000Z</time><extensions><TT:RideData eng="77.1" air="30.0" spd="43.0" rpm="4079"/></extensions></trkpt>
      <trkpt lat="45.424710" lon="-121.590670"><ele>998.8</ele><time>2026-08-18T23:04:11.000Z</time><extensions><TT:RideData eng="76.8" air="29.8" spd="41.8" rpm="4532"/></extensions></trkpt>
      <trkpt lat="45.425273" lon="-121.591380"><ele>1004.6</ele><time>2026-08-18T23:04:19.000Z</time><extensions><TT:RideData eng="77.1" air="29.9" spd="26.0" rpm="2798"/></extensions></trkpt>
      <trkpt lat="45.425560" lon="-121.592060"><ele>1009.5</ele><time>2026-08-18T23:04:27.000Z</time><extensions><TT:RideData eng="77.7" air="30.2" spd="33.3" rpm="3649"/></extensions></trkpt>
      <trkpt lat="45.425485" lon="-121.593076"><ele>1014.1</ele><time>2026-08-18T23:04:35.000Z</time><extensions><TT:RideData eng="78.2" air="30.1" spd="40.7" rpm="4421"/></extensions></trkpt>
      <trkpt lat="45.426185" lon="-121.593753"><ele>1018.7</ele><time>2026-08-18T23:04:43.000Z</time><extensions><TT:RideData eng="78.4" air="29.9" spd="54.7" rpm="4991"/></extensions></trkpt>
      <trkpt lat="45.427301" lon="-121.593466"><ele>1025.3</ele><time>2026-08-18T23:04:51.000Z</time><extensions><TT:RideData eng="78.0" air="29.6" spd="47.7" rpm="4274"/></extensions></trkpt>
      <trkpt lat="45.428171" lon="-121.593659"><ele>1030.9</ele><time>2026-08-18T23:04:59.000Z</time><extensions><TT:RideData eng="77.3" air="29.4" spd="52.9" rpm="4740"/></extensions></trkpt>
      <trkpt lat="45.428710" lon="-121.594675"><ele>1036.3</ele><time>2026-08-18T23:05:07.000Z</time><extensions><TT:RideData eng="77.0" air="29.5" spd="51.1" rpm="4631"/></extensions></trkpt>
      <trkpt lat="45.428928" lon="-121.595836"><ele>1041.2</ele><time>2026-08-18T23:05:15.000Z</time><extensions><TT:RideData eng="77.0" air="29.6" spd="51.4" rpm="4401"/></extensions></trkpt>
      <trkpt lat="45.429110" lon="-121.596638"><ele>1045.3</ele><time>2026-08-18T23:05:23.000Z</time><extensions><TT:RideData eng="76.8" air="29.6" spd="49.0" rpm="4415"/></extensions></trkpt>
      <trkpt lat="45.429731" lon="-121.595320"><ele>1048.7</ele><time>2026-08-18T23:05:31.000Z</time><extensions><TT:RideData eng="76.2" air="29.6" spd="55.2" rpm="5066"/></extensions></trkpt>
      <trkpt lat="45.431070" lon="-121.595203"><ele>1054.5</ele><time>2026-08-18T23:05:39.000Z</time><extensions><TT:RideData eng="75.7" air="29.7" spd="63.9" rpm="5659"/></extensions></trkpt>
      <trkpt lat="45.432068" lon="-121.596275"><ele>1058.9</ele><time>2026-08-18T23:05:47.000Z</time><extensions><TT:RideData eng="75.4" air="29.6" spd="69.0" rpm="5450"/></extensions></trkpt>
      <trkpt lat="45.432998" lon="-121.597581"><ele>1061.9</ele><time>2026-08-18T23:05:55.000Z</time><extensions><TT:RideData eng="74.8" air="29.4" spd="68.1" rpm="5363"/></extensions></trkpt>
      <trkpt lat="45.434340" lon="-121.597403"><ele>1065.7</ele><time>2026-08-18T23:06:03.000Z</time><extensions><TT:RideData eng="73.8" air="28.9" spd="71.5" rpm="5596"/></extensions></trkpt>
      <trkpt lat="45.435766" lon="-121.596811"><ele>1069.1</ele><time>2026-08-18T23:06:11.000Z</time><extensions><TT:RideData eng="72.9" air="28.2" spd="75.4" rpm="5963"/></extensions></trkpt>
      <trkpt lat="45.437336" lon="-121.596390"><ele>1069.5</ele><time>2026-08-18T23:06:19.000Z</time><extensions><TT:RideData eng="72.1" air="27.9" spd="74.5" rpm="5812"/></extensions></trkpt>
      <trkpt lat="45.438976" lon="-121.596096"><ele>1064.3</ele><time>2026-08-18T23:06:27.000Z</time><extensions><TT:RideData eng="71.5" air="27.9" spd="77.5" rpm="6039"/></extensions></trkpt>
      <trkpt lat="45.440410" lon="-121.595496"><ele>1059.6</ele><time>2026-08-18T23:06:35.000Z</time><extensions><TT:RideData eng="71.2" air="27.9" spd="76.6" rpm="5756"/></extensions></trkpt>
      <trkpt lat="45.441661" lon="-121.594776"><ele>1056.9</ele><time>2026-08-18T23:06:43.000Z</time><extensions><TT:RideData eng="70.9" air="28.0" spd="57.5" rpm="4544"/></extensions></trkpt>
      <trkpt lat="45.442641" lon="-121.595240"><ele>1056.0</ele><time>2026-08-18T23:06:51.000Z</time><extensions><TT:RideData eng="70.7" air="28.4" spd="65.1" rpm="5130"/></extensions></trkpt>
      <trkpt lat="45.443553" lon="-121.596025"><ele>1055.6</ele><time>2026-08-18T23:06:59.000Z</time><extensions><TT:RideData eng="70.6" air="28.6" spd="69.6" rpm="5527"/></extensions></trkpt>
      <trkpt lat="45.444926" lon="-121.596601"><ele>1052.4</ele><time>2026-08-18T23:07:07.000Z</time><extensions><TT:RideData eng="70.5" air="29.0" spd="77.7" rpm="6062"/></extensions></trkpt>
      <trkpt lat="45.446453" lon="-121.597233"><ele>1042.3</ele><time>2026-08-18T23:07:15.000Z</time><extensions><TT:RideData eng="70.5" air="29.0" spd="75.3" rpm="5901"/></extensions></trkpt>
      <trkpt lat="45.447856" lon="-121.597166"><ele>1034.8</ele><time>2026-08-18T23:07:23.000Z</time><extensions><TT:RideData eng="70.5" air="29.5" spd="75.4" rpm="5909"/></extensions></trkpt>
      <trkpt lat="45.449283" lon="-121.597396"><ele>1020.0</ele><time>2026-08-18T23:07:31.000Z</time><extensions><TT:RideData eng="70.6" air="29.8" spd="60.1" rpm="4732"/></extensions></trkpt>
      <trkpt lat="45.450173" lon="-121.597810"><ele>1006.0</ele><time>2026-08-18T23:07:39.000Z</time><extensions><TT:RideData eng="70.8" air="29.9" spd="72.5" rpm="5755"/></extensions></trkpt>
      <trkpt lat="45.451611" lon="-121.596816"><ele>975.4</ele><time>2026-08-18T23:07:47.000Z</time><extensions><TT:RideData eng="71.1" air="29.8" spd="76.0" rpm="5986"/></extensions></trkpt>
      <trkpt lat="45.453163" lon="-121.596658"><ele>958.1</ele><time>2026-08-18T23:07:55.000Z</time><extensions><TT:RideData eng="71.0" air="29.7" spd="77.2" rpm="6020"/></extensions></trkpt>
      <trkpt lat="45.454675" lon="-121.596886"><ele>944.7</ele><time>2026-08-18T23:08:03.000Z</time><extensions><TT:RideData eng="70.8" air="29.3" spd="60.2" rpm="4656"/></extensions></trkpt>
      <trkpt lat="45.455136" lon="-121.597818"><ele>936.6</ele><time>2026-08-18T23:08:11.000Z</time><extensions><TT:RideData eng="70.7" air="29.4" spd="58.4" rpm="4588"/></extensions></trkpt>
      <trkpt lat="45.454363" lon="-121.598866"><ele>927.9</ele><time>2026-08-18T23:08:19.000Z</time><extensions><TT:RideData eng="71.1" air="29.1" spd="40.3" rpm="3639"/></extensions></trkpt>
      <trkpt lat="45.454431" lon="-121.599638"><ele>917.9</ele><time>2026-08-18T23:08:27.000Z</time><extensions><TT:RideData eng="71.1" air="28.9" spd="62.4" rpm="4887"/></extensions></trkpt>
      <trkpt lat="45.455738" lon="-121.599225"><ele>908.3</ele><time>2026-08-18T23:08:35.000Z</time><extensions><TT:RideData eng="71.1" air="28.9" spd="68.2" rpm="5308"/></extensions></trkpt>
      <trkpt lat="45.456690" lon="-121.597578"><ele>886.3</ele><time>2026-08-18T23:08:43.000Z</time><extensions><TT:RideData eng="70.9" air="29.3" spd="58.7" rpm="4648"/></extensions></trkpt>
      <trkpt lat="45.457970" lon="-121.597550"><ele>876.7</ele><time>2026-08-18T23:08:51.000Z</time><extensions><TT:RideData eng="70.8" air="29.0" spd="70.9" rpm="5590"/></extensions></trkpt>
      <trkpt lat="45.459413" lon="-121.598026"><ele>865.7</ele><time>2026-08-18T23:08:59.000Z</time><extensions><TT:RideData eng="70.9" air="29.4" spd="64.6" rpm="5060"/></extensions></trkpt>
      <trkpt lat="45.460603" lon="-121.597301"><ele>854.0</ele><time>2026-08-18T23:09:07.000Z</time><extensions><TT:RideData eng="70.9" air="29.4" spd="78.7" rpm="6292"/></extensions></trkpt>
      <trkpt lat="45.460848" lon="-121.594938"><ele>841.4</ele><time>2026-08-18T23:09:15.000Z</time><extensions><TT:RideData eng="70.9" air="29.0" spd="66.6" rpm="5238"/></extensions></trkpt>
      <trkpt lat="45.461651" lon="-121.593308"><ele>833.3</ele><time>2026-08-18T23:09:23.000Z</time><extensions><TT:RideData eng="70.6" air="28.8" spd="57.3" rpm="4241"/></extensions></trkpt>
      <trkpt lat="45.461945" lon="-121.591775"><ele>825.7</ele><time>2026-08-18T23:09:31.000Z</time><extensions><TT:RideData eng="70.2" air="29.1" spd="64.2" rpm="5146"/></extensions></trkpt>
      <trkpt lat="45.460955" lon="-121.590193"><ele>818.9</ele><time>2026-08-18T23:09:39.000Z</time><extensions><TT:RideData eng="70.1" air="29.6" spd="66.1" rpm="5214"/></extensions></trkpt>
      <trkpt lat="45.461253" lon="-121.588605"><ele>812.5</ele><time>2026-08-18T23:09:47.000Z</time><extensions><TT:RideData eng="70.1" air="30.2" spd="74.6" rpm="6066"/></extensions></trkpt>
      <trkpt lat="45.462676" lon="-121.587488"><ele>807.5</ele><time>2026-08-18T23:09:55.000Z</time><extensions><TT:RideData eng="70.6" air="30.6" spd="76.5" rpm="5803"/></extensions></trkpt>
      <trkpt lat="45.464118" lon="-121.586968"><ele>803.1</ele><time>2026-08-18T23:10:03.000Z</time><extensions><TT:RideData eng="70.7" air="30.9" spd="73.5" rpm="5728"/></extensions></trkpt>
      <trkpt lat="45.465361" lon="-121.588124"><ele>800.4</ele><time>2026-08-18T23:10:11.000Z</time><extensions><TT:RideData eng="70.8" air="30.6" spd="64.5" rpm="4809"/></extensions></trkpt>
      <trkpt lat="45.466231" lon="-121.589486"><ele>795.1</ele><time>2026-08-18T23:10:19.000Z</time><extensions><TT:RideData eng="70.3" air="30.0" spd="68.3" rpm="5406"/></extensions></trkpt>
      <trkpt lat="45.467378" lon="-121.588550"><ele>790.3</ele><time>2026-08-18T23:10:27.000Z</time><extensions><TT:RideData eng="70.0" air="29.2" spd="77.2" rpm="6056"/></extensions></trkpt>
      <trkpt lat="45.468893" lon="-121.587038"><ele>789.9</ele><time>2026-08-18T23:10:35.000Z</time><extensions><TT:RideData eng="69.8" air="29.7" spd="80.8" rpm="6342"/></extensions></trkpt>
      <trkpt lat="45.470385" lon="-121.585583"><ele>770.2</ele><time>2026-08-18T23:10:43.000Z</time><extensions><TT:RideData eng="69.8" air="30.4" spd="82.3" rpm="6396"/></extensions></trkpt>
      <trkpt lat="45.471806" lon="-121.584391"><ele>761.3</ele><time>2026-08-18T23:10:51.000Z</time><extensions><TT:RideData eng="70.0" air="30.7" spd="69.9" rpm="5219"/></extensions></trkpt>
      <trkpt lat="45.472946" lon="-121.583779"><ele>752.8</ele><time>2026-08-18T23:10:59.000Z</time><extensions><TT:RideData eng="69.8" air="30.6" spd="59.8" rpm="4690"/></extensions></trkpt>
      <trkpt lat="45.473075" lon="-121.584253"><ele>747.4</ele><time>2026-08-18T23:11:07.000Z</time><extensions><TT:RideData eng="70.0" air="30.8" spd="52.4" rpm="3926"/></extensions></trkpt>
      <trkpt lat="45.473266" lon="-121.585025"><ele>740.8</ele><time>2026-08-18T23:11:15.000Z</time><extensions><TT:RideData eng="70.2" air="30.4" spd="56.4" rpm="4474"/></extensions></trkpt>
      <trkpt lat="45.474060" lon="-121.586585"><ele>734.9</ele><time>2026-08-18T23:11:23.000Z</time><extensions><TT:RideData eng="70.3" air="30.7" spd="59.9" rpm="4709"/></extensions></trkpt>
      <trkpt lat="45.474176" lon="-121.588264"><ele>725.4</ele><time>2026-08-18T23:11:31.000Z</time><extensions><TT:RideData eng="70.6" air="31.1" spd="55.3" rpm="4376"/></extensions></trkpt>
      <trkpt lat="45.475293" lon="-121.588021"><ele>716.4</ele><time>2026-08-18T23:11:39.000Z</time><extensions><TT:RideData eng="70.6" air="30.9" spd="69.6" rpm="5559"/></extensions></trkpt>
      <trkpt lat="45.476861" lon="-121.587858"><ele>708.2</ele><time>2026-08-18T23:11:47.000Z</time><extensions><TT:RideData eng="70.6" air="30.9" spd="84.0" rpm="6524"/></extensions></trkpt>
      <trkpt lat="45.478533" lon="-121.587386"><ele>697.2</ele><time>2026-08-18T23:11:55.000Z</time><extensions><TT:RideData eng="71.0" air="31.2" spd="75.9" rpm="5926"/></extensions></trkpt>
      <trkpt lat="45.480036" lon="-121.586904"><ele>688.1</ele><time>2026-08-18T23:12:03.000Z</time><extensions><TT:RideData eng="71.1" air="31.4" spd="77.4" rpm="6076"/></extensions></trkpt>
      <trkpt lat="45.481541" lon="-121.586429"><ele>680.4</ele><time>2026-08-18T23:12:11.000Z</time><extensions><TT:RideData eng="71.1" air="31.4" spd="73.1" rpm="5739"/></extensions></trkpt>
      <trkpt lat="45.483075" lon="-121.586101"><ele>672.7</ele><time>2026-08-18T23:12:19.000Z</time><extensions><TT:RideData eng="71.3" air="31.5" spd="78.7" rpm="6159"/></extensions></trkpt>
      <trkpt lat="45.484633" lon="-121.586578"><ele>665.8</ele><time>2026-08-18T23:12:27.000Z</time><extensions><TT:RideData eng="71.3" air="31.4" spd="77.3" rpm="6001"/></extensions></trkpt>
      <trkpt lat="45.486255" lon="-121.586621"><ele>657.6</ele><time>2026-08-18T23:12:35.000Z</time><extensions><TT:RideData eng="71.2" air="31.1" spd="80.8" rpm="6333"/></extensions></trkpt>
      <trkpt lat="45.487858" lon="-121.586588"><ele>655.1</ele><time>2026-08-18T23:12:43.000Z</time><extensions><TT:RideData eng="71.2" air="31.2" spd="80.3" rpm="6304"/></extensions></trkpt>
      <trkpt lat="45.489463" lon="-121.586561"><ele>643.0</ele><time>2026-08-18T23:12:51.000Z</time><extensions><TT:RideData eng="71.1" air="31.5" spd="79.5" rpm="6199"/></extensions></trkpt>
      <trkpt lat="45.491066" lon="-121.586535"><ele>635.9</ele><time>2026-08-18T23:12:59.000Z</time><extensions><TT:RideData eng="71.3" air="31.9" spd="74.2" rpm="5737"/></extensions></trkpt>
      <trkpt lat="45.492520" lon="-121.586541"><ele>620.3</ele><time>2026-08-18T23:13:07.000Z</time><extensions><TT:RideData eng="71.2" air="31.9" spd="68.9" rpm="5185"/></extensions></trkpt>
      <trkpt lat="45.493641" lon="-121.586540"><ele>609.9</ele><time>2026-08-18T23:13:15.000Z</time><extensions><TT:RideData eng="71.1" air="31.6" spd="33.3" rpm="2084"/></extensions></trkpt>
      <trkpt lat="45.493856" lon="-121.586470"><ele>611.6</ele><time>2026-08-18T23:13:23.000Z</time><extensions><TT:RideData eng="71.6" air="31.5" spd="0.0" rpm="2019"/></extensions></trkpt>
      <trkpt lat="45.493976" lon="-121.586515"><ele>618.8</ele><time>2026-08-18T23:18:36.000Z</time><extensions><TT:RideData eng="69.4" air="32.2" spd="20.6" rpm="5587"/></extensions></trkpt>
      <trkpt lat="45.494635" lon="-121.586554"><ele>609.3</ele><time>2026-08-18T23:18:44.000Z</time><extensions><TT:RideData eng="69.3" air="32.2" spd="60.7" rpm="6200"/></extensions></trkpt>
      <trkpt lat="45.496098" lon="-121.586501"><ele>609.2</ele><time>2026-08-18T23:18:52.000Z</time><extensions><TT:RideData eng="69.6" air="32.0" spd="72.2" rpm="5641"/></extensions></trkpt>
      <trkpt lat="45.497675" lon="-121.586491"><ele>608.4</ele><time>2026-08-18T23:19:00.000Z</time><extensions><TT:RideData eng="69.3" air="31.9" spd="79.2" rpm="6229"/></extensions></trkpt>
      <trkpt lat="45.499326" lon="-121.586460"><ele>608.3</ele><time>2026-08-18T23:19:08.000Z</time><extensions><TT:RideData eng="69.1" air="32.0" spd="79.8" rpm="6283"/></extensions></trkpt>
      <trkpt lat="45.500973" lon="-121.586431"><ele>610.0</ele><time>2026-08-18T23:19:16.000Z</time><extensions><TT:RideData eng="69.2" air="32.2" spd="78.6" rpm="6153"/></extensions></trkpt>
      <trkpt lat="45.502646" lon="-121.586448"><ele>609.5</ele><time>2026-08-18T23:19:24.000Z</time><extensions><TT:RideData eng="69.1" air="32.0" spd="80.5" rpm="6290"/></extensions></trkpt>
      <trkpt lat="45.504321" lon="-121.586443"><ele>611.3</ele><time>2026-08-18T23:19:32.000Z</time><extensions><TT:RideData eng="69.0" air="32.1" spd="82.6" rpm="6467"/></extensions></trkpt>
      <trkpt lat="45.506038" lon="-121.586395"><ele>605.1</ele><time>2026-08-18T23:19:40.000Z</time><extensions><TT:RideData eng="69.1" air="32.4" spd="82.6" rpm="6453"/></extensions></trkpt>
      <trkpt lat="45.507573" lon="-121.586306"><ele>600.9</ele><time>2026-08-18T23:19:48.000Z</time><extensions><TT:RideData eng="69.3" air="32.4" spd="67.7" rpm="5260"/></extensions></trkpt>
      <trkpt lat="45.509025" lon="-121.586303"><ele>591.4</ele><time>2026-08-18T23:19:56.000Z</time><extensions><TT:RideData eng="69.6" air="32.5" spd="80.2" rpm="6345"/></extensions></trkpt>
      <trkpt lat="45.510668" lon="-121.586300"><ele>580.5</ele><time>2026-08-18T23:20:04.000Z</time><extensions><TT:RideData eng="69.9" air="32.5" spd="75.7" rpm="5891"/></extensions></trkpt>
      <trkpt lat="45.512055" lon="-121.586335"><ele>569.4</ele><time>2026-08-18T23:20:12.000Z</time><extensions><TT:RideData eng="70.1" air="32.4" spd="68.4" rpm="5349"/></extensions></trkpt>
      <trkpt lat="45.513471" lon="-121.586305"><ele>556.1</ele><time>2026-08-18T23:20:20.000Z</time><extensions><TT:RideData eng="70.3" air="32.6" spd="76.2" rpm="6037"/></extensions></trkpt>
      <trkpt lat="45.515066" lon="-121.586300"><ele>549.1</ele><time>2026-08-18T23:20:28.000Z</time><extensions><TT:RideData eng="70.5" air="32.6" spd="79.1" rpm="6165"/></extensions></trkpt>
      <trkpt lat="45.516626" lon="-121.586305"><ele>543.9</ele><time>2026-08-18T23:20:36.000Z</time><extensions><TT:RideData eng="70.6" air="32.6" spd="74.7" rpm="5905"/></extensions></trkpt>
      <trkpt lat="45.518161" lon="-121.586311"><ele>540.0</ele><time>2026-08-18T23:20:44.000Z</time><extensions><TT:RideData eng="70.7" air="32.7" spd="75.7" rpm="5521"/></extensions></trkpt>
      <trkpt lat="45.519353" lon="-121.586301"><ele>537.1</ele><time>2026-08-18T23:20:52.000Z</time><extensions><TT:RideData eng="70.5" air="32.6" spd="31.2" rpm="2019"/></extensions></trkpt>
      <trkpt lat="45.519670" lon="-121.586255"><ele>537.6</ele><time>2026-08-18T23:21:00.000Z</time><extensions><TT:RideData eng="70.8" air="32.7" spd="21.4" rpm="4800"/></extensions></trkpt>
      <trkpt lat="45.520301" lon="-121.585808"><ele>534.7</ele><time>2026-08-18T23:21:08.000Z</time><extensions><TT:RideData eng="71.5" air="32.7" spd="52.6" rpm="5796"/></extensions></trkpt>
      <trkpt lat="45.521200" lon="-121.584668"><ele>529.7</ele><time>2026-08-18T23:21:16.000Z</time><extensions><TT:RideData eng="71.9" air="32.9" spd="68.0" rpm="5380"/></extensions></trkpt>
      <trkpt lat="45.522041" lon="-121.582905"><ele>524.9</ele><time>2026-08-18T23:21:24.000Z</time><extensions><TT:RideData eng="72.0" air="33.3" spd="80.0" rpm="6266"/></extensions></trkpt>
      <trkpt lat="45.522943" lon="-121.581010"><ele>518.2</ele><time>2026-08-18T23:21:32.000Z</time><extensions><TT:RideData eng="71.9" air="33.1" spd="71.7" rpm="5342"/></extensions></trkpt>
      <trkpt lat="45.524085" lon="-121.580083"><ele>510.8</ele><time>2026-08-18T23:21:40.000Z</time><extensions><TT:RideData eng="71.6" air="33.0" spd="71.5" rpm="5599"/></extensions></trkpt>
      <trkpt lat="45.525520" lon="-121.580053"><ele>502.4</ele><time>2026-08-18T23:21:48.000Z</time><extensions><TT:RideData eng="71.5" air="32.8" spd="69.8" rpm="5491"/></extensions></trkpt>
      <trkpt lat="45.527026" lon="-121.579861"><ele>492.3</ele><time>2026-08-18T23:21:56.000Z</time><extensions><TT:RideData eng="71.3" air="32.6" spd="78.8" rpm="6178"/></extensions></trkpt>
      <trkpt lat="45.528586" lon="-121.579890"><ele>480.2</ele><time>2026-08-18T23:22:04.000Z</time><extensions><TT:RideData eng="71.1" air="32.3" spd="76.6" rpm="5985"/></extensions></trkpt>
      <trkpt lat="45.530098" lon="-121.579650"><ele>466.6</ele><time>2026-08-18T23:22:12.000Z</time><extensions><TT:RideData eng="70.8" air="32.4" spd="77.4" rpm="6049"/></extensions></trkpt>
      <trkpt lat="45.531321" lon="-121.578233"><ele>457.8</ele><time>2026-08-18T23:22:20.000Z</time><extensions><TT:RideData eng="70.7" air="33.1" spd="76.5" rpm="6008"/></extensions></trkpt>
      <trkpt lat="45.531728" lon="-121.576121"><ele>447.3</ele><time>2026-08-18T23:22:28.000Z</time><extensions><TT:RideData eng="70.9" air="33.3" spd="71.9" rpm="5640"/></extensions></trkpt>
      <trkpt lat="45.531923" lon="-121.574065"><ele>444.5</ele><time>2026-08-18T23:22:36.000Z</time><extensions><TT:RideData eng="71.0" air="33.4" spd="67.6" rpm="5386"/></extensions></trkpt>
      <trkpt lat="45.532938" lon="-121.572781"><ele>444.2</ele><time>2026-08-18T23:22:44.000Z</time><extensions><TT:RideData eng="71.0" air="33.3" spd="69.5" rpm="5505"/></extensions></trkpt>
      <trkpt lat="45.534053" lon="-121.571865"><ele>448.9</ele><time>2026-08-18T23:22:52.000Z</time><extensions><TT:RideData eng="71.3" air="33.3" spd="58.0" rpm="4591"/></extensions></trkpt>
      <trkpt lat="45.535251" lon="-121.571633"><ele>451.8</ele><time>2026-08-18T23:23:00.000Z</time><extensions><TT:RideData eng="71.5" air="33.2" spd="63.5" rpm="4745"/></extensions></trkpt>
      <trkpt lat="45.536323" lon="-121.571206"><ele>455.2</ele><time>2026-08-18T23:23:08.000Z</time><extensions><TT:RideData eng="72.1" air="33.4" spd="52.1" rpm="4091"/></extensions></trkpt>
      <trkpt lat="45.537181" lon="-121.570265"><ele>460.0</ele><time>2026-08-18T23:23:16.000Z</time><extensions><TT:RideData eng="72.4" air="33.5" spd="54.4" rpm="4242"/></extensions></trkpt>
      <trkpt lat="45.537961" lon="-121.569213"><ele>464.4</ele><time>2026-08-18T23:23:24.000Z</time><extensions><TT:RideData eng="72.4" air="33.8" spd="50.7" rpm="4562"/></extensions></trkpt>
      <trkpt lat="45.538680" lon="-121.568268"><ele>467.8</ele><time>2026-08-18T23:23:32.000Z</time><extensions><TT:RideData eng="72.8" air="34.0" spd="30.5" rpm="2153"/></extensions></trkpt>
      <trkpt lat="45.538758" lon="-121.568014"><ele>471.8</ele><time>2026-08-18T23:23:40.000Z</time><extensions><TT:RideData eng="73.6" air="34.0" spd="0.0" rpm="1950"/></extensions></trkpt>
      <trkpt lat="45.538765" lon="-121.568028"><ele>472.3</ele><time>2026-08-18T23:23:48.000Z</time><extensions><TT:RideData eng="75.0" air="34.0" spd="0.0" rpm="1956"/></extensions></trkpt>
      <trkpt lat="45.538768" lon="-121.568021"><ele>472.4</ele><time>2026-08-18T23:23:56.000Z</time><extensions><TT:RideData eng="76.3" air="33.9" spd="21.2" rpm="5032"/></extensions></trkpt>
      <trkpt lat="45.539536" lon="-121.567935"><ele>470.4</ele><time>2026-08-18T23:24:04.000Z</time><extensions><TT:RideData eng="77.3" air="33.9" spd="57.0" rpm="5265"/></extensions></trkpt>
      <trkpt lat="45.540930" lon="-121.567943"><ele>467.8</ele><time>2026-08-18T23:24:12.000Z</time><extensions><TT:RideData eng="77.9" air="34.2" spd="74.4" rpm="5868"/></extensions></trkpt>
      <trkpt lat="45.542518" lon="-121.567920"><ele>462.8</ele><time>2026-08-18T23:24:20.000Z</time><extensions><TT:RideData eng="77.2" air="34.2" spd="78.6" rpm="6188"/></extensions></trkpt>
      <trkpt lat="45.544146" lon="-121.567906"><ele>456.8</ele><time>2026-08-18T23:24:28.000Z</time><extensions><TT:RideData eng="76.4" air="34.2" spd="79.4" rpm="6242"/></extensions></trkpt>
      <trkpt lat="45.545738" lon="-121.567888"><ele>452.4</ele><time>2026-08-18T23:24:36.000Z</time><extensions><TT:RideData eng="75.7" air="33.8" spd="76.1" rpm="6046"/></extensions></trkpt>
      <trkpt lat="45.547323" lon="-121.567916"><ele>450.3</ele><time>2026-08-18T23:24:44.000Z</time><extensions><TT:RideData eng="75.2" air="33.7" spd="76.9" rpm="6064"/></extensions></trkpt>
      <trkpt lat="45.548893" lon="-121.567976"><ele>444.2</ele><time>2026-08-18T23:24:52.000Z</time><extensions><TT:RideData eng="74.9" air="33.7" spd="78.2" rpm="6164"/></extensions></trkpt>
      <trkpt lat="45.550503" lon="-121.567996"><ele>440.2</ele><time>2026-08-18T23:25:00.000Z</time><extensions><TT:RideData eng="74.7" air="33.8" spd="77.0" rpm="6075"/></extensions></trkpt>
      <trkpt lat="45.552105" lon="-121.568038"><ele>436.1</ele><time>2026-08-18T23:25:08.000Z</time><extensions><TT:RideData eng="74.4" air="33.8" spd="80.0" rpm="6335"/></extensions></trkpt>
      <trkpt lat="45.553766" lon="-121.568080"><ele>431.2</ele><time>2026-08-18T23:25:16.000Z</time><extensions><TT:RideData eng="74.1" air="33.9" spd="84.0" rpm="6746"/></extensions></trkpt>
      <trkpt lat="45.555453" lon="-121.567975"><ele>425.9</ele><time>2026-08-18T23:25:24.000Z</time><extensions><TT:RideData eng="74.0" air="33.9" spd="80.3" rpm="6351"/></extensions></trkpt>
      <trkpt lat="45.557013" lon="-121.567365"><ele>423.3</ele><time>2026-08-18T23:25:32.000Z</time><extensions><TT:RideData eng="73.8" air="33.8" spd="80.2" rpm="6380"/></extensions></trkpt>
      <trkpt lat="45.558456" lon="-121.566240"><ele>429.7</ele><time>2026-08-18T23:25:40.000Z</time><extensions><TT:RideData eng="73.8" air="33.7" spd="75.7" rpm="5998"/></extensions></trkpt>
      <trkpt lat="45.559656" lon="-121.564856"><ele>437.6</ele><time>2026-08-18T23:25:48.000Z</time><extensions><TT:RideData eng="74.0" air="33.8" spd="79.8" rpm="6397"/></extensions></trkpt>
      <trkpt lat="45.560891" lon="-121.563313"><ele>443.8</ele><time>2026-08-18T23:25:56.000Z</time><extensions><TT:RideData eng="74.3" air="34.0" spd="80.6" rpm="6424"/></extensions></trkpt>
      <trkpt lat="45.562230" lon="-121.561930"><ele>447.6</ele><time>2026-08-18T23:26:04.000Z</time><extensions><TT:RideData eng="74.9" air="34.2" spd="79.9" rpm="6321"/></extensions></trkpt>
      <trkpt lat="45.563726" lon="-121.560873"><ele>452.7</ele><time>2026-08-18T23:26:12.000Z</time><extensions><TT:RideData eng="75.3" air="34.3" spd="77.4" rpm="6135"/></extensions></trkpt>
      <trkpt lat="45.565133" lon="-121.559910"><ele>455.6</ele><time>2026-08-18T23:26:20.000Z</time><extensions><TT:RideData eng="75.0" air="34.2" spd="77.1" rpm="6227"/></extensions></trkpt>
      <trkpt lat="45.566608" lon="-121.558943"><ele>459.5</ele><time>2026-08-18T23:26:28.000Z</time><extensions><TT:RideData eng="75.1" air="34.3" spd="78.8" rpm="6272"/></extensions></trkpt>
      <trkpt lat="45.568021" lon="-121.557993"><ele>463.5</ele><time>2026-08-18T23:26:36.000Z</time><extensions><TT:RideData eng="75.5" air="34.5" spd="76.6" rpm="6154"/></extensions></trkpt>
      <trkpt lat="45.569444" lon="-121.557055"><ele>467.3</ele><time>2026-08-18T23:26:44.000Z</time><extensions><TT:RideData eng="75.5" air="34.4" spd="76.0" rpm="6088"/></extensions></trkpt>
      <trkpt lat="45.570923" lon="-121.556176"><ele>469.1</ele><time>2026-08-18T23:26:52.000Z</time><extensions><TT:RideData eng="75.5" air="34.0" spd="81.7" rpm="6545"/></extensions></trkpt>
      <trkpt lat="45.572495" lon="-121.555535"><ele>473.8</ele><time>2026-08-18T23:27:00.000Z</time><extensions><TT:RideData eng="75.8" air="34.1" spd="79.2" rpm="6354"/></extensions></trkpt>
      <trkpt lat="45.574075" lon="-121.554925"><ele>479.0</ele><time>2026-08-18T23:27:08.000Z</time><extensions><TT:RideData eng="75.9" air="34.0" spd="81.8" rpm="6478"/></extensions></trkpt>
      <trkpt lat="45.575633" lon="-121.554320"><ele>487.7</ele><time>2026-08-18T23:27:16.000Z</time><extensions><TT:RideData eng="76.0" air="33.7" spd="78.1" rpm="6175"/></extensions></trkpt>
      <trkpt lat="45.577141" lon="-121.553740"><ele>492.8</ele><time>2026-08-18T23:27:24.000Z</time><extensions><TT:RideData eng="76.3" air="33.8" spd="78.7" rpm="6330"/></extensions></trkpt>
      <trkpt lat="45.578738" lon="-121.553138"><ele>497.5</ele><time>2026-08-18T23:27:32.000Z</time><extensions><TT:RideData eng="76.4" air="33.8" spd="80.7" rpm="6405"/></extensions></trkpt>
      <trkpt lat="45.580338" lon="-121.552528"><ele>497.9</ele><time>2026-08-18T23:27:40.000Z</time><extensions><TT:RideData eng="76.7" air="34.0" spd="80.3" rpm="6357"/></extensions></trkpt>
      <trkpt lat="45.581886" lon="-121.551691"><ele>495.2</ele><time>2026-08-18T23:27:48.000Z</time><extensions><TT:RideData eng="76.6" air="34.0" spd="80.3" rpm="6166"/></extensions></trkpt>
      <trkpt lat="45.583428" lon="-121.550830"><ele>483.9</ele><time>2026-08-18T23:27:56.000Z</time><extensions><TT:RideData eng="76.0" air="33.8" spd="82.1" rpm="6398"/></extensions></trkpt>
      <trkpt lat="45.585014" lon="-121.550245"><ele>476.6</ele><time>2026-08-18T23:28:04.000Z</time><extensions><TT:RideData eng="75.6" air="34.0" spd="77.9" rpm="6235"/></extensions></trkpt>
      <trkpt lat="45.586605" lon="-121.549958"><ele>479.7</ele><time>2026-08-18T23:28:12.000Z</time><extensions><TT:RideData eng="75.7" air="34.2" spd="79.0" rpm="6265"/></extensions></trkpt>
      <trkpt lat="45.588255" lon="-121.549976"><ele>486.4</ele><time>2026-08-18T23:28:20.000Z</time><extensions><TT:RideData eng="75.8" air="33.8" spd="81.2" rpm="6451"/></extensions></trkpt>
      <trkpt lat="45.589913" lon="-121.550248"><ele>486.6</ele><time>2026-08-18T23:28:28.000Z</time><extensions><TT:RideData eng="76.0" air="33.9" spd="82.8" rpm="6588"/></extensions></trkpt>
      <trkpt lat="45.591571" lon="-121.550576"><ele>488.2</ele><time>2026-08-18T23:28:36.000Z</time><extensions><TT:RideData eng="76.2" air="33.9" spd="81.6" rpm="6419"/></extensions></trkpt>
      <trkpt lat="45.593228" lon="-121.550883"><ele>486.8</ele><time>2026-08-18T23:28:44.000Z</time><extensions><TT:RideData eng="76.1" air="33.8" spd="81.8" rpm="6430"/></extensions></trkpt>
      <trkpt lat="45.594861" lon="-121.550783"><ele>483.1</ele><time>2026-08-18T23:28:52.000Z</time><extensions><TT:RideData eng="76.0" air="34.1" spd="81.2" rpm="6362"/></extensions></trkpt>
      <trkpt lat="45.596328" lon="-121.549571"><ele>477.1</ele><time>2026-08-18T23:29:00.000Z</time><extensions><TT:RideData eng="75.7" air="34.1" spd="80.6" rpm="6358"/></extensions></trkpt>
      <trkpt lat="45.597755" lon="-121.548409"><ele>467.3</ele><time>2026-08-18T23:29:08.000Z</time><extensions><TT:RideData eng="75.3" air="33.7" spd="80.0" rpm="6318"/></extensions></trkpt>
      <trkpt lat="45.599315" lon="-121.547458"><ele>455.6</ele><time>2026-08-18T23:29:16.000Z</time><extensions><TT:RideData eng="74.9" air="33.8" spd="81.2" rpm="6357"/></extensions></trkpt>
      <trkpt lat="45.600586" lon="-121.546093"><ele>440.0</ele><time>2026-08-18T23:29:24.000Z</time><extensions><TT:RideData eng="74.6" air="34.0" spd="80.0" rpm="6348"/></extensions></trkpt>
      <trkpt lat="45.601286" lon="-121.543950"><ele>426.4</ele><time>2026-08-18T23:29:32.000Z</time><extensions><TT:RideData eng="74.3" air="33.9" spd="81.5" rpm="6405"/></extensions></trkpt>
      <trkpt lat="45.601818" lon="-121.541735"><ele>413.3</ele><time>2026-08-18T23:29:40.000Z</time><extensions><TT:RideData eng="74.2" air="33.9" spd="80.4" rpm="6380"/></extensions></trkpt>
      <trkpt lat="45.602566" lon="-121.539596"><ele>400.1</ele><time>2026-08-18T23:29:48.000Z</time><extensions><TT:RideData eng="74.1" air="33.8" spd="83.3" rpm="6572"/></extensions></trkpt>
      <trkpt lat="45.603668" lon="-121.537773"><ele>390.2</ele><time>2026-08-18T23:29:56.000Z</time><extensions><TT:RideData eng="74.3" air="33.9" spd="82.9" rpm="6510"/></extensions></trkpt>
      <trkpt lat="45.605021" lon="-121.536355"><ele>381.7</ele><time>2026-08-18T23:30:04.000Z</time><extensions><TT:RideData eng="74.3" air="33.8" spd="73.2" rpm="5439"/></extensions></trkpt>
      <trkpt lat="45.606150" lon="-121.535666"><ele>376.3</ele><time>2026-08-18T23:30:12.000Z</time><extensions><TT:RideData eng="73.9" air="33.7" spd="27.4" rpm="2135"/></extensions></trkpt>
      <trkpt lat="45.606186" lon="-121.536745"><ele>372.5</ele><time>2026-08-18T23:30:20.000Z</time><extensions><TT:RideData eng="74.2" air="33.8" spd="66.3" rpm="6222"/></extensions></trkpt>
      <trkpt lat="45.606165" lon="-121.538933"><ele>369.0</ele><time>2026-08-18T23:30:28.000Z</time><extensions><TT:RideData eng="75.1" air="33.9" spd="71.9" rpm="5584"/></extensions></trkpt>
      <trkpt lat="45.606410" lon="-121.540956"><ele>365.6</ele><time>2026-08-18T23:30:36.000Z</time><extensions><TT:RideData eng="75.3" air="34.0" spd="70.8" rpm="5533"/></extensions></trkpt>
      <trkpt lat="45.606583" lon="-121.543026"><ele>361.6</ele><time>2026-08-18T23:30:44.000Z</time><extensions><TT:RideData eng="75.5" air="34.4" spd="81.1" rpm="6295"/></extensions></trkpt>
      <trkpt lat="45.606153" lon="-121.545251"><ele>354.1</ele><time>2026-08-18T23:30:52.000Z</time><extensions><TT:RideData eng="75.9" air="34.6" spd="82.9" rpm="6492"/></extensions></trkpt>
      <trkpt lat="45.606166" lon="-121.547646"><ele>340.8</ele><time>2026-08-18T23:31:00.000Z</time><extensions><TT:RideData eng="75.8" air="34.9" spd="76.9" rpm="5737"/></extensions></trkpt>
      <trkpt lat="45.606181" lon="-121.549818"><ele>330.2</ele><time>2026-08-18T23:31:08.000Z</time><extensions><TT:RideData eng="75.5" air="35.1" spd="78.2" rpm="6105"/></extensions></trkpt>
      <trkpt lat="45.606188" lon="-121.552063"><ele>319.5</ele><time>2026-08-18T23:31:16.000Z</time><extensions><TT:RideData eng="75.7" air="35.3" spd="74.0" rpm="5844"/></extensions></trkpt>
      <trkpt lat="45.606193" lon="-121.554238"><ele>315.8</ele><time>2026-08-18T23:31:24.000Z</time><extensions><TT:RideData eng="76.0" air="35.3" spd="66.8" rpm="4979"/></extensions></trkpt>
      <trkpt lat="45.606288" lon="-121.555590"><ele>311.0</ele><time>2026-08-18T23:31:32.000Z</time><extensions><TT:RideData eng="76.3" air="35.1" spd="28.2" rpm="3264"/></extensions></trkpt>
      <trkpt lat="45.607098" lon="-121.555583"><ele>306.3</ele><time>2026-08-18T23:31:40.000Z</time><extensions><TT:RideData eng="76.9" air="34.7" spd="57.9" rpm="6349"/></extensions></trkpt>
      <trkpt lat="45.608368" lon="-121.555493"><ele>301.9</ele><time>2026-08-18T23:31:48.000Z</time><extensions><TT:RideData eng="77.5" air="34.8" spd="68.2" rpm="6115"/></extensions></trkpt>
      <trkpt lat="45.609798" lon="-121.555401"><ele>295.3</ele><time>2026-08-18T23:31:56.000Z</time><extensions><TT:RideData eng="77.6" air="35.1" spd="73.0" rpm="5797"/></extensions></trkpt>
      <trkpt lat="45.611325" lon="-121.555341"><ele>290.7</ele><time>2026-08-18T23:32:04.000Z</time><extensions><TT:RideData eng="77.6" air="34.8" spd="73.3" rpm="5782"/></extensions></trkpt>
      <trkpt lat="45.612801" lon="-121.555805"><ele>290.4</ele><time>2026-08-18T23:32:12.000Z</time><extensions><TT:RideData eng="77.5" air="35.1" spd="70.3" rpm="5549"/></extensions></trkpt>
      <trkpt lat="45.614180" lon="-121.556325"><ele>294.4</ele><time>2026-08-18T23:32:20.000Z</time><extensions><TT:RideData eng="77.6" air="34.6" spd="65.8" rpm="5212"/></extensions></trkpt>
      <trkpt lat="45.615501" lon="-121.556176"><ele>298.9</ele><time>2026-08-18T23:32:28.000Z</time><extensions><TT:RideData eng="77.8" air="34.4" spd="65.2" rpm="5230"/></extensions></trkpt>
      <trkpt lat="45.616801" lon="-121.556543"><ele>304.2</ele><time>2026-08-18T23:32:36.000Z</time><extensions><TT:RideData eng="78.2" air="34.3" spd="69.9" rpm="5524"/></extensions></trkpt>
      <trkpt lat="45.618175" lon="-121.556793"><ele>310.1</ele><time>2026-08-18T23:32:44.000Z</time><extensions><TT:RideData eng="78.4" air="34.5" spd="67.6" rpm="5409"/></extensions></trkpt>
      <trkpt lat="45.619553" lon="-121.556773"><ele>309.3</ele><time>2026-08-18T23:32:52.000Z</time><extensions><TT:RideData eng="78.4" air="34.2" spd="64.8" rpm="5039"/></extensions></trkpt>
      <trkpt lat="45.620806" lon="-121.556821"><ele>305.5</ele><time>2026-08-18T23:33:00.000Z</time><extensions><TT:RideData eng="78.0" air="33.9" spd="56.5" rpm="4439"/></extensions></trkpt>
      <trkpt lat="45.621831" lon="-121.556146"><ele>304.5</ele><time>2026-08-18T23:33:08.000Z</time><extensions><TT:RideData eng="77.9" air="33.9" spd="60.8" rpm="4803"/></extensions></trkpt>
      <trkpt lat="45.622654" lon="-121.554945"><ele>302.8</ele><time>2026-08-18T23:33:16.000Z</time><extensions><TT:RideData eng="78.0" air="33.8" spd="48.7" rpm="3798"/></extensions></trkpt>
      <trkpt lat="45.623246" lon="-121.553893"><ele>294.2</ele><time>2026-08-18T23:33:24.000Z</time><extensions><TT:RideData eng="77.7" air="33.9" spd="56.2" rpm="4386"/></extensions></trkpt>
      <trkpt lat="45.624416" lon="-121.554316"><ele>285.2</ele><time>2026-08-18T23:33:32.000Z</time><extensions><TT:RideData eng="77.0" air="33.9" spd="58.5" rpm="4378"/></extensions></trkpt>
      <trkpt lat="45.625371" lon="-121.554995"><ele>274.7</ele><time>2026-08-18T23:33:40.000Z</time><extensions><TT:RideData eng="76.3" air="33.9" spd="57.0" rpm="4465"/></extensions></trkpt>
      <trkpt lat="45.626635" lon="-121.555094"><ele>259.1</ele><time>2026-08-18T23:33:48.000Z</time><extensions><TT:RideData eng="75.8" air="34.4" spd="68.0" rpm="5057"/></extensions></trkpt>
      <trkpt lat="45.627941" lon="-121.555130"><ele>247.1</ele><time>2026-08-18T23:33:56.000Z</time><extensions><TT:RideData eng="75.5" air="34.6" spd="58.0" rpm="4486"/></extensions></trkpt>
      <trkpt lat="45.629038" lon="-121.555138"><ele>237.8</ele><time>2026-08-18T23:34:04.000Z</time><extensions><TT:RideData eng="75.3" air="34.8" spd="25.6" rpm="2091"/></extensions></trkpt>
      <trkpt lat="45.629233" lon="-121.555179"><ele>232.2</ele><time>2026-08-18T23:34:12.000Z</time><extensions><TT:RideData eng="75.8" air="34.9" spd="8.0" rpm="2731"/></extensions></trkpt>
      <trkpt lat="45.629198" lon="-121.555241"><ele>228.1</ele><time>2026-08-18T23:35:59.000Z</time><extensions><TT:RideData eng="86.1" air="35.7" spd="0.0" rpm="2084"/></extensions></trkpt>
      <trkpt lat="45.629225" lon="-121.555193"><ele>228.4</ele><time>2026-08-18T23:36:07.000Z</time><extensions><TT:RideData eng="80.7" air="35.7" spd="16.7" rpm="4534"/></extensions></trkpt>
      <trkpt lat="45.629950" lon="-121.555190"><ele>229.9</ele><time>2026-08-18T23:36:15.000Z</time><extensions><TT:RideData eng="80.1" air="35.7" spd="52.8" rpm="5735"/></extensions></trkpt>
      <trkpt lat="45.631103" lon="-121.555173"><ele>229.5</ele><time>2026-08-18T23:36:23.000Z</time><extensions><TT:RideData eng="80.0" air="35.7" spd="54.3" rpm="4072"/></extensions></trkpt>
      <trkpt lat="45.631975" lon="-121.555166"><ele>228.2</ele><time>2026-08-18T23:36:31.000Z</time><extensions><TT:RideData eng="79.3" air="35.4" spd="25.1" rpm="3361"/></extensions></trkpt>
      <trkpt lat="45.632763" lon="-121.555143"><ele>226.5</ele><time>2026-08-18T23:36:39.000Z</time><extensions><TT:RideData eng="79.2" air="35.3" spd="57.9" rpm="5317"/></extensions></trkpt>
      <trkpt lat="45.633961" lon="-121.555166"><ele>226.0</ele><time>2026-08-18T23:36:47.000Z</time><extensions><TT:RideData eng="79.1" air="35.3" spd="54.5" rpm="4819"/></extensions></trkpt>
      <trkpt lat="45.634988" lon="-121.555163"><ele>223.2</ele><time>2026-08-18T23:36:55.000Z</time><extensions><TT:RideData eng="79.0" air="35.5" spd="32.0" rpm="2155"/></extensions></trkpt>
      <trkpt lat="45.635416" lon="-121.555178"><ele>224.3</ele><time>2026-08-18T23:37:03.000Z</time><extensions><TT:RideData eng="79.4" air="35.5" spd="16.1" rpm="4381"/></extensions></trkpt>
      <trkpt lat="45.636171" lon="-121.555206"><ele>223.3</ele><time>2026-08-18T23:37:11.000Z</time><extensions><TT:RideData eng="80.1" air="35.4" spd="30.3" rpm="3035"/></extensions></trkpt>
      <trkpt lat="45.636414" lon="-121.555643"><ele>222.2</ele><time>2026-08-18T23:37:19.000Z</time><extensions><TT:RideData eng="80.7" air="35.5" spd="20.8" rpm="3428"/></extensions></trkpt>
      <trkpt lat="45.636368" lon="-121.556185"><ele>222.2</ele><time>2026-08-18T23:37:27.000Z</time><extensions><TT:RideData eng="81.6" air="36.0" spd="19.1" rpm="3541"/></extensions></trkpt>
      <trkpt lat="45.636236" lon="-121.556880"><ele>223.6</ele><time>2026-08-18T23:37:35.000Z</time><extensions><TT:RideData eng="82.9" air="36.4" spd="19.6" rpm="3248"/></extensions></trkpt>
      <trkpt lat="45.636261" lon="-121.557323"><ele>225.1</ele><time>2026-08-18T23:37:43.000Z</time><extensions><TT:RideData eng="84.0" air="36.6" spd="8.9" rpm="2073"/></extensions></trkpt>
      <trkpt lat="45.636365" lon="-121.557388"><ele>225.8</ele><time>2026-08-18T23:37:51.000Z</time><extensions><TT:RideData eng="85.1" air="36.7" spd="4.2" rpm="2018"/></extensions></trkpt>
      <trkpt lat="45.636410" lon="-121.557385"><ele>226.4</ele><time>2026-08-18T23:37:59.000Z</time><extensions><TT:RideData eng="86.1" air="36.6" spd="0.0" rpm="1981"/></extensions></trkpt>
      <trkpt lat="45.636414" lon="-121.557381"><ele>226.2</ele><time>2026-08-18T23:38:51.000Z</time><extensions><TT:RideData eng="87.6" air="36.8" spd="0.0" rpm="1537"/></extensions></trkpt>
      <trkpt lat="45.636475" lon="-121.557366"><ele>227.0</ele><time>2026-08-18T23:38:59.000Z</time><extensions><TT:RideData eng="87.5" air="36.8" spd="11.7" rpm="2416"/></extensions></trkpt>
      <trkpt lat="45.636698" lon="-121.557241"><ele>229.1</ele><time>2026-08-18T23:39:07.000Z</time><extensions><TT:RideData eng="87.8" air="36.7" spd="8.2" rpm="2038"/></extensions></trkpt>
      <trkpt lat="45.636753" lon="-121.557350"><ele>239.1</ele><time>2026-08-18T23:47:33.000Z</time><extensions><TT:RideData eng="78.6" air="36.9" spd="11.9" rpm="3116"/></extensions></trkpt>
      <trkpt lat="45.636370" lon="-121.557476"><ele>228.8</ele><time>2026-08-18T23:47:42.000Z</time><extensions><TT:RideData eng="78.0" air="36.9" spd="18.8" rpm="2966"/></extensions></trkpt>
      <trkpt lat="45.636161" lon="-121.557786"><ele>224.7</ele><time>2026-08-18T23:47:50.000Z</time><extensions><TT:RideData eng="78.6" air="36.8" spd="8.5" rpm="1957"/></extensions></trkpt>
      <trkpt lat="45.636079" lon="-121.557748"><ele>222.1</ele><time>2026-08-18T23:54:34.000Z</time><extensions><TT:RideData eng="72.9" air="36.2" spd="5.6" rpm="0"/></extensions></trkpt>
  </trkseg></trk>
</gpx>
